filepath,label,language,speaker,source,tool,condition,split,score
${DATA_ROOT}/clips/111627_bYPRSx2sjXooUdv8_0000.wav,bonafide,hi-en,111627,mucs2021,none,channel_g711_20db,eval,0.9969182014465332
${DATA_ROOT}/clips/111627_bYPRSx2sjXooUdv8_0001.wav,bonafide,hi-en,111627,mucs2021,none,channel_g711_20db,eval,0.9971871972084045
${DATA_ROOT}/clips/111627_bYPRSx2sjXooUdv8_0002.wav,bonafide,hi-en,111627,mucs2021,none,channel_g711_20db,eval,0.9974849224090576
${DATA_ROOT}/clips/111627_bYPRSx2sjXooUdv8_0003.wav,bonafide,hi-en,111627,mucs2021,none,channel_g711_20db,eval,0.9972484707832336
${DATA_ROOT}/clips/111627_bYPRSx2sjXooUdv8_0004.wav,bonafide,hi-en,111627,mucs2021,none,channel_g711_20db,eval,0.9971038699150085
${DATA_ROOT}/clips/111627_bYPRSx2sjXooUdv8_0005.wav,bonafide,hi-en,111627,mucs2021,none,channel_g711_20db,eval,0.9972932934761047
${DATA_ROOT}/clips/111627_bYPRSx2sjXooUdv8_0006.wav,bonafide,hi-en,111627,mucs2021,none,channel_g711_20db,eval,0.9972140192985535
${DATA_ROOT}/clips/111627_bYPRSx2sjXooUdv8_0007.wav,bonafide,hi-en,111627,mucs2021,none,channel_g711_20db,eval,0.997370719909668
${DATA_ROOT}/clips/111627_bYPRSx2sjXooUdv8_0008.wav,bonafide,hi-en,111627,mucs2021,none,channel_g711_20db,eval,0.9971811771392822
${DATA_ROOT}/clips/111627_bYPRSx2sjXooUdv8_0009.wav,bonafide,hi-en,111627,mucs2021,none,channel_g711_20db,eval,0.9196021556854248
${DATA_ROOT}/clips/111627_bYPRSx2sjXooUdv8_0010.wav,bonafide,hi-en,111627,mucs2021,none,channel_g711_20db,eval,0.9970646500587463
${DATA_ROOT}/clips/111627_bYPRSx2sjXooUdv8_0011.wav,bonafide,hi-en,111627,mucs2021,none,channel_g711_20db,eval,0.9974225759506226
${DATA_ROOT}/clips/111627_bYPRSx2sjXooUdv8_0012.wav,bonafide,hi-en,111627,mucs2021,none,channel_g711_20db,eval,0.9971705079078674
${DATA_ROOT}/clips/111627_bYPRSx2sjXooUdv8_0013.wav,bonafide,hi-en,111627,mucs2021,none,channel_g711_20db,eval,0.9971017241477966
${DATA_ROOT}/clips/111627_bYPRSx2sjXooUdv8_0014.wav,bonafide,hi-en,111627,mucs2021,none,channel_g711_20db,eval,0.9961732029914856
${DATA_ROOT}/clips/111627_bYPRSx2sjXooUdv8_0015.wav,bonafide,hi-en,111627,mucs2021,none,channel_g711_20db,eval,0.9970554113388062
${DATA_ROOT}/clips/111627_bYPRSx2sjXooUdv8_0016.wav,bonafide,hi-en,111627,mucs2021,none,channel_g711_20db,eval,0.99700528383255
${DATA_ROOT}/clips/111627_bYPRSx2sjXooUdv8_0017.wav,bonafide,hi-en,111627,mucs2021,none,channel_g711_20db,eval,0.9970107078552246
${DATA_ROOT}/clips/111627_bYPRSx2sjXooUdv8_0018.wav,bonafide,hi-en,111627,mucs2021,none,channel_g711_20db,eval,0.9971705079078674
${DATA_ROOT}/clips/111627_bYPRSx2sjXooUdv8_0019.wav,bonafide,hi-en,111627,mucs2021,none,channel_g711_20db,eval,0.9969121217727661
${DATA_ROOT}/clips/111627_bYPRSx2sjXooUdv8_0020.wav,bonafide,hi-en,111627,mucs2021,none,channel_g711_20db,eval,0.9974036812782288
${DATA_ROOT}/clips/111627_bYPRSx2sjXooUdv8_0021.wav,bonafide,hi-en,111627,mucs2021,none,channel_g711_20db,eval,0.9971330165863037
${DATA_ROOT}/clips/111627_bYPRSx2sjXooUdv8_0022.wav,bonafide,hi-en,111627,mucs2021,none,channel_g711_20db,eval,0.9966664910316467
${DATA_ROOT}/clips/111627_bYPRSx2sjXooUdv8_0023.wav,bonafide,hi-en,111627,mucs2021,none,channel_g711_20db,eval,0.9973583817481995
${DATA_ROOT}/clips/111627_bYPRSx2sjXooUdv8_0024.wav,bonafide,hi-en,111627,mucs2021,none,channel_g711_20db,eval,0.9974835515022278
${DATA_ROOT}/clips/111627_bYPRSx2sjXooUdv8_0025.wav,bonafide,hi-en,111627,mucs2021,none,channel_g711_20db,eval,0.9904837608337402
${DATA_ROOT}/clips/111627_bYPRSx2sjXooUdv8_0026.wav,bonafide,hi-en,111627,mucs2021,none,channel_g711_20db,eval,0.9973270893096924
${DATA_ROOT}/clips/111627_bYPRSx2sjXooUdv8_0027.wav,bonafide,hi-en,111627,mucs2021,none,channel_g711_20db,eval,0.9971228241920471
${DATA_ROOT}/clips/111627_bYPRSx2sjXooUdv8_0028.wav,bonafide,hi-en,111627,mucs2021,none,channel_g711_20db,eval,0.9967814683914185
${DATA_ROOT}/clips/111627_bYPRSx2sjXooUdv8_0029.wav,bonafide,hi-en,111627,mucs2021,none,channel_g711_20db,eval,0.9971410036087036
${DATA_ROOT}/clips/111627_bYPRSx2sjXooUdv8_0030.wav,bonafide,hi-en,111627,mucs2021,none,channel_g711_20db,eval,0.8780127763748169
${DATA_ROOT}/clips/111627_bYPRSx2sjXooUdv8_0031.wav,bonafide,hi-en,111627,mucs2021,none,channel_g711_20db,eval,0.9973222613334656
${DATA_ROOT}/clips/111627_bYPRSx2sjXooUdv8_0032.wav,bonafide,hi-en,111627,mucs2021,none,channel_g711_20db,eval,0.9965811371803284
${DATA_ROOT}/clips/111627_bYPRSx2sjXooUdv8_0033.wav,bonafide,hi-en,111627,mucs2021,none,channel_g711_20db,eval,0.9961701035499573
${DATA_ROOT}/clips/111627_bYPRSx2sjXooUdv8_0034.wav,bonafide,hi-en,111627,mucs2021,none,channel_g711_20db,eval,0.9973722696304321
${DATA_ROOT}/clips/111627_bYPRSx2sjXooUdv8_0035.wav,bonafide,hi-en,111627,mucs2021,none,channel_g711_20db,eval,0.9973498582839966
${DATA_ROOT}/clips/111627_bYPRSx2sjXooUdv8_0036.wav,bonafide,hi-en,111627,mucs2021,none,channel_g711_20db,eval,0.99692302942276
${DATA_ROOT}/clips/111627_bYPRSx2sjXooUdv8_0037.wav,bonafide,hi-en,111627,mucs2021,none,channel_g711_20db,eval,0.9960373044013977
${DATA_ROOT}/clips/111627_bYPRSx2sjXooUdv8_0038.wav,bonafide,hi-en,111627,mucs2021,none,channel_g711_20db,eval,0.9972019195556641
${DATA_ROOT}/clips/111627_bYPRSx2sjXooUdv8_0039.wav,bonafide,hi-en,111627,mucs2021,none,channel_g711_20db,eval,0.9972242116928101
${DATA_ROOT}/clips/111627_bYPRSx2sjXooUdv8_0040.wav,bonafide,hi-en,111627,mucs2021,none,channel_g711_20db,eval,0.9971439242362976
${DATA_ROOT}/clips/111627_bYPRSx2sjXooUdv8_0041.wav,bonafide,hi-en,111627,mucs2021,none,channel_g711_20db,eval,0.9971057772636414
${DATA_ROOT}/clips/111627_bYPRSx2sjXooUdv8_0042.wav,bonafide,hi-en,111627,mucs2021,none,channel_g711_20db,eval,0.9959122538566589
${DATA_ROOT}/clips/111627_bYPRSx2sjXooUdv8_0043.wav,bonafide,hi-en,111627,mucs2021,none,channel_g711_20db,eval,0.997061550617218
${DATA_ROOT}/clips/111627_bYPRSx2sjXooUdv8_0044.wav,bonafide,hi-en,111627,mucs2021,none,channel_g711_20db,eval,0.9975242018699646
${DATA_ROOT}/clips/111627_bYPRSx2sjXooUdv8_0045.wav,bonafide,hi-en,111627,mucs2021,none,channel_g711_20db,eval,0.99747234582901
${DATA_ROOT}/clips/111627_bYPRSx2sjXooUdv8_0046.wav,bonafide,hi-en,111627,mucs2021,none,channel_g711_20db,eval,0.9970882534980774
${DATA_ROOT}/clips/111627_bYPRSx2sjXooUdv8_0047.wav,bonafide,hi-en,111627,mucs2021,none,channel_g711_20db,eval,0.9973698854446411
${DATA_ROOT}/clips/111627_bYPRSx2sjXooUdv8_0048.wav,bonafide,hi-en,111627,mucs2021,none,channel_g711_20db,eval,0.9971422553062439
${DATA_ROOT}/clips/111627_bYPRSx2sjXooUdv8_0049.wav,bonafide,hi-en,111627,mucs2021,none,channel_g711_20db,eval,0.9974682331085205
${DATA_ROOT}/clips/111627_bYPRSx2sjXooUdv8_0050.wav,bonafide,hi-en,111627,mucs2021,none,channel_g711_20db,eval,0.9972317814826965
${DATA_ROOT}/clips/111627_bYPRSx2sjXooUdv8_0051.wav,bonafide,hi-en,111627,mucs2021,none,channel_g711_20db,eval,0.9971035122871399
${DATA_ROOT}/clips/111627_bYPRSx2sjXooUdv8_0052.wav,bonafide,hi-en,111627,mucs2021,none,channel_g711_20db,eval,0.997028648853302
${DATA_ROOT}/clips/111627_bYPRSx2sjXooUdv8_0053.wav,bonafide,hi-en,111627,mucs2021,none,channel_g711_20db,eval,0.9971515536308289
${DATA_ROOT}/clips/111627_bYPRSx2sjXooUdv8_0054.wav,bonafide,hi-en,111627,mucs2021,none,channel_g711_20db,eval,0.9971062541007996
${DATA_ROOT}/clips/111627_bYPRSx2sjXooUdv8_0055.wav,bonafide,hi-en,111627,mucs2021,none,channel_g711_20db,eval,0.9967231154441833
${DATA_ROOT}/clips/111627_bYPRSx2sjXooUdv8_0056.wav,bonafide,hi-en,111627,mucs2021,none,channel_g711_20db,eval,0.9971477389335632
${DATA_ROOT}/clips/111627_bYPRSx2sjXooUdv8_0057.wav,bonafide,hi-en,111627,mucs2021,none,channel_g711_20db,eval,0.9969809651374817
${DATA_ROOT}/clips/111627_bYPRSx2sjXooUdv8_0058.wav,bonafide,hi-en,111627,mucs2021,none,channel_g711_20db,eval,0.9973428845405579
${DATA_ROOT}/clips/111627_bYPRSx2sjXooUdv8_0059.wav,bonafide,hi-en,111627,mucs2021,none,channel_g711_20db,eval,0.9971622824668884
${DATA_ROOT}/clips/111627_bYPRSx2sjXooUdv8_0060.wav,bonafide,hi-en,111627,mucs2021,none,channel_g711_20db,eval,0.9968385696411133
${DATA_ROOT}/clips/111627_bYPRSx2sjXooUdv8_0061.wav,bonafide,hi-en,111627,mucs2021,none,channel_g711_20db,eval,0.9972386360168457
${DATA_ROOT}/clips/111627_bYPRSx2sjXooUdv8_0062.wav,bonafide,hi-en,111627,mucs2021,none,channel_g711_20db,eval,0.9969276785850525
${DATA_ROOT}/clips/111627_bYPRSx2sjXooUdv8_0063.wav,bonafide,hi-en,111627,mucs2021,none,channel_g711_20db,eval,0.9971518516540527
${DATA_ROOT}/clips/111627_bYPRSx2sjXooUdv8_0064.wav,bonafide,hi-en,111627,mucs2021,none,channel_g711_20db,eval,0.997334361076355
${DATA_ROOT}/clips/111627_bYPRSx2sjXooUdv8_0065.wav,bonafide,hi-en,111627,mucs2021,none,channel_g711_20db,eval,0.9974642992019653
${DATA_ROOT}/clips/111627_bYPRSx2sjXooUdv8_0066.wav,bonafide,hi-en,111627,mucs2021,none,channel_g711_20db,eval,0.9969450831413269
${DATA_ROOT}/clips/111627_bYPRSx2sjXooUdv8_0067.wav,bonafide,hi-en,111627,mucs2021,none,channel_g711_20db,eval,0.9956420660018921
${DATA_ROOT}/clips/111627_bYPRSx2sjXooUdv8_0068.wav,bonafide,hi-en,111627,mucs2021,none,channel_g711_20db,eval,0.9975416660308838
${DATA_ROOT}/clips/111627_bYPRSx2sjXooUdv8_0069.wav,bonafide,hi-en,111627,mucs2021,none,channel_g711_20db,eval,0.996823787689209
${DATA_ROOT}/clips/111627_bYPRSx2sjXooUdv8_0070.wav,bonafide,hi-en,111627,mucs2021,none,channel_g711_20db,eval,0.9971809387207031
${DATA_ROOT}/clips/111627_bYPRSx2sjXooUdv8_0071.wav,bonafide,hi-en,111627,mucs2021,none,channel_g711_20db,eval,0.9971188306808472
${DATA_ROOT}/clips/111627_bYPRSx2sjXooUdv8_0072.wav,bonafide,hi-en,111627,mucs2021,none,channel_g711_20db,eval,0.9971399307250977
${DATA_ROOT}/clips/111627_bYPRSx2sjXooUdv8_0073.wav,bonafide,hi-en,111627,mucs2021,none,channel_g711_20db,eval,0.9974197149276733
${DATA_ROOT}/clips/111627_bYPRSx2sjXooUdv8_0074.wav,bonafide,hi-en,111627,mucs2021,none,channel_g711_20db,eval,0.9973524808883667
${DATA_ROOT}/clips/111627_bYPRSx2sjXooUdv8_0075.wav,bonafide,hi-en,111627,mucs2021,none,channel_g711_20db,eval,0.9972243309020996
${DATA_ROOT}/clips/111627_bYPRSx2sjXooUdv8_0076.wav,bonafide,hi-en,111627,mucs2021,none,channel_g711_20db,eval,0.9975746273994446
${DATA_ROOT}/clips/111627_bYPRSx2sjXooUdv8_0077.wav,bonafide,hi-en,111627,mucs2021,none,channel_g711_20db,eval,0.9973837733268738
${DATA_ROOT}/clips/111627_bYPRSx2sjXooUdv8_0078.wav,bonafide,hi-en,111627,mucs2021,none,channel_g711_20db,eval,0.9975602626800537
${DATA_ROOT}/clips/111627_bYPRSx2sjXooUdv8_0079.wav,bonafide,hi-en,111627,mucs2021,none,channel_g711_20db,eval,0.9972214698791504
${DATA_ROOT}/clips/111627_bYPRSx2sjXooUdv8_0080.wav,bonafide,hi-en,111627,mucs2021,none,channel_g711_20db,eval,0.9973704814910889
${DATA_ROOT}/clips/111627_bYPRSx2sjXooUdv8_0081.wav,bonafide,hi-en,111627,mucs2021,none,channel_g711_20db,eval,0.997014045715332
${DATA_ROOT}/clips/111627_bYPRSx2sjXooUdv8_0082.wav,bonafide,hi-en,111627,mucs2021,none,channel_g711_20db,eval,0.9973852038383484
${DATA_ROOT}/clips/111627_bYPRSx2sjXooUdv8_0083.wav,bonafide,hi-en,111627,mucs2021,none,channel_g711_20db,eval,0.997166097164154
${DATA_ROOT}/clips/111627_bYPRSx2sjXooUdv8_0084.wav,bonafide,hi-en,111627,mucs2021,none,channel_g711_20db,eval,0.9957854151725769
${DATA_ROOT}/clips/111627_bYPRSx2sjXooUdv8_0085.wav,bonafide,hi-en,111627,mucs2021,none,channel_g711_20db,eval,0.9974035620689392
${DATA_ROOT}/clips/111627_bYPRSx2sjXooUdv8_0086.wav,bonafide,hi-en,111627,mucs2021,none,channel_g711_20db,eval,0.9975685477256775
${DATA_ROOT}/clips/111627_bYPRSx2sjXooUdv8_0087.wav,bonafide,hi-en,111627,mucs2021,none,channel_g711_20db,eval,0.9969956874847412
${DATA_ROOT}/clips/111627_bYPRSx2sjXooUdv8_0088.wav,bonafide,hi-en,111627,mucs2021,none,channel_g711_20db,eval,0.9976110458374023
${DATA_ROOT}/clips/111627_bYPRSx2sjXooUdv8_0089.wav,bonafide,hi-en,111627,mucs2021,none,channel_g711_20db,eval,0.997205913066864
${DATA_ROOT}/clips/111627_bYPRSx2sjXooUdv8_0090.wav,bonafide,hi-en,111627,mucs2021,none,channel_g711_20db,eval,0.9972357153892517
${DATA_ROOT}/clips/111627_bYPRSx2sjXooUdv8_0091.wav,bonafide,hi-en,111627,mucs2021,none,channel_g711_20db,eval,0.9973824620246887
${DATA_ROOT}/clips/111627_bYPRSx2sjXooUdv8_0092.wav,bonafide,hi-en,111627,mucs2021,none,channel_g711_20db,eval,0.9972836971282959
${DATA_ROOT}/clips/111627_bYPRSx2sjXooUdv8_0093.wav,bonafide,hi-en,111627,mucs2021,none,channel_g711_20db,eval,0.9973540306091309
${DATA_ROOT}/clips/111627_bYPRSx2sjXooUdv8_0094.wav,bonafide,hi-en,111627,mucs2021,none,channel_g711_20db,eval,0.9971154928207397
${DATA_ROOT}/clips/111627_bYPRSx2sjXooUdv8_0095.wav,bonafide,hi-en,111627,mucs2021,none,channel_g711_20db,eval,0.9973576664924622
${DATA_ROOT}/clips/111627_bYPRSx2sjXooUdv8_0096.wav,bonafide,hi-en,111627,mucs2021,none,channel_g711_20db,eval,0.9973522424697876
${DATA_ROOT}/clips/111627_bYPRSx2sjXooUdv8_0097.wav,bonafide,hi-en,111627,mucs2021,none,channel_g711_20db,eval,0.9953793287277222
${DATA_ROOT}/clips/111627_bYPRSx2sjXooUdv8_0098.wav,bonafide,hi-en,111627,mucs2021,none,channel_g711_20db,eval,0.9971398115158081
${DATA_ROOT}/clips/111627_bYPRSx2sjXooUdv8_0099.wav,bonafide,hi-en,111627,mucs2021,none,channel_g711_20db,eval,0.9975290894508362
${DATA_ROOT}/clips/111627_bYPRSx2sjXooUdv8_0100.wav,bonafide,hi-en,111627,mucs2021,none,channel_g711_20db,eval,0.997048556804657
${DATA_ROOT}/clips/111627_bYPRSx2sjXooUdv8_0101.wav,bonafide,hi-en,111627,mucs2021,none,channel_g711_20db,eval,0.9971299767494202
${DATA_ROOT}/clips/111627_bYPRSx2sjXooUdv8_0102.wav,bonafide,hi-en,111627,mucs2021,none,channel_g711_20db,eval,0.9970075488090515
${DATA_ROOT}/clips/111627_bYPRSx2sjXooUdv8_0103.wav,bonafide,hi-en,111627,mucs2021,none,channel_g711_20db,eval,0.9970515966415405
${DATA_ROOT}/clips/111627_bYPRSx2sjXooUdv8_0104.wav,bonafide,hi-en,111627,mucs2021,none,channel_g711_20db,eval,0.9975739121437073
${DATA_ROOT}/clips/111627_bYPRSx2sjXooUdv8_0105.wav,bonafide,hi-en,111627,mucs2021,none,channel_g711_20db,eval,0.9970332384109497
${DATA_ROOT}/clips/111627_bYPRSx2sjXooUdv8_0106.wav,bonafide,hi-en,111627,mucs2021,none,channel_g711_20db,eval,0.9974997639656067
${DATA_ROOT}/clips/111627_bYPRSx2sjXooUdv8_0107.wav,bonafide,hi-en,111627,mucs2021,none,channel_g711_20db,eval,0.9972361922264099
${DATA_ROOT}/clips/111627_bYPRSx2sjXooUdv8_0108.wav,bonafide,hi-en,111627,mucs2021,none,channel_g711_20db,eval,0.9973658919334412
${DATA_ROOT}/clips/111627_bYPRSx2sjXooUdv8_0109.wav,bonafide,hi-en,111627,mucs2021,none,channel_g711_20db,eval,0.9973785877227783
${DATA_ROOT}/clips/111627_bYPRSx2sjXooUdv8_0110.wav,bonafide,hi-en,111627,mucs2021,none,channel_g711_20db,eval,0.9970069527626038
${DATA_ROOT}/clips/111627_bYPRSx2sjXooUdv8_0111.wav,bonafide,hi-en,111627,mucs2021,none,channel_g711_20db,eval,0.9969661831855774
${DATA_ROOT}/clips/111627_bYPRSx2sjXooUdv8_0112.wav,bonafide,hi-en,111627,mucs2021,none,channel_g711_20db,eval,0.9974232912063599
${DATA_ROOT}/clips/111627_bYPRSx2sjXooUdv8_0113.wav,bonafide,hi-en,111627,mucs2021,none,channel_g711_20db,eval,0.9967027306556702
${DATA_ROOT}/clips/111627_bYPRSx2sjXooUdv8_0114.wav,bonafide,hi-en,111627,mucs2021,none,channel_g711_20db,eval,0.9969660639762878
${DATA_ROOT}/clips/111627_bYPRSx2sjXooUdv8_0115.wav,bonafide,hi-en,111627,mucs2021,none,channel_g711_20db,eval,0.997373104095459
${DATA_ROOT}/clips/111627_bYPRSx2sjXooUdv8_0116.wav,bonafide,hi-en,111627,mucs2021,none,channel_g711_20db,eval,0.006242868024855852
${DATA_ROOT}/clips/111627_bYPRSx2sjXooUdv8_0117.wav,bonafide,hi-en,111627,mucs2021,none,channel_g711_20db,eval,0.9971984624862671
${DATA_ROOT}/clips/111627_bYPRSx2sjXooUdv8_0118.wav,bonafide,hi-en,111627,mucs2021,none,channel_g711_20db,eval,0.9964213371276855
${DATA_ROOT}/clips/111627_bYPRSx2sjXooUdv8_0119.wav,bonafide,hi-en,111627,mucs2021,none,channel_g711_20db,eval,0.40253812074661255
${DATA_ROOT}/clips/111627_bYPRSx2sjXooUdv8_0120.wav,bonafide,hi-en,111627,mucs2021,none,channel_g711_20db,eval,0.99744713306427
${DATA_ROOT}/clips/111627_bYPRSx2sjXooUdv8_0121.wav,bonafide,hi-en,111627,mucs2021,none,channel_g711_20db,eval,0.9974048733711243
${DATA_ROOT}/clips/111627_bYPRSx2sjXooUdv8_0122.wav,bonafide,hi-en,111627,mucs2021,none,channel_g711_20db,eval,0.3756369948387146
${DATA_ROOT}/clips/111627_bYPRSx2sjXooUdv8_0123.wav,bonafide,hi-en,111627,mucs2021,none,channel_g711_20db,eval,0.9974244832992554
${DATA_ROOT}/clips/111627_bYPRSx2sjXooUdv8_0124.wav,bonafide,hi-en,111627,mucs2021,none,channel_g711_20db,eval,0.9967151880264282
${DATA_ROOT}/clips/111627_bYPRSx2sjXooUdv8_0125.wav,bonafide,hi-en,111627,mucs2021,none,channel_g711_20db,eval,0.9971721768379211
${DATA_ROOT}/clips/111627_bYPRSx2sjXooUdv8_0126.wav,bonafide,hi-en,111627,mucs2021,none,channel_g711_20db,eval,0.9973016977310181
${DATA_ROOT}/clips/121073_hhahrO4yUEy8GC5n_0000.wav,bonafide,hi-en,121073,mucs2021,none,channel_g711_20db,eval,0.997292697429657
${DATA_ROOT}/clips/121073_hhahrO4yUEy8GC5n_0001.wav,bonafide,hi-en,121073,mucs2021,none,channel_g711_20db,eval,0.9975394010543823
${DATA_ROOT}/clips/121073_hhahrO4yUEy8GC5n_0002.wav,bonafide,hi-en,121073,mucs2021,none,channel_g711_20db,eval,0.9971850514411926
${DATA_ROOT}/clips/121073_hhahrO4yUEy8GC5n_0003.wav,bonafide,hi-en,121073,mucs2021,none,channel_g711_20db,eval,0.9972597360610962
${DATA_ROOT}/clips/121073_hhahrO4yUEy8GC5n_0004.wav,bonafide,hi-en,121073,mucs2021,none,channel_g711_20db,eval,0.9971511960029602
${DATA_ROOT}/clips/121073_hhahrO4yUEy8GC5n_0005.wav,bonafide,hi-en,121073,mucs2021,none,channel_g711_20db,eval,0.9974352717399597
${DATA_ROOT}/clips/121073_hhahrO4yUEy8GC5n_0006.wav,bonafide,hi-en,121073,mucs2021,none,channel_g711_20db,eval,0.997312068939209
${DATA_ROOT}/clips/121073_hhahrO4yUEy8GC5n_0007.wav,bonafide,hi-en,121073,mucs2021,none,channel_g711_20db,eval,0.9972358345985413
${DATA_ROOT}/clips/121073_hhahrO4yUEy8GC5n_0008.wav,bonafide,hi-en,121073,mucs2021,none,channel_g711_20db,eval,0.9972741007804871
${DATA_ROOT}/clips/121073_hhahrO4yUEy8GC5n_0009.wav,bonafide,hi-en,121073,mucs2021,none,channel_g711_20db,eval,0.9973838925361633
${DATA_ROOT}/clips/121073_hhahrO4yUEy8GC5n_0010.wav,bonafide,hi-en,121073,mucs2021,none,channel_g711_20db,eval,0.9974013566970825
${DATA_ROOT}/clips/121073_hhahrO4yUEy8GC5n_0011.wav,bonafide,hi-en,121073,mucs2021,none,channel_g711_20db,eval,0.9970296621322632
${DATA_ROOT}/clips/121073_hhahrO4yUEy8GC5n_0012.wav,bonafide,hi-en,121073,mucs2021,none,channel_g711_20db,eval,0.9974753260612488
${DATA_ROOT}/clips/121073_hhahrO4yUEy8GC5n_0013.wav,bonafide,hi-en,121073,mucs2021,none,channel_g711_20db,eval,0.9970295429229736
${DATA_ROOT}/clips/121073_hhahrO4yUEy8GC5n_0014.wav,bonafide,hi-en,121073,mucs2021,none,channel_g711_20db,eval,0.9975651502609253
${DATA_ROOT}/clips/121073_hhahrO4yUEy8GC5n_0015.wav,bonafide,hi-en,121073,mucs2021,none,channel_g711_20db,eval,0.9974610805511475
${DATA_ROOT}/clips/121073_hhahrO4yUEy8GC5n_0016.wav,bonafide,hi-en,121073,mucs2021,none,channel_g711_20db,eval,0.99576735496521
${DATA_ROOT}/clips/121073_hhahrO4yUEy8GC5n_0017.wav,bonafide,hi-en,121073,mucs2021,none,channel_g711_20db,eval,0.9970746040344238
${DATA_ROOT}/clips/121073_hhahrO4yUEy8GC5n_0018.wav,bonafide,hi-en,121073,mucs2021,none,channel_g711_20db,eval,0.9976074695587158
${DATA_ROOT}/clips/121073_hhahrO4yUEy8GC5n_0019.wav,bonafide,hi-en,121073,mucs2021,none,channel_g711_20db,eval,0.9971134662628174
${DATA_ROOT}/clips/121073_hhahrO4yUEy8GC5n_0020.wav,bonafide,hi-en,121073,mucs2021,none,channel_g711_20db,eval,0.996977686882019
${DATA_ROOT}/clips/121073_hhahrO4yUEy8GC5n_0021.wav,bonafide,hi-en,121073,mucs2021,none,channel_g711_20db,eval,0.9971579313278198
${DATA_ROOT}/clips/121073_hhahrO4yUEy8GC5n_0022.wav,bonafide,hi-en,121073,mucs2021,none,channel_g711_20db,eval,0.9974117875099182
${DATA_ROOT}/clips/121073_hhahrO4yUEy8GC5n_0023.wav,bonafide,hi-en,121073,mucs2021,none,channel_g711_20db,eval,0.9696499109268188
${DATA_ROOT}/clips/121073_hhahrO4yUEy8GC5n_0024.wav,bonafide,hi-en,121073,mucs2021,none,channel_g711_20db,eval,0.996295154094696
${DATA_ROOT}/clips/121073_hhahrO4yUEy8GC5n_0025.wav,bonafide,hi-en,121073,mucs2021,none,channel_g711_20db,eval,0.9972838163375854
${DATA_ROOT}/clips/121073_hhahrO4yUEy8GC5n_0026.wav,bonafide,hi-en,121073,mucs2021,none,channel_g711_20db,eval,0.9970635771751404
${DATA_ROOT}/clips/121073_hhahrO4yUEy8GC5n_0027.wav,bonafide,hi-en,121073,mucs2021,none,channel_g711_20db,eval,0.9971152544021606
${DATA_ROOT}/clips/121073_hhahrO4yUEy8GC5n_0028.wav,bonafide,hi-en,121073,mucs2021,none,channel_g711_20db,eval,0.9970819354057312
${DATA_ROOT}/clips/121073_hhahrO4yUEy8GC5n_0029.wav,bonafide,hi-en,121073,mucs2021,none,channel_g711_20db,eval,0.9969562292098999
${DATA_ROOT}/clips/121073_hhahrO4yUEy8GC5n_0030.wav,bonafide,hi-en,121073,mucs2021,none,channel_g711_20db,eval,0.997081458568573
${DATA_ROOT}/clips/121073_hhahrO4yUEy8GC5n_0031.wav,bonafide,hi-en,121073,mucs2021,none,channel_g711_20db,eval,0.9973558187484741
${DATA_ROOT}/clips/121073_hhahrO4yUEy8GC5n_0032.wav,bonafide,hi-en,121073,mucs2021,none,channel_g711_20db,eval,0.9974073767662048
${DATA_ROOT}/clips/121073_hhahrO4yUEy8GC5n_0033.wav,bonafide,hi-en,121073,mucs2021,none,channel_g711_20db,eval,0.996863842010498
${DATA_ROOT}/clips/121073_hhahrO4yUEy8GC5n_0034.wav,bonafide,hi-en,121073,mucs2021,none,channel_g711_20db,eval,0.9974179267883301
${DATA_ROOT}/clips/121073_hhahrO4yUEy8GC5n_0035.wav,bonafide,hi-en,121073,mucs2021,none,channel_g711_20db,eval,0.9973956346511841
${DATA_ROOT}/clips/121073_hhahrO4yUEy8GC5n_0036.wav,bonafide,hi-en,121073,mucs2021,none,channel_g711_20db,eval,0.9972867965698242
${DATA_ROOT}/clips/121073_hhahrO4yUEy8GC5n_0037.wav,bonafide,hi-en,121073,mucs2021,none,channel_g711_20db,eval,0.9972635507583618
${DATA_ROOT}/clips/121073_hhahrO4yUEy8GC5n_0038.wav,bonafide,hi-en,121073,mucs2021,none,channel_g711_20db,eval,0.9975417852401733
${DATA_ROOT}/clips/121073_hhahrO4yUEy8GC5n_0039.wav,bonafide,hi-en,121073,mucs2021,none,channel_g711_20db,eval,0.9970456957817078
${DATA_ROOT}/clips/121073_hhahrO4yUEy8GC5n_0040.wav,bonafide,hi-en,121073,mucs2021,none,channel_g711_20db,eval,0.9973294734954834
${DATA_ROOT}/clips/121073_hhahrO4yUEy8GC5n_0041.wav,bonafide,hi-en,121073,mucs2021,none,channel_g711_20db,eval,0.9970117807388306
${DATA_ROOT}/clips/121073_hhahrO4yUEy8GC5n_0042.wav,bonafide,hi-en,121073,mucs2021,none,channel_g711_20db,eval,0.9973733425140381
${DATA_ROOT}/clips/121073_hhahrO4yUEy8GC5n_0043.wav,bonafide,hi-en,121073,mucs2021,none,channel_g711_20db,eval,0.9970867037773132
${DATA_ROOT}/clips/121073_hhahrO4yUEy8GC5n_0044.wav,bonafide,hi-en,121073,mucs2021,none,channel_g711_20db,eval,0.9973867535591125
${DATA_ROOT}/clips/121073_hhahrO4yUEy8GC5n_0045.wav,bonafide,hi-en,121073,mucs2021,none,channel_g711_20db,eval,0.9969780445098877
${DATA_ROOT}/clips/121073_hhahrO4yUEy8GC5n_0046.wav,bonafide,hi-en,121073,mucs2021,none,channel_g711_20db,eval,0.9972624778747559
${DATA_ROOT}/clips/121073_hhahrO4yUEy8GC5n_0047.wav,bonafide,hi-en,121073,mucs2021,none,channel_g711_20db,eval,0.9966793060302734
${DATA_ROOT}/clips/121073_hhahrO4yUEy8GC5n_0048.wav,bonafide,hi-en,121073,mucs2021,none,channel_g711_20db,eval,0.9973681569099426
${DATA_ROOT}/clips/121073_hhahrO4yUEy8GC5n_0049.wav,bonafide,hi-en,121073,mucs2021,none,channel_g711_20db,eval,0.9973081350326538
${DATA_ROOT}/clips/121073_hhahrO4yUEy8GC5n_0050.wav,bonafide,hi-en,121073,mucs2021,none,channel_g711_20db,eval,0.9973055124282837
${DATA_ROOT}/clips/121073_hhahrO4yUEy8GC5n_0051.wav,bonafide,hi-en,121073,mucs2021,none,channel_g711_20db,eval,0.9973614811897278
${DATA_ROOT}/clips/121073_hhahrO4yUEy8GC5n_0052.wav,bonafide,hi-en,121073,mucs2021,none,channel_g711_20db,eval,0.9970532655715942
${DATA_ROOT}/clips/121073_hhahrO4yUEy8GC5n_0053.wav,bonafide,hi-en,121073,mucs2021,none,channel_g711_20db,eval,0.9972081780433655
${DATA_ROOT}/clips/121073_hhahrO4yUEy8GC5n_0054.wav,bonafide,hi-en,121073,mucs2021,none,channel_g711_20db,eval,0.997253954410553
${DATA_ROOT}/clips/121073_hhahrO4yUEy8GC5n_0055.wav,bonafide,hi-en,121073,mucs2021,none,channel_g711_20db,eval,0.9973663687705994
${DATA_ROOT}/clips/121073_hhahrO4yUEy8GC5n_0056.wav,bonafide,hi-en,121073,mucs2021,none,channel_g711_20db,eval,0.9971158504486084
${DATA_ROOT}/clips/121073_hhahrO4yUEy8GC5n_0057.wav,bonafide,hi-en,121073,mucs2021,none,channel_g711_20db,eval,0.997443675994873
${DATA_ROOT}/clips/121073_hhahrO4yUEy8GC5n_0058.wav,bonafide,hi-en,121073,mucs2021,none,channel_g711_20db,eval,0.9971906542778015
${DATA_ROOT}/clips/121073_hhahrO4yUEy8GC5n_0059.wav,bonafide,hi-en,121073,mucs2021,none,channel_g711_20db,eval,0.9971815347671509
${DATA_ROOT}/clips/121073_hhahrO4yUEy8GC5n_0060.wav,bonafide,hi-en,121073,mucs2021,none,channel_g711_20db,eval,0.996333122253418
${DATA_ROOT}/clips/121073_hhahrO4yUEy8GC5n_0061.wav,bonafide,hi-en,121073,mucs2021,none,channel_g711_20db,eval,0.9970535039901733
${DATA_ROOT}/clips/121073_hhahrO4yUEy8GC5n_0062.wav,bonafide,hi-en,121073,mucs2021,none,channel_g711_20db,eval,0.9971728324890137
${DATA_ROOT}/clips/121073_hhahrO4yUEy8GC5n_0063.wav,bonafide,hi-en,121073,mucs2021,none,channel_g711_20db,eval,0.9972410202026367
${DATA_ROOT}/clips/121073_hhahrO4yUEy8GC5n_0064.wav,bonafide,hi-en,121073,mucs2021,none,channel_g711_20db,eval,0.9971246123313904
${DATA_ROOT}/clips/121073_hhahrO4yUEy8GC5n_0065.wav,bonafide,hi-en,121073,mucs2021,none,channel_g711_20db,eval,0.9972496628761292
${DATA_ROOT}/clips/121073_hhahrO4yUEy8GC5n_0066.wav,bonafide,hi-en,121073,mucs2021,none,channel_g711_20db,eval,0.9972725510597229
${DATA_ROOT}/clips/121073_hhahrO4yUEy8GC5n_0067.wav,bonafide,hi-en,121073,mucs2021,none,channel_g711_20db,eval,0.9971055388450623
${DATA_ROOT}/clips/121073_hhahrO4yUEy8GC5n_0068.wav,bonafide,hi-en,121073,mucs2021,none,channel_g711_20db,eval,0.9970144033432007
${DATA_ROOT}/clips/121073_hhahrO4yUEy8GC5n_0069.wav,bonafide,hi-en,121073,mucs2021,none,channel_g711_20db,eval,0.9972780346870422
${DATA_ROOT}/clips/121073_hhahrO4yUEy8GC5n_0070.wav,bonafide,hi-en,121073,mucs2021,none,channel_g711_20db,eval,0.6692829728126526
${DATA_ROOT}/clips/121073_hhahrO4yUEy8GC5n_0071.wav,bonafide,hi-en,121073,mucs2021,none,channel_g711_20db,eval,0.9969995617866516
${DATA_ROOT}/clips/121073_hhahrO4yUEy8GC5n_0072.wav,bonafide,hi-en,121073,mucs2021,none,channel_g711_20db,eval,0.9972226619720459
${DATA_ROOT}/clips/121073_hhahrO4yUEy8GC5n_0073.wav,bonafide,hi-en,121073,mucs2021,none,channel_g711_20db,eval,0.997241735458374
${DATA_ROOT}/clips/121073_hhahrO4yUEy8GC5n_0074.wav,bonafide,hi-en,121073,mucs2021,none,channel_g711_20db,eval,0.9973753690719604
${DATA_ROOT}/clips/121073_hhahrO4yUEy8GC5n_0075.wav,bonafide,hi-en,121073,mucs2021,none,channel_g711_20db,eval,0.997215747833252
${DATA_ROOT}/clips/121073_hhahrO4yUEy8GC5n_0076.wav,bonafide,hi-en,121073,mucs2021,none,channel_g711_20db,eval,0.9972061514854431
${DATA_ROOT}/clips/121073_hhahrO4yUEy8GC5n_0077.wav,bonafide,hi-en,121073,mucs2021,none,channel_g711_20db,eval,0.9972488284111023
${DATA_ROOT}/clips/121073_hhahrO4yUEy8GC5n_0078.wav,bonafide,hi-en,121073,mucs2021,none,channel_g711_20db,eval,0.9968499541282654
${DATA_ROOT}/clips/136325_9qNmHPrUpNLAykHf_0000.wav,bonafide,hi-en,136325,mucs2021,none,channel_g711_20db,eval,0.9970799088478088
${DATA_ROOT}/clips/136325_9qNmHPrUpNLAykHf_0001.wav,bonafide,hi-en,136325,mucs2021,none,channel_g711_20db,eval,0.9973527193069458
${DATA_ROOT}/clips/136325_9qNmHPrUpNLAykHf_0002.wav,bonafide,hi-en,136325,mucs2021,none,channel_g711_20db,eval,0.9968463778495789
${DATA_ROOT}/clips/136325_9qNmHPrUpNLAykHf_0003.wav,bonafide,hi-en,136325,mucs2021,none,channel_g711_20db,eval,0.9975529313087463
${DATA_ROOT}/clips/136325_9qNmHPrUpNLAykHf_0004.wav,bonafide,hi-en,136325,mucs2021,none,channel_g711_20db,eval,0.9966714382171631
${DATA_ROOT}/clips/136325_9qNmHPrUpNLAykHf_0005.wav,bonafide,hi-en,136325,mucs2021,none,channel_g711_20db,eval,0.9975833892822266
${DATA_ROOT}/clips/136325_9qNmHPrUpNLAykHf_0006.wav,bonafide,hi-en,136325,mucs2021,none,channel_g711_20db,eval,0.9954534769058228
${DATA_ROOT}/clips/136325_9qNmHPrUpNLAykHf_0007.wav,bonafide,hi-en,136325,mucs2021,none,channel_g711_20db,eval,0.9968187808990479
${DATA_ROOT}/clips/136325_9qNmHPrUpNLAykHf_0008.wav,bonafide,hi-en,136325,mucs2021,none,channel_g711_20db,eval,0.9973459243774414
${DATA_ROOT}/clips/136325_9qNmHPrUpNLAykHf_0009.wav,bonafide,hi-en,136325,mucs2021,none,channel_g711_20db,eval,0.9974526762962341
${DATA_ROOT}/clips/136325_9qNmHPrUpNLAykHf_0010.wav,bonafide,hi-en,136325,mucs2021,none,channel_g711_20db,eval,0.9972943663597107
${DATA_ROOT}/clips/136325_9qNmHPrUpNLAykHf_0011.wav,bonafide,hi-en,136325,mucs2021,none,channel_g711_20db,eval,0.9974920749664307
${DATA_ROOT}/clips/136325_9qNmHPrUpNLAykHf_0012.wav,bonafide,hi-en,136325,mucs2021,none,channel_g711_20db,eval,0.9965235590934753
${DATA_ROOT}/clips/136325_9qNmHPrUpNLAykHf_0013.wav,bonafide,hi-en,136325,mucs2021,none,channel_g711_20db,eval,0.9976156949996948
${DATA_ROOT}/clips/136325_9qNmHPrUpNLAykHf_0014.wav,bonafide,hi-en,136325,mucs2021,none,channel_g711_20db,eval,0.9973402619361877
${DATA_ROOT}/clips/136325_9qNmHPrUpNLAykHf_0015.wav,bonafide,hi-en,136325,mucs2021,none,channel_g711_20db,eval,0.9973690509796143
${DATA_ROOT}/clips/136325_9qNmHPrUpNLAykHf_0016.wav,bonafide,hi-en,136325,mucs2021,none,channel_g711_20db,eval,0.9976081848144531
${DATA_ROOT}/clips/136325_9qNmHPrUpNLAykHf_0017.wav,bonafide,hi-en,136325,mucs2021,none,channel_g711_20db,eval,0.9975616931915283
${DATA_ROOT}/clips/136325_9qNmHPrUpNLAykHf_0018.wav,bonafide,hi-en,136325,mucs2021,none,channel_g711_20db,eval,0.9974350333213806
${DATA_ROOT}/clips/136325_9qNmHPrUpNLAykHf_0019.wav,bonafide,hi-en,136325,mucs2021,none,channel_g711_20db,eval,0.9972168207168579
${DATA_ROOT}/clips/136325_9qNmHPrUpNLAykHf_0020.wav,bonafide,hi-en,136325,mucs2021,none,channel_g711_20db,eval,0.9970294237136841
${DATA_ROOT}/clips/136325_9qNmHPrUpNLAykHf_0021.wav,bonafide,hi-en,136325,mucs2021,none,channel_g711_20db,eval,0.9973342418670654
${DATA_ROOT}/clips/136325_9qNmHPrUpNLAykHf_0022.wav,bonafide,hi-en,136325,mucs2021,none,channel_g711_20db,eval,0.9975324869155884
${DATA_ROOT}/clips/136325_9qNmHPrUpNLAykHf_0023.wav,bonafide,hi-en,136325,mucs2021,none,channel_g711_20db,eval,0.9974683523178101
${DATA_ROOT}/clips/136325_9qNmHPrUpNLAykHf_0024.wav,bonafide,hi-en,136325,mucs2021,none,channel_g711_20db,eval,0.9975456595420837
${DATA_ROOT}/clips/136325_9qNmHPrUpNLAykHf_0025.wav,bonafide,hi-en,136325,mucs2021,none,channel_g711_20db,eval,0.9975423812866211
${DATA_ROOT}/clips/136325_9qNmHPrUpNLAykHf_0026.wav,bonafide,hi-en,136325,mucs2021,none,channel_g711_20db,eval,0.9965387582778931
${DATA_ROOT}/clips/136325_9qNmHPrUpNLAykHf_0027.wav,bonafide,hi-en,136325,mucs2021,none,channel_g711_20db,eval,0.9439412951469421
${DATA_ROOT}/clips/136325_9qNmHPrUpNLAykHf_0028.wav,bonafide,hi-en,136325,mucs2021,none,channel_g711_20db,eval,0.9077386260032654
${DATA_ROOT}/clips/136325_9qNmHPrUpNLAykHf_0029.wav,bonafide,hi-en,136325,mucs2021,none,channel_g711_20db,eval,0.9972277283668518
${DATA_ROOT}/clips/136325_9qNmHPrUpNLAykHf_0030.wav,bonafide,hi-en,136325,mucs2021,none,channel_g711_20db,eval,0.9975888729095459
${DATA_ROOT}/clips/136325_9qNmHPrUpNLAykHf_0031.wav,bonafide,hi-en,136325,mucs2021,none,channel_g711_20db,eval,0.9835801720619202
${DATA_ROOT}/clips/136325_9qNmHPrUpNLAykHf_0032.wav,bonafide,hi-en,136325,mucs2021,none,channel_g711_20db,eval,0.9975783228874207
${DATA_ROOT}/clips/136325_9qNmHPrUpNLAykHf_0033.wav,bonafide,hi-en,136325,mucs2021,none,channel_g711_20db,eval,0.9973527193069458
${DATA_ROOT}/clips/136325_9qNmHPrUpNLAykHf_0034.wav,bonafide,hi-en,136325,mucs2021,none,channel_g711_20db,eval,0.9965961575508118
${DATA_ROOT}/clips/136325_9qNmHPrUpNLAykHf_0035.wav,bonafide,hi-en,136325,mucs2021,none,channel_g711_20db,eval,0.8314886689186096
${DATA_ROOT}/clips/136325_9qNmHPrUpNLAykHf_0036.wav,bonafide,hi-en,136325,mucs2021,none,channel_g711_20db,eval,0.9974392652511597
${DATA_ROOT}/clips/136325_9qNmHPrUpNLAykHf_0037.wav,bonafide,hi-en,136325,mucs2021,none,channel_g711_20db,eval,0.997450053691864
${DATA_ROOT}/clips/136325_9qNmHPrUpNLAykHf_0038.wav,bonafide,hi-en,136325,mucs2021,none,channel_g711_20db,eval,0.9957708716392517
${DATA_ROOT}/clips/136325_9qNmHPrUpNLAykHf_0039.wav,bonafide,hi-en,136325,mucs2021,none,channel_g711_20db,eval,0.9974598288536072
${DATA_ROOT}/clips/136325_9qNmHPrUpNLAykHf_0040.wav,bonafide,hi-en,136325,mucs2021,none,channel_g711_20db,eval,0.9975487589836121
${DATA_ROOT}/clips/136325_9qNmHPrUpNLAykHf_0041.wav,bonafide,hi-en,136325,mucs2021,none,channel_g711_20db,eval,0.9975437521934509
${DATA_ROOT}/clips/136325_9qNmHPrUpNLAykHf_0042.wav,bonafide,hi-en,136325,mucs2021,none,channel_g711_20db,eval,0.997190535068512
${DATA_ROOT}/clips/136325_9qNmHPrUpNLAykHf_0043.wav,bonafide,hi-en,136325,mucs2021,none,channel_g711_20db,eval,0.9974868297576904
${DATA_ROOT}/clips/136325_9qNmHPrUpNLAykHf_0044.wav,bonafide,hi-en,136325,mucs2021,none,channel_g711_20db,eval,0.9972397089004517
${DATA_ROOT}/clips/136325_9qNmHPrUpNLAykHf_0045.wav,bonafide,hi-en,136325,mucs2021,none,channel_g711_20db,eval,0.9975271821022034
${DATA_ROOT}/clips/136325_9qNmHPrUpNLAykHf_0046.wav,bonafide,hi-en,136325,mucs2021,none,channel_g711_20db,eval,0.9975278973579407
${DATA_ROOT}/clips/136325_9qNmHPrUpNLAykHf_0047.wav,bonafide,hi-en,136325,mucs2021,none,channel_g711_20db,eval,0.9976880550384521
${DATA_ROOT}/clips/136325_9qNmHPrUpNLAykHf_0048.wav,bonafide,hi-en,136325,mucs2021,none,channel_g711_20db,eval,0.9974833130836487
${DATA_ROOT}/clips/136325_9qNmHPrUpNLAykHf_0049.wav,bonafide,hi-en,136325,mucs2021,none,channel_g711_20db,eval,0.9969018697738647
${DATA_ROOT}/clips/136325_9qNmHPrUpNLAykHf_0050.wav,bonafide,hi-en,136325,mucs2021,none,channel_g711_20db,eval,0.9974305033683777
${DATA_ROOT}/clips/136325_9qNmHPrUpNLAykHf_0051.wav,bonafide,hi-en,136325,mucs2021,none,channel_g711_20db,eval,0.9972163438796997
${DATA_ROOT}/clips/136325_9qNmHPrUpNLAykHf_0052.wav,bonafide,hi-en,136325,mucs2021,none,channel_g711_20db,eval,0.9972661733627319
${DATA_ROOT}/clips/136325_9qNmHPrUpNLAykHf_0053.wav,bonafide,hi-en,136325,mucs2021,none,channel_g711_20db,eval,0.9974983334541321
${DATA_ROOT}/clips/136325_9qNmHPrUpNLAykHf_0054.wav,bonafide,hi-en,136325,mucs2021,none,channel_g711_20db,eval,0.9962747097015381
${DATA_ROOT}/clips/136325_9qNmHPrUpNLAykHf_0055.wav,bonafide,hi-en,136325,mucs2021,none,channel_g711_20db,eval,0.9974595904350281
${DATA_ROOT}/clips/136325_9qNmHPrUpNLAykHf_0056.wav,bonafide,hi-en,136325,mucs2021,none,channel_g711_20db,eval,0.9975359439849854
${DATA_ROOT}/clips/136325_9qNmHPrUpNLAykHf_0057.wav,bonafide,hi-en,136325,mucs2021,none,channel_g711_20db,eval,0.9654353857040405
${DATA_ROOT}/clips/136325_9qNmHPrUpNLAykHf_0058.wav,bonafide,hi-en,136325,mucs2021,none,channel_g711_20db,eval,0.9976587295532227
${DATA_ROOT}/clips/136325_9qNmHPrUpNLAykHf_0059.wav,bonafide,hi-en,136325,mucs2021,none,channel_g711_20db,eval,0.9976117610931396
${DATA_ROOT}/clips/136325_9qNmHPrUpNLAykHf_0060.wav,bonafide,hi-en,136325,mucs2021,none,channel_g711_20db,eval,0.9500390291213989
${DATA_ROOT}/clips/136325_9qNmHPrUpNLAykHf_0061.wav,bonafide,hi-en,136325,mucs2021,none,channel_g711_20db,eval,0.9976456761360168
${DATA_ROOT}/clips/136325_9qNmHPrUpNLAykHf_0062.wav,bonafide,hi-en,136325,mucs2021,none,channel_g711_20db,eval,0.9975560903549194
${DATA_ROOT}/clips/136325_9qNmHPrUpNLAykHf_0063.wav,bonafide,hi-en,136325,mucs2021,none,channel_g711_20db,eval,0.9972718358039856
${DATA_ROOT}/clips/136325_9qNmHPrUpNLAykHf_0064.wav,bonafide,hi-en,136325,mucs2021,none,channel_g711_20db,eval,0.9974513649940491
${DATA_ROOT}/clips/136325_9qNmHPrUpNLAykHf_0065.wav,bonafide,hi-en,136325,mucs2021,none,channel_g711_20db,eval,0.9975754618644714
${DATA_ROOT}/clips/136325_9qNmHPrUpNLAykHf_0066.wav,bonafide,hi-en,136325,mucs2021,none,channel_g711_20db,eval,0.997235119342804
${DATA_ROOT}/clips/136325_9qNmHPrUpNLAykHf_0067.wav,bonafide,hi-en,136325,mucs2021,none,channel_g711_20db,eval,0.997433602809906
${DATA_ROOT}/clips/136325_9qNmHPrUpNLAykHf_0068.wav,bonafide,hi-en,136325,mucs2021,none,channel_g711_20db,eval,0.7495154142379761
${DATA_ROOT}/clips/136325_9qNmHPrUpNLAykHf_0069.wav,bonafide,hi-en,136325,mucs2021,none,channel_g711_20db,eval,0.997572124004364
${DATA_ROOT}/clips/136325_9qNmHPrUpNLAykHf_0070.wav,bonafide,hi-en,136325,mucs2021,none,channel_g711_20db,eval,0.9973766803741455
${DATA_ROOT}/clips/136325_9qNmHPrUpNLAykHf_0071.wav,bonafide,hi-en,136325,mucs2021,none,channel_g711_20db,eval,0.9963580965995789
${DATA_ROOT}/clips/136325_9qNmHPrUpNLAykHf_0072.wav,bonafide,hi-en,136325,mucs2021,none,channel_g711_20db,eval,0.9976577758789062
${DATA_ROOT}/clips/136325_9qNmHPrUpNLAykHf_0073.wav,bonafide,hi-en,136325,mucs2021,none,channel_g711_20db,eval,0.9973379969596863
${DATA_ROOT}/clips/136325_9qNmHPrUpNLAykHf_0074.wav,bonafide,hi-en,136325,mucs2021,none,channel_g711_20db,eval,0.9975519776344299
${DATA_ROOT}/clips/136325_9qNmHPrUpNLAykHf_0075.wav,bonafide,hi-en,136325,mucs2021,none,channel_g711_20db,eval,0.9974310994148254
${DATA_ROOT}/clips/136325_9qNmHPrUpNLAykHf_0076.wav,bonafide,hi-en,136325,mucs2021,none,channel_g711_20db,eval,0.9974839687347412
${DATA_ROOT}/clips/136325_9qNmHPrUpNLAykHf_0077.wav,bonafide,hi-en,136325,mucs2021,none,channel_g711_20db,eval,0.9965594410896301
${DATA_ROOT}/clips/136325_9qNmHPrUpNLAykHf_0078.wav,bonafide,hi-en,136325,mucs2021,none,channel_g711_20db,eval,0.9975215792655945
${DATA_ROOT}/clips/136325_9qNmHPrUpNLAykHf_0079.wav,bonafide,hi-en,136325,mucs2021,none,channel_g711_20db,eval,0.9974634647369385
${DATA_ROOT}/clips/136325_9qNmHPrUpNLAykHf_0080.wav,bonafide,hi-en,136325,mucs2021,none,channel_g711_20db,eval,0.9966805577278137
${DATA_ROOT}/clips/136325_9qNmHPrUpNLAykHf_0081.wav,bonafide,hi-en,136325,mucs2021,none,channel_g711_20db,eval,0.9976649284362793
${DATA_ROOT}/clips/136325_9qNmHPrUpNLAykHf_0082.wav,bonafide,hi-en,136325,mucs2021,none,channel_g711_20db,eval,0.9976329803466797
${DATA_ROOT}/clips/136325_9qNmHPrUpNLAykHf_0083.wav,bonafide,hi-en,136325,mucs2021,none,channel_g711_20db,eval,0.9976770281791687
${DATA_ROOT}/clips/136325_9qNmHPrUpNLAykHf_0084.wav,bonafide,hi-en,136325,mucs2021,none,channel_g711_20db,eval,0.9974472522735596
${DATA_ROOT}/clips/136325_9qNmHPrUpNLAykHf_0085.wav,bonafide,hi-en,136325,mucs2021,none,channel_g711_20db,eval,0.9974191188812256
${DATA_ROOT}/clips/136325_9qNmHPrUpNLAykHf_0086.wav,bonafide,hi-en,136325,mucs2021,none,channel_g711_20db,eval,0.9976098537445068
${DATA_ROOT}/clips/136325_9qNmHPrUpNLAykHf_0087.wav,bonafide,hi-en,136325,mucs2021,none,channel_g711_20db,eval,0.9974125027656555
${DATA_ROOT}/clips/136325_9qNmHPrUpNLAykHf_0088.wav,bonafide,hi-en,136325,mucs2021,none,channel_g711_20db,eval,0.9976612329483032
${DATA_ROOT}/clips/136325_9qNmHPrUpNLAykHf_0089.wav,bonafide,hi-en,136325,mucs2021,none,channel_g711_20db,eval,0.9975181818008423
${DATA_ROOT}/clips/136325_9qNmHPrUpNLAykHf_0090.wav,bonafide,hi-en,136325,mucs2021,none,channel_g711_20db,eval,0.9974467754364014
${DATA_ROOT}/clips/136325_9qNmHPrUpNLAykHf_0091.wav,bonafide,hi-en,136325,mucs2021,none,channel_g711_20db,eval,0.9974714517593384
${DATA_ROOT}/clips/136325_9qNmHPrUpNLAykHf_0092.wav,bonafide,hi-en,136325,mucs2021,none,channel_g711_20db,eval,0.9684513211250305
${DATA_ROOT}/clips/136325_9qNmHPrUpNLAykHf_0093.wav,bonafide,hi-en,136325,mucs2021,none,channel_g711_20db,eval,0.9969998002052307
${DATA_ROOT}/clips/136325_9qNmHPrUpNLAykHf_0094.wav,bonafide,hi-en,136325,mucs2021,none,channel_g711_20db,eval,0.997491717338562
${DATA_ROOT}/clips/136325_9qNmHPrUpNLAykHf_0095.wav,bonafide,hi-en,136325,mucs2021,none,channel_g711_20db,eval,0.9883301258087158
${DATA_ROOT}/clips/136325_9qNmHPrUpNLAykHf_0096.wav,bonafide,hi-en,136325,mucs2021,none,channel_g711_20db,eval,0.9976134300231934
${DATA_ROOT}/clips/136325_9qNmHPrUpNLAykHf_0097.wav,bonafide,hi-en,136325,mucs2021,none,channel_g711_20db,eval,0.9974351525306702
${DATA_ROOT}/clips/136325_9qNmHPrUpNLAykHf_0098.wav,bonafide,hi-en,136325,mucs2021,none,channel_g711_20db,eval,0.9975607395172119
${DATA_ROOT}/clips/136325_9qNmHPrUpNLAykHf_0099.wav,bonafide,hi-en,136325,mucs2021,none,channel_g711_20db,eval,0.9963781237602234
${DATA_ROOT}/clips/136325_9qNmHPrUpNLAykHf_0100.wav,bonafide,hi-en,136325,mucs2021,none,channel_g711_20db,eval,0.9975566864013672
${DATA_ROOT}/clips/136325_9qNmHPrUpNLAykHf_0101.wav,bonafide,hi-en,136325,mucs2021,none,channel_g711_20db,eval,0.9974290728569031
${DATA_ROOT}/clips/146859_PmtkP19rpHKX5Ue1_0000.wav,bonafide,hi-en,146859,mucs2021,none,channel_g711_20db,eval,0.9973872303962708
${DATA_ROOT}/clips/146859_PmtkP19rpHKX5Ue1_0001.wav,bonafide,hi-en,146859,mucs2021,none,channel_g711_20db,eval,0.9975530505180359
${DATA_ROOT}/clips/146859_PmtkP19rpHKX5Ue1_0002.wav,bonafide,hi-en,146859,mucs2021,none,channel_g711_20db,eval,0.997467041015625
${DATA_ROOT}/clips/146859_PmtkP19rpHKX5Ue1_0003.wav,bonafide,hi-en,146859,mucs2021,none,channel_g711_20db,eval,0.9974429607391357
${DATA_ROOT}/clips/146859_PmtkP19rpHKX5Ue1_0004.wav,bonafide,hi-en,146859,mucs2021,none,channel_g711_20db,eval,0.9971950054168701
${DATA_ROOT}/clips/146859_PmtkP19rpHKX5Ue1_0005.wav,bonafide,hi-en,146859,mucs2021,none,channel_g711_20db,eval,0.9971802234649658
${DATA_ROOT}/clips/146859_PmtkP19rpHKX5Ue1_0006.wav,bonafide,hi-en,146859,mucs2021,none,channel_g711_20db,eval,0.9969024062156677
${DATA_ROOT}/clips/146859_PmtkP19rpHKX5Ue1_0007.wav,bonafide,hi-en,146859,mucs2021,none,channel_g711_20db,eval,0.9975293278694153
${DATA_ROOT}/clips/146859_PmtkP19rpHKX5Ue1_0008.wav,bonafide,hi-en,146859,mucs2021,none,channel_g711_20db,eval,0.9973238706588745
${DATA_ROOT}/clips/146859_PmtkP19rpHKX5Ue1_0009.wav,bonafide,hi-en,146859,mucs2021,none,channel_g711_20db,eval,0.9976149797439575
${DATA_ROOT}/clips/146859_PmtkP19rpHKX5Ue1_0010.wav,bonafide,hi-en,146859,mucs2021,none,channel_g711_20db,eval,0.9974777102470398
${DATA_ROOT}/clips/146859_PmtkP19rpHKX5Ue1_0011.wav,bonafide,hi-en,146859,mucs2021,none,channel_g711_20db,eval,0.9974409341812134
${DATA_ROOT}/clips/146859_PmtkP19rpHKX5Ue1_0012.wav,bonafide,hi-en,146859,mucs2021,none,channel_g711_20db,eval,0.9976041913032532
${DATA_ROOT}/clips/146859_PmtkP19rpHKX5Ue1_0013.wav,bonafide,hi-en,146859,mucs2021,none,channel_g711_20db,eval,0.9976224303245544
${DATA_ROOT}/clips/146859_PmtkP19rpHKX5Ue1_0014.wav,bonafide,hi-en,146859,mucs2021,none,channel_g711_20db,eval,0.9974556565284729
${DATA_ROOT}/clips/146859_PmtkP19rpHKX5Ue1_0015.wav,bonafide,hi-en,146859,mucs2021,none,channel_g711_20db,eval,0.9973888993263245
${DATA_ROOT}/clips/146859_PmtkP19rpHKX5Ue1_0016.wav,bonafide,hi-en,146859,mucs2021,none,channel_g711_20db,eval,0.997465968132019
${DATA_ROOT}/clips/146859_PmtkP19rpHKX5Ue1_0017.wav,bonafide,hi-en,146859,mucs2021,none,channel_g711_20db,eval,0.9972794651985168
${DATA_ROOT}/clips/146859_PmtkP19rpHKX5Ue1_0018.wav,bonafide,hi-en,146859,mucs2021,none,channel_g711_20db,eval,0.9973713159561157
${DATA_ROOT}/clips/146859_PmtkP19rpHKX5Ue1_0019.wav,bonafide,hi-en,146859,mucs2021,none,channel_g711_20db,eval,0.9973305463790894
${DATA_ROOT}/clips/146859_PmtkP19rpHKX5Ue1_0020.wav,bonafide,hi-en,146859,mucs2021,none,channel_g711_20db,eval,0.9975951313972473
${DATA_ROOT}/clips/146859_PmtkP19rpHKX5Ue1_0021.wav,bonafide,hi-en,146859,mucs2021,none,channel_g711_20db,eval,0.9975656270980835
${DATA_ROOT}/clips/146859_PmtkP19rpHKX5Ue1_0022.wav,bonafide,hi-en,146859,mucs2021,none,channel_g711_20db,eval,0.9974294304847717
${DATA_ROOT}/clips/146859_PmtkP19rpHKX5Ue1_0023.wav,bonafide,hi-en,146859,mucs2021,none,channel_g711_20db,eval,0.9975963234901428
${DATA_ROOT}/clips/146859_PmtkP19rpHKX5Ue1_0024.wav,bonafide,hi-en,146859,mucs2021,none,channel_g711_20db,eval,0.9975181818008423
${DATA_ROOT}/clips/146859_PmtkP19rpHKX5Ue1_0025.wav,bonafide,hi-en,146859,mucs2021,none,channel_g711_20db,eval,0.9974950551986694
${DATA_ROOT}/clips/146859_PmtkP19rpHKX5Ue1_0026.wav,bonafide,hi-en,146859,mucs2021,none,channel_g711_20db,eval,0.9974111914634705
${DATA_ROOT}/clips/146859_PmtkP19rpHKX5Ue1_0027.wav,bonafide,hi-en,146859,mucs2021,none,channel_g711_20db,eval,0.997353196144104
${DATA_ROOT}/clips/146859_PmtkP19rpHKX5Ue1_0028.wav,bonafide,hi-en,146859,mucs2021,none,channel_g711_20db,eval,0.9974532723426819
${DATA_ROOT}/clips/146859_PmtkP19rpHKX5Ue1_0029.wav,bonafide,hi-en,146859,mucs2021,none,channel_g711_20db,eval,0.9975047707557678
${DATA_ROOT}/clips/146859_PmtkP19rpHKX5Ue1_0030.wav,bonafide,hi-en,146859,mucs2021,none,channel_g711_20db,eval,0.9974753260612488
${DATA_ROOT}/clips/146859_PmtkP19rpHKX5Ue1_0031.wav,bonafide,hi-en,146859,mucs2021,none,channel_g711_20db,eval,0.9975243210792542
${DATA_ROOT}/clips/146859_PmtkP19rpHKX5Ue1_0032.wav,bonafide,hi-en,146859,mucs2021,none,channel_g711_20db,eval,0.9975232481956482
${DATA_ROOT}/clips/146859_PmtkP19rpHKX5Ue1_0033.wav,bonafide,hi-en,146859,mucs2021,none,channel_g711_20db,eval,0.9975161552429199
${DATA_ROOT}/clips/146859_PmtkP19rpHKX5Ue1_0034.wav,bonafide,hi-en,146859,mucs2021,none,channel_g711_20db,eval,0.9974671602249146
${DATA_ROOT}/clips/146859_PmtkP19rpHKX5Ue1_0035.wav,bonafide,hi-en,146859,mucs2021,none,channel_g711_20db,eval,0.9975595474243164
${DATA_ROOT}/clips/146859_PmtkP19rpHKX5Ue1_0036.wav,bonafide,hi-en,146859,mucs2021,none,channel_g711_20db,eval,0.9973834156990051
${DATA_ROOT}/clips/146859_PmtkP19rpHKX5Ue1_0037.wav,bonafide,hi-en,146859,mucs2021,none,channel_g711_20db,eval,0.997430145740509
${DATA_ROOT}/clips/146859_PmtkP19rpHKX5Ue1_0038.wav,bonafide,hi-en,146859,mucs2021,none,channel_g711_20db,eval,0.9974338412284851
${DATA_ROOT}/clips/146859_PmtkP19rpHKX5Ue1_0039.wav,bonafide,hi-en,146859,mucs2021,none,channel_g711_20db,eval,0.9974942207336426
${DATA_ROOT}/clips/146859_PmtkP19rpHKX5Ue1_0040.wav,bonafide,hi-en,146859,mucs2021,none,channel_g711_20db,eval,0.9974127411842346
${DATA_ROOT}/clips/146859_PmtkP19rpHKX5Ue1_0041.wav,bonafide,hi-en,146859,mucs2021,none,channel_g711_20db,eval,0.9972075819969177
${DATA_ROOT}/clips/146859_PmtkP19rpHKX5Ue1_0042.wav,bonafide,hi-en,146859,mucs2021,none,channel_g711_20db,eval,0.9976077079772949
${DATA_ROOT}/clips/146859_PmtkP19rpHKX5Ue1_0043.wav,bonafide,hi-en,146859,mucs2021,none,channel_g711_20db,eval,0.9975466132164001
${DATA_ROOT}/clips/146859_PmtkP19rpHKX5Ue1_0044.wav,bonafide,hi-en,146859,mucs2021,none,channel_g711_20db,eval,0.9974849224090576
${DATA_ROOT}/clips/146859_PmtkP19rpHKX5Ue1_0045.wav,bonafide,hi-en,146859,mucs2021,none,channel_g711_20db,eval,0.9973148703575134
${DATA_ROOT}/clips/146859_PmtkP19rpHKX5Ue1_0046.wav,bonafide,hi-en,146859,mucs2021,none,channel_g711_20db,eval,0.9974270462989807
${DATA_ROOT}/clips/146859_PmtkP19rpHKX5Ue1_0047.wav,bonafide,hi-en,146859,mucs2021,none,channel_g711_20db,eval,0.9974610805511475
${DATA_ROOT}/clips/146859_PmtkP19rpHKX5Ue1_0048.wav,bonafide,hi-en,146859,mucs2021,none,channel_g711_20db,eval,0.9970982074737549
${DATA_ROOT}/clips/146859_PmtkP19rpHKX5Ue1_0049.wav,bonafide,hi-en,146859,mucs2021,none,channel_g711_20db,eval,0.9971845746040344
${DATA_ROOT}/clips/146859_PmtkP19rpHKX5Ue1_0050.wav,bonafide,hi-en,146859,mucs2021,none,channel_g711_20db,eval,0.9975177049636841
${DATA_ROOT}/clips/146859_PmtkP19rpHKX5Ue1_0051.wav,bonafide,hi-en,146859,mucs2021,none,channel_g711_20db,eval,0.9971845746040344
${DATA_ROOT}/clips/146859_PmtkP19rpHKX5Ue1_0052.wav,bonafide,hi-en,146859,mucs2021,none,channel_g711_20db,eval,0.9975628852844238
${DATA_ROOT}/clips/146859_PmtkP19rpHKX5Ue1_0053.wav,bonafide,hi-en,146859,mucs2021,none,channel_g711_20db,eval,0.997526228427887
${DATA_ROOT}/clips/146859_PmtkP19rpHKX5Ue1_0054.wav,bonafide,hi-en,146859,mucs2021,none,channel_g711_20db,eval,0.9973553419113159
${DATA_ROOT}/clips/146859_PmtkP19rpHKX5Ue1_0055.wav,bonafide,hi-en,146859,mucs2021,none,channel_g711_20db,eval,0.997291624546051
${DATA_ROOT}/clips/146859_PmtkP19rpHKX5Ue1_0056.wav,bonafide,hi-en,146859,mucs2021,none,channel_g711_20db,eval,0.9974385499954224
${DATA_ROOT}/clips/146859_PmtkP19rpHKX5Ue1_0057.wav,bonafide,hi-en,146859,mucs2021,none,channel_g711_20db,eval,0.9975492358207703
${DATA_ROOT}/clips/146859_PmtkP19rpHKX5Ue1_0058.wav,bonafide,hi-en,146859,mucs2021,none,channel_g711_20db,eval,0.9976199269294739
${DATA_ROOT}/clips/146859_PmtkP19rpHKX5Ue1_0059.wav,bonafide,hi-en,146859,mucs2021,none,channel_g711_20db,eval,0.9975816011428833
${DATA_ROOT}/clips/146859_PmtkP19rpHKX5Ue1_0060.wav,bonafide,hi-en,146859,mucs2021,none,channel_g711_20db,eval,0.9975720047950745
${DATA_ROOT}/clips/146859_PmtkP19rpHKX5Ue1_0061.wav,bonafide,hi-en,146859,mucs2021,none,channel_g711_20db,eval,0.997053861618042
${DATA_ROOT}/clips/146859_PmtkP19rpHKX5Ue1_0062.wav,bonafide,hi-en,146859,mucs2021,none,channel_g711_20db,eval,0.9971056580543518
${DATA_ROOT}/clips/146859_PmtkP19rpHKX5Ue1_0063.wav,bonafide,hi-en,146859,mucs2021,none,channel_g711_20db,eval,0.9974789023399353
${DATA_ROOT}/clips/146859_PmtkP19rpHKX5Ue1_0064.wav,bonafide,hi-en,146859,mucs2021,none,channel_g711_20db,eval,0.9974212646484375
${DATA_ROOT}/clips/146859_PmtkP19rpHKX5Ue1_0065.wav,bonafide,hi-en,146859,mucs2021,none,channel_g711_20db,eval,0.9972288012504578
${DATA_ROOT}/clips/146859_PmtkP19rpHKX5Ue1_0066.wav,bonafide,hi-en,146859,mucs2021,none,channel_g711_20db,eval,0.9975913763046265
${DATA_ROOT}/clips/146859_PmtkP19rpHKX5Ue1_0067.wav,bonafide,hi-en,146859,mucs2021,none,channel_g711_20db,eval,0.9973430037498474
${DATA_ROOT}/clips/146859_PmtkP19rpHKX5Ue1_0068.wav,bonafide,hi-en,146859,mucs2021,none,channel_g711_20db,eval,0.9970724582672119
${DATA_ROOT}/clips/146859_PmtkP19rpHKX5Ue1_0069.wav,bonafide,hi-en,146859,mucs2021,none,channel_g711_20db,eval,0.9974162578582764
${DATA_ROOT}/clips/146859_PmtkP19rpHKX5Ue1_0070.wav,bonafide,hi-en,146859,mucs2021,none,channel_g711_20db,eval,0.9974863529205322
${DATA_ROOT}/clips/146859_PmtkP19rpHKX5Ue1_0071.wav,bonafide,hi-en,146859,mucs2021,none,channel_g711_20db,eval,0.997529923915863
${DATA_ROOT}/clips/146859_PmtkP19rpHKX5Ue1_0072.wav,bonafide,hi-en,146859,mucs2021,none,channel_g711_20db,eval,0.9976102113723755
${DATA_ROOT}/clips/146859_PmtkP19rpHKX5Ue1_0073.wav,bonafide,hi-en,146859,mucs2021,none,channel_g711_20db,eval,0.997517466545105
${DATA_ROOT}/clips/146859_PmtkP19rpHKX5Ue1_0074.wav,bonafide,hi-en,146859,mucs2021,none,channel_g711_20db,eval,0.997372031211853
${DATA_ROOT}/clips/146859_PmtkP19rpHKX5Ue1_0075.wav,bonafide,hi-en,146859,mucs2021,none,channel_g711_20db,eval,0.9976134300231934
${DATA_ROOT}/clips/146859_PmtkP19rpHKX5Ue1_0076.wav,bonafide,hi-en,146859,mucs2021,none,channel_g711_20db,eval,0.9975082874298096
${DATA_ROOT}/clips/146859_PmtkP19rpHKX5Ue1_0077.wav,bonafide,hi-en,146859,mucs2021,none,channel_g711_20db,eval,0.9973358511924744
${DATA_ROOT}/clips/146859_PmtkP19rpHKX5Ue1_0078.wav,bonafide,hi-en,146859,mucs2021,none,channel_g711_20db,eval,0.9974554181098938
${DATA_ROOT}/clips/146859_PmtkP19rpHKX5Ue1_0079.wav,bonafide,hi-en,146859,mucs2021,none,channel_g711_20db,eval,0.9974092841148376
${DATA_ROOT}/clips/146859_PmtkP19rpHKX5Ue1_0080.wav,bonafide,hi-en,146859,mucs2021,none,channel_g711_20db,eval,0.9973043203353882
${DATA_ROOT}/clips/146859_PmtkP19rpHKX5Ue1_0081.wav,bonafide,hi-en,146859,mucs2021,none,channel_g711_20db,eval,0.9973239898681641
${DATA_ROOT}/clips/146859_PmtkP19rpHKX5Ue1_0082.wav,bonafide,hi-en,146859,mucs2021,none,channel_g711_20db,eval,0.9975716471672058
${DATA_ROOT}/clips/146859_PmtkP19rpHKX5Ue1_0083.wav,bonafide,hi-en,146859,mucs2021,none,channel_g711_20db,eval,0.9973963499069214
${DATA_ROOT}/clips/146859_PmtkP19rpHKX5Ue1_0084.wav,bonafide,hi-en,146859,mucs2021,none,channel_g711_20db,eval,0.9968256950378418
${DATA_ROOT}/clips/146859_PmtkP19rpHKX5Ue1_0085.wav,bonafide,hi-en,146859,mucs2021,none,channel_g711_20db,eval,0.9970819354057312
${DATA_ROOT}/clips/146859_PmtkP19rpHKX5Ue1_0086.wav,bonafide,hi-en,146859,mucs2021,none,channel_g711_20db,eval,0.9975535273551941
${DATA_ROOT}/clips/146859_PmtkP19rpHKX5Ue1_0087.wav,bonafide,hi-en,146859,mucs2021,none,channel_g711_20db,eval,0.9970999956130981
${DATA_ROOT}/clips/146859_PmtkP19rpHKX5Ue1_0088.wav,bonafide,hi-en,146859,mucs2021,none,channel_g711_20db,eval,0.997068464756012
${DATA_ROOT}/clips/146859_PmtkP19rpHKX5Ue1_0089.wav,bonafide,hi-en,146859,mucs2021,none,channel_g711_20db,eval,0.9973605275154114
${DATA_ROOT}/clips/146859_PmtkP19rpHKX5Ue1_0090.wav,bonafide,hi-en,146859,mucs2021,none,channel_g711_20db,eval,0.997186005115509
${DATA_ROOT}/clips/146859_PmtkP19rpHKX5Ue1_0091.wav,bonafide,hi-en,146859,mucs2021,none,channel_g711_20db,eval,0.9973763227462769
${DATA_ROOT}/clips/146859_PmtkP19rpHKX5Ue1_0092.wav,bonafide,hi-en,146859,mucs2021,none,channel_g711_20db,eval,0.997494101524353
${DATA_ROOT}/clips/146859_PmtkP19rpHKX5Ue1_0093.wav,bonafide,hi-en,146859,mucs2021,none,channel_g711_20db,eval,0.9975202679634094
${DATA_ROOT}/clips/146859_PmtkP19rpHKX5Ue1_0094.wav,bonafide,hi-en,146859,mucs2021,none,channel_g711_20db,eval,0.9975142478942871
${DATA_ROOT}/clips/146859_PmtkP19rpHKX5Ue1_0095.wav,bonafide,hi-en,146859,mucs2021,none,channel_g711_20db,eval,0.9974505305290222
${DATA_ROOT}/clips/146859_PmtkP19rpHKX5Ue1_0096.wav,bonafide,hi-en,146859,mucs2021,none,channel_g711_20db,eval,0.9976029992103577
${DATA_ROOT}/clips/146859_PmtkP19rpHKX5Ue1_0097.wav,bonafide,hi-en,146859,mucs2021,none,channel_g711_20db,eval,0.9975142478942871
${DATA_ROOT}/clips/146859_PmtkP19rpHKX5Ue1_0098.wav,bonafide,hi-en,146859,mucs2021,none,channel_g711_20db,eval,0.9971272349357605
${DATA_ROOT}/clips/146859_PmtkP19rpHKX5Ue1_0099.wav,bonafide,hi-en,146859,mucs2021,none,channel_g711_20db,eval,0.9969202280044556
${DATA_ROOT}/clips/146859_PmtkP19rpHKX5Ue1_0100.wav,bonafide,hi-en,146859,mucs2021,none,channel_g711_20db,eval,0.9975351095199585
${DATA_ROOT}/clips/146859_PmtkP19rpHKX5Ue1_0101.wav,bonafide,hi-en,146859,mucs2021,none,channel_g711_20db,eval,0.9975966811180115
${DATA_ROOT}/clips/146859_PmtkP19rpHKX5Ue1_0102.wav,bonafide,hi-en,146859,mucs2021,none,channel_g711_20db,eval,0.9973635077476501
${DATA_ROOT}/clips/146859_PmtkP19rpHKX5Ue1_0103.wav,bonafide,hi-en,146859,mucs2021,none,channel_g711_20db,eval,0.9975137710571289
${DATA_ROOT}/clips/146859_PmtkP19rpHKX5Ue1_0104.wav,bonafide,hi-en,146859,mucs2021,none,channel_g711_20db,eval,0.9964779019355774
${DATA_ROOT}/clips/146859_PmtkP19rpHKX5Ue1_0105.wav,bonafide,hi-en,146859,mucs2021,none,channel_g711_20db,eval,0.996661901473999
${DATA_ROOT}/clips/146859_PmtkP19rpHKX5Ue1_0106.wav,bonafide,hi-en,146859,mucs2021,none,channel_g711_20db,eval,0.9975778460502625
${DATA_ROOT}/clips/146859_PmtkP19rpHKX5Ue1_0107.wav,bonafide,hi-en,146859,mucs2021,none,channel_g711_20db,eval,0.997223973274231
${DATA_ROOT}/clips/146859_PmtkP19rpHKX5Ue1_0108.wav,bonafide,hi-en,146859,mucs2021,none,channel_g711_20db,eval,0.9975110292434692
${DATA_ROOT}/clips/146859_PmtkP19rpHKX5Ue1_0109.wav,bonafide,hi-en,146859,mucs2021,none,channel_g711_20db,eval,0.9961836934089661
${DATA_ROOT}/clips/146859_PmtkP19rpHKX5Ue1_0110.wav,bonafide,hi-en,146859,mucs2021,none,channel_g711_20db,eval,0.9974937438964844
${DATA_ROOT}/clips/146859_PmtkP19rpHKX5Ue1_0111.wav,bonafide,hi-en,146859,mucs2021,none,channel_g711_20db,eval,0.9972635507583618
${DATA_ROOT}/clips/146859_PmtkP19rpHKX5Ue1_0112.wav,bonafide,hi-en,146859,mucs2021,none,channel_g711_20db,eval,0.9967777132987976
${DATA_ROOT}/clips/146859_PmtkP19rpHKX5Ue1_0113.wav,bonafide,hi-en,146859,mucs2021,none,channel_g711_20db,eval,0.9974223375320435
${DATA_ROOT}/clips/146859_PmtkP19rpHKX5Ue1_0114.wav,bonafide,hi-en,146859,mucs2021,none,channel_g711_20db,eval,0.9974619150161743
${DATA_ROOT}/clips/146859_PmtkP19rpHKX5Ue1_0115.wav,bonafide,hi-en,146859,mucs2021,none,channel_g711_20db,eval,0.997503936290741
${DATA_ROOT}/clips/146859_PmtkP19rpHKX5Ue1_0116.wav,bonafide,hi-en,146859,mucs2021,none,channel_g711_20db,eval,0.9974150657653809
${DATA_ROOT}/clips/146859_PmtkP19rpHKX5Ue1_0117.wav,bonafide,hi-en,146859,mucs2021,none,channel_g711_20db,eval,0.9975737929344177
${DATA_ROOT}/clips/146859_PmtkP19rpHKX5Ue1_0118.wav,bonafide,hi-en,146859,mucs2021,none,channel_g711_20db,eval,0.9974657297134399
${DATA_ROOT}/clips/146859_PmtkP19rpHKX5Ue1_0119.wav,bonafide,hi-en,146859,mucs2021,none,channel_g711_20db,eval,0.9974305033683777
${DATA_ROOT}/clips/146859_PmtkP19rpHKX5Ue1_0120.wav,bonafide,hi-en,146859,mucs2021,none,channel_g711_20db,eval,0.9974786639213562
${DATA_ROOT}/clips/146859_PmtkP19rpHKX5Ue1_0121.wav,bonafide,hi-en,146859,mucs2021,none,channel_g711_20db,eval,0.9974135756492615
${DATA_ROOT}/clips/146859_PmtkP19rpHKX5Ue1_0122.wav,bonafide,hi-en,146859,mucs2021,none,channel_g711_20db,eval,0.9575050473213196
${DATA_ROOT}/clips/146859_PmtkP19rpHKX5Ue1_0123.wav,bonafide,hi-en,146859,mucs2021,none,channel_g711_20db,eval,0.9974756836891174
${DATA_ROOT}/clips/146859_PmtkP19rpHKX5Ue1_0124.wav,bonafide,hi-en,146859,mucs2021,none,channel_g711_20db,eval,0.9974397420883179
${DATA_ROOT}/clips/146859_PmtkP19rpHKX5Ue1_0125.wav,bonafide,hi-en,146859,mucs2021,none,channel_g711_20db,eval,0.9967901110649109
${DATA_ROOT}/clips/146859_PmtkP19rpHKX5Ue1_0126.wav,bonafide,hi-en,146859,mucs2021,none,channel_g711_20db,eval,0.9972767233848572
${DATA_ROOT}/clips/146859_PmtkP19rpHKX5Ue1_0127.wav,bonafide,hi-en,146859,mucs2021,none,channel_g711_20db,eval,0.6440100073814392
${DATA_ROOT}/clips/146859_PmtkP19rpHKX5Ue1_0128.wav,bonafide,hi-en,146859,mucs2021,none,channel_g711_20db,eval,0.997408926486969
${DATA_ROOT}/clips/146859_PmtkP19rpHKX5Ue1_0129.wav,bonafide,hi-en,146859,mucs2021,none,channel_g711_20db,eval,0.9974666833877563
${DATA_ROOT}/clips/146859_PmtkP19rpHKX5Ue1_0130.wav,bonafide,hi-en,146859,mucs2021,none,channel_g711_20db,eval,0.9975257515907288
${DATA_ROOT}/clips/146859_PmtkP19rpHKX5Ue1_0131.wav,bonafide,hi-en,146859,mucs2021,none,channel_g711_20db,eval,0.996508777141571
${DATA_ROOT}/clips/146859_PmtkP19rpHKX5Ue1_0132.wav,bonafide,hi-en,146859,mucs2021,none,channel_g711_20db,eval,0.9976383447647095
${DATA_ROOT}/clips/146859_PmtkP19rpHKX5Ue1_0133.wav,bonafide,hi-en,146859,mucs2021,none,channel_g711_20db,eval,0.9974381923675537
${DATA_ROOT}/clips/146859_PmtkP19rpHKX5Ue1_0134.wav,bonafide,hi-en,146859,mucs2021,none,channel_g711_20db,eval,0.9969215989112854
${DATA_ROOT}/clips/146859_PmtkP19rpHKX5Ue1_0135.wav,bonafide,hi-en,146859,mucs2021,none,channel_g711_20db,eval,0.9970593452453613
${DATA_ROOT}/clips/146859_PmtkP19rpHKX5Ue1_0136.wav,bonafide,hi-en,146859,mucs2021,none,channel_g711_20db,eval,0.9973100423812866
${DATA_ROOT}/clips/146859_PmtkP19rpHKX5Ue1_0137.wav,bonafide,hi-en,146859,mucs2021,none,channel_g711_20db,eval,0.9975321292877197
${DATA_ROOT}/clips/146859_PmtkP19rpHKX5Ue1_0138.wav,bonafide,hi-en,146859,mucs2021,none,channel_g711_20db,eval,0.997577965259552
${DATA_ROOT}/clips/146859_PmtkP19rpHKX5Ue1_0139.wav,bonafide,hi-en,146859,mucs2021,none,channel_g711_20db,eval,0.17863932251930237
${DATA_ROOT}/clips/165325_4r0Tic1Kpymq5vvC_0000.wav,bonafide,hi-en,165325,mucs2021,none,channel_g711_20db,eval,0.997098445892334
${DATA_ROOT}/clips/165325_4r0Tic1Kpymq5vvC_0001.wav,bonafide,hi-en,165325,mucs2021,none,channel_g711_20db,eval,0.9973415732383728
${DATA_ROOT}/clips/165325_4r0Tic1Kpymq5vvC_0002.wav,bonafide,hi-en,165325,mucs2021,none,channel_g711_20db,eval,0.9975487589836121
${DATA_ROOT}/clips/165325_4r0Tic1Kpymq5vvC_0003.wav,bonafide,hi-en,165325,mucs2021,none,channel_g711_20db,eval,0.9972652196884155
${DATA_ROOT}/clips/165325_4r0Tic1Kpymq5vvC_0004.wav,bonafide,hi-en,165325,mucs2021,none,channel_g711_20db,eval,0.9869145750999451
${DATA_ROOT}/clips/165325_4r0Tic1Kpymq5vvC_0005.wav,bonafide,hi-en,165325,mucs2021,none,channel_g711_20db,eval,0.997003972530365
${DATA_ROOT}/clips/165325_4r0Tic1Kpymq5vvC_0006.wav,bonafide,hi-en,165325,mucs2021,none,channel_g711_20db,eval,0.9968075752258301
${DATA_ROOT}/clips/165325_4r0Tic1Kpymq5vvC_0007.wav,bonafide,hi-en,165325,mucs2021,none,channel_g711_20db,eval,0.9969767332077026
${DATA_ROOT}/clips/165325_4r0Tic1Kpymq5vvC_0008.wav,bonafide,hi-en,165325,mucs2021,none,channel_g711_20db,eval,0.9974083304405212
${DATA_ROOT}/clips/165325_4r0Tic1Kpymq5vvC_0009.wav,bonafide,hi-en,165325,mucs2021,none,channel_g711_20db,eval,0.9973347783088684
${DATA_ROOT}/clips/165325_4r0Tic1Kpymq5vvC_0010.wav,bonafide,hi-en,165325,mucs2021,none,channel_g711_20db,eval,0.9975956082344055
${DATA_ROOT}/clips/165325_4r0Tic1Kpymq5vvC_0011.wav,bonafide,hi-en,165325,mucs2021,none,channel_g711_20db,eval,0.9973419308662415
${DATA_ROOT}/clips/165325_4r0Tic1Kpymq5vvC_0012.wav,bonafide,hi-en,165325,mucs2021,none,channel_g711_20db,eval,0.9971588850021362
${DATA_ROOT}/clips/165325_4r0Tic1Kpymq5vvC_0013.wav,bonafide,hi-en,165325,mucs2021,none,channel_g711_20db,eval,0.9973697662353516
${DATA_ROOT}/clips/165325_4r0Tic1Kpymq5vvC_0014.wav,bonafide,hi-en,165325,mucs2021,none,channel_g711_20db,eval,0.9974484443664551
${DATA_ROOT}/clips/165325_4r0Tic1Kpymq5vvC_0015.wav,bonafide,hi-en,165325,mucs2021,none,channel_g711_20db,eval,0.9968966245651245
${DATA_ROOT}/clips/165325_4r0Tic1Kpymq5vvC_0016.wav,bonafide,hi-en,165325,mucs2021,none,channel_g711_20db,eval,0.9973076581954956
${DATA_ROOT}/clips/165325_4r0Tic1Kpymq5vvC_0017.wav,bonafide,hi-en,165325,mucs2021,none,channel_g711_20db,eval,0.9975426197052002
${DATA_ROOT}/clips/165325_4r0Tic1Kpymq5vvC_0018.wav,bonafide,hi-en,165325,mucs2021,none,channel_g711_20db,eval,0.997307538986206
${DATA_ROOT}/clips/165325_4r0Tic1Kpymq5vvC_0019.wav,bonafide,hi-en,165325,mucs2021,none,channel_g711_20db,eval,0.9975209832191467
${DATA_ROOT}/clips/165325_4r0Tic1Kpymq5vvC_0020.wav,bonafide,hi-en,165325,mucs2021,none,channel_g711_20db,eval,0.997334361076355
${DATA_ROOT}/clips/165325_4r0Tic1Kpymq5vvC_0021.wav,bonafide,hi-en,165325,mucs2021,none,channel_g711_20db,eval,0.9974066615104675
${DATA_ROOT}/clips/165325_4r0Tic1Kpymq5vvC_0022.wav,bonafide,hi-en,165325,mucs2021,none,channel_g711_20db,eval,0.9972594976425171
${DATA_ROOT}/clips/165325_4r0Tic1Kpymq5vvC_0023.wav,bonafide,hi-en,165325,mucs2021,none,channel_g711_20db,eval,0.9973832964897156
${DATA_ROOT}/clips/165325_4r0Tic1Kpymq5vvC_0024.wav,bonafide,hi-en,165325,mucs2021,none,channel_g711_20db,eval,0.9974291920661926
${DATA_ROOT}/clips/165325_4r0Tic1Kpymq5vvC_0025.wav,bonafide,hi-en,165325,mucs2021,none,channel_g711_20db,eval,0.9973191618919373
${DATA_ROOT}/clips/165325_4r0Tic1Kpymq5vvC_0026.wav,bonafide,hi-en,165325,mucs2021,none,channel_g711_20db,eval,0.9968938827514648
${DATA_ROOT}/clips/165325_4r0Tic1Kpymq5vvC_0027.wav,bonafide,hi-en,165325,mucs2021,none,channel_g711_20db,eval,0.9973301887512207
${DATA_ROOT}/clips/165325_4r0Tic1Kpymq5vvC_0028.wav,bonafide,hi-en,165325,mucs2021,none,channel_g711_20db,eval,0.9972477555274963
${DATA_ROOT}/clips/165325_4r0Tic1Kpymq5vvC_0029.wav,bonafide,hi-en,165325,mucs2021,none,channel_g711_20db,eval,0.9974581599235535
${DATA_ROOT}/clips/165325_4r0Tic1Kpymq5vvC_0030.wav,bonafide,hi-en,165325,mucs2021,none,channel_g711_20db,eval,0.9972088932991028
${DATA_ROOT}/clips/165325_4r0Tic1Kpymq5vvC_0031.wav,bonafide,hi-en,165325,mucs2021,none,channel_g711_20db,eval,0.9974538683891296
${DATA_ROOT}/clips/165325_4r0Tic1Kpymq5vvC_0032.wav,bonafide,hi-en,165325,mucs2021,none,channel_g711_20db,eval,0.9970563650131226
${DATA_ROOT}/clips/165325_4r0Tic1Kpymq5vvC_0033.wav,bonafide,hi-en,165325,mucs2021,none,channel_g711_20db,eval,0.9975996613502502
${DATA_ROOT}/clips/165325_4r0Tic1Kpymq5vvC_0034.wav,bonafide,hi-en,165325,mucs2021,none,channel_g711_20db,eval,0.9972905516624451
${DATA_ROOT}/clips/165325_4r0Tic1Kpymq5vvC_0035.wav,bonafide,hi-en,165325,mucs2021,none,channel_g711_20db,eval,0.9972063899040222
${DATA_ROOT}/clips/165325_4r0Tic1Kpymq5vvC_0036.wav,bonafide,hi-en,165325,mucs2021,none,channel_g711_20db,eval,0.9971944093704224
${DATA_ROOT}/clips/165325_4r0Tic1Kpymq5vvC_0037.wav,bonafide,hi-en,165325,mucs2021,none,channel_g711_20db,eval,0.9974095225334167
${DATA_ROOT}/clips/165325_4r0Tic1Kpymq5vvC_0038.wav,bonafide,hi-en,165325,mucs2021,none,channel_g711_20db,eval,0.9969846606254578
${DATA_ROOT}/clips/165325_4r0Tic1Kpymq5vvC_0039.wav,bonafide,hi-en,165325,mucs2021,none,channel_g711_20db,eval,0.9974769949913025
${DATA_ROOT}/clips/165325_4r0Tic1Kpymq5vvC_0040.wav,bonafide,hi-en,165325,mucs2021,none,channel_g711_20db,eval,0.9973763227462769
${DATA_ROOT}/clips/165325_4r0Tic1Kpymq5vvC_0041.wav,bonafide,hi-en,165325,mucs2021,none,channel_g711_20db,eval,0.9974282383918762
${DATA_ROOT}/clips/165325_4r0Tic1Kpymq5vvC_0042.wav,bonafide,hi-en,165325,mucs2021,none,channel_g711_20db,eval,0.9972900152206421
${DATA_ROOT}/clips/165325_4r0Tic1Kpymq5vvC_0043.wav,bonafide,hi-en,165325,mucs2021,none,channel_g711_20db,eval,0.9974349141120911
${DATA_ROOT}/clips/165325_4r0Tic1Kpymq5vvC_0044.wav,bonafide,hi-en,165325,mucs2021,none,channel_g711_20db,eval,0.9973195195198059
${DATA_ROOT}/clips/165325_4r0Tic1Kpymq5vvC_0045.wav,bonafide,hi-en,165325,mucs2021,none,channel_g711_20db,eval,0.9972077012062073
${DATA_ROOT}/clips/165325_4r0Tic1Kpymq5vvC_0046.wav,bonafide,hi-en,165325,mucs2021,none,channel_g711_20db,eval,0.9972979426383972
${DATA_ROOT}/clips/165325_4r0Tic1Kpymq5vvC_0047.wav,bonafide,hi-en,165325,mucs2021,none,channel_g711_20db,eval,0.9970210194587708
${DATA_ROOT}/clips/165325_4r0Tic1Kpymq5vvC_0048.wav,bonafide,hi-en,165325,mucs2021,none,channel_g711_20db,eval,0.9948480129241943
${DATA_ROOT}/clips/165325_4r0Tic1Kpymq5vvC_0049.wav,bonafide,hi-en,165325,mucs2021,none,channel_g711_20db,eval,0.9972495436668396
${DATA_ROOT}/clips/165325_4r0Tic1Kpymq5vvC_0050.wav,bonafide,hi-en,165325,mucs2021,none,channel_g711_20db,eval,0.9934701919555664
${DATA_ROOT}/clips/165325_4r0Tic1Kpymq5vvC_0051.wav,bonafide,hi-en,165325,mucs2021,none,channel_g711_20db,eval,0.9727963805198669
${DATA_ROOT}/clips/165325_4r0Tic1Kpymq5vvC_0052.wav,bonafide,hi-en,165325,mucs2021,none,channel_g711_20db,eval,0.9962833523750305
${DATA_ROOT}/clips/165325_4r0Tic1Kpymq5vvC_0053.wav,bonafide,hi-en,165325,mucs2021,none,channel_g711_20db,eval,0.9953758716583252
${DATA_ROOT}/clips/165325_4r0Tic1Kpymq5vvC_0054.wav,bonafide,hi-en,165325,mucs2021,none,channel_g711_20db,eval,0.9973909854888916
${DATA_ROOT}/clips/165325_4r0Tic1Kpymq5vvC_0055.wav,bonafide,hi-en,165325,mucs2021,none,channel_g711_20db,eval,0.9975605010986328
${DATA_ROOT}/clips/165325_4r0Tic1Kpymq5vvC_0056.wav,bonafide,hi-en,165325,mucs2021,none,channel_g711_20db,eval,0.9974875450134277
${DATA_ROOT}/clips/165325_4r0Tic1Kpymq5vvC_0057.wav,bonafide,hi-en,165325,mucs2021,none,channel_g711_20db,eval,0.9974293112754822
${DATA_ROOT}/clips/165325_4r0Tic1Kpymq5vvC_0058.wav,bonafide,hi-en,165325,mucs2021,none,channel_g711_20db,eval,0.9972238540649414
${DATA_ROOT}/clips/165325_4r0Tic1Kpymq5vvC_0059.wav,bonafide,hi-en,165325,mucs2021,none,channel_g711_20db,eval,0.9833475947380066
${DATA_ROOT}/clips/165325_4r0Tic1Kpymq5vvC_0060.wav,bonafide,hi-en,165325,mucs2021,none,channel_g711_20db,eval,0.997384250164032
${DATA_ROOT}/clips/165325_4r0Tic1Kpymq5vvC_0061.wav,bonafide,hi-en,165325,mucs2021,none,channel_g711_20db,eval,0.9968339800834656
${DATA_ROOT}/clips/165325_4r0Tic1Kpymq5vvC_0062.wav,bonafide,hi-en,165325,mucs2021,none,channel_g711_20db,eval,0.9972630739212036
${DATA_ROOT}/clips/165325_4r0Tic1Kpymq5vvC_0063.wav,bonafide,hi-en,165325,mucs2021,none,channel_g711_20db,eval,0.9973223805427551
${DATA_ROOT}/clips/165325_4r0Tic1Kpymq5vvC_0064.wav,bonafide,hi-en,165325,mucs2021,none,channel_g711_20db,eval,0.9860407114028931
${DATA_ROOT}/clips/165325_4r0Tic1Kpymq5vvC_0065.wav,bonafide,hi-en,165325,mucs2021,none,channel_g711_20db,eval,0.9975183010101318
${DATA_ROOT}/clips/165325_4r0Tic1Kpymq5vvC_0066.wav,bonafide,hi-en,165325,mucs2021,none,channel_g711_20db,eval,0.9974063038825989
${DATA_ROOT}/clips/165325_4r0Tic1Kpymq5vvC_0067.wav,bonafide,hi-en,165325,mucs2021,none,channel_g711_20db,eval,0.9975557327270508
${DATA_ROOT}/clips/165325_4r0Tic1Kpymq5vvC_0068.wav,bonafide,hi-en,165325,mucs2021,none,channel_g711_20db,eval,0.9632985591888428
${DATA_ROOT}/clips/165325_4r0Tic1Kpymq5vvC_0069.wav,bonafide,hi-en,165325,mucs2021,none,channel_g711_20db,eval,0.7183526754379272
${DATA_ROOT}/clips/165325_4r0Tic1Kpymq5vvC_0070.wav,bonafide,hi-en,165325,mucs2021,none,channel_g711_20db,eval,0.8821998238563538
${DATA_ROOT}/clips/165325_4r0Tic1Kpymq5vvC_0071.wav,bonafide,hi-en,165325,mucs2021,none,channel_g711_20db,eval,0.9975355863571167
${DATA_ROOT}/clips/165325_4r0Tic1Kpymq5vvC_0072.wav,bonafide,hi-en,165325,mucs2021,none,channel_g711_20db,eval,0.9972972273826599
${DATA_ROOT}/clips/165325_4r0Tic1Kpymq5vvC_0073.wav,bonafide,hi-en,165325,mucs2021,none,channel_g711_20db,eval,0.9974519610404968
${DATA_ROOT}/clips/165325_4r0Tic1Kpymq5vvC_0074.wav,bonafide,hi-en,165325,mucs2021,none,channel_g711_20db,eval,0.9966357350349426
${DATA_ROOT}/clips/165325_4r0Tic1Kpymq5vvC_0075.wav,bonafide,hi-en,165325,mucs2021,none,channel_g711_20db,eval,0.9973857998847961
${DATA_ROOT}/clips/165325_4r0Tic1Kpymq5vvC_0076.wav,bonafide,hi-en,165325,mucs2021,none,channel_g711_20db,eval,0.9970393180847168
${DATA_ROOT}/clips/165325_4r0Tic1Kpymq5vvC_0077.wav,bonafide,hi-en,165325,mucs2021,none,channel_g711_20db,eval,0.9958821535110474
${DATA_ROOT}/clips/175522_7Hz37FoUWV3ZFiMU_0000.wav,bonafide,hi-en,175522,mucs2021,none,channel_g711_20db,eval,0.9971880316734314
${DATA_ROOT}/clips/175522_7Hz37FoUWV3ZFiMU_0001.wav,bonafide,hi-en,175522,mucs2021,none,channel_g711_20db,eval,0.9973227381706238
${DATA_ROOT}/clips/175522_7Hz37FoUWV3ZFiMU_0002.wav,bonafide,hi-en,175522,mucs2021,none,channel_g711_20db,eval,0.9968173503875732
${DATA_ROOT}/clips/175522_7Hz37FoUWV3ZFiMU_0003.wav,bonafide,hi-en,175522,mucs2021,none,channel_g711_20db,eval,0.9972230195999146
${DATA_ROOT}/clips/175522_7Hz37FoUWV3ZFiMU_0004.wav,bonafide,hi-en,175522,mucs2021,none,channel_g711_20db,eval,0.9974718689918518
${DATA_ROOT}/clips/175522_7Hz37FoUWV3ZFiMU_0005.wav,bonafide,hi-en,175522,mucs2021,none,channel_g711_20db,eval,0.997142493724823
${DATA_ROOT}/clips/175522_7Hz37FoUWV3ZFiMU_0006.wav,bonafide,hi-en,175522,mucs2021,none,channel_g711_20db,eval,0.9972414970397949
${DATA_ROOT}/clips/175522_7Hz37FoUWV3ZFiMU_0007.wav,bonafide,hi-en,175522,mucs2021,none,channel_g711_20db,eval,0.9973722696304321
${DATA_ROOT}/clips/175522_7Hz37FoUWV3ZFiMU_0008.wav,bonafide,hi-en,175522,mucs2021,none,channel_g711_20db,eval,0.9969657063484192
${DATA_ROOT}/clips/175522_7Hz37FoUWV3ZFiMU_0009.wav,bonafide,hi-en,175522,mucs2021,none,channel_g711_20db,eval,0.9972764849662781
${DATA_ROOT}/clips/175522_7Hz37FoUWV3ZFiMU_0010.wav,bonafide,hi-en,175522,mucs2021,none,channel_g711_20db,eval,0.9967834949493408
${DATA_ROOT}/clips/175522_7Hz37FoUWV3ZFiMU_0011.wav,bonafide,hi-en,175522,mucs2021,none,channel_g711_20db,eval,0.99687659740448
${DATA_ROOT}/clips/175522_7Hz37FoUWV3ZFiMU_0012.wav,bonafide,hi-en,175522,mucs2021,none,channel_g711_20db,eval,0.9974108338356018
${DATA_ROOT}/clips/175522_7Hz37FoUWV3ZFiMU_0013.wav,bonafide,hi-en,175522,mucs2021,none,channel_g711_20db,eval,0.9971975088119507
${DATA_ROOT}/clips/175522_7Hz37FoUWV3ZFiMU_0014.wav,bonafide,hi-en,175522,mucs2021,none,channel_g711_20db,eval,0.9971410036087036
${DATA_ROOT}/clips/175522_7Hz37FoUWV3ZFiMU_0015.wav,bonafide,hi-en,175522,mucs2021,none,channel_g711_20db,eval,0.9972499012947083
${DATA_ROOT}/clips/175522_7Hz37FoUWV3ZFiMU_0016.wav,bonafide,hi-en,175522,mucs2021,none,channel_g711_20db,eval,0.997543215751648
${DATA_ROOT}/clips/175522_7Hz37FoUWV3ZFiMU_0017.wav,bonafide,hi-en,175522,mucs2021,none,channel_g711_20db,eval,0.9972889423370361
${DATA_ROOT}/clips/175522_7Hz37FoUWV3ZFiMU_0018.wav,bonafide,hi-en,175522,mucs2021,none,channel_g711_20db,eval,0.9972280859947205
${DATA_ROOT}/clips/175522_7Hz37FoUWV3ZFiMU_0019.wav,bonafide,hi-en,175522,mucs2021,none,channel_g711_20db,eval,0.9973412156105042
${DATA_ROOT}/clips/175522_7Hz37FoUWV3ZFiMU_0020.wav,bonafide,hi-en,175522,mucs2021,none,channel_g711_20db,eval,0.9970445036888123
${DATA_ROOT}/clips/175522_7Hz37FoUWV3ZFiMU_0021.wav,bonafide,hi-en,175522,mucs2021,none,channel_g711_20db,eval,0.997244119644165
${DATA_ROOT}/clips/175522_7Hz37FoUWV3ZFiMU_0022.wav,bonafide,hi-en,175522,mucs2021,none,channel_g711_20db,eval,0.25700661540031433
${DATA_ROOT}/clips/175522_7Hz37FoUWV3ZFiMU_0023.wav,bonafide,hi-en,175522,mucs2021,none,channel_g711_20db,eval,0.99732506275177
${DATA_ROOT}/clips/175522_7Hz37FoUWV3ZFiMU_0024.wav,bonafide,hi-en,175522,mucs2021,none,channel_g711_20db,eval,0.9975233674049377
${DATA_ROOT}/clips/175522_7Hz37FoUWV3ZFiMU_0025.wav,bonafide,hi-en,175522,mucs2021,none,channel_g711_20db,eval,0.9972206354141235
${DATA_ROOT}/clips/175522_7Hz37FoUWV3ZFiMU_0026.wav,bonafide,hi-en,175522,mucs2021,none,channel_g711_20db,eval,0.9974170923233032
${DATA_ROOT}/clips/175522_7Hz37FoUWV3ZFiMU_0027.wav,bonafide,hi-en,175522,mucs2021,none,channel_g711_20db,eval,0.9972589015960693
${DATA_ROOT}/clips/175522_7Hz37FoUWV3ZFiMU_0028.wav,bonafide,hi-en,175522,mucs2021,none,channel_g711_20db,eval,0.9976451992988586
${DATA_ROOT}/clips/175522_7Hz37FoUWV3ZFiMU_0029.wav,bonafide,hi-en,175522,mucs2021,none,channel_g711_20db,eval,0.9968729615211487
${DATA_ROOT}/clips/175522_7Hz37FoUWV3ZFiMU_0030.wav,bonafide,hi-en,175522,mucs2021,none,channel_g711_20db,eval,0.9975134134292603
${DATA_ROOT}/clips/175522_7Hz37FoUWV3ZFiMU_0031.wav,bonafide,hi-en,175522,mucs2021,none,channel_g711_20db,eval,0.9974743723869324
${DATA_ROOT}/clips/175522_7Hz37FoUWV3ZFiMU_0032.wav,bonafide,hi-en,175522,mucs2021,none,channel_g711_20db,eval,0.9973669648170471
${DATA_ROOT}/clips/175522_7Hz37FoUWV3ZFiMU_0033.wav,bonafide,hi-en,175522,mucs2021,none,channel_g711_20db,eval,0.9971060156822205
${DATA_ROOT}/clips/175522_7Hz37FoUWV3ZFiMU_0034.wav,bonafide,hi-en,175522,mucs2021,none,channel_g711_20db,eval,0.9970692992210388
${DATA_ROOT}/clips/175522_7Hz37FoUWV3ZFiMU_0035.wav,bonafide,hi-en,175522,mucs2021,none,channel_g711_20db,eval,0.9971852898597717
${DATA_ROOT}/clips/175522_7Hz37FoUWV3ZFiMU_0036.wav,bonafide,hi-en,175522,mucs2021,none,channel_g711_20db,eval,0.997597873210907
${DATA_ROOT}/clips/175522_7Hz37FoUWV3ZFiMU_0037.wav,bonafide,hi-en,175522,mucs2021,none,channel_g711_20db,eval,0.9971845746040344
${DATA_ROOT}/clips/175522_7Hz37FoUWV3ZFiMU_0038.wav,bonafide,hi-en,175522,mucs2021,none,channel_g711_20db,eval,0.9971291422843933
${DATA_ROOT}/clips/175522_7Hz37FoUWV3ZFiMU_0039.wav,bonafide,hi-en,175522,mucs2021,none,channel_g711_20db,eval,0.997334897518158
${DATA_ROOT}/clips/175522_7Hz37FoUWV3ZFiMU_0040.wav,bonafide,hi-en,175522,mucs2021,none,channel_g711_20db,eval,0.9972372055053711
${DATA_ROOT}/clips/175522_7Hz37FoUWV3ZFiMU_0041.wav,bonafide,hi-en,175522,mucs2021,none,channel_g711_20db,eval,0.997052788734436
${DATA_ROOT}/clips/175522_7Hz37FoUWV3ZFiMU_0042.wav,bonafide,hi-en,175522,mucs2021,none,channel_g711_20db,eval,0.9973189234733582
${DATA_ROOT}/clips/175522_7Hz37FoUWV3ZFiMU_0043.wav,bonafide,hi-en,175522,mucs2021,none,channel_g711_20db,eval,0.9973466396331787
${DATA_ROOT}/clips/175522_7Hz37FoUWV3ZFiMU_0044.wav,bonafide,hi-en,175522,mucs2021,none,channel_g711_20db,eval,0.9971588850021362
${DATA_ROOT}/clips/175522_7Hz37FoUWV3ZFiMU_0045.wav,bonafide,hi-en,175522,mucs2021,none,channel_g711_20db,eval,0.9970813393592834
${DATA_ROOT}/clips/175522_7Hz37FoUWV3ZFiMU_0046.wav,bonafide,hi-en,175522,mucs2021,none,channel_g711_20db,eval,0.9972033500671387
${DATA_ROOT}/clips/175522_7Hz37FoUWV3ZFiMU_0047.wav,bonafide,hi-en,175522,mucs2021,none,channel_g711_20db,eval,0.996837854385376
${DATA_ROOT}/clips/175522_7Hz37FoUWV3ZFiMU_0048.wav,bonafide,hi-en,175522,mucs2021,none,channel_g711_20db,eval,0.9966853260993958
${DATA_ROOT}/clips/175522_7Hz37FoUWV3ZFiMU_0049.wav,bonafide,hi-en,175522,mucs2021,none,channel_g711_20db,eval,0.9971416592597961
${DATA_ROOT}/clips/175522_7Hz37FoUWV3ZFiMU_0050.wav,bonafide,hi-en,175522,mucs2021,none,channel_g711_20db,eval,0.9972838163375854
${DATA_ROOT}/clips/175522_7Hz37FoUWV3ZFiMU_0051.wav,bonafide,hi-en,175522,mucs2021,none,channel_g711_20db,eval,0.9971131086349487
${DATA_ROOT}/clips/175522_7Hz37FoUWV3ZFiMU_0052.wav,bonafide,hi-en,175522,mucs2021,none,channel_g711_20db,eval,0.9972338080406189
${DATA_ROOT}/clips/175522_7Hz37FoUWV3ZFiMU_0053.wav,bonafide,hi-en,175522,mucs2021,none,channel_g711_20db,eval,0.9969872832298279
${DATA_ROOT}/clips/175522_7Hz37FoUWV3ZFiMU_0054.wav,bonafide,hi-en,175522,mucs2021,none,channel_g711_20db,eval,0.9972892999649048
${DATA_ROOT}/clips/175522_7Hz37FoUWV3ZFiMU_0055.wav,bonafide,hi-en,175522,mucs2021,none,channel_g711_20db,eval,0.9972648620605469
${DATA_ROOT}/clips/175522_7Hz37FoUWV3ZFiMU_0056.wav,bonafide,hi-en,175522,mucs2021,none,channel_g711_20db,eval,0.997521698474884
${DATA_ROOT}/clips/175522_7Hz37FoUWV3ZFiMU_0057.wav,bonafide,hi-en,175522,mucs2021,none,channel_g711_20db,eval,0.996751070022583
${DATA_ROOT}/clips/175522_7Hz37FoUWV3ZFiMU_0058.wav,bonafide,hi-en,175522,mucs2021,none,channel_g711_20db,eval,0.9963571429252625
${DATA_ROOT}/clips/175522_7Hz37FoUWV3ZFiMU_0059.wav,bonafide,hi-en,175522,mucs2021,none,channel_g711_20db,eval,0.9966922998428345
${DATA_ROOT}/clips/175522_7Hz37FoUWV3ZFiMU_0060.wav,bonafide,hi-en,175522,mucs2021,none,channel_g711_20db,eval,0.9973230957984924
${DATA_ROOT}/clips/175522_7Hz37FoUWV3ZFiMU_0061.wav,bonafide,hi-en,175522,mucs2021,none,channel_g711_20db,eval,0.997232973575592
${DATA_ROOT}/clips/175522_7Hz37FoUWV3ZFiMU_0062.wav,bonafide,hi-en,175522,mucs2021,none,channel_g711_20db,eval,0.9975734353065491
${DATA_ROOT}/clips/175522_7Hz37FoUWV3ZFiMU_0063.wav,bonafide,hi-en,175522,mucs2021,none,channel_g711_20db,eval,0.9972119927406311
${DATA_ROOT}/clips/175522_7Hz37FoUWV3ZFiMU_0064.wav,bonafide,hi-en,175522,mucs2021,none,channel_g711_20db,eval,0.9973415732383728
${DATA_ROOT}/clips/175522_7Hz37FoUWV3ZFiMU_0065.wav,bonafide,hi-en,175522,mucs2021,none,channel_g711_20db,eval,0.9973885416984558
${DATA_ROOT}/clips/175522_7Hz37FoUWV3ZFiMU_0066.wav,bonafide,hi-en,175522,mucs2021,none,channel_g711_20db,eval,0.9973142743110657
${DATA_ROOT}/clips/175522_7Hz37FoUWV3ZFiMU_0067.wav,bonafide,hi-en,175522,mucs2021,none,channel_g711_20db,eval,0.9969124794006348
${DATA_ROOT}/clips/175522_7Hz37FoUWV3ZFiMU_0068.wav,bonafide,hi-en,175522,mucs2021,none,channel_g711_20db,eval,0.9974938631057739
${DATA_ROOT}/clips/175522_7Hz37FoUWV3ZFiMU_0069.wav,bonafide,hi-en,175522,mucs2021,none,channel_g711_20db,eval,0.957240879535675
${DATA_ROOT}/clips/175522_7Hz37FoUWV3ZFiMU_0070.wav,bonafide,hi-en,175522,mucs2021,none,channel_g711_20db,eval,0.9972077012062073
${DATA_ROOT}/clips/175522_7Hz37FoUWV3ZFiMU_0071.wav,bonafide,hi-en,175522,mucs2021,none,channel_g711_20db,eval,0.9975167512893677
${DATA_ROOT}/clips/175522_7Hz37FoUWV3ZFiMU_0072.wav,bonafide,hi-en,175522,mucs2021,none,channel_g711_20db,eval,0.9971311092376709
${DATA_ROOT}/clips/175522_7Hz37FoUWV3ZFiMU_0073.wav,bonafide,hi-en,175522,mucs2021,none,channel_g711_20db,eval,0.9973853230476379
${DATA_ROOT}/clips/175522_7Hz37FoUWV3ZFiMU_0074.wav,bonafide,hi-en,175522,mucs2021,none,channel_g711_20db,eval,0.9971473813056946
${DATA_ROOT}/clips/175522_7Hz37FoUWV3ZFiMU_0075.wav,bonafide,hi-en,175522,mucs2021,none,channel_g711_20db,eval,0.9973509311676025
${DATA_ROOT}/clips/175522_7Hz37FoUWV3ZFiMU_0076.wav,bonafide,hi-en,175522,mucs2021,none,channel_g711_20db,eval,0.9975475668907166
${DATA_ROOT}/clips/175522_7Hz37FoUWV3ZFiMU_0077.wav,bonafide,hi-en,175522,mucs2021,none,channel_g711_20db,eval,0.9968786239624023
${DATA_ROOT}/clips/175522_7Hz37FoUWV3ZFiMU_0078.wav,bonafide,hi-en,175522,mucs2021,none,channel_g711_20db,eval,0.9971609115600586
${DATA_ROOT}/clips/175522_7Hz37FoUWV3ZFiMU_0079.wav,bonafide,hi-en,175522,mucs2021,none,channel_g711_20db,eval,0.997149646282196
${DATA_ROOT}/clips/175522_7Hz37FoUWV3ZFiMU_0080.wav,bonafide,hi-en,175522,mucs2021,none,channel_g711_20db,eval,0.9971189498901367
${DATA_ROOT}/clips/175522_7Hz37FoUWV3ZFiMU_0081.wav,bonafide,hi-en,175522,mucs2021,none,channel_g711_20db,eval,0.9970976114273071
${DATA_ROOT}/clips/175522_7Hz37FoUWV3ZFiMU_0082.wav,bonafide,hi-en,175522,mucs2021,none,channel_g711_20db,eval,0.9970129728317261
${DATA_ROOT}/clips/175522_7Hz37FoUWV3ZFiMU_0083.wav,bonafide,hi-en,175522,mucs2021,none,channel_g711_20db,eval,0.9969180822372437
${DATA_ROOT}/clips/175522_7Hz37FoUWV3ZFiMU_0084.wav,bonafide,hi-en,175522,mucs2021,none,channel_g711_20db,eval,0.9972077012062073
${DATA_ROOT}/clips/175522_7Hz37FoUWV3ZFiMU_0085.wav,bonafide,hi-en,175522,mucs2021,none,channel_g711_20db,eval,0.9971948862075806
${DATA_ROOT}/clips/175522_7Hz37FoUWV3ZFiMU_0086.wav,bonafide,hi-en,175522,mucs2021,none,channel_g711_20db,eval,0.9975058436393738
${DATA_ROOT}/clips/175522_7Hz37FoUWV3ZFiMU_0087.wav,bonafide,hi-en,175522,mucs2021,none,channel_g711_20db,eval,0.9973288774490356
${DATA_ROOT}/clips/175522_7Hz37FoUWV3ZFiMU_0088.wav,bonafide,hi-en,175522,mucs2021,none,channel_g711_20db,eval,0.9973745346069336
${DATA_ROOT}/clips/175522_7Hz37FoUWV3ZFiMU_0089.wav,bonafide,hi-en,175522,mucs2021,none,channel_g711_20db,eval,0.9971731901168823
${DATA_ROOT}/clips/175522_7Hz37FoUWV3ZFiMU_0090.wav,bonafide,hi-en,175522,mucs2021,none,channel_g711_20db,eval,0.9974529147148132
${DATA_ROOT}/clips/175522_7Hz37FoUWV3ZFiMU_0091.wav,bonafide,hi-en,175522,mucs2021,none,channel_g711_20db,eval,0.9968559741973877
${DATA_ROOT}/clips/175522_7Hz37FoUWV3ZFiMU_0092.wav,bonafide,hi-en,175522,mucs2021,none,channel_g711_20db,eval,0.997441291809082
${DATA_ROOT}/clips/175522_7Hz37FoUWV3ZFiMU_0093.wav,bonafide,hi-en,175522,mucs2021,none,channel_g711_20db,eval,0.9972395896911621
${DATA_ROOT}/clips/175522_7Hz37FoUWV3ZFiMU_0094.wav,bonafide,hi-en,175522,mucs2021,none,channel_g711_20db,eval,0.9973502159118652
${DATA_ROOT}/clips/175522_7Hz37FoUWV3ZFiMU_0095.wav,bonafide,hi-en,175522,mucs2021,none,channel_g711_20db,eval,0.9970557689666748
${DATA_ROOT}/clips/175522_7Hz37FoUWV3ZFiMU_0096.wav,bonafide,hi-en,175522,mucs2021,none,channel_g711_20db,eval,0.9970874190330505
${DATA_ROOT}/clips/175522_7Hz37FoUWV3ZFiMU_0097.wav,bonafide,hi-en,175522,mucs2021,none,channel_g711_20db,eval,0.9970909357070923
${DATA_ROOT}/clips/175522_7Hz37FoUWV3ZFiMU_0098.wav,bonafide,hi-en,175522,mucs2021,none,channel_g711_20db,eval,0.9973326921463013
${DATA_ROOT}/clips/175522_7Hz37FoUWV3ZFiMU_0099.wav,bonafide,hi-en,175522,mucs2021,none,channel_g711_20db,eval,0.9972445964813232
${DATA_ROOT}/clips/175522_7Hz37FoUWV3ZFiMU_0100.wav,bonafide,hi-en,175522,mucs2021,none,channel_g711_20db,eval,0.9973664879798889
${DATA_ROOT}/clips/175522_7Hz37FoUWV3ZFiMU_0101.wav,bonafide,hi-en,175522,mucs2021,none,channel_g711_20db,eval,0.997412383556366
${DATA_ROOT}/clips/232748_sKqPXTyNgbuqBiCf_0000.wav,bonafide,hi-en,232748,mucs2021,none,channel_g711_20db,eval,0.9973142743110657
${DATA_ROOT}/clips/232748_sKqPXTyNgbuqBiCf_0001.wav,bonafide,hi-en,232748,mucs2021,none,channel_g711_20db,eval,0.9974834322929382
${DATA_ROOT}/clips/232748_sKqPXTyNgbuqBiCf_0002.wav,bonafide,hi-en,232748,mucs2021,none,channel_g711_20db,eval,0.9974415302276611
${DATA_ROOT}/clips/232748_sKqPXTyNgbuqBiCf_0003.wav,bonafide,hi-en,232748,mucs2021,none,channel_g711_20db,eval,0.997574508190155
${DATA_ROOT}/clips/232748_sKqPXTyNgbuqBiCf_0004.wav,bonafide,hi-en,232748,mucs2021,none,channel_g711_20db,eval,0.9969049096107483
${DATA_ROOT}/clips/232748_sKqPXTyNgbuqBiCf_0005.wav,bonafide,hi-en,232748,mucs2021,none,channel_g711_20db,eval,0.9974310994148254
${DATA_ROOT}/clips/232748_sKqPXTyNgbuqBiCf_0006.wav,bonafide,hi-en,232748,mucs2021,none,channel_g711_20db,eval,0.9976156949996948
${DATA_ROOT}/clips/232748_sKqPXTyNgbuqBiCf_0007.wav,bonafide,hi-en,232748,mucs2021,none,channel_g711_20db,eval,0.997138500213623
${DATA_ROOT}/clips/232748_sKqPXTyNgbuqBiCf_0008.wav,bonafide,hi-en,232748,mucs2021,none,channel_g711_20db,eval,0.9972941279411316
${DATA_ROOT}/clips/232748_sKqPXTyNgbuqBiCf_0009.wav,bonafide,hi-en,232748,mucs2021,none,channel_g711_20db,eval,0.9863813519477844
${DATA_ROOT}/clips/232748_sKqPXTyNgbuqBiCf_0010.wav,bonafide,hi-en,232748,mucs2021,none,channel_g711_20db,eval,0.9974269270896912
${DATA_ROOT}/clips/232748_sKqPXTyNgbuqBiCf_0011.wav,bonafide,hi-en,232748,mucs2021,none,channel_g711_20db,eval,0.9972028732299805
${DATA_ROOT}/clips/232748_sKqPXTyNgbuqBiCf_0012.wav,bonafide,hi-en,232748,mucs2021,none,channel_g711_20db,eval,0.9974609613418579
${DATA_ROOT}/clips/232748_sKqPXTyNgbuqBiCf_0013.wav,bonafide,hi-en,232748,mucs2021,none,channel_g711_20db,eval,0.9960334897041321
${DATA_ROOT}/clips/232748_sKqPXTyNgbuqBiCf_0014.wav,bonafide,hi-en,232748,mucs2021,none,channel_g711_20db,eval,0.9972755312919617
${DATA_ROOT}/clips/232748_sKqPXTyNgbuqBiCf_0015.wav,bonafide,hi-en,232748,mucs2021,none,channel_g711_20db,eval,0.9972103238105774
${DATA_ROOT}/clips/232748_sKqPXTyNgbuqBiCf_0016.wav,bonafide,hi-en,232748,mucs2021,none,channel_g711_20db,eval,0.995236873626709
${DATA_ROOT}/clips/232748_sKqPXTyNgbuqBiCf_0017.wav,bonafide,hi-en,232748,mucs2021,none,channel_g711_20db,eval,0.9971774816513062
${DATA_ROOT}/clips/232748_sKqPXTyNgbuqBiCf_0018.wav,bonafide,hi-en,232748,mucs2021,none,channel_g711_20db,eval,0.9974179267883301
${DATA_ROOT}/clips/232748_sKqPXTyNgbuqBiCf_0019.wav,bonafide,hi-en,232748,mucs2021,none,channel_g711_20db,eval,0.9972430467605591
${DATA_ROOT}/clips/232748_sKqPXTyNgbuqBiCf_0020.wav,bonafide,hi-en,232748,mucs2021,none,channel_g711_20db,eval,0.9972533583641052
${DATA_ROOT}/clips/232748_sKqPXTyNgbuqBiCf_0021.wav,bonafide,hi-en,232748,mucs2021,none,channel_g711_20db,eval,0.9975538849830627
${DATA_ROOT}/clips/232748_sKqPXTyNgbuqBiCf_0022.wav,bonafide,hi-en,232748,mucs2021,none,channel_g711_20db,eval,0.9971554279327393
${DATA_ROOT}/clips/232748_sKqPXTyNgbuqBiCf_0023.wav,bonafide,hi-en,232748,mucs2021,none,channel_g711_20db,eval,0.996090829372406
${DATA_ROOT}/clips/232748_sKqPXTyNgbuqBiCf_0024.wav,bonafide,hi-en,232748,mucs2021,none,channel_g711_20db,eval,0.996945321559906
${DATA_ROOT}/clips/232748_sKqPXTyNgbuqBiCf_0025.wav,bonafide,hi-en,232748,mucs2021,none,channel_g711_20db,eval,0.9974877834320068
${DATA_ROOT}/clips/232748_sKqPXTyNgbuqBiCf_0026.wav,bonafide,hi-en,232748,mucs2021,none,channel_g711_20db,eval,0.9973799586296082
${DATA_ROOT}/clips/232748_sKqPXTyNgbuqBiCf_0027.wav,bonafide,hi-en,232748,mucs2021,none,channel_g711_20db,eval,0.9970476031303406
${DATA_ROOT}/clips/232748_sKqPXTyNgbuqBiCf_0028.wav,bonafide,hi-en,232748,mucs2021,none,channel_g711_20db,eval,0.9973024129867554
${DATA_ROOT}/clips/232748_sKqPXTyNgbuqBiCf_0029.wav,bonafide,hi-en,232748,mucs2021,none,channel_g711_20db,eval,0.7117013931274414
${DATA_ROOT}/clips/232748_sKqPXTyNgbuqBiCf_0030.wav,bonafide,hi-en,232748,mucs2021,none,channel_g711_20db,eval,0.9972629547119141
${DATA_ROOT}/clips/232748_sKqPXTyNgbuqBiCf_0031.wav,bonafide,hi-en,232748,mucs2021,none,channel_g711_20db,eval,0.9974361062049866
${DATA_ROOT}/clips/232748_sKqPXTyNgbuqBiCf_0032.wav,bonafide,hi-en,232748,mucs2021,none,channel_g711_20db,eval,0.997132420539856
${DATA_ROOT}/clips/232748_sKqPXTyNgbuqBiCf_0033.wav,bonafide,hi-en,232748,mucs2021,none,channel_g711_20db,eval,0.9969774484634399
${DATA_ROOT}/clips/232748_sKqPXTyNgbuqBiCf_0034.wav,bonafide,hi-en,232748,mucs2021,none,channel_g711_20db,eval,0.9973672032356262
${DATA_ROOT}/clips/232748_sKqPXTyNgbuqBiCf_0035.wav,bonafide,hi-en,232748,mucs2021,none,channel_g711_20db,eval,0.9972988963127136
${DATA_ROOT}/clips/232748_sKqPXTyNgbuqBiCf_0036.wav,bonafide,hi-en,232748,mucs2021,none,channel_g711_20db,eval,0.9969884753227234
${DATA_ROOT}/clips/232748_sKqPXTyNgbuqBiCf_0037.wav,bonafide,hi-en,232748,mucs2021,none,channel_g711_20db,eval,0.9971989393234253
${DATA_ROOT}/clips/232748_sKqPXTyNgbuqBiCf_0038.wav,bonafide,hi-en,232748,mucs2021,none,channel_g711_20db,eval,0.9974992871284485
${DATA_ROOT}/clips/232748_sKqPXTyNgbuqBiCf_0039.wav,bonafide,hi-en,232748,mucs2021,none,channel_g711_20db,eval,0.9969275593757629
${DATA_ROOT}/clips/232748_sKqPXTyNgbuqBiCf_0040.wav,bonafide,hi-en,232748,mucs2021,none,channel_g711_20db,eval,0.997437596321106
${DATA_ROOT}/clips/232748_sKqPXTyNgbuqBiCf_0041.wav,bonafide,hi-en,232748,mucs2021,none,channel_g711_20db,eval,0.9973334074020386
${DATA_ROOT}/clips/232748_sKqPXTyNgbuqBiCf_0042.wav,bonafide,hi-en,232748,mucs2021,none,channel_g711_20db,eval,0.9975727200508118
${DATA_ROOT}/clips/232748_sKqPXTyNgbuqBiCf_0043.wav,bonafide,hi-en,232748,mucs2021,none,channel_g711_20db,eval,0.9971463084220886
${DATA_ROOT}/clips/232748_sKqPXTyNgbuqBiCf_0044.wav,bonafide,hi-en,232748,mucs2021,none,channel_g711_20db,eval,0.9972223043441772
${DATA_ROOT}/clips/232748_sKqPXTyNgbuqBiCf_0045.wav,bonafide,hi-en,232748,mucs2021,none,channel_g711_20db,eval,0.997655987739563
${DATA_ROOT}/clips/232748_sKqPXTyNgbuqBiCf_0046.wav,bonafide,hi-en,232748,mucs2021,none,channel_g711_20db,eval,0.9973090887069702
${DATA_ROOT}/clips/232748_sKqPXTyNgbuqBiCf_0047.wav,bonafide,hi-en,232748,mucs2021,none,channel_g711_20db,eval,0.9972302317619324
${DATA_ROOT}/clips/232748_sKqPXTyNgbuqBiCf_0048.wav,bonafide,hi-en,232748,mucs2021,none,channel_g711_20db,eval,0.9971479773521423
${DATA_ROOT}/clips/232748_sKqPXTyNgbuqBiCf_0049.wav,bonafide,hi-en,232748,mucs2021,none,channel_g711_20db,eval,0.9971612691879272
${DATA_ROOT}/clips/232748_sKqPXTyNgbuqBiCf_0050.wav,bonafide,hi-en,232748,mucs2021,none,channel_g711_20db,eval,0.9970787763595581
${DATA_ROOT}/clips/232748_sKqPXTyNgbuqBiCf_0051.wav,bonafide,hi-en,232748,mucs2021,none,channel_g711_20db,eval,0.9968844056129456
${DATA_ROOT}/clips/232748_sKqPXTyNgbuqBiCf_0052.wav,bonafide,hi-en,232748,mucs2021,none,channel_g711_20db,eval,0.9973559379577637
${DATA_ROOT}/clips/232748_sKqPXTyNgbuqBiCf_0053.wav,bonafide,hi-en,232748,mucs2021,none,channel_g711_20db,eval,0.996826171875
${DATA_ROOT}/clips/232748_sKqPXTyNgbuqBiCf_0054.wav,bonafide,hi-en,232748,mucs2021,none,channel_g711_20db,eval,0.9541065692901611
${DATA_ROOT}/clips/232748_sKqPXTyNgbuqBiCf_0055.wav,bonafide,hi-en,232748,mucs2021,none,channel_g711_20db,eval,0.9971762895584106
${DATA_ROOT}/clips/232748_sKqPXTyNgbuqBiCf_0056.wav,bonafide,hi-en,232748,mucs2021,none,channel_g711_20db,eval,0.722041666507721
${DATA_ROOT}/clips/232748_sKqPXTyNgbuqBiCf_0057.wav,bonafide,hi-en,232748,mucs2021,none,channel_g711_20db,eval,0.9974966645240784
${DATA_ROOT}/clips/232748_sKqPXTyNgbuqBiCf_0058.wav,bonafide,hi-en,232748,mucs2021,none,channel_g711_20db,eval,0.9972869157791138
${DATA_ROOT}/clips/232748_sKqPXTyNgbuqBiCf_0059.wav,bonafide,hi-en,232748,mucs2021,none,channel_g711_20db,eval,0.9971519708633423
${DATA_ROOT}/clips/232748_sKqPXTyNgbuqBiCf_0060.wav,bonafide,hi-en,232748,mucs2021,none,channel_g711_20db,eval,0.9971359968185425
${DATA_ROOT}/clips/232748_sKqPXTyNgbuqBiCf_0061.wav,bonafide,hi-en,232748,mucs2021,none,channel_g711_20db,eval,0.9971689581871033
${DATA_ROOT}/clips/232748_sKqPXTyNgbuqBiCf_0062.wav,bonafide,hi-en,232748,mucs2021,none,channel_g711_20db,eval,0.997025191783905
${DATA_ROOT}/clips/232748_sKqPXTyNgbuqBiCf_0063.wav,bonafide,hi-en,232748,mucs2021,none,channel_g711_20db,eval,0.9972412586212158
${DATA_ROOT}/clips/232748_sKqPXTyNgbuqBiCf_0064.wav,bonafide,hi-en,232748,mucs2021,none,channel_g711_20db,eval,0.9971134662628174
${DATA_ROOT}/clips/232748_sKqPXTyNgbuqBiCf_0065.wav,bonafide,hi-en,232748,mucs2021,none,channel_g711_20db,eval,0.9965774416923523
${DATA_ROOT}/clips/232748_sKqPXTyNgbuqBiCf_0066.wav,bonafide,hi-en,232748,mucs2021,none,channel_g711_20db,eval,0.9971087574958801
${DATA_ROOT}/clips/232748_sKqPXTyNgbuqBiCf_0067.wav,bonafide,hi-en,232748,mucs2021,none,channel_g711_20db,eval,0.9971755743026733
${DATA_ROOT}/clips/232748_sKqPXTyNgbuqBiCf_0068.wav,bonafide,hi-en,232748,mucs2021,none,channel_g711_20db,eval,0.9972213506698608
${DATA_ROOT}/clips/232748_sKqPXTyNgbuqBiCf_0069.wav,bonafide,hi-en,232748,mucs2021,none,channel_g711_20db,eval,0.9971247315406799
${DATA_ROOT}/clips/232748_sKqPXTyNgbuqBiCf_0070.wav,bonafide,hi-en,232748,mucs2021,none,channel_g711_20db,eval,0.9971306920051575
${DATA_ROOT}/clips/232748_sKqPXTyNgbuqBiCf_0071.wav,bonafide,hi-en,232748,mucs2021,none,channel_g711_20db,eval,0.997361958026886
${DATA_ROOT}/clips/232748_sKqPXTyNgbuqBiCf_0072.wav,bonafide,hi-en,232748,mucs2021,none,channel_g711_20db,eval,0.9974362254142761
${DATA_ROOT}/clips/232748_sKqPXTyNgbuqBiCf_0073.wav,bonafide,hi-en,232748,mucs2021,none,channel_g711_20db,eval,0.9971029162406921
${DATA_ROOT}/clips/232748_sKqPXTyNgbuqBiCf_0074.wav,bonafide,hi-en,232748,mucs2021,none,channel_g711_20db,eval,0.9969636797904968
${DATA_ROOT}/clips/232748_sKqPXTyNgbuqBiCf_0075.wav,bonafide,hi-en,232748,mucs2021,none,channel_g711_20db,eval,0.9976638555526733
${DATA_ROOT}/clips/232748_sKqPXTyNgbuqBiCf_0076.wav,bonafide,hi-en,232748,mucs2021,none,channel_g711_20db,eval,0.9973728656768799
${DATA_ROOT}/clips/232748_sKqPXTyNgbuqBiCf_0077.wav,bonafide,hi-en,232748,mucs2021,none,channel_g711_20db,eval,0.9974988102912903
${DATA_ROOT}/clips/232748_sKqPXTyNgbuqBiCf_0078.wav,bonafide,hi-en,232748,mucs2021,none,channel_g711_20db,eval,0.997154712677002
${DATA_ROOT}/clips/232748_sKqPXTyNgbuqBiCf_0079.wav,bonafide,hi-en,232748,mucs2021,none,channel_g711_20db,eval,0.9976050853729248
${DATA_ROOT}/clips/232748_sKqPXTyNgbuqBiCf_0080.wav,bonafide,hi-en,232748,mucs2021,none,channel_g711_20db,eval,0.9941213726997375
${DATA_ROOT}/clips/232748_sKqPXTyNgbuqBiCf_0081.wav,bonafide,hi-en,232748,mucs2021,none,channel_g711_20db,eval,0.9974393844604492
${DATA_ROOT}/clips/232748_sKqPXTyNgbuqBiCf_0082.wav,bonafide,hi-en,232748,mucs2021,none,channel_g711_20db,eval,0.9788726568222046
${DATA_ROOT}/clips/232748_sKqPXTyNgbuqBiCf_0083.wav,bonafide,hi-en,232748,mucs2021,none,channel_g711_20db,eval,0.9975296854972839
${DATA_ROOT}/clips/232748_sKqPXTyNgbuqBiCf_0084.wav,bonafide,hi-en,232748,mucs2021,none,channel_g711_20db,eval,0.9975531697273254
${DATA_ROOT}/clips/232748_sKqPXTyNgbuqBiCf_0085.wav,bonafide,hi-en,232748,mucs2021,none,channel_g711_20db,eval,0.9968646168708801
${DATA_ROOT}/clips/232748_sKqPXTyNgbuqBiCf_0086.wav,bonafide,hi-en,232748,mucs2021,none,channel_g711_20db,eval,0.9973047971725464
${DATA_ROOT}/clips/232748_sKqPXTyNgbuqBiCf_0087.wav,bonafide,hi-en,232748,mucs2021,none,channel_g711_20db,eval,0.9521308541297913
${DATA_ROOT}/clips/238121_Vwrx3NuWik2VD2MU_0000.wav,bonafide,hi-en,238121,mucs2021,none,channel_g711_20db,eval,0.9975226521492004
${DATA_ROOT}/clips/238121_Vwrx3NuWik2VD2MU_0001.wav,bonafide,hi-en,238121,mucs2021,none,channel_g711_20db,eval,0.996918797492981
${DATA_ROOT}/clips/238121_Vwrx3NuWik2VD2MU_0002.wav,bonafide,hi-en,238121,mucs2021,none,channel_g711_20db,eval,0.9975445866584778
${DATA_ROOT}/clips/238121_Vwrx3NuWik2VD2MU_0003.wav,bonafide,hi-en,238121,mucs2021,none,channel_g711_20db,eval,0.997550904750824
${DATA_ROOT}/clips/238121_Vwrx3NuWik2VD2MU_0004.wav,bonafide,hi-en,238121,mucs2021,none,channel_g711_20db,eval,0.9975152015686035
${DATA_ROOT}/clips/238121_Vwrx3NuWik2VD2MU_0005.wav,bonafide,hi-en,238121,mucs2021,none,channel_g711_20db,eval,0.9969387054443359
${DATA_ROOT}/clips/238121_Vwrx3NuWik2VD2MU_0006.wav,bonafide,hi-en,238121,mucs2021,none,channel_g711_20db,eval,0.9973666071891785
${DATA_ROOT}/clips/238121_Vwrx3NuWik2VD2MU_0007.wav,bonafide,hi-en,238121,mucs2021,none,channel_g711_20db,eval,0.9973015785217285
${DATA_ROOT}/clips/238121_Vwrx3NuWik2VD2MU_0008.wav,bonafide,hi-en,238121,mucs2021,none,channel_g711_20db,eval,0.9972628355026245
${DATA_ROOT}/clips/238121_Vwrx3NuWik2VD2MU_0009.wav,bonafide,hi-en,238121,mucs2021,none,channel_g711_20db,eval,0.9975712895393372
${DATA_ROOT}/clips/238121_Vwrx3NuWik2VD2MU_0010.wav,bonafide,hi-en,238121,mucs2021,none,channel_g711_20db,eval,0.9974722266197205
${DATA_ROOT}/clips/238121_Vwrx3NuWik2VD2MU_0011.wav,bonafide,hi-en,238121,mucs2021,none,channel_g711_20db,eval,0.9972587823867798
${DATA_ROOT}/clips/238121_Vwrx3NuWik2VD2MU_0012.wav,bonafide,hi-en,238121,mucs2021,none,channel_g711_20db,eval,0.997520387172699
${DATA_ROOT}/clips/238121_Vwrx3NuWik2VD2MU_0013.wav,bonafide,hi-en,238121,mucs2021,none,channel_g711_20db,eval,0.9974396228790283
${DATA_ROOT}/clips/238121_Vwrx3NuWik2VD2MU_0014.wav,bonafide,hi-en,238121,mucs2021,none,channel_g711_20db,eval,0.9971497654914856
${DATA_ROOT}/clips/238121_Vwrx3NuWik2VD2MU_0015.wav,bonafide,hi-en,238121,mucs2021,none,channel_g711_20db,eval,0.9972659349441528
${DATA_ROOT}/clips/238121_Vwrx3NuWik2VD2MU_0016.wav,bonafide,hi-en,238121,mucs2021,none,channel_g711_20db,eval,0.9973111152648926
${DATA_ROOT}/clips/238121_Vwrx3NuWik2VD2MU_0017.wav,bonafide,hi-en,238121,mucs2021,none,channel_g711_20db,eval,0.9944747090339661
${DATA_ROOT}/clips/238121_Vwrx3NuWik2VD2MU_0018.wav,bonafide,hi-en,238121,mucs2021,none,channel_g711_20db,eval,0.9973093271255493
${DATA_ROOT}/clips/238121_Vwrx3NuWik2VD2MU_0019.wav,bonafide,hi-en,238121,mucs2021,none,channel_g711_20db,eval,0.9973787069320679
${DATA_ROOT}/clips/238121_Vwrx3NuWik2VD2MU_0020.wav,bonafide,hi-en,238121,mucs2021,none,channel_g711_20db,eval,0.997336208820343
${DATA_ROOT}/clips/238121_Vwrx3NuWik2VD2MU_0021.wav,bonafide,hi-en,238121,mucs2021,none,channel_g711_20db,eval,0.9974415302276611
${DATA_ROOT}/clips/238121_Vwrx3NuWik2VD2MU_0022.wav,bonafide,hi-en,238121,mucs2021,none,channel_g711_20db,eval,0.9974023103713989
${DATA_ROOT}/clips/238121_Vwrx3NuWik2VD2MU_0023.wav,bonafide,hi-en,238121,mucs2021,none,channel_g711_20db,eval,0.9972110390663147
${DATA_ROOT}/clips/238121_Vwrx3NuWik2VD2MU_0024.wav,bonafide,hi-en,238121,mucs2021,none,channel_g711_20db,eval,0.9975016713142395
${DATA_ROOT}/clips/238121_Vwrx3NuWik2VD2MU_0025.wav,bonafide,hi-en,238121,mucs2021,none,channel_g711_20db,eval,0.9976307153701782
${DATA_ROOT}/clips/238121_Vwrx3NuWik2VD2MU_0026.wav,bonafide,hi-en,238121,mucs2021,none,channel_g711_20db,eval,0.9975384473800659
${DATA_ROOT}/clips/238121_Vwrx3NuWik2VD2MU_0027.wav,bonafide,hi-en,238121,mucs2021,none,channel_g711_20db,eval,0.9975681900978088
${DATA_ROOT}/clips/238121_Vwrx3NuWik2VD2MU_0028.wav,bonafide,hi-en,238121,mucs2021,none,channel_g711_20db,eval,0.9975173473358154
${DATA_ROOT}/clips/238121_Vwrx3NuWik2VD2MU_0029.wav,bonafide,hi-en,238121,mucs2021,none,channel_g711_20db,eval,0.9971070885658264
${DATA_ROOT}/clips/238121_Vwrx3NuWik2VD2MU_0030.wav,bonafide,hi-en,238121,mucs2021,none,channel_g711_20db,eval,0.9974315762519836
${DATA_ROOT}/clips/238121_Vwrx3NuWik2VD2MU_0031.wav,bonafide,hi-en,238121,mucs2021,none,channel_g711_20db,eval,0.997669517993927
${DATA_ROOT}/clips/238121_Vwrx3NuWik2VD2MU_0032.wav,bonafide,hi-en,238121,mucs2021,none,channel_g711_20db,eval,0.9972986578941345
${DATA_ROOT}/clips/238121_Vwrx3NuWik2VD2MU_0033.wav,bonafide,hi-en,238121,mucs2021,none,channel_g711_20db,eval,0.9976277947425842
${DATA_ROOT}/clips/238121_Vwrx3NuWik2VD2MU_0034.wav,bonafide,hi-en,238121,mucs2021,none,channel_g711_20db,eval,0.9974240064620972
${DATA_ROOT}/clips/238121_Vwrx3NuWik2VD2MU_0035.wav,bonafide,hi-en,238121,mucs2021,none,channel_g711_20db,eval,0.9975322484970093
${DATA_ROOT}/clips/238121_Vwrx3NuWik2VD2MU_0036.wav,bonafide,hi-en,238121,mucs2021,none,channel_g711_20db,eval,0.9974706172943115
${DATA_ROOT}/clips/238121_Vwrx3NuWik2VD2MU_0037.wav,bonafide,hi-en,238121,mucs2021,none,channel_g711_20db,eval,0.9975720047950745
${DATA_ROOT}/clips/238121_Vwrx3NuWik2VD2MU_0038.wav,bonafide,hi-en,238121,mucs2021,none,channel_g711_20db,eval,0.9971774816513062
${DATA_ROOT}/clips/238121_Vwrx3NuWik2VD2MU_0039.wav,bonafide,hi-en,238121,mucs2021,none,channel_g711_20db,eval,0.9974767565727234
${DATA_ROOT}/clips/238121_Vwrx3NuWik2VD2MU_0040.wav,bonafide,hi-en,238121,mucs2021,none,channel_g711_20db,eval,0.7657315135002136
${DATA_ROOT}/clips/238121_Vwrx3NuWik2VD2MU_0041.wav,bonafide,hi-en,238121,mucs2021,none,channel_g711_20db,eval,0.9972807168960571
${DATA_ROOT}/clips/238121_Vwrx3NuWik2VD2MU_0042.wav,bonafide,hi-en,238121,mucs2021,none,channel_g711_20db,eval,0.9974250793457031
${DATA_ROOT}/clips/238121_Vwrx3NuWik2VD2MU_0043.wav,bonafide,hi-en,238121,mucs2021,none,channel_g711_20db,eval,0.9975314140319824
${DATA_ROOT}/clips/238121_Vwrx3NuWik2VD2MU_0044.wav,bonafide,hi-en,238121,mucs2021,none,channel_g711_20db,eval,0.997590184211731
${DATA_ROOT}/clips/238121_Vwrx3NuWik2VD2MU_0045.wav,bonafide,hi-en,238121,mucs2021,none,channel_g711_20db,eval,0.9975548386573792
${DATA_ROOT}/clips/238121_Vwrx3NuWik2VD2MU_0046.wav,bonafide,hi-en,238121,mucs2021,none,channel_g711_20db,eval,0.9972162246704102
${DATA_ROOT}/clips/238121_Vwrx3NuWik2VD2MU_0047.wav,bonafide,hi-en,238121,mucs2021,none,channel_g711_20db,eval,0.9975071549415588
${DATA_ROOT}/clips/238121_Vwrx3NuWik2VD2MU_0048.wav,bonafide,hi-en,238121,mucs2021,none,channel_g711_20db,eval,0.9972537159919739
${DATA_ROOT}/clips/238121_Vwrx3NuWik2VD2MU_0049.wav,bonafide,hi-en,238121,mucs2021,none,channel_g711_20db,eval,0.9972348809242249
${DATA_ROOT}/clips/238121_Vwrx3NuWik2VD2MU_0050.wav,bonafide,hi-en,238121,mucs2021,none,channel_g711_20db,eval,0.9972959160804749
${DATA_ROOT}/clips/238121_Vwrx3NuWik2VD2MU_0051.wav,bonafide,hi-en,238121,mucs2021,none,channel_g711_20db,eval,0.9953488707542419
${DATA_ROOT}/clips/238121_Vwrx3NuWik2VD2MU_0052.wav,bonafide,hi-en,238121,mucs2021,none,channel_g711_20db,eval,0.997624933719635
${DATA_ROOT}/clips/238121_Vwrx3NuWik2VD2MU_0053.wav,bonafide,hi-en,238121,mucs2021,none,channel_g711_20db,eval,0.9976007342338562
${DATA_ROOT}/clips/238121_Vwrx3NuWik2VD2MU_0054.wav,bonafide,hi-en,238121,mucs2021,none,channel_g711_20db,eval,0.9971609115600586
${DATA_ROOT}/clips/238121_Vwrx3NuWik2VD2MU_0055.wav,bonafide,hi-en,238121,mucs2021,none,channel_g711_20db,eval,0.9962961077690125
${DATA_ROOT}/clips/238121_Vwrx3NuWik2VD2MU_0056.wav,bonafide,hi-en,238121,mucs2021,none,channel_g711_20db,eval,0.9974216222763062
${DATA_ROOT}/clips/238121_Vwrx3NuWik2VD2MU_0057.wav,bonafide,hi-en,238121,mucs2021,none,channel_g711_20db,eval,0.9970212578773499
${DATA_ROOT}/clips/238121_Vwrx3NuWik2VD2MU_0058.wav,bonafide,hi-en,238121,mucs2021,none,channel_g711_20db,eval,0.9972871541976929
${DATA_ROOT}/clips/238121_Vwrx3NuWik2VD2MU_0059.wav,bonafide,hi-en,238121,mucs2021,none,channel_g711_20db,eval,0.997218132019043
${DATA_ROOT}/clips/238121_Vwrx3NuWik2VD2MU_0060.wav,bonafide,hi-en,238121,mucs2021,none,channel_g711_20db,eval,0.9975067973136902
${DATA_ROOT}/clips/238121_Vwrx3NuWik2VD2MU_0061.wav,bonafide,hi-en,238121,mucs2021,none,channel_g711_20db,eval,0.9974318146705627
${DATA_ROOT}/clips/238121_Vwrx3NuWik2VD2MU_0062.wav,bonafide,hi-en,238121,mucs2021,none,channel_g711_20db,eval,0.9969403743743896
${DATA_ROOT}/clips/238121_Vwrx3NuWik2VD2MU_0063.wav,bonafide,hi-en,238121,mucs2021,none,channel_g711_20db,eval,0.997217059135437
${DATA_ROOT}/clips/238121_Vwrx3NuWik2VD2MU_0064.wav,bonafide,hi-en,238121,mucs2021,none,channel_g711_20db,eval,0.9973464012145996
${DATA_ROOT}/clips/238121_Vwrx3NuWik2VD2MU_0065.wav,bonafide,hi-en,238121,mucs2021,none,channel_g711_20db,eval,0.9974029660224915
${DATA_ROOT}/clips/238121_Vwrx3NuWik2VD2MU_0066.wav,bonafide,hi-en,238121,mucs2021,none,channel_g711_20db,eval,0.9972872734069824
${DATA_ROOT}/clips/238121_Vwrx3NuWik2VD2MU_0067.wav,bonafide,hi-en,238121,mucs2021,none,channel_g711_20db,eval,0.9974759221076965
${DATA_ROOT}/clips/238121_Vwrx3NuWik2VD2MU_0068.wav,bonafide,hi-en,238121,mucs2021,none,channel_g711_20db,eval,0.9976279139518738
${DATA_ROOT}/clips/238121_Vwrx3NuWik2VD2MU_0069.wav,bonafide,hi-en,238121,mucs2021,none,channel_g711_20db,eval,0.9976024031639099
${DATA_ROOT}/clips/238121_Vwrx3NuWik2VD2MU_0070.wav,bonafide,hi-en,238121,mucs2021,none,channel_g711_20db,eval,0.9973554611206055
${DATA_ROOT}/clips/238121_Vwrx3NuWik2VD2MU_0071.wav,bonafide,hi-en,238121,mucs2021,none,channel_g711_20db,eval,0.997367799282074
${DATA_ROOT}/clips/238121_Vwrx3NuWik2VD2MU_0072.wav,bonafide,hi-en,238121,mucs2021,none,channel_g711_20db,eval,0.9971134662628174
${DATA_ROOT}/clips/238121_Vwrx3NuWik2VD2MU_0073.wav,bonafide,hi-en,238121,mucs2021,none,channel_g711_20db,eval,0.997359573841095
${DATA_ROOT}/clips/238121_Vwrx3NuWik2VD2MU_0074.wav,bonafide,hi-en,238121,mucs2021,none,channel_g711_20db,eval,0.9969357252120972
${DATA_ROOT}/clips/238121_Vwrx3NuWik2VD2MU_0075.wav,bonafide,hi-en,238121,mucs2021,none,channel_g711_20db,eval,0.9972273707389832
${DATA_ROOT}/clips/238121_Vwrx3NuWik2VD2MU_0076.wav,bonafide,hi-en,238121,mucs2021,none,channel_g711_20db,eval,0.99748694896698
${DATA_ROOT}/clips/238121_Vwrx3NuWik2VD2MU_0077.wav,bonafide,hi-en,238121,mucs2021,none,channel_g711_20db,eval,0.997245192527771
${DATA_ROOT}/clips/238121_Vwrx3NuWik2VD2MU_0078.wav,bonafide,hi-en,238121,mucs2021,none,channel_g711_20db,eval,0.997427761554718
${DATA_ROOT}/clips/238121_Vwrx3NuWik2VD2MU_0079.wav,bonafide,hi-en,238121,mucs2021,none,channel_g711_20db,eval,0.9974585175514221
${DATA_ROOT}/clips/238121_Vwrx3NuWik2VD2MU_0080.wav,bonafide,hi-en,238121,mucs2021,none,channel_g711_20db,eval,0.9974783062934875
${DATA_ROOT}/clips/238121_Vwrx3NuWik2VD2MU_0081.wav,bonafide,hi-en,238121,mucs2021,none,channel_g711_20db,eval,0.9974324107170105
${DATA_ROOT}/clips/238121_Vwrx3NuWik2VD2MU_0082.wav,bonafide,hi-en,238121,mucs2021,none,channel_g711_20db,eval,0.9972814321517944
${DATA_ROOT}/clips/238121_Vwrx3NuWik2VD2MU_0083.wav,bonafide,hi-en,238121,mucs2021,none,channel_g711_20db,eval,0.9973214268684387
${DATA_ROOT}/clips/238121_Vwrx3NuWik2VD2MU_0084.wav,bonafide,hi-en,238121,mucs2021,none,channel_g711_20db,eval,0.9973629117012024
${DATA_ROOT}/clips/238121_Vwrx3NuWik2VD2MU_0085.wav,bonafide,hi-en,238121,mucs2021,none,channel_g711_20db,eval,0.9970236420631409
${DATA_ROOT}/clips/238121_Vwrx3NuWik2VD2MU_0086.wav,bonafide,hi-en,238121,mucs2021,none,channel_g711_20db,eval,0.9973354935646057
${DATA_ROOT}/clips/238121_Vwrx3NuWik2VD2MU_0087.wav,bonafide,hi-en,238121,mucs2021,none,channel_g711_20db,eval,0.9970033764839172
${DATA_ROOT}/clips/238121_Vwrx3NuWik2VD2MU_0088.wav,bonafide,hi-en,238121,mucs2021,none,channel_g711_20db,eval,0.9974103569984436
${DATA_ROOT}/clips/238121_Vwrx3NuWik2VD2MU_0089.wav,bonafide,hi-en,238121,mucs2021,none,channel_g711_20db,eval,0.21972320973873138
${DATA_ROOT}/clips/238121_Vwrx3NuWik2VD2MU_0090.wav,bonafide,hi-en,238121,mucs2021,none,channel_g711_20db,eval,0.9971029162406921
${DATA_ROOT}/clips/238121_Vwrx3NuWik2VD2MU_0091.wav,bonafide,hi-en,238121,mucs2021,none,channel_g711_20db,eval,0.9972520470619202
${DATA_ROOT}/clips/386410_gNJ4JccADvXplv9k_0000.wav,bonafide,hi-en,386410,mucs2021,none,channel_g711_20db,eval,0.9973570704460144
${DATA_ROOT}/clips/386410_gNJ4JccADvXplv9k_0001.wav,bonafide,hi-en,386410,mucs2021,none,channel_g711_20db,eval,0.9965531826019287
${DATA_ROOT}/clips/386410_gNJ4JccADvXplv9k_0002.wav,bonafide,hi-en,386410,mucs2021,none,channel_g711_20db,eval,0.997463583946228
${DATA_ROOT}/clips/386410_gNJ4JccADvXplv9k_0003.wav,bonafide,hi-en,386410,mucs2021,none,channel_g711_20db,eval,0.9972298741340637
${DATA_ROOT}/clips/386410_gNJ4JccADvXplv9k_0004.wav,bonafide,hi-en,386410,mucs2021,none,channel_g711_20db,eval,0.9973986148834229
${DATA_ROOT}/clips/386410_gNJ4JccADvXplv9k_0005.wav,bonafide,hi-en,386410,mucs2021,none,channel_g711_20db,eval,0.9971007704734802
${DATA_ROOT}/clips/386410_gNJ4JccADvXplv9k_0006.wav,bonafide,hi-en,386410,mucs2021,none,channel_g711_20db,eval,0.9973588585853577
${DATA_ROOT}/clips/386410_gNJ4JccADvXplv9k_0007.wav,bonafide,hi-en,386410,mucs2021,none,channel_g711_20db,eval,0.997294008731842
${DATA_ROOT}/clips/386410_gNJ4JccADvXplv9k_0008.wav,bonafide,hi-en,386410,mucs2021,none,channel_g711_20db,eval,0.9956793189048767
${DATA_ROOT}/clips/386410_gNJ4JccADvXplv9k_0009.wav,bonafide,hi-en,386410,mucs2021,none,channel_g711_20db,eval,0.997337281703949
${DATA_ROOT}/clips/386410_gNJ4JccADvXplv9k_0010.wav,bonafide,hi-en,386410,mucs2021,none,channel_g711_20db,eval,0.9968051910400391
${DATA_ROOT}/clips/386410_gNJ4JccADvXplv9k_0011.wav,bonafide,hi-en,386410,mucs2021,none,channel_g711_20db,eval,0.9974297881126404
${DATA_ROOT}/clips/386410_gNJ4JccADvXplv9k_0012.wav,bonafide,hi-en,386410,mucs2021,none,channel_g711_20db,eval,0.9973798394203186
${DATA_ROOT}/clips/386410_gNJ4JccADvXplv9k_0013.wav,bonafide,hi-en,386410,mucs2021,none,channel_g711_20db,eval,0.9974763989448547
${DATA_ROOT}/clips/386410_gNJ4JccADvXplv9k_0014.wav,bonafide,hi-en,386410,mucs2021,none,channel_g711_20db,eval,0.9974777102470398
${DATA_ROOT}/clips/386410_gNJ4JccADvXplv9k_0015.wav,bonafide,hi-en,386410,mucs2021,none,channel_g711_20db,eval,0.9973196387290955
${DATA_ROOT}/clips/386410_gNJ4JccADvXplv9k_0016.wav,bonafide,hi-en,386410,mucs2021,none,channel_g711_20db,eval,0.9973825812339783
${DATA_ROOT}/clips/386410_gNJ4JccADvXplv9k_0017.wav,bonafide,hi-en,386410,mucs2021,none,channel_g711_20db,eval,0.9972941279411316
${DATA_ROOT}/clips/386410_gNJ4JccADvXplv9k_0018.wav,bonafide,hi-en,386410,mucs2021,none,channel_g711_20db,eval,0.9968125224113464
${DATA_ROOT}/clips/386410_gNJ4JccADvXplv9k_0019.wav,bonafide,hi-en,386410,mucs2021,none,channel_g711_20db,eval,0.9971740245819092
${DATA_ROOT}/clips/386410_gNJ4JccADvXplv9k_0020.wav,bonafide,hi-en,386410,mucs2021,none,channel_g711_20db,eval,0.9971326589584351
${DATA_ROOT}/clips/386410_gNJ4JccADvXplv9k_0021.wav,bonafide,hi-en,386410,mucs2021,none,channel_g711_20db,eval,0.9972039461135864
${DATA_ROOT}/clips/386410_gNJ4JccADvXplv9k_0022.wav,bonafide,hi-en,386410,mucs2021,none,channel_g711_20db,eval,0.9973135590553284
${DATA_ROOT}/clips/386410_gNJ4JccADvXplv9k_0023.wav,bonafide,hi-en,386410,mucs2021,none,channel_g711_20db,eval,0.9974222183227539
${DATA_ROOT}/clips/386410_gNJ4JccADvXplv9k_0024.wav,bonafide,hi-en,386410,mucs2021,none,channel_g711_20db,eval,0.9971042275428772
${DATA_ROOT}/clips/386410_gNJ4JccADvXplv9k_0025.wav,bonafide,hi-en,386410,mucs2021,none,channel_g711_20db,eval,0.997343122959137
${DATA_ROOT}/clips/386410_gNJ4JccADvXplv9k_0026.wav,bonafide,hi-en,386410,mucs2021,none,channel_g711_20db,eval,0.997485876083374
${DATA_ROOT}/clips/386410_gNJ4JccADvXplv9k_0027.wav,bonafide,hi-en,386410,mucs2021,none,channel_g711_20db,eval,0.9967581629753113
${DATA_ROOT}/clips/386410_gNJ4JccADvXplv9k_0028.wav,bonafide,hi-en,386410,mucs2021,none,channel_g711_20db,eval,0.9967641830444336
${DATA_ROOT}/clips/386410_gNJ4JccADvXplv9k_0029.wav,bonafide,hi-en,386410,mucs2021,none,channel_g711_20db,eval,0.9971578121185303
${DATA_ROOT}/clips/386410_gNJ4JccADvXplv9k_0030.wav,bonafide,hi-en,386410,mucs2021,none,channel_g711_20db,eval,0.9974752068519592
${DATA_ROOT}/clips/386410_gNJ4JccADvXplv9k_0031.wav,bonafide,hi-en,386410,mucs2021,none,channel_g711_20db,eval,0.9967303276062012
${DATA_ROOT}/clips/386410_gNJ4JccADvXplv9k_0032.wav,bonafide,hi-en,386410,mucs2021,none,channel_g711_20db,eval,0.997490644454956
${DATA_ROOT}/clips/386410_gNJ4JccADvXplv9k_0033.wav,bonafide,hi-en,386410,mucs2021,none,channel_g711_20db,eval,0.9971803426742554
${DATA_ROOT}/clips/386410_gNJ4JccADvXplv9k_0034.wav,bonafide,hi-en,386410,mucs2021,none,channel_g711_20db,eval,0.996890127658844
${DATA_ROOT}/clips/386410_gNJ4JccADvXplv9k_0035.wav,bonafide,hi-en,386410,mucs2021,none,channel_g711_20db,eval,0.9970870614051819
${DATA_ROOT}/clips/386410_gNJ4JccADvXplv9k_0036.wav,bonafide,hi-en,386410,mucs2021,none,channel_g711_20db,eval,0.997252881526947
${DATA_ROOT}/clips/386410_gNJ4JccADvXplv9k_0037.wav,bonafide,hi-en,386410,mucs2021,none,channel_g711_20db,eval,0.9972608089447021
${DATA_ROOT}/clips/386410_gNJ4JccADvXplv9k_0038.wav,bonafide,hi-en,386410,mucs2021,none,channel_g711_20db,eval,0.9973739385604858
${DATA_ROOT}/clips/386410_gNJ4JccADvXplv9k_0039.wav,bonafide,hi-en,386410,mucs2021,none,channel_g711_20db,eval,0.9975559711456299
${DATA_ROOT}/clips/386410_gNJ4JccADvXplv9k_0040.wav,bonafide,hi-en,386410,mucs2021,none,channel_g711_20db,eval,0.9968704581260681
${DATA_ROOT}/clips/386410_gNJ4JccADvXplv9k_0041.wav,bonafide,hi-en,386410,mucs2021,none,channel_g711_20db,eval,0.9973026514053345
${DATA_ROOT}/clips/386410_gNJ4JccADvXplv9k_0042.wav,bonafide,hi-en,386410,mucs2021,none,channel_g711_20db,eval,0.9970107078552246
${DATA_ROOT}/clips/386410_gNJ4JccADvXplv9k_0043.wav,bonafide,hi-en,386410,mucs2021,none,channel_g711_20db,eval,0.9973464012145996
${DATA_ROOT}/clips/386410_gNJ4JccADvXplv9k_0044.wav,bonafide,hi-en,386410,mucs2021,none,channel_g711_20db,eval,0.997488260269165
${DATA_ROOT}/clips/386410_gNJ4JccADvXplv9k_0045.wav,bonafide,hi-en,386410,mucs2021,none,channel_g711_20db,eval,0.9975544810295105
${DATA_ROOT}/clips/386410_gNJ4JccADvXplv9k_0046.wav,bonafide,hi-en,386410,mucs2021,none,channel_g711_20db,eval,0.9974043965339661
${DATA_ROOT}/clips/386410_gNJ4JccADvXplv9k_0047.wav,bonafide,hi-en,386410,mucs2021,none,channel_g711_20db,eval,0.997316300868988
${DATA_ROOT}/clips/386410_gNJ4JccADvXplv9k_0048.wav,bonafide,hi-en,386410,mucs2021,none,channel_g711_20db,eval,0.9970122575759888
${DATA_ROOT}/clips/386410_gNJ4JccADvXplv9k_0049.wav,bonafide,hi-en,386410,mucs2021,none,channel_g711_20db,eval,0.9970880150794983
${DATA_ROOT}/clips/386410_gNJ4JccADvXplv9k_0050.wav,bonafide,hi-en,386410,mucs2021,none,channel_g711_20db,eval,0.9971650242805481
${DATA_ROOT}/clips/386410_gNJ4JccADvXplv9k_0051.wav,bonafide,hi-en,386410,mucs2021,none,channel_g711_20db,eval,0.9971632361412048
${DATA_ROOT}/clips/386410_gNJ4JccADvXplv9k_0052.wav,bonafide,hi-en,386410,mucs2021,none,channel_g711_20db,eval,0.9972622394561768
${DATA_ROOT}/clips/386410_gNJ4JccADvXplv9k_0053.wav,bonafide,hi-en,386410,mucs2021,none,channel_g711_20db,eval,0.9974445104598999
${DATA_ROOT}/clips/386410_gNJ4JccADvXplv9k_0054.wav,bonafide,hi-en,386410,mucs2021,none,channel_g711_20db,eval,0.9970923662185669
${DATA_ROOT}/clips/386410_gNJ4JccADvXplv9k_0055.wav,bonafide,hi-en,386410,mucs2021,none,channel_g711_20db,eval,0.997312068939209
${DATA_ROOT}/clips/386410_gNJ4JccADvXplv9k_0056.wav,bonafide,hi-en,386410,mucs2021,none,channel_g711_20db,eval,0.9970415234565735
${DATA_ROOT}/clips/386410_gNJ4JccADvXplv9k_0057.wav,bonafide,hi-en,386410,mucs2021,none,channel_g711_20db,eval,0.9970729351043701
${DATA_ROOT}/clips/386410_gNJ4JccADvXplv9k_0058.wav,bonafide,hi-en,386410,mucs2021,none,channel_g711_20db,eval,0.09201640635728836
${DATA_ROOT}/clips/386410_gNJ4JccADvXplv9k_0059.wav,bonafide,hi-en,386410,mucs2021,none,channel_g711_20db,eval,0.997385561466217
${DATA_ROOT}/clips/386410_gNJ4JccADvXplv9k_0060.wav,bonafide,hi-en,386410,mucs2021,none,channel_g711_20db,eval,0.9969953298568726
${DATA_ROOT}/clips/386410_gNJ4JccADvXplv9k_0061.wav,bonafide,hi-en,386410,mucs2021,none,channel_g711_20db,eval,0.9972739815711975
${DATA_ROOT}/clips/386410_gNJ4JccADvXplv9k_0062.wav,bonafide,hi-en,386410,mucs2021,none,channel_g711_20db,eval,0.9957900643348694
${DATA_ROOT}/clips/386410_gNJ4JccADvXplv9k_0063.wav,bonafide,hi-en,386410,mucs2021,none,channel_g711_20db,eval,0.9970787763595581
${DATA_ROOT}/clips/386410_gNJ4JccADvXplv9k_0064.wav,bonafide,hi-en,386410,mucs2021,none,channel_g711_20db,eval,0.997053861618042
${DATA_ROOT}/clips/386410_gNJ4JccADvXplv9k_0065.wav,bonafide,hi-en,386410,mucs2021,none,channel_g711_20db,eval,0.9973527193069458
${DATA_ROOT}/clips/386410_gNJ4JccADvXplv9k_0066.wav,bonafide,hi-en,386410,mucs2021,none,channel_g711_20db,eval,0.9969452023506165
${DATA_ROOT}/clips/386410_gNJ4JccADvXplv9k_0067.wav,bonafide,hi-en,386410,mucs2021,none,channel_g711_20db,eval,0.9972051978111267
${DATA_ROOT}/clips/386410_gNJ4JccADvXplv9k_0068.wav,bonafide,hi-en,386410,mucs2021,none,channel_g711_20db,eval,0.9974697828292847
${DATA_ROOT}/clips/386410_gNJ4JccADvXplv9k_0069.wav,bonafide,hi-en,386410,mucs2021,none,channel_g711_20db,eval,0.997312605381012
${DATA_ROOT}/clips/386410_gNJ4JccADvXplv9k_0070.wav,bonafide,hi-en,386410,mucs2021,none,channel_g711_20db,eval,0.9971612691879272
${DATA_ROOT}/clips/386410_gNJ4JccADvXplv9k_0071.wav,bonafide,hi-en,386410,mucs2021,none,channel_g711_20db,eval,0.9969319105148315
${DATA_ROOT}/clips/386410_gNJ4JccADvXplv9k_0072.wav,bonafide,hi-en,386410,mucs2021,none,channel_g711_20db,eval,0.9972244501113892
${DATA_ROOT}/clips/386410_gNJ4JccADvXplv9k_0073.wav,bonafide,hi-en,386410,mucs2021,none,channel_g711_20db,eval,0.9968743324279785
${DATA_ROOT}/clips/386410_gNJ4JccADvXplv9k_0074.wav,bonafide,hi-en,386410,mucs2021,none,channel_g711_20db,eval,0.9974411725997925
${DATA_ROOT}/clips/386410_gNJ4JccADvXplv9k_0075.wav,bonafide,hi-en,386410,mucs2021,none,channel_g711_20db,eval,0.997268557548523
${DATA_ROOT}/clips/386410_gNJ4JccADvXplv9k_0076.wav,bonafide,hi-en,386410,mucs2021,none,channel_g711_20db,eval,0.9971112012863159
${DATA_ROOT}/clips/386410_gNJ4JccADvXplv9k_0077.wav,bonafide,hi-en,386410,mucs2021,none,channel_g711_20db,eval,0.7127891182899475
${DATA_ROOT}/clips/541916_5DpOB0LmjVO8tse5_0000.wav,bonafide,hi-en,541916,mucs2021,none,channel_g711_20db,eval,0.9973545074462891
${DATA_ROOT}/clips/541916_5DpOB0LmjVO8tse5_0001.wav,bonafide,hi-en,541916,mucs2021,none,channel_g711_20db,eval,0.9931377172470093
${DATA_ROOT}/clips/541916_5DpOB0LmjVO8tse5_0002.wav,bonafide,hi-en,541916,mucs2021,none,channel_g711_20db,eval,0.9968679547309875
${DATA_ROOT}/clips/541916_5DpOB0LmjVO8tse5_0003.wav,bonafide,hi-en,541916,mucs2021,none,channel_g711_20db,eval,0.9973701238632202
${DATA_ROOT}/clips/541916_5DpOB0LmjVO8tse5_0004.wav,bonafide,hi-en,541916,mucs2021,none,channel_g711_20db,eval,0.9971331357955933
${DATA_ROOT}/clips/541916_5DpOB0LmjVO8tse5_0005.wav,bonafide,hi-en,541916,mucs2021,none,channel_g711_20db,eval,0.9960628151893616
${DATA_ROOT}/clips/541916_5DpOB0LmjVO8tse5_0006.wav,bonafide,hi-en,541916,mucs2021,none,channel_g711_20db,eval,0.9974586367607117
${DATA_ROOT}/clips/541916_5DpOB0LmjVO8tse5_0007.wav,bonafide,hi-en,541916,mucs2021,none,channel_g711_20db,eval,0.9975854158401489
${DATA_ROOT}/clips/541916_5DpOB0LmjVO8tse5_0008.wav,bonafide,hi-en,541916,mucs2021,none,channel_g711_20db,eval,0.9976553916931152
${DATA_ROOT}/clips/541916_5DpOB0LmjVO8tse5_0009.wav,bonafide,hi-en,541916,mucs2021,none,channel_g711_20db,eval,0.9960989952087402
${DATA_ROOT}/clips/541916_5DpOB0LmjVO8tse5_0010.wav,bonafide,hi-en,541916,mucs2021,none,channel_g711_20db,eval,0.9975178241729736
${DATA_ROOT}/clips/541916_5DpOB0LmjVO8tse5_0011.wav,bonafide,hi-en,541916,mucs2021,none,channel_g711_20db,eval,0.9973056316375732
${DATA_ROOT}/clips/541916_5DpOB0LmjVO8tse5_0012.wav,bonafide,hi-en,541916,mucs2021,none,channel_g711_20db,eval,0.9965898990631104
${DATA_ROOT}/clips/541916_5DpOB0LmjVO8tse5_0013.wav,bonafide,hi-en,541916,mucs2021,none,channel_g711_20db,eval,0.9968172311782837
${DATA_ROOT}/clips/541916_5DpOB0LmjVO8tse5_0014.wav,bonafide,hi-en,541916,mucs2021,none,channel_g711_20db,eval,0.9972487092018127
${DATA_ROOT}/clips/541916_5DpOB0LmjVO8tse5_0015.wav,bonafide,hi-en,541916,mucs2021,none,channel_g711_20db,eval,0.9976383447647095
${DATA_ROOT}/clips/541916_5DpOB0LmjVO8tse5_0016.wav,bonafide,hi-en,541916,mucs2021,none,channel_g711_20db,eval,0.9232351779937744
${DATA_ROOT}/clips/541916_5DpOB0LmjVO8tse5_0017.wav,bonafide,hi-en,541916,mucs2021,none,channel_g711_20db,eval,0.9974380731582642
${DATA_ROOT}/clips/541916_5DpOB0LmjVO8tse5_0018.wav,bonafide,hi-en,541916,mucs2021,none,channel_g711_20db,eval,0.9975826740264893
${DATA_ROOT}/clips/541916_5DpOB0LmjVO8tse5_0019.wav,bonafide,hi-en,541916,mucs2021,none,channel_g711_20db,eval,0.9975371360778809
${DATA_ROOT}/clips/541916_5DpOB0LmjVO8tse5_0020.wav,bonafide,hi-en,541916,mucs2021,none,channel_g711_20db,eval,0.997510552406311
${DATA_ROOT}/clips/541916_5DpOB0LmjVO8tse5_0021.wav,bonafide,hi-en,541916,mucs2021,none,channel_g711_20db,eval,0.07672365009784698
${DATA_ROOT}/clips/541916_5DpOB0LmjVO8tse5_0022.wav,bonafide,hi-en,541916,mucs2021,none,channel_g711_20db,eval,0.9975433349609375
${DATA_ROOT}/clips/541916_5DpOB0LmjVO8tse5_0023.wav,bonafide,hi-en,541916,mucs2021,none,channel_g711_20db,eval,0.9972425699234009
${DATA_ROOT}/clips/541916_5DpOB0LmjVO8tse5_0024.wav,bonafide,hi-en,541916,mucs2021,none,channel_g711_20db,eval,0.9975002408027649
${DATA_ROOT}/clips/541916_5DpOB0LmjVO8tse5_0025.wav,bonafide,hi-en,541916,mucs2021,none,channel_g711_20db,eval,0.9969974756240845
${DATA_ROOT}/clips/541916_5DpOB0LmjVO8tse5_0026.wav,bonafide,hi-en,541916,mucs2021,none,channel_g711_20db,eval,0.9955547451972961
${DATA_ROOT}/clips/541916_5DpOB0LmjVO8tse5_0027.wav,bonafide,hi-en,541916,mucs2021,none,channel_g711_20db,eval,0.9972290396690369
${DATA_ROOT}/clips/541916_5DpOB0LmjVO8tse5_0028.wav,bonafide,hi-en,541916,mucs2021,none,channel_g711_20db,eval,0.9975848197937012
${DATA_ROOT}/clips/541916_5DpOB0LmjVO8tse5_0029.wav,bonafide,hi-en,541916,mucs2021,none,channel_g711_20db,eval,0.9973345994949341
${DATA_ROOT}/clips/541916_5DpOB0LmjVO8tse5_0030.wav,bonafide,hi-en,541916,mucs2021,none,channel_g711_20db,eval,0.9974251985549927
${DATA_ROOT}/clips/541916_5DpOB0LmjVO8tse5_0031.wav,bonafide,hi-en,541916,mucs2021,none,channel_g711_20db,eval,0.9971747398376465
${DATA_ROOT}/clips/541916_5DpOB0LmjVO8tse5_0032.wav,bonafide,hi-en,541916,mucs2021,none,channel_g711_20db,eval,0.9973194003105164
${DATA_ROOT}/clips/541916_5DpOB0LmjVO8tse5_0033.wav,bonafide,hi-en,541916,mucs2021,none,channel_g711_20db,eval,0.9974663257598877
${DATA_ROOT}/clips/541916_5DpOB0LmjVO8tse5_0034.wav,bonafide,hi-en,541916,mucs2021,none,channel_g711_20db,eval,0.9976244568824768
${DATA_ROOT}/clips/541916_5DpOB0LmjVO8tse5_0035.wav,bonafide,hi-en,541916,mucs2021,none,channel_g711_20db,eval,0.9975558519363403
${DATA_ROOT}/clips/541916_5DpOB0LmjVO8tse5_0036.wav,bonafide,hi-en,541916,mucs2021,none,channel_g711_20db,eval,0.9964780211448669
${DATA_ROOT}/clips/541916_5DpOB0LmjVO8tse5_0037.wav,bonafide,hi-en,541916,mucs2021,none,channel_g711_20db,eval,0.997430145740509
${DATA_ROOT}/clips/541916_5DpOB0LmjVO8tse5_0038.wav,bonafide,hi-en,541916,mucs2021,none,channel_g711_20db,eval,0.9967774748802185
${DATA_ROOT}/clips/541916_5DpOB0LmjVO8tse5_0039.wav,bonafide,hi-en,541916,mucs2021,none,channel_g711_20db,eval,0.9973661303520203
${DATA_ROOT}/clips/541916_5DpOB0LmjVO8tse5_0040.wav,bonafide,hi-en,541916,mucs2021,none,channel_g711_20db,eval,0.9975497126579285
${DATA_ROOT}/clips/541916_5DpOB0LmjVO8tse5_0041.wav,bonafide,hi-en,541916,mucs2021,none,channel_g711_20db,eval,0.9975186586380005
${DATA_ROOT}/clips/541916_5DpOB0LmjVO8tse5_0042.wav,bonafide,hi-en,541916,mucs2021,none,channel_g711_20db,eval,0.9970730543136597
${DATA_ROOT}/clips/541916_5DpOB0LmjVO8tse5_0043.wav,bonafide,hi-en,541916,mucs2021,none,channel_g711_20db,eval,0.9974545836448669
${DATA_ROOT}/clips/541916_5DpOB0LmjVO8tse5_0044.wav,bonafide,hi-en,541916,mucs2021,none,channel_g711_20db,eval,0.9975650310516357
${DATA_ROOT}/clips/541916_5DpOB0LmjVO8tse5_0045.wav,bonafide,hi-en,541916,mucs2021,none,channel_g711_20db,eval,0.9976736903190613
${DATA_ROOT}/clips/541916_5DpOB0LmjVO8tse5_0046.wav,bonafide,hi-en,541916,mucs2021,none,channel_g711_20db,eval,0.9972994923591614
${DATA_ROOT}/clips/541916_5DpOB0LmjVO8tse5_0047.wav,bonafide,hi-en,541916,mucs2021,none,channel_g711_20db,eval,0.997275173664093
${DATA_ROOT}/clips/541916_5DpOB0LmjVO8tse5_0048.wav,bonafide,hi-en,541916,mucs2021,none,channel_g711_20db,eval,0.9973795413970947
${DATA_ROOT}/clips/541916_5DpOB0LmjVO8tse5_0049.wav,bonafide,hi-en,541916,mucs2021,none,channel_g711_20db,eval,0.9970778226852417
${DATA_ROOT}/clips/541916_5DpOB0LmjVO8tse5_0050.wav,bonafide,hi-en,541916,mucs2021,none,channel_g711_20db,eval,0.9974744915962219
${DATA_ROOT}/clips/541916_5DpOB0LmjVO8tse5_0051.wav,bonafide,hi-en,541916,mucs2021,none,channel_g711_20db,eval,0.9971030354499817
${DATA_ROOT}/clips/541916_5DpOB0LmjVO8tse5_0052.wav,bonafide,hi-en,541916,mucs2021,none,channel_g711_20db,eval,0.9967069029808044
${DATA_ROOT}/clips/541916_5DpOB0LmjVO8tse5_0053.wav,bonafide,hi-en,541916,mucs2021,none,channel_g711_20db,eval,0.9971438050270081
${DATA_ROOT}/clips/541916_5DpOB0LmjVO8tse5_0054.wav,bonafide,hi-en,541916,mucs2021,none,channel_g711_20db,eval,0.9973853230476379
${DATA_ROOT}/clips/541916_5DpOB0LmjVO8tse5_0055.wav,bonafide,hi-en,541916,mucs2021,none,channel_g711_20db,eval,0.996987521648407
${DATA_ROOT}/clips/541916_5DpOB0LmjVO8tse5_0056.wav,bonafide,hi-en,541916,mucs2021,none,channel_g711_20db,eval,0.9972347617149353
${DATA_ROOT}/clips/541916_5DpOB0LmjVO8tse5_0057.wav,bonafide,hi-en,541916,mucs2021,none,channel_g711_20db,eval,0.9976168870925903
${DATA_ROOT}/clips/541916_5DpOB0LmjVO8tse5_0058.wav,bonafide,hi-en,541916,mucs2021,none,channel_g711_20db,eval,0.9976524710655212
${DATA_ROOT}/clips/541916_5DpOB0LmjVO8tse5_0059.wav,bonafide,hi-en,541916,mucs2021,none,channel_g711_20db,eval,0.9954550266265869
${DATA_ROOT}/clips/541916_5DpOB0LmjVO8tse5_0060.wav,bonafide,hi-en,541916,mucs2021,none,channel_g711_20db,eval,0.9976488947868347
${DATA_ROOT}/clips/541916_5DpOB0LmjVO8tse5_0061.wav,bonafide,hi-en,541916,mucs2021,none,channel_g711_20db,eval,0.9973365664482117
${DATA_ROOT}/clips/541916_5DpOB0LmjVO8tse5_0062.wav,bonafide,hi-en,541916,mucs2021,none,channel_g711_20db,eval,0.9975777268409729
${DATA_ROOT}/clips/541916_5DpOB0LmjVO8tse5_0063.wav,bonafide,hi-en,541916,mucs2021,none,channel_g711_20db,eval,0.997536301612854
${DATA_ROOT}/clips/541916_5DpOB0LmjVO8tse5_0064.wav,bonafide,hi-en,541916,mucs2021,none,channel_g711_20db,eval,0.9973435997962952
${DATA_ROOT}/clips/541916_5DpOB0LmjVO8tse5_0065.wav,bonafide,hi-en,541916,mucs2021,none,channel_g711_20db,eval,0.9969565868377686
${DATA_ROOT}/clips/541916_5DpOB0LmjVO8tse5_0066.wav,bonafide,hi-en,541916,mucs2021,none,channel_g711_20db,eval,0.996868908405304
${DATA_ROOT}/clips/541916_5DpOB0LmjVO8tse5_0067.wav,bonafide,hi-en,541916,mucs2021,none,channel_g711_20db,eval,0.9969780445098877
${DATA_ROOT}/clips/541916_5DpOB0LmjVO8tse5_0068.wav,bonafide,hi-en,541916,mucs2021,none,channel_g711_20db,eval,0.99752277135849
${DATA_ROOT}/clips/541916_5DpOB0LmjVO8tse5_0069.wav,bonafide,hi-en,541916,mucs2021,none,channel_g711_20db,eval,0.9974537491798401
${DATA_ROOT}/clips/541916_5DpOB0LmjVO8tse5_0070.wav,bonafide,hi-en,541916,mucs2021,none,channel_g711_20db,eval,0.9975436329841614
${DATA_ROOT}/clips/541916_5DpOB0LmjVO8tse5_0071.wav,bonafide,hi-en,541916,mucs2021,none,channel_g711_20db,eval,0.99759441614151
${DATA_ROOT}/clips/541916_5DpOB0LmjVO8tse5_0072.wav,bonafide,hi-en,541916,mucs2021,none,channel_g711_20db,eval,0.9973032474517822
${DATA_ROOT}/clips/541916_5DpOB0LmjVO8tse5_0073.wav,bonafide,hi-en,541916,mucs2021,none,channel_g711_20db,eval,0.9976400136947632
${DATA_ROOT}/clips/541916_5DpOB0LmjVO8tse5_0074.wav,bonafide,hi-en,541916,mucs2021,none,channel_g711_20db,eval,0.9976008534431458
${DATA_ROOT}/clips/541916_5DpOB0LmjVO8tse5_0075.wav,bonafide,hi-en,541916,mucs2021,none,channel_g711_20db,eval,0.9974453449249268
${DATA_ROOT}/clips/541916_5DpOB0LmjVO8tse5_0076.wav,bonafide,hi-en,541916,mucs2021,none,channel_g711_20db,eval,0.9973270893096924
${DATA_ROOT}/clips/541916_5DpOB0LmjVO8tse5_0077.wav,bonafide,hi-en,541916,mucs2021,none,channel_g711_20db,eval,0.9975138902664185
${DATA_ROOT}/clips/541916_5DpOB0LmjVO8tse5_0078.wav,bonafide,hi-en,541916,mucs2021,none,channel_g711_20db,eval,0.9963298439979553
${DATA_ROOT}/clips/541916_5DpOB0LmjVO8tse5_0079.wav,bonafide,hi-en,541916,mucs2021,none,channel_g711_20db,eval,0.9975553154945374
${DATA_ROOT}/clips/541916_5DpOB0LmjVO8tse5_0080.wav,bonafide,hi-en,541916,mucs2021,none,channel_g711_20db,eval,0.9971581697463989
${DATA_ROOT}/clips/541916_5DpOB0LmjVO8tse5_0081.wav,bonafide,hi-en,541916,mucs2021,none,channel_g711_20db,eval,0.9976333379745483
${DATA_ROOT}/clips/541916_5DpOB0LmjVO8tse5_0082.wav,bonafide,hi-en,541916,mucs2021,none,channel_g711_20db,eval,0.9976292252540588
${DATA_ROOT}/clips/541916_5DpOB0LmjVO8tse5_0083.wav,bonafide,hi-en,541916,mucs2021,none,channel_g711_20db,eval,0.9975074529647827
${DATA_ROOT}/clips/541916_5DpOB0LmjVO8tse5_0084.wav,bonafide,hi-en,541916,mucs2021,none,channel_g711_20db,eval,0.9963866472244263
${DATA_ROOT}/clips/541916_5DpOB0LmjVO8tse5_0085.wav,bonafide,hi-en,541916,mucs2021,none,channel_g711_20db,eval,0.9972028732299805
${DATA_ROOT}/clips/541916_5DpOB0LmjVO8tse5_0086.wav,bonafide,hi-en,541916,mucs2021,none,channel_g711_20db,eval,0.9973727464675903
${DATA_ROOT}/clips/541916_5DpOB0LmjVO8tse5_0087.wav,bonafide,hi-en,541916,mucs2021,none,channel_g711_20db,eval,0.997300922870636
${DATA_ROOT}/clips/541916_5DpOB0LmjVO8tse5_0088.wav,bonafide,hi-en,541916,mucs2021,none,channel_g711_20db,eval,0.997144877910614
${DATA_ROOT}/clips/541916_5DpOB0LmjVO8tse5_0089.wav,bonafide,hi-en,541916,mucs2021,none,channel_g711_20db,eval,0.9974508881568909
${DATA_ROOT}/clips/541916_5DpOB0LmjVO8tse5_0090.wav,bonafide,hi-en,541916,mucs2021,none,channel_g711_20db,eval,0.9975420236587524
${DATA_ROOT}/clips/541916_5DpOB0LmjVO8tse5_0091.wav,bonafide,hi-en,541916,mucs2021,none,channel_g711_20db,eval,0.9974873065948486
${DATA_ROOT}/clips/541916_5DpOB0LmjVO8tse5_0092.wav,bonafide,hi-en,541916,mucs2021,none,channel_g711_20db,eval,0.9975098371505737
${DATA_ROOT}/clips/541916_5DpOB0LmjVO8tse5_0093.wav,bonafide,hi-en,541916,mucs2021,none,channel_g711_20db,eval,0.9970830082893372
${DATA_ROOT}/clips/541916_5DpOB0LmjVO8tse5_0094.wav,bonafide,hi-en,541916,mucs2021,none,channel_g711_20db,eval,0.9968763589859009
${DATA_ROOT}/clips/541916_5DpOB0LmjVO8tse5_0095.wav,bonafide,hi-en,541916,mucs2021,none,channel_g711_20db,eval,0.9971956014633179
${DATA_ROOT}/clips/541916_5DpOB0LmjVO8tse5_0096.wav,bonafide,hi-en,541916,mucs2021,none,channel_g711_20db,eval,0.9975103139877319
${DATA_ROOT}/clips/541916_5DpOB0LmjVO8tse5_0097.wav,bonafide,hi-en,541916,mucs2021,none,channel_g711_20db,eval,0.9974564909934998
${DATA_ROOT}/clips/541916_5DpOB0LmjVO8tse5_0098.wav,bonafide,hi-en,541916,mucs2021,none,channel_g711_20db,eval,0.9975137710571289
${DATA_ROOT}/clips/541916_5DpOB0LmjVO8tse5_0099.wav,bonafide,hi-en,541916,mucs2021,none,channel_g711_20db,eval,0.9919524788856506
${DATA_ROOT}/clips/541916_5DpOB0LmjVO8tse5_0100.wav,bonafide,hi-en,541916,mucs2021,none,channel_g711_20db,eval,0.9975589513778687
${DATA_ROOT}/clips/541916_5DpOB0LmjVO8tse5_0101.wav,bonafide,hi-en,541916,mucs2021,none,channel_g711_20db,eval,0.9970982074737549
${DATA_ROOT}/clips/541916_5DpOB0LmjVO8tse5_0102.wav,bonafide,hi-en,541916,mucs2021,none,channel_g711_20db,eval,0.997132420539856
${DATA_ROOT}/clips/541916_5DpOB0LmjVO8tse5_0103.wav,bonafide,hi-en,541916,mucs2021,none,channel_g711_20db,eval,0.9972322583198547
${DATA_ROOT}/clips/541916_5DpOB0LmjVO8tse5_0104.wav,bonafide,hi-en,541916,mucs2021,none,channel_g711_20db,eval,0.9971979856491089
${DATA_ROOT}/clips/541916_5DpOB0LmjVO8tse5_0105.wav,bonafide,hi-en,541916,mucs2021,none,channel_g711_20db,eval,0.9974074959754944
${DATA_ROOT}/clips/541916_5DpOB0LmjVO8tse5_0106.wav,bonafide,hi-en,541916,mucs2021,none,channel_g711_20db,eval,0.9968938827514648
${DATA_ROOT}/clips/541916_5DpOB0LmjVO8tse5_0107.wav,bonafide,hi-en,541916,mucs2021,none,channel_g711_20db,eval,0.9974977374076843
${DATA_ROOT}/clips/541916_5DpOB0LmjVO8tse5_0108.wav,bonafide,hi-en,541916,mucs2021,none,channel_g711_20db,eval,0.9972364902496338
${DATA_ROOT}/clips/577537_1Kbig1mC99YUhdCX_0000.wav,bonafide,hi-en,577537,mucs2021,none,channel_g711_20db,eval,0.9969225525856018
${DATA_ROOT}/clips/577537_1Kbig1mC99YUhdCX_0001.wav,bonafide,hi-en,577537,mucs2021,none,channel_g711_20db,eval,0.996590256690979
${DATA_ROOT}/clips/577537_1Kbig1mC99YUhdCX_0002.wav,bonafide,hi-en,577537,mucs2021,none,channel_g711_20db,eval,0.9968460202217102
${DATA_ROOT}/clips/577537_1Kbig1mC99YUhdCX_0003.wav,bonafide,hi-en,577537,mucs2021,none,channel_g711_20db,eval,0.9972533583641052
${DATA_ROOT}/clips/577537_1Kbig1mC99YUhdCX_0004.wav,bonafide,hi-en,577537,mucs2021,none,channel_g711_20db,eval,0.9970245957374573
${DATA_ROOT}/clips/577537_1Kbig1mC99YUhdCX_0005.wav,bonafide,hi-en,577537,mucs2021,none,channel_g711_20db,eval,0.997292697429657
${DATA_ROOT}/clips/577537_1Kbig1mC99YUhdCX_0006.wav,bonafide,hi-en,577537,mucs2021,none,channel_g711_20db,eval,0.9968392848968506
${DATA_ROOT}/clips/577537_1Kbig1mC99YUhdCX_0007.wav,bonafide,hi-en,577537,mucs2021,none,channel_g711_20db,eval,0.5000033974647522
${DATA_ROOT}/clips/577537_1Kbig1mC99YUhdCX_0008.wav,bonafide,hi-en,577537,mucs2021,none,channel_g711_20db,eval,0.9969326257705688
${DATA_ROOT}/clips/577537_1Kbig1mC99YUhdCX_0009.wav,bonafide,hi-en,577537,mucs2021,none,channel_g711_20db,eval,0.997220516204834
${DATA_ROOT}/clips/577537_1Kbig1mC99YUhdCX_0010.wav,bonafide,hi-en,577537,mucs2021,none,channel_g711_20db,eval,0.9971908926963806
${DATA_ROOT}/clips/577537_1Kbig1mC99YUhdCX_0011.wav,bonafide,hi-en,577537,mucs2021,none,channel_g711_20db,eval,0.9943675398826599
${DATA_ROOT}/clips/577537_1Kbig1mC99YUhdCX_0012.wav,bonafide,hi-en,577537,mucs2021,none,channel_g711_20db,eval,0.9970147609710693
${DATA_ROOT}/clips/577537_1Kbig1mC99YUhdCX_0013.wav,bonafide,hi-en,577537,mucs2021,none,channel_g711_20db,eval,0.9968785047531128
${DATA_ROOT}/clips/577537_1Kbig1mC99YUhdCX_0014.wav,bonafide,hi-en,577537,mucs2021,none,channel_g711_20db,eval,0.9971898198127747
${DATA_ROOT}/clips/577537_1Kbig1mC99YUhdCX_0015.wav,bonafide,hi-en,577537,mucs2021,none,channel_g711_20db,eval,0.9969483017921448
${DATA_ROOT}/clips/577537_1Kbig1mC99YUhdCX_0016.wav,bonafide,hi-en,577537,mucs2021,none,channel_g711_20db,eval,0.7104884386062622
${DATA_ROOT}/clips/577537_1Kbig1mC99YUhdCX_0017.wav,bonafide,hi-en,577537,mucs2021,none,channel_g711_20db,eval,0.9971452355384827
${DATA_ROOT}/clips/577537_1Kbig1mC99YUhdCX_0018.wav,bonafide,hi-en,577537,mucs2021,none,channel_g711_20db,eval,0.9972125887870789
${DATA_ROOT}/clips/577537_1Kbig1mC99YUhdCX_0019.wav,bonafide,hi-en,577537,mucs2021,none,channel_g711_20db,eval,0.9973359704017639
${DATA_ROOT}/clips/577537_1Kbig1mC99YUhdCX_0020.wav,bonafide,hi-en,577537,mucs2021,none,channel_g711_20db,eval,0.9971187114715576
${DATA_ROOT}/clips/577537_1Kbig1mC99YUhdCX_0021.wav,bonafide,hi-en,577537,mucs2021,none,channel_g711_20db,eval,0.9970051646232605
${DATA_ROOT}/clips/577537_1Kbig1mC99YUhdCX_0022.wav,bonafide,hi-en,577537,mucs2021,none,channel_g711_20db,eval,0.9971877932548523
${DATA_ROOT}/clips/577537_1Kbig1mC99YUhdCX_0023.wav,bonafide,hi-en,577537,mucs2021,none,channel_g711_20db,eval,0.9967911839485168
${DATA_ROOT}/clips/577537_1Kbig1mC99YUhdCX_0024.wav,bonafide,hi-en,577537,mucs2021,none,channel_g711_20db,eval,0.9970822930335999
${DATA_ROOT}/clips/577537_1Kbig1mC99YUhdCX_0025.wav,bonafide,hi-en,577537,mucs2021,none,channel_g711_20db,eval,0.9972909092903137
${DATA_ROOT}/clips/577537_1Kbig1mC99YUhdCX_0026.wav,bonafide,hi-en,577537,mucs2021,none,channel_g711_20db,eval,0.9967139959335327
${DATA_ROOT}/clips/577537_1Kbig1mC99YUhdCX_0027.wav,bonafide,hi-en,577537,mucs2021,none,channel_g711_20db,eval,0.99689120054245
${DATA_ROOT}/clips/577537_1Kbig1mC99YUhdCX_0028.wav,bonafide,hi-en,577537,mucs2021,none,channel_g711_20db,eval,0.9973477125167847
${DATA_ROOT}/clips/577537_1Kbig1mC99YUhdCX_0029.wav,bonafide,hi-en,577537,mucs2021,none,channel_g711_20db,eval,0.9971662163734436
${DATA_ROOT}/clips/577537_1Kbig1mC99YUhdCX_0030.wav,bonafide,hi-en,577537,mucs2021,none,channel_g711_20db,eval,0.9972593784332275
${DATA_ROOT}/clips/577537_1Kbig1mC99YUhdCX_0031.wav,bonafide,hi-en,577537,mucs2021,none,channel_g711_20db,eval,0.9966089725494385
${DATA_ROOT}/clips/577537_1Kbig1mC99YUhdCX_0032.wav,bonafide,hi-en,577537,mucs2021,none,channel_g711_20db,eval,0.7112482786178589
${DATA_ROOT}/clips/577537_1Kbig1mC99YUhdCX_0033.wav,bonafide,hi-en,577537,mucs2021,none,channel_g711_20db,eval,0.9970755577087402
${DATA_ROOT}/clips/577537_1Kbig1mC99YUhdCX_0034.wav,bonafide,hi-en,577537,mucs2021,none,channel_g711_20db,eval,0.9964249730110168
${DATA_ROOT}/clips/577537_1Kbig1mC99YUhdCX_0035.wav,bonafide,hi-en,577537,mucs2021,none,channel_g711_20db,eval,0.9967735409736633
${DATA_ROOT}/clips/577537_1Kbig1mC99YUhdCX_0036.wav,bonafide,hi-en,577537,mucs2021,none,channel_g711_20db,eval,0.9970716238021851
${DATA_ROOT}/clips/577537_1Kbig1mC99YUhdCX_0037.wav,bonafide,hi-en,577537,mucs2021,none,channel_g711_20db,eval,0.9975209832191467
${DATA_ROOT}/clips/577537_1Kbig1mC99YUhdCX_0038.wav,bonafide,hi-en,577537,mucs2021,none,channel_g711_20db,eval,0.9973010420799255
${DATA_ROOT}/clips/577537_1Kbig1mC99YUhdCX_0039.wav,bonafide,hi-en,577537,mucs2021,none,channel_g711_20db,eval,0.996935248374939
${DATA_ROOT}/clips/577537_1Kbig1mC99YUhdCX_0040.wav,bonafide,hi-en,577537,mucs2021,none,channel_g711_20db,eval,0.9972086548805237
${DATA_ROOT}/clips/577537_1Kbig1mC99YUhdCX_0041.wav,bonafide,hi-en,577537,mucs2021,none,channel_g711_20db,eval,0.9970012307167053
${DATA_ROOT}/clips/577537_1Kbig1mC99YUhdCX_0042.wav,bonafide,hi-en,577537,mucs2021,none,channel_g711_20db,eval,0.9969905614852905
${DATA_ROOT}/clips/577537_1Kbig1mC99YUhdCX_0043.wav,bonafide,hi-en,577537,mucs2021,none,channel_g711_20db,eval,0.9973702430725098
${DATA_ROOT}/clips/577537_1Kbig1mC99YUhdCX_0044.wav,bonafide,hi-en,577537,mucs2021,none,channel_g711_20db,eval,0.9969980716705322
${DATA_ROOT}/clips/577537_1Kbig1mC99YUhdCX_0045.wav,bonafide,hi-en,577537,mucs2021,none,channel_g711_20db,eval,0.997282862663269
${DATA_ROOT}/clips/577537_1Kbig1mC99YUhdCX_0046.wav,bonafide,hi-en,577537,mucs2021,none,channel_g711_20db,eval,0.7122864723205566
${DATA_ROOT}/clips/577537_1Kbig1mC99YUhdCX_0047.wav,bonafide,hi-en,577537,mucs2021,none,channel_g711_20db,eval,0.996817946434021
${DATA_ROOT}/clips/577537_1Kbig1mC99YUhdCX_0048.wav,bonafide,hi-en,577537,mucs2021,none,channel_g711_20db,eval,0.9971312284469604
${DATA_ROOT}/clips/577537_1Kbig1mC99YUhdCX_0049.wav,bonafide,hi-en,577537,mucs2021,none,channel_g711_20db,eval,0.9970299005508423
${DATA_ROOT}/clips/577537_1Kbig1mC99YUhdCX_0050.wav,bonafide,hi-en,577537,mucs2021,none,channel_g711_20db,eval,0.7139438390731812
${DATA_ROOT}/clips/577537_1Kbig1mC99YUhdCX_0051.wav,bonafide,hi-en,577537,mucs2021,none,channel_g711_20db,eval,0.7068061232566833
${DATA_ROOT}/clips/577537_1Kbig1mC99YUhdCX_0052.wav,bonafide,hi-en,577537,mucs2021,none,channel_g711_20db,eval,0.9970782995223999
${DATA_ROOT}/clips/577537_1Kbig1mC99YUhdCX_0053.wav,bonafide,hi-en,577537,mucs2021,none,channel_g711_20db,eval,0.9972814321517944
${DATA_ROOT}/clips/577537_1Kbig1mC99YUhdCX_0054.wav,bonafide,hi-en,577537,mucs2021,none,channel_g711_20db,eval,0.9970654845237732
${DATA_ROOT}/clips/577537_1Kbig1mC99YUhdCX_0055.wav,bonafide,hi-en,577537,mucs2021,none,channel_g711_20db,eval,0.7145829796791077
${DATA_ROOT}/clips/577537_1Kbig1mC99YUhdCX_0056.wav,bonafide,hi-en,577537,mucs2021,none,channel_g711_20db,eval,0.9965838193893433
${DATA_ROOT}/clips/577537_1Kbig1mC99YUhdCX_0057.wav,bonafide,hi-en,577537,mucs2021,none,channel_g711_20db,eval,0.9968653321266174
${DATA_ROOT}/clips/577537_1Kbig1mC99YUhdCX_0058.wav,bonafide,hi-en,577537,mucs2021,none,channel_g711_20db,eval,0.9972618818283081
${DATA_ROOT}/clips/577537_1Kbig1mC99YUhdCX_0059.wav,bonafide,hi-en,577537,mucs2021,none,channel_g711_20db,eval,0.9950803518295288
${DATA_ROOT}/clips/577537_1Kbig1mC99YUhdCX_0060.wav,bonafide,hi-en,577537,mucs2021,none,channel_g711_20db,eval,0.9973466396331787
${DATA_ROOT}/clips/577537_1Kbig1mC99YUhdCX_0061.wav,bonafide,hi-en,577537,mucs2021,none,channel_g711_20db,eval,0.9970253109931946
${DATA_ROOT}/clips/577537_1Kbig1mC99YUhdCX_0062.wav,bonafide,hi-en,577537,mucs2021,none,channel_g711_20db,eval,0.9967061877250671
${DATA_ROOT}/clips/577537_1Kbig1mC99YUhdCX_0063.wav,bonafide,hi-en,577537,mucs2021,none,channel_g711_20db,eval,0.9970108270645142
${DATA_ROOT}/clips/577537_1Kbig1mC99YUhdCX_0064.wav,bonafide,hi-en,577537,mucs2021,none,channel_g711_20db,eval,0.9971230626106262
${DATA_ROOT}/clips/577537_1Kbig1mC99YUhdCX_0065.wav,bonafide,hi-en,577537,mucs2021,none,channel_g711_20db,eval,0.9967346787452698
${DATA_ROOT}/clips/577537_1Kbig1mC99YUhdCX_0066.wav,bonafide,hi-en,577537,mucs2021,none,channel_g711_20db,eval,0.9960758090019226
${DATA_ROOT}/clips/577537_1Kbig1mC99YUhdCX_0067.wav,bonafide,hi-en,577537,mucs2021,none,channel_g711_20db,eval,0.7111411094665527
${DATA_ROOT}/clips/577537_1Kbig1mC99YUhdCX_0068.wav,bonafide,hi-en,577537,mucs2021,none,channel_g711_20db,eval,0.997425377368927
${DATA_ROOT}/clips/577537_1Kbig1mC99YUhdCX_0069.wav,bonafide,hi-en,577537,mucs2021,none,channel_g711_20db,eval,0.9969000816345215
${DATA_ROOT}/clips/577537_1Kbig1mC99YUhdCX_0070.wav,bonafide,hi-en,577537,mucs2021,none,channel_g711_20db,eval,0.7211981415748596
${DATA_ROOT}/clips/577537_1Kbig1mC99YUhdCX_0071.wav,bonafide,hi-en,577537,mucs2021,none,channel_g711_20db,eval,0.885369598865509
${DATA_ROOT}/clips/577537_1Kbig1mC99YUhdCX_0072.wav,bonafide,hi-en,577537,mucs2021,none,channel_g711_20db,eval,0.9970712661743164
${DATA_ROOT}/clips/577537_1Kbig1mC99YUhdCX_0073.wav,bonafide,hi-en,577537,mucs2021,none,channel_g711_20db,eval,0.9973098039627075
${DATA_ROOT}/clips/577537_1Kbig1mC99YUhdCX_0074.wav,bonafide,hi-en,577537,mucs2021,none,channel_g711_20db,eval,0.9971873164176941
${DATA_ROOT}/clips/581145_vYm2PLAczomJ79qg_0000.wav,bonafide,hi-en,581145,mucs2021,none,channel_g711_20db,eval,0.9973032474517822
${DATA_ROOT}/clips/581145_vYm2PLAczomJ79qg_0001.wav,bonafide,hi-en,581145,mucs2021,none,channel_g711_20db,eval,0.9973042011260986
${DATA_ROOT}/clips/581145_vYm2PLAczomJ79qg_0002.wav,bonafide,hi-en,581145,mucs2021,none,channel_g711_20db,eval,0.9969845414161682
${DATA_ROOT}/clips/581145_vYm2PLAczomJ79qg_0003.wav,bonafide,hi-en,581145,mucs2021,none,channel_g711_20db,eval,0.9971067309379578
${DATA_ROOT}/clips/581145_vYm2PLAczomJ79qg_0004.wav,bonafide,hi-en,581145,mucs2021,none,channel_g711_20db,eval,0.997297465801239
${DATA_ROOT}/clips/581145_vYm2PLAczomJ79qg_0005.wav,bonafide,hi-en,581145,mucs2021,none,channel_g711_20db,eval,0.9974256157875061
${DATA_ROOT}/clips/581145_vYm2PLAczomJ79qg_0006.wav,bonafide,hi-en,581145,mucs2021,none,channel_g711_20db,eval,0.9975684285163879
${DATA_ROOT}/clips/581145_vYm2PLAczomJ79qg_0007.wav,bonafide,hi-en,581145,mucs2021,none,channel_g711_20db,eval,0.9975811243057251
${DATA_ROOT}/clips/581145_vYm2PLAczomJ79qg_0008.wav,bonafide,hi-en,581145,mucs2021,none,channel_g711_20db,eval,0.9973135590553284
${DATA_ROOT}/clips/581145_vYm2PLAczomJ79qg_0009.wav,bonafide,hi-en,581145,mucs2021,none,channel_g711_20db,eval,0.9974702596664429
${DATA_ROOT}/clips/581145_vYm2PLAczomJ79qg_0010.wav,bonafide,hi-en,581145,mucs2021,none,channel_g711_20db,eval,0.9975351095199585
${DATA_ROOT}/clips/581145_vYm2PLAczomJ79qg_0011.wav,bonafide,hi-en,581145,mucs2021,none,channel_g711_20db,eval,0.9976135492324829
${DATA_ROOT}/clips/581145_vYm2PLAczomJ79qg_0012.wav,bonafide,hi-en,581145,mucs2021,none,channel_g711_20db,eval,0.997492790222168
${DATA_ROOT}/clips/581145_vYm2PLAczomJ79qg_0013.wav,bonafide,hi-en,581145,mucs2021,none,channel_g711_20db,eval,0.9972338080406189
${DATA_ROOT}/clips/581145_vYm2PLAczomJ79qg_0014.wav,bonafide,hi-en,581145,mucs2021,none,channel_g711_20db,eval,0.9973590970039368
${DATA_ROOT}/clips/581145_vYm2PLAczomJ79qg_0015.wav,bonafide,hi-en,581145,mucs2021,none,channel_g711_20db,eval,0.9972954392433167
${DATA_ROOT}/clips/581145_vYm2PLAczomJ79qg_0016.wav,bonafide,hi-en,581145,mucs2021,none,channel_g711_20db,eval,0.9970398545265198
${DATA_ROOT}/clips/581145_vYm2PLAczomJ79qg_0017.wav,bonafide,hi-en,581145,mucs2021,none,channel_g711_20db,eval,0.9972811937332153
${DATA_ROOT}/clips/581145_vYm2PLAczomJ79qg_0018.wav,bonafide,hi-en,581145,mucs2021,none,channel_g711_20db,eval,0.9970910549163818
${DATA_ROOT}/clips/581145_vYm2PLAczomJ79qg_0019.wav,bonafide,hi-en,581145,mucs2021,none,channel_g711_20db,eval,0.9972639083862305
${DATA_ROOT}/clips/581145_vYm2PLAczomJ79qg_0020.wav,bonafide,hi-en,581145,mucs2021,none,channel_g711_20db,eval,0.9697486758232117
${DATA_ROOT}/clips/581145_vYm2PLAczomJ79qg_0021.wav,bonafide,hi-en,581145,mucs2021,none,channel_g711_20db,eval,0.9972969889640808
${DATA_ROOT}/clips/581145_vYm2PLAczomJ79qg_0022.wav,bonafide,hi-en,581145,mucs2021,none,channel_g711_20db,eval,0.9506798386573792
${DATA_ROOT}/clips/581145_vYm2PLAczomJ79qg_0023.wav,bonafide,hi-en,581145,mucs2021,none,channel_g711_20db,eval,0.9973847270011902
${DATA_ROOT}/clips/581145_vYm2PLAczomJ79qg_0024.wav,bonafide,hi-en,581145,mucs2021,none,channel_g711_20db,eval,0.9974144697189331
${DATA_ROOT}/clips/581145_vYm2PLAczomJ79qg_0025.wav,bonafide,hi-en,581145,mucs2021,none,channel_g711_20db,eval,0.9970928430557251
${DATA_ROOT}/clips/581145_vYm2PLAczomJ79qg_0026.wav,bonafide,hi-en,581145,mucs2021,none,channel_g711_20db,eval,0.9953567385673523
${DATA_ROOT}/clips/581145_vYm2PLAczomJ79qg_0027.wav,bonafide,hi-en,581145,mucs2021,none,channel_g711_20db,eval,0.9972460269927979
${DATA_ROOT}/clips/581145_vYm2PLAczomJ79qg_0028.wav,bonafide,hi-en,581145,mucs2021,none,channel_g711_20db,eval,0.9970169067382812
${DATA_ROOT}/clips/581145_vYm2PLAczomJ79qg_0029.wav,bonafide,hi-en,581145,mucs2021,none,channel_g711_20db,eval,0.9972942471504211
${DATA_ROOT}/clips/581145_vYm2PLAczomJ79qg_0030.wav,bonafide,hi-en,581145,mucs2021,none,channel_g711_20db,eval,0.9974284768104553
${DATA_ROOT}/clips/581145_vYm2PLAczomJ79qg_0031.wav,bonafide,hi-en,581145,mucs2021,none,channel_g711_20db,eval,0.9975433945655823
${DATA_ROOT}/clips/581145_vYm2PLAczomJ79qg_0032.wav,bonafide,hi-en,581145,mucs2021,none,channel_g711_20db,eval,0.9972301125526428
${DATA_ROOT}/clips/581145_vYm2PLAczomJ79qg_0033.wav,bonafide,hi-en,581145,mucs2021,none,channel_g711_20db,eval,0.9970082640647888
${DATA_ROOT}/clips/581145_vYm2PLAczomJ79qg_0034.wav,bonafide,hi-en,581145,mucs2021,none,channel_g711_20db,eval,0.9973925352096558
${DATA_ROOT}/clips/581145_vYm2PLAczomJ79qg_0035.wav,bonafide,hi-en,581145,mucs2021,none,channel_g711_20db,eval,0.9972990155220032
${DATA_ROOT}/clips/581145_vYm2PLAczomJ79qg_0036.wav,bonafide,hi-en,581145,mucs2021,none,channel_g711_20db,eval,0.9973049163818359
${DATA_ROOT}/clips/581145_vYm2PLAczomJ79qg_0037.wav,bonafide,hi-en,581145,mucs2021,none,channel_g711_20db,eval,0.9970623850822449
${DATA_ROOT}/clips/581145_vYm2PLAczomJ79qg_0038.wav,bonafide,hi-en,581145,mucs2021,none,channel_g711_20db,eval,0.9969761371612549
${DATA_ROOT}/clips/581145_vYm2PLAczomJ79qg_0039.wav,bonafide,hi-en,581145,mucs2021,none,channel_g711_20db,eval,0.9970819354057312
${DATA_ROOT}/clips/581145_vYm2PLAczomJ79qg_0040.wav,bonafide,hi-en,581145,mucs2021,none,channel_g711_20db,eval,0.9974706172943115
${DATA_ROOT}/clips/581145_vYm2PLAczomJ79qg_0041.wav,bonafide,hi-en,581145,mucs2021,none,channel_g711_20db,eval,0.9967638254165649
${DATA_ROOT}/clips/581145_vYm2PLAczomJ79qg_0042.wav,bonafide,hi-en,581145,mucs2021,none,channel_g711_20db,eval,0.9966084957122803
${DATA_ROOT}/clips/581145_vYm2PLAczomJ79qg_0043.wav,bonafide,hi-en,581145,mucs2021,none,channel_g711_20db,eval,0.997164785861969
${DATA_ROOT}/clips/581145_vYm2PLAczomJ79qg_0044.wav,bonafide,hi-en,581145,mucs2021,none,channel_g711_20db,eval,0.9973089694976807
${DATA_ROOT}/clips/581145_vYm2PLAczomJ79qg_0045.wav,bonafide,hi-en,581145,mucs2021,none,channel_g711_20db,eval,0.9783064723014832
${DATA_ROOT}/clips/581145_vYm2PLAczomJ79qg_0046.wav,bonafide,hi-en,581145,mucs2021,none,channel_g711_20db,eval,0.9965950846672058
${DATA_ROOT}/clips/581145_vYm2PLAczomJ79qg_0047.wav,bonafide,hi-en,581145,mucs2021,none,channel_g711_20db,eval,0.9969218373298645
${DATA_ROOT}/clips/581145_vYm2PLAczomJ79qg_0048.wav,bonafide,hi-en,581145,mucs2021,none,channel_g711_20db,eval,0.9972739815711975
${DATA_ROOT}/clips/581145_vYm2PLAczomJ79qg_0049.wav,bonafide,hi-en,581145,mucs2021,none,channel_g711_20db,eval,0.9973129630088806
${DATA_ROOT}/clips/581145_vYm2PLAczomJ79qg_0050.wav,bonafide,hi-en,581145,mucs2021,none,channel_g711_20db,eval,0.9974502921104431
${DATA_ROOT}/clips/581145_vYm2PLAczomJ79qg_0051.wav,bonafide,hi-en,581145,mucs2021,none,channel_g711_20db,eval,0.9972732663154602
${DATA_ROOT}/clips/581145_vYm2PLAczomJ79qg_0052.wav,bonafide,hi-en,581145,mucs2021,none,channel_g711_20db,eval,0.9973580241203308
${DATA_ROOT}/clips/581145_vYm2PLAczomJ79qg_0053.wav,bonafide,hi-en,581145,mucs2021,none,channel_g711_20db,eval,0.9968208074569702
${DATA_ROOT}/clips/581145_vYm2PLAczomJ79qg_0054.wav,bonafide,hi-en,581145,mucs2021,none,channel_g711_20db,eval,0.9966099858283997
${DATA_ROOT}/clips/581145_vYm2PLAczomJ79qg_0055.wav,bonafide,hi-en,581145,mucs2021,none,channel_g711_20db,eval,0.9972032308578491
${DATA_ROOT}/clips/581145_vYm2PLAczomJ79qg_0056.wav,bonafide,hi-en,581145,mucs2021,none,channel_g711_20db,eval,0.9970567226409912
${DATA_ROOT}/clips/581145_vYm2PLAczomJ79qg_0057.wav,bonafide,hi-en,581145,mucs2021,none,channel_g711_20db,eval,0.997579038143158
${DATA_ROOT}/clips/581145_vYm2PLAczomJ79qg_0058.wav,bonafide,hi-en,581145,mucs2021,none,channel_g711_20db,eval,0.99709153175354
${DATA_ROOT}/clips/581145_vYm2PLAczomJ79qg_0059.wav,bonafide,hi-en,581145,mucs2021,none,channel_g711_20db,eval,0.9971550703048706
${DATA_ROOT}/clips/581145_vYm2PLAczomJ79qg_0060.wav,bonafide,hi-en,581145,mucs2021,none,channel_g711_20db,eval,0.9972079396247864
${DATA_ROOT}/clips/581145_vYm2PLAczomJ79qg_0061.wav,bonafide,hi-en,581145,mucs2021,none,channel_g711_20db,eval,0.9973516464233398
${DATA_ROOT}/clips/581145_vYm2PLAczomJ79qg_0062.wav,bonafide,hi-en,581145,mucs2021,none,channel_g711_20db,eval,0.9972274899482727
${DATA_ROOT}/clips/581145_vYm2PLAczomJ79qg_0063.wav,bonafide,hi-en,581145,mucs2021,none,channel_g711_20db,eval,0.9973679184913635
${DATA_ROOT}/clips/581145_vYm2PLAczomJ79qg_0064.wav,bonafide,hi-en,581145,mucs2021,none,channel_g711_20db,eval,0.9944396018981934
${DATA_ROOT}/clips/581145_vYm2PLAczomJ79qg_0065.wav,bonafide,hi-en,581145,mucs2021,none,channel_g711_20db,eval,0.9974716901779175
${DATA_ROOT}/clips/581145_vYm2PLAczomJ79qg_0066.wav,bonafide,hi-en,581145,mucs2021,none,channel_g711_20db,eval,0.9974772334098816
${DATA_ROOT}/clips/581145_vYm2PLAczomJ79qg_0067.wav,bonafide,hi-en,581145,mucs2021,none,channel_g711_20db,eval,0.9974756836891174
${DATA_ROOT}/clips/581145_vYm2PLAczomJ79qg_0068.wav,bonafide,hi-en,581145,mucs2021,none,channel_g711_20db,eval,0.9972954392433167
${DATA_ROOT}/clips/581145_vYm2PLAczomJ79qg_0069.wav,bonafide,hi-en,581145,mucs2021,none,channel_g711_20db,eval,0.997512698173523
${DATA_ROOT}/clips/581145_vYm2PLAczomJ79qg_0070.wav,bonafide,hi-en,581145,mucs2021,none,channel_g711_20db,eval,0.9973125457763672
${DATA_ROOT}/clips/581145_vYm2PLAczomJ79qg_0071.wav,bonafide,hi-en,581145,mucs2021,none,channel_g711_20db,eval,0.9974671602249146
${DATA_ROOT}/clips/581145_vYm2PLAczomJ79qg_0072.wav,bonafide,hi-en,581145,mucs2021,none,channel_g711_20db,eval,0.9974815249443054
${DATA_ROOT}/clips/581145_vYm2PLAczomJ79qg_0073.wav,bonafide,hi-en,581145,mucs2021,none,channel_g711_20db,eval,0.9975070357322693
${DATA_ROOT}/clips/581145_vYm2PLAczomJ79qg_0074.wav,bonafide,hi-en,581145,mucs2021,none,channel_g711_20db,eval,0.9974302649497986
${DATA_ROOT}/clips/581145_vYm2PLAczomJ79qg_0075.wav,bonafide,hi-en,581145,mucs2021,none,channel_g711_20db,eval,0.997283935546875
${DATA_ROOT}/clips/581145_vYm2PLAczomJ79qg_0076.wav,bonafide,hi-en,581145,mucs2021,none,channel_g711_20db,eval,0.9971223473548889
${DATA_ROOT}/clips/581145_vYm2PLAczomJ79qg_0077.wav,bonafide,hi-en,581145,mucs2021,none,channel_g711_20db,eval,0.9966248273849487
${DATA_ROOT}/clips/596505_mSiZUO1cgwb8nNpA_0000.wav,bonafide,hi-en,596505,mucs2021,none,channel_g711_20db,eval,0.9974526762962341
${DATA_ROOT}/clips/596505_mSiZUO1cgwb8nNpA_0001.wav,bonafide,hi-en,596505,mucs2021,none,channel_g711_20db,eval,0.9972317814826965
${DATA_ROOT}/clips/596505_mSiZUO1cgwb8nNpA_0002.wav,bonafide,hi-en,596505,mucs2021,none,channel_g711_20db,eval,0.9968158602714539
${DATA_ROOT}/clips/596505_mSiZUO1cgwb8nNpA_0003.wav,bonafide,hi-en,596505,mucs2021,none,channel_g711_20db,eval,0.9973428845405579
${DATA_ROOT}/clips/596505_mSiZUO1cgwb8nNpA_0004.wav,bonafide,hi-en,596505,mucs2021,none,channel_g711_20db,eval,0.9965093731880188
${DATA_ROOT}/clips/596505_mSiZUO1cgwb8nNpA_0005.wav,bonafide,hi-en,596505,mucs2021,none,channel_g711_20db,eval,0.9967695474624634
${DATA_ROOT}/clips/596505_mSiZUO1cgwb8nNpA_0006.wav,bonafide,hi-en,596505,mucs2021,none,channel_g711_20db,eval,0.9973216652870178
${DATA_ROOT}/clips/596505_mSiZUO1cgwb8nNpA_0007.wav,bonafide,hi-en,596505,mucs2021,none,channel_g711_20db,eval,0.9975956082344055
${DATA_ROOT}/clips/596505_mSiZUO1cgwb8nNpA_0008.wav,bonafide,hi-en,596505,mucs2021,none,channel_g711_20db,eval,0.9971334934234619
${DATA_ROOT}/clips/596505_mSiZUO1cgwb8nNpA_0009.wav,bonafide,hi-en,596505,mucs2021,none,channel_g711_20db,eval,0.9967684745788574
${DATA_ROOT}/clips/596505_mSiZUO1cgwb8nNpA_0010.wav,bonafide,hi-en,596505,mucs2021,none,channel_g711_20db,eval,0.9973222613334656
${DATA_ROOT}/clips/596505_mSiZUO1cgwb8nNpA_0011.wav,bonafide,hi-en,596505,mucs2021,none,channel_g711_20db,eval,0.9969522953033447
${DATA_ROOT}/clips/596505_mSiZUO1cgwb8nNpA_0012.wav,bonafide,hi-en,596505,mucs2021,none,channel_g711_20db,eval,0.9969872832298279
${DATA_ROOT}/clips/596505_mSiZUO1cgwb8nNpA_0013.wav,bonafide,hi-en,596505,mucs2021,none,channel_g711_20db,eval,0.9970142841339111
${DATA_ROOT}/clips/596505_mSiZUO1cgwb8nNpA_0014.wav,bonafide,hi-en,596505,mucs2021,none,channel_g711_20db,eval,0.9972485899925232
${DATA_ROOT}/clips/596505_mSiZUO1cgwb8nNpA_0015.wav,bonafide,hi-en,596505,mucs2021,none,channel_g711_20db,eval,0.9973267316818237
${DATA_ROOT}/clips/596505_mSiZUO1cgwb8nNpA_0016.wav,bonafide,hi-en,596505,mucs2021,none,channel_g711_20db,eval,0.9974879026412964
${DATA_ROOT}/clips/596505_mSiZUO1cgwb8nNpA_0017.wav,bonafide,hi-en,596505,mucs2021,none,channel_g711_20db,eval,0.9967973828315735
${DATA_ROOT}/clips/596505_mSiZUO1cgwb8nNpA_0018.wav,bonafide,hi-en,596505,mucs2021,none,channel_g711_20db,eval,0.9970490336418152
${DATA_ROOT}/clips/596505_mSiZUO1cgwb8nNpA_0019.wav,bonafide,hi-en,596505,mucs2021,none,channel_g711_20db,eval,0.9972242116928101
${DATA_ROOT}/clips/596505_mSiZUO1cgwb8nNpA_0020.wav,bonafide,hi-en,596505,mucs2021,none,channel_g711_20db,eval,0.9972056746482849
${DATA_ROOT}/clips/596505_mSiZUO1cgwb8nNpA_0021.wav,bonafide,hi-en,596505,mucs2021,none,channel_g711_20db,eval,0.9969741106033325
${DATA_ROOT}/clips/596505_mSiZUO1cgwb8nNpA_0022.wav,bonafide,hi-en,596505,mucs2021,none,channel_g711_20db,eval,0.996921718120575
${DATA_ROOT}/clips/596505_mSiZUO1cgwb8nNpA_0023.wav,bonafide,hi-en,596505,mucs2021,none,channel_g711_20db,eval,0.9973081350326538
${DATA_ROOT}/clips/596505_mSiZUO1cgwb8nNpA_0024.wav,bonafide,hi-en,596505,mucs2021,none,channel_g711_20db,eval,0.9970207810401917
${DATA_ROOT}/clips/596505_mSiZUO1cgwb8nNpA_0025.wav,bonafide,hi-en,596505,mucs2021,none,channel_g711_20db,eval,0.9971736669540405
${DATA_ROOT}/clips/596505_mSiZUO1cgwb8nNpA_0026.wav,bonafide,hi-en,596505,mucs2021,none,channel_g711_20db,eval,0.9973811507225037
${DATA_ROOT}/clips/596505_mSiZUO1cgwb8nNpA_0027.wav,bonafide,hi-en,596505,mucs2021,none,channel_g711_20db,eval,0.9972409009933472
${DATA_ROOT}/clips/596505_mSiZUO1cgwb8nNpA_0028.wav,bonafide,hi-en,596505,mucs2021,none,channel_g711_20db,eval,0.9972277283668518
${DATA_ROOT}/clips/596505_mSiZUO1cgwb8nNpA_0029.wav,bonafide,hi-en,596505,mucs2021,none,channel_g711_20db,eval,0.9972249269485474
${DATA_ROOT}/clips/596505_mSiZUO1cgwb8nNpA_0030.wav,bonafide,hi-en,596505,mucs2021,none,channel_g711_20db,eval,0.9971303343772888
${DATA_ROOT}/clips/596505_mSiZUO1cgwb8nNpA_0031.wav,bonafide,hi-en,596505,mucs2021,none,channel_g711_20db,eval,0.9975850582122803
${DATA_ROOT}/clips/596505_mSiZUO1cgwb8nNpA_0032.wav,bonafide,hi-en,596505,mucs2021,none,channel_g711_20db,eval,0.9973487854003906
${DATA_ROOT}/clips/596505_mSiZUO1cgwb8nNpA_0033.wav,bonafide,hi-en,596505,mucs2021,none,channel_g711_20db,eval,0.9972878694534302
${DATA_ROOT}/clips/596505_mSiZUO1cgwb8nNpA_0034.wav,bonafide,hi-en,596505,mucs2021,none,channel_g711_20db,eval,0.9975626468658447
${DATA_ROOT}/clips/596505_mSiZUO1cgwb8nNpA_0035.wav,bonafide,hi-en,596505,mucs2021,none,channel_g711_20db,eval,0.9972683191299438
${DATA_ROOT}/clips/596505_mSiZUO1cgwb8nNpA_0036.wav,bonafide,hi-en,596505,mucs2021,none,channel_g711_20db,eval,0.997399091720581
${DATA_ROOT}/clips/596505_mSiZUO1cgwb8nNpA_0037.wav,bonafide,hi-en,596505,mucs2021,none,channel_g711_20db,eval,0.9969672560691833
${DATA_ROOT}/clips/596505_mSiZUO1cgwb8nNpA_0038.wav,bonafide,hi-en,596505,mucs2021,none,channel_g711_20db,eval,0.9971826076507568
${DATA_ROOT}/clips/596505_mSiZUO1cgwb8nNpA_0039.wav,bonafide,hi-en,596505,mucs2021,none,channel_g711_20db,eval,0.9973728656768799
${DATA_ROOT}/clips/596505_mSiZUO1cgwb8nNpA_0040.wav,bonafide,hi-en,596505,mucs2021,none,channel_g711_20db,eval,0.9972629547119141
${DATA_ROOT}/clips/596505_mSiZUO1cgwb8nNpA_0041.wav,bonafide,hi-en,596505,mucs2021,none,channel_g711_20db,eval,0.9973468780517578
${DATA_ROOT}/clips/596505_mSiZUO1cgwb8nNpA_0042.wav,bonafide,hi-en,596505,mucs2021,none,channel_g711_20db,eval,0.9974777102470398
${DATA_ROOT}/clips/596505_mSiZUO1cgwb8nNpA_0043.wav,bonafide,hi-en,596505,mucs2021,none,channel_g711_20db,eval,0.9974824786186218
${DATA_ROOT}/clips/596505_mSiZUO1cgwb8nNpA_0044.wav,bonafide,hi-en,596505,mucs2021,none,channel_g711_20db,eval,0.9972701668739319
${DATA_ROOT}/clips/596505_mSiZUO1cgwb8nNpA_0045.wav,bonafide,hi-en,596505,mucs2021,none,channel_g711_20db,eval,0.9956102967262268
${DATA_ROOT}/clips/596505_mSiZUO1cgwb8nNpA_0046.wav,bonafide,hi-en,596505,mucs2021,none,channel_g711_20db,eval,0.9970763921737671
${DATA_ROOT}/clips/596505_mSiZUO1cgwb8nNpA_0047.wav,bonafide,hi-en,596505,mucs2021,none,channel_g711_20db,eval,0.9964889287948608
${DATA_ROOT}/clips/596505_mSiZUO1cgwb8nNpA_0048.wav,bonafide,hi-en,596505,mucs2021,none,channel_g711_20db,eval,0.9971509575843811
${DATA_ROOT}/clips/596505_mSiZUO1cgwb8nNpA_0049.wav,bonafide,hi-en,596505,mucs2021,none,channel_g711_20db,eval,0.9970351457595825
${DATA_ROOT}/clips/596505_mSiZUO1cgwb8nNpA_0050.wav,bonafide,hi-en,596505,mucs2021,none,channel_g711_20db,eval,0.997079610824585
${DATA_ROOT}/clips/596505_mSiZUO1cgwb8nNpA_0051.wav,bonafide,hi-en,596505,mucs2021,none,channel_g711_20db,eval,0.9974880218505859
${DATA_ROOT}/clips/596505_mSiZUO1cgwb8nNpA_0052.wav,bonafide,hi-en,596505,mucs2021,none,channel_g711_20db,eval,0.9973854422569275
${DATA_ROOT}/clips/596505_mSiZUO1cgwb8nNpA_0053.wav,bonafide,hi-en,596505,mucs2021,none,channel_g711_20db,eval,0.9973860383033752
${DATA_ROOT}/clips/596505_mSiZUO1cgwb8nNpA_0054.wav,bonafide,hi-en,596505,mucs2021,none,channel_g711_20db,eval,0.9972565770149231
${DATA_ROOT}/clips/596505_mSiZUO1cgwb8nNpA_0055.wav,bonafide,hi-en,596505,mucs2021,none,channel_g711_20db,eval,0.9974007606506348
${DATA_ROOT}/clips/596505_mSiZUO1cgwb8nNpA_0056.wav,bonafide,hi-en,596505,mucs2021,none,channel_g711_20db,eval,0.9972471594810486
${DATA_ROOT}/clips/596505_mSiZUO1cgwb8nNpA_0057.wav,bonafide,hi-en,596505,mucs2021,none,channel_g711_20db,eval,0.9957196116447449
${DATA_ROOT}/clips/596505_mSiZUO1cgwb8nNpA_0058.wav,bonafide,hi-en,596505,mucs2021,none,channel_g711_20db,eval,0.9974008798599243
${DATA_ROOT}/clips/596505_mSiZUO1cgwb8nNpA_0059.wav,bonafide,hi-en,596505,mucs2021,none,channel_g711_20db,eval,0.9973795413970947
${DATA_ROOT}/clips/596505_mSiZUO1cgwb8nNpA_0060.wav,bonafide,hi-en,596505,mucs2021,none,channel_g711_20db,eval,0.9974944591522217
${DATA_ROOT}/clips/596505_mSiZUO1cgwb8nNpA_0061.wav,bonafide,hi-en,596505,mucs2021,none,channel_g711_20db,eval,0.9973735809326172
${DATA_ROOT}/clips/596505_mSiZUO1cgwb8nNpA_0062.wav,bonafide,hi-en,596505,mucs2021,none,channel_g711_20db,eval,0.9972721934318542
${DATA_ROOT}/clips/596505_mSiZUO1cgwb8nNpA_0063.wav,bonafide,hi-en,596505,mucs2021,none,channel_g711_20db,eval,0.9969304203987122
${DATA_ROOT}/clips/596505_mSiZUO1cgwb8nNpA_0064.wav,bonafide,hi-en,596505,mucs2021,none,channel_g711_20db,eval,0.9968198537826538
${DATA_ROOT}/clips/596505_mSiZUO1cgwb8nNpA_0065.wav,bonafide,hi-en,596505,mucs2021,none,channel_g711_20db,eval,0.9973347783088684
${DATA_ROOT}/clips/596505_mSiZUO1cgwb8nNpA_0066.wav,bonafide,hi-en,596505,mucs2021,none,channel_g711_20db,eval,0.9971857666969299
${DATA_ROOT}/clips/596505_mSiZUO1cgwb8nNpA_0067.wav,bonafide,hi-en,596505,mucs2021,none,channel_g711_20db,eval,0.9969879984855652
${DATA_ROOT}/clips/596505_mSiZUO1cgwb8nNpA_0068.wav,bonafide,hi-en,596505,mucs2021,none,channel_g711_20db,eval,0.9972598552703857
${DATA_ROOT}/clips/596505_mSiZUO1cgwb8nNpA_0069.wav,bonafide,hi-en,596505,mucs2021,none,channel_g711_20db,eval,0.9972797632217407
${DATA_ROOT}/clips/596505_mSiZUO1cgwb8nNpA_0070.wav,bonafide,hi-en,596505,mucs2021,none,channel_g711_20db,eval,0.9971412420272827
${DATA_ROOT}/clips/596505_mSiZUO1cgwb8nNpA_0071.wav,bonafide,hi-en,596505,mucs2021,none,channel_g711_20db,eval,0.9969106316566467
${DATA_ROOT}/clips/596505_mSiZUO1cgwb8nNpA_0072.wav,bonafide,hi-en,596505,mucs2021,none,channel_g711_20db,eval,0.99693763256073
${DATA_ROOT}/clips/596505_mSiZUO1cgwb8nNpA_0073.wav,bonafide,hi-en,596505,mucs2021,none,channel_g711_20db,eval,0.9965813755989075
${DATA_ROOT}/clips/596505_mSiZUO1cgwb8nNpA_0074.wav,bonafide,hi-en,596505,mucs2021,none,channel_g711_20db,eval,0.9973684549331665
${DATA_ROOT}/clips/596505_mSiZUO1cgwb8nNpA_0075.wav,bonafide,hi-en,596505,mucs2021,none,channel_g711_20db,eval,0.9971101880073547
${DATA_ROOT}/clips/596505_mSiZUO1cgwb8nNpA_0076.wav,bonafide,hi-en,596505,mucs2021,none,channel_g711_20db,eval,0.9967460632324219
${DATA_ROOT}/clips/596505_mSiZUO1cgwb8nNpA_0077.wav,bonafide,hi-en,596505,mucs2021,none,channel_g711_20db,eval,0.9972889423370361
${DATA_ROOT}/clips/596505_mSiZUO1cgwb8nNpA_0078.wav,bonafide,hi-en,596505,mucs2021,none,channel_g711_20db,eval,0.9973201155662537
${DATA_ROOT}/clips/596505_mSiZUO1cgwb8nNpA_0079.wav,bonafide,hi-en,596505,mucs2021,none,channel_g711_20db,eval,0.9966757297515869
${DATA_ROOT}/clips/596505_mSiZUO1cgwb8nNpA_0080.wav,bonafide,hi-en,596505,mucs2021,none,channel_g711_20db,eval,0.9974107146263123
${DATA_ROOT}/clips/596505_mSiZUO1cgwb8nNpA_0081.wav,bonafide,hi-en,596505,mucs2021,none,channel_g711_20db,eval,0.9974296689033508
${DATA_ROOT}/clips/596505_mSiZUO1cgwb8nNpA_0082.wav,bonafide,hi-en,596505,mucs2021,none,channel_g711_20db,eval,0.9965099692344666
${DATA_ROOT}/clips/596505_mSiZUO1cgwb8nNpA_0083.wav,bonafide,hi-en,596505,mucs2021,none,channel_g711_20db,eval,0.9974349141120911
${DATA_ROOT}/clips/596505_mSiZUO1cgwb8nNpA_0084.wav,bonafide,hi-en,596505,mucs2021,none,channel_g711_20db,eval,0.9972332119941711
${DATA_ROOT}/clips/596505_mSiZUO1cgwb8nNpA_0085.wav,bonafide,hi-en,596505,mucs2021,none,channel_g711_20db,eval,0.9973016977310181
${DATA_ROOT}/clips/596505_mSiZUO1cgwb8nNpA_0086.wav,bonafide,hi-en,596505,mucs2021,none,channel_g711_20db,eval,0.9971480965614319
${DATA_ROOT}/clips/596505_mSiZUO1cgwb8nNpA_0087.wav,bonafide,hi-en,596505,mucs2021,none,channel_g711_20db,eval,0.9967734217643738
${DATA_ROOT}/clips/596505_mSiZUO1cgwb8nNpA_0088.wav,bonafide,hi-en,596505,mucs2021,none,channel_g711_20db,eval,0.9972934126853943
${DATA_ROOT}/clips/596505_mSiZUO1cgwb8nNpA_0089.wav,bonafide,hi-en,596505,mucs2021,none,channel_g711_20db,eval,0.9972039461135864
${DATA_ROOT}/clips/596505_mSiZUO1cgwb8nNpA_0090.wav,bonafide,hi-en,596505,mucs2021,none,channel_g711_20db,eval,0.9973360896110535
${DATA_ROOT}/clips/596505_mSiZUO1cgwb8nNpA_0091.wav,bonafide,hi-en,596505,mucs2021,none,channel_g711_20db,eval,0.9972566962242126
${DATA_ROOT}/clips/596505_mSiZUO1cgwb8nNpA_0092.wav,bonafide,hi-en,596505,mucs2021,none,channel_g711_20db,eval,0.9975073933601379
${DATA_ROOT}/clips/596505_mSiZUO1cgwb8nNpA_0093.wav,bonafide,hi-en,596505,mucs2021,none,channel_g711_20db,eval,0.9972628355026245
${DATA_ROOT}/clips/596505_mSiZUO1cgwb8nNpA_0094.wav,bonafide,hi-en,596505,mucs2021,none,channel_g711_20db,eval,0.9970755577087402
${DATA_ROOT}/clips/596505_mSiZUO1cgwb8nNpA_0095.wav,bonafide,hi-en,596505,mucs2021,none,channel_g711_20db,eval,0.9975226521492004
${DATA_ROOT}/clips/596505_mSiZUO1cgwb8nNpA_0096.wav,bonafide,hi-en,596505,mucs2021,none,channel_g711_20db,eval,0.9970353841781616
${DATA_ROOT}/clips/596505_mSiZUO1cgwb8nNpA_0097.wav,bonafide,hi-en,596505,mucs2021,none,channel_g711_20db,eval,0.9974290728569031
${DATA_ROOT}/clips/596505_mSiZUO1cgwb8nNpA_0098.wav,bonafide,hi-en,596505,mucs2021,none,channel_g711_20db,eval,0.9972869157791138
${DATA_ROOT}/clips/596505_mSiZUO1cgwb8nNpA_0099.wav,bonafide,hi-en,596505,mucs2021,none,channel_g711_20db,eval,0.9960060715675354
${DATA_ROOT}/clips/596505_mSiZUO1cgwb8nNpA_0100.wav,bonafide,hi-en,596505,mucs2021,none,channel_g711_20db,eval,0.9970843195915222
${DATA_ROOT}/clips/596505_mSiZUO1cgwb8nNpA_0101.wav,bonafide,hi-en,596505,mucs2021,none,channel_g711_20db,eval,0.9974129796028137
${DATA_ROOT}/clips/596505_mSiZUO1cgwb8nNpA_0102.wav,bonafide,hi-en,596505,mucs2021,none,channel_g711_20db,eval,0.9973067045211792
${DATA_ROOT}/clips/596505_mSiZUO1cgwb8nNpA_0103.wav,bonafide,hi-en,596505,mucs2021,none,channel_g711_20db,eval,0.9973652958869934
${DATA_ROOT}/clips/596505_mSiZUO1cgwb8nNpA_0104.wav,bonafide,hi-en,596505,mucs2021,none,channel_g711_20db,eval,0.9971987009048462
${DATA_ROOT}/clips/596505_mSiZUO1cgwb8nNpA_0105.wav,bonafide,hi-en,596505,mucs2021,none,channel_g711_20db,eval,0.9965620636940002
${DATA_ROOT}/clips/596505_mSiZUO1cgwb8nNpA_0106.wav,bonafide,hi-en,596505,mucs2021,none,channel_g711_20db,eval,0.9970912933349609
${DATA_ROOT}/clips/596505_mSiZUO1cgwb8nNpA_0107.wav,bonafide,hi-en,596505,mucs2021,none,channel_g711_20db,eval,0.9971289038658142
${DATA_ROOT}/clips/596505_mSiZUO1cgwb8nNpA_0108.wav,bonafide,hi-en,596505,mucs2021,none,channel_g711_20db,eval,0.9968507885932922
${DATA_ROOT}/clips/596505_mSiZUO1cgwb8nNpA_0109.wav,bonafide,hi-en,596505,mucs2021,none,channel_g711_20db,eval,0.9964905381202698
${DATA_ROOT}/clips/596505_mSiZUO1cgwb8nNpA_0110.wav,bonafide,hi-en,596505,mucs2021,none,channel_g711_20db,eval,0.9975159168243408
${DATA_ROOT}/clips/596505_mSiZUO1cgwb8nNpA_0111.wav,bonafide,hi-en,596505,mucs2021,none,channel_g711_20db,eval,0.9973978996276855
${DATA_ROOT}/clips/596505_mSiZUO1cgwb8nNpA_0112.wav,bonafide,hi-en,596505,mucs2021,none,channel_g711_20db,eval,0.9974722266197205
${DATA_ROOT}/clips/596505_mSiZUO1cgwb8nNpA_0113.wav,bonafide,hi-en,596505,mucs2021,none,channel_g711_20db,eval,0.9977072477340698
${DATA_ROOT}/clips/596505_mSiZUO1cgwb8nNpA_0114.wav,bonafide,hi-en,596505,mucs2021,none,channel_g711_20db,eval,0.9971492886543274
${DATA_ROOT}/clips/596505_mSiZUO1cgwb8nNpA_0115.wav,bonafide,hi-en,596505,mucs2021,none,channel_g711_20db,eval,0.9971465468406677
${DATA_ROOT}/clips/596505_mSiZUO1cgwb8nNpA_0116.wav,bonafide,hi-en,596505,mucs2021,none,channel_g711_20db,eval,0.9974005222320557
${DATA_ROOT}/clips/596505_mSiZUO1cgwb8nNpA_0117.wav,bonafide,hi-en,596505,mucs2021,none,channel_g711_20db,eval,0.9971753358840942
${DATA_ROOT}/clips/596505_mSiZUO1cgwb8nNpA_0118.wav,bonafide,hi-en,596505,mucs2021,none,channel_g711_20db,eval,0.9973832964897156
${DATA_ROOT}/clips/596505_mSiZUO1cgwb8nNpA_0119.wav,bonafide,hi-en,596505,mucs2021,none,channel_g711_20db,eval,0.9972302317619324
${DATA_ROOT}/clips/596505_mSiZUO1cgwb8nNpA_0120.wav,bonafide,hi-en,596505,mucs2021,none,channel_g711_20db,eval,0.9970840811729431
${DATA_ROOT}/clips/596505_mSiZUO1cgwb8nNpA_0121.wav,bonafide,hi-en,596505,mucs2021,none,channel_g711_20db,eval,0.9974566102027893
${DATA_ROOT}/clips/596505_mSiZUO1cgwb8nNpA_0122.wav,bonafide,hi-en,596505,mucs2021,none,channel_g711_20db,eval,0.9969931840896606
${DATA_ROOT}/clips/596505_mSiZUO1cgwb8nNpA_0123.wav,bonafide,hi-en,596505,mucs2021,none,channel_g711_20db,eval,0.9973015785217285
${DATA_ROOT}/clips/596505_mSiZUO1cgwb8nNpA_0124.wav,bonafide,hi-en,596505,mucs2021,none,channel_g711_20db,eval,0.9974035620689392
${DATA_ROOT}/clips/596505_mSiZUO1cgwb8nNpA_0125.wav,bonafide,hi-en,596505,mucs2021,none,channel_g711_20db,eval,0.9969460368156433
${DATA_ROOT}/clips/596505_mSiZUO1cgwb8nNpA_0126.wav,bonafide,hi-en,596505,mucs2021,none,channel_g711_20db,eval,0.9973996877670288
${DATA_ROOT}/clips/596505_mSiZUO1cgwb8nNpA_0127.wav,bonafide,hi-en,596505,mucs2021,none,channel_g711_20db,eval,0.9969937801361084
${DATA_ROOT}/clips/596505_mSiZUO1cgwb8nNpA_0128.wav,bonafide,hi-en,596505,mucs2021,none,channel_g711_20db,eval,0.99687659740448
${DATA_ROOT}/clips/596505_mSiZUO1cgwb8nNpA_0129.wav,bonafide,hi-en,596505,mucs2021,none,channel_g711_20db,eval,0.9968432188034058
${DATA_ROOT}/clips/596505_mSiZUO1cgwb8nNpA_0130.wav,bonafide,hi-en,596505,mucs2021,none,channel_g711_20db,eval,0.997217059135437
${DATA_ROOT}/clips/596505_mSiZUO1cgwb8nNpA_0131.wav,bonafide,hi-en,596505,mucs2021,none,channel_g711_20db,eval,0.9971820116043091
${DATA_ROOT}/clips/596505_mSiZUO1cgwb8nNpA_0132.wav,bonafide,hi-en,596505,mucs2021,none,channel_g711_20db,eval,0.9970898628234863
${DATA_ROOT}/clips/596505_mSiZUO1cgwb8nNpA_0133.wav,bonafide,hi-en,596505,mucs2021,none,channel_g711_20db,eval,0.9972578883171082
${DATA_ROOT}/clips/596505_mSiZUO1cgwb8nNpA_0134.wav,bonafide,hi-en,596505,mucs2021,none,channel_g711_20db,eval,0.9973859190940857
${DATA_ROOT}/clips/596505_mSiZUO1cgwb8nNpA_0135.wav,bonafide,hi-en,596505,mucs2021,none,channel_g711_20db,eval,0.9973756074905396
${DATA_ROOT}/clips/596505_mSiZUO1cgwb8nNpA_0136.wav,bonafide,hi-en,596505,mucs2021,none,channel_g711_20db,eval,0.9971613883972168
${DATA_ROOT}/clips/596505_mSiZUO1cgwb8nNpA_0137.wav,bonafide,hi-en,596505,mucs2021,none,channel_g711_20db,eval,0.9972353577613831
${DATA_ROOT}/clips/596505_mSiZUO1cgwb8nNpA_0138.wav,bonafide,hi-en,596505,mucs2021,none,channel_g711_20db,eval,0.997386634349823
${DATA_ROOT}/clips/596505_mSiZUO1cgwb8nNpA_0139.wav,bonafide,hi-en,596505,mucs2021,none,channel_g711_20db,eval,0.9975301623344421
${DATA_ROOT}/clips/596505_mSiZUO1cgwb8nNpA_0140.wav,bonafide,hi-en,596505,mucs2021,none,channel_g711_20db,eval,0.997027575969696
${DATA_ROOT}/clips/596505_mSiZUO1cgwb8nNpA_0141.wav,bonafide,hi-en,596505,mucs2021,none,channel_g711_20db,eval,0.9970329999923706
${DATA_ROOT}/clips/596505_mSiZUO1cgwb8nNpA_0142.wav,bonafide,hi-en,596505,mucs2021,none,channel_g711_20db,eval,0.9970018267631531
${DATA_ROOT}/clips/596505_mSiZUO1cgwb8nNpA_0143.wav,bonafide,hi-en,596505,mucs2021,none,channel_g711_20db,eval,0.9971551895141602
${DATA_ROOT}/clips/596505_mSiZUO1cgwb8nNpA_0144.wav,bonafide,hi-en,596505,mucs2021,none,channel_g711_20db,eval,0.996498703956604
${DATA_ROOT}/clips/596505_mSiZUO1cgwb8nNpA_0145.wav,bonafide,hi-en,596505,mucs2021,none,channel_g711_20db,eval,0.9959192872047424
${DATA_ROOT}/clips/596505_mSiZUO1cgwb8nNpA_0146.wav,bonafide,hi-en,596505,mucs2021,none,channel_g711_20db,eval,0.9972310662269592
${DATA_ROOT}/clips/596505_mSiZUO1cgwb8nNpA_0147.wav,bonafide,hi-en,596505,mucs2021,none,channel_g711_20db,eval,0.9971576929092407
${DATA_ROOT}/clips/596505_mSiZUO1cgwb8nNpA_0148.wav,bonafide,hi-en,596505,mucs2021,none,channel_g711_20db,eval,0.9973428845405579
${DATA_ROOT}/clips/596505_mSiZUO1cgwb8nNpA_0149.wav,bonafide,hi-en,596505,mucs2021,none,channel_g711_20db,eval,0.996855616569519
${DATA_ROOT}/clips/596505_mSiZUO1cgwb8nNpA_0150.wav,bonafide,hi-en,596505,mucs2021,none,channel_g711_20db,eval,0.997385561466217
${DATA_ROOT}/clips/596505_mSiZUO1cgwb8nNpA_0151.wav,bonafide,hi-en,596505,mucs2021,none,channel_g711_20db,eval,0.9972811937332153
${DATA_ROOT}/clips/596505_mSiZUO1cgwb8nNpA_0152.wav,bonafide,hi-en,596505,mucs2021,none,channel_g711_20db,eval,0.997346043586731
${DATA_ROOT}/clips/596505_mSiZUO1cgwb8nNpA_0153.wav,bonafide,hi-en,596505,mucs2021,none,channel_g711_20db,eval,0.9973213076591492
${DATA_ROOT}/clips/596505_mSiZUO1cgwb8nNpA_0154.wav,bonafide,hi-en,596505,mucs2021,none,channel_g711_20db,eval,0.9967536330223083
${DATA_ROOT}/clips/596505_mSiZUO1cgwb8nNpA_0155.wav,bonafide,hi-en,596505,mucs2021,none,channel_g711_20db,eval,0.9397306442260742
${DATA_ROOT}/clips/596505_mSiZUO1cgwb8nNpA_0156.wav,bonafide,hi-en,596505,mucs2021,none,channel_g711_20db,eval,0.9970134496688843
${DATA_ROOT}/clips/596505_mSiZUO1cgwb8nNpA_0157.wav,bonafide,hi-en,596505,mucs2021,none,channel_g711_20db,eval,0.9971218705177307
${DATA_ROOT}/clips/596505_mSiZUO1cgwb8nNpA_0158.wav,bonafide,hi-en,596505,mucs2021,none,channel_g711_20db,eval,0.9969473481178284
${DATA_ROOT}/clips/596505_mSiZUO1cgwb8nNpA_0159.wav,bonafide,hi-en,596505,mucs2021,none,channel_g711_20db,eval,0.997128427028656
${DATA_ROOT}/clips/596505_mSiZUO1cgwb8nNpA_0160.wav,bonafide,hi-en,596505,mucs2021,none,channel_g711_20db,eval,0.9970344305038452
${DATA_ROOT}/clips/596505_mSiZUO1cgwb8nNpA_0161.wav,bonafide,hi-en,596505,mucs2021,none,channel_g711_20db,eval,0.9972811937332153
${DATA_ROOT}/clips/596505_mSiZUO1cgwb8nNpA_0162.wav,bonafide,hi-en,596505,mucs2021,none,channel_g711_20db,eval,0.9972037076950073
${DATA_ROOT}/clips/596505_mSiZUO1cgwb8nNpA_0163.wav,bonafide,hi-en,596505,mucs2021,none,channel_g711_20db,eval,0.9966096878051758
${DATA_ROOT}/clips/596505_mSiZUO1cgwb8nNpA_0164.wav,bonafide,hi-en,596505,mucs2021,none,channel_g711_20db,eval,0.9970722198486328
${DATA_ROOT}/clips/596505_mSiZUO1cgwb8nNpA_0165.wav,bonafide,hi-en,596505,mucs2021,none,channel_g711_20db,eval,0.9966005682945251
${DATA_ROOT}/clips/596505_mSiZUO1cgwb8nNpA_0166.wav,bonafide,hi-en,596505,mucs2021,none,channel_g711_20db,eval,0.9973704814910889
${DATA_ROOT}/clips/596505_mSiZUO1cgwb8nNpA_0167.wav,bonafide,hi-en,596505,mucs2021,none,channel_g711_20db,eval,0.997043788433075
${DATA_ROOT}/clips/596505_mSiZUO1cgwb8nNpA_0168.wav,bonafide,hi-en,596505,mucs2021,none,channel_g711_20db,eval,0.9969425797462463
${DATA_ROOT}/clips/596505_mSiZUO1cgwb8nNpA_0169.wav,bonafide,hi-en,596505,mucs2021,none,channel_g711_20db,eval,0.9972667694091797
${DATA_ROOT}/clips/596505_mSiZUO1cgwb8nNpA_0170.wav,bonafide,hi-en,596505,mucs2021,none,channel_g711_20db,eval,0.9972676038742065
${DATA_ROOT}/clips/596505_mSiZUO1cgwb8nNpA_0171.wav,bonafide,hi-en,596505,mucs2021,none,channel_g711_20db,eval,0.9971005320549011
${DATA_ROOT}/clips/596505_mSiZUO1cgwb8nNpA_0172.wav,bonafide,hi-en,596505,mucs2021,none,channel_g711_20db,eval,0.9971963167190552
${DATA_ROOT}/clips/596505_mSiZUO1cgwb8nNpA_0173.wav,bonafide,hi-en,596505,mucs2021,none,channel_g711_20db,eval,0.9971000552177429
${DATA_ROOT}/clips/596505_mSiZUO1cgwb8nNpA_0174.wav,bonafide,hi-en,596505,mucs2021,none,channel_g711_20db,eval,0.9967032074928284
${DATA_ROOT}/clips/596505_mSiZUO1cgwb8nNpA_0175.wav,bonafide,hi-en,596505,mucs2021,none,channel_g711_20db,eval,0.9972386360168457
${DATA_ROOT}/clips/596505_mSiZUO1cgwb8nNpA_0176.wav,bonafide,hi-en,596505,mucs2021,none,channel_g711_20db,eval,0.9971477389335632
${DATA_ROOT}/clips/596505_mSiZUO1cgwb8nNpA_0177.wav,bonafide,hi-en,596505,mucs2021,none,channel_g711_20db,eval,0.997329831123352
${DATA_ROOT}/clips/596505_mSiZUO1cgwb8nNpA_0178.wav,bonafide,hi-en,596505,mucs2021,none,channel_g711_20db,eval,0.9969854950904846
${DATA_ROOT}/clips/596505_mSiZUO1cgwb8nNpA_0179.wav,bonafide,hi-en,596505,mucs2021,none,channel_g711_20db,eval,0.9970501661300659
${DATA_ROOT}/clips/596505_mSiZUO1cgwb8nNpA_0180.wav,bonafide,hi-en,596505,mucs2021,none,channel_g711_20db,eval,0.9973128437995911
${DATA_ROOT}/clips/596505_mSiZUO1cgwb8nNpA_0181.wav,bonafide,hi-en,596505,mucs2021,none,channel_g711_20db,eval,0.9974978566169739
${DATA_ROOT}/clips/945728_DBI6HIgiBL3G9iFP_0000.wav,bonafide,hi-en,945728,mucs2021,none,channel_g711_20db,eval,0.9972609281539917
${DATA_ROOT}/clips/945728_DBI6HIgiBL3G9iFP_0001.wav,bonafide,hi-en,945728,mucs2021,none,channel_g711_20db,eval,0.9969521760940552
${DATA_ROOT}/clips/945728_DBI6HIgiBL3G9iFP_0002.wav,bonafide,hi-en,945728,mucs2021,none,channel_g711_20db,eval,0.9972506165504456
${DATA_ROOT}/clips/945728_DBI6HIgiBL3G9iFP_0003.wav,bonafide,hi-en,945728,mucs2021,none,channel_g711_20db,eval,0.9968664050102234
${DATA_ROOT}/clips/945728_DBI6HIgiBL3G9iFP_0004.wav,bonafide,hi-en,945728,mucs2021,none,channel_g711_20db,eval,0.8430124521255493
${DATA_ROOT}/clips/945728_DBI6HIgiBL3G9iFP_0005.wav,bonafide,hi-en,945728,mucs2021,none,channel_g711_20db,eval,0.9962550401687622
${DATA_ROOT}/clips/945728_DBI6HIgiBL3G9iFP_0006.wav,bonafide,hi-en,945728,mucs2021,none,channel_g711_20db,eval,0.9971312284469604
${DATA_ROOT}/clips/945728_DBI6HIgiBL3G9iFP_0007.wav,bonafide,hi-en,945728,mucs2021,none,channel_g711_20db,eval,0.9972808361053467
${DATA_ROOT}/clips/945728_DBI6HIgiBL3G9iFP_0008.wav,bonafide,hi-en,945728,mucs2021,none,channel_g711_20db,eval,0.9970505237579346
${DATA_ROOT}/clips/945728_DBI6HIgiBL3G9iFP_0009.wav,bonafide,hi-en,945728,mucs2021,none,channel_g711_20db,eval,0.996469259262085
${DATA_ROOT}/clips/945728_DBI6HIgiBL3G9iFP_0010.wav,bonafide,hi-en,945728,mucs2021,none,channel_g711_20db,eval,0.9972629547119141
${DATA_ROOT}/clips/945728_DBI6HIgiBL3G9iFP_0011.wav,bonafide,hi-en,945728,mucs2021,none,channel_g711_20db,eval,0.9951208233833313
${DATA_ROOT}/clips/945728_DBI6HIgiBL3G9iFP_0012.wav,bonafide,hi-en,945728,mucs2021,none,channel_g711_20db,eval,0.9974513649940491
${DATA_ROOT}/clips/945728_DBI6HIgiBL3G9iFP_0013.wav,bonafide,hi-en,945728,mucs2021,none,channel_g711_20db,eval,0.9975090026855469
${DATA_ROOT}/clips/945728_DBI6HIgiBL3G9iFP_0014.wav,bonafide,hi-en,945728,mucs2021,none,channel_g711_20db,eval,0.9970203042030334
${DATA_ROOT}/clips/945728_DBI6HIgiBL3G9iFP_0015.wav,bonafide,hi-en,945728,mucs2021,none,channel_g711_20db,eval,0.997348427772522
${DATA_ROOT}/clips/945728_DBI6HIgiBL3G9iFP_0016.wav,bonafide,hi-en,945728,mucs2021,none,channel_g711_20db,eval,0.9973617196083069
${DATA_ROOT}/clips/945728_DBI6HIgiBL3G9iFP_0017.wav,bonafide,hi-en,945728,mucs2021,none,channel_g711_20db,eval,0.9972479939460754
${DATA_ROOT}/clips/945728_DBI6HIgiBL3G9iFP_0018.wav,bonafide,hi-en,945728,mucs2021,none,channel_g711_20db,eval,0.9651009440422058
${DATA_ROOT}/clips/945728_DBI6HIgiBL3G9iFP_0019.wav,bonafide,hi-en,945728,mucs2021,none,channel_g711_20db,eval,0.9971879124641418
${DATA_ROOT}/clips/945728_DBI6HIgiBL3G9iFP_0020.wav,bonafide,hi-en,945728,mucs2021,none,channel_g711_20db,eval,0.9973223805427551
${DATA_ROOT}/clips/945728_DBI6HIgiBL3G9iFP_0021.wav,bonafide,hi-en,945728,mucs2021,none,channel_g711_20db,eval,0.99730384349823
${DATA_ROOT}/clips/945728_DBI6HIgiBL3G9iFP_0022.wav,bonafide,hi-en,945728,mucs2021,none,channel_g711_20db,eval,0.9972745776176453
${DATA_ROOT}/clips/945728_DBI6HIgiBL3G9iFP_0023.wav,bonafide,hi-en,945728,mucs2021,none,channel_g711_20db,eval,0.99752277135849
${DATA_ROOT}/clips/945728_DBI6HIgiBL3G9iFP_0024.wav,bonafide,hi-en,945728,mucs2021,none,channel_g711_20db,eval,0.997420072555542
${DATA_ROOT}/clips/945728_DBI6HIgiBL3G9iFP_0025.wav,bonafide,hi-en,945728,mucs2021,none,channel_g711_20db,eval,0.9914177656173706
${DATA_ROOT}/clips/945728_DBI6HIgiBL3G9iFP_0026.wav,bonafide,hi-en,945728,mucs2021,none,channel_g711_20db,eval,0.9969770908355713
${DATA_ROOT}/clips/945728_DBI6HIgiBL3G9iFP_0027.wav,bonafide,hi-en,945728,mucs2021,none,channel_g711_20db,eval,0.9972798824310303
${DATA_ROOT}/clips/945728_DBI6HIgiBL3G9iFP_0028.wav,bonafide,hi-en,945728,mucs2021,none,channel_g711_20db,eval,0.997310996055603
${DATA_ROOT}/clips/945728_DBI6HIgiBL3G9iFP_0029.wav,bonafide,hi-en,945728,mucs2021,none,channel_g711_20db,eval,0.9972113966941833
${DATA_ROOT}/clips/945728_DBI6HIgiBL3G9iFP_0030.wav,bonafide,hi-en,945728,mucs2021,none,channel_g711_20db,eval,0.9973461627960205
${DATA_ROOT}/clips/945728_DBI6HIgiBL3G9iFP_0031.wav,bonafide,hi-en,945728,mucs2021,none,channel_g711_20db,eval,0.9973135590553284
${DATA_ROOT}/clips/945728_DBI6HIgiBL3G9iFP_0032.wav,bonafide,hi-en,945728,mucs2021,none,channel_g711_20db,eval,0.9969062209129333
${DATA_ROOT}/clips/945728_DBI6HIgiBL3G9iFP_0033.wav,bonafide,hi-en,945728,mucs2021,none,channel_g711_20db,eval,0.9973354935646057
${DATA_ROOT}/clips/945728_DBI6HIgiBL3G9iFP_0034.wav,bonafide,hi-en,945728,mucs2021,none,channel_g711_20db,eval,0.9973976612091064
${DATA_ROOT}/clips/945728_DBI6HIgiBL3G9iFP_0035.wav,bonafide,hi-en,945728,mucs2021,none,channel_g711_20db,eval,0.9973024129867554
${DATA_ROOT}/clips/945728_DBI6HIgiBL3G9iFP_0036.wav,bonafide,hi-en,945728,mucs2021,none,channel_g711_20db,eval,0.9972642660140991
${DATA_ROOT}/clips/945728_DBI6HIgiBL3G9iFP_0037.wav,bonafide,hi-en,945728,mucs2021,none,channel_g711_20db,eval,0.9973596930503845
${DATA_ROOT}/clips/945728_DBI6HIgiBL3G9iFP_0038.wav,bonafide,hi-en,945728,mucs2021,none,channel_g711_20db,eval,0.9973981380462646
${DATA_ROOT}/clips/945728_DBI6HIgiBL3G9iFP_0039.wav,bonafide,hi-en,945728,mucs2021,none,channel_g711_20db,eval,0.99735426902771
${DATA_ROOT}/clips/945728_DBI6HIgiBL3G9iFP_0040.wav,bonafide,hi-en,945728,mucs2021,none,channel_g711_20db,eval,0.9972599744796753
${DATA_ROOT}/clips/945728_DBI6HIgiBL3G9iFP_0041.wav,bonafide,hi-en,945728,mucs2021,none,channel_g711_20db,eval,0.9962877035140991
${DATA_ROOT}/clips/945728_DBI6HIgiBL3G9iFP_0042.wav,bonafide,hi-en,945728,mucs2021,none,channel_g711_20db,eval,0.9969256520271301
${DATA_ROOT}/clips/945728_DBI6HIgiBL3G9iFP_0043.wav,bonafide,hi-en,945728,mucs2021,none,channel_g711_20db,eval,0.9963829517364502
${DATA_ROOT}/clips/945728_DBI6HIgiBL3G9iFP_0044.wav,bonafide,hi-en,945728,mucs2021,none,channel_g711_20db,eval,0.9971467852592468
${DATA_ROOT}/clips/945728_DBI6HIgiBL3G9iFP_0045.wav,bonafide,hi-en,945728,mucs2021,none,channel_g711_20db,eval,0.9971151351928711
${DATA_ROOT}/clips/945728_DBI6HIgiBL3G9iFP_0046.wav,bonafide,hi-en,945728,mucs2021,none,channel_g711_20db,eval,0.9971612691879272
${DATA_ROOT}/clips/945728_DBI6HIgiBL3G9iFP_0047.wav,bonafide,hi-en,945728,mucs2021,none,channel_g711_20db,eval,0.9967909455299377
${DATA_ROOT}/clips/945728_DBI6HIgiBL3G9iFP_0048.wav,bonafide,hi-en,945728,mucs2021,none,channel_g711_20db,eval,0.9974128603935242
${DATA_ROOT}/clips/945728_DBI6HIgiBL3G9iFP_0049.wav,bonafide,hi-en,945728,mucs2021,none,channel_g711_20db,eval,0.9973809123039246
${DATA_ROOT}/clips/945728_DBI6HIgiBL3G9iFP_0050.wav,bonafide,hi-en,945728,mucs2021,none,channel_g711_20db,eval,0.9972468614578247
${DATA_ROOT}/clips/945728_DBI6HIgiBL3G9iFP_0051.wav,bonafide,hi-en,945728,mucs2021,none,channel_g711_20db,eval,0.9972080588340759
${DATA_ROOT}/clips/945728_DBI6HIgiBL3G9iFP_0052.wav,bonafide,hi-en,945728,mucs2021,none,channel_g711_20db,eval,0.9968791007995605
${DATA_ROOT}/clips/945728_DBI6HIgiBL3G9iFP_0053.wav,bonafide,hi-en,945728,mucs2021,none,channel_g711_20db,eval,0.9972519278526306
${DATA_ROOT}/clips/945728_DBI6HIgiBL3G9iFP_0054.wav,bonafide,hi-en,945728,mucs2021,none,channel_g711_20db,eval,0.9974920749664307
${DATA_ROOT}/clips/945728_DBI6HIgiBL3G9iFP_0055.wav,bonafide,hi-en,945728,mucs2021,none,channel_g711_20db,eval,0.9975088834762573
${DATA_ROOT}/clips/945728_DBI6HIgiBL3G9iFP_0056.wav,bonafide,hi-en,945728,mucs2021,none,channel_g711_20db,eval,0.996788501739502
${DATA_ROOT}/clips/945728_DBI6HIgiBL3G9iFP_0057.wav,bonafide,hi-en,945728,mucs2021,none,channel_g711_20db,eval,0.9972934126853943
${DATA_ROOT}/clips/945728_DBI6HIgiBL3G9iFP_0058.wav,bonafide,hi-en,945728,mucs2021,none,channel_g711_20db,eval,0.9971370697021484
${DATA_ROOT}/clips/945728_DBI6HIgiBL3G9iFP_0059.wav,bonafide,hi-en,945728,mucs2021,none,channel_g711_20db,eval,0.9968546628952026
${DATA_ROOT}/clips/945728_DBI6HIgiBL3G9iFP_0060.wav,bonafide,hi-en,945728,mucs2021,none,channel_g711_20db,eval,0.9968312382698059
${DATA_ROOT}/clips/945728_DBI6HIgiBL3G9iFP_0061.wav,bonafide,hi-en,945728,mucs2021,none,channel_g711_20db,eval,0.9974484443664551
${DATA_ROOT}/clips/945728_DBI6HIgiBL3G9iFP_0062.wav,bonafide,hi-en,945728,mucs2021,none,channel_g711_20db,eval,0.9970564842224121
${DATA_ROOT}/clips/945728_DBI6HIgiBL3G9iFP_0063.wav,bonafide,hi-en,945728,mucs2021,none,channel_g711_20db,eval,0.9971664547920227
${DATA_ROOT}/clips/945728_DBI6HIgiBL3G9iFP_0064.wav,bonafide,hi-en,945728,mucs2021,none,channel_g711_20db,eval,0.9969446063041687
${DATA_ROOT}/clips/945728_DBI6HIgiBL3G9iFP_0065.wav,bonafide,hi-en,945728,mucs2021,none,channel_g711_20db,eval,0.9973551034927368
${DATA_ROOT}/clips/945728_DBI6HIgiBL3G9iFP_0066.wav,bonafide,hi-en,945728,mucs2021,none,channel_g711_20db,eval,0.9962847232818604
${DATA_ROOT}/clips/945728_DBI6HIgiBL3G9iFP_0067.wav,bonafide,hi-en,945728,mucs2021,none,channel_g711_20db,eval,0.9973556995391846
${DATA_ROOT}/clips/945728_DBI6HIgiBL3G9iFP_0068.wav,bonafide,hi-en,945728,mucs2021,none,channel_g711_20db,eval,0.9967840909957886
${DATA_ROOT}/clips/945728_DBI6HIgiBL3G9iFP_0069.wav,bonafide,hi-en,945728,mucs2021,none,channel_g711_20db,eval,0.9974289536476135
${DATA_ROOT}/clips/945728_DBI6HIgiBL3G9iFP_0070.wav,bonafide,hi-en,945728,mucs2021,none,channel_g711_20db,eval,0.9971708655357361
${DATA_ROOT}/clips/945728_DBI6HIgiBL3G9iFP_0071.wav,bonafide,hi-en,945728,mucs2021,none,channel_g711_20db,eval,0.9970173835754395
${DATA_ROOT}/clips/945728_DBI6HIgiBL3G9iFP_0072.wav,bonafide,hi-en,945728,mucs2021,none,channel_g711_20db,eval,0.9973313808441162
${DATA_ROOT}/clips/945728_DBI6HIgiBL3G9iFP_0073.wav,bonafide,hi-en,945728,mucs2021,none,channel_g711_20db,eval,0.9970845580101013
${DATA_ROOT}/clips/945728_DBI6HIgiBL3G9iFP_0074.wav,bonafide,hi-en,945728,mucs2021,none,channel_g711_20db,eval,0.9974651336669922
${DATA_ROOT}/clips/945728_DBI6HIgiBL3G9iFP_0075.wav,bonafide,hi-en,945728,mucs2021,none,channel_g711_20db,eval,0.9968841671943665
${DATA_ROOT}/clips/945728_DBI6HIgiBL3G9iFP_0076.wav,bonafide,hi-en,945728,mucs2021,none,channel_g711_20db,eval,0.9965588450431824
${DATA_ROOT}/clips/945728_DBI6HIgiBL3G9iFP_0077.wav,bonafide,hi-en,945728,mucs2021,none,channel_g711_20db,eval,0.9971707463264465
${DATA_ROOT}/clips/945728_DBI6HIgiBL3G9iFP_0078.wav,bonafide,hi-en,945728,mucs2021,none,channel_g711_20db,eval,0.9971098303794861
${DATA_ROOT}/clips/945728_DBI6HIgiBL3G9iFP_0079.wav,bonafide,hi-en,945728,mucs2021,none,channel_g711_20db,eval,0.997367799282074
${DATA_ROOT}/clips/945728_DBI6HIgiBL3G9iFP_0080.wav,bonafide,hi-en,945728,mucs2021,none,channel_g711_20db,eval,0.9972352385520935
${DATA_ROOT}/clips/945728_DBI6HIgiBL3G9iFP_0081.wav,bonafide,hi-en,945728,mucs2021,none,channel_g711_20db,eval,0.9971066117286682
${DATA_ROOT}/clips/945728_DBI6HIgiBL3G9iFP_0082.wav,bonafide,hi-en,945728,mucs2021,none,channel_g711_20db,eval,0.997096061706543
${DATA_ROOT}/clips/945728_DBI6HIgiBL3G9iFP_0083.wav,bonafide,hi-en,945728,mucs2021,none,channel_g711_20db,eval,0.9969295859336853
${DATA_ROOT}/clips/945728_DBI6HIgiBL3G9iFP_0084.wav,bonafide,hi-en,945728,mucs2021,none,channel_g711_20db,eval,0.9969326257705688
${DATA_ROOT}/clips/945728_DBI6HIgiBL3G9iFP_0085.wav,bonafide,hi-en,945728,mucs2021,none,channel_g711_20db,eval,0.9971725940704346
${DATA_ROOT}/clips/945728_DBI6HIgiBL3G9iFP_0086.wav,bonafide,hi-en,945728,mucs2021,none,channel_g711_20db,eval,0.9970002770423889
${DATA_ROOT}/clips/945728_DBI6HIgiBL3G9iFP_0087.wav,bonafide,hi-en,945728,mucs2021,none,channel_g711_20db,eval,0.9970948696136475
${DATA_ROOT}/clips/945728_DBI6HIgiBL3G9iFP_0088.wav,bonafide,hi-en,945728,mucs2021,none,channel_g711_20db,eval,0.996863842010498
${DATA_ROOT}/clips/945728_DBI6HIgiBL3G9iFP_0089.wav,bonafide,hi-en,945728,mucs2021,none,channel_g711_20db,eval,0.9972274899482727
${DATA_ROOT}/clips/945728_DBI6HIgiBL3G9iFP_0090.wav,bonafide,hi-en,945728,mucs2021,none,channel_g711_20db,eval,0.9972683191299438
${DATA_ROOT}/clips/945728_DBI6HIgiBL3G9iFP_0091.wav,bonafide,hi-en,945728,mucs2021,none,channel_g711_20db,eval,0.9972115159034729
${DATA_ROOT}/clips/945728_DBI6HIgiBL3G9iFP_0092.wav,bonafide,hi-en,945728,mucs2021,none,channel_g711_20db,eval,0.9965678453445435
${DATA_ROOT}/clips/945728_DBI6HIgiBL3G9iFP_0093.wav,bonafide,hi-en,945728,mucs2021,none,channel_g711_20db,eval,0.9973297119140625
${DATA_ROOT}/clips/945728_DBI6HIgiBL3G9iFP_0094.wav,bonafide,hi-en,945728,mucs2021,none,channel_g711_20db,eval,0.9973825812339783
${DATA_ROOT}/clips/945728_DBI6HIgiBL3G9iFP_0095.wav,bonafide,hi-en,945728,mucs2021,none,channel_g711_20db,eval,0.9973848462104797
${DATA_ROOT}/clips/945728_DBI6HIgiBL3G9iFP_0096.wav,bonafide,hi-en,945728,mucs2021,none,channel_g711_20db,eval,0.008750316686928272
${DATA_ROOT}/clips/945728_DBI6HIgiBL3G9iFP_0097.wav,bonafide,hi-en,945728,mucs2021,none,channel_g711_20db,eval,0.9969571828842163
${DATA_ROOT}/clips/945728_DBI6HIgiBL3G9iFP_0098.wav,bonafide,hi-en,945728,mucs2021,none,channel_g711_20db,eval,0.9971127510070801
${DATA_ROOT}/clips/945728_DBI6HIgiBL3G9iFP_0099.wav,bonafide,hi-en,945728,mucs2021,none,channel_g711_20db,eval,0.9970122575759888
${DATA_ROOT}/clips/945728_DBI6HIgiBL3G9iFP_0100.wav,bonafide,hi-en,945728,mucs2021,none,channel_g711_20db,eval,0.9974955916404724
${DATA_ROOT}/clips/945728_DBI6HIgiBL3G9iFP_0101.wav,bonafide,hi-en,945728,mucs2021,none,channel_g711_20db,eval,0.9970746040344238
${DATA_ROOT}/clips/945728_DBI6HIgiBL3G9iFP_0102.wav,bonafide,hi-en,945728,mucs2021,none,channel_g711_20db,eval,0.9971250891685486
${DATA_ROOT}/clips/945728_DBI6HIgiBL3G9iFP_0103.wav,bonafide,hi-en,945728,mucs2021,none,channel_g711_20db,eval,0.997271716594696
${DATA_ROOT}/clips/945728_DBI6HIgiBL3G9iFP_0104.wav,bonafide,hi-en,945728,mucs2021,none,channel_g711_20db,eval,0.9973652958869934
${DATA_ROOT}/clips/945728_DBI6HIgiBL3G9iFP_0105.wav,bonafide,hi-en,945728,mucs2021,none,channel_g711_20db,eval,0.9973874688148499
${DATA_ROOT}/clips/945728_DBI6HIgiBL3G9iFP_0106.wav,bonafide,hi-en,945728,mucs2021,none,channel_g711_20db,eval,0.9973293542861938
${DATA_ROOT}/clips/945728_DBI6HIgiBL3G9iFP_0107.wav,bonafide,hi-en,945728,mucs2021,none,channel_g711_20db,eval,0.9969122409820557
${DATA_ROOT}/clips/945728_DBI6HIgiBL3G9iFP_0108.wav,bonafide,hi-en,945728,mucs2021,none,channel_g711_20db,eval,0.9973509311676025
${DATA_ROOT}/clips/945728_DBI6HIgiBL3G9iFP_0109.wav,bonafide,hi-en,945728,mucs2021,none,channel_g711_20db,eval,0.996684730052948
${DATA_ROOT}/clips/945728_DBI6HIgiBL3G9iFP_0110.wav,bonafide,hi-en,945728,mucs2021,none,channel_g711_20db,eval,0.9970757961273193
${DATA_ROOT}/clips/945728_DBI6HIgiBL3G9iFP_0111.wav,bonafide,hi-en,945728,mucs2021,none,channel_g711_20db,eval,0.9968974590301514
${DATA_ROOT}/clips/945728_DBI6HIgiBL3G9iFP_0112.wav,bonafide,hi-en,945728,mucs2021,none,channel_g711_20db,eval,0.997297465801239
${DATA_ROOT}/clips/945728_DBI6HIgiBL3G9iFP_0113.wav,bonafide,hi-en,945728,mucs2021,none,channel_g711_20db,eval,0.9967947602272034
${DATA_ROOT}/clips/945728_DBI6HIgiBL3G9iFP_0114.wav,bonafide,hi-en,945728,mucs2021,none,channel_g711_20db,eval,0.9974241256713867
${DATA_ROOT}/clips/945728_DBI6HIgiBL3G9iFP_0115.wav,bonafide,hi-en,945728,mucs2021,none,channel_g711_20db,eval,0.9971321821212769
${DATA_ROOT}/clips/945728_DBI6HIgiBL3G9iFP_0116.wav,bonafide,hi-en,945728,mucs2021,none,channel_g711_20db,eval,0.9971047043800354
${DATA_ROOT}/clips/945728_DBI6HIgiBL3G9iFP_0117.wav,bonafide,hi-en,945728,mucs2021,none,channel_g711_20db,eval,0.9974446296691895
${DATA_ROOT}/clips/945728_DBI6HIgiBL3G9iFP_0118.wav,bonafide,hi-en,945728,mucs2021,none,channel_g711_20db,eval,0.9973645806312561
${DATA_ROOT}/clips/945728_DBI6HIgiBL3G9iFP_0119.wav,bonafide,hi-en,945728,mucs2021,none,channel_g711_20db,eval,0.9967061877250671
${DATA_ROOT}/clips/945728_DBI6HIgiBL3G9iFP_0120.wav,bonafide,hi-en,945728,mucs2021,none,channel_g711_20db,eval,0.9968597888946533
${DATA_ROOT}/clips/945728_DBI6HIgiBL3G9iFP_0121.wav,bonafide,hi-en,945728,mucs2021,none,channel_g711_20db,eval,0.997055172920227
${DATA_ROOT}/clips/945728_DBI6HIgiBL3G9iFP_0122.wav,bonafide,hi-en,945728,mucs2021,none,channel_g711_20db,eval,0.9968850016593933
${DATA_ROOT}/clips/945728_DBI6HIgiBL3G9iFP_0123.wav,bonafide,hi-en,945728,mucs2021,none,channel_g711_20db,eval,0.9973248243331909
${DATA_ROOT}/clips/945728_DBI6HIgiBL3G9iFP_0124.wav,bonafide,hi-en,945728,mucs2021,none,channel_g711_20db,eval,0.9971829652786255
${DATA_ROOT}/clips/945728_DBI6HIgiBL3G9iFP_0125.wav,bonafide,hi-en,945728,mucs2021,none,channel_g711_20db,eval,0.9973118305206299
${DATA_ROOT}/clips/945728_DBI6HIgiBL3G9iFP_0126.wav,bonafide,hi-en,945728,mucs2021,none,channel_g711_20db,eval,0.997177243232727
${DATA_ROOT}/clips/945728_DBI6HIgiBL3G9iFP_0127.wav,bonafide,hi-en,945728,mucs2021,none,channel_g711_20db,eval,0.9972634315490723
${DATA_ROOT}/clips/945728_DBI6HIgiBL3G9iFP_0128.wav,bonafide,hi-en,945728,mucs2021,none,channel_g711_20db,eval,0.9969845414161682
${DATA_ROOT}/clips/945728_DBI6HIgiBL3G9iFP_0129.wav,bonafide,hi-en,945728,mucs2021,none,channel_g711_20db,eval,0.997112512588501
${DATA_ROOT}/clips/945728_DBI6HIgiBL3G9iFP_0130.wav,bonafide,hi-en,945728,mucs2021,none,channel_g711_20db,eval,0.9970651268959045
${DATA_ROOT}/clips/945728_DBI6HIgiBL3G9iFP_0131.wav,bonafide,hi-en,945728,mucs2021,none,channel_g711_20db,eval,0.9971835017204285
${DATA_ROOT}/clips/945728_DBI6HIgiBL3G9iFP_0132.wav,bonafide,hi-en,945728,mucs2021,none,channel_g711_20db,eval,0.9969981908798218
${DATA_ROOT}/clips/945728_DBI6HIgiBL3G9iFP_0133.wav,bonafide,hi-en,945728,mucs2021,none,channel_g711_20db,eval,0.9973918199539185
${DATA_ROOT}/clips/945728_DBI6HIgiBL3G9iFP_0134.wav,bonafide,hi-en,945728,mucs2021,none,channel_g711_20db,eval,0.9973345994949341
${DATA_ROOT}/clips/945728_DBI6HIgiBL3G9iFP_0135.wav,bonafide,hi-en,945728,mucs2021,none,channel_g711_20db,eval,0.9971969127655029
${DATA_ROOT}/clips/945728_DBI6HIgiBL3G9iFP_0136.wav,bonafide,hi-en,945728,mucs2021,none,channel_g711_20db,eval,0.9975925087928772
${DATA_ROOT}/clips/976811_t4ui2WmNjBa2OlEW_0000.wav,bonafide,hi-en,976811,mucs2021,none,channel_g711_20db,eval,0.9972485899925232
${DATA_ROOT}/clips/976811_t4ui2WmNjBa2OlEW_0001.wav,bonafide,hi-en,976811,mucs2021,none,channel_g711_20db,eval,0.9969084858894348
${DATA_ROOT}/clips/976811_t4ui2WmNjBa2OlEW_0002.wav,bonafide,hi-en,976811,mucs2021,none,channel_g711_20db,eval,0.996740996837616
${DATA_ROOT}/clips/976811_t4ui2WmNjBa2OlEW_0003.wav,bonafide,hi-en,976811,mucs2021,none,channel_g711_20db,eval,0.997081458568573
${DATA_ROOT}/clips/976811_t4ui2WmNjBa2OlEW_0004.wav,bonafide,hi-en,976811,mucs2021,none,channel_g711_20db,eval,0.9972612857818604
${DATA_ROOT}/clips/976811_t4ui2WmNjBa2OlEW_0005.wav,bonafide,hi-en,976811,mucs2021,none,channel_g711_20db,eval,0.9973307847976685
${DATA_ROOT}/clips/976811_t4ui2WmNjBa2OlEW_0006.wav,bonafide,hi-en,976811,mucs2021,none,channel_g711_20db,eval,0.9966673254966736
${DATA_ROOT}/clips/976811_t4ui2WmNjBa2OlEW_0007.wav,bonafide,hi-en,976811,mucs2021,none,channel_g711_20db,eval,0.884219229221344
${DATA_ROOT}/clips/976811_t4ui2WmNjBa2OlEW_0008.wav,bonafide,hi-en,976811,mucs2021,none,channel_g711_20db,eval,0.9972110390663147
${DATA_ROOT}/clips/976811_t4ui2WmNjBa2OlEW_0009.wav,bonafide,hi-en,976811,mucs2021,none,channel_g711_20db,eval,0.9971664547920227
${DATA_ROOT}/clips/976811_t4ui2WmNjBa2OlEW_0010.wav,bonafide,hi-en,976811,mucs2021,none,channel_g711_20db,eval,0.997490644454956
${DATA_ROOT}/clips/976811_t4ui2WmNjBa2OlEW_0011.wav,bonafide,hi-en,976811,mucs2021,none,channel_g711_20db,eval,0.997265100479126
${DATA_ROOT}/clips/976811_t4ui2WmNjBa2OlEW_0012.wav,bonafide,hi-en,976811,mucs2021,none,channel_g711_20db,eval,0.9974628686904907
${DATA_ROOT}/clips/976811_t4ui2WmNjBa2OlEW_0013.wav,bonafide,hi-en,976811,mucs2021,none,channel_g711_20db,eval,0.997531533241272
${DATA_ROOT}/clips/976811_t4ui2WmNjBa2OlEW_0014.wav,bonafide,hi-en,976811,mucs2021,none,channel_g711_20db,eval,0.9972680807113647
${DATA_ROOT}/clips/976811_t4ui2WmNjBa2OlEW_0015.wav,bonafide,hi-en,976811,mucs2021,none,channel_g711_20db,eval,0.9971585273742676
${DATA_ROOT}/clips/976811_t4ui2WmNjBa2OlEW_0016.wav,bonafide,hi-en,976811,mucs2021,none,channel_g711_20db,eval,0.9972240924835205
${DATA_ROOT}/clips/976811_t4ui2WmNjBa2OlEW_0017.wav,bonafide,hi-en,976811,mucs2021,none,channel_g711_20db,eval,0.9975414276123047
${DATA_ROOT}/clips/976811_t4ui2WmNjBa2OlEW_0018.wav,bonafide,hi-en,976811,mucs2021,none,channel_g711_20db,eval,0.9973710775375366
${DATA_ROOT}/clips/976811_t4ui2WmNjBa2OlEW_0019.wav,bonafide,hi-en,976811,mucs2021,none,channel_g711_20db,eval,0.9974174499511719
${DATA_ROOT}/clips/976811_t4ui2WmNjBa2OlEW_0020.wav,bonafide,hi-en,976811,mucs2021,none,channel_g711_20db,eval,0.9969569444656372
${DATA_ROOT}/clips/976811_t4ui2WmNjBa2OlEW_0021.wav,bonafide,hi-en,976811,mucs2021,none,channel_g711_20db,eval,0.9974804520606995
${DATA_ROOT}/clips/976811_t4ui2WmNjBa2OlEW_0022.wav,bonafide,hi-en,976811,mucs2021,none,channel_g711_20db,eval,0.9968268275260925
${DATA_ROOT}/clips/976811_t4ui2WmNjBa2OlEW_0023.wav,bonafide,hi-en,976811,mucs2021,none,channel_g711_20db,eval,0.9971843361854553
${DATA_ROOT}/clips/976811_t4ui2WmNjBa2OlEW_0024.wav,bonafide,hi-en,976811,mucs2021,none,channel_g711_20db,eval,0.9970607161521912
${DATA_ROOT}/clips/976811_t4ui2WmNjBa2OlEW_0025.wav,bonafide,hi-en,976811,mucs2021,none,channel_g711_20db,eval,0.9973806738853455
${DATA_ROOT}/clips/976811_t4ui2WmNjBa2OlEW_0026.wav,bonafide,hi-en,976811,mucs2021,none,channel_g711_20db,eval,0.9972407817840576
${DATA_ROOT}/clips/976811_t4ui2WmNjBa2OlEW_0027.wav,bonafide,hi-en,976811,mucs2021,none,channel_g711_20db,eval,0.99759441614151
${DATA_ROOT}/clips/976811_t4ui2WmNjBa2OlEW_0028.wav,bonafide,hi-en,976811,mucs2021,none,channel_g711_20db,eval,0.997359573841095
${DATA_ROOT}/clips/976811_t4ui2WmNjBa2OlEW_0029.wav,bonafide,hi-en,976811,mucs2021,none,channel_g711_20db,eval,0.9969809651374817
${DATA_ROOT}/clips/976811_t4ui2WmNjBa2OlEW_0030.wav,bonafide,hi-en,976811,mucs2021,none,channel_g711_20db,eval,0.996938943862915
${DATA_ROOT}/clips/976811_t4ui2WmNjBa2OlEW_0031.wav,bonafide,hi-en,976811,mucs2021,none,channel_g711_20db,eval,0.9974718689918518
${DATA_ROOT}/clips/976811_t4ui2WmNjBa2OlEW_0032.wav,bonafide,hi-en,976811,mucs2021,none,channel_g711_20db,eval,0.9974529147148132
${DATA_ROOT}/clips/976811_t4ui2WmNjBa2OlEW_0033.wav,bonafide,hi-en,976811,mucs2021,none,channel_g711_20db,eval,0.9971342086791992
${DATA_ROOT}/clips/976811_t4ui2WmNjBa2OlEW_0034.wav,bonafide,hi-en,976811,mucs2021,none,channel_g711_20db,eval,0.9972736239433289
${DATA_ROOT}/clips/976811_t4ui2WmNjBa2OlEW_0035.wav,bonafide,hi-en,976811,mucs2021,none,channel_g711_20db,eval,0.9975040555000305
${DATA_ROOT}/clips/976811_t4ui2WmNjBa2OlEW_0036.wav,bonafide,hi-en,976811,mucs2021,none,channel_g711_20db,eval,0.9973546266555786
${DATA_ROOT}/clips/976811_t4ui2WmNjBa2OlEW_0037.wav,bonafide,hi-en,976811,mucs2021,none,channel_g711_20db,eval,0.9974588751792908
${DATA_ROOT}/clips/976811_t4ui2WmNjBa2OlEW_0038.wav,bonafide,hi-en,976811,mucs2021,none,channel_g711_20db,eval,0.9971256852149963
${DATA_ROOT}/clips/976811_t4ui2WmNjBa2OlEW_0039.wav,bonafide,hi-en,976811,mucs2021,none,channel_g711_20db,eval,0.9969877600669861
${DATA_ROOT}/clips/976811_t4ui2WmNjBa2OlEW_0040.wav,bonafide,hi-en,976811,mucs2021,none,channel_g711_20db,eval,0.9970372915267944
${DATA_ROOT}/clips/976811_t4ui2WmNjBa2OlEW_0041.wav,bonafide,hi-en,976811,mucs2021,none,channel_g711_20db,eval,0.9966791868209839
${DATA_ROOT}/clips/976811_t4ui2WmNjBa2OlEW_0042.wav,bonafide,hi-en,976811,mucs2021,none,channel_g711_20db,eval,0.9975051283836365
${DATA_ROOT}/clips/976811_t4ui2WmNjBa2OlEW_0043.wav,bonafide,hi-en,976811,mucs2021,none,channel_g711_20db,eval,0.9967736601829529
${DATA_ROOT}/clips/976811_t4ui2WmNjBa2OlEW_0044.wav,bonafide,hi-en,976811,mucs2021,none,channel_g711_20db,eval,0.9971856474876404
${DATA_ROOT}/clips/976811_t4ui2WmNjBa2OlEW_0045.wav,bonafide,hi-en,976811,mucs2021,none,channel_g711_20db,eval,0.9968143105506897
${DATA_ROOT}/clips/976811_t4ui2WmNjBa2OlEW_0046.wav,bonafide,hi-en,976811,mucs2021,none,channel_g711_20db,eval,0.9971756935119629
${DATA_ROOT}/clips/976811_t4ui2WmNjBa2OlEW_0047.wav,bonafide,hi-en,976811,mucs2021,none,channel_g711_20db,eval,0.9975099563598633
${DATA_ROOT}/clips/976811_t4ui2WmNjBa2OlEW_0048.wav,bonafide,hi-en,976811,mucs2021,none,channel_g711_20db,eval,0.9972051978111267
${DATA_ROOT}/clips/976811_t4ui2WmNjBa2OlEW_0049.wav,bonafide,hi-en,976811,mucs2021,none,channel_g711_20db,eval,0.9970242381095886
${DATA_ROOT}/clips/976811_t4ui2WmNjBa2OlEW_0050.wav,bonafide,hi-en,976811,mucs2021,none,channel_g711_20db,eval,0.9970752000808716
${DATA_ROOT}/clips/976811_t4ui2WmNjBa2OlEW_0051.wav,bonafide,hi-en,976811,mucs2021,none,channel_g711_20db,eval,0.9972065091133118
${DATA_ROOT}/clips/976811_t4ui2WmNjBa2OlEW_0052.wav,bonafide,hi-en,976811,mucs2021,none,channel_g711_20db,eval,0.997398853302002
${DATA_ROOT}/clips/976811_t4ui2WmNjBa2OlEW_0053.wav,bonafide,hi-en,976811,mucs2021,none,channel_g711_20db,eval,0.9972391128540039
${DATA_ROOT}/clips/976811_t4ui2WmNjBa2OlEW_0054.wav,bonafide,hi-en,976811,mucs2021,none,channel_g711_20db,eval,0.9974229335784912
${DATA_ROOT}/clips/976811_t4ui2WmNjBa2OlEW_0055.wav,bonafide,hi-en,976811,mucs2021,none,channel_g711_20db,eval,0.9971490502357483
${DATA_ROOT}/clips/976811_t4ui2WmNjBa2OlEW_0056.wav,bonafide,hi-en,976811,mucs2021,none,channel_g711_20db,eval,0.9972310662269592
${DATA_ROOT}/clips/976811_t4ui2WmNjBa2OlEW_0057.wav,bonafide,hi-en,976811,mucs2021,none,channel_g711_20db,eval,0.9968668818473816
${DATA_ROOT}/clips/976811_t4ui2WmNjBa2OlEW_0058.wav,bonafide,hi-en,976811,mucs2021,none,channel_g711_20db,eval,0.9974015951156616
${DATA_ROOT}/clips/976811_t4ui2WmNjBa2OlEW_0059.wav,bonafide,hi-en,976811,mucs2021,none,channel_g711_20db,eval,0.9969310760498047
${DATA_ROOT}/clips/976811_t4ui2WmNjBa2OlEW_0060.wav,bonafide,hi-en,976811,mucs2021,none,channel_g711_20db,eval,0.9973556995391846
${DATA_ROOT}/clips/976811_t4ui2WmNjBa2OlEW_0061.wav,bonafide,hi-en,976811,mucs2021,none,channel_g711_20db,eval,0.9972397089004517
${DATA_ROOT}/clips/976811_t4ui2WmNjBa2OlEW_0062.wav,bonafide,hi-en,976811,mucs2021,none,channel_g711_20db,eval,0.9974799752235413
${DATA_ROOT}/clips/976811_t4ui2WmNjBa2OlEW_0063.wav,bonafide,hi-en,976811,mucs2021,none,channel_g711_20db,eval,0.9973861575126648
${DATA_ROOT}/clips/976811_t4ui2WmNjBa2OlEW_0064.wav,bonafide,hi-en,976811,mucs2021,none,channel_g711_20db,eval,0.9968696236610413
${DATA_ROOT}/clips/976811_t4ui2WmNjBa2OlEW_0065.wav,bonafide,hi-en,976811,mucs2021,none,channel_g711_20db,eval,0.9972680807113647
${DATA_ROOT}/clips/976811_t4ui2WmNjBa2OlEW_0066.wav,bonafide,hi-en,976811,mucs2021,none,channel_g711_20db,eval,0.9974014759063721
${DATA_ROOT}/clips/976811_t4ui2WmNjBa2OlEW_0067.wav,bonafide,hi-en,976811,mucs2021,none,channel_g711_20db,eval,0.9973621964454651
${DATA_ROOT}/clips/976811_t4ui2WmNjBa2OlEW_0068.wav,bonafide,hi-en,976811,mucs2021,none,channel_g711_20db,eval,0.9973337650299072
${DATA_ROOT}/clips/976811_t4ui2WmNjBa2OlEW_0069.wav,bonafide,hi-en,976811,mucs2021,none,channel_g711_20db,eval,0.9973700046539307
${DATA_ROOT}/clips/976811_t4ui2WmNjBa2OlEW_0070.wav,bonafide,hi-en,976811,mucs2021,none,channel_g711_20db,eval,0.9973709583282471
${DATA_ROOT}/clips/976811_t4ui2WmNjBa2OlEW_0071.wav,bonafide,hi-en,976811,mucs2021,none,channel_g711_20db,eval,0.9975136518478394
${DATA_ROOT}/clips/976811_t4ui2WmNjBa2OlEW_0072.wav,bonafide,hi-en,976811,mucs2021,none,channel_g711_20db,eval,0.997103750705719
${DATA_ROOT}/clips/976811_t4ui2WmNjBa2OlEW_0073.wav,bonafide,hi-en,976811,mucs2021,none,channel_g711_20db,eval,0.9972829818725586
${DATA_ROOT}/clips/976811_t4ui2WmNjBa2OlEW_0074.wav,bonafide,hi-en,976811,mucs2021,none,channel_g711_20db,eval,0.9972783923149109
${DATA_ROOT}/clips/976811_t4ui2WmNjBa2OlEW_0075.wav,bonafide,hi-en,976811,mucs2021,none,channel_g711_20db,eval,0.9971485733985901
${DATA_ROOT}/clips/976811_t4ui2WmNjBa2OlEW_0076.wav,bonafide,hi-en,976811,mucs2021,none,channel_g711_20db,eval,0.9974780678749084
${DATA_ROOT}/clips/976811_t4ui2WmNjBa2OlEW_0077.wav,bonafide,hi-en,976811,mucs2021,none,channel_g711_20db,eval,0.9966377019882202
${DATA_ROOT}/clips/976811_t4ui2WmNjBa2OlEW_0078.wav,bonafide,hi-en,976811,mucs2021,none,channel_g711_20db,eval,0.9976824522018433
${DATA_ROOT}/clips/976811_t4ui2WmNjBa2OlEW_0079.wav,bonafide,hi-en,976811,mucs2021,none,channel_g711_20db,eval,0.9973315000534058
${DATA_ROOT}/clips/976811_t4ui2WmNjBa2OlEW_0080.wav,bonafide,hi-en,976811,mucs2021,none,channel_g711_20db,eval,0.9970414042472839
${DATA_ROOT}/clips/976811_t4ui2WmNjBa2OlEW_0081.wav,bonafide,hi-en,976811,mucs2021,none,channel_g711_20db,eval,0.9970735311508179
${DATA_ROOT}/clips/976811_t4ui2WmNjBa2OlEW_0082.wav,bonafide,hi-en,976811,mucs2021,none,channel_g711_20db,eval,0.9973803162574768
${DATA_ROOT}/clips/976811_t4ui2WmNjBa2OlEW_0083.wav,bonafide,hi-en,976811,mucs2021,none,channel_g711_20db,eval,0.9973998069763184
${DATA_ROOT}/clips/976811_t4ui2WmNjBa2OlEW_0084.wav,bonafide,hi-en,976811,mucs2021,none,channel_g711_20db,eval,0.9975353479385376
${DATA_ROOT}/clips/976811_t4ui2WmNjBa2OlEW_0085.wav,bonafide,hi-en,976811,mucs2021,none,channel_g711_20db,eval,0.99676114320755
${DATA_ROOT}/clips/976811_t4ui2WmNjBa2OlEW_0086.wav,bonafide,hi-en,976811,mucs2021,none,channel_g711_20db,eval,0.9974170923233032
${DATA_ROOT}/clips/976811_t4ui2WmNjBa2OlEW_0087.wav,bonafide,hi-en,976811,mucs2021,none,channel_g711_20db,eval,0.9973217844963074
${DATA_ROOT}/clips/976811_t4ui2WmNjBa2OlEW_0088.wav,bonafide,hi-en,976811,mucs2021,none,channel_g711_20db,eval,0.997352123260498
${DATA_ROOT}/clips/976811_t4ui2WmNjBa2OlEW_0089.wav,bonafide,hi-en,976811,mucs2021,none,channel_g711_20db,eval,0.9959309697151184
${DATA_ROOT}/clips/976811_t4ui2WmNjBa2OlEW_0090.wav,bonafide,hi-en,976811,mucs2021,none,channel_g711_20db,eval,0.9969364404678345
${DATA_ROOT}/clips/976811_t4ui2WmNjBa2OlEW_0091.wav,bonafide,hi-en,976811,mucs2021,none,channel_g711_20db,eval,0.9973294734954834
${DATA_ROOT}/clips/976811_t4ui2WmNjBa2OlEW_0092.wav,bonafide,hi-en,976811,mucs2021,none,channel_g711_20db,eval,0.9975739121437073
${DATA_ROOT}/clips/976811_t4ui2WmNjBa2OlEW_0093.wav,bonafide,hi-en,976811,mucs2021,none,channel_g711_20db,eval,0.9975899457931519
${DATA_ROOT}/clips/976811_t4ui2WmNjBa2OlEW_0094.wav,bonafide,hi-en,976811,mucs2021,none,channel_g711_20db,eval,0.9974175691604614
${DATA_ROOT}/clips/976811_t4ui2WmNjBa2OlEW_0095.wav,bonafide,hi-en,976811,mucs2021,none,channel_g711_20db,eval,0.9972442388534546
${DATA_ROOT}/clips/976811_t4ui2WmNjBa2OlEW_0096.wav,bonafide,hi-en,976811,mucs2021,none,channel_g711_20db,eval,0.9973492622375488
${DATA_ROOT}/clips/976811_t4ui2WmNjBa2OlEW_0097.wav,bonafide,hi-en,976811,mucs2021,none,channel_g711_20db,eval,0.9974896907806396
${DATA_ROOT}/clips/976811_t4ui2WmNjBa2OlEW_0098.wav,bonafide,hi-en,976811,mucs2021,none,channel_g711_20db,eval,0.9971144199371338
${DATA_ROOT}/clips/tortoise_111627_00001.wav,spoof,hi-en,111627,cm04,tortoise,channel_g711_20db,eval,0.9965852499008179
${DATA_ROOT}/clips/tortoise_121073_00002.wav,spoof,hi-en,121073,cm04,tortoise,channel_g711_20db,eval,0.9975587129592896
${DATA_ROOT}/clips/tortoise_136325_00003.wav,spoof,hi-en,136325,cm04,tortoise,channel_g711_20db,eval,0.997327446937561
${DATA_ROOT}/clips/tortoise_146859_00004.wav,spoof,hi-en,146859,cm04,tortoise,channel_g711_20db,eval,0.038690660148859024
${DATA_ROOT}/clips/tortoise_165325_00005.wav,spoof,hi-en,165325,cm04,tortoise,channel_g711_20db,eval,0.995404839515686
${DATA_ROOT}/clips/tortoise_175522_00006.wav,spoof,hi-en,175522,cm04,tortoise,channel_g711_20db,eval,0.9972745776176453
${DATA_ROOT}/clips/tortoise_232748_00007.wav,spoof,hi-en,232748,cm04,tortoise,channel_g711_20db,eval,0.9942559599876404
${DATA_ROOT}/clips/tortoise_238121_00008.wav,spoof,hi-en,238121,cm04,tortoise,channel_g711_20db,eval,0.9973076581954956
${DATA_ROOT}/clips/tortoise_386410_00009.wav,spoof,hi-en,386410,cm04,tortoise,channel_g711_20db,eval,0.9969158172607422
${DATA_ROOT}/clips/tortoise_541916_00010.wav,spoof,hi-en,541916,cm04,tortoise,channel_g711_20db,eval,0.2553872764110565
${DATA_ROOT}/clips/tortoise_577537_00011.wav,spoof,hi-en,577537,cm04,tortoise,channel_g711_20db,eval,0.9973664879798889
${DATA_ROOT}/clips/tortoise_581145_00012.wav,spoof,hi-en,581145,cm04,tortoise,channel_g711_20db,eval,0.866701066493988
${DATA_ROOT}/clips/tortoise_596505_00013.wav,spoof,hi-en,596505,cm04,tortoise,channel_g711_20db,eval,0.9974690675735474
${DATA_ROOT}/clips/tortoise_945728_00014.wav,spoof,hi-en,945728,cm04,tortoise,channel_g711_20db,eval,0.9962708950042725
${DATA_ROOT}/clips/tortoise_976811_00015.wav,spoof,hi-en,976811,cm04,tortoise,channel_g711_20db,eval,0.9743735790252686
${DATA_ROOT}/clips/tortoise_111627_00016.wav,spoof,hi-en,111627,cm04,tortoise,channel_g711_20db,eval,0.9972522854804993
${DATA_ROOT}/clips/tortoise_121073_00017.wav,spoof,hi-en,121073,cm04,tortoise,channel_g711_20db,eval,0.9974675178527832
${DATA_ROOT}/clips/tortoise_146859_00019.wav,spoof,hi-en,146859,cm04,tortoise,channel_g711_20db,eval,0.07119674980640411
${DATA_ROOT}/clips/tortoise_165325_00020.wav,spoof,hi-en,165325,cm04,tortoise,channel_g711_20db,eval,0.9751230478286743
${DATA_ROOT}/clips/tortoise_175522_00021.wav,spoof,hi-en,175522,cm04,tortoise,channel_g711_20db,eval,0.9974159002304077
${DATA_ROOT}/clips/tortoise_232748_00022.wav,spoof,hi-en,232748,cm04,tortoise,channel_g711_20db,eval,0.9973924160003662
${DATA_ROOT}/clips/tortoise_238121_00023.wav,spoof,hi-en,238121,cm04,tortoise,channel_g711_20db,eval,0.9961367249488831
${DATA_ROOT}/clips/tortoise_386410_00024.wav,spoof,hi-en,386410,cm04,tortoise,channel_g711_20db,eval,0.9973299503326416
${DATA_ROOT}/clips/tortoise_541916_00025.wav,spoof,hi-en,541916,cm04,tortoise,channel_g711_20db,eval,0.03694269806146622
${DATA_ROOT}/clips/tortoise_577537_00026.wav,spoof,hi-en,577537,cm04,tortoise,channel_g711_20db,eval,0.9959701299667358
${DATA_ROOT}/clips/tortoise_581145_00027.wav,spoof,hi-en,581145,cm04,tortoise,channel_g711_20db,eval,0.997239351272583
${DATA_ROOT}/clips/tortoise_596505_00028.wav,spoof,hi-en,596505,cm04,tortoise,channel_g711_20db,eval,0.9931482672691345
${DATA_ROOT}/clips/tortoise_945728_00029.wav,spoof,hi-en,945728,cm04,tortoise,channel_g711_20db,eval,0.9974979758262634
${DATA_ROOT}/clips/tortoise_976811_00030.wav,spoof,hi-en,976811,cm04,tortoise,channel_g711_20db,eval,0.3045481741428375
${DATA_ROOT}/clips/tortoise_111627_00031.wav,spoof,hi-en,111627,cm04,tortoise,channel_g711_20db,eval,0.9965658783912659
${DATA_ROOT}/clips/tortoise_121073_00032.wav,spoof,hi-en,121073,cm04,tortoise,channel_g711_20db,eval,0.9973130822181702
${DATA_ROOT}/clips/tortoise_146859_00034.wav,spoof,hi-en,146859,cm04,tortoise,channel_g711_20db,eval,0.0034199825022369623
${DATA_ROOT}/clips/tortoise_165325_00035.wav,spoof,hi-en,165325,cm04,tortoise,channel_g711_20db,eval,0.8682501912117004
${DATA_ROOT}/clips/tortoise_175522_00036.wav,spoof,hi-en,175522,cm04,tortoise,channel_g711_20db,eval,0.9965839385986328
${DATA_ROOT}/clips/tortoise_232748_00037.wav,spoof,hi-en,232748,cm04,tortoise,channel_g711_20db,eval,0.9975165128707886
${DATA_ROOT}/clips/tortoise_238121_00038.wav,spoof,hi-en,238121,cm04,tortoise,channel_g711_20db,eval,0.924075722694397
${DATA_ROOT}/clips/tortoise_386410_00039.wav,spoof,hi-en,386410,cm04,tortoise,channel_g711_20db,eval,0.9974206686019897
${DATA_ROOT}/clips/tortoise_577537_00041.wav,spoof,hi-en,577537,cm04,tortoise,channel_g711_20db,eval,0.9971689581871033
${DATA_ROOT}/clips/tortoise_596505_00043.wav,spoof,hi-en,596505,cm04,tortoise,channel_g711_20db,eval,0.9973033666610718
${DATA_ROOT}/clips/tortoise_945728_00044.wav,spoof,hi-en,945728,cm04,tortoise,channel_g711_20db,eval,0.9918832778930664
${DATA_ROOT}/clips/tortoise_976811_00045.wav,spoof,hi-en,976811,cm04,tortoise,channel_g711_20db,eval,0.9627426862716675
${DATA_ROOT}/clips/tortoise_111627_00046.wav,spoof,hi-en,111627,cm04,tortoise,channel_g711_20db,eval,0.997480571269989
${DATA_ROOT}/clips/tortoise_121073_00047.wav,spoof,hi-en,121073,cm04,tortoise,channel_g711_20db,eval,0.9970321655273438
${DATA_ROOT}/clips/tortoise_136325_00048.wav,spoof,hi-en,136325,cm04,tortoise,channel_g711_20db,eval,0.9972705245018005
${DATA_ROOT}/clips/tortoise_146859_00049.wav,spoof,hi-en,146859,cm04,tortoise,channel_g711_20db,eval,0.5202782154083252
${DATA_ROOT}/clips/tortoise_165325_00050.wav,spoof,hi-en,165325,cm04,tortoise,channel_g711_20db,eval,0.9825229644775391
${DATA_ROOT}/clips/tortoise_175522_00051.wav,spoof,hi-en,175522,cm04,tortoise,channel_g711_20db,eval,0.9968660473823547
${DATA_ROOT}/clips/tortoise_232748_00052.wav,spoof,hi-en,232748,cm04,tortoise,channel_g711_20db,eval,0.9975289702415466
${DATA_ROOT}/clips/tortoise_238121_00053.wav,spoof,hi-en,238121,cm04,tortoise,channel_g711_20db,eval,0.536677896976471
${DATA_ROOT}/clips/tortoise_386410_00054.wav,spoof,hi-en,386410,cm04,tortoise,channel_g711_20db,eval,0.02713770978152752
${DATA_ROOT}/clips/tortoise_541916_00055.wav,spoof,hi-en,541916,cm04,tortoise,channel_g711_20db,eval,0.012791885994374752
${DATA_ROOT}/clips/tortoise_577537_00056.wav,spoof,hi-en,577537,cm04,tortoise,channel_g711_20db,eval,0.9973716735839844
${DATA_ROOT}/clips/tortoise_581145_00057.wav,spoof,hi-en,581145,cm04,tortoise,channel_g711_20db,eval,0.9849382638931274
${DATA_ROOT}/clips/tortoise_596505_00058.wav,spoof,hi-en,596505,cm04,tortoise,channel_g711_20db,eval,0.8866465091705322
${DATA_ROOT}/clips/tortoise_945728_00059.wav,spoof,hi-en,945728,cm04,tortoise,channel_g711_20db,eval,0.8618577718734741
${DATA_ROOT}/clips/tortoise_976811_00060.wav,spoof,hi-en,976811,cm04,tortoise,channel_g711_20db,eval,0.9782076478004456
${DATA_ROOT}/clips/tortoise_111627_00061.wav,spoof,hi-en,111627,cm04,tortoise,channel_g711_20db,eval,0.9931146502494812
${DATA_ROOT}/clips/tortoise_121073_00062.wav,spoof,hi-en,121073,cm04,tortoise,channel_g711_20db,eval,0.9971868395805359
${DATA_ROOT}/clips/tortoise_136325_00063.wav,spoof,hi-en,136325,cm04,tortoise,channel_g711_20db,eval,0.9862135052680969
${DATA_ROOT}/clips/tortoise_146859_00064.wav,spoof,hi-en,146859,cm04,tortoise,channel_g711_20db,eval,0.004372390918433666
${DATA_ROOT}/clips/tortoise_165325_00065.wav,spoof,hi-en,165325,cm04,tortoise,channel_g711_20db,eval,0.9952294826507568
${DATA_ROOT}/clips/tortoise_175522_00066.wav,spoof,hi-en,175522,cm04,tortoise,channel_g711_20db,eval,0.9970722198486328
${DATA_ROOT}/clips/tortoise_232748_00067.wav,spoof,hi-en,232748,cm04,tortoise,channel_g711_20db,eval,0.9586373567581177
${DATA_ROOT}/clips/tortoise_238121_00068.wav,spoof,hi-en,238121,cm04,tortoise,channel_g711_20db,eval,0.9957996010780334
${DATA_ROOT}/clips/tortoise_386410_00069.wav,spoof,hi-en,386410,cm04,tortoise,channel_g711_20db,eval,0.9975374937057495
${DATA_ROOT}/clips/tortoise_541916_00070.wav,spoof,hi-en,541916,cm04,tortoise,channel_g711_20db,eval,0.03654512017965317
${DATA_ROOT}/clips/tortoise_577537_00071.wav,spoof,hi-en,577537,cm04,tortoise,channel_g711_20db,eval,0.9948697090148926
${DATA_ROOT}/clips/tortoise_581145_00072.wav,spoof,hi-en,581145,cm04,tortoise,channel_g711_20db,eval,0.996866762638092
${DATA_ROOT}/clips/tortoise_596505_00073.wav,spoof,hi-en,596505,cm04,tortoise,channel_g711_20db,eval,0.997160792350769
${DATA_ROOT}/clips/tortoise_945728_00074.wav,spoof,hi-en,945728,cm04,tortoise,channel_g711_20db,eval,0.9706228375434875
${DATA_ROOT}/clips/tortoise_976811_00075.wav,spoof,hi-en,976811,cm04,tortoise,channel_g711_20db,eval,0.9949043989181519
${DATA_ROOT}/clips/tortoise_111627_00076.wav,spoof,hi-en,111627,cm04,tortoise,channel_g711_20db,eval,0.9972993731498718
${DATA_ROOT}/clips/tortoise_121073_00077.wav,spoof,hi-en,121073,cm04,tortoise,channel_g711_20db,eval,0.9974121451377869
${DATA_ROOT}/clips/tortoise_146859_00079.wav,spoof,hi-en,146859,cm04,tortoise,channel_g711_20db,eval,0.0032132158521562815
${DATA_ROOT}/clips/tortoise_165325_00080.wav,spoof,hi-en,165325,cm04,tortoise,channel_g711_20db,eval,0.9939921498298645
${DATA_ROOT}/clips/tortoise_175522_00081.wav,spoof,hi-en,175522,cm04,tortoise,channel_g711_20db,eval,0.9611769318580627
${DATA_ROOT}/clips/tortoise_232748_00082.wav,spoof,hi-en,232748,cm04,tortoise,channel_g711_20db,eval,0.9961574673652649
${DATA_ROOT}/clips/tortoise_238121_00083.wav,spoof,hi-en,238121,cm04,tortoise,channel_g711_20db,eval,0.9623343348503113
${DATA_ROOT}/clips/tortoise_386410_00084.wav,spoof,hi-en,386410,cm04,tortoise,channel_g711_20db,eval,0.9972749352455139
${DATA_ROOT}/clips/tortoise_541916_00085.wav,spoof,hi-en,541916,cm04,tortoise,channel_g711_20db,eval,0.7570564150810242
${DATA_ROOT}/clips/tortoise_577537_00086.wav,spoof,hi-en,577537,cm04,tortoise,channel_g711_20db,eval,0.9966602325439453
${DATA_ROOT}/clips/tortoise_581145_00087.wav,spoof,hi-en,581145,cm04,tortoise,channel_g711_20db,eval,0.9932509064674377
${DATA_ROOT}/clips/tortoise_596505_00088.wav,spoof,hi-en,596505,cm04,tortoise,channel_g711_20db,eval,0.9888239502906799
${DATA_ROOT}/clips/tortoise_945728_00089.wav,spoof,hi-en,945728,cm04,tortoise,channel_g711_20db,eval,0.997338593006134
${DATA_ROOT}/clips/tortoise_976811_00090.wav,spoof,hi-en,976811,cm04,tortoise,channel_g711_20db,eval,0.9587942361831665
${DATA_ROOT}/clips/tortoise_111627_00091.wav,spoof,hi-en,111627,cm04,tortoise,channel_g711_20db,eval,0.9768016934394836
${DATA_ROOT}/clips/tortoise_121073_00092.wav,spoof,hi-en,121073,cm04,tortoise,channel_g711_20db,eval,0.9975321292877197
${DATA_ROOT}/clips/tortoise_146859_00094.wav,spoof,hi-en,146859,cm04,tortoise,channel_g711_20db,eval,0.003220965387299657
${DATA_ROOT}/clips/tortoise_165325_00095.wav,spoof,hi-en,165325,cm04,tortoise,channel_g711_20db,eval,0.9973885416984558
${DATA_ROOT}/clips/tortoise_175522_00096.wav,spoof,hi-en,175522,cm04,tortoise,channel_g711_20db,eval,0.9941605925559998
${DATA_ROOT}/clips/tortoise_232748_00097.wav,spoof,hi-en,232748,cm04,tortoise,channel_g711_20db,eval,0.9971930384635925
${DATA_ROOT}/clips/tortoise_238121_00098.wav,spoof,hi-en,238121,cm04,tortoise,channel_g711_20db,eval,0.9951287508010864
${DATA_ROOT}/clips/tortoise_386410_00099.wav,spoof,hi-en,386410,cm04,tortoise,channel_g711_20db,eval,0.9969511032104492
${DATA_ROOT}/clips/tortoise_541916_00100.wav,spoof,hi-en,541916,cm04,tortoise,channel_g711_20db,eval,0.00331607973203063
${DATA_ROOT}/clips/tortoise_577537_00101.wav,spoof,hi-en,577537,cm04,tortoise,channel_g711_20db,eval,0.9653604626655579
${DATA_ROOT}/clips/tortoise_581145_00102.wav,spoof,hi-en,581145,cm04,tortoise,channel_g711_20db,eval,0.9971389770507812
${DATA_ROOT}/clips/tortoise_596505_00103.wav,spoof,hi-en,596505,cm04,tortoise,channel_g711_20db,eval,0.997077465057373
${DATA_ROOT}/clips/tortoise_945728_00104.wav,spoof,hi-en,945728,cm04,tortoise,channel_g711_20db,eval,0.9971344470977783
${DATA_ROOT}/clips/tortoise_976811_00105.wav,spoof,hi-en,976811,cm04,tortoise,channel_g711_20db,eval,0.8715353608131409
${DATA_ROOT}/clips/tortoise_111627_00106.wav,spoof,hi-en,111627,cm04,tortoise,channel_g711_20db,eval,0.9974948167800903
${DATA_ROOT}/clips/tortoise_121073_00107.wav,spoof,hi-en,121073,cm04,tortoise,channel_g711_20db,eval,0.9964075684547424
${DATA_ROOT}/clips/tortoise_146859_00109.wav,spoof,hi-en,146859,cm04,tortoise,channel_g711_20db,eval,0.012503092177212238
${DATA_ROOT}/clips/tortoise_165325_00110.wav,spoof,hi-en,165325,cm04,tortoise,channel_g711_20db,eval,0.9964876174926758
${DATA_ROOT}/clips/tortoise_175522_00111.wav,spoof,hi-en,175522,cm04,tortoise,channel_g711_20db,eval,0.9940694570541382
${DATA_ROOT}/clips/tortoise_232748_00112.wav,spoof,hi-en,232748,cm04,tortoise,channel_g711_20db,eval,0.9971912503242493
${DATA_ROOT}/clips/tortoise_386410_00114.wav,spoof,hi-en,386410,cm04,tortoise,channel_g711_20db,eval,0.9973760843276978
${DATA_ROOT}/clips/tortoise_541916_00115.wav,spoof,hi-en,541916,cm04,tortoise,channel_g711_20db,eval,0.5371113419532776
${DATA_ROOT}/clips/tortoise_577537_00116.wav,spoof,hi-en,577537,cm04,tortoise,channel_g711_20db,eval,0.9972730278968811
${DATA_ROOT}/clips/tortoise_581145_00117.wav,spoof,hi-en,581145,cm04,tortoise,channel_g711_20db,eval,0.9971278309822083
${DATA_ROOT}/clips/tortoise_596505_00118.wav,spoof,hi-en,596505,cm04,tortoise,channel_g711_20db,eval,0.9970805048942566
${DATA_ROOT}/clips/tortoise_945728_00119.wav,spoof,hi-en,945728,cm04,tortoise,channel_g711_20db,eval,0.996749997138977
${DATA_ROOT}/clips/tortoise_976811_00120.wav,spoof,hi-en,976811,cm04,tortoise,channel_g711_20db,eval,0.904988169670105
${DATA_ROOT}/clips/tortoise_111627_00121.wav,spoof,hi-en,111627,cm04,tortoise,channel_g711_20db,eval,0.9974675178527832
${DATA_ROOT}/clips/tortoise_121073_00122.wav,spoof,hi-en,121073,cm04,tortoise,channel_g711_20db,eval,0.997260570526123
${DATA_ROOT}/clips/tortoise_146859_00124.wav,spoof,hi-en,146859,cm04,tortoise,channel_g711_20db,eval,0.9021328687667847
${DATA_ROOT}/clips/tortoise_165325_00125.wav,spoof,hi-en,165325,cm04,tortoise,channel_g711_20db,eval,0.9059931635856628
${DATA_ROOT}/clips/tortoise_175522_00126.wav,spoof,hi-en,175522,cm04,tortoise,channel_g711_20db,eval,0.9972783923149109
${DATA_ROOT}/clips/tortoise_232748_00127.wav,spoof,hi-en,232748,cm04,tortoise,channel_g711_20db,eval,0.9960404634475708
${DATA_ROOT}/clips/tortoise_238121_00128.wav,spoof,hi-en,238121,cm04,tortoise,channel_g711_20db,eval,0.7235535383224487
${DATA_ROOT}/clips/tortoise_386410_00129.wav,spoof,hi-en,386410,cm04,tortoise,channel_g711_20db,eval,0.997331976890564
${DATA_ROOT}/clips/tortoise_541916_00130.wav,spoof,hi-en,541916,cm04,tortoise,channel_g711_20db,eval,0.1300567388534546
${DATA_ROOT}/clips/tortoise_577537_00131.wav,spoof,hi-en,577537,cm04,tortoise,channel_g711_20db,eval,0.9951342940330505
${DATA_ROOT}/clips/tortoise_581145_00132.wav,spoof,hi-en,581145,cm04,tortoise,channel_g711_20db,eval,0.9969961643218994
${DATA_ROOT}/clips/tortoise_596505_00133.wav,spoof,hi-en,596505,cm04,tortoise,channel_g711_20db,eval,0.9964035749435425
${DATA_ROOT}/clips/tortoise_945728_00134.wav,spoof,hi-en,945728,cm04,tortoise,channel_g711_20db,eval,0.9963068962097168
${DATA_ROOT}/clips/tortoise_976811_00135.wav,spoof,hi-en,976811,cm04,tortoise,channel_g711_20db,eval,0.9283439517021179
${DATA_ROOT}/clips/tortoise_111627_00136.wav,spoof,hi-en,111627,cm04,tortoise,channel_g711_20db,eval,0.9967600703239441
${DATA_ROOT}/clips/tortoise_121073_00137.wav,spoof,hi-en,121073,cm04,tortoise,channel_g711_20db,eval,0.9972797632217407
${DATA_ROOT}/clips/tortoise_136325_00138.wav,spoof,hi-en,136325,cm04,tortoise,channel_g711_20db,eval,0.9859747290611267
${DATA_ROOT}/clips/tortoise_146859_00139.wav,spoof,hi-en,146859,cm04,tortoise,channel_g711_20db,eval,0.9686040282249451
${DATA_ROOT}/clips/tortoise_165325_00140.wav,spoof,hi-en,165325,cm04,tortoise,channel_g711_20db,eval,0.9950022101402283
${DATA_ROOT}/clips/tortoise_175522_00141.wav,spoof,hi-en,175522,cm04,tortoise,channel_g711_20db,eval,0.9231081008911133
${DATA_ROOT}/clips/tortoise_232748_00142.wav,spoof,hi-en,232748,cm04,tortoise,channel_g711_20db,eval,0.9948254823684692
${DATA_ROOT}/clips/tortoise_238121_00143.wav,spoof,hi-en,238121,cm04,tortoise,channel_g711_20db,eval,0.9974633455276489
${DATA_ROOT}/clips/tortoise_386410_00144.wav,spoof,hi-en,386410,cm04,tortoise,channel_g711_20db,eval,0.9974365830421448
${DATA_ROOT}/clips/tortoise_541916_00145.wav,spoof,hi-en,541916,cm04,tortoise,channel_g711_20db,eval,0.9959057569503784
${DATA_ROOT}/clips/tortoise_577537_00146.wav,spoof,hi-en,577537,cm04,tortoise,channel_g711_20db,eval,0.9970587491989136
${DATA_ROOT}/clips/tortoise_581145_00147.wav,spoof,hi-en,581145,cm04,tortoise,channel_g711_20db,eval,0.9353540539741516
${DATA_ROOT}/clips/tortoise_596505_00148.wav,spoof,hi-en,596505,cm04,tortoise,channel_g711_20db,eval,0.8765921592712402
${DATA_ROOT}/clips/tortoise_945728_00149.wav,spoof,hi-en,945728,cm04,tortoise,channel_g711_20db,eval,0.620111882686615
${DATA_ROOT}/clips/tortoise_976811_00150.wav,spoof,hi-en,976811,cm04,tortoise,channel_g711_20db,eval,0.9618743062019348
${DATA_ROOT}/clips/tortoise_111627_00151.wav,spoof,hi-en,111627,cm04,tortoise,channel_g711_20db,eval,0.9941554069519043
${DATA_ROOT}/clips/tortoise_121073_00152.wav,spoof,hi-en,121073,cm04,tortoise,channel_g711_20db,eval,0.9973306655883789
${DATA_ROOT}/clips/tortoise_136325_00153.wav,spoof,hi-en,136325,cm04,tortoise,channel_g711_20db,eval,0.9969218373298645
${DATA_ROOT}/clips/tortoise_146859_00154.wav,spoof,hi-en,146859,cm04,tortoise,channel_g711_20db,eval,0.00335954362526536
${DATA_ROOT}/clips/tortoise_165325_00155.wav,spoof,hi-en,165325,cm04,tortoise,channel_g711_20db,eval,0.9955358505249023
${DATA_ROOT}/clips/tortoise_175522_00156.wav,spoof,hi-en,175522,cm04,tortoise,channel_g711_20db,eval,0.9965225458145142
${DATA_ROOT}/clips/tortoise_232748_00157.wav,spoof,hi-en,232748,cm04,tortoise,channel_g711_20db,eval,0.9968576431274414
${DATA_ROOT}/clips/tortoise_238121_00158.wav,spoof,hi-en,238121,cm04,tortoise,channel_g711_20db,eval,0.5902146697044373
${DATA_ROOT}/clips/tortoise_386410_00159.wav,spoof,hi-en,386410,cm04,tortoise,channel_g711_20db,eval,0.970394492149353
${DATA_ROOT}/clips/tortoise_541916_00160.wav,spoof,hi-en,541916,cm04,tortoise,channel_g711_20db,eval,0.003263437421992421
${DATA_ROOT}/clips/tortoise_577537_00161.wav,spoof,hi-en,577537,cm04,tortoise,channel_g711_20db,eval,0.9974040389060974
${DATA_ROOT}/clips/tortoise_596505_00163.wav,spoof,hi-en,596505,cm04,tortoise,channel_g711_20db,eval,0.9969568252563477
${DATA_ROOT}/clips/tortoise_945728_00164.wav,spoof,hi-en,945728,cm04,tortoise,channel_g711_20db,eval,0.9972789883613586
${DATA_ROOT}/clips/tortoise_976811_00165.wav,spoof,hi-en,976811,cm04,tortoise,channel_g711_20db,eval,0.8078293204307556
${DATA_ROOT}/clips/tortoise_111627_00166.wav,spoof,hi-en,111627,cm04,tortoise,channel_g711_20db,eval,0.9969123601913452
${DATA_ROOT}/clips/tortoise_121073_00167.wav,spoof,hi-en,121073,cm04,tortoise,channel_g711_20db,eval,0.9973456263542175
${DATA_ROOT}/clips/tortoise_136325_00168.wav,spoof,hi-en,136325,cm04,tortoise,channel_g711_20db,eval,0.9965914487838745
${DATA_ROOT}/clips/tortoise_146859_00169.wav,spoof,hi-en,146859,cm04,tortoise,channel_g711_20db,eval,0.9921017289161682
${DATA_ROOT}/clips/tortoise_165325_00170.wav,spoof,hi-en,165325,cm04,tortoise,channel_g711_20db,eval,0.9972310662269592
${DATA_ROOT}/clips/tortoise_175522_00171.wav,spoof,hi-en,175522,cm04,tortoise,channel_g711_20db,eval,0.9970024228096008
${DATA_ROOT}/clips/tortoise_232748_00172.wav,spoof,hi-en,232748,cm04,tortoise,channel_g711_20db,eval,0.9313719272613525
${DATA_ROOT}/clips/tortoise_238121_00173.wav,spoof,hi-en,238121,cm04,tortoise,channel_g711_20db,eval,0.9956523776054382
${DATA_ROOT}/clips/tortoise_386410_00174.wav,spoof,hi-en,386410,cm04,tortoise,channel_g711_20db,eval,0.9965648055076599
${DATA_ROOT}/clips/tortoise_541916_00175.wav,spoof,hi-en,541916,cm04,tortoise,channel_g711_20db,eval,0.9821844100952148
${DATA_ROOT}/clips/tortoise_577537_00176.wav,spoof,hi-en,577537,cm04,tortoise,channel_g711_20db,eval,0.9969322681427002
${DATA_ROOT}/clips/tortoise_581145_00177.wav,spoof,hi-en,581145,cm04,tortoise,channel_g711_20db,eval,0.9926167130470276
${DATA_ROOT}/clips/tortoise_596505_00178.wav,spoof,hi-en,596505,cm04,tortoise,channel_g711_20db,eval,0.9859472513198853
${DATA_ROOT}/clips/tortoise_945728_00179.wav,spoof,hi-en,945728,cm04,tortoise,channel_g711_20db,eval,0.9953232407569885
${DATA_ROOT}/clips/tortoise_976811_00180.wav,spoof,hi-en,976811,cm04,tortoise,channel_g711_20db,eval,0.9718843698501587
${DATA_ROOT}/clips/tortoise_111627_00181.wav,spoof,hi-en,111627,cm04,tortoise,channel_g711_20db,eval,0.993386447429657
${DATA_ROOT}/clips/tortoise_121073_00182.wav,spoof,hi-en,121073,cm04,tortoise,channel_g711_20db,eval,0.9972885847091675
${DATA_ROOT}/clips/tortoise_136325_00183.wav,spoof,hi-en,136325,cm04,tortoise,channel_g711_20db,eval,0.9963600039482117
${DATA_ROOT}/clips/tortoise_146859_00184.wav,spoof,hi-en,146859,cm04,tortoise,channel_g711_20db,eval,0.0035086229909211397
${DATA_ROOT}/clips/tortoise_165325_00185.wav,spoof,hi-en,165325,cm04,tortoise,channel_g711_20db,eval,0.9973364472389221
${DATA_ROOT}/clips/tortoise_175522_00186.wav,spoof,hi-en,175522,cm04,tortoise,channel_g711_20db,eval,0.9966586828231812
${DATA_ROOT}/clips/tortoise_232748_00187.wav,spoof,hi-en,232748,cm04,tortoise,channel_g711_20db,eval,0.9966409206390381
${DATA_ROOT}/clips/tortoise_238121_00188.wav,spoof,hi-en,238121,cm04,tortoise,channel_g711_20db,eval,0.9965208768844604
${DATA_ROOT}/clips/tortoise_541916_00190.wav,spoof,hi-en,541916,cm04,tortoise,channel_g711_20db,eval,0.05626034364104271
${DATA_ROOT}/clips/tortoise_596505_00193.wav,spoof,hi-en,596505,cm04,tortoise,channel_g711_20db,eval,0.9971469044685364
${DATA_ROOT}/clips/tortoise_945728_00194.wav,spoof,hi-en,945728,cm04,tortoise,channel_g711_20db,eval,0.9636388421058655
${DATA_ROOT}/clips/tortoise_976811_00195.wav,spoof,hi-en,976811,cm04,tortoise,channel_g711_20db,eval,0.9958421587944031
${DATA_ROOT}/clips/tortoise_121073_00197.wav,spoof,hi-en,121073,cm04,tortoise,channel_g711_20db,eval,0.9944748282432556
${DATA_ROOT}/clips/tortoise_136325_00198.wav,spoof,hi-en,136325,cm04,tortoise,channel_g711_20db,eval,0.8778208494186401
${DATA_ROOT}/clips/tortoise_146859_00199.wav,spoof,hi-en,146859,cm04,tortoise,channel_g711_20db,eval,0.0030029607005417347
${DATA_ROOT}/clips/tortoise_165325_00200.wav,spoof,hi-en,165325,cm04,tortoise,channel_g711_20db,eval,0.9965288043022156
${DATA_ROOT}/clips/tortoise_175522_00201.wav,spoof,hi-en,175522,cm04,tortoise,channel_g711_20db,eval,0.9973942041397095
${DATA_ROOT}/clips/tortoise_232748_00202.wav,spoof,hi-en,232748,cm04,tortoise,channel_g711_20db,eval,0.9975330829620361
${DATA_ROOT}/clips/tortoise_238121_00203.wav,spoof,hi-en,238121,cm04,tortoise,channel_g711_20db,eval,0.9957841038703918
${DATA_ROOT}/clips/tortoise_386410_00204.wav,spoof,hi-en,386410,cm04,tortoise,channel_g711_20db,eval,0.9094651937484741
${DATA_ROOT}/clips/tortoise_541916_00205.wav,spoof,hi-en,541916,cm04,tortoise,channel_g711_20db,eval,0.0030265082605183125
${DATA_ROOT}/clips/tortoise_577537_00206.wav,spoof,hi-en,577537,cm04,tortoise,channel_g711_20db,eval,0.9974591135978699
${DATA_ROOT}/clips/tortoise_581145_00207.wav,spoof,hi-en,581145,cm04,tortoise,channel_g711_20db,eval,0.9969801306724548
${DATA_ROOT}/clips/tortoise_596505_00208.wav,spoof,hi-en,596505,cm04,tortoise,channel_g711_20db,eval,0.9969367980957031
${DATA_ROOT}/clips/tortoise_945728_00209.wav,spoof,hi-en,945728,cm04,tortoise,channel_g711_20db,eval,0.9975634813308716
${DATA_ROOT}/clips/tortoise_976811_00210.wav,spoof,hi-en,976811,cm04,tortoise,channel_g711_20db,eval,0.9973605275154114
${DATA_ROOT}/clips/tortoise_111627_00211.wav,spoof,hi-en,111627,cm04,tortoise,channel_g711_20db,eval,0.9975361824035645
${DATA_ROOT}/clips/tortoise_121073_00212.wav,spoof,hi-en,121073,cm04,tortoise,channel_g711_20db,eval,0.9971761703491211
${DATA_ROOT}/clips/tortoise_146859_00214.wav,spoof,hi-en,146859,cm04,tortoise,channel_g711_20db,eval,0.005400544498115778
${DATA_ROOT}/clips/tortoise_165325_00215.wav,spoof,hi-en,165325,cm04,tortoise,channel_g711_20db,eval,0.9973179697990417
${DATA_ROOT}/clips/tortoise_175522_00216.wav,spoof,hi-en,175522,cm04,tortoise,channel_g711_20db,eval,0.9970787763595581
${DATA_ROOT}/clips/tortoise_232748_00217.wav,spoof,hi-en,232748,cm04,tortoise,channel_g711_20db,eval,0.9971475005149841
${DATA_ROOT}/clips/tortoise_238121_00218.wav,spoof,hi-en,238121,cm04,tortoise,channel_g711_20db,eval,0.9972383975982666
${DATA_ROOT}/clips/tortoise_386410_00219.wav,spoof,hi-en,386410,cm04,tortoise,channel_g711_20db,eval,0.9974523186683655
${DATA_ROOT}/clips/tortoise_541916_00220.wav,spoof,hi-en,541916,cm04,tortoise,channel_g711_20db,eval,0.0033555924892425537
${DATA_ROOT}/clips/tortoise_577537_00221.wav,spoof,hi-en,577537,cm04,tortoise,channel_g711_20db,eval,0.8244243264198303
${DATA_ROOT}/clips/tortoise_581145_00222.wav,spoof,hi-en,581145,cm04,tortoise,channel_g711_20db,eval,0.9956014156341553
${DATA_ROOT}/clips/tortoise_596505_00223.wav,spoof,hi-en,596505,cm04,tortoise,channel_g711_20db,eval,0.9961522221565247
${DATA_ROOT}/clips/tortoise_976811_00225.wav,spoof,hi-en,976811,cm04,tortoise,channel_g711_20db,eval,0.9973440766334534
${DATA_ROOT}/clips/tortoise_111627_00226.wav,spoof,hi-en,111627,cm04,tortoise,channel_g711_20db,eval,0.9975759387016296
${DATA_ROOT}/clips/tortoise_121073_00227.wav,spoof,hi-en,121073,cm04,tortoise,channel_g711_20db,eval,0.9970826506614685
${DATA_ROOT}/clips/tortoise_136325_00228.wav,spoof,hi-en,136325,cm04,tortoise,channel_g711_20db,eval,0.9892165660858154
${DATA_ROOT}/clips/tortoise_146859_00229.wav,spoof,hi-en,146859,cm04,tortoise,channel_g711_20db,eval,0.9011800289154053
${DATA_ROOT}/clips/tortoise_165325_00230.wav,spoof,hi-en,165325,cm04,tortoise,channel_g711_20db,eval,0.9366306066513062
${DATA_ROOT}/clips/tortoise_175522_00231.wav,spoof,hi-en,175522,cm04,tortoise,channel_g711_20db,eval,0.9973119497299194
${DATA_ROOT}/clips/tortoise_232748_00232.wav,spoof,hi-en,232748,cm04,tortoise,channel_g711_20db,eval,0.9971662163734436
${DATA_ROOT}/clips/tortoise_238121_00233.wav,spoof,hi-en,238121,cm04,tortoise,channel_g711_20db,eval,0.9973911046981812
${DATA_ROOT}/clips/tortoise_386410_00234.wav,spoof,hi-en,386410,cm04,tortoise,channel_g711_20db,eval,0.9821504354476929
${DATA_ROOT}/clips/tortoise_541916_00235.wav,spoof,hi-en,541916,cm04,tortoise,channel_g711_20db,eval,0.015218162909150124
${DATA_ROOT}/clips/tortoise_577537_00236.wav,spoof,hi-en,577537,cm04,tortoise,channel_g711_20db,eval,0.9975247979164124
${DATA_ROOT}/clips/tortoise_581145_00237.wav,spoof,hi-en,581145,cm04,tortoise,channel_g711_20db,eval,0.9945436716079712
${DATA_ROOT}/clips/tortoise_596505_00238.wav,spoof,hi-en,596505,cm04,tortoise,channel_g711_20db,eval,0.9972636699676514
${DATA_ROOT}/clips/tortoise_976811_00240.wav,spoof,hi-en,976811,cm04,tortoise,channel_g711_20db,eval,0.9730526208877563
${DATA_ROOT}/clips/tortoise_111627_00241.wav,spoof,hi-en,111627,cm04,tortoise,channel_g711_20db,eval,0.9969671368598938
${DATA_ROOT}/clips/tortoise_121073_00242.wav,spoof,hi-en,121073,cm04,tortoise,channel_g711_20db,eval,0.9975138902664185
${DATA_ROOT}/clips/tortoise_146859_00244.wav,spoof,hi-en,146859,cm04,tortoise,channel_g711_20db,eval,0.00447307713329792
${DATA_ROOT}/clips/tortoise_165325_00245.wav,spoof,hi-en,165325,cm04,tortoise,channel_g711_20db,eval,0.9969183206558228
${DATA_ROOT}/clips/tortoise_175522_00246.wav,spoof,hi-en,175522,cm04,tortoise,channel_g711_20db,eval,0.9959749579429626
${DATA_ROOT}/clips/tortoise_232748_00247.wav,spoof,hi-en,232748,cm04,tortoise,channel_g711_20db,eval,0.997092604637146
${DATA_ROOT}/clips/tortoise_238121_00248.wav,spoof,hi-en,238121,cm04,tortoise,channel_g711_20db,eval,0.9959036707878113
${DATA_ROOT}/clips/tortoise_386410_00249.wav,spoof,hi-en,386410,cm04,tortoise,channel_g711_20db,eval,0.9942495822906494
${DATA_ROOT}/clips/tortoise_541916_00250.wav,spoof,hi-en,541916,cm04,tortoise,channel_g711_20db,eval,0.009614241309463978
${DATA_ROOT}/clips/tortoise_577537_00251.wav,spoof,hi-en,577537,cm04,tortoise,channel_g711_20db,eval,0.996742308139801
${DATA_ROOT}/clips/tortoise_581145_00252.wav,spoof,hi-en,581145,cm04,tortoise,channel_g711_20db,eval,0.9931415915489197
${DATA_ROOT}/clips/tortoise_596505_00253.wav,spoof,hi-en,596505,cm04,tortoise,channel_g711_20db,eval,0.9972057938575745
${DATA_ROOT}/clips/tortoise_945728_00254.wav,spoof,hi-en,945728,cm04,tortoise,channel_g711_20db,eval,0.9975582361221313
${DATA_ROOT}/clips/tortoise_976811_00255.wav,spoof,hi-en,976811,cm04,tortoise,channel_g711_20db,eval,0.9947530031204224
${DATA_ROOT}/clips/tortoise_111627_00256.wav,spoof,hi-en,111627,cm04,tortoise,channel_g711_20db,eval,0.9968553781509399
${DATA_ROOT}/clips/tortoise_121073_00257.wav,spoof,hi-en,121073,cm04,tortoise,channel_g711_20db,eval,0.9975042939186096
${DATA_ROOT}/clips/tortoise_165325_00260.wav,spoof,hi-en,165325,cm04,tortoise,channel_g711_20db,eval,0.9392473697662354
${DATA_ROOT}/clips/tortoise_175522_00261.wav,spoof,hi-en,175522,cm04,tortoise,channel_g711_20db,eval,0.9972568154335022
${DATA_ROOT}/clips/tortoise_232748_00262.wav,spoof,hi-en,232748,cm04,tortoise,channel_g711_20db,eval,0.9972202777862549
${DATA_ROOT}/clips/tortoise_238121_00263.wav,spoof,hi-en,238121,cm04,tortoise,channel_g711_20db,eval,0.9666481018066406
${DATA_ROOT}/clips/tortoise_386410_00264.wav,spoof,hi-en,386410,cm04,tortoise,channel_g711_20db,eval,0.9974679946899414
${DATA_ROOT}/clips/tortoise_541916_00265.wav,spoof,hi-en,541916,cm04,tortoise,channel_g711_20db,eval,0.8731616735458374
${DATA_ROOT}/clips/tortoise_577537_00266.wav,spoof,hi-en,577537,cm04,tortoise,channel_g711_20db,eval,0.9846776723861694
${DATA_ROOT}/clips/tortoise_581145_00267.wav,spoof,hi-en,581145,cm04,tortoise,channel_g711_20db,eval,0.9974637031555176
${DATA_ROOT}/clips/tortoise_596505_00268.wav,spoof,hi-en,596505,cm04,tortoise,channel_g711_20db,eval,0.9970483183860779
${DATA_ROOT}/clips/tortoise_945728_00269.wav,spoof,hi-en,945728,cm04,tortoise,channel_g711_20db,eval,0.9922297596931458
${DATA_ROOT}/clips/tortoise_976811_00270.wav,spoof,hi-en,976811,cm04,tortoise,channel_g711_20db,eval,0.9832518100738525
${DATA_ROOT}/clips/tortoise_121073_00272.wav,spoof,hi-en,121073,cm04,tortoise,channel_g711_20db,eval,0.9970421195030212
${DATA_ROOT}/clips/tortoise_146859_00274.wav,spoof,hi-en,146859,cm04,tortoise,channel_g711_20db,eval,0.0030620309989899397
${DATA_ROOT}/clips/tortoise_165325_00275.wav,spoof,hi-en,165325,cm04,tortoise,channel_g711_20db,eval,0.9969882369041443
${DATA_ROOT}/clips/tortoise_175522_00276.wav,spoof,hi-en,175522,cm04,tortoise,channel_g711_20db,eval,0.9972683191299438
${DATA_ROOT}/clips/tortoise_232748_00277.wav,spoof,hi-en,232748,cm04,tortoise,channel_g711_20db,eval,0.99753737449646
${DATA_ROOT}/clips/tortoise_238121_00278.wav,spoof,hi-en,238121,cm04,tortoise,channel_g711_20db,eval,0.997156023979187
${DATA_ROOT}/clips/tortoise_386410_00279.wav,spoof,hi-en,386410,cm04,tortoise,channel_g711_20db,eval,0.8099525570869446
${DATA_ROOT}/clips/tortoise_541916_00280.wav,spoof,hi-en,541916,cm04,tortoise,channel_g711_20db,eval,0.25813427567481995
${DATA_ROOT}/clips/tortoise_577537_00281.wav,spoof,hi-en,577537,cm04,tortoise,channel_g711_20db,eval,0.9972164630889893
${DATA_ROOT}/clips/tortoise_581145_00282.wav,spoof,hi-en,581145,cm04,tortoise,channel_g711_20db,eval,0.9974043965339661
${DATA_ROOT}/clips/tortoise_596505_00283.wav,spoof,hi-en,596505,cm04,tortoise,channel_g711_20db,eval,0.9955287575721741
${DATA_ROOT}/clips/tortoise_945728_00284.wav,spoof,hi-en,945728,cm04,tortoise,channel_g711_20db,eval,0.9955666661262512
${DATA_ROOT}/clips/tortoise_976811_00285.wav,spoof,hi-en,976811,cm04,tortoise,channel_g711_20db,eval,0.8649587035179138
${DATA_ROOT}/clips/tortoise_111627_00286.wav,spoof,hi-en,111627,cm04,tortoise,channel_g711_20db,eval,0.9971873164176941
${DATA_ROOT}/clips/tortoise_121073_00287.wav,spoof,hi-en,121073,cm04,tortoise,channel_g711_20db,eval,0.9972472786903381
${DATA_ROOT}/clips/tortoise_136325_00288.wav,spoof,hi-en,136325,cm04,tortoise,channel_g711_20db,eval,0.9771489500999451
${DATA_ROOT}/clips/tortoise_146859_00289.wav,spoof,hi-en,146859,cm04,tortoise,channel_g711_20db,eval,0.008092827163636684
${DATA_ROOT}/clips/tortoise_165325_00290.wav,spoof,hi-en,165325,cm04,tortoise,channel_g711_20db,eval,0.9967880249023438
${DATA_ROOT}/clips/tortoise_175522_00291.wav,spoof,hi-en,175522,cm04,tortoise,channel_g711_20db,eval,0.9965425133705139
${DATA_ROOT}/clips/tortoise_232748_00292.wav,spoof,hi-en,232748,cm04,tortoise,channel_g711_20db,eval,0.9968295693397522
${DATA_ROOT}/clips/tortoise_238121_00293.wav,spoof,hi-en,238121,cm04,tortoise,channel_g711_20db,eval,0.9907544851303101
${DATA_ROOT}/clips/tortoise_386410_00294.wav,spoof,hi-en,386410,cm04,tortoise,channel_g711_20db,eval,0.9963744282722473
${DATA_ROOT}/clips/tortoise_541916_00295.wav,spoof,hi-en,541916,cm04,tortoise,channel_g711_20db,eval,0.004078296944499016
${DATA_ROOT}/clips/tortoise_577537_00296.wav,spoof,hi-en,577537,cm04,tortoise,channel_g711_20db,eval,0.9972598552703857
${DATA_ROOT}/clips/tortoise_581145_00297.wav,spoof,hi-en,581145,cm04,tortoise,channel_g711_20db,eval,0.9604234099388123
${DATA_ROOT}/clips/tortoise_596505_00298.wav,spoof,hi-en,596505,cm04,tortoise,channel_g711_20db,eval,0.9972359538078308
${DATA_ROOT}/clips/tortoise_945728_00299.wav,spoof,hi-en,945728,cm04,tortoise,channel_g711_20db,eval,0.9973852038383484
${DATA_ROOT}/clips/tortoise_976811_00300.wav,spoof,hi-en,976811,cm04,tortoise,channel_g711_20db,eval,0.9883456230163574
${DATA_ROOT}/clips/tortoise_111627_00301.wav,spoof,hi-en,111627,cm04,tortoise,channel_g711_20db,eval,0.5151290893554688
${DATA_ROOT}/clips/tortoise_121073_00302.wav,spoof,hi-en,121073,cm04,tortoise,channel_g711_20db,eval,0.9963686466217041
${DATA_ROOT}/clips/tortoise_136325_00303.wav,spoof,hi-en,136325,cm04,tortoise,channel_g711_20db,eval,0.994341254234314
${DATA_ROOT}/clips/tortoise_146859_00304.wav,spoof,hi-en,146859,cm04,tortoise,channel_g711_20db,eval,0.003222836647182703
${DATA_ROOT}/clips/tortoise_165325_00305.wav,spoof,hi-en,165325,cm04,tortoise,channel_g711_20db,eval,0.013976948335766792
${DATA_ROOT}/clips/tortoise_175522_00306.wav,spoof,hi-en,175522,cm04,tortoise,channel_g711_20db,eval,0.9924625158309937
${DATA_ROOT}/clips/tortoise_232748_00307.wav,spoof,hi-en,232748,cm04,tortoise,channel_g711_20db,eval,0.9954694509506226
${DATA_ROOT}/clips/tortoise_238121_00308.wav,spoof,hi-en,238121,cm04,tortoise,channel_g711_20db,eval,0.9932029247283936
${DATA_ROOT}/clips/tortoise_386410_00309.wav,spoof,hi-en,386410,cm04,tortoise,channel_g711_20db,eval,0.9973439574241638
${DATA_ROOT}/clips/tortoise_541916_00310.wav,spoof,hi-en,541916,cm04,tortoise,channel_g711_20db,eval,0.003055592067539692
${DATA_ROOT}/clips/tortoise_577537_00311.wav,spoof,hi-en,577537,cm04,tortoise,channel_g711_20db,eval,0.9963412880897522
${DATA_ROOT}/clips/tortoise_581145_00312.wav,spoof,hi-en,581145,cm04,tortoise,channel_g711_20db,eval,0.997381865978241
${DATA_ROOT}/clips/tortoise_596505_00313.wav,spoof,hi-en,596505,cm04,tortoise,channel_g711_20db,eval,0.9970430731773376
${DATA_ROOT}/clips/tortoise_945728_00314.wav,spoof,hi-en,945728,cm04,tortoise,channel_g711_20db,eval,0.9968763589859009
${DATA_ROOT}/clips/tortoise_976811_00315.wav,spoof,hi-en,976811,cm04,tortoise,channel_g711_20db,eval,0.887343168258667
${DATA_ROOT}/clips/tortoise_111627_00316.wav,spoof,hi-en,111627,cm04,tortoise,channel_g711_20db,eval,0.997495174407959
${DATA_ROOT}/clips/tortoise_121073_00317.wav,spoof,hi-en,121073,cm04,tortoise,channel_g711_20db,eval,0.9966310858726501
${DATA_ROOT}/clips/tortoise_136325_00318.wav,spoof,hi-en,136325,cm04,tortoise,channel_g711_20db,eval,0.7279026508331299
${DATA_ROOT}/clips/tortoise_146859_00319.wav,spoof,hi-en,146859,cm04,tortoise,channel_g711_20db,eval,0.0033047697506844997
${DATA_ROOT}/clips/tortoise_165325_00320.wav,spoof,hi-en,165325,cm04,tortoise,channel_g711_20db,eval,0.9823935031890869
${DATA_ROOT}/clips/tortoise_175522_00321.wav,spoof,hi-en,175522,cm04,tortoise,channel_g711_20db,eval,0.9969105124473572
${DATA_ROOT}/clips/tortoise_386410_00324.wav,spoof,hi-en,386410,cm04,tortoise,channel_g711_20db,eval,0.9965009689331055
${DATA_ROOT}/clips/tortoise_541916_00325.wav,spoof,hi-en,541916,cm04,tortoise,channel_g711_20db,eval,0.30862078070640564
${DATA_ROOT}/clips/tortoise_577537_00326.wav,spoof,hi-en,577537,cm04,tortoise,channel_g711_20db,eval,0.9922033548355103
${DATA_ROOT}/clips/tortoise_581145_00327.wav,spoof,hi-en,581145,cm04,tortoise,channel_g711_20db,eval,0.9961322546005249
${DATA_ROOT}/clips/tortoise_596505_00328.wav,spoof,hi-en,596505,cm04,tortoise,channel_g711_20db,eval,0.9770596027374268
${DATA_ROOT}/clips/tortoise_945728_00329.wav,spoof,hi-en,945728,cm04,tortoise,channel_g711_20db,eval,0.9967999458312988
${DATA_ROOT}/clips/tortoise_976811_00330.wav,spoof,hi-en,976811,cm04,tortoise,channel_g711_20db,eval,0.9967262744903564
${DATA_ROOT}/clips/tortoise_111627_00331.wav,spoof,hi-en,111627,cm04,tortoise,channel_g711_20db,eval,0.9747552275657654
${DATA_ROOT}/clips/tortoise_146859_00334.wav,spoof,hi-en,146859,cm04,tortoise,channel_g711_20db,eval,0.0034827820491045713
${DATA_ROOT}/clips/tortoise_165325_00335.wav,spoof,hi-en,165325,cm04,tortoise,channel_g711_20db,eval,0.8451838493347168
${DATA_ROOT}/clips/tortoise_175522_00336.wav,spoof,hi-en,175522,cm04,tortoise,channel_g711_20db,eval,0.9958680868148804
${DATA_ROOT}/clips/tortoise_232748_00337.wav,spoof,hi-en,232748,cm04,tortoise,channel_g711_20db,eval,0.9800961017608643
${DATA_ROOT}/clips/tortoise_238121_00338.wav,spoof,hi-en,238121,cm04,tortoise,channel_g711_20db,eval,0.9947928786277771
${DATA_ROOT}/clips/tortoise_386410_00339.wav,spoof,hi-en,386410,cm04,tortoise,channel_g711_20db,eval,0.9959499835968018
${DATA_ROOT}/clips/tortoise_577537_00341.wav,spoof,hi-en,577537,cm04,tortoise,channel_g711_20db,eval,0.9971405267715454
${DATA_ROOT}/clips/tortoise_581145_00342.wav,spoof,hi-en,581145,cm04,tortoise,channel_g711_20db,eval,0.9975171089172363
${DATA_ROOT}/clips/tortoise_945728_00344.wav,spoof,hi-en,945728,cm04,tortoise,channel_g711_20db,eval,0.9971250891685486
${DATA_ROOT}/clips/tortoise_976811_00345.wav,spoof,hi-en,976811,cm04,tortoise,channel_g711_20db,eval,0.9957565665245056
${DATA_ROOT}/clips/tortoise_111627_00346.wav,spoof,hi-en,111627,cm04,tortoise,channel_g711_20db,eval,0.012690890580415726
${DATA_ROOT}/clips/tortoise_121073_00347.wav,spoof,hi-en,121073,cm04,tortoise,channel_g711_20db,eval,0.9969924688339233
${DATA_ROOT}/clips/tortoise_136325_00348.wav,spoof,hi-en,136325,cm04,tortoise,channel_g711_20db,eval,0.9778081178665161
${DATA_ROOT}/clips/tortoise_146859_00349.wav,spoof,hi-en,146859,cm04,tortoise,channel_g711_20db,eval,0.9689050912857056
${DATA_ROOT}/clips/tortoise_175522_00351.wav,spoof,hi-en,175522,cm04,tortoise,channel_g711_20db,eval,0.9962051510810852
${DATA_ROOT}/clips/tortoise_232748_00352.wav,spoof,hi-en,232748,cm04,tortoise,channel_g711_20db,eval,0.997132420539856
${DATA_ROOT}/clips/tortoise_238121_00353.wav,spoof,hi-en,238121,cm04,tortoise,channel_g711_20db,eval,0.9958851933479309
${DATA_ROOT}/clips/tortoise_386410_00354.wav,spoof,hi-en,386410,cm04,tortoise,channel_g711_20db,eval,0.510406494140625
${DATA_ROOT}/clips/tortoise_541916_00355.wav,spoof,hi-en,541916,cm04,tortoise,channel_g711_20db,eval,0.0035539951641112566
${DATA_ROOT}/clips/tortoise_577537_00356.wav,spoof,hi-en,577537,cm04,tortoise,channel_g711_20db,eval,0.996060311794281
${DATA_ROOT}/clips/tortoise_581145_00357.wav,spoof,hi-en,581145,cm04,tortoise,channel_g711_20db,eval,0.9973840117454529
${DATA_ROOT}/clips/tortoise_596505_00358.wav,spoof,hi-en,596505,cm04,tortoise,channel_g711_20db,eval,0.9560533165931702
${DATA_ROOT}/clips/tortoise_945728_00359.wav,spoof,hi-en,945728,cm04,tortoise,channel_g711_20db,eval,0.9971582889556885
${DATA_ROOT}/clips/tortoise_976811_00360.wav,spoof,hi-en,976811,cm04,tortoise,channel_g711_20db,eval,0.012996655888855457
${DATA_ROOT}/clips/tortoise_111627_00361.wav,spoof,hi-en,111627,cm04,tortoise,channel_g711_20db,eval,0.8861627578735352
${DATA_ROOT}/clips/tortoise_121073_00362.wav,spoof,hi-en,121073,cm04,tortoise,channel_g711_20db,eval,0.9952182173728943
${DATA_ROOT}/clips/tortoise_146859_00364.wav,spoof,hi-en,146859,cm04,tortoise,channel_g711_20db,eval,0.005455051548779011
${DATA_ROOT}/clips/tortoise_165325_00365.wav,spoof,hi-en,165325,cm04,tortoise,channel_g711_20db,eval,0.997010350227356
${DATA_ROOT}/clips/tortoise_175522_00366.wav,spoof,hi-en,175522,cm04,tortoise,channel_g711_20db,eval,0.9796130657196045
${DATA_ROOT}/clips/tortoise_232748_00367.wav,spoof,hi-en,232748,cm04,tortoise,channel_g711_20db,eval,0.9971802234649658
${DATA_ROOT}/clips/tortoise_238121_00368.wav,spoof,hi-en,238121,cm04,tortoise,channel_g711_20db,eval,0.9971379041671753
${DATA_ROOT}/clips/tortoise_386410_00369.wav,spoof,hi-en,386410,cm04,tortoise,channel_g711_20db,eval,0.9965696334838867
${DATA_ROOT}/clips/tortoise_541916_00370.wav,spoof,hi-en,541916,cm04,tortoise,channel_g711_20db,eval,0.003439265536144376
${DATA_ROOT}/clips/tortoise_577537_00371.wav,spoof,hi-en,577537,cm04,tortoise,channel_g711_20db,eval,0.9969373941421509
${DATA_ROOT}/clips/tortoise_581145_00372.wav,spoof,hi-en,581145,cm04,tortoise,channel_g711_20db,eval,0.995130181312561
${DATA_ROOT}/clips/tortoise_596505_00373.wav,spoof,hi-en,596505,cm04,tortoise,channel_g711_20db,eval,0.9828877449035645
${DATA_ROOT}/clips/tortoise_945728_00374.wav,spoof,hi-en,945728,cm04,tortoise,channel_g711_20db,eval,0.996723473072052
${DATA_ROOT}/clips/tortoise_976811_00375.wav,spoof,hi-en,976811,cm04,tortoise,channel_g711_20db,eval,0.996890127658844
${DATA_ROOT}/clips/tortoise_111627_00376.wav,spoof,hi-en,111627,cm04,tortoise,channel_g711_20db,eval,0.9959326386451721
${DATA_ROOT}/clips/tortoise_121073_00377.wav,spoof,hi-en,121073,cm04,tortoise,channel_g711_20db,eval,0.9973702430725098
${DATA_ROOT}/clips/tortoise_165325_00380.wav,spoof,hi-en,165325,cm04,tortoise,channel_g711_20db,eval,0.9973050355911255
${DATA_ROOT}/clips/tortoise_175522_00381.wav,spoof,hi-en,175522,cm04,tortoise,channel_g711_20db,eval,0.997003972530365
${DATA_ROOT}/clips/tortoise_232748_00382.wav,spoof,hi-en,232748,cm04,tortoise,channel_g711_20db,eval,0.9971931576728821
${DATA_ROOT}/clips/tortoise_238121_00383.wav,spoof,hi-en,238121,cm04,tortoise,channel_g711_20db,eval,0.9860709309577942
${DATA_ROOT}/clips/tortoise_386410_00384.wav,spoof,hi-en,386410,cm04,tortoise,channel_g711_20db,eval,0.9949045181274414
${DATA_ROOT}/clips/tortoise_541916_00385.wav,spoof,hi-en,541916,cm04,tortoise,channel_g711_20db,eval,0.0031521404162049294
${DATA_ROOT}/clips/tortoise_577537_00386.wav,spoof,hi-en,577537,cm04,tortoise,channel_g711_20db,eval,0.9958521127700806
${DATA_ROOT}/clips/tortoise_581145_00387.wav,spoof,hi-en,581145,cm04,tortoise,channel_g711_20db,eval,0.9970840811729431
${DATA_ROOT}/clips/tortoise_596505_00388.wav,spoof,hi-en,596505,cm04,tortoise,channel_g711_20db,eval,0.9971119165420532
${DATA_ROOT}/clips/tortoise_945728_00389.wav,spoof,hi-en,945728,cm04,tortoise,channel_g711_20db,eval,0.9973475933074951
${DATA_ROOT}/clips/tortoise_976811_00390.wav,spoof,hi-en,976811,cm04,tortoise,channel_g711_20db,eval,0.8662775158882141
${DATA_ROOT}/clips/tortoise_111627_00391.wav,spoof,hi-en,111627,cm04,tortoise,channel_g711_20db,eval,0.997497022151947
${DATA_ROOT}/clips/tortoise_121073_00392.wav,spoof,hi-en,121073,cm04,tortoise,channel_g711_20db,eval,0.9958670139312744
${DATA_ROOT}/clips/tortoise_146859_00394.wav,spoof,hi-en,146859,cm04,tortoise,channel_g711_20db,eval,0.003059202339500189
${DATA_ROOT}/clips/tortoise_165325_00395.wav,spoof,hi-en,165325,cm04,tortoise,channel_g711_20db,eval,0.8827822208404541
${DATA_ROOT}/clips/tortoise_175522_00396.wav,spoof,hi-en,175522,cm04,tortoise,channel_g711_20db,eval,0.9972180128097534
${DATA_ROOT}/clips/tortoise_232748_00397.wav,spoof,hi-en,232748,cm04,tortoise,channel_g711_20db,eval,0.9974313378334045
${DATA_ROOT}/clips/tortoise_238121_00398.wav,spoof,hi-en,238121,cm04,tortoise,channel_g711_20db,eval,0.16165363788604736
${DATA_ROOT}/clips/tortoise_386410_00399.wav,spoof,hi-en,386410,cm04,tortoise,channel_g711_20db,eval,0.9971787929534912
${DATA_ROOT}/clips/tortoise_541916_00400.wav,spoof,hi-en,541916,cm04,tortoise,channel_g711_20db,eval,0.005438928958028555
${DATA_ROOT}/clips/tortoise_577537_00401.wav,spoof,hi-en,577537,cm04,tortoise,channel_g711_20db,eval,0.9971818923950195
${DATA_ROOT}/clips/tortoise_581145_00402.wav,spoof,hi-en,581145,cm04,tortoise,channel_g711_20db,eval,0.9971203804016113
${DATA_ROOT}/clips/tortoise_596505_00403.wav,spoof,hi-en,596505,cm04,tortoise,channel_g711_20db,eval,0.9972949624061584
${DATA_ROOT}/clips/tortoise_945728_00404.wav,spoof,hi-en,945728,cm04,tortoise,channel_g711_20db,eval,0.9972953200340271
${DATA_ROOT}/clips/tortoise_976811_00405.wav,spoof,hi-en,976811,cm04,tortoise,channel_g711_20db,eval,0.9282518029212952
${DATA_ROOT}/clips/tortoise_111627_00406.wav,spoof,hi-en,111627,cm04,tortoise,channel_g711_20db,eval,0.9733578562736511
${DATA_ROOT}/clips/tortoise_121073_00407.wav,spoof,hi-en,121073,cm04,tortoise,channel_g711_20db,eval,0.9974549412727356
${DATA_ROOT}/clips/tortoise_136325_00408.wav,spoof,hi-en,136325,cm04,tortoise,channel_g711_20db,eval,0.9818520545959473
${DATA_ROOT}/clips/tortoise_146859_00409.wav,spoof,hi-en,146859,cm04,tortoise,channel_g711_20db,eval,0.995688259601593
${DATA_ROOT}/clips/tortoise_165325_00410.wav,spoof,hi-en,165325,cm04,tortoise,channel_g711_20db,eval,0.9914844632148743
${DATA_ROOT}/clips/tortoise_175522_00411.wav,spoof,hi-en,175522,cm04,tortoise,channel_g711_20db,eval,0.9973804354667664
${DATA_ROOT}/clips/tortoise_232748_00412.wav,spoof,hi-en,232748,cm04,tortoise,channel_g711_20db,eval,0.9963539838790894
${DATA_ROOT}/clips/tortoise_238121_00413.wav,spoof,hi-en,238121,cm04,tortoise,channel_g711_20db,eval,0.9973860383033752
${DATA_ROOT}/clips/tortoise_386410_00414.wav,spoof,hi-en,386410,cm04,tortoise,channel_g711_20db,eval,0.997462272644043
${DATA_ROOT}/clips/tortoise_541916_00415.wav,spoof,hi-en,541916,cm04,tortoise,channel_g711_20db,eval,0.7833687663078308
${DATA_ROOT}/clips/tortoise_577537_00416.wav,spoof,hi-en,577537,cm04,tortoise,channel_g711_20db,eval,0.9968580007553101
${DATA_ROOT}/clips/tortoise_581145_00417.wav,spoof,hi-en,581145,cm04,tortoise,channel_g711_20db,eval,0.9948691129684448
${DATA_ROOT}/clips/tortoise_596505_00418.wav,spoof,hi-en,596505,cm04,tortoise,channel_g711_20db,eval,0.8362850546836853
${DATA_ROOT}/clips/tortoise_945728_00419.wav,spoof,hi-en,945728,cm04,tortoise,channel_g711_20db,eval,0.9965423941612244
${DATA_ROOT}/clips/tortoise_976811_00420.wav,spoof,hi-en,976811,cm04,tortoise,channel_g711_20db,eval,0.9976176619529724
${DATA_ROOT}/clips/tortoise_111627_00421.wav,spoof,hi-en,111627,cm04,tortoise,channel_g711_20db,eval,0.9975296854972839
${DATA_ROOT}/clips/tortoise_121073_00422.wav,spoof,hi-en,121073,cm04,tortoise,channel_g711_20db,eval,0.9976542592048645
${DATA_ROOT}/clips/tortoise_146859_00424.wav,spoof,hi-en,146859,cm04,tortoise,channel_g711_20db,eval,0.003851457731798291
${DATA_ROOT}/clips/tortoise_165325_00425.wav,spoof,hi-en,165325,cm04,tortoise,channel_g711_20db,eval,0.9942966103553772
${DATA_ROOT}/clips/tortoise_175522_00426.wav,spoof,hi-en,175522,cm04,tortoise,channel_g711_20db,eval,0.9969090819358826
${DATA_ROOT}/clips/tortoise_232748_00427.wav,spoof,hi-en,232748,cm04,tortoise,channel_g711_20db,eval,0.9974072575569153
${DATA_ROOT}/clips/tortoise_238121_00428.wav,spoof,hi-en,238121,cm04,tortoise,channel_g711_20db,eval,0.9955601692199707
${DATA_ROOT}/clips/tortoise_386410_00429.wav,spoof,hi-en,386410,cm04,tortoise,channel_g711_20db,eval,0.9974783062934875
${DATA_ROOT}/clips/tortoise_541916_00430.wav,spoof,hi-en,541916,cm04,tortoise,channel_g711_20db,eval,0.0030115169938653708
${DATA_ROOT}/clips/tortoise_577537_00431.wav,spoof,hi-en,577537,cm04,tortoise,channel_g711_20db,eval,0.9973691701889038
${DATA_ROOT}/clips/tortoise_581145_00432.wav,spoof,hi-en,581145,cm04,tortoise,channel_g711_20db,eval,0.9973118305206299
${DATA_ROOT}/clips/tortoise_596505_00433.wav,spoof,hi-en,596505,cm04,tortoise,channel_g711_20db,eval,0.9974428415298462
${DATA_ROOT}/clips/tortoise_945728_00434.wav,spoof,hi-en,945728,cm04,tortoise,channel_g711_20db,eval,0.9945935606956482
${DATA_ROOT}/clips/tortoise_976811_00435.wav,spoof,hi-en,976811,cm04,tortoise,channel_g711_20db,eval,0.9775735139846802
${DATA_ROOT}/clips/tortoise_111627_00436.wav,spoof,hi-en,111627,cm04,tortoise,channel_g711_20db,eval,0.9789385795593262
${DATA_ROOT}/clips/tortoise_121073_00437.wav,spoof,hi-en,121073,cm04,tortoise,channel_g711_20db,eval,0.9848698377609253
${DATA_ROOT}/clips/tortoise_136325_00438.wav,spoof,hi-en,136325,cm04,tortoise,channel_g711_20db,eval,0.9958953857421875
${DATA_ROOT}/clips/tortoise_146859_00439.wav,spoof,hi-en,146859,cm04,tortoise,channel_g711_20db,eval,0.003676789812743664
${DATA_ROOT}/clips/tortoise_165325_00440.wav,spoof,hi-en,165325,cm04,tortoise,channel_g711_20db,eval,0.9974324107170105
${DATA_ROOT}/clips/tortoise_175522_00441.wav,spoof,hi-en,175522,cm04,tortoise,channel_g711_20db,eval,0.996918797492981
${DATA_ROOT}/clips/tortoise_232748_00442.wav,spoof,hi-en,232748,cm04,tortoise,channel_g711_20db,eval,0.9962375164031982
${DATA_ROOT}/clips/tortoise_238121_00443.wav,spoof,hi-en,238121,cm04,tortoise,channel_g711_20db,eval,0.9968454241752625
${DATA_ROOT}/clips/tortoise_386410_00444.wav,spoof,hi-en,386410,cm04,tortoise,channel_g711_20db,eval,0.9972334504127502
${DATA_ROOT}/clips/tortoise_541916_00445.wav,spoof,hi-en,541916,cm04,tortoise,channel_g711_20db,eval,0.0031342264264822006
${DATA_ROOT}/clips/tortoise_577537_00446.wav,spoof,hi-en,577537,cm04,tortoise,channel_g711_20db,eval,0.9972835779190063
${DATA_ROOT}/clips/tortoise_581145_00447.wav,spoof,hi-en,581145,cm04,tortoise,channel_g711_20db,eval,0.9974293112754822
${DATA_ROOT}/clips/tortoise_596505_00448.wav,spoof,hi-en,596505,cm04,tortoise,channel_g711_20db,eval,0.9972896575927734
${DATA_ROOT}/clips/tortoise_945728_00449.wav,spoof,hi-en,945728,cm04,tortoise,channel_g711_20db,eval,0.9694618582725525
${DATA_ROOT}/clips/tortoise_976811_00450.wav,spoof,hi-en,976811,cm04,tortoise,channel_g711_20db,eval,0.99739009141922
${DATA_ROOT}/clips/tortoise_121073_00452.wav,spoof,hi-en,121073,cm04,tortoise,channel_g711_20db,eval,0.9973926544189453
${DATA_ROOT}/clips/tortoise_146859_00454.wav,spoof,hi-en,146859,cm04,tortoise,channel_g711_20db,eval,0.00308229704387486
${DATA_ROOT}/clips/tortoise_165325_00455.wav,spoof,hi-en,165325,cm04,tortoise,channel_g711_20db,eval,0.827553927898407
${DATA_ROOT}/clips/tortoise_175522_00456.wav,spoof,hi-en,175522,cm04,tortoise,channel_g711_20db,eval,0.9975016713142395
${DATA_ROOT}/clips/tortoise_238121_00458.wav,spoof,hi-en,238121,cm04,tortoise,channel_g711_20db,eval,0.9972733855247498
${DATA_ROOT}/clips/tortoise_386410_00459.wav,spoof,hi-en,386410,cm04,tortoise,channel_g711_20db,eval,0.9974486231803894
${DATA_ROOT}/clips/tortoise_541916_00460.wav,spoof,hi-en,541916,cm04,tortoise,channel_g711_20db,eval,0.003208181355148554
${DATA_ROOT}/clips/tortoise_577537_00461.wav,spoof,hi-en,577537,cm04,tortoise,channel_g711_20db,eval,0.9839082360267639
${DATA_ROOT}/clips/tortoise_581145_00462.wav,spoof,hi-en,581145,cm04,tortoise,channel_g711_20db,eval,0.9975321292877197
${DATA_ROOT}/clips/tortoise_596505_00463.wav,spoof,hi-en,596505,cm04,tortoise,channel_g711_20db,eval,0.9932355284690857
${DATA_ROOT}/clips/tortoise_945728_00464.wav,spoof,hi-en,945728,cm04,tortoise,channel_g711_20db,eval,0.9947563409805298
${DATA_ROOT}/clips/tortoise_111627_00466.wav,spoof,hi-en,111627,cm04,tortoise,channel_g711_20db,eval,0.9909845590591431
${DATA_ROOT}/clips/tortoise_121073_00467.wav,spoof,hi-en,121073,cm04,tortoise,channel_g711_20db,eval,0.9974453449249268
${DATA_ROOT}/clips/tortoise_146859_00469.wav,spoof,hi-en,146859,cm04,tortoise,channel_g711_20db,eval,0.00316220847889781
${DATA_ROOT}/clips/tortoise_165325_00470.wav,spoof,hi-en,165325,cm04,tortoise,channel_g711_20db,eval,0.7570288181304932
${DATA_ROOT}/clips/tortoise_175522_00471.wav,spoof,hi-en,175522,cm04,tortoise,channel_g711_20db,eval,0.9972988963127136
${DATA_ROOT}/clips/tortoise_232748_00472.wav,spoof,hi-en,232748,cm04,tortoise,channel_g711_20db,eval,0.9205820560455322
${DATA_ROOT}/clips/tortoise_238121_00473.wav,spoof,hi-en,238121,cm04,tortoise,channel_g711_20db,eval,0.9973004460334778
${DATA_ROOT}/clips/tortoise_386410_00474.wav,spoof,hi-en,386410,cm04,tortoise,channel_g711_20db,eval,0.9969027638435364
${DATA_ROOT}/clips/tortoise_541916_00475.wav,spoof,hi-en,541916,cm04,tortoise,channel_g711_20db,eval,0.0030692561995238066
${DATA_ROOT}/clips/tortoise_577537_00476.wav,spoof,hi-en,577537,cm04,tortoise,channel_g711_20db,eval,0.9896062016487122
${DATA_ROOT}/clips/tortoise_581145_00477.wav,spoof,hi-en,581145,cm04,tortoise,channel_g711_20db,eval,0.9974129796028137
${DATA_ROOT}/clips/tortoise_596505_00478.wav,spoof,hi-en,596505,cm04,tortoise,channel_g711_20db,eval,0.9957408905029297
${DATA_ROOT}/clips/tortoise_945728_00479.wav,spoof,hi-en,945728,cm04,tortoise,channel_g711_20db,eval,0.9899609088897705
${DATA_ROOT}/clips/tortoise_976811_00480.wav,spoof,hi-en,976811,cm04,tortoise,channel_g711_20db,eval,0.9956448078155518
${DATA_ROOT}/clips/tortoise_111627_00481.wav,spoof,hi-en,111627,cm04,tortoise,channel_g711_20db,eval,0.9959004521369934
${DATA_ROOT}/clips/tortoise_121073_00482.wav,spoof,hi-en,121073,cm04,tortoise,channel_g711_20db,eval,0.99680495262146
${DATA_ROOT}/clips/tortoise_146859_00484.wav,spoof,hi-en,146859,cm04,tortoise,channel_g711_20db,eval,0.0031362739391624928
${DATA_ROOT}/clips/tortoise_165325_00485.wav,spoof,hi-en,165325,cm04,tortoise,channel_g711_20db,eval,0.970589280128479
${DATA_ROOT}/clips/tortoise_175522_00486.wav,spoof,hi-en,175522,cm04,tortoise,channel_g711_20db,eval,0.9972422122955322
${DATA_ROOT}/clips/tortoise_232748_00487.wav,spoof,hi-en,232748,cm04,tortoise,channel_g711_20db,eval,0.9972801208496094
${DATA_ROOT}/clips/tortoise_238121_00488.wav,spoof,hi-en,238121,cm04,tortoise,channel_g711_20db,eval,0.9966360330581665
${DATA_ROOT}/clips/tortoise_541916_00490.wav,spoof,hi-en,541916,cm04,tortoise,channel_g711_20db,eval,0.562008798122406
${DATA_ROOT}/clips/tortoise_577537_00491.wav,spoof,hi-en,577537,cm04,tortoise,channel_g711_20db,eval,0.9969967603683472
${DATA_ROOT}/clips/tortoise_581145_00492.wav,spoof,hi-en,581145,cm04,tortoise,channel_g711_20db,eval,0.9975256323814392
${DATA_ROOT}/clips/tortoise_596505_00493.wav,spoof,hi-en,596505,cm04,tortoise,channel_g711_20db,eval,0.9976321458816528
${DATA_ROOT}/clips/tortoise_945728_00494.wav,spoof,hi-en,945728,cm04,tortoise,channel_g711_20db,eval,0.9973733425140381
${DATA_ROOT}/clips/tortoise_976811_00495.wav,spoof,hi-en,976811,cm04,tortoise,channel_g711_20db,eval,0.8974681496620178
${DATA_ROOT}/clips/tortoise_111627_00496.wav,spoof,hi-en,111627,cm04,tortoise,channel_g711_20db,eval,0.898880660533905
${DATA_ROOT}/clips/tortoise_121073_00497.wav,spoof,hi-en,121073,cm04,tortoise,channel_g711_20db,eval,0.9970743656158447
${DATA_ROOT}/clips/tortoise_146859_00499.wav,spoof,hi-en,146859,cm04,tortoise,channel_g711_20db,eval,0.0032989284954965115
${DATA_ROOT}/clips/tortoise_165325_00500.wav,spoof,hi-en,165325,cm04,tortoise,channel_g711_20db,eval,0.23397423326969147
