clip,speaker,language,transcript,chars,duration_sec,rms,clipped_fraction,chars_per_sec,ok,reason
rvc_445718_00001.wav,445718,hi,लिबर ऑफिस draw में सामान्य drawings कैसे करें इस पर spoken tutorial में आपका स्वागत है,86,5.98,0.16061046719551086,0.0,14.4,True,
rvc_445718_00002.wav,445718,hi,स्ट्रिंग फंक्शंस के ट्यूटोरियल में आपका स्वागत है,49,2.98,0.15726228058338165,0.0,16.4,True,
rvc_445718_00003.wav,445718,hi,bash में command line arguments और quoting के spoken tutorial में आपका स्वागत है,80,6.98,0.19207920134067535,0.0,11.5,True,
rvc_445718_00004.wav,445718,hi,नमस्कार दोस्तों,15,2.98,0.18331274390220642,0.0,5.0,False,speech too slow / stalled (5 chars/s)
rvc_445718_00005.wav,445718,hi,यह change password ट्यूटोरियल का तीसरा भाग है इस भाग में हम डेटाबेस में पासवर्ड बदलने जा रहे हैं,96,7.98,0.1655849665403366,0.0,12.0,True,
rvc_445718_00006.wav,445718,hi,लिबर ऑफिस writer में documents को प्रिंट तथा देखने के इस spoken tutorial में आपका स्वागत है,91,5.98,0.14086714386940002,0.0,15.2,True,
rvc_445718_00007.wav,445718,hi,लिबर ऑफिस calc में linking पर spoken tutorial में आपका स्वागत है,64,5.98,0.14662034809589386,0.0,10.7,True,
rvc_445718_00008.wav,445718,hi,लिबर ऑफिस draw में common editing और printing functions common editing and printing functions पर इस spoken tutorial में आपका स्वागत है,134,6.98,0.17193502187728882,0.0,19.2,True,
rvc_445718_00009.wav,445718,hi,यूज़र रजिस्ट्रेशन ट्यूटोरियल के पाँचवे भाग में आपका स्वागत है हम अपनी रजिस्ट्रेशन लॉगिन प्रक्रिया में कुछ अंशों और टुकड़ों को व्यवस्थित करेंगे,142,10.98,0.19459539651870728,0.0,12.9,True,
rvc_445718_00010.wav,445718,hi,how to create a library in koha पर spoken tutorial में आपका स्वागत है,69,5.98,0.18626998364925385,0.0,11.5,True,
rvc_445718_00011.wav,445718,hi,लिबर ऑफिस base पर spoken tutorial में आपका स्वागत है,52,2.98,0.13840506970882416,0.0,17.4,True,
rvc_445718_00012.wav,445718,hi,लिबर ऑफिस impress पर इस spoken tutorial में आपका स्वागत है,58,7.98,0.13885903358459473,0.0,7.3,True,
rvc_445718_00013.wav,445718,hi,लिबर ऑफिस impress में presentation notes पर spoken tutorial में आपका स्वागत है,78,5.98,0.14919184148311615,0.0,13.0,True,
rvc_445718_00014.wav,445718,hi,लिबर ऑफिस impress में custom animation custom animation पर spoken tutorial में आपका स्वागत है,93,6.98,0.1674095094203949,0.0,13.3,True,
rvc_445718_00015.wav,445718,hi,लिबर ऑफिस calc में linking पर spoken tutorial में आपका स्वागत है,64,5.98,0.14715448021888733,0.0,10.7,True,
rvc_445718_00016.wav,445718,hi,लिबर ऑफिस में cells और शीट्स के साथ कार्य पर spoken tutorial में आपका स्वागत है,79,6.98,0.1665458381175995,0.0,11.3,True,
rvc_445718_00017.wav,445718,hi,नमस्कार आपका फिर से स्वागत है इस ट्यूटोरियल में हम डेटाबेस में कुछ डेटा लिखेंगे,79,5.98,0.14043989777565002,0.0,13.2,True,
rvc_445718_00018.wav,445718,hi,लिबर ऑफिस में data स्वरूपण यानि formatting data पर spoken tutorial में आपका स्वागत है,85,6.98,0.16149836778640747,0.0,12.2,True,
rvc_445718_00019.wav,445718,hi,tux typing टक्स टाइपिंग के परिचय पर स्पोकन ट्यूटोरियल में आपका स्वागत है,72,4.98,0.17751802504062653,0.0,14.5,True,
rvc_445718_00020.wav,445718,hi,libreoffice base पर इस spoken tutorial में आपका स्वागत है,57,3.98,0.12841594219207764,0.0,14.3,True,
rvc_445718_00021.wav,445718,hi,नमस्कार! पिछले ट्यूटोरियल में हमने डेटा चुना और हमने सफलतापूर्वक अपने पेज पर डेटा दर्शाया,89,6.98,0.14708898961544037,0.0,12.8,True,
rvc_445718_00022.wav,445718,hi,आपका फिर से स्वागत है हम इस send mail from not set in php dot ini एरर को कैसे व्यवस्थित करें,92,10.98,0.14639392495155334,0.0,8.4,True,
rvc_445718_00023.wav,445718,hi,change password  ट्यूटोरियल के दूसरे भाग में आपका स्वागत है पिछले में हमने सीखा कि चेक कैसे करें यदि हमारा फार्म सब्मिट हो गया है,129,8.98,0.17136509716510773,0.0,14.4,True,
rvc_445718_00024.wav,445718,hi,import marc file into koha पर स्पोकन ट्यूटोरियल में आपका स्वागत है,66,4.98,0.1721658855676651,0.0,13.3,True,
rvc_445718_00025.wav,445718,hi,इस tutorial में आप सीखेंगे कि निम्न का उपयोग करके साधारण drawings कैसे करें,75,4.98,0.19894340634346008,0.0,15.1,True,
rvc_445718_00026.wav,445718,hi,मैं इन स्ट्रिंग फंक्शंस के बारे में बताऊँगा जोकि यहाँ दिखाए गए हैं,66,2.98,0.17859159409999847,0.0,22.1,True,
rvc_445718_00027.wav,445718,hi,इस tutorial में हम निम्न के बारे में सीखेंगे,44,2.98,0.2049402892589569,0.0,14.8,True,
rvc_445718_00028.wav,445718,hi,लिबरऑफिस राइटर पर ट्यूटोरियल डॉक्युमेंट में संपादन के समय ट्रैक में बदलाव में आपका स्वागत है,92,5.98,0.1712503284215927,0.0,15.4,True,
rvc_445718_00029.wav,445718,hi,हम यहाँ अपने डेटाबेस से पहले ही जुड़ चुके हैं,45,2.98,0.2046443223953247,0.0,15.1,True,
rvc_445718_00030.wav,445718,hi,इस tutorial में हम निम्नलिखित सीखेंगे,37,3.98,0.1424274444580078,0.0,9.3,True,
rvc_445718_00031.wav,445718,hi,इस tutorial में हम निम्न सीखेंगे:,33,3.98,0.10556874424219131,0.0,8.3,True,
rvc_445718_00032.wav,445718,hi,draw पेज के लिए margins यानि हाशिया set करें,44,2.98,0.18976961076259613,0.0,14.8,True,
rvc_445718_00033.wav,445718,hi,फिर हम एक पूर्ण जाँच करेंगे यह देखने के लिए यदि यह वाकई में कार्य कर रहा है,75,2.98,0.2205958515405655,0.0,25.2,True,
rvc_445718_00034.wav,445718,hi,इस tutorial में हम लाइब्रेरी बनाना और ग्रुप बनाना सीखेंगे,57,8.98,0.15483540296554565,0.0,6.3,True,
rvc_445718_00035.wav,445718,hi,इस tutorial में हम libreoffice में simple forms के बारे में सीखेंगे,67,5.98,0.16946546733379364,0.0,11.2,True,
rvc_445718_00036.wav,445718,hi,इस tutorial में हम यह सीखेंगे कि slides के लिए backgrounds लेआउट कैसे लागू करें,79,6.98,0.17544525861740112,0.0,11.3,True,
rvc_445718_00037.wav,445718,hi,इस tutorial में हम notes के बारे में और उनको print कैसे करना सीखेंगे,68,5.98,0.1378554403781891,0.0,11.4,True,
rvc_445718_00038.wav,445718,hi,इस tutorial में हम impress में custom animation के बारे में सीखेंगे,67,4.98,0.1353348344564438,0.0,13.5,True,
rvc_445718_00039.wav,445718,hi,इस tutorial में हम निम्न सीखेंगे:,33,3.98,0.10424835234880447,0.0,8.3,True,
rvc_445718_00040.wav,445718,hi,रोव्स तथा columns को जोड़ना और डिलीट करना,41,3.98,0.16319717466831207,0.0,10.3,True,
rvc_445718_00041.wav,445718,hi,यह करने के लिए हम अपने mysql query फंक्शन का इस्तेमाल करेंगे,60,3.98,0.15185238420963287,0.0,15.1,True,
rvc_445718_00042.wav,445718,hi,इस tutorial में हम निम्न के बारे में सीखेंगे,44,6.98,0.1481790840625763,0.0,6.3,True,
rvc_445718_00043.wav,445718,hi,इस ट्यूटोरियल में आप सीखेंगे:,29,2.98,0.16050641238689423,0.0,9.7,True,
rvc_445718_00044.wav,445718,hi,इस tutorial में हम सीखेंगे कि,29,3.98,0.1466744989156723,0.0,7.3,True,
rvc_445718_00045.wav,445718,hi,चलिए मैं आपको यहाँ इस पेज पर वापस ले चलता हूँ हम देख सकते हैं कि सब कुछ ठीक कार्य कर रहा है,91,3.98,0.15792347490787506,0.0,22.9,True,
rvc_445718_00046.wav,445718,hi,हमने निर्धारित नहीं किया है कि यह इमेल किसके तरफ से है,54,6.98,0.1468781977891922,0.0,7.7,True,
rvc_445718_00047.wav,445718,hi,हमें यहाँ हमारी डेटा वेल्यू मिली है,35,3.98,0.17671659588813782,0.0,8.8,True,
rvc_445718_00048.wav,445718,hi,इस ट्यूटोरियल में हम सीखेंगे  koha में  marc फाइल इंपोर्ट करना और  opac में इम्पोर्टेड डेटा सर्च करना,101,8.98,0.18037168681621552,0.0,11.2,True,
rvc_445718_00049.wav,445718,hi,बुनियादी आकार जैसेlines arrows और आयत,37,3.98,0.15198640525341034,0.0,9.3,True,
rvc_445718_00050.wav,445718,hi,इनमें से अधिकांश बहुत उपयोगी और नियमित उपयोग में आने वाले एप्लीकेशन के लिए अनुकूल हैं,85,3.98,0.19383490085601807,0.0,21.4,True,
rvc_445718_00051.wav,445718,hi,इस tutorial के अनुसरण के लिए आपको लिनक्स operating system के साथ परिचित होना चाहिए,82,4.98,0.2145916223526001,0.0,16.5,True,
rvc_445718_00052.wav,445718,hi,इस ट्यूटोरियल में मैं समझाऊँगा कि लिबरऑफिस राइटर में डॉक्युमेंट का पीयर रिव्यू सहकर्मी समीक्षा कैसे किया जा सकता है,115,5.98,0.1913183331489563,0.0,19.2,True,
rvc_445718_00053.wav,445718,hi,हम यहाँ पहले ही जुड़ चुके हैं तो फिर से जोड़ने की आवश्यकता नहीं है क्योंकि यह कमांड पहले ही फिर से जारी हो चुकी है,114,8.98,0.15127959847450256,0.0,12.7,True,
rvc_445718_00054.wav,445718,hi,यहाँ हम अपने operating system के रूप में उबंटु लिनक्स 1004 का उपयोग कर रहे हैं और लिबर ऑफिस suite version 334,109,10.98,0.13577376306056976,0.0,9.9,True,
rvc_445718_00055.wav,445718,hi,calc में अन्य शीट्स का उल्लेख कैसे करें,39,2.98,0.19287274777889252,0.0,13.1,True,
rvc_445718_00056.wav,445718,hi,पेज numbers दिनांक और समय प्रविष्ट करें,39,2.98,0.17308129370212555,0.0,13.1,True,
rvc_445718_00057.wav,445718,hi,पिछले भाग में आपने देखा था कि मैंने खुद को डेटाबेस में रजिस्टर कर लिया था सब कुछ ठीक सही किया था और मैं यहाँ लॉगिन स्क्रीन पर हूँ,129,9.98,0.18936973810195923,0.0,12.9,True,
rvc_445718_00058.wav,445718,hi,इस tutorial को record करने के लिए मैं उपयोग कर रही हूँ उबंटु लिनक्स operating system 1604,89,7.98,0.1851464956998825,0.0,11.2,True,
rvc_445718_00059.wav,445718,hi,यहाँ हम निम्न सीखेंगे,21,2.98,0.1238214448094368,0.0,7.0,True,
rvc_445718_00060.wav,445718,hi,यहाँ हम उबंटू लिनक्स वर्जन 1004 और लिबर ऑफिस सूट वर्जन 334 का उपयोग कर रहे हैं,78,8.98,0.15904536843299866,0.0,8.7,True,
rvc_445718_00061.wav,445718,hi,दर्शकों के लिए प्रत्येक slide पर अतिरिक्त सामग्री या रेफ्रेन्सेस के लिए,71,5.98,0.18401476740837097,0.0,11.9,True,
rvc_445718_00062.wav,445718,hi,यहाँ हम उबंटू लिनक्स 1004 और लिबरऑफिस सूट वर्जन 334 का उपयोग कर रहे हैं,71,8.98,0.16721956431865692,0.0,7.9,True,
rvc_445718_00063.wav,445718,hi,calc में अन्य शीट्स का उ ल्लेख कैसे करें,40,3.98,0.1620330661535263,0.0,10.1,True,
rvc_445718_00064.wav,445718,hi,शीट्स को जोड़ना और डिलीट करना शीट्स को फिर से नाम देना,54,3.98,0.17631545662879944,0.0,13.6,True,
rvc_445718_00065.wav,445718,hi,अब आप यहाँ देख सकते हैं कि हमारे पास हमारे रिकार्डसअभिलेख हैं,61,5.98,0.12688769400119781,0.0,10.2,True,
rvc_445718_00066.wav,445718,hi,automatic wrapping का उपयोग करके text की विभिन्न lines को फॉर्मेट करना,70,4.98,0.16633673012256622,0.0,14.1,True,
rvc_445718_00067.wav,445718,hi,वाक्यांशों को टाइप कैसे करें अपने शब्दों की सूची तैयार कैसे करें,64,3.98,0.19808316230773926,0.0,16.1,True,
rvc_445718_00068.wav,445718,hi,कैसे sql view में queries लिखें,31,2.98,0.1630970984697342,0.0,10.4,True,
rvc_445718_00069.wav,445718,hi,हमारा सारा डेटा यहाँ हमारे पास है,33,6.98,0.16611342132091522,0.0,4.7,False,speech too slow / stalled (5 chars/s)
rvc_445718_00070.wav,445718,hi,इमेल भेजने के लिए हमें यह करने की आवश्यकता है,45,4.98,0.1473620980978012,0.0,9.0,True,
rvc_445718_00071.wav,445718,hi,कृपया याद रखें कि हमारे डेटाबेस के अंदर हमारे पासवर्डस एन्क्रिप्ट हैं,69,4.98,0.21430161595344543,0.0,13.9,True,
rvc_445718_00072.wav,445718,hi,इस ट्यूटोरियल को रिकॉर्ड करने के लिए मैं उपयोग कर रही हूँ  ubuntu linux os 1604,79,6.98,0.1707608550786972,0.0,11.3,True,
rvc_445718_00073.wav,445718,hi,बुनियादी geometric आकार symbols stars और banners,48,4.98,0.17229391634464264,0.0,9.6,True,
rvc_445718_00074.wav,445718,hi,साथ ही जो विडियो मैं बनाऊँगा या जो बनाए हैं उन सभी के लिए निश्चित रूप से अनुकूल है,82,5.98,0.1903182715177536,0.0,13.7,True,
rvc_445718_00075.wav,445718,hi,यदि नहीं तो सम्बंधित tutorials के लिए कृपया हमारी website पर जाएँ,65,5.98,0.19058667123317719,0.0,10.9,True,
rvc_445718_00076.wav,445718,hi,हम एक मौजूद डॉक्युमेंट को खोलेंगे,33,2.98,0.167613685131073,0.0,11.1,True,
rvc_445718_00077.wav,445718,hi,मैं query change नामक एक नई क्वेरी बनाऊँगा और यह mysql query फंक्शन के बराबर होगी,81,6.98,0.14195726811885834,0.0,11.6,True,
rvc_445718_00078.wav,445718,hi,अतः लिबर ऑफिस writer में विविध view options के बारे में सीख कर अपने tutorial की शुरूआत करते हैं,95,6.98,0.14841346442699432,0.0,13.6,True,
rvc_445718_00079.wav,445718,hi,calc में hyperlinks का इस्तेमाल कैसे करें,41,3.98,0.1404224932193756,0.0,10.3,True,
rvc_445718_00080.wav,445718,hi,यहाँ हम उबंटू लिनक्स वर्जन 1004 और लिबर ऑफिस सूट वर्जन 334 का उपयोग कर रहे हैं,78,10.98,0.13305194675922394,0.0,7.1,True,
rvc_445718_00081.wav,445718,hi,देखते हैं यदि मैं लॉगिन कर सकता हूँ लिखते हैं username alex है और मेरा पासवर्ड वह पासवर्ड जो मैंने इस्तेमाल किया था,115,8.98,0.17229990661144257,0.0,12.8,True,
rvc_445718_00082.wav,445718,hi,और koha version 1605,20,4.98,0.12694860994815826,0.0,4.0,False,speech too slow / stalled (4 chars/s)
rvc_445718_00083.wav,445718,hi,wizard का उपयोग करके form कैसे बनायें,37,2.98,0.16672323644161224,0.0,12.4,True,
rvc_445718_00084.wav,445718,hi,background slide पर लागू किये गये सभी रंगों और प्रभावों को उद्घृत करता है जो विषयवस्तु के पीछे मौजूद हैं,104,7.98,0.20693270862102509,0.0,13.0,True,
rvc_445718_00085.wav,445718,hi,उद्घोषक को reference notes के ज़रिये मदद करने के लिए जब वह दर्शक के सामने slides प्रस्तुत करे,93,6.98,0.16696034371852875,0.0,13.3,True,
rvc_445718_00086.wav,445718,hi,पहले प्रस्तुति sampleimpress odp खोलें,38,4.98,0.1469450145959854,0.0,7.6,True,
rvc_445718_00087.wav,445718,hi,calc में hyperlinks का इस्तेमाल कैसे करें,41,3.98,0.14804264903068542,0.0,10.3,True,
rvc_445718_00088.wav,445718,hi,यहाँ हम अपने operating system के रूप में उबंटु लिनक्स version 1004 और libreoffice version 334 का उपयोग कर रहे हैं,113,11.98,0.1495898962020874,0.0,9.4,True,
rvc_445718_00089.wav,445718,hi,मैं इस ट्यूटोरियल को फिर से कर रहा हूँ क्योंकि जब मैंने पहली बार किया था वह काम नही किया था,91,4.98,0.15414196252822876,0.0,18.3,True,
rvc_445718_00090.wav,445718,hi,cells को मर्ज करना cells में fit करने के लिए text को कम करना,60,3.98,0.18389274179935455,0.0,15.1,True,
rvc_445718_00091.wav,445718,hi,टाइपिंग के लिए भाषा की स्थापना के बारे में जानकारी पता कैसे करें,64,4.98,0.19398802518844604,0.0,12.9,True,
rvc_445718_00092.wav,445718,hi,और built इन functions का इस्तेमाल कैसे करें,43,4.98,0.16844260692596436,0.0,8.6,True,
rvc_445718_00093.wav,445718,hi,अगली चीज़ हम सीखेंगे कि कैसे कहीं बताएँ कि प्रयोगकर्तायूजरखुद डेटा डाल सकता है और विस्तृत कर सकता है,100,6.98,0.15889856219291687,0.0,14.3,True,
rvc_445718_00094.wav,445718,hi,हम यहाँ from पैरामीटर जैसा कुछ भी उपयोग नहीं करेंगे,51,5.98,0.130731999874115,0.0,8.5,True,
rvc_445718_00095.wav,445718,hi,अतः जैसे ही ये फील्ड्स अंदर आ रहे हैं मैं उनको एक md 5 hash में एन्क्रिप्ट करूँगा,81,8.98,0.169103741645813,0.0,9.0,True,
rvc_445718_00096.wav,445718,hi,koha version 1605  और  firefox web browser,42,6.98,0.17367738485336304,0.0,6.0,True,
rvc_445718_00097.wav,445718,hi,आप यह भी सीखेंगे कि एक object को कैसे चुनें स्थानांतरित करें और डिलीट करें,74,4.98,0.17018426954746246,0.0,14.9,True,
rvc_445718_00098.wav,445718,hi,ठीक है तो जो पहला हम बताएँगे वह है strlen,41,3.98,0.19331006705760956,0.0,10.3,True,
rvc_445718_00099.wav,445718,hi,इस tutorial के लिए मैं उपयोग कर रहा हूँ,39,2.98,0.2173464000225067,0.0,13.1,True,
rvc_445718_00100.wav,445718,hi,समझाने के लिए कि record changes का उपयोग करके डॉक्युमेंट का संपादन और पीर रिव्यू कैसे करें,90,6.98,0.18813735246658325,0.0,12.9,True,
rvc_445718_00101.wav,445718,hi,अब यह कोड का नया भाग है अतः मैं नीचे स्क्रोल करूँगा जिससे कि आप इसे आसानी से देख सकें,85,5.98,0.16936062276363373,0.0,14.2,True,
rvc_445718_00102.wav,445718,hi,यहाँ writer में मूलतः दो व्यापक उपयोगित view options हैं,56,4.98,0.19942550361156464,0.0,11.2,True,
rvc_445718_00103.wav,445718,hi,यहाँ हम operating system के रूप में उबंटू लिनक्स वर्ज़न 1004 और लिबर ऑफिस suite वर्ज़न 334 इस्तेमाल कर रहे हैं,110,11.98,0.14316391944885254,0.0,9.2,True,
rvc_445718_00104.wav,445718,hi,watercycle file खोलें और वह पेज चुनें जिसमें watercycle है,58,6.98,0.14134500920772552,0.0,8.3,True,
rvc_445718_00105.wav,445718,hi,मैं देख सकता हूँ कि जब मैं login पर क्लिक करता हूँ फिर से incorrect password,76,3.98,0.20418480038642883,0.0,19.1,True,
rvc_445718_00106.wav,445718,hi,इस tutorial का अनुकरण करने के लिए शिक्षार्थियों को library science का ज्ञान होना चाहिए,86,5.98,0.18883131444454193,0.0,14.4,True,
rvc_445718_00107.wav,445718,hi,अभी तक लिबर ऑफिस का उपयोग करके हमने database और tables बनाने के बारे में सीखा जहाँ हम data संचित करते हैं,105,9.98,0.14986823499202728,0.0,10.5,True,
rvc_445718_00108.wav,445718,hi,लिबर ऑफिस impress में कई background options हैं जो बेहतर प्रस्तुतियाँ बनाने में आपकी मदद करते हैं,97,5.98,0.20600907504558563,0.0,16.2,True,
rvc_445718_00109.wav,445718,hi,प्रस्तुति sampleimpress odp खोलें,33,5.98,0.14190876483917236,0.0,5.5,False,speech too slow / stalled (6 chars/s)
rvc_445718_00110.wav,445718,hi,slides pane से potential alternatives थंबनेल पर click करें,58,5.98,0.17790886759757996,0.0,9.7,True,
rvc_445718_00111.wav,445718,hi,यहाँ हम operating system के रूप में gnu/लिनक्स और लिबर ऑफिस suite वर्ज़न 334 इस्तेमाल कर रहे हैं,96,9.98,0.14500539004802704,0.0,9.6,True,
rvc_445718_00112.wav,445718,hi,इस tutorial की शुरुआत करते हैं और सीखते हैं कि spreadsheet में रोव्स और columns को कैसे जोड़ना है,97,5.98,0.1559373289346695,0.0,16.2,True,
rvc_445718_00113.wav,445718,hi,अतः सर्वप्रथम मैं यहाँ इस डेटा को डिलीट कर देता हूँ,51,7.98,0.14396394789218903,0.0,6.4,True,
rvc_445718_00114.wav,445718,hi,यहाँ हम अपने operating system के रूप में gnu/लिनक्स और libreoffice version 334 का उपयोग कर रहे हैं,98,9.98,0.14776749908924103,0.0,9.8,True,
rvc_445718_00115.wav,445718,hi,यहाँ हम उबंटू लिनक्स 1110 पर tux typing 180 का उपयोग कर रहे हैं,63,8.98,0.1757083684206009,0.0,7.0,True,
rvc_445718_00116.wav,445718,hi,चलिए sql queries लिखने के बारे में और अधिक सीखते हैं,52,4.98,0.1831945925951004,0.0,10.4,True,
rvc_445718_00117.wav,445718,hi,यह करने के लिए मैं connect include के सिवाय अपने पेज के सारे कोड डिलीट कर दूँगा,79,6.98,0.12912513315677643,0.0,11.3,True,
rvc_445718_00118.wav,445718,hi,हमें विशेष हैडर्स को भेजने की आवश्यकता है,41,2.98,0.2065333127975464,0.0,13.8,True,
rvc_445718_00119.wav,445718,hi,सुनिश्चित कर लें कि आपने कोष्ठक डालें हैं,41,7.98,0.10980309545993805,0.0,5.1,False,speech too slow / stalled (5 chars/s)
rvc_445718_00120.wav,445718,hi,आप अपनी पसंद के किसी भी अन्य वेब ब्राउज़र का उपयोग कर सकते हैं,62,3.98,0.1784655898809433,0.0,15.6,True,
rvc_445718_00121.wav,445718,hi,हाशिया margins set करने के लिए ruler और objects की स्थान set करने के लिए align toolbar का उपयोग करें,100,5.98,0.20138752460479736,0.0,16.7,True,
rvc_445718_00122.wav,445718,hi,यह काफी सरल है जिसमें हमारे पास hello नामक एक स्ट्रिंग वेल्यू है,64,5.98,0.16324807703495026,0.0,10.7,True,
rvc_445718_00123.wav,445718,hi,* ubuntu लिनक्स 1204 os,23,3.98,0.18585553765296936,0.0,5.8,False,speech too slow / stalled (6 chars/s)
rvc_445718_00124.wav,445718,hi,इस विशेषता के उपयोग का लाभ यह है कि समीक्षक मौजूद टेक्स्ट में टेक्स्ट जोड़ सकता है टिप्पणी कर सकता हैडिलीट कर सकता है या बदलाव कर सकता है जो कि समान डॉक्युमेंट में स्पष्टतः दिखाई देता है,186,14.98,0.15715506672859192,0.0,12.4,True,
rvc_445718_00125.wav,445718,hi,यह  update है  अतः मैं  update users लिख रहा हूँ जो आप देख सकते हैं कि हमारी टेबल है – अतः अपनी users टेबल को अपडेट करने के लिए,127,7.98,0.17985418438911438,0.0,15.9,True,
rvc_850754_00126.wav,850754,hi,object से तात्पर्य है draw में उपयोगित आकार या आकार का समूह जैसे lines squares arrows flowcharts आदि,100,10.98,0.1188373938202858,0.0,9.1,True,
rvc_850754_00127.wav,850754,hi,तो हमारे पास  1 2 3 4 5 अक्षर है,32,4.98,0.12367454171180725,0.0,6.4,True,
rvc_850754_00128.wav,850754,hi,अभ्यास के लिए gnu bash version 4 या उससे नए की सलाह दी जाती है,62,5.98,0.1500777006149292,0.0,10.4,True,
rvc_850754_00129.wav,850754,hi,और जब फाइल सेव हो जाती है टिप्पणियाँ समाविष्ट हो जाती हैं,57,3.98,0.12285854667425156,0.0,14.3,True,
rvc_850754_00130.wav,850754,hi,सुनिश्चित कर लें कि मैं यहाँ उद्धरणचिह्नों का इस्तेमाल करूँ,59,4.98,0.1226978674530983,0.0,11.8,True,
rvc_850754_00131.wav,850754,hi,web layout option document web browser में कैसे नज़र आएगा यह प्रदर्शित करेगा,76,4.98,0.1370113641023636,0.0,15.3,True,
rvc_850754_00132.wav,850754,hi,हमारी file की sheet 1 personal finance tracker के लिए spreadsheet सम्मिलित करती है,82,5.98,0.12863852083683014,0.0,13.7,True,
rvc_850754_00133.wav,850754,hi,और फिर उत्तर boolean में प्रदर्शित करता हैसही या गलत,52,4.98,0.10872655361890793,0.0,10.4,True,
rvc_850754_00134.wav,850754,hi,उदाहरणस्वरूप हमें चित्र print करके उसे file करना है,51,3.98,0.11500169336795807,0.0,12.8,True,
rvc_850754_00135.wav,850754,hi,किन्तु यहाँ यह दर्शा रहा है कि मेरा यूज़रनेम मौजूद है किन्तु मेरा पासवर्ड गलत है,80,4.98,0.12046121060848236,0.0,16.1,True,
rvc_850754_00136.wav,850754,hi,अधिक जानकारी के लिए कृपया इस website पर koha spoken tutorial की श्रृंखला देखें,78,6.98,0.155879944562912,0.0,11.2,True,
rvc_850754_00137.wav,850754,hi,यहाँ जल्दी और साथ ही साथ कम से कम errors के साथ data enter करने के लिए एक अन्य तरीका है,87,6.98,0.1385132372379303,0.0,12.5,True,
rvc_850754_00138.wav,850754,hi,अपनी प्रस्तुति के लिए custom background बनाएँ,45,3.98,0.12005656957626343,0.0,11.3,True,
rvc_850754_00139.wav,850754,hi,to achieve 95% shift to opensource software within 5 years,58,6.98,0.12975825369358063,0.0,8.3,True,
rvc_850754_00140.wav,850754,hi,slide में बायीं ओर के पहले text box को चुनें,44,3.98,0.1422441601753235,0.0,11.1,True,
rvc_850754_00141.wav,850754,hi,हमारी file की sheet 1 personal finance tracker के लिए spreadsheet सम्मिलित करती है,82,5.98,0.13056680560112,0.0,13.7,True,
rvc_850754_00142.wav,850754,hi,यहाँ केवल हमारे फील्ड्स के नाम हैं,34,2.98,0.12769050896167755,0.0,11.4,True,
rvc_850754_00143.wav,850754,hi,borders की formatting एक विशेष cell या cells के block पर की जा सकती है,70,5.98,0.1231079250574112,0.0,11.7,True,
rvc_850754_00144.wav,850754,hi,मुख्य मेन्यू में options पर क्लिक करें,38,3.98,0.12503433227539062,0.0,9.5,True,
rvc_850754_00145.wav,850754,hi,और फिर create query in sql view पर click करें,45,6.98,0.10685502737760544,0.0,6.4,True,
rvc_850754_00146.wav,850754,hi,मैं firstname lastname जन्मतिथि और gender या तो male या female  को रखूँगा,73,8.98,0.09600174427032471,0.0,8.1,True,
rvc_850754_00147.wav,850754,hi,या आप admin @php academy  जैसा कुछ लिख सकते हैं और com  जोड़ें यदि आप चाहते हैं,79,7.98,0.1271963119506836,0.0,9.9,True,
rvc_850754_00148.wav,850754,hi,हमें यह फील्ड चेक करने की आवश्यकता होगी यह देखने के लिए कि वे मौजूद हैं या नहीं,79,7.98,0.1397612988948822,0.0,9.9,True,
rvc_850754_00149.wav,850754,hi,यदि नहीं तो कृपया इस website पर koha spoken tutorial की श्रृंखला देखें,70,7.98,0.12542127072811127,0.0,8.8,True,
rvc_850754_00150.wav,850754,hi,इस slide में दर्शाये गये सभी आकार objects के रूप में उल्लिखित हैं,65,3.98,0.1472747027873993,0.0,16.3,True,
rvc_850754_00151.wav,850754,hi,और यदि हमें इस फंक्शन का इस्तेमाल करके वेरिएबल स्ट्रिंग की वेल्यू एको करनी है तो हमारे पास हमारे ब्राउज़र में परिणाम 5 होना चाहिए,129,11.98,0.10321857780218124,0.0,10.8,True,
rvc_850754_00152.wav,850754,hi,* shell script command line से arguments स्वीकार करता है,56,2.98,0.1765742152929306,0.0,18.8,True,
rvc_850754_00153.wav,850754,hi,अतः सीखते हैं कि यह सब कैसे करें,32,4.98,0.13689519464969635,0.0,6.4,True,
rvc_850754_00154.wav,850754,hi,फिर मैं लिखूँगा where  username is equal to the user वेरिएबल जो मुझे अभी मेरे पेज में मिला है,93,6.98,0.12905770540237427,0.0,13.3,True,
rvc_850754_00155.wav,850754,hi,यह उपयोगी है जब आपको html documents बनाने होते हैं तथा documents को एडिट करते वक्त full screen mode में उसे देखने के लिए,120,9.98,0.11670654267072678,0.0,12.0,True,
rvc_850754_00156.wav,850754,hi,मैंने columns spent और received में कुछ राशियाँ जोड़ दी हैं,59,8.98,0.09401590377092361,0.0,6.6,True,
rvc_850754_00157.wav,850754,hi,personalfinancetracker ods खोलते हैं,36,3.98,0.12026329338550568,0.0,9.0,True,
rvc_850754_00158.wav,850754,hi,हाशिया यह सुनिश्चित करता है कि यहाँ भागों पर पर्याप्त जगह है,60,3.98,0.13879014551639557,0.0,15.1,True,
rvc_850754_00159.wav,850754,hi,अब मेरा पासवर्ड गलत होने का कारण है कि यहाँ मेरे साधारण पासवर्ड की तुलना मेरे डेटाबेस के अंदर मेरे md5encrypted  पासवर्ड से की जा रही है,136,11.98,0.14886459708213806,0.0,11.4,True,
rvc_850754_00160.wav,850754,hi,शुरू करते हैं मैंने पहले ही अपने system पर koha संस्थापित कर दिया है,68,5.98,0.14945751428604126,0.0,11.4,True,
rvc_850754_00161.wav,850754,hi,और वह है forms का उपयोग करके forms data एंटर करने और data एडिट करने के लिए अग्रसिरा या यूजर interface है,104,10.98,0.12019108235836029,0.0,9.5,True,
rvc_850754_00162.wav,850754,hi,हम इस background को प्रस्तुति की सभी slides में भी लागू करेंगे,62,4.98,0.12319785356521606,0.0,12.4,True,
rvc_850754_00163.wav,850754,hi,पेज में कुछ notes जोड़ें जिससे कि जब यह printed हो पाठक के पास कुछ reference सामग्री हो,87,7.98,0.13398532569408417,0.0,10.9,True,
rvc_850754_00164.wav,850754,hi,यह करने के लिए text पर click करें और फिर दिखाई दे रहे border पर click करें,74,6.98,0.12520025670528412,0.0,10.6,True,
rvc_850754_00165.wav,850754,hi,मैंने columns spent और received में कुछ राशियाँ जोड़ दी हैं,59,9.98,0.09682789444923401,0.0,5.9,False,speech too slow / stalled (6 chars/s)
rvc_850754_00166.wav,850754,hi,इसके साथ यहाँ पर शुरू करने के लिए चलिए इसको केवल कमेंट करते हैं,63,3.98,0.10215940326452255,0.0,15.8,True,
rvc_850754_00167.wav,850754,hi,उदाहरणस्वरूप चलिए serial number item cost spent received date account headings वाली cells को format करते हैं,108,10.98,0.10850995033979416,0.0,9.8,True,
rvc_850754_00168.wav,850754,hi,आप्शन मेन्यू प्रदर्शित होता हैअब वाक्यांशों को टाइप करने का अभ्यास करें,71,4.98,0.15663576126098633,0.0,14.3,True,
rvc_850754_00169.wav,850754,hi,पहले देखते हैं कि कैसे हम एक query के परिणाम को क्रमबद्ध कर सकते हैं,68,5.98,0.13376881182193756,0.0,11.4,True,
rvc_850754_00170.wav,850754,hi,यहाँ नीचे मैं फॉर्मformबनाऊँगा,30,6.98,0.0923198014497757,0.0,4.3,False,speech too slow / stalled (4 chars/s)
rvc_850754_00171.wav,850754,hi,वास्तव में मेरे पास वह डोमैन नाम नहीं है लेकिन हम इसे उसी की तरह रखेंगे,71,5.98,0.13702447712421417,0.0,11.9,True,
rvc_850754_00172.wav,850754,hi,फिलहालजब हम अपना फॉर्म सब्मिट करते हैं हम देखते हैं कि वास्तव में कुछ नहीं हुआ,78,5.98,0.12665148079395294,0.0,13.0,True,
rvc_850754_00173.wav,850754,hi,records को  koha में इंपोर्ट दो तरीके से किया जाता है:,54,9.98,0.15215107798576355,0.0,5.4,False,speech too slow / stalled (5 chars/s)
rvc_850754_00174.wav,850754,hi,file watercycle को खोलें जो desktop में सेव की गई थी,52,4.98,0.12722860276699066,0.0,10.4,True,
rvc_850754_00175.wav,850754,hi,अबअगला फंक्शन इसके लिए लागू होता है,35,4.98,0.14680208265781403,0.0,7.0,True,
rvc_850754_00176.wav,850754,hi,* एक argument उसको बुलाये जाने के समय program को passed किया जाता है,68,5.98,0.14547716081142426,0.0,11.4,True,
rvc_850754_00177.wav,850754,hi,यहाँ हम अपने ऑपरेटिंग सिस्टम के रूप में उबंटू लिनक्स 1004 और लिबरऑफस सूट वर्जन 334 का उपयोग कर रहे हैं,102,7.98,0.08142516762018204,0.0,12.8,True,
rvc_850754_00178.wav,850754,hi,अब यहाँ इस कॉलम में,19,3.98,0.11669188737869263,0.0,4.8,False,speech too slow / stalled (5 chars/s)
rvc_850754_00179.wav,850754,hi,print layout option के लिए view option पर click करें और फिर print layout option पर click करें,93,7.98,0.11935736984014511,0.0,11.7,True,
rvc_850754_00180.wav,850754,hi,अब क्रमशः cost और spent के नीचे घटकों का कुल जोड़ निकालें,57,6.98,0.11164631694555283,0.0,8.2,True,
rvc_850754_00181.wav,850754,hi,यहाँ cost शीर्षक के नीचे हमने कई सारी वस्तुओं की कीमत को सूचीबद्ध किया है,73,5.98,0.12931287288665771,0.0,12.2,True,
rvc_850754_00182.wav,850754,hi,इसलिए जब हम इसे print करते हैं आकृति का हिस्सा कटता या छिपता नहीं हैं,69,5.98,0.12653937935829163,0.0,11.5,True,
rvc_850754_00183.wav,850754,hi,हम यह इस प्रकार से करते हैं कि हम अपने login पेज पर वापस जाते हैं जिसे हमने पिछले ट्यूटोरियल userlogin  ट्यूटोरियल में किया था,126,10.98,0.1512213796377182,0.0,11.5,True,
rvc_850754_00184.wav,850754,hi,koha interface पर जाते हैं,26,3.98,0.11072850972414017,0.0,6.5,True,
rvc_850754_00185.wav,850754,hi,उदाहरणस्वरूप simple form fields को table में शामिल कर सकता है,61,5.98,0.11777324229478836,0.0,10.2,True,
rvc_850754_00186.wav,850754,hi,हम इस background को बनाने के लिए slide master option का इस्तेमाल करेंगे,71,4.98,0.1496143937110901,0.0,14.3,True,
rvc_850754_00187.wav,850754,hi,notes के संपादन के लिए notes टैब पर click करें,46,2.98,0.12957020103931427,0.0,15.4,True,
rvc_850754_00188.wav,850754,hi,impress window की दायीं ओर से tasks pane में custom animation पर click करें,75,6.98,0.11624717712402344,0.0,10.7,True,
rvc_850754_00189.wav,850754,hi,अब क्रमशः cost और spent के नीचे घटकों का कुल जोड़ निकालें,57,6.98,0.13480232656002045,0.0,8.2,True,
rvc_850754_00190.wav,850754,hi,अतः write some data फिर हम एक क्वेरी निर्धारित करेंगे जो डेटा लिखेगा,68,4.98,0.13064756989479065,0.0,13.7,True,
rvc_850754_00191.wav,850754,hi,अतः पहले sn से संबोधित serial number heading वाली cell पर click करते हैं,72,6.98,0.10834989696741104,0.0,10.3,True,
rvc_850754_00192.wav,850754,hi,टिचर्स लाइन में प्रदर्शित होने वाले वाक्य टाइप करें,51,3.98,0.15695057809352875,0.0,12.8,True,
rvc_850754_00193.wav,850754,hi,और निम्न उदाहरण को देखते हैं:,29,3.98,0.10143336653709412,0.0,7.3,True,
rvc_850754_00194.wav,850754,hi,यह एक html फॉर्म होगा अतः हमें अपने टैग्स को शुरू और अंत करने की आवश्यकता है,76,2.98,0.12989363074302673,0.0,25.5,True,
rvc_850754_00195.wav,850754,hi,अतः from: admin @phpacademycom,30,2.98,0.14817474782466888,0.0,10.1,True,
rvc_850754_00196.wav,850754,hi,पहले मैं लिखूँगा check password against db और फिर हम हमारे डेटाबेस से कनेक्ट होंगे,82,10.98,0.10942675173282623,0.0,7.5,True,
rvc_850754_00197.wav,850754,hi,शुरू करने के लिए चलिए अपने superlibrarian  के साथ koha में लॉगिन करें,69,6.98,0.14491313695907593,0.0,9.9,True,
rvc_850754_00198.wav,850754,hi,हम पहले सीखेंगे कि एक object कैसे चुनें,39,3.98,0.1391851305961609,0.0,9.8,True,
rvc_850754_00199.wav,850754,hi,यदि आप एक for लूप का इस्तेमाल करके स्ट्रिंग अक्षरों के माध्यम से लूप करना चाहते हैं तो आपको विशेष सबस्ट्रिंग को भीतर लेने के लिए mb सबस्ट्रिंग की आवश्यकता होगी,159,10.98,0.12243209034204483,0.0,14.5,True,
rvc_850754_00200.wav,850754,hi,* arguments की कोई भी संख्या program को passed की जा सकती है,60,4.98,0.1421538144350052,0.0,12.0,True,
rvc_850754_00201.wav,850754,hi,इस ट्यूटोरियम में मैं कुछ डॉक्युमेंट्स का उपयोग कर रहा हूँ जो मैंने पहले ही बनाये हैं और मेरे सिस्टम में सेव किये हैं जैसे कि,125,6.98,0.1381361484527588,0.0,17.9,True,
rvc_850754_00202.wav,850754,hi,जो कुछ भी हमारे पास है यह उसके बराबर होता है,44,4.98,0.09532728046178818,0.0,8.8,True,
rvc_850754_00203.wav,850754,hi,web layout option के लिए मेन्यूबार में view option पर click करें और फिर web layout option पर click करें,103,10.98,0.10543153434991837,0.0,9.4,True,
rvc_850754_00204.wav,850754,hi,c9 उल्लिखित cell पर click करें और formula is equal to sum और कोष्ठकों के अंदर c3 colon c7 टाइप करें,99,12.98,0.13005255162715912,0.0,7.6,True,
rvc_850754_00205.wav,850754,hi,इन पर conditional operators लागू करें और उत्तर का विश्लेषण करें,63,5.98,0.11423755437135696,0.0,10.5,True,
rvc_850754_00206.wav,850754,hi,page margins set करें और फिर watercycle चित्र print करें,56,3.98,0.13298605382442474,0.0,14.1,True,
rvc_850754_00207.wav,850754,hi,हमें हमारा पासवर्ड जाँचने की आवश्यकता है अभी  मानते हैं कि मैंने मेरा पासवर्ड टाइप किया slicer u k 1,100,12.98,0.12258266657590866,0.0,7.7,True,
rvc_850754_00208.wav,850754,hi,संस्थापन के समय दिए गए username और password का उपयोग करके koha में log इन करें,78,6.98,0.16323162615299225,0.0,11.2,True,
rvc_850754_00209.wav,850754,hi,चलिए library database के उदाहरण पर विचार करते हैं जिसे हमने पिछले tutorials में बनाया है,88,8.98,0.12398847192525864,0.0,9.8,True,
rvc_850754_00210.wav,850754,hi,master slide पर किया गया कोई भी परिवर्तन प्रस्तुति के सभी slides के लिए लागू होता है,84,5.98,0.15741108357906342,0.0,14.0,True,
rvc_850754_00211.wav,850754,hi,slide के नीचे एक notes text box प्रदर्शित होता है यहाँ हम notes type कर सकते हैं,80,7.98,0.14387354254722595,0.0,10.0,True,
rvc_850754_00212.wav,850754,hi,custom animation dialog box प्रदर्शित होता है,45,3.98,0.12206786870956421,0.0,11.3,True,
rvc_850754_00213.wav,850754,hi,c9 उल्लिखित cell पर click करें और formula is equal to sum और कोष्ठकों के अंदर c3 colon c7 टाइप करें,99,11.98,0.10562580078840256,0.0,8.3,True,
rvc_850754_00214.wav,850754,hi,अतः write और हम mysql query फंक्शनfuction उपयोग करेंगे,54,6.98,0.11690270900726318,0.0,7.7,True,
rvc_850754_00215.wav,850754,hi,अब left mouse button को hold करें और headings युक्त cells के साथ इसे drag करें,78,5.98,0.10651746392250061,0.0,13.0,True,
rvc_850754_00216.wav,850754,hi,इस मामले में यह है the quick brown fox jumps over the lazy dog,62,12.98,0.1063140332698822,0.0,4.8,False,speech too slow / stalled (5 chars/s)
rvc_850754_00217.wav,850754,hi,cambridge या oxford द्वारा प्रकाशित उन सभी पुस्तकों के book title और author की सूचना प्राप्त करिये,98,9.98,0.12425479292869568,0.0,9.8,True,
rvc_850754_00218.wav,850754,hi,हमारा actionएक्शनmysql dot php होगा और method post होगा,55,12.98,0.07879189401865005,0.0,4.2,False,speech too slow / stalled (4 chars/s)
rvc_850754_00219.wav,850754,hi,अपने मेल के अंदर हम अन्य पैरामीटर को जोड़ने की आवश्यकता है जो कि headers है,75,6.98,0.12337847799062729,0.0,10.7,True,
rvc_850754_00220.wav,850754,hi,हम इन पेजेस में कई में पहले से ही अपने डेटाबेस से जुड़े हैं जैसे कि लॉगिन पेज,77,6.98,0.15750086307525635,0.0,11.0,True,
rvc_850754_00221.wav,850754,hi,होम पेज पर  tools पर क्लिक करें,31,3.98,0.11691407859325409,0.0,7.8,True,
rvc_850754_00222.wav,850754,hi,मानिए कि हम cloud चुनना चाहते हैं तो हम सामान्यतः इस पर click करेंगे,68,4.98,0.11801563948392868,0.0,13.7,True,
rvc_850754_00223.wav,850754,hi,उदाहरण के लिए अगर आपके पास my name is alex नामक स्ट्रिंग है,59,8.98,0.11219978332519531,0.0,6.6,True,
rvc_850754_00224.wav,850754,hi,अब अपने keyboard पर एकसाथ ctrl alt और t कीज़ दबाकर terminal खोलें,65,8.98,0.12305305898189545,0.0,7.2,True,
rvc_850754_00225.wav,850754,hi,sevenreasonstoadoptfoss odt governmentsupportforfossinindia odt,63,7.98,0.11969254910945892,0.0,7.9,True,
rvc_850754_00226.wav,850754,hi,अतः चूँकि हम अपना php सेशन पहले ही संसाधित कर चुके हैं,54,5.98,0.1096813827753067,0.0,9.0,True,
rvc_850754_00227.wav,850754,hi,इन options के अलावा आप document को full screen mode में भी देख सकते हैं,71,6.98,0.11094824224710464,0.0,10.2,True,
rvc_850754_00228.wav,850754,hi,फिर enter की दबाएँ,18,2.98,0.00012658012565225363,0.0,6.0,False,near-silent (rms 0.0001)
rvc_850754_00229.wav,850754,hi,b10 से उल्लिखित cell पर click करें और इसके अंदर condition result type करें,74,6.98,0.11658730357885361,0.0,10.6,True,
rvc_850754_00230.wav,850754,hi,ऐसा मानते हैं कि कागज का आकार जो हम इस आकृति को print करने में उपयोग करेंगे वो मानक आकार नहीं है,96,6.98,0.1286991685628891,0.0,13.8,True,
rvc_850754_00231.wav,850754,hi,अतः यह पासवर्ड है जो मैं यहाँ टाइप कर रहा हूँ यह काफी पुराना है,63,8.98,0.14690643548965454,0.0,7.0,True,
rvc_850754_00232.wav,850754,hi,मेरे system में मैंने username koha underscore library दिया है,62,6.98,0.14270110428333282,0.0,8.9,True,
rvc_850754_00233.wav,850754,hi,अतः simple form fields को books table में शामिल कर सकता है,58,5.98,0.1094173938035965,0.0,9.7,True,
rvc_850754_00234.wav,850754,hi,main menu से view पर click करें master चुनें और slide master पर click करें,74,6.98,0.15150496363639832,0.0,10.6,True,
rvc_850754_00235.wav,850754,hi,click to add notes पर click करें,32,2.98,0.1297663152217865,0.0,10.7,True,
rvc_850754_00236.wav,850754,hi,ध्यान दें कि entrance टैब खुलता है,34,2.98,0.12339156121015549,0.0,11.4,True,
rvc_850754_00237.wav,850754,hi,फिर enter की दबाएँ,18,3.98,0.07263761013746262,0.0,4.5,False,speech too slow / stalled (5 chars/s)
rvc_850754_00238.wav,850754,hi,इसे करने के लिए डेटा को भीतर डालने के लिए हम insert टाइप करेंगे,63,4.98,0.12415069341659546,0.0,12.7,True,
rvc_850754_00239.wav,850754,hi,headings युक्त पूरी horizontal row को चुनने के बाद formatting toolbar पर borders icon पर click करें,99,8.98,0.09966514259576797,0.0,11.0,True,
rvc_850754_00240.wav,850754,hi,अब हमें अगला वाक्य टाइप करना होगा नहीं करना चाहिए,49,3.98,0.16671788692474365,0.0,12.3,True,
rvc_850754_00241.wav,850754,hi,और आरोही क्रम में book titles का अनुकरण करके उनको publisher के आरोही क्रम में सूचीबद्ध करिये,92,9.98,0.10720274597406387,0.0,9.2,True,
rvc_850754_00242.wav,850754,hi,यहाँ हम एक फॉर्मformबनाएँगे जिसमें प्रयोगकर्तायूजरनाम दर्शा सकता है,67,10.98,0.1102624163031578,0.0,6.1,True,
rvc_850754_00243.wav,850754,hi,तथा अब हम यहाँ आते हैं और आप यहाँ alex और यहाँ this is a test! टाइप कर सकते हैं,79,5.98,0.11535145342350006,0.0,13.2,True,
rvc_850754_00244.wav,850754,hi,आप इसको अपने एक समय के लॉगिन स्क्रिप्ट के साथ include and include connect php  नामक अलग फाइल में रख सकते हैं ताकि आपको यह टाइप न करना पड़े,138,13.98,0.14859367907047272,0.0,9.9,True,
rvc_850754_00245.wav,850754,hi,एक नया पेज खुलता है  catalog सेक्शन में  stage marc records for import पर क्लिक करें,84,9.98,0.13224683701992035,0.0,8.4,True,
rvc_850754_00246.wav,850754,hi,ऐसा करने पर on handles दिखाई देते हैं,37,2.98,0.1104305163025856,0.0,12.4,True,
rvc_850754_00247.wav,850754,hi,और हम इसके माध्यम से लूप करना चाहते थे तथा प्रत्येक अक्षर को जाँचना चाहते हैं,77,5.98,0.12931430339813232,0.0,12.9,True,
rvc_850754_00248.wav,850754,hi,मैंने arg sh named file में code पहले ही लिख लिया है,52,5.98,0.15040861070156097,0.0,8.7,True,
rvc_850754_00249.wav,850754,hi,राइटर में शुरूआत के लिए applications  office और libreoffice writer पर क्लिक करें,80,8.98,0.10450182855129242,0.0,8.9,True,
rvc_850754_00250.wav,850754,hi,जोकि alex के बराबर है,21,2.98,0.0769466757774353,0.0,7.0,True,
rvc_457295_00251.wav,457295,hi,आप बाद के tutorials में handles और उनके उपयोग के बारे में अधिक सीखेंगे,70,4.98,0.18848571181297302,0.0,14.1,True,
rvc_457295_00252.wav,457295,hi,तो पहले मैं mb  सबस्ट्रिंग एको करता हूँ,39,4.98,0.16631317138671875,0.0,7.8,True,
rvc_457295_00253.wav,457295,hi,gedit space arg sh space & ampersand sign,41,6.98,0.15149927139282227,0.0,5.9,False,speech too slow / stalled (6 chars/s)
rvc_457295_00254.wav,457295,hi,record changes ऑप्शन को सेट करने के लिए,39,2.98,0.16521663963794708,0.0,13.1,True,
rvc_457295_00255.wav,457295,hi,और इस where को alex में बदलें,29,4.98,0.19467110931873322,0.0,5.8,False,speech too slow / stalled (6 chars/s)
rvc_457295_00256.wav,457295,hi,full screen से बाहर in के लिए keyboard से escape की press करें,62,4.98,0.17137932777404785,0.0,12.4,True,
rvc_457295_00257.wav,457295,hi,sheet 2 टैब पर click करें,25,2.98,0.18161264061927795,0.0,8.4,True,
rvc_457295_00258.wav,457295,hi,ध्यान दें house rent का खर्च 6000 रुपया है,42,4.98,0.16252095997333527,0.0,8.4,True,
rvc_457295_00259.wav,457295,hi,हमें यह तब चुनने की आवश्यकता होती है जब हम अपने पासवर्ड को एन्क्रिप्ट करते हैं,78,6.98,0.16672638058662415,0.0,11.2,True,
rvc_457295_00260.wav,457295,hi,इस data का उपयोग बाद में koha के कई क्षेत्रों में किया data है,62,4.98,0.21864429116249084,0.0,12.4,True,
rvc_457295_00261.wav,457295,hi,पहले libreoffice base program को शुरू करें,42,4.98,0.1516776829957962,0.0,8.4,True,
rvc_457295_00262.wav,457295,hi,यहाँ दो master pages हैं जिनका इस प्रस्तुति में उपयोग किया गया है,65,5.98,0.21069999039173126,0.0,10.9,True,
rvc_457295_00263.wav,457295,hi,management would like to explore cost saving from shifting to open source software,82,5.98,0.19526150822639465,0.0,13.7,True,
rvc_457295_00264.wav,457295,hi,basic के नीचे diagonal squares चुनें,36,3.98,0.15268437564373016,0.0,9.0,True,
rvc_457295_00265.wav,457295,hi,sheet 2 टैब पर click करें,25,2.98,0.17784564197063446,0.0,8.4,True,
rvc_457295_00266.wav,457295,hi,जो बदलाव हमने किए थे उन्हें अन्डू करते हैं,42,3.98,0.1623401641845703,0.0,10.6,True,
rvc_457295_00267.wav,457295,hi,यदि मैं कुछ भी बड़े अक्षर में लिखता हूँ इसका मतलब यह sql कोड है,63,4.98,0.18579402565956116,0.0,12.7,True,
rvc_457295_00268.wav,457295,hi,मैं आखिरी option पर click करूँगा,32,2.98,0.15877889096736908,0.0,10.7,True,
rvc_457295_00269.wav,457295,hi,आप अलगअलग वाक्यों के साथ अभ्यास कर सकते हैं,43,3.98,0.22194011509418488,0.0,10.8,True,
rvc_457295_00270.wav,457295,hi,from books,10,2.98,0.1258992701768875,0.0,3.4,False,speech too slow / stalled (3 chars/s)
rvc_457295_00271.wav,457295,hi,आप ढूँढने के लिए 2 फील्ड्स भी इस्तेमाल कर सकते हैं,50,2.98,0.19338510930538177,0.0,16.8,True,
rvc_457295_00272.wav,457295,hi,यदि आप अपने कम्प्यूटर पर मेल सर्वर नहीं चलाना चाहते हैं तो मेल सर्वर मेल फ्री के लिए गूगल पर ढ़ूंढें और यह आपके कम्प्यूटर पर मेल सर्वर संस्थापित करेगा जैसे कि अभी हम लोकल होस्ट पर चला रहे हैं,191,12.98,0.1960805058479309,0.0,14.7,True,
rvc_457295_00273.wav,457295,hi,और हम मेरे यूजरनेम root और पासवर्ड के साथ अपने लोकल डेटाबेस से कनेक्ट हो जायेंगे मैं अपना डेटाबेस चुनने जा रहा हूँ,114,9.98,0.19788019359111786,0.0,11.4,True,
rvc_457295_00274.wav,457295,hi,यहाँ  select the file to stage के समीप  browse पर क्लिक करें,60,7.98,0.17777511477470398,0.0,7.5,True,
rvc_457295_00275.wav,457295,hi,add अपनी drawing में कुछ अधिक objects जोड़ें,44,2.98,0.14108873903751373,0.0,14.8,True,
rvc_457295_00276.wav,457295,hi,और फिर हम उस स्ट्रिंग को स्पष्ट रूप से बताते हैं जिसे हमें जांचने की आवश्यकता है,80,2.98,0.17620356380939484,0.0,26.8,True,
rvc_457295_00277.wav,457295,hi,हम इस एम्परसेंड का उपयोग prompt को खाली करने के लिए करते हैं,60,3.98,0.2011815756559372,0.0,15.1,True,
rvc_457295_00278.wav,457295,hi,edit → changes पर जाएँ और record ऑप्शन चुनें,44,8.98,0.1660313606262207,0.0,4.9,False,speech too slow / stalled (5 chars/s)
rvc_457295_00279.wav,457295,hi,चूँकि यह alex के बराबर है,25,2.98,0.11317369341850281,0.0,8.4,True,
rvc_457295_00280.wav,457295,hi,हम देखते हैं कि document full screen mode से बाहर आया है,56,4.98,0.16656142473220825,0.0,11.2,True,
rvc_457295_00281.wav,457295,hi,यह नई sheet खोलता है,20,2.98,0.19634608924388885,0.0,6.7,True,
rvc_457295_00282.wav,457295,hi,electricity bill का खर्च 800 रुपया है,37,4.98,0.14050839841365814,0.0,7.4,True,
rvc_457295_00283.wav,457295,hi,अतः अब यह वास्तव में इसके बराबर है अतः यह slicer u k 1 एन्क्रिप्टेड है जोकि इस slicer u k 1 के बराबर है,103,10.98,0.20510470867156982,0.0,9.4,True,
rvc_457295_00284.wav,457295,hi,add एक now library बनाते हैं,28,3.98,0.1787010133266449,0.0,7.0,True,
rvc_457295_00285.wav,457295,hi,अब open an existing database file option पर click करें,54,6.98,0.14005665481090546,0.0,7.7,True,
rvc_457295_00286.wav,457295,hi,tasks pane में master pages पर click करें,41,3.98,0.2136155366897583,0.0,10.3,True,
rvc_457295_00287.wav,457295,hi,open source software has now become a viable option to proprietary software,75,6.98,0.20166051387786865,0.0,10.7,True,
rvc_457295_00288.wav,457295,hi,आप गति को भी नियंत्रित कर सकते हैं जिस पर आपका animation प्रदर्शित होता है,74,4.98,0.21211017668247223,0.0,14.9,True,
rvc_457295_00289.wav,457295,hi,यह नई sheet खोलता है,20,2.98,0.19581694900989532,0.0,6.7,True,
rvc_457295_00290.wav,457295,hi,वैकल्पिक रूप से cell पर cursor से click करके उसका चुनाव करें फिर right click और insert option चुनें आपको ऐसा dialog box नज़र आएगा,129,13.98,0.1947285681962967,0.0,9.2,True,
rvc_457295_00291.wav,457295,hi,यदि मैं कुछ भी छोटे अक्षरों में लिखता हूँ इसका मतलब यह या तो टेबलतालिकाका नाम या डेटाबेस का नाम या फिर यह डेटा है जिसे मैं डेटाबेस में लिख रहा हूँ,146,10.98,0.17861711978912354,0.0,13.3,True,
rvc_457295_00292.wav,457295,hi,हम देखेंगे कि borders हमारी चुनित स्टाइल के अनुसार formatted हो गये हैं,71,5.98,0.14576900005340576,0.0,11.9,True,
rvc_457295_00293.wav,457295,hi,अब पहले मेन्यू में वापस जाने के लिए esc दबाएँ,45,4.98,0.18370260298252106,0.0,9.0,True,
rvc_457295_00294.wav,457295,hi,where publisher in cambridge oxford,35,10.98,0.16525274515151978,0.0,3.2,False,speech too slow / stalled (3 chars/s)
rvc_457295_00295.wav,457295,hi,मैं अब आपको दिखाऊँगा कि कैसे 2 फील्ड्स इस्तेमाल करें जिससे कि आपको पता चले कि यह ज्यादा जटिल नहीं है बल्कि सरल है,113,5.98,0.19749225676059723,0.0,18.9,True,
rvc_457295_00296.wav,457295,hi,तथा आपके पास लोकल हॉस्ट के तहत चलने वाला smtp मेल सर्वर होगा,60,7.98,0.19086942076683044,0.0,7.5,True,
rvc_457295_00297.wav,457295,hi,और यह है phplogin जो यहाँ है यहाँ पर जाएँ और आप इसे यहाँ देख सकते हैं,69,7.98,0.1996135711669922,0.0,8.6,True,
rvc_457295_00298.wav,457295,hi,फिर  downloads फोल्डर पर जाएँ file upload  नामक विंडो खुलता है,62,5.98,0.18481767177581787,0.0,10.4,True,
rvc_457295_00299.wav,457295,hi,जमीन को प्रस्तुत करने के लिए एक आयत जोड़ें,42,3.98,0.1756773591041565,0.0,10.6,True,
rvc_457295_00300.wav,457295,hi,आपको शुरुआती पॉइंट बताने की जरूरत है इसलिए मैं कहूँगा 1,55,4.98,0.18788479268550873,0.0,11.0,True,
rvc_457295_00301.wav,457295,hi,अब enter दबाएं,14,2.98,0.12117945402860641,0.0,4.7,False,speech too slow / stalled (5 chars/s)
rvc_457295_00302.wav,457295,hi,show ऑप्शन भी चुनित होना चाहिए यह किसी भी आगामी संपादन को स्पष्टतः रिकार्ड करने के लिए सक्षम हो जाएगा,101,7.98,0.22148297727108002,0.0,12.7,True,
rvc_457295_00303.wav,457295,hi,अतः यह पासवर्ड बदल जाएगा क्योंकि यह यूजरनेम alex के बराबर है,60,4.98,0.18720202147960663,0.0,12.0,True,
rvc_457295_00304.wav,457295,hi,अब view menu में print layout option पर click करें,50,3.98,0.18043626844882965,0.0,12.6,True,
rvc_457295_00305.wav,457295,hi,अब a1 उल्लिखित cell पर click करें और इसके अंदर शीर्षक component type करें,73,8.98,0.1582707166671753,0.0,8.1,True,
rvc_457295_00306.wav,457295,hi,house rent का खर्च electricity bill से अधिक है,46,4.98,0.18801259994506836,0.0,9.2,True,
rvc_457295_00307.wav,457295,hi,अतः हम अपने डेटाबेस में एक md5 एन्क्रिप्टेड पासवर्ड की एक एन्क्रिप्टेड पासवर्ड से तुलना कर रहे हैं,98,6.98,0.20414531230926514,0.0,14.0,True,
rvc_457295_00308.wav,457295,hi,koha interface पर वापस जाएँ,27,2.98,0.1870054304599762,0.0,9.1,True,
rvc_457295_00309.wav,457295,hi,recently used drop down box में हमारा library database दिखाई देनी चाहिए,71,6.98,0.19927643239498138,0.0,10.2,True,
rvc_457295_00310.wav,457295,hi,field इस प्रस्तुति में इस्तेमाल किये master slides प्रदर्शित करता है,68,6.98,0.17577901482582092,0.0,9.7,True,
rvc_457295_00311.wav,457295,hi,open source software will free the company from arbitrary software updates of proprietary software,98,10.98,0.1914650946855545,0.0,8.9,True,
rvc_457295_00312.wav,457295,hi,speed field में dropdown box पर click करें slow चुनें और ok पर click करें,73,6.98,0.1880718469619751,0.0,10.5,True,
rvc_457295_00313.wav,457295,hi,अब a1 उल्लिखित cell पर click करें और इसके अंदर शीर्षक component type करें,73,7.98,0.17284181714057922,0.0,9.1,True,
rvc_457295_00314.wav,457295,hi,एक row और column को जोड़ने के लिए entire row और entire column option चुनें,74,6.98,0.14407409727573395,0.0,10.6,True,
rvc_457295_00315.wav,457295,hi,अतः insert into people क्योंकि यह यहाँ पर हमारे टेबलतालिकाका नाम है,67,3.98,0.16457580029964447,0.0,16.8,True,
rvc_457295_00316.wav,457295,hi,इस बदलाव को undo करते हैं,25,2.98,0.1436847746372223,0.0,8.4,True,
rvc_457295_00317.wav,457295,hi,आप्शन मेन्यू प्रदर्शित होता है,30,2.98,0.16680550575256348,0.0,10.1,True,
rvc_457295_00318.wav,457295,hi,order by publisher asc title asc,32,7.98,0.16668830811977386,0.0,4.0,False,speech too slow / stalled (4 chars/s)
rvc_457295_00319.wav,457295,hi,यहाँ मैं firstname टाइप करूँगा और मैं text के प्रकार का एक इनपुट बॉक्स बनाऊँगा और इसका name firstname होगा,106,9.98,0.16502411663532257,0.0,10.6,True,
rvc_457295_00320.wav,457295,hi,अब जैसा कि मेरे पास मेल सर्वर नहीं है मैं अपने विश्वविद्यालय के ईमेल सिस्टम का उपयोग करूँगा जो कि मेरे विश्वविद्यालय ईमेल पर dns  या domain name server डोमैन नेम सर्वर है,170,11.98,0.20149916410446167,0.0,14.2,True,
rvc_457295_00321.wav,457295,hi,हमारा टेबल users है  जिसका उपयोग हम बाद में करेंगे,50,2.98,0.24201728403568268,0.0,16.8,True,
rvc_457295_00322.wav,457295,hi,यहाँ testdatamrc नामक फाइल पर जाएँ,34,5.98,0.19182021915912628,0.0,5.7,False,speech too slow / stalled (6 chars/s)
rvc_457295_00323.wav,457295,hi,drawing toolbar में basic shapes पर क्किक करें और फिर rectangle पर click करें,77,4.98,0.1997186541557312,0.0,15.5,True,
rvc_457295_00324.wav,457295,hi,वास्तव में मैं शून्य कहूँगा और फिर लेन्थ कहूँगा 2,49,3.98,0.17262093722820282,0.0,12.3,True,
rvc_457295_00325.wav,457295,hi,text editor खुलता है,20,2.98,0.14094246923923492,0.0,6.7,True,
rvc_457295_00326.wav,457295,hi,डॉक्युमेंट में दूसरे बिंदु को प्रविष्ट करें,43,4.98,0.1976323127746582,0.0,8.6,True,
rvc_457295_00327.wav,457295,hi,अतः यह 900 के साथ शुरू होता है और जैसे ही हम इसे बदलते हैं हम इसे रिफ्रेश कर सकते हैं और जाँच सकते हैं कि यह वास्तव में बदल चुका है,131,10.98,0.17159833014011383,0.0,11.9,True,
rvc_457295_00328.wav,457295,hi,आगे बढ़ने से पहले अपने document में एक पेज जोड़ते हैं क्लिक करें insert>> manual break और page break option चुने,112,10.98,0.16299954056739807,0.0,10.2,True,
rvc_457295_00329.wav,457295,hi,b1 उल्लिखित cell पर click करें और इसके अंदर शीर्षक balance type करें,68,6.98,0.17053671181201935,0.0,9.7,True,
rvc_457295_00330.wav,457295,hi,हम इन पर विभिन्न conditions को लागू कर सकते हैं और उत्तर जाँच सकते हैं,70,5.98,0.1464838683605194,0.0,11.7,True,
rvc_457295_00331.wav,457295,hi,मैं इस फॉर्म को फिर से जमा करता हूँ और लॉगिन ओह! फिर से एरर!,60,4.98,0.17388232052326202,0.0,12.0,True,
rvc_457295_00332.wav,457295,hi,home पर जाएँ और koha administration पर click करें,49,5.98,0.16716422140598297,0.0,8.2,True,
rvc_457295_00333.wav,457295,hi,अतः अब इसे चुनें और finish button पर click करें,47,5.98,0.14259669184684753,0.0,7.9,True,
rvc_457295_00334.wav,457295,hi,master slide template जैसी है,29,2.98,0.1880597323179245,0.0,9.7,True,
rvc_457295_00335.wav,457295,hi,हमने अपना पहला note बना लिया,28,2.98,0.00027273883461020887,0.0,9.4,False,near-silent (rms 0.0003)
rvc_457295_00336.wav,457295,hi,effect field आपको animations options set करने की अनुमति set है,62,5.98,0.1761821210384369,0.0,10.4,True,
rvc_457295_00337.wav,457295,hi,b1 उल्लिखित cell पर click करें और इसके अंदर शीर्षक balance type करें,68,7.98,0.15350691974163055,0.0,8.5,True,
rvc_457295_00338.wav,457295,hi,यहाँ हमने 4 cells चिन्हांकित किए हैं,36,3.98,0.14044426381587982,0.0,9.0,True,
rvc_457295_00339.wav,457295,hi,insert into people और फिर values और फिर कोष्ठकों में हम प्रत्येक वेल्यू के लिए कुछ स्थान बनाएँगे,96,5.98,0.1790727972984314,0.0,16.1,True,
rvc_457295_00340.wav,457295,hi,चुनित cells अभी भी चिन्हांकित हैं चुनाव the गए पर right click करें और format cells option को चुनें,98,8.98,0.17672476172447205,0.0,10.9,True,
rvc_457295_00341.wav,457295,hi,अब हमें नए शब्दों और वाक्यों को जोड़ना सीखना होगा,49,4.98,0.1927460879087448,0.0,9.8,True,
rvc_457295_00342.wav,457295,hi,अतः ध्यान दीजिये कि column नामों से क्रम को दर्शाने के लिए हमने order by वाक्यांश का इस्तेमाल किया है,101,7.98,0.1939244121313095,0.0,12.7,True,
rvc_457295_00343.wav,457295,hi,हम यहाँ एक ब्रेक बनाएँगे और lastname टाइप करेंगे,48,3.98,0.15319471061229706,0.0,12.1,True,
rvc_457295_00344.wav,457295,hi,इस तरीके से मेरा ईमेल मेरे विश्वविद्यालय के माध्यम से भेजा जाता है,66,4.98,0.18484169244766235,0.0,13.3,True,
rvc_457295_00345.wav,457295,hi,आगे मैं पासवर्ड प्राप्त करने के लिए क्वेरी बनाऊँगा,50,3.98,0.2181124985218048,0.0,12.6,True,
rvc_457295_00346.wav,457295,hi,याद रखें हमने पहले के ट्यूटोरियल में  testdatamrc  फाइल बनाई थी,63,6.98,0.1994154155254364,0.0,9.0,True,
rvc_457295_00347.wav,457295,hi,अब cursor को पेज पर स्थानांतरित करें आप capital i के साथ plus का चिन्ह देखेंगे,78,5.98,0.2131790667772293,0.0,13.0,True,
rvc_457295_00348.wav,457295,hi,तथा यह my एको करना चाहिए,24,2.98,0.1697608232498169,0.0,8.1,True,
rvc_457295_00349.wav,457295,hi,अब मैं code समझाता हूँ,22,2.98,0.1593855619430542,0.0,7.4,True,
rvc_457295_00350.wav,457295,hi,हम बिंदु क्रमांक 2 पर जायेंगे और टाइप करेंगे,44,2.98,0.16011933982372284,0.0,14.8,True,
rvc_457295_00351.wav,457295,hi,अतः मैं कुछ और चीज़ें जोडूँगा,29,6.98,0.16698326170444489,0.0,4.2,False,speech too slow / stalled (4 chars/s)
rvc_457295_00352.wav,457295,hi,इसके बारे में विस्तृत रूप से हम अगले tutorial में सीखेंगे,57,4.98,0.18361109495162964,0.0,11.4,True,
rvc_457295_00353.wav,457295,hi,अब heading के अंदर भागों के now प्रविष्ट करें,45,4.98,0.15300118923187256,0.0,9.0,True,
rvc_457295_00354.wav,457295,hi,c10 से उल्लिखित cell पर click करें,34,2.98,0.1736501157283783,0.0,11.4,True,
rvc_457295_00355.wav,457295,hi,मैं फिर से कोशिश करता हूँ लॉगिन पर क्लिक करता हूँ नहीं यह कार्य नहीं कर रहा है,78,4.98,0.20196084678173065,0.0,15.7,True,
rvc_457295_00356.wav,457295,hi,basic parameters को देखें,25,3.98,0.15199553966522217,0.0,6.3,True,
rvc_457295_00357.wav,457295,hi,यदि libreoffice base पहले से ही खुला है,39,3.98,0.19354082643985748,0.0,9.8,True,
rvc_457295_00358.wav,457295,hi,आप यहाँ formatting प्रिफरेंसेस set कर सकते हैं जो बाद में प्रस्तुति में सभी slides पर लागू किये जाते हैं,104,6.98,0.16396088898181915,0.0,14.9,True,
rvc_457295_00359.wav,457295,hi,सीखते हैं कि notes में कैसे text को format करें,47,4.98,0.16549254953861237,0.0,9.4,True,
rvc_457295_00360.wav,457295,hi,effect field के the पर box animations प्रदर्शित करता है जो प्रस्तुति में जोड़े गये हैं,86,7.98,0.1783837080001831,0.0,10.8,True,
rvc_457295_00361.wav,457295,hi,अब heading के अंदर भागों के now प्रविष्ट करें,45,3.98,0.17209774255752563,0.0,11.3,True,
rvc_457295_00362.wav,457295,hi,rows और columns को जोड़ने के लिए बताए गए तरीकों में से किसी का भी अनुसरण करें मैं नई रोव्स जोड़ना चाहता choose इसलिए मैं चुनें गए option पर right click करके insert option चुनूँगा,178,12.98,0.1916419118642807,0.0,13.7,True,
rvc_457295_00363.wav,457295,hi,अतः हमें 12345 मिल गया,22,5.98,0.20044541358947754,0.0,3.7,False,speech too slow / stalled (4 chars/s)
rvc_457295_00364.wav,457295,hi,tab borders टैब पर click करें,29,2.98,0.1744699627161026,0.0,9.7,True,
rvc_457295_00365.wav,457295,hi,edit word lists पर क्लिक करें,29,2.98,0.204810231924057,0.0,9.7,True,
rvc_457295_00366.wav,457295,hi,साथ ही अल्पविराम characters पर भी ध्यान दीजिये जो और क्रमबद्ध करने के लिए तथा अधिक columns को जोड़ने में मदद करता है,116,6.98,0.21616563200950623,0.0,16.6,True,
rvc_457295_00367.wav,457295,hi,अगला हम एक और इनपुट बॉक्स पिछली लाइन को कॉपी और यहाँ पेस्ट करके बनाएँगे,71,5.98,0.16888119280338287,0.0,11.9,True,
rvc_457295_00368.wav,457295,hi,यदि आप विशेष dns सर्वर के बारे में जानते हैं यदि आपके पास डोमैन नेम पहले से ही है यदि आपकी वेबसाइट है तो आप इसे जानेंगे या कम से कम आप इसका पता लगाने में सक्षम होंगे,165,10.98,0.1935955137014389,0.0,15.0,True,
rvc_457295_00369.wav,457295,hi,आप यहाँ देख सकते हैं यह users  टेबल है,38,4.98,0.2197454422712326,0.0,7.6,True,
rvc_457295_00370.wav,457295,hi,testdatamrc फ़ाइल को चुनें यदि पहले से नहीं चुना गया है और पेज के नीचे open बटन पर क्लिक करें,93,11.98,0.17468757927417755,0.0,7.8,True,
rvc_457295_00371.wav,457295,hi,बायें mouse button को पकड़कर रखें और आयत बनाने के लिए drag करें,63,4.98,0.2056131809949875,0.0,12.7,True,
rvc_457295_00372.wav,457295,hi,रिफ्रेश करें ठीक है हमें यहाँ my मिला है,40,4.98,0.15942785143852234,0.0,8.0,True,
rvc_457295_00373.wav,457295,hi,यह shenbang line है,19,2.98,0.1440661996603012,0.0,6.4,True,
rvc_457295_00374.wav,457295,hi,जिससे वर्तमान बिंदु 2 बिंदु क्रमांक 3 हो जाता है,48,4.98,0.20673328638076782,0.0,9.6,True,
rvc_457295_00375.wav,457295,hi,इसे यहाँ वापस रखते हैं,22,2.98,0.13613136112689972,0.0,7.4,True,
rvc_903756_00376.wav,903756,hi,line बनाने के लिए drawing toolbar में line पर click करें,56,3.98,0.18231041729450226,0.0,14.1,True,
rvc_903756_00377.wav,903756,hi,अब मैं क्या करूँगा मैं कहूँगा  strlen माफ़ कीजिये  लेन्थ इक्वल्स strlen ऑफ स्ट्रिंग length equals strlen of string,114,9.98,0.17208662629127502,0.0,11.4,True,
rvc_903756_00378.wav,903756,hi,यहाँ dollar zero shell script के name को print करेगा,52,4.98,0.12838402390480042,0.0,10.4,True,
rvc_903756_00379.wav,903756,hi,इस टेक्स्ट पर माउस धुमाएँ आप मैसेज देखेंगे,42,4.98,0.17585435509681702,0.0,8.4,True,
rvc_903756_00380.wav,903756,hi,और फिर मैं एक return कथित लिंक डालूँगा और यह मुख्य पेज पर वापस जाएगा,68,7.98,0.13666553795337677,0.0,8.5,True,
rvc_903756_00381.wav,903756,hi,zoom तथा view layout dialog box हमें दिखाई पड़ता है,51,4.98,0.15614952147006989,0.0,10.2,True,
rvc_903756_00382.wav,903756,hi,अब खाली cell b3 पर click करें,29,3.98,0.15097449719905853,0.0,7.3,True,
rvc_903756_00383.wav,903756,hi,अब इस conditional statement को is equal to c3 less than c4 में बदल देते हैं,75,7.98,0.16455762088298798,0.0,9.4,True,
rvc_903756_00384.wav,903756,hi,इसका यह भी अर्थ है कि जब यह मुद्रित होगा चित्र का एक हिस्सा गायब हो जाएगा,73,5.98,0.1879245936870575,0.0,12.2,True,
rvc_903756_00385.wav,903756,hi,यहाँ समस्या यह है कि हमारा md5 पासवर्ड बिलकुल सही है किन्तु इसकी तुलना एक पासवर्ड से हो रही है जो हमारे डेटाबेस में कट के छोटा हो रहा है,136,11.98,0.14092141389846802,0.0,11.4,True,
rvc_903756_00386.wav,903756,hi,हम अभी के लिए groups section को skip करेंगे,43,4.98,0.12317456305027008,0.0,8.6,True,
rvc_903756_00387.wav,903756,hi,अब हम library database में हैं,30,3.98,0.1371922641992569,0.0,7.5,True,
rvc_903756_00388.wav,903756,hi,main menu से format पर click करें और page पर click करें,55,4.98,0.18946486711502075,0.0,11.0,True,
rvc_903756_00389.wav,903756,hi,उसी task bar में bullet icon पर click करें अब text में bullet points हैं,72,7.98,0.14323890209197998,0.0,9.0,True,
rvc_903756_00390.wav,903756,hi,आपके द्वारा चुनित सभी animation का प्रिव्यू अब मुख्य main पर play होगा,70,7.98,0.14771077036857605,0.0,8.8,True,
rvc_903756_00391.wav,903756,hi,अब खाली cell b3 पर click करें,29,2.98,0.17015741765499115,0.0,9.7,True,
rvc_903756_00392.wav,903756,hi,एक row या column को डिलीट करने के लिए पहले उस column या row को चुनें जिसे डिलीट करना चाहते हैं,94,7.98,0.1754167079925537,0.0,11.8,True,
rvc_903756_00393.wav,903756,hi,यह अंदर बनाये जाते हैं या सिंगल कोट्स का उपयोग करके जो कि अल्पविराम द्वारा अलग किये गये हैं,91,7.98,0.13133150339126587,0.0,11.4,True,
rvc_903756_00394.wav,903756,hi,लेकिन हम अपनी आवश्यकता के अनुसार इनमें से किसी को भी बदल सकते हैं,65,5.98,0.14428633451461792,0.0,10.9,True,
rvc_903756_00395.wav,903756,hi,create a new wordlist विंडो प्रदर्शित होती है,45,2.98,0.18980401754379272,0.0,15.1,True,
rvc_903756_00396.wav,903756,hi,अतः हमने firstname और lastname और submit बटन ले लिया है,55,4.98,0.139458566904068,0.0,11.0,True,
rvc_903756_00397.wav,903756,hi,अतः मुझे इसे मेरे php dot ini में शामिल करने की आवश्यकता है,59,4.98,0.17685070633888245,0.0,11.8,True,
rvc_903756_00398.wav,903756,hi,अतः यह सफल क्वेरी होनी चाहिए तथा आप अंत में कुछ एरर मैसेज टाइप कर सकते हैं  or die query didnt work,99,9.98,0.1603534072637558,0.0,9.9,True,
rvc_903756_00399.wav,903756,hi,आप भूरे रंग में upload progress  बार देखेंगे,44,4.98,0.1253117173910141,0.0,8.8,True,
rvc_903756_00400.wav,903756,hi,आप तिरछे dash के साथ एक plus का चिन्ह देखेंगे,45,3.98,0.1637895405292511,0.0,11.3,True,
rvc_903756_00401.wav,903756,hi,इस स्ट्रिंग की लेन्थ के लिए मैं यहाँ एक नया वेरिएबल बना रहा हूँ,63,3.98,0.16664400696754456,0.0,15.8,True,
rvc_903756_00402.wav,903756,hi,परिणामस्वरूप इसका मतलब है zeroth argument स्वमं program का name है,66,6.98,0.12661762535572052,0.0,9.5,True,
rvc_903756_00403.wav,903756,hi,inserted sriranjani:  प्रविष्टि की तारीख और समय के साथ,54,4.98,0.19994325935840607,0.0,10.8,True,
rvc_903756_00404.wav,903756,hi,और यह indexphp है,17,3.98,0.09987121820449829,0.0,4.3,False,speech too slow / stalled (4 chars/s)
rvc_903756_00405.wav,903756,hi,इन पर headings है zoom factorand view layout,44,6.98,0.12067543715238571,0.0,6.3,True,
rvc_903756_00406.wav,903756,hi,शीर्षक cost और spent में cells b3 और b4 के पास कुल बकाया होगा,61,6.98,0.1803814321756363,0.0,8.7,True,
rvc_903756_00407.wav,903756,hi,हमें उत्तर false मिलता है,25,3.98,0.17884860932826996,0.0,6.3,True,
rvc_903756_00408.wav,903756,hi,आपको यह सुनिश्चित करना चाहिए कि : चित्र हमेशा हाशिया के अंदर ही रहे,67,3.98,0.1723068207502365,0.0,16.8,True,
rvc_903756_00409.wav,903756,hi,ऐसा इसलिए क्योंकि यदि हम अपनी संरचना में जाते हैं और यहाँ अपने पासवर्ड फील्ड में जाते हैं और इसे बदलते हैं अभी हमारे पास लम्बाई की सीमा 25 है,141,14.98,0.17370326817035675,0.0,9.4,True,
rvc_903756_00410.wav,903756,hi,इस पेज में ध्यान दें कि लाल in में चिह्नित सभी fields अनिवार्य हैं,66,5.98,0.13600824773311615,0.0,11.0,True,
rvc_903756_00411.wav,903756,hi,left panel पर database सूची में forms icon पर click करें,56,8.98,0.11868371814489365,0.0,6.2,True,
rvc_903756_00412.wav,903756,hi,page setup dialog box प्रदर्शित होता है,39,2.98,0.1860058307647705,0.0,13.1,True,
rvc_903756_00413.wav,903756,hi,सभी notes को standard format में बदलने के लिए एक notes master बनाना सीखते हैं,77,6.98,0.17522984743118286,0.0,11.0,True,
rvc_903756_00414.wav,903756,hi,add slide में दूसरे text box को चुनें custom animation के नीचे add पर click करें,80,9.98,0.14383794367313385,0.0,8.0,True,
rvc_903756_00415.wav,903756,hi,शीर्षक cost और spent में cells b3 और b4 के पास कुल बकाया होगा,61,6.98,0.17918609082698822,0.0,8.7,True,
rvc_903756_00416.wav,903756,hi,उदाहरण के लिए यदि आप column डिलीट करना चाहते हैं जिसमें laundry लिखा है पहले उस column में एक cell पर क्लिक करके उसे चुनें,122,8.98,0.18599741160869598,0.0,13.6,True,
rvc_903756_00417.wav,903756,hi,डबल कोट्स का उपयोग न करने का कारण यह हैक्योंकि यह हमें अंत में या बल्कि शुरू में मिले और यहाँ खत्म हो रहे हैं,109,6.98,0.17074818909168243,0.0,15.6,True,
rvc_903756_00418.wav,903756,hi,userdefined के नीचे आप एक छोटा प्रीव्यू window देख सकते हैं जो चुनाव को दिखाता है,81,6.98,0.1668979525566101,0.0,11.6,True,
rvc_903756_00419.wav,903756,hi,create a new wordlist विंडो में learn to type टाइप करें ok पर क्लिक करें,72,11.98,0.1585359424352646,0.0,6.0,True,
rvc_903756_00420.wav,903756,hi,यदि मैं इसे रिफ्रेश करता हूँ हम देख सकते हैं कि firstname और lastname दिखाई दिया,80,3.98,0.19083523750305176,0.0,20.1,True,
rvc_903756_00421.wav,903756,hi,और इसको करने का सही तरीका है कि यहाँ आएँ और अपने वेरिएबल्स को सेट करें,70,4.98,0.13894328474998474,0.0,14.1,True,
rvc_903756_00422.wav,903756,hi,आप इस एरर मैसेज के साथ कुछ कल्पनाशील हो सकते हैं और अपनी पसंद से टाइप कर सकते हैं,81,8.98,0.1838335394859314,0.0,9.0,True,
rvc_903756_00423.wav,903756,hi,उपलोड 100% तक पूरा होने के बाद हमें कुछ विवरण भरने के लिए कहा जाता है,69,6.98,0.13057121634483337,0.0,9.9,True,
rvc_903756_00424.wav,903756,hi,mouse के बायें button को पकड़कर रखें और ऊपर से तल तक drag करें,62,4.98,0.19476912915706635,0.0,12.4,True,
rvc_903756_00425.wav,903756,hi,और फिर मैं इस वेल्यू को 2 से बदलूँगा,36,2.98,0.1835533231496811,0.0,12.1,True,
rvc_903756_00426.wav,903756,hi,अब program को निष्पादित करते हैं और देखते हैं,45,3.98,0.12792794406414032,0.0,11.3,True,
rvc_903756_00427.wav,903756,hi,इस प्रकार डॉक्युमेंट में टिप्पणी करने वाले व्यक्ति की पहचान होती है नाम कंप्यूटर पर उपयोगकर्ता के रूप में लिबरऑफिस के संस्थापन के समय दिए गए नाम के आधार पर प्रदान किया जाता है,175,11.98,0.15800867974758148,0.0,14.6,True,
rvc_903756_00428.wav,903756,hi,इससे पहले की हम पेज नष्ट करें मैं सेशन को नष्ट करने जा रहा हूँ,62,3.98,0.16378185153007507,0.0,15.6,True,
rvc_903756_00429.wav,903756,hi,zoom factor वर्तमान document और उसी प्रकार के सभी documents को प्रदर्शित करने के लिए zoom factor sets करता है जिन्हें आप उसके बाद खोलते हो,138,8.98,0.1636807918548584,0.0,15.4,True,
rvc_903756_00430.wav,903756,hi,जिसकी हमने शीट 1 में गणना की थी,31,2.98,0.12633511424064636,0.0,10.4,True,
rvc_903756_00431.wav,903756,hi,इसी प्रकार से आप अन्य conditional statements को लागू कर सकते हैं और उत्तर जाँच सकते हैं,87,5.98,0.17856480181217194,0.0,14.5,True,
rvc_903756_00432.wav,903756,hi,जब आप चित्र बनाएँ चित्र का कोई भी हिस्सा हाशिया के बाहर नहीं फैलना चाहिए,72,4.98,0.1960887908935547,0.0,14.5,True,
rvc_903756_00433.wav,903756,hi,अतः हम इसके लिए सीमा को बढ़ाकर 100 तक करते हैं,46,5.98,0.22174634039402008,0.0,7.7,True,
rvc_903756_00434.wav,903756,hi,अपनी library के लिए fields library code और name भरें जैसा कि मैंने यहां किया है,79,7.98,0.15218180418014526,0.0,9.9,True,
rvc_903756_00435.wav,903756,hi,ध्यान दें कि यहाँ नया form बनाने के दो तरीके हैं डिजाइन व्यू में form बनाना और form बनाने के लिए wizard का उपयोग करना,117,10.98,0.17662082612514496,0.0,10.7,True,
rvc_903756_00436.wav,903756,hi,background टैब पर click करें,28,2.98,0.19342665374279022,0.0,9.4,True,
rvc_903756_00437.wav,903756,hi,मुख्य menu में view पर click करें और फिर master पर click करें notes master पर click करें,88,7.98,0.17116911709308624,0.0,11.0,True,
rvc_903756_00438.wav,903756,hi,custom animation dialog box में basic animation के नीचे wedge चुनें,67,6.98,0.15731334686279297,0.0,9.6,True,
rvc_903756_00439.wav,903756,hi,जिसकी हमने शीट 1 में गणना की थी,31,3.98,0.14015479385852814,0.0,7.8,True,
rvc_903756_00440.wav,903756,hi,अब cell पर right click करें और delete option पर click करें,58,5.98,0.17926238477230072,0.0,9.7,True,
rvc_903756_00441.wav,903756,hi,हमें यहाँ पर अपनी id प्रविष्ट करने की आवश्यकता नहीं है,54,2.98,0.1583380252122879,0.0,18.1,True,
rvc_903756_00442.wav,903756,hi,मैं default के नीचे तीसरे option को चुनूँगा और आप देख सकते हैं कि यह प्रीव्यू window में प्रतिबिंबित होता है,108,7.98,0.17746417224407196,0.0,13.5,True,
rvc_903756_00443.wav,903756,hi,word list editor विंडो प्रदर्शित होती है,40,2.98,0.17646926641464233,0.0,13.4,True,
rvc_903756_00444.wav,903756,hi,मैं इसे अभी के लिए डिलीट कर दूँगा और यह करने के लिए मैं जाचूँगा यदि submit बटन दबाया गया है,91,4.98,0.17100131511688232,0.0,18.3,True,
rvc_903756_00445.wav,903756,hi,ओके हमें php dot ini में smtp सेट करने की आवश्यकता है,53,12.98,0.12181498855352402,0.0,4.1,False,speech too slow / stalled (4 chars/s)
rvc_903756_00446.wav,903756,hi,उसी तरह यहाँ आप लिख सकते हैं or die आप यहाँ अपना एरर मैसेज जोड़ सकते हैं लेकिन समय बचाने के लिए मैं अभी नहीं कर रहा हूँ,119,8.98,0.18829813599586487,0.0,13.3,True,
rvc_903756_00447.wav,903756,hi,सबसे पहले  comments about this file फिल्ड भरें,46,4.98,0.1306072473526001,0.0,9.2,True,
rvc_903756_00448.wav,903756,hi,line में दो handles हैं,23,2.98,0.19093404710292816,0.0,7.7,True,
rvc_903756_00449.wav,903756,hi,जब तक मैं शून्य से शुरुआत करता हूँ मैं यहाँ स्ट्रिंग लेन्थ डाल सकता हूँ या माफ़ कीजिए लेन्थ और जैसे ही हम रिफ्रेश करते हैं हमें पूरी स्ट्रिंग मिलती है,150,14.98,0.1777041107416153,0.0,10.0,True,
rvc_903756_00450.wav,903756,hi,पहले निम्न टाइप करके file को निष्पादन के योग्य बनाते हैं,56,3.98,0.1355503797531128,0.0,14.1,True,
rvc_903756_00451.wav,903756,hi,पहली लाइन में avalable की वर्तनी को सही करें आप सुधार पर ध्यान देंगे,68,8.98,0.16074173152446747,0.0,7.6,True,
rvc_903756_00452.wav,903756,hi,कारण है कि एक बार जब उपयोगकर्ता अपना पासवर्ड बदल देता है यह लिंक उन्हें मुख्य पेज पर वापस ले जाएगा और यह सेशन नष्ट करेगा,120,8.98,0.13879336416721344,0.0,13.4,True,
rvc_903756_00453.wav,903756,hi,इसमें कई उपयोगी options हैं जिनकी चर्चा एकएक करके करेंगे,56,4.98,0.16645216941833496,0.0,11.2,True,
rvc_903756_00454.wav,903756,hi,यह referencing से करेंगे,24,2.98,0.15981505811214447,0.0,8.1,True,
rvc_903756_00455.wav,903756,hi,यह statements बहुत ही लाभदायक होते हैं जब ढेर सारे data के साथ कार्य कर रहे हों,79,5.98,0.07564939558506012,0.0,13.2,True,
rvc_903756_00456.wav,903756,hi,इसलिए अपना चित्र बनाने से पहले पेज का हाशिया set अप करना एक अच्छा अभ्यास है,75,5.98,0.1841602623462677,0.0,12.5,True,
rvc_903756_00457.wav,903756,hi,मैं पूर्ण सुनिश्चित नहीं हूँकि एक md5 string कितनी लम्बी होती है किन्तु मैं length value = 100 लिखूँगा इसे सेव करें,115,6.98,0.14336718618869781,0.0,16.5,True,
rvc_903756_00458.wav,903756,hi,ध्यान देने योग्य कुछ महत्वपूर्ण बातें हैंlibrary code में space नहीं होना चाहिए,79,6.98,0.14485374093055725,0.0,11.3,True,
rvc_903756_00459.wav,903756,hi,दूसरे option पर click करें: use wizard to create form,53,6.98,0.14368855953216553,0.0,7.6,True,
rvc_903756_00460.wav,903756,hi,fill dropdown menu से bitmap option चुनें,41,5.98,0.15187540650367737,0.0,6.9,True,
rvc_903756_00461.wav,903756,hi,notes master view दिखता है,26,2.98,0.17527292668819427,0.0,8.7,True,
rvc_903756_00462.wav,903756,hi,गति को medium set करें ok पर click करें,39,5.98,0.1505262702703476,0.0,6.5,True,
rvc_903756_00463.wav,903756,hi,यह referencing से करेंगे,24,2.98,0.15010981261730194,0.0,8.1,True,
rvc_903756_00464.wav,903756,hi,delete cells heading के साथ एक dialog box दिखाई देता है,55,3.98,0.14768138527870178,0.0,13.8,True,
rvc_903756_00465.wav,903756,hi,अगला हमारा firstname है अतः मैं alex लिखूँगा,44,3.98,0.14797064661979675,0.0,11.1,True,
rvc_903756_00466.wav,903756,hi,मैं style width और color भी बदलूँगा,35,3.98,0.16869744658470154,0.0,8.8,True,
rvc_903756_00467.wav,903756,hi,remove पर क्लिक करके हम टाइप किए हुए शब्द या वाक्य मिटा सकते हैं,64,5.98,0.20502734184265137,0.0,10.7,True,
rvc_903756_00468.wav,903756,hi,यह करने के लिए मैं पहले submit बटन को नाम दूँगा submit,54,4.98,0.1457522213459015,0.0,10.8,True,
rvc_903756_00469.wav,903756,hi,और मेरी php dot ini फाइल खोलने के बजाय मैं ini set फंक्शन का उपयोग करूँगा,73,5.98,0.17976631224155426,0.0,12.2,True,
rvc_903756_00470.wav,903756,hi,अब हम इसका उपयोग थोड़ा अलग करेंगे इससे पहले कि हम डेटा बेस में प्रत्येक रिकार्ड के माध्यम से while फंक्शन से लूप का उपयोग करें,126,7.98,0.20926520228385925,0.0,15.8,True,
rvc_903756_00471.wav,903756,hi,यह अपलोड की गई फाइल को koha में पहचानने के लिए उपयोगी है,56,4.98,0.16187068819999695,0.0,11.2,True,
rvc_903756_00472.wav,903756,hi,add line पर एक तीरशीर्ष जोड़ें,30,2.98,0.18008935451507568,0.0,10.1,True,
rvc_903756_00473.wav,903756,hi,और मैं यह भी कर सकता हूँ कि यहाँ अंत में अपने नाम के लिए strlen माइनस 5 पूर्णविराम सहित लिख सकता हूँ तो मैं कह रहा हूँ माइनस 5,126,11.98,0.17860735952854156,0.0,10.5,True,
rvc_903756_00474.wav,903756,hi,chmod space plus x space arg sh,31,6.98,0.09872258454561234,0.0,4.4,False,speech too slow / stalled (4 chars/s)
rvc_903756_00475.wav,903756,hi,it can be installed on all computers without restriction or needing to pay license fees to vendors,98,11.98,0.1626443713903427,0.0,8.2,True,
rvc_903756_00476.wav,903756,hi,अब यदि मैं मेम्बर पेज पर वापस जाने की कोशिश करता हूँ आप देखेंगे you must be logged in हमारा सेशन नष्ट हो चुका है क्योंकि हमने यहाँ हमारा session destroy फंक्शन इस्तेमाल किया था,176,13.98,0.1412712186574936,0.0,12.6,True,
rvc_903756_00477.wav,903756,hi,optimalऑप्शन पर क्लिक करके आपको document का अधिक अनुकूल दृश्य मिलता है,70,6.98,0.14669518172740936,0.0,10.0,True,
rvc_903756_00478.wav,903756,hi,cell b3 में cell reference बनाने के लिए input line के आगे equal to चिह्न पर click करें,86,8.98,0.1708221137523651,0.0,9.6,True,
rvc_903756_00479.wav,903756,hi,कंडिशन के अनुसार जो सही है वो उत्तर प्रिंट करवाने के लिए आप डेटा पर if और or कंडिशन इस्तेमाल कर सकते हैं,104,10.98,0.15161049365997314,0.0,9.5,True,
rvc_903756_00480.wav,903756,hi,पुनः main menu से format चुनें और page पर click करें,52,5.98,0.1440473049879074,0.0,8.7,True,
rvc_903756_00481.wav,903756,hi,मैं मेरा टेबल ब्राउज़ करने जा रहा हूँ फिर मैं वापस जाता हूँ और फिर से रजिस्टर करता हूँ,86,9.98,0.1864182949066162,0.0,8.6,True,
rvc_903756_00482.wav,903756,hi,और यह 10 अक्षरों से कम होना चाहिए,33,3.98,0.13500139117240906,0.0,8.3,True,
rvc_903756_00483.wav,903756,hi,अब हम एक नई window देखते हैं जो कि libreoffice writer window के समान है,71,6.98,0.14776936173439026,0.0,10.2,True,
rvc_903756_00484.wav,903756,hi,options की सूची से blank चुनें और ok click करें,47,4.98,0.15737056732177734,0.0,9.4,True,
rvc_903756_00485.wav,903756,hi,ध्यान दें दो slides प्रदर्शित होती हैं,38,3.98,0.1839752048254013,0.0,9.5,True,
rvc_903756_00486.wav,903756,hi,ध्यान दें कि यह animation box में जोड़ दिया गया है,50,4.98,0.16616030037403107,0.0,10.0,True,
rvc_903756_00487.wav,903756,hi,cell b3 में cell reference बनाने के लिए input line के आगे equal to चिह्न पर click करें,86,8.98,0.14924344420433044,0.0,9.6,True,
rvc_903756_00488.wav,903756,hi,अब shift cells up option पर click करें और फिर ok button पर click करें,69,5.98,0.15019236505031586,0.0,11.5,True,
rvc_903756_00489.wav,903756,hi,मेरा lastname मैं garret लिखूँगा,32,2.98,0.13415999710559845,0.0,10.7,True,
rvc_903756_00490.wav,903756,hi,फिर से प्रीव्यू window में बदलाव पर ध्यान दें,45,3.98,0.15964806079864502,0.0,11.3,True,
rvc_903756_00491.wav,903756,hi,शब्द या वाक्य को सेव करने के लिए done पर क्लिक करें और आंतरिक मेन्यू पर लौटें,77,6.98,0.18053817749023438,0.0,11.0,True,
rvc_903756_00492.wav,903756,hi,फिर मैं if स्टेटमेंटstatement में टाइप करूँगा if dollar underscore post submit,78,11.98,0.15489566326141357,0.0,6.5,True,
rvc_903756_00493.wav,903756,hi,और वेरिएबल नेम है smtp,22,6.98,0.18372739851474762,0.0,3.2,False,speech too slow / stalled (3 chars/s)
rvc_903756_00494.wav,903756,hi,हम old password db  सेट करेंगे जो कि नया बेरिएबल नाम है पुराने पासवर्ड के साथ यह गलती मत करना जो सब्मिट किया गया है,115,8.98,0.18711110949516296,0.0,12.8,True,
rvc_903756_00495.wav,903756,hi,मैं  book data प्रविष्ट करूंगी,30,2.98,0.14976345002651215,0.0,10.1,True,
rvc_903756_00496.wav,903756,hi,context menu को देखने के लिए right click करें और line पर click करें,67,4.98,0.16870687901973724,0.0,13.5,True,
rvc_903756_00497.wav,903756,hi,तो यह लेन्थ में से 5 निकाल देगा और सिर्फ my name is एको करेगा,61,3.98,0.1679656207561493,0.0,15.3,True,
rvc_903756_00498.wav,903756,hi,arg type करें dot slash arg sh,30,3.98,0.09789750725030899,0.0,7.5,True,
rvc_903756_00499.wav,903756,hi,ध्यान दें कि विलोपन डिलीशन लाइन को वास्तव में डिलीट नहीं करता लेकिन इसे विलोपन के लिए सूचित लाइन के रूप में चिन्हित करता है,123,8.98,0.18990254402160645,0.0,13.7,True,
rvc_903756_00500.wav,903756,hi,और साथ ही जब मैं फिर से लॉगिन करता हूँ और मेरे पासवर्ड के लिए abc टाइप करता हूँ जोकि मेरा पुराना पासवर्ड है हमें एक incorrect password सूचना मिलती है,149,10.98,0.15340176224708557,0.0,13.6,True,
rvc_322882_00501.wav,322882,hi,यह उपलब्ध arrow styles प्रदर्शित करता है,40,3.98,0.1800442487001419,0.0,10.1,True,
rvc_322882_00502.wav,322882,hi,तो यह दो फंक्शंस बहुउपयोगी हैं और strlen  का इस्तेमाल करके जोकि यहाँ mb  सबस्ट्रिंग के लिए लागू होता है,103,6.98,0.20390771329402924,0.0,14.8,True,
rvc_322882_00503.wav,322882,hi,अब अपने editor पर वापस आते हैं और यहाँ प्रदर्शित तीन लाइनें type करें,69,6.98,0.09231951087713242,0.0,9.9,True,
rvc_322882_00504.wav,322882,hi,deleted sriranjani: विलोपन की तारीख और समय के साथ,49,4.98,0.03616348281502724,0.0,9.8,True,
rvc_322882_00505.wav,322882,hi,अब वापस जाते हैं और browse पर क्लिक करते हैं नीचे स्क्रोल करते हैं और हम देख सकते हैं कि पासवर्ड 900 से 202 में बदल चुका है,123,8.98,0.18224044144153595,0.0,13.7,True,
rvc_322882_00506.wav,322882,hi,ध्यान दें कि input line में statement sheet 1 dot c9 प्रदर्शित होता है,70,7.98,0.17261570692062378,0.0,8.8,True,
rvc_322882_00507.wav,322882,hi,या अन्यथा negative प्रदर्शित होगा,33,2.98,0.00033098869607783854,0.0,11.1,False,near-silent (rms 0.0003)
rvc_322882_00508.wav,322882,hi,यह मूल हाशिया है जो हमने set किया था,36,2.98,0.2100345641374588,0.0,12.1,True,
rvc_322882_00509.wav,322882,hi,अब चलिए अपना डेटाबेस फिर से जाँचते हैं यह पहले से ही लम्बा दिख रहा है यह कटके छोटा नहीं हुआ है क्योंकि मैंने इसकी लम्बाई बदल दी थी,130,9.98,0.1700848639011383,0.0,13.0,True,
rvc_322882_00510.wav,322882,hi,मैंने यहां दिखाए गए अनुसार विवरण भर दिए हैं,43,2.98,0.12827123701572418,0.0,14.4,True,
rvc_322882_00511.wav,322882,hi,बायीं ओर 8 steps का ध्यान रखें जिनके माध्यम से हमें कार्य करना होगा,67,5.98,0.19722984731197357,0.0,11.2,True,
rvc_322882_00512.wav,322882,hi,हमेशा ऐसा रंग चुनें जो उसके background के सामने साफ़ दिखाई दे,61,4.98,0.20577719807624817,0.0,12.2,True,
rvc_322882_00513.wav,322882,hi,आप यहाँ formatting प्राथमिकता निर्धारित कर सकते हैं जोकि बाद में प्रस्तुति में सभी notes पर लागू होगी,101,6.98,0.2014809399843216,0.0,14.5,True,
rvc_322882_00514.wav,322882,hi,आप प्रिव्यू के लिए एक से भी अधिक animation चुन सकते हैं,55,3.98,0.18415069580078125,0.0,13.8,True,
rvc_322882_00515.wav,322882,hi,ध्यान दें कि input line में statement sheet 1 dot c9 प्रदर्शित होता है,70,6.98,0.17454107105731964,0.0,10.0,True,
rvc_322882_00516.wav,322882,hi,उदाहरण के लिए यदि आपको row डिलीट करनी है जिसमें laundry लिखा है पहले उस cell को चुनें जिसमें उसका serial number है जो है 6,122,9.98,0.1759473979473114,0.0,12.2,True,
rvc_322882_00517.wav,322882,hi,अतः 23rd पर क्लिक करने पर हम इस फील्ड के द्वारा ली गयी संरचना देख सकते हैं,74,5.98,0.1854383945465088,0.0,12.4,True,
rvc_322882_00518.wav,322882,hi,इसे अचयनित कर सकते हैं और आवश्यकता के अनुसार margin का स्पेस बदल सकते हैं,73,5.98,0.1879137009382248,0.0,12.2,True,
rvc_322882_00519.wav,322882,hi,आपकी चुनी हुई भाषा में टक्स टाइपिंग इंटरफेस और पाठ प्रदर्शित होंगे,66,5.98,0.17751994729042053,0.0,11.0,True,
rvc_322882_00520.wav,322882,hi,अतः query है:,13,2.98,0.16683651506900787,0.0,4.4,False,speech too slow / stalled (4 chars/s)
rvc_322882_00521.wav,322882,hi,यह यहाँ इस कर्लीcurly कोष्ठक के बाद है क्योंकि यह यहाँ हमारे while स्टेटमेंटstatementका एक भाग है,97,5.98,0.19112643599510193,0.0,16.2,True,
rvc_322882_00522.wav,322882,hi,यहाँ हम echo get ini लिखते हैं जिसे एक विशेष वेल्यू मिलती है,60,4.98,0.19180357456207275,0.0,12.0,True,
rvc_322882_00523.wav,322882,hi,अतः यह वेल्यू  password है  क्योंकि यहाँ हमारे डेटा बेस के अंदर यह password  है आपको लेबल्स का उपयोग करने की आवश्यकता है,120,7.98,0.2324739247560501,0.0,15.0,True,
rvc_322882_00524.wav,322882,hi,फिर section look for existing records in catalog पर आएँ,55,4.98,0.1361212581396103,0.0,11.0,True,
rvc_322882_00525.wav,322882,hi,arrow named पहले option को चुनें,32,2.98,0.18585163354873657,0.0,10.7,True,
rvc_322882_00526.wav,322882,hi,ठीक है अतः अगला फंक्शन जो हम देखेंगे वह है  explode,51,3.98,0.19693556427955627,0.0,12.8,True,
rvc_322882_00527.wav,322882,hi,dollar 1 command line से program को passed किये हुए पहले argument को दर्शाता है,79,6.98,0.1296384483575821,0.0,11.3,True,
rvc_322882_00528.wav,322882,hi,इस तरह  डॉक्युमेट में मौजूद टेक्स्ट को जोड़कर डिलीट करके या बदलाव करके डॉक्युमेंट में संसोधन किया जा सकता है,108,11.98,0.17070449888706207,0.0,9.0,True,
rvc_322882_00529.wav,322882,hi,इसलिए यह एक बिलकुल नया हैश है और एक बिलकुल नया पासवर्ड,54,6.98,0.20849646627902985,0.0,7.7,True,
rvc_322882_00530.wav,322882,hi,अब input line के आगे check mark पर click करें,45,4.98,0.18677003681659698,0.0,9.0,True,
rvc_322882_00531.wav,322882,hi,अब enter दबाएँ,14,2.98,0.15730421245098114,0.0,4.7,False,speech too slow / stalled (5 chars/s)
rvc_322882_00532.wav,322882,hi,ok पर click करें,16,3.98,0.0820675939321518,0.0,4.0,False,speech too slow / stalled (4 chars/s)
rvc_322882_00533.wav,322882,hi,अतः अब जब मैं फिर से लॉगिन करने की कोशिश करता हूँ और मैं यह ठीक से टाइप करता हूँ,80,5.98,0.20968590676784515,0.0,13.4,True,
rvc_322882_00534.wav,322882,hi,यदि आपके पास सूचीबद्ध किसी भी field की जानकारी नहीं है तो इसे खाली छोड़ दें,75,6.98,0.13043683767318726,0.0,10.7,True,
rvc_322882_00535.wav,322882,hi,हम step 1 पर हैं जो कि field selection है,41,6.98,0.116581991314888,0.0,5.9,False,speech too slow / stalled (6 chars/s)
rvc_322882_00536.wav,322882,hi,text का रंग काले में बदलें यह सफेद background के सामने text को स्पष्ट रूप से दिखाई देने लायक बनायेगा,100,8.98,0.20017516613006592,0.0,11.1,True,
rvc_322882_00537.wav,322882,hi,slides pane से पहली slides चुनें,32,2.98,0.18399058282375336,0.0,10.7,True,
rvc_322882_00538.wav,322882,hi,यह करने के लिए shift की पकड़कर रखें जब animation चुन रहे to,59,5.98,0.17099085450172424,0.0,9.9,True,
rvc_322882_00539.wav,322882,hi,अब input line के आगे check mark पर click करें,45,4.98,0.17351534962654114,0.0,9.0,True,
rvc_322882_00540.wav,322882,hi,अब इस cell पर left mouse button से click करके पूरी row पर drag करें या तो उस row number पर click करें जिसे डिलीट करना है पूरी row चिन्हांकित होती है,148,14.98,0.15414133667945862,0.0,9.9,True,
rvc_322882_00541.wav,322882,hi,अतः 2009 02 23 जोकि 2nd की 23rd 2009 है,39,5.98,0.19095662236213684,0.0,6.5,True,
rvc_322882_00542.wav,322882,hi,मैं top और bottom margins 14pt तक बदलूँगा,41,6.98,0.16574755311012268,0.0,5.9,False,speech too slow / stalled (6 chars/s)
rvc_322882_00543.wav,322882,hi,फिर भी फिलहाल टक्स टाइपिंग अन्य भाषाओं में पाठों का समर्थन नहीं करता,68,5.98,0.1835256665945053,0.0,11.4,True,
rvc_322882_00544.wav,322882,hi,on b bookid = i bookid,22,12.98,0.1619056910276413,0.0,1.7,False,speech too slow / stalled (2 chars/s)
rvc_322882_00545.wav,322882,hi,वास्तव में इसके लिए हमें हमारी while स्टेटमेंटstatement की आवश्यकता नहीं है किन्तु फिर भी मैं इसकी खातिर इसको रखूँगा,116,8.98,0.1541772037744522,0.0,12.9,True,
rvc_322882_00546.wav,322882,hi,आगे मैं smtp लिखूँगा और वह यहाँ स्क्रिप्ट को नष्ट कर सकता है,60,4.98,0.20770470798015594,0.0,12.0,True,
rvc_322882_00547.wav,322882,hi,अपना पुराना पासवर्ड और नया पासवर्ड चेक करना एक सरल if स्टेटमेंट है,66,7.98,0.2070092260837555,0.0,8.3,True,
rvc_322882_00548.wav,322882,hi,इस section में  record matching rule पर जाएँ,44,8.98,0.12468365579843521,0.0,4.9,False,speech too slow / stalled (5 chars/s)
rvc_322882_00549.wav,322882,hi,यह line के दोनों अंत भागों पर thisशीर्ष की चुनित स्टाइल को जोड़ेगा,66,3.98,0.22829629480838776,0.0,16.6,True,
rvc_322882_00550.wav,322882,hi,अब explode  एक स्ट्रिंग लेगा जैसे कि यहाँ हमारे पास है,54,5.98,0.1954273283481598,0.0,9.0,True,
rvc_322882_00551.wav,322882,hi,dollar 2 program को passed किये गए दूसरे argument को दर्शाता है,63,3.98,0.12242412567138672,0.0,15.8,True,
rvc_322882_00552.wav,322882,hi,एक से अधिक व्यक्ति समान डॉक्युमेंट को संपादित कर सकते हैं,57,2.98,0.21428817510604858,0.0,19.1,True,
rvc_322882_00553.wav,322882,hi,अतः सब कुछ ठीक कार्य कर रहा है आप देख सकते हैं कि यह करने में काफी सरल है,73,4.98,0.19342173635959625,0.0,14.7,True,
rvc_322882_00554.wav,322882,hi,ध्यान दें कि sheet 1 में costs के नीचे data का कुल योग sheet 2  टैब में b3 से उल्लिखित cell में अपने आप प्रविष्ट हो गया है,122,13.98,0.16108770668506622,0.0,8.7,True,
rvc_322882_00555.wav,322882,hi,ध्यान दें कि उत्तर positive है क्योंकि रूपये 6000 रूपये 800 से अधिक हैं,71,7.98,0.15598511695861816,0.0,8.9,True,
rvc_322882_00556.wav,322882,hi,चित्र हाशिया के अंदर रखा है,27,2.98,0.1736379861831665,0.0,9.1,True,
rvc_322882_00557.wav,322882,hi,हम लॉगिन कर सकते हैं और हम अंदर हैं ठीक है तो स्ट्रिंग की लम्बाई जैसी चीज़ों को जाँचिये,87,9.98,0.18555718660354614,0.0,8.7,True,
rvc_322882_00558.wav,322882,hi,इसी प्रकार इस पेज पर अपनी librarys के विवरण भरें,48,4.98,0.11731679737567902,0.0,9.6,True,
rvc_322882_00559.wav,322882,hi,और यहाँ दायीं ओर पर tables or queries नामक drop down से tablesbooks चुनें,73,9.98,0.15759459137916565,0.0,7.3,True,
rvc_322882_00560.wav,322882,hi,पहले text चुनें,15,2.98,0.15801630914211273,0.0,5.0,False,speech too slow / stalled (5 chars/s)
rvc_322882_00561.wav,322882,hi,notes place holder पर click करें और उस पर प्रदर्शित text को चुनें,65,6.98,0.16106796264648438,0.0,9.3,True,
rvc_322882_00562.wav,322882,hi,play पर click करें आपके द्वारा चुनित सभी animations का प्रिव्यू play होता है,76,7.98,0.14581847190856934,0.0,9.5,True,
rvc_322882_00563.wav,322882,hi,ध्यान दें कि sheet 1 में costs के नीचे data का कुल योग sheet 2  टैब में b3 से उल्लिखित cell में अपने आप प्रविष्ट हो गया है,122,14.98,0.15301808714866638,0.0,8.1,True,
rvc_322882_00564.wav,322882,hi,cell पर right click करें और फिर delete option पर click करें,59,4.98,0.15685966610908508,0.0,11.8,True,
rvc_322882_00565.wav,322882,hi,अतः हम यहाँ क्या कर सकते हैं कि हम अपने डेटdate फंक्शन की संरचना बड़े y m और फिर d में कर सकते हैं संरचना जैसी हमें चाहिए उसे पाने के लिए हम इसके बीच में योजक चिह्न का उपयोग कर सकते हैं,185,10.98,0.19737352430820465,0.0,16.8,True,
rvc_322882_00566.wav,322882,hi,मैं आपको खुद से विविध shadow styles का पता लगाने के लिए छोड़ता हूँ,66,3.98,0.22536736726760864,0.0,16.6,True,
rvc_322882_00567.wav,322882,hi,main menu पर क्लिक करें,23,3.98,0.12036069482564926,0.0,5.8,False,speech too slow / stalled (6 chars/s)
rvc_322882_00568.wav,322882,hi,from वाक्यांश में अक्षर b और i पर ध्यान दीजिये,46,6.98,0.18298299610614777,0.0,6.6,True,
rvc_322882_00569.wav,322882,hi,मैं अब grab post data और dollar firstname टाइप करूँगा,53,11.98,0.14553429186344147,0.0,4.4,False,speech too slow / stalled (4 chars/s)
rvc_322882_00570.wav,322882,hi,अतः मैं लिखता हूँ alex और फिर test और send me this पर क्लिक करता हूँ,68,7.98,0.19152109324932098,0.0,8.5,True,
rvc_322882_00571.wav,322882,hi,डेटाबेस में टाइप करें if the old password is equal to the old password,70,8.98,0.1475503146648407,0.0,7.8,True,
rvc_322882_00572.wav,322882,hi,यदि आप मौजूदा रिकॉर्ड्स से मेल करना चाहते हैं तो ड्रॉप डाउन से एक और ऑप्शन चुनें अर्थात  isbn/issn number,105,12.98,0.11747527122497559,0.0,8.1,True,
rvc_322882_00573.wav,322882,hi,लेकिन हमें तीरशीर्ष केवल line के एक अंत भाग पर ही चाहिए,55,4.98,0.17105239629745483,0.0,11.0,True,
rvc_322882_00574.wav,322882,hi,चलिए लिखते हैं 1 2 3 4 5,24,3.98,0.13440941274166107,0.0,6.0,True,
rvc_322882_00575.wav,322882,hi,और dollar 3 तीसरे argument को दर्शाता है,40,3.98,0.12177489697933197,0.0,10.1,True,
rvc_322882_00576.wav,322882,hi,लिबरऑफिस राइटर एक समीक्षक के कार्य को दूसरे से अलग करके पाठक की मदद के लिए प्रत्येक संपादन को भिन्न रंग में दर्शाएगा,116,8.98,0.20907525718212128,0.0,12.9,True,
rvc_322882_00577.wav,322882,hi,आपको केवल इतना करना है कि अपनी sql क्वेरीस को ठीक से सीखना है मेरे पास इस पर भी ट्यूटोरियल्स हैं,96,6.98,0.20387931168079376,0.0,13.8,True,
rvc_322882_00578.wav,322882,hi,उसी प्रकार से हम referencing के ज़रिये अन्य भागों के कुल योगों को प्रविष्ट कर सकते हैं,86,6.98,0.20910154283046722,0.0,12.3,True,
rvc_322882_00579.wav,322882,hi,अब conditional statement में चलिए greater than को less than में बदलते हैं और enter की दबाएँ,91,7.98,0.16121073067188263,0.0,11.4,True,
rvc_322882_00580.wav,322882,hi,आप draw पेज से भी page setup dialog box access कर सकते हैं,58,4.98,0.22762727737426758,0.0,11.6,True,
rvc_322882_00581.wav,322882,hi,यदि आप चाहते हैं कि मैं इस ट्यूटोरियल को बढ़ाऊँ तो कृपया मुझे केवल अवगत कराएँ,77,6.98,0.17806179821491241,0.0,11.0,True,
rvc_322882_00582.wav,322882,hi,address और phone विवरण का उपयोग बाद में आपकी library के लिए custom notices बनाने के लिए किया जा सकता है,103,6.98,0.132951021194458,0.0,14.8,True,
rvc_322882_00583.wav,322882,hi,इसके नीचे बायीं ओर पर हम available fields की एक सूची देखते हैं,62,5.98,0.16662700474262238,0.0,10.4,True,
rvc_322882_00584.wav,322882,hi,main menu से format पर click करें और character चुनें,52,3.98,0.19189976155757904,0.0,13.1,True,
rvc_322882_00585.wav,322882,hi,impress window के सबसे ऊपरी बाएँ कोने पर font size dropdown पर click करें और 32 चुनें,85,7.98,0.18923571705818176,0.0,10.7,True,
rvc_322882_00586.wav,322882,hi,add तीसरे text box को चुनें layouts में add पर click करें,57,4.98,0.1736532300710678,0.0,11.4,True,
rvc_322882_00587.wav,322882,hi,उसी प्रकार से हम referencing के ज़रिये अन्य भागों के कुल योगों को प्रविष्ट कर सकते हैं,86,5.98,0.21408386528491974,0.0,14.4,True,
rvc_322882_00588.wav,322882,hi,delete cells नामक dialog box दिखाई देगा,39,4.98,0.1600775122642517,0.0,7.8,True,
rvc_322882_00589.wav,322882,hi,अतः यह इस प्रकार रूप लेगा,25,3.98,0.17361502349376678,0.0,6.3,True,
rvc_322882_00590.wav,322882,hi,यह चयनित स्टाइल को चुनित cells पर लागू करेगा,44,4.98,0.1765218824148178,0.0,8.8,True,
rvc_322882_00591.wav,322882,hi,fish cascade बटन पर क्लिक करें,30,2.98,0.16443844139575958,0.0,10.1,True,
rvc_322882_00592.wav,322882,hi,इन्हें aliases aliases कहते हैं जो बेहतर पठनीयता के लिए या तो विवरणात्मक या केवल एक अक्षर हो सकते हैं,101,10.98,0.15842604637145996,0.0,9.2,True,
rvc_322882_00593.wav,322882,hi,अतः यह dollar underscore post firstname है और फिर मैं lastname टाइप करूँगा,74,10.98,0.19622914493083954,0.0,6.7,True,
rvc_322882_00594.wav,322882,hi,ओह ! माफ कीजिए मैंने पूर्ण गलत टाइप कर दिया है बड़ी गलती वह है ini get और इसे रिफ्रेश करें,90,11.98,0.1531241089105606,0.0,7.5,True,
rvc_322882_00595.wav,322882,hi,यह दोनों md5 hashes  हैं क्योंकि हमने उन्हें पहले एक md5 hash  में परिवर्तित किया हुआ है,88,4.98,0.21440613269805908,0.0,17.7,True,
rvc_322882_00596.wav,322882,hi,अब हम action if matching record found पर आते हैं,48,4.98,0.12539128959178925,0.0,9.6,True,
rvc_322882_00597.wav,322882,hi,तो पहले हम ctrl + z दबाकर इस बदलाव को undo करेंगे,49,4.98,0.20839056372642517,0.0,9.8,True,
rvc_322882_00598.wav,322882,hi,और explode  फंक्शन explode  एको करेगा,37,5.98,0.15885458886623383,0.0,6.2,True,
rvc_322882_00599.wav,322882,hi,अब program को निष्पादित करते हैं और देखते हैं,45,2.98,0.11012043058872223,0.0,15.1,True,
rvc_322882_00600.wav,322882,hi,सहज ही संपादित टेक्स्ट पर माउस धुमाएँ समीक्षक का नाम प्रदर्शित होगा,67,5.98,0.20295774936676025,0.0,11.2,True,
rvc_322882_00601.wav,322882,hi,और आपको ठीक से सोचने की आवश्यकता है कि कैसे अपना पुराना पासवर्ड और अपने दो नये पासवर्ड्स जाँचें,95,5.98,0.20404520630836487,0.0,15.9,True,
rvc_322882_00602.wav,322882,hi,यदि यहाँ ढेर सारे data कंटेंट के साथ अनेक data शीट्स हो तो data का सार प्रस्तुत करने के लिए referencing बहुत लाभदायक हो सकता है,127,7.98,0.22968071699142456,0.0,15.9,True,
rvc_322882_00603.wav,322882,hi,ध्यान दें कि उत्तर अब negative है क्योंकि cell c3 की value cell c4 की वैल्य से अधिक है,86,9.98,0.1690388321876526,0.0,8.6,True,
rvc_322882_00604.wav,322882,hi,पेज पर right क्लिक करके और context menu का उपयोग करके,53,4.98,0.1534258872270584,0.0,10.6,True,
rvc_322882_00605.wav,322882,hi,और यह यूज़र रजिस्ट्रेशन है,26,2.98,0.15774081647396088,0.0,8.7,True,
rvc_322882_00606.wav,322882,hi,सदस्यों द्वारा इन विवरणों का उपयोग भी किया जा सकता है जब वे library से संपर्क करना चाहते हैं,92,5.98,0.13043829798698425,0.0,15.4,True,
rvc_322882_00607.wav,322882,hi,दायीं ओर पर हम fields in the form देखते हैं,43,4.98,0.15888454020023346,0.0,8.6,True,
rvc_322882_00608.wav,322882,hi,character dialog box प्रदर्शित होता है,38,2.98,0.20136108994483948,0.0,12.8,True,
rvc_322882_00609.wav,322882,hi,मुख्य menu में format और character पर click करें,48,4.98,0.17324340343475342,0.0,9.6,True,
rvc_322882_00610.wav,322882,hi,entrance टैब में basic के नीचे diamond चुनें,44,6.98,0.14145918190479279,0.0,6.3,True,
rvc_322882_00611.wav,322882,hi,यदि यहाँ ढेर सारे data कंटेंट के साथ अनेक data शीट्स हो तो data का सार प्रस्तुत करने के लिए referencing बहुत लाभदायक हो सकता है,127,8.98,0.22347098588943481,0.0,14.1,True,
rvc_322882_00612.wav,322882,hi,अब shift cells up option पर click करें और फिर ok button पर click करें,69,4.98,0.17153263092041016,0.0,13.9,True,
rvc_322882_00613.wav,322882,hi,यह इसके बराबर होगा और यह वर्तमान दिनाँक हो जाएगी,48,3.98,0.19048446416854858,0.0,12.1,True,
rvc_322882_00614.wav,322882,hi,borders कैसे format करें यह सीखने के बाद अब सीखते हैं कि cells को background colors कैसे दें,92,6.98,0.1939225196838379,0.0,13.2,True,
rvc_322882_00615.wav,322882,hi,गेम मेन्यू प्रदर्शित होता है,28,2.98,0.18184226751327515,0.0,9.4,True,
rvc_322882_00616.wav,322882,hi,ध्यान दीजिये कि bookid column दोनों tables में हैं,50,4.98,0.14688730239868164,0.0,10.0,True,
rvc_322882_00617.wav,322882,hi,मैं firstname को कॉपी करूँगा और इसको यहाँ पेस्ट करूँगा और इसको lastname में बदल दूँगा,85,2.98,0.16045841574668884,0.0,28.5,True,
rvc_322882_00618.wav,322882,hi,ओके हम मूलतः mail host dot shef dot ac dot uk के लिए अपनी ini फाइल में अपनी smtp सेटिंग कर रहे हैं,98,6.98,0.20864465832710266,0.0,14.0,True,
rvc_322882_00619.wav,322882,hi,अतः यदि वे समान हैं तो हम कोड का ब्लॉक रन करेंगे अन्यथा हम पेज को नष्ट कर देंगे और लिखेंगे  old password doesnt match!,118,13.98,0.18120379745960236,0.0,8.4,True,
rvc_322882_00620.wav,322882,hi,koha डिफॉल्ट रूप से replace existing record with incoming record चुनता है,73,5.98,0.12202674150466919,0.0,12.2,True,
rvc_322882_00621.wav,322882,hi,context menu को देखने के लिए फिर से rightclick करें,51,2.98,0.2104990929365158,0.0,17.1,True,
rvc_322882_00622.wav,322882,hi,यह आपकी प्लेन स्ट्रिंग को शुरुआत से अंत तक ब्रेक करेगा यह इसे एक अरै array  में ब्रेक करेगा,91,8.98,0.17992766201496124,0.0,10.1,True,
rvc_322882_00623.wav,322882,hi,अप arrow की दबाएं enter दबाएं,29,4.98,0.0746939405798912,0.0,5.8,False,speech too slow / stalled (6 chars/s)
rvc_322882_00624.wav,322882,hi,डॉक्युमेंट को ओपन करके मैं इसे प्रदर्शित करने जा रहा हूँ जो मेरे सहकर्मी गुरू द्वारा पहले से ही संपादित किया गया है,115,7.98,0.18416668474674225,0.0,14.4,True,
rvc_322882_00625.wav,322882,hi,स्पष्टतः जब हमने अपना पंजीकरण किया था हमारे पास सीमा थी कि पासवर्ड कितना बड़ा होना चाहिए,88,6.98,0.21688711643218994,0.0,12.6,True,
rvc_996368_00626.wav,996368,hi,यहाँ arrow styles के नीचे आप style named field देखेंगे,54,4.98,0.13968387246131897,0.0,10.8,True,
rvc_996368_00627.wav,996368,hi,मैं 1 2 3 4 5  अरै के प्रत्येक अलग एलिमेंट में संचित चाहता हूँ,62,4.98,0.15010659396648407,0.0,12.4,True,
rvc_996368_00628.wav,996368,hi,लेकिन पहला दूसरा और तीसरा arguments रिक्त है,44,4.98,0.19195298850536346,0.0,8.8,True,
rvc_996368_00629.wav,996368,hi,इस डॉक्युमेंट में हम देख सकते हैं कि कई अनुवृद्धिएडिशन और विलोपन किये गये हैं,77,6.98,0.12765686213970184,0.0,11.0,True,
rvc_996368_00630.wav,996368,hi,अतः सचमुच में यहाँ कई सारी जाँच हैं जो आप कर सकते हैं किन्तु php में mysql डेटाबेस का इस्तेमाल करते हुए पासवर्ड बदलने का यह एक बुनियादी ढाँचा है,144,10.98,0.15567734837532043,0.0,13.1,True,
rvc_996368_00631.wav,996368,hi,view layout option text documents के लिए है,43,2.98,0.12913742661476135,0.0,14.4,True,
rvc_996368_00632.wav,996368,hi,personalfinancetracker ods में personal finance tracker sheet 1 में है और बाकी का कंटेंट्स sheet 2 में है,105,10.98,0.1374635398387909,0.0,9.6,True,
rvc_996368_00633.wav,996368,hi,अब cell c4 की value की 7000 तक बढ़ा दें और enter की दबाएँ,57,7.98,0.1305529773235321,0.0,7.1,True,
rvc_996368_00634.wav,996368,hi,watercycle आकृति के साथ पेज चुनें और पेज number प्रविष्ट करें,61,5.98,0.14346089959144592,0.0,10.2,True,
rvc_996368_00635.wav,996368,hi,मैं किसी पर एक प्रोजेक्ट बना सकता हूँ जो कि यूज़र लॉगिन और यूज़र रजिस्ट्रेशन इस्तेमाल करता हो अतः मैं इसे बहुत इस्तेमाल करूँगा,126,6.98,0.1708172857761383,0.0,18.1,True,
rvc_996368_00636.wav,996368,hi,यह email id है जहां से सदस्यों को notices जाते हैं और आते हैं,61,6.98,0.2086842656135559,0.0,8.7,True,
rvc_996368_00637.wav,996368,hi,ध्यान दें हमने सारे fields बायें से दायें स्थानांतरित कर दिये हैं,65,7.98,0.1349605917930603,0.0,8.1,True,
rvc_996368_00638.wav,996368,hi,ok पर click करें,16,2.98,0.12716247141361237,0.0,5.4,False,speech too slow / stalled (5 chars/s)
rvc_996368_00639.wav,996368,hi,font color dropdown पर click करें और red चुनें ok पर click करें,63,6.98,0.1283506453037262,0.0,9.0,True,
rvc_996368_00640.wav,996368,hi,आप change order buttons का उपयोग करके animation के क्रम को भी बदल सकते हैं,74,5.98,0.1575627624988556,0.0,12.4,True,
rvc_996368_00641.wav,996368,hi,personalfinancetracker ods में personal finance tracker sheet 1 में है और बाकी का कंटेंट्स sheet 2 में है,105,9.98,0.13570088148117065,0.0,10.5,True,
rvc_996368_00642.wav,996368,hi,sheet में कैसे विभिन्न rows तथा columns को कैसे जोड़ें और डिलीट करें यह सीखने के बाद अब हम सीखते है कि calc में शीट्स कैसे जोड़ें और डिलीट करें,143,9.98,0.13646335899829865,0.0,14.3,True,
rvc_996368_00643.wav,996368,hi,किन्तु इससे पहले हम अंत में mysql error का अनुकरण करके or die लिख सकते हैं,74,7.98,0.13127535581588745,0.0,9.3,True,
rvc_996368_00644.wav,996368,hi,उदाहरणस्वरूप चलिए headings युक्त cells को background color देते हैं,67,5.98,0.13314078748226166,0.0,11.2,True,
rvc_996368_00645.wav,996368,hi,जारी रखने के लिए space bar दबाएँ,32,3.98,0.1349034458398819,0.0,8.0,True,
rvc_996368_00646.wav,996368,hi,और हमने जोड़ने के लिए bookid column को लिखकर स्पष्ट किया है: on b bookid = i bookid,83,14.98,0.10867804288864136,0.0,5.5,False,speech too slow / stalled (6 chars/s)
rvc_996368_00647.wav,996368,hi,यदि आपको याद हो मैंने वर्णन किया था कि आप जो चाहें वो डेटा विशिष्ट रूप में बता सकते हैं,87,7.98,0.14664611220359802,0.0,10.9,True,
rvc_996368_00648.wav,996368,hi,मान लीजिए कि यह मेल हॉस्ट सर्वर या dns  सर्वर कार्य करता है फिर बाकी कोड कार्य करेंगे,85,6.98,0.12874943017959595,0.0,12.2,True,
rvc_996368_00649.wav,996368,hi,अतः अब मैं क्या करूँगा कि success  को एको करूँगा और मैं अपने पेज पर वापस जाऊँगा,79,6.98,0.1644577831029892,0.0,11.3,True,
rvc_996368_00650.wav,996368,hi,आप दो dropdown boxes देखते हैं प्रत्येक line के अंतभाग के लिए एक,64,4.98,0.1468159407377243,0.0,12.9,True,
rvc_996368_00651.wav,996368,hi,मैं कहूँगा explode string नहीं मैं नहीं कहूँगा – स्ट्रिंग को ब्रेक करने के लिए क्या प्रयोग किया जाता है मैं निर्दिष्ट करूँगा,124,4.98,0.1499038189649582,0.0,24.9,True,
rvc_996368_00652.wav,996368,hi,ऐसा इसलिए है क्योंकि command line arguments निष्पादन के समय दिए जाते हैं,72,5.98,0.22207552194595337,0.0,12.0,True,
rvc_996368_00653.wav,996368,hi,इस टेक्स्ट पर माउस धुमाकर मैसेज मिलता है कि अनुवृद्धि और विलोपन गुरू द्वारा किये गये हैं,88,9.98,0.11614170670509338,0.0,8.8,True,
rvc_996368_00654.wav,996368,hi,आशा है कि आपने इसका आनंद लिया यदि आपकी कोई टिप्पणी या प्रश्न है तो कृपया मुझे बताइए साथ ही विडियो अपडेट्स के लिए सब्सक्राइब करें,128,7.98,0.1412193924188614,0.0,16.0,True,
rvc_996368_00655.wav,996368,hi,इसका उपयोग document में विभिन्न view लेआउट settings के प्रभाव को देखने के लिए zoom factor को कम करने के लिए किया जाता है,120,7.98,0.14482107758522034,0.0,15.0,True,
rvc_996368_00656.wav,996368,hi,मानते हैं कि हम sheet 1 से sheet 2 में जाना चाहते हैं,53,4.98,0.12213431298732758,0.0,10.6,True,
rvc_996368_00657.wav,996368,hi,उत्तर खुद ही positive में बदल जाता है,37,4.98,0.0967034101486206,0.0,7.4,True,
rvc_996368_00658.wav,996368,hi,main menu में जाएँ insert चुनें और fields पर click करें,55,5.98,0.14290593564510345,0.0,9.2,True,
rvc_996368_00659.wav,996368,hi,अतः अधिक जानकारी के लिए यूज़र लॉगिन और रजिस्ट्रेशन पर मेरे प्रोजेक्ट्स देखिये,77,8.98,0.1723589450120926,0.0,8.6,True,
rvc_996368_00660.wav,996368,hi,gmail id बेहतर है क्योंकि इसे mail भेजने और/या mail प्राप्त करने के लिए आसानी से कॉन्फ़िगर किया जा सकता है,106,8.98,0.23236972093582153,0.0,11.8,True,
rvc_996368_00661.wav,996368,hi,क्योंकि हमने इसके स्वयं के numbers को स्वततैयार करने के लिए bookid field को set कर दिया है हमें form पर इसकी आवश्यकता नहीं है,125,10.98,0.14994855225086212,0.0,11.4,True,
rvc_996368_00662.wav,996368,hi,अब text काले रंग में है,23,2.98,0.1689179688692093,0.0,7.7,True,
rvc_996368_00663.wav,996368,hi,notes पर logo logo जोड़ते हैं,29,2.98,0.1412733495235443,0.0,9.7,True,
rvc_996368_00664.wav,996368,hi,प्रत्येक animation के लिए default properties देखें और सीखें कि उनमें बदलाव कैसे करें,84,7.98,0.1624678522348404,0.0,10.5,True,
rvc_996368_00665.wav,996368,hi,मानते हैं कि हम sheet 1 से sheet 2 में जाना चाहते हैं,53,4.98,0.11595827341079712,0.0,10.6,True,
rvc_996368_00666.wav,996368,hi,calc में नई sheet जोड़ने के कई तरीके हैं एकएक करके सबके बारे में सीखते हैं,74,8.98,0.13230189681053162,0.0,8.2,True,
rvc_996368_00667.wav,996368,hi,मैं इसे अभी छोड़ रहा हूँ किन्तु यदि आप चाहें तो इसे जोड़ने में संकोच न करें,75,5.98,0.12884199619293213,0.0,12.5,True,
rvc_996368_00668.wav,996368,hi,अतः पहले cell पर click करते हैं जो कि sn से संबोधित heading serial number युक्त है,82,6.98,0.1328427940607071,0.0,11.7,True,
rvc_996368_00669.wav,996368,hi,अब टाइपिंग के अभ्यास के लिए आसान खेल चुनें easy पर क्लिक करें,61,5.98,0.14967015385627747,0.0,10.2,True,
rvc_996368_00670.wav,996368,hi,अतः चलिए अब अपनी query रन करते हैं,34,2.98,0.1583370715379715,0.0,11.4,True,
rvc_996368_00671.wav,996368,hi,इसके लिए मैं select star from people where firstname equals alex and lastname equals garrett टाइप करूँगा,104,14.98,0.10940951108932495,0.0,6.9,True,
rvc_996368_00672.wav,996368,hi,अपना मेल भेजने के बाद मैं पेज को नष्ट कर दूँगा,46,6.98,0.11198157072067261,0.0,6.6,True,
rvc_996368_00673.wav,996368,hi,मैं जानबूझकर अपना पासवर्ड गलत टाइप करूँगा और अतः मैं इसे टाइप करूँगा,68,2.98,0.18161176145076752,0.0,22.8,True,
rvc_996368_00674.wav,996368,hi,बायें dropdown box पर click करें और arrow चुनें,47,3.98,0.1597152203321457,0.0,11.8,True,
rvc_996368_00675.wav,996368,hi,फिलहाल यह एक स्पेस है,21,3.98,0.16162018477916718,0.0,5.3,False,speech too slow / stalled (5 chars/s)
rvc_996368_00676.wav,996368,hi,अतः अप arrow की दबाएं और type करें: sunday monday और tuesday,60,6.98,0.21263529360294342,0.0,8.6,True,
rvc_996368_00677.wav,996368,hi,हम देख सकते हैं कि इस प्रविष्टि का रंग गुरू द्वारा किये गये संपादन के रंग से भिन्न है,85,5.98,0.15394844114780426,0.0,14.2,True,
rvc_996368_00678.wav,996368,hi,देखने के लिए धन्यवाद मैं रवि कुमार आईआईटी बॉम्बे की ओर से अब आपसे विदा लेता हूँ,79,4.52,0.15585143864154816,0.0,17.5,True,
rvc_996368_00679.wav,996368,hi,इसमें क्रमानुसार एक के नीचे एक और आस पास में पेज प्रदर्शित करने के लिए automatic और single page जैसे options हैं,112,10.98,0.142759770154953,0.0,10.2,True,
rvc_996368_00680.wav,996368,hi,सबसे पहले sheet 1 टैब पर click करें,35,2.98,0.1289599984884262,0.0,11.7,True,
rvc_996368_00681.wav,996368,hi,फिर से cell c4 की value को 800 तक घटाएँ,39,3.98,0.16033172607421875,0.0,9.8,True,
rvc_996368_00682.wav,996368,hi,fields की सूची प्रदर्शित होती है,32,3.98,0.15480120480060577,0.0,8.0,True,
rvc_996368_00683.wav,996368,hi,यदि आपके पास कोई प्रश्न है या मुझसे किसी भी चीज़ का विस्तार चाहते हैं कृपया मुझे केवल अवगत कराएँ,96,6.98,0.14725469052791595,0.0,13.8,True,
rvc_996368_00684.wav,996368,hi,email id field के नीचे हमारे पास replyto और returnpath fields है,64,6.98,0.2159329652786255,0.0,9.2,True,
rvc_996368_00685.wav,996368,hi,तो चलिए इस field को वापस बायीं ओर स्थानांतरित करते हैं,54,4.98,0.1363557130098343,0.0,10.8,True,
rvc_996368_00686.wav,996368,hi,अब रंग को slide पर लागू करें,28,2.98,0.15206357836723328,0.0,9.4,True,
rvc_996368_00687.wav,996368,hi,drawing toolbar से basic shapes पर click करें और isosceles triangle चुनें,73,7.98,0.12286267429590225,0.0,9.1,True,
rvc_996368_00688.wav,996368,hi,सूची में पहले animation पर doubleclick करें यह diagonal squares option है,73,5.98,0.16136936843395233,0.0,12.2,True,
rvc_996368_00689.wav,996368,hi,सबसे पहले sheet 1 टैब पर click करें,35,3.98,0.12873432040214539,0.0,8.8,True,
rvc_996368_00690.wav,996368,hi,सभी तरीकों के लिए पहले step है कि उस sheet को चुनें जिसके बाद अगली नई sheet जोड़नी है,85,6.98,0.10824492573738098,0.0,12.2,True,
rvc_996368_00691.wav,996368,hi,अच्छा तो अपने पेज को रिफ्रेशrefresh करते हैं,44,3.98,0.15570081770420074,0.0,11.1,True,
rvc_996368_00692.wav,996368,hi,अब left mouse button hold करें और headings युक्त cells तक इसे drag करें,71,5.98,0.14843790233135223,0.0,11.9,True,
rvc_996368_00693.wav,996368,hi,विभिन्न विकल्पों में शामिल विंडो प्रदर्शित होता है,50,4.98,0.13300280272960663,0.0,10.0,True,
rvc_996368_00694.wav,996368,hi,और हम पुस्तकों और उनके issue date की एक सूची देखते हैं और यह कि checkedin स्थिति; checked इन नहीं है,100,9.98,0.1257195621728897,0.0,10.0,True,
rvc_996368_00695.wav,996368,hi,मैंने यह इस क्वेरी के भाग के अंदर जहाँ हम चुन रहे हैं नहीं दर्शाया है,69,3.98,0.140925794839859,0.0,17.3,True,
rvc_996368_00696.wav,996368,hi,नहीं मैं नहीं करूँगा मैं पेज को अभी नष्ट कर दूँगा,49,3.98,0.12569180130958557,0.0,12.3,True,
rvc_996368_00697.wav,996368,hi,मेरा नया पासवर्ड मैं abc टाइप करूँगा और फिर change password पर क्लिक करके हमें मेसेज मिलता है old password doesnt match!,120,7.98,0.19378505647182465,0.0,15.0,True,
rvc_996368_00698.wav,996368,hi,दायें dropdown box में none चुनें,33,2.98,0.14400309324264526,0.0,11.1,True,
rvc_996368_00699.wav,996368,hi,क्योंकि यह डिटर्मिनेंट होगा जहाँ यह शुरू होता है और यह सेपरेटर है,65,5.98,0.1432257443666458,0.0,10.9,True,
rvc_996368_00700.wav,996368,hi,enter दबाएं,11,2.98,0.10906148701906204,0.0,3.7,False,speech too slow / stalled (4 chars/s)
rvc_996368_00701.wav,996368,hi,इस प्रविष्टि पर माउस धुमाकर मैसेज मिलता है inserted: sriranjani,63,4.98,0.15323612093925476,0.0,12.7,True,
rvc_996368_00702.wav,996368,hi,यह change password ट्यूटोरियल का तीसरा भाग है इस भाग में हम डेटाबेस में पासवर्ड बदलने जा रहे हैं,96,7.98,0.13274258375167847,0.0,12.0,True,
rvc_996368_00703.wav,996368,hi,अब automaticऑप्शन पर click करें और फिर ok button पर click करें,62,5.98,0.1006619930267334,0.0,10.4,True,
rvc_996368_00704.wav,996368,hi,यहाँ b14 उल्लिखित cell पर click करें और sheet 2 प्रविष्ट करें,61,7.98,0.12269006669521332,0.0,7.6,True,
rvc_996368_00705.wav,996368,hi,और enter की दबाएँ,17,2.98,0.14521290361881256,0.0,5.7,False,speech too slow / stalled (6 chars/s)
rvc_996368_00706.wav,996368,hi,draw द्वारा स्वचालित रूप से निर्मित मूल्य fields में है,55,3.98,0.08249041438102722,0.0,13.8,True,
rvc_996368_00707.wav,996368,hi,भविष्य में अपडेट्स के लिए हमसे जुड़िये देखने के लिए धन्यवाद आय आय टी बॉम्बे की तरफ से मैं रवि कुमार अब आपसे विदा लेता हूँ धन्यवाद,129,3.26,0.17657150328159332,0.0,39.6,False,speech too fast / truncated (40 chars/s)
rvc_996368_00708.wav,996368,hi,replyto यदि आप notices के सभी उत्तरों के लिए एक और default email address निर्दिष्ट करना चाहते हैं तो आप इसे यहां कर सकते हैं,124,9.98,0.24243095517158508,0.0,12.4,True,
rvc_996368_00709.wav,996368,hi,दायीं ओर bookid पर click करें और less than symbol button पर click करें,70,10.98,0.11870976537466049,0.0,6.4,True,
rvc_996368_00710.wav,996368,hi,context menu के लिए slide पर right click करें और slide और page setup पर click करें,82,5.98,0.13624104857444763,0.0,13.7,True,
rvc_996368_00711.wav,996368,hi,notes text box के ऊपरीबाएँ कोने पर त्रिकोण प्रविष्ट करें,56,4.98,0.14879344403743744,0.0,11.2,True,
rvc_996368_00712.wav,996368,hi,effects options dialog box प्रदर्शित होता है,44,3.98,0.1256057620048523,0.0,11.1,True,
rvc_996368_00713.wav,996368,hi,यहाँ b14 उल्लिखित cell पर click करें और sheet 2 प्रविष्ट करें,61,6.98,0.12727732956409454,0.0,8.7,True,
rvc_996368_00714.wav,996368,hi,अब मेन्यूबार में insert option पर click करें और फिर sheet पर click करें,71,5.98,0.1355636864900589,0.0,11.9,True,
rvc_996368_00715.wav,996368,hi,चलिए इसको नहीं दर्शाते हैं,26,5.98,0.16107244789600372,0.0,4.3,False,speech too slow / stalled (4 chars/s)
rvc_996368_00716.wav,996368,hi,headings युक्त सभी horizontal row को चुनने के बाद formatting toolbar में background color option पर click करें,110,10.98,0.13061979413032532,0.0,10.0,True,
rvc_996368_00717.wav,996368,hi,विभिन्न विकल्प हैं colors fruits plants आदि के नाम colors पर क्लिक करें,71,7.98,0.14677728712558746,0.0,8.9,True,
rvc_996368_00718.wav,996368,hi,ठीक है यह भी ध्यान दीजिये कि परिणाम में केवल memberid है यह ज्यादा लाभदायक नहीं है,82,8.98,0.1408851444721222,0.0,9.1,True,
rvc_996368_00719.wav,996368,hi,मैंने इसे अपडेट में दर्शाया है जहाँ हम अपडेट कर सकते हैं where the firstname equals alex and the lastname equals garrett,120,5.98,0.15265825390815735,0.0,20.1,True,
rvc_996368_00720.wav,996368,hi,चलिए वापस चलते हैं और लिखते हैं alex  और this is a test,55,7.98,0.13551931083202362,0.0,6.9,True,
rvc_996368_00721.wav,996368,hi,यदि मैं abc  को अपने पुराने पासवर्ड के रूप में टाइप करता हूँ जो यह है तथा 123  को नये पासवर्ड के रूप में और और बगल में क्रमरहित अक्षर हमें मिलना चाहिए oh old password doesnt match!,180,10.98,0.17143547534942627,0.0,16.4,True,
rvc_996368_00722.wav,996368,hi,ध्यान दें कि एक तीरशीर्ष line के अंत भाग में जुड़ गया है,56,4.98,0.14500105381011963,0.0,11.2,True,
rvc_996368_00723.wav,996368,hi,यह दूसरी वेल्यू है तो फिलहाल के लिए स्पेस रखते हैं ठीक है,57,5.98,0.14018584787845612,0.0,9.5,True,
rvc_996368_00724.wav,996368,hi,आप देख सकते हैं कि पहले तीसरे arguments sunday monday और tuesday हैं,68,6.98,0.22883397340774536,0.0,9.7,True,
rvc_996368_00725.wav,996368,hi,इस प्रकार लेखक के पास वापस जाने से पहले एक से अधिक व्यक्ति समान डॉक्युमेंट का संपादन कर सकते हैं,96,5.98,0.17192763090133667,0.0,16.1,True,
rvc_996368_00726.wav,996368,hi,हम यहाँ अपने डेटाबेस से पहले ही जुड़ चुके हैं,45,2.98,0.1797046810388565,0.0,15.1,True,
rvc_996368_00727.wav,996368,hi,आप देखेंगे कि पेजेस आसपास प्रदर्शित होते हैं,44,5.98,0.1263751983642578,0.0,7.4,True,
rvc_996368_00728.wav,996368,hi,आप देखते हैं कि name sheet 2 input line पर प्रदर्शित होता है,60,4.98,0.15193116664886475,0.0,12.0,True,
rvc_996368_00729.wav,996368,hi,उत्तर फिर से खुद negative में बदल जाता है,41,4.98,0.13621395826339722,0.0,8.2,True,
rvc_996368_00730.wav,996368,hi,हमें सिर्फ draw द्वारा निर्मित field और value प्रविष्ट करनी है,62,5.98,0.13462916016578674,0.0,10.4,True,
rvc_996368_00731.wav,996368,hi,यूज़र रजिस्ट्रेशन ट्यूटोरियल के पाँचवे भाग में आपका स्वागत है हम अपनी रजिस्ट्रेशन लॉगिन प्रक्रिया में कुछ अंशों और टुकड़ों को व्यवस्थित करेंगे,142,10.98,0.16191887855529785,0.0,12.9,True,
rvc_996368_00732.wav,996368,hi,मैं replyto email id में stlibreoffice @gmail com भरूंगी,56,8.98,0.22675228118896484,0.0,6.2,True,
rvc_996368_00733.wav,996368,hi,ठीक है अब सबसे नीचे next button पर क्लिक करके अगले step पर जाएँ,63,7.98,0.11547069996595383,0.0,7.9,True,
rvc_996368_00734.wav,996368,hi,fill dropdown menu से color option चुनें blue 8 चुनें और ok पर click करें,73,8.98,0.1438208520412445,0.0,8.1,True,
rvc_996368_00735.wav,996368,hi,त्रिकोण चुनें और context menu के लिए दायाँclick करें area पर click करें,71,5.98,0.14926518499851227,0.0,11.9,True,
rvc_996368_00736.wav,996368,hi,default रूप से effects टैब प्रदर्शित होता है,44,3.98,0.11583265662193298,0.0,11.1,True,
rvc_996368_00737.wav,996368,hi,आप देखते हैं कि name sheet 2 input line पर प्रदर्शित होता है,60,5.98,0.11812032014131546,0.0,10.0,True,
rvc_996368_00738.wav,996368,hi,insert sheet heading के साथ एक dialog box opens होता है,55,4.98,0.12647032737731934,0.0,11.0,True,
rvc_996368_00739.wav,996368,hi,यह ट्यूटोरियल के इस भाग को पूरी तरह से हटा देगा,47,4.98,0.11963503062725067,0.0,9.4,True,
rvc_996368_00740.wav,996368,hi,एक popअप menu opens होता है जहाँ आप वह color चुन सकते हैं जिसे आप background में लागू करना चाहते हैं,100,7.98,0.14253734052181244,0.0,12.5,True,
rvc_996368_00741.wav,996368,hi,आसमान से गिरती प्रत्येक मछली में एक अक्षर भी है,47,5.98,0.12274783849716187,0.0,7.9,True,
rvc_996368_00742.wav,996368,hi,अतः हम member names कैसे दर्शायें जो members table में हैं,58,6.98,0.1037406176328659,0.0,8.3,True,
rvc_996368_00743.wav,996368,hi,अब हमें जो कुछ भी हमारे टेबलतालिकासे चाहिए हम यहाँ चुनेंगे और हम कहेंगे सबकुछ सेलेक्ट करो जहाँ हमारा firstname alex से लेकर  lastname garrett है,144,9.98,0.12476802617311478,0.0,14.4,True,
rvc_996368_00744.wav,996368,hi,देख रहा हूँ कि सबकुछ ठीक है हमारे पास मेरा to मेरा subject मेरा from:admin@phpacademycom नामक headers है,104,8.98,0.1387278139591217,0.0,11.6,True,
rvc_996368_00745.wav,996368,hi,वापस जाएँ और कोड को चेक करें old password row  password query get,65,12.98,0.1511545330286026,0.0,5.0,False,speech too slow / stalled (5 chars/s)
rvc_996368_00746.wav,996368,hi,हम lines and arrows option का उपयोग करके भी arrows बना सकते हैं,63,4.98,0.12537595629692078,0.0,12.7,True,
rvc_996368_00747.wav,996368,hi,तो यहाँ जो चाहते हैं वो जोड़ सकते हैं यह एक एस्ट्रिक हो सकता है,63,2.98,0.17491891980171204,0.0,21.1,True,
rvc_996368_00748.wav,996368,hi,अब अपने editor पर वापस आते हैं enter दबाएं,42,4.98,0.1971813589334488,0.0,8.4,True,
rvc_996368_00749.wav,996368,hi,इसे सेव किये बिना डॉक्युमेंट बंद करें,37,9.98,0.03984512761235237,0.0,3.7,False,speech too slow / stalled (4 chars/s)
rvc_996368_00750.wav,996368,hi,हम यहाँ पहले ही जुड़ चुके हैं तो फिर से जोड़ने की आवश्यकता नहीं है क्योंकि यह कमांड पहले ही फिर से जारी हो चुकी है,114,8.98,0.12002801895141602,0.0,12.7,True,
rvc_106718_00751.wav,106718,hi,explode और फिर स्ट्रिंग का नाम,30,4.98,0.21796779334545135,0.0,6.0,True,
rvc_106718_00752.wav,106718,hi,dollar 12 बारहवाँ यानी twelfth argument दर्शाता है,50,3.98,0.2534228265285492,0.0,12.6,True,
rvc_106718_00753.wav,106718,hi,बिंदु 2 पर जाएँ और डिलीट किये गये टेक्स्ट reasons पर राइट क्लिक करें तथा accept change चुनें,92,10.98,0.180869922041893,0.0,8.4,True,
rvc_106718_00754.wav,106718,hi,अब यह कोड का नया भाग है अतः मैं नीचे स्क्रोल करूँगा जिससे कि आप इसे आसानी से देख सकें,85,5.98,0.1828567534685135,0.0,14.2,True,
rvc_106718_00755.wav,106718,hi,हम पेज में zoom करने के लिए zoom slider को right में या अधिक पेजेस दिखाने के लिए left में भी drag कर सकते हैं,109,8.98,0.17250566184520721,0.0,12.1,True,
rvc_106718_00756.wav,106718,hi,hyperlink dialog प्रदर्शित होता है,34,3.98,0.16176025569438934,0.0,8.5,True,
rvc_106718_00757.wav,106718,hi,basic arithmetic functions सम्मिलित करते हैं,44,13.98,0.16050828993320465,0.0,3.1,False,speech too slow / stalled (3 chars/s)
rvc_106718_00758.wav,106718,hi,अब box को drag करें और इसे पेज के दाएँ कोने में नीचे रखें,57,5.98,0.20223702490329742,0.0,9.5,True,
rvc_106718_00759.wav,106718,hi,देखते हैं यदि मैं लॉगिन कर सकता हूँ लिखते हैं username alex है और मेरा पासवर्ड वह पासवर्ड जो मैंने इस्तेमाल किया था,115,8.98,0.1964322179555893,0.0,12.8,True,
rvc_106718_00760.wav,106718,hi,यदि यह खाली छोड़ दिया गया है तो सभी बाउंस messages ऊपर दिए गए email id पर जाएंगे,80,7.98,0.19746515154838562,0.0,10.0,True,
rvc_106718_00761.wav,106718,hi,यह भी ध्यान दें कि हम background window में एक orange background में books table देख सकते हैं,93,8.98,0.17519910633563995,0.0,10.4,True,
rvc_106718_00762.wav,106718,hi,add सीखते हैं कि इस प्रस्तुति में अन्य डिजाइन एलिमेन्ट्स कैसे जोड़ें,68,4.98,0.17779789865016937,0.0,13.7,True,
rvc_106718_00763.wav,106718,hi,fill dropdown पर click करें और color पर click करें अब blue 7 चुनें,66,6.98,0.1903042048215866,0.0,9.5,True,
rvc_106718_00764.wav,106718,hi,dialog box को बंद करने के लिए ok पर click करें,46,3.98,0.20171880722045898,0.0,11.6,True,
rvc_106718_00765.wav,106718,hi,hyperlink dialog प्रदर्शित होता है,34,2.98,0.19846466183662415,0.0,11.4,True,
rvc_106718_00766.wav,106718,hi,अब ok button पर click करें हम देखते हैं कि हमारी वर्त्तमान sheet के बाद now sheet जुडी है,89,7.98,0.1758485585451126,0.0,11.2,True,
rvc_106718_00767.wav,106718,hi,किन्तु पीछे ब्राउज़ पर जाकर और नीचे स्क्रोल करके हम देख सकते हैं चलिए इनमें से 1 को डिलीट कर देते हैं हम देख सकते हैं कि जो डेटा मैंने अभी विनिर्दिष्ट किया वह डेटाबेस में रख दिया गया है,185,11.98,0.1886374056339264,0.0,15.4,True,
rvc_106718_00768.wav,106718,hi,calc text के multiple lines को फॉर्मेट करने के लिए विविध options प्रदान करता है,79,4.98,0.21627579629421234,0.0,15.9,True,
rvc_106718_00769.wav,106718,hi,अब अक्षर टाइप करें जो गिरने वाली मछली का हिस्सा नहीं है क्या होता है,68,4.98,0.23447223007678986,0.0,13.7,True,
rvc_106718_00770.wav,106718,hi,अतः members table और memberid column को जोड़ने के लिए इस्तेमाल किये गये दूसरे जोड़ पर ध्यान दीजिये,98,9.98,0.16772377490997314,0.0,9.8,True,
rvc_106718_00771.wav,106718,hi,जन्मतिथि से लेकर gender मेरी id से मेरा firstname और lastname तक,64,2.98,0.20134761929512024,0.0,21.5,True,
rvc_106718_00772.wav,106718,hi,यदि मैं मेरे हॉटमेल और ईमेल पर आता हूँ और मेरे इनबॉक्स पर क्लिक करता हूँ आप देख सकते हैं कि हमें अभी admin @ phpacademy dot com से एक मेल मिला है,145,10.98,0.20839472115039825,0.0,13.2,True,
rvc_106718_00773.wav,106718,hi,मैं हमेशा की तरह फिर से लॉगिन करूँगा और जल्दी से मेरा पासवर्ड बदल दूँगा मैं सही से अपने पुराने पासवर्ड को डालूँगा और मेरे दोनों नये पासवर्ड के लिए क्रमरहित टेक्स्ट डालूँगा,171,11.98,0.25755012035369873,0.0,14.3,True,
rvc_106718_00774.wav,106718,hi,ध्यान दें कि आप अपने mrcडेटा के अनुसार अपने koha interface पर अलग वैल्यू देखेंगे,80,7.98,0.19223417341709137,0.0,10.0,True,
rvc_106718_00775.wav,106718,hi,अरै अभी अरै को एको कर रहे हैं,29,3.98,0.24664850533008575,0.0,7.3,True,
rvc_106718_00776.wav,106718,hi,9 से बड़ा एक argument लिखने के लिए हमें curly brackets प्रयोग करने की ज़रुरत है,79,4.98,0.24519561231136322,0.0,15.9,True,
rvc_106718_00777.wav,106718,hi,आप देखेंगे कि टेक्स्ट डिलीट हो गया है जिस बदलाव को समीक्षक ने सुझाया है,71,4.98,0.2046167403459549,0.0,14.3,True,
rvc_106718_00778.wav,106718,hi,यह  update है  अतः मैं  update users लिख रहा हूँ जो आप देख सकते हैं कि हमारी टेबल है – अतः अपनी users टेबल को अपडेट करने के लिए,127,7.98,0.19434721767902374,0.0,15.9,True,
rvc_106718_00779.wav,106718,hi,लिबर ऑफिस writer में printing के बारे में सीखने से पहले चलिए page preview के बारे में कुछ सीखते हैं,99,7.98,0.18934980034828186,0.0,12.4,True,
rvc_106718_00780.wav,106718,hi,बायीं तरफ document option चुनें,31,3.98,0.0001678189728409052,0.0,7.8,False,near-silent (rms 0.0002)
rvc_106718_00781.wav,106718,hi,अब sum product और quotient functions कैसे sum करते हैं यह जाँचने के लिए कुछ operations करते हैं,95,7.98,0.18088364601135254,0.0,11.9,True,
rvc_106718_00782.wav,106718,hi,number box को आसानी से स्थानांतरित करने के लिए number box चुनें और shift की दबाएँ,81,5.98,0.18957975506782532,0.0,13.5,True,
rvc_106718_00783.wav,106718,hi,मैं देख सकता हूँ कि जब मैं login पर क्लिक करता हूँ फिर से incorrect password,76,3.98,0.23201817274093628,0.0,19.1,True,
rvc_106718_00784.wav,106718,hi,तो मूल रूप से तीन अलगअलग email ids का उपयोग किया जा सकता है,59,5.98,0.21550911664962769,0.0,9.9,True,
rvc_106718_00785.wav,106718,hi,arrangement of the main form नामक label के नीचे चार icons पर click करें,71,8.98,0.13673068583011627,0.0,7.9,True,
rvc_106718_00786.wav,106718,hi,उदाहरणस्वरूप आप अपनी प्रस्तुति में एक logo जोड़ सकते हैं,56,3.98,0.20037077367305756,0.0,14.1,True,
rvc_106718_00787.wav,106718,hi,यह formatting और logo default रूप से सभी बनाये गये notes के लिए होंगे,69,5.98,0.2045649290084839,0.0,11.5,True,
rvc_106718_00788.wav,106718,hi,जिसे आपने जोड़ा है उस animation का निरीक्षण करने के लिए play button पर click करें,81,4.98,0.12067406624555588,0.0,16.3,True,
rvc_106718_00789.wav,106718,hi,बायीं तरफ document option चुनें,31,3.98,0.149143248796463,0.0,7.8,True,
rvc_106718_00790.wav,106718,hi,एक अन्य तरीका नई sheet जोड़ने का यह है कि calc window के बाएं ओर नीचे वर्त्तमान sheet टैब पर right क्लिक करें insert sheet option पर क्लिक करें,143,9.98,0.2023298740386963,0.0,14.3,True,
rvc_106718_00791.wav,106718,hi,वास्तव में मैंने क्या किया है कि मैंने वर्तमान तिथि के रूप में मेरी जन्म तिथि को रख दिया जो मैं नहीं करना चाहता था,114,6.98,0.20126986503601074,0.0,16.3,True,
rvc_106718_00792.wav,106718,hi,पहला automatic wrapping का उपयोग करके,37,3.98,0.17111097276210785,0.0,9.3,True,
rvc_106718_00793.wav,106718,hi,अक्षर वैसे ही सफेद रहते हैं जो संकेत करते हैं कि आपको उन्हें सही तरीके से टाइप करने की आवश्यकता है,98,4.98,0.21169011294841766,0.0,19.7,True,
rvc_106718_00794.wav,106718,hi,यहाँ member names पुस्तकों के साथ हैं जो उन्हें जारी की गयी हैं,63,5.98,0.17723198235034943,0.0,10.5,True,
rvc_106718_00795.wav,106718,hi,अतः हम समझ चुके हैं कि यह इस समय केवल एक ही रिकार्डअभिलेखचुनेगा अतः हमें id से ऑर्डर करने की आवश्यकता नहीं है,109,7.98,0.21933922171592712,0.0,13.7,True,
rvc_106718_00796.wav,106718,hi,यदि हम इस पर क्लिक करते हैं हमें अपनी सब्जेक्ट लाइन में email from phpacademy मिलता है जिसे हमने यहाँ सेट किया है,113,7.98,0.18708045780658722,0.0,14.2,True,
rvc_106718_00797.wav,106718,hi,आप देख सकते हैं कि मेरे दोनों नये पासवर्ड्स का मिलान नहीं हो रहा है,67,3.98,0.227475106716156,0.0,16.8,True,
rvc_106718_00798.wav,106718,hi,इस पेज पर शीर्षक के ऊपर आप दो ऑप्शन्स देखेंगे,45,10.98,0.17326459288597107,0.0,4.1,False,speech too slow / stalled (4 chars/s)
rvc_106718_00799.wav,106718,hi,आप स्पष्ट रूप से देख सकते हैं कि मैंने सिर्फ एक अरै को एको किया है,66,3.98,0.2485341727733612,0.0,16.6,True,
rvc_106718_00800.wav,106718,hi,अन्यथा bash केवल ten s place यानी दहाई स्थान के integer का argument लेगा,72,6.98,0.232885479927063,0.0,10.3,True,
rvc_106718_00801.wav,106718,hi,प्रविष्ट टेक्स्ट needs पर राइट क्लिक करें और accept change चुनें,64,6.98,0.17700375616550446,0.0,9.2,True,
rvc_106718_00802.wav,106718,hi,मैं set password equal to new password लिखूँगा,46,6.98,0.1369851529598236,0.0,6.6,True,
rvc_106718_00803.wav,106718,hi,file पर click करें और page preview को प्वॉइंट करें,50,3.98,0.18953320384025574,0.0,12.6,True,
rvc_106718_00804.wav,106718,hi,dialog box में target in document icon पर click करें,52,4.98,0.19975192844867706,0.0,10.4,True,
rvc_106718_00805.wav,106718,hi,सबसे पहले sheet 3 चुनें,23,2.98,0.155601367354393,0.0,7.7,True,
rvc_106718_00806.wav,106718,hi,अब इसे आगे नीचे बढ़ाएँ,22,3.98,0.10480897128582001,0.0,5.5,False,speech too slow / stalled (6 chars/s)
rvc_106718_00807.wav,106718,hi,इसका यह मतलब नहीं है कि मेरा यूज़रनेम नहीं मिला,47,2.98,0.23197463154792786,0.0,15.8,True,
rvc_106718_00808.wav,106718,hi,returnpath,10,2.98,0.14158102869987488,0.0,3.4,False,speech too slow / stalled (3 chars/s)
rvc_106718_00809.wav,106718,hi,जैसे ही हम click कर रहे हैं हम देख रहे हैं कि labels और टाइटल रचयिता आदि नामक text boxes की व्यवस्था बदल रही है,111,12.98,0.2119843065738678,0.0,8.6,True,
rvc_106718_00810.wav,106718,hi,अपनी screen के नीचे basic shapes toolbar को देखें,49,4.98,0.20090137422084808,0.0,9.8,True,
rvc_106718_00811.wav,106718,hi,master view toolbar में close master view पर click करें,55,4.98,0.17552725970745087,0.0,11.0,True,
rvc_106718_00812.wav,106718,hi,इस animation पर फिर से doubleclick करें effect options dialog box दिखाई देता है,79,6.98,0.15785814821720123,0.0,11.3,True,
rvc_106718_00813.wav,106718,hi,dialog box में target in document icon पर click करें,52,4.98,0.20134489238262177,0.0,10.4,True,
rvc_106718_00814.wav,106718,hi,आप स्थान शीट्स की संख्या name चुन सकते हैं और फिर ok button पर click करें परिणामस्वरूप यह sheets जोड़ेगा,104,11.98,0.1600622683763504,0.0,8.7,True,
rvc_106718_00815.wav,106718,hi,मैं वर्तमान तिथि के रूप में मेरी जन्म तिथि नहीं चाहता हूँ क्योंकि मेरा जन्म आज नहीं हुआ,87,5.98,0.1709076464176178,0.0,14.5,True,
rvc_106718_00816.wav,106718,hi,automatic wrapping उपयोगकर्ता को एक ही cell में text की multiple lines enter करने के लिए अनुमति देता है,103,6.98,0.21059225499629974,0.0,14.8,True,
rvc_106718_00817.wav,106718,hi,जब तक आप चाहो तब तक खेल ज़ारी रख सकते हैं,41,2.98,0.00016868369129952043,0.0,13.8,False,near-silent (rms 0.0002)
rvc_106718_00818.wav,106718,hi,अगला aggregates और grouping के बारे में सीखते हैं,49,5.98,0.18062181770801544,0.0,8.2,True,
rvc_106718_00819.wav,106718,hi,लेकिन फिर भी मैं इसे ऐसे ही रखूँगा क्योंकि यहाँ केवल एक ही रिकार्डअभिलेख है,75,4.98,0.22093550860881805,0.0,15.1,True,
rvc_106718_00820.wav,106718,hi,और हमारे पास ईमेल पता है जिसे मैंने निर्दिष्ट किया है,53,4.98,0.18212313950061798,0.0,10.6,True,
rvc_106718_00821.wav,106718,hi,हमने इसे पहले से ही एको कर दिया हैअतः अब हम इसे डिलीट कर देते हैं,65,3.98,0.2533436715602875,0.0,16.3,True,
rvc_106718_00822.wav,106718,hi,ध्यान दें कि मैं stage marc records पर क्लिक नहीं करूंगा क्योंकि मैंने पहले ही excel फाइल अर्थात testdata को इंपोर्ट किया है,124,9.98,0.21050351858139038,0.0,12.4,True,
rvc_106718_00823.wav,106718,hi,हम यह कह सकते हैं कि यह अरै पर सेट किया है क्योंकि यह हमने अपने अरै के बुनियादी ट्यूटोरियल में सीखा था,102,4.98,0.2336156666278839,0.0,20.5,True,
rvc_106718_00824.wav,106718,hi,और आप अपेक्षित output प्राप्त नहीं करेंगे,41,3.98,0.19781357049942017,0.0,10.3,True,
rvc_106718_00825.wav,106718,hi,आप देखेंगे कि टेक्स्ट सामान्य हो गया है जिस बदलाव को समीक्षक ने सुझाया है,73,4.98,0.1851891577243805,0.0,14.7,True,
rvc_106718_00826.wav,106718,hi,सुनिश्चित कर लें कि मैं यहाँ उद्धरणचिह्नों का इस्तेमाल करूँ,59,4.98,0.1728963404893875,0.0,11.8,True,
rvc_106718_00827.wav,106718,hi,page preview bar दिखता है जब आप पेज प्रिव्यू mode में वर्तमान document देखते हैं,80,5.98,0.16953754425048828,0.0,13.4,True,
rvc_106718_00828.wav,106718,hi,एक नया target in document dialog प्रदर्शित होता है,50,3.98,0.20911912620067596,0.0,12.6,True,
rvc_106718_00829.wav,106718,hi,b1 b2 और b3 से उल्लिखित सेलों के अंदर 50 100 और 150 की संख्या क्रमशः प्रविष्ट करें,82,10.98,0.1860709935426712,0.0,7.5,True,
rvc_106718_00830.wav,106718,hi,यदि अगला number इस draw file के दूसरे पेज पर प्रविष्ट हो चुका है तो इसे जाँच लें,80,5.98,0.19676074385643005,0.0,13.4,True,
rvc_106718_00831.wav,106718,hi,मैं username में यह टाइप करता हूँ और मेरा पासवर्ड टाइप करता हूँ यह दर्शाएगा that user doesnt exists!,100,9.98,0.1566762924194336,0.0,10.0,True,
rvc_106718_00832.wav,106718,hi,हालांकि यदि केवल एक email id प्रदान किया जाता है तो default रूप से koha इसे सभी तीन fields के लिए उपयोग करेगा,109,8.98,0.20452158153057098,0.0,12.1,True,
rvc_106718_00833.wav,106718,hi,columnar – labels left नामक पहले क्रम arrangement का उपयोग करें और पहले icon पर click करें,90,10.98,0.19411160051822662,0.0,8.2,True,
rvc_106718_00834.wav,106718,hi,आप इसका उपयोग विभिन्न बुनियादी आकार बनाने के लिए कर सकते हैं जैसे वृत्त समचतुर्भुज squares आयत त्रिकोण और अंडाकार वृत्त,119,9.98,0.20471124351024628,0.0,11.9,True,
rvc_106718_00835.wav,106718,hi,मुख्य main में notes टैब पर click करें,38,3.98,0.17362438142299652,0.0,9.5,True,
rvc_106718_00836.wav,106718,hi,delay field में delay को 10 sec तक बढाएँ इसमें animation शुरूआत के प्रभाव एक सैकंड के बाद हैं ok पर click करें,110,12.98,0.17116664350032806,0.0,8.5,True,
rvc_106718_00837.wav,106718,hi,एक नया target in document dialog प्रदर्शित होता है,50,3.98,0.19623957574367523,0.0,12.6,True,
rvc_106718_00838.wav,106718,hi,एक अन्य सरल तरीका वर्त्तमान sheet के बाद नई sheet जोड़ने का यह है कि sheet टैब के बाद दिए गए add sheet button पर क्लिक करें जिसे plus + चिन्ह द्वारा बताया गया है,161,11.98,0.1996859461069107,0.0,13.4,True,
rvc_106718_00839.wav,106718,hi,मेरा firstname ठीक है मेरा lastname ठीक है मेरा gender सही है,61,3.98,0.20437799394130707,0.0,15.3,True,
rvc_106718_00840.wav,106718,hi,अतः देखते हैं कि यह कैसे कार्यान्वित होता है,44,2.98,0.2141098529100418,0.0,14.8,True,
rvc_106718_00841.wav,106718,hi,गेम्स मेन्यू में वापस जाने के लिए escape बटन दो बार दबाएँ,57,4.98,0.20181326568126678,0.0,11.4,True,
rvc_106718_00842.wav,106718,hi,how librarry के सभी सदस्यों की गिनती कैसे प्राप्त कर सकते हैं,61,4.98,0.15078777074813843,0.0,12.2,True,
rvc_106718_00843.wav,106718,hi,ऑर्डरorder करना कोई विषय नहीं हैअतः हम इसे अभी इसी तरह से छोड़ सकते हैं,71,2.98,0.2105793058872223,0.0,23.8,True,
rvc_106718_00844.wav,106718,hi,आप इसे इसी तरह ऐलेक्स से या phpacademy से रख सकते हैं,53,4.98,0.19815292954444885,0.0,10.6,True,
rvc_106718_00845.wav,106718,hi,अतः मानते हैं कि मेरे पासवर्ड का मिलान हो रहा है मैं इस सक्सेस मेसेज को डिलीट करता हूँ,86,4.98,0.24539676308631897,0.0,17.3,True,
rvc_106718_00846.wav,106718,hi,यदि आपको किसी अन्य फाइल को इंपोर्ट करने की आवश्यकता है तो stage marc records पर क्लिक करें और जैसा कि पहले उल्लेख किया गया चरणों का पालन करें,141,9.98,0.21159273386001587,0.0,14.1,True,
rvc_106718_00847.wav,106718,hi,तो अब अगर हम इसी पर यह फंक्शन का प्रयोग करते हैं और फिर एको करते हैं,68,3.98,0.21147993206977844,0.0,17.1,True,
rvc_106718_00848.wav,106718,hi,terminal खोलें,14,2.98,0.14918550848960876,0.0,4.7,False,speech too slow / stalled (5 chars/s)
rvc_106718_00849.wav,106718,hi,इस तरह से समीक्षक द्वारा सुझाये गये संपादन प्रविष्टि और डिलीशन्स दोनों लेखक द्वारा स्वीकार किये जा सकते हैं,107,8.98,0.21300992369651794,0.0,11.9,True,
rvc_106718_00850.wav,106718,hi,फिर मैं लिखूँगा where  username is equal to the user वेरिएबल जो मुझे अभी मेरे पेज में मिला है,93,6.98,0.18687865138053894,0.0,13.3,True,
rvc_106718_00851.wav,106718,hi,यह मूलतः दिखाता है कि आपका document कैसा दिखेगा जब यह printed होता है,69,5.98,0.15946577489376068,0.0,11.5,True,
rvc_106718_00852.wav,106718,hi,अब sheet option के आगे plus sign पर click करें,46,4.98,0.16381339728832245,0.0,9.2,True,
rvc_106718_00853.wav,106718,hi,cell a4 पर click करें और sum type करें,38,3.98,0.18523593246936798,0.0,9.5,True,
rvc_106718_00854.wav,106718,hi,इसमें यहाँ पेज number नहीं है,29,2.98,0.17111174762248993,0.0,9.7,True,
rvc_106718_00855.wav,106718,hi,किन्तु यहाँ यह दर्शा रहा है कि मेरा यूज़रनेम मौजूद है किन्तु मेरा पासवर्ड गलत है,80,4.98,0.20354469120502472,0.0,16.1,True,
rvc_106718_00856.wav,106718,hi,फिर field में अपनी library का url डालें जैसे मैंने यहाँ किया है,63,5.98,0.2267584353685379,0.0,10.5,True,
rvc_106718_00857.wav,106718,hi,यहाँ labels बायीं ओर और text boxes दायीं ओर हैं एक विशिष्ट paper form की तरह,76,8.98,0.18111886084079742,0.0,8.5,True,
rvc_106718_00858.wav,106718,hi,slide के टाइटल क्षेत्र में एक आयत बनाएँ,39,4.98,0.19220249354839325,0.0,7.8,True,
rvc_106718_00859.wav,106718,hi,बायीं ओर पर slides pane में शीर्षक overview slides चुनें,56,5.98,0.16136007010936737,0.0,9.4,True,
rvc_106718_00860.wav,106718,hi,अब पहले animation को चुनें,26,3.98,0.18841388821601868,0.0,6.5,True,
rvc_106718_00861.wav,106718,hi,अब sheet option के आगे plus sign पर click करें,46,5.98,0.16068410873413086,0.0,7.7,True,
rvc_106718_00862.wav,106718,hi,इस पर क्लिक करने से क्रम में एक नई sheet पिछली sheet के बाद जुड़ जाती है,72,7.98,0.11751789599657059,0.0,9.0,True,
rvc_106718_00863.wav,106718,hi,हम देख सकते हैं कि इस समय मेरी id 6 है और अगली बार हम रिकार्डअभिलेख प्रविष्ट करेंगे तो यह बढ़कर 7 हो जाएगा और फिर 8,115,9.98,0.15461944043636322,0.0,11.5,True,
rvc_106718_00864.wav,106718,hi,अब अपनी personal finance tracker ods sheet में एक खाली cell पर click करते हैं,77,7.98,0.16493164002895355,0.0,9.6,True,
rvc_106718_00865.wav,106718,hi,कठिनाई स्तर को मीडियम या हार्ड में बदलें और खेल खेलते रहें,58,6.98,0.21864765882492065,0.0,8.3,True,
rvc_106718_00866.wav,106718,hi,यहाँ एक query है:,17,2.98,0.14887773990631104,0.0,5.7,False,speech too slow / stalled (6 chars/s)
rvc_106718_00867.wav,106718,hi,अच्छा तो हम अपना लूपloop रन कर रहे हैं हम यहाँ डेटा के प्रत्येक भाग को चुन रहे हैं और हम male को male में और female को female में बदल रहे हैं,141,7.98,0.22432468831539154,0.0,17.7,True,
rvc_106718_00868.wav,106718,hi,और फिर हमारे पास this is an email from alex है जो नाम हमने यहाँ फार्म के अंदर दिया है,85,7.98,0.20512661337852478,0.0,10.7,True,
rvc_106718_00869.wav,106718,hi,अतः इन्हें डिलीट करते हैं मैं उन्हें दोषमार्जन के लिए रखता हूँ,62,3.98,0.2070905566215515,0.0,15.6,True,
rvc_106718_00870.wav,106718,hi,इसके बाद हमें koha catalog में इंपोर्टrecords को मैनेज करना होगा तो  manage staged records पर क्लिक करें,104,10.98,0.21404747664928436,0.0,9.5,True,
rvc_106718_00871.wav,106718,hi,वास्तव में पहले हमें इसे वेरिएबल में सेट करने की आवश्यकता है,60,2.98,0.21543936431407928,0.0,20.1,True,
rvc_106718_00872.wav,106718,hi,अब मैं prompt को खाली करता हूँ,30,2.98,0.19054555892944336,0.0,10.1,True,
rvc_106718_00873.wav,106718,hi,बिंदु 1 पर जाएँ और डिलीट किये गये टेक्स्ट the openoffice document standard has been notified under this policy पर राइट क्लिक करें और reject change चुनें,152,12.98,0.1768663227558136,0.0,11.7,True,
rvc_106718_00874.wav,106718,hi,अब यहाँ इस कॉलम में,19,3.98,0.17776809632778168,0.0,4.8,False,speech too slow / stalled (5 chars/s)
rvc_106718_00875.wav,106718,hi,आप अपनी resume odt file का प्रिव्यू देख सकते हैं,48,5.98,0.1838260442018509,0.0,8.0,True,
rvc_177570_00876.wav,177570,hi,line चुनें और line dialog box खोलें,35,2.98,0.10983948409557343,0.0,11.7,True,
rvc_177570_00877.wav,177570,hi,हम शून्य एक  दो  तीन  चार इस्तेमाल कर सकते हैं और यह होगा,57,3.98,0.088133804500103,0.0,14.3,True,
rvc_177570_00878.wav,177570,hi,इसी तरह लेखक द्वारा प्रत्येक एडिशन और डिलीशन स्वीकार या अस्वीकार किया जा सकता है,80,6.98,0.10226523876190186,0.0,11.5,True,
rvc_177570_00879.wav,177570,hi,अतः चूँकि हम अपना php सेशन पहले ही संसाधित कर चुके हैं,54,5.98,0.07491223514080048,0.0,9.0,True,
rvc_177570_00880.wav,177570,hi,यहाँ zoom in zoom out next page previous page और print के लिए options हैं,73,7.98,0.07709673792123795,0.0,9.1,True,
rvc_177570_00881.wav,177570,hi,अब hyperlink dialog box से apply पर click करें और फिर close पर click करें,73,7.98,0.08221736550331116,0.0,9.1,True,
rvc_177570_00882.wav,177570,hi,is equal to sum और कोष्ठकों के अंदर b1 comma b2 comma b3 type करें,66,6.98,0.08432747423648834,0.0,9.5,True,
rvc_177570_00883.wav,177570,hi,main menu से format पर click करें और page चुनें,47,5.98,0.07434791326522827,0.0,7.9,True,
rvc_177570_00884.wav,177570,hi,हमें हमारा पासवर्ड जाँचने की आवश्यकता है अभी  मानते हैं कि मैंने मेरा पासवर्ड टाइप किया slicer u k 1,100,12.98,0.08321412652730942,0.0,7.7,True,
rvc_177570_00885.wav,177570,hi,यह वह जगह है जहां आपको अपनी library के बारे में जानकारी देना है,63,4.98,7.899696356616914e-05,0.0,12.7,False,near-silent (rms 0.0001)
rvc_177570_00886.wav,177570,hi,अभी के लिए हम इस step को छोड़ देगें और अगले step पर जायेंगे,59,4.98,0.08189158886671066,0.0,11.8,True,
rvc_177570_00887.wav,177570,hi,आप capital i के साथ plus sign देखेंगे,37,4.98,0.11215539276599884,0.0,7.4,True,
rvc_177570_00888.wav,177570,hi,slide placeholder चुनें बायाँ mouse button दबाएँ और इसे screen पर सबसे ऊपर ले जाएँ,82,7.98,0.09122265875339508,0.0,10.3,True,
rvc_177570_00889.wav,177570,hi,effects options dialog box प्रदर्शित होता है,44,7.98,0.08260813355445862,0.0,5.5,False,speech too slow / stalled (6 chars/s)
rvc_177570_00890.wav,177570,hi,अब hyperlink dialog box से apply पर click करें और फिर close पर click करें,73,6.98,0.08682961016893387,0.0,10.5,True,
rvc_177570_00891.wav,177570,hi,आप dialog box में sheet की जानकारी enter कर सकते हैं और फिर ok button पर click करें,83,6.98,0.08027080446481705,0.0,11.9,True,
rvc_177570_00892.wav,177570,hi,और मैं एक नया वेरिएबल बनाऊँगा हम इसे update data के रूप में कमेंट करेंगे,72,3.98,0.07722873985767365,0.0,18.1,True,
rvc_177570_00893.wav,177570,hi,tab dialog box में alignment टैब पर click करें,46,3.98,0.09041343629360199,0.0,11.6,True,
rvc_177570_00894.wav,177570,hi,निम्न link पर उपलब्ध video देखें,32,2.98,0.08409121632575989,0.0,10.7,True,
rvc_177570_00895.wav,177570,hi,इसको aggregate function बोलते हैं क्योंकि यह records के समूह का मूल्यांकन करके केवल एक value set है,99,10.98,0.07999183982610703,0.0,9.0,True,
rvc_177570_00896.wav,177570,hi,अब यह पुनरावृत्ति है यह यहाँ पर दोहरा वेरिएबल है,48,2.98,0.09978511929512024,0.0,16.1,True,
rvc_177570_00897.wav,177570,hi,अतः मेरे विश्वविद्यालय के dns मेल सर्वर का उपयोग करके यह मेल फंक्शन है,70,3.98,0.0830196961760521,0.0,17.6,True,
rvc_177570_00898.wav,177570,hi,अतः इस ट्यूटोरियल के तीसरे भाग में हम यूजर के पासवर्ड को उपडेट करने के साथ जारी रखेंगे और सुनिश्चित करेंगे कि सबकुछ ठीक से कार्य कर रहा है,138,10.98,0.09883061796426773,0.0,12.6,True,
rvc_177570_00899.wav,177570,hi,और निम्नलिखित fields के लिए koha डिफ़ॉल्ट रूप से इन प्रविष्टियों को ड्रॉप डाउन से चुनता है,90,6.98,0.12521295249462128,0.0,12.9,True,
rvc_177570_00900.wav,177570,hi,line properties field में lines के लिए स्टाइल रंग चौड़ाई और पारदर्शिता बदलें,76,7.98,0.08844193071126938,0.0,9.5,True,
rvc_177570_00901.wav,177570,hi,तो जैसे ही यह वेल्यू शून्य होगी यह एक के बराबर होगा,51,4.98,0.09464234858751297,0.0,10.2,True,
rvc_177570_00902.wav,177570,hi,जब अनचेक कर देते हैं तो कोई भी अन्य संपादन अलग से चिन्हित नहीं होगा,67,4.98,0.09406163543462753,0.0,13.5,True,
rvc_177570_00903.wav,177570,hi,जोकि alex के बराबर है,21,2.98,0.0563385896384716,0.0,7.0,True,
rvc_177570_00904.wav,177570,hi,लिबर ऑफिस writer के साथ ही साथ पेज प्रिव्यू में documents कैसे देखें यह सीखने के बाद अब हम लिबर ऑफिस writer में printer के कार्यों के बारे में सीखेंगे,150,11.98,0.08797729015350342,0.0,12.5,True,
rvc_177570_00905.wav,177570,hi,सामने cell में sheet 2 text के साथ चिह्नांकित sheet 1 टैब प्रदर्शित होता है,75,7.98,0.07451628893613815,0.0,9.4,True,
rvc_177570_00906.wav,177570,hi,ध्यान दें उत्तर 300 दर्शा रहा है,32,3.98,0.08403954654932022,0.0,8.0,True,
rvc_177570_00907.wav,177570,hi,page setup dialog box प्रदर्शित होता है,39,2.98,0.08931750059127808,0.0,13.1,True,
rvc_177570_00908.wav,177570,hi,अतः यह पासवर्ड है जो मैं यहाँ टाइप कर रहा हूँ यह काफी पुराना है,63,8.98,0.10139092057943344,0.0,7.0,True,
rvc_177570_00909.wav,177570,hi,मैंने यहां अपनी library के बारे में कुछ जानकारी प्रविष्ट की है,62,4.98,0.12846967577934265,0.0,12.4,True,
rvc_177570_00910.wav,177570,hi,step 7 apply styles,19,2.98,0.06567421555519104,0.0,6.4,True,
rvc_177570_00911.wav,177570,hi,बायाँmouse button पकड़कर रखें और एक छोटा आयत बनाने के लिए drag करें,67,4.98,0.0998150184750557,0.0,13.5,True,
rvc_177570_00912.wav,177570,hi,यह notes place holder का आकार बदलने के लिए अधिक स्थान बनाता है,62,5.98,0.0947531908750534,0.0,10.4,True,
rvc_177570_00913.wav,177570,hi,text animation टैब पर click करें,32,2.98,0.08872515708208084,0.0,10.7,True,
rvc_177570_00914.wav,177570,hi,सामने cell में sheet 2 text के साथ चिह्नांकित sheet 1 टैब प्रदर्शित होता है,75,7.98,0.07440029829740524,0.0,9.4,True,
rvc_177570_00915.wav,177570,hi,शीट्स को कैसे जोड़ें यह सीखने के बाद हम सीखते है कि calc में शीट्स कैसे डिलीट करें,82,6.98,0.06873798370361328,0.0,11.7,True,
rvc_177570_00916.wav,177570,hi,यह वर्तमान वेरिएबल update कहलाएगा और यह mysql query फंक्शन के बराबर है,70,5.98,0.08935077488422394,0.0,11.7,True,
rvc_177570_00917.wav,177570,hi,dialog box में नीचे wrap text automatically option पर click करें और फिर ok button पर click करें,95,8.98,0.08279124647378922,0.0,10.6,True,
rvc_177570_00918.wav,177570,hi,यह spoken tutorial project को सारांशित करता है,46,2.98,0.11317549645900726,0.0,15.4,True,
rvc_177570_00919.wav,177570,hi,साथ ही हमने एक alias उपनाम total members भी जोड़ alias है,57,4.98,0.08429476618766785,0.0,11.4,True,
rvc_177570_00920.wav,177570,hi,हमारे पास firstname है और ऐसे ही यहाँ है मैं इसे इस तरह नाम दूँगा firstname underscore form और lastname underscore form,119,5.98,0.10406696051359177,0.0,19.9,True,
rvc_177570_00921.wav,177570,hi,आपका insp एक dns मेल सर्वर होगा,31,4.98,0.07844074070453644,0.0,6.2,True,
rvc_177570_00922.wav,177570,hi,यह स्क्रिप्ट देवेन्द्र कैरवान द्वारा अनुवादित है आईआईटी मुम्बई की ओर से मैं रवि कुमार अब आपसे विदा लेता हूँ,107,7.44,0.0877462774515152,0.0,14.4,True,
rvc_177570_00923.wav,177570,hi,लेकिन आप अपनी आवश्यकताओं के अनुसार इन प्रविष्टियों को अपने संबंधित ड्रॉपडाउन से बदल सकते हैं,92,6.98,0.12435629963874817,0.0,13.2,True,
rvc_177570_00924.wav,177570,hi,arrow styles field में arrow की स्टाइल बदलें,44,3.98,0.09633585065603256,0.0,11.1,True,
rvc_177570_00925.wav,177570,hi,तो मान लीजिए हमें एक एको करना है जोकि दो के बराबर होना चाहिए,60,4.98,0.09403875470161438,0.0,12.0,True,
rvc_177570_00926.wav,177570,hi,कृपया समीक्षक द्वारा दी गई सभी टिप्पणियों को समाविष्ट करने के लिए बदलावों को स्वीकार या अस्वीकार करने के बाद फाइल को सेव करने के लिए सुनिश्चित रहें,147,7.98,0.10877269506454468,0.0,18.4,True,
rvc_177570_00927.wav,177570,hi,यह कोड का भाग मूलतः कह रहा है कि टेबल का अद्यतनीकरण करें पासवर्ड को उपयोगकर्ता द्वारा प्रविष्ट नये पासवर्ड में बदलें यह पासवर्ड है जो वह चाहते हैं,146,10.98,0.0939452275633812,0.0,13.3,True,
rvc_177570_00928.wav,177570,hi,साधारण शब्दों में printer document को print करने के लिए उपयोगित एक output डिवाइस है,83,5.98,0.09164804965257645,0.0,13.9,True,
rvc_177570_00929.wav,177570,hi,अब जब हम text sheet 2 पर click करते हैं यह हमें सीधा उस sheet में ले जाता है जहाँ हमें costs के लिए बकाया प्रविष्ट किया था,122,10.98,0.09784317016601562,0.0,11.1,True,
rvc_177570_00930.wav,177570,hi,आप इसी प्रकार से cells के विभिन्न प्रकार भी प्रविष्ट कर सकते हैं,64,3.98,0.10194768756628036,0.0,16.1,True,
rvc_177570_00931.wav,177570,hi,layout settings के नीचे format चुनें,36,3.98,0.08063368499279022,0.0,9.0,True,
rvc_177570_00932.wav,177570,hi,slicer u k 1 ठीक है और यहाँ यह इस और इस पासवर्ड को sliceruk1 के बराबर जाँचता है,79,9.98,0.10551096498966217,0.0,7.9,True,
rvc_177570_00933.wav,177570,hi,यह जानकारी opac में दिखाई देगी जब हम cursor को holdings table में library name पर ले जाते हैं,93,7.98,0.12932947278022766,0.0,11.7,True,
rvc_177570_00934.wav,177570,hi,ध्यान दें कि जैसे ही हम list box के प्रत्येक colour को click करते हैं window का background colour बदलता है,106,8.98,0.09979630261659622,0.0,11.8,True,
rvc_177570_00935.wav,177570,hi,अब mouse button छोड़ें,22,2.98,0.07575029134750366,0.0,7.4,True,
rvc_177570_00936.wav,177570,hi,अब notes text place holder के किनारे पर click करें,50,3.98,0.0878157690167427,0.0,12.6,True,
rvc_177570_00937.wav,177570,hi,text animation टैब text को एनिमेट करने के लिए कई options प्रदान करता है,71,6.98,0.08619373291730881,0.0,10.2,True,
rvc_177570_00938.wav,177570,hi,अब जब हम text sheet 2 पर click करते हैं यह हमें सीधा उस sheet में ले जाता है जहाँ हमें costs के लिए बकाया प्रविष्ट किया था,122,10.98,0.09904947876930237,0.0,11.1,True,
rvc_177570_00939.wav,177570,hi,शीट्स अलगअलग या साथ में डिलीट कर सकते हैं,41,3.98,0.09394378960132599,0.0,10.3,True,
rvc_177570_00940.wav,177570,hi,और जिसे हम पैरामीटर के अंदर ला रहे हैं खुद mysql query कोड है,61,5.98,0.09351714700460434,0.0,10.2,True,
rvc_177570_00941.wav,177570,hi,अब हम type करते हैंthis is a personal finance tracker it is very useful,71,6.98,0.07933707535266876,0.0,10.2,True,
rvc_177570_00942.wav,177570,hi,यदि आपके पास अच्छा bandwidth नहीं है तो आप इसे download करके देख सकते हैं,73,4.98,0.09364631026983261,0.0,14.7,True,
rvc_177570_00943.wav,177570,hi,अब query now करते हैं,21,2.98,0.0831398218870163,0.0,7.0,True,
rvc_177570_00944.wav,177570,hi,हम वहाँ से चुनेंगे जहाँ firstname इसके बराबर दर्ज किया गया है और lastname जिसे हमने lastname form के बराबर दर्ज किया है,119,8.98,0.08985430002212524,0.0,13.3,True,
rvc_177570_00945.wav,177570,hi,इसमें ऑथेन्टिकैशन की आवश्यकता हो सकती है जिसमें मैं ट्यूटोरियल को जल्दी ही पूर्ण करूँगा,87,4.98,0.08707132190465927,0.0,17.5,True,
rvc_177570_00946.wav,177570,hi,change password  ट्यूटोरियल के दूसरे भाग में आपका स्वागत है पिछले में हमने सीखा कि चेक कैसे करें यदि हमारा फार्म सब्मिट हो गया है,129,8.98,0.0890764519572258,0.0,14.4,True,
rvc_177570_00947.wav,177570,hi,फिर  apply different matching rules नामक बटन है,47,5.98,0.10162053257226944,0.0,7.9,True,
rvc_177570_00948.wav,177570,hi,अब एक star बनाएँ,16,2.98,0.08267554640769958,0.0,5.4,False,speech too slow / stalled (5 chars/s)
rvc_177570_00949.wav,177570,hi,ठीक है हमने सफलतापूर्वक अपने अरै को तोड़ दिया है,48,2.98,0.08738550543785095,0.0,16.1,True,
rvc_177570_00950.wav,177570,hi,अब हम इस ट्यूटोरियल के अंत में आ चुके हैं अंततः नियतकार्य,57,6.98,0.08548900485038757,0.0,8.2,True,
rvc_177570_00951.wav,177570,hi,और इस where को alex में बदलें,29,4.98,0.09418098628520966,0.0,5.8,False,speech too slow / stalled (6 chars/s)
rvc_177570_00952.wav,177570,hi,अब हम देखेंगे कि print के विविध options तक कैसे पहुँचें,55,4.98,0.0661294236779213,0.0,11.0,True,
rvc_177570_00953.wav,177570,hi,हमने एक hyperlink बना लिया!,27,3.98,0.08500070869922638,0.0,6.8,True,
rvc_177570_00954.wav,177570,hi,अब कोष्ठकों के अंदर b1 comma b2 comma b3 के बजाय b1 colon b3 type करें,70,8.98,0.08202332258224487,0.0,7.8,True,
rvc_177570_00955.wav,177570,hi,dropdown सूची से a b c चुनें,28,3.98,0.07679660618305206,0.0,7.0,True,
rvc_177570_00956.wav,177570,hi,किन्तु यह password dbpassword के बराबर है अतः हम तुलना नहीं कर पा  रहे हैं,74,5.98,0.09560168534517288,0.0,12.4,True,
rvc_177570_00957.wav,177570,hi,यदि किसी विशेष branch library के लिए url इस field में रखा जाता है फिर opac हमें branch library बताएगा जहां पुस्तक उपलब्ध है,123,10.98,0.12547755241394043,0.0,11.2,True,
rvc_177570_00958.wav,177570,hi,इस पर क्लिक करके ice blue को चुनें,34,4.98,0.06472809612751007,0.0,6.8,True,
rvc_177570_00959.wav,177570,hi,आपने आयत बना लिया है,20,2.98,0.08951506018638611,0.0,6.7,True,
rvc_177570_00960.wav,177570,hi,बायाँ mouse button दबाकर रखें और आकार बढ़ाने के लिए इसे upward drag करें,72,6.98,0.10635531693696976,0.0,10.3,True,
rvc_177570_00961.wav,177570,hi,group text field में by 1st level paragraphs चुनें,50,3.98,0.09853681921958923,0.0,12.6,True,
rvc_177570_00962.wav,177570,hi,हमने एक hyperlink बना लिया!,27,3.98,0.08613350242376328,0.0,6.8,True,
rvc_177570_00963.wav,177570,hi,सिर्फ एक sheets को डिलीट करने के लिए जिस sheets को डिलीट करना है उस पर right click करें और फिर popअप menu में से delete sheet option पर click करें और फिर yes option पर click करें,178,13.98,0.07051044702529907,0.0,12.7,True,
rvc_177570_00964.wav,177570,hi,अतः यहाँ हम update लिखेंगे और हम टेबलतालिकाका नाम लिखने जा रहे हैं जोकि people है,81,7.98,0.09289030730724335,0.0,10.2,True,
rvc_177570_00965.wav,177570,hi,आप देखेंगे कि single cell में multiple statements रैप्ट हो गई हैं,65,5.98,0.08186352998018265,0.0,10.9,True,
rvc_177570_00966.wav,177570,hi,उनको प्रमाणपत्र भी देते हैं जो online test pass करते हैं,56,4.98,0.08621648699045181,0.0,11.2,True,
rvc_177570_00967.wav,177570,hi,अतः यहाँ base ने सभी 4 सदस्यों के records का मूल्यांकन किया और संख्या 4 वापस की जोकि सदस्यों की कुल गिनती है,108,11.98,0.07739488035440445,0.0,9.0,True,
rvc_177570_00968.wav,177570,hi,अतः यदि मैं अपने html फॉर्म में alex garrett टाइप करूँ और उसे जमा करूँ तब यह alex के बराबर होगा और यह garrett के बराबर होगा,123,11.98,0.10188217461109161,0.0,10.3,True,
rvc_177570_00969.wav,177570,hi,अतः यदि यह कार्य नहीं कर रहा है तो यह ट्यूटोरियल देखें या मुझे ईमेल करें या मेरे यूट्यूब के माध्यम से मुझसे संपर्क करें,119,8.98,0.09646439552307129,0.0,13.3,True,
rvc_177570_00970.wav,177570,hi,हमें यहाँ हमारी डेटा वेल्यू मिली है,35,3.98,0.09574461728334427,0.0,8.8,True,
rvc_177570_00971.wav,177570,hi,आप database में records के दोहराव से बचने के लिए इस बटन पर क्लिक कर सकते हैं,76,8.98,0.13540658354759216,0.0,8.5,True,
rvc_177570_00972.wav,177570,hi,drawing toolbar पर जाएँ और stars के go छोटे काले त्रिकोण पर click करें,70,5.98,0.09179144352674484,0.0,11.7,True,
rvc_177570_00973.wav,177570,hi,जैसा कि मैंने पहले कहा था हम यहाँ स्लैश डालते हैं और स्पेस को स्लैश से बदल देते हैं,83,6.98,0.09267739951610565,0.0,11.9,True,
rvc_177570_00974.wav,177570,hi,एक डॉक्युमेंट ओपन करें और record changes मोड में वर्तनी की गलतियों को सुधारें,77,8.98,0.0767657533288002,0.0,8.6,True,
rvc_177570_00975.wav,177570,hi,चूँकि यह alex के बराबर है,25,2.98,0.06203125789761543,0.0,8.4,True,
rvc_177570_00976.wav,177570,hi,tools पर click करें फिर options पर click करें,45,5.98,0.06762665510177612,0.0,7.5,True,
rvc_177570_00977.wav,177570,hi,hyperlink हटाने के लिए सबसे पहले hyperlinked text sheet 2 चुनें,63,5.98,0.08031490445137024,0.0,10.5,True,
rvc_177570_00978.wav,177570,hi,फिर से उत्तर 300 प्रदर्शित होता है,34,2.98,0.06764621287584305,0.0,11.4,True,
rvc_177570_00979.wav,177570,hi,ok पर click करें,16,2.98,0.0709647610783577,0.0,5.4,False,speech too slow / stalled (5 chars/s)
rvc_177570_00980.wav,177570,hi,हमें यह तब चुनने की आवश्यकता होती है जब हम अपने पासवर्ड को एन्क्रिप्ट करते हैं,78,6.98,0.08811970055103302,0.0,11.2,True,
rvc_177570_00981.wav,177570,hi,hyperlink to जानकारी प्राप्त करने के लिए mouse को link पर घुमाएं,64,5.98,0.12091503292322159,0.0,10.7,True,
rvc_177570_00982.wav,177570,hi,अब आखिरी step पर जाते हैं,25,2.98,0.07607255131006241,0.0,8.4,True,
rvc_177570_00983.wav,177570,hi,आयत में आठ handles पर ध्यान दें,31,2.98,0.11012174934148788,0.0,10.4,True,
rvc_177570_00984.wav,177570,hi,जैसा हमें चाहिए वैसा हमने प्लेसहोल्डर्स का आकार बदलना सीख लिया,62,4.98,0.0866117924451828,0.0,12.4,True,
rvc_177570_00985.wav,177570,hi,यह चुनाव प्रत्येक bullet प्वॉइंट को अलगअलग प्रदर्शित करता है,60,3.98,0.10433327406644821,0.0,15.1,True,
rvc_177570_00986.wav,177570,hi,hyperlink हटाने के लिए सबसे पहले hyperlinked text sheet 2 चुनें,63,5.98,0.08111906051635742,0.0,10.5,True,
rvc_177570_00987.wav,177570,hi,आप देखते हैं कि sheet डिलीट हुई है,34,2.98,0.08592446893453598,0.0,11.4,True,
rvc_177570_00988.wav,177570,hi,फिर हम set लिखेंगे और हमें एक विशिष्ट फील्ड चुनना होगा जिसमें ठीक करना है,73,5.98,0.07604198157787323,0.0,12.2,True,
rvc_177570_00989.wav,177570,hi,बदलाव को undo करें,18,2.98,0.07638493925333023,0.0,6.0,True,
rvc_177570_00990.wav,177570,hi,अधिक जानकारी के लिए कृपया contact @spokentutorial org पर लिखें,62,5.98,0.09928246587514877,0.0,10.4,True,
rvc_177570_00991.wav,177570,hi,aggregate functions के कुछ और उदाहरण हैं sum max और min,55,7.98,0.07946545630693436,0.0,6.9,True,
rvc_177570_00992.wav,177570,hi,हमारी क्वेरी केवल एक उत्तर देगी क्योंकि इस समय हमारे पास केवल alex garrett नामक एक ही आदमी है,93,6.98,0.08996608853340149,0.0,13.3,True,
rvc_177570_00993.wav,177570,hi,ओके तो उम्मीद है यह कई लोगों के लिए उपयोगी होगा,47,3.98,0.10234402120113373,0.0,11.8,True,
rvc_177570_00994.wav,177570,hi,कृपया याद रखें कि हमारे डेटाबेस के अंदर हमारे पासवर्डस एन्क्रिप्ट हैं,69,4.98,0.10866663604974747,0.0,13.9,True,
rvc_177570_00995.wav,177570,hi,अब  add new bibliographic records into this framework पर जाएँ और ड्रॉपडाउन से books चुनें,89,10.98,0.12889382243156433,0.0,8.1,True,
rvc_177570_00996.wav,177570,hi,अब 5point star चुनें,20,3.98,0.07531090080738068,0.0,5.0,False,speech too slow / stalled (5 chars/s)
rvc_177570_00997.wav,177570,hi,और हमें वास्तव में यहाँ वही परिणाम मिलेगा,41,4.98,0.10105131566524506,0.0,8.2,True,
rvc_177570_00998.wav,177570,hi,मैंने इस नियतकार्य को यहाँ पहले ही तैयार कर दिया है,51,5.98,0.10175351053476334,0.0,8.5,True,
rvc_177570_00999.wav,177570,hi,अतः यह पासवर्ड बदल जाएगा क्योंकि यह यूजरनेम alex के बराबर है,60,4.98,0.09313757717609406,0.0,12.0,True,
rvc_177570_01000.wav,177570,hi,libreoffice writer के बगल में arrow पर click करें और आखिर में print पर click करें,81,5.98,0.09712066501379013,0.0,13.5,True,
rvc_584991_01001.wav,584991,hi,mouse के बायें button को पकड़कर रखें और बायीं ओर drag करें,58,3.98,0.18649037182331085,0.0,14.6,True,
rvc_584991_01002.wav,584991,hi,और आप यहाँ  implode  फंक्शन देख सकते हैं इसे join भी कहते हैं,61,3.98,0.15699665248394012,0.0,15.3,True,
rvc_584991_01003.wav,584991,hi,हम देख सकते हैं कि total arguments 13 हैं,41,4.98,0.17903727293014526,0.0,8.2,True,
rvc_584991_01004.wav,584991,hi,spoken tutorial project spoken tutorials का उपयोग करके कार्यशालाएँ भी चलाता है,78,3.98,0.22157223522663116,0.0,19.6,True,
rvc_584991_01005.wav,584991,hi,अतः मैं कुछ और चीज़ें जोडूँगा,29,6.98,0.17072694003582,0.0,4.2,False,speech too slow / stalled (4 chars/s)
rvc_584991_01006.wav,584991,hi,अतः default settings रखें और फिर ok button पर click करें,56,5.98,0.13108409941196442,0.0,9.4,True,
rvc_584991_01007.wav,584991,hi,यह बिलकुल document के किसी भी साधारण text की तरह है,51,3.98,0.19218355417251587,0.0,12.8,True,
rvc_584991_01008.wav,584991,hi,ध्यान दें कि उत्तर 750000 प्रदर्शित होता है,43,5.98,0.16696122288703918,0.0,7.2,True,
rvc_584991_01009.wav,584991,hi,सीखते हैं कि दिनांक और समय fields कैसें प्रविष्ट करें,53,3.98,0.19309161603450775,0.0,13.3,True,
rvc_584991_01010.wav,584991,hi,मैं इस फॉर्म को फिर से जमा करता हूँ और लॉगिन ओह! फिर से एरर!,60,4.98,0.17455700039863586,0.0,12.0,True,
rvc_584991_01011.wav,584991,hi,अगला हमारे पास ip address है,28,2.98,0.2164381444454193,0.0,9.4,True,
rvc_584991_01012.wav,584991,hi,लेकिन अभी के लिए text box में विवरणात्मक name books data entry form लिखें जो कि name of the form label के नीचे है,113,12.98,0.15485385060310364,0.0,8.7,True,
rvc_584991_01013.wav,584991,hi,print dialog box प्रदर्शित होता है,34,2.98,0.21277113258838654,0.0,11.4,True,
rvc_584991_01014.wav,584991,hi,इस tutorial को रोकें और यह नियतकार्य करें,41,3.98,0.20044711232185364,0.0,10.3,True,
rvc_584991_01015.wav,584991,hi,यह बिलकुल document के किसी भी साधारण text की तरह है,51,3.98,0.21907968819141388,0.0,12.8,True,
rvc_584991_01016.wav,584991,hi,अब popअप menu में से delete option पर click करें और फिर yes option पर click करें,80,6.98,0.15595753490924835,0.0,11.5,True,
rvc_584991_01017.wav,584991,hi,ऐसा इसलिए क्योंकि हमने यह नहीं दर्शाया है कि हमें अपडेट कहाँ चाहिए,66,2.98,0.19126535952091217,0.0,22.1,True,
rvc_584991_01018.wav,584991,hi,यह दो cells को चिन्हांकित करता है जो merged हो जाती हैं,55,3.98,0.1823343187570572,0.0,13.8,True,
rvc_584991_01019.wav,584991,hi,इस mission पर अधिक जानकारी दिए गए लिंक पर उपलब्ध है,51,11.98,0.2092454433441162,0.0,4.3,False,speech too slow / stalled (4 chars/s)
rvc_584991_01020.wav,584991,hi,यहाँ query है:,14,2.98,0.12987543642520905,0.0,4.7,False,speech too slow / stalled (5 chars/s)
rvc_584991_01021.wav,584991,hi,चलिए मैं आपको दिखाता हूँ यह खाली है इसलिए हम people से star इस कंडिशनcondition पर चुन रहे हैं कि where the name equals to nothing and the lastname equals to nothing,164,10.98,0.16227112710475922,0.0,14.9,True,
rvc_584991_01022.wav,584991,hi,हमने निर्धारित नहीं किया है कि यह इमेल किसके तरफ से है,54,6.98,0.1541217565536499,0.0,7.7,True,
rvc_584991_01023.wav,584991,hi,मैंने जो यहाँ चिन्हांकित किया है हमारा पैरामीटर है,50,2.98,0.2283988744020462,0.0,16.8,True,
rvc_584991_01024.wav,584991,hi,हालांकि क्लिक करने से पहले हम section citation के माध्यम से जाएंगे,66,4.98,0.1955505907535553,0.0,13.3,True,
rvc_584991_01025.wav,584991,hi,अब सीखते हैं कि objects को डिलीट और स्थानांतरित कैसे करें,57,3.98,0.18743008375167847,0.0,14.3,True,
rvc_584991_01026.wav,584991,hi,तो आप इसे join या implode कह सकते हैं जो आप चाहते हैं,53,5.98,0.1948077231645584,0.0,8.9,True,
rvc_584991_01027.wav,584991,hi,अब editor पर जाते हैं,21,2.98,0.17127816379070282,0.0,7.0,True,
rvc_584991_01028.wav,584991,hi,वे उनको प्रमाणपत्र भी देते हैं जो ऑनलाइन टेस्ट पास करते हैं अधिक जानकारी के लिए कृपया संपर्क करें contact at spoken hypen tutorial dot org,138,8.98,0.18425476551055908,0.0,15.4,True,
rvc_584991_01029.wav,584991,hi,इसे यहाँ वापस रखते हैं,22,2.98,0.13145999610424042,0.0,7.4,True,
rvc_584991_01030.wav,584991,hi,अब पूरे document को सीधे print करने के लिए टूलबार में print file directly icon पर click करें,92,6.98,0.1961718201637268,0.0,13.2,True,
rvc_584991_01031.wav,584991,hi,बदलावों को अन्डू करते हैं,25,3.98,0.19737663865089417,0.0,6.3,True,
rvc_584991_01032.wav,584991,hi,अब देखते हैं कि quotient कैसे काम करता है,41,2.98,0.16301283240318298,0.0,13.8,True,
rvc_584991_01033.wav,584991,hi,आप अपने draw पेज पर date और time stamps भी डाल सकते हैं,55,4.98,0.1864061951637268,0.0,11.0,True,
rvc_584991_01034.wav,584991,hi,मैं फिर से कोशिश करता हूँ लॉगिन पर क्लिक करता हूँ नहीं यह कार्य नहीं कर रहा है,78,4.98,0.19556261599063873,0.0,15.7,True,
rvc_584991_01035.wav,584991,hi,यदि आप koha admin access को किसी विशेष ip address पर प्रतिबंधित करना चाहते हैं तो आप यहां ip निर्दिष्ट कर सकते हैं,114,9.98,0.1927565485239029,0.0,11.4,True,
rvc_584991_01036.wav,584991,hi,अब how do we want to proceed after creating the form,52,3.98,0.1945446878671646,0.0,13.1,True,
rvc_584991_01037.wav,584991,hi,printers की सूची से आपके system से जुड़ा printers चुनें,55,4.98,0.1798994392156601,0.0,11.0,True,
rvc_584991_01038.wav,584991,hi,विभिन्न animations बनाएँ और प्रत्येक animation के लिए effect options को check करें,82,6.98,0.17966417968273163,0.0,11.7,True,
rvc_584991_01039.wav,584991,hi,बदलावों को अन्डू करते हैं,25,2.98,0.1820787489414215,0.0,8.4,True,
rvc_584991_01040.wav,584991,hi,आप देखते है कि sheet डिलीट हुई है अब document में जो बदलाव हुए है उन्हें अन्डू करते हैं,87,6.98,0.16982397437095642,0.0,12.5,True,
rvc_584991_01041.wav,584991,hi,किन्तु हम कर सकते हैं इसके बाद हम लिख सकते हैं where id=6 क्योंकि मेरी यूनिक id 6 है,84,10.98,0.16242218017578125,0.0,7.7,True,
rvc_584991_01042.wav,584991,hi,फिर menu bar में format option पर click करें और फिर merge cells option पर click करें,84,6.98,0.17176203429698944,0.0,12.0,True,
rvc_584991_01043.wav,584991,hi,यह स्किप्ट लता द्वारा अनुवादित है आईआईटी बॉम्बे की ओर से मैं रवि कुमार अब आपसे विदा लेता हूँ हमसे जुड़ने के लिए धन्यवाद,119,4.96,0.20396549999713898,0.0,24.0,True,
rvc_584991_01044.wav,584991,hi,नये group by वाक्यांश पर ध्यान दीजिये,37,2.98,0.18363197147846222,0.0,12.4,True,
rvc_584991_01045.wav,584991,hi,इसने इस समय कोई भी डेटा नहीं दिया क्योंकि हमें अपने firstname और lastname में असली आदमियों के नाम मिले हैं,106,9.98,0.18290051817893982,0.0,10.6,True,
rvc_584991_01046.wav,584991,hi,इमेल भेजने के लिए हमें यह करने की आवश्यकता है,45,4.98,0.14822766184806824,0.0,9.0,True,
rvc_584991_01047.wav,584991,hi,अतः यहाँ हमारे पास हमारे md5 एन्क्रिप्टेड पासवर्डस होंगे,56,4.98,0.20653429627418518,0.0,11.2,True,
rvc_584991_01048.wav,584991,hi,कृपया विशेष संख्याओं को नोट करें,32,10.98,0.2067623883485794,0.0,2.9,False,speech too slow / stalled (3 chars/s)
rvc_584991_01049.wav,584991,hi,एक object को स्थानांतरित करने के लिए इसे चुनें और इसे इच्छित स्थान पर drag करें,79,4.98,0.16295991837978363,0.0,15.9,True,
rvc_584991_01050.wav,584991,hi,तो मैं क्या करूँगा कि एक नई स्ट्रिंग तथा इसकी implode वेल्यू टाइप करूँगा और हम अपनी exparray implode करने जा रहे हैं,116,12.98,0.15928637981414795,0.0,8.9,True,
rvc_584991_01051.wav,584991,hi,enter दबाएं और यहाँ प्रदर्शित लाइनें type करें,46,3.98,0.2335953563451767,0.0,11.6,True,
rvc_584991_01052.wav,584991,hi,spoken tutorial project talktoateacher project का हिस्सा है भारत सरकार के एमएचआरडी के आईसीटी के माध्यम से राष्ट्रीय साक्षरता mission द्वारा समर्थित है,150,8.98,0.17617276310920715,0.0,16.7,True,
rvc_584991_01053.wav,584991,hi,और मैं पेज नष्ट करूँगा और die लिखूँगा और फिर your password has been changed लिखूँगा,83,8.98,0.09198254346847534,0.0,9.2,True,
rvc_584991_01054.wav,584991,hi,इसे quick printing कहते हैं,27,3.98,0.16544568538665771,0.0,6.8,True,
rvc_584991_01055.wav,584991,hi,इसी के साथ हम लिबर ऑफिस calc पर spoken tutorial की समाप्ति की ओर आ गये हैं,74,4.98,0.20605367422103882,0.0,14.9,True,
rvc_584991_01056.wav,584991,hi,a6 से उल्लिखित cell पर click करें और quotient type करें,55,4.98,0.17051129043102264,0.0,11.0,True,
rvc_584991_01057.wav,584991,hi,आप insert औरfieldsपर क्लिक करके कर सकते हैं,43,3.98,0.15661245584487915,0.0,10.8,True,
rvc_584991_01058.wav,584991,hi,इसे जाँचते हैंpassword post password के बराबर है अतः md5 पासवर्ड है मैं वापस जाता हूँ और इसे रिफ्रेश करता हूँ,109,13.98,0.1790204793214798,0.0,7.8,True,
rvc_584991_01059.wav,584991,hi,अन्यथा आप इसे खाली छोड़ सकते हैं,32,2.98,0.20591314136981964,0.0,10.7,True,
rvc_584991_01060.wav,584991,hi,पहला work with the form,23,2.98,0.12513817846775055,0.0,7.7,True,
rvc_584991_01061.wav,584991,hi,number of copies field में 2 प्रविष्ट करें,42,4.98,0.19618231058120728,0.0,8.4,True,
rvc_584991_01062.wav,584991,hi,अब हमारे द्वारा किये गये animation प्रभावों को देखना सीखते हैं,62,4.98,0.16848208010196686,0.0,12.4,True,
rvc_584991_01063.wav,584991,hi,इसी के साथ हम लिबर ऑफिस calc पर spoken tutorial की समाप्ति की ओर आ गये हैं,74,4.98,0.21124495565891266,0.0,14.9,True,
rvc_584991_01064.wav,584991,hi,अब किसी भी एक टैब पर right click करें और popअप menu में से delete sheet option पर click करें और फिर yes option click करें,121,10.98,0.15588770806789398,0.0,11.0,True,
rvc_584991_01065.wav,584991,hi,याद रखिए मैंने बोला id यूनिक है update my id कहना बेहतर होगा,60,3.98,0.18427076935768127,0.0,15.1,True,
rvc_584991_01066.wav,584991,hi,sidebar जो कि popsअप होता है उसमें merge cells option पर click करें,67,4.98,0.18143628537654877,0.0,13.5,True,
rvc_584991_01067.wav,584991,hi,tux typing टक्स टाइपिंग के परिचय पर स्पोकन ट्यूटोरियल में आपका स्वागत है,72,4.98,0.19452694058418274,0.0,14.5,True,
rvc_584991_01068.wav,584991,hi,अतः हम प्रत्येक publisher के लिए records को समूहीकृत करने के लिए publisher और books की संख्या तथा group by चुन रहे हैं,118,11.98,0.1636054515838623,0.0,9.8,True,
rvc_584991_01069.wav,584991,hi,फिर भी अब मैं बिलकुल पूरी तरह से क्रम रहित नाम टाइप करूँगा,58,4.98,0.1430172175168991,0.0,11.6,True,
rvc_584991_01070.wav,584991,hi,हम यहाँ from पैरामीटर जैसा कुछ भी उपयोग नहीं करेंगे,51,5.98,0.1382422000169754,0.0,8.5,True,
rvc_584991_01071.wav,584991,hi,हमें यह फील्ड चेक करने की आवश्यकता होगी यह देखने के लिए कि वे मौजूद हैं या नहीं,79,7.98,0.18521413207054138,0.0,9.9,True,
rvc_584991_01072.wav,584991,hi,अब नीचे import this batch into the catalog नामक बटन पर क्लिक करें,65,7.98,0.19472888112068176,0.0,8.1,True,
rvc_584991_01073.wav,584991,hi,अब mouse button को छोड़ दें,27,2.98,0.10558456927537918,0.0,9.1,True,
rvc_584991_01074.wav,584991,hi,ठीक है चलिए इसे देखते हैं,25,3.98,0.1692921370267868,0.0,6.3,True,
rvc_584991_01075.wav,584991,hi,$* dollar asterix सारे arguments को एक line में print करेगा,59,5.98,0.22730715572834015,0.0,9.9,True,
rvc_584991_01076.wav,584991,hi,इस पर अधिक जानकारी निम्न लिंक पर उपलब्ध है spoken hyphen tutorial dot org slash nmeict hypen intro,98,10.98,0.16427364945411682,0.0,8.9,True,
rvc_584991_01077.wav,584991,hi,और फिर मैं एक return कथित लिंक डालूँगा और यह मुख्य पेज पर वापस जाएगा,68,7.98,0.15638521313667297,0.0,8.5,True,
rvc_584991_01078.wav,584991,hi,आप default settings बदलकर और print option तक पहुँच कर किसी document को print करने पर अधिक नियत्रंण कर सकते हैं,110,6.98,0.1514768898487091,0.0,15.8,True,
rvc_584991_01079.wav,584991,hi,संक्षेप में हमने सीखा कि कैसे: calc में अन्य शीट्स को reference करें,68,5.98,0.15408769249916077,0.0,11.4,True,
rvc_584991_01080.wav,584991,hi,अब cell b6 पर click करें,24,2.98,0.1499151736497879,0.0,8.1,True,
rvc_584991_01081.wav,584991,hi,एक है date fixed और time fixed,30,3.98,0.1657252311706543,0.0,7.5,True,
rvc_584991_01082.wav,584991,hi,मैं अपना पासवर्ड टाइप करता हूँ ठीक है मैं जानता हूँ कि यहाँ क्या समस्या है,74,8.98,0.22718802094459534,0.0,8.2,True,
rvc_584991_01083.wav,584991,hi,मैं इसे खाली छोडूँगी,20,2.98,0.1854253113269806,0.0,6.7,True,
rvc_584991_01084.wav,584991,hi,मतलब हम data entry के लिए form का उपयोग करना शुरू करेंगे,56,5.98,0.18597671389579773,0.0,9.4,True,
rvc_584991_01085.wav,584991,hi,properties पर click करें और orientation के अंदर landscape चुनें ok पर click करें,80,7.98,0.17793363332748413,0.0,10.0,True,
rvc_584991_01086.wav,584991,hi,slide show button पर click करें फिर animation को देखने के लिए screen पर कहीं भी click करें,90,10.98,0.13949868083000183,0.0,8.2,True,
rvc_584991_01087.wav,584991,hi,संक्षेप में हमने सीखा कि कैसे:,30,5.98,0.14051899313926697,0.0,5.0,False,speech too slow / stalled (5 chars/s)
rvc_584991_01088.wav,584991,hi,आप देखते हैं कि दोनों sheets डिलीट हुई हैं आगे सीखने के लिए चलिए हमने जो बदलाव किए है उसे अन्डू करें,100,8.98,0.16072076559066772,0.0,11.1,True,
rvc_584991_01089.wav,584991,hi,इसके स्थान पर मैं क्या कर सकता हूँ कि लिखता हूँ where firstname equals alex हालाँकि यह प्रत्येक रिकार्डअभिलेख अपडेट करेगा जिसका firstname alex है,145,7.98,0.16893784701824188,0.0,18.2,True,
rvc_584991_01090.wav,584991,hi,single cells में दोनों cells के contents को स्थानांतरित करने के लिए दिखाई देने वाले dialog box में yes option पर click करें,123,9.98,0.17048411071300507,0.0,12.3,True,
rvc_584991_01091.wav,584991,hi,इस ट्यूटोरियल में आप सीखेंगे:,29,2.98,0.16806580126285553,0.0,9.7,True,
rvc_584991_01092.wav,584991,hi,अब query now करते हैं,21,2.98,0.14726120233535767,0.0,7.0,True,
rvc_584991_01093.wav,584991,hi,तो चलिए लिखते हैं david green और गेट डेटा पर क्लिक करते हैं और कुछ भी नहीं हुआ ठीक है,85,5.98,0.14924044907093048,0.0,14.2,True,
rvc_584991_01094.wav,584991,hi,हमें विशेष हैडर्स को भेजने की आवश्यकता है,41,2.98,0.1950845569372177,0.0,13.8,True,
rvc_584991_01095.wav,584991,hi,फिलहालजब हम अपना फॉर्म सब्मिट करते हैं हम देखते हैं कि वास्तव में कुछ नहीं हुआ,78,5.98,0.18223097920417786,0.0,13.0,True,
rvc_584991_01096.wav,584991,hi,जब हम ऐसा करते हैं तो job progress bar प्रदर्शित होता है,56,3.98,0.23352234065532684,0.0,14.1,True,
rvc_584991_01097.wav,584991,hi,आप object को स्थानांतरित करने के लिए keyboard पर अप down और side arrow का उपयोग भी कर सकते हैं,94,5.98,0.18082889914512634,0.0,15.7,True,
rvc_584991_01098.wav,584991,hi,अब यदि हम अपनी नई स्ट्रिंग एको करते हैं,39,3.98,0.21327194571495056,0.0,9.8,True,
rvc_584991_01099.wav,584991,hi,हम एक सरल for loop की मदद से यह जांचेंगे,40,3.98,0.2326279580593109,0.0,10.1,True,
rvc_584991_01100.wav,584991,hi,यह स्क्रिप्ट देवेन्द्र कैरवान द्वारा अनुवादित है आई आई टी बॉम्बे की ओर से मैं रवि कुमार अब आपसे विदा लेता हूँ धन्यवाद,117,10.22,0.15778593719005585,0.0,11.4,True,
rvc_584991_01101.wav,584991,hi,और यह indexphp है,17,3.98,0.11192086338996887,0.0,4.3,False,speech too slow / stalled (4 chars/s)
rvc_584991_01102.wav,584991,hi,menu bar में file menu पर click करें और फिर printपर click करें,62,5.98,0.156199112534523,0.0,10.4,True,
rvc_584991_01103.wav,584991,hi,calc में hyperlinks इस्तेमाल करें,33,4.98,0.12265884876251221,0.0,6.6,True,
rvc_584991_01104.wav,584991,hi,हम उत्तर की गणना करने के लिए इस cell का उपयोग करेंगे,52,2.98,0.18895743787288666,0.0,17.4,True,
rvc_584991_01105.wav,584991,hi,दूसरा date variable और time variable है,39,4.98,0.17911341786384583,0.0,7.8,True,
rvc_584991_01106.wav,584991,hi,यहाँ समस्या यह है कि हमारा md5 पासवर्ड बिलकुल सही है किन्तु इसकी तुलना एक पासवर्ड से हो रही है जो हमारे डेटाबेस में कट के छोटा हो रहा है,136,11.98,0.1576114445924759,0.0,11.4,True,
rvc_584991_01107.wav,584991,hi,अंत में हमारे पास notes field है,32,3.98,0.19067993760108948,0.0,8.0,True,
rvc_584991_01108.wav,584991,hi,form का डिजाइन बदलने के लिए हम modify the form चुन सकते हैं जिसे हम बाद में देखेंगे,83,7.98,0.18923330307006836,0.0,10.4,True,
rvc_584991_01109.wav,584991,hi,print documentके अंदर dropdown menu से notes चुनें,50,4.98,0.18992051482200623,0.0,10.0,True,
rvc_584991_01110.wav,584991,hi,animation प्रस्तुति की नीरसता को तोड़ने और कुछ बिंदुओं को स्पष्ट करने के लिए अच्छा तरीका है जो अन्यथा समझाने के लिए कठिन हैं,124,9.98,0.17930598556995392,0.0,12.4,True,
rvc_584991_01111.wav,584991,hi,calc में hyperlinks इस्तेमाल करें,33,5.98,0.11007948964834213,0.0,5.5,False,speech too slow / stalled (6 chars/s)
rvc_584991_01112.wav,584991,hi,मेन्यूबार से edit option का उपयोग करके एक विशिष्ट sheet को डिलीट करने का एक अन्य तरीका है,89,6.98,0.1716841608285904,0.0,12.8,True,
rvc_584991_01113.wav,584991,hi,अतः सर्वश्रेष्ठ होगा कि अपना यूनिक इस्तेमाल करें और वह मुख्यश्ब्द unique id है जो मेरे लिए 6 है,95,4.98,0.22210167348384857,0.0,19.1,True,
rvc_584991_01114.wav,584991,hi,आप देखेंगे कि चुनित cells एक में merged हो गई है और contents भी उसी merged हुई cells में हैं,92,7.98,0.15198823809623718,0.0,11.5,True,
rvc_584991_01115.wav,584991,hi,वाक्यांशों को टाइप कैसे करें अपने शब्दों की सूची तैयार कैसे करें,64,3.98,0.2230367213487625,0.0,16.1,True,
rvc_584991_01116.wav,584991,hi,उनके सामने प्रत्येक प्रकाशक का names और पुस्तकों की संख्या पर ध्यान दीजिये,74,11.98,0.11701010912656784,0.0,6.2,True,
rvc_584991_01117.wav,584991,hi,यदि हमारे पास यहाँ अंत में एक एररerrorसूचना हैयह हमारी क्वेरी यहाँ पर लिखी हुई है मैं लिख सकता हूँ or die mysql error,117,11.98,0.15402066707611084,0.0,9.8,True,
rvc_584991_01118.wav,584991,hi,अतः यहाँ हम headers  वेरिएबल बनाते हैं जो कि me @mecom  जैसे कुछ के समान नहीं है,80,10.98,0.14575693011283875,0.0,7.3,True,
rvc_584991_01119.wav,584991,hi,पहले मैं लिखूँगा check password against db और फिर हम हमारे डेटाबेस से कनेक्ट होंगे,82,10.98,0.15130172669887543,0.0,7.5,True,
rvc_584991_01120.wav,584991,hi,जब प्रोग्रेस 100% तक पूरी हो जाती है तो एक नया पेज खुलता है,59,5.98,0.21207401156425476,0.0,9.9,True,
rvc_584991_01121.wav,584991,hi,objects को स्थानांतरित करना आसान है क्या ऐसा नहीं है,52,2.98,0.17059291899204254,0.0,17.4,True,
rvc_584991_01122.wav,584991,hi,यह याद दिलाएगा कि हमने पहले किससे शुरुआत की थी कोई स्पेसेस के बिना,66,3.98,0.18181675672531128,0.0,16.6,True,
rvc_584991_01123.wav,584991,hi,हम निष्पादन के समय इस for loop का विश्लेषण करेंगे,49,3.98,0.22099830210208893,0.0,12.3,True,
rvc_584991_01124.wav,584991,hi,नमस्कार दोस्तों,15,2.98,0.21256645023822784,0.0,5.0,False,speech too slow / stalled (5 chars/s)
rvc_584991_01125.wav,584991,hi,इससे पहले की हम पेज नष्ट करें मैं सेशन को नष्ट करने जा रहा हूँ,62,3.98,0.16529308259487152,0.0,15.6,True,
rvc_541304_01126.wav,541304,hi,object डिलीट हो गया है the यह isn नहीं है,41,2.98,0.16780637204647064,0.0,13.8,True,
rvc_541304_01127.wav,541304,hi,तो यहाँ मैंने एक स्पेस डालने का निश्चय किया हैलेकिन अगर आपको यहाँ स्लैश चाहिए तो आप एक फॉरवर्ड स्लैश डाल सकते हैं और परिणाम प्राप्त कर सकते हैं,143,11.98,0.1649244725704193,0.0,11.9,True,
rvc_541304_01128.wav,541304,hi,अब मैं prompt को खाली करता हूँ,30,3.98,0.17154447734355927,0.0,7.5,True,
rvc_541304_01129.wav,541304,hi,इस ट्यूटोरियल में मैं समझाऊँगा कि लिबरऑफिस राइटर में डॉक्युमेंट का पीयर रिव्यू सहकर्मी समीक्षा कैसे किया जा सकता है,115,5.98,0.19311314821243286,0.0,19.2,True,
rvc_541304_01130.wav,541304,hi,अब यदि मैं मेम्बर पेज पर वापस जाने की कोशिश करता हूँ आप देखेंगे you must be logged in हमारा सेशन नष्ट हो चुका है क्योंकि हमने यहाँ हमारा session destroy फंक्शन इस्तेमाल किया था,176,13.98,0.1476152092218399,0.0,12.6,True,
rvc_541304_01131.wav,541304,hi,all pages option document के सभी पेजेस को प्रिंट करने के लिए है,63,5.98,0.13781671226024628,0.0,10.5,True,
rvc_541304_01132.wav,541304,hi,यदि आपके पास अच्छा bandwidth नहीं है तो आप इसे download करके देख सकते हैं,73,3.98,0.20937658846378326,0.0,18.3,True,
rvc_541304_01133.wav,541304,hi,इसी तरह calc में हम कई प्रकार के arithmetic operations कर सकते हैं,66,5.98,0.16701503098011017,0.0,11.0,True,
rvc_541304_01134.wav,541304,hi,दूसरी ओर date variable और time variable options,47,3.98,0.20919793844223022,0.0,11.8,True,
rvc_541304_01135.wav,541304,hi,मैं पूर्ण सुनिश्चित नहीं हूँकि एक md5 string कितनी लम्बी होती है किन्तु मैं length value = 100 लिखूँगा इसे सेव करें,115,6.98,0.1273646056652069,0.0,16.5,True,
rvc_541304_01136.wav,541304,hi,सभी विवरण प्रविष्ट करने के बाद submit button पर click करें,58,5.98,0.16179627180099487,0.0,9.7,True,
rvc_541304_01137.wav,541304,hi,fill field में dropdown menu से color चुनें,43,4.98,0.1825433075428009,0.0,8.6,True,
rvc_541304_01138.wav,541304,hi,original color box को check करें,32,2.98,0.08800292760133743,0.0,10.7,True,
rvc_541304_01139.wav,541304,hi,इसी के साथ हम इस tutorial की समाप्ति की ओर आ गये हैं,52,2.98,0.19764655828475952,0.0,17.4,True,
rvc_541304_01140.wav,541304,hi,यदि आपके पास अच्छा bandwidth नहीं है तो आप इसे download करके देख सकते हैं,73,3.98,0.20698821544647217,0.0,18.3,True,
rvc_541304_01141.wav,541304,hi,dialog box जो नज़र आता है उसमें sheet 6 option पर click करें और keyboard पर shift button पकड़कर sheet 7 option click करें,121,10.98,0.1462409943342209,0.0,11.0,True,
rvc_541304_01142.wav,541304,hi,अब यदि हम रिफ्रेशrefreshकरने के लिए ब्राउज़ पर क्लिक करें और हम नीचे स्क्रोल करेंहम देख सकते हैं कि यह जिसमें हम चाहते थे उसमें बदल गया और बाकी सबकुछ बिना बिगड़े हुए है,168,7.98,0.1751551628112793,0.0,21.1,True,
rvc_541304_01143.wav,541304,hi,cell में data का font size cell में fit करने के लिए स्वतः से समायोजित किया जा सकता है,85,6.98,0.17034219205379486,0.0,12.2,True,
rvc_541304_01144.wav,541304,hi,dash home पर click करें,23,2.98,0.1641925573348999,0.0,7.7,True,
rvc_541304_01145.wav,541304,hi,उदाहरणस्वरुप current _ date आज की तारिख date है,47,5.98,0.13741238415241241,0.0,7.9,True,
rvc_541304_01146.wav,541304,hi,चलिए अब एक नाम हम मानते हैं जो हमारे डेटाबेस में है,51,3.98,0.16468237340450287,0.0,12.8,True,
rvc_541304_01147.wav,541304,hi,वास्तव में मेरे पास वह डोमैन नाम नहीं है लेकिन हम इसे उसी की तरह रखेंगे,71,5.98,0.17911827564239502,0.0,11.9,True,
rvc_541304_01148.wav,541304,hi,लेकिन हमारे ट्यूटोरियल के लिए मैं इसको बारबार टाइप करूँगा क्योंकि सीखने के लिए यह एक अच्छा तरीका है,99,5.98,0.21549256145954132,0.0,16.6,True,
rvc_541304_01149.wav,541304,hi,सेक्शन के नीचे undo import into catalog टैब पर क्लिक करें,57,5.98,0.16349324584007263,0.0,9.5,True,
rvc_541304_01150.wav,541304,hi,अब बुनियादी सहायकruler और align toolbar के बारे में सीखते हैं,61,5.98,0.1981101930141449,0.0,10.2,True,
rvc_541304_01151.wav,541304,hi,लेकिन वापस आते हैं यह फंक्शंस टू एंड फ्रॉमto and from अरै को बदलने के लिए हैं,77,5.98,0.16105760633945465,0.0,12.9,True,
rvc_541304_01152.wav,541304,hi,arg type करें dot slash arg sh space sunday monday और tuesday,61,8.98,0.1748332530260086,0.0,6.8,True,
rvc_541304_01153.wav,541304,hi,हम एक मौजूद डॉक्युमेंट को खोलेंगे,33,2.98,0.17424921691417694,0.0,11.1,True,
rvc_541304_01154.wav,541304,hi,और साथ ही जब मैं फिर से लॉगिन करता हूँ और मेरे पासवर्ड के लिए abc टाइप करता हूँ जोकि मेरा पुराना पासवर्ड है हमें एक incorrect password सूचना मिलती है,149,10.98,0.1493576020002365,0.0,13.6,True,
rvc_541304_01155.wav,541304,hi,यदि आप document की कई copies print करना चाहते हैं तो number of copies field में value enter करें चलिए field में 2 value enter करते हैं,134,9.98,0.14949265122413635,0.0,13.4,True,
rvc_541304_01156.wav,541304,hi,spoken tutorial project team spoken tutorial का उपयोग करके कार्यशालाएँ भी चलाते हैं,83,4.98,0.18747298419475555,0.0,16.7,True,
rvc_541304_01157.wav,541304,hi,अब सीखते हैं कि statistic functions का कार्यान्वन कैसे करें,59,3.98,0.16587936878204346,0.0,14.8,True,
rvc_541304_01158.wav,541304,hi,जब आप file खोलते हैं स्वचलित रूप से अपडेट होते हैं,50,4.98,0.11197463423013687,0.0,10.0,True,
rvc_541304_01159.wav,541304,hi,मैं मेरा टेबल ब्राउज़ करने जा रहा हूँ फिर मैं वापस जाता हूँ और फिर से रजिस्टर करता हूँ,86,9.98,0.17363183200359344,0.0,8.6,True,
rvc_541304_01160.wav,541304,hi,नई library का name libraries पेज पर दिखाई देता है,49,4.98,0.19788534939289093,0.0,9.8,True,
rvc_541304_01161.wav,541304,hi,magenta 4 चुनें और ok पर click करें,35,3.98,0.1211145892739296,0.0,8.8,True,
rvc_541304_01162.wav,541304,hi,print पर click करें,19,2.98,0.19024230539798737,0.0,6.4,True,
rvc_541304_01163.wav,541304,hi,इस tutorial में हमने custom animation effect options के बारे में सीखा,69,6.98,0.1680883914232254,0.0,9.9,True,
rvc_541304_01164.wav,541304,hi,spoken tutorial project team spoken tutorial का उपयोग करके कार्यशालाएँ भी चलाते हैं,83,4.98,0.1869867593050003,0.0,16.7,True,
rvc_541304_01165.wav,541304,hi,ok button पर click करें यह शीट्स का चुनाव करता है जिसे हम डिलीट करना चाहते हैं,78,6.98,0.15749630331993103,0.0,11.2,True,
rvc_541304_01166.wav,541304,hi,अतः यदि आपको अपने डेटाबेस में कुछ डेटा अपडेट करने की या उसी प्रकार की कुछ जरूरत हैआप दर्शा सकते हैं कि किस डेटा को आप अपडेट करना चाहते हैं,138,6.98,0.17488454282283783,0.0,19.8,True,
rvc_541304_01167.wav,541304,hi,चलिए b14 cell में this is for the month of january text type करते हैं,69,7.98,0.15354426205158234,0.0,8.6,True,
rvc_541304_01168.wav,541304,hi,सर्च बॉक्स में tux typing  टाइप करें,36,4.98,0.1595742404460907,0.0,7.2,True,
rvc_541304_01169.wav,541304,hi,अतः सभी पुस्तकों के टाइटल को सूचीबद्ध करते हैं जो सदस्यों द्वारा वापस नहीं की गई हैं,84,6.98,0.15971654653549194,0.0,12.0,True,
rvc_541304_01170.wav,541304,hi,चलिए alex garrett लिखते हैं और हम get data पर क्लिक करते हैं,60,4.98,0.17411862313747406,0.0,12.0,True,
rvc_541304_01171.wav,541304,hi,अतः from: admin @phpacademycom,30,2.98,0.1924189180135727,0.0,10.1,True,
rvc_541304_01172.wav,541304,hi,हम यहाँ टाइप करेंगे  connect = mysql_connect,44,4.98,0.1156238242983818,0.0,8.8,True,
rvc_541304_01173.wav,541304,hi,मैं यहां क्लिक नहीं करूंगी,26,2.98,0.15128491818904877,0.0,8.7,True,
rvc_541304_01174.wav,541304,hi,ruler पेज के margins हाशिया के सेटअप और माप की इकाइयों को बदलने के लिए उपयोगित है,81,4.98,0.15814918279647827,0.0,16.3,True,
rvc_541304_01175.wav,541304,hi,तो explode तथा implode और जैसा कि हमने पहले कहा था इसे join लिख सकते हैं,72,4.98,0.20107516646385193,0.0,14.5,True,
rvc_541304_01176.wav,541304,hi,enter दबाएं,11,2.98,0.12317785620689392,0.0,3.7,False,speech too slow / stalled (4 chars/s)
rvc_541304_01177.wav,541304,hi,समझाने के लिए कि record changes का उपयोग करके डॉक्युमेंट का संपादन और पीर रिव्यू कैसे करें,90,6.98,0.1883859634399414,0.0,12.9,True,
rvc_541304_01178.wav,541304,hi,यदि मैं 123 जाँचता हूँ youre in और इसका प्रमाण यहाँ दिख रहा है,62,6.98,0.16274812817573547,0.0,8.9,True,
rvc_541304_01179.wav,541304,hi,चलिए tab dialog box में options टैब पर click करें,49,5.98,0.18131569027900696,0.0,8.2,True,
rvc_541304_01180.wav,541304,hi,उनको प्रमाणपत्र भी देते हैं जो online test pass करते हैं,56,3.98,0.18201638758182526,0.0,14.1,True,
rvc_541304_01181.wav,541304,hi,सबसे पहले sheet 1 पर click करें,31,2.98,0.17998409271240234,0.0,10.4,True,
rvc_541304_01182.wav,541304,hi,यहाँ time variable प्रविष्ट करें,32,3.98,0.14433304965496063,0.0,8.0,True,
rvc_541304_01183.wav,541304,hi,अतः रजिस्टर अपना यूज़रनेम चुनिए मानते हैं alex जैसा कि मैंने पहले कहा था पासवर्ड चुनिए लिखते हैं slicer u k 1 और मैं register पर क्लिक करूँगा,141,13.98,0.1620635688304901,0.0,10.1,True,
rvc_541304_01184.wav,541304,hi,हमारे मामले में spoken tutorial library,39,3.98,0.18762418627738953,0.0,9.8,True,
rvc_541304_01185.wav,541304,hi,आयत का रंग बदल गया है,21,3.98,0.17808754742145538,0.0,5.3,False,speech too slow / stalled (5 chars/s)
rvc_541304_01186.wav,541304,hi,यदि आपके printer की settings सही से कन्फिगर है तो slides अब printer होना शुरू हो जाएँगी,87,6.98,0.1307225376367569,0.0,12.5,True,
rvc_541304_01187.wav,541304,hi,यहाँ आपके लिए एक नियतकार्य है,29,2.98,0.207597017288208,0.0,9.7,True,
rvc_541304_01188.wav,541304,hi,उनको प्रमाणपत्र भी देते हैं जो online test pass करते हैं,56,3.98,0.18817391991615295,0.0,14.1,True,
rvc_541304_01189.wav,541304,hi,अब फिर से मेन्यूबार में edit option click करें और फिर sheet option पर click करें,80,7.98,0.1237434595823288,0.0,10.0,True,
rvc_541304_01190.wav,541304,hi,मैंने dob उपयोग किया था और यह जन्मतिथि के बराबर है जोकि ज़रूरी है,65,2.98,0.19253948330879211,0.0,21.8,True,
rvc_541304_01191.wav,541304,hi,आप देखेंगे कि text cell में fit नहीं होता है,44,3.98,0.13964012265205383,0.0,11.1,True,
rvc_541304_01192.wav,541304,hi,मुख्य मेन्यू में options पर क्लिक करें,38,3.98,0.14905858039855957,0.0,9.5,True,
rvc_541304_01193.wav,541304,hi,select b title i issuedate i returndate,39,9.98,0.1364850550889969,0.0,3.9,False,speech too slow / stalled (4 chars/s)
rvc_541304_01194.wav,541304,hi,हम यहाँ दर्शाया रहे हैं alex garrett was bron blah blah blah and is male,72,4.98,0.1874619424343109,0.0,14.5,True,
rvc_541304_01195.wav,541304,hi,अपने मेल के अंदर हम अन्य पैरामीटर को जोड़ने की आवश्यकता है जो कि headers है,75,6.98,0.17160217463970184,0.0,10.7,True,
rvc_541304_01196.wav,541304,hi,और हम मेरे यूजरनेम root और पासवर्ड के साथ अपने लोकल डेटाबेस से कनेक्ट हो जायेंगे मैं अपना डेटाबेस चुनने जा रहा हूँ,114,9.98,0.17142854630947113,0.0,11.4,True,
rvc_541304_01197.wav,541304,hi,अगला  completed import of records है,36,3.98,0.18384219706058502,0.0,9.0,True,
rvc_541304_01198.wav,541304,hi,align toolbar objects के स्थान के लिए उपयोगित है,48,3.98,0.1656159907579422,0.0,12.1,True,
rvc_541304_01199.wav,541304,hi,ठीक है –अगले फंक्शन पर हम जा रहे हैं वह है nl2br,48,4.98,0.18249917030334473,0.0,9.6,True,
rvc_541304_01200.wav,541304,hi,total arguments 3 हैं जैसा आप देख सकते हैं कि हमने अपने program में 3 arguments passed किये हैं,95,7.98,0.1828322559595108,0.0,11.9,True,
rvc_541304_01201.wav,541304,hi,इस विशेषता के उपयोग का लाभ यह है कि समीक्षक मौजूद टेक्स्ट में टेक्स्ट जोड़ सकता है टिप्पणी कर सकता हैडिलीट कर सकता है या बदलाव कर सकता है जो कि समान डॉक्युमेंट में स्पष्टतः दिखाई देता है,186,14.98,0.14435529708862305,0.0,12.4,True,
rvc_541304_01202.wav,541304,hi,अब वापस जाते हैं और browse पर क्लिक करते हैं नीचे स्क्रोल करते हैं और हम देख सकते हैं कि पासवर्ड 900 से 202 में बदल चुका है,123,8.98,0.15643362700939178,0.0,13.7,True,
rvc_541304_01203.wav,541304,hi,screen पर options की सूची दिखाई देती है जहाँ से आप document को चुन या print कर सकते हैं,87,6.98,0.15259453654289246,0.0,12.5,True,
rvc_541304_01204.wav,541304,hi,अधिक जानकारी के लिए कृपया हमें contact @spoken hyphen tutorial org पर लिखें,75,6.98,0.1717514544725418,0.0,10.7,True,
rvc_541304_01205.wav,541304,hi,देखते हैं कि कैसे statistical functions का इस्तेमाल करके न्यूनतम अधिकतम और मध्य मूल पता करते हैं,96,6.98,0.17621131241321564,0.0,13.8,True,
rvc_541304_01206.wav,541304,hi,अब box drag करें और उसे पेज के दाएँ कोने में नीचे पेज number के ऊपर रखें,72,9.98,0.12428683787584305,0.0,7.2,True,
rvc_541304_01207.wav,541304,hi,you have been registered return to login page,45,2.98,0.19699518382549286,0.0,15.1,True,
rvc_541304_01208.wav,541304,hi,अब देखें कि group library विकल्प का उपयोग कब करें,49,4.98,0.18766865134239197,0.0,9.8,True,
rvc_541304_01209.wav,541304,hi,आयत ने अब text को कवर कर दिया है,32,2.98,0.19119423627853394,0.0,10.7,True,
rvc_541304_01210.wav,541304,hi,इसी के साथ हम इस tutorial के समाप्ति की ओर आ गये हैं,52,2.98,0.13306613266468048,0.0,17.4,True,
rvc_541304_01211.wav,541304,hi,तीन bullet प्वॉइंट्स के साथ एक text box बनाएँ,45,2.98,0.11831848323345184,0.0,15.1,True,
rvc_541304_01212.wav,541304,hi,अधिक जानकारी के लिए कृपया हमें contact @spoken hyphen tutorial org पर लिखें,75,6.98,0.15689168870449066,0.0,10.7,True,
rvc_541304_01213.wav,541304,hi,अब popअप menu में delete option click करें और फिर yes option पर click करें,74,5.98,0.14853613078594208,0.0,12.4,True,
rvc_541304_01214.wav,541304,hi,आपको यह भी स्पष्ट रूप से बताना चाहिए कि आप इसे कहाँ अपडेट करना चाहते हैं,72,3.98,0.2031410038471222,0.0,18.1,True,
rvc_541304_01215.wav,541304,hi,text को कम करने के लिए ताकि यह fits हो जाय पहले b14 cell पर click करें,70,6.98,0.14943866431713104,0.0,10.0,True,
rvc_541304_01216.wav,541304,hi,आप्शन मेन्यू प्रदर्शित होता हैअब वाक्यांशों को टाइप करने का अभ्यास करें,71,4.98,0.19338519871234894,0.0,14.3,True,
rvc_541304_01217.wav,541304,hi,from books b join booksissued i on b bookid = i bookid,54,12.98,0.14283151924610138,0.0,4.2,False,speech too slow / stalled (4 chars/s)
rvc_541304_01218.wav,541304,hi,चलिए dale garrett टाइप करते हैं और get data पर क्लिक करते हैं और हमें डेटाबेस से यह जानकारी मिल गयी,99,6.98,0.19040122628211975,0.0,14.2,True,
rvc_541304_01219.wav,541304,hi,तथा अब हम यहाँ आते हैं और आप यहाँ alex और यहाँ this is a test! टाइप कर सकते हैं,79,5.98,0.13977298140525818,0.0,13.2,True,
rvc_541304_01220.wav,541304,hi,और यह है phplogin जो यहाँ है यहाँ पर जाएँ और आप इसे यहाँ देख सकते हैं,69,7.98,0.17019037902355194,0.0,8.6,True,
rvc_541304_01221.wav,541304,hi,यहां आपको records added updated का विवरण दिखाई देंगे,52,5.98,0.17292746901512146,0.0,8.7,True,
rvc_541304_01222.wav,541304,hi,ruler सबसे ऊपर और draw कार्यक्षेत्र के बायीं ओर प्रदर्शित होता है,65,4.98,0.1718665063381195,0.0,13.1,True,
rvc_541304_01223.wav,541304,hi,अब वास्तव में यह फंक्शन कार्यात्मक और सरल है जब हम डेटाबेसेस के साथ काम करते हैं,80,4.98,0.18036144971847534,0.0,16.1,True,
rvc_541304_01224.wav,541304,hi,जैसा पहले बताया है $* एक line में arguments print करेगा,55,7.98,0.19478996098041534,0.0,6.9,True,
rvc_541304_01225.wav,541304,hi,यह लेखक द्वारा आसानी से देखा जा सकता है जो इन बदलावों को स्वीकार और अस्वीकार कर सकता है तथा इस प्रकार फिर से बदलाव किये बिना इन संपादित टिप्पणियों को समाविष्ट कर सकता है,169,11.98,0.19725297391414642,0.0,14.1,True,
rvc_541304_01226.wav,541304,hi,इसलिए यह एक बिलकुल नया हैश है और एक बिलकुल नया पासवर्ड,54,6.98,0.18466436862945557,0.0,7.7,True,
rvc_541304_01227.wav,541304,hi,print in reverse page order नामक एक check box देखते हैं,55,4.98,0.15354028344154358,0.0,11.0,True,
rvc_541304_01228.wav,541304,hi,spoken tutorial project talktoateacher project का हिस्सा है,59,3.98,0.16182926297187805,0.0,14.8,True,
rvc_541304_01229.wav,541304,hi,c10 उल्लिखित cell पर click करें जहाँ हम उत्तर दर्शाएँगे,55,6.98,0.14588415622711182,0.0,7.9,True,
rvc_541304_01230.wav,541304,hi,जब भी आप draw पेज खोलोगे प्रविष्ट हुआ समय वर्तमान समय पर अपडेट किया जाएगा,73,6.98,0.18475790321826935,0.0,10.5,True,
rvc_541304_01231.wav,541304,hi,अब चलिए अपना डेटाबेस फिर से जाँचते हैं यह पहले से ही लम्बा दिख रहा है यह कटके छोटा नहीं हुआ है क्योंकि मैंने इसकी लम्बाई बदल दी थी,130,9.98,0.14849576354026794,0.0,13.0,True,
rvc_541304_01232.wav,541304,hi,यदि आप नया group जोडना चाहते हैं तो + new group टैब पर click करें,65,6.98,0.1887509673833847,0.0,9.3,True,
rvc_541304_01233.wav,541304,hi,text को दर्शनीय बनाने के लिए पहले आयत चुनें,43,3.98,0.16856743395328522,0.0,10.8,True,
rvc_541304_01234.wav,541304,hi,इस tutorial में हमने notes के बारे में सीखा और उन्हें print करना सीखा,69,5.98,0.16850902140140533,0.0,11.5,True,
rvc_541304_01235.wav,541304,hi,text को एनिमेट करें जिससे कि text lineदरline दिखे,49,4.98,0.1621083766222,0.0,9.8,True,
rvc_541304_01236.wav,541304,hi,spoken tutorial project talktoateacher project का हिस्सा है,59,3.98,0.16193751990795135,0.0,14.8,True,
rvc_541304_01237.wav,541304,hi,आप देखते हैं कि चुनी हुई शीट्स डिलीट होती हैं,45,4.98,0.1320229023694992,0.0,9.0,True,
rvc_541304_01238.wav,541304,hi,अतः मैं यह रिकार्ड अभिलेखबोलूँगा जो यह लम्बी लाइन यहाँ पर है,60,3.98,0.17644870281219482,0.0,15.1,True,
rvc_541304_01239.wav,541304,hi,अब मेन्यूबार में format option पर click करें और फिर cells पर click करें,71,7.98,0.12971575558185577,0.0,8.9,True,
rvc_541304_01240.wav,541304,hi,टिचर्स लाइन में प्रदर्शित होने वाले वाक्य टाइप करें,51,3.98,0.19095046818256378,0.0,12.8,True,
rvc_541304_01241.wav,541304,hi,where checkedin = false and returndate <current _ date,54,9.98,0.12334376573562622,0.0,5.4,False,speech too slow / stalled (5 chars/s)
rvc_541304_01242.wav,541304,hi,अतः आप देख सकते हैं कि अपने डेटा में फॉर्म सम्मिलित करने के लिए यह काफी उपयोगी है,81,7.98,0.16181200742721558,0.0,10.2,True,
rvc_541304_01243.wav,541304,hi,send me this पर क्लिक करें और हमें अन्य एरर नजर आती है,54,2.98,0.18553274869918823,0.0,18.1,True,
rvc_541304_01244.wav,541304,hi,हमारा टेबल users है  जिसका उपयोग हम बाद में करेंगे,50,2.98,0.21937142312526703,0.0,16.8,True,
rvc_541304_01245.wav,541304,hi,फिर आपको इंपोर्ट किए गए विवरणों के साथ section citation दिखाई देगा,66,6.98,0.16731983423233032,0.0,9.5,True,
rvc_541304_01246.wav,541304,hi,माप की इकाइयों को set करने के लिए सबसे ऊपर ruler पर rightclick करें,67,4.98,0.1765422374010086,0.0,13.5,True,
rvc_541304_01247.wav,541304,hi,जब तत्काल लाइन के आधार पर डेटा संचित किया जा रहा हो,51,4.98,0.17244963347911835,0.0,10.2,True,
rvc_541304_01248.wav,541304,hi,और यह for loop के लिए output है,31,2.98,0.2038574367761612,0.0,10.4,True,
rvc_541304_01249.wav,541304,hi,और जब फाइल सेव हो जाती है टिप्पणियाँ समाविष्ट हो जाती हैं,57,3.98,0.1675088107585907,0.0,14.3,True,
rvc_541304_01250.wav,541304,hi,अतः सब कुछ ठीक कार्य कर रहा है आप देख सकते हैं कि यह करने में काफी सरल है,73,4.98,0.16874641180038452,0.0,14.7,True,
rvc_876898_01251.wav,876898,hi,ऊपर ruler के लिए माप की इकाई अब centimeter set हो गई है,55,4.98,0.12828433513641357,0.0,11.0,True,
rvc_876898_01252.wav,876898,hi,यह  hello या यह कहूँ hello new line another new line और मैं यहाँ एक अर्धविराम लिखता हूँ जोकि  यहाँ लाइन ब्रेक है,112,13.98,0.12807781994342804,0.0,8.0,True,
rvc_876898_01253.wav,876898,hi,अब अपने program पर वापस जाते हैं और यहाँ प्रदर्शित लाइनें type करें,67,6.98,0.07435411959886551,0.0,9.6,True,
rvc_876898_01254.wav,876898,hi,यहाँ हम अपने ऑपरेटिंग सिस्टम के रूप में उबंटू लिनक्स 1004 और लिबरऑफस सूट वर्जन 334 का उपयोग कर रहे हैं,102,7.98,0.09446481615304947,0.0,12.8,True,
rvc_876898_01255.wav,876898,hi,और आपको ठीक से सोचने की आवश्यकता है कि कैसे अपना पुराना पासवर्ड और अपने दो नये पासवर्ड्स जाँचें,95,5.98,0.13349002599716187,0.0,15.9,True,
rvc_876898_01256.wav,876898,hi,आप अपने pdf डॉक्युमेंट का भी प्रिंट ले सकते हैं,47,6.98,0.0949266254901886,0.0,6.7,True,
rvc_876898_01257.wav,876898,hi,आई आई टी बॉम्बे की ओर से मैं रवि कुमार अब आपसे विदा लेता हूँ हमसे जुड़ने के लिए धन्यवाद,87,8.06,0.1183348223567009,0.0,10.8,True,
rvc_876898_01258.wav,876898,hi,अधिकतम कीमत 6000 रूपये है,25,3.98,0.1089295893907547,0.0,6.3,True,
rvc_876898_01259.wav,876898,hi,main menu में जाएँ tools चुनें और options पर click करें,55,4.98,0.13305765390396118,0.0,11.0,True,
rvc_876898_01260.wav,876898,hi,यदि आप चाहते हैं कि मैं इस ट्यूटोरियल को बढ़ाऊँ तो कृपया मुझे केवल अवगत कराएँ,77,6.98,0.12507160007953644,0.0,11.0,True,
rvc_876898_01261.wav,876898,hi,इस group को science library के रूप में name करें जो मुख्य library के अंतर्गत आता है,83,6.98,0.08123939484357834,0.0,11.9,True,
rvc_876898_01262.wav,876898,hi,ध्यान दें कि base tool tips प्रदर्शित करता है जब हम अपना cursor इन काले arrow icons पर रखते हैं,95,7.98,0.1252460777759552,0.0,11.9,True,
rvc_876898_01263.wav,876898,hi,text पुनः दिखाई the रहा है,26,3.98,0.1343679577112198,0.0,6.5,True,
rvc_876898_01264.wav,876898,hi,कंटेंट का font 36 और color blue रखें,36,5.98,0.09841795265674591,0.0,6.0,True,
rvc_876898_01265.wav,876898,hi,यदि आपके पास अच्छा bandwidth नहीं है तो आप इसे download करके देख सकते हैं,73,3.98,0.14256611466407776,0.0,18.3,True,
rvc_876898_01266.wav,876898,hi,आई आई टी बॉम्बे की ओर से मैं रवि कुमार अब आपसे विदा लेता हूँ हमसे जुड़ने के लिए धन्यवाद,87,7.96,0.11768171936273575,0.0,10.9,True,
rvc_876898_01267.wav,876898,hi,यह छोटे spreadsheet में काम करता है जिसमें थोड़े से शीट्स हों लेकिन मुश्किल तब होती है जब बहुत सारी शीट्स होती है,113,7.98,0.13101820647716522,0.0,14.2,True,
rvc_876898_01268.wav,876898,hi,नमस्कार आपका फिर से स्वागत है इस ट्यूटोरियल में हम डेटाबेस में कुछ डेटा लिखेंगे,79,5.98,0.10367166996002197,0.0,13.2,True,
rvc_876898_01269.wav,876898,hi,enter दबाएँ अगला वाक्य प्रदर्शित होता है,40,3.98,0.14924873411655426,0.0,10.1,True,
rvc_876898_01270.wav,876898,hi,और यहाँ पुस्तकें हैं जो वापस नहीं की गई हैं,43,5.98,0.08482468873262405,0.0,7.2,True,
rvc_876898_01271.wav,876898,hi,ठीक है तो जल्द ही आपसे मुलकात होगी मैं रवि कुमार आईआईटी बॉम्बे की ओर से अब आपसे विदा लेता हूँ धन्यवाद,101,9.52,0.1336708962917328,0.0,10.6,True,
rvc_876898_01272.wav,876898,hi,तथा आपके पास लोकल हॉस्ट के तहत चलने वाला smtp मेल सर्वर होगा,60,7.98,0.13248054683208466,0.0,7.5,True,
rvc_876898_01273.wav,876898,hi,फिर हम टाइप करेंगे where username is equal to user यह हमारे यूजर का यूजर नाम धारित सेशन वेरिएबल है,98,7.98,0.1462835818529129,0.0,12.3,True,
rvc_876898_01274.wav,876898,hi,अब हम पुष्टि करेंगे कि शीर्षक catalog में जोड़े गए हैं या नहीं,62,4.98,0.09384030848741531,0.0,12.4,True,
rvc_876898_01275.wav,876898,hi,उसी तरह बायें पर ruler के लिए माप set करें,42,4.98,0.10449318587779999,0.0,8.4,True,
rvc_876898_01276.wav,876898,hi,इसे ऐसे ही रखते हैं,19,3.98,0.11033708602190018,0.0,4.8,False,speech too slow / stalled (5 chars/s)
rvc_876898_01277.wav,876898,hi,$@dollar at भी सारे arguments को print करेगा,44,3.98,0.0786651000380516,0.0,11.1,True,
rvc_876898_01278.wav,876898,hi,इस ट्यूटोरियम में मैं कुछ डॉक्युमेंट्स का उपयोग कर रहा हूँ जो मैंने पहले ही बनाये हैं और मेरे सिस्टम में सेव किये हैं जैसे कि,125,6.98,0.14314141869544983,0.0,17.9,True,
rvc_876898_01279.wav,876898,hi,स्पष्टतः जब हमने अपना पंजीकरण किया था हमारे पास सीमा थी कि पासवर्ड कितना बड़ा होना चाहिए,88,6.98,0.14390109479427338,0.0,12.6,True,
rvc_876898_01280.wav,876898,hi,हम पहले ही देख चुके हैं कि dot odt document को dot pdf file में कैसे बदलें,74,7.98,0.08583952486515045,0.0,9.3,True,
rvc_876898_01281.wav,876898,hi,लिबर ऑफिस calc में linking पर spoken tutorial में आपका स्वागत है,64,5.98,0.11461802572011948,0.0,10.7,True,
rvc_876898_01282.wav,876898,hi,यह उत्तर हैं जो कि प्रदर्शित होने चाहिए जब हम उनके functions इस्तेमाल करते हैं,78,4.98,0.13943545520305634,0.0,15.7,True,
rvc_876898_01283.wav,876898,hi,options dialog box प्रदर्शित होता है,36,2.98,0.10897756367921829,0.0,12.1,True,
rvc_876898_01284.wav,876898,hi,और यह यूज़र रजिस्ट्रेशन है,26,2.98,0.10999907553195953,0.0,8.7,True,
rvc_876898_01285.wav,876898,hi,grouping समानताएं और/या समान विशेषताओं आदि के आधार पर किया जा सकता है,69,8.98,0.09931263327598572,0.0,7.7,True,
rvc_876898_01286.wav,876898,hi,first record पहला record previous record पिछला record next record अगला record और last record आखिरी record,105,6.98,0.11437712609767914,0.0,15.0,True,
rvc_876898_01287.wav,876898,hi,यहाँ आयत text के पीछे चला गया है,32,2.98,0.13003197312355042,0.0,10.7,True,
rvc_876898_01288.wav,876898,hi,आयत को green से रंगे,20,3.98,0.1295490860939026,0.0,5.0,False,speech too slow / stalled (5 chars/s)
rvc_876898_01289.wav,876898,hi,spoken tutorial project team spoken tutorial का उपयोग करके कार्यशालाएँ भी चलाती है उनको प्रमाणपत्र भी देते हैं जो online test pass करते हैं,139,8.98,0.13240985572338104,0.0,15.5,True,
rvc_876898_01290.wav,876898,hi,लिबर ऑफिस calc में linking पर spoken tutorial में आपका स्वागत है,64,5.98,0.11199234426021576,0.0,10.7,True,
rvc_876898_01291.wav,876898,hi,calc हमें अपनी पसंद के अनुसार sheets का नाम बदलने की अनुमति देता है,67,5.98,0.10788366943597794,0.0,11.2,True,
rvc_876898_01292.wav,876898,hi,यह करने के लिए हम अपने mysql query फंक्शन का इस्तेमाल करेंगे,60,3.98,0.12172722816467285,0.0,15.1,True,
rvc_876898_01293.wav,876898,hi,अब हमें वाक्य टाइप करना सीखना होगा,34,2.98,0.12729910016059875,0.0,11.4,True,
rvc_876898_01294.wav,876898,hi,यह website देख कर पूरा यूज़र guide देख सकते हैं,47,5.98,0.11109024286270142,0.0,7.9,True,
rvc_876898_01295.wav,876898,hi,नमस्कार! पिछले ट्यूटोरियल में हमने डेटा चुना और हमने सफलतापूर्वक अपने पेज पर डेटा दर्शाया,89,6.98,0.1237216517329216,0.0,12.8,True,
rvc_876898_01296.wav,876898,hi,अब जैसा कि मेरे पास मेल सर्वर नहीं है मैं अपने विश्वविद्यालय के ईमेल सिस्टम का उपयोग करूँगा जो कि मेरे विश्वविद्यालय ईमेल पर dns  या domain name server डोमैन नेम सर्वर है,170,11.98,0.14286953210830688,0.0,14.2,True,
rvc_876898_01297.wav,876898,hi,अतः हम क्या कर रहे हैं कि हम इस टेबल से अपना पासवर्ड हैश चुन रहे हैं जहाँ यूजरनेम सेशननेम के समान है और यह alex के समान है,122,9.98,0.1498282104730606,0.0,12.2,True,
rvc_876898_01298.wav,876898,hi,ऐसा करने के लिए उसी पेज के शीर्ष पर search the catalog फिल्ड पर जाएँ,68,7.98,0.10062992572784424,0.0,8.5,True,
rvc_876898_01299.wav,876898,hi,सुनिश्चित कर लें कि objects माप में बने to हमेशा दोनों rulers के लिए समान इकाइयों को set करें,93,7.98,0.11496144533157349,0.0,11.7,True,
rvc_876898_01300.wav,876898,hi,यदि इसे एको करते हैं हम सोच सकते हैं कि क्या होगा,49,2.98,0.0003775744407903403,0.0,16.4,False,near-silent (rms 0.0004)
rvc_876898_01301.wav,876898,hi,हालाँकि इस समय प्रत्येक argument अलग line में printed किया जायेगा,65,6.98,0.07498038560152054,0.0,9.3,True,
rvc_876898_01302.wav,876898,hi,sevenreasonstoadoptfoss odt governmentsupportforfossinindia odt,63,7.98,0.14360551536083221,0.0,7.9,True,
rvc_876898_01303.wav,876898,hi,मैं यह आप पर छोड़ता हूँ कि एक और जाँच प्रविष्ट करिये यह देखने के लिए कि पासवर्ड 6 अक्षरों से बड़ा होना चाहिए और 25 अक्षरों से बड़ा नहीं होना चाहिए,146,10.98,0.13261829316616058,0.0,13.3,True,
rvc_876898_01304.wav,876898,hi,चूँकि हम desktop पर pdf file पहले ही सेव कर चुके हैं हम pdf file पर doubleclick करेंगे,86,6.98,0.11136386543512344,0.0,12.3,True,
rvc_876898_01305.wav,876898,hi,इस tutorial में हम निम्न सीखेंगे:,33,3.98,0.09209854900836945,0.0,8.3,True,
rvc_876898_01306.wav,876898,hi,cell c10 में is equal to max और कोष्ठकों के अंदर c3 colon c7 type करें,70,9.98,0.1065215989947319,0.0,7.0,True,
rvc_876898_01307.wav,876898,hi,options dialog box में libreoffice पर click करें और फिर user data पर click करें,79,6.98,0.14044669270515442,0.0,11.3,True,
rvc_876898_01308.wav,876898,hi,यह हमारे यूज़र लॉगिन ट्यूटोरियल से आगे है अतः इनको साथ में रखकर हमें पूरी तरह से कार्य करने वाला यूज़र रजिस्टर और लॉगिन प्रक्रिया प्राप्त हुआ है,144,8.98,0.15926897525787354,0.0,16.0,True,
rvc_876898_01309.wav,876898,hi,database administrative user के रूप में अपने वर्तमान सत्र से लॉगआउट करें,72,4.98,0.11081786453723907,0.0,14.5,True,
rvc_876898_01310.wav,876898,hi,हम इनका उपयोग करके रिकार्ड्स में यहाँ वहां जा सकते हैं,54,4.98,0.12566795945167542,0.0,10.8,True,
rvc_876898_01311.wav,876898,hi,tasks pane में master पेज के preview पर click करें,50,4.98,0.11993405222892761,0.0,10.0,True,
rvc_876898_01312.wav,876898,hi,slide text holder की तुलना में notes place holder के आकार को व्यवस्थित करें,75,5.98,0.12248128652572632,0.0,12.5,True,
rvc_876898_01313.wav,876898,hi,अधिक जानकारी के लिए कृपया contact @spokentutorial org पर लिखें,62,6.98,0.14462250471115112,0.0,8.9,True,
rvc_876898_01314.wav,876898,hi,इस tutorial में हम निम्न सीखेंगे:,33,3.98,0.08964342623949051,0.0,8.3,True,
rvc_876898_01315.wav,876898,hi,अब उदाहरण के लिए sheet 4 का now बदलकर dump रखना है तो ऐसा आप sheet 4 टैब पर double क्लिक करके कर सकते हैं,105,9.98,0.10056834667921066,0.0,10.5,True,
rvc_876898_01316.wav,876898,hi,अब आप यहाँ देख सकते हैं कि हमारे पास हमारे रिकार्डसअभिलेख हैं,61,5.98,0.1045306846499443,0.0,10.2,True,
rvc_876898_01317.wav,876898,hi,आप अलगअलग वाक्यों के साथ अभ्यास कर सकते हैं,43,3.98,0.1628514528274536,0.0,10.8,True,
rvc_876898_01318.wav,876898,hi,निम्न के लिए अपनी sql queries लिखिये और जाँचिये:,48,4.98,0.11710712313652039,0.0,9.6,True,
rvc_876898_01319.wav,876898,hi,चलिए मैं आपको यहाँ इस पेज पर वापस ले चलता हूँ हम देख सकते हैं कि सब कुछ ठीक कार्य कर रहा है,91,3.98,0.13125701248645782,0.0,22.9,True,
rvc_876898_01320.wav,876898,hi,इस तरीके से मेरा ईमेल मेरे विश्वविद्यालय के माध्यम से भेजा जाता है,66,4.98,0.13071121275424957,0.0,13.3,True,
rvc_876898_01321.wav,876898,hi,अतः यह सफल क्वेरी होनी चाहिए तथा आप अंत में कुछ एरर मैसेज टाइप कर सकते हैं  or die query didnt work,99,9.98,0.12337616831064224,0.0,9.9,True,
rvc_876898_01322.wav,876898,hi,अब में koha में records के इंपोर्ट की पुष्टि करने के लिए एक छोटा परीक्षण करूँगी,79,6.98,0.0975656509399414,0.0,11.3,True,
rvc_876898_01323.wav,876898,hi,आप देखेंगे कि सक्रिय ruler सफेद रंग में है,42,3.98,0.11379806697368622,0.0,10.6,True,
rvc_876898_01324.wav,876898,hi,यदि हमें वे अलग लाइन पर चाहिए तो हमें br का उपयोग करना होगा,59,8.98,0.1426694244146347,0.0,6.6,True,
rvc_876898_01325.wav,876898,hi,यह अन्य for loop है जो प्रत्येक argument को अलग line में print करेगा,68,5.98,0.08614953607320786,0.0,11.4,True,
rvc_876898_01326.wav,876898,hi,राइटर में शुरूआत के लिए applications  office और libreoffice writer पर क्लिक करें,80,8.98,0.11209264397621155,0.0,8.9,True,
rvc_876898_01327.wav,876898,hi,अतः सचमुच में यहाँ कई सारी जाँच हैं जो आप कर सकते हैं किन्तु php में mysql डेटाबेस का इस्तेमाल करते हुए पासवर्ड बदलने का यह एक बुनियादी ढाँचा है,144,10.98,0.13679765164852142,0.0,13.1,True,
rvc_876898_01328.wav,876898,hi,अब file option पर click करें और फिर print पर click करें,55,5.98,0.07561512291431427,0.0,9.2,True,
rvc_876898_01329.wav,876898,hi,calc में अन्य शीट्स का उल्लेख कैसे करें,39,2.98,0.1266501247882843,0.0,13.1,True,
rvc_876898_01330.wav,876898,hi,अब enter की दबाएँ,17,2.98,0.1348656266927719,0.0,5.7,False,speech too slow / stalled (6 chars/s)
rvc_876898_01331.wav,876898,hi,dialog box के दायीं तरफ आप यूजर data की जानकारी डाल सकते हैं,60,5.98,0.08884787559509277,0.0,10.0,True,
rvc_876898_01332.wav,876898,hi,मैं इसे मेरे बहुत सारे प्रोजेक्ट कार्यों में इस्तेमाल करूँगा उदाहरणस्वरुप,73,7.98,0.10209276527166367,0.0,9.1,True,
rvc_876898_01333.wav,876898,hi,ऐसा करने के लिए ऊपरी दाएं कोने पर जाएं और no library set पर click करें,70,6.98,0.10036873072385788,0.0,10.0,True,
rvc_876898_01334.wav,876898,hi,अब हम लिबरऑफिस बेस में सिम्पल फॉर्म्स पर इस ट्यूटोरियल की समाप्ति की ओर हैं,75,5.98,0.11932281404733658,0.0,12.5,True,
rvc_876898_01335.wav,876898,hi,right click करें और apply to all slides चुनें,45,3.98,0.12696868181228638,0.0,11.3,True,
rvc_876898_01336.wav,876898,hi,notes को black and white portrait format में print करें,55,4.98,0.1488763391971588,0.0,11.0,True,
rvc_876898_01337.wav,876898,hi,spoken tutorial project talktoa teacher project का हिस्सा है यह भारत सरकार के एमएचआरडी के आईसीटी के माध्यम से राष्ट्रीय साक्षरता mission द्वारा समर्थित है,154,10.98,0.14053776860237122,0.0,14.0,True,
rvc_876898_01338.wav,876898,hi,calc में अन्य शीट्स का उ ल्लेख कैसे करें,40,3.98,0.11159513145685196,0.0,10.1,True,
rvc_876898_01339.wav,876898,hi,आप देखते हैं कि rename sheet heading के साथ एक dialog box opens होता है यहाँ एक टेक्स्ट box है जिसमें default रूप से sheet 4 लिखा है,132,9.98,0.12052527070045471,0.0,13.2,True,
rvc_876898_01340.wav,876898,hi,मैं इस ट्यूटोरियल को फिर से कर रहा हूँ क्योंकि जब मैंने पहली बार किया था वह काम नही किया था,91,4.98,0.12366026639938354,0.0,18.3,True,
rvc_876898_01341.wav,876898,hi,अब पहले मेन्यू में वापस जाने के लिए esc दबाएँ,45,4.98,0.11867068707942963,0.0,9.0,True,
rvc_876898_01342.wav,876898,hi,1 library में सभी पुस्तकों की गिनती प्राप्त करिये,49,2.98,0.1428689807653427,0.0,16.4,True,
rvc_876898_01343.wav,876898,hi,हमारा सारा डेटा यहाँ हमारे पास है,33,6.98,0.12035670876502991,0.0,4.7,False,speech too slow / stalled (5 chars/s)
rvc_876898_01344.wav,876898,hi,यदि आप विशेष dns सर्वर के बारे में जानते हैं यदि आपके पास डोमैन नेम पहले से ही है यदि आपकी वेबसाइट है तो आप इसे जानेंगे या कम से कम आप इसका पता लगाने में सक्षम होंगे,165,10.98,0.13302716612815857,0.0,15.0,True,
rvc_876898_01345.wav,876898,hi,आप इस एरर मैसेज के साथ कुछ कल्पनाशील हो सकते हैं और अपनी पसंद से टाइप कर सकते हैं,81,8.98,0.1364283412694931,0.0,9.0,True,
rvc_876898_01346.wav,876898,hi,इसलिए मैं citation section में इंपोर्ट किए गए record में से किसी एक शीर्षक पर टाइप करूंगी,89,6.98,0.10202301293611526,0.0,12.8,True,
rvc_876898_01347.wav,876898,hi,ruler का अंतभाग पेज margin values को दर्शाता है जिसे हमने page setup में set किया है,84,6.98,0.13702115416526794,0.0,12.0,True,
rvc_876898_01348.wav,876898,hi,तो यदि किसी कारण से आपको html का उपयोग नहीं करना है या यदि आप डेटाबेस के परिणाम से ले रहे हैं तो उसमें लाइन ब्रेक डालने के लिए आपको एक काफी जटिल फंक्शन बनाना होगा,162,13.98,0.14055275917053223,0.0,11.6,True,
rvc_876898_01349.wav,876898,hi,अब देखते हैं कैसे  सेव पर click करें,36,2.98,0.08576617389917374,0.0,12.1,True,
rvc_876898_01350.wav,876898,hi,sevenreasonstoadoptfossodt को खोलें,35,6.98,0.10503024607896805,0.0,5.0,False,speech too slow / stalled (5 chars/s)
rvc_876898_01351.wav,876898,hi,आशा है कि आपने इसका आनंद लिया यदि आपकी कोई टिप्पणी या प्रश्न है तो कृपया मुझे बताइए साथ ही विडियो अपडेट्स के लिए सब्सक्राइब करें,128,7.98,0.12852157652378082,0.0,16.0,True,
rvc_876898_01352.wav,876898,hi,चलिए default settings पर click करें और फिर print preview button पर click करें,77,4.98,0.11393731087446213,0.0,15.5,True,
rvc_876898_01353.wav,876898,hi,calc में hyperlinks का इस्तेमाल कैसे करें,41,3.98,0.10222714394330978,0.0,10.3,True,
rvc_876898_01354.wav,876898,hi,ध्यान दें कि उत्तर 6000 है जोकि column में अधिकतम value है,58,6.98,0.09821653366088867,0.0,8.3,True,
rvc_876898_01355.wav,876898,hi,आपकी जरूरतों के अनुसार आप यहाँ विवरण भर सकते हैं,48,3.98,0.12659449875354767,0.0,12.1,True,
rvc_876898_01356.wav,876898,hi,मैं किसी पर एक प्रोजेक्ट बना सकता हूँ जो कि यूज़र लॉगिन और यूज़र रजिस्ट्रेशन इस्तेमाल करता हो अतः मैं इसे बहुत इस्तेमाल करूँगा,126,6.98,0.1637965887784958,0.0,18.1,True,
rvc_876898_01357.wav,876898,hi,dropdown मैन्यू से logout पर click करें,39,4.98,0.10223505645990372,0.0,7.8,True,
rvc_876898_01358.wav,876898,hi,संक्षेप में हमने सीखाform क्या है wizard का उपयोग करके form कैसे बनायें,71,7.98,0.12794160842895508,0.0,8.9,True,
rvc_876898_01359.wav,876898,hi,close master view button पर क्लिक करके master view बंद करें,59,4.98,0.13523338735103607,0.0,11.8,True,
rvc_876898_01360.wav,876898,hi,आपको notes की पाँच प्रतियाँ print करनी हैं,42,3.98,0.1239299476146698,0.0,10.6,True,
rvc_876898_01361.wav,876898,hi,इस mission पर अधिक जानकारी दिए गए लिंक पर उपलब्ध है,51,10.98,0.14425252377986908,0.0,4.6,False,speech too slow / stalled (5 chars/s)
rvc_876898_01362.wav,876898,hi,calc में hyperlinks का इस्तेमाल कैसे करें,41,3.98,0.103414386510849,0.0,10.3,True,
rvc_876898_01363.wav,876898,hi,अब default name डिलीट करें और now sheet को dump name दें,56,4.98,0.12420336157083511,0.0,11.2,True,
rvc_876898_01364.wav,876898,hi,अतः सर्वप्रथम मैं यहाँ इस डेटा को डिलीट कर देता हूँ,51,7.98,0.10868830233812332,0.0,6.4,True,
rvc_876898_01365.wav,876898,hi,आप्शन मेन्यू प्रदर्शित होता है,30,2.98,0.10466232895851135,0.0,10.1,True,
rvc_876898_01366.wav,876898,hi,2 प्रत्येक author द्वारा लिखी गयी पुस्तकों की गिनती प्राप्त करिये,65,4.98,0.1274852603673935,0.0,13.1,True,
rvc_876898_01367.wav,876898,hi,अगली चीज़ हम सीखेंगे कि कैसे कहीं बताएँ कि प्रयोगकर्तायूजरखुद डेटा डाल सकता है और विस्तृत कर सकता है,100,6.98,0.11505164206027985,0.0,14.3,True,
rvc_876898_01368.wav,876898,hi,आप इसके माध्यम से ईमेल भेजने के लिए सक्षम होंगे,47,4.98,0.08621910959482193,0.0,9.4,True,
rvc_876898_01369.wav,876898,hi,उसी तरह यहाँ आप लिख सकते हैं or die आप यहाँ अपना एरर मैसेज जोड़ सकते हैं लेकिन समय बचाने के लिए मैं अभी नहीं कर रहा हूँ,119,8.98,0.1516776829957962,0.0,13.3,True,
rvc_876898_01370.wav,876898,hi,फिर field के दाईं ओर submit बटन पर क्लिक करें,45,4.98,0.09101031720638275,0.0,9.0,True,
rvc_876898_01371.wav,876898,hi,देखते हैं कि ruler objects के लिए माप कैसे दर्शाता है,53,3.98,0.13736402988433838,0.0,13.3,True,
rvc_876898_01372.wav,876898,hi,यह होता है जब लोग इसे डेटाबेस में सेट करते हैं,46,2.98,0.14171218872070312,0.0,15.4,True,
rvc_876898_01373.wav,876898,hi,terminal पर आते हैं,19,2.98,0.061244476586580276,0.0,6.4,True,
rvc_876898_01374.wav,876898,hi,record changes ऑप्शन को सेट करने के लिए,39,2.98,0.12260840833187103,0.0,13.1,True,
rvc_876898_01375.wav,876898,hi,देखने के लिए धन्यवाद मैं रवि कुमार आईआईटी बॉम्बे की ओर से अब आपसे विदा लेता हूँ,79,4.52,0.13960953056812286,0.0,17.5,True,
rvc_539354_01376.wav,539354,hi,ये बादल के किनारों को दर्शाते हैं,33,2.98,0.18308256566524506,0.0,11.1,True,
rvc_539354_01377.wav,539354,hi,लेकिन यदि आप एक स्ट्रिंग की शुरुआत में nl2br लिख रहे हैं और हम यहाँ पर कोष्ठक का अंत करेंगे,91,4.98,0.1668618619441986,0.0,18.3,True,
rvc_539354_01378.wav,539354,hi,ये $@ द्वारा printed किये गए arguments हैं,42,3.98,0.247288778424263,0.0,10.6,True,
rvc_539354_01379.wav,539354,hi,show ऑप्शन भी चुनित होना चाहिए यह किसी भी आगामी संपादन को स्पष्टतः रिकार्ड करने के लिए सक्षम हो जाएगा,101,7.98,0.1853906810283661,0.0,12.7,True,
rvc_539354_01380.wav,539354,hi,हम यहाँ अपने डेटाबेस से पहले ही जुड़ चुके हैं,45,2.98,0.18321968615055084,0.0,15.1,True,
rvc_539354_01381.wav,539354,hi,अब हम लिबर ऑफिस writer पर spoken tutorial की समाप्ति की ओर हैं,62,4.98,0.15479548275470734,0.0,12.4,True,
rvc_539354_01382.wav,539354,hi,personalfinancetracker ods खोलते हैं,36,4.98,0.15119315683841705,0.0,7.2,True,
rvc_539354_01383.wav,539354,hi,ध्यान दें कि उत्तर 300 है जोकि cost column में न्यूनतम वैल्यू है,64,5.98,0.12478803843259811,0.0,10.7,True,
rvc_539354_01384.wav,539354,hi,teacher a b name text box में प्रविष्ट हो चुका है,49,4.98,0.1483321636915207,0.0,9.8,True,
rvc_539354_01385.wav,539354,hi,भविष्य में अपडेट्स के लिए हमसे जुड़िये देखने के लिए धन्यवाद आय आय टी बॉम्बे की तरफ से मैं रवि कुमार अब आपसे विदा लेता हूँ धन्यवाद,129,3.26,0.19052372872829437,0.0,39.6,False,speech too fast / truncated (40 chars/s)
rvc_539354_01386.wav,539354,hi,इस पर अधिक जानकारी के लिए उपलब्ध link पर संपर्क करें,52,3.98,0.15774814784526825,0.0,13.1,True,
rvc_539354_01387.wav,539354,hi,अब slide की लेआउट को बदलना सीखते हैं,36,3.98,0.15564784407615662,0.0,9.0,True,
rvc_539354_01388.wav,539354,hi,spoken tutorial project team spoken tutorial का उपयोग करके कार्यशालाएँ भी चलाते हैं उनको प्रमाणपत्र भी देते हैं जो online test pass करते हैं,140,8.98,0.17138810455799103,0.0,15.6,True,
rvc_539354_01389.wav,539354,hi,इस tutorial में हम impress में custom animation के बारे में सीखेंगे,67,4.98,0.13906656205654144,0.0,13.5,True,
rvc_539354_01390.wav,539354,hi,personalfinancetracker ods खोलते हैं,36,4.98,0.14067338407039642,0.0,7.2,True,
rvc_539354_01391.wav,539354,hi,संक्षेप में हमने निम्न सीखा हैः rows और columns को जोड़ना to डिलीट करना,71,5.98,0.1725378781557083,0.0,11.9,True,
rvc_539354_01392.wav,539354,hi,यहाँ केवल हमारे फील्ड्स के नाम हैं,34,2.98,0.15873770415782928,0.0,11.4,True,
rvc_539354_01393.wav,539354,hi,cells को मर्ज करना cells में fit करने के लिए text को कम श्रिंक करना,67,2.98,0.16424545645713806,0.0,22.5,True,
rvc_539354_01394.wav,539354,hi,word list editor विंडो प्रदर्शित होती है,40,2.98,0.1870664656162262,0.0,13.4,True,
rvc_539354_01395.wav,539354,hi,from books,10,7.98,0.11528053879737854,0.0,1.3,False,speech too slow / stalled (1 chars/s)
rvc_539354_01396.wav,539354,hi,यहाँ जानने के लिए काफी सारी और कुछ अन्य चीज़ें हैं,50,6.98,0.1337825357913971,0.0,7.2,True,
rvc_539354_01397.wav,539354,hi,और इसको करने का सही तरीका है कि यहाँ आएँ और अपने वेरिएबल्स को सेट करें,70,4.98,0.13269348442554474,0.0,14.1,True,
rvc_539354_01398.wav,539354,hi,डेटा बेस के अंदर हमारा पुराना पासवर्ड हमारी रो के समान होगा,59,4.98,0.1739208996295929,0.0,11.8,True,
rvc_539354_01399.wav,539354,hi,इसके साथ हमने marc को koha में इंपोर्ट किया है,46,5.98,0.2188982218503952,0.0,7.7,True,
rvc_539354_01400.wav,539354,hi,यदि आप इन चिन्हों को ruler पर स्थानांतरित करते हैं आप देखेंगे कि आकृति तदनुसार परिवर्तित होती है,96,5.98,0.16196490824222565,0.0,16.1,True,
rvc_539354_01401.wav,539354,hi,आप देखेंगे कि यह उसी तरह एको करेगा जैसा हम चाहते हैं,52,3.98,0.16832205653190613,0.0,13.1,True,
rvc_539354_01402.wav,539354,hi,$@ प्रत्येक argument को अलग line में prints करता है,51,3.98,0.2650041878223419,0.0,12.8,True,
rvc_539354_01403.wav,539354,hi,डॉक्युमेंट में दूसरे बिंदु को प्रविष्ट करें,43,4.98,0.1713552474975586,0.0,8.6,True,
rvc_539354_01404.wav,539354,hi,हम यहाँ पहले ही जुड़ चुके हैं तो फिर से जोड़ने की आवश्यकता नहीं है क्योंकि यह कमांड पहले ही फिर से जारी हो चुकी है,114,8.98,0.14430956542491913,0.0,12.7,True,
rvc_539354_01405.wav,539354,hi,document print करना,19,2.98,0.1420956403017044,0.0,6.4,True,
rvc_539354_01406.wav,539354,hi,हमारी file की sheet 1 personal finance tracker के लिए spreadsheet सम्मिलित करती है,82,5.98,0.16591982543468475,0.0,13.7,True,
rvc_539354_01407.wav,539354,hi,मध्य value निकलने के लिए शब्द min को median से बदलें,52,5.98,0.13063080608844757,0.0,8.7,True,
rvc_539354_01408.wav,539354,hi,इस box को खींचें और draw पेज के दाएँ कोने में नीचे time field के ठीक ऊपर उसे रख दें,83,7.98,0.14688339829444885,0.0,10.4,True,
rvc_539354_01409.wav,539354,hi,यूज़र रजिस्ट्रेशन ट्यूटोरियल के पाँचवे भाग में आपका स्वागत है हम अपनी रजिस्ट्रेशन लॉगिन प्रक्रिया में कुछ अंशों और टुकड़ों को व्यवस्थित करेंगे,142,10.98,0.17994721233844757,0.0,12.9,True,
rvc_539354_01410.wav,539354,hi,यह script देवेन्द्र कैरवान द्वारा अनुवादित है आई आई टी बॉम्बे की ओर से मैं रवि कुमार अब आपसे विदा लेता हूँ हमसे जुड़ने के लिए धन्यवाद,133,14.64,0.14437775313854218,0.0,9.1,True,
rvc_539354_01411.wav,539354,hi,लेआउट्स क्या हैं  लेआउट slide templates हैं जो प्लेसहोल्डर के साथ content की स्थिति के लिए पहले से ही formatted हैं,115,8.98,0.18787001073360443,0.0,12.8,True,
rvc_539354_01412.wav,539354,hi,अधिक जानकारी के लिए कृपया हमें contact @spoken hyphen tutorial org पर लिखें,75,5.98,0.17923538386821747,0.0,12.5,True,
rvc_539354_01413.wav,539354,hi,यहाँ हम उबंटू लिनक्स 1004 और लिबरऑफिस सूट वर्जन 334 का उपयोग कर रहे हैं,71,8.98,0.16576305031776428,0.0,7.9,True,
rvc_539354_01414.wav,539354,hi,हमारी file की sheet 1 personal finance tracker के लिए spreadsheet सम्मिलित करती है,82,5.98,0.1698552966117859,0.0,13.7,True,
rvc_539354_01415.wav,539354,hi,शीट्स को जोड़ना तथा डिलीट करना शीट्स को फिर से नाम देना,55,4.98,0.16785846650600433,0.0,11.0,True,
rvc_539354_01416.wav,539354,hi,इसके साथ यहाँ पर शुरू करने के लिए चलिए इसको केवल कमेंट करते हैं,63,3.98,0.11888115108013153,0.0,15.8,True,
rvc_539354_01417.wav,539354,hi,व्यापक नियतकार्य,16,2.98,0.15844064950942993,0.0,5.4,False,speech too slow / stalled (5 chars/s)
rvc_539354_01418.wav,539354,hi,वर्ड लिस्ट एडिटर विंडो में new पर क्लिक करें,44,3.98,0.1829373687505722,0.0,11.1,True,
rvc_539354_01419.wav,539354,hi,इसी के साथ हम libreoffice base sql view में अधिक queries के इस tutorial की समाप्ति की ओर आ गये हैं,98,7.98,0.16148576140403748,0.0,12.3,True,
rvc_539354_01420.wav,539354,hi,मैं firstname lastname जन्मतिथि और gender या तो male या female  को रखूँगा,73,8.98,0.12477917969226837,0.0,8.1,True,
rvc_539354_01421.wav,539354,hi,ओके हमें php dot ini में smtp सेट करने की आवश्यकता है,53,12.98,0.12136746197938919,0.0,4.1,False,speech too slow / stalled (4 chars/s)
rvc_539354_01422.wav,539354,hi,याद रखें यह एक अरै की रचना करता है,34,2.98,0.1775950789451599,0.0,11.4,True,
rvc_539354_01423.wav,539354,hi,संक्षेप में,11,12.98,0.21533891558647156,0.0,0.8,False,speech too slow / stalled (1 chars/s)
rvc_539354_01424.wav,539354,hi,ruler पेज पर object का आकार दिखाता है,37,3.98,0.1869477778673172,0.0,9.3,True,
rvc_539354_01425.wav,539354,hi,हमें ऊपर एक लाइन ब्रेक मिलेगा क्योंकि हमने यह किया है – यहाँ एक स्पेस दी है चलिए इसे हटाते हैं,94,7.98,0.10092298686504364,0.0,11.8,True,
rvc_539354_01426.wav,539354,hi,यह दूसरे for loop के लिए output है,34,4.98,0.18144488334655762,0.0,6.8,True,
rvc_539354_01427.wav,539354,hi,हम बिंदु क्रमांक 2 पर जायेंगे और टाइप करेंगे,44,2.98,0.1424221396446228,0.0,14.8,True,
rvc_539354_01428.wav,539354,hi,मैं query change नामक एक नई क्वेरी बनाऊँगा और यह mysql query फंक्शन के बराबर होगी,81,6.98,0.1399790346622467,0.0,11.6,True,
rvc_539354_01429.wav,539354,hi,writer में this is libreoffice writer text लिखें,48,4.98,0.1540868878364563,0.0,9.6,True,
rvc_539354_01430.wav,539354,hi,मैंने columns spent और received में कुछ राशियाँ जोड़ दी हैं,59,8.98,0.12479376792907715,0.0,6.6,True,
rvc_539354_01431.wav,539354,hi,और enter की दबाएँ,17,2.98,0.16896724700927734,0.0,5.7,False,speech too slow / stalled (6 chars/s)
rvc_539354_01432.wav,539354,hi,अब क्या यदि draw पेज में प्रविष्ट किए हुए fields को हम मिटाना चाहते हैं,71,5.98,0.14349499344825745,0.0,11.9,True,
rvc_539354_01433.wav,539354,hi,फिर हम एक पूर्ण जाँच करेंगे यह देखने के लिए यदि यह वाकई में कार्य कर रहा है,75,2.98,0.18574462831020355,0.0,25.2,True,
rvc_539354_01434.wav,539354,hi,लिबर ऑफिस base पर spoken tutorial में आपका स्वागत है,52,2.98,0.1365615725517273,0.0,17.4,True,
rvc_539354_01435.wav,539354,hi,slide लेआउट देखने के लिए दाएँ panel से layouts पर click करें,60,5.98,0.14476609230041504,0.0,10.0,True,
rvc_539354_01436.wav,539354,hi,spoken tutorial project talktoateacher project का हिस्सा है यह भारत सरकार के एमएचआरडी के आईसीटी के माध्यम से राष्ट्रीय साक्षरता mission द्वारा समर्थित है,153,12.98,0.16315671801567078,0.0,11.8,True,
rvc_539354_01437.wav,539354,hi,पहले प्रस्तुति sampleimpress odp खोलें,38,4.98,0.13808958232402802,0.0,7.6,True,
rvc_539354_01438.wav,539354,hi,मैंने columns spent और received में कुछ राशियाँ जोड़ दी हैं,59,9.98,0.10884231328964233,0.0,5.9,False,speech too slow / stalled (6 chars/s)
rvc_539354_01439.wav,539354,hi,व्यापक नियत कार्य spreadsheet practice ods file खोलें,53,5.98,0.1400042027235031,0.0,8.9,True,
rvc_539354_01440.wav,539354,hi,अतः write some data फिर हम एक क्वेरी निर्धारित करेंगे जो डेटा लिखेगा,68,4.98,0.16655951738357544,0.0,13.7,True,
rvc_539354_01441.wav,539354,hi,spreadsheet practice ods sheet open करें,40,3.98,0.14302608370780945,0.0,10.1,True,
rvc_539354_01442.wav,539354,hi,create a new wordlist विंडो प्रदर्शित होती है,45,2.98,0.16483519971370697,0.0,15.1,True,
rvc_539354_01443.wav,539354,hi,संक्षिप्त में हमने सीखा कि:,27,2.98,0.14328528940677643,0.0,9.1,True,
rvc_539354_01444.wav,539354,hi,यहाँ नीचे मैं फॉर्मformबनाऊँगा,30,6.98,0.11698353290557861,0.0,4.3,False,speech too slow / stalled (4 chars/s)
rvc_539354_01445.wav,539354,hi,और मेरी php dot ini फाइल खोलने के बजाय मैं ini set फंक्शन का उपयोग करूँगा,73,5.98,0.1626785695552826,0.0,12.2,True,
rvc_539354_01446.wav,539354,hi,अतः यह वेल्यू  password है  क्योंकि यहाँ हमारे डेटा बेस के अंदर यह password  है आपको लेबल्स का उपयोग करने की आवश्यकता है,120,7.98,0.18985635042190552,0.0,15.0,True,
rvc_539354_01447.wav,539354,hi,नियतकार्य के लिए,16,9.98,0.27368804812431335,0.0,1.6,False,speech too slow / stalled (2 chars/s)
rvc_539354_01448.wav,539354,hi,यह हमें पेज पर object के स्थान और पेज सीमाओं को दर्शाने के लिए भी सक्षम बनाता है,80,6.98,0.14172106981277466,0.0,11.5,True,
rvc_539354_01449.wav,539354,hi,तो nl2br  के बिना हमें सभी चीज़ें एक लाइन पर मिलेंगी और nl2br के साथ हमें अलगअलग लाइन्स मिलेंगी जैसे कि हम चाहते हैं,116,13.98,0.1729804426431656,0.0,8.3,True,
rvc_539354_01450.wav,539354,hi,अब bash में quoting quoting पर जाते हैं,39,2.98,0.23555411398410797,0.0,13.1,True,
rvc_539354_01451.wav,539354,hi,जिससे वर्तमान बिंदु 2 बिंदु क्रमांक 3 हो जाता है,48,4.98,0.1714818775653839,0.0,9.6,True,
rvc_539354_01452.wav,539354,hi,अब यह कोड का नया भाग है अतः मैं नीचे स्क्रोल करूँगा जिससे कि आप इसे आसानी से देख सकें,85,5.98,0.16318941116333008,0.0,14.2,True,
rvc_539354_01453.wav,539354,hi,document को पूर्ण screen में देखने के लिए full screen ऑप्शन का उपयोग करें,73,5.98,0.12479197978973389,0.0,12.2,True,
rvc_539354_01454.wav,539354,hi,अब क्रमशः cost और spent के नीचे घटकों का कुल जोड़ निकालें,57,6.98,0.13175629079341888,0.0,8.2,True,
rvc_539354_01455.wav,539354,hi,उत्तर 800 प्रदर्शित होता है जोकि column में मध्य कीमत है,56,6.98,0.12057650834321976,0.0,8.0,True,
rvc_539354_01456.wav,539354,hi,box text box चुनें और delete की दबाएँ,37,3.98,0.16524069011211395,0.0,9.3,True,
rvc_539354_01457.wav,539354,hi,पिछले भाग में आपने देखा था कि मैंने खुद को डेटाबेस में रजिस्टर कर लिया था सब कुछ ठीक सही किया था और मैं यहाँ लॉगिन स्क्रीन पर हूँ,129,9.98,0.17330102622509003,0.0,12.9,True,
rvc_539354_01458.wav,539354,hi,इस tutorial में हम libreoffice में simple forms के बारे में सीखेंगे,67,5.98,0.1705670803785324,0.0,11.2,True,
rvc_539354_01459.wav,539354,hi,impress में मौजूद लेआउट्स प्रदर्शित होते हैं,44,2.98,0.18863949179649353,0.0,14.8,True,
rvc_539354_01460.wav,539354,hi,इस mission पर अधिक जानकारी के लिए उपलब्ध लिंक पर संपर्क करेंspoken hyphen tutorial dot org slash nmeict hyphen intro,116,9.98,0.15176476538181305,0.0,11.6,True,
rvc_539354_01461.wav,539354,hi,slides pane से potential alternatives थंबनेल पर click करें,58,5.98,0.16730913519859314,0.0,9.7,True,
rvc_539354_01462.wav,539354,hi,अब क्रमशः cost और spent के नीचे घटकों का कुल जोड़ निकालें,57,6.98,0.15318694710731506,0.0,8.2,True,
rvc_539354_01463.wav,539354,hi,serial number heading वाली row को चुनें और डिलीट करें sheet को फिर से नाम दें department sheet,94,6.98,0.16308261454105377,0.0,13.5,True,
rvc_539354_01464.wav,539354,hi,अतः write और हम mysql query फंक्शनfuction उपयोग करेंगे,54,6.98,0.16434475779533386,0.0,7.7,True,
rvc_539354_01465.wav,539354,hi,हैडिंग्स को नीलाब्लू बैकग्राउंड कलर दें,39,4.98,0.11639159172773361,0.0,7.8,True,
rvc_539354_01466.wav,539354,hi,create a new wordlist विंडो में learn to type टाइप करें ok पर क्लिक करें,72,11.98,0.1532476544380188,0.0,6.0,True,
rvc_539354_01467.wav,539354,hi,कैसे sql view में queries बनाएँ,31,3.98,0.12784738838672638,0.0,7.8,True,
rvc_539354_01468.wav,539354,hi,यह एक html फॉर्म होगा अतः हमें अपने टैग्स को शुरू और अंत करने की आवश्यकता है,76,2.98,0.17491476237773895,0.0,25.5,True,
rvc_539354_01469.wav,539354,hi,और वेरिएबल नेम है smtp,22,6.98,0.17595253884792328,0.0,3.2,False,speech too slow / stalled (3 chars/s)
rvc_539354_01470.wav,539354,hi,अपना पुराना पासवर्ड और नया पासवर्ड चेक करना एक सरल if स्टेटमेंट है,66,7.98,0.167557954788208,0.0,8.3,True,
rvc_539354_01471.wav,539354,hi,संकेत:कृपया conversion of excel data to marc 21 format ट्यूटोरियल देखें,71,7.98,0.2599407434463501,0.0,8.9,True,
rvc_539354_01472.wav,539354,hi,अब दूसरे बुनियादी सहायकalign toolbar पर जाएँ,44,3.98,0.131665900349617,0.0,11.1,True,
rvc_539354_01473.wav,539354,hi,अच्छा तो समय की कमी है इसलिए विडियो यहीं रोक देते हैं अन्य फंक्शंस के लिए एक दूसरा भाग है कृपया उसे देखें,105,7.98,0.16984689235687256,0.0,13.2,True,
rvc_539354_01474.wav,539354,hi,double quote quote single quote,31,2.98,0.2139168381690979,0.0,10.4,True,
rvc_539354_01475.wav,539354,hi,ध्यान दें कि इनपुट टेक्स्ट नये रंग में आ गया है,47,3.98,0.1601548194885254,0.0,11.8,True,
rvc_539354_01476.wav,539354,hi,यह  update है  अतः मैं  update users लिख रहा हूँ जो आप देख सकते हैं कि हमारी टेबल है – अतः अपनी users टेबल को अपडेट करने के लिए,127,7.98,0.16655579209327698,0.0,15.9,True,
rvc_539354_01477.wav,539354,hi,document के optimal के साथ ही साथ variable view के लिए zoom option का उपयोग करें variable value 50%  set करें और फिर document देखें,131,11.98,0.14620602130889893,0.0,10.9,True,
rvc_539354_01478.wav,539354,hi,c9 उल्लिखित cell पर click करें और formula is equal to sum और कोष्ठकों के अंदर c3 colon c7 टाइप करें,99,12.98,0.16974090039730072,0.0,7.6,True,
rvc_539354_01479.wav,539354,hi,इसी प्रकार से आप data पर अन्य statistical functions इस्तेमाल कर सकते हैं और तदनुसार विश्लेषण कर सकते हैं,104,7.98,0.16123612225055695,0.0,13.0,True,
rvc_539354_01480.wav,539354,hi,author name फाइल डिलीट करें,27,2.98,0.1097860336303711,0.0,9.1,True,
rvc_539354_01481.wav,539354,hi,देखते हैं यदि मैं लॉगिन कर सकता हूँ लिखते हैं username alex है और मेरा पासवर्ड वह पासवर्ड जो मैंने इस्तेमाल किया था,115,8.98,0.15376928448677063,0.0,12.8,True,
rvc_539354_01482.wav,539354,hi,यहाँ हम निम्न सीखेंगे,21,2.98,0.1234167218208313,0.0,7.0,True,
rvc_539354_01483.wav,539354,hi,लेआउट thumbnails देखें यह आपको लेआउट लागू करने के बाद slide कैसे दिखाई देगी है इसकी जानकारी देता है,99,8.98,0.18523475527763367,0.0,11.0,True,
rvc_539354_01484.wav,539354,hi,आई आई टी बॉम्बे की ओर से मैं रवि कुमार अब आपसे विदा लेता हूँ हमसे जुड़ने के लिए धन्यवाद,87,6.48,0.16143067181110382,0.0,13.4,True,
rvc_539354_01485.wav,539354,hi,यह slide अब main main पर प्रदर्शित होती है,42,3.98,0.1616930365562439,0.0,10.6,True,
rvc_539354_01486.wav,539354,hi,c9 उल्लिखित cell पर click करें और formula is equal to sum और कोष्ठकों के अंदर c3 colon c7 टाइप करें,99,11.98,0.1457819640636444,0.0,8.3,True,
rvc_539354_01487.wav,539354,hi,निम्न link पर उपलब्ध video देखें,32,3.98,0.1542193442583084,0.0,8.0,True,
rvc_539354_01488.wav,539354,hi,इसे करने के लिए डेटा को भीतर डालने के लिए हम insert टाइप करेंगे,63,4.98,0.16404935717582703,0.0,12.7,True,
rvc_539354_01489.wav,539354,hi,automatic wrapping का उपयोग करके text type करेंthis is a department spreadsheet,79,5.98,0.16001127660274506,0.0,13.2,True,
rvc_539354_01490.wav,539354,hi,word list editor विंडो प्रदर्शित होती है,40,2.98,0.15956296026706696,0.0,13.4,True,
rvc_539354_01491.wav,539354,hi,aggregate functions का इस्तेमाल कैसे करें,41,2.98,0.1643807291984558,0.0,13.8,True,
rvc_539354_01492.wav,539354,hi,हमारा actionएक्शनmysql dot php होगा और method post होगा,55,12.98,0.11526302248239517,0.0,4.2,False,speech too slow / stalled (4 chars/s)
rvc_539354_01493.wav,539354,hi,अतः हम अपनी php dot ini फाइल में इस लाइन को एडिट कर रहे हैं,59,3.98,0.16165384650230408,0.0,14.8,True,
rvc_539354_01494.wav,539354,hi,डेटाबेस में टाइप करें if the old password is equal to the old password,70,8.98,0.1302078813314438,0.0,7.8,True,
rvc_539354_01495.wav,539354,hi,निम्नलिखित link पर video spoken tutorial project का सारांश देता है कृपया इसे डाउनलोड करें और देखें,98,5.98,0.27376696467399597,0.0,16.4,True,
rvc_539354_01496.wav,539354,hi,हम align toolbar का उपयोग चुनित object को दायें बायें ऊपर नीचे और centre में पंक्तिबद्ध करने के लिए करते हैं,108,7.98,0.1759890913963318,0.0,13.5,True,
rvc_539354_01497.wav,539354,hi,आपसे फिर मिलेंगे यह स्क्रिप्ट सकीना शेख द्वारा अनुवादित है तथा आईआईटी बॉम्बे की ओर से मैं रवि कुमार आपसे विदा लेता हूँ धन्यवाद,126,5.82,0.16129718720912933,0.0,21.6,True,
rvc_539354_01498.wav,539354,hi,backslash backslash * double quote variables और commands की value को बदलता है,77,6.98,0.22203005850315094,0.0,11.0,True,
rvc_539354_01499.wav,539354,hi,इस टेक्स्ट पर माउस धुमाएँ आप मैसेज देखेंगे,42,4.98,0.1644885241985321,0.0,8.4,True,
rvc_539354_01500.wav,539354,hi,मैं set password equal to new password लिखूँगा,46,6.98,0.12605322897434235,0.0,6.6,True,
