filepath,label,language,speaker,source,tool,condition,utt_id,split
${DATA_ROOT}/clips/126393_rSn8GnGA2xpKk7qD_0000.wav,bonafide,hi-en,126393,mucs2021,none,clean,126393_rSn8GnGA2xpKk7qD_0000,train
${DATA_ROOT}/clips/126393_rSn8GnGA2xpKk7qD_0001.wav,bonafide,hi-en,126393,mucs2021,none,clean,126393_rSn8GnGA2xpKk7qD_0001,train
${DATA_ROOT}/clips/126393_rSn8GnGA2xpKk7qD_0002.wav,bonafide,hi-en,126393,mucs2021,none,clean,126393_rSn8GnGA2xpKk7qD_0002,train
${DATA_ROOT}/clips/126393_rSn8GnGA2xpKk7qD_0003.wav,bonafide,hi-en,126393,mucs2021,none,clean,126393_rSn8GnGA2xpKk7qD_0003,train
${DATA_ROOT}/clips/126393_rSn8GnGA2xpKk7qD_0004.wav,bonafide,hi-en,126393,mucs2021,none,clean,126393_rSn8GnGA2xpKk7qD_0004,train
${DATA_ROOT}/clips/126393_rSn8GnGA2xpKk7qD_0005.wav,bonafide,hi-en,126393,mucs2021,none,clean,126393_rSn8GnGA2xpKk7qD_0005,train
${DATA_ROOT}/clips/126393_rSn8GnGA2xpKk7qD_0006.wav,bonafide,hi-en,126393,mucs2021,none,clean,126393_rSn8GnGA2xpKk7qD_0006,train
${DATA_ROOT}/clips/126393_rSn8GnGA2xpKk7qD_0007.wav,bonafide,hi-en,126393,mucs2021,none,clean,126393_rSn8GnGA2xpKk7qD_0007,train
${DATA_ROOT}/clips/126393_rSn8GnGA2xpKk7qD_0008.wav,bonafide,hi-en,126393,mucs2021,none,clean,126393_rSn8GnGA2xpKk7qD_0008,train
${DATA_ROOT}/clips/126393_rSn8GnGA2xpKk7qD_0009.wav,bonafide,hi-en,126393,mucs2021,none,clean,126393_rSn8GnGA2xpKk7qD_0009,train
${DATA_ROOT}/clips/126393_rSn8GnGA2xpKk7qD_0010.wav,bonafide,hi-en,126393,mucs2021,none,clean,126393_rSn8GnGA2xpKk7qD_0010,train
${DATA_ROOT}/clips/126393_rSn8GnGA2xpKk7qD_0011.wav,bonafide,hi-en,126393,mucs2021,none,clean,126393_rSn8GnGA2xpKk7qD_0011,train
${DATA_ROOT}/clips/126393_rSn8GnGA2xpKk7qD_0012.wav,bonafide,hi-en,126393,mucs2021,none,clean,126393_rSn8GnGA2xpKk7qD_0012,train
${DATA_ROOT}/clips/126393_rSn8GnGA2xpKk7qD_0013.wav,bonafide,hi-en,126393,mucs2021,none,clean,126393_rSn8GnGA2xpKk7qD_0013,train
${DATA_ROOT}/clips/126393_rSn8GnGA2xpKk7qD_0014.wav,bonafide,hi-en,126393,mucs2021,none,clean,126393_rSn8GnGA2xpKk7qD_0014,train
${DATA_ROOT}/clips/126393_rSn8GnGA2xpKk7qD_0015.wav,bonafide,hi-en,126393,mucs2021,none,clean,126393_rSn8GnGA2xpKk7qD_0015,train
${DATA_ROOT}/clips/126393_rSn8GnGA2xpKk7qD_0016.wav,bonafide,hi-en,126393,mucs2021,none,clean,126393_rSn8GnGA2xpKk7qD_0016,train
${DATA_ROOT}/clips/126393_rSn8GnGA2xpKk7qD_0017.wav,bonafide,hi-en,126393,mucs2021,none,clean,126393_rSn8GnGA2xpKk7qD_0017,train
${DATA_ROOT}/clips/126393_rSn8GnGA2xpKk7qD_0018.wav,bonafide,hi-en,126393,mucs2021,none,clean,126393_rSn8GnGA2xpKk7qD_0018,train
${DATA_ROOT}/clips/126393_rSn8GnGA2xpKk7qD_0019.wav,bonafide,hi-en,126393,mucs2021,none,clean,126393_rSn8GnGA2xpKk7qD_0019,train
${DATA_ROOT}/clips/126393_rSn8GnGA2xpKk7qD_0020.wav,bonafide,hi-en,126393,mucs2021,none,clean,126393_rSn8GnGA2xpKk7qD_0020,train
${DATA_ROOT}/clips/126393_rSn8GnGA2xpKk7qD_0021.wav,bonafide,hi-en,126393,mucs2021,none,clean,126393_rSn8GnGA2xpKk7qD_0021,train
${DATA_ROOT}/clips/126393_rSn8GnGA2xpKk7qD_0022.wav,bonafide,hi-en,126393,mucs2021,none,clean,126393_rSn8GnGA2xpKk7qD_0022,train
${DATA_ROOT}/clips/126393_rSn8GnGA2xpKk7qD_0023.wav,bonafide,hi-en,126393,mucs2021,none,clean,126393_rSn8GnGA2xpKk7qD_0023,train
${DATA_ROOT}/clips/126393_rSn8GnGA2xpKk7qD_0024.wav,bonafide,hi-en,126393,mucs2021,none,clean,126393_rSn8GnGA2xpKk7qD_0024,train
${DATA_ROOT}/clips/126393_rSn8GnGA2xpKk7qD_0025.wav,bonafide,hi-en,126393,mucs2021,none,clean,126393_rSn8GnGA2xpKk7qD_0025,train
${DATA_ROOT}/clips/126393_rSn8GnGA2xpKk7qD_0026.wav,bonafide,hi-en,126393,mucs2021,none,clean,126393_rSn8GnGA2xpKk7qD_0026,train
${DATA_ROOT}/clips/126393_rSn8GnGA2xpKk7qD_0027.wav,bonafide,hi-en,126393,mucs2021,none,clean,126393_rSn8GnGA2xpKk7qD_0027,train
${DATA_ROOT}/clips/126393_rSn8GnGA2xpKk7qD_0028.wav,bonafide,hi-en,126393,mucs2021,none,clean,126393_rSn8GnGA2xpKk7qD_0028,train
${DATA_ROOT}/clips/126393_rSn8GnGA2xpKk7qD_0029.wav,bonafide,hi-en,126393,mucs2021,none,clean,126393_rSn8GnGA2xpKk7qD_0029,train
${DATA_ROOT}/clips/126393_rSn8GnGA2xpKk7qD_0030.wav,bonafide,hi-en,126393,mucs2021,none,clean,126393_rSn8GnGA2xpKk7qD_0030,train
${DATA_ROOT}/clips/126393_rSn8GnGA2xpKk7qD_0031.wav,bonafide,hi-en,126393,mucs2021,none,clean,126393_rSn8GnGA2xpKk7qD_0031,train
${DATA_ROOT}/clips/126393_rSn8GnGA2xpKk7qD_0032.wav,bonafide,hi-en,126393,mucs2021,none,clean,126393_rSn8GnGA2xpKk7qD_0032,train
${DATA_ROOT}/clips/126393_rSn8GnGA2xpKk7qD_0033.wav,bonafide,hi-en,126393,mucs2021,none,clean,126393_rSn8GnGA2xpKk7qD_0033,train
${DATA_ROOT}/clips/126393_rSn8GnGA2xpKk7qD_0034.wav,bonafide,hi-en,126393,mucs2021,none,clean,126393_rSn8GnGA2xpKk7qD_0034,train
${DATA_ROOT}/clips/126393_rSn8GnGA2xpKk7qD_0035.wav,bonafide,hi-en,126393,mucs2021,none,clean,126393_rSn8GnGA2xpKk7qD_0035,train
${DATA_ROOT}/clips/126393_rSn8GnGA2xpKk7qD_0036.wav,bonafide,hi-en,126393,mucs2021,none,clean,126393_rSn8GnGA2xpKk7qD_0036,train
${DATA_ROOT}/clips/126393_rSn8GnGA2xpKk7qD_0037.wav,bonafide,hi-en,126393,mucs2021,none,clean,126393_rSn8GnGA2xpKk7qD_0037,train
${DATA_ROOT}/clips/126393_rSn8GnGA2xpKk7qD_0038.wav,bonafide,hi-en,126393,mucs2021,none,clean,126393_rSn8GnGA2xpKk7qD_0038,train
${DATA_ROOT}/clips/126393_rSn8GnGA2xpKk7qD_0039.wav,bonafide,hi-en,126393,mucs2021,none,clean,126393_rSn8GnGA2xpKk7qD_0039,train
${DATA_ROOT}/clips/126393_rSn8GnGA2xpKk7qD_0040.wav,bonafide,hi-en,126393,mucs2021,none,clean,126393_rSn8GnGA2xpKk7qD_0040,train
${DATA_ROOT}/clips/126393_rSn8GnGA2xpKk7qD_0041.wav,bonafide,hi-en,126393,mucs2021,none,clean,126393_rSn8GnGA2xpKk7qD_0041,train
${DATA_ROOT}/clips/126393_rSn8GnGA2xpKk7qD_0042.wav,bonafide,hi-en,126393,mucs2021,none,clean,126393_rSn8GnGA2xpKk7qD_0042,train
${DATA_ROOT}/clips/126393_rSn8GnGA2xpKk7qD_0043.wav,bonafide,hi-en,126393,mucs2021,none,clean,126393_rSn8GnGA2xpKk7qD_0043,train
${DATA_ROOT}/clips/126393_rSn8GnGA2xpKk7qD_0044.wav,bonafide,hi-en,126393,mucs2021,none,clean,126393_rSn8GnGA2xpKk7qD_0044,train
${DATA_ROOT}/clips/126393_rSn8GnGA2xpKk7qD_0045.wav,bonafide,hi-en,126393,mucs2021,none,clean,126393_rSn8GnGA2xpKk7qD_0045,train
${DATA_ROOT}/clips/126393_rSn8GnGA2xpKk7qD_0046.wav,bonafide,hi-en,126393,mucs2021,none,clean,126393_rSn8GnGA2xpKk7qD_0046,train
${DATA_ROOT}/clips/126393_rSn8GnGA2xpKk7qD_0047.wav,bonafide,hi-en,126393,mucs2021,none,clean,126393_rSn8GnGA2xpKk7qD_0047,train
${DATA_ROOT}/clips/126393_rSn8GnGA2xpKk7qD_0048.wav,bonafide,hi-en,126393,mucs2021,none,clean,126393_rSn8GnGA2xpKk7qD_0048,train
${DATA_ROOT}/clips/126393_rSn8GnGA2xpKk7qD_0049.wav,bonafide,hi-en,126393,mucs2021,none,clean,126393_rSn8GnGA2xpKk7qD_0049,train
${DATA_ROOT}/clips/126393_rSn8GnGA2xpKk7qD_0050.wav,bonafide,hi-en,126393,mucs2021,none,clean,126393_rSn8GnGA2xpKk7qD_0050,train
${DATA_ROOT}/clips/126393_rSn8GnGA2xpKk7qD_0051.wav,bonafide,hi-en,126393,mucs2021,none,clean,126393_rSn8GnGA2xpKk7qD_0051,train
${DATA_ROOT}/clips/126393_rSn8GnGA2xpKk7qD_0052.wav,bonafide,hi-en,126393,mucs2021,none,clean,126393_rSn8GnGA2xpKk7qD_0052,train
${DATA_ROOT}/clips/126393_rSn8GnGA2xpKk7qD_0053.wav,bonafide,hi-en,126393,mucs2021,none,clean,126393_rSn8GnGA2xpKk7qD_0053,train
${DATA_ROOT}/clips/126393_rSn8GnGA2xpKk7qD_0054.wav,bonafide,hi-en,126393,mucs2021,none,clean,126393_rSn8GnGA2xpKk7qD_0054,train
${DATA_ROOT}/clips/126393_rSn8GnGA2xpKk7qD_0055.wav,bonafide,hi-en,126393,mucs2021,none,clean,126393_rSn8GnGA2xpKk7qD_0055,train
${DATA_ROOT}/clips/126393_rSn8GnGA2xpKk7qD_0056.wav,bonafide,hi-en,126393,mucs2021,none,clean,126393_rSn8GnGA2xpKk7qD_0056,train
${DATA_ROOT}/clips/126393_rSn8GnGA2xpKk7qD_0057.wav,bonafide,hi-en,126393,mucs2021,none,clean,126393_rSn8GnGA2xpKk7qD_0057,train
${DATA_ROOT}/clips/126393_rSn8GnGA2xpKk7qD_0058.wav,bonafide,hi-en,126393,mucs2021,none,clean,126393_rSn8GnGA2xpKk7qD_0058,train
${DATA_ROOT}/clips/126393_rSn8GnGA2xpKk7qD_0059.wav,bonafide,hi-en,126393,mucs2021,none,clean,126393_rSn8GnGA2xpKk7qD_0059,train
${DATA_ROOT}/clips/126393_rSn8GnGA2xpKk7qD_0060.wav,bonafide,hi-en,126393,mucs2021,none,clean,126393_rSn8GnGA2xpKk7qD_0060,train
${DATA_ROOT}/clips/126393_rSn8GnGA2xpKk7qD_0061.wav,bonafide,hi-en,126393,mucs2021,none,clean,126393_rSn8GnGA2xpKk7qD_0061,train
${DATA_ROOT}/clips/126393_rSn8GnGA2xpKk7qD_0062.wav,bonafide,hi-en,126393,mucs2021,none,clean,126393_rSn8GnGA2xpKk7qD_0062,train
${DATA_ROOT}/clips/126393_rSn8GnGA2xpKk7qD_0063.wav,bonafide,hi-en,126393,mucs2021,none,clean,126393_rSn8GnGA2xpKk7qD_0063,train
${DATA_ROOT}/clips/126393_rSn8GnGA2xpKk7qD_0064.wav,bonafide,hi-en,126393,mucs2021,none,clean,126393_rSn8GnGA2xpKk7qD_0064,train
${DATA_ROOT}/clips/126393_rSn8GnGA2xpKk7qD_0065.wav,bonafide,hi-en,126393,mucs2021,none,clean,126393_rSn8GnGA2xpKk7qD_0065,train
${DATA_ROOT}/clips/126393_rSn8GnGA2xpKk7qD_0066.wav,bonafide,hi-en,126393,mucs2021,none,clean,126393_rSn8GnGA2xpKk7qD_0066,train
${DATA_ROOT}/clips/126393_rSn8GnGA2xpKk7qD_0067.wav,bonafide,hi-en,126393,mucs2021,none,clean,126393_rSn8GnGA2xpKk7qD_0067,train
${DATA_ROOT}/clips/126393_rSn8GnGA2xpKk7qD_0068.wav,bonafide,hi-en,126393,mucs2021,none,clean,126393_rSn8GnGA2xpKk7qD_0068,train
${DATA_ROOT}/clips/126393_rSn8GnGA2xpKk7qD_0069.wav,bonafide,hi-en,126393,mucs2021,none,clean,126393_rSn8GnGA2xpKk7qD_0069,train
${DATA_ROOT}/clips/126393_rSn8GnGA2xpKk7qD_0070.wav,bonafide,hi-en,126393,mucs2021,none,clean,126393_rSn8GnGA2xpKk7qD_0070,train
${DATA_ROOT}/clips/126393_rSn8GnGA2xpKk7qD_0071.wav,bonafide,hi-en,126393,mucs2021,none,clean,126393_rSn8GnGA2xpKk7qD_0071,train
${DATA_ROOT}/clips/126393_rSn8GnGA2xpKk7qD_0072.wav,bonafide,hi-en,126393,mucs2021,none,clean,126393_rSn8GnGA2xpKk7qD_0072,train
${DATA_ROOT}/clips/126393_rSn8GnGA2xpKk7qD_0073.wav,bonafide,hi-en,126393,mucs2021,none,clean,126393_rSn8GnGA2xpKk7qD_0073,train
${DATA_ROOT}/clips/126393_rSn8GnGA2xpKk7qD_0074.wav,bonafide,hi-en,126393,mucs2021,none,clean,126393_rSn8GnGA2xpKk7qD_0074,train
${DATA_ROOT}/clips/126393_rSn8GnGA2xpKk7qD_0075.wav,bonafide,hi-en,126393,mucs2021,none,clean,126393_rSn8GnGA2xpKk7qD_0075,train
${DATA_ROOT}/clips/126393_rSn8GnGA2xpKk7qD_0076.wav,bonafide,hi-en,126393,mucs2021,none,clean,126393_rSn8GnGA2xpKk7qD_0076,train
${DATA_ROOT}/clips/126393_rSn8GnGA2xpKk7qD_0077.wav,bonafide,hi-en,126393,mucs2021,none,clean,126393_rSn8GnGA2xpKk7qD_0077,train
${DATA_ROOT}/clips/126393_rSn8GnGA2xpKk7qD_0078.wav,bonafide,hi-en,126393,mucs2021,none,clean,126393_rSn8GnGA2xpKk7qD_0078,train
${DATA_ROOT}/clips/126393_rSn8GnGA2xpKk7qD_0079.wav,bonafide,hi-en,126393,mucs2021,none,clean,126393_rSn8GnGA2xpKk7qD_0079,train
${DATA_ROOT}/clips/126393_rSn8GnGA2xpKk7qD_0080.wav,bonafide,hi-en,126393,mucs2021,none,clean,126393_rSn8GnGA2xpKk7qD_0080,train
${DATA_ROOT}/clips/126393_rSn8GnGA2xpKk7qD_0081.wav,bonafide,hi-en,126393,mucs2021,none,clean,126393_rSn8GnGA2xpKk7qD_0081,train
${DATA_ROOT}/clips/126393_rSn8GnGA2xpKk7qD_0082.wav,bonafide,hi-en,126393,mucs2021,none,clean,126393_rSn8GnGA2xpKk7qD_0082,train
${DATA_ROOT}/clips/126393_rSn8GnGA2xpKk7qD_0083.wav,bonafide,hi-en,126393,mucs2021,none,clean,126393_rSn8GnGA2xpKk7qD_0083,train
${DATA_ROOT}/clips/126393_rSn8GnGA2xpKk7qD_0084.wav,bonafide,hi-en,126393,mucs2021,none,clean,126393_rSn8GnGA2xpKk7qD_0084,train
${DATA_ROOT}/clips/126393_rSn8GnGA2xpKk7qD_0085.wav,bonafide,hi-en,126393,mucs2021,none,clean,126393_rSn8GnGA2xpKk7qD_0085,train
${DATA_ROOT}/clips/126393_rSn8GnGA2xpKk7qD_0086.wav,bonafide,hi-en,126393,mucs2021,none,clean,126393_rSn8GnGA2xpKk7qD_0086,train
${DATA_ROOT}/clips/126393_rSn8GnGA2xpKk7qD_0087.wav,bonafide,hi-en,126393,mucs2021,none,clean,126393_rSn8GnGA2xpKk7qD_0087,train
${DATA_ROOT}/clips/126393_rSn8GnGA2xpKk7qD_0088.wav,bonafide,hi-en,126393,mucs2021,none,clean,126393_rSn8GnGA2xpKk7qD_0088,train
${DATA_ROOT}/clips/126393_rSn8GnGA2xpKk7qD_0089.wav,bonafide,hi-en,126393,mucs2021,none,clean,126393_rSn8GnGA2xpKk7qD_0089,train
${DATA_ROOT}/clips/126393_rSn8GnGA2xpKk7qD_0090.wav,bonafide,hi-en,126393,mucs2021,none,clean,126393_rSn8GnGA2xpKk7qD_0090,train
${DATA_ROOT}/clips/126393_rSn8GnGA2xpKk7qD_0091.wav,bonafide,hi-en,126393,mucs2021,none,clean,126393_rSn8GnGA2xpKk7qD_0091,train
${DATA_ROOT}/clips/126393_rSn8GnGA2xpKk7qD_0092.wav,bonafide,hi-en,126393,mucs2021,none,clean,126393_rSn8GnGA2xpKk7qD_0092,train
${DATA_ROOT}/clips/201350_lPOyV7bzJHSRLOWi_0000.wav,bonafide,hi-en,201350,mucs2021,none,clean,201350_lPOyV7bzJHSRLOWi_0000,train
${DATA_ROOT}/clips/201350_lPOyV7bzJHSRLOWi_0001.wav,bonafide,hi-en,201350,mucs2021,none,clean,201350_lPOyV7bzJHSRLOWi_0001,train
${DATA_ROOT}/clips/201350_lPOyV7bzJHSRLOWi_0002.wav,bonafide,hi-en,201350,mucs2021,none,clean,201350_lPOyV7bzJHSRLOWi_0002,train
${DATA_ROOT}/clips/201350_lPOyV7bzJHSRLOWi_0003.wav,bonafide,hi-en,201350,mucs2021,none,clean,201350_lPOyV7bzJHSRLOWi_0003,train
${DATA_ROOT}/clips/201350_lPOyV7bzJHSRLOWi_0004.wav,bonafide,hi-en,201350,mucs2021,none,clean,201350_lPOyV7bzJHSRLOWi_0004,train
${DATA_ROOT}/clips/201350_lPOyV7bzJHSRLOWi_0005.wav,bonafide,hi-en,201350,mucs2021,none,clean,201350_lPOyV7bzJHSRLOWi_0005,train
${DATA_ROOT}/clips/201350_lPOyV7bzJHSRLOWi_0006.wav,bonafide,hi-en,201350,mucs2021,none,clean,201350_lPOyV7bzJHSRLOWi_0006,train
${DATA_ROOT}/clips/201350_lPOyV7bzJHSRLOWi_0007.wav,bonafide,hi-en,201350,mucs2021,none,clean,201350_lPOyV7bzJHSRLOWi_0007,train
${DATA_ROOT}/clips/201350_lPOyV7bzJHSRLOWi_0008.wav,bonafide,hi-en,201350,mucs2021,none,clean,201350_lPOyV7bzJHSRLOWi_0008,train
${DATA_ROOT}/clips/201350_lPOyV7bzJHSRLOWi_0009.wav,bonafide,hi-en,201350,mucs2021,none,clean,201350_lPOyV7bzJHSRLOWi_0009,train
${DATA_ROOT}/clips/201350_lPOyV7bzJHSRLOWi_0010.wav,bonafide,hi-en,201350,mucs2021,none,clean,201350_lPOyV7bzJHSRLOWi_0010,train
${DATA_ROOT}/clips/201350_lPOyV7bzJHSRLOWi_0011.wav,bonafide,hi-en,201350,mucs2021,none,clean,201350_lPOyV7bzJHSRLOWi_0011,train
${DATA_ROOT}/clips/201350_lPOyV7bzJHSRLOWi_0012.wav,bonafide,hi-en,201350,mucs2021,none,clean,201350_lPOyV7bzJHSRLOWi_0012,train
${DATA_ROOT}/clips/201350_lPOyV7bzJHSRLOWi_0013.wav,bonafide,hi-en,201350,mucs2021,none,clean,201350_lPOyV7bzJHSRLOWi_0013,train
${DATA_ROOT}/clips/201350_lPOyV7bzJHSRLOWi_0014.wav,bonafide,hi-en,201350,mucs2021,none,clean,201350_lPOyV7bzJHSRLOWi_0014,train
${DATA_ROOT}/clips/201350_lPOyV7bzJHSRLOWi_0015.wav,bonafide,hi-en,201350,mucs2021,none,clean,201350_lPOyV7bzJHSRLOWi_0015,train
${DATA_ROOT}/clips/201350_lPOyV7bzJHSRLOWi_0016.wav,bonafide,hi-en,201350,mucs2021,none,clean,201350_lPOyV7bzJHSRLOWi_0016,train
${DATA_ROOT}/clips/201350_lPOyV7bzJHSRLOWi_0017.wav,bonafide,hi-en,201350,mucs2021,none,clean,201350_lPOyV7bzJHSRLOWi_0017,train
${DATA_ROOT}/clips/201350_lPOyV7bzJHSRLOWi_0018.wav,bonafide,hi-en,201350,mucs2021,none,clean,201350_lPOyV7bzJHSRLOWi_0018,train
${DATA_ROOT}/clips/201350_lPOyV7bzJHSRLOWi_0019.wav,bonafide,hi-en,201350,mucs2021,none,clean,201350_lPOyV7bzJHSRLOWi_0019,train
${DATA_ROOT}/clips/201350_lPOyV7bzJHSRLOWi_0020.wav,bonafide,hi-en,201350,mucs2021,none,clean,201350_lPOyV7bzJHSRLOWi_0020,train
${DATA_ROOT}/clips/201350_lPOyV7bzJHSRLOWi_0021.wav,bonafide,hi-en,201350,mucs2021,none,clean,201350_lPOyV7bzJHSRLOWi_0021,train
${DATA_ROOT}/clips/201350_lPOyV7bzJHSRLOWi_0022.wav,bonafide,hi-en,201350,mucs2021,none,clean,201350_lPOyV7bzJHSRLOWi_0022,train
${DATA_ROOT}/clips/201350_lPOyV7bzJHSRLOWi_0023.wav,bonafide,hi-en,201350,mucs2021,none,clean,201350_lPOyV7bzJHSRLOWi_0023,train
${DATA_ROOT}/clips/201350_lPOyV7bzJHSRLOWi_0024.wav,bonafide,hi-en,201350,mucs2021,none,clean,201350_lPOyV7bzJHSRLOWi_0024,train
${DATA_ROOT}/clips/201350_lPOyV7bzJHSRLOWi_0025.wav,bonafide,hi-en,201350,mucs2021,none,clean,201350_lPOyV7bzJHSRLOWi_0025,train
${DATA_ROOT}/clips/201350_lPOyV7bzJHSRLOWi_0026.wav,bonafide,hi-en,201350,mucs2021,none,clean,201350_lPOyV7bzJHSRLOWi_0026,train
${DATA_ROOT}/clips/201350_lPOyV7bzJHSRLOWi_0027.wav,bonafide,hi-en,201350,mucs2021,none,clean,201350_lPOyV7bzJHSRLOWi_0027,train
${DATA_ROOT}/clips/201350_lPOyV7bzJHSRLOWi_0028.wav,bonafide,hi-en,201350,mucs2021,none,clean,201350_lPOyV7bzJHSRLOWi_0028,train
${DATA_ROOT}/clips/201350_lPOyV7bzJHSRLOWi_0029.wav,bonafide,hi-en,201350,mucs2021,none,clean,201350_lPOyV7bzJHSRLOWi_0029,train
${DATA_ROOT}/clips/201350_lPOyV7bzJHSRLOWi_0030.wav,bonafide,hi-en,201350,mucs2021,none,clean,201350_lPOyV7bzJHSRLOWi_0030,train
${DATA_ROOT}/clips/201350_lPOyV7bzJHSRLOWi_0031.wav,bonafide,hi-en,201350,mucs2021,none,clean,201350_lPOyV7bzJHSRLOWi_0031,train
${DATA_ROOT}/clips/201350_lPOyV7bzJHSRLOWi_0032.wav,bonafide,hi-en,201350,mucs2021,none,clean,201350_lPOyV7bzJHSRLOWi_0032,train
${DATA_ROOT}/clips/201350_lPOyV7bzJHSRLOWi_0033.wav,bonafide,hi-en,201350,mucs2021,none,clean,201350_lPOyV7bzJHSRLOWi_0033,train
${DATA_ROOT}/clips/201350_lPOyV7bzJHSRLOWi_0034.wav,bonafide,hi-en,201350,mucs2021,none,clean,201350_lPOyV7bzJHSRLOWi_0034,train
${DATA_ROOT}/clips/201350_lPOyV7bzJHSRLOWi_0035.wav,bonafide,hi-en,201350,mucs2021,none,clean,201350_lPOyV7bzJHSRLOWi_0035,train
${DATA_ROOT}/clips/201350_lPOyV7bzJHSRLOWi_0036.wav,bonafide,hi-en,201350,mucs2021,none,clean,201350_lPOyV7bzJHSRLOWi_0036,train
${DATA_ROOT}/clips/201350_lPOyV7bzJHSRLOWi_0037.wav,bonafide,hi-en,201350,mucs2021,none,clean,201350_lPOyV7bzJHSRLOWi_0037,train
${DATA_ROOT}/clips/201350_lPOyV7bzJHSRLOWi_0038.wav,bonafide,hi-en,201350,mucs2021,none,clean,201350_lPOyV7bzJHSRLOWi_0038,train
${DATA_ROOT}/clips/201350_lPOyV7bzJHSRLOWi_0039.wav,bonafide,hi-en,201350,mucs2021,none,clean,201350_lPOyV7bzJHSRLOWi_0039,train
${DATA_ROOT}/clips/201350_lPOyV7bzJHSRLOWi_0040.wav,bonafide,hi-en,201350,mucs2021,none,clean,201350_lPOyV7bzJHSRLOWi_0040,train
${DATA_ROOT}/clips/201350_lPOyV7bzJHSRLOWi_0041.wav,bonafide,hi-en,201350,mucs2021,none,clean,201350_lPOyV7bzJHSRLOWi_0041,train
${DATA_ROOT}/clips/201350_lPOyV7bzJHSRLOWi_0042.wav,bonafide,hi-en,201350,mucs2021,none,clean,201350_lPOyV7bzJHSRLOWi_0042,train
${DATA_ROOT}/clips/201350_lPOyV7bzJHSRLOWi_0043.wav,bonafide,hi-en,201350,mucs2021,none,clean,201350_lPOyV7bzJHSRLOWi_0043,train
${DATA_ROOT}/clips/201350_lPOyV7bzJHSRLOWi_0044.wav,bonafide,hi-en,201350,mucs2021,none,clean,201350_lPOyV7bzJHSRLOWi_0044,train
${DATA_ROOT}/clips/201350_lPOyV7bzJHSRLOWi_0045.wav,bonafide,hi-en,201350,mucs2021,none,clean,201350_lPOyV7bzJHSRLOWi_0045,train
${DATA_ROOT}/clips/201350_lPOyV7bzJHSRLOWi_0046.wav,bonafide,hi-en,201350,mucs2021,none,clean,201350_lPOyV7bzJHSRLOWi_0046,train
${DATA_ROOT}/clips/201350_lPOyV7bzJHSRLOWi_0047.wav,bonafide,hi-en,201350,mucs2021,none,clean,201350_lPOyV7bzJHSRLOWi_0047,train
${DATA_ROOT}/clips/201350_lPOyV7bzJHSRLOWi_0048.wav,bonafide,hi-en,201350,mucs2021,none,clean,201350_lPOyV7bzJHSRLOWi_0048,train
${DATA_ROOT}/clips/201350_lPOyV7bzJHSRLOWi_0049.wav,bonafide,hi-en,201350,mucs2021,none,clean,201350_lPOyV7bzJHSRLOWi_0049,train
${DATA_ROOT}/clips/201350_lPOyV7bzJHSRLOWi_0050.wav,bonafide,hi-en,201350,mucs2021,none,clean,201350_lPOyV7bzJHSRLOWi_0050,train
${DATA_ROOT}/clips/201350_lPOyV7bzJHSRLOWi_0051.wav,bonafide,hi-en,201350,mucs2021,none,clean,201350_lPOyV7bzJHSRLOWi_0051,train
${DATA_ROOT}/clips/201350_lPOyV7bzJHSRLOWi_0052.wav,bonafide,hi-en,201350,mucs2021,none,clean,201350_lPOyV7bzJHSRLOWi_0052,train
${DATA_ROOT}/clips/201350_lPOyV7bzJHSRLOWi_0053.wav,bonafide,hi-en,201350,mucs2021,none,clean,201350_lPOyV7bzJHSRLOWi_0053,train
${DATA_ROOT}/clips/201350_lPOyV7bzJHSRLOWi_0054.wav,bonafide,hi-en,201350,mucs2021,none,clean,201350_lPOyV7bzJHSRLOWi_0054,train
${DATA_ROOT}/clips/201350_lPOyV7bzJHSRLOWi_0055.wav,bonafide,hi-en,201350,mucs2021,none,clean,201350_lPOyV7bzJHSRLOWi_0055,train
${DATA_ROOT}/clips/201350_lPOyV7bzJHSRLOWi_0056.wav,bonafide,hi-en,201350,mucs2021,none,clean,201350_lPOyV7bzJHSRLOWi_0056,train
${DATA_ROOT}/clips/201350_lPOyV7bzJHSRLOWi_0057.wav,bonafide,hi-en,201350,mucs2021,none,clean,201350_lPOyV7bzJHSRLOWi_0057,train
${DATA_ROOT}/clips/201350_lPOyV7bzJHSRLOWi_0058.wav,bonafide,hi-en,201350,mucs2021,none,clean,201350_lPOyV7bzJHSRLOWi_0058,train
${DATA_ROOT}/clips/201350_lPOyV7bzJHSRLOWi_0059.wav,bonafide,hi-en,201350,mucs2021,none,clean,201350_lPOyV7bzJHSRLOWi_0059,train
${DATA_ROOT}/clips/201350_lPOyV7bzJHSRLOWi_0060.wav,bonafide,hi-en,201350,mucs2021,none,clean,201350_lPOyV7bzJHSRLOWi_0060,train
${DATA_ROOT}/clips/201350_lPOyV7bzJHSRLOWi_0061.wav,bonafide,hi-en,201350,mucs2021,none,clean,201350_lPOyV7bzJHSRLOWi_0061,train
${DATA_ROOT}/clips/201350_lPOyV7bzJHSRLOWi_0062.wav,bonafide,hi-en,201350,mucs2021,none,clean,201350_lPOyV7bzJHSRLOWi_0062,train
${DATA_ROOT}/clips/201350_lPOyV7bzJHSRLOWi_0063.wav,bonafide,hi-en,201350,mucs2021,none,clean,201350_lPOyV7bzJHSRLOWi_0063,train
${DATA_ROOT}/clips/201350_lPOyV7bzJHSRLOWi_0064.wav,bonafide,hi-en,201350,mucs2021,none,clean,201350_lPOyV7bzJHSRLOWi_0064,train
${DATA_ROOT}/clips/201350_lPOyV7bzJHSRLOWi_0065.wav,bonafide,hi-en,201350,mucs2021,none,clean,201350_lPOyV7bzJHSRLOWi_0065,train
${DATA_ROOT}/clips/201350_lPOyV7bzJHSRLOWi_0066.wav,bonafide,hi-en,201350,mucs2021,none,clean,201350_lPOyV7bzJHSRLOWi_0066,train
${DATA_ROOT}/clips/201350_lPOyV7bzJHSRLOWi_0067.wav,bonafide,hi-en,201350,mucs2021,none,clean,201350_lPOyV7bzJHSRLOWi_0067,train
${DATA_ROOT}/clips/201350_lPOyV7bzJHSRLOWi_0068.wav,bonafide,hi-en,201350,mucs2021,none,clean,201350_lPOyV7bzJHSRLOWi_0068,train
${DATA_ROOT}/clips/201350_lPOyV7bzJHSRLOWi_0069.wav,bonafide,hi-en,201350,mucs2021,none,clean,201350_lPOyV7bzJHSRLOWi_0069,train
${DATA_ROOT}/clips/201350_lPOyV7bzJHSRLOWi_0070.wav,bonafide,hi-en,201350,mucs2021,none,clean,201350_lPOyV7bzJHSRLOWi_0070,train
${DATA_ROOT}/clips/201350_lPOyV7bzJHSRLOWi_0071.wav,bonafide,hi-en,201350,mucs2021,none,clean,201350_lPOyV7bzJHSRLOWi_0071,train
${DATA_ROOT}/clips/201350_lPOyV7bzJHSRLOWi_0072.wav,bonafide,hi-en,201350,mucs2021,none,clean,201350_lPOyV7bzJHSRLOWi_0072,train
${DATA_ROOT}/clips/201350_lPOyV7bzJHSRLOWi_0073.wav,bonafide,hi-en,201350,mucs2021,none,clean,201350_lPOyV7bzJHSRLOWi_0073,train
${DATA_ROOT}/clips/201350_lPOyV7bzJHSRLOWi_0074.wav,bonafide,hi-en,201350,mucs2021,none,clean,201350_lPOyV7bzJHSRLOWi_0074,train
${DATA_ROOT}/clips/201350_lPOyV7bzJHSRLOWi_0075.wav,bonafide,hi-en,201350,mucs2021,none,clean,201350_lPOyV7bzJHSRLOWi_0075,train
${DATA_ROOT}/clips/201350_lPOyV7bzJHSRLOWi_0076.wav,bonafide,hi-en,201350,mucs2021,none,clean,201350_lPOyV7bzJHSRLOWi_0076,train
${DATA_ROOT}/clips/201350_lPOyV7bzJHSRLOWi_0077.wav,bonafide,hi-en,201350,mucs2021,none,clean,201350_lPOyV7bzJHSRLOWi_0077,train
${DATA_ROOT}/clips/201350_lPOyV7bzJHSRLOWi_0078.wav,bonafide,hi-en,201350,mucs2021,none,clean,201350_lPOyV7bzJHSRLOWi_0078,train
${DATA_ROOT}/clips/201350_lPOyV7bzJHSRLOWi_0079.wav,bonafide,hi-en,201350,mucs2021,none,clean,201350_lPOyV7bzJHSRLOWi_0079,train
${DATA_ROOT}/clips/201350_lPOyV7bzJHSRLOWi_0080.wav,bonafide,hi-en,201350,mucs2021,none,clean,201350_lPOyV7bzJHSRLOWi_0080,train
${DATA_ROOT}/clips/201350_lPOyV7bzJHSRLOWi_0081.wav,bonafide,hi-en,201350,mucs2021,none,clean,201350_lPOyV7bzJHSRLOWi_0081,train
${DATA_ROOT}/clips/201350_lPOyV7bzJHSRLOWi_0082.wav,bonafide,hi-en,201350,mucs2021,none,clean,201350_lPOyV7bzJHSRLOWi_0082,train
${DATA_ROOT}/clips/201350_lPOyV7bzJHSRLOWi_0083.wav,bonafide,hi-en,201350,mucs2021,none,clean,201350_lPOyV7bzJHSRLOWi_0083,train
${DATA_ROOT}/clips/201350_lPOyV7bzJHSRLOWi_0084.wav,bonafide,hi-en,201350,mucs2021,none,clean,201350_lPOyV7bzJHSRLOWi_0084,train
${DATA_ROOT}/clips/201350_lPOyV7bzJHSRLOWi_0085.wav,bonafide,hi-en,201350,mucs2021,none,clean,201350_lPOyV7bzJHSRLOWi_0085,train
${DATA_ROOT}/clips/201350_lPOyV7bzJHSRLOWi_0086.wav,bonafide,hi-en,201350,mucs2021,none,clean,201350_lPOyV7bzJHSRLOWi_0086,train
${DATA_ROOT}/clips/201350_lPOyV7bzJHSRLOWi_0087.wav,bonafide,hi-en,201350,mucs2021,none,clean,201350_lPOyV7bzJHSRLOWi_0087,train
${DATA_ROOT}/clips/201350_lPOyV7bzJHSRLOWi_0088.wav,bonafide,hi-en,201350,mucs2021,none,clean,201350_lPOyV7bzJHSRLOWi_0088,train
${DATA_ROOT}/clips/201350_lPOyV7bzJHSRLOWi_0089.wav,bonafide,hi-en,201350,mucs2021,none,clean,201350_lPOyV7bzJHSRLOWi_0089,train
${DATA_ROOT}/clips/342352_MvhFmsojaastXzq5_0000.wav,bonafide,hi-en,342352,mucs2021,none,clean,342352_MvhFmsojaastXzq5_0000,train
${DATA_ROOT}/clips/342352_MvhFmsojaastXzq5_0001.wav,bonafide,hi-en,342352,mucs2021,none,clean,342352_MvhFmsojaastXzq5_0001,train
${DATA_ROOT}/clips/342352_MvhFmsojaastXzq5_0002.wav,bonafide,hi-en,342352,mucs2021,none,clean,342352_MvhFmsojaastXzq5_0002,train
${DATA_ROOT}/clips/342352_MvhFmsojaastXzq5_0003.wav,bonafide,hi-en,342352,mucs2021,none,clean,342352_MvhFmsojaastXzq5_0003,train
${DATA_ROOT}/clips/342352_MvhFmsojaastXzq5_0004.wav,bonafide,hi-en,342352,mucs2021,none,clean,342352_MvhFmsojaastXzq5_0004,train
${DATA_ROOT}/clips/342352_MvhFmsojaastXzq5_0005.wav,bonafide,hi-en,342352,mucs2021,none,clean,342352_MvhFmsojaastXzq5_0005,train
${DATA_ROOT}/clips/342352_MvhFmsojaastXzq5_0006.wav,bonafide,hi-en,342352,mucs2021,none,clean,342352_MvhFmsojaastXzq5_0006,train
${DATA_ROOT}/clips/342352_MvhFmsojaastXzq5_0007.wav,bonafide,hi-en,342352,mucs2021,none,clean,342352_MvhFmsojaastXzq5_0007,train
${DATA_ROOT}/clips/342352_MvhFmsojaastXzq5_0008.wav,bonafide,hi-en,342352,mucs2021,none,clean,342352_MvhFmsojaastXzq5_0008,train
${DATA_ROOT}/clips/342352_MvhFmsojaastXzq5_0009.wav,bonafide,hi-en,342352,mucs2021,none,clean,342352_MvhFmsojaastXzq5_0009,train
${DATA_ROOT}/clips/342352_MvhFmsojaastXzq5_0010.wav,bonafide,hi-en,342352,mucs2021,none,clean,342352_MvhFmsojaastXzq5_0010,train
${DATA_ROOT}/clips/342352_MvhFmsojaastXzq5_0011.wav,bonafide,hi-en,342352,mucs2021,none,clean,342352_MvhFmsojaastXzq5_0011,train
${DATA_ROOT}/clips/342352_MvhFmsojaastXzq5_0012.wav,bonafide,hi-en,342352,mucs2021,none,clean,342352_MvhFmsojaastXzq5_0012,train
${DATA_ROOT}/clips/342352_MvhFmsojaastXzq5_0013.wav,bonafide,hi-en,342352,mucs2021,none,clean,342352_MvhFmsojaastXzq5_0013,train
${DATA_ROOT}/clips/342352_MvhFmsojaastXzq5_0014.wav,bonafide,hi-en,342352,mucs2021,none,clean,342352_MvhFmsojaastXzq5_0014,train
${DATA_ROOT}/clips/342352_MvhFmsojaastXzq5_0015.wav,bonafide,hi-en,342352,mucs2021,none,clean,342352_MvhFmsojaastXzq5_0015,train
${DATA_ROOT}/clips/342352_MvhFmsojaastXzq5_0016.wav,bonafide,hi-en,342352,mucs2021,none,clean,342352_MvhFmsojaastXzq5_0016,train
${DATA_ROOT}/clips/342352_MvhFmsojaastXzq5_0017.wav,bonafide,hi-en,342352,mucs2021,none,clean,342352_MvhFmsojaastXzq5_0017,train
${DATA_ROOT}/clips/342352_MvhFmsojaastXzq5_0018.wav,bonafide,hi-en,342352,mucs2021,none,clean,342352_MvhFmsojaastXzq5_0018,train
${DATA_ROOT}/clips/342352_MvhFmsojaastXzq5_0019.wav,bonafide,hi-en,342352,mucs2021,none,clean,342352_MvhFmsojaastXzq5_0019,train
${DATA_ROOT}/clips/342352_MvhFmsojaastXzq5_0020.wav,bonafide,hi-en,342352,mucs2021,none,clean,342352_MvhFmsojaastXzq5_0020,train
${DATA_ROOT}/clips/342352_MvhFmsojaastXzq5_0021.wav,bonafide,hi-en,342352,mucs2021,none,clean,342352_MvhFmsojaastXzq5_0021,train
${DATA_ROOT}/clips/342352_MvhFmsojaastXzq5_0022.wav,bonafide,hi-en,342352,mucs2021,none,clean,342352_MvhFmsojaastXzq5_0022,train
${DATA_ROOT}/clips/342352_MvhFmsojaastXzq5_0023.wav,bonafide,hi-en,342352,mucs2021,none,clean,342352_MvhFmsojaastXzq5_0023,train
${DATA_ROOT}/clips/342352_MvhFmsojaastXzq5_0024.wav,bonafide,hi-en,342352,mucs2021,none,clean,342352_MvhFmsojaastXzq5_0024,train
${DATA_ROOT}/clips/342352_MvhFmsojaastXzq5_0025.wav,bonafide,hi-en,342352,mucs2021,none,clean,342352_MvhFmsojaastXzq5_0025,train
${DATA_ROOT}/clips/342352_MvhFmsojaastXzq5_0026.wav,bonafide,hi-en,342352,mucs2021,none,clean,342352_MvhFmsojaastXzq5_0026,train
${DATA_ROOT}/clips/342352_MvhFmsojaastXzq5_0027.wav,bonafide,hi-en,342352,mucs2021,none,clean,342352_MvhFmsojaastXzq5_0027,train
${DATA_ROOT}/clips/342352_MvhFmsojaastXzq5_0028.wav,bonafide,hi-en,342352,mucs2021,none,clean,342352_MvhFmsojaastXzq5_0028,train
${DATA_ROOT}/clips/342352_MvhFmsojaastXzq5_0029.wav,bonafide,hi-en,342352,mucs2021,none,clean,342352_MvhFmsojaastXzq5_0029,train
${DATA_ROOT}/clips/342352_MvhFmsojaastXzq5_0030.wav,bonafide,hi-en,342352,mucs2021,none,clean,342352_MvhFmsojaastXzq5_0030,train
${DATA_ROOT}/clips/342352_MvhFmsojaastXzq5_0031.wav,bonafide,hi-en,342352,mucs2021,none,clean,342352_MvhFmsojaastXzq5_0031,train
${DATA_ROOT}/clips/342352_MvhFmsojaastXzq5_0032.wav,bonafide,hi-en,342352,mucs2021,none,clean,342352_MvhFmsojaastXzq5_0032,train
${DATA_ROOT}/clips/342352_MvhFmsojaastXzq5_0033.wav,bonafide,hi-en,342352,mucs2021,none,clean,342352_MvhFmsojaastXzq5_0033,train
${DATA_ROOT}/clips/342352_MvhFmsojaastXzq5_0034.wav,bonafide,hi-en,342352,mucs2021,none,clean,342352_MvhFmsojaastXzq5_0034,train
${DATA_ROOT}/clips/342352_MvhFmsojaastXzq5_0035.wav,bonafide,hi-en,342352,mucs2021,none,clean,342352_MvhFmsojaastXzq5_0035,train
${DATA_ROOT}/clips/342352_MvhFmsojaastXzq5_0036.wav,bonafide,hi-en,342352,mucs2021,none,clean,342352_MvhFmsojaastXzq5_0036,train
${DATA_ROOT}/clips/342352_MvhFmsojaastXzq5_0037.wav,bonafide,hi-en,342352,mucs2021,none,clean,342352_MvhFmsojaastXzq5_0037,train
${DATA_ROOT}/clips/342352_MvhFmsojaastXzq5_0038.wav,bonafide,hi-en,342352,mucs2021,none,clean,342352_MvhFmsojaastXzq5_0038,train
${DATA_ROOT}/clips/342352_MvhFmsojaastXzq5_0039.wav,bonafide,hi-en,342352,mucs2021,none,clean,342352_MvhFmsojaastXzq5_0039,train
${DATA_ROOT}/clips/342352_MvhFmsojaastXzq5_0040.wav,bonafide,hi-en,342352,mucs2021,none,clean,342352_MvhFmsojaastXzq5_0040,train
${DATA_ROOT}/clips/342352_MvhFmsojaastXzq5_0041.wav,bonafide,hi-en,342352,mucs2021,none,clean,342352_MvhFmsojaastXzq5_0041,train
${DATA_ROOT}/clips/342352_MvhFmsojaastXzq5_0042.wav,bonafide,hi-en,342352,mucs2021,none,clean,342352_MvhFmsojaastXzq5_0042,train
${DATA_ROOT}/clips/342352_MvhFmsojaastXzq5_0043.wav,bonafide,hi-en,342352,mucs2021,none,clean,342352_MvhFmsojaastXzq5_0043,train
${DATA_ROOT}/clips/342352_MvhFmsojaastXzq5_0044.wav,bonafide,hi-en,342352,mucs2021,none,clean,342352_MvhFmsojaastXzq5_0044,train
${DATA_ROOT}/clips/342352_MvhFmsojaastXzq5_0045.wav,bonafide,hi-en,342352,mucs2021,none,clean,342352_MvhFmsojaastXzq5_0045,train
${DATA_ROOT}/clips/342352_MvhFmsojaastXzq5_0046.wav,bonafide,hi-en,342352,mucs2021,none,clean,342352_MvhFmsojaastXzq5_0046,train
${DATA_ROOT}/clips/342352_MvhFmsojaastXzq5_0047.wav,bonafide,hi-en,342352,mucs2021,none,clean,342352_MvhFmsojaastXzq5_0047,train
${DATA_ROOT}/clips/342352_MvhFmsojaastXzq5_0048.wav,bonafide,hi-en,342352,mucs2021,none,clean,342352_MvhFmsojaastXzq5_0048,train
${DATA_ROOT}/clips/342352_MvhFmsojaastXzq5_0049.wav,bonafide,hi-en,342352,mucs2021,none,clean,342352_MvhFmsojaastXzq5_0049,train
${DATA_ROOT}/clips/342352_MvhFmsojaastXzq5_0050.wav,bonafide,hi-en,342352,mucs2021,none,clean,342352_MvhFmsojaastXzq5_0050,train
${DATA_ROOT}/clips/342352_MvhFmsojaastXzq5_0051.wav,bonafide,hi-en,342352,mucs2021,none,clean,342352_MvhFmsojaastXzq5_0051,train
${DATA_ROOT}/clips/342352_MvhFmsojaastXzq5_0052.wav,bonafide,hi-en,342352,mucs2021,none,clean,342352_MvhFmsojaastXzq5_0052,train
${DATA_ROOT}/clips/342352_MvhFmsojaastXzq5_0053.wav,bonafide,hi-en,342352,mucs2021,none,clean,342352_MvhFmsojaastXzq5_0053,train
${DATA_ROOT}/clips/342352_MvhFmsojaastXzq5_0054.wav,bonafide,hi-en,342352,mucs2021,none,clean,342352_MvhFmsojaastXzq5_0054,train
${DATA_ROOT}/clips/342352_MvhFmsojaastXzq5_0055.wav,bonafide,hi-en,342352,mucs2021,none,clean,342352_MvhFmsojaastXzq5_0055,train
${DATA_ROOT}/clips/342352_MvhFmsojaastXzq5_0056.wav,bonafide,hi-en,342352,mucs2021,none,clean,342352_MvhFmsojaastXzq5_0056,train
${DATA_ROOT}/clips/342352_MvhFmsojaastXzq5_0057.wav,bonafide,hi-en,342352,mucs2021,none,clean,342352_MvhFmsojaastXzq5_0057,train
${DATA_ROOT}/clips/342352_MvhFmsojaastXzq5_0058.wav,bonafide,hi-en,342352,mucs2021,none,clean,342352_MvhFmsojaastXzq5_0058,train
${DATA_ROOT}/clips/342352_MvhFmsojaastXzq5_0059.wav,bonafide,hi-en,342352,mucs2021,none,clean,342352_MvhFmsojaastXzq5_0059,train
${DATA_ROOT}/clips/342352_MvhFmsojaastXzq5_0060.wav,bonafide,hi-en,342352,mucs2021,none,clean,342352_MvhFmsojaastXzq5_0060,train
${DATA_ROOT}/clips/342352_MvhFmsojaastXzq5_0061.wav,bonafide,hi-en,342352,mucs2021,none,clean,342352_MvhFmsojaastXzq5_0061,train
${DATA_ROOT}/clips/342352_MvhFmsojaastXzq5_0062.wav,bonafide,hi-en,342352,mucs2021,none,clean,342352_MvhFmsojaastXzq5_0062,train
${DATA_ROOT}/clips/342352_MvhFmsojaastXzq5_0063.wav,bonafide,hi-en,342352,mucs2021,none,clean,342352_MvhFmsojaastXzq5_0063,train
${DATA_ROOT}/clips/342352_MvhFmsojaastXzq5_0064.wav,bonafide,hi-en,342352,mucs2021,none,clean,342352_MvhFmsojaastXzq5_0064,train
${DATA_ROOT}/clips/342352_MvhFmsojaastXzq5_0065.wav,bonafide,hi-en,342352,mucs2021,none,clean,342352_MvhFmsojaastXzq5_0065,train
${DATA_ROOT}/clips/342352_MvhFmsojaastXzq5_0066.wav,bonafide,hi-en,342352,mucs2021,none,clean,342352_MvhFmsojaastXzq5_0066,train
${DATA_ROOT}/clips/342352_MvhFmsojaastXzq5_0067.wav,bonafide,hi-en,342352,mucs2021,none,clean,342352_MvhFmsojaastXzq5_0067,train
${DATA_ROOT}/clips/342352_MvhFmsojaastXzq5_0068.wav,bonafide,hi-en,342352,mucs2021,none,clean,342352_MvhFmsojaastXzq5_0068,train
${DATA_ROOT}/clips/350956_AdztwNlAtCku4h6b_0000.wav,bonafide,hi-en,350956,mucs2021,none,clean,350956_AdztwNlAtCku4h6b_0000,train
${DATA_ROOT}/clips/350956_AdztwNlAtCku4h6b_0001.wav,bonafide,hi-en,350956,mucs2021,none,clean,350956_AdztwNlAtCku4h6b_0001,train
${DATA_ROOT}/clips/350956_AdztwNlAtCku4h6b_0002.wav,bonafide,hi-en,350956,mucs2021,none,clean,350956_AdztwNlAtCku4h6b_0002,train
${DATA_ROOT}/clips/350956_AdztwNlAtCku4h6b_0003.wav,bonafide,hi-en,350956,mucs2021,none,clean,350956_AdztwNlAtCku4h6b_0003,train
${DATA_ROOT}/clips/350956_AdztwNlAtCku4h6b_0004.wav,bonafide,hi-en,350956,mucs2021,none,clean,350956_AdztwNlAtCku4h6b_0004,train
${DATA_ROOT}/clips/350956_AdztwNlAtCku4h6b_0005.wav,bonafide,hi-en,350956,mucs2021,none,clean,350956_AdztwNlAtCku4h6b_0005,train
${DATA_ROOT}/clips/350956_AdztwNlAtCku4h6b_0006.wav,bonafide,hi-en,350956,mucs2021,none,clean,350956_AdztwNlAtCku4h6b_0006,train
${DATA_ROOT}/clips/350956_AdztwNlAtCku4h6b_0007.wav,bonafide,hi-en,350956,mucs2021,none,clean,350956_AdztwNlAtCku4h6b_0007,train
${DATA_ROOT}/clips/350956_AdztwNlAtCku4h6b_0008.wav,bonafide,hi-en,350956,mucs2021,none,clean,350956_AdztwNlAtCku4h6b_0008,train
${DATA_ROOT}/clips/350956_AdztwNlAtCku4h6b_0009.wav,bonafide,hi-en,350956,mucs2021,none,clean,350956_AdztwNlAtCku4h6b_0009,train
${DATA_ROOT}/clips/350956_AdztwNlAtCku4h6b_0010.wav,bonafide,hi-en,350956,mucs2021,none,clean,350956_AdztwNlAtCku4h6b_0010,train
${DATA_ROOT}/clips/350956_AdztwNlAtCku4h6b_0011.wav,bonafide,hi-en,350956,mucs2021,none,clean,350956_AdztwNlAtCku4h6b_0011,train
${DATA_ROOT}/clips/350956_AdztwNlAtCku4h6b_0012.wav,bonafide,hi-en,350956,mucs2021,none,clean,350956_AdztwNlAtCku4h6b_0012,train
${DATA_ROOT}/clips/350956_AdztwNlAtCku4h6b_0013.wav,bonafide,hi-en,350956,mucs2021,none,clean,350956_AdztwNlAtCku4h6b_0013,train
${DATA_ROOT}/clips/350956_AdztwNlAtCku4h6b_0014.wav,bonafide,hi-en,350956,mucs2021,none,clean,350956_AdztwNlAtCku4h6b_0014,train
${DATA_ROOT}/clips/350956_AdztwNlAtCku4h6b_0015.wav,bonafide,hi-en,350956,mucs2021,none,clean,350956_AdztwNlAtCku4h6b_0015,train
${DATA_ROOT}/clips/350956_AdztwNlAtCku4h6b_0016.wav,bonafide,hi-en,350956,mucs2021,none,clean,350956_AdztwNlAtCku4h6b_0016,train
${DATA_ROOT}/clips/350956_AdztwNlAtCku4h6b_0017.wav,bonafide,hi-en,350956,mucs2021,none,clean,350956_AdztwNlAtCku4h6b_0017,train
${DATA_ROOT}/clips/350956_AdztwNlAtCku4h6b_0018.wav,bonafide,hi-en,350956,mucs2021,none,clean,350956_AdztwNlAtCku4h6b_0018,train
${DATA_ROOT}/clips/350956_AdztwNlAtCku4h6b_0019.wav,bonafide,hi-en,350956,mucs2021,none,clean,350956_AdztwNlAtCku4h6b_0019,train
${DATA_ROOT}/clips/350956_AdztwNlAtCku4h6b_0020.wav,bonafide,hi-en,350956,mucs2021,none,clean,350956_AdztwNlAtCku4h6b_0020,train
${DATA_ROOT}/clips/350956_AdztwNlAtCku4h6b_0021.wav,bonafide,hi-en,350956,mucs2021,none,clean,350956_AdztwNlAtCku4h6b_0021,train
${DATA_ROOT}/clips/350956_AdztwNlAtCku4h6b_0022.wav,bonafide,hi-en,350956,mucs2021,none,clean,350956_AdztwNlAtCku4h6b_0022,train
${DATA_ROOT}/clips/350956_AdztwNlAtCku4h6b_0023.wav,bonafide,hi-en,350956,mucs2021,none,clean,350956_AdztwNlAtCku4h6b_0023,train
${DATA_ROOT}/clips/350956_AdztwNlAtCku4h6b_0024.wav,bonafide,hi-en,350956,mucs2021,none,clean,350956_AdztwNlAtCku4h6b_0024,train
${DATA_ROOT}/clips/350956_AdztwNlAtCku4h6b_0025.wav,bonafide,hi-en,350956,mucs2021,none,clean,350956_AdztwNlAtCku4h6b_0025,train
${DATA_ROOT}/clips/350956_AdztwNlAtCku4h6b_0026.wav,bonafide,hi-en,350956,mucs2021,none,clean,350956_AdztwNlAtCku4h6b_0026,train
${DATA_ROOT}/clips/350956_AdztwNlAtCku4h6b_0027.wav,bonafide,hi-en,350956,mucs2021,none,clean,350956_AdztwNlAtCku4h6b_0027,train
${DATA_ROOT}/clips/350956_AdztwNlAtCku4h6b_0028.wav,bonafide,hi-en,350956,mucs2021,none,clean,350956_AdztwNlAtCku4h6b_0028,train
${DATA_ROOT}/clips/350956_AdztwNlAtCku4h6b_0029.wav,bonafide,hi-en,350956,mucs2021,none,clean,350956_AdztwNlAtCku4h6b_0029,train
${DATA_ROOT}/clips/350956_AdztwNlAtCku4h6b_0030.wav,bonafide,hi-en,350956,mucs2021,none,clean,350956_AdztwNlAtCku4h6b_0030,train
${DATA_ROOT}/clips/350956_AdztwNlAtCku4h6b_0031.wav,bonafide,hi-en,350956,mucs2021,none,clean,350956_AdztwNlAtCku4h6b_0031,train
${DATA_ROOT}/clips/350956_AdztwNlAtCku4h6b_0032.wav,bonafide,hi-en,350956,mucs2021,none,clean,350956_AdztwNlAtCku4h6b_0032,train
${DATA_ROOT}/clips/350956_AdztwNlAtCku4h6b_0033.wav,bonafide,hi-en,350956,mucs2021,none,clean,350956_AdztwNlAtCku4h6b_0033,train
${DATA_ROOT}/clips/350956_AdztwNlAtCku4h6b_0034.wav,bonafide,hi-en,350956,mucs2021,none,clean,350956_AdztwNlAtCku4h6b_0034,train
${DATA_ROOT}/clips/350956_AdztwNlAtCku4h6b_0035.wav,bonafide,hi-en,350956,mucs2021,none,clean,350956_AdztwNlAtCku4h6b_0035,train
${DATA_ROOT}/clips/350956_AdztwNlAtCku4h6b_0036.wav,bonafide,hi-en,350956,mucs2021,none,clean,350956_AdztwNlAtCku4h6b_0036,train
${DATA_ROOT}/clips/350956_AdztwNlAtCku4h6b_0037.wav,bonafide,hi-en,350956,mucs2021,none,clean,350956_AdztwNlAtCku4h6b_0037,train
${DATA_ROOT}/clips/350956_AdztwNlAtCku4h6b_0038.wav,bonafide,hi-en,350956,mucs2021,none,clean,350956_AdztwNlAtCku4h6b_0038,train
${DATA_ROOT}/clips/350956_AdztwNlAtCku4h6b_0039.wav,bonafide,hi-en,350956,mucs2021,none,clean,350956_AdztwNlAtCku4h6b_0039,train
${DATA_ROOT}/clips/350956_AdztwNlAtCku4h6b_0040.wav,bonafide,hi-en,350956,mucs2021,none,clean,350956_AdztwNlAtCku4h6b_0040,train
${DATA_ROOT}/clips/350956_AdztwNlAtCku4h6b_0041.wav,bonafide,hi-en,350956,mucs2021,none,clean,350956_AdztwNlAtCku4h6b_0041,train
${DATA_ROOT}/clips/350956_AdztwNlAtCku4h6b_0042.wav,bonafide,hi-en,350956,mucs2021,none,clean,350956_AdztwNlAtCku4h6b_0042,train
${DATA_ROOT}/clips/350956_AdztwNlAtCku4h6b_0043.wav,bonafide,hi-en,350956,mucs2021,none,clean,350956_AdztwNlAtCku4h6b_0043,train
${DATA_ROOT}/clips/350956_AdztwNlAtCku4h6b_0044.wav,bonafide,hi-en,350956,mucs2021,none,clean,350956_AdztwNlAtCku4h6b_0044,train
${DATA_ROOT}/clips/350956_AdztwNlAtCku4h6b_0045.wav,bonafide,hi-en,350956,mucs2021,none,clean,350956_AdztwNlAtCku4h6b_0045,train
${DATA_ROOT}/clips/350956_AdztwNlAtCku4h6b_0046.wav,bonafide,hi-en,350956,mucs2021,none,clean,350956_AdztwNlAtCku4h6b_0046,train
${DATA_ROOT}/clips/350956_AdztwNlAtCku4h6b_0047.wav,bonafide,hi-en,350956,mucs2021,none,clean,350956_AdztwNlAtCku4h6b_0047,train
${DATA_ROOT}/clips/350956_AdztwNlAtCku4h6b_0048.wav,bonafide,hi-en,350956,mucs2021,none,clean,350956_AdztwNlAtCku4h6b_0048,train
${DATA_ROOT}/clips/350956_AdztwNlAtCku4h6b_0049.wav,bonafide,hi-en,350956,mucs2021,none,clean,350956_AdztwNlAtCku4h6b_0049,train
${DATA_ROOT}/clips/350956_AdztwNlAtCku4h6b_0050.wav,bonafide,hi-en,350956,mucs2021,none,clean,350956_AdztwNlAtCku4h6b_0050,train
${DATA_ROOT}/clips/350956_AdztwNlAtCku4h6b_0051.wav,bonafide,hi-en,350956,mucs2021,none,clean,350956_AdztwNlAtCku4h6b_0051,train
${DATA_ROOT}/clips/350956_AdztwNlAtCku4h6b_0052.wav,bonafide,hi-en,350956,mucs2021,none,clean,350956_AdztwNlAtCku4h6b_0052,train
${DATA_ROOT}/clips/350956_AdztwNlAtCku4h6b_0053.wav,bonafide,hi-en,350956,mucs2021,none,clean,350956_AdztwNlAtCku4h6b_0053,train
${DATA_ROOT}/clips/350956_AdztwNlAtCku4h6b_0054.wav,bonafide,hi-en,350956,mucs2021,none,clean,350956_AdztwNlAtCku4h6b_0054,train
${DATA_ROOT}/clips/350956_AdztwNlAtCku4h6b_0055.wav,bonafide,hi-en,350956,mucs2021,none,clean,350956_AdztwNlAtCku4h6b_0055,train
${DATA_ROOT}/clips/350956_AdztwNlAtCku4h6b_0056.wav,bonafide,hi-en,350956,mucs2021,none,clean,350956_AdztwNlAtCku4h6b_0056,train
${DATA_ROOT}/clips/350956_AdztwNlAtCku4h6b_0057.wav,bonafide,hi-en,350956,mucs2021,none,clean,350956_AdztwNlAtCku4h6b_0057,train
${DATA_ROOT}/clips/350956_AdztwNlAtCku4h6b_0058.wav,bonafide,hi-en,350956,mucs2021,none,clean,350956_AdztwNlAtCku4h6b_0058,train
${DATA_ROOT}/clips/350956_AdztwNlAtCku4h6b_0059.wav,bonafide,hi-en,350956,mucs2021,none,clean,350956_AdztwNlAtCku4h6b_0059,train
${DATA_ROOT}/clips/350956_AdztwNlAtCku4h6b_0060.wav,bonafide,hi-en,350956,mucs2021,none,clean,350956_AdztwNlAtCku4h6b_0060,train
${DATA_ROOT}/clips/350956_AdztwNlAtCku4h6b_0061.wav,bonafide,hi-en,350956,mucs2021,none,clean,350956_AdztwNlAtCku4h6b_0061,train
${DATA_ROOT}/clips/350956_AdztwNlAtCku4h6b_0062.wav,bonafide,hi-en,350956,mucs2021,none,clean,350956_AdztwNlAtCku4h6b_0062,train
${DATA_ROOT}/clips/350956_AdztwNlAtCku4h6b_0063.wav,bonafide,hi-en,350956,mucs2021,none,clean,350956_AdztwNlAtCku4h6b_0063,train
${DATA_ROOT}/clips/350956_AdztwNlAtCku4h6b_0064.wav,bonafide,hi-en,350956,mucs2021,none,clean,350956_AdztwNlAtCku4h6b_0064,train
${DATA_ROOT}/clips/350956_AdztwNlAtCku4h6b_0065.wav,bonafide,hi-en,350956,mucs2021,none,clean,350956_AdztwNlAtCku4h6b_0065,train
${DATA_ROOT}/clips/350956_AdztwNlAtCku4h6b_0066.wav,bonafide,hi-en,350956,mucs2021,none,clean,350956_AdztwNlAtCku4h6b_0066,train
${DATA_ROOT}/clips/350956_AdztwNlAtCku4h6b_0067.wav,bonafide,hi-en,350956,mucs2021,none,clean,350956_AdztwNlAtCku4h6b_0067,train
${DATA_ROOT}/clips/350956_AdztwNlAtCku4h6b_0068.wav,bonafide,hi-en,350956,mucs2021,none,clean,350956_AdztwNlAtCku4h6b_0068,train
${DATA_ROOT}/clips/350956_AdztwNlAtCku4h6b_0069.wav,bonafide,hi-en,350956,mucs2021,none,clean,350956_AdztwNlAtCku4h6b_0069,train
${DATA_ROOT}/clips/350956_AdztwNlAtCku4h6b_0070.wav,bonafide,hi-en,350956,mucs2021,none,clean,350956_AdztwNlAtCku4h6b_0070,train
${DATA_ROOT}/clips/350956_AdztwNlAtCku4h6b_0071.wav,bonafide,hi-en,350956,mucs2021,none,clean,350956_AdztwNlAtCku4h6b_0071,train
${DATA_ROOT}/clips/350956_AdztwNlAtCku4h6b_0072.wav,bonafide,hi-en,350956,mucs2021,none,clean,350956_AdztwNlAtCku4h6b_0072,train
${DATA_ROOT}/clips/350956_AdztwNlAtCku4h6b_0073.wav,bonafide,hi-en,350956,mucs2021,none,clean,350956_AdztwNlAtCku4h6b_0073,train
${DATA_ROOT}/clips/350956_AdztwNlAtCku4h6b_0074.wav,bonafide,hi-en,350956,mucs2021,none,clean,350956_AdztwNlAtCku4h6b_0074,train
${DATA_ROOT}/clips/350956_AdztwNlAtCku4h6b_0075.wav,bonafide,hi-en,350956,mucs2021,none,clean,350956_AdztwNlAtCku4h6b_0075,train
${DATA_ROOT}/clips/350956_AdztwNlAtCku4h6b_0076.wav,bonafide,hi-en,350956,mucs2021,none,clean,350956_AdztwNlAtCku4h6b_0076,train
${DATA_ROOT}/clips/350956_AdztwNlAtCku4h6b_0077.wav,bonafide,hi-en,350956,mucs2021,none,clean,350956_AdztwNlAtCku4h6b_0077,train
${DATA_ROOT}/clips/350956_AdztwNlAtCku4h6b_0078.wav,bonafide,hi-en,350956,mucs2021,none,clean,350956_AdztwNlAtCku4h6b_0078,train
${DATA_ROOT}/clips/350956_AdztwNlAtCku4h6b_0079.wav,bonafide,hi-en,350956,mucs2021,none,clean,350956_AdztwNlAtCku4h6b_0079,train
${DATA_ROOT}/clips/350956_AdztwNlAtCku4h6b_0080.wav,bonafide,hi-en,350956,mucs2021,none,clean,350956_AdztwNlAtCku4h6b_0080,train
${DATA_ROOT}/clips/350956_AdztwNlAtCku4h6b_0081.wav,bonafide,hi-en,350956,mucs2021,none,clean,350956_AdztwNlAtCku4h6b_0081,train
${DATA_ROOT}/clips/350956_AdztwNlAtCku4h6b_0082.wav,bonafide,hi-en,350956,mucs2021,none,clean,350956_AdztwNlAtCku4h6b_0082,train
${DATA_ROOT}/clips/350956_AdztwNlAtCku4h6b_0083.wav,bonafide,hi-en,350956,mucs2021,none,clean,350956_AdztwNlAtCku4h6b_0083,train
${DATA_ROOT}/clips/350956_AdztwNlAtCku4h6b_0084.wav,bonafide,hi-en,350956,mucs2021,none,clean,350956_AdztwNlAtCku4h6b_0084,train
${DATA_ROOT}/clips/350956_AdztwNlAtCku4h6b_0085.wav,bonafide,hi-en,350956,mucs2021,none,clean,350956_AdztwNlAtCku4h6b_0085,train
${DATA_ROOT}/clips/350956_AdztwNlAtCku4h6b_0086.wav,bonafide,hi-en,350956,mucs2021,none,clean,350956_AdztwNlAtCku4h6b_0086,train
${DATA_ROOT}/clips/350956_AdztwNlAtCku4h6b_0087.wav,bonafide,hi-en,350956,mucs2021,none,clean,350956_AdztwNlAtCku4h6b_0087,train
${DATA_ROOT}/clips/350956_AdztwNlAtCku4h6b_0088.wav,bonafide,hi-en,350956,mucs2021,none,clean,350956_AdztwNlAtCku4h6b_0088,train
${DATA_ROOT}/clips/350956_AdztwNlAtCku4h6b_0089.wav,bonafide,hi-en,350956,mucs2021,none,clean,350956_AdztwNlAtCku4h6b_0089,train
${DATA_ROOT}/clips/350956_AdztwNlAtCku4h6b_0090.wav,bonafide,hi-en,350956,mucs2021,none,clean,350956_AdztwNlAtCku4h6b_0090,train
${DATA_ROOT}/clips/350956_AdztwNlAtCku4h6b_0091.wav,bonafide,hi-en,350956,mucs2021,none,clean,350956_AdztwNlAtCku4h6b_0091,train
${DATA_ROOT}/clips/350956_AdztwNlAtCku4h6b_0092.wav,bonafide,hi-en,350956,mucs2021,none,clean,350956_AdztwNlAtCku4h6b_0092,train
${DATA_ROOT}/clips/350956_AdztwNlAtCku4h6b_0093.wav,bonafide,hi-en,350956,mucs2021,none,clean,350956_AdztwNlAtCku4h6b_0093,train
${DATA_ROOT}/clips/350956_AdztwNlAtCku4h6b_0094.wav,bonafide,hi-en,350956,mucs2021,none,clean,350956_AdztwNlAtCku4h6b_0094,train
${DATA_ROOT}/clips/350956_AdztwNlAtCku4h6b_0095.wav,bonafide,hi-en,350956,mucs2021,none,clean,350956_AdztwNlAtCku4h6b_0095,train
${DATA_ROOT}/clips/350956_AdztwNlAtCku4h6b_0096.wav,bonafide,hi-en,350956,mucs2021,none,clean,350956_AdztwNlAtCku4h6b_0096,train
${DATA_ROOT}/clips/350956_AdztwNlAtCku4h6b_0097.wav,bonafide,hi-en,350956,mucs2021,none,clean,350956_AdztwNlAtCku4h6b_0097,train
${DATA_ROOT}/clips/350956_AdztwNlAtCku4h6b_0098.wav,bonafide,hi-en,350956,mucs2021,none,clean,350956_AdztwNlAtCku4h6b_0098,train
${DATA_ROOT}/clips/350956_AdztwNlAtCku4h6b_0099.wav,bonafide,hi-en,350956,mucs2021,none,clean,350956_AdztwNlAtCku4h6b_0099,train
${DATA_ROOT}/clips/350956_AdztwNlAtCku4h6b_0100.wav,bonafide,hi-en,350956,mucs2021,none,clean,350956_AdztwNlAtCku4h6b_0100,train
${DATA_ROOT}/clips/350956_AdztwNlAtCku4h6b_0101.wav,bonafide,hi-en,350956,mucs2021,none,clean,350956_AdztwNlAtCku4h6b_0101,train
${DATA_ROOT}/clips/350956_AdztwNlAtCku4h6b_0102.wav,bonafide,hi-en,350956,mucs2021,none,clean,350956_AdztwNlAtCku4h6b_0102,train
${DATA_ROOT}/clips/350956_AdztwNlAtCku4h6b_0103.wav,bonafide,hi-en,350956,mucs2021,none,clean,350956_AdztwNlAtCku4h6b_0103,train
${DATA_ROOT}/clips/350956_AdztwNlAtCku4h6b_0104.wav,bonafide,hi-en,350956,mucs2021,none,clean,350956_AdztwNlAtCku4h6b_0104,train
${DATA_ROOT}/clips/350956_AdztwNlAtCku4h6b_0105.wav,bonafide,hi-en,350956,mucs2021,none,clean,350956_AdztwNlAtCku4h6b_0105,train
${DATA_ROOT}/clips/350956_AdztwNlAtCku4h6b_0106.wav,bonafide,hi-en,350956,mucs2021,none,clean,350956_AdztwNlAtCku4h6b_0106,train
${DATA_ROOT}/clips/350956_AdztwNlAtCku4h6b_0107.wav,bonafide,hi-en,350956,mucs2021,none,clean,350956_AdztwNlAtCku4h6b_0107,train
${DATA_ROOT}/clips/350956_AdztwNlAtCku4h6b_0108.wav,bonafide,hi-en,350956,mucs2021,none,clean,350956_AdztwNlAtCku4h6b_0108,train
${DATA_ROOT}/clips/350956_AdztwNlAtCku4h6b_0109.wav,bonafide,hi-en,350956,mucs2021,none,clean,350956_AdztwNlAtCku4h6b_0109,train
${DATA_ROOT}/clips/350956_AdztwNlAtCku4h6b_0110.wav,bonafide,hi-en,350956,mucs2021,none,clean,350956_AdztwNlAtCku4h6b_0110,train
${DATA_ROOT}/clips/350956_AdztwNlAtCku4h6b_0111.wav,bonafide,hi-en,350956,mucs2021,none,clean,350956_AdztwNlAtCku4h6b_0111,train
${DATA_ROOT}/clips/350956_AdztwNlAtCku4h6b_0112.wav,bonafide,hi-en,350956,mucs2021,none,clean,350956_AdztwNlAtCku4h6b_0112,train
${DATA_ROOT}/clips/350956_AdztwNlAtCku4h6b_0113.wav,bonafide,hi-en,350956,mucs2021,none,clean,350956_AdztwNlAtCku4h6b_0113,train
${DATA_ROOT}/clips/350956_AdztwNlAtCku4h6b_0114.wav,bonafide,hi-en,350956,mucs2021,none,clean,350956_AdztwNlAtCku4h6b_0114,train
${DATA_ROOT}/clips/350956_AdztwNlAtCku4h6b_0115.wav,bonafide,hi-en,350956,mucs2021,none,clean,350956_AdztwNlAtCku4h6b_0115,train
${DATA_ROOT}/clips/350956_AdztwNlAtCku4h6b_0116.wav,bonafide,hi-en,350956,mucs2021,none,clean,350956_AdztwNlAtCku4h6b_0116,train
${DATA_ROOT}/clips/350956_AdztwNlAtCku4h6b_0117.wav,bonafide,hi-en,350956,mucs2021,none,clean,350956_AdztwNlAtCku4h6b_0117,train
${DATA_ROOT}/clips/350956_AdztwNlAtCku4h6b_0118.wav,bonafide,hi-en,350956,mucs2021,none,clean,350956_AdztwNlAtCku4h6b_0118,train
${DATA_ROOT}/clips/350956_AdztwNlAtCku4h6b_0119.wav,bonafide,hi-en,350956,mucs2021,none,clean,350956_AdztwNlAtCku4h6b_0119,train
${DATA_ROOT}/clips/350956_AdztwNlAtCku4h6b_0120.wav,bonafide,hi-en,350956,mucs2021,none,clean,350956_AdztwNlAtCku4h6b_0120,train
${DATA_ROOT}/clips/350956_AdztwNlAtCku4h6b_0121.wav,bonafide,hi-en,350956,mucs2021,none,clean,350956_AdztwNlAtCku4h6b_0121,train
${DATA_ROOT}/clips/350956_AdztwNlAtCku4h6b_0122.wav,bonafide,hi-en,350956,mucs2021,none,clean,350956_AdztwNlAtCku4h6b_0122,train
${DATA_ROOT}/clips/350956_AdztwNlAtCku4h6b_0123.wav,bonafide,hi-en,350956,mucs2021,none,clean,350956_AdztwNlAtCku4h6b_0123,train
${DATA_ROOT}/clips/350956_AdztwNlAtCku4h6b_0124.wav,bonafide,hi-en,350956,mucs2021,none,clean,350956_AdztwNlAtCku4h6b_0124,train
${DATA_ROOT}/clips/350956_AdztwNlAtCku4h6b_0125.wav,bonafide,hi-en,350956,mucs2021,none,clean,350956_AdztwNlAtCku4h6b_0125,train
${DATA_ROOT}/clips/350956_AdztwNlAtCku4h6b_0126.wav,bonafide,hi-en,350956,mucs2021,none,clean,350956_AdztwNlAtCku4h6b_0126,train
${DATA_ROOT}/clips/350956_AdztwNlAtCku4h6b_0127.wav,bonafide,hi-en,350956,mucs2021,none,clean,350956_AdztwNlAtCku4h6b_0127,train
${DATA_ROOT}/clips/350956_AdztwNlAtCku4h6b_0128.wav,bonafide,hi-en,350956,mucs2021,none,clean,350956_AdztwNlAtCku4h6b_0128,train
${DATA_ROOT}/clips/350956_AdztwNlAtCku4h6b_0129.wav,bonafide,hi-en,350956,mucs2021,none,clean,350956_AdztwNlAtCku4h6b_0129,train
${DATA_ROOT}/clips/350956_AdztwNlAtCku4h6b_0130.wav,bonafide,hi-en,350956,mucs2021,none,clean,350956_AdztwNlAtCku4h6b_0130,train
${DATA_ROOT}/clips/350956_AdztwNlAtCku4h6b_0131.wav,bonafide,hi-en,350956,mucs2021,none,clean,350956_AdztwNlAtCku4h6b_0131,train
${DATA_ROOT}/clips/350956_AdztwNlAtCku4h6b_0132.wav,bonafide,hi-en,350956,mucs2021,none,clean,350956_AdztwNlAtCku4h6b_0132,train
${DATA_ROOT}/clips/350956_AdztwNlAtCku4h6b_0133.wav,bonafide,hi-en,350956,mucs2021,none,clean,350956_AdztwNlAtCku4h6b_0133,train
${DATA_ROOT}/clips/350956_AdztwNlAtCku4h6b_0134.wav,bonafide,hi-en,350956,mucs2021,none,clean,350956_AdztwNlAtCku4h6b_0134,train
${DATA_ROOT}/clips/350956_AdztwNlAtCku4h6b_0135.wav,bonafide,hi-en,350956,mucs2021,none,clean,350956_AdztwNlAtCku4h6b_0135,train
${DATA_ROOT}/clips/350956_AdztwNlAtCku4h6b_0136.wav,bonafide,hi-en,350956,mucs2021,none,clean,350956_AdztwNlAtCku4h6b_0136,train
${DATA_ROOT}/clips/350956_AdztwNlAtCku4h6b_0137.wav,bonafide,hi-en,350956,mucs2021,none,clean,350956_AdztwNlAtCku4h6b_0137,train
${DATA_ROOT}/clips/350956_AdztwNlAtCku4h6b_0138.wav,bonafide,hi-en,350956,mucs2021,none,clean,350956_AdztwNlAtCku4h6b_0138,train
${DATA_ROOT}/clips/350956_AdztwNlAtCku4h6b_0139.wav,bonafide,hi-en,350956,mucs2021,none,clean,350956_AdztwNlAtCku4h6b_0139,train
${DATA_ROOT}/clips/350956_AdztwNlAtCku4h6b_0140.wav,bonafide,hi-en,350956,mucs2021,none,clean,350956_AdztwNlAtCku4h6b_0140,train
${DATA_ROOT}/clips/350956_AdztwNlAtCku4h6b_0141.wav,bonafide,hi-en,350956,mucs2021,none,clean,350956_AdztwNlAtCku4h6b_0141,train
${DATA_ROOT}/clips/350956_AdztwNlAtCku4h6b_0142.wav,bonafide,hi-en,350956,mucs2021,none,clean,350956_AdztwNlAtCku4h6b_0142,train
${DATA_ROOT}/clips/433148_9ZAfcv5TDF1BKs4E_0000.wav,bonafide,hi-en,433148,mucs2021,none,clean,433148_9ZAfcv5TDF1BKs4E_0000,train
${DATA_ROOT}/clips/433148_9ZAfcv5TDF1BKs4E_0001.wav,bonafide,hi-en,433148,mucs2021,none,clean,433148_9ZAfcv5TDF1BKs4E_0001,train
${DATA_ROOT}/clips/433148_9ZAfcv5TDF1BKs4E_0002.wav,bonafide,hi-en,433148,mucs2021,none,clean,433148_9ZAfcv5TDF1BKs4E_0002,train
${DATA_ROOT}/clips/433148_9ZAfcv5TDF1BKs4E_0003.wav,bonafide,hi-en,433148,mucs2021,none,clean,433148_9ZAfcv5TDF1BKs4E_0003,train
${DATA_ROOT}/clips/433148_9ZAfcv5TDF1BKs4E_0004.wav,bonafide,hi-en,433148,mucs2021,none,clean,433148_9ZAfcv5TDF1BKs4E_0004,train
${DATA_ROOT}/clips/433148_9ZAfcv5TDF1BKs4E_0005.wav,bonafide,hi-en,433148,mucs2021,none,clean,433148_9ZAfcv5TDF1BKs4E_0005,train
${DATA_ROOT}/clips/433148_9ZAfcv5TDF1BKs4E_0006.wav,bonafide,hi-en,433148,mucs2021,none,clean,433148_9ZAfcv5TDF1BKs4E_0006,train
${DATA_ROOT}/clips/433148_9ZAfcv5TDF1BKs4E_0007.wav,bonafide,hi-en,433148,mucs2021,none,clean,433148_9ZAfcv5TDF1BKs4E_0007,train
${DATA_ROOT}/clips/433148_9ZAfcv5TDF1BKs4E_0008.wav,bonafide,hi-en,433148,mucs2021,none,clean,433148_9ZAfcv5TDF1BKs4E_0008,train
${DATA_ROOT}/clips/433148_9ZAfcv5TDF1BKs4E_0009.wav,bonafide,hi-en,433148,mucs2021,none,clean,433148_9ZAfcv5TDF1BKs4E_0009,train
${DATA_ROOT}/clips/433148_9ZAfcv5TDF1BKs4E_0010.wav,bonafide,hi-en,433148,mucs2021,none,clean,433148_9ZAfcv5TDF1BKs4E_0010,train
${DATA_ROOT}/clips/433148_9ZAfcv5TDF1BKs4E_0011.wav,bonafide,hi-en,433148,mucs2021,none,clean,433148_9ZAfcv5TDF1BKs4E_0011,train
${DATA_ROOT}/clips/433148_9ZAfcv5TDF1BKs4E_0012.wav,bonafide,hi-en,433148,mucs2021,none,clean,433148_9ZAfcv5TDF1BKs4E_0012,train
${DATA_ROOT}/clips/433148_9ZAfcv5TDF1BKs4E_0013.wav,bonafide,hi-en,433148,mucs2021,none,clean,433148_9ZAfcv5TDF1BKs4E_0013,train
${DATA_ROOT}/clips/433148_9ZAfcv5TDF1BKs4E_0014.wav,bonafide,hi-en,433148,mucs2021,none,clean,433148_9ZAfcv5TDF1BKs4E_0014,train
${DATA_ROOT}/clips/433148_9ZAfcv5TDF1BKs4E_0015.wav,bonafide,hi-en,433148,mucs2021,none,clean,433148_9ZAfcv5TDF1BKs4E_0015,train
${DATA_ROOT}/clips/433148_9ZAfcv5TDF1BKs4E_0016.wav,bonafide,hi-en,433148,mucs2021,none,clean,433148_9ZAfcv5TDF1BKs4E_0016,train
${DATA_ROOT}/clips/433148_9ZAfcv5TDF1BKs4E_0017.wav,bonafide,hi-en,433148,mucs2021,none,clean,433148_9ZAfcv5TDF1BKs4E_0017,train
${DATA_ROOT}/clips/433148_9ZAfcv5TDF1BKs4E_0018.wav,bonafide,hi-en,433148,mucs2021,none,clean,433148_9ZAfcv5TDF1BKs4E_0018,train
${DATA_ROOT}/clips/433148_9ZAfcv5TDF1BKs4E_0019.wav,bonafide,hi-en,433148,mucs2021,none,clean,433148_9ZAfcv5TDF1BKs4E_0019,train
${DATA_ROOT}/clips/433148_9ZAfcv5TDF1BKs4E_0020.wav,bonafide,hi-en,433148,mucs2021,none,clean,433148_9ZAfcv5TDF1BKs4E_0020,train
${DATA_ROOT}/clips/433148_9ZAfcv5TDF1BKs4E_0021.wav,bonafide,hi-en,433148,mucs2021,none,clean,433148_9ZAfcv5TDF1BKs4E_0021,train
${DATA_ROOT}/clips/433148_9ZAfcv5TDF1BKs4E_0022.wav,bonafide,hi-en,433148,mucs2021,none,clean,433148_9ZAfcv5TDF1BKs4E_0022,train
${DATA_ROOT}/clips/433148_9ZAfcv5TDF1BKs4E_0023.wav,bonafide,hi-en,433148,mucs2021,none,clean,433148_9ZAfcv5TDF1BKs4E_0023,train
${DATA_ROOT}/clips/433148_9ZAfcv5TDF1BKs4E_0024.wav,bonafide,hi-en,433148,mucs2021,none,clean,433148_9ZAfcv5TDF1BKs4E_0024,train
${DATA_ROOT}/clips/433148_9ZAfcv5TDF1BKs4E_0025.wav,bonafide,hi-en,433148,mucs2021,none,clean,433148_9ZAfcv5TDF1BKs4E_0025,train
${DATA_ROOT}/clips/433148_9ZAfcv5TDF1BKs4E_0026.wav,bonafide,hi-en,433148,mucs2021,none,clean,433148_9ZAfcv5TDF1BKs4E_0026,train
${DATA_ROOT}/clips/433148_9ZAfcv5TDF1BKs4E_0027.wav,bonafide,hi-en,433148,mucs2021,none,clean,433148_9ZAfcv5TDF1BKs4E_0027,train
${DATA_ROOT}/clips/433148_9ZAfcv5TDF1BKs4E_0028.wav,bonafide,hi-en,433148,mucs2021,none,clean,433148_9ZAfcv5TDF1BKs4E_0028,train
${DATA_ROOT}/clips/433148_9ZAfcv5TDF1BKs4E_0029.wav,bonafide,hi-en,433148,mucs2021,none,clean,433148_9ZAfcv5TDF1BKs4E_0029,train
${DATA_ROOT}/clips/433148_9ZAfcv5TDF1BKs4E_0030.wav,bonafide,hi-en,433148,mucs2021,none,clean,433148_9ZAfcv5TDF1BKs4E_0030,train
${DATA_ROOT}/clips/433148_9ZAfcv5TDF1BKs4E_0031.wav,bonafide,hi-en,433148,mucs2021,none,clean,433148_9ZAfcv5TDF1BKs4E_0031,train
${DATA_ROOT}/clips/433148_9ZAfcv5TDF1BKs4E_0032.wav,bonafide,hi-en,433148,mucs2021,none,clean,433148_9ZAfcv5TDF1BKs4E_0032,train
${DATA_ROOT}/clips/433148_9ZAfcv5TDF1BKs4E_0033.wav,bonafide,hi-en,433148,mucs2021,none,clean,433148_9ZAfcv5TDF1BKs4E_0033,train
${DATA_ROOT}/clips/433148_9ZAfcv5TDF1BKs4E_0034.wav,bonafide,hi-en,433148,mucs2021,none,clean,433148_9ZAfcv5TDF1BKs4E_0034,train
${DATA_ROOT}/clips/433148_9ZAfcv5TDF1BKs4E_0035.wav,bonafide,hi-en,433148,mucs2021,none,clean,433148_9ZAfcv5TDF1BKs4E_0035,train
${DATA_ROOT}/clips/433148_9ZAfcv5TDF1BKs4E_0036.wav,bonafide,hi-en,433148,mucs2021,none,clean,433148_9ZAfcv5TDF1BKs4E_0036,train
${DATA_ROOT}/clips/433148_9ZAfcv5TDF1BKs4E_0037.wav,bonafide,hi-en,433148,mucs2021,none,clean,433148_9ZAfcv5TDF1BKs4E_0037,train
${DATA_ROOT}/clips/433148_9ZAfcv5TDF1BKs4E_0038.wav,bonafide,hi-en,433148,mucs2021,none,clean,433148_9ZAfcv5TDF1BKs4E_0038,train
${DATA_ROOT}/clips/433148_9ZAfcv5TDF1BKs4E_0039.wav,bonafide,hi-en,433148,mucs2021,none,clean,433148_9ZAfcv5TDF1BKs4E_0039,train
${DATA_ROOT}/clips/433148_9ZAfcv5TDF1BKs4E_0040.wav,bonafide,hi-en,433148,mucs2021,none,clean,433148_9ZAfcv5TDF1BKs4E_0040,train
${DATA_ROOT}/clips/433148_9ZAfcv5TDF1BKs4E_0041.wav,bonafide,hi-en,433148,mucs2021,none,clean,433148_9ZAfcv5TDF1BKs4E_0041,train
${DATA_ROOT}/clips/433148_9ZAfcv5TDF1BKs4E_0042.wav,bonafide,hi-en,433148,mucs2021,none,clean,433148_9ZAfcv5TDF1BKs4E_0042,train
${DATA_ROOT}/clips/433148_9ZAfcv5TDF1BKs4E_0043.wav,bonafide,hi-en,433148,mucs2021,none,clean,433148_9ZAfcv5TDF1BKs4E_0043,train
${DATA_ROOT}/clips/433148_9ZAfcv5TDF1BKs4E_0044.wav,bonafide,hi-en,433148,mucs2021,none,clean,433148_9ZAfcv5TDF1BKs4E_0044,train
${DATA_ROOT}/clips/433148_9ZAfcv5TDF1BKs4E_0045.wav,bonafide,hi-en,433148,mucs2021,none,clean,433148_9ZAfcv5TDF1BKs4E_0045,train
${DATA_ROOT}/clips/433148_9ZAfcv5TDF1BKs4E_0046.wav,bonafide,hi-en,433148,mucs2021,none,clean,433148_9ZAfcv5TDF1BKs4E_0046,train
${DATA_ROOT}/clips/433148_9ZAfcv5TDF1BKs4E_0047.wav,bonafide,hi-en,433148,mucs2021,none,clean,433148_9ZAfcv5TDF1BKs4E_0047,train
${DATA_ROOT}/clips/433148_9ZAfcv5TDF1BKs4E_0048.wav,bonafide,hi-en,433148,mucs2021,none,clean,433148_9ZAfcv5TDF1BKs4E_0048,train
${DATA_ROOT}/clips/433148_9ZAfcv5TDF1BKs4E_0049.wav,bonafide,hi-en,433148,mucs2021,none,clean,433148_9ZAfcv5TDF1BKs4E_0049,train
${DATA_ROOT}/clips/433148_9ZAfcv5TDF1BKs4E_0050.wav,bonafide,hi-en,433148,mucs2021,none,clean,433148_9ZAfcv5TDF1BKs4E_0050,train
${DATA_ROOT}/clips/433148_9ZAfcv5TDF1BKs4E_0051.wav,bonafide,hi-en,433148,mucs2021,none,clean,433148_9ZAfcv5TDF1BKs4E_0051,train
${DATA_ROOT}/clips/433148_9ZAfcv5TDF1BKs4E_0052.wav,bonafide,hi-en,433148,mucs2021,none,clean,433148_9ZAfcv5TDF1BKs4E_0052,train
${DATA_ROOT}/clips/433148_9ZAfcv5TDF1BKs4E_0053.wav,bonafide,hi-en,433148,mucs2021,none,clean,433148_9ZAfcv5TDF1BKs4E_0053,train
${DATA_ROOT}/clips/433148_9ZAfcv5TDF1BKs4E_0054.wav,bonafide,hi-en,433148,mucs2021,none,clean,433148_9ZAfcv5TDF1BKs4E_0054,train
${DATA_ROOT}/clips/433148_9ZAfcv5TDF1BKs4E_0055.wav,bonafide,hi-en,433148,mucs2021,none,clean,433148_9ZAfcv5TDF1BKs4E_0055,train
${DATA_ROOT}/clips/433148_9ZAfcv5TDF1BKs4E_0056.wav,bonafide,hi-en,433148,mucs2021,none,clean,433148_9ZAfcv5TDF1BKs4E_0056,train
${DATA_ROOT}/clips/433148_9ZAfcv5TDF1BKs4E_0057.wav,bonafide,hi-en,433148,mucs2021,none,clean,433148_9ZAfcv5TDF1BKs4E_0057,train
${DATA_ROOT}/clips/433148_9ZAfcv5TDF1BKs4E_0058.wav,bonafide,hi-en,433148,mucs2021,none,clean,433148_9ZAfcv5TDF1BKs4E_0058,train
${DATA_ROOT}/clips/433148_9ZAfcv5TDF1BKs4E_0059.wav,bonafide,hi-en,433148,mucs2021,none,clean,433148_9ZAfcv5TDF1BKs4E_0059,train
${DATA_ROOT}/clips/433148_9ZAfcv5TDF1BKs4E_0060.wav,bonafide,hi-en,433148,mucs2021,none,clean,433148_9ZAfcv5TDF1BKs4E_0060,train
${DATA_ROOT}/clips/433148_9ZAfcv5TDF1BKs4E_0061.wav,bonafide,hi-en,433148,mucs2021,none,clean,433148_9ZAfcv5TDF1BKs4E_0061,train
${DATA_ROOT}/clips/433148_9ZAfcv5TDF1BKs4E_0062.wav,bonafide,hi-en,433148,mucs2021,none,clean,433148_9ZAfcv5TDF1BKs4E_0062,train
${DATA_ROOT}/clips/433148_9ZAfcv5TDF1BKs4E_0063.wav,bonafide,hi-en,433148,mucs2021,none,clean,433148_9ZAfcv5TDF1BKs4E_0063,train
${DATA_ROOT}/clips/433148_9ZAfcv5TDF1BKs4E_0064.wav,bonafide,hi-en,433148,mucs2021,none,clean,433148_9ZAfcv5TDF1BKs4E_0064,train
${DATA_ROOT}/clips/433148_9ZAfcv5TDF1BKs4E_0065.wav,bonafide,hi-en,433148,mucs2021,none,clean,433148_9ZAfcv5TDF1BKs4E_0065,train
${DATA_ROOT}/clips/433148_9ZAfcv5TDF1BKs4E_0066.wav,bonafide,hi-en,433148,mucs2021,none,clean,433148_9ZAfcv5TDF1BKs4E_0066,train
${DATA_ROOT}/clips/433148_9ZAfcv5TDF1BKs4E_0067.wav,bonafide,hi-en,433148,mucs2021,none,clean,433148_9ZAfcv5TDF1BKs4E_0067,train
${DATA_ROOT}/clips/433148_9ZAfcv5TDF1BKs4E_0068.wav,bonafide,hi-en,433148,mucs2021,none,clean,433148_9ZAfcv5TDF1BKs4E_0068,train
${DATA_ROOT}/clips/433148_9ZAfcv5TDF1BKs4E_0069.wav,bonafide,hi-en,433148,mucs2021,none,clean,433148_9ZAfcv5TDF1BKs4E_0069,train
${DATA_ROOT}/clips/433148_9ZAfcv5TDF1BKs4E_0070.wav,bonafide,hi-en,433148,mucs2021,none,clean,433148_9ZAfcv5TDF1BKs4E_0070,train
${DATA_ROOT}/clips/433148_9ZAfcv5TDF1BKs4E_0071.wav,bonafide,hi-en,433148,mucs2021,none,clean,433148_9ZAfcv5TDF1BKs4E_0071,train
${DATA_ROOT}/clips/491095_mrVMW4rD3d6QOWEu_0000.wav,bonafide,hi-en,491095,mucs2021,none,clean,491095_mrVMW4rD3d6QOWEu_0000,train
${DATA_ROOT}/clips/491095_mrVMW4rD3d6QOWEu_0001.wav,bonafide,hi-en,491095,mucs2021,none,clean,491095_mrVMW4rD3d6QOWEu_0001,train
${DATA_ROOT}/clips/491095_mrVMW4rD3d6QOWEu_0002.wav,bonafide,hi-en,491095,mucs2021,none,clean,491095_mrVMW4rD3d6QOWEu_0002,train
${DATA_ROOT}/clips/491095_mrVMW4rD3d6QOWEu_0003.wav,bonafide,hi-en,491095,mucs2021,none,clean,491095_mrVMW4rD3d6QOWEu_0003,train
${DATA_ROOT}/clips/491095_mrVMW4rD3d6QOWEu_0004.wav,bonafide,hi-en,491095,mucs2021,none,clean,491095_mrVMW4rD3d6QOWEu_0004,train
${DATA_ROOT}/clips/491095_mrVMW4rD3d6QOWEu_0005.wav,bonafide,hi-en,491095,mucs2021,none,clean,491095_mrVMW4rD3d6QOWEu_0005,train
${DATA_ROOT}/clips/491095_mrVMW4rD3d6QOWEu_0006.wav,bonafide,hi-en,491095,mucs2021,none,clean,491095_mrVMW4rD3d6QOWEu_0006,train
${DATA_ROOT}/clips/491095_mrVMW4rD3d6QOWEu_0007.wav,bonafide,hi-en,491095,mucs2021,none,clean,491095_mrVMW4rD3d6QOWEu_0007,train
${DATA_ROOT}/clips/491095_mrVMW4rD3d6QOWEu_0008.wav,bonafide,hi-en,491095,mucs2021,none,clean,491095_mrVMW4rD3d6QOWEu_0008,train
${DATA_ROOT}/clips/491095_mrVMW4rD3d6QOWEu_0009.wav,bonafide,hi-en,491095,mucs2021,none,clean,491095_mrVMW4rD3d6QOWEu_0009,train
${DATA_ROOT}/clips/491095_mrVMW4rD3d6QOWEu_0010.wav,bonafide,hi-en,491095,mucs2021,none,clean,491095_mrVMW4rD3d6QOWEu_0010,train
${DATA_ROOT}/clips/491095_mrVMW4rD3d6QOWEu_0011.wav,bonafide,hi-en,491095,mucs2021,none,clean,491095_mrVMW4rD3d6QOWEu_0011,train
${DATA_ROOT}/clips/491095_mrVMW4rD3d6QOWEu_0012.wav,bonafide,hi-en,491095,mucs2021,none,clean,491095_mrVMW4rD3d6QOWEu_0012,train
${DATA_ROOT}/clips/491095_mrVMW4rD3d6QOWEu_0013.wav,bonafide,hi-en,491095,mucs2021,none,clean,491095_mrVMW4rD3d6QOWEu_0013,train
${DATA_ROOT}/clips/491095_mrVMW4rD3d6QOWEu_0014.wav,bonafide,hi-en,491095,mucs2021,none,clean,491095_mrVMW4rD3d6QOWEu_0014,train
${DATA_ROOT}/clips/491095_mrVMW4rD3d6QOWEu_0015.wav,bonafide,hi-en,491095,mucs2021,none,clean,491095_mrVMW4rD3d6QOWEu_0015,train
${DATA_ROOT}/clips/491095_mrVMW4rD3d6QOWEu_0016.wav,bonafide,hi-en,491095,mucs2021,none,clean,491095_mrVMW4rD3d6QOWEu_0016,train
${DATA_ROOT}/clips/491095_mrVMW4rD3d6QOWEu_0017.wav,bonafide,hi-en,491095,mucs2021,none,clean,491095_mrVMW4rD3d6QOWEu_0017,train
${DATA_ROOT}/clips/491095_mrVMW4rD3d6QOWEu_0018.wav,bonafide,hi-en,491095,mucs2021,none,clean,491095_mrVMW4rD3d6QOWEu_0018,train
${DATA_ROOT}/clips/491095_mrVMW4rD3d6QOWEu_0019.wav,bonafide,hi-en,491095,mucs2021,none,clean,491095_mrVMW4rD3d6QOWEu_0019,train
${DATA_ROOT}/clips/491095_mrVMW4rD3d6QOWEu_0020.wav,bonafide,hi-en,491095,mucs2021,none,clean,491095_mrVMW4rD3d6QOWEu_0020,train
${DATA_ROOT}/clips/491095_mrVMW4rD3d6QOWEu_0021.wav,bonafide,hi-en,491095,mucs2021,none,clean,491095_mrVMW4rD3d6QOWEu_0021,train
${DATA_ROOT}/clips/491095_mrVMW4rD3d6QOWEu_0022.wav,bonafide,hi-en,491095,mucs2021,none,clean,491095_mrVMW4rD3d6QOWEu_0022,train
${DATA_ROOT}/clips/491095_mrVMW4rD3d6QOWEu_0023.wav,bonafide,hi-en,491095,mucs2021,none,clean,491095_mrVMW4rD3d6QOWEu_0023,train
${DATA_ROOT}/clips/491095_mrVMW4rD3d6QOWEu_0024.wav,bonafide,hi-en,491095,mucs2021,none,clean,491095_mrVMW4rD3d6QOWEu_0024,train
${DATA_ROOT}/clips/491095_mrVMW4rD3d6QOWEu_0025.wav,bonafide,hi-en,491095,mucs2021,none,clean,491095_mrVMW4rD3d6QOWEu_0025,train
${DATA_ROOT}/clips/491095_mrVMW4rD3d6QOWEu_0026.wav,bonafide,hi-en,491095,mucs2021,none,clean,491095_mrVMW4rD3d6QOWEu_0026,train
${DATA_ROOT}/clips/491095_mrVMW4rD3d6QOWEu_0027.wav,bonafide,hi-en,491095,mucs2021,none,clean,491095_mrVMW4rD3d6QOWEu_0027,train
${DATA_ROOT}/clips/491095_mrVMW4rD3d6QOWEu_0028.wav,bonafide,hi-en,491095,mucs2021,none,clean,491095_mrVMW4rD3d6QOWEu_0028,train
${DATA_ROOT}/clips/491095_mrVMW4rD3d6QOWEu_0029.wav,bonafide,hi-en,491095,mucs2021,none,clean,491095_mrVMW4rD3d6QOWEu_0029,train
${DATA_ROOT}/clips/491095_mrVMW4rD3d6QOWEu_0030.wav,bonafide,hi-en,491095,mucs2021,none,clean,491095_mrVMW4rD3d6QOWEu_0030,train
${DATA_ROOT}/clips/491095_mrVMW4rD3d6QOWEu_0031.wav,bonafide,hi-en,491095,mucs2021,none,clean,491095_mrVMW4rD3d6QOWEu_0031,train
${DATA_ROOT}/clips/491095_mrVMW4rD3d6QOWEu_0032.wav,bonafide,hi-en,491095,mucs2021,none,clean,491095_mrVMW4rD3d6QOWEu_0032,train
${DATA_ROOT}/clips/491095_mrVMW4rD3d6QOWEu_0033.wav,bonafide,hi-en,491095,mucs2021,none,clean,491095_mrVMW4rD3d6QOWEu_0033,train
${DATA_ROOT}/clips/491095_mrVMW4rD3d6QOWEu_0034.wav,bonafide,hi-en,491095,mucs2021,none,clean,491095_mrVMW4rD3d6QOWEu_0034,train
${DATA_ROOT}/clips/491095_mrVMW4rD3d6QOWEu_0035.wav,bonafide,hi-en,491095,mucs2021,none,clean,491095_mrVMW4rD3d6QOWEu_0035,train
${DATA_ROOT}/clips/491095_mrVMW4rD3d6QOWEu_0036.wav,bonafide,hi-en,491095,mucs2021,none,clean,491095_mrVMW4rD3d6QOWEu_0036,train
${DATA_ROOT}/clips/491095_mrVMW4rD3d6QOWEu_0037.wav,bonafide,hi-en,491095,mucs2021,none,clean,491095_mrVMW4rD3d6QOWEu_0037,train
${DATA_ROOT}/clips/491095_mrVMW4rD3d6QOWEu_0038.wav,bonafide,hi-en,491095,mucs2021,none,clean,491095_mrVMW4rD3d6QOWEu_0038,train
${DATA_ROOT}/clips/491095_mrVMW4rD3d6QOWEu_0039.wav,bonafide,hi-en,491095,mucs2021,none,clean,491095_mrVMW4rD3d6QOWEu_0039,train
${DATA_ROOT}/clips/491095_mrVMW4rD3d6QOWEu_0040.wav,bonafide,hi-en,491095,mucs2021,none,clean,491095_mrVMW4rD3d6QOWEu_0040,train
${DATA_ROOT}/clips/491095_mrVMW4rD3d6QOWEu_0041.wav,bonafide,hi-en,491095,mucs2021,none,clean,491095_mrVMW4rD3d6QOWEu_0041,train
${DATA_ROOT}/clips/491095_mrVMW4rD3d6QOWEu_0042.wav,bonafide,hi-en,491095,mucs2021,none,clean,491095_mrVMW4rD3d6QOWEu_0042,train
${DATA_ROOT}/clips/491095_mrVMW4rD3d6QOWEu_0043.wav,bonafide,hi-en,491095,mucs2021,none,clean,491095_mrVMW4rD3d6QOWEu_0043,train
${DATA_ROOT}/clips/491095_mrVMW4rD3d6QOWEu_0044.wav,bonafide,hi-en,491095,mucs2021,none,clean,491095_mrVMW4rD3d6QOWEu_0044,train
${DATA_ROOT}/clips/491095_mrVMW4rD3d6QOWEu_0045.wav,bonafide,hi-en,491095,mucs2021,none,clean,491095_mrVMW4rD3d6QOWEu_0045,train
${DATA_ROOT}/clips/491095_mrVMW4rD3d6QOWEu_0046.wav,bonafide,hi-en,491095,mucs2021,none,clean,491095_mrVMW4rD3d6QOWEu_0046,train
${DATA_ROOT}/clips/491095_mrVMW4rD3d6QOWEu_0047.wav,bonafide,hi-en,491095,mucs2021,none,clean,491095_mrVMW4rD3d6QOWEu_0047,train
${DATA_ROOT}/clips/491095_mrVMW4rD3d6QOWEu_0048.wav,bonafide,hi-en,491095,mucs2021,none,clean,491095_mrVMW4rD3d6QOWEu_0048,train
${DATA_ROOT}/clips/491095_mrVMW4rD3d6QOWEu_0049.wav,bonafide,hi-en,491095,mucs2021,none,clean,491095_mrVMW4rD3d6QOWEu_0049,train
${DATA_ROOT}/clips/491095_mrVMW4rD3d6QOWEu_0050.wav,bonafide,hi-en,491095,mucs2021,none,clean,491095_mrVMW4rD3d6QOWEu_0050,train
${DATA_ROOT}/clips/491095_mrVMW4rD3d6QOWEu_0051.wav,bonafide,hi-en,491095,mucs2021,none,clean,491095_mrVMW4rD3d6QOWEu_0051,train
${DATA_ROOT}/clips/491095_mrVMW4rD3d6QOWEu_0052.wav,bonafide,hi-en,491095,mucs2021,none,clean,491095_mrVMW4rD3d6QOWEu_0052,train
${DATA_ROOT}/clips/491095_mrVMW4rD3d6QOWEu_0053.wav,bonafide,hi-en,491095,mucs2021,none,clean,491095_mrVMW4rD3d6QOWEu_0053,train
${DATA_ROOT}/clips/491095_mrVMW4rD3d6QOWEu_0054.wav,bonafide,hi-en,491095,mucs2021,none,clean,491095_mrVMW4rD3d6QOWEu_0054,train
${DATA_ROOT}/clips/491095_mrVMW4rD3d6QOWEu_0055.wav,bonafide,hi-en,491095,mucs2021,none,clean,491095_mrVMW4rD3d6QOWEu_0055,train
${DATA_ROOT}/clips/491095_mrVMW4rD3d6QOWEu_0056.wav,bonafide,hi-en,491095,mucs2021,none,clean,491095_mrVMW4rD3d6QOWEu_0056,train
${DATA_ROOT}/clips/491095_mrVMW4rD3d6QOWEu_0057.wav,bonafide,hi-en,491095,mucs2021,none,clean,491095_mrVMW4rD3d6QOWEu_0057,train
${DATA_ROOT}/clips/491095_mrVMW4rD3d6QOWEu_0058.wav,bonafide,hi-en,491095,mucs2021,none,clean,491095_mrVMW4rD3d6QOWEu_0058,train
${DATA_ROOT}/clips/491095_mrVMW4rD3d6QOWEu_0059.wav,bonafide,hi-en,491095,mucs2021,none,clean,491095_mrVMW4rD3d6QOWEu_0059,train
${DATA_ROOT}/clips/491095_mrVMW4rD3d6QOWEu_0060.wav,bonafide,hi-en,491095,mucs2021,none,clean,491095_mrVMW4rD3d6QOWEu_0060,train
${DATA_ROOT}/clips/491095_mrVMW4rD3d6QOWEu_0061.wav,bonafide,hi-en,491095,mucs2021,none,clean,491095_mrVMW4rD3d6QOWEu_0061,train
${DATA_ROOT}/clips/491095_mrVMW4rD3d6QOWEu_0062.wav,bonafide,hi-en,491095,mucs2021,none,clean,491095_mrVMW4rD3d6QOWEu_0062,train
${DATA_ROOT}/clips/491095_mrVMW4rD3d6QOWEu_0063.wav,bonafide,hi-en,491095,mucs2021,none,clean,491095_mrVMW4rD3d6QOWEu_0063,train
${DATA_ROOT}/clips/491095_mrVMW4rD3d6QOWEu_0064.wav,bonafide,hi-en,491095,mucs2021,none,clean,491095_mrVMW4rD3d6QOWEu_0064,train
${DATA_ROOT}/clips/491095_mrVMW4rD3d6QOWEu_0065.wav,bonafide,hi-en,491095,mucs2021,none,clean,491095_mrVMW4rD3d6QOWEu_0065,train
${DATA_ROOT}/clips/491095_mrVMW4rD3d6QOWEu_0066.wav,bonafide,hi-en,491095,mucs2021,none,clean,491095_mrVMW4rD3d6QOWEu_0066,train
${DATA_ROOT}/clips/491095_mrVMW4rD3d6QOWEu_0067.wav,bonafide,hi-en,491095,mucs2021,none,clean,491095_mrVMW4rD3d6QOWEu_0067,train
${DATA_ROOT}/clips/491095_mrVMW4rD3d6QOWEu_0068.wav,bonafide,hi-en,491095,mucs2021,none,clean,491095_mrVMW4rD3d6QOWEu_0068,train
${DATA_ROOT}/clips/491095_mrVMW4rD3d6QOWEu_0069.wav,bonafide,hi-en,491095,mucs2021,none,clean,491095_mrVMW4rD3d6QOWEu_0069,train
${DATA_ROOT}/clips/491095_mrVMW4rD3d6QOWEu_0070.wav,bonafide,hi-en,491095,mucs2021,none,clean,491095_mrVMW4rD3d6QOWEu_0070,train
${DATA_ROOT}/clips/491095_mrVMW4rD3d6QOWEu_0071.wav,bonafide,hi-en,491095,mucs2021,none,clean,491095_mrVMW4rD3d6QOWEu_0071,train
${DATA_ROOT}/clips/491095_mrVMW4rD3d6QOWEu_0072.wav,bonafide,hi-en,491095,mucs2021,none,clean,491095_mrVMW4rD3d6QOWEu_0072,train
${DATA_ROOT}/clips/491095_mrVMW4rD3d6QOWEu_0073.wav,bonafide,hi-en,491095,mucs2021,none,clean,491095_mrVMW4rD3d6QOWEu_0073,train
${DATA_ROOT}/clips/491095_mrVMW4rD3d6QOWEu_0074.wav,bonafide,hi-en,491095,mucs2021,none,clean,491095_mrVMW4rD3d6QOWEu_0074,train
${DATA_ROOT}/clips/491095_mrVMW4rD3d6QOWEu_0075.wav,bonafide,hi-en,491095,mucs2021,none,clean,491095_mrVMW4rD3d6QOWEu_0075,train
${DATA_ROOT}/clips/491095_mrVMW4rD3d6QOWEu_0076.wav,bonafide,hi-en,491095,mucs2021,none,clean,491095_mrVMW4rD3d6QOWEu_0076,train
${DATA_ROOT}/clips/491095_mrVMW4rD3d6QOWEu_0077.wav,bonafide,hi-en,491095,mucs2021,none,clean,491095_mrVMW4rD3d6QOWEu_0077,train
${DATA_ROOT}/clips/491095_mrVMW4rD3d6QOWEu_0078.wav,bonafide,hi-en,491095,mucs2021,none,clean,491095_mrVMW4rD3d6QOWEu_0078,train
${DATA_ROOT}/clips/491095_mrVMW4rD3d6QOWEu_0079.wav,bonafide,hi-en,491095,mucs2021,none,clean,491095_mrVMW4rD3d6QOWEu_0079,train
${DATA_ROOT}/clips/491095_mrVMW4rD3d6QOWEu_0080.wav,bonafide,hi-en,491095,mucs2021,none,clean,491095_mrVMW4rD3d6QOWEu_0080,train
${DATA_ROOT}/clips/491095_mrVMW4rD3d6QOWEu_0081.wav,bonafide,hi-en,491095,mucs2021,none,clean,491095_mrVMW4rD3d6QOWEu_0081,train
${DATA_ROOT}/clips/491095_mrVMW4rD3d6QOWEu_0082.wav,bonafide,hi-en,491095,mucs2021,none,clean,491095_mrVMW4rD3d6QOWEu_0082,train
${DATA_ROOT}/clips/491095_mrVMW4rD3d6QOWEu_0083.wav,bonafide,hi-en,491095,mucs2021,none,clean,491095_mrVMW4rD3d6QOWEu_0083,train
${DATA_ROOT}/clips/491095_mrVMW4rD3d6QOWEu_0084.wav,bonafide,hi-en,491095,mucs2021,none,clean,491095_mrVMW4rD3d6QOWEu_0084,train
${DATA_ROOT}/clips/491095_mrVMW4rD3d6QOWEu_0085.wav,bonafide,hi-en,491095,mucs2021,none,clean,491095_mrVMW4rD3d6QOWEu_0085,train
${DATA_ROOT}/clips/491095_mrVMW4rD3d6QOWEu_0086.wav,bonafide,hi-en,491095,mucs2021,none,clean,491095_mrVMW4rD3d6QOWEu_0086,train
${DATA_ROOT}/clips/491095_mrVMW4rD3d6QOWEu_0087.wav,bonafide,hi-en,491095,mucs2021,none,clean,491095_mrVMW4rD3d6QOWEu_0087,train
${DATA_ROOT}/clips/491095_mrVMW4rD3d6QOWEu_0088.wav,bonafide,hi-en,491095,mucs2021,none,clean,491095_mrVMW4rD3d6QOWEu_0088,train
${DATA_ROOT}/clips/491095_mrVMW4rD3d6QOWEu_0089.wav,bonafide,hi-en,491095,mucs2021,none,clean,491095_mrVMW4rD3d6QOWEu_0089,train
${DATA_ROOT}/clips/491095_mrVMW4rD3d6QOWEu_0090.wav,bonafide,hi-en,491095,mucs2021,none,clean,491095_mrVMW4rD3d6QOWEu_0090,train
${DATA_ROOT}/clips/491095_mrVMW4rD3d6QOWEu_0091.wav,bonafide,hi-en,491095,mucs2021,none,clean,491095_mrVMW4rD3d6QOWEu_0091,train
${DATA_ROOT}/clips/491095_mrVMW4rD3d6QOWEu_0092.wav,bonafide,hi-en,491095,mucs2021,none,clean,491095_mrVMW4rD3d6QOWEu_0092,train
${DATA_ROOT}/clips/491095_mrVMW4rD3d6QOWEu_0093.wav,bonafide,hi-en,491095,mucs2021,none,clean,491095_mrVMW4rD3d6QOWEu_0093,train
${DATA_ROOT}/clips/491095_mrVMW4rD3d6QOWEu_0094.wav,bonafide,hi-en,491095,mucs2021,none,clean,491095_mrVMW4rD3d6QOWEu_0094,train
${DATA_ROOT}/clips/491095_mrVMW4rD3d6QOWEu_0095.wav,bonafide,hi-en,491095,mucs2021,none,clean,491095_mrVMW4rD3d6QOWEu_0095,train
${DATA_ROOT}/clips/491095_mrVMW4rD3d6QOWEu_0096.wav,bonafide,hi-en,491095,mucs2021,none,clean,491095_mrVMW4rD3d6QOWEu_0096,train
${DATA_ROOT}/clips/491095_mrVMW4rD3d6QOWEu_0097.wav,bonafide,hi-en,491095,mucs2021,none,clean,491095_mrVMW4rD3d6QOWEu_0097,train
${DATA_ROOT}/clips/491095_mrVMW4rD3d6QOWEu_0098.wav,bonafide,hi-en,491095,mucs2021,none,clean,491095_mrVMW4rD3d6QOWEu_0098,train
${DATA_ROOT}/clips/491095_mrVMW4rD3d6QOWEu_0099.wav,bonafide,hi-en,491095,mucs2021,none,clean,491095_mrVMW4rD3d6QOWEu_0099,train
${DATA_ROOT}/clips/491095_mrVMW4rD3d6QOWEu_0100.wav,bonafide,hi-en,491095,mucs2021,none,clean,491095_mrVMW4rD3d6QOWEu_0100,train
${DATA_ROOT}/clips/491095_mrVMW4rD3d6QOWEu_0101.wav,bonafide,hi-en,491095,mucs2021,none,clean,491095_mrVMW4rD3d6QOWEu_0101,train
${DATA_ROOT}/clips/491095_mrVMW4rD3d6QOWEu_0102.wav,bonafide,hi-en,491095,mucs2021,none,clean,491095_mrVMW4rD3d6QOWEu_0102,train
${DATA_ROOT}/clips/491095_mrVMW4rD3d6QOWEu_0103.wav,bonafide,hi-en,491095,mucs2021,none,clean,491095_mrVMW4rD3d6QOWEu_0103,train
${DATA_ROOT}/clips/491095_mrVMW4rD3d6QOWEu_0104.wav,bonafide,hi-en,491095,mucs2021,none,clean,491095_mrVMW4rD3d6QOWEu_0104,train
${DATA_ROOT}/clips/491095_mrVMW4rD3d6QOWEu_0105.wav,bonafide,hi-en,491095,mucs2021,none,clean,491095_mrVMW4rD3d6QOWEu_0105,train
${DATA_ROOT}/clips/491095_mrVMW4rD3d6QOWEu_0106.wav,bonafide,hi-en,491095,mucs2021,none,clean,491095_mrVMW4rD3d6QOWEu_0106,train
${DATA_ROOT}/clips/491095_mrVMW4rD3d6QOWEu_0107.wav,bonafide,hi-en,491095,mucs2021,none,clean,491095_mrVMW4rD3d6QOWEu_0107,train
${DATA_ROOT}/clips/491095_mrVMW4rD3d6QOWEu_0108.wav,bonafide,hi-en,491095,mucs2021,none,clean,491095_mrVMW4rD3d6QOWEu_0108,train
${DATA_ROOT}/clips/491095_mrVMW4rD3d6QOWEu_0109.wav,bonafide,hi-en,491095,mucs2021,none,clean,491095_mrVMW4rD3d6QOWEu_0109,train
${DATA_ROOT}/clips/491095_mrVMW4rD3d6QOWEu_0110.wav,bonafide,hi-en,491095,mucs2021,none,clean,491095_mrVMW4rD3d6QOWEu_0110,train
${DATA_ROOT}/clips/491095_mrVMW4rD3d6QOWEu_0111.wav,bonafide,hi-en,491095,mucs2021,none,clean,491095_mrVMW4rD3d6QOWEu_0111,train
${DATA_ROOT}/clips/491095_mrVMW4rD3d6QOWEu_0112.wav,bonafide,hi-en,491095,mucs2021,none,clean,491095_mrVMW4rD3d6QOWEu_0112,train
${DATA_ROOT}/clips/491095_mrVMW4rD3d6QOWEu_0113.wav,bonafide,hi-en,491095,mucs2021,none,clean,491095_mrVMW4rD3d6QOWEu_0113,train
${DATA_ROOT}/clips/491095_mrVMW4rD3d6QOWEu_0114.wav,bonafide,hi-en,491095,mucs2021,none,clean,491095_mrVMW4rD3d6QOWEu_0114,train
${DATA_ROOT}/clips/491095_mrVMW4rD3d6QOWEu_0115.wav,bonafide,hi-en,491095,mucs2021,none,clean,491095_mrVMW4rD3d6QOWEu_0115,train
${DATA_ROOT}/clips/491095_mrVMW4rD3d6QOWEu_0116.wav,bonafide,hi-en,491095,mucs2021,none,clean,491095_mrVMW4rD3d6QOWEu_0116,train
${DATA_ROOT}/clips/491095_mrVMW4rD3d6QOWEu_0117.wav,bonafide,hi-en,491095,mucs2021,none,clean,491095_mrVMW4rD3d6QOWEu_0117,train
${DATA_ROOT}/clips/491095_mrVMW4rD3d6QOWEu_0118.wav,bonafide,hi-en,491095,mucs2021,none,clean,491095_mrVMW4rD3d6QOWEu_0118,train
${DATA_ROOT}/clips/491095_mrVMW4rD3d6QOWEu_0119.wav,bonafide,hi-en,491095,mucs2021,none,clean,491095_mrVMW4rD3d6QOWEu_0119,train
${DATA_ROOT}/clips/491095_mrVMW4rD3d6QOWEu_0120.wav,bonafide,hi-en,491095,mucs2021,none,clean,491095_mrVMW4rD3d6QOWEu_0120,train
${DATA_ROOT}/clips/491095_mrVMW4rD3d6QOWEu_0121.wav,bonafide,hi-en,491095,mucs2021,none,clean,491095_mrVMW4rD3d6QOWEu_0121,train
${DATA_ROOT}/clips/491095_mrVMW4rD3d6QOWEu_0122.wav,bonafide,hi-en,491095,mucs2021,none,clean,491095_mrVMW4rD3d6QOWEu_0122,train
${DATA_ROOT}/clips/491095_mrVMW4rD3d6QOWEu_0123.wav,bonafide,hi-en,491095,mucs2021,none,clean,491095_mrVMW4rD3d6QOWEu_0123,train
${DATA_ROOT}/clips/491095_mrVMW4rD3d6QOWEu_0124.wav,bonafide,hi-en,491095,mucs2021,none,clean,491095_mrVMW4rD3d6QOWEu_0124,train
${DATA_ROOT}/clips/491095_mrVMW4rD3d6QOWEu_0125.wav,bonafide,hi-en,491095,mucs2021,none,clean,491095_mrVMW4rD3d6QOWEu_0125,train
${DATA_ROOT}/clips/491095_mrVMW4rD3d6QOWEu_0126.wav,bonafide,hi-en,491095,mucs2021,none,clean,491095_mrVMW4rD3d6QOWEu_0126,train
${DATA_ROOT}/clips/491095_mrVMW4rD3d6QOWEu_0127.wav,bonafide,hi-en,491095,mucs2021,none,clean,491095_mrVMW4rD3d6QOWEu_0127,train
${DATA_ROOT}/clips/491095_mrVMW4rD3d6QOWEu_0128.wav,bonafide,hi-en,491095,mucs2021,none,clean,491095_mrVMW4rD3d6QOWEu_0128,train
${DATA_ROOT}/clips/702146_kECKM79B279xw7WU_0000.wav,bonafide,hi-en,702146,mucs2021,none,clean,702146_kECKM79B279xw7WU_0000,train
${DATA_ROOT}/clips/702146_kECKM79B279xw7WU_0001.wav,bonafide,hi-en,702146,mucs2021,none,clean,702146_kECKM79B279xw7WU_0001,train
${DATA_ROOT}/clips/702146_kECKM79B279xw7WU_0002.wav,bonafide,hi-en,702146,mucs2021,none,clean,702146_kECKM79B279xw7WU_0002,train
${DATA_ROOT}/clips/702146_kECKM79B279xw7WU_0003.wav,bonafide,hi-en,702146,mucs2021,none,clean,702146_kECKM79B279xw7WU_0003,train
${DATA_ROOT}/clips/702146_kECKM79B279xw7WU_0004.wav,bonafide,hi-en,702146,mucs2021,none,clean,702146_kECKM79B279xw7WU_0004,train
${DATA_ROOT}/clips/702146_kECKM79B279xw7WU_0005.wav,bonafide,hi-en,702146,mucs2021,none,clean,702146_kECKM79B279xw7WU_0005,train
${DATA_ROOT}/clips/702146_kECKM79B279xw7WU_0006.wav,bonafide,hi-en,702146,mucs2021,none,clean,702146_kECKM79B279xw7WU_0006,train
${DATA_ROOT}/clips/702146_kECKM79B279xw7WU_0007.wav,bonafide,hi-en,702146,mucs2021,none,clean,702146_kECKM79B279xw7WU_0007,train
${DATA_ROOT}/clips/702146_kECKM79B279xw7WU_0008.wav,bonafide,hi-en,702146,mucs2021,none,clean,702146_kECKM79B279xw7WU_0008,train
${DATA_ROOT}/clips/702146_kECKM79B279xw7WU_0009.wav,bonafide,hi-en,702146,mucs2021,none,clean,702146_kECKM79B279xw7WU_0009,train
${DATA_ROOT}/clips/702146_kECKM79B279xw7WU_0010.wav,bonafide,hi-en,702146,mucs2021,none,clean,702146_kECKM79B279xw7WU_0010,train
${DATA_ROOT}/clips/702146_kECKM79B279xw7WU_0011.wav,bonafide,hi-en,702146,mucs2021,none,clean,702146_kECKM79B279xw7WU_0011,train
${DATA_ROOT}/clips/702146_kECKM79B279xw7WU_0012.wav,bonafide,hi-en,702146,mucs2021,none,clean,702146_kECKM79B279xw7WU_0012,train
${DATA_ROOT}/clips/702146_kECKM79B279xw7WU_0013.wav,bonafide,hi-en,702146,mucs2021,none,clean,702146_kECKM79B279xw7WU_0013,train
${DATA_ROOT}/clips/702146_kECKM79B279xw7WU_0014.wav,bonafide,hi-en,702146,mucs2021,none,clean,702146_kECKM79B279xw7WU_0014,train
${DATA_ROOT}/clips/702146_kECKM79B279xw7WU_0015.wav,bonafide,hi-en,702146,mucs2021,none,clean,702146_kECKM79B279xw7WU_0015,train
${DATA_ROOT}/clips/702146_kECKM79B279xw7WU_0016.wav,bonafide,hi-en,702146,mucs2021,none,clean,702146_kECKM79B279xw7WU_0016,train
${DATA_ROOT}/clips/702146_kECKM79B279xw7WU_0017.wav,bonafide,hi-en,702146,mucs2021,none,clean,702146_kECKM79B279xw7WU_0017,train
${DATA_ROOT}/clips/702146_kECKM79B279xw7WU_0018.wav,bonafide,hi-en,702146,mucs2021,none,clean,702146_kECKM79B279xw7WU_0018,train
${DATA_ROOT}/clips/702146_kECKM79B279xw7WU_0019.wav,bonafide,hi-en,702146,mucs2021,none,clean,702146_kECKM79B279xw7WU_0019,train
${DATA_ROOT}/clips/702146_kECKM79B279xw7WU_0020.wav,bonafide,hi-en,702146,mucs2021,none,clean,702146_kECKM79B279xw7WU_0020,train
${DATA_ROOT}/clips/702146_kECKM79B279xw7WU_0021.wav,bonafide,hi-en,702146,mucs2021,none,clean,702146_kECKM79B279xw7WU_0021,train
${DATA_ROOT}/clips/702146_kECKM79B279xw7WU_0022.wav,bonafide,hi-en,702146,mucs2021,none,clean,702146_kECKM79B279xw7WU_0022,train
${DATA_ROOT}/clips/702146_kECKM79B279xw7WU_0023.wav,bonafide,hi-en,702146,mucs2021,none,clean,702146_kECKM79B279xw7WU_0023,train
${DATA_ROOT}/clips/702146_kECKM79B279xw7WU_0024.wav,bonafide,hi-en,702146,mucs2021,none,clean,702146_kECKM79B279xw7WU_0024,train
${DATA_ROOT}/clips/702146_kECKM79B279xw7WU_0025.wav,bonafide,hi-en,702146,mucs2021,none,clean,702146_kECKM79B279xw7WU_0025,train
${DATA_ROOT}/clips/702146_kECKM79B279xw7WU_0026.wav,bonafide,hi-en,702146,mucs2021,none,clean,702146_kECKM79B279xw7WU_0026,train
${DATA_ROOT}/clips/702146_kECKM79B279xw7WU_0027.wav,bonafide,hi-en,702146,mucs2021,none,clean,702146_kECKM79B279xw7WU_0027,train
${DATA_ROOT}/clips/702146_kECKM79B279xw7WU_0028.wav,bonafide,hi-en,702146,mucs2021,none,clean,702146_kECKM79B279xw7WU_0028,train
${DATA_ROOT}/clips/702146_kECKM79B279xw7WU_0029.wav,bonafide,hi-en,702146,mucs2021,none,clean,702146_kECKM79B279xw7WU_0029,train
${DATA_ROOT}/clips/702146_kECKM79B279xw7WU_0030.wav,bonafide,hi-en,702146,mucs2021,none,clean,702146_kECKM79B279xw7WU_0030,train
${DATA_ROOT}/clips/702146_kECKM79B279xw7WU_0031.wav,bonafide,hi-en,702146,mucs2021,none,clean,702146_kECKM79B279xw7WU_0031,train
${DATA_ROOT}/clips/702146_kECKM79B279xw7WU_0032.wav,bonafide,hi-en,702146,mucs2021,none,clean,702146_kECKM79B279xw7WU_0032,train
${DATA_ROOT}/clips/702146_kECKM79B279xw7WU_0033.wav,bonafide,hi-en,702146,mucs2021,none,clean,702146_kECKM79B279xw7WU_0033,train
${DATA_ROOT}/clips/702146_kECKM79B279xw7WU_0034.wav,bonafide,hi-en,702146,mucs2021,none,clean,702146_kECKM79B279xw7WU_0034,train
${DATA_ROOT}/clips/702146_kECKM79B279xw7WU_0035.wav,bonafide,hi-en,702146,mucs2021,none,clean,702146_kECKM79B279xw7WU_0035,train
${DATA_ROOT}/clips/702146_kECKM79B279xw7WU_0036.wav,bonafide,hi-en,702146,mucs2021,none,clean,702146_kECKM79B279xw7WU_0036,train
${DATA_ROOT}/clips/702146_kECKM79B279xw7WU_0037.wav,bonafide,hi-en,702146,mucs2021,none,clean,702146_kECKM79B279xw7WU_0037,train
${DATA_ROOT}/clips/702146_kECKM79B279xw7WU_0038.wav,bonafide,hi-en,702146,mucs2021,none,clean,702146_kECKM79B279xw7WU_0038,train
${DATA_ROOT}/clips/702146_kECKM79B279xw7WU_0039.wav,bonafide,hi-en,702146,mucs2021,none,clean,702146_kECKM79B279xw7WU_0039,train
${DATA_ROOT}/clips/702146_kECKM79B279xw7WU_0040.wav,bonafide,hi-en,702146,mucs2021,none,clean,702146_kECKM79B279xw7WU_0040,train
${DATA_ROOT}/clips/702146_kECKM79B279xw7WU_0041.wav,bonafide,hi-en,702146,mucs2021,none,clean,702146_kECKM79B279xw7WU_0041,train
${DATA_ROOT}/clips/702146_kECKM79B279xw7WU_0042.wav,bonafide,hi-en,702146,mucs2021,none,clean,702146_kECKM79B279xw7WU_0042,train
${DATA_ROOT}/clips/702146_kECKM79B279xw7WU_0043.wav,bonafide,hi-en,702146,mucs2021,none,clean,702146_kECKM79B279xw7WU_0043,train
${DATA_ROOT}/clips/702146_kECKM79B279xw7WU_0044.wav,bonafide,hi-en,702146,mucs2021,none,clean,702146_kECKM79B279xw7WU_0044,train
${DATA_ROOT}/clips/702146_kECKM79B279xw7WU_0045.wav,bonafide,hi-en,702146,mucs2021,none,clean,702146_kECKM79B279xw7WU_0045,train
${DATA_ROOT}/clips/702146_kECKM79B279xw7WU_0046.wav,bonafide,hi-en,702146,mucs2021,none,clean,702146_kECKM79B279xw7WU_0046,train
${DATA_ROOT}/clips/702146_kECKM79B279xw7WU_0047.wav,bonafide,hi-en,702146,mucs2021,none,clean,702146_kECKM79B279xw7WU_0047,train
${DATA_ROOT}/clips/702146_kECKM79B279xw7WU_0048.wav,bonafide,hi-en,702146,mucs2021,none,clean,702146_kECKM79B279xw7WU_0048,train
${DATA_ROOT}/clips/702146_kECKM79B279xw7WU_0049.wav,bonafide,hi-en,702146,mucs2021,none,clean,702146_kECKM79B279xw7WU_0049,train
${DATA_ROOT}/clips/702146_kECKM79B279xw7WU_0050.wav,bonafide,hi-en,702146,mucs2021,none,clean,702146_kECKM79B279xw7WU_0050,train
${DATA_ROOT}/clips/702146_kECKM79B279xw7WU_0051.wav,bonafide,hi-en,702146,mucs2021,none,clean,702146_kECKM79B279xw7WU_0051,train
${DATA_ROOT}/clips/702146_kECKM79B279xw7WU_0052.wav,bonafide,hi-en,702146,mucs2021,none,clean,702146_kECKM79B279xw7WU_0052,train
${DATA_ROOT}/clips/702146_kECKM79B279xw7WU_0053.wav,bonafide,hi-en,702146,mucs2021,none,clean,702146_kECKM79B279xw7WU_0053,train
${DATA_ROOT}/clips/702146_kECKM79B279xw7WU_0054.wav,bonafide,hi-en,702146,mucs2021,none,clean,702146_kECKM79B279xw7WU_0054,train
${DATA_ROOT}/clips/702146_kECKM79B279xw7WU_0055.wav,bonafide,hi-en,702146,mucs2021,none,clean,702146_kECKM79B279xw7WU_0055,train
${DATA_ROOT}/clips/702146_kECKM79B279xw7WU_0056.wav,bonafide,hi-en,702146,mucs2021,none,clean,702146_kECKM79B279xw7WU_0056,train
${DATA_ROOT}/clips/702146_kECKM79B279xw7WU_0057.wav,bonafide,hi-en,702146,mucs2021,none,clean,702146_kECKM79B279xw7WU_0057,train
${DATA_ROOT}/clips/702146_kECKM79B279xw7WU_0058.wav,bonafide,hi-en,702146,mucs2021,none,clean,702146_kECKM79B279xw7WU_0058,train
${DATA_ROOT}/clips/702146_kECKM79B279xw7WU_0059.wav,bonafide,hi-en,702146,mucs2021,none,clean,702146_kECKM79B279xw7WU_0059,train
${DATA_ROOT}/clips/702146_kECKM79B279xw7WU_0060.wav,bonafide,hi-en,702146,mucs2021,none,clean,702146_kECKM79B279xw7WU_0060,train
${DATA_ROOT}/clips/702146_kECKM79B279xw7WU_0061.wav,bonafide,hi-en,702146,mucs2021,none,clean,702146_kECKM79B279xw7WU_0061,train
${DATA_ROOT}/clips/702146_kECKM79B279xw7WU_0062.wav,bonafide,hi-en,702146,mucs2021,none,clean,702146_kECKM79B279xw7WU_0062,train
${DATA_ROOT}/clips/702146_kECKM79B279xw7WU_0063.wav,bonafide,hi-en,702146,mucs2021,none,clean,702146_kECKM79B279xw7WU_0063,train
${DATA_ROOT}/clips/702146_kECKM79B279xw7WU_0064.wav,bonafide,hi-en,702146,mucs2021,none,clean,702146_kECKM79B279xw7WU_0064,train
${DATA_ROOT}/clips/702146_kECKM79B279xw7WU_0065.wav,bonafide,hi-en,702146,mucs2021,none,clean,702146_kECKM79B279xw7WU_0065,train
${DATA_ROOT}/clips/702146_kECKM79B279xw7WU_0066.wav,bonafide,hi-en,702146,mucs2021,none,clean,702146_kECKM79B279xw7WU_0066,train
${DATA_ROOT}/clips/702146_kECKM79B279xw7WU_0067.wav,bonafide,hi-en,702146,mucs2021,none,clean,702146_kECKM79B279xw7WU_0067,train
${DATA_ROOT}/clips/702146_kECKM79B279xw7WU_0068.wav,bonafide,hi-en,702146,mucs2021,none,clean,702146_kECKM79B279xw7WU_0068,train
${DATA_ROOT}/clips/702146_kECKM79B279xw7WU_0069.wav,bonafide,hi-en,702146,mucs2021,none,clean,702146_kECKM79B279xw7WU_0069,train
${DATA_ROOT}/clips/702146_kECKM79B279xw7WU_0070.wav,bonafide,hi-en,702146,mucs2021,none,clean,702146_kECKM79B279xw7WU_0070,train
${DATA_ROOT}/clips/702146_kECKM79B279xw7WU_0071.wav,bonafide,hi-en,702146,mucs2021,none,clean,702146_kECKM79B279xw7WU_0071,train
${DATA_ROOT}/clips/702146_kECKM79B279xw7WU_0072.wav,bonafide,hi-en,702146,mucs2021,none,clean,702146_kECKM79B279xw7WU_0072,train
${DATA_ROOT}/clips/702146_kECKM79B279xw7WU_0073.wav,bonafide,hi-en,702146,mucs2021,none,clean,702146_kECKM79B279xw7WU_0073,train
${DATA_ROOT}/clips/702146_kECKM79B279xw7WU_0074.wav,bonafide,hi-en,702146,mucs2021,none,clean,702146_kECKM79B279xw7WU_0074,train
${DATA_ROOT}/clips/702146_kECKM79B279xw7WU_0075.wav,bonafide,hi-en,702146,mucs2021,none,clean,702146_kECKM79B279xw7WU_0075,train
${DATA_ROOT}/clips/702146_kECKM79B279xw7WU_0076.wav,bonafide,hi-en,702146,mucs2021,none,clean,702146_kECKM79B279xw7WU_0076,train
${DATA_ROOT}/clips/702146_kECKM79B279xw7WU_0077.wav,bonafide,hi-en,702146,mucs2021,none,clean,702146_kECKM79B279xw7WU_0077,train
${DATA_ROOT}/clips/702146_kECKM79B279xw7WU_0078.wav,bonafide,hi-en,702146,mucs2021,none,clean,702146_kECKM79B279xw7WU_0078,train
${DATA_ROOT}/clips/702146_kECKM79B279xw7WU_0079.wav,bonafide,hi-en,702146,mucs2021,none,clean,702146_kECKM79B279xw7WU_0079,train
${DATA_ROOT}/clips/702146_kECKM79B279xw7WU_0080.wav,bonafide,hi-en,702146,mucs2021,none,clean,702146_kECKM79B279xw7WU_0080,train
${DATA_ROOT}/clips/702146_kECKM79B279xw7WU_0081.wav,bonafide,hi-en,702146,mucs2021,none,clean,702146_kECKM79B279xw7WU_0081,train
${DATA_ROOT}/clips/702146_kECKM79B279xw7WU_0082.wav,bonafide,hi-en,702146,mucs2021,none,clean,702146_kECKM79B279xw7WU_0082,train
${DATA_ROOT}/clips/702146_kECKM79B279xw7WU_0083.wav,bonafide,hi-en,702146,mucs2021,none,clean,702146_kECKM79B279xw7WU_0083,train
${DATA_ROOT}/clips/702146_kECKM79B279xw7WU_0084.wav,bonafide,hi-en,702146,mucs2021,none,clean,702146_kECKM79B279xw7WU_0084,train
${DATA_ROOT}/clips/702146_kECKM79B279xw7WU_0085.wav,bonafide,hi-en,702146,mucs2021,none,clean,702146_kECKM79B279xw7WU_0085,train
${DATA_ROOT}/clips/702146_kECKM79B279xw7WU_0086.wav,bonafide,hi-en,702146,mucs2021,none,clean,702146_kECKM79B279xw7WU_0086,train
${DATA_ROOT}/clips/702146_kECKM79B279xw7WU_0087.wav,bonafide,hi-en,702146,mucs2021,none,clean,702146_kECKM79B279xw7WU_0087,train
${DATA_ROOT}/clips/702146_kECKM79B279xw7WU_0088.wav,bonafide,hi-en,702146,mucs2021,none,clean,702146_kECKM79B279xw7WU_0088,train
${DATA_ROOT}/clips/702146_kECKM79B279xw7WU_0089.wav,bonafide,hi-en,702146,mucs2021,none,clean,702146_kECKM79B279xw7WU_0089,train
${DATA_ROOT}/clips/702146_kECKM79B279xw7WU_0090.wav,bonafide,hi-en,702146,mucs2021,none,clean,702146_kECKM79B279xw7WU_0090,train
${DATA_ROOT}/clips/702146_kECKM79B279xw7WU_0091.wav,bonafide,hi-en,702146,mucs2021,none,clean,702146_kECKM79B279xw7WU_0091,train
${DATA_ROOT}/clips/702146_kECKM79B279xw7WU_0092.wav,bonafide,hi-en,702146,mucs2021,none,clean,702146_kECKM79B279xw7WU_0092,train
${DATA_ROOT}/clips/702146_kECKM79B279xw7WU_0093.wav,bonafide,hi-en,702146,mucs2021,none,clean,702146_kECKM79B279xw7WU_0093,train
${DATA_ROOT}/clips/702146_kECKM79B279xw7WU_0094.wav,bonafide,hi-en,702146,mucs2021,none,clean,702146_kECKM79B279xw7WU_0094,train
${DATA_ROOT}/clips/702146_kECKM79B279xw7WU_0095.wav,bonafide,hi-en,702146,mucs2021,none,clean,702146_kECKM79B279xw7WU_0095,train
${DATA_ROOT}/clips/702146_kECKM79B279xw7WU_0096.wav,bonafide,hi-en,702146,mucs2021,none,clean,702146_kECKM79B279xw7WU_0096,train
${DATA_ROOT}/clips/702146_kECKM79B279xw7WU_0097.wav,bonafide,hi-en,702146,mucs2021,none,clean,702146_kECKM79B279xw7WU_0097,train
${DATA_ROOT}/clips/702146_kECKM79B279xw7WU_0098.wav,bonafide,hi-en,702146,mucs2021,none,clean,702146_kECKM79B279xw7WU_0098,train
${DATA_ROOT}/clips/702146_kECKM79B279xw7WU_0099.wav,bonafide,hi-en,702146,mucs2021,none,clean,702146_kECKM79B279xw7WU_0099,train
${DATA_ROOT}/clips/702146_kECKM79B279xw7WU_0100.wav,bonafide,hi-en,702146,mucs2021,none,clean,702146_kECKM79B279xw7WU_0100,train
${DATA_ROOT}/clips/702146_kECKM79B279xw7WU_0101.wav,bonafide,hi-en,702146,mucs2021,none,clean,702146_kECKM79B279xw7WU_0101,train
${DATA_ROOT}/clips/702146_kECKM79B279xw7WU_0102.wav,bonafide,hi-en,702146,mucs2021,none,clean,702146_kECKM79B279xw7WU_0102,train
${DATA_ROOT}/clips/702146_kECKM79B279xw7WU_0103.wav,bonafide,hi-en,702146,mucs2021,none,clean,702146_kECKM79B279xw7WU_0103,train
${DATA_ROOT}/clips/707034_JIbdP0zW3oq0wsvK_0000.wav,bonafide,hi-en,707034,mucs2021,none,clean,707034_JIbdP0zW3oq0wsvK_0000,train
${DATA_ROOT}/clips/707034_JIbdP0zW3oq0wsvK_0001.wav,bonafide,hi-en,707034,mucs2021,none,clean,707034_JIbdP0zW3oq0wsvK_0001,train
${DATA_ROOT}/clips/707034_JIbdP0zW3oq0wsvK_0002.wav,bonafide,hi-en,707034,mucs2021,none,clean,707034_JIbdP0zW3oq0wsvK_0002,train
${DATA_ROOT}/clips/707034_JIbdP0zW3oq0wsvK_0003.wav,bonafide,hi-en,707034,mucs2021,none,clean,707034_JIbdP0zW3oq0wsvK_0003,train
${DATA_ROOT}/clips/707034_JIbdP0zW3oq0wsvK_0004.wav,bonafide,hi-en,707034,mucs2021,none,clean,707034_JIbdP0zW3oq0wsvK_0004,train
${DATA_ROOT}/clips/707034_JIbdP0zW3oq0wsvK_0005.wav,bonafide,hi-en,707034,mucs2021,none,clean,707034_JIbdP0zW3oq0wsvK_0005,train
${DATA_ROOT}/clips/707034_JIbdP0zW3oq0wsvK_0006.wav,bonafide,hi-en,707034,mucs2021,none,clean,707034_JIbdP0zW3oq0wsvK_0006,train
${DATA_ROOT}/clips/707034_JIbdP0zW3oq0wsvK_0007.wav,bonafide,hi-en,707034,mucs2021,none,clean,707034_JIbdP0zW3oq0wsvK_0007,train
${DATA_ROOT}/clips/707034_JIbdP0zW3oq0wsvK_0008.wav,bonafide,hi-en,707034,mucs2021,none,clean,707034_JIbdP0zW3oq0wsvK_0008,train
${DATA_ROOT}/clips/707034_JIbdP0zW3oq0wsvK_0009.wav,bonafide,hi-en,707034,mucs2021,none,clean,707034_JIbdP0zW3oq0wsvK_0009,train
${DATA_ROOT}/clips/707034_JIbdP0zW3oq0wsvK_0010.wav,bonafide,hi-en,707034,mucs2021,none,clean,707034_JIbdP0zW3oq0wsvK_0010,train
${DATA_ROOT}/clips/707034_JIbdP0zW3oq0wsvK_0011.wav,bonafide,hi-en,707034,mucs2021,none,clean,707034_JIbdP0zW3oq0wsvK_0011,train
${DATA_ROOT}/clips/707034_JIbdP0zW3oq0wsvK_0012.wav,bonafide,hi-en,707034,mucs2021,none,clean,707034_JIbdP0zW3oq0wsvK_0012,train
${DATA_ROOT}/clips/707034_JIbdP0zW3oq0wsvK_0013.wav,bonafide,hi-en,707034,mucs2021,none,clean,707034_JIbdP0zW3oq0wsvK_0013,train
${DATA_ROOT}/clips/707034_JIbdP0zW3oq0wsvK_0014.wav,bonafide,hi-en,707034,mucs2021,none,clean,707034_JIbdP0zW3oq0wsvK_0014,train
${DATA_ROOT}/clips/707034_JIbdP0zW3oq0wsvK_0015.wav,bonafide,hi-en,707034,mucs2021,none,clean,707034_JIbdP0zW3oq0wsvK_0015,train
${DATA_ROOT}/clips/707034_JIbdP0zW3oq0wsvK_0016.wav,bonafide,hi-en,707034,mucs2021,none,clean,707034_JIbdP0zW3oq0wsvK_0016,train
${DATA_ROOT}/clips/707034_JIbdP0zW3oq0wsvK_0017.wav,bonafide,hi-en,707034,mucs2021,none,clean,707034_JIbdP0zW3oq0wsvK_0017,train
${DATA_ROOT}/clips/707034_JIbdP0zW3oq0wsvK_0018.wav,bonafide,hi-en,707034,mucs2021,none,clean,707034_JIbdP0zW3oq0wsvK_0018,train
${DATA_ROOT}/clips/707034_JIbdP0zW3oq0wsvK_0019.wav,bonafide,hi-en,707034,mucs2021,none,clean,707034_JIbdP0zW3oq0wsvK_0019,train
${DATA_ROOT}/clips/707034_JIbdP0zW3oq0wsvK_0020.wav,bonafide,hi-en,707034,mucs2021,none,clean,707034_JIbdP0zW3oq0wsvK_0020,train
${DATA_ROOT}/clips/707034_JIbdP0zW3oq0wsvK_0021.wav,bonafide,hi-en,707034,mucs2021,none,clean,707034_JIbdP0zW3oq0wsvK_0021,train
${DATA_ROOT}/clips/707034_JIbdP0zW3oq0wsvK_0022.wav,bonafide,hi-en,707034,mucs2021,none,clean,707034_JIbdP0zW3oq0wsvK_0022,train
${DATA_ROOT}/clips/707034_JIbdP0zW3oq0wsvK_0023.wav,bonafide,hi-en,707034,mucs2021,none,clean,707034_JIbdP0zW3oq0wsvK_0023,train
${DATA_ROOT}/clips/707034_JIbdP0zW3oq0wsvK_0024.wav,bonafide,hi-en,707034,mucs2021,none,clean,707034_JIbdP0zW3oq0wsvK_0024,train
${DATA_ROOT}/clips/707034_JIbdP0zW3oq0wsvK_0025.wav,bonafide,hi-en,707034,mucs2021,none,clean,707034_JIbdP0zW3oq0wsvK_0025,train
${DATA_ROOT}/clips/707034_JIbdP0zW3oq0wsvK_0026.wav,bonafide,hi-en,707034,mucs2021,none,clean,707034_JIbdP0zW3oq0wsvK_0026,train
${DATA_ROOT}/clips/707034_JIbdP0zW3oq0wsvK_0027.wav,bonafide,hi-en,707034,mucs2021,none,clean,707034_JIbdP0zW3oq0wsvK_0027,train
${DATA_ROOT}/clips/707034_JIbdP0zW3oq0wsvK_0028.wav,bonafide,hi-en,707034,mucs2021,none,clean,707034_JIbdP0zW3oq0wsvK_0028,train
${DATA_ROOT}/clips/707034_JIbdP0zW3oq0wsvK_0029.wav,bonafide,hi-en,707034,mucs2021,none,clean,707034_JIbdP0zW3oq0wsvK_0029,train
${DATA_ROOT}/clips/707034_JIbdP0zW3oq0wsvK_0030.wav,bonafide,hi-en,707034,mucs2021,none,clean,707034_JIbdP0zW3oq0wsvK_0030,train
${DATA_ROOT}/clips/707034_JIbdP0zW3oq0wsvK_0031.wav,bonafide,hi-en,707034,mucs2021,none,clean,707034_JIbdP0zW3oq0wsvK_0031,train
${DATA_ROOT}/clips/707034_JIbdP0zW3oq0wsvK_0032.wav,bonafide,hi-en,707034,mucs2021,none,clean,707034_JIbdP0zW3oq0wsvK_0032,train
${DATA_ROOT}/clips/707034_JIbdP0zW3oq0wsvK_0033.wav,bonafide,hi-en,707034,mucs2021,none,clean,707034_JIbdP0zW3oq0wsvK_0033,train
${DATA_ROOT}/clips/707034_JIbdP0zW3oq0wsvK_0034.wav,bonafide,hi-en,707034,mucs2021,none,clean,707034_JIbdP0zW3oq0wsvK_0034,train
${DATA_ROOT}/clips/707034_JIbdP0zW3oq0wsvK_0035.wav,bonafide,hi-en,707034,mucs2021,none,clean,707034_JIbdP0zW3oq0wsvK_0035,train
${DATA_ROOT}/clips/707034_JIbdP0zW3oq0wsvK_0036.wav,bonafide,hi-en,707034,mucs2021,none,clean,707034_JIbdP0zW3oq0wsvK_0036,train
${DATA_ROOT}/clips/707034_JIbdP0zW3oq0wsvK_0037.wav,bonafide,hi-en,707034,mucs2021,none,clean,707034_JIbdP0zW3oq0wsvK_0037,train
${DATA_ROOT}/clips/707034_JIbdP0zW3oq0wsvK_0038.wav,bonafide,hi-en,707034,mucs2021,none,clean,707034_JIbdP0zW3oq0wsvK_0038,train
${DATA_ROOT}/clips/707034_JIbdP0zW3oq0wsvK_0039.wav,bonafide,hi-en,707034,mucs2021,none,clean,707034_JIbdP0zW3oq0wsvK_0039,train
${DATA_ROOT}/clips/707034_JIbdP0zW3oq0wsvK_0040.wav,bonafide,hi-en,707034,mucs2021,none,clean,707034_JIbdP0zW3oq0wsvK_0040,train
${DATA_ROOT}/clips/707034_JIbdP0zW3oq0wsvK_0041.wav,bonafide,hi-en,707034,mucs2021,none,clean,707034_JIbdP0zW3oq0wsvK_0041,train
${DATA_ROOT}/clips/707034_JIbdP0zW3oq0wsvK_0042.wav,bonafide,hi-en,707034,mucs2021,none,clean,707034_JIbdP0zW3oq0wsvK_0042,train
${DATA_ROOT}/clips/707034_JIbdP0zW3oq0wsvK_0043.wav,bonafide,hi-en,707034,mucs2021,none,clean,707034_JIbdP0zW3oq0wsvK_0043,train
${DATA_ROOT}/clips/707034_JIbdP0zW3oq0wsvK_0044.wav,bonafide,hi-en,707034,mucs2021,none,clean,707034_JIbdP0zW3oq0wsvK_0044,train
${DATA_ROOT}/clips/707034_JIbdP0zW3oq0wsvK_0045.wav,bonafide,hi-en,707034,mucs2021,none,clean,707034_JIbdP0zW3oq0wsvK_0045,train
${DATA_ROOT}/clips/707034_JIbdP0zW3oq0wsvK_0046.wav,bonafide,hi-en,707034,mucs2021,none,clean,707034_JIbdP0zW3oq0wsvK_0046,train
${DATA_ROOT}/clips/707034_JIbdP0zW3oq0wsvK_0047.wav,bonafide,hi-en,707034,mucs2021,none,clean,707034_JIbdP0zW3oq0wsvK_0047,train
${DATA_ROOT}/clips/707034_JIbdP0zW3oq0wsvK_0048.wav,bonafide,hi-en,707034,mucs2021,none,clean,707034_JIbdP0zW3oq0wsvK_0048,train
${DATA_ROOT}/clips/707034_JIbdP0zW3oq0wsvK_0049.wav,bonafide,hi-en,707034,mucs2021,none,clean,707034_JIbdP0zW3oq0wsvK_0049,train
${DATA_ROOT}/clips/707034_JIbdP0zW3oq0wsvK_0050.wav,bonafide,hi-en,707034,mucs2021,none,clean,707034_JIbdP0zW3oq0wsvK_0050,train
${DATA_ROOT}/clips/707034_JIbdP0zW3oq0wsvK_0051.wav,bonafide,hi-en,707034,mucs2021,none,clean,707034_JIbdP0zW3oq0wsvK_0051,train
${DATA_ROOT}/clips/707034_JIbdP0zW3oq0wsvK_0052.wav,bonafide,hi-en,707034,mucs2021,none,clean,707034_JIbdP0zW3oq0wsvK_0052,train
${DATA_ROOT}/clips/707034_JIbdP0zW3oq0wsvK_0053.wav,bonafide,hi-en,707034,mucs2021,none,clean,707034_JIbdP0zW3oq0wsvK_0053,train
${DATA_ROOT}/clips/707034_JIbdP0zW3oq0wsvK_0054.wav,bonafide,hi-en,707034,mucs2021,none,clean,707034_JIbdP0zW3oq0wsvK_0054,train
${DATA_ROOT}/clips/707034_JIbdP0zW3oq0wsvK_0055.wav,bonafide,hi-en,707034,mucs2021,none,clean,707034_JIbdP0zW3oq0wsvK_0055,train
${DATA_ROOT}/clips/707034_JIbdP0zW3oq0wsvK_0056.wav,bonafide,hi-en,707034,mucs2021,none,clean,707034_JIbdP0zW3oq0wsvK_0056,train
${DATA_ROOT}/clips/707034_JIbdP0zW3oq0wsvK_0057.wav,bonafide,hi-en,707034,mucs2021,none,clean,707034_JIbdP0zW3oq0wsvK_0057,train
${DATA_ROOT}/clips/707034_JIbdP0zW3oq0wsvK_0058.wav,bonafide,hi-en,707034,mucs2021,none,clean,707034_JIbdP0zW3oq0wsvK_0058,train
${DATA_ROOT}/clips/707034_JIbdP0zW3oq0wsvK_0059.wav,bonafide,hi-en,707034,mucs2021,none,clean,707034_JIbdP0zW3oq0wsvK_0059,train
${DATA_ROOT}/clips/707034_JIbdP0zW3oq0wsvK_0060.wav,bonafide,hi-en,707034,mucs2021,none,clean,707034_JIbdP0zW3oq0wsvK_0060,train
${DATA_ROOT}/clips/707034_JIbdP0zW3oq0wsvK_0061.wav,bonafide,hi-en,707034,mucs2021,none,clean,707034_JIbdP0zW3oq0wsvK_0061,train
${DATA_ROOT}/clips/707034_JIbdP0zW3oq0wsvK_0062.wav,bonafide,hi-en,707034,mucs2021,none,clean,707034_JIbdP0zW3oq0wsvK_0062,train
${DATA_ROOT}/clips/707034_JIbdP0zW3oq0wsvK_0063.wav,bonafide,hi-en,707034,mucs2021,none,clean,707034_JIbdP0zW3oq0wsvK_0063,train
${DATA_ROOT}/clips/707034_JIbdP0zW3oq0wsvK_0064.wav,bonafide,hi-en,707034,mucs2021,none,clean,707034_JIbdP0zW3oq0wsvK_0064,train
${DATA_ROOT}/clips/707034_JIbdP0zW3oq0wsvK_0065.wav,bonafide,hi-en,707034,mucs2021,none,clean,707034_JIbdP0zW3oq0wsvK_0065,train
${DATA_ROOT}/clips/707034_JIbdP0zW3oq0wsvK_0066.wav,bonafide,hi-en,707034,mucs2021,none,clean,707034_JIbdP0zW3oq0wsvK_0066,train
${DATA_ROOT}/clips/707034_JIbdP0zW3oq0wsvK_0067.wav,bonafide,hi-en,707034,mucs2021,none,clean,707034_JIbdP0zW3oq0wsvK_0067,train
${DATA_ROOT}/clips/707034_JIbdP0zW3oq0wsvK_0068.wav,bonafide,hi-en,707034,mucs2021,none,clean,707034_JIbdP0zW3oq0wsvK_0068,train
${DATA_ROOT}/clips/707034_JIbdP0zW3oq0wsvK_0069.wav,bonafide,hi-en,707034,mucs2021,none,clean,707034_JIbdP0zW3oq0wsvK_0069,train
${DATA_ROOT}/clips/707034_JIbdP0zW3oq0wsvK_0070.wav,bonafide,hi-en,707034,mucs2021,none,clean,707034_JIbdP0zW3oq0wsvK_0070,train
${DATA_ROOT}/clips/707034_JIbdP0zW3oq0wsvK_0071.wav,bonafide,hi-en,707034,mucs2021,none,clean,707034_JIbdP0zW3oq0wsvK_0071,train
${DATA_ROOT}/clips/707034_JIbdP0zW3oq0wsvK_0072.wav,bonafide,hi-en,707034,mucs2021,none,clean,707034_JIbdP0zW3oq0wsvK_0072,train
${DATA_ROOT}/clips/707034_JIbdP0zW3oq0wsvK_0073.wav,bonafide,hi-en,707034,mucs2021,none,clean,707034_JIbdP0zW3oq0wsvK_0073,train
${DATA_ROOT}/clips/707034_JIbdP0zW3oq0wsvK_0074.wav,bonafide,hi-en,707034,mucs2021,none,clean,707034_JIbdP0zW3oq0wsvK_0074,train
${DATA_ROOT}/clips/707034_JIbdP0zW3oq0wsvK_0075.wav,bonafide,hi-en,707034,mucs2021,none,clean,707034_JIbdP0zW3oq0wsvK_0075,train
${DATA_ROOT}/clips/707034_JIbdP0zW3oq0wsvK_0076.wav,bonafide,hi-en,707034,mucs2021,none,clean,707034_JIbdP0zW3oq0wsvK_0076,train
${DATA_ROOT}/clips/707034_JIbdP0zW3oq0wsvK_0077.wav,bonafide,hi-en,707034,mucs2021,none,clean,707034_JIbdP0zW3oq0wsvK_0077,train
${DATA_ROOT}/clips/707034_JIbdP0zW3oq0wsvK_0078.wav,bonafide,hi-en,707034,mucs2021,none,clean,707034_JIbdP0zW3oq0wsvK_0078,train
${DATA_ROOT}/clips/707034_JIbdP0zW3oq0wsvK_0079.wav,bonafide,hi-en,707034,mucs2021,none,clean,707034_JIbdP0zW3oq0wsvK_0079,train
${DATA_ROOT}/clips/707034_JIbdP0zW3oq0wsvK_0080.wav,bonafide,hi-en,707034,mucs2021,none,clean,707034_JIbdP0zW3oq0wsvK_0080,train
${DATA_ROOT}/clips/707034_JIbdP0zW3oq0wsvK_0081.wav,bonafide,hi-en,707034,mucs2021,none,clean,707034_JIbdP0zW3oq0wsvK_0081,train
${DATA_ROOT}/clips/707034_JIbdP0zW3oq0wsvK_0082.wav,bonafide,hi-en,707034,mucs2021,none,clean,707034_JIbdP0zW3oq0wsvK_0082,train
${DATA_ROOT}/clips/707034_JIbdP0zW3oq0wsvK_0083.wav,bonafide,hi-en,707034,mucs2021,none,clean,707034_JIbdP0zW3oq0wsvK_0083,train
${DATA_ROOT}/clips/707034_JIbdP0zW3oq0wsvK_0084.wav,bonafide,hi-en,707034,mucs2021,none,clean,707034_JIbdP0zW3oq0wsvK_0084,train
${DATA_ROOT}/clips/707034_JIbdP0zW3oq0wsvK_0085.wav,bonafide,hi-en,707034,mucs2021,none,clean,707034_JIbdP0zW3oq0wsvK_0085,train
${DATA_ROOT}/clips/707034_JIbdP0zW3oq0wsvK_0086.wav,bonafide,hi-en,707034,mucs2021,none,clean,707034_JIbdP0zW3oq0wsvK_0086,train
${DATA_ROOT}/clips/707034_JIbdP0zW3oq0wsvK_0087.wav,bonafide,hi-en,707034,mucs2021,none,clean,707034_JIbdP0zW3oq0wsvK_0087,train
${DATA_ROOT}/clips/707034_JIbdP0zW3oq0wsvK_0088.wav,bonafide,hi-en,707034,mucs2021,none,clean,707034_JIbdP0zW3oq0wsvK_0088,train
${DATA_ROOT}/clips/707034_JIbdP0zW3oq0wsvK_0089.wav,bonafide,hi-en,707034,mucs2021,none,clean,707034_JIbdP0zW3oq0wsvK_0089,train
${DATA_ROOT}/clips/707034_JIbdP0zW3oq0wsvK_0090.wav,bonafide,hi-en,707034,mucs2021,none,clean,707034_JIbdP0zW3oq0wsvK_0090,train
${DATA_ROOT}/clips/707034_JIbdP0zW3oq0wsvK_0091.wav,bonafide,hi-en,707034,mucs2021,none,clean,707034_JIbdP0zW3oq0wsvK_0091,train
${DATA_ROOT}/clips/707034_JIbdP0zW3oq0wsvK_0092.wav,bonafide,hi-en,707034,mucs2021,none,clean,707034_JIbdP0zW3oq0wsvK_0092,train
${DATA_ROOT}/clips/707034_JIbdP0zW3oq0wsvK_0093.wav,bonafide,hi-en,707034,mucs2021,none,clean,707034_JIbdP0zW3oq0wsvK_0093,train
${DATA_ROOT}/clips/707034_JIbdP0zW3oq0wsvK_0094.wav,bonafide,hi-en,707034,mucs2021,none,clean,707034_JIbdP0zW3oq0wsvK_0094,train
${DATA_ROOT}/clips/707034_JIbdP0zW3oq0wsvK_0095.wav,bonafide,hi-en,707034,mucs2021,none,clean,707034_JIbdP0zW3oq0wsvK_0095,train
${DATA_ROOT}/clips/707034_JIbdP0zW3oq0wsvK_0096.wav,bonafide,hi-en,707034,mucs2021,none,clean,707034_JIbdP0zW3oq0wsvK_0096,train
${DATA_ROOT}/clips/707034_JIbdP0zW3oq0wsvK_0097.wav,bonafide,hi-en,707034,mucs2021,none,clean,707034_JIbdP0zW3oq0wsvK_0097,train
${DATA_ROOT}/clips/707034_JIbdP0zW3oq0wsvK_0098.wav,bonafide,hi-en,707034,mucs2021,none,clean,707034_JIbdP0zW3oq0wsvK_0098,train
${DATA_ROOT}/clips/707034_JIbdP0zW3oq0wsvK_0099.wav,bonafide,hi-en,707034,mucs2021,none,clean,707034_JIbdP0zW3oq0wsvK_0099,train
${DATA_ROOT}/clips/707034_JIbdP0zW3oq0wsvK_0100.wav,bonafide,hi-en,707034,mucs2021,none,clean,707034_JIbdP0zW3oq0wsvK_0100,train
${DATA_ROOT}/clips/707034_JIbdP0zW3oq0wsvK_0101.wav,bonafide,hi-en,707034,mucs2021,none,clean,707034_JIbdP0zW3oq0wsvK_0101,train
${DATA_ROOT}/clips/707034_JIbdP0zW3oq0wsvK_0102.wav,bonafide,hi-en,707034,mucs2021,none,clean,707034_JIbdP0zW3oq0wsvK_0102,train
${DATA_ROOT}/clips/707034_JIbdP0zW3oq0wsvK_0103.wav,bonafide,hi-en,707034,mucs2021,none,clean,707034_JIbdP0zW3oq0wsvK_0103,train
${DATA_ROOT}/clips/707034_JIbdP0zW3oq0wsvK_0104.wav,bonafide,hi-en,707034,mucs2021,none,clean,707034_JIbdP0zW3oq0wsvK_0104,train
${DATA_ROOT}/clips/707034_JIbdP0zW3oq0wsvK_0105.wav,bonafide,hi-en,707034,mucs2021,none,clean,707034_JIbdP0zW3oq0wsvK_0105,train
${DATA_ROOT}/clips/707034_JIbdP0zW3oq0wsvK_0106.wav,bonafide,hi-en,707034,mucs2021,none,clean,707034_JIbdP0zW3oq0wsvK_0106,train
${DATA_ROOT}/clips/707034_JIbdP0zW3oq0wsvK_0107.wav,bonafide,hi-en,707034,mucs2021,none,clean,707034_JIbdP0zW3oq0wsvK_0107,train
${DATA_ROOT}/clips/707034_JIbdP0zW3oq0wsvK_0108.wav,bonafide,hi-en,707034,mucs2021,none,clean,707034_JIbdP0zW3oq0wsvK_0108,train
${DATA_ROOT}/clips/707034_JIbdP0zW3oq0wsvK_0109.wav,bonafide,hi-en,707034,mucs2021,none,clean,707034_JIbdP0zW3oq0wsvK_0109,train
${DATA_ROOT}/clips/707034_JIbdP0zW3oq0wsvK_0110.wav,bonafide,hi-en,707034,mucs2021,none,clean,707034_JIbdP0zW3oq0wsvK_0110,train
${DATA_ROOT}/clips/707034_JIbdP0zW3oq0wsvK_0111.wav,bonafide,hi-en,707034,mucs2021,none,clean,707034_JIbdP0zW3oq0wsvK_0111,train
${DATA_ROOT}/clips/707034_JIbdP0zW3oq0wsvK_0112.wav,bonafide,hi-en,707034,mucs2021,none,clean,707034_JIbdP0zW3oq0wsvK_0112,train
${DATA_ROOT}/clips/707034_JIbdP0zW3oq0wsvK_0113.wav,bonafide,hi-en,707034,mucs2021,none,clean,707034_JIbdP0zW3oq0wsvK_0113,train
${DATA_ROOT}/clips/707034_JIbdP0zW3oq0wsvK_0114.wav,bonafide,hi-en,707034,mucs2021,none,clean,707034_JIbdP0zW3oq0wsvK_0114,train
${DATA_ROOT}/clips/707034_JIbdP0zW3oq0wsvK_0115.wav,bonafide,hi-en,707034,mucs2021,none,clean,707034_JIbdP0zW3oq0wsvK_0115,train
${DATA_ROOT}/clips/707034_JIbdP0zW3oq0wsvK_0116.wav,bonafide,hi-en,707034,mucs2021,none,clean,707034_JIbdP0zW3oq0wsvK_0116,train
${DATA_ROOT}/clips/707034_JIbdP0zW3oq0wsvK_0117.wav,bonafide,hi-en,707034,mucs2021,none,clean,707034_JIbdP0zW3oq0wsvK_0117,train
${DATA_ROOT}/clips/707034_JIbdP0zW3oq0wsvK_0118.wav,bonafide,hi-en,707034,mucs2021,none,clean,707034_JIbdP0zW3oq0wsvK_0118,train
${DATA_ROOT}/clips/707034_JIbdP0zW3oq0wsvK_0119.wav,bonafide,hi-en,707034,mucs2021,none,clean,707034_JIbdP0zW3oq0wsvK_0119,train
${DATA_ROOT}/clips/707034_JIbdP0zW3oq0wsvK_0120.wav,bonafide,hi-en,707034,mucs2021,none,clean,707034_JIbdP0zW3oq0wsvK_0120,train
${DATA_ROOT}/clips/707034_JIbdP0zW3oq0wsvK_0121.wav,bonafide,hi-en,707034,mucs2021,none,clean,707034_JIbdP0zW3oq0wsvK_0121,train
${DATA_ROOT}/clips/707034_JIbdP0zW3oq0wsvK_0122.wav,bonafide,hi-en,707034,mucs2021,none,clean,707034_JIbdP0zW3oq0wsvK_0122,train
${DATA_ROOT}/clips/707034_JIbdP0zW3oq0wsvK_0123.wav,bonafide,hi-en,707034,mucs2021,none,clean,707034_JIbdP0zW3oq0wsvK_0123,train
${DATA_ROOT}/clips/707034_JIbdP0zW3oq0wsvK_0124.wav,bonafide,hi-en,707034,mucs2021,none,clean,707034_JIbdP0zW3oq0wsvK_0124,train
${DATA_ROOT}/clips/707034_JIbdP0zW3oq0wsvK_0125.wav,bonafide,hi-en,707034,mucs2021,none,clean,707034_JIbdP0zW3oq0wsvK_0125,train
${DATA_ROOT}/clips/707034_JIbdP0zW3oq0wsvK_0126.wav,bonafide,hi-en,707034,mucs2021,none,clean,707034_JIbdP0zW3oq0wsvK_0126,train
${DATA_ROOT}/clips/707034_JIbdP0zW3oq0wsvK_0127.wav,bonafide,hi-en,707034,mucs2021,none,clean,707034_JIbdP0zW3oq0wsvK_0127,train
${DATA_ROOT}/clips/707034_JIbdP0zW3oq0wsvK_0128.wav,bonafide,hi-en,707034,mucs2021,none,clean,707034_JIbdP0zW3oq0wsvK_0128,train
${DATA_ROOT}/clips/707034_JIbdP0zW3oq0wsvK_0129.wav,bonafide,hi-en,707034,mucs2021,none,clean,707034_JIbdP0zW3oq0wsvK_0129,train
${DATA_ROOT}/clips/707034_JIbdP0zW3oq0wsvK_0130.wav,bonafide,hi-en,707034,mucs2021,none,clean,707034_JIbdP0zW3oq0wsvK_0130,train
${DATA_ROOT}/clips/707034_JIbdP0zW3oq0wsvK_0131.wav,bonafide,hi-en,707034,mucs2021,none,clean,707034_JIbdP0zW3oq0wsvK_0131,train
${DATA_ROOT}/clips/707034_JIbdP0zW3oq0wsvK_0132.wav,bonafide,hi-en,707034,mucs2021,none,clean,707034_JIbdP0zW3oq0wsvK_0132,train
${DATA_ROOT}/clips/707034_JIbdP0zW3oq0wsvK_0133.wav,bonafide,hi-en,707034,mucs2021,none,clean,707034_JIbdP0zW3oq0wsvK_0133,train
${DATA_ROOT}/clips/707034_JIbdP0zW3oq0wsvK_0134.wav,bonafide,hi-en,707034,mucs2021,none,clean,707034_JIbdP0zW3oq0wsvK_0134,train
${DATA_ROOT}/clips/707034_JIbdP0zW3oq0wsvK_0135.wav,bonafide,hi-en,707034,mucs2021,none,clean,707034_JIbdP0zW3oq0wsvK_0135,train
${DATA_ROOT}/clips/707034_JIbdP0zW3oq0wsvK_0136.wav,bonafide,hi-en,707034,mucs2021,none,clean,707034_JIbdP0zW3oq0wsvK_0136,train
${DATA_ROOT}/clips/707034_JIbdP0zW3oq0wsvK_0137.wav,bonafide,hi-en,707034,mucs2021,none,clean,707034_JIbdP0zW3oq0wsvK_0137,train
${DATA_ROOT}/clips/707034_JIbdP0zW3oq0wsvK_0138.wav,bonafide,hi-en,707034,mucs2021,none,clean,707034_JIbdP0zW3oq0wsvK_0138,train
${DATA_ROOT}/clips/707034_JIbdP0zW3oq0wsvK_0139.wav,bonafide,hi-en,707034,mucs2021,none,clean,707034_JIbdP0zW3oq0wsvK_0139,train
${DATA_ROOT}/clips/707034_JIbdP0zW3oq0wsvK_0140.wav,bonafide,hi-en,707034,mucs2021,none,clean,707034_JIbdP0zW3oq0wsvK_0140,train
${DATA_ROOT}/clips/707034_JIbdP0zW3oq0wsvK_0141.wav,bonafide,hi-en,707034,mucs2021,none,clean,707034_JIbdP0zW3oq0wsvK_0141,train
${DATA_ROOT}/clips/707034_JIbdP0zW3oq0wsvK_0142.wav,bonafide,hi-en,707034,mucs2021,none,clean,707034_JIbdP0zW3oq0wsvK_0142,train
${DATA_ROOT}/clips/707034_JIbdP0zW3oq0wsvK_0143.wav,bonafide,hi-en,707034,mucs2021,none,clean,707034_JIbdP0zW3oq0wsvK_0143,train
${DATA_ROOT}/clips/707034_JIbdP0zW3oq0wsvK_0144.wav,bonafide,hi-en,707034,mucs2021,none,clean,707034_JIbdP0zW3oq0wsvK_0144,train
${DATA_ROOT}/clips/707034_JIbdP0zW3oq0wsvK_0145.wav,bonafide,hi-en,707034,mucs2021,none,clean,707034_JIbdP0zW3oq0wsvK_0145,train
${DATA_ROOT}/clips/707034_JIbdP0zW3oq0wsvK_0146.wav,bonafide,hi-en,707034,mucs2021,none,clean,707034_JIbdP0zW3oq0wsvK_0146,train
${DATA_ROOT}/clips/707034_JIbdP0zW3oq0wsvK_0147.wav,bonafide,hi-en,707034,mucs2021,none,clean,707034_JIbdP0zW3oq0wsvK_0147,train
${DATA_ROOT}/clips/707034_JIbdP0zW3oq0wsvK_0148.wav,bonafide,hi-en,707034,mucs2021,none,clean,707034_JIbdP0zW3oq0wsvK_0148,train
${DATA_ROOT}/clips/707034_JIbdP0zW3oq0wsvK_0149.wav,bonafide,hi-en,707034,mucs2021,none,clean,707034_JIbdP0zW3oq0wsvK_0149,train
${DATA_ROOT}/clips/707034_JIbdP0zW3oq0wsvK_0150.wav,bonafide,hi-en,707034,mucs2021,none,clean,707034_JIbdP0zW3oq0wsvK_0150,train
${DATA_ROOT}/clips/707034_JIbdP0zW3oq0wsvK_0151.wav,bonafide,hi-en,707034,mucs2021,none,clean,707034_JIbdP0zW3oq0wsvK_0151,train
${DATA_ROOT}/clips/707034_JIbdP0zW3oq0wsvK_0152.wav,bonafide,hi-en,707034,mucs2021,none,clean,707034_JIbdP0zW3oq0wsvK_0152,train
${DATA_ROOT}/clips/707034_JIbdP0zW3oq0wsvK_0153.wav,bonafide,hi-en,707034,mucs2021,none,clean,707034_JIbdP0zW3oq0wsvK_0153,train
${DATA_ROOT}/clips/707034_JIbdP0zW3oq0wsvK_0154.wav,bonafide,hi-en,707034,mucs2021,none,clean,707034_JIbdP0zW3oq0wsvK_0154,train
${DATA_ROOT}/clips/707034_JIbdP0zW3oq0wsvK_0155.wav,bonafide,hi-en,707034,mucs2021,none,clean,707034_JIbdP0zW3oq0wsvK_0155,train
${DATA_ROOT}/clips/707034_JIbdP0zW3oq0wsvK_0156.wav,bonafide,hi-en,707034,mucs2021,none,clean,707034_JIbdP0zW3oq0wsvK_0156,train
${DATA_ROOT}/clips/707034_JIbdP0zW3oq0wsvK_0157.wav,bonafide,hi-en,707034,mucs2021,none,clean,707034_JIbdP0zW3oq0wsvK_0157,train
${DATA_ROOT}/clips/707034_JIbdP0zW3oq0wsvK_0158.wav,bonafide,hi-en,707034,mucs2021,none,clean,707034_JIbdP0zW3oq0wsvK_0158,train
${DATA_ROOT}/clips/707034_JIbdP0zW3oq0wsvK_0159.wav,bonafide,hi-en,707034,mucs2021,none,clean,707034_JIbdP0zW3oq0wsvK_0159,train
${DATA_ROOT}/clips/707034_JIbdP0zW3oq0wsvK_0160.wav,bonafide,hi-en,707034,mucs2021,none,clean,707034_JIbdP0zW3oq0wsvK_0160,train
${DATA_ROOT}/clips/707034_JIbdP0zW3oq0wsvK_0161.wav,bonafide,hi-en,707034,mucs2021,none,clean,707034_JIbdP0zW3oq0wsvK_0161,train
${DATA_ROOT}/clips/707034_JIbdP0zW3oq0wsvK_0162.wav,bonafide,hi-en,707034,mucs2021,none,clean,707034_JIbdP0zW3oq0wsvK_0162,train
${DATA_ROOT}/clips/707034_JIbdP0zW3oq0wsvK_0163.wav,bonafide,hi-en,707034,mucs2021,none,clean,707034_JIbdP0zW3oq0wsvK_0163,train
${DATA_ROOT}/clips/707034_JIbdP0zW3oq0wsvK_0164.wav,bonafide,hi-en,707034,mucs2021,none,clean,707034_JIbdP0zW3oq0wsvK_0164,train
${DATA_ROOT}/clips/707034_JIbdP0zW3oq0wsvK_0165.wav,bonafide,hi-en,707034,mucs2021,none,clean,707034_JIbdP0zW3oq0wsvK_0165,train
${DATA_ROOT}/clips/707034_JIbdP0zW3oq0wsvK_0166.wav,bonafide,hi-en,707034,mucs2021,none,clean,707034_JIbdP0zW3oq0wsvK_0166,train
${DATA_ROOT}/clips/707034_JIbdP0zW3oq0wsvK_0167.wav,bonafide,hi-en,707034,mucs2021,none,clean,707034_JIbdP0zW3oq0wsvK_0167,train
${DATA_ROOT}/clips/707034_JIbdP0zW3oq0wsvK_0168.wav,bonafide,hi-en,707034,mucs2021,none,clean,707034_JIbdP0zW3oq0wsvK_0168,train
${DATA_ROOT}/clips/707034_JIbdP0zW3oq0wsvK_0169.wav,bonafide,hi-en,707034,mucs2021,none,clean,707034_JIbdP0zW3oq0wsvK_0169,train
${DATA_ROOT}/clips/707034_JIbdP0zW3oq0wsvK_0170.wav,bonafide,hi-en,707034,mucs2021,none,clean,707034_JIbdP0zW3oq0wsvK_0170,train
${DATA_ROOT}/clips/707034_JIbdP0zW3oq0wsvK_0171.wav,bonafide,hi-en,707034,mucs2021,none,clean,707034_JIbdP0zW3oq0wsvK_0171,train
${DATA_ROOT}/clips/707034_JIbdP0zW3oq0wsvK_0172.wav,bonafide,hi-en,707034,mucs2021,none,clean,707034_JIbdP0zW3oq0wsvK_0172,train
${DATA_ROOT}/clips/707034_JIbdP0zW3oq0wsvK_0173.wav,bonafide,hi-en,707034,mucs2021,none,clean,707034_JIbdP0zW3oq0wsvK_0173,train
${DATA_ROOT}/clips/80e3ec7afac8500d2776.wav,spoof,hi-en,126393,mucs2021,xtts_v2,clean,,train
${DATA_ROOT}/clips/b5bbf01cd86f4cf10f07.wav,spoof,hi-en,201350,mucs2021,xtts_v2,clean,,train
${DATA_ROOT}/clips/7c903f0f8d5c3308b710.wav,spoof,hi-en,342352,mucs2021,xtts_v2,clean,,train
${DATA_ROOT}/clips/9d3d8d6c56e3134ba4ea.wav,spoof,hi-en,350956,mucs2021,xtts_v2,clean,,train
${DATA_ROOT}/clips/4d182f18772c9be88e6b.wav,spoof,hi-en,433148,mucs2021,xtts_v2,clean,,train
${DATA_ROOT}/clips/8d22a7e7de5acfb14eb4.wav,spoof,hi-en,491095,mucs2021,xtts_v2,clean,,train
${DATA_ROOT}/clips/778e20a17356f5e3661d.wav,spoof,hi-en,702146,mucs2021,xtts_v2,clean,,train
${DATA_ROOT}/clips/cfaa44cb31f7fe997a34.wav,spoof,hi-en,707034,mucs2021,xtts_v2,clean,,train
${DATA_ROOT}/clips/9f9d3c7278b22d23303f.wav,spoof,hi-en,126393,mucs2021,xtts_v2,clean,,train
${DATA_ROOT}/clips/d053f9432710f93bf20a.wav,spoof,hi-en,201350,mucs2021,xtts_v2,clean,,train
${DATA_ROOT}/clips/fb0929228822cacda16b.wav,spoof,hi-en,342352,mucs2021,xtts_v2,clean,,train
${DATA_ROOT}/clips/59cfbc8ef29076ff1ec5.wav,spoof,hi-en,350956,mucs2021,xtts_v2,clean,,train
${DATA_ROOT}/clips/85f2d7e436a1f4adbbb7.wav,spoof,hi-en,433148,mucs2021,xtts_v2,clean,,train
${DATA_ROOT}/clips/1b3023e8785fc1312651.wav,spoof,hi-en,491095,mucs2021,xtts_v2,clean,,train
${DATA_ROOT}/clips/706c25b7cd1a63e754d5.wav,spoof,hi-en,702146,mucs2021,xtts_v2,clean,,train
${DATA_ROOT}/clips/5562da57e6594af99629.wav,spoof,hi-en,707034,mucs2021,xtts_v2,clean,,train
${DATA_ROOT}/clips/4265fc02bd63e0835bfc.wav,spoof,hi-en,126393,mucs2021,xtts_v2,clean,,train
${DATA_ROOT}/clips/f361accd7b95dde12ced.wav,spoof,hi-en,201350,mucs2021,xtts_v2,clean,,train
${DATA_ROOT}/clips/189f0d1882fc8d0ef10a.wav,spoof,hi-en,342352,mucs2021,xtts_v2,clean,,train
${DATA_ROOT}/clips/d53701e900e7c3e02b2a.wav,spoof,hi-en,350956,mucs2021,xtts_v2,clean,,train
${DATA_ROOT}/clips/a7158799d2b9fbd6560c.wav,spoof,hi-en,433148,mucs2021,xtts_v2,clean,,train
${DATA_ROOT}/clips/64758108cd1ddb5d848e.wav,spoof,hi-en,491095,mucs2021,xtts_v2,clean,,train
${DATA_ROOT}/clips/bca6e5e47149d5afd6ce.wav,spoof,hi-en,702146,mucs2021,xtts_v2,clean,,train
${DATA_ROOT}/clips/b7fa4d3a471c7942ace6.wav,spoof,hi-en,707034,mucs2021,xtts_v2,clean,,train
${DATA_ROOT}/clips/c299984f1f1bfaad809c.wav,spoof,hi-en,126393,mucs2021,xtts_v2,clean,,train
${DATA_ROOT}/clips/30ead1af4d47ef0ec466.wav,spoof,hi-en,201350,mucs2021,xtts_v2,clean,,train
${DATA_ROOT}/clips/00982a91be03b9c27cff.wav,spoof,hi-en,342352,mucs2021,xtts_v2,clean,,train
${DATA_ROOT}/clips/717dbaab2dc00f99981a.wav,spoof,hi-en,350956,mucs2021,xtts_v2,clean,,train
${DATA_ROOT}/clips/c4041722a5f39db54995.wav,spoof,hi-en,433148,mucs2021,xtts_v2,clean,,train
${DATA_ROOT}/clips/3189b2bd0f3f5c784909.wav,spoof,hi-en,491095,mucs2021,xtts_v2,clean,,train
${DATA_ROOT}/clips/42737c8722fd776ff4d3.wav,spoof,hi-en,702146,mucs2021,xtts_v2,clean,,train
${DATA_ROOT}/clips/844f4722d5edbf377b5f.wav,spoof,hi-en,707034,mucs2021,xtts_v2,clean,,train
${DATA_ROOT}/clips/0faaa5147e998e2ce8d0.wav,spoof,hi-en,126393,mucs2021,xtts_v2,clean,,train
${DATA_ROOT}/clips/09289ff17ecdf082590a.wav,spoof,hi-en,201350,mucs2021,xtts_v2,clean,,train
${DATA_ROOT}/clips/c6a4b54a4c867cffca9d.wav,spoof,hi-en,342352,mucs2021,xtts_v2,clean,,train
${DATA_ROOT}/clips/aa2860e46dc53af031d6.wav,spoof,hi-en,350956,mucs2021,xtts_v2,clean,,train
${DATA_ROOT}/clips/6baf219ea33114636b90.wav,spoof,hi-en,433148,mucs2021,xtts_v2,clean,,train
${DATA_ROOT}/clips/11c046022f20fd6c02ec.wav,spoof,hi-en,491095,mucs2021,xtts_v2,clean,,train
${DATA_ROOT}/clips/fb154f1088fd99b4364a.wav,spoof,hi-en,702146,mucs2021,xtts_v2,clean,,train
${DATA_ROOT}/clips/cc33d1e6f7fcf1c6e784.wav,spoof,hi-en,707034,mucs2021,xtts_v2,clean,,train
${DATA_ROOT}/clips/efc199eefd0c2589c322.wav,spoof,hi-en,126393,mucs2021,xtts_v2,clean,,train
${DATA_ROOT}/clips/709cdc10d5e1a49ab771.wav,spoof,hi-en,201350,mucs2021,xtts_v2,clean,,train
${DATA_ROOT}/clips/4f414ace9e493b0d3ef9.wav,spoof,hi-en,342352,mucs2021,xtts_v2,clean,,train
${DATA_ROOT}/clips/c6ad79f68dfb4681fbe5.wav,spoof,hi-en,350956,mucs2021,xtts_v2,clean,,train
${DATA_ROOT}/clips/505cbbb0a396029d2d5f.wav,spoof,hi-en,433148,mucs2021,xtts_v2,clean,,train
${DATA_ROOT}/clips/21f135951382809ec19d.wav,spoof,hi-en,491095,mucs2021,xtts_v2,clean,,train
${DATA_ROOT}/clips/29d22f87efe9afbdc4ce.wav,spoof,hi-en,702146,mucs2021,xtts_v2,clean,,train
${DATA_ROOT}/clips/085f158a809906cfd6a9.wav,spoof,hi-en,707034,mucs2021,xtts_v2,clean,,train
${DATA_ROOT}/clips/e680156ea837e685bfc8.wav,spoof,hi-en,126393,mucs2021,xtts_v2,clean,,train
${DATA_ROOT}/clips/47bebaa83300907bb630.wav,spoof,hi-en,201350,mucs2021,xtts_v2,clean,,train
${DATA_ROOT}/clips/fe7baf0de99b39f48755.wav,spoof,hi-en,342352,mucs2021,xtts_v2,clean,,train
${DATA_ROOT}/clips/0ab25f93587601d14b84.wav,spoof,hi-en,350956,mucs2021,xtts_v2,clean,,train
${DATA_ROOT}/clips/f19da5b290ca9820d477.wav,spoof,hi-en,433148,mucs2021,xtts_v2,clean,,train
${DATA_ROOT}/clips/359998ecbfa209a57613.wav,spoof,hi-en,491095,mucs2021,xtts_v2,clean,,train
${DATA_ROOT}/clips/a075b256046c0c11940a.wav,spoof,hi-en,702146,mucs2021,xtts_v2,clean,,train
${DATA_ROOT}/clips/e5909c016bdab66edc50.wav,spoof,hi-en,707034,mucs2021,xtts_v2,clean,,train
${DATA_ROOT}/clips/97818093e89973d16d43.wav,spoof,hi-en,126393,mucs2021,xtts_v2,clean,,train
${DATA_ROOT}/clips/e75a02e58df0ce9fa492.wav,spoof,hi-en,201350,mucs2021,xtts_v2,clean,,train
${DATA_ROOT}/clips/ee3ab8cfee7034e519d2.wav,spoof,hi-en,342352,mucs2021,xtts_v2,clean,,train
${DATA_ROOT}/clips/fa6835a815bf70de9462.wav,spoof,hi-en,350956,mucs2021,xtts_v2,clean,,train
${DATA_ROOT}/clips/b6aae9911a004234522c.wav,spoof,hi-en,433148,mucs2021,xtts_v2,clean,,train
${DATA_ROOT}/clips/ea804a900b61c9cab26c.wav,spoof,hi-en,491095,mucs2021,xtts_v2,clean,,train
${DATA_ROOT}/clips/f143b46c5187a92b6871.wav,spoof,hi-en,702146,mucs2021,xtts_v2,clean,,train
${DATA_ROOT}/clips/ba69d8142145b9215ce1.wav,spoof,hi-en,707034,mucs2021,xtts_v2,clean,,train
${DATA_ROOT}/clips/ef1ee303cfb718c01617.wav,spoof,hi-en,126393,mucs2021,xtts_v2,clean,,train
${DATA_ROOT}/clips/7ae3b291d27e96f1f924.wav,spoof,hi-en,201350,mucs2021,xtts_v2,clean,,train
${DATA_ROOT}/clips/0d551c5fa2fb517c78c0.wav,spoof,hi-en,342352,mucs2021,xtts_v2,clean,,train
${DATA_ROOT}/clips/e2487df6fdab3385f1ab.wav,spoof,hi-en,350956,mucs2021,xtts_v2,clean,,train
${DATA_ROOT}/clips/8d08e25a1d074fee23d3.wav,spoof,hi-en,433148,mucs2021,xtts_v2,clean,,train
${DATA_ROOT}/clips/791c3d73b99c98577893.wav,spoof,hi-en,491095,mucs2021,xtts_v2,clean,,train
${DATA_ROOT}/clips/4b7a0a11973ff1382fd3.wav,spoof,hi-en,702146,mucs2021,xtts_v2,clean,,train
${DATA_ROOT}/clips/f90ce3a56081ad799a19.wav,spoof,hi-en,707034,mucs2021,xtts_v2,clean,,train
${DATA_ROOT}/clips/0f3381b9a05ac44da519.wav,spoof,hi-en,126393,mucs2021,xtts_v2,clean,,train
${DATA_ROOT}/clips/bd01edecf889117983d0.wav,spoof,hi-en,201350,mucs2021,xtts_v2,clean,,train
${DATA_ROOT}/clips/435f0318339ecef5bb46.wav,spoof,hi-en,342352,mucs2021,xtts_v2,clean,,train
${DATA_ROOT}/clips/c2c193682029614cb062.wav,spoof,hi-en,350956,mucs2021,xtts_v2,clean,,train
${DATA_ROOT}/clips/8429ce57d6fff4b83ddb.wav,spoof,hi-en,433148,mucs2021,xtts_v2,clean,,train
${DATA_ROOT}/clips/8cf2e13a9f72b9ab12dc.wav,spoof,hi-en,491095,mucs2021,xtts_v2,clean,,train
${DATA_ROOT}/clips/6326dd379b0a927e7123.wav,spoof,hi-en,702146,mucs2021,xtts_v2,clean,,train
${DATA_ROOT}/clips/a76af24f665bd705f3d9.wav,spoof,hi-en,707034,mucs2021,xtts_v2,clean,,train
${DATA_ROOT}/clips/47e764eef7362485ebe2.wav,spoof,hi-en,126393,mucs2021,xtts_v2,clean,,train
${DATA_ROOT}/clips/a650b1d262a24be5bea7.wav,spoof,hi-en,201350,mucs2021,xtts_v2,clean,,train
${DATA_ROOT}/clips/b7a00eb326dd1c416d6a.wav,spoof,hi-en,342352,mucs2021,xtts_v2,clean,,train
${DATA_ROOT}/clips/53754897240cfb7c38cf.wav,spoof,hi-en,350956,mucs2021,xtts_v2,clean,,train
${DATA_ROOT}/clips/9c8ee392894e8479efbc.wav,spoof,hi-en,433148,mucs2021,xtts_v2,clean,,train
${DATA_ROOT}/clips/209cccaad120c2b6fe8b.wav,spoof,hi-en,491095,mucs2021,xtts_v2,clean,,train
${DATA_ROOT}/clips/e41d55d5dfeea3c1754a.wav,spoof,hi-en,702146,mucs2021,xtts_v2,clean,,train
${DATA_ROOT}/clips/44c76063fc0e9258e400.wav,spoof,hi-en,707034,mucs2021,xtts_v2,clean,,train
${DATA_ROOT}/clips/24ef0e3673891cc721e7.wav,spoof,hi-en,126393,mucs2021,xtts_v2,clean,,train
${DATA_ROOT}/clips/a3f46d094f3d25e6f51d.wav,spoof,hi-en,201350,mucs2021,xtts_v2,clean,,train
${DATA_ROOT}/clips/1417c3702f219a987f5d.wav,spoof,hi-en,342352,mucs2021,xtts_v2,clean,,train
${DATA_ROOT}/clips/3a68a889681245009f93.wav,spoof,hi-en,350956,mucs2021,xtts_v2,clean,,train
${DATA_ROOT}/clips/b693e11db1bcfea638e9.wav,spoof,hi-en,433148,mucs2021,xtts_v2,clean,,train
${DATA_ROOT}/clips/41991ca58b1cfcfe475d.wav,spoof,hi-en,491095,mucs2021,xtts_v2,clean,,train
${DATA_ROOT}/clips/6bccfbca140d0a24ac99.wav,spoof,hi-en,702146,mucs2021,xtts_v2,clean,,train
${DATA_ROOT}/clips/5070818f63b4d24e92ec.wav,spoof,hi-en,707034,mucs2021,xtts_v2,clean,,train
${DATA_ROOT}/clips/bae454bb12b8043dd841.wav,spoof,hi-en,126393,mucs2021,xtts_v2,clean,,train
${DATA_ROOT}/clips/4ff36885590298d482cd.wav,spoof,hi-en,201350,mucs2021,xtts_v2,clean,,train
${DATA_ROOT}/clips/84f8271e8a7a82524ab4.wav,spoof,hi-en,342352,mucs2021,xtts_v2,clean,,train
${DATA_ROOT}/clips/0ce6e28841f39c933365.wav,spoof,hi-en,350956,mucs2021,xtts_v2,clean,,train
${DATA_ROOT}/clips/c12c903c5c419f01211c.wav,spoof,hi-en,433148,mucs2021,xtts_v2,clean,,train
${DATA_ROOT}/clips/d89fffab784a23d58465.wav,spoof,hi-en,491095,mucs2021,xtts_v2,clean,,train
${DATA_ROOT}/clips/88337d1e6ff457cf3f84.wav,spoof,hi-en,702146,mucs2021,xtts_v2,clean,,train
${DATA_ROOT}/clips/0f6217a874090b86245c.wav,spoof,hi-en,707034,mucs2021,xtts_v2,clean,,train
${DATA_ROOT}/clips/64dbfd66017a300b8f69.wav,spoof,hi-en,126393,mucs2021,xtts_v2,clean,,train
${DATA_ROOT}/clips/61ea1e73d5c28fd9a565.wav,spoof,hi-en,201350,mucs2021,xtts_v2,clean,,train
${DATA_ROOT}/clips/94820355eb8748276339.wav,spoof,hi-en,342352,mucs2021,xtts_v2,clean,,train
${DATA_ROOT}/clips/60a93d59e3dea1028ccc.wav,spoof,hi-en,350956,mucs2021,xtts_v2,clean,,train
${DATA_ROOT}/clips/d26c35a00bec9df24dba.wav,spoof,hi-en,433148,mucs2021,xtts_v2,clean,,train
${DATA_ROOT}/clips/520d5e8bcae372d92e55.wav,spoof,hi-en,491095,mucs2021,xtts_v2,clean,,train
${DATA_ROOT}/clips/cff9b6320f1d678d81e9.wav,spoof,hi-en,702146,mucs2021,xtts_v2,clean,,train
${DATA_ROOT}/clips/f63fb2b4b9e83eeb94c3.wav,spoof,hi-en,707034,mucs2021,xtts_v2,clean,,train
${DATA_ROOT}/clips/e77311d3a1bb5497a38a.wav,spoof,hi-en,126393,mucs2021,xtts_v2,clean,,train
${DATA_ROOT}/clips/da270c384bd6514db3a2.wav,spoof,hi-en,201350,mucs2021,xtts_v2,clean,,train
${DATA_ROOT}/clips/cc0f132ab9e90442f054.wav,spoof,hi-en,342352,mucs2021,xtts_v2,clean,,train
${DATA_ROOT}/clips/130b367d43c6c1c13021.wav,spoof,hi-en,350956,mucs2021,xtts_v2,clean,,train
${DATA_ROOT}/clips/c4ce29c3446aa57f2418.wav,spoof,hi-en,433148,mucs2021,xtts_v2,clean,,train
${DATA_ROOT}/clips/dedb13942302fb92fb67.wav,spoof,hi-en,491095,mucs2021,xtts_v2,clean,,train
${DATA_ROOT}/clips/6679077039a2ca33f1fb.wav,spoof,hi-en,702146,mucs2021,xtts_v2,clean,,train
${DATA_ROOT}/clips/ace324f71ebbd8ffce85.wav,spoof,hi-en,707034,mucs2021,xtts_v2,clean,,train
${DATA_ROOT}/clips/43fc8fc602d3c11cbbd8.wav,spoof,hi-en,126393,mucs2021,xtts_v2,clean,,train
${DATA_ROOT}/clips/a858be251ac57c77cefa.wav,spoof,hi-en,201350,mucs2021,xtts_v2,clean,,train
${DATA_ROOT}/clips/cfce5bb9d6a018b7b48a.wav,spoof,hi-en,342352,mucs2021,xtts_v2,clean,,train
${DATA_ROOT}/clips/510e03970e3b1dd82915.wav,spoof,hi-en,350956,mucs2021,xtts_v2,clean,,train
${DATA_ROOT}/clips/6f006c3361c14c96b261.wav,spoof,hi-en,433148,mucs2021,xtts_v2,clean,,train
${DATA_ROOT}/clips/9b5a3ce61cad5bfa6f2a.wav,spoof,hi-en,491095,mucs2021,xtts_v2,clean,,train
${DATA_ROOT}/clips/c3be9b04db0c29198fd1.wav,spoof,hi-en,702146,mucs2021,xtts_v2,clean,,train
${DATA_ROOT}/clips/399d55c5a30aef8ce2f3.wav,spoof,hi-en,707034,mucs2021,xtts_v2,clean,,train
${DATA_ROOT}/clips/15627851adac85306eb2.wav,spoof,hi-en,126393,mucs2021,xtts_v2,clean,,train
${DATA_ROOT}/clips/fdf4b8ef565457abe3b1.wav,spoof,hi-en,201350,mucs2021,xtts_v2,clean,,train
${DATA_ROOT}/clips/acacd1ab9544c2c095ba.wav,spoof,hi-en,342352,mucs2021,xtts_v2,clean,,train
${DATA_ROOT}/clips/11a3f91297e336d48ee6.wav,spoof,hi-en,350956,mucs2021,xtts_v2,clean,,train
${DATA_ROOT}/clips/b1f4b31fda60ae6f54dc.wav,spoof,hi-en,433148,mucs2021,xtts_v2,clean,,train
${DATA_ROOT}/clips/6abca0f6cffc991611cd.wav,spoof,hi-en,491095,mucs2021,xtts_v2,clean,,train
${DATA_ROOT}/clips/b1e457765886b18affc4.wav,spoof,hi-en,702146,mucs2021,xtts_v2,clean,,train
${DATA_ROOT}/clips/89ff3618040fffe27cb3.wav,spoof,hi-en,707034,mucs2021,xtts_v2,clean,,train
${DATA_ROOT}/clips/b830b88e2654112f0053.wav,spoof,hi-en,126393,mucs2021,xtts_v2,clean,,train
${DATA_ROOT}/clips/4796d6400d047ea2c652.wav,spoof,hi-en,201350,mucs2021,xtts_v2,clean,,train
${DATA_ROOT}/clips/4d948313125698099251.wav,spoof,hi-en,342352,mucs2021,xtts_v2,clean,,train
${DATA_ROOT}/clips/fbad3792a7837251a920.wav,spoof,hi-en,350956,mucs2021,xtts_v2,clean,,train
${DATA_ROOT}/clips/0345c5e13abe49cbd19d.wav,spoof,hi-en,433148,mucs2021,xtts_v2,clean,,train
${DATA_ROOT}/clips/90a3789407928b542a31.wav,spoof,hi-en,491095,mucs2021,xtts_v2,clean,,train
${DATA_ROOT}/clips/8734163dabe2897bce87.wav,spoof,hi-en,702146,mucs2021,xtts_v2,clean,,train
${DATA_ROOT}/clips/9705f549498dab3a1c5d.wav,spoof,hi-en,707034,mucs2021,xtts_v2,clean,,train
${DATA_ROOT}/clips/264f0034faea55face72.wav,spoof,hi-en,126393,mucs2021,xtts_v2,clean,,train
${DATA_ROOT}/clips/a1ac077156aa887c04d5.wav,spoof,hi-en,201350,mucs2021,xtts_v2,clean,,train
${DATA_ROOT}/clips/4c6591c50b93fd902f1b.wav,spoof,hi-en,342352,mucs2021,xtts_v2,clean,,train
${DATA_ROOT}/clips/0112355aae8c32c96324.wav,spoof,hi-en,350956,mucs2021,xtts_v2,clean,,train
${DATA_ROOT}/clips/b34c895174fa7383701f.wav,spoof,hi-en,433148,mucs2021,xtts_v2,clean,,train
${DATA_ROOT}/clips/5684bdf766d092443360.wav,spoof,hi-en,491095,mucs2021,xtts_v2,clean,,train
${DATA_ROOT}/clips/2432c6815e321ebaa85e.wav,spoof,hi-en,702146,mucs2021,xtts_v2,clean,,train
${DATA_ROOT}/clips/5d87c4683f3bd6ab7a9c.wav,spoof,hi-en,707034,mucs2021,xtts_v2,clean,,train
${DATA_ROOT}/clips/1ea38390b1bbe73f8d23.wav,spoof,hi-en,126393,mucs2021,xtts_v2,clean,,train
${DATA_ROOT}/clips/9ee8f63908c10b8ffabd.wav,spoof,hi-en,201350,mucs2021,xtts_v2,clean,,train
${DATA_ROOT}/clips/6f3e82f2630b60775238.wav,spoof,hi-en,342352,mucs2021,xtts_v2,clean,,train
${DATA_ROOT}/clips/ac1c0cf310bd6844d483.wav,spoof,hi-en,350956,mucs2021,xtts_v2,clean,,train
${DATA_ROOT}/clips/ee109bb1f9195acafdf5.wav,spoof,hi-en,433148,mucs2021,xtts_v2,clean,,train
${DATA_ROOT}/clips/2546fa2c0d30e95c814a.wav,spoof,hi-en,491095,mucs2021,xtts_v2,clean,,train
${DATA_ROOT}/clips/d501833baf7f57b4219e.wav,spoof,hi-en,702146,mucs2021,xtts_v2,clean,,train
${DATA_ROOT}/clips/bab1da6c733e4a2f2e26.wav,spoof,hi-en,707034,mucs2021,xtts_v2,clean,,train
${DATA_ROOT}/clips/8c4cbcca3b8b0d7ad1d4.wav,spoof,hi-en,126393,mucs2021,xtts_v2,clean,,train
${DATA_ROOT}/clips/29f209c1092b1ef6f622.wav,spoof,hi-en,201350,mucs2021,xtts_v2,clean,,train
${DATA_ROOT}/clips/606f1000d9e5cde9e265.wav,spoof,hi-en,342352,mucs2021,xtts_v2,clean,,train
${DATA_ROOT}/clips/3021ee582e6193d36946.wav,spoof,hi-en,350956,mucs2021,xtts_v2,clean,,train
${DATA_ROOT}/clips/c9b5cef89c155241a47a.wav,spoof,hi-en,433148,mucs2021,xtts_v2,clean,,train
${DATA_ROOT}/clips/f8ce77f27c8321db8aa7.wav,spoof,hi-en,491095,mucs2021,xtts_v2,clean,,train
${DATA_ROOT}/clips/6d8715d522d10fbdcc72.wav,spoof,hi-en,702146,mucs2021,xtts_v2,clean,,train
${DATA_ROOT}/clips/a76c4de3de79f74fe601.wav,spoof,hi-en,707034,mucs2021,xtts_v2,clean,,train
${DATA_ROOT}/clips/57a14b81905f26067d85.wav,spoof,hi-en,126393,mucs2021,xtts_v2,clean,,train
${DATA_ROOT}/clips/4c3e75405e3f2baecd92.wav,spoof,hi-en,201350,mucs2021,xtts_v2,clean,,train
${DATA_ROOT}/clips/b7ac12acdcef7a8e2931.wav,spoof,hi-en,342352,mucs2021,xtts_v2,clean,,train
${DATA_ROOT}/clips/fb4b40d2ccc035e0fd1a.wav,spoof,hi-en,350956,mucs2021,xtts_v2,clean,,train
${DATA_ROOT}/clips/583e73441e629d03f057.wav,spoof,hi-en,433148,mucs2021,xtts_v2,clean,,train
${DATA_ROOT}/clips/5288be09200bbf9d5aff.wav,spoof,hi-en,491095,mucs2021,xtts_v2,clean,,train
${DATA_ROOT}/clips/7266fe1a8d03d5d98c38.wav,spoof,hi-en,702146,mucs2021,xtts_v2,clean,,train
${DATA_ROOT}/clips/f11e365d7e8319b43517.wav,spoof,hi-en,707034,mucs2021,xtts_v2,clean,,train
${DATA_ROOT}/clips/ce344470ac1ad6b366c7.wav,spoof,hi-en,126393,mucs2021,xtts_v2,clean,,train
${DATA_ROOT}/clips/dfb268272c9acfe46132.wav,spoof,hi-en,201350,mucs2021,xtts_v2,clean,,train
${DATA_ROOT}/clips/d7f7c44a7ed150d741c5.wav,spoof,hi-en,342352,mucs2021,xtts_v2,clean,,train
${DATA_ROOT}/clips/a26a70a1c70b7f01bf5b.wav,spoof,hi-en,350956,mucs2021,xtts_v2,clean,,train
${DATA_ROOT}/clips/716ad269c2453fea0873.wav,spoof,hi-en,433148,mucs2021,xtts_v2,clean,,train
${DATA_ROOT}/clips/59b92d35c2ade02da0d8.wav,spoof,hi-en,491095,mucs2021,xtts_v2,clean,,train
${DATA_ROOT}/clips/010776156328f956c3da.wav,spoof,hi-en,702146,mucs2021,xtts_v2,clean,,train
${DATA_ROOT}/clips/172d525fa4120cf60b98.wav,spoof,hi-en,707034,mucs2021,xtts_v2,clean,,train
${DATA_ROOT}/clips/f1860c8363db2b148caf.wav,spoof,hi-en,126393,mucs2021,xtts_v2,clean,,train
${DATA_ROOT}/clips/cf75100233ae1244e7c2.wav,spoof,hi-en,201350,mucs2021,xtts_v2,clean,,train
${DATA_ROOT}/clips/7c44d53a5a7bd70060dc.wav,spoof,hi-en,342352,mucs2021,xtts_v2,clean,,train
${DATA_ROOT}/clips/97e5f5df74a229541840.wav,spoof,hi-en,350956,mucs2021,xtts_v2,clean,,train
${DATA_ROOT}/clips/666551caf82d3e3c75fc.wav,spoof,hi-en,433148,mucs2021,xtts_v2,clean,,train
${DATA_ROOT}/clips/69cc740f3b45119559e2.wav,spoof,hi-en,491095,mucs2021,xtts_v2,clean,,train
${DATA_ROOT}/clips/f6feedaa8d3e1ed0edc3.wav,spoof,hi-en,702146,mucs2021,xtts_v2,clean,,train
${DATA_ROOT}/clips/5ce7c850abd37500db35.wav,spoof,hi-en,707034,mucs2021,xtts_v2,clean,,train
${DATA_ROOT}/clips/b44062884465c3d13047.wav,spoof,hi-en,126393,mucs2021,xtts_v2,clean,,train
${DATA_ROOT}/clips/d4b09d1c21f65a55ccc5.wav,spoof,hi-en,201350,mucs2021,xtts_v2,clean,,train
${DATA_ROOT}/clips/7349a7c32b9e4020b637.wav,spoof,hi-en,342352,mucs2021,xtts_v2,clean,,train
${DATA_ROOT}/clips/0be810a7b66ff938088b.wav,spoof,hi-en,350956,mucs2021,xtts_v2,clean,,train
${DATA_ROOT}/clips/eb49201b8616ee0dfbb2.wav,spoof,hi-en,433148,mucs2021,xtts_v2,clean,,train
${DATA_ROOT}/clips/e69eb18b4bfb50ec0c11.wav,spoof,hi-en,491095,mucs2021,xtts_v2,clean,,train
${DATA_ROOT}/clips/970b4e1eaa534cc1965d.wav,spoof,hi-en,702146,mucs2021,xtts_v2,clean,,train
${DATA_ROOT}/clips/0a3a9eaf05ae0af740e9.wav,spoof,hi-en,707034,mucs2021,xtts_v2,clean,,train
${DATA_ROOT}/clips/59e53a75a0fb52ebd282.wav,spoof,hi-en,126393,mucs2021,xtts_v2,clean,,train
${DATA_ROOT}/clips/d155ce23e2d384f28aad.wav,spoof,hi-en,201350,mucs2021,xtts_v2,clean,,train
${DATA_ROOT}/clips/37f724a672e2f8fd1068.wav,spoof,hi-en,342352,mucs2021,xtts_v2,clean,,train
${DATA_ROOT}/clips/24b8fdbf840c5e942b7a.wav,spoof,hi-en,350956,mucs2021,xtts_v2,clean,,train
${DATA_ROOT}/clips/4be48feb761bc86e63db.wav,spoof,hi-en,433148,mucs2021,xtts_v2,clean,,train
${DATA_ROOT}/clips/045fa60ab603bb4cd4d7.wav,spoof,hi-en,491095,mucs2021,xtts_v2,clean,,train
${DATA_ROOT}/clips/28521462eabc0a8d0aa8.wav,spoof,hi-en,702146,mucs2021,xtts_v2,clean,,train
${DATA_ROOT}/clips/5500239aa714720abfa5.wav,spoof,hi-en,707034,mucs2021,xtts_v2,clean,,train
${DATA_ROOT}/clips/61fcbdfa1e89abc5f5a1.wav,spoof,hi-en,126393,mucs2021,xtts_v2,clean,,train
${DATA_ROOT}/clips/6954f923b33e04a2ffe7.wav,spoof,hi-en,201350,mucs2021,xtts_v2,clean,,train
${DATA_ROOT}/clips/6fca27193fbe108190f9.wav,spoof,hi-en,342352,mucs2021,xtts_v2,clean,,train
${DATA_ROOT}/clips/220cbf09327dfb70498d.wav,spoof,hi-en,350956,mucs2021,xtts_v2,clean,,train
${DATA_ROOT}/clips/233002611e20f1350cec.wav,spoof,hi-en,433148,mucs2021,xtts_v2,clean,,train
${DATA_ROOT}/clips/f82b1f4710784abd3abc.wav,spoof,hi-en,491095,mucs2021,xtts_v2,clean,,train
${DATA_ROOT}/clips/8c805eadbd202ad70d4c.wav,spoof,hi-en,702146,mucs2021,xtts_v2,clean,,train
${DATA_ROOT}/clips/90d5c0d85eeebf672f88.wav,spoof,hi-en,707034,mucs2021,xtts_v2,clean,,train
${DATA_ROOT}/clips/3bb882485c2460a858e2.wav,spoof,hi-en,126393,mucs2021,xtts_v2,clean,,train
${DATA_ROOT}/clips/cbeecdeee0ea516b4312.wav,spoof,hi-en,201350,mucs2021,xtts_v2,clean,,train
${DATA_ROOT}/clips/ed45555acbf061de1a26.wav,spoof,hi-en,342352,mucs2021,xtts_v2,clean,,train
${DATA_ROOT}/clips/4e2c8aa6a7c1e601e114.wav,spoof,hi-en,350956,mucs2021,xtts_v2,clean,,train
${DATA_ROOT}/clips/31d1eb854a5ad7ecece5.wav,spoof,hi-en,433148,mucs2021,xtts_v2,clean,,train
${DATA_ROOT}/clips/a34b6b75cfd829ca0a67.wav,spoof,hi-en,491095,mucs2021,xtts_v2,clean,,train
${DATA_ROOT}/clips/3e4d4024876f95979444.wav,spoof,hi-en,702146,mucs2021,xtts_v2,clean,,train
${DATA_ROOT}/clips/cbf37786932aadc6ab36.wav,spoof,hi-en,707034,mucs2021,xtts_v2,clean,,train
${DATA_ROOT}/clips/e52fd87c2e0e15724256.wav,spoof,hi-en,126393,mucs2021,xtts_v2,clean,,train
${DATA_ROOT}/clips/ce68ba67e322e23084e3.wav,spoof,hi-en,201350,mucs2021,xtts_v2,clean,,train
${DATA_ROOT}/clips/901f5e3f0e74d715aa44.wav,spoof,hi-en,342352,mucs2021,xtts_v2,clean,,train
${DATA_ROOT}/clips/4607b24a78370f56c5b0.wav,spoof,hi-en,350956,mucs2021,xtts_v2,clean,,train
${DATA_ROOT}/clips/b129f49da9ca017d3e41.wav,spoof,hi-en,433148,mucs2021,xtts_v2,clean,,train
${DATA_ROOT}/clips/5dd51128e9fbc6f1b99c.wav,spoof,hi-en,491095,mucs2021,xtts_v2,clean,,train
${DATA_ROOT}/clips/da6704aa5dd3285bc173.wav,spoof,hi-en,702146,mucs2021,xtts_v2,clean,,train
${DATA_ROOT}/clips/f30eafdda87f7e504f27.wav,spoof,hi-en,707034,mucs2021,xtts_v2,clean,,train
${DATA_ROOT}/clips/89ae3cebe704e9c1194c.wav,spoof,hi-en,126393,mucs2021,xtts_v2,clean,,train
${DATA_ROOT}/clips/f8d8452a918300d22a2f.wav,spoof,hi-en,201350,mucs2021,xtts_v2,clean,,train
${DATA_ROOT}/clips/b772c0a52c0108c02502.wav,spoof,hi-en,342352,mucs2021,xtts_v2,clean,,train
${DATA_ROOT}/clips/277e8f950f625c5b1687.wav,spoof,hi-en,350956,mucs2021,xtts_v2,clean,,train
${DATA_ROOT}/clips/451c7f9044b3b15f030d.wav,spoof,hi-en,433148,mucs2021,xtts_v2,clean,,train
${DATA_ROOT}/clips/6e469ce782e67f051798.wav,spoof,hi-en,491095,mucs2021,xtts_v2,clean,,train
${DATA_ROOT}/clips/c3dd5d5540eaad09410c.wav,spoof,hi-en,702146,mucs2021,xtts_v2,clean,,train
${DATA_ROOT}/clips/0e3ee1b6ace703792c9e.wav,spoof,hi-en,707034,mucs2021,xtts_v2,clean,,train
${DATA_ROOT}/clips/ec9b4d9c63ad021ca0e6.wav,spoof,hi-en,126393,mucs2021,xtts_v2,clean,,train
${DATA_ROOT}/clips/b1cb97d0e1f2a81c374b.wav,spoof,hi-en,201350,mucs2021,xtts_v2,clean,,train
${DATA_ROOT}/clips/1cbab4a5f86ff6a05fe1.wav,spoof,hi-en,342352,mucs2021,xtts_v2,clean,,train
${DATA_ROOT}/clips/c77f9a9538ea923380a2.wav,spoof,hi-en,350956,mucs2021,xtts_v2,clean,,train
${DATA_ROOT}/clips/6da77f3222b7f45ffa6a.wav,spoof,hi-en,433148,mucs2021,xtts_v2,clean,,train
${DATA_ROOT}/clips/214d05784f864b0627e7.wav,spoof,hi-en,491095,mucs2021,xtts_v2,clean,,train
${DATA_ROOT}/clips/4593d8122e4409140b98.wav,spoof,hi-en,702146,mucs2021,xtts_v2,clean,,train
${DATA_ROOT}/clips/e0adb551e63322c847da.wav,spoof,hi-en,707034,mucs2021,xtts_v2,clean,,train
${DATA_ROOT}/clips/38d64ddeaeecc4bd8184.wav,spoof,hi-en,126393,mucs2021,xtts_v2,clean,,train
${DATA_ROOT}/clips/3a3885586262523438ff.wav,spoof,hi-en,201350,mucs2021,xtts_v2,clean,,train
${DATA_ROOT}/clips/471af644eac314afcb33.wav,spoof,hi-en,342352,mucs2021,xtts_v2,clean,,train
${DATA_ROOT}/clips/9ab9521c4d8acd648ef4.wav,spoof,hi-en,350956,mucs2021,xtts_v2,clean,,train
${DATA_ROOT}/clips/0c8d75c91f29c9256016.wav,spoof,hi-en,433148,mucs2021,xtts_v2,clean,,train
${DATA_ROOT}/clips/7bc8fbb5b10f52162ea9.wav,spoof,hi-en,491095,mucs2021,xtts_v2,clean,,train
${DATA_ROOT}/clips/e49176db2bac5e133ca4.wav,spoof,hi-en,702146,mucs2021,xtts_v2,clean,,train
${DATA_ROOT}/clips/3c769700390307e0fb06.wav,spoof,hi-en,707034,mucs2021,xtts_v2,clean,,train
${DATA_ROOT}/clips/786c8340acaf4beecde6.wav,spoof,hi-en,126393,mucs2021,xtts_v2,clean,,train
${DATA_ROOT}/clips/5b27fecceb9a25774d5b.wav,spoof,hi-en,201350,mucs2021,xtts_v2,clean,,train
${DATA_ROOT}/clips/f9d2ff11c6123cdc1ee1.wav,spoof,hi-en,342352,mucs2021,xtts_v2,clean,,train
${DATA_ROOT}/clips/04cb90ed9510fa7c90f2.wav,spoof,hi-en,350956,mucs2021,xtts_v2,clean,,train
${DATA_ROOT}/clips/e88e65b7dfe70aca2b34.wav,spoof,hi-en,433148,mucs2021,xtts_v2,clean,,train
${DATA_ROOT}/clips/cc28263b23bfa13df289.wav,spoof,hi-en,491095,mucs2021,xtts_v2,clean,,train
${DATA_ROOT}/clips/7dd7ddc4d8b80e61dc45.wav,spoof,hi-en,702146,mucs2021,xtts_v2,clean,,train
${DATA_ROOT}/clips/24f0481d3fa0c9a52347.wav,spoof,hi-en,707034,mucs2021,xtts_v2,clean,,train
${DATA_ROOT}/clips/c0577c9c30efeef1e30f.wav,spoof,hi-en,126393,mucs2021,xtts_v2,clean,,train
${DATA_ROOT}/clips/c1c4db526ca50be28361.wav,spoof,hi-en,201350,mucs2021,xtts_v2,clean,,train
${DATA_ROOT}/clips/2953facc4c7194485c79.wav,spoof,hi-en,342352,mucs2021,xtts_v2,clean,,train
${DATA_ROOT}/clips/bf96bf03be65a400d28c.wav,spoof,hi-en,350956,mucs2021,xtts_v2,clean,,train
${DATA_ROOT}/clips/ad5d86ca021de6070db7.wav,spoof,hi-en,433148,mucs2021,xtts_v2,clean,,train
${DATA_ROOT}/clips/14d28fbd7f396424482d.wav,spoof,hi-en,491095,mucs2021,xtts_v2,clean,,train
${DATA_ROOT}/clips/ba7f4364bdeacac9bf3f.wav,spoof,hi-en,702146,mucs2021,xtts_v2,clean,,train
${DATA_ROOT}/clips/8bf3fac5d9d41296c74c.wav,spoof,hi-en,707034,mucs2021,xtts_v2,clean,,train
${DATA_ROOT}/clips/4d9f3c73585fc52cf426.wav,spoof,hi-en,126393,mucs2021,xtts_v2,clean,,train
${DATA_ROOT}/clips/1e75c55f745dea53836b.wav,spoof,hi-en,201350,mucs2021,xtts_v2,clean,,train
${DATA_ROOT}/clips/fe2cb3b274fe608c62a0.wav,spoof,hi-en,342352,mucs2021,xtts_v2,clean,,train
${DATA_ROOT}/clips/bec4f9ed09e5a0daccc8.wav,spoof,hi-en,350956,mucs2021,xtts_v2,clean,,train
${DATA_ROOT}/clips/548d1840ee6b8a73a70c.wav,spoof,hi-en,433148,mucs2021,xtts_v2,clean,,train
${DATA_ROOT}/clips/26ff90e606bfdde729d9.wav,spoof,hi-en,491095,mucs2021,xtts_v2,clean,,train
${DATA_ROOT}/clips/882dc0635d88baf30bdc.wav,spoof,hi-en,702146,mucs2021,xtts_v2,clean,,train
${DATA_ROOT}/clips/29bbd4623c962f07cc1f.wav,spoof,hi-en,707034,mucs2021,xtts_v2,clean,,train
${DATA_ROOT}/clips/33fe055ad8dfd58f67e2.wav,spoof,hi-en,126393,mucs2021,xtts_v2,clean,,train
${DATA_ROOT}/clips/307eee05408fee113809.wav,spoof,hi-en,201350,mucs2021,xtts_v2,clean,,train
${DATA_ROOT}/clips/f7013af9d250b8418d5f.wav,spoof,hi-en,342352,mucs2021,xtts_v2,clean,,train
${DATA_ROOT}/clips/9a7b662482dd0681057a.wav,spoof,hi-en,350956,mucs2021,xtts_v2,clean,,train
${DATA_ROOT}/clips/7fc6a5ff26b0113da4c5.wav,spoof,hi-en,433148,mucs2021,xtts_v2,clean,,train
${DATA_ROOT}/clips/f6f1f8dbbc02dbd6ac02.wav,spoof,hi-en,491095,mucs2021,xtts_v2,clean,,train
${DATA_ROOT}/clips/f2fcc8ad31bb183f6ad8.wav,spoof,hi-en,702146,mucs2021,xtts_v2,clean,,train
${DATA_ROOT}/clips/7417af62b0971828ff7e.wav,spoof,hi-en,707034,mucs2021,xtts_v2,clean,,train
${DATA_ROOT}/clips/1ac2cb14d4024e21866e.wav,spoof,hi-en,126393,mucs2021,xtts_v2,clean,,train
${DATA_ROOT}/clips/fc324c51613b95254d35.wav,spoof,hi-en,201350,mucs2021,xtts_v2,clean,,train
${DATA_ROOT}/clips/0d87139d9ee91b16212a.wav,spoof,hi-en,342352,mucs2021,xtts_v2,clean,,train
${DATA_ROOT}/clips/32e98a2481aeeb81e84c.wav,spoof,hi-en,350956,mucs2021,xtts_v2,clean,,train
${DATA_ROOT}/clips/30d2b958a0b7c3ab25ce.wav,spoof,hi-en,433148,mucs2021,xtts_v2,clean,,train
${DATA_ROOT}/clips/0ff0e4aaf5effb19ba50.wav,spoof,hi-en,491095,mucs2021,xtts_v2,clean,,train
${DATA_ROOT}/clips/b2d47437da91b14c7ef7.wav,spoof,hi-en,702146,mucs2021,xtts_v2,clean,,train
${DATA_ROOT}/clips/0c329d8d3c33c49af7ae.wav,spoof,hi-en,707034,mucs2021,xtts_v2,clean,,train
${DATA_ROOT}/clips/40156c7cb3556b1a1770.wav,spoof,hi-en,126393,mucs2021,xtts_v2,clean,,train
${DATA_ROOT}/clips/8376f70366e269d95504.wav,spoof,hi-en,201350,mucs2021,xtts_v2,clean,,train
${DATA_ROOT}/clips/ece0380bda76c3f927d5.wav,spoof,hi-en,342352,mucs2021,xtts_v2,clean,,train
${DATA_ROOT}/clips/6548b2cc96f7139e595f.wav,spoof,hi-en,350956,mucs2021,xtts_v2,clean,,train
${DATA_ROOT}/clips/f03330a0e95af854fd13.wav,spoof,hi-en,433148,mucs2021,xtts_v2,clean,,train
${DATA_ROOT}/clips/b94f0d372a1bfd6eed15.wav,spoof,hi-en,491095,mucs2021,xtts_v2,clean,,train
${DATA_ROOT}/clips/1b131638e8e9ae4723a7.wav,spoof,hi-en,702146,mucs2021,xtts_v2,clean,,train
${DATA_ROOT}/clips/19c7af1812992f218ef9.wav,spoof,hi-en,707034,mucs2021,xtts_v2,clean,,train
${DATA_ROOT}/clips/0ca8b64f66bbca282e33.wav,spoof,hi-en,126393,mucs2021,xtts_v2,clean,,train
${DATA_ROOT}/clips/84dd45c06cc9b390a186.wav,spoof,hi-en,201350,mucs2021,xtts_v2,clean,,train
${DATA_ROOT}/clips/a379fe9509e129c1e9c0.wav,spoof,hi-en,342352,mucs2021,xtts_v2,clean,,train
${DATA_ROOT}/clips/df4123aa010fe7115506.wav,spoof,hi-en,350956,mucs2021,xtts_v2,clean,,train
${DATA_ROOT}/clips/cd3d0ef647ec72fd266d.wav,spoof,hi-en,433148,mucs2021,xtts_v2,clean,,train
${DATA_ROOT}/clips/bc1b8d308ab84a07676e.wav,spoof,hi-en,491095,mucs2021,xtts_v2,clean,,train
${DATA_ROOT}/clips/b287b939a012cb6350fb.wav,spoof,hi-en,702146,mucs2021,xtts_v2,clean,,train
${DATA_ROOT}/clips/311ee3b6f90d9781da30.wav,spoof,hi-en,707034,mucs2021,xtts_v2,clean,,train
${DATA_ROOT}/clips/3b0e9f96102c8c671112.wav,spoof,hi-en,126393,mucs2021,xtts_v2,clean,,train
${DATA_ROOT}/clips/e2eff1fab7f7791f4221.wav,spoof,hi-en,201350,mucs2021,xtts_v2,clean,,train
${DATA_ROOT}/clips/8931fb51f3587cb89d04.wav,spoof,hi-en,342352,mucs2021,xtts_v2,clean,,train
${DATA_ROOT}/clips/9f50ca0822c403390578.wav,spoof,hi-en,350956,mucs2021,xtts_v2,clean,,train
${DATA_ROOT}/clips/dcecf9ef9d5876cdf8b6.wav,spoof,hi-en,433148,mucs2021,xtts_v2,clean,,train
${DATA_ROOT}/clips/918ef830515b32d22799.wav,spoof,hi-en,491095,mucs2021,xtts_v2,clean,,train
${DATA_ROOT}/clips/97666b783780feb2af37.wav,spoof,hi-en,702146,mucs2021,xtts_v2,clean,,train
${DATA_ROOT}/clips/d452577d5509101a2a33.wav,spoof,hi-en,707034,mucs2021,xtts_v2,clean,,train
${DATA_ROOT}/clips/f48d4f741b9f75fa5998.wav,spoof,hi-en,126393,mucs2021,xtts_v2,clean,,train
${DATA_ROOT}/clips/d10e1cff25cbf157e584.wav,spoof,hi-en,201350,mucs2021,xtts_v2,clean,,train
${DATA_ROOT}/clips/7daf1eff02118f9d46bc.wav,spoof,hi-en,342352,mucs2021,xtts_v2,clean,,train
${DATA_ROOT}/clips/955d97cc177832092263.wav,spoof,hi-en,350956,mucs2021,xtts_v2,clean,,train
${DATA_ROOT}/clips/1bb2d90acaf1e8486fe6.wav,spoof,hi-en,433148,mucs2021,xtts_v2,clean,,train
${DATA_ROOT}/clips/301774305481fd6589b6.wav,spoof,hi-en,491095,mucs2021,xtts_v2,clean,,train
${DATA_ROOT}/clips/ca72602ca4b482336e6d.wav,spoof,hi-en,702146,mucs2021,xtts_v2,clean,,train
${DATA_ROOT}/clips/b837ee6f27d2f4d253d0.wav,spoof,hi-en,707034,mucs2021,xtts_v2,clean,,train
${DATA_ROOT}/clips/c4501ddcd35f481b4f68.wav,spoof,hi-en,126393,mucs2021,xtts_v2,clean,,train
${DATA_ROOT}/clips/f5fd2462a054b1d3782e.wav,spoof,hi-en,201350,mucs2021,xtts_v2,clean,,train
${DATA_ROOT}/clips/756fad5ec056a174705b.wav,spoof,hi-en,342352,mucs2021,xtts_v2,clean,,train
${DATA_ROOT}/clips/147094a0532612aece35.wav,spoof,hi-en,350956,mucs2021,xtts_v2,clean,,train
${DATA_ROOT}/clips/a067d14b029431a5bd66.wav,spoof,hi-en,433148,mucs2021,xtts_v2,clean,,train
${DATA_ROOT}/clips/c9edf084706a442d7331.wav,spoof,hi-en,491095,mucs2021,xtts_v2,clean,,train
${DATA_ROOT}/clips/5f7896aefd0a5c2cae03.wav,spoof,hi-en,702146,mucs2021,xtts_v2,clean,,train
${DATA_ROOT}/clips/baa48ff055a31a08039f.wav,spoof,hi-en,707034,mucs2021,xtts_v2,clean,,train
${DATA_ROOT}/clips/7b7eb5149c098d3a173a.wav,spoof,hi-en,126393,mucs2021,xtts_v2,clean,,train
${DATA_ROOT}/clips/49171c4b4dcfa2ae00ed.wav,spoof,hi-en,201350,mucs2021,xtts_v2,clean,,train
${DATA_ROOT}/clips/2ebb86284b1b129b40e0.wav,spoof,hi-en,342352,mucs2021,xtts_v2,clean,,train
${DATA_ROOT}/clips/df40110456771ad74f58.wav,spoof,hi-en,350956,mucs2021,xtts_v2,clean,,train
${DATA_ROOT}/clips/0f324ec8637933894510.wav,spoof,hi-en,433148,mucs2021,xtts_v2,clean,,train
${DATA_ROOT}/clips/e9bd24da8f67061a2bcd.wav,spoof,hi-en,491095,mucs2021,xtts_v2,clean,,train
${DATA_ROOT}/clips/d39d9efd47a4111ca1c5.wav,spoof,hi-en,702146,mucs2021,xtts_v2,clean,,train
${DATA_ROOT}/clips/a44da3a1f8816ea3e97e.wav,spoof,hi-en,707034,mucs2021,xtts_v2,clean,,train
${DATA_ROOT}/clips/3ff6480904361b9d9632.wav,spoof,hi-en,126393,mucs2021,xtts_v2,clean,,train
${DATA_ROOT}/clips/ad80b048139dfb10f1a1.wav,spoof,hi-en,201350,mucs2021,xtts_v2,clean,,train
${DATA_ROOT}/clips/4ea932ad14871882dca6.wav,spoof,hi-en,342352,mucs2021,xtts_v2,clean,,train
${DATA_ROOT}/clips/a608fa3745fdc46ea6f5.wav,spoof,hi-en,350956,mucs2021,xtts_v2,clean,,train
${DATA_ROOT}/clips/05135d9a6708bf45e0d8.wav,spoof,hi-en,433148,mucs2021,xtts_v2,clean,,train
${DATA_ROOT}/clips/ad00759974f16717ceac.wav,spoof,hi-en,491095,mucs2021,xtts_v2,clean,,train
${DATA_ROOT}/clips/7cf9658a10e3fb8fc7e1.wav,spoof,hi-en,702146,mucs2021,xtts_v2,clean,,train
${DATA_ROOT}/clips/d77418551d6aac39422f.wav,spoof,hi-en,707034,mucs2021,xtts_v2,clean,,train
${DATA_ROOT}/clips/3bad0e5f476aa8e9e27f.wav,spoof,hi-en,126393,mucs2021,xtts_v2,clean,,train
${DATA_ROOT}/clips/09e9bf153e1129568190.wav,spoof,hi-en,201350,mucs2021,xtts_v2,clean,,train
${DATA_ROOT}/clips/c47443a0c86db048a505.wav,spoof,hi-en,342352,mucs2021,xtts_v2,clean,,train
${DATA_ROOT}/clips/2c0d17384c1093f8c2df.wav,spoof,hi-en,350956,mucs2021,xtts_v2,clean,,train
${DATA_ROOT}/clips/6715e82e2a6ffd0a1c48.wav,spoof,hi-en,433148,mucs2021,xtts_v2,clean,,train
${DATA_ROOT}/clips/c0e74f689169964503a2.wav,spoof,hi-en,491095,mucs2021,xtts_v2,clean,,train
${DATA_ROOT}/clips/fbd4e5481c59758151b7.wav,spoof,hi-en,702146,mucs2021,xtts_v2,clean,,train
${DATA_ROOT}/clips/1de66f6e0650ed5cddcf.wav,spoof,hi-en,707034,mucs2021,xtts_v2,clean,,train
${DATA_ROOT}/clips/3ae95909e23ff227c046.wav,spoof,hi-en,126393,mucs2021,xtts_v2,clean,,train
${DATA_ROOT}/clips/0648a35bb890c3453567.wav,spoof,hi-en,201350,mucs2021,xtts_v2,clean,,train
${DATA_ROOT}/clips/0676c8d9711b9eeb45e0.wav,spoof,hi-en,342352,mucs2021,xtts_v2,clean,,train
${DATA_ROOT}/clips/849a050ce940f37dbb13.wav,spoof,hi-en,350956,mucs2021,xtts_v2,clean,,train
${DATA_ROOT}/clips/4cd267dcee540f85b0a5.wav,spoof,hi-en,433148,mucs2021,xtts_v2,clean,,train
${DATA_ROOT}/clips/7fca3d4e017b66cf25e6.wav,spoof,hi-en,491095,mucs2021,xtts_v2,clean,,train
${DATA_ROOT}/clips/d5e1ea5aa774f28292b7.wav,spoof,hi-en,702146,mucs2021,xtts_v2,clean,,train
${DATA_ROOT}/clips/7cb34d347829f228fd63.wav,spoof,hi-en,707034,mucs2021,xtts_v2,clean,,train
${DATA_ROOT}/clips/c7724a6d117057490166.wav,spoof,hi-en,126393,mucs2021,xtts_v2,clean,,train
${DATA_ROOT}/clips/dd870e9674a2e63b6515.wav,spoof,hi-en,201350,mucs2021,xtts_v2,clean,,train
${DATA_ROOT}/clips/a0d0059f8bcac8b0b437.wav,spoof,hi-en,342352,mucs2021,xtts_v2,clean,,train
${DATA_ROOT}/clips/9c3b83f713203a8a9dea.wav,spoof,hi-en,350956,mucs2021,xtts_v2,clean,,train
${DATA_ROOT}/clips/578d36a67d960d18549e.wav,spoof,hi-en,433148,mucs2021,xtts_v2,clean,,train
${DATA_ROOT}/clips/0a290aa5fd64841cb181.wav,spoof,hi-en,491095,mucs2021,xtts_v2,clean,,train
${DATA_ROOT}/clips/b4938357e79a0930e598.wav,spoof,hi-en,702146,mucs2021,xtts_v2,clean,,train
${DATA_ROOT}/clips/431ae4549514c3e8da24.wav,spoof,hi-en,707034,mucs2021,xtts_v2,clean,,train
${DATA_ROOT}/clips/f1622305ea75f4586ba6.wav,spoof,hi-en,126393,mucs2021,xtts_v2,clean,,train
${DATA_ROOT}/clips/93f45d15ed5555e73b99.wav,spoof,hi-en,201350,mucs2021,xtts_v2,clean,,train
${DATA_ROOT}/clips/20dfa65d4a9152fe7620.wav,spoof,hi-en,342352,mucs2021,xtts_v2,clean,,train
${DATA_ROOT}/clips/36c5442c95f53235c571.wav,spoof,hi-en,350956,mucs2021,xtts_v2,clean,,train
${DATA_ROOT}/clips/c217a9a2e73f4805fd25.wav,spoof,hi-en,433148,mucs2021,xtts_v2,clean,,train
${DATA_ROOT}/clips/1369824d8fccf1030154.wav,spoof,hi-en,491095,mucs2021,xtts_v2,clean,,train
${DATA_ROOT}/clips/17b77a87d1fb3b9e6fc4.wav,spoof,hi-en,702146,mucs2021,xtts_v2,clean,,train
${DATA_ROOT}/clips/9312038487ec394265ea.wav,spoof,hi-en,707034,mucs2021,xtts_v2,clean,,train
${DATA_ROOT}/clips/76cb6321f21984b5e24f.wav,spoof,hi-en,126393,mucs2021,xtts_v2,clean,,train
${DATA_ROOT}/clips/eaebd34d3664fef07032.wav,spoof,hi-en,201350,mucs2021,xtts_v2,clean,,train
${DATA_ROOT}/clips/54661e91a7abad4dfc26.wav,spoof,hi-en,342352,mucs2021,xtts_v2,clean,,train
${DATA_ROOT}/clips/118eeff59c308a039b9f.wav,spoof,hi-en,350956,mucs2021,xtts_v2,clean,,train
${DATA_ROOT}/clips/cfbcfc9f0c2c6d7dd1bb.wav,spoof,hi-en,433148,mucs2021,xtts_v2,clean,,train
${DATA_ROOT}/clips/cd5fda2ac511cd1144ee.wav,spoof,hi-en,491095,mucs2021,xtts_v2,clean,,train
${DATA_ROOT}/clips/c4d9f7d39b1d67e06ad3.wav,spoof,hi-en,702146,mucs2021,xtts_v2,clean,,train
${DATA_ROOT}/clips/bb31fc00812e52a962eb.wav,spoof,hi-en,707034,mucs2021,xtts_v2,clean,,train
${DATA_ROOT}/clips/cc1f1d9bdac314c3b6ad.wav,spoof,hi-en,126393,mucs2021,xtts_v2,clean,,train
${DATA_ROOT}/clips/8d4d8f08706bccb49b20.wav,spoof,hi-en,201350,mucs2021,xtts_v2,clean,,train
${DATA_ROOT}/clips/2ff753173bc229e7c84a.wav,spoof,hi-en,342352,mucs2021,xtts_v2,clean,,train
${DATA_ROOT}/clips/d33dd65aebb6dbd2c0dc.wav,spoof,hi-en,350956,mucs2021,xtts_v2,clean,,train
${DATA_ROOT}/clips/d223a73ff5b2a5f4f6be.wav,spoof,hi-en,433148,mucs2021,xtts_v2,clean,,train
${DATA_ROOT}/clips/a6a10f6e9d344aabcaf5.wav,spoof,hi-en,491095,mucs2021,xtts_v2,clean,,train
${DATA_ROOT}/clips/0e24014e32b9f01989c4.wav,spoof,hi-en,702146,mucs2021,xtts_v2,clean,,train
${DATA_ROOT}/clips/6228d4112dd8d50812d2.wav,spoof,hi-en,707034,mucs2021,xtts_v2,clean,,train
${DATA_ROOT}/clips/1e98cc927adac2940a6b.wav,spoof,hi-en,126393,mucs2021,xtts_v2,clean,,train
${DATA_ROOT}/clips/a0f36ac7acb23f8d260c.wav,spoof,hi-en,201350,mucs2021,xtts_v2,clean,,train
${DATA_ROOT}/clips/3a2864e0db8a5025c576.wav,spoof,hi-en,342352,mucs2021,xtts_v2,clean,,train
${DATA_ROOT}/clips/af0d1647c5ceadcc147e.wav,spoof,hi-en,350956,mucs2021,xtts_v2,clean,,train
${DATA_ROOT}/clips/70b2dd8269d2a92b8332.wav,spoof,hi-en,433148,mucs2021,xtts_v2,clean,,train
${DATA_ROOT}/clips/03dc85139fbbadf3da28.wav,spoof,hi-en,491095,mucs2021,xtts_v2,clean,,train
${DATA_ROOT}/clips/adf73f94e5b6ec644555.wav,spoof,hi-en,702146,mucs2021,xtts_v2,clean,,train
${DATA_ROOT}/clips/1800120529a7dc2bded2.wav,spoof,hi-en,707034,mucs2021,xtts_v2,clean,,train
${DATA_ROOT}/clips/1b0abd186c62ecb45ca6.wav,spoof,hi-en,126393,mucs2021,xtts_v2,clean,,train
${DATA_ROOT}/clips/e23c263cb8770caab80b.wav,spoof,hi-en,201350,mucs2021,xtts_v2,clean,,train
${DATA_ROOT}/clips/d3b2627668661c1f36e8.wav,spoof,hi-en,342352,mucs2021,xtts_v2,clean,,train
${DATA_ROOT}/clips/23cedd8a94a5b78799b0.wav,spoof,hi-en,350956,mucs2021,xtts_v2,clean,,train
${DATA_ROOT}/clips/035af5d55ca46aae9958.wav,spoof,hi-en,433148,mucs2021,xtts_v2,clean,,train
${DATA_ROOT}/clips/1333fae95988406f49d5.wav,spoof,hi-en,491095,mucs2021,xtts_v2,clean,,train
${DATA_ROOT}/clips/3c725b3d0294bb549054.wav,spoof,hi-en,702146,mucs2021,xtts_v2,clean,,train
${DATA_ROOT}/clips/eb218e8217b462fecd35.wav,spoof,hi-en,707034,mucs2021,xtts_v2,clean,,train
${DATA_ROOT}/clips/714f3cf0887f86c0b483.wav,spoof,hi-en,126393,mucs2021,xtts_v2,clean,,train
${DATA_ROOT}/clips/642d9e202d50ba9c45f2.wav,spoof,hi-en,201350,mucs2021,xtts_v2,clean,,train
${DATA_ROOT}/clips/3523c2e421d2fd2b9838.wav,spoof,hi-en,342352,mucs2021,xtts_v2,clean,,train
${DATA_ROOT}/clips/c1d218220aa103421545.wav,spoof,hi-en,350956,mucs2021,xtts_v2,clean,,train
${DATA_ROOT}/clips/ed6f3da2c25817204e8e.wav,spoof,hi-en,433148,mucs2021,xtts_v2,clean,,train
${DATA_ROOT}/clips/c518cdbf5dfdcb38f2a0.wav,spoof,hi-en,491095,mucs2021,xtts_v2,clean,,train
${DATA_ROOT}/clips/c4153335ecf9ce22b49f.wav,spoof,hi-en,702146,mucs2021,xtts_v2,clean,,train
${DATA_ROOT}/clips/fdd24cf14549b660a6d1.wav,spoof,hi-en,707034,mucs2021,xtts_v2,clean,,train
${DATA_ROOT}/clips/755a8bdf1f3147a72f56.wav,spoof,hi-en,126393,mucs2021,xtts_v2,clean,,train
${DATA_ROOT}/clips/01b6991a9c9233969e5b.wav,spoof,hi-en,201350,mucs2021,xtts_v2,clean,,train
${DATA_ROOT}/clips/d9b59822ce2a6453ffa7.wav,spoof,hi-en,342352,mucs2021,xtts_v2,clean,,train
${DATA_ROOT}/clips/898cc305c49e6768c270.wav,spoof,hi-en,350956,mucs2021,xtts_v2,clean,,train
${DATA_ROOT}/clips/1c678e7587060d0ab7b1.wav,spoof,hi-en,433148,mucs2021,xtts_v2,clean,,train
${DATA_ROOT}/clips/891dfafca16193ec0f2b.wav,spoof,hi-en,491095,mucs2021,xtts_v2,clean,,train
${DATA_ROOT}/clips/5f0f27c9e9e9de6d2017.wav,spoof,hi-en,702146,mucs2021,xtts_v2,clean,,train
${DATA_ROOT}/clips/ebf17061e1a323db8a34.wav,spoof,hi-en,707034,mucs2021,xtts_v2,clean,,train
${DATA_ROOT}/clips/e628c6e3397996bf859f.wav,spoof,hi-en,126393,mucs2021,xtts_v2,clean,,train
${DATA_ROOT}/clips/a8f860209206ada60846.wav,spoof,hi-en,201350,mucs2021,xtts_v2,clean,,train
${DATA_ROOT}/clips/8e4fdb82d5bd10d10e51.wav,spoof,hi-en,342352,mucs2021,xtts_v2,clean,,train
${DATA_ROOT}/clips/cc426b108088e8949288.wav,spoof,hi-en,350956,mucs2021,xtts_v2,clean,,train
${DATA_ROOT}/clips/b8e3de49463ab06c90ef.wav,spoof,hi-en,433148,mucs2021,xtts_v2,clean,,train
${DATA_ROOT}/clips/2d9f8855f360bac4fc1c.wav,spoof,hi-en,491095,mucs2021,xtts_v2,clean,,train
${DATA_ROOT}/clips/debf4f3523d331ffd479.wav,spoof,hi-en,702146,mucs2021,xtts_v2,clean,,train
${DATA_ROOT}/clips/fd3a1531449a8cf871f1.wav,spoof,hi-en,707034,mucs2021,xtts_v2,clean,,train
${DATA_ROOT}/clips/9fc1a05f1d4576b22ac4.wav,spoof,hi-en,126393,mucs2021,xtts_v2,clean,,train
${DATA_ROOT}/clips/fef1eb3cae0a7b1f683d.wav,spoof,hi-en,201350,mucs2021,xtts_v2,clean,,train
${DATA_ROOT}/clips/14e74914d580cd8ea1a9.wav,spoof,hi-en,342352,mucs2021,xtts_v2,clean,,train
${DATA_ROOT}/clips/53a194ad4d97a756a7d8.wav,spoof,hi-en,350956,mucs2021,xtts_v2,clean,,train
${DATA_ROOT}/clips/883a8750b12628b1fa5d.wav,spoof,hi-en,433148,mucs2021,xtts_v2,clean,,train
${DATA_ROOT}/clips/0da3dd10bd706b146a45.wav,spoof,hi-en,491095,mucs2021,xtts_v2,clean,,train
${DATA_ROOT}/clips/fccad1b37af854bbf97f.wav,spoof,hi-en,702146,mucs2021,xtts_v2,clean,,train
${DATA_ROOT}/clips/18bce21777acb1a64682.wav,spoof,hi-en,707034,mucs2021,xtts_v2,clean,,train
${DATA_ROOT}/clips/8a076f1b6fbd336b6203.wav,spoof,hi-en,126393,mucs2021,xtts_v2,clean,,train
${DATA_ROOT}/clips/87c03912365023679eb1.wav,spoof,hi-en,201350,mucs2021,xtts_v2,clean,,train
${DATA_ROOT}/clips/78ede4499dc993f8c759.wav,spoof,hi-en,342352,mucs2021,xtts_v2,clean,,train
${DATA_ROOT}/clips/b78760d012f7c2838992.wav,spoof,hi-en,350956,mucs2021,xtts_v2,clean,,train
${DATA_ROOT}/clips/e7fc03cae55ae54eb119.wav,spoof,hi-en,433148,mucs2021,xtts_v2,clean,,train
${DATA_ROOT}/clips/cd46160947b0715da8b7.wav,spoof,hi-en,491095,mucs2021,xtts_v2,clean,,train
${DATA_ROOT}/clips/34ec43d95aa4bc816394.wav,spoof,hi-en,702146,mucs2021,xtts_v2,clean,,train
${DATA_ROOT}/clips/c338b9fe2b487f9205d9.wav,spoof,hi-en,707034,mucs2021,xtts_v2,clean,,train
${DATA_ROOT}/clips/696266718b3de7809cff.wav,spoof,hi-en,126393,mucs2021,xtts_v2,clean,,train
${DATA_ROOT}/clips/7be49c276bfd6f3b0445.wav,spoof,hi-en,201350,mucs2021,xtts_v2,clean,,train
${DATA_ROOT}/clips/4addefea678aae4e5a02.wav,spoof,hi-en,342352,mucs2021,xtts_v2,clean,,train
${DATA_ROOT}/clips/b918c01d5b70a5a95b78.wav,spoof,hi-en,350956,mucs2021,xtts_v2,clean,,train
${DATA_ROOT}/clips/b837f909ab61a1067940.wav,spoof,hi-en,433148,mucs2021,xtts_v2,clean,,train
${DATA_ROOT}/clips/31293a27faaf34abd5d7.wav,spoof,hi-en,491095,mucs2021,xtts_v2,clean,,train
${DATA_ROOT}/clips/0156f070d84b8554dc59.wav,spoof,hi-en,702146,mucs2021,xtts_v2,clean,,train
${DATA_ROOT}/clips/5e6c868ca460f31deeeb.wav,spoof,hi-en,707034,mucs2021,xtts_v2,clean,,train
${DATA_ROOT}/clips/f73a9fbce0ce1f34d93d.wav,spoof,hi-en,126393,mucs2021,xtts_v2,clean,,train
${DATA_ROOT}/clips/2070c2b4e48c404afae9.wav,spoof,hi-en,201350,mucs2021,xtts_v2,clean,,train
${DATA_ROOT}/clips/d4246d7350b870d7dc71.wav,spoof,hi-en,342352,mucs2021,xtts_v2,clean,,train
${DATA_ROOT}/clips/dd27542dfc2355f12c47.wav,spoof,hi-en,350956,mucs2021,xtts_v2,clean,,train
${DATA_ROOT}/clips/83d8c5d84c549b2c224c.wav,spoof,hi-en,433148,mucs2021,xtts_v2,clean,,train
${DATA_ROOT}/clips/caab4f3e35c1fc07e268.wav,spoof,hi-en,491095,mucs2021,xtts_v2,clean,,train
${DATA_ROOT}/clips/d095e8b7d974d540049f.wav,spoof,hi-en,702146,mucs2021,xtts_v2,clean,,train
${DATA_ROOT}/clips/f9030c4124860cb82baa.wav,spoof,hi-en,707034,mucs2021,xtts_v2,clean,,train
${DATA_ROOT}/clips/8b1310750206e3a99c8f.wav,spoof,hi-en,126393,mucs2021,xtts_v2,clean,,train
${DATA_ROOT}/clips/c8242398fba8d31266fc.wav,spoof,hi-en,201350,mucs2021,xtts_v2,clean,,train
${DATA_ROOT}/clips/af649bb62eab246967b5.wav,spoof,hi-en,342352,mucs2021,xtts_v2,clean,,train
${DATA_ROOT}/clips/35f86d14be381a1f807c.wav,spoof,hi-en,350956,mucs2021,xtts_v2,clean,,train
${DATA_ROOT}/clips/41c58978f32f6d66f2b9.wav,spoof,hi-en,433148,mucs2021,xtts_v2,clean,,train
${DATA_ROOT}/clips/8fd007f666e78ae8b7f5.wav,spoof,hi-en,491095,mucs2021,xtts_v2,clean,,train
${DATA_ROOT}/clips/82a7669f370b966f030f.wav,spoof,hi-en,702146,mucs2021,xtts_v2,clean,,train
${DATA_ROOT}/clips/99d87ff86020306ff04e.wav,spoof,hi-en,707034,mucs2021,xtts_v2,clean,,train
${DATA_ROOT}/clips/1a41c9db025baa0583df.wav,spoof,hi-en,126393,mucs2021,xtts_v2,clean,,train
${DATA_ROOT}/clips/78425e86641353c65fcc.wav,spoof,hi-en,201350,mucs2021,xtts_v2,clean,,train
${DATA_ROOT}/clips/842a0575cef52a2838c3.wav,spoof,hi-en,342352,mucs2021,xtts_v2,clean,,train
${DATA_ROOT}/clips/83f435ddfa64df26ffae.wav,spoof,hi-en,350956,mucs2021,xtts_v2,clean,,train
${DATA_ROOT}/clips/8d829e563577c0e12edd.wav,spoof,hi-en,433148,mucs2021,xtts_v2,clean,,train
${DATA_ROOT}/clips/42fcdf1f49dc03656200.wav,spoof,hi-en,491095,mucs2021,xtts_v2,clean,,train
${DATA_ROOT}/clips/cbf78d0b69c38f83df78.wav,spoof,hi-en,702146,mucs2021,xtts_v2,clean,,train
${DATA_ROOT}/clips/4ce30f5a134a0e86284f.wav,spoof,hi-en,707034,mucs2021,xtts_v2,clean,,train
${DATA_ROOT}/clips/48bbd922ab2e24721180.wav,spoof,hi-en,126393,mucs2021,xtts_v2,clean,,train
${DATA_ROOT}/clips/ebc2951acbe60ccf52c9.wav,spoof,hi-en,201350,mucs2021,xtts_v2,clean,,train
${DATA_ROOT}/clips/2386a1fb7a591177da82.wav,spoof,hi-en,342352,mucs2021,xtts_v2,clean,,train
${DATA_ROOT}/clips/9b08494a043ed6c9d359.wav,spoof,hi-en,350956,mucs2021,xtts_v2,clean,,train
${DATA_ROOT}/clips/4f83e4b59f2b1ad81866.wav,spoof,hi-en,433148,mucs2021,xtts_v2,clean,,train
${DATA_ROOT}/clips/ed1e2f2038a25a62da9d.wav,spoof,hi-en,491095,mucs2021,xtts_v2,clean,,train
${DATA_ROOT}/clips/08dc91dde9d2ef9b5f70.wav,spoof,hi-en,702146,mucs2021,xtts_v2,clean,,train
${DATA_ROOT}/clips/ef70f249ca04090bfb46.wav,spoof,hi-en,707034,mucs2021,xtts_v2,clean,,train
${DATA_ROOT}/clips/731f5a36fe46d8120f53.wav,spoof,hi-en,126393,mucs2021,xtts_v2,clean,,train
${DATA_ROOT}/clips/a2e0b5807a80e6202de9.wav,spoof,hi-en,201350,mucs2021,xtts_v2,clean,,train
${DATA_ROOT}/clips/6e0e21edb1dfd1b0d55e.wav,spoof,hi-en,342352,mucs2021,xtts_v2,clean,,train
${DATA_ROOT}/clips/43b15606b8bf12352e1f.wav,spoof,hi-en,350956,mucs2021,xtts_v2,clean,,train
${DATA_ROOT}/clips/958654c6e719973e9f4a.wav,spoof,hi-en,433148,mucs2021,xtts_v2,clean,,train
${DATA_ROOT}/clips/be6cc3bf3e00a84a48c1.wav,spoof,hi-en,491095,mucs2021,xtts_v2,clean,,train
${DATA_ROOT}/clips/7d0f43decd70cc42e323.wav,spoof,hi-en,702146,mucs2021,xtts_v2,clean,,train
${DATA_ROOT}/clips/49682d8c100c943f4865.wav,spoof,hi-en,707034,mucs2021,xtts_v2,clean,,train
${DATA_ROOT}/clips/1700af4c55b515e4a396.wav,spoof,hi-en,126393,mucs2021,xtts_v2,clean,,train
${DATA_ROOT}/clips/25cef8c51ef2c9848045.wav,spoof,hi-en,201350,mucs2021,xtts_v2,clean,,train
${DATA_ROOT}/clips/6f557d33739b541391e5.wav,spoof,hi-en,342352,mucs2021,xtts_v2,clean,,train
${DATA_ROOT}/clips/3663192987c7419fb9fe.wav,spoof,hi-en,350956,mucs2021,xtts_v2,clean,,train
${DATA_ROOT}/clips/6dcc3a0181854f9098f3.wav,spoof,hi-en,433148,mucs2021,xtts_v2,clean,,train
${DATA_ROOT}/clips/5c35955e9dee823231d3.wav,spoof,hi-en,491095,mucs2021,xtts_v2,clean,,train
${DATA_ROOT}/clips/7725a496a3b3b783c35f.wav,spoof,hi-en,702146,mucs2021,xtts_v2,clean,,train
${DATA_ROOT}/clips/4eb8ef561e6a1e3c4acd.wav,spoof,hi-en,707034,mucs2021,xtts_v2,clean,,train
${DATA_ROOT}/clips/538229b0ef8f6df15c1e.wav,spoof,hi-en,126393,mucs2021,xtts_v2,clean,,train
${DATA_ROOT}/clips/e12bfd41bee047942889.wav,spoof,hi-en,201350,mucs2021,xtts_v2,clean,,train
${DATA_ROOT}/clips/411687a4cbded9230607.wav,spoof,hi-en,342352,mucs2021,xtts_v2,clean,,train
${DATA_ROOT}/clips/9ad232b11f58d5719061.wav,spoof,hi-en,350956,mucs2021,xtts_v2,clean,,train
${DATA_ROOT}/clips/c83a85f716651b68f076.wav,spoof,hi-en,433148,mucs2021,xtts_v2,clean,,train
${DATA_ROOT}/clips/9e57afaf630ea8561f16.wav,spoof,hi-en,491095,mucs2021,xtts_v2,clean,,train
${DATA_ROOT}/clips/31076638798d35e2baed.wav,spoof,hi-en,702146,mucs2021,xtts_v2,clean,,train
${DATA_ROOT}/clips/3ed837c7c05136d78173.wav,spoof,hi-en,707034,mucs2021,xtts_v2,clean,,train
${DATA_ROOT}/clips/38650f581b5e6d052233.wav,spoof,hi-en,126393,mucs2021,xtts_v2,clean,,train
${DATA_ROOT}/clips/40f266777e602a9a9cbb.wav,spoof,hi-en,201350,mucs2021,xtts_v2,clean,,train
${DATA_ROOT}/clips/558a68b1a9c93603397d.wav,spoof,hi-en,342352,mucs2021,xtts_v2,clean,,train
${DATA_ROOT}/clips/a11e7a63d02f9935dfca.wav,spoof,hi-en,350956,mucs2021,xtts_v2,clean,,train
${DATA_ROOT}/clips/962a27e485e527fa44c5.wav,spoof,hi-en,433148,mucs2021,xtts_v2,clean,,train
${DATA_ROOT}/clips/bb8ca674f62962149e4c.wav,spoof,hi-en,491095,mucs2021,xtts_v2,clean,,train
${DATA_ROOT}/clips/7a440c9eda808b20d705.wav,spoof,hi-en,702146,mucs2021,xtts_v2,clean,,train
${DATA_ROOT}/clips/0e257de8bd79284c1ea0.wav,spoof,hi-en,707034,mucs2021,xtts_v2,clean,,train
${DATA_ROOT}/clips/b2119f0eaa6dbbb69685.wav,spoof,hi-en,126393,mucs2021,xtts_v2,clean,,train
${DATA_ROOT}/clips/4494082c571965019fe6.wav,spoof,hi-en,201350,mucs2021,xtts_v2,clean,,train
${DATA_ROOT}/clips/ebe4e6af003ea6b667e2.wav,spoof,hi-en,342352,mucs2021,xtts_v2,clean,,train
${DATA_ROOT}/clips/39a7c717f5f624026c13.wav,spoof,hi-en,350956,mucs2021,xtts_v2,clean,,train
${DATA_ROOT}/clips/314df3692447a7ea94c5.wav,spoof,hi-en,433148,mucs2021,xtts_v2,clean,,train
${DATA_ROOT}/clips/3b30830af31341d1958f.wav,spoof,hi-en,491095,mucs2021,xtts_v2,clean,,train
${DATA_ROOT}/clips/4cb80b4c53709982cfc3.wav,spoof,hi-en,702146,mucs2021,xtts_v2,clean,,train
${DATA_ROOT}/clips/cae46f66b2c11bbb66dc.wav,spoof,hi-en,707034,mucs2021,xtts_v2,clean,,train
${DATA_ROOT}/clips/47679e4176ecef297b5f.wav,spoof,hi-en,126393,mucs2021,xtts_v2,clean,,train
${DATA_ROOT}/clips/3fb0fbb62999f23d7e98.wav,spoof,hi-en,201350,mucs2021,xtts_v2,clean,,train
${DATA_ROOT}/clips/b868701d065087f3a975.wav,spoof,hi-en,342352,mucs2021,xtts_v2,clean,,train
${DATA_ROOT}/clips/a7f6f1c90cb55e2e3db1.wav,spoof,hi-en,350956,mucs2021,xtts_v2,clean,,train
${DATA_ROOT}/clips/c3ae72cc8dfe0f5c84e1.wav,spoof,hi-en,433148,mucs2021,xtts_v2,clean,,train
${DATA_ROOT}/clips/d983632426a3c5041553.wav,spoof,hi-en,491095,mucs2021,xtts_v2,clean,,train
${DATA_ROOT}/clips/c7a86ed13d72d7be7593.wav,spoof,hi-en,702146,mucs2021,xtts_v2,clean,,train
${DATA_ROOT}/clips/79e6b368f77aa477aa43.wav,spoof,hi-en,707034,mucs2021,xtts_v2,clean,,train
${DATA_ROOT}/clips/14620b40844320540ee2.wav,spoof,hi-en,126393,mucs2021,xtts_v2,clean,,train
${DATA_ROOT}/clips/7833c22eef8acba06838.wav,spoof,hi-en,201350,mucs2021,xtts_v2,clean,,train
${DATA_ROOT}/clips/20dbbf5fc4c7b689eab4.wav,spoof,hi-en,342352,mucs2021,xtts_v2,clean,,train
${DATA_ROOT}/clips/1e5556dc25e168623b96.wav,spoof,hi-en,350956,mucs2021,xtts_v2,clean,,train
${DATA_ROOT}/clips/8545afa2698140ef1f8f.wav,spoof,hi-en,433148,mucs2021,xtts_v2,clean,,train
${DATA_ROOT}/clips/b0422aebaaa1a8f745fd.wav,spoof,hi-en,491095,mucs2021,xtts_v2,clean,,train
${DATA_ROOT}/clips/9e2a2d9dfb6ef700e7ec.wav,spoof,hi-en,702146,mucs2021,xtts_v2,clean,,train
${DATA_ROOT}/clips/f6b3337ff26251cee2a4.wav,spoof,hi-en,707034,mucs2021,xtts_v2,clean,,train
${DATA_ROOT}/clips/3c2a66d14104bd89e267.wav,spoof,hi-en,126393,mucs2021,xtts_v2,clean,,train
${DATA_ROOT}/clips/f0467cd8d2e8ae35f5c5.wav,spoof,hi-en,201350,mucs2021,xtts_v2,clean,,train
${DATA_ROOT}/clips/afeb26bc2807368baa77.wav,spoof,hi-en,342352,mucs2021,xtts_v2,clean,,train
${DATA_ROOT}/clips/00f8acabd372c100c413.wav,spoof,hi-en,350956,mucs2021,xtts_v2,clean,,train
${DATA_ROOT}/clips/33efbda420cae465c620.wav,spoof,hi-en,433148,mucs2021,xtts_v2,clean,,train
${DATA_ROOT}/clips/94b73a28c522b54d8f95.wav,spoof,hi-en,491095,mucs2021,xtts_v2,clean,,train
${DATA_ROOT}/clips/c5f6f2350d5bef262d3f.wav,spoof,hi-en,702146,mucs2021,xtts_v2,clean,,train
${DATA_ROOT}/clips/d3acf923d64d867d2a86.wav,spoof,hi-en,707034,mucs2021,xtts_v2,clean,,train
${DATA_ROOT}/clips/46ab5a923283368ea52f.wav,spoof,hi-en,126393,mucs2021,xtts_v2,clean,,train
${DATA_ROOT}/clips/cfb113d5e890f2f32e28.wav,spoof,hi-en,201350,mucs2021,xtts_v2,clean,,train
${DATA_ROOT}/clips/9effe1f49e72cb0180a6.wav,spoof,hi-en,342352,mucs2021,xtts_v2,clean,,train
${DATA_ROOT}/clips/75cb8f8518cb84a3904e.wav,spoof,hi-en,350956,mucs2021,xtts_v2,clean,,train
${DATA_ROOT}/clips/989be0f023bf88a83e71.wav,spoof,hi-en,433148,mucs2021,xtts_v2,clean,,train
${DATA_ROOT}/clips/94b3b0b4aa779188c5f8.wav,spoof,hi-en,491095,mucs2021,xtts_v2,clean,,train
${DATA_ROOT}/clips/57afb56a25dd385843bd.wav,spoof,hi-en,702146,mucs2021,xtts_v2,clean,,train
${DATA_ROOT}/clips/8a6a02859fcd69ef0742.wav,spoof,hi-en,707034,mucs2021,xtts_v2,clean,,train
${DATA_ROOT}/clips/e7c7a31e4b10fe201493.wav,spoof,hi-en,126393,mucs2021,xtts_v2,clean,,train
${DATA_ROOT}/clips/2ccf7d3e971d48ad1ca8.wav,spoof,hi-en,201350,mucs2021,xtts_v2,clean,,train
${DATA_ROOT}/clips/004320f4caa77da6521d.wav,spoof,hi-en,342352,mucs2021,xtts_v2,clean,,train
${DATA_ROOT}/clips/f026cc7193e782d29fd8.wav,spoof,hi-en,350956,mucs2021,xtts_v2,clean,,train
${DATA_ROOT}/clips/81c026b365bf0768d1c5.wav,spoof,hi-en,433148,mucs2021,xtts_v2,clean,,train
${DATA_ROOT}/clips/f5a69aba9f87e97149b4.wav,spoof,hi-en,491095,mucs2021,xtts_v2,clean,,train
${DATA_ROOT}/clips/1525312b725b5c4bc693.wav,spoof,hi-en,702146,mucs2021,xtts_v2,clean,,train
${DATA_ROOT}/clips/8e395d32de6f9f76e610.wav,spoof,hi-en,707034,mucs2021,xtts_v2,clean,,train
${DATA_ROOT}/clips/be258cb33911d39896f1.wav,spoof,hi-en,126393,mucs2021,xtts_v2,clean,,train
${DATA_ROOT}/clips/084e1d4ebb505a3dbc14.wav,spoof,hi-en,201350,mucs2021,xtts_v2,clean,,train
${DATA_ROOT}/clips/d2149aed7d47c005d205.wav,spoof,hi-en,342352,mucs2021,xtts_v2,clean,,train
${DATA_ROOT}/clips/d0eb8b100cdfe1281fcc.wav,spoof,hi-en,350956,mucs2021,xtts_v2,clean,,train
${DATA_ROOT}/clips/4de9a01c423d77c6e7c6.wav,spoof,hi-en,433148,mucs2021,xtts_v2,clean,,train
${DATA_ROOT}/clips/1b099aa55122dd79745f.wav,spoof,hi-en,491095,mucs2021,xtts_v2,clean,,train
${DATA_ROOT}/clips/243ba1d332fecf5ecac9.wav,spoof,hi-en,702146,mucs2021,xtts_v2,clean,,train
${DATA_ROOT}/clips/0717e001c1fe6856066c.wav,spoof,hi-en,707034,mucs2021,xtts_v2,clean,,train
${DATA_ROOT}/clips/60691d2104608d774932.wav,spoof,hi-en,126393,mucs2021,xtts_v2,clean,,train
${DATA_ROOT}/clips/2b8a6623d99b02c5dba0.wav,spoof,hi-en,201350,mucs2021,xtts_v2,clean,,train
${DATA_ROOT}/clips/63e8bd7fad521aa68524.wav,spoof,hi-en,342352,mucs2021,xtts_v2,clean,,train
${DATA_ROOT}/clips/a15e2ef7e8005ce36607.wav,spoof,hi-en,350956,mucs2021,xtts_v2,clean,,train
${DATA_ROOT}/clips/f6d027e9f32a96af162e.wav,spoof,hi-en,433148,mucs2021,xtts_v2,clean,,train
${DATA_ROOT}/clips/55b2b771f723876392bc.wav,spoof,hi-en,491095,mucs2021,xtts_v2,clean,,train
${DATA_ROOT}/clips/751a09e1a8139c1bd616.wav,spoof,hi-en,702146,mucs2021,xtts_v2,clean,,train
${DATA_ROOT}/clips/b37f9792021320aabe84.wav,spoof,hi-en,707034,mucs2021,xtts_v2,clean,,train
${DATA_ROOT}/clips/8ed746b029d769a97f36.wav,spoof,hi-en,126393,mucs2021,xtts_v2,clean,,train
${DATA_ROOT}/clips/38d43a5aca1ecffce2af.wav,spoof,hi-en,201350,mucs2021,xtts_v2,clean,,train
${DATA_ROOT}/clips/29ba1fe6feaa28534318.wav,spoof,hi-en,342352,mucs2021,xtts_v2,clean,,train
${DATA_ROOT}/clips/5b9868900ec4dd0fad9c.wav,spoof,hi-en,350956,mucs2021,xtts_v2,clean,,train
${DATA_ROOT}/clips/03e3c1705ccbf9ec7b50.wav,spoof,hi-en,433148,mucs2021,xtts_v2,clean,,train
${DATA_ROOT}/clips/25a1c59fb57213f25a80.wav,spoof,hi-en,491095,mucs2021,xtts_v2,clean,,train
${DATA_ROOT}/clips/8e7fa39e61d4f7f2d921.wav,spoof,hi-en,702146,mucs2021,xtts_v2,clean,,train
${DATA_ROOT}/clips/a37b6e8f357d31c5b325.wav,spoof,hi-en,707034,mucs2021,xtts_v2,clean,,train
${DATA_ROOT}/clips/8364c3357091381b4feb.wav,spoof,hi-en,126393,mucs2021,xtts_v2,clean,,train
${DATA_ROOT}/clips/0376c180cc26a6c39215.wav,spoof,hi-en,201350,mucs2021,xtts_v2,clean,,train
${DATA_ROOT}/clips/fd32727ca98fa8f660b2.wav,spoof,hi-en,342352,mucs2021,xtts_v2,clean,,train
${DATA_ROOT}/clips/553139faf7aba8570196.wav,spoof,hi-en,350956,mucs2021,xtts_v2,clean,,train
${DATA_ROOT}/clips/40b335751a4007b8ede2.wav,spoof,hi-en,433148,mucs2021,xtts_v2,clean,,train
${DATA_ROOT}/clips/9f0395e3a72a7be4d895.wav,spoof,hi-en,491095,mucs2021,xtts_v2,clean,,train
${DATA_ROOT}/clips/c6889e2b274ec96239f2.wav,spoof,hi-en,702146,mucs2021,xtts_v2,clean,,train
${DATA_ROOT}/clips/bbe57f8a385f89430fd9.wav,spoof,hi-en,707034,mucs2021,xtts_v2,clean,,train
${DATA_ROOT}/clips/e05d6ee2af9b43f86681.wav,spoof,hi-en,126393,mucs2021,xtts_v2,clean,,train
${DATA_ROOT}/clips/1d65c3e9675d23314592.wav,spoof,hi-en,201350,mucs2021,xtts_v2,clean,,train
${DATA_ROOT}/clips/9da15456ea2cb515245a.wav,spoof,hi-en,342352,mucs2021,xtts_v2,clean,,train
${DATA_ROOT}/clips/e39cce1d9517d960dfc7.wav,spoof,hi-en,350956,mucs2021,xtts_v2,clean,,train
${DATA_ROOT}/clips/5eef57fe85c0395404fc.wav,spoof,hi-en,433148,mucs2021,xtts_v2,clean,,train
${DATA_ROOT}/clips/09581c1bc389b56fcd06.wav,spoof,hi-en,491095,mucs2021,xtts_v2,clean,,train
${DATA_ROOT}/clips/d62b0545529078db7384.wav,spoof,hi-en,702146,mucs2021,xtts_v2,clean,,train
${DATA_ROOT}/clips/4c49ea92133536db40aa.wav,spoof,hi-en,707034,mucs2021,xtts_v2,clean,,train
${DATA_ROOT}/clips/a9a6c424324d3096a641.wav,spoof,hi-en,126393,mucs2021,xtts_v2,clean,,train
${DATA_ROOT}/clips/25111a36cb057dd57c01.wav,spoof,hi-en,201350,mucs2021,xtts_v2,clean,,train
${DATA_ROOT}/clips/f1d630000ee0e30534d5.wav,spoof,hi-en,342352,mucs2021,xtts_v2,clean,,train
${DATA_ROOT}/clips/80ca9678b51c15fb96b6.wav,spoof,hi-en,350956,mucs2021,xtts_v2,clean,,train
${DATA_ROOT}/clips/32e1b3c10322a9d82922.wav,spoof,hi-en,433148,mucs2021,xtts_v2,clean,,train
${DATA_ROOT}/clips/856ec079821b2ea4b072.wav,spoof,hi-en,491095,mucs2021,xtts_v2,clean,,train
${DATA_ROOT}/clips/94daa1df58fb579e2adb.wav,spoof,hi-en,702146,mucs2021,xtts_v2,clean,,train
${DATA_ROOT}/clips/41159b410a03539f5631.wav,spoof,hi-en,707034,mucs2021,xtts_v2,clean,,train
${DATA_ROOT}/clips/02f4055fc4e77af2d7ab.wav,spoof,hi-en,126393,mucs2021,xtts_v2,clean,,train
${DATA_ROOT}/clips/4a24837fd161a5e70a04.wav,spoof,hi-en,201350,mucs2021,xtts_v2,clean,,train
${DATA_ROOT}/clips/b26b04452e484d1836bf.wav,spoof,hi-en,342352,mucs2021,xtts_v2,clean,,train
${DATA_ROOT}/clips/adcd346fc34172ad15f3.wav,spoof,hi-en,350956,mucs2021,xtts_v2,clean,,train
${DATA_ROOT}/clips/9ada50d8984ca9019261.wav,spoof,hi-en,433148,mucs2021,xtts_v2,clean,,train
${DATA_ROOT}/clips/dc314184f16dcbf4ac1e.wav,spoof,hi-en,491095,mucs2021,xtts_v2,clean,,train
${DATA_ROOT}/clips/fcb9f9743e2df861602c.wav,spoof,hi-en,702146,mucs2021,xtts_v2,clean,,train
${DATA_ROOT}/clips/b3367de86cf7ef44b6bb.wav,spoof,hi-en,707034,mucs2021,xtts_v2,clean,,train
${DATA_ROOT}/clips/16e12eb7a5622ea2c941.wav,spoof,hi-en,126393,mucs2021,xtts_v2,clean,,train
${DATA_ROOT}/clips/5e2bac21d39f0e80b167.wav,spoof,hi-en,201350,mucs2021,xtts_v2,clean,,train
${DATA_ROOT}/clips/bd8ba4516393f4e58383.wav,spoof,hi-en,342352,mucs2021,xtts_v2,clean,,train
${DATA_ROOT}/clips/19a4e953c8980507f06a.wav,spoof,hi-en,350956,mucs2021,xtts_v2,clean,,train
${DATA_ROOT}/clips/14b24c2f2611afaacafd.wav,spoof,hi-en,433148,mucs2021,xtts_v2,clean,,train
${DATA_ROOT}/clips/3bc836c40896631d1d99.wav,spoof,hi-en,491095,mucs2021,xtts_v2,clean,,train
${DATA_ROOT}/clips/fc3ef0bce2dc3f2a2ef3.wav,spoof,hi-en,702146,mucs2021,xtts_v2,clean,,train
${DATA_ROOT}/clips/aa4ecaedda0341cf7951.wav,spoof,hi-en,707034,mucs2021,xtts_v2,clean,,train
${DATA_ROOT}/clips/aec41af17509b03bd53a.wav,spoof,hi-en,126393,mucs2021,xtts_v2,clean,,train
${DATA_ROOT}/clips/ebe22eb939bef0ec2cc6.wav,spoof,hi-en,201350,mucs2021,xtts_v2,clean,,train
${DATA_ROOT}/clips/4c6b0f3e1b5dbebc888a.wav,spoof,hi-en,342352,mucs2021,xtts_v2,clean,,train
${DATA_ROOT}/clips/04b7183574df5f0d6587.wav,spoof,hi-en,350956,mucs2021,xtts_v2,clean,,train
${DATA_ROOT}/clips/b73db5a633d580d4bf69.wav,spoof,hi-en,433148,mucs2021,xtts_v2,clean,,train
${DATA_ROOT}/clips/131918bc285b2dbef9c8.wav,spoof,hi-en,491095,mucs2021,xtts_v2,clean,,train
${DATA_ROOT}/clips/e533611513d6b5fbbeae.wav,spoof,hi-en,702146,mucs2021,xtts_v2,clean,,train
${DATA_ROOT}/clips/97bf3d19ef4b95c53422.wav,spoof,hi-en,707034,mucs2021,xtts_v2,clean,,train
${DATA_ROOT}/clips/4f5070272981034e7e00.wav,spoof,hi-en,126393,mucs2021,xtts_v2,clean,,train
${DATA_ROOT}/clips/003997447b7625922682.wav,spoof,hi-en,201350,mucs2021,xtts_v2,clean,,train
${DATA_ROOT}/clips/30c212fee198aae05b1c.wav,spoof,hi-en,342352,mucs2021,xtts_v2,clean,,train
${DATA_ROOT}/clips/6d9e5342a2ed2e8e197e.wav,spoof,hi-en,350956,mucs2021,xtts_v2,clean,,train
${DATA_ROOT}/clips/af0fc7d9cbe996b1c455.wav,spoof,hi-en,433148,mucs2021,xtts_v2,clean,,train
${DATA_ROOT}/clips/1dd904aa53a034b61c27.wav,spoof,hi-en,491095,mucs2021,xtts_v2,clean,,train
${DATA_ROOT}/clips/57a68ac09c91a12cca49.wav,spoof,hi-en,702146,mucs2021,xtts_v2,clean,,train
${DATA_ROOT}/clips/b9538fb514080bd016e1.wav,spoof,hi-en,707034,mucs2021,xtts_v2,clean,,train
${DATA_ROOT}/clips/3c2f1c9a821cce133f45.wav,spoof,hi-en,126393,mucs2021,xtts_v2,clean,,train
${DATA_ROOT}/clips/e367933a9009c39ff56d.wav,spoof,hi-en,201350,mucs2021,xtts_v2,clean,,train
${DATA_ROOT}/clips/7280f1e4985ad02f2b4f.wav,spoof,hi-en,342352,mucs2021,xtts_v2,clean,,train
${DATA_ROOT}/clips/113e70bfcd2e0d5026aa.wav,spoof,hi-en,350956,mucs2021,xtts_v2,clean,,train
${DATA_ROOT}/clips/fe2db4ead52585dc21df.wav,spoof,hi-en,433148,mucs2021,xtts_v2,clean,,train
${DATA_ROOT}/clips/0af6d471d2d870a2991d.wav,spoof,hi-en,491095,mucs2021,xtts_v2,clean,,train
${DATA_ROOT}/clips/8285f921917c18ee9af3.wav,spoof,hi-en,702146,mucs2021,xtts_v2,clean,,train
${DATA_ROOT}/clips/cd24549ae8ab46304e23.wav,spoof,hi-en,707034,mucs2021,xtts_v2,clean,,train
${DATA_ROOT}/clips/4f749056cb8bf5423b6f.wav,spoof,hi-en,126393,mucs2021,xtts_v2,clean,,train
${DATA_ROOT}/clips/a97fa1908194c522374f.wav,spoof,hi-en,201350,mucs2021,xtts_v2,clean,,train
${DATA_ROOT}/clips/f18d6854fb760e8a5cb1.wav,spoof,hi-en,342352,mucs2021,xtts_v2,clean,,train
${DATA_ROOT}/clips/e8a08c46abddace711e8.wav,spoof,hi-en,350956,mucs2021,xtts_v2,clean,,train
${DATA_ROOT}/clips/41bae2c6dbbbcb01d8b3.wav,spoof,hi-en,433148,mucs2021,xtts_v2,clean,,train
${DATA_ROOT}/clips/2e90ada8122bf4d7012a.wav,spoof,hi-en,491095,mucs2021,xtts_v2,clean,,train
${DATA_ROOT}/clips/985e11ec6ad0243e6555.wav,spoof,hi-en,702146,mucs2021,xtts_v2,clean,,train
${DATA_ROOT}/clips/5d607c10fb95ffc5870e.wav,spoof,hi-en,707034,mucs2021,xtts_v2,clean,,train
${DATA_ROOT}/clips/4c474783e5b8424bc83e.wav,spoof,hi-en,126393,mucs2021,xtts_v2,clean,,train
${DATA_ROOT}/clips/8eba992af93280cef443.wav,spoof,hi-en,201350,mucs2021,xtts_v2,clean,,train
${DATA_ROOT}/clips/24da73f9dc2f188a1eb0.wav,spoof,hi-en,342352,mucs2021,xtts_v2,clean,,train
${DATA_ROOT}/clips/4c9dcbef47173d14f105.wav,spoof,hi-en,350956,mucs2021,xtts_v2,clean,,train
${DATA_ROOT}/clips/385a0572d177f49ad44d.wav,spoof,hi-en,433148,mucs2021,xtts_v2,clean,,train
${DATA_ROOT}/clips/64bf05704e3c0189eb36.wav,spoof,hi-en,491095,mucs2021,xtts_v2,clean,,train
${DATA_ROOT}/clips/5adede0411fef1796ac4.wav,spoof,hi-en,702146,mucs2021,xtts_v2,clean,,train
${DATA_ROOT}/clips/a65040fac437b6f321d0.wav,spoof,hi-en,707034,mucs2021,xtts_v2,clean,,train
${DATA_ROOT}/clips/dd714ca0de58ce6dc1f3.wav,spoof,hi-en,126393,mucs2021,xtts_v2,clean,,train
${DATA_ROOT}/clips/75e54a9afa5870293ae3.wav,spoof,hi-en,201350,mucs2021,xtts_v2,clean,,train
${DATA_ROOT}/clips/268b9eae85759f625f37.wav,spoof,hi-en,342352,mucs2021,xtts_v2,clean,,train
${DATA_ROOT}/clips/942dca841de05d043320.wav,spoof,hi-en,350956,mucs2021,xtts_v2,clean,,train
${DATA_ROOT}/clips/80c2ed3ac9549a429330.wav,spoof,hi-en,433148,mucs2021,xtts_v2,clean,,train
${DATA_ROOT}/clips/5fe0f42b42d0e3958b9a.wav,spoof,hi-en,491095,mucs2021,xtts_v2,clean,,train
${DATA_ROOT}/clips/26e04a1865994f1e0fa9.wav,spoof,hi-en,702146,mucs2021,xtts_v2,clean,,train
${DATA_ROOT}/clips/d5ded9231a8ebee88c74.wav,spoof,hi-en,707034,mucs2021,xtts_v2,clean,,train
${DATA_ROOT}/clips/da3b886f4d984b9fab5d.wav,spoof,hi-en,126393,mucs2021,xtts_v2,clean,,train
${DATA_ROOT}/clips/a6d0522d31c124ceb3b3.wav,spoof,hi-en,201350,mucs2021,xtts_v2,clean,,train
${DATA_ROOT}/clips/b131bfc6f839f4cbbb59.wav,spoof,hi-en,342352,mucs2021,xtts_v2,clean,,train
${DATA_ROOT}/clips/d6274c1158474eeba52c.wav,spoof,hi-en,350956,mucs2021,xtts_v2,clean,,train
${DATA_ROOT}/clips/d75f84b28d1af6202832.wav,spoof,hi-en,433148,mucs2021,xtts_v2,clean,,train
${DATA_ROOT}/clips/902d22a1bfd5de907f0c.wav,spoof,hi-en,491095,mucs2021,xtts_v2,clean,,train
${DATA_ROOT}/clips/d5d887682097dce1a87b.wav,spoof,hi-en,702146,mucs2021,xtts_v2,clean,,train
${DATA_ROOT}/clips/4ac790cd6fe943e66524.wav,spoof,hi-en,707034,mucs2021,xtts_v2,clean,,train
${DATA_ROOT}/clips/c3ec1c4d84eba19b15d5.wav,spoof,hi-en,126393,mucs2021,xtts_v2,clean,,train
${DATA_ROOT}/clips/e0b937f3d22a7fdb8164.wav,spoof,hi-en,201350,mucs2021,xtts_v2,clean,,train
${DATA_ROOT}/clips/4743b4ec004c8581fd59.wav,spoof,hi-en,342352,mucs2021,xtts_v2,clean,,train
${DATA_ROOT}/clips/03d8413de5bc4521b8b1.wav,spoof,hi-en,350956,mucs2021,xtts_v2,clean,,train
${DATA_ROOT}/clips/66bfd0521ffffe15ad06.wav,spoof,hi-en,433148,mucs2021,xtts_v2,clean,,train
${DATA_ROOT}/clips/d2bea0a0b7516fb60859.wav,spoof,hi-en,491095,mucs2021,xtts_v2,clean,,train
${DATA_ROOT}/clips/aa59f46e1f33a0d1e32e.wav,spoof,hi-en,702146,mucs2021,xtts_v2,clean,,train
${DATA_ROOT}/clips/26cd37b215f29ff3ee8a.wav,spoof,hi-en,707034,mucs2021,xtts_v2,clean,,train
${DATA_ROOT}/clips/f8e3050cdf52360941f5.wav,spoof,hi-en,126393,mucs2021,xtts_v2,clean,,train
${DATA_ROOT}/clips/f4e07a7e54a23fbd4c66.wav,spoof,hi-en,201350,mucs2021,xtts_v2,clean,,train
${DATA_ROOT}/clips/981334ff55ff779aca99.wav,spoof,hi-en,342352,mucs2021,xtts_v2,clean,,train
${DATA_ROOT}/clips/cb46d330d0d5f952aa11.wav,spoof,hi-en,350956,mucs2021,xtts_v2,clean,,train
${DATA_ROOT}/clips/22f6351932acfd2a0b37.wav,spoof,hi-en,433148,mucs2021,xtts_v2,clean,,train
${DATA_ROOT}/clips/4e66d918dbf5f9148785.wav,spoof,hi-en,491095,mucs2021,xtts_v2,clean,,train
${DATA_ROOT}/clips/7662c88e8fac7470f588.wav,spoof,hi-en,702146,mucs2021,xtts_v2,clean,,train
${DATA_ROOT}/clips/981c4bf8743423bafc9a.wav,spoof,hi-en,707034,mucs2021,xtts_v2,clean,,train
${DATA_ROOT}/clips/a734796e84925ef57cd0.wav,spoof,hi-en,126393,mucs2021,xtts_v2,clean,,train
${DATA_ROOT}/clips/f949f1d9e8a563469851.wav,spoof,hi-en,201350,mucs2021,xtts_v2,clean,,train
${DATA_ROOT}/clips/6cabc16eedcba3d20be7.wav,spoof,hi-en,342352,mucs2021,xtts_v2,clean,,train
${DATA_ROOT}/clips/424a867689149d568779.wav,spoof,hi-en,350956,mucs2021,xtts_v2,clean,,train
${DATA_ROOT}/clips/b8d120a53b008c53c24f.wav,spoof,hi-en,433148,mucs2021,xtts_v2,clean,,train
${DATA_ROOT}/clips/d28449e5ce633eca7d96.wav,spoof,hi-en,491095,mucs2021,xtts_v2,clean,,train
${DATA_ROOT}/clips/8c13e286d11a1ca31446.wav,spoof,hi-en,702146,mucs2021,xtts_v2,clean,,train
${DATA_ROOT}/clips/06996b0f1c49be7cadab.wav,spoof,hi-en,707034,mucs2021,xtts_v2,clean,,train
${DATA_ROOT}/clips/fc10b3cd5e1e840781dd.wav,spoof,hi-en,126393,mucs2021,xtts_v2,clean,,train
${DATA_ROOT}/clips/5929599608b900365078.wav,spoof,hi-en,201350,mucs2021,xtts_v2,clean,,train
${DATA_ROOT}/clips/6041d30a3988bb8626df.wav,spoof,hi-en,342352,mucs2021,xtts_v2,clean,,train
${DATA_ROOT}/clips/6e0f6ff9cf80cf0e93e3.wav,spoof,hi-en,350956,mucs2021,xtts_v2,clean,,train
${DATA_ROOT}/clips/de85fa35c897f34139b5.wav,spoof,hi-en,433148,mucs2021,xtts_v2,clean,,train
${DATA_ROOT}/clips/ea0c43fd353dd4aa355d.wav,spoof,hi-en,491095,mucs2021,xtts_v2,clean,,train
${DATA_ROOT}/clips/f835a8c82324a026d2d1.wav,spoof,hi-en,702146,mucs2021,xtts_v2,clean,,train
${DATA_ROOT}/clips/5973c6af6efb94a806f9.wav,spoof,hi-en,707034,mucs2021,xtts_v2,clean,,train
${DATA_ROOT}/clips/3d60327f8155f42136eb.wav,spoof,hi-en,126393,mucs2021,xtts_v2,clean,,train
${DATA_ROOT}/clips/e5ee7f331c37575b5577.wav,spoof,hi-en,201350,mucs2021,xtts_v2,clean,,train
${DATA_ROOT}/clips/19f177ada9995fc38d70.wav,spoof,hi-en,342352,mucs2021,xtts_v2,clean,,train
${DATA_ROOT}/clips/8aa1b5aa7f11e4536593.wav,spoof,hi-en,350956,mucs2021,xtts_v2,clean,,train
${DATA_ROOT}/clips/0eb097957cb037fe5ac5.wav,spoof,hi-en,433148,mucs2021,xtts_v2,clean,,train
${DATA_ROOT}/clips/9b6cb31221ba8dba5712.wav,spoof,hi-en,491095,mucs2021,xtts_v2,clean,,train
${DATA_ROOT}/clips/25be8cf4ef3158034507.wav,spoof,hi-en,702146,mucs2021,xtts_v2,clean,,train
${DATA_ROOT}/clips/bc668c34d205587c0e4d.wav,spoof,hi-en,707034,mucs2021,xtts_v2,clean,,train
${DATA_ROOT}/clips/adccbed4cb6cfe005b67.wav,spoof,hi-en,126393,mucs2021,xtts_v2,clean,,train
${DATA_ROOT}/clips/281dcfa9457bb1108e82.wav,spoof,hi-en,201350,mucs2021,xtts_v2,clean,,train
${DATA_ROOT}/clips/920757c5c96b1118dad8.wav,spoof,hi-en,342352,mucs2021,xtts_v2,clean,,train
${DATA_ROOT}/clips/5692488f07cd7ced71c8.wav,spoof,hi-en,350956,mucs2021,xtts_v2,clean,,train
${DATA_ROOT}/clips/b9bb540799c8be01496f.wav,spoof,hi-en,433148,mucs2021,xtts_v2,clean,,train
${DATA_ROOT}/clips/db9dc70789d8bfaa9d6d.wav,spoof,hi-en,491095,mucs2021,xtts_v2,clean,,train
${DATA_ROOT}/clips/f2823d8292e974c70659.wav,spoof,hi-en,702146,mucs2021,xtts_v2,clean,,train
${DATA_ROOT}/clips/ce0e5b56d59319eca1e3.wav,spoof,hi-en,707034,mucs2021,xtts_v2,clean,,train
${DATA_ROOT}/clips/c1aac1a86989982f2af3.wav,spoof,hi-en,126393,mucs2021,xtts_v2,clean,,train
${DATA_ROOT}/clips/13b3817e23e3a800924c.wav,spoof,hi-en,201350,mucs2021,xtts_v2,clean,,train
${DATA_ROOT}/clips/78379e988cb82304132d.wav,spoof,hi-en,342352,mucs2021,xtts_v2,clean,,train
${DATA_ROOT}/clips/bcc7bcfc08fa216c1199.wav,spoof,hi-en,350956,mucs2021,xtts_v2,clean,,train
${DATA_ROOT}/clips/5cf5dee788f3764913b5.wav,spoof,hi-en,433148,mucs2021,xtts_v2,clean,,train
${DATA_ROOT}/clips/4c5717a20e76179a6c51.wav,spoof,hi-en,491095,mucs2021,xtts_v2,clean,,train
${DATA_ROOT}/clips/64580ed462f15e67da74.wav,spoof,hi-en,702146,mucs2021,xtts_v2,clean,,train
${DATA_ROOT}/clips/70563721a05299e6a234.wav,spoof,hi-en,707034,mucs2021,xtts_v2,clean,,train
${DATA_ROOT}/clips/51a4de1d8e185ef8ee7f.wav,spoof,hi-en,126393,mucs2021,xtts_v2,clean,,train
${DATA_ROOT}/clips/4a300b9e15f8932763c5.wav,spoof,hi-en,201350,mucs2021,xtts_v2,clean,,train
${DATA_ROOT}/clips/5b9932b34b041f1e45ea.wav,spoof,hi-en,342352,mucs2021,xtts_v2,clean,,train
${DATA_ROOT}/clips/4dcc53ace3ea465066f0.wav,spoof,hi-en,350956,mucs2021,xtts_v2,clean,,train
${DATA_ROOT}/clips/4152d35fcf4c1861ebbd.wav,spoof,hi-en,433148,mucs2021,xtts_v2,clean,,train
${DATA_ROOT}/clips/1c2954012aaacada075d.wav,spoof,hi-en,491095,mucs2021,xtts_v2,clean,,train
${DATA_ROOT}/clips/f42c539dc342894ba552.wav,spoof,hi-en,702146,mucs2021,xtts_v2,clean,,train
${DATA_ROOT}/clips/21b23b10e9a06d526acb.wav,spoof,hi-en,707034,mucs2021,xtts_v2,clean,,train
${DATA_ROOT}/clips/0dad14d33b36a09f208c.wav,spoof,hi-en,126393,mucs2021,xtts_v2,clean,,train
${DATA_ROOT}/clips/af87af5abc13c23e9d4e.wav,spoof,hi-en,201350,mucs2021,xtts_v2,clean,,train
${DATA_ROOT}/clips/b1e50f3566f67a657d0b.wav,spoof,hi-en,342352,mucs2021,xtts_v2,clean,,train
${DATA_ROOT}/clips/899f668432606679f90e.wav,spoof,hi-en,350956,mucs2021,xtts_v2,clean,,train
${DATA_ROOT}/clips/bb5e09d0f96ea9a19e3a.wav,spoof,hi-en,433148,mucs2021,xtts_v2,clean,,train
${DATA_ROOT}/clips/07bfec54a31acb6b904d.wav,spoof,hi-en,491095,mucs2021,xtts_v2,clean,,train
${DATA_ROOT}/clips/71177ea440762f6741cc.wav,spoof,hi-en,702146,mucs2021,xtts_v2,clean,,train
${DATA_ROOT}/clips/5384aba1022e20c5cc29.wav,spoof,hi-en,707034,mucs2021,xtts_v2,clean,,train
${DATA_ROOT}/clips/ed6a0a0a92a18d7bb8c8.wav,spoof,hi-en,126393,mucs2021,xtts_v2,clean,,train
${DATA_ROOT}/clips/6cf63f422e1751bbff95.wav,spoof,hi-en,201350,mucs2021,xtts_v2,clean,,train
${DATA_ROOT}/clips/47fed88227b2f6ca002c.wav,spoof,hi-en,342352,mucs2021,xtts_v2,clean,,train
${DATA_ROOT}/clips/782f8245e30df9e52475.wav,spoof,hi-en,350956,mucs2021,xtts_v2,clean,,train
${DATA_ROOT}/clips/217aba5b4aac33c3ec51.wav,spoof,hi-en,433148,mucs2021,xtts_v2,clean,,train
${DATA_ROOT}/clips/b3a048c93643692c7e17.wav,spoof,hi-en,491095,mucs2021,xtts_v2,clean,,train
${DATA_ROOT}/clips/afe96e75b2a8fed9645e.wav,spoof,hi-en,702146,mucs2021,xtts_v2,clean,,train
${DATA_ROOT}/clips/4cab57b02a04d90058c2.wav,spoof,hi-en,707034,mucs2021,xtts_v2,clean,,train
${DATA_ROOT}/clips/11875637214f69479ca2.wav,spoof,hi-en,126393,mucs2021,xtts_v2,clean,,train
${DATA_ROOT}/clips/12b09d530d0aff69fc57.wav,spoof,hi-en,201350,mucs2021,xtts_v2,clean,,train
${DATA_ROOT}/clips/c26ce2fe918351a75411.wav,spoof,hi-en,342352,mucs2021,xtts_v2,clean,,train
${DATA_ROOT}/clips/7c8a9b07a342a642d637.wav,spoof,hi-en,350956,mucs2021,xtts_v2,clean,,train
${DATA_ROOT}/clips/642a29513a9c74b8cfac.wav,spoof,hi-en,433148,mucs2021,xtts_v2,clean,,train
${DATA_ROOT}/clips/3440d481ae42160bd9c8.wav,spoof,hi-en,491095,mucs2021,xtts_v2,clean,,train
${DATA_ROOT}/clips/2e5895eeb7ab90bc9396.wav,spoof,hi-en,702146,mucs2021,xtts_v2,clean,,train
${DATA_ROOT}/clips/9aa4a3378db2c6cbfcd7.wav,spoof,hi-en,707034,mucs2021,xtts_v2,clean,,train
${DATA_ROOT}/clips/93b73133ca31a3e02d9f.wav,spoof,hi-en,126393,mucs2021,xtts_v2,clean,,train
${DATA_ROOT}/clips/83c4fa4a417924833b74.wav,spoof,hi-en,201350,mucs2021,xtts_v2,clean,,train
${DATA_ROOT}/clips/f3434d97dc67e7669f41.wav,spoof,hi-en,342352,mucs2021,xtts_v2,clean,,train
${DATA_ROOT}/clips/9cc4676ae9809d6c7652.wav,spoof,hi-en,350956,mucs2021,xtts_v2,clean,,train
${DATA_ROOT}/clips/2571ef8eae82235b522b.wav,spoof,hi-en,433148,mucs2021,xtts_v2,clean,,train
${DATA_ROOT}/clips/2fa6fc9c026545de3756.wav,spoof,hi-en,491095,mucs2021,xtts_v2,clean,,train
${DATA_ROOT}/clips/6d4d11d4351beca54f62.wav,spoof,hi-en,702146,mucs2021,xtts_v2,clean,,train
${DATA_ROOT}/clips/e2f49d1dbb9825b80df5.wav,spoof,hi-en,707034,mucs2021,xtts_v2,clean,,train
${DATA_ROOT}/clips/65a64e6a9a4bed84b641.wav,spoof,hi-en,126393,mucs2021,xtts_v2,clean,,train
${DATA_ROOT}/clips/38802beb16f6ecb9b911.wav,spoof,hi-en,201350,mucs2021,xtts_v2,clean,,train
${DATA_ROOT}/clips/3d297f362cc2ec7168a8.wav,spoof,hi-en,342352,mucs2021,xtts_v2,clean,,train
${DATA_ROOT}/clips/04f0c5bdeff6498a20f3.wav,spoof,hi-en,350956,mucs2021,xtts_v2,clean,,train
${DATA_ROOT}/clips/b0d8dc1bec2ed11fb0b6.wav,spoof,hi-en,433148,mucs2021,xtts_v2,clean,,train
${DATA_ROOT}/clips/b04a326efb230eabad91.wav,spoof,hi-en,491095,mucs2021,xtts_v2,clean,,train
${DATA_ROOT}/clips/647dafe317c391b97c93.wav,spoof,hi-en,702146,mucs2021,xtts_v2,clean,,train
${DATA_ROOT}/clips/1656b44ae384bf38803c.wav,spoof,hi-en,707034,mucs2021,xtts_v2,clean,,train
${DATA_ROOT}/clips/c972b63df7f2aa622bab.wav,spoof,hi-en,126393,mucs2021,xtts_v2,clean,,train
${DATA_ROOT}/clips/45114440f88cf086dfc7.wav,spoof,hi-en,201350,mucs2021,xtts_v2,clean,,train
${DATA_ROOT}/clips/f03925e51960b8785a3c.wav,spoof,hi-en,342352,mucs2021,xtts_v2,clean,,train
${DATA_ROOT}/clips/1abab82b2429d4ae9571.wav,spoof,hi-en,350956,mucs2021,xtts_v2,clean,,train
${DATA_ROOT}/clips/ce31cac409a3c81f1c1f.wav,spoof,hi-en,433148,mucs2021,xtts_v2,clean,,train
${DATA_ROOT}/clips/636b31eaa8141c26df64.wav,spoof,hi-en,491095,mucs2021,xtts_v2,clean,,train
${DATA_ROOT}/clips/54bca0d1ad83d17b3783.wav,spoof,hi-en,702146,mucs2021,xtts_v2,clean,,train
${DATA_ROOT}/clips/693bec4b738dea2082da.wav,spoof,hi-en,707034,mucs2021,xtts_v2,clean,,train
${DATA_ROOT}/clips/7a4a5a2f1f9684c64ef3.wav,spoof,hi-en,126393,mucs2021,xtts_v2,clean,,train
${DATA_ROOT}/clips/f50c2ca834de8bb29281.wav,spoof,hi-en,201350,mucs2021,xtts_v2,clean,,train
${DATA_ROOT}/clips/8d2aa13e286260f3b805.wav,spoof,hi-en,342352,mucs2021,xtts_v2,clean,,train
${DATA_ROOT}/clips/9bec50f2ebabc07eb5e3.wav,spoof,hi-en,350956,mucs2021,xtts_v2,clean,,train
${DATA_ROOT}/clips/50740c01a35dba10286a.wav,spoof,hi-en,433148,mucs2021,xtts_v2,clean,,train
${DATA_ROOT}/clips/c4a0fa804e1baad19b4a.wav,spoof,hi-en,491095,mucs2021,xtts_v2,clean,,train
${DATA_ROOT}/clips/adfba1940181b7213195.wav,spoof,hi-en,702146,mucs2021,xtts_v2,clean,,train
${DATA_ROOT}/clips/ffb541a0df456ec276ad.wav,spoof,hi-en,707034,mucs2021,xtts_v2,clean,,train
${DATA_ROOT}/clips/46236e800e9e7ec40380.wav,spoof,hi-en,126393,mucs2021,xtts_v2,clean,,train
${DATA_ROOT}/clips/72ac5eb6c56d8f8673dd.wav,spoof,hi-en,201350,mucs2021,xtts_v2,clean,,train
${DATA_ROOT}/clips/32ad0a2b6e63a323a7c3.wav,spoof,hi-en,342352,mucs2021,xtts_v2,clean,,train
${DATA_ROOT}/clips/f6f8869ba35cbc95509f.wav,spoof,hi-en,350956,mucs2021,xtts_v2,clean,,train
${DATA_ROOT}/clips/b49a02e004f7c9fc0a1c.wav,spoof,hi-en,433148,mucs2021,xtts_v2,clean,,train
${DATA_ROOT}/clips/66bb46618be70482ad4b.wav,spoof,hi-en,491095,mucs2021,xtts_v2,clean,,train
${DATA_ROOT}/clips/8aaa3f14a42b234a2bef.wav,spoof,hi-en,702146,mucs2021,xtts_v2,clean,,train
${DATA_ROOT}/clips/1ccb755d78c5830d6841.wav,spoof,hi-en,707034,mucs2021,xtts_v2,clean,,train
${DATA_ROOT}/clips/e2c6c58f2d403cc7b4e9.wav,spoof,hi-en,126393,mucs2021,xtts_v2,clean,,train
${DATA_ROOT}/clips/7155c86092a8a3e03676.wav,spoof,hi-en,201350,mucs2021,xtts_v2,clean,,train
${DATA_ROOT}/clips/60f2108ab6b19ff04a27.wav,spoof,hi-en,342352,mucs2021,xtts_v2,clean,,train
${DATA_ROOT}/clips/c81c1a14121f56e3c7f7.wav,spoof,hi-en,350956,mucs2021,xtts_v2,clean,,train
${DATA_ROOT}/clips/ba146cb12b5eb299d80a.wav,spoof,hi-en,433148,mucs2021,xtts_v2,clean,,train
${DATA_ROOT}/clips/2201104a301a7aafea48.wav,spoof,hi-en,491095,mucs2021,xtts_v2,clean,,train
${DATA_ROOT}/clips/e62e61f40089b2a8eb4c.wav,spoof,hi-en,702146,mucs2021,xtts_v2,clean,,train
${DATA_ROOT}/clips/bbbd37497598b366dd47.wav,spoof,hi-en,707034,mucs2021,xtts_v2,clean,,train
${DATA_ROOT}/clips/52feb20705db99d6f495.wav,spoof,hi-en,126393,mucs2021,xtts_v2,clean,,train
${DATA_ROOT}/clips/5cbb1e14ead71b48cf9a.wav,spoof,hi-en,201350,mucs2021,xtts_v2,clean,,train
${DATA_ROOT}/clips/65bb9f488cf84add1992.wav,spoof,hi-en,342352,mucs2021,xtts_v2,clean,,train
${DATA_ROOT}/clips/7dc87687eeb32ca4c0aa.wav,spoof,hi-en,350956,mucs2021,xtts_v2,clean,,train
${DATA_ROOT}/clips/4cd24b0ee6bad892043a.wav,spoof,hi-en,433148,mucs2021,xtts_v2,clean,,train
${DATA_ROOT}/clips/5d3fceff3cf9da7d4545.wav,spoof,hi-en,491095,mucs2021,xtts_v2,clean,,train
${DATA_ROOT}/clips/7fba476a0a084e87e57a.wav,spoof,hi-en,702146,mucs2021,xtts_v2,clean,,train
${DATA_ROOT}/clips/6c53bde0acd766586356.wav,spoof,hi-en,707034,mucs2021,xtts_v2,clean,,train
${DATA_ROOT}/clips/62ebed1590d7819e1499.wav,spoof,hi-en,126393,mucs2021,xtts_v2,clean,,train
${DATA_ROOT}/clips/75eac82f9a890ad87b10.wav,spoof,hi-en,201350,mucs2021,xtts_v2,clean,,train
${DATA_ROOT}/clips/265b377b2e668df3a377.wav,spoof,hi-en,342352,mucs2021,xtts_v2,clean,,train
${DATA_ROOT}/clips/6272f9997d9a0f67af35.wav,spoof,hi-en,350956,mucs2021,xtts_v2,clean,,train
${DATA_ROOT}/clips/13a0c1df5da6e89c4456.wav,spoof,hi-en,433148,mucs2021,xtts_v2,clean,,train
${DATA_ROOT}/clips/b936515b45ae972917e1.wav,spoof,hi-en,491095,mucs2021,xtts_v2,clean,,train
${DATA_ROOT}/clips/3dbb3aefe6cb59401715.wav,spoof,hi-en,702146,mucs2021,xtts_v2,clean,,train
${DATA_ROOT}/clips/5604dae0502a56997263.wav,spoof,hi-en,707034,mucs2021,xtts_v2,clean,,train
${DATA_ROOT}/clips/dea1272c411df7f690e2.wav,spoof,hi-en,126393,mucs2021,xtts_v2,clean,,train
${DATA_ROOT}/clips/704fa9562a4cfef6495e.wav,spoof,hi-en,201350,mucs2021,xtts_v2,clean,,train
${DATA_ROOT}/clips/5d98b4feda7cb91caf9c.wav,spoof,hi-en,342352,mucs2021,xtts_v2,clean,,train
${DATA_ROOT}/clips/88b4f8614571b0ecc5ad.wav,spoof,hi-en,350956,mucs2021,xtts_v2,clean,,train
${DATA_ROOT}/clips/0b1d3bf3a6b8f0eaa730.wav,spoof,hi-en,433148,mucs2021,xtts_v2,clean,,train
${DATA_ROOT}/clips/8a311150f3f5570dfeeb.wav,spoof,hi-en,491095,mucs2021,xtts_v2,clean,,train
${DATA_ROOT}/clips/9e6f7627af8641cbd25f.wav,spoof,hi-en,702146,mucs2021,xtts_v2,clean,,train
${DATA_ROOT}/clips/3e2b38447b13c6b55109.wav,spoof,hi-en,707034,mucs2021,xtts_v2,clean,,train
${DATA_ROOT}/clips/ed47f0ab72989f9a7980.wav,spoof,hi-en,126393,mucs2021,xtts_v2,clean,,train
${DATA_ROOT}/clips/e48e0d6a9043dbc1d971.wav,spoof,hi-en,201350,mucs2021,xtts_v2,clean,,train
${DATA_ROOT}/clips/3c753c1569976090e807.wav,spoof,hi-en,342352,mucs2021,xtts_v2,clean,,train
${DATA_ROOT}/clips/1f64a3fa7b80cea7fc5a.wav,spoof,hi-en,350956,mucs2021,xtts_v2,clean,,train
${DATA_ROOT}/clips/4b2ac3e494d7db1a5fc3.wav,spoof,hi-en,433148,mucs2021,xtts_v2,clean,,train
${DATA_ROOT}/clips/9a49e7ccb134cd2c1079.wav,spoof,hi-en,491095,mucs2021,xtts_v2,clean,,train
${DATA_ROOT}/clips/a2af4d04daea8343dd3c.wav,spoof,hi-en,702146,mucs2021,xtts_v2,clean,,train
${DATA_ROOT}/clips/941c4881a97e782e910c.wav,spoof,hi-en,707034,mucs2021,xtts_v2,clean,,train
${DATA_ROOT}/clips/c564b0eb4f73ea44b045.wav,spoof,hi-en,126393,mucs2021,xtts_v2,clean,,train
${DATA_ROOT}/clips/ffeec2b5a64d698ade4c.wav,spoof,hi-en,201350,mucs2021,xtts_v2,clean,,train
${DATA_ROOT}/clips/3bdeccd53e4868847ab9.wav,spoof,hi-en,342352,mucs2021,xtts_v2,clean,,train
${DATA_ROOT}/clips/c5573fa4592e812efd07.wav,spoof,hi-en,350956,mucs2021,xtts_v2,clean,,train
${DATA_ROOT}/clips/fa166916ed7b0ffbfd74.wav,spoof,hi-en,433148,mucs2021,xtts_v2,clean,,train
${DATA_ROOT}/clips/4bc6be7144456cd94ccf.wav,spoof,hi-en,491095,mucs2021,xtts_v2,clean,,train
${DATA_ROOT}/clips/868e9c04ed8a19071493.wav,spoof,hi-en,702146,mucs2021,xtts_v2,clean,,train
${DATA_ROOT}/clips/f9b8880516ebe6dc0054.wav,spoof,hi-en,707034,mucs2021,xtts_v2,clean,,train
${DATA_ROOT}/clips/519b88ad4e6e966751e9.wav,spoof,hi-en,126393,mucs2021,xtts_v2,clean,,train
${DATA_ROOT}/clips/b485587aa53bd928cdce.wav,spoof,hi-en,201350,mucs2021,xtts_v2,clean,,train
${DATA_ROOT}/clips/c584666947903c22c8d9.wav,spoof,hi-en,342352,mucs2021,xtts_v2,clean,,train
${DATA_ROOT}/clips/e6f5bef7ad3b62596fe0.wav,spoof,hi-en,350956,mucs2021,xtts_v2,clean,,train
${DATA_ROOT}/clips/29c78846acd368576e44.wav,spoof,hi-en,433148,mucs2021,xtts_v2,clean,,train
${DATA_ROOT}/clips/d4d5f5ec74f986864987.wav,spoof,hi-en,491095,mucs2021,xtts_v2,clean,,train
${DATA_ROOT}/clips/fe5306ae7b399da6df5a.wav,spoof,hi-en,702146,mucs2021,xtts_v2,clean,,train
${DATA_ROOT}/clips/fb0f9a0f35cac24b1d72.wav,spoof,hi-en,707034,mucs2021,xtts_v2,clean,,train
${DATA_ROOT}/clips/33236040628a13c667bd.wav,spoof,hi-en,126393,mucs2021,xtts_v2,clean,,train
${DATA_ROOT}/clips/f6982165d89475f1f2b9.wav,spoof,hi-en,201350,mucs2021,xtts_v2,clean,,train
${DATA_ROOT}/clips/9148569815f19a3790da.wav,spoof,hi-en,342352,mucs2021,xtts_v2,clean,,train
${DATA_ROOT}/clips/e9eb6d9e0da3caa4e1f6.wav,spoof,hi-en,350956,mucs2021,xtts_v2,clean,,train
${DATA_ROOT}/clips/5d4c932e1d323997d76f.wav,spoof,hi-en,433148,mucs2021,xtts_v2,clean,,train
${DATA_ROOT}/clips/8ca44810576eb5769256.wav,spoof,hi-en,491095,mucs2021,xtts_v2,clean,,train
${DATA_ROOT}/clips/04c3f116ed2e7b10c0f2.wav,spoof,hi-en,702146,mucs2021,xtts_v2,clean,,train
${DATA_ROOT}/clips/27118b418d5339f4254c.wav,spoof,hi-en,707034,mucs2021,xtts_v2,clean,,train
${DATA_ROOT}/clips/5478cfacdd0f12c5fc21.wav,spoof,hi-en,126393,mucs2021,xtts_v2,clean,,train
${DATA_ROOT}/clips/a38a627376748854c5ce.wav,spoof,hi-en,201350,mucs2021,xtts_v2,clean,,train
${DATA_ROOT}/clips/701646a37dfc8bfb7c55.wav,spoof,hi-en,342352,mucs2021,xtts_v2,clean,,train
${DATA_ROOT}/clips/186940d66cea2f9e1d9f.wav,spoof,hi-en,350956,mucs2021,xtts_v2,clean,,train
${DATA_ROOT}/clips/9a3a5011b2fd49c95e3c.wav,spoof,hi-en,433148,mucs2021,xtts_v2,clean,,train
${DATA_ROOT}/clips/612552e52f768a66f601.wav,spoof,hi-en,491095,mucs2021,xtts_v2,clean,,train
${DATA_ROOT}/clips/3397bac7b601bfd0112f.wav,spoof,hi-en,702146,mucs2021,xtts_v2,clean,,train
${DATA_ROOT}/clips/bd2a9a1f75e5811c5977.wav,spoof,hi-en,707034,mucs2021,xtts_v2,clean,,train
${DATA_ROOT}/clips/a823b117a3eededbb3c8.wav,spoof,hi-en,126393,mucs2021,xtts_v2,clean,,train
${DATA_ROOT}/clips/e63c0d0a0ef65bfe2a21.wav,spoof,hi-en,201350,mucs2021,xtts_v2,clean,,train
${DATA_ROOT}/clips/b9d30df69eb5fef21b36.wav,spoof,hi-en,342352,mucs2021,xtts_v2,clean,,train
${DATA_ROOT}/clips/4e184894c0e458b611e1.wav,spoof,hi-en,350956,mucs2021,xtts_v2,clean,,train
${DATA_ROOT}/clips/9a95d70d81c9909d6420.wav,spoof,hi-en,433148,mucs2021,xtts_v2,clean,,train
${DATA_ROOT}/clips/3c2f2afd519ae4c9f7f4.wav,spoof,hi-en,491095,mucs2021,xtts_v2,clean,,train
${DATA_ROOT}/clips/6a5158ba6f5bb33840b0.wav,spoof,hi-en,702146,mucs2021,xtts_v2,clean,,train
${DATA_ROOT}/clips/352136f73563d42505f1.wav,spoof,hi-en,707034,mucs2021,xtts_v2,clean,,train
${DATA_ROOT}/clips/0badd1bd5c79d806d658.wav,spoof,hi-en,126393,mucs2021,xtts_v2,clean,,train
${DATA_ROOT}/clips/7a618f9e78c59a833c56.wav,spoof,hi-en,201350,mucs2021,xtts_v2,clean,,train
${DATA_ROOT}/clips/35f5b69de40eedae71d8.wav,spoof,hi-en,342352,mucs2021,xtts_v2,clean,,train
${DATA_ROOT}/clips/3f323aca0dfdb851364e.wav,spoof,hi-en,350956,mucs2021,xtts_v2,clean,,train
${DATA_ROOT}/clips/dfbba8b910972d8b862a.wav,spoof,hi-en,433148,mucs2021,xtts_v2,clean,,train
${DATA_ROOT}/clips/16c87f47381fbe3ca50d.wav,spoof,hi-en,491095,mucs2021,xtts_v2,clean,,train
${DATA_ROOT}/clips/9f82f6c8edf788e6b553.wav,spoof,hi-en,702146,mucs2021,xtts_v2,clean,,train
${DATA_ROOT}/clips/f1e01d0953d6467bcd92.wav,spoof,hi-en,707034,mucs2021,xtts_v2,clean,,train
${DATA_ROOT}/clips/15d98b9a07b2e2b76615.wav,spoof,hi-en,126393,mucs2021,xtts_v2,clean,,train
${DATA_ROOT}/clips/19df8437a914b7afaba4.wav,spoof,hi-en,201350,mucs2021,xtts_v2,clean,,train
${DATA_ROOT}/clips/8f4233b529c78921976e.wav,spoof,hi-en,342352,mucs2021,xtts_v2,clean,,train
${DATA_ROOT}/clips/737cf408afb01d781978.wav,spoof,hi-en,350956,mucs2021,xtts_v2,clean,,train
${DATA_ROOT}/clips/c2f60d5529d01d6e8600.wav,spoof,hi-en,433148,mucs2021,xtts_v2,clean,,train
${DATA_ROOT}/clips/3c5319eab7bec3346a11.wav,spoof,hi-en,491095,mucs2021,xtts_v2,clean,,train
${DATA_ROOT}/clips/e70902e11c564f62a1d2.wav,spoof,hi-en,702146,mucs2021,xtts_v2,clean,,train
${DATA_ROOT}/clips/b51a21b6f5290a0600c8.wav,spoof,hi-en,707034,mucs2021,xtts_v2,clean,,train
${DATA_ROOT}/clips/89bd30a92e08dc57b164.wav,spoof,hi-en,126393,mucs2021,xtts_v2,clean,,train
${DATA_ROOT}/clips/fb3a230570eceb220c12.wav,spoof,hi-en,201350,mucs2021,xtts_v2,clean,,train
${DATA_ROOT}/clips/03ede8c51a09c3236eae.wav,spoof,hi-en,342352,mucs2021,xtts_v2,clean,,train
${DATA_ROOT}/clips/01abc2a8d745c9ff3cf5.wav,spoof,hi-en,350956,mucs2021,xtts_v2,clean,,train
${DATA_ROOT}/clips/c0d47c74b70cb9b6ee87.wav,spoof,hi-en,433148,mucs2021,xtts_v2,clean,,train
${DATA_ROOT}/clips/8b4f6c9fe774e3e251ce.wav,spoof,hi-en,491095,mucs2021,xtts_v2,clean,,train
${DATA_ROOT}/clips/96b28a43cfb0f360f001.wav,spoof,hi-en,702146,mucs2021,xtts_v2,clean,,train
${DATA_ROOT}/clips/75f0c40e0d6f3e526282.wav,spoof,hi-en,707034,mucs2021,xtts_v2,clean,,train
${DATA_ROOT}/clips/8d47a8e7be0d5bd102cc.wav,spoof,hi-en,126393,mucs2021,xtts_v2,clean,,train
${DATA_ROOT}/clips/6b1f2118d475ebc8ddbb.wav,spoof,hi-en,201350,mucs2021,xtts_v2,clean,,train
${DATA_ROOT}/clips/92b8161bea3f8e068bb6.wav,spoof,hi-en,342352,mucs2021,xtts_v2,clean,,train
${DATA_ROOT}/clips/09abb1922923b825aebc.wav,spoof,hi-en,350956,mucs2021,xtts_v2,clean,,train
${DATA_ROOT}/clips/7d3829a72ebf0d4bfca7.wav,spoof,hi-en,433148,mucs2021,xtts_v2,clean,,train
${DATA_ROOT}/clips/b4489bbb85e3f441e579.wav,spoof,hi-en,491095,mucs2021,xtts_v2,clean,,train
${DATA_ROOT}/clips/5827303fdb342149340d.wav,spoof,hi-en,702146,mucs2021,xtts_v2,clean,,train
${DATA_ROOT}/clips/aa64acd2912eb6f31653.wav,spoof,hi-en,707034,mucs2021,xtts_v2,clean,,train
${DATA_ROOT}/clips/9fff4db84cce0e6636db.wav,spoof,hi-en,126393,mucs2021,xtts_v2,clean,,train
${DATA_ROOT}/clips/0d0a0b62638ed1595837.wav,spoof,hi-en,201350,mucs2021,xtts_v2,clean,,train
${DATA_ROOT}/clips/a508f593db58f3eae7a1.wav,spoof,hi-en,342352,mucs2021,xtts_v2,clean,,train
${DATA_ROOT}/clips/f9b7d70943b0766bbbf9.wav,spoof,hi-en,350956,mucs2021,xtts_v2,clean,,train
${DATA_ROOT}/clips/92bb5ffec7875f968aef.wav,spoof,hi-en,433148,mucs2021,xtts_v2,clean,,train
${DATA_ROOT}/clips/27851989a783cd20cf82.wav,spoof,hi-en,491095,mucs2021,xtts_v2,clean,,train
${DATA_ROOT}/clips/7a761936a4c02d46ef0e.wav,spoof,hi-en,702146,mucs2021,xtts_v2,clean,,train
${DATA_ROOT}/clips/01cb940eaaf3c14d0493.wav,spoof,hi-en,707034,mucs2021,xtts_v2,clean,,train
${DATA_ROOT}/clips/5f46d5f199cfd5a5b7ba.wav,spoof,hi-en,126393,mucs2021,xtts_v2,clean,,train
${DATA_ROOT}/clips/0abd31d043dee79fad94.wav,spoof,hi-en,201350,mucs2021,xtts_v2,clean,,train
${DATA_ROOT}/clips/93b5f1e7d90050f2f771.wav,spoof,hi-en,342352,mucs2021,xtts_v2,clean,,train
${DATA_ROOT}/clips/af9299f4c98776086e1c.wav,spoof,hi-en,350956,mucs2021,xtts_v2,clean,,train
${DATA_ROOT}/clips/4f7958e89acdd1c326e1.wav,spoof,hi-en,433148,mucs2021,xtts_v2,clean,,train
${DATA_ROOT}/clips/4aa4e2aeb2f9d599b406.wav,spoof,hi-en,491095,mucs2021,xtts_v2,clean,,train
${DATA_ROOT}/clips/a24a39d99de7b8268ddf.wav,spoof,hi-en,702146,mucs2021,xtts_v2,clean,,train
${DATA_ROOT}/clips/875218ff863a8bc05647.wav,spoof,hi-en,707034,mucs2021,xtts_v2,clean,,train
${DATA_ROOT}/clips/42481b8d1f6695b0ad28.wav,spoof,hi-en,126393,mucs2021,xtts_v2,clean,,train
${DATA_ROOT}/clips/82758ea38e0ef0169327.wav,spoof,hi-en,201350,mucs2021,xtts_v2,clean,,train
${DATA_ROOT}/clips/2127c3844e7f54dd1c88.wav,spoof,hi-en,342352,mucs2021,xtts_v2,clean,,train
${DATA_ROOT}/clips/7dedefc40a8812796988.wav,spoof,hi-en,350956,mucs2021,xtts_v2,clean,,train
${DATA_ROOT}/clips/af864102913fbfc11dd8.wav,spoof,hi-en,433148,mucs2021,xtts_v2,clean,,train
${DATA_ROOT}/clips/30d926e0c655ba75b299.wav,spoof,hi-en,491095,mucs2021,xtts_v2,clean,,train
${DATA_ROOT}/clips/4fe9bb8f0530200e98dd.wav,spoof,hi-en,702146,mucs2021,xtts_v2,clean,,train
${DATA_ROOT}/clips/e25f459733bb76300efa.wav,spoof,hi-en,707034,mucs2021,xtts_v2,clean,,train
${DATA_ROOT}/clips/7e9005c4d36b37817b97.wav,spoof,hi-en,126393,mucs2021,xtts_v2,clean,,train
${DATA_ROOT}/clips/a1161081c79852eb0b2b.wav,spoof,hi-en,201350,mucs2021,xtts_v2,clean,,train
${DATA_ROOT}/clips/f97864a68ee800e7d44e.wav,spoof,hi-en,342352,mucs2021,xtts_v2,clean,,train
${DATA_ROOT}/clips/62151daa1dac21cca563.wav,spoof,hi-en,350956,mucs2021,xtts_v2,clean,,train
${DATA_ROOT}/clips/975d22d2c09b5da5ee5e.wav,spoof,hi-en,433148,mucs2021,xtts_v2,clean,,train
${DATA_ROOT}/clips/4b9c48991b3e5d4a60b4.wav,spoof,hi-en,491095,mucs2021,xtts_v2,clean,,train
${DATA_ROOT}/clips/261a25c5751c84f3be59.wav,spoof,hi-en,702146,mucs2021,xtts_v2,clean,,train
${DATA_ROOT}/clips/0a656c9d82e262dc54f6.wav,spoof,hi-en,707034,mucs2021,xtts_v2,clean,,train
${DATA_ROOT}/clips/fa899424c8016070935b.wav,spoof,hi-en,126393,mucs2021,xtts_v2,clean,,train
${DATA_ROOT}/clips/8af2aa6ff9046fe438eb.wav,spoof,hi-en,201350,mucs2021,xtts_v2,clean,,train
${DATA_ROOT}/clips/a81542afeb49f904f049.wav,spoof,hi-en,342352,mucs2021,xtts_v2,clean,,train
${DATA_ROOT}/clips/316639642c1e1bd5f0dd.wav,spoof,hi-en,350956,mucs2021,xtts_v2,clean,,train
${DATA_ROOT}/clips/c7a44afeefb02b9e316b.wav,spoof,hi-en,433148,mucs2021,xtts_v2,clean,,train
${DATA_ROOT}/clips/1e9ff7d390e7d927472d.wav,spoof,hi-en,491095,mucs2021,xtts_v2,clean,,train
${DATA_ROOT}/clips/3aadc8ad9f5993ad6488.wav,spoof,hi-en,702146,mucs2021,xtts_v2,clean,,train
${DATA_ROOT}/clips/c05b6410c731ecfcfb72.wav,spoof,hi-en,707034,mucs2021,xtts_v2,clean,,train
${DATA_ROOT}/clips/c5f3c2f38a4271a2125a.wav,spoof,hi-en,126393,mucs2021,xtts_v2,clean,,train
${DATA_ROOT}/clips/53b5e7e60d637d18eda8.wav,spoof,hi-en,201350,mucs2021,xtts_v2,clean,,train
${DATA_ROOT}/clips/30ea60b34471f6e6693b.wav,spoof,hi-en,342352,mucs2021,xtts_v2,clean,,train
${DATA_ROOT}/clips/85ea37e41bd5adab4b1d.wav,spoof,hi-en,350956,mucs2021,xtts_v2,clean,,train
${DATA_ROOT}/clips/465a6cbadb5c5e611c72.wav,spoof,hi-en,433148,mucs2021,xtts_v2,clean,,train
${DATA_ROOT}/clips/23c8c6c06778ef8b0b68.wav,spoof,hi-en,491095,mucs2021,xtts_v2,clean,,train
${DATA_ROOT}/clips/bb5608bf810ecd32d1f6.wav,spoof,hi-en,702146,mucs2021,xtts_v2,clean,,train
${DATA_ROOT}/clips/14dfa0b99ca52eb059cd.wav,spoof,hi-en,707034,mucs2021,xtts_v2,clean,,train
${DATA_ROOT}/clips/43b5840c2e7b460d186d.wav,spoof,hi-en,126393,mucs2021,xtts_v2,clean,,train
${DATA_ROOT}/clips/3699f33d53eff8c14fac.wav,spoof,hi-en,201350,mucs2021,xtts_v2,clean,,train
${DATA_ROOT}/clips/82a3187f595d9de3e52e.wav,spoof,hi-en,342352,mucs2021,xtts_v2,clean,,train
${DATA_ROOT}/clips/a51551cf623c5c19c99a.wav,spoof,hi-en,350956,mucs2021,xtts_v2,clean,,train
${DATA_ROOT}/clips/b5a6ab4e67c702d776e6.wav,spoof,hi-en,433148,mucs2021,xtts_v2,clean,,train
${DATA_ROOT}/clips/d444aa5497f0a3f8202b.wav,spoof,hi-en,491095,mucs2021,xtts_v2,clean,,train
${DATA_ROOT}/clips/a2679d6bde069893a435.wav,spoof,hi-en,702146,mucs2021,xtts_v2,clean,,train
${DATA_ROOT}/clips/0590e91b04706287060b.wav,spoof,hi-en,707034,mucs2021,xtts_v2,clean,,train
${DATA_ROOT}/clips/4be414e60996038b8fee.wav,spoof,hi-en,126393,mucs2021,xtts_v2,clean,,train
${DATA_ROOT}/clips/44015640f2c4052dc0ad.wav,spoof,hi-en,201350,mucs2021,xtts_v2,clean,,train
${DATA_ROOT}/clips/5b7355ac9ea6a6d0cbdd.wav,spoof,hi-en,342352,mucs2021,xtts_v2,clean,,train
${DATA_ROOT}/clips/d8ab44940249ed4c92a4.wav,spoof,hi-en,350956,mucs2021,xtts_v2,clean,,train
${DATA_ROOT}/clips/a57109cdde292f891572.wav,spoof,hi-en,433148,mucs2021,xtts_v2,clean,,train
${DATA_ROOT}/clips/12baf0e70a36ed0d3e4a.wav,spoof,hi-en,491095,mucs2021,xtts_v2,clean,,train
${DATA_ROOT}/clips/3111a3d45357dc28e034.wav,spoof,hi-en,702146,mucs2021,xtts_v2,clean,,train
${DATA_ROOT}/clips/7a2f07406d4d3f5889ca.wav,spoof,hi-en,707034,mucs2021,xtts_v2,clean,,train
${DATA_ROOT}/clips/c92d92177db7d15c61da.wav,spoof,hi-en,126393,mucs2021,xtts_v2,clean,,train
${DATA_ROOT}/clips/5daa69087ceb85e5586b.wav,spoof,hi-en,201350,mucs2021,xtts_v2,clean,,train
${DATA_ROOT}/clips/30ac2f4a9895415dde91.wav,spoof,hi-en,342352,mucs2021,xtts_v2,clean,,train
${DATA_ROOT}/clips/b483cd726cf15d4a950f.wav,spoof,hi-en,350956,mucs2021,xtts_v2,clean,,train
${DATA_ROOT}/clips/06e05254f1aacb616c04.wav,spoof,hi-en,433148,mucs2021,xtts_v2,clean,,train
${DATA_ROOT}/clips/d92686267f0d70eecc68.wav,spoof,hi-en,491095,mucs2021,xtts_v2,clean,,train
${DATA_ROOT}/clips/8a51205e1beb699008e9.wav,spoof,hi-en,702146,mucs2021,xtts_v2,clean,,train
${DATA_ROOT}/clips/c3162dafa805aa05d28b.wav,spoof,hi-en,707034,mucs2021,xtts_v2,clean,,train
${DATA_ROOT}/clips/a82e885ff0999b8f1a2d.wav,spoof,hi-en,126393,mucs2021,xtts_v2,clean,,train
${DATA_ROOT}/clips/a7611d5d45dcd02a7033.wav,spoof,hi-en,201350,mucs2021,xtts_v2,clean,,train
${DATA_ROOT}/clips/b16ad5d594222619b052.wav,spoof,hi-en,342352,mucs2021,xtts_v2,clean,,train
${DATA_ROOT}/clips/7a4dff5ce08e2b1d7b94.wav,spoof,hi-en,350956,mucs2021,xtts_v2,clean,,train
${DATA_ROOT}/clips/3f990dd6d5755d048325.wav,spoof,hi-en,433148,mucs2021,xtts_v2,clean,,train
${DATA_ROOT}/clips/662d0ee52b2a3b5575ad.wav,spoof,hi-en,491095,mucs2021,xtts_v2,clean,,train
${DATA_ROOT}/clips/a24c0f841e4c2be08031.wav,spoof,hi-en,702146,mucs2021,xtts_v2,clean,,train
${DATA_ROOT}/clips/ee382abe4034f83a026a.wav,spoof,hi-en,707034,mucs2021,xtts_v2,clean,,train
${DATA_ROOT}/clips/26ec5dca302a891e4e15.wav,spoof,hi-en,126393,mucs2021,xtts_v2,clean,,train
${DATA_ROOT}/clips/00813e4b4674380b3970.wav,spoof,hi-en,201350,mucs2021,xtts_v2,clean,,train
${DATA_ROOT}/clips/21fbfaadfe429b0e3519.wav,spoof,hi-en,342352,mucs2021,xtts_v2,clean,,train
${DATA_ROOT}/clips/4fca096e14c448c2a123.wav,spoof,hi-en,350956,mucs2021,xtts_v2,clean,,train
${DATA_ROOT}/clips/f5ea471a85137502f52c.wav,spoof,hi-en,433148,mucs2021,xtts_v2,clean,,train
${DATA_ROOT}/clips/6deaa3c9796dbf9b3203.wav,spoof,hi-en,491095,mucs2021,xtts_v2,clean,,train
${DATA_ROOT}/clips/6839f684051f88d8d197.wav,spoof,hi-en,702146,mucs2021,xtts_v2,clean,,train
${DATA_ROOT}/clips/e24696e0a6ac5e3fb9f2.wav,spoof,hi-en,707034,mucs2021,xtts_v2,clean,,train
${DATA_ROOT}/clips/f9ee3b352baf6ae69b4d.wav,spoof,hi-en,126393,mucs2021,xtts_v2,clean,,train
${DATA_ROOT}/clips/48029aa10fc9fa69cddd.wav,spoof,hi-en,201350,mucs2021,xtts_v2,clean,,train
${DATA_ROOT}/clips/af7ccd37bafd31d032fd.wav,spoof,hi-en,342352,mucs2021,xtts_v2,clean,,train
${DATA_ROOT}/clips/14cf64a03087d939b07f.wav,spoof,hi-en,350956,mucs2021,xtts_v2,clean,,train
${DATA_ROOT}/clips/b8846423a838622c8723.wav,spoof,hi-en,433148,mucs2021,xtts_v2,clean,,train
${DATA_ROOT}/clips/dc3c202af171c70df949.wav,spoof,hi-en,491095,mucs2021,xtts_v2,clean,,train
${DATA_ROOT}/clips/0f844fdc79ccabb3facd.wav,spoof,hi-en,702146,mucs2021,xtts_v2,clean,,train
${DATA_ROOT}/clips/e5802c3b736f890f7b21.wav,spoof,hi-en,707034,mucs2021,xtts_v2,clean,,train
${DATA_ROOT}/clips/8495c5b2284e79f67e8a.wav,spoof,hi-en,126393,mucs2021,xtts_v2,clean,,train
${DATA_ROOT}/clips/9b931c39c95d18856aaf.wav,spoof,hi-en,201350,mucs2021,xtts_v2,clean,,train
${DATA_ROOT}/clips/4ea0e12c6f3df6826a04.wav,spoof,hi-en,342352,mucs2021,xtts_v2,clean,,train
${DATA_ROOT}/clips/eb5a843814f7d163a98b.wav,spoof,hi-en,350956,mucs2021,xtts_v2,clean,,train
${DATA_ROOT}/clips/b94db6996a3b314894b6.wav,spoof,hi-en,433148,mucs2021,xtts_v2,clean,,train
${DATA_ROOT}/clips/1856d5399fa9e126aca2.wav,spoof,hi-en,491095,mucs2021,xtts_v2,clean,,train
${DATA_ROOT}/clips/cd2789b17ad8ee7d3051.wav,spoof,hi-en,702146,mucs2021,xtts_v2,clean,,train
${DATA_ROOT}/clips/b3bd3c624236b78bf9dd.wav,spoof,hi-en,707034,mucs2021,xtts_v2,clean,,train
${DATA_ROOT}/clips/942bd1aa78f88d36a505.wav,spoof,hi-en,126393,mucs2021,xtts_v2,clean,,train
${DATA_ROOT}/clips/3b3830317f36d42fcd5d.wav,spoof,hi-en,201350,mucs2021,xtts_v2,clean,,train
${DATA_ROOT}/clips/1907dc0e7e50b1e2f1eb.wav,spoof,hi-en,342352,mucs2021,xtts_v2,clean,,train
${DATA_ROOT}/clips/2a74a291fd2ab9a447a0.wav,spoof,hi-en,350956,mucs2021,xtts_v2,clean,,train
${DATA_ROOT}/clips/1c2302947ccda23ae1c9.wav,spoof,hi-en,433148,mucs2021,xtts_v2,clean,,train
${DATA_ROOT}/clips/54ee39af71c2d1f912f1.wav,spoof,hi-en,491095,mucs2021,xtts_v2,clean,,train
${DATA_ROOT}/clips/feb8d161062feefd46eb.wav,spoof,hi-en,702146,mucs2021,xtts_v2,clean,,train
${DATA_ROOT}/clips/3c898e4b8899d3f46c27.wav,spoof,hi-en,707034,mucs2021,xtts_v2,clean,,train
${DATA_ROOT}/clips/cf74d7fa62ae11d91de0.wav,spoof,hi-en,126393,mucs2021,xtts_v2,clean,,train
${DATA_ROOT}/clips/063e607b0f26a23c53e3.wav,spoof,hi-en,201350,mucs2021,xtts_v2,clean,,train
${DATA_ROOT}/clips/a2f021681405c686fd26.wav,spoof,hi-en,342352,mucs2021,xtts_v2,clean,,train
${DATA_ROOT}/clips/a195cf55386e87748838.wav,spoof,hi-en,350956,mucs2021,xtts_v2,clean,,train
${DATA_ROOT}/clips/2f4881649571f03f0fa3.wav,spoof,hi-en,433148,mucs2021,xtts_v2,clean,,train
${DATA_ROOT}/clips/cb02627b0be649c394b8.wav,spoof,hi-en,491095,mucs2021,xtts_v2,clean,,train
${DATA_ROOT}/clips/ed60275cc4129aaa1b96.wav,spoof,hi-en,702146,mucs2021,xtts_v2,clean,,train
${DATA_ROOT}/clips/92c0a7da451e3463e84a.wav,spoof,hi-en,707034,mucs2021,xtts_v2,clean,,train
${DATA_ROOT}/clips/6f22392441bd9f000b74.wav,spoof,hi-en,126393,mucs2021,xtts_v2,clean,,train
${DATA_ROOT}/clips/d5378c59cf2d1f62bf21.wav,spoof,hi-en,201350,mucs2021,xtts_v2,clean,,train
${DATA_ROOT}/clips/438e3ba8f1937b8d6265.wav,spoof,hi-en,342352,mucs2021,xtts_v2,clean,,train
${DATA_ROOT}/clips/672301f0eb0d8e14b332.wav,spoof,hi-en,350956,mucs2021,xtts_v2,clean,,train
${DATA_ROOT}/clips/b9925c3bde3090412b16.wav,spoof,hi-en,433148,mucs2021,xtts_v2,clean,,train
${DATA_ROOT}/clips/239b6c506aad14abef26.wav,spoof,hi-en,491095,mucs2021,xtts_v2,clean,,train
${DATA_ROOT}/clips/af354fa1ec94b6768a1f.wav,spoof,hi-en,702146,mucs2021,xtts_v2,clean,,train
${DATA_ROOT}/clips/60983ce04aaacc289b68.wav,spoof,hi-en,707034,mucs2021,xtts_v2,clean,,train
${DATA_ROOT}/clips/a81e34eba87d13ed00b7.wav,spoof,hi-en,126393,mucs2021,xtts_v2,clean,,train
${DATA_ROOT}/clips/a3636ae4f5fe51f3d6d9.wav,spoof,hi-en,201350,mucs2021,xtts_v2,clean,,train
${DATA_ROOT}/clips/1642dab529a620e9c03f.wav,spoof,hi-en,342352,mucs2021,xtts_v2,clean,,train
${DATA_ROOT}/clips/fb71d042687d15d1dae1.wav,spoof,hi-en,350956,mucs2021,xtts_v2,clean,,train
${DATA_ROOT}/clips/c491dfea1fc19c847c82.wav,spoof,hi-en,433148,mucs2021,xtts_v2,clean,,train
${DATA_ROOT}/clips/abbbd0fb9181f20ee000.wav,spoof,hi-en,491095,mucs2021,xtts_v2,clean,,train
${DATA_ROOT}/clips/7cae7ff47a01a5a3446d.wav,spoof,hi-en,702146,mucs2021,xtts_v2,clean,,train
${DATA_ROOT}/clips/faccc831e57144a21380.wav,spoof,hi-en,707034,mucs2021,xtts_v2,clean,,train
${DATA_ROOT}/clips/bc3c5d6ced346f7ec3e3.wav,spoof,hi-en,126393,mucs2021,xtts_v2,clean,,train
${DATA_ROOT}/clips/b64d01ce801c42221ee4.wav,spoof,hi-en,201350,mucs2021,xtts_v2,clean,,train
${DATA_ROOT}/clips/39671f15213f551c6a1b.wav,spoof,hi-en,342352,mucs2021,xtts_v2,clean,,train
${DATA_ROOT}/clips/b38db210b501f7156d51.wav,spoof,hi-en,350956,mucs2021,xtts_v2,clean,,train
${DATA_ROOT}/clips/a243a7f55c0b50b6a834.wav,spoof,hi-en,433148,mucs2021,xtts_v2,clean,,train
${DATA_ROOT}/clips/cb441033e0b1f16ea44b.wav,spoof,hi-en,491095,mucs2021,xtts_v2,clean,,train
${DATA_ROOT}/clips/2515b904c99258120f6a.wav,spoof,hi-en,702146,mucs2021,xtts_v2,clean,,train
${DATA_ROOT}/clips/a53506d721e37f5d46db.wav,spoof,hi-en,707034,mucs2021,xtts_v2,clean,,train
${DATA_ROOT}/clips/40804d14a0999fd5ce00.wav,spoof,hi-en,126393,mucs2021,xtts_v2,clean,,train
${DATA_ROOT}/clips/fd4536388ed5436f0e7d.wav,spoof,hi-en,201350,mucs2021,xtts_v2,clean,,train
${DATA_ROOT}/clips/13f6dc90bace273ba65e.wav,spoof,hi-en,342352,mucs2021,xtts_v2,clean,,train
${DATA_ROOT}/clips/672779013076fbb5b66f.wav,spoof,hi-en,350956,mucs2021,xtts_v2,clean,,train
${DATA_ROOT}/clips/4d00343c6a1e8697ef79.wav,spoof,hi-en,433148,mucs2021,xtts_v2,clean,,train
${DATA_ROOT}/clips/27687b3cea452d655575.wav,spoof,hi-en,491095,mucs2021,xtts_v2,clean,,train
${DATA_ROOT}/clips/bddd3d473a7e7c19c0aa.wav,spoof,hi-en,702146,mucs2021,xtts_v2,clean,,train
${DATA_ROOT}/clips/aa044c2e9591da90a1e7.wav,spoof,hi-en,707034,mucs2021,xtts_v2,clean,,train
${DATA_ROOT}/clips/697cc67c8c94aeb1590b.wav,spoof,hi-en,126393,mucs2021,xtts_v2,clean,,train
${DATA_ROOT}/clips/72ac147420aada8a44f7.wav,spoof,hi-en,201350,mucs2021,xtts_v2,clean,,train
${DATA_ROOT}/clips/ed7525b9a5752172ea56.wav,spoof,hi-en,342352,mucs2021,xtts_v2,clean,,train
${DATA_ROOT}/clips/cb545a5c89d53b64b277.wav,spoof,hi-en,350956,mucs2021,xtts_v2,clean,,train
${DATA_ROOT}/clips/19bc1aa1731a042a5453.wav,spoof,hi-en,433148,mucs2021,xtts_v2,clean,,train
${DATA_ROOT}/clips/a108e4c7b417f230b863.wav,spoof,hi-en,491095,mucs2021,xtts_v2,clean,,train
${DATA_ROOT}/clips/abbc61c9991fb456a2bf.wav,spoof,hi-en,702146,mucs2021,xtts_v2,clean,,train
${DATA_ROOT}/clips/00b3af762d69b61e3a36.wav,spoof,hi-en,707034,mucs2021,xtts_v2,clean,,train
${DATA_ROOT}/clips/41a52d27000b1bd5b2b4.wav,spoof,hi-en,126393,mucs2021,xtts_v2,clean,,train
${DATA_ROOT}/clips/b3be7682af6a30762a7a.wav,spoof,hi-en,201350,mucs2021,xtts_v2,clean,,train
${DATA_ROOT}/clips/14745dac99349e4fda18.wav,spoof,hi-en,342352,mucs2021,xtts_v2,clean,,train
${DATA_ROOT}/clips/42ea84a1b7d1c4bf75fa.wav,spoof,hi-en,350956,mucs2021,xtts_v2,clean,,train
${DATA_ROOT}/clips/44be0288491600f26eca.wav,spoof,hi-en,433148,mucs2021,xtts_v2,clean,,train
${DATA_ROOT}/clips/b5b124111ab473ce75d0.wav,spoof,hi-en,491095,mucs2021,xtts_v2,clean,,train
${DATA_ROOT}/clips/9a3a4bbf16d0e75cedf2.wav,spoof,hi-en,702146,mucs2021,xtts_v2,clean,,train
${DATA_ROOT}/clips/4f7735db3d4d9a9beda2.wav,spoof,hi-en,707034,mucs2021,xtts_v2,clean,,train
${DATA_ROOT}/clips/e13246cb0c21a45bd0c5.wav,spoof,hi-en,126393,mucs2021,xtts_v2,clean,,train
${DATA_ROOT}/clips/aba24d89771e2d220e60.wav,spoof,hi-en,201350,mucs2021,xtts_v2,clean,,train
${DATA_ROOT}/clips/8fefcd9dd0514f7c4ab8.wav,spoof,hi-en,342352,mucs2021,xtts_v2,clean,,train
${DATA_ROOT}/clips/38eef9ac4201baeebf26.wav,spoof,hi-en,350956,mucs2021,xtts_v2,clean,,train
${DATA_ROOT}/clips/8bebca935932438c0ed4.wav,spoof,hi-en,433148,mucs2021,xtts_v2,clean,,train
${DATA_ROOT}/clips/004abfa15fb69468ed82.wav,spoof,hi-en,491095,mucs2021,xtts_v2,clean,,train
${DATA_ROOT}/clips/e5f48aefcfe63c7efc54.wav,spoof,hi-en,702146,mucs2021,xtts_v2,clean,,train
${DATA_ROOT}/clips/44b7b977189a6fa7d852.wav,spoof,hi-en,707034,mucs2021,xtts_v2,clean,,train
${DATA_ROOT}/clips/4c8d79de3fd98a358006.wav,spoof,hi-en,126393,mucs2021,xtts_v2,clean,,train
${DATA_ROOT}/clips/564b6b985fb7b7dc938c.wav,spoof,hi-en,201350,mucs2021,xtts_v2,clean,,train
${DATA_ROOT}/clips/abc17e2e63e6e28d5efa.wav,spoof,hi-en,342352,mucs2021,xtts_v2,clean,,train
${DATA_ROOT}/clips/cece058e8c708429c773.wav,spoof,hi-en,350956,mucs2021,xtts_v2,clean,,train
${DATA_ROOT}/clips/8a59d926625918deeff6.wav,spoof,hi-en,433148,mucs2021,xtts_v2,clean,,train
${DATA_ROOT}/clips/ecb99bd9d56bed771c83.wav,spoof,hi-en,491095,mucs2021,xtts_v2,clean,,train
${DATA_ROOT}/clips/55beb7bf39237f096866.wav,spoof,hi-en,702146,mucs2021,xtts_v2,clean,,train
${DATA_ROOT}/clips/a9d48d0d2604be1621ca.wav,spoof,hi-en,707034,mucs2021,xtts_v2,clean,,train
${DATA_ROOT}/clips/de174647416d368e0b5f.wav,spoof,hi-en,126393,mucs2021,xtts_v2,clean,,train
${DATA_ROOT}/clips/485edbaa0b41f1774968.wav,spoof,hi-en,201350,mucs2021,xtts_v2,clean,,train
${DATA_ROOT}/clips/b3ef2261cc94f149f30d.wav,spoof,hi-en,342352,mucs2021,xtts_v2,clean,,train
${DATA_ROOT}/clips/782906e7b3bb384b1da1.wav,spoof,hi-en,350956,mucs2021,xtts_v2,clean,,train
${DATA_ROOT}/clips/04d15333e0922c85e082.wav,spoof,hi-en,433148,mucs2021,xtts_v2,clean,,train
${DATA_ROOT}/clips/638e561e58276c04772d.wav,spoof,hi-en,491095,mucs2021,xtts_v2,clean,,train
${DATA_ROOT}/clips/02a89537c010812e1519.wav,spoof,hi-en,702146,mucs2021,xtts_v2,clean,,train
${DATA_ROOT}/clips/e165a92e28dbb76cc530.wav,spoof,hi-en,707034,mucs2021,xtts_v2,clean,,train
${DATA_ROOT}/clips/a78873ebccbcbb8a71a0.wav,spoof,hi-en,126393,mucs2021,xtts_v2,clean,,train
${DATA_ROOT}/clips/9c13cece762b1126e58c.wav,spoof,hi-en,201350,mucs2021,xtts_v2,clean,,train
${DATA_ROOT}/clips/20e582fe8565039259bf.wav,spoof,hi-en,342352,mucs2021,xtts_v2,clean,,train
${DATA_ROOT}/clips/7941ca6b4379fb62b75c.wav,spoof,hi-en,350956,mucs2021,xtts_v2,clean,,train
${DATA_ROOT}/clips/43ba9b9fe9f827cb9d2a.wav,spoof,hi-en,433148,mucs2021,xtts_v2,clean,,train
${DATA_ROOT}/clips/5a454a3dcb9b294e72fa.wav,spoof,hi-en,491095,mucs2021,xtts_v2,clean,,train
${DATA_ROOT}/clips/f8e1fae3e9d12fd36497.wav,spoof,hi-en,702146,mucs2021,xtts_v2,clean,,train
${DATA_ROOT}/clips/ddde3fff224ae2721efe.wav,spoof,hi-en,707034,mucs2021,xtts_v2,clean,,train
${DATA_ROOT}/clips/9baaf010ab00f90fb8f1.wav,spoof,hi-en,126393,mucs2021,xtts_v2,clean,,train
${DATA_ROOT}/clips/72031ba8ec67bfda1025.wav,spoof,hi-en,201350,mucs2021,xtts_v2,clean,,train
${DATA_ROOT}/clips/fd1e324bfffce6e346ec.wav,spoof,hi-en,342352,mucs2021,xtts_v2,clean,,train
${DATA_ROOT}/clips/217ad5ea887ffa93dc34.wav,spoof,hi-en,350956,mucs2021,xtts_v2,clean,,train
${DATA_ROOT}/clips/363f7b6f4709252b50a6.wav,spoof,hi-en,433148,mucs2021,xtts_v2,clean,,train
${DATA_ROOT}/clips/bbcebd13337d56320c8b.wav,spoof,hi-en,491095,mucs2021,xtts_v2,clean,,train
${DATA_ROOT}/clips/2e5a3424c995136dc8a7.wav,spoof,hi-en,702146,mucs2021,xtts_v2,clean,,train
${DATA_ROOT}/clips/6e660a9d7514b451f95c.wav,spoof,hi-en,707034,mucs2021,xtts_v2,clean,,train
${DATA_ROOT}/clips/dbf2f46c20fef4a7b200.wav,spoof,hi-en,126393,mucs2021,xtts_v2,clean,,train
${DATA_ROOT}/clips/87cbe0bf6a89bc850930.wav,spoof,hi-en,201350,mucs2021,xtts_v2,clean,,train
${DATA_ROOT}/clips/a6c0392c58e44be25def.wav,spoof,hi-en,342352,mucs2021,xtts_v2,clean,,train
${DATA_ROOT}/clips/69d1bc306e2c4a6ef39c.wav,spoof,hi-en,350956,mucs2021,xtts_v2,clean,,train
${DATA_ROOT}/clips/6e3067b25087841bee9f.wav,spoof,hi-en,433148,mucs2021,xtts_v2,clean,,train
${DATA_ROOT}/clips/27ba87d0ec40afcbf863.wav,spoof,hi-en,491095,mucs2021,xtts_v2,clean,,train
${DATA_ROOT}/clips/0db0fd42dfb13d82a394.wav,spoof,hi-en,702146,mucs2021,xtts_v2,clean,,train
${DATA_ROOT}/clips/64e290d09c4c9ed534db.wav,spoof,hi-en,707034,mucs2021,xtts_v2,clean,,train
${DATA_ROOT}/clips/85cb09bf044607736744.wav,spoof,hi-en,126393,mucs2021,xtts_v2,clean,,train
${DATA_ROOT}/clips/0e2a5c0cfb498d89fe9f.wav,spoof,hi-en,201350,mucs2021,xtts_v2,clean,,train
${DATA_ROOT}/clips/49822bec2ad96d64ac43.wav,spoof,hi-en,342352,mucs2021,xtts_v2,clean,,train
${DATA_ROOT}/clips/e89baea8ccf4da5a985a.wav,spoof,hi-en,350956,mucs2021,xtts_v2,clean,,train
${DATA_ROOT}/clips/545da9af967c0c4730c9.wav,spoof,hi-en,433148,mucs2021,xtts_v2,clean,,train
${DATA_ROOT}/clips/ea6dbcf68d1d7495835d.wav,spoof,hi-en,491095,mucs2021,xtts_v2,clean,,train
${DATA_ROOT}/clips/e0a38ec3c67651f993ac.wav,spoof,hi-en,702146,mucs2021,xtts_v2,clean,,train
${DATA_ROOT}/clips/4518edff3d582b25cec6.wav,spoof,hi-en,707034,mucs2021,xtts_v2,clean,,train
${DATA_ROOT}/clips/da236a96d4095c6478fb.wav,spoof,hi-en,126393,mucs2021,xtts_v2,clean,,train
${DATA_ROOT}/clips/3c59b066bd536c215073.wav,spoof,hi-en,201350,mucs2021,xtts_v2,clean,,train
${DATA_ROOT}/clips/892cc658239e90f138ec.wav,spoof,hi-en,342352,mucs2021,xtts_v2,clean,,train
${DATA_ROOT}/clips/a8bf6b9ccb6afb503559.wav,spoof,hi-en,350956,mucs2021,xtts_v2,clean,,train
${DATA_ROOT}/clips/6b9054bc97be5083b90b.wav,spoof,hi-en,433148,mucs2021,xtts_v2,clean,,train
${DATA_ROOT}/clips/12d494a74e9aac3e5885.wav,spoof,hi-en,491095,mucs2021,xtts_v2,clean,,train
${DATA_ROOT}/clips/b61f32d5fed35d08eb05.wav,spoof,hi-en,702146,mucs2021,xtts_v2,clean,,train
${DATA_ROOT}/clips/f17de7c07a34db947658.wav,spoof,hi-en,707034,mucs2021,xtts_v2,clean,,train
${DATA_ROOT}/clips/fde36e594fc38fe6b950.wav,spoof,hi-en,126393,mucs2021,xtts_v2,clean,,train
${DATA_ROOT}/clips/fd4b2c358d8838da8c0b.wav,spoof,hi-en,201350,mucs2021,xtts_v2,clean,,train
${DATA_ROOT}/clips/35bdef300c1459fb551b.wav,spoof,hi-en,342352,mucs2021,xtts_v2,clean,,train
${DATA_ROOT}/clips/f8e1c08c0267285068d6.wav,spoof,hi-en,350956,mucs2021,xtts_v2,clean,,train
${DATA_ROOT}/clips/033a5b3107b7bcbafbe7.wav,spoof,hi-en,433148,mucs2021,xtts_v2,clean,,train
${DATA_ROOT}/clips/5120706004b1af9c48dd.wav,spoof,hi-en,491095,mucs2021,xtts_v2,clean,,train
${DATA_ROOT}/clips/3d96322638fe442a8ceb.wav,spoof,hi-en,702146,mucs2021,xtts_v2,clean,,train
${DATA_ROOT}/clips/0a25fca16f7e51116734.wav,spoof,hi-en,707034,mucs2021,xtts_v2,clean,,train
${DATA_ROOT}/clips/906cee8a7ca126da000f.wav,spoof,hi-en,126393,mucs2021,xtts_v2,clean,,train
${DATA_ROOT}/clips/a49da00743c05a4b011e.wav,spoof,hi-en,201350,mucs2021,xtts_v2,clean,,train
${DATA_ROOT}/clips/8e6714f85c41b9100036.wav,spoof,hi-en,342352,mucs2021,xtts_v2,clean,,train
${DATA_ROOT}/clips/fd1e43546e779976d647.wav,spoof,hi-en,350956,mucs2021,xtts_v2,clean,,train
${DATA_ROOT}/clips/85f0aa9488363b63bcd4.wav,spoof,hi-en,433148,mucs2021,xtts_v2,clean,,train
${DATA_ROOT}/clips/5db0741f200b0cf8a46b.wav,spoof,hi-en,491095,mucs2021,xtts_v2,clean,,train
${DATA_ROOT}/clips/3bad296466cb68a7b80d.wav,spoof,hi-en,702146,mucs2021,xtts_v2,clean,,train
${DATA_ROOT}/clips/a8954bf981d69a2150cd.wav,spoof,hi-en,707034,mucs2021,xtts_v2,clean,,train
${DATA_ROOT}/clips/50ce4fc27ac12b37a9dc.wav,spoof,hi-en,126393,mucs2021,xtts_v2,clean,,train
${DATA_ROOT}/clips/5754c465e7bc4ad0360b.wav,spoof,hi-en,201350,mucs2021,xtts_v2,clean,,train
${DATA_ROOT}/clips/0b3a7e2272cc38e9655f.wav,spoof,hi-en,342352,mucs2021,xtts_v2,clean,,train
${DATA_ROOT}/clips/f46cc5ca61d4b89ee7a4.wav,spoof,hi-en,350956,mucs2021,xtts_v2,clean,,train
${DATA_ROOT}/clips/dd83ed5054d47206be3b.wav,spoof,hi-en,433148,mucs2021,xtts_v2,clean,,train
${DATA_ROOT}/clips/67003d9e99a5c53a422b.wav,spoof,hi-en,491095,mucs2021,xtts_v2,clean,,train
${DATA_ROOT}/clips/77d0a1d5e67fff729953.wav,spoof,hi-en,702146,mucs2021,xtts_v2,clean,,train
${DATA_ROOT}/clips/e3184e7c698eb87bc28a.wav,spoof,hi-en,707034,mucs2021,xtts_v2,clean,,train
${DATA_ROOT}/clips/0d92d9298f8ec9ff4424.wav,spoof,hi-en,126393,mucs2021,xtts_v2,clean,,train
${DATA_ROOT}/clips/39b6df5beeb0e7d94793.wav,spoof,hi-en,201350,mucs2021,xtts_v2,clean,,train
${DATA_ROOT}/clips/3b026652681db6c111e8.wav,spoof,hi-en,342352,mucs2021,xtts_v2,clean,,train
${DATA_ROOT}/clips/59125038bd1e6254d27d.wav,spoof,hi-en,350956,mucs2021,xtts_v2,clean,,train
${DATA_ROOT}/clips/511556fa786af5f79dc9.wav,spoof,hi-en,433148,mucs2021,xtts_v2,clean,,train
${DATA_ROOT}/clips/302bf5beb8f882e1c2e6.wav,spoof,hi-en,491095,mucs2021,xtts_v2,clean,,train
${DATA_ROOT}/clips/a6872c38a78e8f4ec6e2.wav,spoof,hi-en,702146,mucs2021,xtts_v2,clean,,train
${DATA_ROOT}/clips/cef8e372c615f729145a.wav,spoof,hi-en,707034,mucs2021,xtts_v2,clean,,train
${DATA_ROOT}/clips/59e43f5a019466903f12.wav,spoof,hi-en,126393,mucs2021,xtts_v2,clean,,train
${DATA_ROOT}/clips/8cb5a3b7f888e6d4b1d9.wav,spoof,hi-en,201350,mucs2021,xtts_v2,clean,,train
${DATA_ROOT}/clips/2b214e6b59399b09511d.wav,spoof,hi-en,342352,mucs2021,xtts_v2,clean,,train
${DATA_ROOT}/clips/3c669b1eba228cc58554.wav,spoof,hi-en,350956,mucs2021,xtts_v2,clean,,train
${DATA_ROOT}/clips/55fd2c32a7cd13a58968.wav,spoof,hi-en,433148,mucs2021,xtts_v2,clean,,train
${DATA_ROOT}/clips/ef2e9e4038e154dcb48b.wav,spoof,hi-en,491095,mucs2021,xtts_v2,clean,,train
${DATA_ROOT}/clips/40b33a5d7ad131c4162c.wav,spoof,hi-en,702146,mucs2021,xtts_v2,clean,,train
${DATA_ROOT}/clips/a7ea4fa29c6a621d88f7.wav,spoof,hi-en,707034,mucs2021,xtts_v2,clean,,train
${DATA_ROOT}/clips/5cc01a1e5b69d9942433.wav,spoof,hi-en,126393,mucs2021,xtts_v2,clean,,train
${DATA_ROOT}/clips/5204efef796b99d3b1d6.wav,spoof,hi-en,201350,mucs2021,xtts_v2,clean,,train
${DATA_ROOT}/clips/f73a6f61f7c2ca8427de.wav,spoof,hi-en,342352,mucs2021,xtts_v2,clean,,train
${DATA_ROOT}/clips/1b79179de688b13cd049.wav,spoof,hi-en,350956,mucs2021,xtts_v2,clean,,train
${DATA_ROOT}/clips/e909e228f506cdd7d624.wav,spoof,hi-en,433148,mucs2021,xtts_v2,clean,,train
${DATA_ROOT}/clips/e349cddb791c114a8e62.wav,spoof,hi-en,491095,mucs2021,xtts_v2,clean,,train
${DATA_ROOT}/clips/fb4e7ea84e950e2cb6ea.wav,spoof,hi-en,702146,mucs2021,xtts_v2,clean,,train
${DATA_ROOT}/clips/f13db5841df6b5793557.wav,spoof,hi-en,707034,mucs2021,xtts_v2,clean,,train
${DATA_ROOT}/clips/163a60e1f49813e019aa.wav,spoof,hi-en,126393,mucs2021,xtts_v2,clean,,train
${DATA_ROOT}/clips/078cd7e52508222bd18a.wav,spoof,hi-en,201350,mucs2021,xtts_v2,clean,,train
${DATA_ROOT}/clips/6914519bed2de9e26c30.wav,spoof,hi-en,342352,mucs2021,xtts_v2,clean,,train
${DATA_ROOT}/clips/c3004f6b57bf00750343.wav,spoof,hi-en,350956,mucs2021,xtts_v2,clean,,train
${DATA_ROOT}/clips/53bdd58932a35163d88d.wav,spoof,hi-en,433148,mucs2021,xtts_v2,clean,,train
${DATA_ROOT}/clips/af147594bb97ec4280a4.wav,spoof,hi-en,491095,mucs2021,xtts_v2,clean,,train
${DATA_ROOT}/clips/acfe58e2b0cb8b81448e.wav,spoof,hi-en,702146,mucs2021,xtts_v2,clean,,train
${DATA_ROOT}/clips/0a634b54750226f169d2.wav,spoof,hi-en,707034,mucs2021,xtts_v2,clean,,train
${DATA_ROOT}/clips/53dc89295361c625fddb.wav,spoof,hi-en,126393,mucs2021,xtts_v2,clean,,train
${DATA_ROOT}/clips/eed929bea54fb99f8265.wav,spoof,hi-en,201350,mucs2021,xtts_v2,clean,,train
${DATA_ROOT}/clips/0bfb5a0f18a7ef5e21a9.wav,spoof,hi-en,342352,mucs2021,xtts_v2,clean,,train
${DATA_ROOT}/clips/5682e71b1146e5d2f432.wav,spoof,hi-en,350956,mucs2021,xtts_v2,clean,,train
${DATA_ROOT}/clips/25f7602d909902450333.wav,spoof,hi-en,433148,mucs2021,xtts_v2,clean,,train
${DATA_ROOT}/clips/6739dc1bae8d8cc4ede4.wav,spoof,hi-en,491095,mucs2021,xtts_v2,clean,,train
${DATA_ROOT}/clips/95032d671bcd779d24c4.wav,spoof,hi-en,702146,mucs2021,xtts_v2,clean,,train
${DATA_ROOT}/clips/e8a3953cde9770238869.wav,spoof,hi-en,707034,mucs2021,xtts_v2,clean,,train
${DATA_ROOT}/clips/ff46fc3dac619c5ac8cf.wav,spoof,hi-en,126393,mucs2021,xtts_v2,clean,,train
${DATA_ROOT}/clips/442743de08e08d3f5aeb.wav,spoof,hi-en,201350,mucs2021,xtts_v2,clean,,train
${DATA_ROOT}/clips/d132d468c8c65bbe75a0.wav,spoof,hi-en,342352,mucs2021,xtts_v2,clean,,train
${DATA_ROOT}/clips/824e9e1fd7be2bf0e850.wav,spoof,hi-en,350956,mucs2021,xtts_v2,clean,,train
${DATA_ROOT}/clips/b9e1d01047582e70a1c3.wav,spoof,hi-en,433148,mucs2021,xtts_v2,clean,,train
${DATA_ROOT}/clips/bdbc0484aae085968a03.wav,spoof,hi-en,491095,mucs2021,xtts_v2,clean,,train
${DATA_ROOT}/clips/94c6fa7db68f9c21f629.wav,spoof,hi-en,702146,mucs2021,xtts_v2,clean,,train
${DATA_ROOT}/clips/c48a2a846519e459e2b7.wav,spoof,hi-en,707034,mucs2021,xtts_v2,clean,,train
${DATA_ROOT}/clips/3e4e8c4ed241ba39202d.wav,spoof,hi-en,126393,mucs2021,xtts_v2,clean,,train
${DATA_ROOT}/clips/8ac226d364449f28282b.wav,spoof,hi-en,201350,mucs2021,xtts_v2,clean,,train
${DATA_ROOT}/clips/28f57948751b6ef6e71b.wav,spoof,hi-en,342352,mucs2021,xtts_v2,clean,,train
${DATA_ROOT}/clips/a4371551d4842b799c5a.wav,spoof,hi-en,350956,mucs2021,xtts_v2,clean,,train
${DATA_ROOT}/clips/74a8ec2aed25cbbab082.wav,spoof,hi-en,433148,mucs2021,xtts_v2,clean,,train
${DATA_ROOT}/clips/093e9ebb53ecbae6e85f.wav,spoof,hi-en,491095,mucs2021,xtts_v2,clean,,train
${DATA_ROOT}/clips/31583d727a32a8649a8b.wav,spoof,hi-en,702146,mucs2021,xtts_v2,clean,,train
${DATA_ROOT}/clips/fd6ea1eac6cad519d97b.wav,spoof,hi-en,707034,mucs2021,xtts_v2,clean,,train
${DATA_ROOT}/clips/f55b70eeb7faa1202bcf.wav,spoof,hi-en,126393,mucs2021,xtts_v2,clean,,train
${DATA_ROOT}/clips/19e053e04c2a34fb4b74.wav,spoof,hi-en,201350,mucs2021,xtts_v2,clean,,train
${DATA_ROOT}/clips/0736702455ac77fa28c4.wav,spoof,hi-en,342352,mucs2021,xtts_v2,clean,,train
${DATA_ROOT}/clips/c12e1147c8c9436c017d.wav,spoof,hi-en,350956,mucs2021,xtts_v2,clean,,train
${DATA_ROOT}/clips/6afa5e8a731f4e36fc89.wav,spoof,hi-en,433148,mucs2021,xtts_v2,clean,,train
${DATA_ROOT}/clips/e1a7e830cc91fc5b6eda.wav,spoof,hi-en,491095,mucs2021,xtts_v2,clean,,train
${DATA_ROOT}/clips/4da6910c134985445f57.wav,spoof,hi-en,702146,mucs2021,xtts_v2,clean,,train
${DATA_ROOT}/clips/2d7bc6def44098325275.wav,spoof,hi-en,707034,mucs2021,xtts_v2,clean,,train
${DATA_ROOT}/clips/a303fde3563f1b6d43fc.wav,spoof,hi-en,126393,mucs2021,xtts_v2,clean,,train
${DATA_ROOT}/clips/a9e759cf753c591af1ba.wav,spoof,hi-en,201350,mucs2021,xtts_v2,clean,,train
${DATA_ROOT}/clips/f2a9ecc91296b3b4f17b.wav,spoof,hi-en,342352,mucs2021,xtts_v2,clean,,train
${DATA_ROOT}/clips/78317c694209f512c11f.wav,spoof,hi-en,350956,mucs2021,xtts_v2,clean,,train
${DATA_ROOT}/clips/54f7a67f9c6e9839fd99.wav,spoof,hi-en,433148,mucs2021,xtts_v2,clean,,train
${DATA_ROOT}/clips/e326385ed9dcaf5a060f.wav,spoof,hi-en,491095,mucs2021,xtts_v2,clean,,train
${DATA_ROOT}/clips/d5ad55c1489d2f1b20a6.wav,spoof,hi-en,702146,mucs2021,xtts_v2,clean,,train
${DATA_ROOT}/clips/c89268382445465cbc06.wav,spoof,hi-en,707034,mucs2021,xtts_v2,clean,,train
${DATA_ROOT}/clips/1b109fb143226640fdbd.wav,spoof,hi-en,126393,mucs2021,xtts_v2,clean,,train
${DATA_ROOT}/clips/05754b4bc5ce48bedc12.wav,spoof,hi-en,201350,mucs2021,xtts_v2,clean,,train
${DATA_ROOT}/clips/278bf536b2d5d21eb9fb.wav,spoof,hi-en,342352,mucs2021,xtts_v2,clean,,train
${DATA_ROOT}/clips/32a26e7bd023f1e534b9.wav,spoof,hi-en,350956,mucs2021,xtts_v2,clean,,train
${DATA_ROOT}/clips/f02e1a88d5776db60004.wav,spoof,hi-en,433148,mucs2021,xtts_v2,clean,,train
${DATA_ROOT}/clips/16f8c96ae76400629d17.wav,spoof,hi-en,491095,mucs2021,xtts_v2,clean,,train
${DATA_ROOT}/clips/55458227da3551f3f2cb.wav,spoof,hi-en,702146,mucs2021,xtts_v2,clean,,train
${DATA_ROOT}/clips/a92cac5b92ed1172becb.wav,spoof,hi-en,707034,mucs2021,xtts_v2,clean,,train
${DATA_ROOT}/clips/4e4a846d37fcf53a8279.wav,spoof,hi-en,126393,mucs2021,xtts_v2,clean,,train
${DATA_ROOT}/clips/83c463994cf57074f4ea.wav,spoof,hi-en,201350,mucs2021,xtts_v2,clean,,train
${DATA_ROOT}/clips/933cf0d28075090d6170.wav,spoof,hi-en,342352,mucs2021,xtts_v2,clean,,train
${DATA_ROOT}/clips/535060eacf65b6b56f92.wav,spoof,hi-en,350956,mucs2021,xtts_v2,clean,,train
${DATA_ROOT}/clips/e0d86fc681661b32fced.wav,spoof,hi-en,433148,mucs2021,xtts_v2,clean,,train
${DATA_ROOT}/clips/34d0f0c0462b11b16a30.wav,spoof,hi-en,491095,mucs2021,xtts_v2,clean,,train
${DATA_ROOT}/clips/43ba41b7fc37b06812ec.wav,spoof,hi-en,702146,mucs2021,xtts_v2,clean,,train
${DATA_ROOT}/clips/1535375ceabb6e745d21.wav,spoof,hi-en,707034,mucs2021,xtts_v2,clean,,train
