filepath,label,language,speaker,source,tool,condition,utt_id,split
${DATA_ROOT}/clips/126393_rSn8GnGA2xpKk7qD_0000.wav,bonafide,hi-en,126393,mucs2021,none,channel_g711_20db,126393_rSn8GnGA2xpKk7qD_0000,train
${DATA_ROOT}/clips/126393_rSn8GnGA2xpKk7qD_0001.wav,bonafide,hi-en,126393,mucs2021,none,channel_g711_20db,126393_rSn8GnGA2xpKk7qD_0001,train
${DATA_ROOT}/clips/126393_rSn8GnGA2xpKk7qD_0002.wav,bonafide,hi-en,126393,mucs2021,none,channel_g711_20db,126393_rSn8GnGA2xpKk7qD_0002,train
${DATA_ROOT}/clips/126393_rSn8GnGA2xpKk7qD_0003.wav,bonafide,hi-en,126393,mucs2021,none,channel_g711_20db,126393_rSn8GnGA2xpKk7qD_0003,train
${DATA_ROOT}/clips/126393_rSn8GnGA2xpKk7qD_0004.wav,bonafide,hi-en,126393,mucs2021,none,channel_g711_20db,126393_rSn8GnGA2xpKk7qD_0004,train
${DATA_ROOT}/clips/126393_rSn8GnGA2xpKk7qD_0005.wav,bonafide,hi-en,126393,mucs2021,none,channel_g711_20db,126393_rSn8GnGA2xpKk7qD_0005,train
${DATA_ROOT}/clips/126393_rSn8GnGA2xpKk7qD_0006.wav,bonafide,hi-en,126393,mucs2021,none,channel_g711_20db,126393_rSn8GnGA2xpKk7qD_0006,train
${DATA_ROOT}/clips/126393_rSn8GnGA2xpKk7qD_0007.wav,bonafide,hi-en,126393,mucs2021,none,channel_g711_20db,126393_rSn8GnGA2xpKk7qD_0007,train
${DATA_ROOT}/clips/126393_rSn8GnGA2xpKk7qD_0008.wav,bonafide,hi-en,126393,mucs2021,none,channel_g711_20db,126393_rSn8GnGA2xpKk7qD_0008,train
${DATA_ROOT}/clips/126393_rSn8GnGA2xpKk7qD_0009.wav,bonafide,hi-en,126393,mucs2021,none,channel_g711_20db,126393_rSn8GnGA2xpKk7qD_0009,train
${DATA_ROOT}/clips/126393_rSn8GnGA2xpKk7qD_0010.wav,bonafide,hi-en,126393,mucs2021,none,channel_g711_20db,126393_rSn8GnGA2xpKk7qD_0010,train
${DATA_ROOT}/clips/126393_rSn8GnGA2xpKk7qD_0011.wav,bonafide,hi-en,126393,mucs2021,none,channel_g711_20db,126393_rSn8GnGA2xpKk7qD_0011,train
${DATA_ROOT}/clips/126393_rSn8GnGA2xpKk7qD_0012.wav,bonafide,hi-en,126393,mucs2021,none,channel_g711_20db,126393_rSn8GnGA2xpKk7qD_0012,train
${DATA_ROOT}/clips/126393_rSn8GnGA2xpKk7qD_0013.wav,bonafide,hi-en,126393,mucs2021,none,channel_g711_20db,126393_rSn8GnGA2xpKk7qD_0013,train
${DATA_ROOT}/clips/126393_rSn8GnGA2xpKk7qD_0014.wav,bonafide,hi-en,126393,mucs2021,none,channel_g711_20db,126393_rSn8GnGA2xpKk7qD_0014,train
${DATA_ROOT}/clips/126393_rSn8GnGA2xpKk7qD_0015.wav,bonafide,hi-en,126393,mucs2021,none,channel_g711_20db,126393_rSn8GnGA2xpKk7qD_0015,train
${DATA_ROOT}/clips/126393_rSn8GnGA2xpKk7qD_0016.wav,bonafide,hi-en,126393,mucs2021,none,channel_g711_20db,126393_rSn8GnGA2xpKk7qD_0016,train
${DATA_ROOT}/clips/126393_rSn8GnGA2xpKk7qD_0017.wav,bonafide,hi-en,126393,mucs2021,none,channel_g711_20db,126393_rSn8GnGA2xpKk7qD_0017,train
${DATA_ROOT}/clips/126393_rSn8GnGA2xpKk7qD_0018.wav,bonafide,hi-en,126393,mucs2021,none,channel_g711_20db,126393_rSn8GnGA2xpKk7qD_0018,train
${DATA_ROOT}/clips/126393_rSn8GnGA2xpKk7qD_0019.wav,bonafide,hi-en,126393,mucs2021,none,channel_g711_20db,126393_rSn8GnGA2xpKk7qD_0019,train
${DATA_ROOT}/clips/126393_rSn8GnGA2xpKk7qD_0020.wav,bonafide,hi-en,126393,mucs2021,none,channel_g711_20db,126393_rSn8GnGA2xpKk7qD_0020,train
${DATA_ROOT}/clips/126393_rSn8GnGA2xpKk7qD_0021.wav,bonafide,hi-en,126393,mucs2021,none,channel_g711_20db,126393_rSn8GnGA2xpKk7qD_0021,train
${DATA_ROOT}/clips/126393_rSn8GnGA2xpKk7qD_0022.wav,bonafide,hi-en,126393,mucs2021,none,channel_g711_20db,126393_rSn8GnGA2xpKk7qD_0022,train
${DATA_ROOT}/clips/126393_rSn8GnGA2xpKk7qD_0023.wav,bonafide,hi-en,126393,mucs2021,none,channel_g711_20db,126393_rSn8GnGA2xpKk7qD_0023,train
${DATA_ROOT}/clips/126393_rSn8GnGA2xpKk7qD_0024.wav,bonafide,hi-en,126393,mucs2021,none,channel_g711_20db,126393_rSn8GnGA2xpKk7qD_0024,train
${DATA_ROOT}/clips/126393_rSn8GnGA2xpKk7qD_0025.wav,bonafide,hi-en,126393,mucs2021,none,channel_g711_20db,126393_rSn8GnGA2xpKk7qD_0025,train
${DATA_ROOT}/clips/126393_rSn8GnGA2xpKk7qD_0026.wav,bonafide,hi-en,126393,mucs2021,none,channel_g711_20db,126393_rSn8GnGA2xpKk7qD_0026,train
${DATA_ROOT}/clips/126393_rSn8GnGA2xpKk7qD_0027.wav,bonafide,hi-en,126393,mucs2021,none,channel_g711_20db,126393_rSn8GnGA2xpKk7qD_0027,train
${DATA_ROOT}/clips/126393_rSn8GnGA2xpKk7qD_0028.wav,bonafide,hi-en,126393,mucs2021,none,channel_g711_20db,126393_rSn8GnGA2xpKk7qD_0028,train
${DATA_ROOT}/clips/126393_rSn8GnGA2xpKk7qD_0029.wav,bonafide,hi-en,126393,mucs2021,none,channel_g711_20db,126393_rSn8GnGA2xpKk7qD_0029,train
${DATA_ROOT}/clips/126393_rSn8GnGA2xpKk7qD_0030.wav,bonafide,hi-en,126393,mucs2021,none,channel_g711_20db,126393_rSn8GnGA2xpKk7qD_0030,train
${DATA_ROOT}/clips/126393_rSn8GnGA2xpKk7qD_0031.wav,bonafide,hi-en,126393,mucs2021,none,channel_g711_20db,126393_rSn8GnGA2xpKk7qD_0031,train
${DATA_ROOT}/clips/126393_rSn8GnGA2xpKk7qD_0032.wav,bonafide,hi-en,126393,mucs2021,none,channel_g711_20db,126393_rSn8GnGA2xpKk7qD_0032,train
${DATA_ROOT}/clips/126393_rSn8GnGA2xpKk7qD_0033.wav,bonafide,hi-en,126393,mucs2021,none,channel_g711_20db,126393_rSn8GnGA2xpKk7qD_0033,train
${DATA_ROOT}/clips/126393_rSn8GnGA2xpKk7qD_0034.wav,bonafide,hi-en,126393,mucs2021,none,channel_g711_20db,126393_rSn8GnGA2xpKk7qD_0034,train
${DATA_ROOT}/clips/126393_rSn8GnGA2xpKk7qD_0035.wav,bonafide,hi-en,126393,mucs2021,none,channel_g711_20db,126393_rSn8GnGA2xpKk7qD_0035,train
${DATA_ROOT}/clips/126393_rSn8GnGA2xpKk7qD_0036.wav,bonafide,hi-en,126393,mucs2021,none,channel_g711_20db,126393_rSn8GnGA2xpKk7qD_0036,train
${DATA_ROOT}/clips/126393_rSn8GnGA2xpKk7qD_0037.wav,bonafide,hi-en,126393,mucs2021,none,channel_g711_20db,126393_rSn8GnGA2xpKk7qD_0037,train
${DATA_ROOT}/clips/126393_rSn8GnGA2xpKk7qD_0038.wav,bonafide,hi-en,126393,mucs2021,none,channel_g711_20db,126393_rSn8GnGA2xpKk7qD_0038,train
${DATA_ROOT}/clips/126393_rSn8GnGA2xpKk7qD_0039.wav,bonafide,hi-en,126393,mucs2021,none,channel_g711_20db,126393_rSn8GnGA2xpKk7qD_0039,train
${DATA_ROOT}/clips/126393_rSn8GnGA2xpKk7qD_0040.wav,bonafide,hi-en,126393,mucs2021,none,channel_g711_20db,126393_rSn8GnGA2xpKk7qD_0040,train
${DATA_ROOT}/clips/126393_rSn8GnGA2xpKk7qD_0041.wav,bonafide,hi-en,126393,mucs2021,none,channel_g711_20db,126393_rSn8GnGA2xpKk7qD_0041,train
${DATA_ROOT}/clips/126393_rSn8GnGA2xpKk7qD_0042.wav,bonafide,hi-en,126393,mucs2021,none,channel_g711_20db,126393_rSn8GnGA2xpKk7qD_0042,train
${DATA_ROOT}/clips/126393_rSn8GnGA2xpKk7qD_0043.wav,bonafide,hi-en,126393,mucs2021,none,channel_g711_20db,126393_rSn8GnGA2xpKk7qD_0043,train
${DATA_ROOT}/clips/126393_rSn8GnGA2xpKk7qD_0044.wav,bonafide,hi-en,126393,mucs2021,none,channel_g711_20db,126393_rSn8GnGA2xpKk7qD_0044,train
${DATA_ROOT}/clips/126393_rSn8GnGA2xpKk7qD_0045.wav,bonafide,hi-en,126393,mucs2021,none,channel_g711_20db,126393_rSn8GnGA2xpKk7qD_0045,train
${DATA_ROOT}/clips/126393_rSn8GnGA2xpKk7qD_0046.wav,bonafide,hi-en,126393,mucs2021,none,channel_g711_20db,126393_rSn8GnGA2xpKk7qD_0046,train
${DATA_ROOT}/clips/126393_rSn8GnGA2xpKk7qD_0047.wav,bonafide,hi-en,126393,mucs2021,none,channel_g711_20db,126393_rSn8GnGA2xpKk7qD_0047,train
${DATA_ROOT}/clips/126393_rSn8GnGA2xpKk7qD_0048.wav,bonafide,hi-en,126393,mucs2021,none,channel_g711_20db,126393_rSn8GnGA2xpKk7qD_0048,train
${DATA_ROOT}/clips/126393_rSn8GnGA2xpKk7qD_0049.wav,bonafide,hi-en,126393,mucs2021,none,channel_g711_20db,126393_rSn8GnGA2xpKk7qD_0049,train
${DATA_ROOT}/clips/126393_rSn8GnGA2xpKk7qD_0050.wav,bonafide,hi-en,126393,mucs2021,none,channel_g711_20db,126393_rSn8GnGA2xpKk7qD_0050,train
${DATA_ROOT}/clips/126393_rSn8GnGA2xpKk7qD_0051.wav,bonafide,hi-en,126393,mucs2021,none,channel_g711_20db,126393_rSn8GnGA2xpKk7qD_0051,train
${DATA_ROOT}/clips/126393_rSn8GnGA2xpKk7qD_0052.wav,bonafide,hi-en,126393,mucs2021,none,channel_g711_20db,126393_rSn8GnGA2xpKk7qD_0052,train
${DATA_ROOT}/clips/126393_rSn8GnGA2xpKk7qD_0053.wav,bonafide,hi-en,126393,mucs2021,none,channel_g711_20db,126393_rSn8GnGA2xpKk7qD_0053,train
${DATA_ROOT}/clips/126393_rSn8GnGA2xpKk7qD_0054.wav,bonafide,hi-en,126393,mucs2021,none,channel_g711_20db,126393_rSn8GnGA2xpKk7qD_0054,train
${DATA_ROOT}/clips/126393_rSn8GnGA2xpKk7qD_0055.wav,bonafide,hi-en,126393,mucs2021,none,channel_g711_20db,126393_rSn8GnGA2xpKk7qD_0055,train
${DATA_ROOT}/clips/126393_rSn8GnGA2xpKk7qD_0056.wav,bonafide,hi-en,126393,mucs2021,none,channel_g711_20db,126393_rSn8GnGA2xpKk7qD_0056,train
${DATA_ROOT}/clips/126393_rSn8GnGA2xpKk7qD_0057.wav,bonafide,hi-en,126393,mucs2021,none,channel_g711_20db,126393_rSn8GnGA2xpKk7qD_0057,train
${DATA_ROOT}/clips/126393_rSn8GnGA2xpKk7qD_0058.wav,bonafide,hi-en,126393,mucs2021,none,channel_g711_20db,126393_rSn8GnGA2xpKk7qD_0058,train
${DATA_ROOT}/clips/126393_rSn8GnGA2xpKk7qD_0059.wav,bonafide,hi-en,126393,mucs2021,none,channel_g711_20db,126393_rSn8GnGA2xpKk7qD_0059,train
${DATA_ROOT}/clips/126393_rSn8GnGA2xpKk7qD_0060.wav,bonafide,hi-en,126393,mucs2021,none,channel_g711_20db,126393_rSn8GnGA2xpKk7qD_0060,train
${DATA_ROOT}/clips/126393_rSn8GnGA2xpKk7qD_0061.wav,bonafide,hi-en,126393,mucs2021,none,channel_g711_20db,126393_rSn8GnGA2xpKk7qD_0061,train
${DATA_ROOT}/clips/126393_rSn8GnGA2xpKk7qD_0062.wav,bonafide,hi-en,126393,mucs2021,none,channel_g711_20db,126393_rSn8GnGA2xpKk7qD_0062,train
${DATA_ROOT}/clips/126393_rSn8GnGA2xpKk7qD_0063.wav,bonafide,hi-en,126393,mucs2021,none,channel_g711_20db,126393_rSn8GnGA2xpKk7qD_0063,train
${DATA_ROOT}/clips/126393_rSn8GnGA2xpKk7qD_0064.wav,bonafide,hi-en,126393,mucs2021,none,channel_g711_20db,126393_rSn8GnGA2xpKk7qD_0064,train
${DATA_ROOT}/clips/126393_rSn8GnGA2xpKk7qD_0065.wav,bonafide,hi-en,126393,mucs2021,none,channel_g711_20db,126393_rSn8GnGA2xpKk7qD_0065,train
${DATA_ROOT}/clips/126393_rSn8GnGA2xpKk7qD_0066.wav,bonafide,hi-en,126393,mucs2021,none,channel_g711_20db,126393_rSn8GnGA2xpKk7qD_0066,train
${DATA_ROOT}/clips/126393_rSn8GnGA2xpKk7qD_0067.wav,bonafide,hi-en,126393,mucs2021,none,channel_g711_20db,126393_rSn8GnGA2xpKk7qD_0067,train
${DATA_ROOT}/clips/126393_rSn8GnGA2xpKk7qD_0068.wav,bonafide,hi-en,126393,mucs2021,none,channel_g711_20db,126393_rSn8GnGA2xpKk7qD_0068,train
${DATA_ROOT}/clips/126393_rSn8GnGA2xpKk7qD_0069.wav,bonafide,hi-en,126393,mucs2021,none,channel_g711_20db,126393_rSn8GnGA2xpKk7qD_0069,train
${DATA_ROOT}/clips/126393_rSn8GnGA2xpKk7qD_0070.wav,bonafide,hi-en,126393,mucs2021,none,channel_g711_20db,126393_rSn8GnGA2xpKk7qD_0070,train
${DATA_ROOT}/clips/126393_rSn8GnGA2xpKk7qD_0071.wav,bonafide,hi-en,126393,mucs2021,none,channel_g711_20db,126393_rSn8GnGA2xpKk7qD_0071,train
${DATA_ROOT}/clips/126393_rSn8GnGA2xpKk7qD_0072.wav,bonafide,hi-en,126393,mucs2021,none,channel_g711_20db,126393_rSn8GnGA2xpKk7qD_0072,train
${DATA_ROOT}/clips/126393_rSn8GnGA2xpKk7qD_0073.wav,bonafide,hi-en,126393,mucs2021,none,channel_g711_20db,126393_rSn8GnGA2xpKk7qD_0073,train
${DATA_ROOT}/clips/126393_rSn8GnGA2xpKk7qD_0074.wav,bonafide,hi-en,126393,mucs2021,none,channel_g711_20db,126393_rSn8GnGA2xpKk7qD_0074,train
${DATA_ROOT}/clips/126393_rSn8GnGA2xpKk7qD_0075.wav,bonafide,hi-en,126393,mucs2021,none,channel_g711_20db,126393_rSn8GnGA2xpKk7qD_0075,train
${DATA_ROOT}/clips/126393_rSn8GnGA2xpKk7qD_0076.wav,bonafide,hi-en,126393,mucs2021,none,channel_g711_20db,126393_rSn8GnGA2xpKk7qD_0076,train
${DATA_ROOT}/clips/126393_rSn8GnGA2xpKk7qD_0077.wav,bonafide,hi-en,126393,mucs2021,none,channel_g711_20db,126393_rSn8GnGA2xpKk7qD_0077,train
${DATA_ROOT}/clips/126393_rSn8GnGA2xpKk7qD_0078.wav,bonafide,hi-en,126393,mucs2021,none,channel_g711_20db,126393_rSn8GnGA2xpKk7qD_0078,train
${DATA_ROOT}/clips/126393_rSn8GnGA2xpKk7qD_0079.wav,bonafide,hi-en,126393,mucs2021,none,channel_g711_20db,126393_rSn8GnGA2xpKk7qD_0079,train
${DATA_ROOT}/clips/126393_rSn8GnGA2xpKk7qD_0080.wav,bonafide,hi-en,126393,mucs2021,none,channel_g711_20db,126393_rSn8GnGA2xpKk7qD_0080,train
${DATA_ROOT}/clips/126393_rSn8GnGA2xpKk7qD_0081.wav,bonafide,hi-en,126393,mucs2021,none,channel_g711_20db,126393_rSn8GnGA2xpKk7qD_0081,train
${DATA_ROOT}/clips/126393_rSn8GnGA2xpKk7qD_0082.wav,bonafide,hi-en,126393,mucs2021,none,channel_g711_20db,126393_rSn8GnGA2xpKk7qD_0082,train
${DATA_ROOT}/clips/126393_rSn8GnGA2xpKk7qD_0083.wav,bonafide,hi-en,126393,mucs2021,none,channel_g711_20db,126393_rSn8GnGA2xpKk7qD_0083,train
${DATA_ROOT}/clips/126393_rSn8GnGA2xpKk7qD_0084.wav,bonafide,hi-en,126393,mucs2021,none,channel_g711_20db,126393_rSn8GnGA2xpKk7qD_0084,train
${DATA_ROOT}/clips/126393_rSn8GnGA2xpKk7qD_0085.wav,bonafide,hi-en,126393,mucs2021,none,channel_g711_20db,126393_rSn8GnGA2xpKk7qD_0085,train
${DATA_ROOT}/clips/126393_rSn8GnGA2xpKk7qD_0086.wav,bonafide,hi-en,126393,mucs2021,none,channel_g711_20db,126393_rSn8GnGA2xpKk7qD_0086,train
${DATA_ROOT}/clips/126393_rSn8GnGA2xpKk7qD_0087.wav,bonafide,hi-en,126393,mucs2021,none,channel_g711_20db,126393_rSn8GnGA2xpKk7qD_0087,train
${DATA_ROOT}/clips/126393_rSn8GnGA2xpKk7qD_0088.wav,bonafide,hi-en,126393,mucs2021,none,channel_g711_20db,126393_rSn8GnGA2xpKk7qD_0088,train
${DATA_ROOT}/clips/126393_rSn8GnGA2xpKk7qD_0089.wav,bonafide,hi-en,126393,mucs2021,none,channel_g711_20db,126393_rSn8GnGA2xpKk7qD_0089,train
${DATA_ROOT}/clips/126393_rSn8GnGA2xpKk7qD_0090.wav,bonafide,hi-en,126393,mucs2021,none,channel_g711_20db,126393_rSn8GnGA2xpKk7qD_0090,train
${DATA_ROOT}/clips/126393_rSn8GnGA2xpKk7qD_0091.wav,bonafide,hi-en,126393,mucs2021,none,channel_g711_20db,126393_rSn8GnGA2xpKk7qD_0091,train
${DATA_ROOT}/clips/126393_rSn8GnGA2xpKk7qD_0092.wav,bonafide,hi-en,126393,mucs2021,none,channel_g711_20db,126393_rSn8GnGA2xpKk7qD_0092,train
${DATA_ROOT}/clips/201350_lPOyV7bzJHSRLOWi_0000.wav,bonafide,hi-en,201350,mucs2021,none,channel_g711_20db,201350_lPOyV7bzJHSRLOWi_0000,train
${DATA_ROOT}/clips/201350_lPOyV7bzJHSRLOWi_0001.wav,bonafide,hi-en,201350,mucs2021,none,channel_g711_20db,201350_lPOyV7bzJHSRLOWi_0001,train
${DATA_ROOT}/clips/201350_lPOyV7bzJHSRLOWi_0002.wav,bonafide,hi-en,201350,mucs2021,none,channel_g711_20db,201350_lPOyV7bzJHSRLOWi_0002,train
${DATA_ROOT}/clips/201350_lPOyV7bzJHSRLOWi_0003.wav,bonafide,hi-en,201350,mucs2021,none,channel_g711_20db,201350_lPOyV7bzJHSRLOWi_0003,train
${DATA_ROOT}/clips/201350_lPOyV7bzJHSRLOWi_0004.wav,bonafide,hi-en,201350,mucs2021,none,channel_g711_20db,201350_lPOyV7bzJHSRLOWi_0004,train
${DATA_ROOT}/clips/201350_lPOyV7bzJHSRLOWi_0005.wav,bonafide,hi-en,201350,mucs2021,none,channel_g711_20db,201350_lPOyV7bzJHSRLOWi_0005,train
${DATA_ROOT}/clips/201350_lPOyV7bzJHSRLOWi_0006.wav,bonafide,hi-en,201350,mucs2021,none,channel_g711_20db,201350_lPOyV7bzJHSRLOWi_0006,train
${DATA_ROOT}/clips/201350_lPOyV7bzJHSRLOWi_0007.wav,bonafide,hi-en,201350,mucs2021,none,channel_g711_20db,201350_lPOyV7bzJHSRLOWi_0007,train
${DATA_ROOT}/clips/201350_lPOyV7bzJHSRLOWi_0008.wav,bonafide,hi-en,201350,mucs2021,none,channel_g711_20db,201350_lPOyV7bzJHSRLOWi_0008,train
${DATA_ROOT}/clips/201350_lPOyV7bzJHSRLOWi_0009.wav,bonafide,hi-en,201350,mucs2021,none,channel_g711_20db,201350_lPOyV7bzJHSRLOWi_0009,train
${DATA_ROOT}/clips/201350_lPOyV7bzJHSRLOWi_0010.wav,bonafide,hi-en,201350,mucs2021,none,channel_g711_20db,201350_lPOyV7bzJHSRLOWi_0010,train
${DATA_ROOT}/clips/201350_lPOyV7bzJHSRLOWi_0011.wav,bonafide,hi-en,201350,mucs2021,none,channel_g711_20db,201350_lPOyV7bzJHSRLOWi_0011,train
${DATA_ROOT}/clips/201350_lPOyV7bzJHSRLOWi_0012.wav,bonafide,hi-en,201350,mucs2021,none,channel_g711_20db,201350_lPOyV7bzJHSRLOWi_0012,train
${DATA_ROOT}/clips/201350_lPOyV7bzJHSRLOWi_0013.wav,bonafide,hi-en,201350,mucs2021,none,channel_g711_20db,201350_lPOyV7bzJHSRLOWi_0013,train
${DATA_ROOT}/clips/201350_lPOyV7bzJHSRLOWi_0014.wav,bonafide,hi-en,201350,mucs2021,none,channel_g711_20db,201350_lPOyV7bzJHSRLOWi_0014,train
${DATA_ROOT}/clips/201350_lPOyV7bzJHSRLOWi_0015.wav,bonafide,hi-en,201350,mucs2021,none,channel_g711_20db,201350_lPOyV7bzJHSRLOWi_0015,train
${DATA_ROOT}/clips/201350_lPOyV7bzJHSRLOWi_0016.wav,bonafide,hi-en,201350,mucs2021,none,channel_g711_20db,201350_lPOyV7bzJHSRLOWi_0016,train
${DATA_ROOT}/clips/201350_lPOyV7bzJHSRLOWi_0017.wav,bonafide,hi-en,201350,mucs2021,none,channel_g711_20db,201350_lPOyV7bzJHSRLOWi_0017,train
${DATA_ROOT}/clips/201350_lPOyV7bzJHSRLOWi_0018.wav,bonafide,hi-en,201350,mucs2021,none,channel_g711_20db,201350_lPOyV7bzJHSRLOWi_0018,train
${DATA_ROOT}/clips/201350_lPOyV7bzJHSRLOWi_0019.wav,bonafide,hi-en,201350,mucs2021,none,channel_g711_20db,201350_lPOyV7bzJHSRLOWi_0019,train
${DATA_ROOT}/clips/201350_lPOyV7bzJHSRLOWi_0020.wav,bonafide,hi-en,201350,mucs2021,none,channel_g711_20db,201350_lPOyV7bzJHSRLOWi_0020,train
${DATA_ROOT}/clips/201350_lPOyV7bzJHSRLOWi_0021.wav,bonafide,hi-en,201350,mucs2021,none,channel_g711_20db,201350_lPOyV7bzJHSRLOWi_0021,train
${DATA_ROOT}/clips/201350_lPOyV7bzJHSRLOWi_0022.wav,bonafide,hi-en,201350,mucs2021,none,channel_g711_20db,201350_lPOyV7bzJHSRLOWi_0022,train
${DATA_ROOT}/clips/201350_lPOyV7bzJHSRLOWi_0023.wav,bonafide,hi-en,201350,mucs2021,none,channel_g711_20db,201350_lPOyV7bzJHSRLOWi_0023,train
${DATA_ROOT}/clips/201350_lPOyV7bzJHSRLOWi_0024.wav,bonafide,hi-en,201350,mucs2021,none,channel_g711_20db,201350_lPOyV7bzJHSRLOWi_0024,train
${DATA_ROOT}/clips/201350_lPOyV7bzJHSRLOWi_0025.wav,bonafide,hi-en,201350,mucs2021,none,channel_g711_20db,201350_lPOyV7bzJHSRLOWi_0025,train
${DATA_ROOT}/clips/201350_lPOyV7bzJHSRLOWi_0026.wav,bonafide,hi-en,201350,mucs2021,none,channel_g711_20db,201350_lPOyV7bzJHSRLOWi_0026,train
${DATA_ROOT}/clips/201350_lPOyV7bzJHSRLOWi_0027.wav,bonafide,hi-en,201350,mucs2021,none,channel_g711_20db,201350_lPOyV7bzJHSRLOWi_0027,train
${DATA_ROOT}/clips/201350_lPOyV7bzJHSRLOWi_0028.wav,bonafide,hi-en,201350,mucs2021,none,channel_g711_20db,201350_lPOyV7bzJHSRLOWi_0028,train
${DATA_ROOT}/clips/201350_lPOyV7bzJHSRLOWi_0029.wav,bonafide,hi-en,201350,mucs2021,none,channel_g711_20db,201350_lPOyV7bzJHSRLOWi_0029,train
${DATA_ROOT}/clips/201350_lPOyV7bzJHSRLOWi_0030.wav,bonafide,hi-en,201350,mucs2021,none,channel_g711_20db,201350_lPOyV7bzJHSRLOWi_0030,train
${DATA_ROOT}/clips/201350_lPOyV7bzJHSRLOWi_0031.wav,bonafide,hi-en,201350,mucs2021,none,channel_g711_20db,201350_lPOyV7bzJHSRLOWi_0031,train
${DATA_ROOT}/clips/201350_lPOyV7bzJHSRLOWi_0032.wav,bonafide,hi-en,201350,mucs2021,none,channel_g711_20db,201350_lPOyV7bzJHSRLOWi_0032,train
${DATA_ROOT}/clips/201350_lPOyV7bzJHSRLOWi_0033.wav,bonafide,hi-en,201350,mucs2021,none,channel_g711_20db,201350_lPOyV7bzJHSRLOWi_0033,train
${DATA_ROOT}/clips/201350_lPOyV7bzJHSRLOWi_0034.wav,bonafide,hi-en,201350,mucs2021,none,channel_g711_20db,201350_lPOyV7bzJHSRLOWi_0034,train
${DATA_ROOT}/clips/201350_lPOyV7bzJHSRLOWi_0035.wav,bonafide,hi-en,201350,mucs2021,none,channel_g711_20db,201350_lPOyV7bzJHSRLOWi_0035,train
${DATA_ROOT}/clips/201350_lPOyV7bzJHSRLOWi_0036.wav,bonafide,hi-en,201350,mucs2021,none,channel_g711_20db,201350_lPOyV7bzJHSRLOWi_0036,train
${DATA_ROOT}/clips/201350_lPOyV7bzJHSRLOWi_0037.wav,bonafide,hi-en,201350,mucs2021,none,channel_g711_20db,201350_lPOyV7bzJHSRLOWi_0037,train
${DATA_ROOT}/clips/201350_lPOyV7bzJHSRLOWi_0038.wav,bonafide,hi-en,201350,mucs2021,none,channel_g711_20db,201350_lPOyV7bzJHSRLOWi_0038,train
${DATA_ROOT}/clips/201350_lPOyV7bzJHSRLOWi_0039.wav,bonafide,hi-en,201350,mucs2021,none,channel_g711_20db,201350_lPOyV7bzJHSRLOWi_0039,train
${DATA_ROOT}/clips/201350_lPOyV7bzJHSRLOWi_0040.wav,bonafide,hi-en,201350,mucs2021,none,channel_g711_20db,201350_lPOyV7bzJHSRLOWi_0040,train
${DATA_ROOT}/clips/201350_lPOyV7bzJHSRLOWi_0041.wav,bonafide,hi-en,201350,mucs2021,none,channel_g711_20db,201350_lPOyV7bzJHSRLOWi_0041,train
${DATA_ROOT}/clips/201350_lPOyV7bzJHSRLOWi_0042.wav,bonafide,hi-en,201350,mucs2021,none,channel_g711_20db,201350_lPOyV7bzJHSRLOWi_0042,train
${DATA_ROOT}/clips/201350_lPOyV7bzJHSRLOWi_0043.wav,bonafide,hi-en,201350,mucs2021,none,channel_g711_20db,201350_lPOyV7bzJHSRLOWi_0043,train
${DATA_ROOT}/clips/201350_lPOyV7bzJHSRLOWi_0044.wav,bonafide,hi-en,201350,mucs2021,none,channel_g711_20db,201350_lPOyV7bzJHSRLOWi_0044,train
${DATA_ROOT}/clips/201350_lPOyV7bzJHSRLOWi_0045.wav,bonafide,hi-en,201350,mucs2021,none,channel_g711_20db,201350_lPOyV7bzJHSRLOWi_0045,train
${DATA_ROOT}/clips/201350_lPOyV7bzJHSRLOWi_0046.wav,bonafide,hi-en,201350,mucs2021,none,channel_g711_20db,201350_lPOyV7bzJHSRLOWi_0046,train
${DATA_ROOT}/clips/201350_lPOyV7bzJHSRLOWi_0047.wav,bonafide,hi-en,201350,mucs2021,none,channel_g711_20db,201350_lPOyV7bzJHSRLOWi_0047,train
${DATA_ROOT}/clips/201350_lPOyV7bzJHSRLOWi_0048.wav,bonafide,hi-en,201350,mucs2021,none,channel_g711_20db,201350_lPOyV7bzJHSRLOWi_0048,train
${DATA_ROOT}/clips/201350_lPOyV7bzJHSRLOWi_0049.wav,bonafide,hi-en,201350,mucs2021,none,channel_g711_20db,201350_lPOyV7bzJHSRLOWi_0049,train
${DATA_ROOT}/clips/201350_lPOyV7bzJHSRLOWi_0050.wav,bonafide,hi-en,201350,mucs2021,none,channel_g711_20db,201350_lPOyV7bzJHSRLOWi_0050,train
${DATA_ROOT}/clips/201350_lPOyV7bzJHSRLOWi_0051.wav,bonafide,hi-en,201350,mucs2021,none,channel_g711_20db,201350_lPOyV7bzJHSRLOWi_0051,train
${DATA_ROOT}/clips/201350_lPOyV7bzJHSRLOWi_0052.wav,bonafide,hi-en,201350,mucs2021,none,channel_g711_20db,201350_lPOyV7bzJHSRLOWi_0052,train
${DATA_ROOT}/clips/201350_lPOyV7bzJHSRLOWi_0053.wav,bonafide,hi-en,201350,mucs2021,none,channel_g711_20db,201350_lPOyV7bzJHSRLOWi_0053,train
${DATA_ROOT}/clips/201350_lPOyV7bzJHSRLOWi_0054.wav,bonafide,hi-en,201350,mucs2021,none,channel_g711_20db,201350_lPOyV7bzJHSRLOWi_0054,train
${DATA_ROOT}/clips/201350_lPOyV7bzJHSRLOWi_0055.wav,bonafide,hi-en,201350,mucs2021,none,channel_g711_20db,201350_lPOyV7bzJHSRLOWi_0055,train
${DATA_ROOT}/clips/201350_lPOyV7bzJHSRLOWi_0056.wav,bonafide,hi-en,201350,mucs2021,none,channel_g711_20db,201350_lPOyV7bzJHSRLOWi_0056,train
${DATA_ROOT}/clips/201350_lPOyV7bzJHSRLOWi_0057.wav,bonafide,hi-en,201350,mucs2021,none,channel_g711_20db,201350_lPOyV7bzJHSRLOWi_0057,train
${DATA_ROOT}/clips/201350_lPOyV7bzJHSRLOWi_0058.wav,bonafide,hi-en,201350,mucs2021,none,channel_g711_20db,201350_lPOyV7bzJHSRLOWi_0058,train
${DATA_ROOT}/clips/201350_lPOyV7bzJHSRLOWi_0059.wav,bonafide,hi-en,201350,mucs2021,none,channel_g711_20db,201350_lPOyV7bzJHSRLOWi_0059,train
${DATA_ROOT}/clips/201350_lPOyV7bzJHSRLOWi_0060.wav,bonafide,hi-en,201350,mucs2021,none,channel_g711_20db,201350_lPOyV7bzJHSRLOWi_0060,train
${DATA_ROOT}/clips/201350_lPOyV7bzJHSRLOWi_0061.wav,bonafide,hi-en,201350,mucs2021,none,channel_g711_20db,201350_lPOyV7bzJHSRLOWi_0061,train
${DATA_ROOT}/clips/201350_lPOyV7bzJHSRLOWi_0062.wav,bonafide,hi-en,201350,mucs2021,none,channel_g711_20db,201350_lPOyV7bzJHSRLOWi_0062,train
${DATA_ROOT}/clips/201350_lPOyV7bzJHSRLOWi_0063.wav,bonafide,hi-en,201350,mucs2021,none,channel_g711_20db,201350_lPOyV7bzJHSRLOWi_0063,train
${DATA_ROOT}/clips/201350_lPOyV7bzJHSRLOWi_0064.wav,bonafide,hi-en,201350,mucs2021,none,channel_g711_20db,201350_lPOyV7bzJHSRLOWi_0064,train
${DATA_ROOT}/clips/201350_lPOyV7bzJHSRLOWi_0065.wav,bonafide,hi-en,201350,mucs2021,none,channel_g711_20db,201350_lPOyV7bzJHSRLOWi_0065,train
${DATA_ROOT}/clips/201350_lPOyV7bzJHSRLOWi_0066.wav,bonafide,hi-en,201350,mucs2021,none,channel_g711_20db,201350_lPOyV7bzJHSRLOWi_0066,train
${DATA_ROOT}/clips/201350_lPOyV7bzJHSRLOWi_0067.wav,bonafide,hi-en,201350,mucs2021,none,channel_g711_20db,201350_lPOyV7bzJHSRLOWi_0067,train
${DATA_ROOT}/clips/201350_lPOyV7bzJHSRLOWi_0068.wav,bonafide,hi-en,201350,mucs2021,none,channel_g711_20db,201350_lPOyV7bzJHSRLOWi_0068,train
${DATA_ROOT}/clips/201350_lPOyV7bzJHSRLOWi_0069.wav,bonafide,hi-en,201350,mucs2021,none,channel_g711_20db,201350_lPOyV7bzJHSRLOWi_0069,train
${DATA_ROOT}/clips/201350_lPOyV7bzJHSRLOWi_0070.wav,bonafide,hi-en,201350,mucs2021,none,channel_g711_20db,201350_lPOyV7bzJHSRLOWi_0070,train
${DATA_ROOT}/clips/201350_lPOyV7bzJHSRLOWi_0071.wav,bonafide,hi-en,201350,mucs2021,none,channel_g711_20db,201350_lPOyV7bzJHSRLOWi_0071,train
${DATA_ROOT}/clips/201350_lPOyV7bzJHSRLOWi_0072.wav,bonafide,hi-en,201350,mucs2021,none,channel_g711_20db,201350_lPOyV7bzJHSRLOWi_0072,train
${DATA_ROOT}/clips/201350_lPOyV7bzJHSRLOWi_0073.wav,bonafide,hi-en,201350,mucs2021,none,channel_g711_20db,201350_lPOyV7bzJHSRLOWi_0073,train
${DATA_ROOT}/clips/201350_lPOyV7bzJHSRLOWi_0074.wav,bonafide,hi-en,201350,mucs2021,none,channel_g711_20db,201350_lPOyV7bzJHSRLOWi_0074,train
${DATA_ROOT}/clips/201350_lPOyV7bzJHSRLOWi_0075.wav,bonafide,hi-en,201350,mucs2021,none,channel_g711_20db,201350_lPOyV7bzJHSRLOWi_0075,train
${DATA_ROOT}/clips/201350_lPOyV7bzJHSRLOWi_0076.wav,bonafide,hi-en,201350,mucs2021,none,channel_g711_20db,201350_lPOyV7bzJHSRLOWi_0076,train
${DATA_ROOT}/clips/201350_lPOyV7bzJHSRLOWi_0077.wav,bonafide,hi-en,201350,mucs2021,none,channel_g711_20db,201350_lPOyV7bzJHSRLOWi_0077,train
${DATA_ROOT}/clips/201350_lPOyV7bzJHSRLOWi_0078.wav,bonafide,hi-en,201350,mucs2021,none,channel_g711_20db,201350_lPOyV7bzJHSRLOWi_0078,train
${DATA_ROOT}/clips/201350_lPOyV7bzJHSRLOWi_0079.wav,bonafide,hi-en,201350,mucs2021,none,channel_g711_20db,201350_lPOyV7bzJHSRLOWi_0079,train
${DATA_ROOT}/clips/201350_lPOyV7bzJHSRLOWi_0080.wav,bonafide,hi-en,201350,mucs2021,none,channel_g711_20db,201350_lPOyV7bzJHSRLOWi_0080,train
${DATA_ROOT}/clips/201350_lPOyV7bzJHSRLOWi_0081.wav,bonafide,hi-en,201350,mucs2021,none,channel_g711_20db,201350_lPOyV7bzJHSRLOWi_0081,train
${DATA_ROOT}/clips/201350_lPOyV7bzJHSRLOWi_0082.wav,bonafide,hi-en,201350,mucs2021,none,channel_g711_20db,201350_lPOyV7bzJHSRLOWi_0082,train
${DATA_ROOT}/clips/201350_lPOyV7bzJHSRLOWi_0083.wav,bonafide,hi-en,201350,mucs2021,none,channel_g711_20db,201350_lPOyV7bzJHSRLOWi_0083,train
${DATA_ROOT}/clips/201350_lPOyV7bzJHSRLOWi_0084.wav,bonafide,hi-en,201350,mucs2021,none,channel_g711_20db,201350_lPOyV7bzJHSRLOWi_0084,train
${DATA_ROOT}/clips/201350_lPOyV7bzJHSRLOWi_0085.wav,bonafide,hi-en,201350,mucs2021,none,channel_g711_20db,201350_lPOyV7bzJHSRLOWi_0085,train
${DATA_ROOT}/clips/201350_lPOyV7bzJHSRLOWi_0086.wav,bonafide,hi-en,201350,mucs2021,none,channel_g711_20db,201350_lPOyV7bzJHSRLOWi_0086,train
${DATA_ROOT}/clips/201350_lPOyV7bzJHSRLOWi_0087.wav,bonafide,hi-en,201350,mucs2021,none,channel_g711_20db,201350_lPOyV7bzJHSRLOWi_0087,train
${DATA_ROOT}/clips/201350_lPOyV7bzJHSRLOWi_0088.wav,bonafide,hi-en,201350,mucs2021,none,channel_g711_20db,201350_lPOyV7bzJHSRLOWi_0088,train
${DATA_ROOT}/clips/201350_lPOyV7bzJHSRLOWi_0089.wav,bonafide,hi-en,201350,mucs2021,none,channel_g711_20db,201350_lPOyV7bzJHSRLOWi_0089,train
${DATA_ROOT}/clips/342352_MvhFmsojaastXzq5_0000.wav,bonafide,hi-en,342352,mucs2021,none,channel_g711_20db,342352_MvhFmsojaastXzq5_0000,train
${DATA_ROOT}/clips/342352_MvhFmsojaastXzq5_0001.wav,bonafide,hi-en,342352,mucs2021,none,channel_g711_20db,342352_MvhFmsojaastXzq5_0001,train
${DATA_ROOT}/clips/342352_MvhFmsojaastXzq5_0002.wav,bonafide,hi-en,342352,mucs2021,none,channel_g711_20db,342352_MvhFmsojaastXzq5_0002,train
${DATA_ROOT}/clips/342352_MvhFmsojaastXzq5_0003.wav,bonafide,hi-en,342352,mucs2021,none,channel_g711_20db,342352_MvhFmsojaastXzq5_0003,train
${DATA_ROOT}/clips/342352_MvhFmsojaastXzq5_0004.wav,bonafide,hi-en,342352,mucs2021,none,channel_g711_20db,342352_MvhFmsojaastXzq5_0004,train
${DATA_ROOT}/clips/342352_MvhFmsojaastXzq5_0005.wav,bonafide,hi-en,342352,mucs2021,none,channel_g711_20db,342352_MvhFmsojaastXzq5_0005,train
${DATA_ROOT}/clips/342352_MvhFmsojaastXzq5_0006.wav,bonafide,hi-en,342352,mucs2021,none,channel_g711_20db,342352_MvhFmsojaastXzq5_0006,train
${DATA_ROOT}/clips/342352_MvhFmsojaastXzq5_0007.wav,bonafide,hi-en,342352,mucs2021,none,channel_g711_20db,342352_MvhFmsojaastXzq5_0007,train
${DATA_ROOT}/clips/342352_MvhFmsojaastXzq5_0008.wav,bonafide,hi-en,342352,mucs2021,none,channel_g711_20db,342352_MvhFmsojaastXzq5_0008,train
${DATA_ROOT}/clips/342352_MvhFmsojaastXzq5_0009.wav,bonafide,hi-en,342352,mucs2021,none,channel_g711_20db,342352_MvhFmsojaastXzq5_0009,train
${DATA_ROOT}/clips/342352_MvhFmsojaastXzq5_0010.wav,bonafide,hi-en,342352,mucs2021,none,channel_g711_20db,342352_MvhFmsojaastXzq5_0010,train
${DATA_ROOT}/clips/342352_MvhFmsojaastXzq5_0011.wav,bonafide,hi-en,342352,mucs2021,none,channel_g711_20db,342352_MvhFmsojaastXzq5_0011,train
${DATA_ROOT}/clips/342352_MvhFmsojaastXzq5_0012.wav,bonafide,hi-en,342352,mucs2021,none,channel_g711_20db,342352_MvhFmsojaastXzq5_0012,train
${DATA_ROOT}/clips/342352_MvhFmsojaastXzq5_0013.wav,bonafide,hi-en,342352,mucs2021,none,channel_g711_20db,342352_MvhFmsojaastXzq5_0013,train
${DATA_ROOT}/clips/342352_MvhFmsojaastXzq5_0014.wav,bonafide,hi-en,342352,mucs2021,none,channel_g711_20db,342352_MvhFmsojaastXzq5_0014,train
${DATA_ROOT}/clips/342352_MvhFmsojaastXzq5_0015.wav,bonafide,hi-en,342352,mucs2021,none,channel_g711_20db,342352_MvhFmsojaastXzq5_0015,train
${DATA_ROOT}/clips/342352_MvhFmsojaastXzq5_0016.wav,bonafide,hi-en,342352,mucs2021,none,channel_g711_20db,342352_MvhFmsojaastXzq5_0016,train
${DATA_ROOT}/clips/342352_MvhFmsojaastXzq5_0017.wav,bonafide,hi-en,342352,mucs2021,none,channel_g711_20db,342352_MvhFmsojaastXzq5_0017,train
${DATA_ROOT}/clips/342352_MvhFmsojaastXzq5_0018.wav,bonafide,hi-en,342352,mucs2021,none,channel_g711_20db,342352_MvhFmsojaastXzq5_0018,train
${DATA_ROOT}/clips/342352_MvhFmsojaastXzq5_0019.wav,bonafide,hi-en,342352,mucs2021,none,channel_g711_20db,342352_MvhFmsojaastXzq5_0019,train
${DATA_ROOT}/clips/342352_MvhFmsojaastXzq5_0020.wav,bonafide,hi-en,342352,mucs2021,none,channel_g711_20db,342352_MvhFmsojaastXzq5_0020,train
${DATA_ROOT}/clips/342352_MvhFmsojaastXzq5_0021.wav,bonafide,hi-en,342352,mucs2021,none,channel_g711_20db,342352_MvhFmsojaastXzq5_0021,train
${DATA_ROOT}/clips/342352_MvhFmsojaastXzq5_0022.wav,bonafide,hi-en,342352,mucs2021,none,channel_g711_20db,342352_MvhFmsojaastXzq5_0022,train
${DATA_ROOT}/clips/342352_MvhFmsojaastXzq5_0023.wav,bonafide,hi-en,342352,mucs2021,none,channel_g711_20db,342352_MvhFmsojaastXzq5_0023,train
${DATA_ROOT}/clips/342352_MvhFmsojaastXzq5_0024.wav,bonafide,hi-en,342352,mucs2021,none,channel_g711_20db,342352_MvhFmsojaastXzq5_0024,train
${DATA_ROOT}/clips/342352_MvhFmsojaastXzq5_0025.wav,bonafide,hi-en,342352,mucs2021,none,channel_g711_20db,342352_MvhFmsojaastXzq5_0025,train
${DATA_ROOT}/clips/342352_MvhFmsojaastXzq5_0026.wav,bonafide,hi-en,342352,mucs2021,none,channel_g711_20db,342352_MvhFmsojaastXzq5_0026,train
${DATA_ROOT}/clips/342352_MvhFmsojaastXzq5_0027.wav,bonafide,hi-en,342352,mucs2021,none,channel_g711_20db,342352_MvhFmsojaastXzq5_0027,train
${DATA_ROOT}/clips/342352_MvhFmsojaastXzq5_0028.wav,bonafide,hi-en,342352,mucs2021,none,channel_g711_20db,342352_MvhFmsojaastXzq5_0028,train
${DATA_ROOT}/clips/342352_MvhFmsojaastXzq5_0029.wav,bonafide,hi-en,342352,mucs2021,none,channel_g711_20db,342352_MvhFmsojaastXzq5_0029,train
${DATA_ROOT}/clips/342352_MvhFmsojaastXzq5_0030.wav,bonafide,hi-en,342352,mucs2021,none,channel_g711_20db,342352_MvhFmsojaastXzq5_0030,train
${DATA_ROOT}/clips/342352_MvhFmsojaastXzq5_0031.wav,bonafide,hi-en,342352,mucs2021,none,channel_g711_20db,342352_MvhFmsojaastXzq5_0031,train
${DATA_ROOT}/clips/342352_MvhFmsojaastXzq5_0032.wav,bonafide,hi-en,342352,mucs2021,none,channel_g711_20db,342352_MvhFmsojaastXzq5_0032,train
${DATA_ROOT}/clips/342352_MvhFmsojaastXzq5_0033.wav,bonafide,hi-en,342352,mucs2021,none,channel_g711_20db,342352_MvhFmsojaastXzq5_0033,train
${DATA_ROOT}/clips/342352_MvhFmsojaastXzq5_0034.wav,bonafide,hi-en,342352,mucs2021,none,channel_g711_20db,342352_MvhFmsojaastXzq5_0034,train
${DATA_ROOT}/clips/342352_MvhFmsojaastXzq5_0035.wav,bonafide,hi-en,342352,mucs2021,none,channel_g711_20db,342352_MvhFmsojaastXzq5_0035,train
${DATA_ROOT}/clips/342352_MvhFmsojaastXzq5_0036.wav,bonafide,hi-en,342352,mucs2021,none,channel_g711_20db,342352_MvhFmsojaastXzq5_0036,train
${DATA_ROOT}/clips/342352_MvhFmsojaastXzq5_0037.wav,bonafide,hi-en,342352,mucs2021,none,channel_g711_20db,342352_MvhFmsojaastXzq5_0037,train
${DATA_ROOT}/clips/342352_MvhFmsojaastXzq5_0038.wav,bonafide,hi-en,342352,mucs2021,none,channel_g711_20db,342352_MvhFmsojaastXzq5_0038,train
${DATA_ROOT}/clips/342352_MvhFmsojaastXzq5_0039.wav,bonafide,hi-en,342352,mucs2021,none,channel_g711_20db,342352_MvhFmsojaastXzq5_0039,train
${DATA_ROOT}/clips/342352_MvhFmsojaastXzq5_0040.wav,bonafide,hi-en,342352,mucs2021,none,channel_g711_20db,342352_MvhFmsojaastXzq5_0040,train
${DATA_ROOT}/clips/342352_MvhFmsojaastXzq5_0041.wav,bonafide,hi-en,342352,mucs2021,none,channel_g711_20db,342352_MvhFmsojaastXzq5_0041,train
${DATA_ROOT}/clips/342352_MvhFmsojaastXzq5_0042.wav,bonafide,hi-en,342352,mucs2021,none,channel_g711_20db,342352_MvhFmsojaastXzq5_0042,train
${DATA_ROOT}/clips/342352_MvhFmsojaastXzq5_0043.wav,bonafide,hi-en,342352,mucs2021,none,channel_g711_20db,342352_MvhFmsojaastXzq5_0043,train
${DATA_ROOT}/clips/342352_MvhFmsojaastXzq5_0044.wav,bonafide,hi-en,342352,mucs2021,none,channel_g711_20db,342352_MvhFmsojaastXzq5_0044,train
${DATA_ROOT}/clips/342352_MvhFmsojaastXzq5_0045.wav,bonafide,hi-en,342352,mucs2021,none,channel_g711_20db,342352_MvhFmsojaastXzq5_0045,train
${DATA_ROOT}/clips/342352_MvhFmsojaastXzq5_0046.wav,bonafide,hi-en,342352,mucs2021,none,channel_g711_20db,342352_MvhFmsojaastXzq5_0046,train
${DATA_ROOT}/clips/342352_MvhFmsojaastXzq5_0047.wav,bonafide,hi-en,342352,mucs2021,none,channel_g711_20db,342352_MvhFmsojaastXzq5_0047,train
${DATA_ROOT}/clips/342352_MvhFmsojaastXzq5_0048.wav,bonafide,hi-en,342352,mucs2021,none,channel_g711_20db,342352_MvhFmsojaastXzq5_0048,train
${DATA_ROOT}/clips/342352_MvhFmsojaastXzq5_0049.wav,bonafide,hi-en,342352,mucs2021,none,channel_g711_20db,342352_MvhFmsojaastXzq5_0049,train
${DATA_ROOT}/clips/342352_MvhFmsojaastXzq5_0050.wav,bonafide,hi-en,342352,mucs2021,none,channel_g711_20db,342352_MvhFmsojaastXzq5_0050,train
${DATA_ROOT}/clips/342352_MvhFmsojaastXzq5_0051.wav,bonafide,hi-en,342352,mucs2021,none,channel_g711_20db,342352_MvhFmsojaastXzq5_0051,train
${DATA_ROOT}/clips/342352_MvhFmsojaastXzq5_0052.wav,bonafide,hi-en,342352,mucs2021,none,channel_g711_20db,342352_MvhFmsojaastXzq5_0052,train
${DATA_ROOT}/clips/342352_MvhFmsojaastXzq5_0053.wav,bonafide,hi-en,342352,mucs2021,none,channel_g711_20db,342352_MvhFmsojaastXzq5_0053,train
${DATA_ROOT}/clips/342352_MvhFmsojaastXzq5_0054.wav,bonafide,hi-en,342352,mucs2021,none,channel_g711_20db,342352_MvhFmsojaastXzq5_0054,train
${DATA_ROOT}/clips/342352_MvhFmsojaastXzq5_0055.wav,bonafide,hi-en,342352,mucs2021,none,channel_g711_20db,342352_MvhFmsojaastXzq5_0055,train
${DATA_ROOT}/clips/342352_MvhFmsojaastXzq5_0056.wav,bonafide,hi-en,342352,mucs2021,none,channel_g711_20db,342352_MvhFmsojaastXzq5_0056,train
${DATA_ROOT}/clips/342352_MvhFmsojaastXzq5_0057.wav,bonafide,hi-en,342352,mucs2021,none,channel_g711_20db,342352_MvhFmsojaastXzq5_0057,train
${DATA_ROOT}/clips/342352_MvhFmsojaastXzq5_0058.wav,bonafide,hi-en,342352,mucs2021,none,channel_g711_20db,342352_MvhFmsojaastXzq5_0058,train
${DATA_ROOT}/clips/342352_MvhFmsojaastXzq5_0059.wav,bonafide,hi-en,342352,mucs2021,none,channel_g711_20db,342352_MvhFmsojaastXzq5_0059,train
${DATA_ROOT}/clips/342352_MvhFmsojaastXzq5_0060.wav,bonafide,hi-en,342352,mucs2021,none,channel_g711_20db,342352_MvhFmsojaastXzq5_0060,train
${DATA_ROOT}/clips/342352_MvhFmsojaastXzq5_0061.wav,bonafide,hi-en,342352,mucs2021,none,channel_g711_20db,342352_MvhFmsojaastXzq5_0061,train
${DATA_ROOT}/clips/342352_MvhFmsojaastXzq5_0062.wav,bonafide,hi-en,342352,mucs2021,none,channel_g711_20db,342352_MvhFmsojaastXzq5_0062,train
${DATA_ROOT}/clips/342352_MvhFmsojaastXzq5_0063.wav,bonafide,hi-en,342352,mucs2021,none,channel_g711_20db,342352_MvhFmsojaastXzq5_0063,train
${DATA_ROOT}/clips/342352_MvhFmsojaastXzq5_0064.wav,bonafide,hi-en,342352,mucs2021,none,channel_g711_20db,342352_MvhFmsojaastXzq5_0064,train
${DATA_ROOT}/clips/342352_MvhFmsojaastXzq5_0065.wav,bonafide,hi-en,342352,mucs2021,none,channel_g711_20db,342352_MvhFmsojaastXzq5_0065,train
${DATA_ROOT}/clips/342352_MvhFmsojaastXzq5_0066.wav,bonafide,hi-en,342352,mucs2021,none,channel_g711_20db,342352_MvhFmsojaastXzq5_0066,train
${DATA_ROOT}/clips/342352_MvhFmsojaastXzq5_0067.wav,bonafide,hi-en,342352,mucs2021,none,channel_g711_20db,342352_MvhFmsojaastXzq5_0067,train
${DATA_ROOT}/clips/342352_MvhFmsojaastXzq5_0068.wav,bonafide,hi-en,342352,mucs2021,none,channel_g711_20db,342352_MvhFmsojaastXzq5_0068,train
${DATA_ROOT}/clips/350956_AdztwNlAtCku4h6b_0000.wav,bonafide,hi-en,350956,mucs2021,none,channel_g711_20db,350956_AdztwNlAtCku4h6b_0000,train
${DATA_ROOT}/clips/350956_AdztwNlAtCku4h6b_0001.wav,bonafide,hi-en,350956,mucs2021,none,channel_g711_20db,350956_AdztwNlAtCku4h6b_0001,train
${DATA_ROOT}/clips/350956_AdztwNlAtCku4h6b_0002.wav,bonafide,hi-en,350956,mucs2021,none,channel_g711_20db,350956_AdztwNlAtCku4h6b_0002,train
${DATA_ROOT}/clips/350956_AdztwNlAtCku4h6b_0003.wav,bonafide,hi-en,350956,mucs2021,none,channel_g711_20db,350956_AdztwNlAtCku4h6b_0003,train
${DATA_ROOT}/clips/350956_AdztwNlAtCku4h6b_0004.wav,bonafide,hi-en,350956,mucs2021,none,channel_g711_20db,350956_AdztwNlAtCku4h6b_0004,train
${DATA_ROOT}/clips/350956_AdztwNlAtCku4h6b_0005.wav,bonafide,hi-en,350956,mucs2021,none,channel_g711_20db,350956_AdztwNlAtCku4h6b_0005,train
${DATA_ROOT}/clips/350956_AdztwNlAtCku4h6b_0006.wav,bonafide,hi-en,350956,mucs2021,none,channel_g711_20db,350956_AdztwNlAtCku4h6b_0006,train
${DATA_ROOT}/clips/350956_AdztwNlAtCku4h6b_0007.wav,bonafide,hi-en,350956,mucs2021,none,channel_g711_20db,350956_AdztwNlAtCku4h6b_0007,train
${DATA_ROOT}/clips/350956_AdztwNlAtCku4h6b_0008.wav,bonafide,hi-en,350956,mucs2021,none,channel_g711_20db,350956_AdztwNlAtCku4h6b_0008,train
${DATA_ROOT}/clips/350956_AdztwNlAtCku4h6b_0009.wav,bonafide,hi-en,350956,mucs2021,none,channel_g711_20db,350956_AdztwNlAtCku4h6b_0009,train
${DATA_ROOT}/clips/350956_AdztwNlAtCku4h6b_0010.wav,bonafide,hi-en,350956,mucs2021,none,channel_g711_20db,350956_AdztwNlAtCku4h6b_0010,train
${DATA_ROOT}/clips/350956_AdztwNlAtCku4h6b_0011.wav,bonafide,hi-en,350956,mucs2021,none,channel_g711_20db,350956_AdztwNlAtCku4h6b_0011,train
${DATA_ROOT}/clips/350956_AdztwNlAtCku4h6b_0012.wav,bonafide,hi-en,350956,mucs2021,none,channel_g711_20db,350956_AdztwNlAtCku4h6b_0012,train
${DATA_ROOT}/clips/350956_AdztwNlAtCku4h6b_0013.wav,bonafide,hi-en,350956,mucs2021,none,channel_g711_20db,350956_AdztwNlAtCku4h6b_0013,train
${DATA_ROOT}/clips/350956_AdztwNlAtCku4h6b_0014.wav,bonafide,hi-en,350956,mucs2021,none,channel_g711_20db,350956_AdztwNlAtCku4h6b_0014,train
${DATA_ROOT}/clips/350956_AdztwNlAtCku4h6b_0015.wav,bonafide,hi-en,350956,mucs2021,none,channel_g711_20db,350956_AdztwNlAtCku4h6b_0015,train
${DATA_ROOT}/clips/350956_AdztwNlAtCku4h6b_0016.wav,bonafide,hi-en,350956,mucs2021,none,channel_g711_20db,350956_AdztwNlAtCku4h6b_0016,train
${DATA_ROOT}/clips/350956_AdztwNlAtCku4h6b_0017.wav,bonafide,hi-en,350956,mucs2021,none,channel_g711_20db,350956_AdztwNlAtCku4h6b_0017,train
${DATA_ROOT}/clips/350956_AdztwNlAtCku4h6b_0018.wav,bonafide,hi-en,350956,mucs2021,none,channel_g711_20db,350956_AdztwNlAtCku4h6b_0018,train
${DATA_ROOT}/clips/350956_AdztwNlAtCku4h6b_0019.wav,bonafide,hi-en,350956,mucs2021,none,channel_g711_20db,350956_AdztwNlAtCku4h6b_0019,train
${DATA_ROOT}/clips/350956_AdztwNlAtCku4h6b_0020.wav,bonafide,hi-en,350956,mucs2021,none,channel_g711_20db,350956_AdztwNlAtCku4h6b_0020,train
${DATA_ROOT}/clips/350956_AdztwNlAtCku4h6b_0021.wav,bonafide,hi-en,350956,mucs2021,none,channel_g711_20db,350956_AdztwNlAtCku4h6b_0021,train
${DATA_ROOT}/clips/350956_AdztwNlAtCku4h6b_0022.wav,bonafide,hi-en,350956,mucs2021,none,channel_g711_20db,350956_AdztwNlAtCku4h6b_0022,train
${DATA_ROOT}/clips/350956_AdztwNlAtCku4h6b_0023.wav,bonafide,hi-en,350956,mucs2021,none,channel_g711_20db,350956_AdztwNlAtCku4h6b_0023,train
${DATA_ROOT}/clips/350956_AdztwNlAtCku4h6b_0024.wav,bonafide,hi-en,350956,mucs2021,none,channel_g711_20db,350956_AdztwNlAtCku4h6b_0024,train
${DATA_ROOT}/clips/350956_AdztwNlAtCku4h6b_0025.wav,bonafide,hi-en,350956,mucs2021,none,channel_g711_20db,350956_AdztwNlAtCku4h6b_0025,train
${DATA_ROOT}/clips/350956_AdztwNlAtCku4h6b_0026.wav,bonafide,hi-en,350956,mucs2021,none,channel_g711_20db,350956_AdztwNlAtCku4h6b_0026,train
${DATA_ROOT}/clips/350956_AdztwNlAtCku4h6b_0027.wav,bonafide,hi-en,350956,mucs2021,none,channel_g711_20db,350956_AdztwNlAtCku4h6b_0027,train
${DATA_ROOT}/clips/350956_AdztwNlAtCku4h6b_0028.wav,bonafide,hi-en,350956,mucs2021,none,channel_g711_20db,350956_AdztwNlAtCku4h6b_0028,train
${DATA_ROOT}/clips/350956_AdztwNlAtCku4h6b_0029.wav,bonafide,hi-en,350956,mucs2021,none,channel_g711_20db,350956_AdztwNlAtCku4h6b_0029,train
${DATA_ROOT}/clips/350956_AdztwNlAtCku4h6b_0030.wav,bonafide,hi-en,350956,mucs2021,none,channel_g711_20db,350956_AdztwNlAtCku4h6b_0030,train
${DATA_ROOT}/clips/350956_AdztwNlAtCku4h6b_0031.wav,bonafide,hi-en,350956,mucs2021,none,channel_g711_20db,350956_AdztwNlAtCku4h6b_0031,train
${DATA_ROOT}/clips/350956_AdztwNlAtCku4h6b_0032.wav,bonafide,hi-en,350956,mucs2021,none,channel_g711_20db,350956_AdztwNlAtCku4h6b_0032,train
${DATA_ROOT}/clips/350956_AdztwNlAtCku4h6b_0033.wav,bonafide,hi-en,350956,mucs2021,none,channel_g711_20db,350956_AdztwNlAtCku4h6b_0033,train
${DATA_ROOT}/clips/350956_AdztwNlAtCku4h6b_0034.wav,bonafide,hi-en,350956,mucs2021,none,channel_g711_20db,350956_AdztwNlAtCku4h6b_0034,train
${DATA_ROOT}/clips/350956_AdztwNlAtCku4h6b_0035.wav,bonafide,hi-en,350956,mucs2021,none,channel_g711_20db,350956_AdztwNlAtCku4h6b_0035,train
${DATA_ROOT}/clips/350956_AdztwNlAtCku4h6b_0036.wav,bonafide,hi-en,350956,mucs2021,none,channel_g711_20db,350956_AdztwNlAtCku4h6b_0036,train
${DATA_ROOT}/clips/350956_AdztwNlAtCku4h6b_0037.wav,bonafide,hi-en,350956,mucs2021,none,channel_g711_20db,350956_AdztwNlAtCku4h6b_0037,train
${DATA_ROOT}/clips/350956_AdztwNlAtCku4h6b_0038.wav,bonafide,hi-en,350956,mucs2021,none,channel_g711_20db,350956_AdztwNlAtCku4h6b_0038,train
${DATA_ROOT}/clips/350956_AdztwNlAtCku4h6b_0039.wav,bonafide,hi-en,350956,mucs2021,none,channel_g711_20db,350956_AdztwNlAtCku4h6b_0039,train
${DATA_ROOT}/clips/350956_AdztwNlAtCku4h6b_0040.wav,bonafide,hi-en,350956,mucs2021,none,channel_g711_20db,350956_AdztwNlAtCku4h6b_0040,train
${DATA_ROOT}/clips/350956_AdztwNlAtCku4h6b_0041.wav,bonafide,hi-en,350956,mucs2021,none,channel_g711_20db,350956_AdztwNlAtCku4h6b_0041,train
${DATA_ROOT}/clips/350956_AdztwNlAtCku4h6b_0042.wav,bonafide,hi-en,350956,mucs2021,none,channel_g711_20db,350956_AdztwNlAtCku4h6b_0042,train
${DATA_ROOT}/clips/350956_AdztwNlAtCku4h6b_0043.wav,bonafide,hi-en,350956,mucs2021,none,channel_g711_20db,350956_AdztwNlAtCku4h6b_0043,train
${DATA_ROOT}/clips/350956_AdztwNlAtCku4h6b_0044.wav,bonafide,hi-en,350956,mucs2021,none,channel_g711_20db,350956_AdztwNlAtCku4h6b_0044,train
${DATA_ROOT}/clips/350956_AdztwNlAtCku4h6b_0045.wav,bonafide,hi-en,350956,mucs2021,none,channel_g711_20db,350956_AdztwNlAtCku4h6b_0045,train
${DATA_ROOT}/clips/350956_AdztwNlAtCku4h6b_0046.wav,bonafide,hi-en,350956,mucs2021,none,channel_g711_20db,350956_AdztwNlAtCku4h6b_0046,train
${DATA_ROOT}/clips/350956_AdztwNlAtCku4h6b_0047.wav,bonafide,hi-en,350956,mucs2021,none,channel_g711_20db,350956_AdztwNlAtCku4h6b_0047,train
${DATA_ROOT}/clips/350956_AdztwNlAtCku4h6b_0048.wav,bonafide,hi-en,350956,mucs2021,none,channel_g711_20db,350956_AdztwNlAtCku4h6b_0048,train
${DATA_ROOT}/clips/350956_AdztwNlAtCku4h6b_0049.wav,bonafide,hi-en,350956,mucs2021,none,channel_g711_20db,350956_AdztwNlAtCku4h6b_0049,train
${DATA_ROOT}/clips/350956_AdztwNlAtCku4h6b_0050.wav,bonafide,hi-en,350956,mucs2021,none,channel_g711_20db,350956_AdztwNlAtCku4h6b_0050,train
${DATA_ROOT}/clips/350956_AdztwNlAtCku4h6b_0051.wav,bonafide,hi-en,350956,mucs2021,none,channel_g711_20db,350956_AdztwNlAtCku4h6b_0051,train
${DATA_ROOT}/clips/350956_AdztwNlAtCku4h6b_0052.wav,bonafide,hi-en,350956,mucs2021,none,channel_g711_20db,350956_AdztwNlAtCku4h6b_0052,train
${DATA_ROOT}/clips/350956_AdztwNlAtCku4h6b_0053.wav,bonafide,hi-en,350956,mucs2021,none,channel_g711_20db,350956_AdztwNlAtCku4h6b_0053,train
${DATA_ROOT}/clips/350956_AdztwNlAtCku4h6b_0054.wav,bonafide,hi-en,350956,mucs2021,none,channel_g711_20db,350956_AdztwNlAtCku4h6b_0054,train
${DATA_ROOT}/clips/350956_AdztwNlAtCku4h6b_0055.wav,bonafide,hi-en,350956,mucs2021,none,channel_g711_20db,350956_AdztwNlAtCku4h6b_0055,train
${DATA_ROOT}/clips/350956_AdztwNlAtCku4h6b_0056.wav,bonafide,hi-en,350956,mucs2021,none,channel_g711_20db,350956_AdztwNlAtCku4h6b_0056,train
${DATA_ROOT}/clips/350956_AdztwNlAtCku4h6b_0057.wav,bonafide,hi-en,350956,mucs2021,none,channel_g711_20db,350956_AdztwNlAtCku4h6b_0057,train
${DATA_ROOT}/clips/350956_AdztwNlAtCku4h6b_0058.wav,bonafide,hi-en,350956,mucs2021,none,channel_g711_20db,350956_AdztwNlAtCku4h6b_0058,train
${DATA_ROOT}/clips/350956_AdztwNlAtCku4h6b_0059.wav,bonafide,hi-en,350956,mucs2021,none,channel_g711_20db,350956_AdztwNlAtCku4h6b_0059,train
${DATA_ROOT}/clips/350956_AdztwNlAtCku4h6b_0060.wav,bonafide,hi-en,350956,mucs2021,none,channel_g711_20db,350956_AdztwNlAtCku4h6b_0060,train
${DATA_ROOT}/clips/350956_AdztwNlAtCku4h6b_0061.wav,bonafide,hi-en,350956,mucs2021,none,channel_g711_20db,350956_AdztwNlAtCku4h6b_0061,train
${DATA_ROOT}/clips/350956_AdztwNlAtCku4h6b_0062.wav,bonafide,hi-en,350956,mucs2021,none,channel_g711_20db,350956_AdztwNlAtCku4h6b_0062,train
${DATA_ROOT}/clips/350956_AdztwNlAtCku4h6b_0063.wav,bonafide,hi-en,350956,mucs2021,none,channel_g711_20db,350956_AdztwNlAtCku4h6b_0063,train
${DATA_ROOT}/clips/350956_AdztwNlAtCku4h6b_0064.wav,bonafide,hi-en,350956,mucs2021,none,channel_g711_20db,350956_AdztwNlAtCku4h6b_0064,train
${DATA_ROOT}/clips/350956_AdztwNlAtCku4h6b_0065.wav,bonafide,hi-en,350956,mucs2021,none,channel_g711_20db,350956_AdztwNlAtCku4h6b_0065,train
${DATA_ROOT}/clips/350956_AdztwNlAtCku4h6b_0066.wav,bonafide,hi-en,350956,mucs2021,none,channel_g711_20db,350956_AdztwNlAtCku4h6b_0066,train
${DATA_ROOT}/clips/350956_AdztwNlAtCku4h6b_0067.wav,bonafide,hi-en,350956,mucs2021,none,channel_g711_20db,350956_AdztwNlAtCku4h6b_0067,train
${DATA_ROOT}/clips/350956_AdztwNlAtCku4h6b_0068.wav,bonafide,hi-en,350956,mucs2021,none,channel_g711_20db,350956_AdztwNlAtCku4h6b_0068,train
${DATA_ROOT}/clips/350956_AdztwNlAtCku4h6b_0069.wav,bonafide,hi-en,350956,mucs2021,none,channel_g711_20db,350956_AdztwNlAtCku4h6b_0069,train
${DATA_ROOT}/clips/350956_AdztwNlAtCku4h6b_0070.wav,bonafide,hi-en,350956,mucs2021,none,channel_g711_20db,350956_AdztwNlAtCku4h6b_0070,train
${DATA_ROOT}/clips/350956_AdztwNlAtCku4h6b_0071.wav,bonafide,hi-en,350956,mucs2021,none,channel_g711_20db,350956_AdztwNlAtCku4h6b_0071,train
${DATA_ROOT}/clips/350956_AdztwNlAtCku4h6b_0072.wav,bonafide,hi-en,350956,mucs2021,none,channel_g711_20db,350956_AdztwNlAtCku4h6b_0072,train
${DATA_ROOT}/clips/350956_AdztwNlAtCku4h6b_0073.wav,bonafide,hi-en,350956,mucs2021,none,channel_g711_20db,350956_AdztwNlAtCku4h6b_0073,train
${DATA_ROOT}/clips/350956_AdztwNlAtCku4h6b_0074.wav,bonafide,hi-en,350956,mucs2021,none,channel_g711_20db,350956_AdztwNlAtCku4h6b_0074,train
${DATA_ROOT}/clips/350956_AdztwNlAtCku4h6b_0075.wav,bonafide,hi-en,350956,mucs2021,none,channel_g711_20db,350956_AdztwNlAtCku4h6b_0075,train
${DATA_ROOT}/clips/350956_AdztwNlAtCku4h6b_0076.wav,bonafide,hi-en,350956,mucs2021,none,channel_g711_20db,350956_AdztwNlAtCku4h6b_0076,train
${DATA_ROOT}/clips/350956_AdztwNlAtCku4h6b_0077.wav,bonafide,hi-en,350956,mucs2021,none,channel_g711_20db,350956_AdztwNlAtCku4h6b_0077,train
${DATA_ROOT}/clips/350956_AdztwNlAtCku4h6b_0078.wav,bonafide,hi-en,350956,mucs2021,none,channel_g711_20db,350956_AdztwNlAtCku4h6b_0078,train
${DATA_ROOT}/clips/350956_AdztwNlAtCku4h6b_0079.wav,bonafide,hi-en,350956,mucs2021,none,channel_g711_20db,350956_AdztwNlAtCku4h6b_0079,train
${DATA_ROOT}/clips/350956_AdztwNlAtCku4h6b_0080.wav,bonafide,hi-en,350956,mucs2021,none,channel_g711_20db,350956_AdztwNlAtCku4h6b_0080,train
${DATA_ROOT}/clips/350956_AdztwNlAtCku4h6b_0081.wav,bonafide,hi-en,350956,mucs2021,none,channel_g711_20db,350956_AdztwNlAtCku4h6b_0081,train
${DATA_ROOT}/clips/350956_AdztwNlAtCku4h6b_0082.wav,bonafide,hi-en,350956,mucs2021,none,channel_g711_20db,350956_AdztwNlAtCku4h6b_0082,train
${DATA_ROOT}/clips/350956_AdztwNlAtCku4h6b_0083.wav,bonafide,hi-en,350956,mucs2021,none,channel_g711_20db,350956_AdztwNlAtCku4h6b_0083,train
${DATA_ROOT}/clips/350956_AdztwNlAtCku4h6b_0084.wav,bonafide,hi-en,350956,mucs2021,none,channel_g711_20db,350956_AdztwNlAtCku4h6b_0084,train
${DATA_ROOT}/clips/350956_AdztwNlAtCku4h6b_0085.wav,bonafide,hi-en,350956,mucs2021,none,channel_g711_20db,350956_AdztwNlAtCku4h6b_0085,train
${DATA_ROOT}/clips/350956_AdztwNlAtCku4h6b_0086.wav,bonafide,hi-en,350956,mucs2021,none,channel_g711_20db,350956_AdztwNlAtCku4h6b_0086,train
${DATA_ROOT}/clips/350956_AdztwNlAtCku4h6b_0087.wav,bonafide,hi-en,350956,mucs2021,none,channel_g711_20db,350956_AdztwNlAtCku4h6b_0087,train
${DATA_ROOT}/clips/350956_AdztwNlAtCku4h6b_0088.wav,bonafide,hi-en,350956,mucs2021,none,channel_g711_20db,350956_AdztwNlAtCku4h6b_0088,train
${DATA_ROOT}/clips/350956_AdztwNlAtCku4h6b_0089.wav,bonafide,hi-en,350956,mucs2021,none,channel_g711_20db,350956_AdztwNlAtCku4h6b_0089,train
${DATA_ROOT}/clips/350956_AdztwNlAtCku4h6b_0090.wav,bonafide,hi-en,350956,mucs2021,none,channel_g711_20db,350956_AdztwNlAtCku4h6b_0090,train
${DATA_ROOT}/clips/350956_AdztwNlAtCku4h6b_0091.wav,bonafide,hi-en,350956,mucs2021,none,channel_g711_20db,350956_AdztwNlAtCku4h6b_0091,train
${DATA_ROOT}/clips/350956_AdztwNlAtCku4h6b_0092.wav,bonafide,hi-en,350956,mucs2021,none,channel_g711_20db,350956_AdztwNlAtCku4h6b_0092,train
${DATA_ROOT}/clips/350956_AdztwNlAtCku4h6b_0093.wav,bonafide,hi-en,350956,mucs2021,none,channel_g711_20db,350956_AdztwNlAtCku4h6b_0093,train
${DATA_ROOT}/clips/350956_AdztwNlAtCku4h6b_0094.wav,bonafide,hi-en,350956,mucs2021,none,channel_g711_20db,350956_AdztwNlAtCku4h6b_0094,train
${DATA_ROOT}/clips/350956_AdztwNlAtCku4h6b_0095.wav,bonafide,hi-en,350956,mucs2021,none,channel_g711_20db,350956_AdztwNlAtCku4h6b_0095,train
${DATA_ROOT}/clips/350956_AdztwNlAtCku4h6b_0096.wav,bonafide,hi-en,350956,mucs2021,none,channel_g711_20db,350956_AdztwNlAtCku4h6b_0096,train
${DATA_ROOT}/clips/350956_AdztwNlAtCku4h6b_0097.wav,bonafide,hi-en,350956,mucs2021,none,channel_g711_20db,350956_AdztwNlAtCku4h6b_0097,train
${DATA_ROOT}/clips/350956_AdztwNlAtCku4h6b_0098.wav,bonafide,hi-en,350956,mucs2021,none,channel_g711_20db,350956_AdztwNlAtCku4h6b_0098,train
${DATA_ROOT}/clips/350956_AdztwNlAtCku4h6b_0099.wav,bonafide,hi-en,350956,mucs2021,none,channel_g711_20db,350956_AdztwNlAtCku4h6b_0099,train
${DATA_ROOT}/clips/350956_AdztwNlAtCku4h6b_0100.wav,bonafide,hi-en,350956,mucs2021,none,channel_g711_20db,350956_AdztwNlAtCku4h6b_0100,train
${DATA_ROOT}/clips/350956_AdztwNlAtCku4h6b_0101.wav,bonafide,hi-en,350956,mucs2021,none,channel_g711_20db,350956_AdztwNlAtCku4h6b_0101,train
${DATA_ROOT}/clips/350956_AdztwNlAtCku4h6b_0102.wav,bonafide,hi-en,350956,mucs2021,none,channel_g711_20db,350956_AdztwNlAtCku4h6b_0102,train
${DATA_ROOT}/clips/350956_AdztwNlAtCku4h6b_0103.wav,bonafide,hi-en,350956,mucs2021,none,channel_g711_20db,350956_AdztwNlAtCku4h6b_0103,train
${DATA_ROOT}/clips/350956_AdztwNlAtCku4h6b_0104.wav,bonafide,hi-en,350956,mucs2021,none,channel_g711_20db,350956_AdztwNlAtCku4h6b_0104,train
${DATA_ROOT}/clips/350956_AdztwNlAtCku4h6b_0105.wav,bonafide,hi-en,350956,mucs2021,none,channel_g711_20db,350956_AdztwNlAtCku4h6b_0105,train
${DATA_ROOT}/clips/350956_AdztwNlAtCku4h6b_0106.wav,bonafide,hi-en,350956,mucs2021,none,channel_g711_20db,350956_AdztwNlAtCku4h6b_0106,train
${DATA_ROOT}/clips/350956_AdztwNlAtCku4h6b_0107.wav,bonafide,hi-en,350956,mucs2021,none,channel_g711_20db,350956_AdztwNlAtCku4h6b_0107,train
${DATA_ROOT}/clips/350956_AdztwNlAtCku4h6b_0108.wav,bonafide,hi-en,350956,mucs2021,none,channel_g711_20db,350956_AdztwNlAtCku4h6b_0108,train
${DATA_ROOT}/clips/350956_AdztwNlAtCku4h6b_0109.wav,bonafide,hi-en,350956,mucs2021,none,channel_g711_20db,350956_AdztwNlAtCku4h6b_0109,train
${DATA_ROOT}/clips/350956_AdztwNlAtCku4h6b_0110.wav,bonafide,hi-en,350956,mucs2021,none,channel_g711_20db,350956_AdztwNlAtCku4h6b_0110,train
${DATA_ROOT}/clips/350956_AdztwNlAtCku4h6b_0111.wav,bonafide,hi-en,350956,mucs2021,none,channel_g711_20db,350956_AdztwNlAtCku4h6b_0111,train
${DATA_ROOT}/clips/350956_AdztwNlAtCku4h6b_0112.wav,bonafide,hi-en,350956,mucs2021,none,channel_g711_20db,350956_AdztwNlAtCku4h6b_0112,train
${DATA_ROOT}/clips/350956_AdztwNlAtCku4h6b_0113.wav,bonafide,hi-en,350956,mucs2021,none,channel_g711_20db,350956_AdztwNlAtCku4h6b_0113,train
${DATA_ROOT}/clips/350956_AdztwNlAtCku4h6b_0114.wav,bonafide,hi-en,350956,mucs2021,none,channel_g711_20db,350956_AdztwNlAtCku4h6b_0114,train
${DATA_ROOT}/clips/350956_AdztwNlAtCku4h6b_0115.wav,bonafide,hi-en,350956,mucs2021,none,channel_g711_20db,350956_AdztwNlAtCku4h6b_0115,train
${DATA_ROOT}/clips/350956_AdztwNlAtCku4h6b_0116.wav,bonafide,hi-en,350956,mucs2021,none,channel_g711_20db,350956_AdztwNlAtCku4h6b_0116,train
${DATA_ROOT}/clips/350956_AdztwNlAtCku4h6b_0117.wav,bonafide,hi-en,350956,mucs2021,none,channel_g711_20db,350956_AdztwNlAtCku4h6b_0117,train
${DATA_ROOT}/clips/350956_AdztwNlAtCku4h6b_0118.wav,bonafide,hi-en,350956,mucs2021,none,channel_g711_20db,350956_AdztwNlAtCku4h6b_0118,train
${DATA_ROOT}/clips/350956_AdztwNlAtCku4h6b_0119.wav,bonafide,hi-en,350956,mucs2021,none,channel_g711_20db,350956_AdztwNlAtCku4h6b_0119,train
${DATA_ROOT}/clips/350956_AdztwNlAtCku4h6b_0120.wav,bonafide,hi-en,350956,mucs2021,none,channel_g711_20db,350956_AdztwNlAtCku4h6b_0120,train
${DATA_ROOT}/clips/350956_AdztwNlAtCku4h6b_0121.wav,bonafide,hi-en,350956,mucs2021,none,channel_g711_20db,350956_AdztwNlAtCku4h6b_0121,train
${DATA_ROOT}/clips/350956_AdztwNlAtCku4h6b_0122.wav,bonafide,hi-en,350956,mucs2021,none,channel_g711_20db,350956_AdztwNlAtCku4h6b_0122,train
${DATA_ROOT}/clips/350956_AdztwNlAtCku4h6b_0123.wav,bonafide,hi-en,350956,mucs2021,none,channel_g711_20db,350956_AdztwNlAtCku4h6b_0123,train
${DATA_ROOT}/clips/350956_AdztwNlAtCku4h6b_0124.wav,bonafide,hi-en,350956,mucs2021,none,channel_g711_20db,350956_AdztwNlAtCku4h6b_0124,train
${DATA_ROOT}/clips/350956_AdztwNlAtCku4h6b_0125.wav,bonafide,hi-en,350956,mucs2021,none,channel_g711_20db,350956_AdztwNlAtCku4h6b_0125,train
${DATA_ROOT}/clips/350956_AdztwNlAtCku4h6b_0126.wav,bonafide,hi-en,350956,mucs2021,none,channel_g711_20db,350956_AdztwNlAtCku4h6b_0126,train
${DATA_ROOT}/clips/350956_AdztwNlAtCku4h6b_0127.wav,bonafide,hi-en,350956,mucs2021,none,channel_g711_20db,350956_AdztwNlAtCku4h6b_0127,train
${DATA_ROOT}/clips/350956_AdztwNlAtCku4h6b_0128.wav,bonafide,hi-en,350956,mucs2021,none,channel_g711_20db,350956_AdztwNlAtCku4h6b_0128,train
${DATA_ROOT}/clips/350956_AdztwNlAtCku4h6b_0129.wav,bonafide,hi-en,350956,mucs2021,none,channel_g711_20db,350956_AdztwNlAtCku4h6b_0129,train
${DATA_ROOT}/clips/350956_AdztwNlAtCku4h6b_0130.wav,bonafide,hi-en,350956,mucs2021,none,channel_g711_20db,350956_AdztwNlAtCku4h6b_0130,train
${DATA_ROOT}/clips/350956_AdztwNlAtCku4h6b_0131.wav,bonafide,hi-en,350956,mucs2021,none,channel_g711_20db,350956_AdztwNlAtCku4h6b_0131,train
${DATA_ROOT}/clips/350956_AdztwNlAtCku4h6b_0132.wav,bonafide,hi-en,350956,mucs2021,none,channel_g711_20db,350956_AdztwNlAtCku4h6b_0132,train
${DATA_ROOT}/clips/350956_AdztwNlAtCku4h6b_0133.wav,bonafide,hi-en,350956,mucs2021,none,channel_g711_20db,350956_AdztwNlAtCku4h6b_0133,train
${DATA_ROOT}/clips/350956_AdztwNlAtCku4h6b_0134.wav,bonafide,hi-en,350956,mucs2021,none,channel_g711_20db,350956_AdztwNlAtCku4h6b_0134,train
${DATA_ROOT}/clips/350956_AdztwNlAtCku4h6b_0135.wav,bonafide,hi-en,350956,mucs2021,none,channel_g711_20db,350956_AdztwNlAtCku4h6b_0135,train
${DATA_ROOT}/clips/350956_AdztwNlAtCku4h6b_0136.wav,bonafide,hi-en,350956,mucs2021,none,channel_g711_20db,350956_AdztwNlAtCku4h6b_0136,train
${DATA_ROOT}/clips/350956_AdztwNlAtCku4h6b_0137.wav,bonafide,hi-en,350956,mucs2021,none,channel_g711_20db,350956_AdztwNlAtCku4h6b_0137,train
${DATA_ROOT}/clips/350956_AdztwNlAtCku4h6b_0138.wav,bonafide,hi-en,350956,mucs2021,none,channel_g711_20db,350956_AdztwNlAtCku4h6b_0138,train
${DATA_ROOT}/clips/350956_AdztwNlAtCku4h6b_0139.wav,bonafide,hi-en,350956,mucs2021,none,channel_g711_20db,350956_AdztwNlAtCku4h6b_0139,train
${DATA_ROOT}/clips/350956_AdztwNlAtCku4h6b_0140.wav,bonafide,hi-en,350956,mucs2021,none,channel_g711_20db,350956_AdztwNlAtCku4h6b_0140,train
${DATA_ROOT}/clips/350956_AdztwNlAtCku4h6b_0141.wav,bonafide,hi-en,350956,mucs2021,none,channel_g711_20db,350956_AdztwNlAtCku4h6b_0141,train
${DATA_ROOT}/clips/350956_AdztwNlAtCku4h6b_0142.wav,bonafide,hi-en,350956,mucs2021,none,channel_g711_20db,350956_AdztwNlAtCku4h6b_0142,train
${DATA_ROOT}/clips/433148_9ZAfcv5TDF1BKs4E_0000.wav,bonafide,hi-en,433148,mucs2021,none,channel_g711_20db,433148_9ZAfcv5TDF1BKs4E_0000,train
${DATA_ROOT}/clips/433148_9ZAfcv5TDF1BKs4E_0001.wav,bonafide,hi-en,433148,mucs2021,none,channel_g711_20db,433148_9ZAfcv5TDF1BKs4E_0001,train
${DATA_ROOT}/clips/433148_9ZAfcv5TDF1BKs4E_0002.wav,bonafide,hi-en,433148,mucs2021,none,channel_g711_20db,433148_9ZAfcv5TDF1BKs4E_0002,train
${DATA_ROOT}/clips/433148_9ZAfcv5TDF1BKs4E_0003.wav,bonafide,hi-en,433148,mucs2021,none,channel_g711_20db,433148_9ZAfcv5TDF1BKs4E_0003,train
${DATA_ROOT}/clips/433148_9ZAfcv5TDF1BKs4E_0004.wav,bonafide,hi-en,433148,mucs2021,none,channel_g711_20db,433148_9ZAfcv5TDF1BKs4E_0004,train
${DATA_ROOT}/clips/433148_9ZAfcv5TDF1BKs4E_0005.wav,bonafide,hi-en,433148,mucs2021,none,channel_g711_20db,433148_9ZAfcv5TDF1BKs4E_0005,train
${DATA_ROOT}/clips/433148_9ZAfcv5TDF1BKs4E_0006.wav,bonafide,hi-en,433148,mucs2021,none,channel_g711_20db,433148_9ZAfcv5TDF1BKs4E_0006,train
${DATA_ROOT}/clips/433148_9ZAfcv5TDF1BKs4E_0007.wav,bonafide,hi-en,433148,mucs2021,none,channel_g711_20db,433148_9ZAfcv5TDF1BKs4E_0007,train
${DATA_ROOT}/clips/433148_9ZAfcv5TDF1BKs4E_0008.wav,bonafide,hi-en,433148,mucs2021,none,channel_g711_20db,433148_9ZAfcv5TDF1BKs4E_0008,train
${DATA_ROOT}/clips/433148_9ZAfcv5TDF1BKs4E_0009.wav,bonafide,hi-en,433148,mucs2021,none,channel_g711_20db,433148_9ZAfcv5TDF1BKs4E_0009,train
${DATA_ROOT}/clips/433148_9ZAfcv5TDF1BKs4E_0010.wav,bonafide,hi-en,433148,mucs2021,none,channel_g711_20db,433148_9ZAfcv5TDF1BKs4E_0010,train
${DATA_ROOT}/clips/433148_9ZAfcv5TDF1BKs4E_0011.wav,bonafide,hi-en,433148,mucs2021,none,channel_g711_20db,433148_9ZAfcv5TDF1BKs4E_0011,train
${DATA_ROOT}/clips/433148_9ZAfcv5TDF1BKs4E_0012.wav,bonafide,hi-en,433148,mucs2021,none,channel_g711_20db,433148_9ZAfcv5TDF1BKs4E_0012,train
${DATA_ROOT}/clips/433148_9ZAfcv5TDF1BKs4E_0013.wav,bonafide,hi-en,433148,mucs2021,none,channel_g711_20db,433148_9ZAfcv5TDF1BKs4E_0013,train
${DATA_ROOT}/clips/433148_9ZAfcv5TDF1BKs4E_0014.wav,bonafide,hi-en,433148,mucs2021,none,channel_g711_20db,433148_9ZAfcv5TDF1BKs4E_0014,train
${DATA_ROOT}/clips/433148_9ZAfcv5TDF1BKs4E_0015.wav,bonafide,hi-en,433148,mucs2021,none,channel_g711_20db,433148_9ZAfcv5TDF1BKs4E_0015,train
${DATA_ROOT}/clips/433148_9ZAfcv5TDF1BKs4E_0016.wav,bonafide,hi-en,433148,mucs2021,none,channel_g711_20db,433148_9ZAfcv5TDF1BKs4E_0016,train
${DATA_ROOT}/clips/433148_9ZAfcv5TDF1BKs4E_0017.wav,bonafide,hi-en,433148,mucs2021,none,channel_g711_20db,433148_9ZAfcv5TDF1BKs4E_0017,train
${DATA_ROOT}/clips/433148_9ZAfcv5TDF1BKs4E_0018.wav,bonafide,hi-en,433148,mucs2021,none,channel_g711_20db,433148_9ZAfcv5TDF1BKs4E_0018,train
${DATA_ROOT}/clips/433148_9ZAfcv5TDF1BKs4E_0019.wav,bonafide,hi-en,433148,mucs2021,none,channel_g711_20db,433148_9ZAfcv5TDF1BKs4E_0019,train
${DATA_ROOT}/clips/433148_9ZAfcv5TDF1BKs4E_0020.wav,bonafide,hi-en,433148,mucs2021,none,channel_g711_20db,433148_9ZAfcv5TDF1BKs4E_0020,train
${DATA_ROOT}/clips/433148_9ZAfcv5TDF1BKs4E_0021.wav,bonafide,hi-en,433148,mucs2021,none,channel_g711_20db,433148_9ZAfcv5TDF1BKs4E_0021,train
${DATA_ROOT}/clips/433148_9ZAfcv5TDF1BKs4E_0022.wav,bonafide,hi-en,433148,mucs2021,none,channel_g711_20db,433148_9ZAfcv5TDF1BKs4E_0022,train
${DATA_ROOT}/clips/433148_9ZAfcv5TDF1BKs4E_0023.wav,bonafide,hi-en,433148,mucs2021,none,channel_g711_20db,433148_9ZAfcv5TDF1BKs4E_0023,train
${DATA_ROOT}/clips/433148_9ZAfcv5TDF1BKs4E_0024.wav,bonafide,hi-en,433148,mucs2021,none,channel_g711_20db,433148_9ZAfcv5TDF1BKs4E_0024,train
${DATA_ROOT}/clips/433148_9ZAfcv5TDF1BKs4E_0025.wav,bonafide,hi-en,433148,mucs2021,none,channel_g711_20db,433148_9ZAfcv5TDF1BKs4E_0025,train
${DATA_ROOT}/clips/433148_9ZAfcv5TDF1BKs4E_0026.wav,bonafide,hi-en,433148,mucs2021,none,channel_g711_20db,433148_9ZAfcv5TDF1BKs4E_0026,train
${DATA_ROOT}/clips/433148_9ZAfcv5TDF1BKs4E_0027.wav,bonafide,hi-en,433148,mucs2021,none,channel_g711_20db,433148_9ZAfcv5TDF1BKs4E_0027,train
${DATA_ROOT}/clips/433148_9ZAfcv5TDF1BKs4E_0028.wav,bonafide,hi-en,433148,mucs2021,none,channel_g711_20db,433148_9ZAfcv5TDF1BKs4E_0028,train
${DATA_ROOT}/clips/433148_9ZAfcv5TDF1BKs4E_0029.wav,bonafide,hi-en,433148,mucs2021,none,channel_g711_20db,433148_9ZAfcv5TDF1BKs4E_0029,train
${DATA_ROOT}/clips/433148_9ZAfcv5TDF1BKs4E_0030.wav,bonafide,hi-en,433148,mucs2021,none,channel_g711_20db,433148_9ZAfcv5TDF1BKs4E_0030,train
${DATA_ROOT}/clips/433148_9ZAfcv5TDF1BKs4E_0031.wav,bonafide,hi-en,433148,mucs2021,none,channel_g711_20db,433148_9ZAfcv5TDF1BKs4E_0031,train
${DATA_ROOT}/clips/433148_9ZAfcv5TDF1BKs4E_0032.wav,bonafide,hi-en,433148,mucs2021,none,channel_g711_20db,433148_9ZAfcv5TDF1BKs4E_0032,train
${DATA_ROOT}/clips/433148_9ZAfcv5TDF1BKs4E_0033.wav,bonafide,hi-en,433148,mucs2021,none,channel_g711_20db,433148_9ZAfcv5TDF1BKs4E_0033,train
${DATA_ROOT}/clips/433148_9ZAfcv5TDF1BKs4E_0034.wav,bonafide,hi-en,433148,mucs2021,none,channel_g711_20db,433148_9ZAfcv5TDF1BKs4E_0034,train
${DATA_ROOT}/clips/433148_9ZAfcv5TDF1BKs4E_0035.wav,bonafide,hi-en,433148,mucs2021,none,channel_g711_20db,433148_9ZAfcv5TDF1BKs4E_0035,train
${DATA_ROOT}/clips/433148_9ZAfcv5TDF1BKs4E_0036.wav,bonafide,hi-en,433148,mucs2021,none,channel_g711_20db,433148_9ZAfcv5TDF1BKs4E_0036,train
${DATA_ROOT}/clips/433148_9ZAfcv5TDF1BKs4E_0037.wav,bonafide,hi-en,433148,mucs2021,none,channel_g711_20db,433148_9ZAfcv5TDF1BKs4E_0037,train
${DATA_ROOT}/clips/433148_9ZAfcv5TDF1BKs4E_0038.wav,bonafide,hi-en,433148,mucs2021,none,channel_g711_20db,433148_9ZAfcv5TDF1BKs4E_0038,train
${DATA_ROOT}/clips/433148_9ZAfcv5TDF1BKs4E_0039.wav,bonafide,hi-en,433148,mucs2021,none,channel_g711_20db,433148_9ZAfcv5TDF1BKs4E_0039,train
${DATA_ROOT}/clips/433148_9ZAfcv5TDF1BKs4E_0040.wav,bonafide,hi-en,433148,mucs2021,none,channel_g711_20db,433148_9ZAfcv5TDF1BKs4E_0040,train
${DATA_ROOT}/clips/433148_9ZAfcv5TDF1BKs4E_0041.wav,bonafide,hi-en,433148,mucs2021,none,channel_g711_20db,433148_9ZAfcv5TDF1BKs4E_0041,train
${DATA_ROOT}/clips/433148_9ZAfcv5TDF1BKs4E_0042.wav,bonafide,hi-en,433148,mucs2021,none,channel_g711_20db,433148_9ZAfcv5TDF1BKs4E_0042,train
${DATA_ROOT}/clips/433148_9ZAfcv5TDF1BKs4E_0043.wav,bonafide,hi-en,433148,mucs2021,none,channel_g711_20db,433148_9ZAfcv5TDF1BKs4E_0043,train
${DATA_ROOT}/clips/433148_9ZAfcv5TDF1BKs4E_0044.wav,bonafide,hi-en,433148,mucs2021,none,channel_g711_20db,433148_9ZAfcv5TDF1BKs4E_0044,train
${DATA_ROOT}/clips/433148_9ZAfcv5TDF1BKs4E_0045.wav,bonafide,hi-en,433148,mucs2021,none,channel_g711_20db,433148_9ZAfcv5TDF1BKs4E_0045,train
${DATA_ROOT}/clips/433148_9ZAfcv5TDF1BKs4E_0046.wav,bonafide,hi-en,433148,mucs2021,none,channel_g711_20db,433148_9ZAfcv5TDF1BKs4E_0046,train
${DATA_ROOT}/clips/433148_9ZAfcv5TDF1BKs4E_0047.wav,bonafide,hi-en,433148,mucs2021,none,channel_g711_20db,433148_9ZAfcv5TDF1BKs4E_0047,train
${DATA_ROOT}/clips/433148_9ZAfcv5TDF1BKs4E_0048.wav,bonafide,hi-en,433148,mucs2021,none,channel_g711_20db,433148_9ZAfcv5TDF1BKs4E_0048,train
${DATA_ROOT}/clips/433148_9ZAfcv5TDF1BKs4E_0049.wav,bonafide,hi-en,433148,mucs2021,none,channel_g711_20db,433148_9ZAfcv5TDF1BKs4E_0049,train
${DATA_ROOT}/clips/433148_9ZAfcv5TDF1BKs4E_0050.wav,bonafide,hi-en,433148,mucs2021,none,channel_g711_20db,433148_9ZAfcv5TDF1BKs4E_0050,train
${DATA_ROOT}/clips/433148_9ZAfcv5TDF1BKs4E_0051.wav,bonafide,hi-en,433148,mucs2021,none,channel_g711_20db,433148_9ZAfcv5TDF1BKs4E_0051,train
${DATA_ROOT}/clips/433148_9ZAfcv5TDF1BKs4E_0052.wav,bonafide,hi-en,433148,mucs2021,none,channel_g711_20db,433148_9ZAfcv5TDF1BKs4E_0052,train
${DATA_ROOT}/clips/433148_9ZAfcv5TDF1BKs4E_0053.wav,bonafide,hi-en,433148,mucs2021,none,channel_g711_20db,433148_9ZAfcv5TDF1BKs4E_0053,train
${DATA_ROOT}/clips/433148_9ZAfcv5TDF1BKs4E_0054.wav,bonafide,hi-en,433148,mucs2021,none,channel_g711_20db,433148_9ZAfcv5TDF1BKs4E_0054,train
${DATA_ROOT}/clips/433148_9ZAfcv5TDF1BKs4E_0055.wav,bonafide,hi-en,433148,mucs2021,none,channel_g711_20db,433148_9ZAfcv5TDF1BKs4E_0055,train
${DATA_ROOT}/clips/433148_9ZAfcv5TDF1BKs4E_0056.wav,bonafide,hi-en,433148,mucs2021,none,channel_g711_20db,433148_9ZAfcv5TDF1BKs4E_0056,train
${DATA_ROOT}/clips/433148_9ZAfcv5TDF1BKs4E_0057.wav,bonafide,hi-en,433148,mucs2021,none,channel_g711_20db,433148_9ZAfcv5TDF1BKs4E_0057,train
${DATA_ROOT}/clips/433148_9ZAfcv5TDF1BKs4E_0058.wav,bonafide,hi-en,433148,mucs2021,none,channel_g711_20db,433148_9ZAfcv5TDF1BKs4E_0058,train
${DATA_ROOT}/clips/433148_9ZAfcv5TDF1BKs4E_0059.wav,bonafide,hi-en,433148,mucs2021,none,channel_g711_20db,433148_9ZAfcv5TDF1BKs4E_0059,train
${DATA_ROOT}/clips/433148_9ZAfcv5TDF1BKs4E_0060.wav,bonafide,hi-en,433148,mucs2021,none,channel_g711_20db,433148_9ZAfcv5TDF1BKs4E_0060,train
${DATA_ROOT}/clips/433148_9ZAfcv5TDF1BKs4E_0061.wav,bonafide,hi-en,433148,mucs2021,none,channel_g711_20db,433148_9ZAfcv5TDF1BKs4E_0061,train
${DATA_ROOT}/clips/433148_9ZAfcv5TDF1BKs4E_0062.wav,bonafide,hi-en,433148,mucs2021,none,channel_g711_20db,433148_9ZAfcv5TDF1BKs4E_0062,train
${DATA_ROOT}/clips/433148_9ZAfcv5TDF1BKs4E_0063.wav,bonafide,hi-en,433148,mucs2021,none,channel_g711_20db,433148_9ZAfcv5TDF1BKs4E_0063,train
${DATA_ROOT}/clips/433148_9ZAfcv5TDF1BKs4E_0064.wav,bonafide,hi-en,433148,mucs2021,none,channel_g711_20db,433148_9ZAfcv5TDF1BKs4E_0064,train
${DATA_ROOT}/clips/433148_9ZAfcv5TDF1BKs4E_0065.wav,bonafide,hi-en,433148,mucs2021,none,channel_g711_20db,433148_9ZAfcv5TDF1BKs4E_0065,train
${DATA_ROOT}/clips/433148_9ZAfcv5TDF1BKs4E_0066.wav,bonafide,hi-en,433148,mucs2021,none,channel_g711_20db,433148_9ZAfcv5TDF1BKs4E_0066,train
${DATA_ROOT}/clips/433148_9ZAfcv5TDF1BKs4E_0067.wav,bonafide,hi-en,433148,mucs2021,none,channel_g711_20db,433148_9ZAfcv5TDF1BKs4E_0067,train
${DATA_ROOT}/clips/433148_9ZAfcv5TDF1BKs4E_0068.wav,bonafide,hi-en,433148,mucs2021,none,channel_g711_20db,433148_9ZAfcv5TDF1BKs4E_0068,train
${DATA_ROOT}/clips/433148_9ZAfcv5TDF1BKs4E_0069.wav,bonafide,hi-en,433148,mucs2021,none,channel_g711_20db,433148_9ZAfcv5TDF1BKs4E_0069,train
${DATA_ROOT}/clips/433148_9ZAfcv5TDF1BKs4E_0070.wav,bonafide,hi-en,433148,mucs2021,none,channel_g711_20db,433148_9ZAfcv5TDF1BKs4E_0070,train
${DATA_ROOT}/clips/433148_9ZAfcv5TDF1BKs4E_0071.wav,bonafide,hi-en,433148,mucs2021,none,channel_g711_20db,433148_9ZAfcv5TDF1BKs4E_0071,train
${DATA_ROOT}/clips/491095_mrVMW4rD3d6QOWEu_0000.wav,bonafide,hi-en,491095,mucs2021,none,channel_g711_20db,491095_mrVMW4rD3d6QOWEu_0000,train
${DATA_ROOT}/clips/491095_mrVMW4rD3d6QOWEu_0001.wav,bonafide,hi-en,491095,mucs2021,none,channel_g711_20db,491095_mrVMW4rD3d6QOWEu_0001,train
${DATA_ROOT}/clips/491095_mrVMW4rD3d6QOWEu_0002.wav,bonafide,hi-en,491095,mucs2021,none,channel_g711_20db,491095_mrVMW4rD3d6QOWEu_0002,train
${DATA_ROOT}/clips/491095_mrVMW4rD3d6QOWEu_0003.wav,bonafide,hi-en,491095,mucs2021,none,channel_g711_20db,491095_mrVMW4rD3d6QOWEu_0003,train
${DATA_ROOT}/clips/491095_mrVMW4rD3d6QOWEu_0004.wav,bonafide,hi-en,491095,mucs2021,none,channel_g711_20db,491095_mrVMW4rD3d6QOWEu_0004,train
${DATA_ROOT}/clips/491095_mrVMW4rD3d6QOWEu_0005.wav,bonafide,hi-en,491095,mucs2021,none,channel_g711_20db,491095_mrVMW4rD3d6QOWEu_0005,train
${DATA_ROOT}/clips/491095_mrVMW4rD3d6QOWEu_0006.wav,bonafide,hi-en,491095,mucs2021,none,channel_g711_20db,491095_mrVMW4rD3d6QOWEu_0006,train
${DATA_ROOT}/clips/491095_mrVMW4rD3d6QOWEu_0007.wav,bonafide,hi-en,491095,mucs2021,none,channel_g711_20db,491095_mrVMW4rD3d6QOWEu_0007,train
${DATA_ROOT}/clips/491095_mrVMW4rD3d6QOWEu_0008.wav,bonafide,hi-en,491095,mucs2021,none,channel_g711_20db,491095_mrVMW4rD3d6QOWEu_0008,train
${DATA_ROOT}/clips/491095_mrVMW4rD3d6QOWEu_0009.wav,bonafide,hi-en,491095,mucs2021,none,channel_g711_20db,491095_mrVMW4rD3d6QOWEu_0009,train
${DATA_ROOT}/clips/491095_mrVMW4rD3d6QOWEu_0010.wav,bonafide,hi-en,491095,mucs2021,none,channel_g711_20db,491095_mrVMW4rD3d6QOWEu_0010,train
${DATA_ROOT}/clips/491095_mrVMW4rD3d6QOWEu_0011.wav,bonafide,hi-en,491095,mucs2021,none,channel_g711_20db,491095_mrVMW4rD3d6QOWEu_0011,train
${DATA_ROOT}/clips/491095_mrVMW4rD3d6QOWEu_0012.wav,bonafide,hi-en,491095,mucs2021,none,channel_g711_20db,491095_mrVMW4rD3d6QOWEu_0012,train
${DATA_ROOT}/clips/491095_mrVMW4rD3d6QOWEu_0013.wav,bonafide,hi-en,491095,mucs2021,none,channel_g711_20db,491095_mrVMW4rD3d6QOWEu_0013,train
${DATA_ROOT}/clips/491095_mrVMW4rD3d6QOWEu_0014.wav,bonafide,hi-en,491095,mucs2021,none,channel_g711_20db,491095_mrVMW4rD3d6QOWEu_0014,train
${DATA_ROOT}/clips/491095_mrVMW4rD3d6QOWEu_0015.wav,bonafide,hi-en,491095,mucs2021,none,channel_g711_20db,491095_mrVMW4rD3d6QOWEu_0015,train
${DATA_ROOT}/clips/491095_mrVMW4rD3d6QOWEu_0016.wav,bonafide,hi-en,491095,mucs2021,none,channel_g711_20db,491095_mrVMW4rD3d6QOWEu_0016,train
${DATA_ROOT}/clips/491095_mrVMW4rD3d6QOWEu_0017.wav,bonafide,hi-en,491095,mucs2021,none,channel_g711_20db,491095_mrVMW4rD3d6QOWEu_0017,train
${DATA_ROOT}/clips/491095_mrVMW4rD3d6QOWEu_0018.wav,bonafide,hi-en,491095,mucs2021,none,channel_g711_20db,491095_mrVMW4rD3d6QOWEu_0018,train
${DATA_ROOT}/clips/491095_mrVMW4rD3d6QOWEu_0019.wav,bonafide,hi-en,491095,mucs2021,none,channel_g711_20db,491095_mrVMW4rD3d6QOWEu_0019,train
${DATA_ROOT}/clips/491095_mrVMW4rD3d6QOWEu_0020.wav,bonafide,hi-en,491095,mucs2021,none,channel_g711_20db,491095_mrVMW4rD3d6QOWEu_0020,train
${DATA_ROOT}/clips/491095_mrVMW4rD3d6QOWEu_0021.wav,bonafide,hi-en,491095,mucs2021,none,channel_g711_20db,491095_mrVMW4rD3d6QOWEu_0021,train
${DATA_ROOT}/clips/491095_mrVMW4rD3d6QOWEu_0022.wav,bonafide,hi-en,491095,mucs2021,none,channel_g711_20db,491095_mrVMW4rD3d6QOWEu_0022,train
${DATA_ROOT}/clips/491095_mrVMW4rD3d6QOWEu_0023.wav,bonafide,hi-en,491095,mucs2021,none,channel_g711_20db,491095_mrVMW4rD3d6QOWEu_0023,train
${DATA_ROOT}/clips/491095_mrVMW4rD3d6QOWEu_0024.wav,bonafide,hi-en,491095,mucs2021,none,channel_g711_20db,491095_mrVMW4rD3d6QOWEu_0024,train
${DATA_ROOT}/clips/491095_mrVMW4rD3d6QOWEu_0025.wav,bonafide,hi-en,491095,mucs2021,none,channel_g711_20db,491095_mrVMW4rD3d6QOWEu_0025,train
${DATA_ROOT}/clips/491095_mrVMW4rD3d6QOWEu_0026.wav,bonafide,hi-en,491095,mucs2021,none,channel_g711_20db,491095_mrVMW4rD3d6QOWEu_0026,train
${DATA_ROOT}/clips/491095_mrVMW4rD3d6QOWEu_0027.wav,bonafide,hi-en,491095,mucs2021,none,channel_g711_20db,491095_mrVMW4rD3d6QOWEu_0027,train
${DATA_ROOT}/clips/491095_mrVMW4rD3d6QOWEu_0028.wav,bonafide,hi-en,491095,mucs2021,none,channel_g711_20db,491095_mrVMW4rD3d6QOWEu_0028,train
${DATA_ROOT}/clips/491095_mrVMW4rD3d6QOWEu_0029.wav,bonafide,hi-en,491095,mucs2021,none,channel_g711_20db,491095_mrVMW4rD3d6QOWEu_0029,train
${DATA_ROOT}/clips/491095_mrVMW4rD3d6QOWEu_0030.wav,bonafide,hi-en,491095,mucs2021,none,channel_g711_20db,491095_mrVMW4rD3d6QOWEu_0030,train
${DATA_ROOT}/clips/491095_mrVMW4rD3d6QOWEu_0031.wav,bonafide,hi-en,491095,mucs2021,none,channel_g711_20db,491095_mrVMW4rD3d6QOWEu_0031,train
${DATA_ROOT}/clips/491095_mrVMW4rD3d6QOWEu_0032.wav,bonafide,hi-en,491095,mucs2021,none,channel_g711_20db,491095_mrVMW4rD3d6QOWEu_0032,train
${DATA_ROOT}/clips/491095_mrVMW4rD3d6QOWEu_0033.wav,bonafide,hi-en,491095,mucs2021,none,channel_g711_20db,491095_mrVMW4rD3d6QOWEu_0033,train
${DATA_ROOT}/clips/491095_mrVMW4rD3d6QOWEu_0034.wav,bonafide,hi-en,491095,mucs2021,none,channel_g711_20db,491095_mrVMW4rD3d6QOWEu_0034,train
${DATA_ROOT}/clips/491095_mrVMW4rD3d6QOWEu_0035.wav,bonafide,hi-en,491095,mucs2021,none,channel_g711_20db,491095_mrVMW4rD3d6QOWEu_0035,train
${DATA_ROOT}/clips/491095_mrVMW4rD3d6QOWEu_0036.wav,bonafide,hi-en,491095,mucs2021,none,channel_g711_20db,491095_mrVMW4rD3d6QOWEu_0036,train
${DATA_ROOT}/clips/491095_mrVMW4rD3d6QOWEu_0037.wav,bonafide,hi-en,491095,mucs2021,none,channel_g711_20db,491095_mrVMW4rD3d6QOWEu_0037,train
${DATA_ROOT}/clips/491095_mrVMW4rD3d6QOWEu_0038.wav,bonafide,hi-en,491095,mucs2021,none,channel_g711_20db,491095_mrVMW4rD3d6QOWEu_0038,train
${DATA_ROOT}/clips/491095_mrVMW4rD3d6QOWEu_0039.wav,bonafide,hi-en,491095,mucs2021,none,channel_g711_20db,491095_mrVMW4rD3d6QOWEu_0039,train
${DATA_ROOT}/clips/491095_mrVMW4rD3d6QOWEu_0040.wav,bonafide,hi-en,491095,mucs2021,none,channel_g711_20db,491095_mrVMW4rD3d6QOWEu_0040,train
${DATA_ROOT}/clips/491095_mrVMW4rD3d6QOWEu_0041.wav,bonafide,hi-en,491095,mucs2021,none,channel_g711_20db,491095_mrVMW4rD3d6QOWEu_0041,train
${DATA_ROOT}/clips/491095_mrVMW4rD3d6QOWEu_0042.wav,bonafide,hi-en,491095,mucs2021,none,channel_g711_20db,491095_mrVMW4rD3d6QOWEu_0042,train
${DATA_ROOT}/clips/491095_mrVMW4rD3d6QOWEu_0043.wav,bonafide,hi-en,491095,mucs2021,none,channel_g711_20db,491095_mrVMW4rD3d6QOWEu_0043,train
${DATA_ROOT}/clips/491095_mrVMW4rD3d6QOWEu_0044.wav,bonafide,hi-en,491095,mucs2021,none,channel_g711_20db,491095_mrVMW4rD3d6QOWEu_0044,train
${DATA_ROOT}/clips/491095_mrVMW4rD3d6QOWEu_0045.wav,bonafide,hi-en,491095,mucs2021,none,channel_g711_20db,491095_mrVMW4rD3d6QOWEu_0045,train
${DATA_ROOT}/clips/491095_mrVMW4rD3d6QOWEu_0046.wav,bonafide,hi-en,491095,mucs2021,none,channel_g711_20db,491095_mrVMW4rD3d6QOWEu_0046,train
${DATA_ROOT}/clips/491095_mrVMW4rD3d6QOWEu_0047.wav,bonafide,hi-en,491095,mucs2021,none,channel_g711_20db,491095_mrVMW4rD3d6QOWEu_0047,train
${DATA_ROOT}/clips/491095_mrVMW4rD3d6QOWEu_0048.wav,bonafide,hi-en,491095,mucs2021,none,channel_g711_20db,491095_mrVMW4rD3d6QOWEu_0048,train
${DATA_ROOT}/clips/491095_mrVMW4rD3d6QOWEu_0049.wav,bonafide,hi-en,491095,mucs2021,none,channel_g711_20db,491095_mrVMW4rD3d6QOWEu_0049,train
${DATA_ROOT}/clips/491095_mrVMW4rD3d6QOWEu_0050.wav,bonafide,hi-en,491095,mucs2021,none,channel_g711_20db,491095_mrVMW4rD3d6QOWEu_0050,train
${DATA_ROOT}/clips/491095_mrVMW4rD3d6QOWEu_0051.wav,bonafide,hi-en,491095,mucs2021,none,channel_g711_20db,491095_mrVMW4rD3d6QOWEu_0051,train
${DATA_ROOT}/clips/491095_mrVMW4rD3d6QOWEu_0052.wav,bonafide,hi-en,491095,mucs2021,none,channel_g711_20db,491095_mrVMW4rD3d6QOWEu_0052,train
${DATA_ROOT}/clips/491095_mrVMW4rD3d6QOWEu_0053.wav,bonafide,hi-en,491095,mucs2021,none,channel_g711_20db,491095_mrVMW4rD3d6QOWEu_0053,train
${DATA_ROOT}/clips/491095_mrVMW4rD3d6QOWEu_0054.wav,bonafide,hi-en,491095,mucs2021,none,channel_g711_20db,491095_mrVMW4rD3d6QOWEu_0054,train
${DATA_ROOT}/clips/491095_mrVMW4rD3d6QOWEu_0055.wav,bonafide,hi-en,491095,mucs2021,none,channel_g711_20db,491095_mrVMW4rD3d6QOWEu_0055,train
${DATA_ROOT}/clips/491095_mrVMW4rD3d6QOWEu_0056.wav,bonafide,hi-en,491095,mucs2021,none,channel_g711_20db,491095_mrVMW4rD3d6QOWEu_0056,train
${DATA_ROOT}/clips/491095_mrVMW4rD3d6QOWEu_0057.wav,bonafide,hi-en,491095,mucs2021,none,channel_g711_20db,491095_mrVMW4rD3d6QOWEu_0057,train
${DATA_ROOT}/clips/491095_mrVMW4rD3d6QOWEu_0058.wav,bonafide,hi-en,491095,mucs2021,none,channel_g711_20db,491095_mrVMW4rD3d6QOWEu_0058,train
${DATA_ROOT}/clips/491095_mrVMW4rD3d6QOWEu_0059.wav,bonafide,hi-en,491095,mucs2021,none,channel_g711_20db,491095_mrVMW4rD3d6QOWEu_0059,train
${DATA_ROOT}/clips/491095_mrVMW4rD3d6QOWEu_0060.wav,bonafide,hi-en,491095,mucs2021,none,channel_g711_20db,491095_mrVMW4rD3d6QOWEu_0060,train
${DATA_ROOT}/clips/491095_mrVMW4rD3d6QOWEu_0061.wav,bonafide,hi-en,491095,mucs2021,none,channel_g711_20db,491095_mrVMW4rD3d6QOWEu_0061,train
${DATA_ROOT}/clips/491095_mrVMW4rD3d6QOWEu_0062.wav,bonafide,hi-en,491095,mucs2021,none,channel_g711_20db,491095_mrVMW4rD3d6QOWEu_0062,train
${DATA_ROOT}/clips/491095_mrVMW4rD3d6QOWEu_0063.wav,bonafide,hi-en,491095,mucs2021,none,channel_g711_20db,491095_mrVMW4rD3d6QOWEu_0063,train
${DATA_ROOT}/clips/491095_mrVMW4rD3d6QOWEu_0064.wav,bonafide,hi-en,491095,mucs2021,none,channel_g711_20db,491095_mrVMW4rD3d6QOWEu_0064,train
${DATA_ROOT}/clips/491095_mrVMW4rD3d6QOWEu_0065.wav,bonafide,hi-en,491095,mucs2021,none,channel_g711_20db,491095_mrVMW4rD3d6QOWEu_0065,train
${DATA_ROOT}/clips/491095_mrVMW4rD3d6QOWEu_0066.wav,bonafide,hi-en,491095,mucs2021,none,channel_g711_20db,491095_mrVMW4rD3d6QOWEu_0066,train
${DATA_ROOT}/clips/491095_mrVMW4rD3d6QOWEu_0067.wav,bonafide,hi-en,491095,mucs2021,none,channel_g711_20db,491095_mrVMW4rD3d6QOWEu_0067,train
${DATA_ROOT}/clips/491095_mrVMW4rD3d6QOWEu_0068.wav,bonafide,hi-en,491095,mucs2021,none,channel_g711_20db,491095_mrVMW4rD3d6QOWEu_0068,train
${DATA_ROOT}/clips/491095_mrVMW4rD3d6QOWEu_0069.wav,bonafide,hi-en,491095,mucs2021,none,channel_g711_20db,491095_mrVMW4rD3d6QOWEu_0069,train
${DATA_ROOT}/clips/491095_mrVMW4rD3d6QOWEu_0070.wav,bonafide,hi-en,491095,mucs2021,none,channel_g711_20db,491095_mrVMW4rD3d6QOWEu_0070,train
${DATA_ROOT}/clips/491095_mrVMW4rD3d6QOWEu_0071.wav,bonafide,hi-en,491095,mucs2021,none,channel_g711_20db,491095_mrVMW4rD3d6QOWEu_0071,train
${DATA_ROOT}/clips/491095_mrVMW4rD3d6QOWEu_0072.wav,bonafide,hi-en,491095,mucs2021,none,channel_g711_20db,491095_mrVMW4rD3d6QOWEu_0072,train
${DATA_ROOT}/clips/491095_mrVMW4rD3d6QOWEu_0073.wav,bonafide,hi-en,491095,mucs2021,none,channel_g711_20db,491095_mrVMW4rD3d6QOWEu_0073,train
${DATA_ROOT}/clips/491095_mrVMW4rD3d6QOWEu_0074.wav,bonafide,hi-en,491095,mucs2021,none,channel_g711_20db,491095_mrVMW4rD3d6QOWEu_0074,train
${DATA_ROOT}/clips/491095_mrVMW4rD3d6QOWEu_0075.wav,bonafide,hi-en,491095,mucs2021,none,channel_g711_20db,491095_mrVMW4rD3d6QOWEu_0075,train
${DATA_ROOT}/clips/491095_mrVMW4rD3d6QOWEu_0076.wav,bonafide,hi-en,491095,mucs2021,none,channel_g711_20db,491095_mrVMW4rD3d6QOWEu_0076,train
${DATA_ROOT}/clips/491095_mrVMW4rD3d6QOWEu_0077.wav,bonafide,hi-en,491095,mucs2021,none,channel_g711_20db,491095_mrVMW4rD3d6QOWEu_0077,train
${DATA_ROOT}/clips/491095_mrVMW4rD3d6QOWEu_0078.wav,bonafide,hi-en,491095,mucs2021,none,channel_g711_20db,491095_mrVMW4rD3d6QOWEu_0078,train
${DATA_ROOT}/clips/491095_mrVMW4rD3d6QOWEu_0079.wav,bonafide,hi-en,491095,mucs2021,none,channel_g711_20db,491095_mrVMW4rD3d6QOWEu_0079,train
${DATA_ROOT}/clips/491095_mrVMW4rD3d6QOWEu_0080.wav,bonafide,hi-en,491095,mucs2021,none,channel_g711_20db,491095_mrVMW4rD3d6QOWEu_0080,train
${DATA_ROOT}/clips/491095_mrVMW4rD3d6QOWEu_0081.wav,bonafide,hi-en,491095,mucs2021,none,channel_g711_20db,491095_mrVMW4rD3d6QOWEu_0081,train
${DATA_ROOT}/clips/491095_mrVMW4rD3d6QOWEu_0082.wav,bonafide,hi-en,491095,mucs2021,none,channel_g711_20db,491095_mrVMW4rD3d6QOWEu_0082,train
${DATA_ROOT}/clips/491095_mrVMW4rD3d6QOWEu_0083.wav,bonafide,hi-en,491095,mucs2021,none,channel_g711_20db,491095_mrVMW4rD3d6QOWEu_0083,train
${DATA_ROOT}/clips/491095_mrVMW4rD3d6QOWEu_0084.wav,bonafide,hi-en,491095,mucs2021,none,channel_g711_20db,491095_mrVMW4rD3d6QOWEu_0084,train
${DATA_ROOT}/clips/491095_mrVMW4rD3d6QOWEu_0085.wav,bonafide,hi-en,491095,mucs2021,none,channel_g711_20db,491095_mrVMW4rD3d6QOWEu_0085,train
${DATA_ROOT}/clips/491095_mrVMW4rD3d6QOWEu_0086.wav,bonafide,hi-en,491095,mucs2021,none,channel_g711_20db,491095_mrVMW4rD3d6QOWEu_0086,train
${DATA_ROOT}/clips/491095_mrVMW4rD3d6QOWEu_0087.wav,bonafide,hi-en,491095,mucs2021,none,channel_g711_20db,491095_mrVMW4rD3d6QOWEu_0087,train
${DATA_ROOT}/clips/491095_mrVMW4rD3d6QOWEu_0088.wav,bonafide,hi-en,491095,mucs2021,none,channel_g711_20db,491095_mrVMW4rD3d6QOWEu_0088,train
${DATA_ROOT}/clips/491095_mrVMW4rD3d6QOWEu_0089.wav,bonafide,hi-en,491095,mucs2021,none,channel_g711_20db,491095_mrVMW4rD3d6QOWEu_0089,train
${DATA_ROOT}/clips/491095_mrVMW4rD3d6QOWEu_0090.wav,bonafide,hi-en,491095,mucs2021,none,channel_g711_20db,491095_mrVMW4rD3d6QOWEu_0090,train
${DATA_ROOT}/clips/491095_mrVMW4rD3d6QOWEu_0091.wav,bonafide,hi-en,491095,mucs2021,none,channel_g711_20db,491095_mrVMW4rD3d6QOWEu_0091,train
${DATA_ROOT}/clips/491095_mrVMW4rD3d6QOWEu_0092.wav,bonafide,hi-en,491095,mucs2021,none,channel_g711_20db,491095_mrVMW4rD3d6QOWEu_0092,train
${DATA_ROOT}/clips/491095_mrVMW4rD3d6QOWEu_0093.wav,bonafide,hi-en,491095,mucs2021,none,channel_g711_20db,491095_mrVMW4rD3d6QOWEu_0093,train
${DATA_ROOT}/clips/491095_mrVMW4rD3d6QOWEu_0094.wav,bonafide,hi-en,491095,mucs2021,none,channel_g711_20db,491095_mrVMW4rD3d6QOWEu_0094,train
${DATA_ROOT}/clips/491095_mrVMW4rD3d6QOWEu_0095.wav,bonafide,hi-en,491095,mucs2021,none,channel_g711_20db,491095_mrVMW4rD3d6QOWEu_0095,train
${DATA_ROOT}/clips/491095_mrVMW4rD3d6QOWEu_0096.wav,bonafide,hi-en,491095,mucs2021,none,channel_g711_20db,491095_mrVMW4rD3d6QOWEu_0096,train
${DATA_ROOT}/clips/491095_mrVMW4rD3d6QOWEu_0097.wav,bonafide,hi-en,491095,mucs2021,none,channel_g711_20db,491095_mrVMW4rD3d6QOWEu_0097,train
${DATA_ROOT}/clips/491095_mrVMW4rD3d6QOWEu_0098.wav,bonafide,hi-en,491095,mucs2021,none,channel_g711_20db,491095_mrVMW4rD3d6QOWEu_0098,train
${DATA_ROOT}/clips/491095_mrVMW4rD3d6QOWEu_0099.wav,bonafide,hi-en,491095,mucs2021,none,channel_g711_20db,491095_mrVMW4rD3d6QOWEu_0099,train
${DATA_ROOT}/clips/491095_mrVMW4rD3d6QOWEu_0100.wav,bonafide,hi-en,491095,mucs2021,none,channel_g711_20db,491095_mrVMW4rD3d6QOWEu_0100,train
${DATA_ROOT}/clips/491095_mrVMW4rD3d6QOWEu_0101.wav,bonafide,hi-en,491095,mucs2021,none,channel_g711_20db,491095_mrVMW4rD3d6QOWEu_0101,train
${DATA_ROOT}/clips/491095_mrVMW4rD3d6QOWEu_0102.wav,bonafide,hi-en,491095,mucs2021,none,channel_g711_20db,491095_mrVMW4rD3d6QOWEu_0102,train
${DATA_ROOT}/clips/491095_mrVMW4rD3d6QOWEu_0103.wav,bonafide,hi-en,491095,mucs2021,none,channel_g711_20db,491095_mrVMW4rD3d6QOWEu_0103,train
${DATA_ROOT}/clips/491095_mrVMW4rD3d6QOWEu_0104.wav,bonafide,hi-en,491095,mucs2021,none,channel_g711_20db,491095_mrVMW4rD3d6QOWEu_0104,train
${DATA_ROOT}/clips/491095_mrVMW4rD3d6QOWEu_0105.wav,bonafide,hi-en,491095,mucs2021,none,channel_g711_20db,491095_mrVMW4rD3d6QOWEu_0105,train
${DATA_ROOT}/clips/491095_mrVMW4rD3d6QOWEu_0106.wav,bonafide,hi-en,491095,mucs2021,none,channel_g711_20db,491095_mrVMW4rD3d6QOWEu_0106,train
${DATA_ROOT}/clips/491095_mrVMW4rD3d6QOWEu_0107.wav,bonafide,hi-en,491095,mucs2021,none,channel_g711_20db,491095_mrVMW4rD3d6QOWEu_0107,train
${DATA_ROOT}/clips/491095_mrVMW4rD3d6QOWEu_0108.wav,bonafide,hi-en,491095,mucs2021,none,channel_g711_20db,491095_mrVMW4rD3d6QOWEu_0108,train
${DATA_ROOT}/clips/491095_mrVMW4rD3d6QOWEu_0109.wav,bonafide,hi-en,491095,mucs2021,none,channel_g711_20db,491095_mrVMW4rD3d6QOWEu_0109,train
${DATA_ROOT}/clips/491095_mrVMW4rD3d6QOWEu_0110.wav,bonafide,hi-en,491095,mucs2021,none,channel_g711_20db,491095_mrVMW4rD3d6QOWEu_0110,train
${DATA_ROOT}/clips/491095_mrVMW4rD3d6QOWEu_0111.wav,bonafide,hi-en,491095,mucs2021,none,channel_g711_20db,491095_mrVMW4rD3d6QOWEu_0111,train
${DATA_ROOT}/clips/491095_mrVMW4rD3d6QOWEu_0112.wav,bonafide,hi-en,491095,mucs2021,none,channel_g711_20db,491095_mrVMW4rD3d6QOWEu_0112,train
${DATA_ROOT}/clips/491095_mrVMW4rD3d6QOWEu_0113.wav,bonafide,hi-en,491095,mucs2021,none,channel_g711_20db,491095_mrVMW4rD3d6QOWEu_0113,train
${DATA_ROOT}/clips/491095_mrVMW4rD3d6QOWEu_0114.wav,bonafide,hi-en,491095,mucs2021,none,channel_g711_20db,491095_mrVMW4rD3d6QOWEu_0114,train
${DATA_ROOT}/clips/491095_mrVMW4rD3d6QOWEu_0115.wav,bonafide,hi-en,491095,mucs2021,none,channel_g711_20db,491095_mrVMW4rD3d6QOWEu_0115,train
${DATA_ROOT}/clips/491095_mrVMW4rD3d6QOWEu_0116.wav,bonafide,hi-en,491095,mucs2021,none,channel_g711_20db,491095_mrVMW4rD3d6QOWEu_0116,train
${DATA_ROOT}/clips/491095_mrVMW4rD3d6QOWEu_0117.wav,bonafide,hi-en,491095,mucs2021,none,channel_g711_20db,491095_mrVMW4rD3d6QOWEu_0117,train
${DATA_ROOT}/clips/491095_mrVMW4rD3d6QOWEu_0118.wav,bonafide,hi-en,491095,mucs2021,none,channel_g711_20db,491095_mrVMW4rD3d6QOWEu_0118,train
${DATA_ROOT}/clips/491095_mrVMW4rD3d6QOWEu_0119.wav,bonafide,hi-en,491095,mucs2021,none,channel_g711_20db,491095_mrVMW4rD3d6QOWEu_0119,train
${DATA_ROOT}/clips/491095_mrVMW4rD3d6QOWEu_0120.wav,bonafide,hi-en,491095,mucs2021,none,channel_g711_20db,491095_mrVMW4rD3d6QOWEu_0120,train
${DATA_ROOT}/clips/491095_mrVMW4rD3d6QOWEu_0121.wav,bonafide,hi-en,491095,mucs2021,none,channel_g711_20db,491095_mrVMW4rD3d6QOWEu_0121,train
${DATA_ROOT}/clips/491095_mrVMW4rD3d6QOWEu_0122.wav,bonafide,hi-en,491095,mucs2021,none,channel_g711_20db,491095_mrVMW4rD3d6QOWEu_0122,train
${DATA_ROOT}/clips/491095_mrVMW4rD3d6QOWEu_0123.wav,bonafide,hi-en,491095,mucs2021,none,channel_g711_20db,491095_mrVMW4rD3d6QOWEu_0123,train
${DATA_ROOT}/clips/491095_mrVMW4rD3d6QOWEu_0124.wav,bonafide,hi-en,491095,mucs2021,none,channel_g711_20db,491095_mrVMW4rD3d6QOWEu_0124,train
${DATA_ROOT}/clips/491095_mrVMW4rD3d6QOWEu_0125.wav,bonafide,hi-en,491095,mucs2021,none,channel_g711_20db,491095_mrVMW4rD3d6QOWEu_0125,train
${DATA_ROOT}/clips/491095_mrVMW4rD3d6QOWEu_0126.wav,bonafide,hi-en,491095,mucs2021,none,channel_g711_20db,491095_mrVMW4rD3d6QOWEu_0126,train
${DATA_ROOT}/clips/491095_mrVMW4rD3d6QOWEu_0127.wav,bonafide,hi-en,491095,mucs2021,none,channel_g711_20db,491095_mrVMW4rD3d6QOWEu_0127,train
${DATA_ROOT}/clips/491095_mrVMW4rD3d6QOWEu_0128.wav,bonafide,hi-en,491095,mucs2021,none,channel_g711_20db,491095_mrVMW4rD3d6QOWEu_0128,train
${DATA_ROOT}/clips/702146_kECKM79B279xw7WU_0000.wav,bonafide,hi-en,702146,mucs2021,none,channel_g711_20db,702146_kECKM79B279xw7WU_0000,train
${DATA_ROOT}/clips/702146_kECKM79B279xw7WU_0001.wav,bonafide,hi-en,702146,mucs2021,none,channel_g711_20db,702146_kECKM79B279xw7WU_0001,train
${DATA_ROOT}/clips/702146_kECKM79B279xw7WU_0002.wav,bonafide,hi-en,702146,mucs2021,none,channel_g711_20db,702146_kECKM79B279xw7WU_0002,train
${DATA_ROOT}/clips/702146_kECKM79B279xw7WU_0003.wav,bonafide,hi-en,702146,mucs2021,none,channel_g711_20db,702146_kECKM79B279xw7WU_0003,train
${DATA_ROOT}/clips/702146_kECKM79B279xw7WU_0004.wav,bonafide,hi-en,702146,mucs2021,none,channel_g711_20db,702146_kECKM79B279xw7WU_0004,train
${DATA_ROOT}/clips/702146_kECKM79B279xw7WU_0005.wav,bonafide,hi-en,702146,mucs2021,none,channel_g711_20db,702146_kECKM79B279xw7WU_0005,train
${DATA_ROOT}/clips/702146_kECKM79B279xw7WU_0006.wav,bonafide,hi-en,702146,mucs2021,none,channel_g711_20db,702146_kECKM79B279xw7WU_0006,train
${DATA_ROOT}/clips/702146_kECKM79B279xw7WU_0007.wav,bonafide,hi-en,702146,mucs2021,none,channel_g711_20db,702146_kECKM79B279xw7WU_0007,train
${DATA_ROOT}/clips/702146_kECKM79B279xw7WU_0008.wav,bonafide,hi-en,702146,mucs2021,none,channel_g711_20db,702146_kECKM79B279xw7WU_0008,train
${DATA_ROOT}/clips/702146_kECKM79B279xw7WU_0009.wav,bonafide,hi-en,702146,mucs2021,none,channel_g711_20db,702146_kECKM79B279xw7WU_0009,train
${DATA_ROOT}/clips/702146_kECKM79B279xw7WU_0010.wav,bonafide,hi-en,702146,mucs2021,none,channel_g711_20db,702146_kECKM79B279xw7WU_0010,train
${DATA_ROOT}/clips/702146_kECKM79B279xw7WU_0011.wav,bonafide,hi-en,702146,mucs2021,none,channel_g711_20db,702146_kECKM79B279xw7WU_0011,train
${DATA_ROOT}/clips/702146_kECKM79B279xw7WU_0012.wav,bonafide,hi-en,702146,mucs2021,none,channel_g711_20db,702146_kECKM79B279xw7WU_0012,train
${DATA_ROOT}/clips/702146_kECKM79B279xw7WU_0013.wav,bonafide,hi-en,702146,mucs2021,none,channel_g711_20db,702146_kECKM79B279xw7WU_0013,train
${DATA_ROOT}/clips/702146_kECKM79B279xw7WU_0014.wav,bonafide,hi-en,702146,mucs2021,none,channel_g711_20db,702146_kECKM79B279xw7WU_0014,train
${DATA_ROOT}/clips/702146_kECKM79B279xw7WU_0015.wav,bonafide,hi-en,702146,mucs2021,none,channel_g711_20db,702146_kECKM79B279xw7WU_0015,train
${DATA_ROOT}/clips/702146_kECKM79B279xw7WU_0016.wav,bonafide,hi-en,702146,mucs2021,none,channel_g711_20db,702146_kECKM79B279xw7WU_0016,train
${DATA_ROOT}/clips/702146_kECKM79B279xw7WU_0017.wav,bonafide,hi-en,702146,mucs2021,none,channel_g711_20db,702146_kECKM79B279xw7WU_0017,train
${DATA_ROOT}/clips/702146_kECKM79B279xw7WU_0018.wav,bonafide,hi-en,702146,mucs2021,none,channel_g711_20db,702146_kECKM79B279xw7WU_0018,train
${DATA_ROOT}/clips/702146_kECKM79B279xw7WU_0019.wav,bonafide,hi-en,702146,mucs2021,none,channel_g711_20db,702146_kECKM79B279xw7WU_0019,train
${DATA_ROOT}/clips/702146_kECKM79B279xw7WU_0020.wav,bonafide,hi-en,702146,mucs2021,none,channel_g711_20db,702146_kECKM79B279xw7WU_0020,train
${DATA_ROOT}/clips/702146_kECKM79B279xw7WU_0021.wav,bonafide,hi-en,702146,mucs2021,none,channel_g711_20db,702146_kECKM79B279xw7WU_0021,train
${DATA_ROOT}/clips/702146_kECKM79B279xw7WU_0022.wav,bonafide,hi-en,702146,mucs2021,none,channel_g711_20db,702146_kECKM79B279xw7WU_0022,train
${DATA_ROOT}/clips/702146_kECKM79B279xw7WU_0023.wav,bonafide,hi-en,702146,mucs2021,none,channel_g711_20db,702146_kECKM79B279xw7WU_0023,train
${DATA_ROOT}/clips/702146_kECKM79B279xw7WU_0024.wav,bonafide,hi-en,702146,mucs2021,none,channel_g711_20db,702146_kECKM79B279xw7WU_0024,train
${DATA_ROOT}/clips/702146_kECKM79B279xw7WU_0025.wav,bonafide,hi-en,702146,mucs2021,none,channel_g711_20db,702146_kECKM79B279xw7WU_0025,train
${DATA_ROOT}/clips/702146_kECKM79B279xw7WU_0026.wav,bonafide,hi-en,702146,mucs2021,none,channel_g711_20db,702146_kECKM79B279xw7WU_0026,train
${DATA_ROOT}/clips/702146_kECKM79B279xw7WU_0027.wav,bonafide,hi-en,702146,mucs2021,none,channel_g711_20db,702146_kECKM79B279xw7WU_0027,train
${DATA_ROOT}/clips/702146_kECKM79B279xw7WU_0028.wav,bonafide,hi-en,702146,mucs2021,none,channel_g711_20db,702146_kECKM79B279xw7WU_0028,train
${DATA_ROOT}/clips/702146_kECKM79B279xw7WU_0029.wav,bonafide,hi-en,702146,mucs2021,none,channel_g711_20db,702146_kECKM79B279xw7WU_0029,train
${DATA_ROOT}/clips/702146_kECKM79B279xw7WU_0030.wav,bonafide,hi-en,702146,mucs2021,none,channel_g711_20db,702146_kECKM79B279xw7WU_0030,train
${DATA_ROOT}/clips/702146_kECKM79B279xw7WU_0031.wav,bonafide,hi-en,702146,mucs2021,none,channel_g711_20db,702146_kECKM79B279xw7WU_0031,train
${DATA_ROOT}/clips/702146_kECKM79B279xw7WU_0032.wav,bonafide,hi-en,702146,mucs2021,none,channel_g711_20db,702146_kECKM79B279xw7WU_0032,train
${DATA_ROOT}/clips/702146_kECKM79B279xw7WU_0033.wav,bonafide,hi-en,702146,mucs2021,none,channel_g711_20db,702146_kECKM79B279xw7WU_0033,train
${DATA_ROOT}/clips/702146_kECKM79B279xw7WU_0034.wav,bonafide,hi-en,702146,mucs2021,none,channel_g711_20db,702146_kECKM79B279xw7WU_0034,train
${DATA_ROOT}/clips/702146_kECKM79B279xw7WU_0035.wav,bonafide,hi-en,702146,mucs2021,none,channel_g711_20db,702146_kECKM79B279xw7WU_0035,train
${DATA_ROOT}/clips/702146_kECKM79B279xw7WU_0036.wav,bonafide,hi-en,702146,mucs2021,none,channel_g711_20db,702146_kECKM79B279xw7WU_0036,train
${DATA_ROOT}/clips/702146_kECKM79B279xw7WU_0037.wav,bonafide,hi-en,702146,mucs2021,none,channel_g711_20db,702146_kECKM79B279xw7WU_0037,train
${DATA_ROOT}/clips/702146_kECKM79B279xw7WU_0038.wav,bonafide,hi-en,702146,mucs2021,none,channel_g711_20db,702146_kECKM79B279xw7WU_0038,train
${DATA_ROOT}/clips/702146_kECKM79B279xw7WU_0039.wav,bonafide,hi-en,702146,mucs2021,none,channel_g711_20db,702146_kECKM79B279xw7WU_0039,train
${DATA_ROOT}/clips/702146_kECKM79B279xw7WU_0040.wav,bonafide,hi-en,702146,mucs2021,none,channel_g711_20db,702146_kECKM79B279xw7WU_0040,train
${DATA_ROOT}/clips/702146_kECKM79B279xw7WU_0041.wav,bonafide,hi-en,702146,mucs2021,none,channel_g711_20db,702146_kECKM79B279xw7WU_0041,train
${DATA_ROOT}/clips/702146_kECKM79B279xw7WU_0042.wav,bonafide,hi-en,702146,mucs2021,none,channel_g711_20db,702146_kECKM79B279xw7WU_0042,train
${DATA_ROOT}/clips/702146_kECKM79B279xw7WU_0043.wav,bonafide,hi-en,702146,mucs2021,none,channel_g711_20db,702146_kECKM79B279xw7WU_0043,train
${DATA_ROOT}/clips/702146_kECKM79B279xw7WU_0044.wav,bonafide,hi-en,702146,mucs2021,none,channel_g711_20db,702146_kECKM79B279xw7WU_0044,train
${DATA_ROOT}/clips/702146_kECKM79B279xw7WU_0045.wav,bonafide,hi-en,702146,mucs2021,none,channel_g711_20db,702146_kECKM79B279xw7WU_0045,train
${DATA_ROOT}/clips/702146_kECKM79B279xw7WU_0046.wav,bonafide,hi-en,702146,mucs2021,none,channel_g711_20db,702146_kECKM79B279xw7WU_0046,train
${DATA_ROOT}/clips/702146_kECKM79B279xw7WU_0047.wav,bonafide,hi-en,702146,mucs2021,none,channel_g711_20db,702146_kECKM79B279xw7WU_0047,train
${DATA_ROOT}/clips/702146_kECKM79B279xw7WU_0048.wav,bonafide,hi-en,702146,mucs2021,none,channel_g711_20db,702146_kECKM79B279xw7WU_0048,train
${DATA_ROOT}/clips/702146_kECKM79B279xw7WU_0049.wav,bonafide,hi-en,702146,mucs2021,none,channel_g711_20db,702146_kECKM79B279xw7WU_0049,train
${DATA_ROOT}/clips/702146_kECKM79B279xw7WU_0050.wav,bonafide,hi-en,702146,mucs2021,none,channel_g711_20db,702146_kECKM79B279xw7WU_0050,train
${DATA_ROOT}/clips/702146_kECKM79B279xw7WU_0051.wav,bonafide,hi-en,702146,mucs2021,none,channel_g711_20db,702146_kECKM79B279xw7WU_0051,train
${DATA_ROOT}/clips/702146_kECKM79B279xw7WU_0052.wav,bonafide,hi-en,702146,mucs2021,none,channel_g711_20db,702146_kECKM79B279xw7WU_0052,train
${DATA_ROOT}/clips/702146_kECKM79B279xw7WU_0053.wav,bonafide,hi-en,702146,mucs2021,none,channel_g711_20db,702146_kECKM79B279xw7WU_0053,train
${DATA_ROOT}/clips/702146_kECKM79B279xw7WU_0054.wav,bonafide,hi-en,702146,mucs2021,none,channel_g711_20db,702146_kECKM79B279xw7WU_0054,train
${DATA_ROOT}/clips/702146_kECKM79B279xw7WU_0055.wav,bonafide,hi-en,702146,mucs2021,none,channel_g711_20db,702146_kECKM79B279xw7WU_0055,train
${DATA_ROOT}/clips/702146_kECKM79B279xw7WU_0056.wav,bonafide,hi-en,702146,mucs2021,none,channel_g711_20db,702146_kECKM79B279xw7WU_0056,train
${DATA_ROOT}/clips/702146_kECKM79B279xw7WU_0057.wav,bonafide,hi-en,702146,mucs2021,none,channel_g711_20db,702146_kECKM79B279xw7WU_0057,train
${DATA_ROOT}/clips/702146_kECKM79B279xw7WU_0058.wav,bonafide,hi-en,702146,mucs2021,none,channel_g711_20db,702146_kECKM79B279xw7WU_0058,train
${DATA_ROOT}/clips/702146_kECKM79B279xw7WU_0059.wav,bonafide,hi-en,702146,mucs2021,none,channel_g711_20db,702146_kECKM79B279xw7WU_0059,train
${DATA_ROOT}/clips/702146_kECKM79B279xw7WU_0060.wav,bonafide,hi-en,702146,mucs2021,none,channel_g711_20db,702146_kECKM79B279xw7WU_0060,train
${DATA_ROOT}/clips/702146_kECKM79B279xw7WU_0061.wav,bonafide,hi-en,702146,mucs2021,none,channel_g711_20db,702146_kECKM79B279xw7WU_0061,train
${DATA_ROOT}/clips/702146_kECKM79B279xw7WU_0062.wav,bonafide,hi-en,702146,mucs2021,none,channel_g711_20db,702146_kECKM79B279xw7WU_0062,train
${DATA_ROOT}/clips/702146_kECKM79B279xw7WU_0063.wav,bonafide,hi-en,702146,mucs2021,none,channel_g711_20db,702146_kECKM79B279xw7WU_0063,train
${DATA_ROOT}/clips/702146_kECKM79B279xw7WU_0064.wav,bonafide,hi-en,702146,mucs2021,none,channel_g711_20db,702146_kECKM79B279xw7WU_0064,train
${DATA_ROOT}/clips/702146_kECKM79B279xw7WU_0065.wav,bonafide,hi-en,702146,mucs2021,none,channel_g711_20db,702146_kECKM79B279xw7WU_0065,train
${DATA_ROOT}/clips/702146_kECKM79B279xw7WU_0066.wav,bonafide,hi-en,702146,mucs2021,none,channel_g711_20db,702146_kECKM79B279xw7WU_0066,train
${DATA_ROOT}/clips/702146_kECKM79B279xw7WU_0067.wav,bonafide,hi-en,702146,mucs2021,none,channel_g711_20db,702146_kECKM79B279xw7WU_0067,train
${DATA_ROOT}/clips/702146_kECKM79B279xw7WU_0068.wav,bonafide,hi-en,702146,mucs2021,none,channel_g711_20db,702146_kECKM79B279xw7WU_0068,train
${DATA_ROOT}/clips/702146_kECKM79B279xw7WU_0069.wav,bonafide,hi-en,702146,mucs2021,none,channel_g711_20db,702146_kECKM79B279xw7WU_0069,train
${DATA_ROOT}/clips/702146_kECKM79B279xw7WU_0070.wav,bonafide,hi-en,702146,mucs2021,none,channel_g711_20db,702146_kECKM79B279xw7WU_0070,train
${DATA_ROOT}/clips/702146_kECKM79B279xw7WU_0071.wav,bonafide,hi-en,702146,mucs2021,none,channel_g711_20db,702146_kECKM79B279xw7WU_0071,train
${DATA_ROOT}/clips/702146_kECKM79B279xw7WU_0072.wav,bonafide,hi-en,702146,mucs2021,none,channel_g711_20db,702146_kECKM79B279xw7WU_0072,train
${DATA_ROOT}/clips/702146_kECKM79B279xw7WU_0073.wav,bonafide,hi-en,702146,mucs2021,none,channel_g711_20db,702146_kECKM79B279xw7WU_0073,train
${DATA_ROOT}/clips/702146_kECKM79B279xw7WU_0074.wav,bonafide,hi-en,702146,mucs2021,none,channel_g711_20db,702146_kECKM79B279xw7WU_0074,train
${DATA_ROOT}/clips/702146_kECKM79B279xw7WU_0075.wav,bonafide,hi-en,702146,mucs2021,none,channel_g711_20db,702146_kECKM79B279xw7WU_0075,train
${DATA_ROOT}/clips/702146_kECKM79B279xw7WU_0076.wav,bonafide,hi-en,702146,mucs2021,none,channel_g711_20db,702146_kECKM79B279xw7WU_0076,train
${DATA_ROOT}/clips/702146_kECKM79B279xw7WU_0077.wav,bonafide,hi-en,702146,mucs2021,none,channel_g711_20db,702146_kECKM79B279xw7WU_0077,train
${DATA_ROOT}/clips/702146_kECKM79B279xw7WU_0078.wav,bonafide,hi-en,702146,mucs2021,none,channel_g711_20db,702146_kECKM79B279xw7WU_0078,train
${DATA_ROOT}/clips/702146_kECKM79B279xw7WU_0079.wav,bonafide,hi-en,702146,mucs2021,none,channel_g711_20db,702146_kECKM79B279xw7WU_0079,train
${DATA_ROOT}/clips/702146_kECKM79B279xw7WU_0080.wav,bonafide,hi-en,702146,mucs2021,none,channel_g711_20db,702146_kECKM79B279xw7WU_0080,train
${DATA_ROOT}/clips/702146_kECKM79B279xw7WU_0081.wav,bonafide,hi-en,702146,mucs2021,none,channel_g711_20db,702146_kECKM79B279xw7WU_0081,train
${DATA_ROOT}/clips/702146_kECKM79B279xw7WU_0082.wav,bonafide,hi-en,702146,mucs2021,none,channel_g711_20db,702146_kECKM79B279xw7WU_0082,train
${DATA_ROOT}/clips/702146_kECKM79B279xw7WU_0083.wav,bonafide,hi-en,702146,mucs2021,none,channel_g711_20db,702146_kECKM79B279xw7WU_0083,train
${DATA_ROOT}/clips/702146_kECKM79B279xw7WU_0084.wav,bonafide,hi-en,702146,mucs2021,none,channel_g711_20db,702146_kECKM79B279xw7WU_0084,train
${DATA_ROOT}/clips/702146_kECKM79B279xw7WU_0085.wav,bonafide,hi-en,702146,mucs2021,none,channel_g711_20db,702146_kECKM79B279xw7WU_0085,train
${DATA_ROOT}/clips/702146_kECKM79B279xw7WU_0086.wav,bonafide,hi-en,702146,mucs2021,none,channel_g711_20db,702146_kECKM79B279xw7WU_0086,train
${DATA_ROOT}/clips/702146_kECKM79B279xw7WU_0087.wav,bonafide,hi-en,702146,mucs2021,none,channel_g711_20db,702146_kECKM79B279xw7WU_0087,train
${DATA_ROOT}/clips/702146_kECKM79B279xw7WU_0088.wav,bonafide,hi-en,702146,mucs2021,none,channel_g711_20db,702146_kECKM79B279xw7WU_0088,train
${DATA_ROOT}/clips/702146_kECKM79B279xw7WU_0089.wav,bonafide,hi-en,702146,mucs2021,none,channel_g711_20db,702146_kECKM79B279xw7WU_0089,train
${DATA_ROOT}/clips/702146_kECKM79B279xw7WU_0090.wav,bonafide,hi-en,702146,mucs2021,none,channel_g711_20db,702146_kECKM79B279xw7WU_0090,train
${DATA_ROOT}/clips/702146_kECKM79B279xw7WU_0091.wav,bonafide,hi-en,702146,mucs2021,none,channel_g711_20db,702146_kECKM79B279xw7WU_0091,train
${DATA_ROOT}/clips/702146_kECKM79B279xw7WU_0092.wav,bonafide,hi-en,702146,mucs2021,none,channel_g711_20db,702146_kECKM79B279xw7WU_0092,train
${DATA_ROOT}/clips/702146_kECKM79B279xw7WU_0093.wav,bonafide,hi-en,702146,mucs2021,none,channel_g711_20db,702146_kECKM79B279xw7WU_0093,train
${DATA_ROOT}/clips/702146_kECKM79B279xw7WU_0094.wav,bonafide,hi-en,702146,mucs2021,none,channel_g711_20db,702146_kECKM79B279xw7WU_0094,train
${DATA_ROOT}/clips/702146_kECKM79B279xw7WU_0095.wav,bonafide,hi-en,702146,mucs2021,none,channel_g711_20db,702146_kECKM79B279xw7WU_0095,train
${DATA_ROOT}/clips/702146_kECKM79B279xw7WU_0096.wav,bonafide,hi-en,702146,mucs2021,none,channel_g711_20db,702146_kECKM79B279xw7WU_0096,train
${DATA_ROOT}/clips/702146_kECKM79B279xw7WU_0097.wav,bonafide,hi-en,702146,mucs2021,none,channel_g711_20db,702146_kECKM79B279xw7WU_0097,train
${DATA_ROOT}/clips/702146_kECKM79B279xw7WU_0098.wav,bonafide,hi-en,702146,mucs2021,none,channel_g711_20db,702146_kECKM79B279xw7WU_0098,train
${DATA_ROOT}/clips/702146_kECKM79B279xw7WU_0099.wav,bonafide,hi-en,702146,mucs2021,none,channel_g711_20db,702146_kECKM79B279xw7WU_0099,train
${DATA_ROOT}/clips/702146_kECKM79B279xw7WU_0100.wav,bonafide,hi-en,702146,mucs2021,none,channel_g711_20db,702146_kECKM79B279xw7WU_0100,train
${DATA_ROOT}/clips/702146_kECKM79B279xw7WU_0101.wav,bonafide,hi-en,702146,mucs2021,none,channel_g711_20db,702146_kECKM79B279xw7WU_0101,train
${DATA_ROOT}/clips/702146_kECKM79B279xw7WU_0102.wav,bonafide,hi-en,702146,mucs2021,none,channel_g711_20db,702146_kECKM79B279xw7WU_0102,train
${DATA_ROOT}/clips/702146_kECKM79B279xw7WU_0103.wav,bonafide,hi-en,702146,mucs2021,none,channel_g711_20db,702146_kECKM79B279xw7WU_0103,train
${DATA_ROOT}/clips/707034_JIbdP0zW3oq0wsvK_0000.wav,bonafide,hi-en,707034,mucs2021,none,channel_g711_20db,707034_JIbdP0zW3oq0wsvK_0000,train
${DATA_ROOT}/clips/707034_JIbdP0zW3oq0wsvK_0001.wav,bonafide,hi-en,707034,mucs2021,none,channel_g711_20db,707034_JIbdP0zW3oq0wsvK_0001,train
${DATA_ROOT}/clips/707034_JIbdP0zW3oq0wsvK_0002.wav,bonafide,hi-en,707034,mucs2021,none,channel_g711_20db,707034_JIbdP0zW3oq0wsvK_0002,train
${DATA_ROOT}/clips/707034_JIbdP0zW3oq0wsvK_0003.wav,bonafide,hi-en,707034,mucs2021,none,channel_g711_20db,707034_JIbdP0zW3oq0wsvK_0003,train
${DATA_ROOT}/clips/707034_JIbdP0zW3oq0wsvK_0004.wav,bonafide,hi-en,707034,mucs2021,none,channel_g711_20db,707034_JIbdP0zW3oq0wsvK_0004,train
${DATA_ROOT}/clips/707034_JIbdP0zW3oq0wsvK_0005.wav,bonafide,hi-en,707034,mucs2021,none,channel_g711_20db,707034_JIbdP0zW3oq0wsvK_0005,train
${DATA_ROOT}/clips/707034_JIbdP0zW3oq0wsvK_0006.wav,bonafide,hi-en,707034,mucs2021,none,channel_g711_20db,707034_JIbdP0zW3oq0wsvK_0006,train
${DATA_ROOT}/clips/707034_JIbdP0zW3oq0wsvK_0007.wav,bonafide,hi-en,707034,mucs2021,none,channel_g711_20db,707034_JIbdP0zW3oq0wsvK_0007,train
${DATA_ROOT}/clips/707034_JIbdP0zW3oq0wsvK_0008.wav,bonafide,hi-en,707034,mucs2021,none,channel_g711_20db,707034_JIbdP0zW3oq0wsvK_0008,train
${DATA_ROOT}/clips/707034_JIbdP0zW3oq0wsvK_0009.wav,bonafide,hi-en,707034,mucs2021,none,channel_g711_20db,707034_JIbdP0zW3oq0wsvK_0009,train
${DATA_ROOT}/clips/707034_JIbdP0zW3oq0wsvK_0010.wav,bonafide,hi-en,707034,mucs2021,none,channel_g711_20db,707034_JIbdP0zW3oq0wsvK_0010,train
${DATA_ROOT}/clips/707034_JIbdP0zW3oq0wsvK_0011.wav,bonafide,hi-en,707034,mucs2021,none,channel_g711_20db,707034_JIbdP0zW3oq0wsvK_0011,train
${DATA_ROOT}/clips/707034_JIbdP0zW3oq0wsvK_0012.wav,bonafide,hi-en,707034,mucs2021,none,channel_g711_20db,707034_JIbdP0zW3oq0wsvK_0012,train
${DATA_ROOT}/clips/707034_JIbdP0zW3oq0wsvK_0013.wav,bonafide,hi-en,707034,mucs2021,none,channel_g711_20db,707034_JIbdP0zW3oq0wsvK_0013,train
${DATA_ROOT}/clips/707034_JIbdP0zW3oq0wsvK_0014.wav,bonafide,hi-en,707034,mucs2021,none,channel_g711_20db,707034_JIbdP0zW3oq0wsvK_0014,train
${DATA_ROOT}/clips/707034_JIbdP0zW3oq0wsvK_0015.wav,bonafide,hi-en,707034,mucs2021,none,channel_g711_20db,707034_JIbdP0zW3oq0wsvK_0015,train
${DATA_ROOT}/clips/707034_JIbdP0zW3oq0wsvK_0016.wav,bonafide,hi-en,707034,mucs2021,none,channel_g711_20db,707034_JIbdP0zW3oq0wsvK_0016,train
${DATA_ROOT}/clips/707034_JIbdP0zW3oq0wsvK_0017.wav,bonafide,hi-en,707034,mucs2021,none,channel_g711_20db,707034_JIbdP0zW3oq0wsvK_0017,train
${DATA_ROOT}/clips/707034_JIbdP0zW3oq0wsvK_0018.wav,bonafide,hi-en,707034,mucs2021,none,channel_g711_20db,707034_JIbdP0zW3oq0wsvK_0018,train
${DATA_ROOT}/clips/707034_JIbdP0zW3oq0wsvK_0019.wav,bonafide,hi-en,707034,mucs2021,none,channel_g711_20db,707034_JIbdP0zW3oq0wsvK_0019,train
${DATA_ROOT}/clips/707034_JIbdP0zW3oq0wsvK_0020.wav,bonafide,hi-en,707034,mucs2021,none,channel_g711_20db,707034_JIbdP0zW3oq0wsvK_0020,train
${DATA_ROOT}/clips/707034_JIbdP0zW3oq0wsvK_0021.wav,bonafide,hi-en,707034,mucs2021,none,channel_g711_20db,707034_JIbdP0zW3oq0wsvK_0021,train
${DATA_ROOT}/clips/707034_JIbdP0zW3oq0wsvK_0022.wav,bonafide,hi-en,707034,mucs2021,none,channel_g711_20db,707034_JIbdP0zW3oq0wsvK_0022,train
${DATA_ROOT}/clips/707034_JIbdP0zW3oq0wsvK_0023.wav,bonafide,hi-en,707034,mucs2021,none,channel_g711_20db,707034_JIbdP0zW3oq0wsvK_0023,train
${DATA_ROOT}/clips/707034_JIbdP0zW3oq0wsvK_0024.wav,bonafide,hi-en,707034,mucs2021,none,channel_g711_20db,707034_JIbdP0zW3oq0wsvK_0024,train
${DATA_ROOT}/clips/707034_JIbdP0zW3oq0wsvK_0025.wav,bonafide,hi-en,707034,mucs2021,none,channel_g711_20db,707034_JIbdP0zW3oq0wsvK_0025,train
${DATA_ROOT}/clips/707034_JIbdP0zW3oq0wsvK_0026.wav,bonafide,hi-en,707034,mucs2021,none,channel_g711_20db,707034_JIbdP0zW3oq0wsvK_0026,train
${DATA_ROOT}/clips/707034_JIbdP0zW3oq0wsvK_0027.wav,bonafide,hi-en,707034,mucs2021,none,channel_g711_20db,707034_JIbdP0zW3oq0wsvK_0027,train
${DATA_ROOT}/clips/707034_JIbdP0zW3oq0wsvK_0028.wav,bonafide,hi-en,707034,mucs2021,none,channel_g711_20db,707034_JIbdP0zW3oq0wsvK_0028,train
${DATA_ROOT}/clips/707034_JIbdP0zW3oq0wsvK_0029.wav,bonafide,hi-en,707034,mucs2021,none,channel_g711_20db,707034_JIbdP0zW3oq0wsvK_0029,train
${DATA_ROOT}/clips/707034_JIbdP0zW3oq0wsvK_0030.wav,bonafide,hi-en,707034,mucs2021,none,channel_g711_20db,707034_JIbdP0zW3oq0wsvK_0030,train
${DATA_ROOT}/clips/707034_JIbdP0zW3oq0wsvK_0031.wav,bonafide,hi-en,707034,mucs2021,none,channel_g711_20db,707034_JIbdP0zW3oq0wsvK_0031,train
${DATA_ROOT}/clips/707034_JIbdP0zW3oq0wsvK_0032.wav,bonafide,hi-en,707034,mucs2021,none,channel_g711_20db,707034_JIbdP0zW3oq0wsvK_0032,train
${DATA_ROOT}/clips/707034_JIbdP0zW3oq0wsvK_0033.wav,bonafide,hi-en,707034,mucs2021,none,channel_g711_20db,707034_JIbdP0zW3oq0wsvK_0033,train
${DATA_ROOT}/clips/707034_JIbdP0zW3oq0wsvK_0034.wav,bonafide,hi-en,707034,mucs2021,none,channel_g711_20db,707034_JIbdP0zW3oq0wsvK_0034,train
${DATA_ROOT}/clips/707034_JIbdP0zW3oq0wsvK_0035.wav,bonafide,hi-en,707034,mucs2021,none,channel_g711_20db,707034_JIbdP0zW3oq0wsvK_0035,train
${DATA_ROOT}/clips/707034_JIbdP0zW3oq0wsvK_0036.wav,bonafide,hi-en,707034,mucs2021,none,channel_g711_20db,707034_JIbdP0zW3oq0wsvK_0036,train
${DATA_ROOT}/clips/707034_JIbdP0zW3oq0wsvK_0037.wav,bonafide,hi-en,707034,mucs2021,none,channel_g711_20db,707034_JIbdP0zW3oq0wsvK_0037,train
${DATA_ROOT}/clips/707034_JIbdP0zW3oq0wsvK_0038.wav,bonafide,hi-en,707034,mucs2021,none,channel_g711_20db,707034_JIbdP0zW3oq0wsvK_0038,train
${DATA_ROOT}/clips/707034_JIbdP0zW3oq0wsvK_0039.wav,bonafide,hi-en,707034,mucs2021,none,channel_g711_20db,707034_JIbdP0zW3oq0wsvK_0039,train
${DATA_ROOT}/clips/707034_JIbdP0zW3oq0wsvK_0040.wav,bonafide,hi-en,707034,mucs2021,none,channel_g711_20db,707034_JIbdP0zW3oq0wsvK_0040,train
${DATA_ROOT}/clips/707034_JIbdP0zW3oq0wsvK_0041.wav,bonafide,hi-en,707034,mucs2021,none,channel_g711_20db,707034_JIbdP0zW3oq0wsvK_0041,train
${DATA_ROOT}/clips/707034_JIbdP0zW3oq0wsvK_0042.wav,bonafide,hi-en,707034,mucs2021,none,channel_g711_20db,707034_JIbdP0zW3oq0wsvK_0042,train
${DATA_ROOT}/clips/707034_JIbdP0zW3oq0wsvK_0043.wav,bonafide,hi-en,707034,mucs2021,none,channel_g711_20db,707034_JIbdP0zW3oq0wsvK_0043,train
${DATA_ROOT}/clips/707034_JIbdP0zW3oq0wsvK_0044.wav,bonafide,hi-en,707034,mucs2021,none,channel_g711_20db,707034_JIbdP0zW3oq0wsvK_0044,train
${DATA_ROOT}/clips/707034_JIbdP0zW3oq0wsvK_0045.wav,bonafide,hi-en,707034,mucs2021,none,channel_g711_20db,707034_JIbdP0zW3oq0wsvK_0045,train
${DATA_ROOT}/clips/707034_JIbdP0zW3oq0wsvK_0046.wav,bonafide,hi-en,707034,mucs2021,none,channel_g711_20db,707034_JIbdP0zW3oq0wsvK_0046,train
${DATA_ROOT}/clips/707034_JIbdP0zW3oq0wsvK_0047.wav,bonafide,hi-en,707034,mucs2021,none,channel_g711_20db,707034_JIbdP0zW3oq0wsvK_0047,train
${DATA_ROOT}/clips/707034_JIbdP0zW3oq0wsvK_0048.wav,bonafide,hi-en,707034,mucs2021,none,channel_g711_20db,707034_JIbdP0zW3oq0wsvK_0048,train
${DATA_ROOT}/clips/707034_JIbdP0zW3oq0wsvK_0049.wav,bonafide,hi-en,707034,mucs2021,none,channel_g711_20db,707034_JIbdP0zW3oq0wsvK_0049,train
${DATA_ROOT}/clips/707034_JIbdP0zW3oq0wsvK_0050.wav,bonafide,hi-en,707034,mucs2021,none,channel_g711_20db,707034_JIbdP0zW3oq0wsvK_0050,train
${DATA_ROOT}/clips/707034_JIbdP0zW3oq0wsvK_0051.wav,bonafide,hi-en,707034,mucs2021,none,channel_g711_20db,707034_JIbdP0zW3oq0wsvK_0051,train
${DATA_ROOT}/clips/707034_JIbdP0zW3oq0wsvK_0052.wav,bonafide,hi-en,707034,mucs2021,none,channel_g711_20db,707034_JIbdP0zW3oq0wsvK_0052,train
${DATA_ROOT}/clips/707034_JIbdP0zW3oq0wsvK_0053.wav,bonafide,hi-en,707034,mucs2021,none,channel_g711_20db,707034_JIbdP0zW3oq0wsvK_0053,train
${DATA_ROOT}/clips/707034_JIbdP0zW3oq0wsvK_0054.wav,bonafide,hi-en,707034,mucs2021,none,channel_g711_20db,707034_JIbdP0zW3oq0wsvK_0054,train
${DATA_ROOT}/clips/707034_JIbdP0zW3oq0wsvK_0055.wav,bonafide,hi-en,707034,mucs2021,none,channel_g711_20db,707034_JIbdP0zW3oq0wsvK_0055,train
${DATA_ROOT}/clips/707034_JIbdP0zW3oq0wsvK_0056.wav,bonafide,hi-en,707034,mucs2021,none,channel_g711_20db,707034_JIbdP0zW3oq0wsvK_0056,train
${DATA_ROOT}/clips/707034_JIbdP0zW3oq0wsvK_0057.wav,bonafide,hi-en,707034,mucs2021,none,channel_g711_20db,707034_JIbdP0zW3oq0wsvK_0057,train
${DATA_ROOT}/clips/707034_JIbdP0zW3oq0wsvK_0058.wav,bonafide,hi-en,707034,mucs2021,none,channel_g711_20db,707034_JIbdP0zW3oq0wsvK_0058,train
${DATA_ROOT}/clips/707034_JIbdP0zW3oq0wsvK_0059.wav,bonafide,hi-en,707034,mucs2021,none,channel_g711_20db,707034_JIbdP0zW3oq0wsvK_0059,train
${DATA_ROOT}/clips/707034_JIbdP0zW3oq0wsvK_0060.wav,bonafide,hi-en,707034,mucs2021,none,channel_g711_20db,707034_JIbdP0zW3oq0wsvK_0060,train
${DATA_ROOT}/clips/707034_JIbdP0zW3oq0wsvK_0061.wav,bonafide,hi-en,707034,mucs2021,none,channel_g711_20db,707034_JIbdP0zW3oq0wsvK_0061,train
${DATA_ROOT}/clips/707034_JIbdP0zW3oq0wsvK_0062.wav,bonafide,hi-en,707034,mucs2021,none,channel_g711_20db,707034_JIbdP0zW3oq0wsvK_0062,train
${DATA_ROOT}/clips/707034_JIbdP0zW3oq0wsvK_0063.wav,bonafide,hi-en,707034,mucs2021,none,channel_g711_20db,707034_JIbdP0zW3oq0wsvK_0063,train
${DATA_ROOT}/clips/707034_JIbdP0zW3oq0wsvK_0064.wav,bonafide,hi-en,707034,mucs2021,none,channel_g711_20db,707034_JIbdP0zW3oq0wsvK_0064,train
${DATA_ROOT}/clips/707034_JIbdP0zW3oq0wsvK_0065.wav,bonafide,hi-en,707034,mucs2021,none,channel_g711_20db,707034_JIbdP0zW3oq0wsvK_0065,train
${DATA_ROOT}/clips/707034_JIbdP0zW3oq0wsvK_0066.wav,bonafide,hi-en,707034,mucs2021,none,channel_g711_20db,707034_JIbdP0zW3oq0wsvK_0066,train
${DATA_ROOT}/clips/707034_JIbdP0zW3oq0wsvK_0067.wav,bonafide,hi-en,707034,mucs2021,none,channel_g711_20db,707034_JIbdP0zW3oq0wsvK_0067,train
${DATA_ROOT}/clips/707034_JIbdP0zW3oq0wsvK_0068.wav,bonafide,hi-en,707034,mucs2021,none,channel_g711_20db,707034_JIbdP0zW3oq0wsvK_0068,train
${DATA_ROOT}/clips/707034_JIbdP0zW3oq0wsvK_0069.wav,bonafide,hi-en,707034,mucs2021,none,channel_g711_20db,707034_JIbdP0zW3oq0wsvK_0069,train
${DATA_ROOT}/clips/707034_JIbdP0zW3oq0wsvK_0070.wav,bonafide,hi-en,707034,mucs2021,none,channel_g711_20db,707034_JIbdP0zW3oq0wsvK_0070,train
${DATA_ROOT}/clips/707034_JIbdP0zW3oq0wsvK_0071.wav,bonafide,hi-en,707034,mucs2021,none,channel_g711_20db,707034_JIbdP0zW3oq0wsvK_0071,train
${DATA_ROOT}/clips/707034_JIbdP0zW3oq0wsvK_0072.wav,bonafide,hi-en,707034,mucs2021,none,channel_g711_20db,707034_JIbdP0zW3oq0wsvK_0072,train
${DATA_ROOT}/clips/707034_JIbdP0zW3oq0wsvK_0073.wav,bonafide,hi-en,707034,mucs2021,none,channel_g711_20db,707034_JIbdP0zW3oq0wsvK_0073,train
${DATA_ROOT}/clips/707034_JIbdP0zW3oq0wsvK_0074.wav,bonafide,hi-en,707034,mucs2021,none,channel_g711_20db,707034_JIbdP0zW3oq0wsvK_0074,train
${DATA_ROOT}/clips/707034_JIbdP0zW3oq0wsvK_0075.wav,bonafide,hi-en,707034,mucs2021,none,channel_g711_20db,707034_JIbdP0zW3oq0wsvK_0075,train
${DATA_ROOT}/clips/707034_JIbdP0zW3oq0wsvK_0076.wav,bonafide,hi-en,707034,mucs2021,none,channel_g711_20db,707034_JIbdP0zW3oq0wsvK_0076,train
${DATA_ROOT}/clips/707034_JIbdP0zW3oq0wsvK_0077.wav,bonafide,hi-en,707034,mucs2021,none,channel_g711_20db,707034_JIbdP0zW3oq0wsvK_0077,train
${DATA_ROOT}/clips/707034_JIbdP0zW3oq0wsvK_0078.wav,bonafide,hi-en,707034,mucs2021,none,channel_g711_20db,707034_JIbdP0zW3oq0wsvK_0078,train
${DATA_ROOT}/clips/707034_JIbdP0zW3oq0wsvK_0079.wav,bonafide,hi-en,707034,mucs2021,none,channel_g711_20db,707034_JIbdP0zW3oq0wsvK_0079,train
${DATA_ROOT}/clips/707034_JIbdP0zW3oq0wsvK_0080.wav,bonafide,hi-en,707034,mucs2021,none,channel_g711_20db,707034_JIbdP0zW3oq0wsvK_0080,train
${DATA_ROOT}/clips/707034_JIbdP0zW3oq0wsvK_0081.wav,bonafide,hi-en,707034,mucs2021,none,channel_g711_20db,707034_JIbdP0zW3oq0wsvK_0081,train
${DATA_ROOT}/clips/707034_JIbdP0zW3oq0wsvK_0082.wav,bonafide,hi-en,707034,mucs2021,none,channel_g711_20db,707034_JIbdP0zW3oq0wsvK_0082,train
${DATA_ROOT}/clips/707034_JIbdP0zW3oq0wsvK_0083.wav,bonafide,hi-en,707034,mucs2021,none,channel_g711_20db,707034_JIbdP0zW3oq0wsvK_0083,train
${DATA_ROOT}/clips/707034_JIbdP0zW3oq0wsvK_0084.wav,bonafide,hi-en,707034,mucs2021,none,channel_g711_20db,707034_JIbdP0zW3oq0wsvK_0084,train
${DATA_ROOT}/clips/707034_JIbdP0zW3oq0wsvK_0085.wav,bonafide,hi-en,707034,mucs2021,none,channel_g711_20db,707034_JIbdP0zW3oq0wsvK_0085,train
${DATA_ROOT}/clips/707034_JIbdP0zW3oq0wsvK_0086.wav,bonafide,hi-en,707034,mucs2021,none,channel_g711_20db,707034_JIbdP0zW3oq0wsvK_0086,train
${DATA_ROOT}/clips/707034_JIbdP0zW3oq0wsvK_0087.wav,bonafide,hi-en,707034,mucs2021,none,channel_g711_20db,707034_JIbdP0zW3oq0wsvK_0087,train
${DATA_ROOT}/clips/707034_JIbdP0zW3oq0wsvK_0088.wav,bonafide,hi-en,707034,mucs2021,none,channel_g711_20db,707034_JIbdP0zW3oq0wsvK_0088,train
${DATA_ROOT}/clips/707034_JIbdP0zW3oq0wsvK_0089.wav,bonafide,hi-en,707034,mucs2021,none,channel_g711_20db,707034_JIbdP0zW3oq0wsvK_0089,train
${DATA_ROOT}/clips/707034_JIbdP0zW3oq0wsvK_0090.wav,bonafide,hi-en,707034,mucs2021,none,channel_g711_20db,707034_JIbdP0zW3oq0wsvK_0090,train
${DATA_ROOT}/clips/707034_JIbdP0zW3oq0wsvK_0091.wav,bonafide,hi-en,707034,mucs2021,none,channel_g711_20db,707034_JIbdP0zW3oq0wsvK_0091,train
${DATA_ROOT}/clips/707034_JIbdP0zW3oq0wsvK_0092.wav,bonafide,hi-en,707034,mucs2021,none,channel_g711_20db,707034_JIbdP0zW3oq0wsvK_0092,train
${DATA_ROOT}/clips/707034_JIbdP0zW3oq0wsvK_0093.wav,bonafide,hi-en,707034,mucs2021,none,channel_g711_20db,707034_JIbdP0zW3oq0wsvK_0093,train
${DATA_ROOT}/clips/707034_JIbdP0zW3oq0wsvK_0094.wav,bonafide,hi-en,707034,mucs2021,none,channel_g711_20db,707034_JIbdP0zW3oq0wsvK_0094,train
${DATA_ROOT}/clips/707034_JIbdP0zW3oq0wsvK_0095.wav,bonafide,hi-en,707034,mucs2021,none,channel_g711_20db,707034_JIbdP0zW3oq0wsvK_0095,train
${DATA_ROOT}/clips/707034_JIbdP0zW3oq0wsvK_0096.wav,bonafide,hi-en,707034,mucs2021,none,channel_g711_20db,707034_JIbdP0zW3oq0wsvK_0096,train
${DATA_ROOT}/clips/707034_JIbdP0zW3oq0wsvK_0097.wav,bonafide,hi-en,707034,mucs2021,none,channel_g711_20db,707034_JIbdP0zW3oq0wsvK_0097,train
${DATA_ROOT}/clips/707034_JIbdP0zW3oq0wsvK_0098.wav,bonafide,hi-en,707034,mucs2021,none,channel_g711_20db,707034_JIbdP0zW3oq0wsvK_0098,train
${DATA_ROOT}/clips/707034_JIbdP0zW3oq0wsvK_0099.wav,bonafide,hi-en,707034,mucs2021,none,channel_g711_20db,707034_JIbdP0zW3oq0wsvK_0099,train
${DATA_ROOT}/clips/707034_JIbdP0zW3oq0wsvK_0100.wav,bonafide,hi-en,707034,mucs2021,none,channel_g711_20db,707034_JIbdP0zW3oq0wsvK_0100,train
${DATA_ROOT}/clips/707034_JIbdP0zW3oq0wsvK_0101.wav,bonafide,hi-en,707034,mucs2021,none,channel_g711_20db,707034_JIbdP0zW3oq0wsvK_0101,train
${DATA_ROOT}/clips/707034_JIbdP0zW3oq0wsvK_0102.wav,bonafide,hi-en,707034,mucs2021,none,channel_g711_20db,707034_JIbdP0zW3oq0wsvK_0102,train
${DATA_ROOT}/clips/707034_JIbdP0zW3oq0wsvK_0103.wav,bonafide,hi-en,707034,mucs2021,none,channel_g711_20db,707034_JIbdP0zW3oq0wsvK_0103,train
${DATA_ROOT}/clips/707034_JIbdP0zW3oq0wsvK_0104.wav,bonafide,hi-en,707034,mucs2021,none,channel_g711_20db,707034_JIbdP0zW3oq0wsvK_0104,train
${DATA_ROOT}/clips/707034_JIbdP0zW3oq0wsvK_0105.wav,bonafide,hi-en,707034,mucs2021,none,channel_g711_20db,707034_JIbdP0zW3oq0wsvK_0105,train
${DATA_ROOT}/clips/707034_JIbdP0zW3oq0wsvK_0106.wav,bonafide,hi-en,707034,mucs2021,none,channel_g711_20db,707034_JIbdP0zW3oq0wsvK_0106,train
${DATA_ROOT}/clips/707034_JIbdP0zW3oq0wsvK_0107.wav,bonafide,hi-en,707034,mucs2021,none,channel_g711_20db,707034_JIbdP0zW3oq0wsvK_0107,train
${DATA_ROOT}/clips/707034_JIbdP0zW3oq0wsvK_0108.wav,bonafide,hi-en,707034,mucs2021,none,channel_g711_20db,707034_JIbdP0zW3oq0wsvK_0108,train
${DATA_ROOT}/clips/707034_JIbdP0zW3oq0wsvK_0109.wav,bonafide,hi-en,707034,mucs2021,none,channel_g711_20db,707034_JIbdP0zW3oq0wsvK_0109,train
${DATA_ROOT}/clips/707034_JIbdP0zW3oq0wsvK_0110.wav,bonafide,hi-en,707034,mucs2021,none,channel_g711_20db,707034_JIbdP0zW3oq0wsvK_0110,train
${DATA_ROOT}/clips/707034_JIbdP0zW3oq0wsvK_0111.wav,bonafide,hi-en,707034,mucs2021,none,channel_g711_20db,707034_JIbdP0zW3oq0wsvK_0111,train
${DATA_ROOT}/clips/707034_JIbdP0zW3oq0wsvK_0112.wav,bonafide,hi-en,707034,mucs2021,none,channel_g711_20db,707034_JIbdP0zW3oq0wsvK_0112,train
${DATA_ROOT}/clips/707034_JIbdP0zW3oq0wsvK_0113.wav,bonafide,hi-en,707034,mucs2021,none,channel_g711_20db,707034_JIbdP0zW3oq0wsvK_0113,train
${DATA_ROOT}/clips/707034_JIbdP0zW3oq0wsvK_0114.wav,bonafide,hi-en,707034,mucs2021,none,channel_g711_20db,707034_JIbdP0zW3oq0wsvK_0114,train
${DATA_ROOT}/clips/707034_JIbdP0zW3oq0wsvK_0115.wav,bonafide,hi-en,707034,mucs2021,none,channel_g711_20db,707034_JIbdP0zW3oq0wsvK_0115,train
${DATA_ROOT}/clips/707034_JIbdP0zW3oq0wsvK_0116.wav,bonafide,hi-en,707034,mucs2021,none,channel_g711_20db,707034_JIbdP0zW3oq0wsvK_0116,train
${DATA_ROOT}/clips/707034_JIbdP0zW3oq0wsvK_0117.wav,bonafide,hi-en,707034,mucs2021,none,channel_g711_20db,707034_JIbdP0zW3oq0wsvK_0117,train
${DATA_ROOT}/clips/707034_JIbdP0zW3oq0wsvK_0118.wav,bonafide,hi-en,707034,mucs2021,none,channel_g711_20db,707034_JIbdP0zW3oq0wsvK_0118,train
${DATA_ROOT}/clips/707034_JIbdP0zW3oq0wsvK_0119.wav,bonafide,hi-en,707034,mucs2021,none,channel_g711_20db,707034_JIbdP0zW3oq0wsvK_0119,train
${DATA_ROOT}/clips/707034_JIbdP0zW3oq0wsvK_0120.wav,bonafide,hi-en,707034,mucs2021,none,channel_g711_20db,707034_JIbdP0zW3oq0wsvK_0120,train
${DATA_ROOT}/clips/707034_JIbdP0zW3oq0wsvK_0121.wav,bonafide,hi-en,707034,mucs2021,none,channel_g711_20db,707034_JIbdP0zW3oq0wsvK_0121,train
${DATA_ROOT}/clips/707034_JIbdP0zW3oq0wsvK_0122.wav,bonafide,hi-en,707034,mucs2021,none,channel_g711_20db,707034_JIbdP0zW3oq0wsvK_0122,train
${DATA_ROOT}/clips/707034_JIbdP0zW3oq0wsvK_0123.wav,bonafide,hi-en,707034,mucs2021,none,channel_g711_20db,707034_JIbdP0zW3oq0wsvK_0123,train
${DATA_ROOT}/clips/707034_JIbdP0zW3oq0wsvK_0124.wav,bonafide,hi-en,707034,mucs2021,none,channel_g711_20db,707034_JIbdP0zW3oq0wsvK_0124,train
${DATA_ROOT}/clips/707034_JIbdP0zW3oq0wsvK_0125.wav,bonafide,hi-en,707034,mucs2021,none,channel_g711_20db,707034_JIbdP0zW3oq0wsvK_0125,train
${DATA_ROOT}/clips/707034_JIbdP0zW3oq0wsvK_0126.wav,bonafide,hi-en,707034,mucs2021,none,channel_g711_20db,707034_JIbdP0zW3oq0wsvK_0126,train
${DATA_ROOT}/clips/707034_JIbdP0zW3oq0wsvK_0127.wav,bonafide,hi-en,707034,mucs2021,none,channel_g711_20db,707034_JIbdP0zW3oq0wsvK_0127,train
${DATA_ROOT}/clips/707034_JIbdP0zW3oq0wsvK_0128.wav,bonafide,hi-en,707034,mucs2021,none,channel_g711_20db,707034_JIbdP0zW3oq0wsvK_0128,train
${DATA_ROOT}/clips/707034_JIbdP0zW3oq0wsvK_0129.wav,bonafide,hi-en,707034,mucs2021,none,channel_g711_20db,707034_JIbdP0zW3oq0wsvK_0129,train
${DATA_ROOT}/clips/707034_JIbdP0zW3oq0wsvK_0130.wav,bonafide,hi-en,707034,mucs2021,none,channel_g711_20db,707034_JIbdP0zW3oq0wsvK_0130,train
${DATA_ROOT}/clips/707034_JIbdP0zW3oq0wsvK_0131.wav,bonafide,hi-en,707034,mucs2021,none,channel_g711_20db,707034_JIbdP0zW3oq0wsvK_0131,train
${DATA_ROOT}/clips/707034_JIbdP0zW3oq0wsvK_0132.wav,bonafide,hi-en,707034,mucs2021,none,channel_g711_20db,707034_JIbdP0zW3oq0wsvK_0132,train
${DATA_ROOT}/clips/707034_JIbdP0zW3oq0wsvK_0133.wav,bonafide,hi-en,707034,mucs2021,none,channel_g711_20db,707034_JIbdP0zW3oq0wsvK_0133,train
${DATA_ROOT}/clips/707034_JIbdP0zW3oq0wsvK_0134.wav,bonafide,hi-en,707034,mucs2021,none,channel_g711_20db,707034_JIbdP0zW3oq0wsvK_0134,train
${DATA_ROOT}/clips/707034_JIbdP0zW3oq0wsvK_0135.wav,bonafide,hi-en,707034,mucs2021,none,channel_g711_20db,707034_JIbdP0zW3oq0wsvK_0135,train
${DATA_ROOT}/clips/707034_JIbdP0zW3oq0wsvK_0136.wav,bonafide,hi-en,707034,mucs2021,none,channel_g711_20db,707034_JIbdP0zW3oq0wsvK_0136,train
${DATA_ROOT}/clips/707034_JIbdP0zW3oq0wsvK_0137.wav,bonafide,hi-en,707034,mucs2021,none,channel_g711_20db,707034_JIbdP0zW3oq0wsvK_0137,train
${DATA_ROOT}/clips/707034_JIbdP0zW3oq0wsvK_0138.wav,bonafide,hi-en,707034,mucs2021,none,channel_g711_20db,707034_JIbdP0zW3oq0wsvK_0138,train
${DATA_ROOT}/clips/707034_JIbdP0zW3oq0wsvK_0139.wav,bonafide,hi-en,707034,mucs2021,none,channel_g711_20db,707034_JIbdP0zW3oq0wsvK_0139,train
${DATA_ROOT}/clips/707034_JIbdP0zW3oq0wsvK_0140.wav,bonafide,hi-en,707034,mucs2021,none,channel_g711_20db,707034_JIbdP0zW3oq0wsvK_0140,train
${DATA_ROOT}/clips/707034_JIbdP0zW3oq0wsvK_0141.wav,bonafide,hi-en,707034,mucs2021,none,channel_g711_20db,707034_JIbdP0zW3oq0wsvK_0141,train
${DATA_ROOT}/clips/707034_JIbdP0zW3oq0wsvK_0142.wav,bonafide,hi-en,707034,mucs2021,none,channel_g711_20db,707034_JIbdP0zW3oq0wsvK_0142,train
${DATA_ROOT}/clips/707034_JIbdP0zW3oq0wsvK_0143.wav,bonafide,hi-en,707034,mucs2021,none,channel_g711_20db,707034_JIbdP0zW3oq0wsvK_0143,train
${DATA_ROOT}/clips/707034_JIbdP0zW3oq0wsvK_0144.wav,bonafide,hi-en,707034,mucs2021,none,channel_g711_20db,707034_JIbdP0zW3oq0wsvK_0144,train
${DATA_ROOT}/clips/707034_JIbdP0zW3oq0wsvK_0145.wav,bonafide,hi-en,707034,mucs2021,none,channel_g711_20db,707034_JIbdP0zW3oq0wsvK_0145,train
${DATA_ROOT}/clips/707034_JIbdP0zW3oq0wsvK_0146.wav,bonafide,hi-en,707034,mucs2021,none,channel_g711_20db,707034_JIbdP0zW3oq0wsvK_0146,train
${DATA_ROOT}/clips/707034_JIbdP0zW3oq0wsvK_0147.wav,bonafide,hi-en,707034,mucs2021,none,channel_g711_20db,707034_JIbdP0zW3oq0wsvK_0147,train
${DATA_ROOT}/clips/707034_JIbdP0zW3oq0wsvK_0148.wav,bonafide,hi-en,707034,mucs2021,none,channel_g711_20db,707034_JIbdP0zW3oq0wsvK_0148,train
${DATA_ROOT}/clips/707034_JIbdP0zW3oq0wsvK_0149.wav,bonafide,hi-en,707034,mucs2021,none,channel_g711_20db,707034_JIbdP0zW3oq0wsvK_0149,train
${DATA_ROOT}/clips/707034_JIbdP0zW3oq0wsvK_0150.wav,bonafide,hi-en,707034,mucs2021,none,channel_g711_20db,707034_JIbdP0zW3oq0wsvK_0150,train
${DATA_ROOT}/clips/707034_JIbdP0zW3oq0wsvK_0151.wav,bonafide,hi-en,707034,mucs2021,none,channel_g711_20db,707034_JIbdP0zW3oq0wsvK_0151,train
${DATA_ROOT}/clips/707034_JIbdP0zW3oq0wsvK_0152.wav,bonafide,hi-en,707034,mucs2021,none,channel_g711_20db,707034_JIbdP0zW3oq0wsvK_0152,train
${DATA_ROOT}/clips/707034_JIbdP0zW3oq0wsvK_0153.wav,bonafide,hi-en,707034,mucs2021,none,channel_g711_20db,707034_JIbdP0zW3oq0wsvK_0153,train
${DATA_ROOT}/clips/707034_JIbdP0zW3oq0wsvK_0154.wav,bonafide,hi-en,707034,mucs2021,none,channel_g711_20db,707034_JIbdP0zW3oq0wsvK_0154,train
${DATA_ROOT}/clips/707034_JIbdP0zW3oq0wsvK_0155.wav,bonafide,hi-en,707034,mucs2021,none,channel_g711_20db,707034_JIbdP0zW3oq0wsvK_0155,train
${DATA_ROOT}/clips/707034_JIbdP0zW3oq0wsvK_0156.wav,bonafide,hi-en,707034,mucs2021,none,channel_g711_20db,707034_JIbdP0zW3oq0wsvK_0156,train
${DATA_ROOT}/clips/707034_JIbdP0zW3oq0wsvK_0157.wav,bonafide,hi-en,707034,mucs2021,none,channel_g711_20db,707034_JIbdP0zW3oq0wsvK_0157,train
${DATA_ROOT}/clips/707034_JIbdP0zW3oq0wsvK_0158.wav,bonafide,hi-en,707034,mucs2021,none,channel_g711_20db,707034_JIbdP0zW3oq0wsvK_0158,train
${DATA_ROOT}/clips/707034_JIbdP0zW3oq0wsvK_0159.wav,bonafide,hi-en,707034,mucs2021,none,channel_g711_20db,707034_JIbdP0zW3oq0wsvK_0159,train
${DATA_ROOT}/clips/707034_JIbdP0zW3oq0wsvK_0160.wav,bonafide,hi-en,707034,mucs2021,none,channel_g711_20db,707034_JIbdP0zW3oq0wsvK_0160,train
${DATA_ROOT}/clips/707034_JIbdP0zW3oq0wsvK_0161.wav,bonafide,hi-en,707034,mucs2021,none,channel_g711_20db,707034_JIbdP0zW3oq0wsvK_0161,train
${DATA_ROOT}/clips/707034_JIbdP0zW3oq0wsvK_0162.wav,bonafide,hi-en,707034,mucs2021,none,channel_g711_20db,707034_JIbdP0zW3oq0wsvK_0162,train
${DATA_ROOT}/clips/707034_JIbdP0zW3oq0wsvK_0163.wav,bonafide,hi-en,707034,mucs2021,none,channel_g711_20db,707034_JIbdP0zW3oq0wsvK_0163,train
${DATA_ROOT}/clips/707034_JIbdP0zW3oq0wsvK_0164.wav,bonafide,hi-en,707034,mucs2021,none,channel_g711_20db,707034_JIbdP0zW3oq0wsvK_0164,train
${DATA_ROOT}/clips/707034_JIbdP0zW3oq0wsvK_0165.wav,bonafide,hi-en,707034,mucs2021,none,channel_g711_20db,707034_JIbdP0zW3oq0wsvK_0165,train
${DATA_ROOT}/clips/707034_JIbdP0zW3oq0wsvK_0166.wav,bonafide,hi-en,707034,mucs2021,none,channel_g711_20db,707034_JIbdP0zW3oq0wsvK_0166,train
${DATA_ROOT}/clips/707034_JIbdP0zW3oq0wsvK_0167.wav,bonafide,hi-en,707034,mucs2021,none,channel_g711_20db,707034_JIbdP0zW3oq0wsvK_0167,train
${DATA_ROOT}/clips/707034_JIbdP0zW3oq0wsvK_0168.wav,bonafide,hi-en,707034,mucs2021,none,channel_g711_20db,707034_JIbdP0zW3oq0wsvK_0168,train
${DATA_ROOT}/clips/707034_JIbdP0zW3oq0wsvK_0169.wav,bonafide,hi-en,707034,mucs2021,none,channel_g711_20db,707034_JIbdP0zW3oq0wsvK_0169,train
${DATA_ROOT}/clips/707034_JIbdP0zW3oq0wsvK_0170.wav,bonafide,hi-en,707034,mucs2021,none,channel_g711_20db,707034_JIbdP0zW3oq0wsvK_0170,train
${DATA_ROOT}/clips/707034_JIbdP0zW3oq0wsvK_0171.wav,bonafide,hi-en,707034,mucs2021,none,channel_g711_20db,707034_JIbdP0zW3oq0wsvK_0171,train
${DATA_ROOT}/clips/707034_JIbdP0zW3oq0wsvK_0172.wav,bonafide,hi-en,707034,mucs2021,none,channel_g711_20db,707034_JIbdP0zW3oq0wsvK_0172,train
${DATA_ROOT}/clips/707034_JIbdP0zW3oq0wsvK_0173.wav,bonafide,hi-en,707034,mucs2021,none,channel_g711_20db,707034_JIbdP0zW3oq0wsvK_0173,train
${DATA_ROOT}/clips/24a746e81cbc74c8c82a.wav,spoof,hi-en,126393,mucs2021,xtts_v2,channel_g711_20db,,train
${DATA_ROOT}/clips/3e9d56f007177a40fef3.wav,spoof,hi-en,201350,mucs2021,xtts_v2,channel_g711_20db,,train
${DATA_ROOT}/clips/2c73ef1b2c487f46685f.wav,spoof,hi-en,342352,mucs2021,xtts_v2,channel_g711_20db,,train
${DATA_ROOT}/clips/3936e6653cea78a51815.wav,spoof,hi-en,350956,mucs2021,xtts_v2,channel_g711_20db,,train
${DATA_ROOT}/clips/49966b3fbcb4114b61d6.wav,spoof,hi-en,433148,mucs2021,xtts_v2,channel_g711_20db,,train
${DATA_ROOT}/clips/13a7b16338f3a63c53df.wav,spoof,hi-en,491095,mucs2021,xtts_v2,channel_g711_20db,,train
${DATA_ROOT}/clips/368f21e8feb39510896a.wav,spoof,hi-en,702146,mucs2021,xtts_v2,channel_g711_20db,,train
${DATA_ROOT}/clips/fb73da2e95f828323391.wav,spoof,hi-en,707034,mucs2021,xtts_v2,channel_g711_20db,,train
${DATA_ROOT}/clips/c0401265279741ded419.wav,spoof,hi-en,126393,mucs2021,xtts_v2,channel_g711_20db,,train
${DATA_ROOT}/clips/b909d2ffadda9b8767b6.wav,spoof,hi-en,201350,mucs2021,xtts_v2,channel_g711_20db,,train
${DATA_ROOT}/clips/0e99ae55a0071dcc7a96.wav,spoof,hi-en,342352,mucs2021,xtts_v2,channel_g711_20db,,train
${DATA_ROOT}/clips/741c92449cec948b101b.wav,spoof,hi-en,350956,mucs2021,xtts_v2,channel_g711_20db,,train
${DATA_ROOT}/clips/6b1a5999457b2038689a.wav,spoof,hi-en,433148,mucs2021,xtts_v2,channel_g711_20db,,train
${DATA_ROOT}/clips/21caca6f7f0df5dbab1e.wav,spoof,hi-en,491095,mucs2021,xtts_v2,channel_g711_20db,,train
${DATA_ROOT}/clips/67da53520bc12d9d8cb0.wav,spoof,hi-en,702146,mucs2021,xtts_v2,channel_g711_20db,,train
${DATA_ROOT}/clips/8a0fec6d63d734f9fec0.wav,spoof,hi-en,707034,mucs2021,xtts_v2,channel_g711_20db,,train
${DATA_ROOT}/clips/5aacc230c26744bb23bb.wav,spoof,hi-en,126393,mucs2021,xtts_v2,channel_g711_20db,,train
${DATA_ROOT}/clips/cf9bd020bb9a9552868e.wav,spoof,hi-en,201350,mucs2021,xtts_v2,channel_g711_20db,,train
${DATA_ROOT}/clips/419cb5e70004a0ea0cf4.wav,spoof,hi-en,342352,mucs2021,xtts_v2,channel_g711_20db,,train
${DATA_ROOT}/clips/f7677c846b0ef4da738b.wav,spoof,hi-en,350956,mucs2021,xtts_v2,channel_g711_20db,,train
${DATA_ROOT}/clips/b8d6e3bcae92845e7e7d.wav,spoof,hi-en,433148,mucs2021,xtts_v2,channel_g711_20db,,train
${DATA_ROOT}/clips/1cb9d085f50f1cc43d62.wav,spoof,hi-en,491095,mucs2021,xtts_v2,channel_g711_20db,,train
${DATA_ROOT}/clips/2ab010f5e54531e203e8.wav,spoof,hi-en,702146,mucs2021,xtts_v2,channel_g711_20db,,train
${DATA_ROOT}/clips/42dc1f5f2930ba35fccd.wav,spoof,hi-en,707034,mucs2021,xtts_v2,channel_g711_20db,,train
${DATA_ROOT}/clips/ef6a17554a8289094410.wav,spoof,hi-en,126393,mucs2021,xtts_v2,channel_g711_20db,,train
${DATA_ROOT}/clips/6d5264c20d1badd9ab5e.wav,spoof,hi-en,201350,mucs2021,xtts_v2,channel_g711_20db,,train
${DATA_ROOT}/clips/e2b129a6d280b8be5427.wav,spoof,hi-en,342352,mucs2021,xtts_v2,channel_g711_20db,,train
${DATA_ROOT}/clips/49178860f95fb6d4c4d7.wav,spoof,hi-en,350956,mucs2021,xtts_v2,channel_g711_20db,,train
${DATA_ROOT}/clips/0a16b63986485d2cda03.wav,spoof,hi-en,433148,mucs2021,xtts_v2,channel_g711_20db,,train
${DATA_ROOT}/clips/847a755805c637fa8292.wav,spoof,hi-en,491095,mucs2021,xtts_v2,channel_g711_20db,,train
${DATA_ROOT}/clips/7ead5f2a184aa96729d7.wav,spoof,hi-en,702146,mucs2021,xtts_v2,channel_g711_20db,,train
${DATA_ROOT}/clips/13b6fcd2f7a1ee5d01c6.wav,spoof,hi-en,707034,mucs2021,xtts_v2,channel_g711_20db,,train
${DATA_ROOT}/clips/f93e2364d117553470b3.wav,spoof,hi-en,126393,mucs2021,xtts_v2,channel_g711_20db,,train
${DATA_ROOT}/clips/a3536ef681bf21a2dc36.wav,spoof,hi-en,201350,mucs2021,xtts_v2,channel_g711_20db,,train
${DATA_ROOT}/clips/7c2a8cac8de1e9660430.wav,spoof,hi-en,342352,mucs2021,xtts_v2,channel_g711_20db,,train
${DATA_ROOT}/clips/03502326600cffe3ac98.wav,spoof,hi-en,350956,mucs2021,xtts_v2,channel_g711_20db,,train
${DATA_ROOT}/clips/dd1ee7a71752c7a84f8b.wav,spoof,hi-en,433148,mucs2021,xtts_v2,channel_g711_20db,,train
${DATA_ROOT}/clips/14dad20f9def1400d575.wav,spoof,hi-en,491095,mucs2021,xtts_v2,channel_g711_20db,,train
${DATA_ROOT}/clips/3f287cdbca0a44975057.wav,spoof,hi-en,702146,mucs2021,xtts_v2,channel_g711_20db,,train
${DATA_ROOT}/clips/d612b1e476c3eb4ff89c.wav,spoof,hi-en,707034,mucs2021,xtts_v2,channel_g711_20db,,train
${DATA_ROOT}/clips/a62801ed72719a9337c8.wav,spoof,hi-en,126393,mucs2021,xtts_v2,channel_g711_20db,,train
${DATA_ROOT}/clips/e114bc895e5d361886d6.wav,spoof,hi-en,201350,mucs2021,xtts_v2,channel_g711_20db,,train
${DATA_ROOT}/clips/a79e9713ac175745e761.wav,spoof,hi-en,342352,mucs2021,xtts_v2,channel_g711_20db,,train
${DATA_ROOT}/clips/7eda220bdd41326eaeea.wav,spoof,hi-en,350956,mucs2021,xtts_v2,channel_g711_20db,,train
${DATA_ROOT}/clips/5545e1edf19b475af614.wav,spoof,hi-en,433148,mucs2021,xtts_v2,channel_g711_20db,,train
${DATA_ROOT}/clips/6da3a9d74f27bb97ae7c.wav,spoof,hi-en,491095,mucs2021,xtts_v2,channel_g711_20db,,train
${DATA_ROOT}/clips/b604823af5e8558b9881.wav,spoof,hi-en,702146,mucs2021,xtts_v2,channel_g711_20db,,train
${DATA_ROOT}/clips/8627f62b5effadfed04c.wav,spoof,hi-en,707034,mucs2021,xtts_v2,channel_g711_20db,,train
${DATA_ROOT}/clips/f0d61ec69fcf5eb7c627.wav,spoof,hi-en,126393,mucs2021,xtts_v2,channel_g711_20db,,train
${DATA_ROOT}/clips/b1c379a0bc94521effcf.wav,spoof,hi-en,201350,mucs2021,xtts_v2,channel_g711_20db,,train
${DATA_ROOT}/clips/0e7c9687c26fe3b65970.wav,spoof,hi-en,342352,mucs2021,xtts_v2,channel_g711_20db,,train
${DATA_ROOT}/clips/b8e9a33bf53c4dca4830.wav,spoof,hi-en,350956,mucs2021,xtts_v2,channel_g711_20db,,train
${DATA_ROOT}/clips/6ea30c52a01769262289.wav,spoof,hi-en,433148,mucs2021,xtts_v2,channel_g711_20db,,train
${DATA_ROOT}/clips/150b3ff1572e7dc42d22.wav,spoof,hi-en,491095,mucs2021,xtts_v2,channel_g711_20db,,train
${DATA_ROOT}/clips/8a8646a504e811979924.wav,spoof,hi-en,702146,mucs2021,xtts_v2,channel_g711_20db,,train
${DATA_ROOT}/clips/477c99988e2e1b13a832.wav,spoof,hi-en,707034,mucs2021,xtts_v2,channel_g711_20db,,train
${DATA_ROOT}/clips/30ff137e95e8367cc1b0.wav,spoof,hi-en,126393,mucs2021,xtts_v2,channel_g711_20db,,train
${DATA_ROOT}/clips/109acb58a343e61087ea.wav,spoof,hi-en,201350,mucs2021,xtts_v2,channel_g711_20db,,train
${DATA_ROOT}/clips/6251bfe2e91a0a0e2daa.wav,spoof,hi-en,342352,mucs2021,xtts_v2,channel_g711_20db,,train
${DATA_ROOT}/clips/615241cc8446ffe77693.wav,spoof,hi-en,350956,mucs2021,xtts_v2,channel_g711_20db,,train
${DATA_ROOT}/clips/0e9e778eb60cd54f40a7.wav,spoof,hi-en,433148,mucs2021,xtts_v2,channel_g711_20db,,train
${DATA_ROOT}/clips/5dea13eaf084d4736191.wav,spoof,hi-en,491095,mucs2021,xtts_v2,channel_g711_20db,,train
${DATA_ROOT}/clips/e2099c537e12f1126bdf.wav,spoof,hi-en,702146,mucs2021,xtts_v2,channel_g711_20db,,train
${DATA_ROOT}/clips/ada97d5aed03fbc9baeb.wav,spoof,hi-en,707034,mucs2021,xtts_v2,channel_g711_20db,,train
${DATA_ROOT}/clips/e2855240949ebfa9031f.wav,spoof,hi-en,126393,mucs2021,xtts_v2,channel_g711_20db,,train
${DATA_ROOT}/clips/ab6c64a1293ac4c72047.wav,spoof,hi-en,201350,mucs2021,xtts_v2,channel_g711_20db,,train
${DATA_ROOT}/clips/bca80f8f6102d34a80ba.wav,spoof,hi-en,342352,mucs2021,xtts_v2,channel_g711_20db,,train
${DATA_ROOT}/clips/51573a365b4c9c7739a0.wav,spoof,hi-en,350956,mucs2021,xtts_v2,channel_g711_20db,,train
${DATA_ROOT}/clips/67139c1ffe512a8726fe.wav,spoof,hi-en,433148,mucs2021,xtts_v2,channel_g711_20db,,train
${DATA_ROOT}/clips/98af378e1f877517fb86.wav,spoof,hi-en,491095,mucs2021,xtts_v2,channel_g711_20db,,train
${DATA_ROOT}/clips/6a37d09dd4629d7216bd.wav,spoof,hi-en,702146,mucs2021,xtts_v2,channel_g711_20db,,train
${DATA_ROOT}/clips/567708c6fbdff6fd5a90.wav,spoof,hi-en,707034,mucs2021,xtts_v2,channel_g711_20db,,train
${DATA_ROOT}/clips/eee3f32af72872963268.wav,spoof,hi-en,126393,mucs2021,xtts_v2,channel_g711_20db,,train
${DATA_ROOT}/clips/62b8b81be8f03a1f0e49.wav,spoof,hi-en,201350,mucs2021,xtts_v2,channel_g711_20db,,train
${DATA_ROOT}/clips/4d1f73ef6af6dc950b14.wav,spoof,hi-en,342352,mucs2021,xtts_v2,channel_g711_20db,,train
${DATA_ROOT}/clips/2f8d5ff3c9ad89a763d9.wav,spoof,hi-en,350956,mucs2021,xtts_v2,channel_g711_20db,,train
${DATA_ROOT}/clips/6476ca05ec6a6803b922.wav,spoof,hi-en,433148,mucs2021,xtts_v2,channel_g711_20db,,train
${DATA_ROOT}/clips/3531c3f67cd605d6eeff.wav,spoof,hi-en,491095,mucs2021,xtts_v2,channel_g711_20db,,train
${DATA_ROOT}/clips/315d84cb8526f06c3979.wav,spoof,hi-en,702146,mucs2021,xtts_v2,channel_g711_20db,,train
${DATA_ROOT}/clips/791f35ea486177020ca1.wav,spoof,hi-en,707034,mucs2021,xtts_v2,channel_g711_20db,,train
${DATA_ROOT}/clips/300a0a6c07223176ce0e.wav,spoof,hi-en,126393,mucs2021,xtts_v2,channel_g711_20db,,train
${DATA_ROOT}/clips/9bbd2d6a2bf1e4dede56.wav,spoof,hi-en,201350,mucs2021,xtts_v2,channel_g711_20db,,train
${DATA_ROOT}/clips/9384248daf15259c2fe3.wav,spoof,hi-en,342352,mucs2021,xtts_v2,channel_g711_20db,,train
${DATA_ROOT}/clips/8de4501745ddf0887c4b.wav,spoof,hi-en,350956,mucs2021,xtts_v2,channel_g711_20db,,train
${DATA_ROOT}/clips/3c93b6386ff3694d9da1.wav,spoof,hi-en,433148,mucs2021,xtts_v2,channel_g711_20db,,train
${DATA_ROOT}/clips/f1bed483813706f48c1e.wav,spoof,hi-en,491095,mucs2021,xtts_v2,channel_g711_20db,,train
${DATA_ROOT}/clips/a76b8beeab68c7e3dfdd.wav,spoof,hi-en,702146,mucs2021,xtts_v2,channel_g711_20db,,train
${DATA_ROOT}/clips/1451dbbec2e97b7cb692.wav,spoof,hi-en,707034,mucs2021,xtts_v2,channel_g711_20db,,train
${DATA_ROOT}/clips/63507464cf8a75330d79.wav,spoof,hi-en,126393,mucs2021,xtts_v2,channel_g711_20db,,train
${DATA_ROOT}/clips/82d5335d1e77c1398e6a.wav,spoof,hi-en,201350,mucs2021,xtts_v2,channel_g711_20db,,train
${DATA_ROOT}/clips/23eecb4b70cb335b89f3.wav,spoof,hi-en,342352,mucs2021,xtts_v2,channel_g711_20db,,train
${DATA_ROOT}/clips/b3ff33a3744fef10e66c.wav,spoof,hi-en,350956,mucs2021,xtts_v2,channel_g711_20db,,train
${DATA_ROOT}/clips/350a147bec20ddc3b8b2.wav,spoof,hi-en,433148,mucs2021,xtts_v2,channel_g711_20db,,train
${DATA_ROOT}/clips/9ca0f72edbfb5a5a660c.wav,spoof,hi-en,491095,mucs2021,xtts_v2,channel_g711_20db,,train
${DATA_ROOT}/clips/613e399b6cab9facba4d.wav,spoof,hi-en,702146,mucs2021,xtts_v2,channel_g711_20db,,train
${DATA_ROOT}/clips/66a32b052567319d455a.wav,spoof,hi-en,707034,mucs2021,xtts_v2,channel_g711_20db,,train
${DATA_ROOT}/clips/9ff191484d3a941859e6.wav,spoof,hi-en,126393,mucs2021,xtts_v2,channel_g711_20db,,train
${DATA_ROOT}/clips/778c08802da58e1c4d92.wav,spoof,hi-en,201350,mucs2021,xtts_v2,channel_g711_20db,,train
${DATA_ROOT}/clips/0a0cdcf482c97f038de5.wav,spoof,hi-en,342352,mucs2021,xtts_v2,channel_g711_20db,,train
${DATA_ROOT}/clips/ffaba22a66c1f2a0ebf9.wav,spoof,hi-en,350956,mucs2021,xtts_v2,channel_g711_20db,,train
${DATA_ROOT}/clips/2acf96d9b085cabdf311.wav,spoof,hi-en,433148,mucs2021,xtts_v2,channel_g711_20db,,train
${DATA_ROOT}/clips/8bb3f84d85129a96132c.wav,spoof,hi-en,491095,mucs2021,xtts_v2,channel_g711_20db,,train
${DATA_ROOT}/clips/b5a18a4adcd834169d1f.wav,spoof,hi-en,702146,mucs2021,xtts_v2,channel_g711_20db,,train
${DATA_ROOT}/clips/5f889929ab11b644b97a.wav,spoof,hi-en,707034,mucs2021,xtts_v2,channel_g711_20db,,train
${DATA_ROOT}/clips/ed686326ceaf98c2f863.wav,spoof,hi-en,126393,mucs2021,xtts_v2,channel_g711_20db,,train
${DATA_ROOT}/clips/96a794d89a3068535e89.wav,spoof,hi-en,201350,mucs2021,xtts_v2,channel_g711_20db,,train
${DATA_ROOT}/clips/e2a080372efb1082eff4.wav,spoof,hi-en,342352,mucs2021,xtts_v2,channel_g711_20db,,train
${DATA_ROOT}/clips/a79b129563f61f7f5b94.wav,spoof,hi-en,350956,mucs2021,xtts_v2,channel_g711_20db,,train
${DATA_ROOT}/clips/2f345ca7e1fc55cad034.wav,spoof,hi-en,433148,mucs2021,xtts_v2,channel_g711_20db,,train
${DATA_ROOT}/clips/b2d5d007a3d205630d84.wav,spoof,hi-en,491095,mucs2021,xtts_v2,channel_g711_20db,,train
${DATA_ROOT}/clips/da8a51d372803aaa7b0f.wav,spoof,hi-en,702146,mucs2021,xtts_v2,channel_g711_20db,,train
${DATA_ROOT}/clips/453b185b9794702d21f2.wav,spoof,hi-en,707034,mucs2021,xtts_v2,channel_g711_20db,,train
${DATA_ROOT}/clips/0e055779769c35bbdd6b.wav,spoof,hi-en,126393,mucs2021,xtts_v2,channel_g711_20db,,train
${DATA_ROOT}/clips/80caa9433638a6c65b39.wav,spoof,hi-en,201350,mucs2021,xtts_v2,channel_g711_20db,,train
${DATA_ROOT}/clips/00d3281c442034ca9cdc.wav,spoof,hi-en,342352,mucs2021,xtts_v2,channel_g711_20db,,train
${DATA_ROOT}/clips/be4ea4596fd9d02e64ff.wav,spoof,hi-en,350956,mucs2021,xtts_v2,channel_g711_20db,,train
${DATA_ROOT}/clips/2ba5816294c23a06984c.wav,spoof,hi-en,433148,mucs2021,xtts_v2,channel_g711_20db,,train
${DATA_ROOT}/clips/607a3cb6a60f64f48ed9.wav,spoof,hi-en,491095,mucs2021,xtts_v2,channel_g711_20db,,train
${DATA_ROOT}/clips/537bc331dd5175ac7372.wav,spoof,hi-en,702146,mucs2021,xtts_v2,channel_g711_20db,,train
${DATA_ROOT}/clips/4d1a8df733934956057e.wav,spoof,hi-en,707034,mucs2021,xtts_v2,channel_g711_20db,,train
${DATA_ROOT}/clips/28edbb718861f8475809.wav,spoof,hi-en,126393,mucs2021,xtts_v2,channel_g711_20db,,train
${DATA_ROOT}/clips/5057753a2b16c4139ee8.wav,spoof,hi-en,201350,mucs2021,xtts_v2,channel_g711_20db,,train
${DATA_ROOT}/clips/9273b10a50a7f3ccb014.wav,spoof,hi-en,342352,mucs2021,xtts_v2,channel_g711_20db,,train
${DATA_ROOT}/clips/0a1a1f8d171e7228db38.wav,spoof,hi-en,350956,mucs2021,xtts_v2,channel_g711_20db,,train
${DATA_ROOT}/clips/48f7f8231da2326afbf2.wav,spoof,hi-en,433148,mucs2021,xtts_v2,channel_g711_20db,,train
${DATA_ROOT}/clips/c6ee54e9a60e79b23fa5.wav,spoof,hi-en,491095,mucs2021,xtts_v2,channel_g711_20db,,train
${DATA_ROOT}/clips/08764eacbb3007a46f6a.wav,spoof,hi-en,702146,mucs2021,xtts_v2,channel_g711_20db,,train
${DATA_ROOT}/clips/cc4a7e44f3da513ead50.wav,spoof,hi-en,707034,mucs2021,xtts_v2,channel_g711_20db,,train
${DATA_ROOT}/clips/b7138bcc0074c5fdd0b6.wav,spoof,hi-en,126393,mucs2021,xtts_v2,channel_g711_20db,,train
${DATA_ROOT}/clips/e4cb047f23f3d851fbb1.wav,spoof,hi-en,201350,mucs2021,xtts_v2,channel_g711_20db,,train
${DATA_ROOT}/clips/3efa173427cde261afb3.wav,spoof,hi-en,342352,mucs2021,xtts_v2,channel_g711_20db,,train
${DATA_ROOT}/clips/8ef7b4c114a5f0fd486f.wav,spoof,hi-en,350956,mucs2021,xtts_v2,channel_g711_20db,,train
${DATA_ROOT}/clips/47e84f64bc6b00197e20.wav,spoof,hi-en,433148,mucs2021,xtts_v2,channel_g711_20db,,train
${DATA_ROOT}/clips/b0923984f6bc673272c1.wav,spoof,hi-en,491095,mucs2021,xtts_v2,channel_g711_20db,,train
${DATA_ROOT}/clips/b18f861604aa27202664.wav,spoof,hi-en,702146,mucs2021,xtts_v2,channel_g711_20db,,train
${DATA_ROOT}/clips/4dab0fa744734e5b0060.wav,spoof,hi-en,707034,mucs2021,xtts_v2,channel_g711_20db,,train
${DATA_ROOT}/clips/9516ad746839fea8d97b.wav,spoof,hi-en,126393,mucs2021,xtts_v2,channel_g711_20db,,train
${DATA_ROOT}/clips/6a983ec070c6275cf7f1.wav,spoof,hi-en,201350,mucs2021,xtts_v2,channel_g711_20db,,train
${DATA_ROOT}/clips/0a8f395dee77022a9e82.wav,spoof,hi-en,342352,mucs2021,xtts_v2,channel_g711_20db,,train
${DATA_ROOT}/clips/bbc3cc373398f484678f.wav,spoof,hi-en,350956,mucs2021,xtts_v2,channel_g711_20db,,train
${DATA_ROOT}/clips/cc20eb50a03931699dff.wav,spoof,hi-en,433148,mucs2021,xtts_v2,channel_g711_20db,,train
${DATA_ROOT}/clips/0f5276f60629d2765d68.wav,spoof,hi-en,491095,mucs2021,xtts_v2,channel_g711_20db,,train
${DATA_ROOT}/clips/8b2fb4b9be5841c91e77.wav,spoof,hi-en,702146,mucs2021,xtts_v2,channel_g711_20db,,train
${DATA_ROOT}/clips/4491f949f4e01086895d.wav,spoof,hi-en,707034,mucs2021,xtts_v2,channel_g711_20db,,train
${DATA_ROOT}/clips/67f769417640c1be56e4.wav,spoof,hi-en,126393,mucs2021,xtts_v2,channel_g711_20db,,train
${DATA_ROOT}/clips/17c048a8909bca99fdc0.wav,spoof,hi-en,201350,mucs2021,xtts_v2,channel_g711_20db,,train
${DATA_ROOT}/clips/279904943952156e2315.wav,spoof,hi-en,342352,mucs2021,xtts_v2,channel_g711_20db,,train
${DATA_ROOT}/clips/e4c0778bae2694dea47a.wav,spoof,hi-en,350956,mucs2021,xtts_v2,channel_g711_20db,,train
${DATA_ROOT}/clips/4d0d6ed1d5e139bf06d7.wav,spoof,hi-en,433148,mucs2021,xtts_v2,channel_g711_20db,,train
${DATA_ROOT}/clips/e167b0fc4ac7a38bf24c.wav,spoof,hi-en,491095,mucs2021,xtts_v2,channel_g711_20db,,train
${DATA_ROOT}/clips/3a7576eea197489791f7.wav,spoof,hi-en,702146,mucs2021,xtts_v2,channel_g711_20db,,train
${DATA_ROOT}/clips/3a42e9ef4f94a4bbd4de.wav,spoof,hi-en,707034,mucs2021,xtts_v2,channel_g711_20db,,train
${DATA_ROOT}/clips/c68a0a0b8b6e9344b638.wav,spoof,hi-en,126393,mucs2021,xtts_v2,channel_g711_20db,,train
${DATA_ROOT}/clips/b7b7732a92511035dfce.wav,spoof,hi-en,201350,mucs2021,xtts_v2,channel_g711_20db,,train
${DATA_ROOT}/clips/0afe32bb377d13e7ea82.wav,spoof,hi-en,342352,mucs2021,xtts_v2,channel_g711_20db,,train
${DATA_ROOT}/clips/79dc83b950b12b664ecf.wav,spoof,hi-en,350956,mucs2021,xtts_v2,channel_g711_20db,,train
${DATA_ROOT}/clips/df28feb5a6ad09a49f9c.wav,spoof,hi-en,433148,mucs2021,xtts_v2,channel_g711_20db,,train
${DATA_ROOT}/clips/4ec892cb88bedb4865d6.wav,spoof,hi-en,491095,mucs2021,xtts_v2,channel_g711_20db,,train
${DATA_ROOT}/clips/a62c326b4fa250b6f11f.wav,spoof,hi-en,702146,mucs2021,xtts_v2,channel_g711_20db,,train
${DATA_ROOT}/clips/4dbd5408e93886d44d62.wav,spoof,hi-en,707034,mucs2021,xtts_v2,channel_g711_20db,,train
${DATA_ROOT}/clips/390383fcea86b3ffa228.wav,spoof,hi-en,126393,mucs2021,xtts_v2,channel_g711_20db,,train
${DATA_ROOT}/clips/8937e68e017bcc7fa137.wav,spoof,hi-en,201350,mucs2021,xtts_v2,channel_g711_20db,,train
${DATA_ROOT}/clips/ceea8be8906d1636a537.wav,spoof,hi-en,342352,mucs2021,xtts_v2,channel_g711_20db,,train
${DATA_ROOT}/clips/22f280c32775aaaeddf6.wav,spoof,hi-en,350956,mucs2021,xtts_v2,channel_g711_20db,,train
${DATA_ROOT}/clips/f8729c3c1968e27cda12.wav,spoof,hi-en,433148,mucs2021,xtts_v2,channel_g711_20db,,train
${DATA_ROOT}/clips/a0448fc770ade4ecc5ff.wav,spoof,hi-en,491095,mucs2021,xtts_v2,channel_g711_20db,,train
${DATA_ROOT}/clips/2018360ecd6904b5b8cb.wav,spoof,hi-en,702146,mucs2021,xtts_v2,channel_g711_20db,,train
${DATA_ROOT}/clips/278f4ccd6c3e8935b99b.wav,spoof,hi-en,707034,mucs2021,xtts_v2,channel_g711_20db,,train
${DATA_ROOT}/clips/edc162ca2c8db4ed7acc.wav,spoof,hi-en,126393,mucs2021,xtts_v2,channel_g711_20db,,train
${DATA_ROOT}/clips/7c691be0a4964f7ecfd1.wav,spoof,hi-en,201350,mucs2021,xtts_v2,channel_g711_20db,,train
${DATA_ROOT}/clips/b104502d8168ce933654.wav,spoof,hi-en,342352,mucs2021,xtts_v2,channel_g711_20db,,train
${DATA_ROOT}/clips/7599f3ae0a5ba820d495.wav,spoof,hi-en,350956,mucs2021,xtts_v2,channel_g711_20db,,train
${DATA_ROOT}/clips/6e828040b56b7a83db77.wav,spoof,hi-en,433148,mucs2021,xtts_v2,channel_g711_20db,,train
${DATA_ROOT}/clips/d7410ffb4ca06ee5c5a8.wav,spoof,hi-en,491095,mucs2021,xtts_v2,channel_g711_20db,,train
${DATA_ROOT}/clips/dd7763157bdea5671956.wav,spoof,hi-en,702146,mucs2021,xtts_v2,channel_g711_20db,,train
${DATA_ROOT}/clips/14c80103fe07c1cc5753.wav,spoof,hi-en,707034,mucs2021,xtts_v2,channel_g711_20db,,train
${DATA_ROOT}/clips/eadf0a785a5db9823811.wav,spoof,hi-en,126393,mucs2021,xtts_v2,channel_g711_20db,,train
${DATA_ROOT}/clips/0fcf53c6e6ac36443e84.wav,spoof,hi-en,201350,mucs2021,xtts_v2,channel_g711_20db,,train
${DATA_ROOT}/clips/48b315b72f932ec8b2fb.wav,spoof,hi-en,342352,mucs2021,xtts_v2,channel_g711_20db,,train
${DATA_ROOT}/clips/490e3c2fa130b6383f90.wav,spoof,hi-en,350956,mucs2021,xtts_v2,channel_g711_20db,,train
${DATA_ROOT}/clips/84050f951fb5be38b2bf.wav,spoof,hi-en,433148,mucs2021,xtts_v2,channel_g711_20db,,train
${DATA_ROOT}/clips/dac9c72903537017a5b6.wav,spoof,hi-en,491095,mucs2021,xtts_v2,channel_g711_20db,,train
${DATA_ROOT}/clips/e5e7e4a0469cb58722e0.wav,spoof,hi-en,702146,mucs2021,xtts_v2,channel_g711_20db,,train
${DATA_ROOT}/clips/96b3dd7a0352213fdc53.wav,spoof,hi-en,707034,mucs2021,xtts_v2,channel_g711_20db,,train
${DATA_ROOT}/clips/1e643f8228c0815e1ea0.wav,spoof,hi-en,126393,mucs2021,xtts_v2,channel_g711_20db,,train
${DATA_ROOT}/clips/fc1ac999cb4485333ccd.wav,spoof,hi-en,201350,mucs2021,xtts_v2,channel_g711_20db,,train
${DATA_ROOT}/clips/dda0ad1e10c42f0a1dd7.wav,spoof,hi-en,342352,mucs2021,xtts_v2,channel_g711_20db,,train
${DATA_ROOT}/clips/00d921fa03ea8bc78f43.wav,spoof,hi-en,350956,mucs2021,xtts_v2,channel_g711_20db,,train
${DATA_ROOT}/clips/19840bada0e30189a81a.wav,spoof,hi-en,433148,mucs2021,xtts_v2,channel_g711_20db,,train
${DATA_ROOT}/clips/c8c6d9dcde9e84f51e08.wav,spoof,hi-en,491095,mucs2021,xtts_v2,channel_g711_20db,,train
${DATA_ROOT}/clips/fe5727f809db2e4f0245.wav,spoof,hi-en,702146,mucs2021,xtts_v2,channel_g711_20db,,train
${DATA_ROOT}/clips/3d1e689e91f87254cf47.wav,spoof,hi-en,707034,mucs2021,xtts_v2,channel_g711_20db,,train
${DATA_ROOT}/clips/a2d2e78dc7dbb4c67edf.wav,spoof,hi-en,126393,mucs2021,xtts_v2,channel_g711_20db,,train
${DATA_ROOT}/clips/c03076ccad359242e761.wav,spoof,hi-en,201350,mucs2021,xtts_v2,channel_g711_20db,,train
${DATA_ROOT}/clips/a1173109aea51747b48a.wav,spoof,hi-en,342352,mucs2021,xtts_v2,channel_g711_20db,,train
${DATA_ROOT}/clips/cbb6ad9019d6f3737116.wav,spoof,hi-en,350956,mucs2021,xtts_v2,channel_g711_20db,,train
${DATA_ROOT}/clips/35ee19f57a4ac0849874.wav,spoof,hi-en,433148,mucs2021,xtts_v2,channel_g711_20db,,train
${DATA_ROOT}/clips/6ac228463665f3ce9b9c.wav,spoof,hi-en,491095,mucs2021,xtts_v2,channel_g711_20db,,train
${DATA_ROOT}/clips/d02461eea8612218a81d.wav,spoof,hi-en,702146,mucs2021,xtts_v2,channel_g711_20db,,train
${DATA_ROOT}/clips/3d3a599fe2b17ac36106.wav,spoof,hi-en,707034,mucs2021,xtts_v2,channel_g711_20db,,train
${DATA_ROOT}/clips/f69d4cd1cba2ed7b4785.wav,spoof,hi-en,126393,mucs2021,xtts_v2,channel_g711_20db,,train
${DATA_ROOT}/clips/f1669dbbb0053828eb42.wav,spoof,hi-en,201350,mucs2021,xtts_v2,channel_g711_20db,,train
${DATA_ROOT}/clips/1360b3e1e738819cbb51.wav,spoof,hi-en,342352,mucs2021,xtts_v2,channel_g711_20db,,train
${DATA_ROOT}/clips/a0f7757a062d4a78bb39.wav,spoof,hi-en,350956,mucs2021,xtts_v2,channel_g711_20db,,train
${DATA_ROOT}/clips/9ae9bf06dd7cd29e7c79.wav,spoof,hi-en,433148,mucs2021,xtts_v2,channel_g711_20db,,train
${DATA_ROOT}/clips/3539b22a2a3ab2998d04.wav,spoof,hi-en,491095,mucs2021,xtts_v2,channel_g711_20db,,train
${DATA_ROOT}/clips/7a605db03c034bd5b484.wav,spoof,hi-en,702146,mucs2021,xtts_v2,channel_g711_20db,,train
${DATA_ROOT}/clips/fb3124b9d1e9ba77ea24.wav,spoof,hi-en,707034,mucs2021,xtts_v2,channel_g711_20db,,train
${DATA_ROOT}/clips/78d6231fee2c88975fd3.wav,spoof,hi-en,126393,mucs2021,xtts_v2,channel_g711_20db,,train
${DATA_ROOT}/clips/30598e792f64464707cc.wav,spoof,hi-en,201350,mucs2021,xtts_v2,channel_g711_20db,,train
${DATA_ROOT}/clips/c5b12792807b46eefa83.wav,spoof,hi-en,342352,mucs2021,xtts_v2,channel_g711_20db,,train
${DATA_ROOT}/clips/f384d1ca71f218bd9060.wav,spoof,hi-en,350956,mucs2021,xtts_v2,channel_g711_20db,,train
${DATA_ROOT}/clips/52918b692b33b6b1556e.wav,spoof,hi-en,433148,mucs2021,xtts_v2,channel_g711_20db,,train
${DATA_ROOT}/clips/6ec0cc0232f050f5a9eb.wav,spoof,hi-en,491095,mucs2021,xtts_v2,channel_g711_20db,,train
${DATA_ROOT}/clips/5932ae3035b15497b115.wav,spoof,hi-en,702146,mucs2021,xtts_v2,channel_g711_20db,,train
${DATA_ROOT}/clips/f48405b52bc0534e4d73.wav,spoof,hi-en,707034,mucs2021,xtts_v2,channel_g711_20db,,train
${DATA_ROOT}/clips/3e5750405914a7e54529.wav,spoof,hi-en,126393,mucs2021,xtts_v2,channel_g711_20db,,train
${DATA_ROOT}/clips/1a748ed52d4bf47df009.wav,spoof,hi-en,201350,mucs2021,xtts_v2,channel_g711_20db,,train
${DATA_ROOT}/clips/c234ee051020ae5125dc.wav,spoof,hi-en,342352,mucs2021,xtts_v2,channel_g711_20db,,train
${DATA_ROOT}/clips/f10e4308e64b5ae182af.wav,spoof,hi-en,350956,mucs2021,xtts_v2,channel_g711_20db,,train
${DATA_ROOT}/clips/5b8d97e122238e1cce90.wav,spoof,hi-en,433148,mucs2021,xtts_v2,channel_g711_20db,,train
${DATA_ROOT}/clips/278f515f88e3a090cc06.wav,spoof,hi-en,491095,mucs2021,xtts_v2,channel_g711_20db,,train
${DATA_ROOT}/clips/b16f62468483fc48fae2.wav,spoof,hi-en,702146,mucs2021,xtts_v2,channel_g711_20db,,train
${DATA_ROOT}/clips/6500c5593ceac76e90c6.wav,spoof,hi-en,707034,mucs2021,xtts_v2,channel_g711_20db,,train
${DATA_ROOT}/clips/84996d9fe52b22503bf1.wav,spoof,hi-en,126393,mucs2021,xtts_v2,channel_g711_20db,,train
${DATA_ROOT}/clips/f621cbbe82abdab071ad.wav,spoof,hi-en,201350,mucs2021,xtts_v2,channel_g711_20db,,train
${DATA_ROOT}/clips/8e520028db1ee21260b2.wav,spoof,hi-en,342352,mucs2021,xtts_v2,channel_g711_20db,,train
${DATA_ROOT}/clips/b592f26b0d1a43073192.wav,spoof,hi-en,350956,mucs2021,xtts_v2,channel_g711_20db,,train
${DATA_ROOT}/clips/1c03afbfebb80d82d252.wav,spoof,hi-en,433148,mucs2021,xtts_v2,channel_g711_20db,,train
${DATA_ROOT}/clips/339c61f3df8d79b8676e.wav,spoof,hi-en,491095,mucs2021,xtts_v2,channel_g711_20db,,train
${DATA_ROOT}/clips/0de78ffaa839f28dfbe7.wav,spoof,hi-en,702146,mucs2021,xtts_v2,channel_g711_20db,,train
${DATA_ROOT}/clips/013b745fda7ff8b19abf.wav,spoof,hi-en,707034,mucs2021,xtts_v2,channel_g711_20db,,train
${DATA_ROOT}/clips/2e27c3fbe924aafbbfc1.wav,spoof,hi-en,126393,mucs2021,xtts_v2,channel_g711_20db,,train
${DATA_ROOT}/clips/e4769ee32d24c5089dc5.wav,spoof,hi-en,201350,mucs2021,xtts_v2,channel_g711_20db,,train
${DATA_ROOT}/clips/c0dfb884ff72eb462c1d.wav,spoof,hi-en,342352,mucs2021,xtts_v2,channel_g711_20db,,train
${DATA_ROOT}/clips/640bc6964bd8fce056c8.wav,spoof,hi-en,350956,mucs2021,xtts_v2,channel_g711_20db,,train
${DATA_ROOT}/clips/cbc40ca21f56049173d8.wav,spoof,hi-en,433148,mucs2021,xtts_v2,channel_g711_20db,,train
${DATA_ROOT}/clips/b548a5c16e9ad7d433b9.wav,spoof,hi-en,491095,mucs2021,xtts_v2,channel_g711_20db,,train
${DATA_ROOT}/clips/06f23f6034ef99675171.wav,spoof,hi-en,702146,mucs2021,xtts_v2,channel_g711_20db,,train
${DATA_ROOT}/clips/fdf065190622baa8e9c6.wav,spoof,hi-en,707034,mucs2021,xtts_v2,channel_g711_20db,,train
${DATA_ROOT}/clips/600c07ca790772f29bde.wav,spoof,hi-en,126393,mucs2021,xtts_v2,channel_g711_20db,,train
${DATA_ROOT}/clips/7c4b41e861b4db199ad3.wav,spoof,hi-en,201350,mucs2021,xtts_v2,channel_g711_20db,,train
${DATA_ROOT}/clips/d2dedc2b1d6395eceaf1.wav,spoof,hi-en,342352,mucs2021,xtts_v2,channel_g711_20db,,train
${DATA_ROOT}/clips/b41c531a5c9c22a9807c.wav,spoof,hi-en,350956,mucs2021,xtts_v2,channel_g711_20db,,train
${DATA_ROOT}/clips/12b035f1b9c17b3b37f5.wav,spoof,hi-en,433148,mucs2021,xtts_v2,channel_g711_20db,,train
${DATA_ROOT}/clips/7f2f555cadd278fba888.wav,spoof,hi-en,491095,mucs2021,xtts_v2,channel_g711_20db,,train
${DATA_ROOT}/clips/6687513059f80adb5973.wav,spoof,hi-en,702146,mucs2021,xtts_v2,channel_g711_20db,,train
${DATA_ROOT}/clips/5b801c50d18ab16119bb.wav,spoof,hi-en,707034,mucs2021,xtts_v2,channel_g711_20db,,train
${DATA_ROOT}/clips/45be8f1c226d4c8382a1.wav,spoof,hi-en,126393,mucs2021,xtts_v2,channel_g711_20db,,train
${DATA_ROOT}/clips/0b53313ffaa2c47cd231.wav,spoof,hi-en,201350,mucs2021,xtts_v2,channel_g711_20db,,train
${DATA_ROOT}/clips/d273363c94646cb0b98a.wav,spoof,hi-en,342352,mucs2021,xtts_v2,channel_g711_20db,,train
${DATA_ROOT}/clips/2877a2f9c06f467adfd9.wav,spoof,hi-en,350956,mucs2021,xtts_v2,channel_g711_20db,,train
${DATA_ROOT}/clips/7024015e0976eafc779c.wav,spoof,hi-en,433148,mucs2021,xtts_v2,channel_g711_20db,,train
${DATA_ROOT}/clips/5da673349d1d35d90457.wav,spoof,hi-en,491095,mucs2021,xtts_v2,channel_g711_20db,,train
${DATA_ROOT}/clips/74f66bd6d248d5401859.wav,spoof,hi-en,702146,mucs2021,xtts_v2,channel_g711_20db,,train
${DATA_ROOT}/clips/d1032955a39c595a0b99.wav,spoof,hi-en,707034,mucs2021,xtts_v2,channel_g711_20db,,train
${DATA_ROOT}/clips/6e354d44297b7c3503d1.wav,spoof,hi-en,126393,mucs2021,xtts_v2,channel_g711_20db,,train
${DATA_ROOT}/clips/f69fdf1d6d6694914ec6.wav,spoof,hi-en,201350,mucs2021,xtts_v2,channel_g711_20db,,train
${DATA_ROOT}/clips/1e133ff88f5cbe94339b.wav,spoof,hi-en,342352,mucs2021,xtts_v2,channel_g711_20db,,train
${DATA_ROOT}/clips/2e80007012e79329de72.wav,spoof,hi-en,350956,mucs2021,xtts_v2,channel_g711_20db,,train
${DATA_ROOT}/clips/ce4a7abe8beae484cd1b.wav,spoof,hi-en,433148,mucs2021,xtts_v2,channel_g711_20db,,train
${DATA_ROOT}/clips/4acda542877a7e3046b5.wav,spoof,hi-en,491095,mucs2021,xtts_v2,channel_g711_20db,,train
${DATA_ROOT}/clips/0c3c7da84ffffafac6db.wav,spoof,hi-en,702146,mucs2021,xtts_v2,channel_g711_20db,,train
${DATA_ROOT}/clips/48066683d8851dc589c7.wav,spoof,hi-en,707034,mucs2021,xtts_v2,channel_g711_20db,,train
${DATA_ROOT}/clips/b607e3a82601a58393b8.wav,spoof,hi-en,126393,mucs2021,xtts_v2,channel_g711_20db,,train
${DATA_ROOT}/clips/04ccc5d13708748dbb90.wav,spoof,hi-en,201350,mucs2021,xtts_v2,channel_g711_20db,,train
${DATA_ROOT}/clips/71f0665e28b6a1cbfb41.wav,spoof,hi-en,342352,mucs2021,xtts_v2,channel_g711_20db,,train
${DATA_ROOT}/clips/c3cb81c76bc2fe1d63ee.wav,spoof,hi-en,350956,mucs2021,xtts_v2,channel_g711_20db,,train
${DATA_ROOT}/clips/0e6f4409a9d215090dc2.wav,spoof,hi-en,433148,mucs2021,xtts_v2,channel_g711_20db,,train
${DATA_ROOT}/clips/1261f8d0ec07ca97a535.wav,spoof,hi-en,491095,mucs2021,xtts_v2,channel_g711_20db,,train
${DATA_ROOT}/clips/6d3edcde92e28f8a8514.wav,spoof,hi-en,702146,mucs2021,xtts_v2,channel_g711_20db,,train
${DATA_ROOT}/clips/c9aca6609d0f57fa1e39.wav,spoof,hi-en,707034,mucs2021,xtts_v2,channel_g711_20db,,train
${DATA_ROOT}/clips/039bc3faa398b3c3885f.wav,spoof,hi-en,126393,mucs2021,xtts_v2,channel_g711_20db,,train
${DATA_ROOT}/clips/b0dd9fde2bc3687e0ebb.wav,spoof,hi-en,201350,mucs2021,xtts_v2,channel_g711_20db,,train
${DATA_ROOT}/clips/0ba8335ad97918e42e6f.wav,spoof,hi-en,342352,mucs2021,xtts_v2,channel_g711_20db,,train
${DATA_ROOT}/clips/dbb690f232f3b470be35.wav,spoof,hi-en,350956,mucs2021,xtts_v2,channel_g711_20db,,train
${DATA_ROOT}/clips/12b6240c62bf570256de.wav,spoof,hi-en,433148,mucs2021,xtts_v2,channel_g711_20db,,train
${DATA_ROOT}/clips/0108803a0f147518e8af.wav,spoof,hi-en,491095,mucs2021,xtts_v2,channel_g711_20db,,train
${DATA_ROOT}/clips/4baec0d8ca934c03b9dc.wav,spoof,hi-en,702146,mucs2021,xtts_v2,channel_g711_20db,,train
${DATA_ROOT}/clips/18bdbdc8d820f2e9e82c.wav,spoof,hi-en,707034,mucs2021,xtts_v2,channel_g711_20db,,train
${DATA_ROOT}/clips/f511ad4181cd508916cd.wav,spoof,hi-en,126393,mucs2021,xtts_v2,channel_g711_20db,,train
${DATA_ROOT}/clips/528ae40e010c8cd1c8e0.wav,spoof,hi-en,201350,mucs2021,xtts_v2,channel_g711_20db,,train
${DATA_ROOT}/clips/f51073bf568231fdc684.wav,spoof,hi-en,342352,mucs2021,xtts_v2,channel_g711_20db,,train
${DATA_ROOT}/clips/549326521d9e191910f0.wav,spoof,hi-en,350956,mucs2021,xtts_v2,channel_g711_20db,,train
${DATA_ROOT}/clips/20e4a5fe966cc27aef1f.wav,spoof,hi-en,433148,mucs2021,xtts_v2,channel_g711_20db,,train
${DATA_ROOT}/clips/f2ed076663ca6d57defa.wav,spoof,hi-en,491095,mucs2021,xtts_v2,channel_g711_20db,,train
${DATA_ROOT}/clips/ffd15bd9d10d33e9b702.wav,spoof,hi-en,702146,mucs2021,xtts_v2,channel_g711_20db,,train
${DATA_ROOT}/clips/ee15b8a06091c2859a58.wav,spoof,hi-en,707034,mucs2021,xtts_v2,channel_g711_20db,,train
${DATA_ROOT}/clips/a15674ccc5e5ce4d6b24.wav,spoof,hi-en,126393,mucs2021,xtts_v2,channel_g711_20db,,train
${DATA_ROOT}/clips/629bd31fc2eafa7f7ca8.wav,spoof,hi-en,201350,mucs2021,xtts_v2,channel_g711_20db,,train
${DATA_ROOT}/clips/0b4ffb1e1f92761ed557.wav,spoof,hi-en,342352,mucs2021,xtts_v2,channel_g711_20db,,train
${DATA_ROOT}/clips/43a07b66d481741329eb.wav,spoof,hi-en,350956,mucs2021,xtts_v2,channel_g711_20db,,train
${DATA_ROOT}/clips/32bfb3f1e313b3fa47b6.wav,spoof,hi-en,433148,mucs2021,xtts_v2,channel_g711_20db,,train
${DATA_ROOT}/clips/e08e08ed6d468ecec664.wav,spoof,hi-en,491095,mucs2021,xtts_v2,channel_g711_20db,,train
${DATA_ROOT}/clips/41b1f707fec83dcac519.wav,spoof,hi-en,702146,mucs2021,xtts_v2,channel_g711_20db,,train
${DATA_ROOT}/clips/bcd4ef5ddb54dc861f16.wav,spoof,hi-en,707034,mucs2021,xtts_v2,channel_g711_20db,,train
${DATA_ROOT}/clips/f07732d934fa71acc19c.wav,spoof,hi-en,126393,mucs2021,xtts_v2,channel_g711_20db,,train
${DATA_ROOT}/clips/b6c35d420b6cee4e7d48.wav,spoof,hi-en,201350,mucs2021,xtts_v2,channel_g711_20db,,train
${DATA_ROOT}/clips/7bbd01e2c4208affe687.wav,spoof,hi-en,342352,mucs2021,xtts_v2,channel_g711_20db,,train
${DATA_ROOT}/clips/66ebe607e365fd2bd774.wav,spoof,hi-en,350956,mucs2021,xtts_v2,channel_g711_20db,,train
${DATA_ROOT}/clips/06cf7a9620d3e8e47900.wav,spoof,hi-en,433148,mucs2021,xtts_v2,channel_g711_20db,,train
${DATA_ROOT}/clips/2340ba2e506fa399bdf4.wav,spoof,hi-en,491095,mucs2021,xtts_v2,channel_g711_20db,,train
${DATA_ROOT}/clips/fe74c111c98fc5a18d8f.wav,spoof,hi-en,702146,mucs2021,xtts_v2,channel_g711_20db,,train
${DATA_ROOT}/clips/9270dbea17a97f791d3f.wav,spoof,hi-en,707034,mucs2021,xtts_v2,channel_g711_20db,,train
${DATA_ROOT}/clips/d0c9394feecdad12e587.wav,spoof,hi-en,126393,mucs2021,xtts_v2,channel_g711_20db,,train
${DATA_ROOT}/clips/710caf6ce0a818cd5ab1.wav,spoof,hi-en,201350,mucs2021,xtts_v2,channel_g711_20db,,train
${DATA_ROOT}/clips/d762cb6bf42cc39f87ec.wav,spoof,hi-en,342352,mucs2021,xtts_v2,channel_g711_20db,,train
${DATA_ROOT}/clips/6e91c5a24c1db9c86532.wav,spoof,hi-en,350956,mucs2021,xtts_v2,channel_g711_20db,,train
${DATA_ROOT}/clips/7b06e0b294c01b2b6434.wav,spoof,hi-en,433148,mucs2021,xtts_v2,channel_g711_20db,,train
${DATA_ROOT}/clips/4e8afec498250f1d82b3.wav,spoof,hi-en,491095,mucs2021,xtts_v2,channel_g711_20db,,train
${DATA_ROOT}/clips/f854add517ac749f60b3.wav,spoof,hi-en,702146,mucs2021,xtts_v2,channel_g711_20db,,train
${DATA_ROOT}/clips/cb4a511149aa4d634b3a.wav,spoof,hi-en,707034,mucs2021,xtts_v2,channel_g711_20db,,train
${DATA_ROOT}/clips/60da22322928281427de.wav,spoof,hi-en,126393,mucs2021,xtts_v2,channel_g711_20db,,train
${DATA_ROOT}/clips/4e59594d577444a0e5da.wav,spoof,hi-en,201350,mucs2021,xtts_v2,channel_g711_20db,,train
${DATA_ROOT}/clips/8e420ee77a6be7fe48c1.wav,spoof,hi-en,342352,mucs2021,xtts_v2,channel_g711_20db,,train
${DATA_ROOT}/clips/6a416bd69d25f9839137.wav,spoof,hi-en,350956,mucs2021,xtts_v2,channel_g711_20db,,train
${DATA_ROOT}/clips/141992eaa4ff76d2a2a9.wav,spoof,hi-en,433148,mucs2021,xtts_v2,channel_g711_20db,,train
${DATA_ROOT}/clips/eb279ddac6f94297185e.wav,spoof,hi-en,491095,mucs2021,xtts_v2,channel_g711_20db,,train
${DATA_ROOT}/clips/a1f8c4140435e72c2e0b.wav,spoof,hi-en,702146,mucs2021,xtts_v2,channel_g711_20db,,train
${DATA_ROOT}/clips/97ecb327f89f5b0f1bb8.wav,spoof,hi-en,707034,mucs2021,xtts_v2,channel_g711_20db,,train
${DATA_ROOT}/clips/617a3bfc29f5b918ad1e.wav,spoof,hi-en,126393,mucs2021,xtts_v2,channel_g711_20db,,train
${DATA_ROOT}/clips/46f6a6edffdaaca0e234.wav,spoof,hi-en,201350,mucs2021,xtts_v2,channel_g711_20db,,train
${DATA_ROOT}/clips/e0f74d34ce22a923ee62.wav,spoof,hi-en,342352,mucs2021,xtts_v2,channel_g711_20db,,train
${DATA_ROOT}/clips/5a467695ddc97891bbb0.wav,spoof,hi-en,350956,mucs2021,xtts_v2,channel_g711_20db,,train
${DATA_ROOT}/clips/f611689d39d1802bf6c3.wav,spoof,hi-en,433148,mucs2021,xtts_v2,channel_g711_20db,,train
${DATA_ROOT}/clips/72d4c84c9cd42f6305a6.wav,spoof,hi-en,491095,mucs2021,xtts_v2,channel_g711_20db,,train
${DATA_ROOT}/clips/287f523362dff93c813b.wav,spoof,hi-en,702146,mucs2021,xtts_v2,channel_g711_20db,,train
${DATA_ROOT}/clips/76afc513708ce9293c73.wav,spoof,hi-en,707034,mucs2021,xtts_v2,channel_g711_20db,,train
${DATA_ROOT}/clips/fe1a0a25bf68083dd404.wav,spoof,hi-en,126393,mucs2021,xtts_v2,channel_g711_20db,,train
${DATA_ROOT}/clips/a1298ba0b0d75dff2950.wav,spoof,hi-en,201350,mucs2021,xtts_v2,channel_g711_20db,,train
${DATA_ROOT}/clips/c550d1c4a7747d9166db.wav,spoof,hi-en,342352,mucs2021,xtts_v2,channel_g711_20db,,train
${DATA_ROOT}/clips/48f0e9df5045a0e7abfe.wav,spoof,hi-en,350956,mucs2021,xtts_v2,channel_g711_20db,,train
${DATA_ROOT}/clips/931648dce9f93ef2bceb.wav,spoof,hi-en,433148,mucs2021,xtts_v2,channel_g711_20db,,train
${DATA_ROOT}/clips/25977b15b35b7768959b.wav,spoof,hi-en,491095,mucs2021,xtts_v2,channel_g711_20db,,train
${DATA_ROOT}/clips/4c50a34c939a7ace69eb.wav,spoof,hi-en,702146,mucs2021,xtts_v2,channel_g711_20db,,train
${DATA_ROOT}/clips/82664df13218b64e0a61.wav,spoof,hi-en,707034,mucs2021,xtts_v2,channel_g711_20db,,train
${DATA_ROOT}/clips/ebcca5c9153172136af6.wav,spoof,hi-en,126393,mucs2021,xtts_v2,channel_g711_20db,,train
${DATA_ROOT}/clips/e3cde31de15d5646244d.wav,spoof,hi-en,201350,mucs2021,xtts_v2,channel_g711_20db,,train
${DATA_ROOT}/clips/0235342953ac36124972.wav,spoof,hi-en,342352,mucs2021,xtts_v2,channel_g711_20db,,train
${DATA_ROOT}/clips/2eac2f53acb394f51636.wav,spoof,hi-en,350956,mucs2021,xtts_v2,channel_g711_20db,,train
${DATA_ROOT}/clips/56ae9b5013a580f1ae86.wav,spoof,hi-en,433148,mucs2021,xtts_v2,channel_g711_20db,,train
${DATA_ROOT}/clips/700b8432f5af3e3c2d1e.wav,spoof,hi-en,491095,mucs2021,xtts_v2,channel_g711_20db,,train
${DATA_ROOT}/clips/a858c95de1d7f478fa01.wav,spoof,hi-en,702146,mucs2021,xtts_v2,channel_g711_20db,,train
${DATA_ROOT}/clips/84b248c16db76baf893a.wav,spoof,hi-en,707034,mucs2021,xtts_v2,channel_g711_20db,,train
${DATA_ROOT}/clips/7da3060f1bd92f1f98e3.wav,spoof,hi-en,126393,mucs2021,xtts_v2,channel_g711_20db,,train
${DATA_ROOT}/clips/e63657eeeb2901b8b888.wav,spoof,hi-en,201350,mucs2021,xtts_v2,channel_g711_20db,,train
${DATA_ROOT}/clips/33bfbf87d0cf7cb88812.wav,spoof,hi-en,342352,mucs2021,xtts_v2,channel_g711_20db,,train
${DATA_ROOT}/clips/e905fe1bb92893d840f8.wav,spoof,hi-en,350956,mucs2021,xtts_v2,channel_g711_20db,,train
${DATA_ROOT}/clips/08d318d12a7ae515e727.wav,spoof,hi-en,433148,mucs2021,xtts_v2,channel_g711_20db,,train
${DATA_ROOT}/clips/44d3cfcf7ad6dbf8d4d5.wav,spoof,hi-en,491095,mucs2021,xtts_v2,channel_g711_20db,,train
${DATA_ROOT}/clips/307df10e52bbdb6a9c23.wav,spoof,hi-en,702146,mucs2021,xtts_v2,channel_g711_20db,,train
${DATA_ROOT}/clips/b06f090d47aacdc9bcec.wav,spoof,hi-en,707034,mucs2021,xtts_v2,channel_g711_20db,,train
${DATA_ROOT}/clips/1293e46b4bab552cb194.wav,spoof,hi-en,126393,mucs2021,xtts_v2,channel_g711_20db,,train
${DATA_ROOT}/clips/f75444c293c41a78b8c1.wav,spoof,hi-en,201350,mucs2021,xtts_v2,channel_g711_20db,,train
${DATA_ROOT}/clips/2377af1dce023c1de15c.wav,spoof,hi-en,342352,mucs2021,xtts_v2,channel_g711_20db,,train
${DATA_ROOT}/clips/4664b5430ffa47d887de.wav,spoof,hi-en,350956,mucs2021,xtts_v2,channel_g711_20db,,train
${DATA_ROOT}/clips/c4c6d0edc2ff1a7fea91.wav,spoof,hi-en,433148,mucs2021,xtts_v2,channel_g711_20db,,train
${DATA_ROOT}/clips/f804d2e3739ba81224f0.wav,spoof,hi-en,491095,mucs2021,xtts_v2,channel_g711_20db,,train
${DATA_ROOT}/clips/2189f43f6da7bf631a98.wav,spoof,hi-en,702146,mucs2021,xtts_v2,channel_g711_20db,,train
${DATA_ROOT}/clips/fac7cf431bee54585f2c.wav,spoof,hi-en,707034,mucs2021,xtts_v2,channel_g711_20db,,train
${DATA_ROOT}/clips/0ed7c392393b63cd8b7a.wav,spoof,hi-en,126393,mucs2021,xtts_v2,channel_g711_20db,,train
${DATA_ROOT}/clips/51542640c0494767a13c.wav,spoof,hi-en,201350,mucs2021,xtts_v2,channel_g711_20db,,train
${DATA_ROOT}/clips/bdbc83fed870dc1d1a93.wav,spoof,hi-en,342352,mucs2021,xtts_v2,channel_g711_20db,,train
${DATA_ROOT}/clips/718c451d170d815331f0.wav,spoof,hi-en,350956,mucs2021,xtts_v2,channel_g711_20db,,train
${DATA_ROOT}/clips/d1f7b9e5b6c2f83f01f3.wav,spoof,hi-en,433148,mucs2021,xtts_v2,channel_g711_20db,,train
${DATA_ROOT}/clips/fe137edf0125302f5c37.wav,spoof,hi-en,491095,mucs2021,xtts_v2,channel_g711_20db,,train
${DATA_ROOT}/clips/f0d49fc6a426697346f6.wav,spoof,hi-en,702146,mucs2021,xtts_v2,channel_g711_20db,,train
${DATA_ROOT}/clips/35891efcedb1b1e0df8a.wav,spoof,hi-en,707034,mucs2021,xtts_v2,channel_g711_20db,,train
${DATA_ROOT}/clips/44e3971e857326ebc4fd.wav,spoof,hi-en,126393,mucs2021,xtts_v2,channel_g711_20db,,train
${DATA_ROOT}/clips/5066fc189acc7e5e03dc.wav,spoof,hi-en,201350,mucs2021,xtts_v2,channel_g711_20db,,train
${DATA_ROOT}/clips/b8495502947d2668a690.wav,spoof,hi-en,342352,mucs2021,xtts_v2,channel_g711_20db,,train
${DATA_ROOT}/clips/c83e97db7e42125bd638.wav,spoof,hi-en,350956,mucs2021,xtts_v2,channel_g711_20db,,train
${DATA_ROOT}/clips/87848f01fa073a1900f9.wav,spoof,hi-en,433148,mucs2021,xtts_v2,channel_g711_20db,,train
${DATA_ROOT}/clips/0212697b0b7a365d1fb2.wav,spoof,hi-en,491095,mucs2021,xtts_v2,channel_g711_20db,,train
${DATA_ROOT}/clips/b662b6aad46f8d4c060f.wav,spoof,hi-en,702146,mucs2021,xtts_v2,channel_g711_20db,,train
${DATA_ROOT}/clips/1974b760ddb49e974ea5.wav,spoof,hi-en,707034,mucs2021,xtts_v2,channel_g711_20db,,train
${DATA_ROOT}/clips/4f5d70f884638c0d5aa3.wav,spoof,hi-en,126393,mucs2021,xtts_v2,channel_g711_20db,,train
${DATA_ROOT}/clips/8d902ded8eab936462ad.wav,spoof,hi-en,201350,mucs2021,xtts_v2,channel_g711_20db,,train
${DATA_ROOT}/clips/10f0c3b2cc3866847a7c.wav,spoof,hi-en,342352,mucs2021,xtts_v2,channel_g711_20db,,train
${DATA_ROOT}/clips/1f36d4b91a3f7f00c4c8.wav,spoof,hi-en,350956,mucs2021,xtts_v2,channel_g711_20db,,train
${DATA_ROOT}/clips/370f9b80e4b1f7c53442.wav,spoof,hi-en,433148,mucs2021,xtts_v2,channel_g711_20db,,train
${DATA_ROOT}/clips/5003c30633d276126a86.wav,spoof,hi-en,491095,mucs2021,xtts_v2,channel_g711_20db,,train
${DATA_ROOT}/clips/8e2f6abd97c324cc7b7a.wav,spoof,hi-en,702146,mucs2021,xtts_v2,channel_g711_20db,,train
${DATA_ROOT}/clips/8201ad886e39e8004a3d.wav,spoof,hi-en,707034,mucs2021,xtts_v2,channel_g711_20db,,train
${DATA_ROOT}/clips/b4ead54195da62c9ec04.wav,spoof,hi-en,126393,mucs2021,xtts_v2,channel_g711_20db,,train
${DATA_ROOT}/clips/cd158670166a640b8f12.wav,spoof,hi-en,201350,mucs2021,xtts_v2,channel_g711_20db,,train
${DATA_ROOT}/clips/2ba0035ad49bcecd3d02.wav,spoof,hi-en,342352,mucs2021,xtts_v2,channel_g711_20db,,train
${DATA_ROOT}/clips/7b057932295c911f0ac0.wav,spoof,hi-en,350956,mucs2021,xtts_v2,channel_g711_20db,,train
${DATA_ROOT}/clips/ed948244142974a0ab77.wav,spoof,hi-en,433148,mucs2021,xtts_v2,channel_g711_20db,,train
${DATA_ROOT}/clips/4b1be2d9705e17c16511.wav,spoof,hi-en,491095,mucs2021,xtts_v2,channel_g711_20db,,train
${DATA_ROOT}/clips/81aca76e8f8bb1a18445.wav,spoof,hi-en,702146,mucs2021,xtts_v2,channel_g711_20db,,train
${DATA_ROOT}/clips/9e814f4d32b924e33e60.wav,spoof,hi-en,707034,mucs2021,xtts_v2,channel_g711_20db,,train
${DATA_ROOT}/clips/d8246d4125c9e8b08149.wav,spoof,hi-en,126393,mucs2021,xtts_v2,channel_g711_20db,,train
${DATA_ROOT}/clips/ee3993d0b442feede74d.wav,spoof,hi-en,201350,mucs2021,xtts_v2,channel_g711_20db,,train
${DATA_ROOT}/clips/22a9852db8a0a06cb938.wav,spoof,hi-en,342352,mucs2021,xtts_v2,channel_g711_20db,,train
${DATA_ROOT}/clips/6fedaa42ee1b12351e3f.wav,spoof,hi-en,350956,mucs2021,xtts_v2,channel_g711_20db,,train
${DATA_ROOT}/clips/6e02d9de3564e1ec8d21.wav,spoof,hi-en,433148,mucs2021,xtts_v2,channel_g711_20db,,train
${DATA_ROOT}/clips/0dd80927d1f4f5f5a56c.wav,spoof,hi-en,491095,mucs2021,xtts_v2,channel_g711_20db,,train
${DATA_ROOT}/clips/dc8434b47bb9050e79f1.wav,spoof,hi-en,702146,mucs2021,xtts_v2,channel_g711_20db,,train
${DATA_ROOT}/clips/73a62170b2d340ef9f97.wav,spoof,hi-en,707034,mucs2021,xtts_v2,channel_g711_20db,,train
${DATA_ROOT}/clips/bee1f2c31f1a3bc628c8.wav,spoof,hi-en,126393,mucs2021,xtts_v2,channel_g711_20db,,train
${DATA_ROOT}/clips/25ceb3a41d1bca56ca31.wav,spoof,hi-en,201350,mucs2021,xtts_v2,channel_g711_20db,,train
${DATA_ROOT}/clips/c86ca1f3ef8064dc46e2.wav,spoof,hi-en,342352,mucs2021,xtts_v2,channel_g711_20db,,train
${DATA_ROOT}/clips/1fdfece6ca357aa85774.wav,spoof,hi-en,350956,mucs2021,xtts_v2,channel_g711_20db,,train
${DATA_ROOT}/clips/83e1e6287a59cd093b71.wav,spoof,hi-en,433148,mucs2021,xtts_v2,channel_g711_20db,,train
${DATA_ROOT}/clips/47797e37df171889e611.wav,spoof,hi-en,491095,mucs2021,xtts_v2,channel_g711_20db,,train
${DATA_ROOT}/clips/bc85a3324dd21b6f3a4e.wav,spoof,hi-en,702146,mucs2021,xtts_v2,channel_g711_20db,,train
${DATA_ROOT}/clips/6599a9a750d496c72f93.wav,spoof,hi-en,707034,mucs2021,xtts_v2,channel_g711_20db,,train
${DATA_ROOT}/clips/e62409427fbed713b464.wav,spoof,hi-en,126393,mucs2021,xtts_v2,channel_g711_20db,,train
${DATA_ROOT}/clips/82b5318f12143f97a143.wav,spoof,hi-en,201350,mucs2021,xtts_v2,channel_g711_20db,,train
${DATA_ROOT}/clips/3b0f8c4e3d073bf0142c.wav,spoof,hi-en,342352,mucs2021,xtts_v2,channel_g711_20db,,train
${DATA_ROOT}/clips/4c90d07788a77c00d1f4.wav,spoof,hi-en,350956,mucs2021,xtts_v2,channel_g711_20db,,train
${DATA_ROOT}/clips/22c4e7bd7a8880cc0dac.wav,spoof,hi-en,433148,mucs2021,xtts_v2,channel_g711_20db,,train
${DATA_ROOT}/clips/ed4a2d62933f791350b9.wav,spoof,hi-en,491095,mucs2021,xtts_v2,channel_g711_20db,,train
${DATA_ROOT}/clips/1c01bf513011af52b089.wav,spoof,hi-en,702146,mucs2021,xtts_v2,channel_g711_20db,,train
${DATA_ROOT}/clips/a07aa450d0c444ae67a4.wav,spoof,hi-en,707034,mucs2021,xtts_v2,channel_g711_20db,,train
${DATA_ROOT}/clips/e72ca16b2e7a10f5cdce.wav,spoof,hi-en,126393,mucs2021,xtts_v2,channel_g711_20db,,train
${DATA_ROOT}/clips/0273ac1307b1aad14705.wav,spoof,hi-en,201350,mucs2021,xtts_v2,channel_g711_20db,,train
${DATA_ROOT}/clips/a9f7260d5f1db63b4768.wav,spoof,hi-en,342352,mucs2021,xtts_v2,channel_g711_20db,,train
${DATA_ROOT}/clips/2fc72ceb74e3e88117fe.wav,spoof,hi-en,350956,mucs2021,xtts_v2,channel_g711_20db,,train
${DATA_ROOT}/clips/874198abdec2570ed562.wav,spoof,hi-en,433148,mucs2021,xtts_v2,channel_g711_20db,,train
${DATA_ROOT}/clips/7b6f68dc3ae71c01710c.wav,spoof,hi-en,491095,mucs2021,xtts_v2,channel_g711_20db,,train
${DATA_ROOT}/clips/522ea95f70c291e071ec.wav,spoof,hi-en,702146,mucs2021,xtts_v2,channel_g711_20db,,train
${DATA_ROOT}/clips/7c024eae71dee3552b43.wav,spoof,hi-en,707034,mucs2021,xtts_v2,channel_g711_20db,,train
${DATA_ROOT}/clips/39d16e675e0809956aeb.wav,spoof,hi-en,126393,mucs2021,xtts_v2,channel_g711_20db,,train
${DATA_ROOT}/clips/b5264ee0259228838c7a.wav,spoof,hi-en,201350,mucs2021,xtts_v2,channel_g711_20db,,train
${DATA_ROOT}/clips/fc198159f5c2d3e261ae.wav,spoof,hi-en,342352,mucs2021,xtts_v2,channel_g711_20db,,train
${DATA_ROOT}/clips/2c857d1ecddbeecea594.wav,spoof,hi-en,350956,mucs2021,xtts_v2,channel_g711_20db,,train
${DATA_ROOT}/clips/84e640490164cc4287cc.wav,spoof,hi-en,433148,mucs2021,xtts_v2,channel_g711_20db,,train
${DATA_ROOT}/clips/27437de6507edc59f895.wav,spoof,hi-en,491095,mucs2021,xtts_v2,channel_g711_20db,,train
${DATA_ROOT}/clips/7685f3b16c9e71dcb103.wav,spoof,hi-en,702146,mucs2021,xtts_v2,channel_g711_20db,,train
${DATA_ROOT}/clips/6fe6f83048c8100502a8.wav,spoof,hi-en,707034,mucs2021,xtts_v2,channel_g711_20db,,train
${DATA_ROOT}/clips/598a013b6b4826ae2da9.wav,spoof,hi-en,126393,mucs2021,xtts_v2,channel_g711_20db,,train
${DATA_ROOT}/clips/95422a05a69cbc032180.wav,spoof,hi-en,201350,mucs2021,xtts_v2,channel_g711_20db,,train
${DATA_ROOT}/clips/8e114ed1394d7cd23f72.wav,spoof,hi-en,342352,mucs2021,xtts_v2,channel_g711_20db,,train
${DATA_ROOT}/clips/bae2fd83fdd1310850bc.wav,spoof,hi-en,350956,mucs2021,xtts_v2,channel_g711_20db,,train
${DATA_ROOT}/clips/6bf8e140ad513c1efd53.wav,spoof,hi-en,433148,mucs2021,xtts_v2,channel_g711_20db,,train
${DATA_ROOT}/clips/41dd59416900e62d25b5.wav,spoof,hi-en,491095,mucs2021,xtts_v2,channel_g711_20db,,train
${DATA_ROOT}/clips/839e30aa9ff6e085163e.wav,spoof,hi-en,702146,mucs2021,xtts_v2,channel_g711_20db,,train
${DATA_ROOT}/clips/7ff2b3569157ebb13079.wav,spoof,hi-en,707034,mucs2021,xtts_v2,channel_g711_20db,,train
${DATA_ROOT}/clips/2f71f82577c43305f7da.wav,spoof,hi-en,126393,mucs2021,xtts_v2,channel_g711_20db,,train
${DATA_ROOT}/clips/bc811401524b48e3ac8a.wav,spoof,hi-en,201350,mucs2021,xtts_v2,channel_g711_20db,,train
${DATA_ROOT}/clips/7190894455060812d437.wav,spoof,hi-en,342352,mucs2021,xtts_v2,channel_g711_20db,,train
${DATA_ROOT}/clips/c97a2c8d4b3f328ded0a.wav,spoof,hi-en,350956,mucs2021,xtts_v2,channel_g711_20db,,train
${DATA_ROOT}/clips/18b462fe3248945b71d2.wav,spoof,hi-en,433148,mucs2021,xtts_v2,channel_g711_20db,,train
${DATA_ROOT}/clips/ce1eefc49c6798a74411.wav,spoof,hi-en,491095,mucs2021,xtts_v2,channel_g711_20db,,train
${DATA_ROOT}/clips/f8e23809039455392d9b.wav,spoof,hi-en,702146,mucs2021,xtts_v2,channel_g711_20db,,train
${DATA_ROOT}/clips/7523b554c34d19564266.wav,spoof,hi-en,707034,mucs2021,xtts_v2,channel_g711_20db,,train
${DATA_ROOT}/clips/c3a213c85ed0910acb9f.wav,spoof,hi-en,126393,mucs2021,xtts_v2,channel_g711_20db,,train
${DATA_ROOT}/clips/4948e1fa934fb7a24b0b.wav,spoof,hi-en,201350,mucs2021,xtts_v2,channel_g711_20db,,train
${DATA_ROOT}/clips/b23b4bec58a57d14ba48.wav,spoof,hi-en,342352,mucs2021,xtts_v2,channel_g711_20db,,train
${DATA_ROOT}/clips/300081697482ba50ef6f.wav,spoof,hi-en,350956,mucs2021,xtts_v2,channel_g711_20db,,train
${DATA_ROOT}/clips/49d0b6f23c6140eca426.wav,spoof,hi-en,433148,mucs2021,xtts_v2,channel_g711_20db,,train
${DATA_ROOT}/clips/b8b1ab349a15006e5362.wav,spoof,hi-en,491095,mucs2021,xtts_v2,channel_g711_20db,,train
${DATA_ROOT}/clips/f6a298d1d0a55cf98365.wav,spoof,hi-en,702146,mucs2021,xtts_v2,channel_g711_20db,,train
${DATA_ROOT}/clips/b7ddf85e4e175f85caca.wav,spoof,hi-en,707034,mucs2021,xtts_v2,channel_g711_20db,,train
${DATA_ROOT}/clips/b519b1c86f734b222dca.wav,spoof,hi-en,126393,mucs2021,xtts_v2,channel_g711_20db,,train
${DATA_ROOT}/clips/09cae35b2e053242386a.wav,spoof,hi-en,201350,mucs2021,xtts_v2,channel_g711_20db,,train
${DATA_ROOT}/clips/ef89e8a7c7ea57e6affe.wav,spoof,hi-en,342352,mucs2021,xtts_v2,channel_g711_20db,,train
${DATA_ROOT}/clips/5417e2e332c7469a6950.wav,spoof,hi-en,350956,mucs2021,xtts_v2,channel_g711_20db,,train
${DATA_ROOT}/clips/199a1df565f7bcfd6d20.wav,spoof,hi-en,433148,mucs2021,xtts_v2,channel_g711_20db,,train
${DATA_ROOT}/clips/54797db03e6e8b0e79d0.wav,spoof,hi-en,491095,mucs2021,xtts_v2,channel_g711_20db,,train
${DATA_ROOT}/clips/ebaa4d0bccd21fff289f.wav,spoof,hi-en,702146,mucs2021,xtts_v2,channel_g711_20db,,train
${DATA_ROOT}/clips/90acc8ccb7f588139517.wav,spoof,hi-en,707034,mucs2021,xtts_v2,channel_g711_20db,,train
${DATA_ROOT}/clips/0ce243c1280bf286725f.wav,spoof,hi-en,126393,mucs2021,xtts_v2,channel_g711_20db,,train
${DATA_ROOT}/clips/4c0f272c14b7eb0c19df.wav,spoof,hi-en,201350,mucs2021,xtts_v2,channel_g711_20db,,train
${DATA_ROOT}/clips/504ff011e8cd161f59ec.wav,spoof,hi-en,342352,mucs2021,xtts_v2,channel_g711_20db,,train
${DATA_ROOT}/clips/451ad9598d1888a4b1d6.wav,spoof,hi-en,350956,mucs2021,xtts_v2,channel_g711_20db,,train
${DATA_ROOT}/clips/c1b244a695d80cce9ecb.wav,spoof,hi-en,433148,mucs2021,xtts_v2,channel_g711_20db,,train
${DATA_ROOT}/clips/a2758b4c766538d02de5.wav,spoof,hi-en,491095,mucs2021,xtts_v2,channel_g711_20db,,train
${DATA_ROOT}/clips/fdf060144179445091cd.wav,spoof,hi-en,702146,mucs2021,xtts_v2,channel_g711_20db,,train
${DATA_ROOT}/clips/985624e8b276089b6a55.wav,spoof,hi-en,707034,mucs2021,xtts_v2,channel_g711_20db,,train
${DATA_ROOT}/clips/93872d6a602ff0f4fa95.wav,spoof,hi-en,126393,mucs2021,xtts_v2,channel_g711_20db,,train
${DATA_ROOT}/clips/64100d5e59770d4ec0b1.wav,spoof,hi-en,201350,mucs2021,xtts_v2,channel_g711_20db,,train
${DATA_ROOT}/clips/013e1adf62b7c65e657c.wav,spoof,hi-en,342352,mucs2021,xtts_v2,channel_g711_20db,,train
${DATA_ROOT}/clips/28f3794a039d3ae2b82d.wav,spoof,hi-en,350956,mucs2021,xtts_v2,channel_g711_20db,,train
${DATA_ROOT}/clips/823e66422acb99da6ffc.wav,spoof,hi-en,433148,mucs2021,xtts_v2,channel_g711_20db,,train
${DATA_ROOT}/clips/537978062e330b495314.wav,spoof,hi-en,491095,mucs2021,xtts_v2,channel_g711_20db,,train
${DATA_ROOT}/clips/be5d9acc6f7a070e5e82.wav,spoof,hi-en,702146,mucs2021,xtts_v2,channel_g711_20db,,train
${DATA_ROOT}/clips/c562b0a084991ce3e821.wav,spoof,hi-en,707034,mucs2021,xtts_v2,channel_g711_20db,,train
${DATA_ROOT}/clips/aa30e0dcbdbeb73f1589.wav,spoof,hi-en,126393,mucs2021,xtts_v2,channel_g711_20db,,train
${DATA_ROOT}/clips/6dafee49d345d91b206d.wav,spoof,hi-en,201350,mucs2021,xtts_v2,channel_g711_20db,,train
${DATA_ROOT}/clips/00384eddf7c7fe58ece1.wav,spoof,hi-en,342352,mucs2021,xtts_v2,channel_g711_20db,,train
${DATA_ROOT}/clips/cee40f776059ec1024fa.wav,spoof,hi-en,350956,mucs2021,xtts_v2,channel_g711_20db,,train
${DATA_ROOT}/clips/fb5bec77608f26323d42.wav,spoof,hi-en,433148,mucs2021,xtts_v2,channel_g711_20db,,train
${DATA_ROOT}/clips/f136eefe00141bbeb027.wav,spoof,hi-en,491095,mucs2021,xtts_v2,channel_g711_20db,,train
${DATA_ROOT}/clips/f5ede13f3817bcedaa02.wav,spoof,hi-en,702146,mucs2021,xtts_v2,channel_g711_20db,,train
${DATA_ROOT}/clips/34e5f244548f2aec9c69.wav,spoof,hi-en,707034,mucs2021,xtts_v2,channel_g711_20db,,train
${DATA_ROOT}/clips/50c88e124246c0e942ab.wav,spoof,hi-en,126393,mucs2021,xtts_v2,channel_g711_20db,,train
${DATA_ROOT}/clips/261e6f11558b02111898.wav,spoof,hi-en,201350,mucs2021,xtts_v2,channel_g711_20db,,train
${DATA_ROOT}/clips/f8cd7a4a2e205002b82e.wav,spoof,hi-en,342352,mucs2021,xtts_v2,channel_g711_20db,,train
${DATA_ROOT}/clips/8ed11541a14a0eb6f1e1.wav,spoof,hi-en,350956,mucs2021,xtts_v2,channel_g711_20db,,train
${DATA_ROOT}/clips/7746aaab7b5c55ac560b.wav,spoof,hi-en,433148,mucs2021,xtts_v2,channel_g711_20db,,train
${DATA_ROOT}/clips/866c4677cfab5fb2c5c6.wav,spoof,hi-en,491095,mucs2021,xtts_v2,channel_g711_20db,,train
${DATA_ROOT}/clips/97234f505e4f2cf74a7e.wav,spoof,hi-en,702146,mucs2021,xtts_v2,channel_g711_20db,,train
${DATA_ROOT}/clips/9eb5fcafdd7891083fa1.wav,spoof,hi-en,707034,mucs2021,xtts_v2,channel_g711_20db,,train
${DATA_ROOT}/clips/2abbcc6a0f5a4ed3d404.wav,spoof,hi-en,126393,mucs2021,xtts_v2,channel_g711_20db,,train
${DATA_ROOT}/clips/cf2071440e7c57c0900f.wav,spoof,hi-en,201350,mucs2021,xtts_v2,channel_g711_20db,,train
${DATA_ROOT}/clips/2ae0d416c95fd60c628f.wav,spoof,hi-en,342352,mucs2021,xtts_v2,channel_g711_20db,,train
${DATA_ROOT}/clips/0ae58770ec2f6617c764.wav,spoof,hi-en,350956,mucs2021,xtts_v2,channel_g711_20db,,train
${DATA_ROOT}/clips/377066b51c162c52c5eb.wav,spoof,hi-en,433148,mucs2021,xtts_v2,channel_g711_20db,,train
${DATA_ROOT}/clips/7f6a7c5ccdd8c2f8aa6a.wav,spoof,hi-en,491095,mucs2021,xtts_v2,channel_g711_20db,,train
${DATA_ROOT}/clips/b17c942d9424ee0ad83f.wav,spoof,hi-en,702146,mucs2021,xtts_v2,channel_g711_20db,,train
${DATA_ROOT}/clips/ffca4a39160ae1cdcebd.wav,spoof,hi-en,707034,mucs2021,xtts_v2,channel_g711_20db,,train
${DATA_ROOT}/clips/22eeff812383c6e5fb1f.wav,spoof,hi-en,126393,mucs2021,xtts_v2,channel_g711_20db,,train
${DATA_ROOT}/clips/6fa122a1eceed4f7b924.wav,spoof,hi-en,201350,mucs2021,xtts_v2,channel_g711_20db,,train
${DATA_ROOT}/clips/b977aac40ecaf92caee6.wav,spoof,hi-en,342352,mucs2021,xtts_v2,channel_g711_20db,,train
${DATA_ROOT}/clips/b48dec3f53d451a8be18.wav,spoof,hi-en,350956,mucs2021,xtts_v2,channel_g711_20db,,train
${DATA_ROOT}/clips/d9405adf6d5d19a40050.wav,spoof,hi-en,433148,mucs2021,xtts_v2,channel_g711_20db,,train
${DATA_ROOT}/clips/e64bfab5313ab308233c.wav,spoof,hi-en,491095,mucs2021,xtts_v2,channel_g711_20db,,train
${DATA_ROOT}/clips/bbff16af762a5a1eb6d5.wav,spoof,hi-en,702146,mucs2021,xtts_v2,channel_g711_20db,,train
${DATA_ROOT}/clips/8a7a1147ea06086233bc.wav,spoof,hi-en,707034,mucs2021,xtts_v2,channel_g711_20db,,train
${DATA_ROOT}/clips/a798b0ec9e7089290842.wav,spoof,hi-en,126393,mucs2021,xtts_v2,channel_g711_20db,,train
${DATA_ROOT}/clips/4df0a0217455d35dae4e.wav,spoof,hi-en,201350,mucs2021,xtts_v2,channel_g711_20db,,train
${DATA_ROOT}/clips/84c21c31d687f78abd73.wav,spoof,hi-en,342352,mucs2021,xtts_v2,channel_g711_20db,,train
${DATA_ROOT}/clips/e2c48ef9350756dd4460.wav,spoof,hi-en,350956,mucs2021,xtts_v2,channel_g711_20db,,train
${DATA_ROOT}/clips/dcb0b1a3d47cae2d218a.wav,spoof,hi-en,433148,mucs2021,xtts_v2,channel_g711_20db,,train
${DATA_ROOT}/clips/cdcb3e75448627b183c0.wav,spoof,hi-en,491095,mucs2021,xtts_v2,channel_g711_20db,,train
${DATA_ROOT}/clips/e234f159f32d45d350e4.wav,spoof,hi-en,702146,mucs2021,xtts_v2,channel_g711_20db,,train
${DATA_ROOT}/clips/117d21756ef292ed890b.wav,spoof,hi-en,707034,mucs2021,xtts_v2,channel_g711_20db,,train
${DATA_ROOT}/clips/9ea69c7ca2e165db703f.wav,spoof,hi-en,126393,mucs2021,xtts_v2,channel_g711_20db,,train
${DATA_ROOT}/clips/d5191b1e967c2d459b97.wav,spoof,hi-en,201350,mucs2021,xtts_v2,channel_g711_20db,,train
${DATA_ROOT}/clips/b4bedcb3817c1803902c.wav,spoof,hi-en,342352,mucs2021,xtts_v2,channel_g711_20db,,train
${DATA_ROOT}/clips/3f9e3592a4ffa4e3eb68.wav,spoof,hi-en,350956,mucs2021,xtts_v2,channel_g711_20db,,train
${DATA_ROOT}/clips/8afedf185de812090457.wav,spoof,hi-en,433148,mucs2021,xtts_v2,channel_g711_20db,,train
${DATA_ROOT}/clips/cfbe75faaf7a6a4728d9.wav,spoof,hi-en,491095,mucs2021,xtts_v2,channel_g711_20db,,train
${DATA_ROOT}/clips/4b9fd2b6c5d3606b4a4c.wav,spoof,hi-en,702146,mucs2021,xtts_v2,channel_g711_20db,,train
${DATA_ROOT}/clips/f6ddb38a9b1c12c0170d.wav,spoof,hi-en,707034,mucs2021,xtts_v2,channel_g711_20db,,train
${DATA_ROOT}/clips/600a9422213434dd5c4f.wav,spoof,hi-en,126393,mucs2021,xtts_v2,channel_g711_20db,,train
${DATA_ROOT}/clips/afd9ee5320d3891d4463.wav,spoof,hi-en,201350,mucs2021,xtts_v2,channel_g711_20db,,train
${DATA_ROOT}/clips/25fbcb155b8dcee28478.wav,spoof,hi-en,342352,mucs2021,xtts_v2,channel_g711_20db,,train
${DATA_ROOT}/clips/d8003ca15d5379fe9606.wav,spoof,hi-en,350956,mucs2021,xtts_v2,channel_g711_20db,,train
${DATA_ROOT}/clips/be7e889a03a6bc6abb35.wav,spoof,hi-en,433148,mucs2021,xtts_v2,channel_g711_20db,,train
${DATA_ROOT}/clips/44a179feeb7fa259ddf4.wav,spoof,hi-en,491095,mucs2021,xtts_v2,channel_g711_20db,,train
${DATA_ROOT}/clips/dcf2db52eaebc538902d.wav,spoof,hi-en,702146,mucs2021,xtts_v2,channel_g711_20db,,train
${DATA_ROOT}/clips/38e43d9d30e430b982a6.wav,spoof,hi-en,707034,mucs2021,xtts_v2,channel_g711_20db,,train
${DATA_ROOT}/clips/4a26074b9b96d9f952bc.wav,spoof,hi-en,126393,mucs2021,xtts_v2,channel_g711_20db,,train
${DATA_ROOT}/clips/89112e678b2e8d57b6ab.wav,spoof,hi-en,201350,mucs2021,xtts_v2,channel_g711_20db,,train
${DATA_ROOT}/clips/76ed81a8ed7b20d376c0.wav,spoof,hi-en,342352,mucs2021,xtts_v2,channel_g711_20db,,train
${DATA_ROOT}/clips/2e4b717bf35aa94d652c.wav,spoof,hi-en,350956,mucs2021,xtts_v2,channel_g711_20db,,train
${DATA_ROOT}/clips/1339b431d664b285a071.wav,spoof,hi-en,433148,mucs2021,xtts_v2,channel_g711_20db,,train
${DATA_ROOT}/clips/8b34d60bc1b54a2305c2.wav,spoof,hi-en,491095,mucs2021,xtts_v2,channel_g711_20db,,train
${DATA_ROOT}/clips/043474b021ba55c09ac2.wav,spoof,hi-en,702146,mucs2021,xtts_v2,channel_g711_20db,,train
${DATA_ROOT}/clips/7eaeb8edb101a94faa31.wav,spoof,hi-en,707034,mucs2021,xtts_v2,channel_g711_20db,,train
${DATA_ROOT}/clips/17f5c1d3ba68dc8fff96.wav,spoof,hi-en,126393,mucs2021,xtts_v2,channel_g711_20db,,train
${DATA_ROOT}/clips/b54a5264b6875b58fd5d.wav,spoof,hi-en,201350,mucs2021,xtts_v2,channel_g711_20db,,train
${DATA_ROOT}/clips/93763e70cf63eb636a9b.wav,spoof,hi-en,342352,mucs2021,xtts_v2,channel_g711_20db,,train
${DATA_ROOT}/clips/44ce20fe5bfe1f302e7a.wav,spoof,hi-en,350956,mucs2021,xtts_v2,channel_g711_20db,,train
${DATA_ROOT}/clips/88b13ffbfe4b17a84131.wav,spoof,hi-en,433148,mucs2021,xtts_v2,channel_g711_20db,,train
${DATA_ROOT}/clips/2622224f7b055dc4b542.wav,spoof,hi-en,491095,mucs2021,xtts_v2,channel_g711_20db,,train
${DATA_ROOT}/clips/8038dff795294c1cbfd6.wav,spoof,hi-en,702146,mucs2021,xtts_v2,channel_g711_20db,,train
${DATA_ROOT}/clips/26a0223eb7ec3f45f663.wav,spoof,hi-en,707034,mucs2021,xtts_v2,channel_g711_20db,,train
${DATA_ROOT}/clips/8c0de0de6d559aadc655.wav,spoof,hi-en,126393,mucs2021,xtts_v2,channel_g711_20db,,train
${DATA_ROOT}/clips/1b5ac701ab13141cb3ac.wav,spoof,hi-en,201350,mucs2021,xtts_v2,channel_g711_20db,,train
${DATA_ROOT}/clips/378cc5fe77e9ccdcfb80.wav,spoof,hi-en,342352,mucs2021,xtts_v2,channel_g711_20db,,train
${DATA_ROOT}/clips/1fe03a38bc763483e2b1.wav,spoof,hi-en,350956,mucs2021,xtts_v2,channel_g711_20db,,train
${DATA_ROOT}/clips/49c4cf22966c4806d113.wav,spoof,hi-en,433148,mucs2021,xtts_v2,channel_g711_20db,,train
${DATA_ROOT}/clips/57bc77ab1b23205ef256.wav,spoof,hi-en,491095,mucs2021,xtts_v2,channel_g711_20db,,train
${DATA_ROOT}/clips/46a33802158937fe1ce0.wav,spoof,hi-en,702146,mucs2021,xtts_v2,channel_g711_20db,,train
${DATA_ROOT}/clips/f3e75ff61ddba3b6ee2e.wav,spoof,hi-en,707034,mucs2021,xtts_v2,channel_g711_20db,,train
${DATA_ROOT}/clips/557708382c76e9e7d726.wav,spoof,hi-en,126393,mucs2021,xtts_v2,channel_g711_20db,,train
${DATA_ROOT}/clips/fc74d2523805f7a4d2ba.wav,spoof,hi-en,201350,mucs2021,xtts_v2,channel_g711_20db,,train
${DATA_ROOT}/clips/9cdbe7d05766f3a3a9cb.wav,spoof,hi-en,342352,mucs2021,xtts_v2,channel_g711_20db,,train
${DATA_ROOT}/clips/ad812494d9ac45e40e0c.wav,spoof,hi-en,350956,mucs2021,xtts_v2,channel_g711_20db,,train
${DATA_ROOT}/clips/1c7097e849a30b09840d.wav,spoof,hi-en,433148,mucs2021,xtts_v2,channel_g711_20db,,train
${DATA_ROOT}/clips/41bcc69b3202792732fd.wav,spoof,hi-en,491095,mucs2021,xtts_v2,channel_g711_20db,,train
${DATA_ROOT}/clips/b605d1445a807431713d.wav,spoof,hi-en,702146,mucs2021,xtts_v2,channel_g711_20db,,train
${DATA_ROOT}/clips/299d31fafb8873c4e56d.wav,spoof,hi-en,707034,mucs2021,xtts_v2,channel_g711_20db,,train
${DATA_ROOT}/clips/b52a57217cc0140e5ed8.wav,spoof,hi-en,126393,mucs2021,xtts_v2,channel_g711_20db,,train
${DATA_ROOT}/clips/63a038542251c557ad8d.wav,spoof,hi-en,201350,mucs2021,xtts_v2,channel_g711_20db,,train
${DATA_ROOT}/clips/1e1c8ce9a9c7031d0a5b.wav,spoof,hi-en,342352,mucs2021,xtts_v2,channel_g711_20db,,train
${DATA_ROOT}/clips/63f4a7b7ea149ff6d9f0.wav,spoof,hi-en,350956,mucs2021,xtts_v2,channel_g711_20db,,train
${DATA_ROOT}/clips/923ba1ec77c609071062.wav,spoof,hi-en,433148,mucs2021,xtts_v2,channel_g711_20db,,train
${DATA_ROOT}/clips/d69cdf2088e4276cf509.wav,spoof,hi-en,491095,mucs2021,xtts_v2,channel_g711_20db,,train
${DATA_ROOT}/clips/14e43f35474f7dac8717.wav,spoof,hi-en,702146,mucs2021,xtts_v2,channel_g711_20db,,train
${DATA_ROOT}/clips/31de8f3945ea330eab42.wav,spoof,hi-en,707034,mucs2021,xtts_v2,channel_g711_20db,,train
${DATA_ROOT}/clips/0f08efe78c284a06b29b.wav,spoof,hi-en,126393,mucs2021,xtts_v2,channel_g711_20db,,train
${DATA_ROOT}/clips/da12b21bb8556da32b87.wav,spoof,hi-en,201350,mucs2021,xtts_v2,channel_g711_20db,,train
${DATA_ROOT}/clips/618201b5c60b641b6b1e.wav,spoof,hi-en,342352,mucs2021,xtts_v2,channel_g711_20db,,train
${DATA_ROOT}/clips/88b77b2fc65f130fae18.wav,spoof,hi-en,350956,mucs2021,xtts_v2,channel_g711_20db,,train
${DATA_ROOT}/clips/25c15495c4f4583ebe57.wav,spoof,hi-en,433148,mucs2021,xtts_v2,channel_g711_20db,,train
${DATA_ROOT}/clips/630c8ef9fe7db58eec3b.wav,spoof,hi-en,491095,mucs2021,xtts_v2,channel_g711_20db,,train
${DATA_ROOT}/clips/98b78bba645dcde36d76.wav,spoof,hi-en,702146,mucs2021,xtts_v2,channel_g711_20db,,train
${DATA_ROOT}/clips/ceb968ec810d629ab9a2.wav,spoof,hi-en,707034,mucs2021,xtts_v2,channel_g711_20db,,train
${DATA_ROOT}/clips/a2a23b623d6585b60a31.wav,spoof,hi-en,126393,mucs2021,xtts_v2,channel_g711_20db,,train
${DATA_ROOT}/clips/b728eb8e30381990c840.wav,spoof,hi-en,201350,mucs2021,xtts_v2,channel_g711_20db,,train
${DATA_ROOT}/clips/b1f918a6d395d5eb4e39.wav,spoof,hi-en,342352,mucs2021,xtts_v2,channel_g711_20db,,train
${DATA_ROOT}/clips/3ea3f3e63d87ec036f98.wav,spoof,hi-en,350956,mucs2021,xtts_v2,channel_g711_20db,,train
${DATA_ROOT}/clips/33ec49ab02708e1947e8.wav,spoof,hi-en,433148,mucs2021,xtts_v2,channel_g711_20db,,train
${DATA_ROOT}/clips/503711723f7ba839e364.wav,spoof,hi-en,491095,mucs2021,xtts_v2,channel_g711_20db,,train
${DATA_ROOT}/clips/65e2faf510db0493809e.wav,spoof,hi-en,702146,mucs2021,xtts_v2,channel_g711_20db,,train
${DATA_ROOT}/clips/d8a39c1256086149cc21.wav,spoof,hi-en,707034,mucs2021,xtts_v2,channel_g711_20db,,train
${DATA_ROOT}/clips/01274cb9b3629c0a3fe6.wav,spoof,hi-en,126393,mucs2021,xtts_v2,channel_g711_20db,,train
${DATA_ROOT}/clips/7dfa371bc36503e1e70b.wav,spoof,hi-en,201350,mucs2021,xtts_v2,channel_g711_20db,,train
${DATA_ROOT}/clips/2f38263f558042b89b83.wav,spoof,hi-en,342352,mucs2021,xtts_v2,channel_g711_20db,,train
${DATA_ROOT}/clips/085fa8953ce5b76b57a8.wav,spoof,hi-en,350956,mucs2021,xtts_v2,channel_g711_20db,,train
${DATA_ROOT}/clips/41eb3831185e92325568.wav,spoof,hi-en,433148,mucs2021,xtts_v2,channel_g711_20db,,train
${DATA_ROOT}/clips/16d89210ec9388d490f6.wav,spoof,hi-en,491095,mucs2021,xtts_v2,channel_g711_20db,,train
${DATA_ROOT}/clips/9cf2e3c7fc846bfa7e36.wav,spoof,hi-en,702146,mucs2021,xtts_v2,channel_g711_20db,,train
${DATA_ROOT}/clips/4107156f9f08f4c317cb.wav,spoof,hi-en,707034,mucs2021,xtts_v2,channel_g711_20db,,train
${DATA_ROOT}/clips/9173fab6fec42e60b07c.wav,spoof,hi-en,126393,mucs2021,xtts_v2,channel_g711_20db,,train
${DATA_ROOT}/clips/88bf88bfe050244af3b8.wav,spoof,hi-en,201350,mucs2021,xtts_v2,channel_g711_20db,,train
${DATA_ROOT}/clips/9435d50b3b8f137bfde0.wav,spoof,hi-en,342352,mucs2021,xtts_v2,channel_g711_20db,,train
${DATA_ROOT}/clips/66abd8a8614fa46aaed4.wav,spoof,hi-en,350956,mucs2021,xtts_v2,channel_g711_20db,,train
${DATA_ROOT}/clips/a84b7794c7d08a3db563.wav,spoof,hi-en,433148,mucs2021,xtts_v2,channel_g711_20db,,train
${DATA_ROOT}/clips/192672bf110bd5392b3d.wav,spoof,hi-en,491095,mucs2021,xtts_v2,channel_g711_20db,,train
${DATA_ROOT}/clips/0945f4b5864ff888235a.wav,spoof,hi-en,702146,mucs2021,xtts_v2,channel_g711_20db,,train
${DATA_ROOT}/clips/610f9260836aaf777d70.wav,spoof,hi-en,707034,mucs2021,xtts_v2,channel_g711_20db,,train
${DATA_ROOT}/clips/06df0612302b2ec12afe.wav,spoof,hi-en,126393,mucs2021,xtts_v2,channel_g711_20db,,train
${DATA_ROOT}/clips/5e2143f265ee2e93356d.wav,spoof,hi-en,201350,mucs2021,xtts_v2,channel_g711_20db,,train
${DATA_ROOT}/clips/8aa9acdeca1e9c49a1f3.wav,spoof,hi-en,342352,mucs2021,xtts_v2,channel_g711_20db,,train
${DATA_ROOT}/clips/612816234e1bf81330fa.wav,spoof,hi-en,350956,mucs2021,xtts_v2,channel_g711_20db,,train
${DATA_ROOT}/clips/6a2bc0b0a68687dc683f.wav,spoof,hi-en,433148,mucs2021,xtts_v2,channel_g711_20db,,train
${DATA_ROOT}/clips/36eb7cd6d1fcc93ed14c.wav,spoof,hi-en,491095,mucs2021,xtts_v2,channel_g711_20db,,train
${DATA_ROOT}/clips/a25d2bea8c42518c7792.wav,spoof,hi-en,702146,mucs2021,xtts_v2,channel_g711_20db,,train
${DATA_ROOT}/clips/db684c9514cbda51d7c7.wav,spoof,hi-en,707034,mucs2021,xtts_v2,channel_g711_20db,,train
${DATA_ROOT}/clips/09c50cb0a6db9dde069c.wav,spoof,hi-en,126393,mucs2021,xtts_v2,channel_g711_20db,,train
${DATA_ROOT}/clips/977d2a52e5c7b938d365.wav,spoof,hi-en,201350,mucs2021,xtts_v2,channel_g711_20db,,train
${DATA_ROOT}/clips/82c45bd45d22d66f2441.wav,spoof,hi-en,342352,mucs2021,xtts_v2,channel_g711_20db,,train
${DATA_ROOT}/clips/eaf0c01dad857e9477a3.wav,spoof,hi-en,350956,mucs2021,xtts_v2,channel_g711_20db,,train
${DATA_ROOT}/clips/a65747590821538dcf43.wav,spoof,hi-en,433148,mucs2021,xtts_v2,channel_g711_20db,,train
${DATA_ROOT}/clips/bcf5a1001b7b7f443997.wav,spoof,hi-en,491095,mucs2021,xtts_v2,channel_g711_20db,,train
${DATA_ROOT}/clips/94d76a7ab5b9d274ca03.wav,spoof,hi-en,702146,mucs2021,xtts_v2,channel_g711_20db,,train
${DATA_ROOT}/clips/e8b958ea8b50baa0643c.wav,spoof,hi-en,707034,mucs2021,xtts_v2,channel_g711_20db,,train
${DATA_ROOT}/clips/315a70149eab4202cd6d.wav,spoof,hi-en,126393,mucs2021,xtts_v2,channel_g711_20db,,train
${DATA_ROOT}/clips/02dd385a879dbd70025a.wav,spoof,hi-en,201350,mucs2021,xtts_v2,channel_g711_20db,,train
${DATA_ROOT}/clips/fcfba7bfdb7b2bc53209.wav,spoof,hi-en,342352,mucs2021,xtts_v2,channel_g711_20db,,train
${DATA_ROOT}/clips/4df54812cc8b8fdcade2.wav,spoof,hi-en,350956,mucs2021,xtts_v2,channel_g711_20db,,train
${DATA_ROOT}/clips/cbcc3b25a90b7d672a5b.wav,spoof,hi-en,433148,mucs2021,xtts_v2,channel_g711_20db,,train
${DATA_ROOT}/clips/77c8bd86ad95cc0f825d.wav,spoof,hi-en,491095,mucs2021,xtts_v2,channel_g711_20db,,train
${DATA_ROOT}/clips/a62b99ce982708c26f28.wav,spoof,hi-en,702146,mucs2021,xtts_v2,channel_g711_20db,,train
${DATA_ROOT}/clips/63ea6b8c28f7ecc7e1f7.wav,spoof,hi-en,707034,mucs2021,xtts_v2,channel_g711_20db,,train
${DATA_ROOT}/clips/dce4886fccb8944aac82.wav,spoof,hi-en,126393,mucs2021,xtts_v2,channel_g711_20db,,train
${DATA_ROOT}/clips/34aee77d3552b0add04e.wav,spoof,hi-en,201350,mucs2021,xtts_v2,channel_g711_20db,,train
${DATA_ROOT}/clips/6bba23cb9f9f40ffcfa7.wav,spoof,hi-en,342352,mucs2021,xtts_v2,channel_g711_20db,,train
${DATA_ROOT}/clips/385c0e3d1aad2c5e731e.wav,spoof,hi-en,350956,mucs2021,xtts_v2,channel_g711_20db,,train
${DATA_ROOT}/clips/5f3eddec73b7e0d1241e.wav,spoof,hi-en,433148,mucs2021,xtts_v2,channel_g711_20db,,train
${DATA_ROOT}/clips/23c1320d2336e135ff56.wav,spoof,hi-en,491095,mucs2021,xtts_v2,channel_g711_20db,,train
${DATA_ROOT}/clips/c16f25f0ad59d9f741d0.wav,spoof,hi-en,702146,mucs2021,xtts_v2,channel_g711_20db,,train
${DATA_ROOT}/clips/fad3f5226ef7854c66b9.wav,spoof,hi-en,707034,mucs2021,xtts_v2,channel_g711_20db,,train
${DATA_ROOT}/clips/f4224f86f9793fc44409.wav,spoof,hi-en,126393,mucs2021,xtts_v2,channel_g711_20db,,train
${DATA_ROOT}/clips/7ce6d3b077080dc5977f.wav,spoof,hi-en,201350,mucs2021,xtts_v2,channel_g711_20db,,train
${DATA_ROOT}/clips/5f4496bb46c35acc07e7.wav,spoof,hi-en,342352,mucs2021,xtts_v2,channel_g711_20db,,train
${DATA_ROOT}/clips/4b7e30eac75cfee9a851.wav,spoof,hi-en,350956,mucs2021,xtts_v2,channel_g711_20db,,train
${DATA_ROOT}/clips/f8bc08dafe65a4b469c7.wav,spoof,hi-en,433148,mucs2021,xtts_v2,channel_g711_20db,,train
${DATA_ROOT}/clips/775156c95f14d06d6f25.wav,spoof,hi-en,491095,mucs2021,xtts_v2,channel_g711_20db,,train
${DATA_ROOT}/clips/f4b7404a92c6228178d0.wav,spoof,hi-en,702146,mucs2021,xtts_v2,channel_g711_20db,,train
${DATA_ROOT}/clips/25f0c6f816e18dca2852.wav,spoof,hi-en,707034,mucs2021,xtts_v2,channel_g711_20db,,train
${DATA_ROOT}/clips/1f4658eee558928c4742.wav,spoof,hi-en,126393,mucs2021,xtts_v2,channel_g711_20db,,train
${DATA_ROOT}/clips/96e8ad66be53b5c93f35.wav,spoof,hi-en,201350,mucs2021,xtts_v2,channel_g711_20db,,train
${DATA_ROOT}/clips/35384b466bdff1883aab.wav,spoof,hi-en,342352,mucs2021,xtts_v2,channel_g711_20db,,train
${DATA_ROOT}/clips/c7d6d9ac2abd4b20f059.wav,spoof,hi-en,350956,mucs2021,xtts_v2,channel_g711_20db,,train
${DATA_ROOT}/clips/efe90ead4c5281c6b165.wav,spoof,hi-en,433148,mucs2021,xtts_v2,channel_g711_20db,,train
${DATA_ROOT}/clips/8c2625d0da6d9f79a7a4.wav,spoof,hi-en,491095,mucs2021,xtts_v2,channel_g711_20db,,train
${DATA_ROOT}/clips/d5da466c29d775c0eccf.wav,spoof,hi-en,702146,mucs2021,xtts_v2,channel_g711_20db,,train
${DATA_ROOT}/clips/e3da8bd71abfaa3ef96a.wav,spoof,hi-en,707034,mucs2021,xtts_v2,channel_g711_20db,,train
${DATA_ROOT}/clips/9d5d51020d9457316956.wav,spoof,hi-en,126393,mucs2021,xtts_v2,channel_g711_20db,,train
${DATA_ROOT}/clips/678150c0b19511803ff7.wav,spoof,hi-en,201350,mucs2021,xtts_v2,channel_g711_20db,,train
${DATA_ROOT}/clips/1904dc9d15b414145633.wav,spoof,hi-en,342352,mucs2021,xtts_v2,channel_g711_20db,,train
${DATA_ROOT}/clips/e2959efddd90b19a30bb.wav,spoof,hi-en,350956,mucs2021,xtts_v2,channel_g711_20db,,train
${DATA_ROOT}/clips/bb3afe52bbf496518006.wav,spoof,hi-en,433148,mucs2021,xtts_v2,channel_g711_20db,,train
${DATA_ROOT}/clips/d45c163cd6a028bce921.wav,spoof,hi-en,491095,mucs2021,xtts_v2,channel_g711_20db,,train
${DATA_ROOT}/clips/47f88281219772477d46.wav,spoof,hi-en,702146,mucs2021,xtts_v2,channel_g711_20db,,train
${DATA_ROOT}/clips/ad70da943151a98b796f.wav,spoof,hi-en,707034,mucs2021,xtts_v2,channel_g711_20db,,train
${DATA_ROOT}/clips/d76c7a3ced38c49fb8e3.wav,spoof,hi-en,126393,mucs2021,xtts_v2,channel_g711_20db,,train
${DATA_ROOT}/clips/a6b758c4b49742db426a.wav,spoof,hi-en,201350,mucs2021,xtts_v2,channel_g711_20db,,train
${DATA_ROOT}/clips/b9b6b66971bb0392cf69.wav,spoof,hi-en,342352,mucs2021,xtts_v2,channel_g711_20db,,train
${DATA_ROOT}/clips/bacb5621b0ab5475fbfc.wav,spoof,hi-en,350956,mucs2021,xtts_v2,channel_g711_20db,,train
${DATA_ROOT}/clips/8d016f0f6873dde859d6.wav,spoof,hi-en,433148,mucs2021,xtts_v2,channel_g711_20db,,train
${DATA_ROOT}/clips/bf431ea3db1447ee5d2c.wav,spoof,hi-en,491095,mucs2021,xtts_v2,channel_g711_20db,,train
${DATA_ROOT}/clips/1d0dd7a377487f87ae85.wav,spoof,hi-en,702146,mucs2021,xtts_v2,channel_g711_20db,,train
${DATA_ROOT}/clips/d336100a7e2fb167b374.wav,spoof,hi-en,707034,mucs2021,xtts_v2,channel_g711_20db,,train
${DATA_ROOT}/clips/6155da082cd1ac9e7a82.wav,spoof,hi-en,126393,mucs2021,xtts_v2,channel_g711_20db,,train
${DATA_ROOT}/clips/2c40794718d5ceebd2d2.wav,spoof,hi-en,201350,mucs2021,xtts_v2,channel_g711_20db,,train
${DATA_ROOT}/clips/28008f8da9642be55bf4.wav,spoof,hi-en,342352,mucs2021,xtts_v2,channel_g711_20db,,train
${DATA_ROOT}/clips/9ed04ef5fe4ec2f46009.wav,spoof,hi-en,350956,mucs2021,xtts_v2,channel_g711_20db,,train
${DATA_ROOT}/clips/ca255404b2dd75192951.wav,spoof,hi-en,433148,mucs2021,xtts_v2,channel_g711_20db,,train
${DATA_ROOT}/clips/78a15e458d2923091393.wav,spoof,hi-en,491095,mucs2021,xtts_v2,channel_g711_20db,,train
${DATA_ROOT}/clips/04dcaaabb6692b3b09f8.wav,spoof,hi-en,702146,mucs2021,xtts_v2,channel_g711_20db,,train
${DATA_ROOT}/clips/52904aa621f3ac70dce3.wav,spoof,hi-en,707034,mucs2021,xtts_v2,channel_g711_20db,,train
${DATA_ROOT}/clips/c264a8aea61abc204276.wav,spoof,hi-en,126393,mucs2021,xtts_v2,channel_g711_20db,,train
${DATA_ROOT}/clips/378aa473ae8020cd7c4a.wav,spoof,hi-en,201350,mucs2021,xtts_v2,channel_g711_20db,,train
${DATA_ROOT}/clips/ab5bcba63f5a0ff4128d.wav,spoof,hi-en,342352,mucs2021,xtts_v2,channel_g711_20db,,train
${DATA_ROOT}/clips/d9b1324d2a3827265082.wav,spoof,hi-en,350956,mucs2021,xtts_v2,channel_g711_20db,,train
${DATA_ROOT}/clips/aa665137738d96923755.wav,spoof,hi-en,433148,mucs2021,xtts_v2,channel_g711_20db,,train
${DATA_ROOT}/clips/48fa7c77745c2c14c082.wav,spoof,hi-en,491095,mucs2021,xtts_v2,channel_g711_20db,,train
${DATA_ROOT}/clips/6525b319598f803a6c0b.wav,spoof,hi-en,702146,mucs2021,xtts_v2,channel_g711_20db,,train
${DATA_ROOT}/clips/b922c1182a296301a8ab.wav,spoof,hi-en,707034,mucs2021,xtts_v2,channel_g711_20db,,train
${DATA_ROOT}/clips/7a6a8a64ae1711780257.wav,spoof,hi-en,126393,mucs2021,xtts_v2,channel_g711_20db,,train
${DATA_ROOT}/clips/773daf3f13e13f10f1b5.wav,spoof,hi-en,201350,mucs2021,xtts_v2,channel_g711_20db,,train
${DATA_ROOT}/clips/767da0e9979fcc63f3b4.wav,spoof,hi-en,342352,mucs2021,xtts_v2,channel_g711_20db,,train
${DATA_ROOT}/clips/435bd691785a3c1d9957.wav,spoof,hi-en,350956,mucs2021,xtts_v2,channel_g711_20db,,train
${DATA_ROOT}/clips/95b1e391604c82701dbb.wav,spoof,hi-en,433148,mucs2021,xtts_v2,channel_g711_20db,,train
${DATA_ROOT}/clips/62226b0a6192422d329b.wav,spoof,hi-en,491095,mucs2021,xtts_v2,channel_g711_20db,,train
${DATA_ROOT}/clips/f743b0e75d2587330bad.wav,spoof,hi-en,702146,mucs2021,xtts_v2,channel_g711_20db,,train
${DATA_ROOT}/clips/dd90a5e617217fa10a59.wav,spoof,hi-en,707034,mucs2021,xtts_v2,channel_g711_20db,,train
${DATA_ROOT}/clips/2cc6b9ce16381320ad86.wav,spoof,hi-en,126393,mucs2021,xtts_v2,channel_g711_20db,,train
${DATA_ROOT}/clips/4bbc49cf14a04e85a5db.wav,spoof,hi-en,201350,mucs2021,xtts_v2,channel_g711_20db,,train
${DATA_ROOT}/clips/1944785845333861fc99.wav,spoof,hi-en,342352,mucs2021,xtts_v2,channel_g711_20db,,train
${DATA_ROOT}/clips/d64324dfcaf4816421af.wav,spoof,hi-en,350956,mucs2021,xtts_v2,channel_g711_20db,,train
${DATA_ROOT}/clips/42fca721d36afd217393.wav,spoof,hi-en,433148,mucs2021,xtts_v2,channel_g711_20db,,train
${DATA_ROOT}/clips/95667371be274c148646.wav,spoof,hi-en,491095,mucs2021,xtts_v2,channel_g711_20db,,train
${DATA_ROOT}/clips/ba8be27cbf12e9b99249.wav,spoof,hi-en,702146,mucs2021,xtts_v2,channel_g711_20db,,train
${DATA_ROOT}/clips/88e2d98a4cf9fda5725d.wav,spoof,hi-en,707034,mucs2021,xtts_v2,channel_g711_20db,,train
${DATA_ROOT}/clips/47d71c1ee6d47d8f9908.wav,spoof,hi-en,126393,mucs2021,xtts_v2,channel_g711_20db,,train
${DATA_ROOT}/clips/55dbff244556173bd2c9.wav,spoof,hi-en,201350,mucs2021,xtts_v2,channel_g711_20db,,train
${DATA_ROOT}/clips/ec7078280c0afb598559.wav,spoof,hi-en,342352,mucs2021,xtts_v2,channel_g711_20db,,train
${DATA_ROOT}/clips/46bd232ec19ee850702c.wav,spoof,hi-en,350956,mucs2021,xtts_v2,channel_g711_20db,,train
${DATA_ROOT}/clips/b9a3941e44e3ce4f2a6c.wav,spoof,hi-en,433148,mucs2021,xtts_v2,channel_g711_20db,,train
${DATA_ROOT}/clips/8e53823b43d6319e01e5.wav,spoof,hi-en,491095,mucs2021,xtts_v2,channel_g711_20db,,train
${DATA_ROOT}/clips/2e6644a960cd8cc9f836.wav,spoof,hi-en,702146,mucs2021,xtts_v2,channel_g711_20db,,train
${DATA_ROOT}/clips/08e930a547656d298e7f.wav,spoof,hi-en,707034,mucs2021,xtts_v2,channel_g711_20db,,train
${DATA_ROOT}/clips/d7f2619c6b2989013faf.wav,spoof,hi-en,126393,mucs2021,xtts_v2,channel_g711_20db,,train
${DATA_ROOT}/clips/ef45ed538570c8edeede.wav,spoof,hi-en,201350,mucs2021,xtts_v2,channel_g711_20db,,train
${DATA_ROOT}/clips/ed8cc108799de47de48b.wav,spoof,hi-en,342352,mucs2021,xtts_v2,channel_g711_20db,,train
${DATA_ROOT}/clips/f5b52a816af7eaeccca3.wav,spoof,hi-en,350956,mucs2021,xtts_v2,channel_g711_20db,,train
${DATA_ROOT}/clips/f1314746dbc83ed331f4.wav,spoof,hi-en,433148,mucs2021,xtts_v2,channel_g711_20db,,train
${DATA_ROOT}/clips/9695a16e2bbd7c62c311.wav,spoof,hi-en,491095,mucs2021,xtts_v2,channel_g711_20db,,train
${DATA_ROOT}/clips/7b2241b7069d084f270d.wav,spoof,hi-en,702146,mucs2021,xtts_v2,channel_g711_20db,,train
${DATA_ROOT}/clips/63b501d31510cec418d9.wav,spoof,hi-en,707034,mucs2021,xtts_v2,channel_g711_20db,,train
${DATA_ROOT}/clips/6d8894770be58defbcde.wav,spoof,hi-en,126393,mucs2021,xtts_v2,channel_g711_20db,,train
${DATA_ROOT}/clips/e0278f8e481840c63365.wav,spoof,hi-en,201350,mucs2021,xtts_v2,channel_g711_20db,,train
${DATA_ROOT}/clips/c2dc20a22227b51019af.wav,spoof,hi-en,342352,mucs2021,xtts_v2,channel_g711_20db,,train
${DATA_ROOT}/clips/e762ad75848d90e29519.wav,spoof,hi-en,350956,mucs2021,xtts_v2,channel_g711_20db,,train
${DATA_ROOT}/clips/618df29772e27f31e1a1.wav,spoof,hi-en,433148,mucs2021,xtts_v2,channel_g711_20db,,train
${DATA_ROOT}/clips/1b8282af1dccddfa091b.wav,spoof,hi-en,491095,mucs2021,xtts_v2,channel_g711_20db,,train
${DATA_ROOT}/clips/4cf0eed8df72beee1be8.wav,spoof,hi-en,702146,mucs2021,xtts_v2,channel_g711_20db,,train
${DATA_ROOT}/clips/a346bb5f5c5b43de1049.wav,spoof,hi-en,707034,mucs2021,xtts_v2,channel_g711_20db,,train
${DATA_ROOT}/clips/d65dc9798b377f27b653.wav,spoof,hi-en,126393,mucs2021,xtts_v2,channel_g711_20db,,train
${DATA_ROOT}/clips/fbb2abcc4089c3833c9a.wav,spoof,hi-en,201350,mucs2021,xtts_v2,channel_g711_20db,,train
${DATA_ROOT}/clips/d0b88a241b927026bf5c.wav,spoof,hi-en,342352,mucs2021,xtts_v2,channel_g711_20db,,train
${DATA_ROOT}/clips/5e4b738eb0f2c0ce170b.wav,spoof,hi-en,350956,mucs2021,xtts_v2,channel_g711_20db,,train
${DATA_ROOT}/clips/c779bc6d155893a9d8c2.wav,spoof,hi-en,433148,mucs2021,xtts_v2,channel_g711_20db,,train
${DATA_ROOT}/clips/8d1b6ecbeae11ef1859f.wav,spoof,hi-en,491095,mucs2021,xtts_v2,channel_g711_20db,,train
${DATA_ROOT}/clips/030880cf5048d9e7cb68.wav,spoof,hi-en,702146,mucs2021,xtts_v2,channel_g711_20db,,train
${DATA_ROOT}/clips/cbb3ecefc20f59bb0952.wav,spoof,hi-en,707034,mucs2021,xtts_v2,channel_g711_20db,,train
${DATA_ROOT}/clips/298766499c4ef41120f6.wav,spoof,hi-en,126393,mucs2021,xtts_v2,channel_g711_20db,,train
${DATA_ROOT}/clips/452eb709e8d46192d059.wav,spoof,hi-en,201350,mucs2021,xtts_v2,channel_g711_20db,,train
${DATA_ROOT}/clips/b007824d0ea97c12fad3.wav,spoof,hi-en,342352,mucs2021,xtts_v2,channel_g711_20db,,train
${DATA_ROOT}/clips/5fea771a89a2467ba978.wav,spoof,hi-en,350956,mucs2021,xtts_v2,channel_g711_20db,,train
${DATA_ROOT}/clips/3441daacfef46387719e.wav,spoof,hi-en,433148,mucs2021,xtts_v2,channel_g711_20db,,train
${DATA_ROOT}/clips/e1a6a9121b13174bea57.wav,spoof,hi-en,491095,mucs2021,xtts_v2,channel_g711_20db,,train
${DATA_ROOT}/clips/ec943e7e5c115b245fd7.wav,spoof,hi-en,702146,mucs2021,xtts_v2,channel_g711_20db,,train
${DATA_ROOT}/clips/441438128601f2ed9387.wav,spoof,hi-en,707034,mucs2021,xtts_v2,channel_g711_20db,,train
${DATA_ROOT}/clips/f05576d0b1e812e51539.wav,spoof,hi-en,126393,mucs2021,xtts_v2,channel_g711_20db,,train
${DATA_ROOT}/clips/664f2b776c17d0fe8903.wav,spoof,hi-en,201350,mucs2021,xtts_v2,channel_g711_20db,,train
${DATA_ROOT}/clips/31d780624327a0e5d2a4.wav,spoof,hi-en,342352,mucs2021,xtts_v2,channel_g711_20db,,train
${DATA_ROOT}/clips/9b7d9a1583bd080521e8.wav,spoof,hi-en,350956,mucs2021,xtts_v2,channel_g711_20db,,train
${DATA_ROOT}/clips/f6fe22bdd94ec468c88d.wav,spoof,hi-en,433148,mucs2021,xtts_v2,channel_g711_20db,,train
${DATA_ROOT}/clips/1f7c86b2113af6f66752.wav,spoof,hi-en,491095,mucs2021,xtts_v2,channel_g711_20db,,train
${DATA_ROOT}/clips/345e0804b5e8fafddc18.wav,spoof,hi-en,702146,mucs2021,xtts_v2,channel_g711_20db,,train
${DATA_ROOT}/clips/33460bfd8889454021c6.wav,spoof,hi-en,707034,mucs2021,xtts_v2,channel_g711_20db,,train
${DATA_ROOT}/clips/2580358534f1de847a7a.wav,spoof,hi-en,126393,mucs2021,xtts_v2,channel_g711_20db,,train
${DATA_ROOT}/clips/68071b31bc7f342b8e67.wav,spoof,hi-en,201350,mucs2021,xtts_v2,channel_g711_20db,,train
${DATA_ROOT}/clips/6e506c2b54f3586d6174.wav,spoof,hi-en,342352,mucs2021,xtts_v2,channel_g711_20db,,train
${DATA_ROOT}/clips/5aac21c6fe7a6a64db30.wav,spoof,hi-en,350956,mucs2021,xtts_v2,channel_g711_20db,,train
${DATA_ROOT}/clips/a3218cfd1e964cb59663.wav,spoof,hi-en,433148,mucs2021,xtts_v2,channel_g711_20db,,train
${DATA_ROOT}/clips/54ab2580923abd8067ad.wav,spoof,hi-en,491095,mucs2021,xtts_v2,channel_g711_20db,,train
${DATA_ROOT}/clips/e8c125ac5f28a1bd06f1.wav,spoof,hi-en,702146,mucs2021,xtts_v2,channel_g711_20db,,train
${DATA_ROOT}/clips/b222158385099bd2584d.wav,spoof,hi-en,707034,mucs2021,xtts_v2,channel_g711_20db,,train
${DATA_ROOT}/clips/8b65ad61fcc0b82ee526.wav,spoof,hi-en,126393,mucs2021,xtts_v2,channel_g711_20db,,train
${DATA_ROOT}/clips/aba93f85a5dd9fc62b86.wav,spoof,hi-en,201350,mucs2021,xtts_v2,channel_g711_20db,,train
${DATA_ROOT}/clips/76d58e733b4d219d7943.wav,spoof,hi-en,342352,mucs2021,xtts_v2,channel_g711_20db,,train
${DATA_ROOT}/clips/61510ad989ffb084fa29.wav,spoof,hi-en,350956,mucs2021,xtts_v2,channel_g711_20db,,train
${DATA_ROOT}/clips/2c2040f6af7bd1555988.wav,spoof,hi-en,433148,mucs2021,xtts_v2,channel_g711_20db,,train
${DATA_ROOT}/clips/a6b0f419a93f05cc7e77.wav,spoof,hi-en,491095,mucs2021,xtts_v2,channel_g711_20db,,train
${DATA_ROOT}/clips/9f71f2cfb8af985490eb.wav,spoof,hi-en,702146,mucs2021,xtts_v2,channel_g711_20db,,train
${DATA_ROOT}/clips/793c9ede0cf76d24f361.wav,spoof,hi-en,707034,mucs2021,xtts_v2,channel_g711_20db,,train
${DATA_ROOT}/clips/e7c25df047b165c01efc.wav,spoof,hi-en,126393,mucs2021,xtts_v2,channel_g711_20db,,train
${DATA_ROOT}/clips/d277a264c2afa53fdf9a.wav,spoof,hi-en,201350,mucs2021,xtts_v2,channel_g711_20db,,train
${DATA_ROOT}/clips/2e2bd48539a2d444bb2f.wav,spoof,hi-en,342352,mucs2021,xtts_v2,channel_g711_20db,,train
${DATA_ROOT}/clips/1c5e41cae7edb9848862.wav,spoof,hi-en,350956,mucs2021,xtts_v2,channel_g711_20db,,train
${DATA_ROOT}/clips/9841bf6ca1e72030249f.wav,spoof,hi-en,433148,mucs2021,xtts_v2,channel_g711_20db,,train
${DATA_ROOT}/clips/6c1bc5aaea7b00f9305d.wav,spoof,hi-en,491095,mucs2021,xtts_v2,channel_g711_20db,,train
${DATA_ROOT}/clips/fbc17fe493c1d3b3c6c8.wav,spoof,hi-en,702146,mucs2021,xtts_v2,channel_g711_20db,,train
${DATA_ROOT}/clips/abbe0babc4a2f4453c8c.wav,spoof,hi-en,707034,mucs2021,xtts_v2,channel_g711_20db,,train
${DATA_ROOT}/clips/154cc3ea513ef0de3ee9.wav,spoof,hi-en,126393,mucs2021,xtts_v2,channel_g711_20db,,train
${DATA_ROOT}/clips/c1c3393f919b26857e9e.wav,spoof,hi-en,201350,mucs2021,xtts_v2,channel_g711_20db,,train
${DATA_ROOT}/clips/0e67a878b6a6d2fde4c8.wav,spoof,hi-en,342352,mucs2021,xtts_v2,channel_g711_20db,,train
${DATA_ROOT}/clips/16268975dd660b4f80b8.wav,spoof,hi-en,350956,mucs2021,xtts_v2,channel_g711_20db,,train
${DATA_ROOT}/clips/e55ad7101133f9c62b4a.wav,spoof,hi-en,433148,mucs2021,xtts_v2,channel_g711_20db,,train
${DATA_ROOT}/clips/fd4ac878e896b0f63508.wav,spoof,hi-en,491095,mucs2021,xtts_v2,channel_g711_20db,,train
${DATA_ROOT}/clips/ca989fb799cc5b7061c9.wav,spoof,hi-en,702146,mucs2021,xtts_v2,channel_g711_20db,,train
${DATA_ROOT}/clips/b4ff16a50288de2990e2.wav,spoof,hi-en,707034,mucs2021,xtts_v2,channel_g711_20db,,train
${DATA_ROOT}/clips/b4e8527b14a15a9b5aed.wav,spoof,hi-en,126393,mucs2021,xtts_v2,channel_g711_20db,,train
${DATA_ROOT}/clips/35f8043d6323e1ba992d.wav,spoof,hi-en,201350,mucs2021,xtts_v2,channel_g711_20db,,train
${DATA_ROOT}/clips/82e49ae13f287271239f.wav,spoof,hi-en,342352,mucs2021,xtts_v2,channel_g711_20db,,train
${DATA_ROOT}/clips/bbe9d19343b22205efb4.wav,spoof,hi-en,350956,mucs2021,xtts_v2,channel_g711_20db,,train
${DATA_ROOT}/clips/be34085257edc7a2713a.wav,spoof,hi-en,433148,mucs2021,xtts_v2,channel_g711_20db,,train
${DATA_ROOT}/clips/9d72853eb62e81dd0aa7.wav,spoof,hi-en,491095,mucs2021,xtts_v2,channel_g711_20db,,train
${DATA_ROOT}/clips/3a0021b1f5774d79d5c3.wav,spoof,hi-en,702146,mucs2021,xtts_v2,channel_g711_20db,,train
${DATA_ROOT}/clips/f62e04843f219d645035.wav,spoof,hi-en,707034,mucs2021,xtts_v2,channel_g711_20db,,train
${DATA_ROOT}/clips/941e9c16f64a90276d66.wav,spoof,hi-en,126393,mucs2021,xtts_v2,channel_g711_20db,,train
${DATA_ROOT}/clips/5b682fce44018dc9f930.wav,spoof,hi-en,201350,mucs2021,xtts_v2,channel_g711_20db,,train
${DATA_ROOT}/clips/dc873af51aa6ea7e0483.wav,spoof,hi-en,342352,mucs2021,xtts_v2,channel_g711_20db,,train
${DATA_ROOT}/clips/f6dd0282f41f097f25af.wav,spoof,hi-en,350956,mucs2021,xtts_v2,channel_g711_20db,,train
${DATA_ROOT}/clips/99bd9b76fbddc59a42c7.wav,spoof,hi-en,433148,mucs2021,xtts_v2,channel_g711_20db,,train
${DATA_ROOT}/clips/e4d8dacb44e49f46f53c.wav,spoof,hi-en,491095,mucs2021,xtts_v2,channel_g711_20db,,train
${DATA_ROOT}/clips/4b8c2853d3e1867e3eef.wav,spoof,hi-en,702146,mucs2021,xtts_v2,channel_g711_20db,,train
${DATA_ROOT}/clips/6e9619585897c01dcbba.wav,spoof,hi-en,707034,mucs2021,xtts_v2,channel_g711_20db,,train
${DATA_ROOT}/clips/4a9b6f2f6b6c03ee62c2.wav,spoof,hi-en,126393,mucs2021,xtts_v2,channel_g711_20db,,train
${DATA_ROOT}/clips/72dd19e13ae92fe3afb1.wav,spoof,hi-en,201350,mucs2021,xtts_v2,channel_g711_20db,,train
${DATA_ROOT}/clips/1c72c80bb828ca2c7753.wav,spoof,hi-en,342352,mucs2021,xtts_v2,channel_g711_20db,,train
${DATA_ROOT}/clips/f6de5654ed0d56083efd.wav,spoof,hi-en,350956,mucs2021,xtts_v2,channel_g711_20db,,train
${DATA_ROOT}/clips/614929af55d1dbd3f2e5.wav,spoof,hi-en,433148,mucs2021,xtts_v2,channel_g711_20db,,train
${DATA_ROOT}/clips/d22ce365a97a56f0a831.wav,spoof,hi-en,491095,mucs2021,xtts_v2,channel_g711_20db,,train
${DATA_ROOT}/clips/1dd5cd823986469d38af.wav,spoof,hi-en,702146,mucs2021,xtts_v2,channel_g711_20db,,train
${DATA_ROOT}/clips/2ca69bbaf0bbe1ce79ba.wav,spoof,hi-en,707034,mucs2021,xtts_v2,channel_g711_20db,,train
${DATA_ROOT}/clips/0d752c73dd4331c70f16.wav,spoof,hi-en,126393,mucs2021,xtts_v2,channel_g711_20db,,train
${DATA_ROOT}/clips/aacbc39b25a8cfb8c340.wav,spoof,hi-en,201350,mucs2021,xtts_v2,channel_g711_20db,,train
${DATA_ROOT}/clips/65cd1a2595dbb141e5f7.wav,spoof,hi-en,342352,mucs2021,xtts_v2,channel_g711_20db,,train
${DATA_ROOT}/clips/590aed47b5802ae61b53.wav,spoof,hi-en,350956,mucs2021,xtts_v2,channel_g711_20db,,train
${DATA_ROOT}/clips/9ad31e114f473fcc847f.wav,spoof,hi-en,433148,mucs2021,xtts_v2,channel_g711_20db,,train
${DATA_ROOT}/clips/d0a0a51c9514ab7d9fe3.wav,spoof,hi-en,491095,mucs2021,xtts_v2,channel_g711_20db,,train
${DATA_ROOT}/clips/e4a10b7f799d93eee850.wav,spoof,hi-en,702146,mucs2021,xtts_v2,channel_g711_20db,,train
${DATA_ROOT}/clips/8f43b329d7a592743867.wav,spoof,hi-en,707034,mucs2021,xtts_v2,channel_g711_20db,,train
${DATA_ROOT}/clips/92aa9c6dd26b5f90e3ba.wav,spoof,hi-en,126393,mucs2021,xtts_v2,channel_g711_20db,,train
${DATA_ROOT}/clips/f44f7ba7a0b0b0223dd5.wav,spoof,hi-en,201350,mucs2021,xtts_v2,channel_g711_20db,,train
${DATA_ROOT}/clips/dce31fb40232273cdd14.wav,spoof,hi-en,342352,mucs2021,xtts_v2,channel_g711_20db,,train
${DATA_ROOT}/clips/7842747f8c4778d021c5.wav,spoof,hi-en,350956,mucs2021,xtts_v2,channel_g711_20db,,train
${DATA_ROOT}/clips/8ca5b5eb273155e7674c.wav,spoof,hi-en,433148,mucs2021,xtts_v2,channel_g711_20db,,train
${DATA_ROOT}/clips/ad086d99ea8786dde960.wav,spoof,hi-en,491095,mucs2021,xtts_v2,channel_g711_20db,,train
${DATA_ROOT}/clips/27bdabccceb720841661.wav,spoof,hi-en,702146,mucs2021,xtts_v2,channel_g711_20db,,train
${DATA_ROOT}/clips/e8ab0ec13548048cdec3.wav,spoof,hi-en,707034,mucs2021,xtts_v2,channel_g711_20db,,train
${DATA_ROOT}/clips/406bbc928561a76e7cb0.wav,spoof,hi-en,126393,mucs2021,xtts_v2,channel_g711_20db,,train
${DATA_ROOT}/clips/3b4f9489bc710a0121fe.wav,spoof,hi-en,201350,mucs2021,xtts_v2,channel_g711_20db,,train
${DATA_ROOT}/clips/cf13393fe01a42ed578b.wav,spoof,hi-en,342352,mucs2021,xtts_v2,channel_g711_20db,,train
${DATA_ROOT}/clips/42d648ff1150f13ce3aa.wav,spoof,hi-en,350956,mucs2021,xtts_v2,channel_g711_20db,,train
${DATA_ROOT}/clips/39b278751d03425e42e6.wav,spoof,hi-en,433148,mucs2021,xtts_v2,channel_g711_20db,,train
${DATA_ROOT}/clips/82152cee672446b84b3f.wav,spoof,hi-en,491095,mucs2021,xtts_v2,channel_g711_20db,,train
${DATA_ROOT}/clips/fdaac46aee35c763c59c.wav,spoof,hi-en,702146,mucs2021,xtts_v2,channel_g711_20db,,train
${DATA_ROOT}/clips/e0a61bdb1bb6b5c436d1.wav,spoof,hi-en,707034,mucs2021,xtts_v2,channel_g711_20db,,train
${DATA_ROOT}/clips/592cd8437cc716033bbb.wav,spoof,hi-en,126393,mucs2021,xtts_v2,channel_g711_20db,,train
${DATA_ROOT}/clips/bc1e791f860a18954029.wav,spoof,hi-en,201350,mucs2021,xtts_v2,channel_g711_20db,,train
${DATA_ROOT}/clips/35ee9e04fa2700ea0462.wav,spoof,hi-en,342352,mucs2021,xtts_v2,channel_g711_20db,,train
${DATA_ROOT}/clips/d74480a3d16635abffce.wav,spoof,hi-en,350956,mucs2021,xtts_v2,channel_g711_20db,,train
${DATA_ROOT}/clips/17e52370166e9ded9e96.wav,spoof,hi-en,433148,mucs2021,xtts_v2,channel_g711_20db,,train
${DATA_ROOT}/clips/dbcc17fca43bd0a4a931.wav,spoof,hi-en,491095,mucs2021,xtts_v2,channel_g711_20db,,train
${DATA_ROOT}/clips/56704c64181eb96e9123.wav,spoof,hi-en,702146,mucs2021,xtts_v2,channel_g711_20db,,train
${DATA_ROOT}/clips/1e8db01b09bd2b2579da.wav,spoof,hi-en,707034,mucs2021,xtts_v2,channel_g711_20db,,train
${DATA_ROOT}/clips/ca08b228165f4c49ae84.wav,spoof,hi-en,126393,mucs2021,xtts_v2,channel_g711_20db,,train
${DATA_ROOT}/clips/066d93dc1867322545e8.wav,spoof,hi-en,201350,mucs2021,xtts_v2,channel_g711_20db,,train
${DATA_ROOT}/clips/0ab601f8709a3c9e7ba5.wav,spoof,hi-en,342352,mucs2021,xtts_v2,channel_g711_20db,,train
${DATA_ROOT}/clips/4cc44a1e9074dd614787.wav,spoof,hi-en,350956,mucs2021,xtts_v2,channel_g711_20db,,train
${DATA_ROOT}/clips/07835a45b0157801f71f.wav,spoof,hi-en,433148,mucs2021,xtts_v2,channel_g711_20db,,train
${DATA_ROOT}/clips/2d10defc74e299dc8798.wav,spoof,hi-en,491095,mucs2021,xtts_v2,channel_g711_20db,,train
${DATA_ROOT}/clips/f66deabc5c821dc113e5.wav,spoof,hi-en,702146,mucs2021,xtts_v2,channel_g711_20db,,train
${DATA_ROOT}/clips/33466759e205652fe508.wav,spoof,hi-en,707034,mucs2021,xtts_v2,channel_g711_20db,,train
${DATA_ROOT}/clips/cdb960be57eb4054d938.wav,spoof,hi-en,126393,mucs2021,xtts_v2,channel_g711_20db,,train
${DATA_ROOT}/clips/a018c5db704ae3c8d007.wav,spoof,hi-en,201350,mucs2021,xtts_v2,channel_g711_20db,,train
${DATA_ROOT}/clips/bcc14cb885094a8dd7e8.wav,spoof,hi-en,342352,mucs2021,xtts_v2,channel_g711_20db,,train
${DATA_ROOT}/clips/273afe850029e44292b5.wav,spoof,hi-en,350956,mucs2021,xtts_v2,channel_g711_20db,,train
${DATA_ROOT}/clips/24f169ae0d0d57f34ef1.wav,spoof,hi-en,433148,mucs2021,xtts_v2,channel_g711_20db,,train
${DATA_ROOT}/clips/86c1c381be5c434b8c6b.wav,spoof,hi-en,491095,mucs2021,xtts_v2,channel_g711_20db,,train
${DATA_ROOT}/clips/014e1506d96faf9b0c81.wav,spoof,hi-en,702146,mucs2021,xtts_v2,channel_g711_20db,,train
${DATA_ROOT}/clips/ff4357bdd1f7b471e2bc.wav,spoof,hi-en,707034,mucs2021,xtts_v2,channel_g711_20db,,train
${DATA_ROOT}/clips/27fe9020f310a7d0f264.wav,spoof,hi-en,126393,mucs2021,xtts_v2,channel_g711_20db,,train
${DATA_ROOT}/clips/852c0185d47f2bdc06fa.wav,spoof,hi-en,201350,mucs2021,xtts_v2,channel_g711_20db,,train
${DATA_ROOT}/clips/415bf9a9a970a9e49f39.wav,spoof,hi-en,342352,mucs2021,xtts_v2,channel_g711_20db,,train
${DATA_ROOT}/clips/4af359c71a9873f131eb.wav,spoof,hi-en,350956,mucs2021,xtts_v2,channel_g711_20db,,train
${DATA_ROOT}/clips/3da0d71fa6b0656a4cc8.wav,spoof,hi-en,433148,mucs2021,xtts_v2,channel_g711_20db,,train
${DATA_ROOT}/clips/d2cba97279d9783576b7.wav,spoof,hi-en,491095,mucs2021,xtts_v2,channel_g711_20db,,train
${DATA_ROOT}/clips/9780a985537b3a5c9102.wav,spoof,hi-en,702146,mucs2021,xtts_v2,channel_g711_20db,,train
${DATA_ROOT}/clips/d60806403d24c9034027.wav,spoof,hi-en,707034,mucs2021,xtts_v2,channel_g711_20db,,train
${DATA_ROOT}/clips/4af66f4dd77c74c92adf.wav,spoof,hi-en,126393,mucs2021,xtts_v2,channel_g711_20db,,train
${DATA_ROOT}/clips/60ec7256bc2b339ea1e8.wav,spoof,hi-en,201350,mucs2021,xtts_v2,channel_g711_20db,,train
${DATA_ROOT}/clips/1db051cf2a7239027c4c.wav,spoof,hi-en,342352,mucs2021,xtts_v2,channel_g711_20db,,train
${DATA_ROOT}/clips/1ec2d0772fd433db347f.wav,spoof,hi-en,350956,mucs2021,xtts_v2,channel_g711_20db,,train
${DATA_ROOT}/clips/fe67c2471a97108f8724.wav,spoof,hi-en,433148,mucs2021,xtts_v2,channel_g711_20db,,train
${DATA_ROOT}/clips/25e284499f2ba2119966.wav,spoof,hi-en,491095,mucs2021,xtts_v2,channel_g711_20db,,train
${DATA_ROOT}/clips/55e6a2c80b3e77959b46.wav,spoof,hi-en,702146,mucs2021,xtts_v2,channel_g711_20db,,train
${DATA_ROOT}/clips/993292485f406cf279c2.wav,spoof,hi-en,707034,mucs2021,xtts_v2,channel_g711_20db,,train
${DATA_ROOT}/clips/d8a015178f1b33330801.wav,spoof,hi-en,126393,mucs2021,xtts_v2,channel_g711_20db,,train
${DATA_ROOT}/clips/badc9dfcf4d9b7d6f8fe.wav,spoof,hi-en,201350,mucs2021,xtts_v2,channel_g711_20db,,train
${DATA_ROOT}/clips/a428f02da9b69ae3ade6.wav,spoof,hi-en,342352,mucs2021,xtts_v2,channel_g711_20db,,train
${DATA_ROOT}/clips/d3fba6c2fc176c21be2a.wav,spoof,hi-en,350956,mucs2021,xtts_v2,channel_g711_20db,,train
${DATA_ROOT}/clips/c4dfbc8a23013fb4c9a2.wav,spoof,hi-en,433148,mucs2021,xtts_v2,channel_g711_20db,,train
${DATA_ROOT}/clips/eb7274e0b3779e6222b4.wav,spoof,hi-en,491095,mucs2021,xtts_v2,channel_g711_20db,,train
${DATA_ROOT}/clips/1294907b6069355d0b80.wav,spoof,hi-en,702146,mucs2021,xtts_v2,channel_g711_20db,,train
${DATA_ROOT}/clips/0d2823bc7aae5bc5f82e.wav,spoof,hi-en,707034,mucs2021,xtts_v2,channel_g711_20db,,train
${DATA_ROOT}/clips/d72117eca81ff1d19199.wav,spoof,hi-en,126393,mucs2021,xtts_v2,channel_g711_20db,,train
${DATA_ROOT}/clips/1b280ec67db956f9e2ef.wav,spoof,hi-en,201350,mucs2021,xtts_v2,channel_g711_20db,,train
${DATA_ROOT}/clips/85c7a3daa4e9aaeb14b0.wav,spoof,hi-en,342352,mucs2021,xtts_v2,channel_g711_20db,,train
${DATA_ROOT}/clips/fff63093f4b12f54a638.wav,spoof,hi-en,350956,mucs2021,xtts_v2,channel_g711_20db,,train
${DATA_ROOT}/clips/3ba2d97a4c2a859aee71.wav,spoof,hi-en,433148,mucs2021,xtts_v2,channel_g711_20db,,train
${DATA_ROOT}/clips/a033018b2056d2762311.wav,spoof,hi-en,491095,mucs2021,xtts_v2,channel_g711_20db,,train
${DATA_ROOT}/clips/8f6d962745fe86edd0a2.wav,spoof,hi-en,702146,mucs2021,xtts_v2,channel_g711_20db,,train
${DATA_ROOT}/clips/7b4a7978b101b6e8a7cd.wav,spoof,hi-en,707034,mucs2021,xtts_v2,channel_g711_20db,,train
${DATA_ROOT}/clips/5d6ec071056e56ccf362.wav,spoof,hi-en,126393,mucs2021,xtts_v2,channel_g711_20db,,train
${DATA_ROOT}/clips/e2425137914d6a6ee002.wav,spoof,hi-en,201350,mucs2021,xtts_v2,channel_g711_20db,,train
${DATA_ROOT}/clips/9260afc667ba728ea1ba.wav,spoof,hi-en,342352,mucs2021,xtts_v2,channel_g711_20db,,train
${DATA_ROOT}/clips/bd0984334aa9784df668.wav,spoof,hi-en,350956,mucs2021,xtts_v2,channel_g711_20db,,train
${DATA_ROOT}/clips/0bf12c1112ebe09ce0e2.wav,spoof,hi-en,433148,mucs2021,xtts_v2,channel_g711_20db,,train
${DATA_ROOT}/clips/0bc9aa6da6b84ea78d64.wav,spoof,hi-en,491095,mucs2021,xtts_v2,channel_g711_20db,,train
${DATA_ROOT}/clips/7370e53ab203c36d5c56.wav,spoof,hi-en,702146,mucs2021,xtts_v2,channel_g711_20db,,train
${DATA_ROOT}/clips/f16babb26a2a9e03b0e0.wav,spoof,hi-en,707034,mucs2021,xtts_v2,channel_g711_20db,,train
${DATA_ROOT}/clips/556fe196360cd50c6375.wav,spoof,hi-en,126393,mucs2021,xtts_v2,channel_g711_20db,,train
${DATA_ROOT}/clips/41aea9b2d64fcb1118e6.wav,spoof,hi-en,201350,mucs2021,xtts_v2,channel_g711_20db,,train
${DATA_ROOT}/clips/dec3450637ab1a078c2d.wav,spoof,hi-en,342352,mucs2021,xtts_v2,channel_g711_20db,,train
${DATA_ROOT}/clips/51f6c3499f400f02b6fd.wav,spoof,hi-en,350956,mucs2021,xtts_v2,channel_g711_20db,,train
${DATA_ROOT}/clips/a6ee160df598b7f14b1b.wav,spoof,hi-en,433148,mucs2021,xtts_v2,channel_g711_20db,,train
${DATA_ROOT}/clips/e79fb44310dcc3bbbfce.wav,spoof,hi-en,491095,mucs2021,xtts_v2,channel_g711_20db,,train
${DATA_ROOT}/clips/6df3311419b622950260.wav,spoof,hi-en,702146,mucs2021,xtts_v2,channel_g711_20db,,train
${DATA_ROOT}/clips/786e8c2f96ce628efe04.wav,spoof,hi-en,707034,mucs2021,xtts_v2,channel_g711_20db,,train
${DATA_ROOT}/clips/1c4a40c046c53b59562d.wav,spoof,hi-en,126393,mucs2021,xtts_v2,channel_g711_20db,,train
${DATA_ROOT}/clips/1dbd5a124ee17f19dcb2.wav,spoof,hi-en,201350,mucs2021,xtts_v2,channel_g711_20db,,train
${DATA_ROOT}/clips/9ffd5086213b6905a588.wav,spoof,hi-en,342352,mucs2021,xtts_v2,channel_g711_20db,,train
${DATA_ROOT}/clips/6509e6321b2f8b52accd.wav,spoof,hi-en,350956,mucs2021,xtts_v2,channel_g711_20db,,train
${DATA_ROOT}/clips/c06c1f61d42253591fc6.wav,spoof,hi-en,433148,mucs2021,xtts_v2,channel_g711_20db,,train
${DATA_ROOT}/clips/a409765e4ff29505fb8e.wav,spoof,hi-en,491095,mucs2021,xtts_v2,channel_g711_20db,,train
${DATA_ROOT}/clips/5391b017c7f727ac2438.wav,spoof,hi-en,702146,mucs2021,xtts_v2,channel_g711_20db,,train
${DATA_ROOT}/clips/13b7e413cb7d8fe66327.wav,spoof,hi-en,707034,mucs2021,xtts_v2,channel_g711_20db,,train
${DATA_ROOT}/clips/1f13ad53ce0299832535.wav,spoof,hi-en,126393,mucs2021,xtts_v2,channel_g711_20db,,train
${DATA_ROOT}/clips/35ee903c9d6c7ec99e21.wav,spoof,hi-en,201350,mucs2021,xtts_v2,channel_g711_20db,,train
${DATA_ROOT}/clips/2a3604bc13f375f3b438.wav,spoof,hi-en,342352,mucs2021,xtts_v2,channel_g711_20db,,train
${DATA_ROOT}/clips/88e288cd2cf79b9dc661.wav,spoof,hi-en,350956,mucs2021,xtts_v2,channel_g711_20db,,train
${DATA_ROOT}/clips/bf9c4ca404adbbbd2c54.wav,spoof,hi-en,433148,mucs2021,xtts_v2,channel_g711_20db,,train
${DATA_ROOT}/clips/ce5a40cd02d3a02ae175.wav,spoof,hi-en,491095,mucs2021,xtts_v2,channel_g711_20db,,train
${DATA_ROOT}/clips/8bd16310666b5d04fd67.wav,spoof,hi-en,702146,mucs2021,xtts_v2,channel_g711_20db,,train
${DATA_ROOT}/clips/9db74e0ddef61040d07c.wav,spoof,hi-en,707034,mucs2021,xtts_v2,channel_g711_20db,,train
${DATA_ROOT}/clips/1a0ebcccb6311a7b3822.wav,spoof,hi-en,126393,mucs2021,xtts_v2,channel_g711_20db,,train
${DATA_ROOT}/clips/5c1d9e60de6163078c7b.wav,spoof,hi-en,201350,mucs2021,xtts_v2,channel_g711_20db,,train
${DATA_ROOT}/clips/b73498f2dd2a945b83dc.wav,spoof,hi-en,342352,mucs2021,xtts_v2,channel_g711_20db,,train
${DATA_ROOT}/clips/8a9aa6c356c3d2bd390c.wav,spoof,hi-en,350956,mucs2021,xtts_v2,channel_g711_20db,,train
${DATA_ROOT}/clips/fbdcde6d4ed19b735a40.wav,spoof,hi-en,433148,mucs2021,xtts_v2,channel_g711_20db,,train
${DATA_ROOT}/clips/67b12a929a083507d64a.wav,spoof,hi-en,491095,mucs2021,xtts_v2,channel_g711_20db,,train
${DATA_ROOT}/clips/50659f1c8b09ce27557a.wav,spoof,hi-en,702146,mucs2021,xtts_v2,channel_g711_20db,,train
${DATA_ROOT}/clips/5c23ed9d23f785f55e71.wav,spoof,hi-en,707034,mucs2021,xtts_v2,channel_g711_20db,,train
${DATA_ROOT}/clips/936cc137d1b4c0a23846.wav,spoof,hi-en,126393,mucs2021,xtts_v2,channel_g711_20db,,train
${DATA_ROOT}/clips/8146b20788a5dbe88919.wav,spoof,hi-en,201350,mucs2021,xtts_v2,channel_g711_20db,,train
${DATA_ROOT}/clips/33a08b9ca82c202d7737.wav,spoof,hi-en,342352,mucs2021,xtts_v2,channel_g711_20db,,train
${DATA_ROOT}/clips/769afaec469ed1347a3f.wav,spoof,hi-en,350956,mucs2021,xtts_v2,channel_g711_20db,,train
${DATA_ROOT}/clips/e03c4ecdb57ac8083798.wav,spoof,hi-en,433148,mucs2021,xtts_v2,channel_g711_20db,,train
${DATA_ROOT}/clips/9e7437028d9a296c1f4c.wav,spoof,hi-en,491095,mucs2021,xtts_v2,channel_g711_20db,,train
${DATA_ROOT}/clips/af0bd24e613fed29dabe.wav,spoof,hi-en,702146,mucs2021,xtts_v2,channel_g711_20db,,train
${DATA_ROOT}/clips/26f2abc3246863d2d303.wav,spoof,hi-en,707034,mucs2021,xtts_v2,channel_g711_20db,,train
${DATA_ROOT}/clips/bb5aa3fce286dc6c17e5.wav,spoof,hi-en,126393,mucs2021,xtts_v2,channel_g711_20db,,train
${DATA_ROOT}/clips/5d64219115b9a0678f33.wav,spoof,hi-en,201350,mucs2021,xtts_v2,channel_g711_20db,,train
${DATA_ROOT}/clips/38e164d4a2804bd27749.wav,spoof,hi-en,342352,mucs2021,xtts_v2,channel_g711_20db,,train
${DATA_ROOT}/clips/7c25efe53245979a1646.wav,spoof,hi-en,350956,mucs2021,xtts_v2,channel_g711_20db,,train
${DATA_ROOT}/clips/c39b70877b3b6372a748.wav,spoof,hi-en,433148,mucs2021,xtts_v2,channel_g711_20db,,train
${DATA_ROOT}/clips/695a4b610d14c617a838.wav,spoof,hi-en,491095,mucs2021,xtts_v2,channel_g711_20db,,train
${DATA_ROOT}/clips/9b6fe7cab35f7d4e36f8.wav,spoof,hi-en,702146,mucs2021,xtts_v2,channel_g711_20db,,train
${DATA_ROOT}/clips/4d32a056b197554f51ec.wav,spoof,hi-en,707034,mucs2021,xtts_v2,channel_g711_20db,,train
${DATA_ROOT}/clips/1dc2d47afa61d420ec87.wav,spoof,hi-en,126393,mucs2021,xtts_v2,channel_g711_20db,,train
${DATA_ROOT}/clips/2bbb67bdc893c4ce1382.wav,spoof,hi-en,201350,mucs2021,xtts_v2,channel_g711_20db,,train
${DATA_ROOT}/clips/ee9ec699fbaf8462a1ef.wav,spoof,hi-en,342352,mucs2021,xtts_v2,channel_g711_20db,,train
${DATA_ROOT}/clips/33b3e25d0cf937c1f534.wav,spoof,hi-en,350956,mucs2021,xtts_v2,channel_g711_20db,,train
${DATA_ROOT}/clips/baea2077b55752473abb.wav,spoof,hi-en,433148,mucs2021,xtts_v2,channel_g711_20db,,train
${DATA_ROOT}/clips/c70aedf81124e7f418ca.wav,spoof,hi-en,491095,mucs2021,xtts_v2,channel_g711_20db,,train
${DATA_ROOT}/clips/f4b3a11ab6b82b8d302d.wav,spoof,hi-en,702146,mucs2021,xtts_v2,channel_g711_20db,,train
${DATA_ROOT}/clips/29cf4f1888086318bee4.wav,spoof,hi-en,707034,mucs2021,xtts_v2,channel_g711_20db,,train
${DATA_ROOT}/clips/d9b24ac486947bb657d7.wav,spoof,hi-en,126393,mucs2021,xtts_v2,channel_g711_20db,,train
${DATA_ROOT}/clips/fc5c66a2cc2369731c9c.wav,spoof,hi-en,201350,mucs2021,xtts_v2,channel_g711_20db,,train
${DATA_ROOT}/clips/f5930033b50e82ff79fa.wav,spoof,hi-en,342352,mucs2021,xtts_v2,channel_g711_20db,,train
${DATA_ROOT}/clips/1ba3b12aff2d0b1e382e.wav,spoof,hi-en,350956,mucs2021,xtts_v2,channel_g711_20db,,train
${DATA_ROOT}/clips/9e574e1d196b97bef87f.wav,spoof,hi-en,433148,mucs2021,xtts_v2,channel_g711_20db,,train
${DATA_ROOT}/clips/def490523fad6572e724.wav,spoof,hi-en,491095,mucs2021,xtts_v2,channel_g711_20db,,train
${DATA_ROOT}/clips/5b1dc088ca4e42a5227a.wav,spoof,hi-en,702146,mucs2021,xtts_v2,channel_g711_20db,,train
${DATA_ROOT}/clips/59cd574f22156c917f63.wav,spoof,hi-en,707034,mucs2021,xtts_v2,channel_g711_20db,,train
${DATA_ROOT}/clips/e7cd31b210b898ace70d.wav,spoof,hi-en,126393,mucs2021,xtts_v2,channel_g711_20db,,train
${DATA_ROOT}/clips/7447770108ac168ef217.wav,spoof,hi-en,201350,mucs2021,xtts_v2,channel_g711_20db,,train
${DATA_ROOT}/clips/2be1f32dd75589aa7e0d.wav,spoof,hi-en,342352,mucs2021,xtts_v2,channel_g711_20db,,train
${DATA_ROOT}/clips/2f5266a5e7734281078e.wav,spoof,hi-en,350956,mucs2021,xtts_v2,channel_g711_20db,,train
${DATA_ROOT}/clips/061ac308566d388adb1b.wav,spoof,hi-en,433148,mucs2021,xtts_v2,channel_g711_20db,,train
${DATA_ROOT}/clips/58934845cb5781063922.wav,spoof,hi-en,491095,mucs2021,xtts_v2,channel_g711_20db,,train
${DATA_ROOT}/clips/f36dfcf8be61eaa6a429.wav,spoof,hi-en,702146,mucs2021,xtts_v2,channel_g711_20db,,train
${DATA_ROOT}/clips/20c8f612e45ada23f3b7.wav,spoof,hi-en,707034,mucs2021,xtts_v2,channel_g711_20db,,train
${DATA_ROOT}/clips/48b530c1b3486217d5f0.wav,spoof,hi-en,126393,mucs2021,xtts_v2,channel_g711_20db,,train
${DATA_ROOT}/clips/86d450ad392f3f83d825.wav,spoof,hi-en,201350,mucs2021,xtts_v2,channel_g711_20db,,train
${DATA_ROOT}/clips/9c5d86e040b081a19f3b.wav,spoof,hi-en,342352,mucs2021,xtts_v2,channel_g711_20db,,train
${DATA_ROOT}/clips/fbaaebb081949fa19e29.wav,spoof,hi-en,350956,mucs2021,xtts_v2,channel_g711_20db,,train
${DATA_ROOT}/clips/7b3a0a1f4947a0e615d2.wav,spoof,hi-en,433148,mucs2021,xtts_v2,channel_g711_20db,,train
${DATA_ROOT}/clips/efed112e146c5caac361.wav,spoof,hi-en,491095,mucs2021,xtts_v2,channel_g711_20db,,train
${DATA_ROOT}/clips/1ff41761a6d05b1f8c50.wav,spoof,hi-en,702146,mucs2021,xtts_v2,channel_g711_20db,,train
${DATA_ROOT}/clips/e557c4e3058a6eceef9b.wav,spoof,hi-en,707034,mucs2021,xtts_v2,channel_g711_20db,,train
${DATA_ROOT}/clips/d65b6c2a5927573cc883.wav,spoof,hi-en,126393,mucs2021,xtts_v2,channel_g711_20db,,train
${DATA_ROOT}/clips/4e65107c708ea55317b4.wav,spoof,hi-en,201350,mucs2021,xtts_v2,channel_g711_20db,,train
${DATA_ROOT}/clips/bd13d167153eebf06f41.wav,spoof,hi-en,342352,mucs2021,xtts_v2,channel_g711_20db,,train
${DATA_ROOT}/clips/d5b86ea12ff35809b396.wav,spoof,hi-en,350956,mucs2021,xtts_v2,channel_g711_20db,,train
${DATA_ROOT}/clips/ce71374fc72448f22d75.wav,spoof,hi-en,433148,mucs2021,xtts_v2,channel_g711_20db,,train
${DATA_ROOT}/clips/c33e8d95f20d6fb95cb6.wav,spoof,hi-en,491095,mucs2021,xtts_v2,channel_g711_20db,,train
${DATA_ROOT}/clips/852eec651bd75e786407.wav,spoof,hi-en,702146,mucs2021,xtts_v2,channel_g711_20db,,train
${DATA_ROOT}/clips/dfde483497acc9a44b2c.wav,spoof,hi-en,707034,mucs2021,xtts_v2,channel_g711_20db,,train
${DATA_ROOT}/clips/4e612cd97fb7fe03f78e.wav,spoof,hi-en,126393,mucs2021,xtts_v2,channel_g711_20db,,train
${DATA_ROOT}/clips/0e95a29752ebd7065c66.wav,spoof,hi-en,201350,mucs2021,xtts_v2,channel_g711_20db,,train
${DATA_ROOT}/clips/4d3404d875845c125b9c.wav,spoof,hi-en,342352,mucs2021,xtts_v2,channel_g711_20db,,train
${DATA_ROOT}/clips/316133e9df9dc709592a.wav,spoof,hi-en,350956,mucs2021,xtts_v2,channel_g711_20db,,train
${DATA_ROOT}/clips/f77376575e933960985a.wav,spoof,hi-en,433148,mucs2021,xtts_v2,channel_g711_20db,,train
${DATA_ROOT}/clips/1b42e8a711725d9a7d9d.wav,spoof,hi-en,491095,mucs2021,xtts_v2,channel_g711_20db,,train
${DATA_ROOT}/clips/e5c737acfcfbb771bbc2.wav,spoof,hi-en,702146,mucs2021,xtts_v2,channel_g711_20db,,train
${DATA_ROOT}/clips/a69cdeaa0a087fcd005b.wav,spoof,hi-en,707034,mucs2021,xtts_v2,channel_g711_20db,,train
${DATA_ROOT}/clips/44406374e3f9e0e87652.wav,spoof,hi-en,126393,mucs2021,xtts_v2,channel_g711_20db,,train
${DATA_ROOT}/clips/a9d2a61ab5aedb262903.wav,spoof,hi-en,201350,mucs2021,xtts_v2,channel_g711_20db,,train
${DATA_ROOT}/clips/d1f5182351cba71e32ff.wav,spoof,hi-en,342352,mucs2021,xtts_v2,channel_g711_20db,,train
${DATA_ROOT}/clips/a12bdc6f09eb736d40f5.wav,spoof,hi-en,350956,mucs2021,xtts_v2,channel_g711_20db,,train
${DATA_ROOT}/clips/ddb8b6aad4e7969d64fa.wav,spoof,hi-en,433148,mucs2021,xtts_v2,channel_g711_20db,,train
${DATA_ROOT}/clips/d320e42765a461a9bedb.wav,spoof,hi-en,491095,mucs2021,xtts_v2,channel_g711_20db,,train
${DATA_ROOT}/clips/3a0f5349ba98adff6ba2.wav,spoof,hi-en,702146,mucs2021,xtts_v2,channel_g711_20db,,train
${DATA_ROOT}/clips/4997f5447966895723d1.wav,spoof,hi-en,707034,mucs2021,xtts_v2,channel_g711_20db,,train
${DATA_ROOT}/clips/b0d3e60f400421ec09b5.wav,spoof,hi-en,126393,mucs2021,xtts_v2,channel_g711_20db,,train
${DATA_ROOT}/clips/de9eae200b05577f6f1f.wav,spoof,hi-en,201350,mucs2021,xtts_v2,channel_g711_20db,,train
${DATA_ROOT}/clips/5ce0b0d5b24bbbb2ddfd.wav,spoof,hi-en,342352,mucs2021,xtts_v2,channel_g711_20db,,train
${DATA_ROOT}/clips/8752f605e2703f48d2ec.wav,spoof,hi-en,350956,mucs2021,xtts_v2,channel_g711_20db,,train
${DATA_ROOT}/clips/a2dc448b67ce261606e5.wav,spoof,hi-en,433148,mucs2021,xtts_v2,channel_g711_20db,,train
${DATA_ROOT}/clips/b9f70fc800556a287587.wav,spoof,hi-en,491095,mucs2021,xtts_v2,channel_g711_20db,,train
${DATA_ROOT}/clips/c5a6d95ac93bc990682f.wav,spoof,hi-en,702146,mucs2021,xtts_v2,channel_g711_20db,,train
${DATA_ROOT}/clips/d8be896e1511fe978aec.wav,spoof,hi-en,707034,mucs2021,xtts_v2,channel_g711_20db,,train
${DATA_ROOT}/clips/e03775c284e249d2c283.wav,spoof,hi-en,126393,mucs2021,xtts_v2,channel_g711_20db,,train
${DATA_ROOT}/clips/786d009237ff31cf7bee.wav,spoof,hi-en,201350,mucs2021,xtts_v2,channel_g711_20db,,train
${DATA_ROOT}/clips/cbe17beaabad3db06c45.wav,spoof,hi-en,342352,mucs2021,xtts_v2,channel_g711_20db,,train
${DATA_ROOT}/clips/344efda04ce06c1a1c26.wav,spoof,hi-en,350956,mucs2021,xtts_v2,channel_g711_20db,,train
${DATA_ROOT}/clips/70c1631ba97ef00d4b61.wav,spoof,hi-en,433148,mucs2021,xtts_v2,channel_g711_20db,,train
${DATA_ROOT}/clips/2d23cb56d3a28c139e40.wav,spoof,hi-en,491095,mucs2021,xtts_v2,channel_g711_20db,,train
${DATA_ROOT}/clips/b20a0fefcdb7b897c0a2.wav,spoof,hi-en,702146,mucs2021,xtts_v2,channel_g711_20db,,train
${DATA_ROOT}/clips/aeee5b9c09c1656600fc.wav,spoof,hi-en,707034,mucs2021,xtts_v2,channel_g711_20db,,train
${DATA_ROOT}/clips/486887daea540d994ba7.wav,spoof,hi-en,126393,mucs2021,xtts_v2,channel_g711_20db,,train
${DATA_ROOT}/clips/2d39266e6c6947c78d8d.wav,spoof,hi-en,201350,mucs2021,xtts_v2,channel_g711_20db,,train
${DATA_ROOT}/clips/5883aefdecd69164a999.wav,spoof,hi-en,342352,mucs2021,xtts_v2,channel_g711_20db,,train
${DATA_ROOT}/clips/448a806116c59e9d695d.wav,spoof,hi-en,350956,mucs2021,xtts_v2,channel_g711_20db,,train
${DATA_ROOT}/clips/12b48af9872553c9e6cf.wav,spoof,hi-en,433148,mucs2021,xtts_v2,channel_g711_20db,,train
${DATA_ROOT}/clips/38d17a8eaeb4a6942fc3.wav,spoof,hi-en,491095,mucs2021,xtts_v2,channel_g711_20db,,train
${DATA_ROOT}/clips/6516dd3861d470179a32.wav,spoof,hi-en,702146,mucs2021,xtts_v2,channel_g711_20db,,train
${DATA_ROOT}/clips/bf553d3ad03383c944d4.wav,spoof,hi-en,707034,mucs2021,xtts_v2,channel_g711_20db,,train
${DATA_ROOT}/clips/be230bfaf9d32d99e291.wav,spoof,hi-en,126393,mucs2021,xtts_v2,channel_g711_20db,,train
${DATA_ROOT}/clips/7a02d65741f2cbeeb9fb.wav,spoof,hi-en,201350,mucs2021,xtts_v2,channel_g711_20db,,train
${DATA_ROOT}/clips/c3a6b4d677f495544df0.wav,spoof,hi-en,342352,mucs2021,xtts_v2,channel_g711_20db,,train
${DATA_ROOT}/clips/9a5ed51c7f84982f31cb.wav,spoof,hi-en,350956,mucs2021,xtts_v2,channel_g711_20db,,train
${DATA_ROOT}/clips/88f8d926cda87844e77a.wav,spoof,hi-en,433148,mucs2021,xtts_v2,channel_g711_20db,,train
${DATA_ROOT}/clips/eecf527f67743e6e9839.wav,spoof,hi-en,491095,mucs2021,xtts_v2,channel_g711_20db,,train
${DATA_ROOT}/clips/6f443b89a3cc276cae3a.wav,spoof,hi-en,702146,mucs2021,xtts_v2,channel_g711_20db,,train
${DATA_ROOT}/clips/c2710dcd6e7f8cc2cfd1.wav,spoof,hi-en,707034,mucs2021,xtts_v2,channel_g711_20db,,train
${DATA_ROOT}/clips/450adbd563c132b48578.wav,spoof,hi-en,126393,mucs2021,xtts_v2,channel_g711_20db,,train
${DATA_ROOT}/clips/16e6afd7eff79cf1c038.wav,spoof,hi-en,201350,mucs2021,xtts_v2,channel_g711_20db,,train
${DATA_ROOT}/clips/3d73d764cfe3db117d12.wav,spoof,hi-en,342352,mucs2021,xtts_v2,channel_g711_20db,,train
${DATA_ROOT}/clips/dbaa6968949495c8ce46.wav,spoof,hi-en,350956,mucs2021,xtts_v2,channel_g711_20db,,train
${DATA_ROOT}/clips/b91167e441ed3b3cd2a1.wav,spoof,hi-en,433148,mucs2021,xtts_v2,channel_g711_20db,,train
${DATA_ROOT}/clips/38b205c52b430260ce54.wav,spoof,hi-en,491095,mucs2021,xtts_v2,channel_g711_20db,,train
${DATA_ROOT}/clips/a5e376f335ccccdce028.wav,spoof,hi-en,702146,mucs2021,xtts_v2,channel_g711_20db,,train
${DATA_ROOT}/clips/8fea0580e9099cb774f8.wav,spoof,hi-en,707034,mucs2021,xtts_v2,channel_g711_20db,,train
${DATA_ROOT}/clips/e5ecf962d24208501a67.wav,spoof,hi-en,126393,mucs2021,xtts_v2,channel_g711_20db,,train
${DATA_ROOT}/clips/a9f9ca480884530e8039.wav,spoof,hi-en,201350,mucs2021,xtts_v2,channel_g711_20db,,train
${DATA_ROOT}/clips/c56c2e828fcf98b1284b.wav,spoof,hi-en,342352,mucs2021,xtts_v2,channel_g711_20db,,train
${DATA_ROOT}/clips/bfb6bc35e1a4731c7d6f.wav,spoof,hi-en,350956,mucs2021,xtts_v2,channel_g711_20db,,train
${DATA_ROOT}/clips/11993f25bf573493e901.wav,spoof,hi-en,433148,mucs2021,xtts_v2,channel_g711_20db,,train
${DATA_ROOT}/clips/bac0c753752ea63f8230.wav,spoof,hi-en,491095,mucs2021,xtts_v2,channel_g711_20db,,train
${DATA_ROOT}/clips/78c7ebf3051d0cdd90c8.wav,spoof,hi-en,702146,mucs2021,xtts_v2,channel_g711_20db,,train
${DATA_ROOT}/clips/6fa03a490cee4ef9e3e8.wav,spoof,hi-en,707034,mucs2021,xtts_v2,channel_g711_20db,,train
${DATA_ROOT}/clips/076e246e1f6ef8073054.wav,spoof,hi-en,126393,mucs2021,xtts_v2,channel_g711_20db,,train
${DATA_ROOT}/clips/f21820236f6ce5a101b0.wav,spoof,hi-en,201350,mucs2021,xtts_v2,channel_g711_20db,,train
${DATA_ROOT}/clips/5444ad00623df68c5663.wav,spoof,hi-en,342352,mucs2021,xtts_v2,channel_g711_20db,,train
${DATA_ROOT}/clips/e215e22acfae9aff8047.wav,spoof,hi-en,350956,mucs2021,xtts_v2,channel_g711_20db,,train
${DATA_ROOT}/clips/b2a7015493f307fd0331.wav,spoof,hi-en,433148,mucs2021,xtts_v2,channel_g711_20db,,train
${DATA_ROOT}/clips/4f73153e8d1541ef6f89.wav,spoof,hi-en,491095,mucs2021,xtts_v2,channel_g711_20db,,train
${DATA_ROOT}/clips/0e8baebf47538178a927.wav,spoof,hi-en,702146,mucs2021,xtts_v2,channel_g711_20db,,train
${DATA_ROOT}/clips/51e43a888e9a48ff7ded.wav,spoof,hi-en,707034,mucs2021,xtts_v2,channel_g711_20db,,train
${DATA_ROOT}/clips/c9d8981c786f80b9d177.wav,spoof,hi-en,126393,mucs2021,xtts_v2,channel_g711_20db,,train
${DATA_ROOT}/clips/11a8fd206a56439fa192.wav,spoof,hi-en,201350,mucs2021,xtts_v2,channel_g711_20db,,train
${DATA_ROOT}/clips/913b47dd2918b087cfe8.wav,spoof,hi-en,342352,mucs2021,xtts_v2,channel_g711_20db,,train
${DATA_ROOT}/clips/039a0da964c7b27c4b68.wav,spoof,hi-en,350956,mucs2021,xtts_v2,channel_g711_20db,,train
${DATA_ROOT}/clips/68c3db87a153a3524b7e.wav,spoof,hi-en,433148,mucs2021,xtts_v2,channel_g711_20db,,train
${DATA_ROOT}/clips/708e42896ac0bdaf1693.wav,spoof,hi-en,491095,mucs2021,xtts_v2,channel_g711_20db,,train
${DATA_ROOT}/clips/2e130074774eb9e79f18.wav,spoof,hi-en,702146,mucs2021,xtts_v2,channel_g711_20db,,train
${DATA_ROOT}/clips/13311c80d9c16dc42c34.wav,spoof,hi-en,707034,mucs2021,xtts_v2,channel_g711_20db,,train
${DATA_ROOT}/clips/5f254ebfd37d393d826a.wav,spoof,hi-en,126393,mucs2021,xtts_v2,channel_g711_20db,,train
${DATA_ROOT}/clips/c1af0c83e1b8d0656f4d.wav,spoof,hi-en,201350,mucs2021,xtts_v2,channel_g711_20db,,train
${DATA_ROOT}/clips/44b7c7a679916fee7cdf.wav,spoof,hi-en,342352,mucs2021,xtts_v2,channel_g711_20db,,train
${DATA_ROOT}/clips/e4c7ce53f1263fa6f53a.wav,spoof,hi-en,350956,mucs2021,xtts_v2,channel_g711_20db,,train
${DATA_ROOT}/clips/a1c017a8059872fa95e3.wav,spoof,hi-en,433148,mucs2021,xtts_v2,channel_g711_20db,,train
${DATA_ROOT}/clips/9541ec8769e8a120db89.wav,spoof,hi-en,491095,mucs2021,xtts_v2,channel_g711_20db,,train
${DATA_ROOT}/clips/38640896b3cf77f2db2b.wav,spoof,hi-en,702146,mucs2021,xtts_v2,channel_g711_20db,,train
${DATA_ROOT}/clips/2322d59211f78c2098b6.wav,spoof,hi-en,707034,mucs2021,xtts_v2,channel_g711_20db,,train
${DATA_ROOT}/clips/e73a263187c11ea8f777.wav,spoof,hi-en,126393,mucs2021,xtts_v2,channel_g711_20db,,train
${DATA_ROOT}/clips/daf0df26d18a18e35bc9.wav,spoof,hi-en,201350,mucs2021,xtts_v2,channel_g711_20db,,train
${DATA_ROOT}/clips/56a110dac9277f18a87b.wav,spoof,hi-en,342352,mucs2021,xtts_v2,channel_g711_20db,,train
${DATA_ROOT}/clips/fe5a77a6fbecfcaeab49.wav,spoof,hi-en,350956,mucs2021,xtts_v2,channel_g711_20db,,train
${DATA_ROOT}/clips/29a6ba8a4c175d2acae4.wav,spoof,hi-en,433148,mucs2021,xtts_v2,channel_g711_20db,,train
${DATA_ROOT}/clips/1e39258e9870a4751a71.wav,spoof,hi-en,491095,mucs2021,xtts_v2,channel_g711_20db,,train
${DATA_ROOT}/clips/05c6df3e649af350ad58.wav,spoof,hi-en,702146,mucs2021,xtts_v2,channel_g711_20db,,train
${DATA_ROOT}/clips/7103c3f7abe20f878de1.wav,spoof,hi-en,707034,mucs2021,xtts_v2,channel_g711_20db,,train
${DATA_ROOT}/clips/a5297ae52f0c78648d25.wav,spoof,hi-en,126393,mucs2021,xtts_v2,channel_g711_20db,,train
${DATA_ROOT}/clips/4414b7a052b5ae4bbc1c.wav,spoof,hi-en,201350,mucs2021,xtts_v2,channel_g711_20db,,train
${DATA_ROOT}/clips/d143c8e795014b5e5631.wav,spoof,hi-en,342352,mucs2021,xtts_v2,channel_g711_20db,,train
${DATA_ROOT}/clips/65e0182c6a9d8ad22cb4.wav,spoof,hi-en,350956,mucs2021,xtts_v2,channel_g711_20db,,train
${DATA_ROOT}/clips/a1e1c61607cd3fd5a3cc.wav,spoof,hi-en,433148,mucs2021,xtts_v2,channel_g711_20db,,train
${DATA_ROOT}/clips/85fa1c9a5a2007809247.wav,spoof,hi-en,491095,mucs2021,xtts_v2,channel_g711_20db,,train
${DATA_ROOT}/clips/27159525dcbdedcc2ebb.wav,spoof,hi-en,702146,mucs2021,xtts_v2,channel_g711_20db,,train
${DATA_ROOT}/clips/0f7699ca61721a6ca044.wav,spoof,hi-en,707034,mucs2021,xtts_v2,channel_g711_20db,,train
${DATA_ROOT}/clips/92520172c0c48aa2fd0f.wav,spoof,hi-en,126393,mucs2021,xtts_v2,channel_g711_20db,,train
${DATA_ROOT}/clips/bf31758e4397ef874efd.wav,spoof,hi-en,201350,mucs2021,xtts_v2,channel_g711_20db,,train
${DATA_ROOT}/clips/54b233d4f1f843e5483b.wav,spoof,hi-en,342352,mucs2021,xtts_v2,channel_g711_20db,,train
${DATA_ROOT}/clips/b8dbae6af44d7b0aaa54.wav,spoof,hi-en,350956,mucs2021,xtts_v2,channel_g711_20db,,train
${DATA_ROOT}/clips/b52a072b80621d8a9983.wav,spoof,hi-en,433148,mucs2021,xtts_v2,channel_g711_20db,,train
${DATA_ROOT}/clips/be7e79cac10e10103d8f.wav,spoof,hi-en,491095,mucs2021,xtts_v2,channel_g711_20db,,train
${DATA_ROOT}/clips/49657a23fcf7f4c39688.wav,spoof,hi-en,702146,mucs2021,xtts_v2,channel_g711_20db,,train
${DATA_ROOT}/clips/b040c33451c89da10f16.wav,spoof,hi-en,707034,mucs2021,xtts_v2,channel_g711_20db,,train
${DATA_ROOT}/clips/35c190cdfcfaaf522baf.wav,spoof,hi-en,126393,mucs2021,xtts_v2,channel_g711_20db,,train
${DATA_ROOT}/clips/b5925e3b4fd99d404e02.wav,spoof,hi-en,201350,mucs2021,xtts_v2,channel_g711_20db,,train
${DATA_ROOT}/clips/3a386ef27694bb2f2f19.wav,spoof,hi-en,342352,mucs2021,xtts_v2,channel_g711_20db,,train
${DATA_ROOT}/clips/ca34917c1d79c0eab9dc.wav,spoof,hi-en,350956,mucs2021,xtts_v2,channel_g711_20db,,train
${DATA_ROOT}/clips/6579b5b08c4deae9056f.wav,spoof,hi-en,433148,mucs2021,xtts_v2,channel_g711_20db,,train
${DATA_ROOT}/clips/a9e8884e2e1afe41a06e.wav,spoof,hi-en,491095,mucs2021,xtts_v2,channel_g711_20db,,train
${DATA_ROOT}/clips/d4f72d4e3cda1524ab0c.wav,spoof,hi-en,702146,mucs2021,xtts_v2,channel_g711_20db,,train
${DATA_ROOT}/clips/2a089483004498fa68c2.wav,spoof,hi-en,707034,mucs2021,xtts_v2,channel_g711_20db,,train
${DATA_ROOT}/clips/8fe79fb86fc8ad10b795.wav,spoof,hi-en,126393,mucs2021,xtts_v2,channel_g711_20db,,train
${DATA_ROOT}/clips/0652c1ee7c5ecf5d361e.wav,spoof,hi-en,201350,mucs2021,xtts_v2,channel_g711_20db,,train
${DATA_ROOT}/clips/2a26a98882e70b9f462a.wav,spoof,hi-en,342352,mucs2021,xtts_v2,channel_g711_20db,,train
${DATA_ROOT}/clips/339611a2235938c57876.wav,spoof,hi-en,350956,mucs2021,xtts_v2,channel_g711_20db,,train
${DATA_ROOT}/clips/1f84b17279940c31ab80.wav,spoof,hi-en,433148,mucs2021,xtts_v2,channel_g711_20db,,train
${DATA_ROOT}/clips/b39cd5f0cfa063d2ab42.wav,spoof,hi-en,491095,mucs2021,xtts_v2,channel_g711_20db,,train
${DATA_ROOT}/clips/57ae4dfee6a274f05456.wav,spoof,hi-en,702146,mucs2021,xtts_v2,channel_g711_20db,,train
${DATA_ROOT}/clips/fe274885be2bc21a8467.wav,spoof,hi-en,707034,mucs2021,xtts_v2,channel_g711_20db,,train
${DATA_ROOT}/clips/0fec37e8fb6047cf0d77.wav,spoof,hi-en,126393,mucs2021,xtts_v2,channel_g711_20db,,train
${DATA_ROOT}/clips/5ea636d1ef0afd0151de.wav,spoof,hi-en,201350,mucs2021,xtts_v2,channel_g711_20db,,train
${DATA_ROOT}/clips/b8618e41374d58d36324.wav,spoof,hi-en,342352,mucs2021,xtts_v2,channel_g711_20db,,train
${DATA_ROOT}/clips/e29aa1c036469396c07e.wav,spoof,hi-en,350956,mucs2021,xtts_v2,channel_g711_20db,,train
${DATA_ROOT}/clips/81d5be2de7874d4e7347.wav,spoof,hi-en,433148,mucs2021,xtts_v2,channel_g711_20db,,train
${DATA_ROOT}/clips/8095b62803b2925531b5.wav,spoof,hi-en,491095,mucs2021,xtts_v2,channel_g711_20db,,train
${DATA_ROOT}/clips/951dbffa25bb071a0437.wav,spoof,hi-en,702146,mucs2021,xtts_v2,channel_g711_20db,,train
${DATA_ROOT}/clips/66359a6f2be09495af13.wav,spoof,hi-en,707034,mucs2021,xtts_v2,channel_g711_20db,,train
${DATA_ROOT}/clips/c0ca872952790b1d681e.wav,spoof,hi-en,126393,mucs2021,xtts_v2,channel_g711_20db,,train
${DATA_ROOT}/clips/de7f928982035b76f822.wav,spoof,hi-en,201350,mucs2021,xtts_v2,channel_g711_20db,,train
${DATA_ROOT}/clips/5558647f0064f648ee27.wav,spoof,hi-en,342352,mucs2021,xtts_v2,channel_g711_20db,,train
${DATA_ROOT}/clips/5a0c50f43fc10f7d81be.wav,spoof,hi-en,350956,mucs2021,xtts_v2,channel_g711_20db,,train
${DATA_ROOT}/clips/bb2dd4432b940a0fd197.wav,spoof,hi-en,433148,mucs2021,xtts_v2,channel_g711_20db,,train
${DATA_ROOT}/clips/c776b5f021b134d8958a.wav,spoof,hi-en,491095,mucs2021,xtts_v2,channel_g711_20db,,train
${DATA_ROOT}/clips/e0508f3d885a6bbecdb0.wav,spoof,hi-en,702146,mucs2021,xtts_v2,channel_g711_20db,,train
${DATA_ROOT}/clips/c02f24fa2f38612144df.wav,spoof,hi-en,707034,mucs2021,xtts_v2,channel_g711_20db,,train
${DATA_ROOT}/clips/cbfcae640811ca223d8e.wav,spoof,hi-en,126393,mucs2021,xtts_v2,channel_g711_20db,,train
${DATA_ROOT}/clips/114e0c0198b2446eb5cf.wav,spoof,hi-en,201350,mucs2021,xtts_v2,channel_g711_20db,,train
${DATA_ROOT}/clips/4715fd6aa03dbf48be42.wav,spoof,hi-en,342352,mucs2021,xtts_v2,channel_g711_20db,,train
${DATA_ROOT}/clips/844027433d2618ed5c90.wav,spoof,hi-en,350956,mucs2021,xtts_v2,channel_g711_20db,,train
${DATA_ROOT}/clips/60c44dfc0d6bd15f8501.wav,spoof,hi-en,433148,mucs2021,xtts_v2,channel_g711_20db,,train
${DATA_ROOT}/clips/3a3e19aba032b95d2221.wav,spoof,hi-en,491095,mucs2021,xtts_v2,channel_g711_20db,,train
${DATA_ROOT}/clips/c312035b5f6683a3f12b.wav,spoof,hi-en,702146,mucs2021,xtts_v2,channel_g711_20db,,train
${DATA_ROOT}/clips/01f8642532e7fcee9db1.wav,spoof,hi-en,707034,mucs2021,xtts_v2,channel_g711_20db,,train
${DATA_ROOT}/clips/c85d1ea772c04212f8e5.wav,spoof,hi-en,126393,mucs2021,xtts_v2,channel_g711_20db,,train
${DATA_ROOT}/clips/72c8a22c624644e4faae.wav,spoof,hi-en,201350,mucs2021,xtts_v2,channel_g711_20db,,train
${DATA_ROOT}/clips/62c80fdf32eddf356715.wav,spoof,hi-en,342352,mucs2021,xtts_v2,channel_g711_20db,,train
${DATA_ROOT}/clips/63a4b12e5cbb4ff6d771.wav,spoof,hi-en,350956,mucs2021,xtts_v2,channel_g711_20db,,train
${DATA_ROOT}/clips/366094d0a5c6f1b7aadd.wav,spoof,hi-en,433148,mucs2021,xtts_v2,channel_g711_20db,,train
${DATA_ROOT}/clips/c4861f2cc225072ea495.wav,spoof,hi-en,491095,mucs2021,xtts_v2,channel_g711_20db,,train
${DATA_ROOT}/clips/f4878d2b941b0a0353ed.wav,spoof,hi-en,702146,mucs2021,xtts_v2,channel_g711_20db,,train
${DATA_ROOT}/clips/b6018e4d7c64548025ba.wav,spoof,hi-en,707034,mucs2021,xtts_v2,channel_g711_20db,,train
${DATA_ROOT}/clips/41712fa76cc507c18998.wav,spoof,hi-en,126393,mucs2021,xtts_v2,channel_g711_20db,,train
${DATA_ROOT}/clips/b3eee2f4fc5d18c1620d.wav,spoof,hi-en,201350,mucs2021,xtts_v2,channel_g711_20db,,train
${DATA_ROOT}/clips/2a892eca6fa7b61594e4.wav,spoof,hi-en,342352,mucs2021,xtts_v2,channel_g711_20db,,train
${DATA_ROOT}/clips/88704bfee75927e207a9.wav,spoof,hi-en,350956,mucs2021,xtts_v2,channel_g711_20db,,train
${DATA_ROOT}/clips/5ae587dd5c59653aebd2.wav,spoof,hi-en,433148,mucs2021,xtts_v2,channel_g711_20db,,train
${DATA_ROOT}/clips/6fbd4b58ba664a11b716.wav,spoof,hi-en,491095,mucs2021,xtts_v2,channel_g711_20db,,train
${DATA_ROOT}/clips/30955da3b92b442ba290.wav,spoof,hi-en,702146,mucs2021,xtts_v2,channel_g711_20db,,train
${DATA_ROOT}/clips/ce1a5d4912aeb4c4ec3c.wav,spoof,hi-en,707034,mucs2021,xtts_v2,channel_g711_20db,,train
${DATA_ROOT}/clips/d443866ec1ada8a5980a.wav,spoof,hi-en,126393,mucs2021,xtts_v2,channel_g711_20db,,train
${DATA_ROOT}/clips/66ad221c4b390028d29f.wav,spoof,hi-en,201350,mucs2021,xtts_v2,channel_g711_20db,,train
${DATA_ROOT}/clips/ac0c3e3096a9a952f1af.wav,spoof,hi-en,342352,mucs2021,xtts_v2,channel_g711_20db,,train
${DATA_ROOT}/clips/2b0d27eaf5589f4eea8b.wav,spoof,hi-en,350956,mucs2021,xtts_v2,channel_g711_20db,,train
${DATA_ROOT}/clips/f42c3e75a5936e2993ed.wav,spoof,hi-en,433148,mucs2021,xtts_v2,channel_g711_20db,,train
${DATA_ROOT}/clips/50bea2697b317d4102ea.wav,spoof,hi-en,491095,mucs2021,xtts_v2,channel_g711_20db,,train
${DATA_ROOT}/clips/9ef6fb8d104f2ee9be80.wav,spoof,hi-en,702146,mucs2021,xtts_v2,channel_g711_20db,,train
${DATA_ROOT}/clips/c7511677c3b821378374.wav,spoof,hi-en,707034,mucs2021,xtts_v2,channel_g711_20db,,train
${DATA_ROOT}/clips/0a6a6de070b6bad970bc.wav,spoof,hi-en,126393,mucs2021,xtts_v2,channel_g711_20db,,train
${DATA_ROOT}/clips/42d7d1d9eeef84e33558.wav,spoof,hi-en,201350,mucs2021,xtts_v2,channel_g711_20db,,train
${DATA_ROOT}/clips/4d6d39545f2a4afa73a2.wav,spoof,hi-en,342352,mucs2021,xtts_v2,channel_g711_20db,,train
${DATA_ROOT}/clips/4993df4f5523e92dfc99.wav,spoof,hi-en,350956,mucs2021,xtts_v2,channel_g711_20db,,train
${DATA_ROOT}/clips/3889fb78361040f1ef66.wav,spoof,hi-en,433148,mucs2021,xtts_v2,channel_g711_20db,,train
${DATA_ROOT}/clips/4721258b6bd298ff4863.wav,spoof,hi-en,491095,mucs2021,xtts_v2,channel_g711_20db,,train
${DATA_ROOT}/clips/fd9fbc16e384de4e4ca2.wav,spoof,hi-en,702146,mucs2021,xtts_v2,channel_g711_20db,,train
${DATA_ROOT}/clips/60c712383e79120db358.wav,spoof,hi-en,707034,mucs2021,xtts_v2,channel_g711_20db,,train
${DATA_ROOT}/clips/8f69dd8ddaac39cc9322.wav,spoof,hi-en,126393,mucs2021,xtts_v2,channel_g711_20db,,train
${DATA_ROOT}/clips/e397341a0b469f116451.wav,spoof,hi-en,201350,mucs2021,xtts_v2,channel_g711_20db,,train
${DATA_ROOT}/clips/79b60592afe48e5d3e7b.wav,spoof,hi-en,342352,mucs2021,xtts_v2,channel_g711_20db,,train
${DATA_ROOT}/clips/895025b46c412f4f162d.wav,spoof,hi-en,350956,mucs2021,xtts_v2,channel_g711_20db,,train
${DATA_ROOT}/clips/973e11fb49f99a61132c.wav,spoof,hi-en,433148,mucs2021,xtts_v2,channel_g711_20db,,train
${DATA_ROOT}/clips/177e935764a1a14216f1.wav,spoof,hi-en,491095,mucs2021,xtts_v2,channel_g711_20db,,train
${DATA_ROOT}/clips/7cccd124430b1b9ff997.wav,spoof,hi-en,702146,mucs2021,xtts_v2,channel_g711_20db,,train
${DATA_ROOT}/clips/1cbc37f41e8df1286796.wav,spoof,hi-en,707034,mucs2021,xtts_v2,channel_g711_20db,,train
${DATA_ROOT}/clips/63b66862a96257fcc511.wav,spoof,hi-en,126393,mucs2021,xtts_v2,channel_g711_20db,,train
${DATA_ROOT}/clips/003caeefe7c26cec9fad.wav,spoof,hi-en,201350,mucs2021,xtts_v2,channel_g711_20db,,train
${DATA_ROOT}/clips/5a1c84ec329e5f3f6862.wav,spoof,hi-en,342352,mucs2021,xtts_v2,channel_g711_20db,,train
${DATA_ROOT}/clips/05c24a32480ce835bc2f.wav,spoof,hi-en,350956,mucs2021,xtts_v2,channel_g711_20db,,train
${DATA_ROOT}/clips/3f6047ac0cb6747d15da.wav,spoof,hi-en,433148,mucs2021,xtts_v2,channel_g711_20db,,train
${DATA_ROOT}/clips/2b33f0eada0cb4182b6d.wav,spoof,hi-en,491095,mucs2021,xtts_v2,channel_g711_20db,,train
${DATA_ROOT}/clips/7a79950dabd2983c7cef.wav,spoof,hi-en,702146,mucs2021,xtts_v2,channel_g711_20db,,train
${DATA_ROOT}/clips/02214ec504288a8a4124.wav,spoof,hi-en,707034,mucs2021,xtts_v2,channel_g711_20db,,train
${DATA_ROOT}/clips/47fe296f9a137fff3673.wav,spoof,hi-en,126393,mucs2021,xtts_v2,channel_g711_20db,,train
${DATA_ROOT}/clips/78028315c8a7722bf503.wav,spoof,hi-en,201350,mucs2021,xtts_v2,channel_g711_20db,,train
${DATA_ROOT}/clips/b356c5da2c39316174ad.wav,spoof,hi-en,342352,mucs2021,xtts_v2,channel_g711_20db,,train
${DATA_ROOT}/clips/7b48d7102ab7fa6f5602.wav,spoof,hi-en,350956,mucs2021,xtts_v2,channel_g711_20db,,train
${DATA_ROOT}/clips/41cc0d6cb8963c606659.wav,spoof,hi-en,433148,mucs2021,xtts_v2,channel_g711_20db,,train
${DATA_ROOT}/clips/a7b71625015e7ae4ba07.wav,spoof,hi-en,491095,mucs2021,xtts_v2,channel_g711_20db,,train
${DATA_ROOT}/clips/52e75517ad08950d1009.wav,spoof,hi-en,702146,mucs2021,xtts_v2,channel_g711_20db,,train
${DATA_ROOT}/clips/6a28a647185849543c7c.wav,spoof,hi-en,707034,mucs2021,xtts_v2,channel_g711_20db,,train
${DATA_ROOT}/clips/02715413955dcc1bcc23.wav,spoof,hi-en,126393,mucs2021,xtts_v2,channel_g711_20db,,train
${DATA_ROOT}/clips/01e3f0a26395396a44db.wav,spoof,hi-en,201350,mucs2021,xtts_v2,channel_g711_20db,,train
${DATA_ROOT}/clips/b9ba9482ff47add05295.wav,spoof,hi-en,342352,mucs2021,xtts_v2,channel_g711_20db,,train
${DATA_ROOT}/clips/9ffe95a33ebdef18863b.wav,spoof,hi-en,350956,mucs2021,xtts_v2,channel_g711_20db,,train
${DATA_ROOT}/clips/4a5548dc37345ea0f03d.wav,spoof,hi-en,433148,mucs2021,xtts_v2,channel_g711_20db,,train
${DATA_ROOT}/clips/5f0d4d93a6b981daecff.wav,spoof,hi-en,491095,mucs2021,xtts_v2,channel_g711_20db,,train
${DATA_ROOT}/clips/7780dcf2a94993e1e47c.wav,spoof,hi-en,702146,mucs2021,xtts_v2,channel_g711_20db,,train
${DATA_ROOT}/clips/ad6425a35e008f0afe80.wav,spoof,hi-en,707034,mucs2021,xtts_v2,channel_g711_20db,,train
${DATA_ROOT}/clips/0e17446b33185b5692f4.wav,spoof,hi-en,126393,mucs2021,xtts_v2,channel_g711_20db,,train
${DATA_ROOT}/clips/214fe0499896b306330f.wav,spoof,hi-en,201350,mucs2021,xtts_v2,channel_g711_20db,,train
${DATA_ROOT}/clips/25771352175d608620f1.wav,spoof,hi-en,342352,mucs2021,xtts_v2,channel_g711_20db,,train
${DATA_ROOT}/clips/25ef492b287c01ba9aed.wav,spoof,hi-en,350956,mucs2021,xtts_v2,channel_g711_20db,,train
${DATA_ROOT}/clips/227f63dde38651cb5efb.wav,spoof,hi-en,433148,mucs2021,xtts_v2,channel_g711_20db,,train
${DATA_ROOT}/clips/67531bee49aca1c70bd3.wav,spoof,hi-en,491095,mucs2021,xtts_v2,channel_g711_20db,,train
${DATA_ROOT}/clips/829905f53ccb6acdf71e.wav,spoof,hi-en,702146,mucs2021,xtts_v2,channel_g711_20db,,train
${DATA_ROOT}/clips/21e298540ad752671168.wav,spoof,hi-en,707034,mucs2021,xtts_v2,channel_g711_20db,,train
${DATA_ROOT}/clips/3c9f87b1a21db12a4cb4.wav,spoof,hi-en,126393,mucs2021,xtts_v2,channel_g711_20db,,train
${DATA_ROOT}/clips/09f3653ef4b49e7fe3fd.wav,spoof,hi-en,201350,mucs2021,xtts_v2,channel_g711_20db,,train
${DATA_ROOT}/clips/7672c0d3d80fb677a40e.wav,spoof,hi-en,342352,mucs2021,xtts_v2,channel_g711_20db,,train
${DATA_ROOT}/clips/e26f1abc7a994bd8b3df.wav,spoof,hi-en,350956,mucs2021,xtts_v2,channel_g711_20db,,train
${DATA_ROOT}/clips/0e02499d14cbf64d9722.wav,spoof,hi-en,433148,mucs2021,xtts_v2,channel_g711_20db,,train
${DATA_ROOT}/clips/16eb7475c0e545637d76.wav,spoof,hi-en,491095,mucs2021,xtts_v2,channel_g711_20db,,train
${DATA_ROOT}/clips/10b960553a241db14ca6.wav,spoof,hi-en,702146,mucs2021,xtts_v2,channel_g711_20db,,train
${DATA_ROOT}/clips/86816446be8326149ce9.wav,spoof,hi-en,707034,mucs2021,xtts_v2,channel_g711_20db,,train
${DATA_ROOT}/clips/8d007ee814c243ea0b99.wav,spoof,hi-en,126393,mucs2021,xtts_v2,channel_g711_20db,,train
${DATA_ROOT}/clips/0679cd76fb0a27a6ded8.wav,spoof,hi-en,201350,mucs2021,xtts_v2,channel_g711_20db,,train
${DATA_ROOT}/clips/f8d73a7c6111f011ab3c.wav,spoof,hi-en,342352,mucs2021,xtts_v2,channel_g711_20db,,train
${DATA_ROOT}/clips/5ab5e18720002468cf88.wav,spoof,hi-en,350956,mucs2021,xtts_v2,channel_g711_20db,,train
${DATA_ROOT}/clips/3648e5b10170ecacb5b7.wav,spoof,hi-en,433148,mucs2021,xtts_v2,channel_g711_20db,,train
${DATA_ROOT}/clips/c16cb3d7f57e85403a34.wav,spoof,hi-en,491095,mucs2021,xtts_v2,channel_g711_20db,,train
${DATA_ROOT}/clips/b67aa16208fc16aae9fd.wav,spoof,hi-en,702146,mucs2021,xtts_v2,channel_g711_20db,,train
${DATA_ROOT}/clips/9e289d89bed04f198df9.wav,spoof,hi-en,707034,mucs2021,xtts_v2,channel_g711_20db,,train
${DATA_ROOT}/clips/f9976c0540b6abdb5ee1.wav,spoof,hi-en,126393,mucs2021,xtts_v2,channel_g711_20db,,train
${DATA_ROOT}/clips/53419133461ee66f79a0.wav,spoof,hi-en,201350,mucs2021,xtts_v2,channel_g711_20db,,train
${DATA_ROOT}/clips/8be6eb660f219d2b8426.wav,spoof,hi-en,342352,mucs2021,xtts_v2,channel_g711_20db,,train
${DATA_ROOT}/clips/162b0119a14c6c499081.wav,spoof,hi-en,350956,mucs2021,xtts_v2,channel_g711_20db,,train
${DATA_ROOT}/clips/c2a4c8984d5009047f52.wav,spoof,hi-en,433148,mucs2021,xtts_v2,channel_g711_20db,,train
${DATA_ROOT}/clips/b5840af934f4d11f0105.wav,spoof,hi-en,491095,mucs2021,xtts_v2,channel_g711_20db,,train
${DATA_ROOT}/clips/e2a5824f698a5694cc34.wav,spoof,hi-en,702146,mucs2021,xtts_v2,channel_g711_20db,,train
${DATA_ROOT}/clips/0f4fcf372eb33c45d703.wav,spoof,hi-en,707034,mucs2021,xtts_v2,channel_g711_20db,,train
${DATA_ROOT}/clips/73fc240ef0194c379167.wav,spoof,hi-en,126393,mucs2021,xtts_v2,channel_g711_20db,,train
${DATA_ROOT}/clips/b9b8a17b4141754856dc.wav,spoof,hi-en,201350,mucs2021,xtts_v2,channel_g711_20db,,train
${DATA_ROOT}/clips/63045224cc151024f2e1.wav,spoof,hi-en,342352,mucs2021,xtts_v2,channel_g711_20db,,train
${DATA_ROOT}/clips/7ce9180678fc7d9a9ee9.wav,spoof,hi-en,350956,mucs2021,xtts_v2,channel_g711_20db,,train
${DATA_ROOT}/clips/5aab8f33ff0ad775d4e3.wav,spoof,hi-en,433148,mucs2021,xtts_v2,channel_g711_20db,,train
${DATA_ROOT}/clips/dd99448460ec054f6f96.wav,spoof,hi-en,491095,mucs2021,xtts_v2,channel_g711_20db,,train
${DATA_ROOT}/clips/1f0d25cdfc2f1a0e8eb8.wav,spoof,hi-en,702146,mucs2021,xtts_v2,channel_g711_20db,,train
${DATA_ROOT}/clips/726f4cd818aaa5c53e9f.wav,spoof,hi-en,707034,mucs2021,xtts_v2,channel_g711_20db,,train
${DATA_ROOT}/clips/768a8d1f9aa27a37c9fc.wav,spoof,hi-en,126393,mucs2021,xtts_v2,channel_g711_20db,,train
${DATA_ROOT}/clips/86e094652330630d5f53.wav,spoof,hi-en,201350,mucs2021,xtts_v2,channel_g711_20db,,train
${DATA_ROOT}/clips/8021383d34d66ad391f4.wav,spoof,hi-en,342352,mucs2021,xtts_v2,channel_g711_20db,,train
${DATA_ROOT}/clips/f920eeed0d63e9565ae5.wav,spoof,hi-en,350956,mucs2021,xtts_v2,channel_g711_20db,,train
${DATA_ROOT}/clips/4b791bfe3448b56986bc.wav,spoof,hi-en,433148,mucs2021,xtts_v2,channel_g711_20db,,train
${DATA_ROOT}/clips/e4c143d9708817a40f64.wav,spoof,hi-en,491095,mucs2021,xtts_v2,channel_g711_20db,,train
${DATA_ROOT}/clips/d04df621eb004eefef40.wav,spoof,hi-en,702146,mucs2021,xtts_v2,channel_g711_20db,,train
${DATA_ROOT}/clips/65b334db49c1319a889d.wav,spoof,hi-en,707034,mucs2021,xtts_v2,channel_g711_20db,,train
${DATA_ROOT}/clips/f2c17f8e0f24eeebcf95.wav,spoof,hi-en,126393,mucs2021,xtts_v2,channel_g711_20db,,train
${DATA_ROOT}/clips/349b0f48ceea2e9db70b.wav,spoof,hi-en,201350,mucs2021,xtts_v2,channel_g711_20db,,train
${DATA_ROOT}/clips/826dfd4b8331ff871d72.wav,spoof,hi-en,342352,mucs2021,xtts_v2,channel_g711_20db,,train
${DATA_ROOT}/clips/c4a55083f7e4a0b1a7c4.wav,spoof,hi-en,350956,mucs2021,xtts_v2,channel_g711_20db,,train
${DATA_ROOT}/clips/461f2256a36716bf8387.wav,spoof,hi-en,433148,mucs2021,xtts_v2,channel_g711_20db,,train
${DATA_ROOT}/clips/f1c04c3a0d5e6b77cdab.wav,spoof,hi-en,491095,mucs2021,xtts_v2,channel_g711_20db,,train
${DATA_ROOT}/clips/dc9398d7f198d7c2cf8d.wav,spoof,hi-en,702146,mucs2021,xtts_v2,channel_g711_20db,,train
${DATA_ROOT}/clips/c6129e308ea123de010c.wav,spoof,hi-en,707034,mucs2021,xtts_v2,channel_g711_20db,,train
${DATA_ROOT}/clips/87e0438112e67e550e51.wav,spoof,hi-en,126393,mucs2021,xtts_v2,channel_g711_20db,,train
${DATA_ROOT}/clips/522d3c7969691668a2df.wav,spoof,hi-en,201350,mucs2021,xtts_v2,channel_g711_20db,,train
${DATA_ROOT}/clips/56222c304d8ae5ae6503.wav,spoof,hi-en,342352,mucs2021,xtts_v2,channel_g711_20db,,train
${DATA_ROOT}/clips/318623daf088ccfedaeb.wav,spoof,hi-en,350956,mucs2021,xtts_v2,channel_g711_20db,,train
${DATA_ROOT}/clips/30000c4c1fe50c0afddf.wav,spoof,hi-en,433148,mucs2021,xtts_v2,channel_g711_20db,,train
${DATA_ROOT}/clips/42e7560deba67bca7a45.wav,spoof,hi-en,491095,mucs2021,xtts_v2,channel_g711_20db,,train
${DATA_ROOT}/clips/813252723bdfeae4148d.wav,spoof,hi-en,702146,mucs2021,xtts_v2,channel_g711_20db,,train
${DATA_ROOT}/clips/7c1647bf64b16126ba01.wav,spoof,hi-en,707034,mucs2021,xtts_v2,channel_g711_20db,,train
${DATA_ROOT}/clips/4d796cca71b763bbc133.wav,spoof,hi-en,126393,mucs2021,xtts_v2,channel_g711_20db,,train
${DATA_ROOT}/clips/3ce58026ebb91ba3efb0.wav,spoof,hi-en,201350,mucs2021,xtts_v2,channel_g711_20db,,train
${DATA_ROOT}/clips/8c45d73e93f610b9b106.wav,spoof,hi-en,342352,mucs2021,xtts_v2,channel_g711_20db,,train
${DATA_ROOT}/clips/c59f6376af94084cada7.wav,spoof,hi-en,350956,mucs2021,xtts_v2,channel_g711_20db,,train
${DATA_ROOT}/clips/e8e5bcbca48591eaaf7d.wav,spoof,hi-en,433148,mucs2021,xtts_v2,channel_g711_20db,,train
${DATA_ROOT}/clips/1d187642cbec30da9f92.wav,spoof,hi-en,491095,mucs2021,xtts_v2,channel_g711_20db,,train
${DATA_ROOT}/clips/03e6c348e81d46168cfd.wav,spoof,hi-en,702146,mucs2021,xtts_v2,channel_g711_20db,,train
${DATA_ROOT}/clips/fa7c9f0b2eb48c8787b3.wav,spoof,hi-en,707034,mucs2021,xtts_v2,channel_g711_20db,,train
${DATA_ROOT}/clips/24279d2d59fe4419ea7e.wav,spoof,hi-en,126393,mucs2021,xtts_v2,channel_g711_20db,,train
${DATA_ROOT}/clips/d043c17b1f016540a662.wav,spoof,hi-en,201350,mucs2021,xtts_v2,channel_g711_20db,,train
${DATA_ROOT}/clips/2595063eb24a6ffa2433.wav,spoof,hi-en,342352,mucs2021,xtts_v2,channel_g711_20db,,train
${DATA_ROOT}/clips/ed605a9c552bdd275e32.wav,spoof,hi-en,350956,mucs2021,xtts_v2,channel_g711_20db,,train
${DATA_ROOT}/clips/a92e9b36188dc2943ad5.wav,spoof,hi-en,433148,mucs2021,xtts_v2,channel_g711_20db,,train
${DATA_ROOT}/clips/6670b95b0f9bcec19637.wav,spoof,hi-en,491095,mucs2021,xtts_v2,channel_g711_20db,,train
${DATA_ROOT}/clips/d60909273ea4e885f6c3.wav,spoof,hi-en,702146,mucs2021,xtts_v2,channel_g711_20db,,train
${DATA_ROOT}/clips/e9609875e7b16eb59ffd.wav,spoof,hi-en,707034,mucs2021,xtts_v2,channel_g711_20db,,train
