filepath,label,language,speaker,source,tool,condition,split
C:\dfdata\raw\mucs2021\train\jSNK2zDaIvyZsMZp.wav,bonafide,hi-en,177570,mucs2021,none,clean,eval
C:\dfdata\raw\mucs2021\train\V11NDc0lxudGbWQU.wav,bonafide,hi-en,912184,mucs2021,none,clean,eval
C:\dfdata\raw\mucs2021\train\TRInoJRJxAX3qv5C.wav,bonafide,hi-en,797767,mucs2021,none,clean,eval
C:\dfdata\raw\mucs2021\train\jCgweujQVV5haVF1.wav,bonafide,hi-en,634568,mucs2021,none,clean,eval
C:\dfdata\raw\mucs2021\train\RyQSvr4r4iAMTYXq.wav,bonafide,hi-en,876898,mucs2021,none,clean,eval
C:\dfdata\raw\mucs2021\train\WgzliDtK6Htff0g2.wav,bonafide,hi-en,457295,mucs2021,none,clean,eval
C:\dfdata\raw\mucs2021\train\jSNK2zDaIvyZsMZp.wav,bonafide,hi-en,177570,mucs2021,none,clean,eval
C:\dfdata\raw\mucs2021\train\fZcxLszRnIHxmVQp.wav,bonafide,hi-en,705494,mucs2021,none,clean,eval
C:\dfdata\raw\mucs2021\train\jCgweujQVV5haVF1.wav,bonafide,hi-en,634568,mucs2021,none,clean,eval
C:\dfdata\raw\mucs2021\train\C3MtnFEDrRkWHSvJ.wav,bonafide,hi-en,539354,mucs2021,none,clean,eval
C:\dfdata\raw\mucs2021\train\XTscbPr78nzuHhuu.wav,bonafide,hi-en,322882,mucs2021,none,clean,eval
C:\dfdata\raw\mucs2021\train\vE1rhq3ojNKZvQNv.wav,bonafide,hi-en,106718,mucs2021,none,clean,eval
C:\dfdata\raw\mucs2021\train\vE1rhq3ojNKZvQNv.wav,bonafide,hi-en,106718,mucs2021,none,clean,eval
C:\dfdata\raw\mucs2021\train\jSNK2zDaIvyZsMZp.wav,bonafide,hi-en,177570,mucs2021,none,clean,eval
C:\dfdata\raw\mucs2021\train\K3X6AGezGWAoDe1q.wav,bonafide,hi-en,903756,mucs2021,none,clean,eval
C:\dfdata\raw\mucs2021\train\1eNS3GaW1oHHurL4.wav,bonafide,hi-en,975912,mucs2021,none,clean,eval
C:\dfdata\raw\mucs2021\train\C3MtnFEDrRkWHSvJ.wav,bonafide,hi-en,539354,mucs2021,none,clean,eval
C:\dfdata\raw\mucs2021\train\DP5j8CLDeL6HHHSX.wav,bonafide,hi-en,142970,mucs2021,none,clean,eval
C:\dfdata\raw\mucs2021\train\wOTMMvC3WQ5YQRAF.wav,bonafide,hi-en,850754,mucs2021,none,clean,eval
C:\dfdata\raw\mucs2021\train\fZcxLszRnIHxmVQp.wav,bonafide,hi-en,705494,mucs2021,none,clean,eval
C:\dfdata\raw\mucs2021\train\LFpbaXkb8HuQ6DnF.wav,bonafide,hi-en,186783,mucs2021,none,clean,eval
C:\dfdata\raw\mucs2021\train\LFpbaXkb8HuQ6DnF.wav,bonafide,hi-en,186783,mucs2021,none,clean,eval
C:\dfdata\raw\mucs2021\train\DP5j8CLDeL6HHHSX.wav,bonafide,hi-en,142970,mucs2021,none,clean,eval
C:\dfdata\raw\mucs2021\train\V11NDc0lxudGbWQU.wav,bonafide,hi-en,912184,mucs2021,none,clean,eval
C:\dfdata\raw\mucs2021\train\vE1rhq3ojNKZvQNv.wav,bonafide,hi-en,106718,mucs2021,none,clean,eval
C:\dfdata\raw\mucs2021\train\DP5j8CLDeL6HHHSX.wav,bonafide,hi-en,142970,mucs2021,none,clean,eval
C:\dfdata\raw\mucs2021\train\n4ACC4gnqW0IM1wW.wav,bonafide,hi-en,996368,mucs2021,none,clean,eval
C:\dfdata\raw\mucs2021\train\K3X6AGezGWAoDe1q.wav,bonafide,hi-en,903756,mucs2021,none,clean,eval
C:\dfdata\raw\mucs2021\train\wOTMMvC3WQ5YQRAF.wav,bonafide,hi-en,850754,mucs2021,none,clean,eval
C:\dfdata\raw\mucs2021\train\1eNS3GaW1oHHurL4.wav,bonafide,hi-en,975912,mucs2021,none,clean,eval
C:\dfdata\raw\mucs2021\train\1eNS3GaW1oHHurL4.wav,bonafide,hi-en,975912,mucs2021,none,clean,eval
C:\dfdata\raw\mucs2021\train\jCgweujQVV5haVF1.wav,bonafide,hi-en,634568,mucs2021,none,clean,eval
C:\dfdata\raw\mucs2021\train\F4KjmwYhWvnpSE0m.wav,bonafide,hi-en,205240,mucs2021,none,clean,eval
C:\dfdata\raw\mucs2021\train\H6Z2BkcyVtiuiN7A.wav,bonafide,hi-en,445718,mucs2021,none,clean,eval
C:\dfdata\raw\mucs2021\train\V11NDc0lxudGbWQU.wav,bonafide,hi-en,912184,mucs2021,none,clean,eval
C:\dfdata\raw\mucs2021\train\crdH0AI5aH25bEXe.wav,bonafide,hi-en,870582,mucs2021,none,clean,eval
C:\dfdata\raw\mucs2021\train\F4KjmwYhWvnpSE0m.wav,bonafide,hi-en,205240,mucs2021,none,clean,eval
C:\dfdata\raw\mucs2021\train\WgzliDtK6Htff0g2.wav,bonafide,hi-en,457295,mucs2021,none,clean,eval
C:\dfdata\raw\mucs2021\train\cyhxRWI0LoKYZvcw.wav,bonafide,hi-en,541304,mucs2021,none,clean,eval
C:\dfdata\raw\mucs2021\train\H6Z2BkcyVtiuiN7A.wav,bonafide,hi-en,445718,mucs2021,none,clean,eval
C:\dfdata\raw\mucs2021\train\H6Z2BkcyVtiuiN7A.wav,bonafide,hi-en,445718,mucs2021,none,clean,eval
C:\dfdata\raw\mucs2021\train\1ijxO93RTIJh2Rzv.wav,bonafide,hi-en,584991,mucs2021,none,clean,eval
C:\dfdata\raw\mucs2021\train\jSNK2zDaIvyZsMZp.wav,bonafide,hi-en,177570,mucs2021,none,clean,eval
C:\dfdata\raw\mucs2021\train\cyhxRWI0LoKYZvcw.wav,bonafide,hi-en,541304,mucs2021,none,clean,eval
C:\dfdata\raw\mucs2021\train\vE1rhq3ojNKZvQNv.wav,bonafide,hi-en,106718,mucs2021,none,clean,eval
C:\dfdata\raw\mucs2021\train\wOTMMvC3WQ5YQRAF.wav,bonafide,hi-en,850754,mucs2021,none,clean,eval
C:\dfdata\raw\mucs2021\train\LFpbaXkb8HuQ6DnF.wav,bonafide,hi-en,186783,mucs2021,none,clean,eval
C:\dfdata\raw\mucs2021\train\fZcxLszRnIHxmVQp.wav,bonafide,hi-en,705494,mucs2021,none,clean,eval
C:\dfdata\raw\mucs2021\train\8xh3ZKpPy5YhAnKX.wav,bonafide,hi-en,893273,mucs2021,none,clean,eval
C:\dfdata\raw\mucs2021\train\1ijxO93RTIJh2Rzv.wav,bonafide,hi-en,584991,mucs2021,none,clean,eval
C:\dfdata\raw\mucs2021\train\C3MtnFEDrRkWHSvJ.wav,bonafide,hi-en,539354,mucs2021,none,clean,eval
C:\dfdata\raw\mucs2021\train\cyhxRWI0LoKYZvcw.wav,bonafide,hi-en,541304,mucs2021,none,clean,eval
C:\dfdata\raw\mucs2021\train\fZcxLszRnIHxmVQp.wav,bonafide,hi-en,705494,mucs2021,none,clean,eval
C:\dfdata\raw\mucs2021\train\crdH0AI5aH25bEXe.wav,bonafide,hi-en,870582,mucs2021,none,clean,eval
C:\dfdata\raw\mucs2021\train\WgzliDtK6Htff0g2.wav,bonafide,hi-en,457295,mucs2021,none,clean,eval
C:\dfdata\raw\mucs2021\train\crdH0AI5aH25bEXe.wav,bonafide,hi-en,870582,mucs2021,none,clean,eval
C:\dfdata\raw\mucs2021\train\XTscbPr78nzuHhuu.wav,bonafide,hi-en,322882,mucs2021,none,clean,eval
C:\dfdata\raw\mucs2021\train\jSNK2zDaIvyZsMZp.wav,bonafide,hi-en,177570,mucs2021,none,clean,eval
C:\dfdata\raw\mucs2021\train\RyQSvr4r4iAMTYXq.wav,bonafide,hi-en,876898,mucs2021,none,clean,eval
C:\dfdata\raw\mucs2021\train\1ijxO93RTIJh2Rzv.wav,bonafide,hi-en,584991,mucs2021,none,clean,eval
C:\dfdata\raw\mucs2021\train\WgzliDtK6Htff0g2.wav,bonafide,hi-en,457295,mucs2021,none,clean,eval
C:\dfdata\raw\mucs2021\train\aKSsdMqkPfUWyYeS.wav,bonafide,hi-en,413057,mucs2021,none,clean,eval
C:\dfdata\raw\mucs2021\train\8xh3ZKpPy5YhAnKX.wav,bonafide,hi-en,893273,mucs2021,none,clean,eval
C:\dfdata\raw\mucs2021\train\n4ACC4gnqW0IM1wW.wav,bonafide,hi-en,996368,mucs2021,none,clean,eval
C:\dfdata\raw\mucs2021\train\C3MtnFEDrRkWHSvJ.wav,bonafide,hi-en,539354,mucs2021,none,clean,eval
C:\dfdata\raw\mucs2021\train\WgzliDtK6Htff0g2.wav,bonafide,hi-en,457295,mucs2021,none,clean,eval
C:\dfdata\raw\mucs2021\train\aKSsdMqkPfUWyYeS.wav,bonafide,hi-en,413057,mucs2021,none,clean,eval
C:\dfdata\raw\mucs2021\train\DP5j8CLDeL6HHHSX.wav,bonafide,hi-en,142970,mucs2021,none,clean,eval
C:\dfdata\raw\mucs2021\train\K3X6AGezGWAoDe1q.wav,bonafide,hi-en,903756,mucs2021,none,clean,eval
C:\dfdata\raw\mucs2021\train\WgzliDtK6Htff0g2.wav,bonafide,hi-en,457295,mucs2021,none,clean,eval
C:\dfdata\raw\mucs2021\train\n4ACC4gnqW0IM1wW.wav,bonafide,hi-en,996368,mucs2021,none,clean,eval
C:\dfdata\raw\mucs2021\train\1ijxO93RTIJh2Rzv.wav,bonafide,hi-en,584991,mucs2021,none,clean,eval
C:\dfdata\raw\mucs2021\train\WgzliDtK6Htff0g2.wav,bonafide,hi-en,457295,mucs2021,none,clean,eval
C:\dfdata\raw\mucs2021\train\fZcxLszRnIHxmVQp.wav,bonafide,hi-en,705494,mucs2021,none,clean,eval
C:\dfdata\raw\mucs2021\train\jSNK2zDaIvyZsMZp.wav,bonafide,hi-en,177570,mucs2021,none,clean,eval
C:\dfdata\raw\mucs2021\train\DP5j8CLDeL6HHHSX.wav,bonafide,hi-en,142970,mucs2021,none,clean,eval
C:\dfdata\raw\mucs2021\train\1ijxO93RTIJh2Rzv.wav,bonafide,hi-en,584991,mucs2021,none,clean,eval
C:\dfdata\raw\mucs2021\train\LSRBJiHdUoHm4BTI.wav,bonafide,hi-en,987461,mucs2021,none,clean,eval
C:\dfdata\raw\mucs2021\train\cyhxRWI0LoKYZvcw.wav,bonafide,hi-en,541304,mucs2021,none,clean,eval
C:\dfdata\raw\mucs2021\train\F4KjmwYhWvnpSE0m.wav,bonafide,hi-en,205240,mucs2021,none,clean,eval
C:\dfdata\raw\mucs2021\train\fZcxLszRnIHxmVQp.wav,bonafide,hi-en,705494,mucs2021,none,clean,eval
C:\dfdata\raw\mucs2021\train\XTscbPr78nzuHhuu.wav,bonafide,hi-en,322882,mucs2021,none,clean,eval
C:\dfdata\raw\mucs2021\train\LFpbaXkb8HuQ6DnF.wav,bonafide,hi-en,186783,mucs2021,none,clean,eval
C:\dfdata\raw\mucs2021\train\V11NDc0lxudGbWQU.wav,bonafide,hi-en,912184,mucs2021,none,clean,eval
C:\dfdata\raw\mucs2021\train\H6Z2BkcyVtiuiN7A.wav,bonafide,hi-en,445718,mucs2021,none,clean,eval
C:\dfdata\raw\mucs2021\train\1eNS3GaW1oHHurL4.wav,bonafide,hi-en,975912,mucs2021,none,clean,eval
C:\dfdata\raw\mucs2021\train\fZcxLszRnIHxmVQp.wav,bonafide,hi-en,705494,mucs2021,none,clean,eval
C:\dfdata\raw\mucs2021\train\LSRBJiHdUoHm4BTI.wav,bonafide,hi-en,987461,mucs2021,none,clean,eval
C:\dfdata\raw\mucs2021\train\fZcxLszRnIHxmVQp.wav,bonafide,hi-en,705494,mucs2021,none,clean,eval
C:\dfdata\raw\mucs2021\train\8xh3ZKpPy5YhAnKX.wav,bonafide,hi-en,893273,mucs2021,none,clean,eval
C:\dfdata\raw\mucs2021\train\vZGSoJPH1tbvsyCa.wav,bonafide,hi-en,539226,mucs2021,none,clean,eval
C:\dfdata\raw\mucs2021\train\n4ACC4gnqW0IM1wW.wav,bonafide,hi-en,996368,mucs2021,none,clean,eval
C:\dfdata\raw\mucs2021\train\wOTMMvC3WQ5YQRAF.wav,bonafide,hi-en,850754,mucs2021,none,clean,eval
C:\dfdata\raw\mucs2021\train\cyhxRWI0LoKYZvcw.wav,bonafide,hi-en,541304,mucs2021,none,clean,eval
C:\dfdata\raw\mucs2021\train\LFpbaXkb8HuQ6DnF.wav,bonafide,hi-en,186783,mucs2021,none,clean,eval
C:\dfdata\raw\mucs2021\train\V11NDc0lxudGbWQU.wav,bonafide,hi-en,912184,mucs2021,none,clean,eval
C:\dfdata\raw\mucs2021\train\WgzliDtK6Htff0g2.wav,bonafide,hi-en,457295,mucs2021,none,clean,eval
C:\dfdata\raw\mucs2021\train\8xh3ZKpPy5YhAnKX.wav,bonafide,hi-en,893273,mucs2021,none,clean,eval
C:\dfdata\raw\mucs2021\train\crdH0AI5aH25bEXe.wav,bonafide,hi-en,870582,mucs2021,none,clean,eval
C:\dfdata\raw\mucs2021\train\DP5j8CLDeL6HHHSX.wav,bonafide,hi-en,142970,mucs2021,none,clean,eval
C:\dfdata\raw\mucs2021\train\1ijxO93RTIJh2Rzv.wav,bonafide,hi-en,584991,mucs2021,none,clean,eval
C:\dfdata\raw\mucs2021\train\H6Z2BkcyVtiuiN7A.wav,bonafide,hi-en,445718,mucs2021,none,clean,eval
C:\dfdata\raw\mucs2021\train\TRInoJRJxAX3qv5C.wav,bonafide,hi-en,797767,mucs2021,none,clean,eval
C:\dfdata\raw\mucs2021\train\WgzliDtK6Htff0g2.wav,bonafide,hi-en,457295,mucs2021,none,clean,eval
C:\dfdata\raw\mucs2021\train\DP5j8CLDeL6HHHSX.wav,bonafide,hi-en,142970,mucs2021,none,clean,eval
C:\dfdata\raw\mucs2021\train\aKSsdMqkPfUWyYeS.wav,bonafide,hi-en,413057,mucs2021,none,clean,eval
C:\dfdata\raw\mucs2021\train\K3X6AGezGWAoDe1q.wav,bonafide,hi-en,903756,mucs2021,none,clean,eval
C:\dfdata\raw\mucs2021\train\XTscbPr78nzuHhuu.wav,bonafide,hi-en,322882,mucs2021,none,clean,eval
C:\dfdata\raw\mucs2021\train\RyQSvr4r4iAMTYXq.wav,bonafide,hi-en,876898,mucs2021,none,clean,eval
C:\dfdata\raw\mucs2021\train\wOTMMvC3WQ5YQRAF.wav,bonafide,hi-en,850754,mucs2021,none,clean,eval
C:\dfdata\raw\mucs2021\train\aKSsdMqkPfUWyYeS.wav,bonafide,hi-en,413057,mucs2021,none,clean,eval
C:\dfdata\raw\mucs2021\train\C3MtnFEDrRkWHSvJ.wav,bonafide,hi-en,539354,mucs2021,none,clean,eval
C:\dfdata\raw\mucs2021\train\cyhxRWI0LoKYZvcw.wav,bonafide,hi-en,541304,mucs2021,none,clean,eval
C:\dfdata\raw\mucs2021\train\H6Z2BkcyVtiuiN7A.wav,bonafide,hi-en,445718,mucs2021,none,clean,eval
C:\dfdata\raw\mucs2021\train\1ijxO93RTIJh2Rzv.wav,bonafide,hi-en,584991,mucs2021,none,clean,eval
C:\dfdata\raw\mucs2021\train\C3MtnFEDrRkWHSvJ.wav,bonafide,hi-en,539354,mucs2021,none,clean,eval
C:\dfdata\raw\mucs2021\train\K3X6AGezGWAoDe1q.wav,bonafide,hi-en,903756,mucs2021,none,clean,eval
C:\dfdata\raw\mucs2021\train\vE1rhq3ojNKZvQNv.wav,bonafide,hi-en,106718,mucs2021,none,clean,eval
C:\dfdata\raw\mucs2021\train\TRInoJRJxAX3qv5C.wav,bonafide,hi-en,797767,mucs2021,none,clean,eval
C:\dfdata\raw\mucs2021\train\DP5j8CLDeL6HHHSX.wav,bonafide,hi-en,142970,mucs2021,none,clean,eval
C:\dfdata\raw\mucs2021\train\WgzliDtK6Htff0g2.wav,bonafide,hi-en,457295,mucs2021,none,clean,eval
C:\dfdata\raw\mucs2021\train\H6Z2BkcyVtiuiN7A.wav,bonafide,hi-en,445718,mucs2021,none,clean,eval
C:\dfdata\raw\mucs2021\train\jSNK2zDaIvyZsMZp.wav,bonafide,hi-en,177570,mucs2021,none,clean,eval
C:\dfdata\raw\mucs2021\train\jSNK2zDaIvyZsMZp.wav,bonafide,hi-en,177570,mucs2021,none,clean,eval
C:\dfdata\raw\mucs2021\train\V11NDc0lxudGbWQU.wav,bonafide,hi-en,912184,mucs2021,none,clean,eval
C:\dfdata\raw\mucs2021\train\XTscbPr78nzuHhuu.wav,bonafide,hi-en,322882,mucs2021,none,clean,eval
C:\dfdata\raw\mucs2021\train\H6Z2BkcyVtiuiN7A.wav,bonafide,hi-en,445718,mucs2021,none,clean,eval
C:\dfdata\raw\mucs2021\train\XTscbPr78nzuHhuu.wav,bonafide,hi-en,322882,mucs2021,none,clean,eval
C:\dfdata\raw\mucs2021\train\vE1rhq3ojNKZvQNv.wav,bonafide,hi-en,106718,mucs2021,none,clean,eval
C:\dfdata\raw\mucs2021\train\8xh3ZKpPy5YhAnKX.wav,bonafide,hi-en,893273,mucs2021,none,clean,eval
C:\dfdata\raw\mucs2021\train\n4ACC4gnqW0IM1wW.wav,bonafide,hi-en,996368,mucs2021,none,clean,eval
C:\dfdata\raw\mucs2021\train\H6Z2BkcyVtiuiN7A.wav,bonafide,hi-en,445718,mucs2021,none,clean,eval
C:\dfdata\raw\mucs2021\train\K3X6AGezGWAoDe1q.wav,bonafide,hi-en,903756,mucs2021,none,clean,eval
C:\dfdata\raw\mucs2021\train\n4ACC4gnqW0IM1wW.wav,bonafide,hi-en,996368,mucs2021,none,clean,eval
C:\dfdata\raw\mucs2021\train\LFpbaXkb8HuQ6DnF.wav,bonafide,hi-en,186783,mucs2021,none,clean,eval
C:\dfdata\raw\mucs2021\train\WgzliDtK6Htff0g2.wav,bonafide,hi-en,457295,mucs2021,none,clean,eval
C:\dfdata\raw\mucs2021\train\WgzliDtK6Htff0g2.wav,bonafide,hi-en,457295,mucs2021,none,clean,eval
C:\dfdata\raw\mucs2021\train\RyQSvr4r4iAMTYXq.wav,bonafide,hi-en,876898,mucs2021,none,clean,eval
C:\dfdata\raw\mucs2021\train\1ijxO93RTIJh2Rzv.wav,bonafide,hi-en,584991,mucs2021,none,clean,eval
C:\dfdata\raw\mucs2021\train\jSNK2zDaIvyZsMZp.wav,bonafide,hi-en,177570,mucs2021,none,clean,eval
C:\dfdata\raw\mucs2021\train\WgzliDtK6Htff0g2.wav,bonafide,hi-en,457295,mucs2021,none,clean,eval
C:\dfdata\raw\mucs2021\train\RyQSvr4r4iAMTYXq.wav,bonafide,hi-en,876898,mucs2021,none,clean,eval
C:\dfdata\raw\mucs2021\train\XTscbPr78nzuHhuu.wav,bonafide,hi-en,322882,mucs2021,none,clean,eval
C:\dfdata\raw\mucs2021\train\jSNK2zDaIvyZsMZp.wav,bonafide,hi-en,177570,mucs2021,none,clean,eval
C:\dfdata\raw\mucs2021\train\H6Z2BkcyVtiuiN7A.wav,bonafide,hi-en,445718,mucs2021,none,clean,eval
C:\dfdata\raw\mucs2021\train\XTscbPr78nzuHhuu.wav,bonafide,hi-en,322882,mucs2021,none,clean,eval
C:\dfdata\raw\mucs2021\train\V11NDc0lxudGbWQU.wav,bonafide,hi-en,912184,mucs2021,none,clean,eval
C:\dfdata\raw\mucs2021\train\vE1rhq3ojNKZvQNv.wav,bonafide,hi-en,106718,mucs2021,none,clean,eval
C:\dfdata\raw\mucs2021\train\H6Z2BkcyVtiuiN7A.wav,bonafide,hi-en,445718,mucs2021,none,clean,eval
C:\dfdata\raw\mucs2021\train\K3X6AGezGWAoDe1q.wav,bonafide,hi-en,903756,mucs2021,none,clean,eval
C:\dfdata\raw\mucs2021\train\jSNK2zDaIvyZsMZp.wav,bonafide,hi-en,177570,mucs2021,none,clean,eval
C:\dfdata\raw\mucs2021\train\aKSsdMqkPfUWyYeS.wav,bonafide,hi-en,413057,mucs2021,none,clean,eval
C:\dfdata\raw\mucs2021\train\LSRBJiHdUoHm4BTI.wav,bonafide,hi-en,987461,mucs2021,none,clean,eval
C:\dfdata\raw\mucs2021\train\RyQSvr4r4iAMTYXq.wav,bonafide,hi-en,876898,mucs2021,none,clean,eval
C:\dfdata\raw\mucs2021\train\vE1rhq3ojNKZvQNv.wav,bonafide,hi-en,106718,mucs2021,none,clean,eval
C:\dfdata\raw\mucs2021\train\V11NDc0lxudGbWQU.wav,bonafide,hi-en,912184,mucs2021,none,clean,eval
C:\dfdata\raw\mucs2021\train\K3X6AGezGWAoDe1q.wav,bonafide,hi-en,903756,mucs2021,none,clean,eval
C:\dfdata\raw\mucs2021\train\DP5j8CLDeL6HHHSX.wav,bonafide,hi-en,142970,mucs2021,none,clean,eval
C:\dfdata\raw\mucs2021\train\DP5j8CLDeL6HHHSX.wav,bonafide,hi-en,142970,mucs2021,none,clean,eval
C:\dfdata\raw\mucs2021\train\LFpbaXkb8HuQ6DnF.wav,bonafide,hi-en,186783,mucs2021,none,clean,eval
C:\dfdata\raw\mucs2021\train\n4ACC4gnqW0IM1wW.wav,bonafide,hi-en,996368,mucs2021,none,clean,eval
C:\dfdata\raw\mucs2021\train\WgzliDtK6Htff0g2.wav,bonafide,hi-en,457295,mucs2021,none,clean,eval
C:\dfdata\raw\mucs2021\train\F4KjmwYhWvnpSE0m.wav,bonafide,hi-en,205240,mucs2021,none,clean,eval
C:\dfdata\raw\mucs2021\train\jSNK2zDaIvyZsMZp.wav,bonafide,hi-en,177570,mucs2021,none,clean,eval
C:\dfdata\raw\mucs2021\train\1eNS3GaW1oHHurL4.wav,bonafide,hi-en,975912,mucs2021,none,clean,eval
C:\dfdata\raw\mucs2021\train\jSNK2zDaIvyZsMZp.wav,bonafide,hi-en,177570,mucs2021,none,clean,eval
C:\dfdata\raw\mucs2021\train\wOTMMvC3WQ5YQRAF.wav,bonafide,hi-en,850754,mucs2021,none,clean,eval
C:\dfdata\raw\mucs2021\train\vE1rhq3ojNKZvQNv.wav,bonafide,hi-en,106718,mucs2021,none,clean,eval
C:\dfdata\raw\mucs2021\train\vZGSoJPH1tbvsyCa.wav,bonafide,hi-en,539226,mucs2021,none,clean,eval
C:\dfdata\raw\mucs2021\train\cyhxRWI0LoKYZvcw.wav,bonafide,hi-en,541304,mucs2021,none,clean,eval
C:\dfdata\raw\mucs2021\train\crdH0AI5aH25bEXe.wav,bonafide,hi-en,870582,mucs2021,none,clean,eval
C:\dfdata\raw\mucs2021\train\H6Z2BkcyVtiuiN7A.wav,bonafide,hi-en,445718,mucs2021,none,clean,eval
C:\dfdata\raw\mucs2021\train\cyhxRWI0LoKYZvcw.wav,bonafide,hi-en,541304,mucs2021,none,clean,eval
C:\dfdata\raw\mucs2021\train\n4ACC4gnqW0IM1wW.wav,bonafide,hi-en,996368,mucs2021,none,clean,eval
C:\dfdata\raw\mucs2021\train\LFpbaXkb8HuQ6DnF.wav,bonafide,hi-en,186783,mucs2021,none,clean,eval
C:\dfdata\raw\mucs2021\train\DP5j8CLDeL6HHHSX.wav,bonafide,hi-en,142970,mucs2021,none,clean,eval
C:\dfdata\raw\mucs2021\train\vZGSoJPH1tbvsyCa.wav,bonafide,hi-en,539226,mucs2021,none,clean,eval
C:\dfdata\raw\mucs2021\train\K3X6AGezGWAoDe1q.wav,bonafide,hi-en,903756,mucs2021,none,clean,eval
C:\dfdata\raw\mucs2021\train\vZGSoJPH1tbvsyCa.wav,bonafide,hi-en,539226,mucs2021,none,clean,eval
C:\dfdata\raw\mucs2021\train\DP5j8CLDeL6HHHSX.wav,bonafide,hi-en,142970,mucs2021,none,clean,eval
C:\dfdata\raw\mucs2021\train\jSNK2zDaIvyZsMZp.wav,bonafide,hi-en,177570,mucs2021,none,clean,eval
C:\dfdata\raw\mucs2021\train\aKSsdMqkPfUWyYeS.wav,bonafide,hi-en,413057,mucs2021,none,clean,eval
C:\dfdata\raw\mucs2021\train\cyhxRWI0LoKYZvcw.wav,bonafide,hi-en,541304,mucs2021,none,clean,eval
C:\dfdata\raw\mucs2021\train\RyQSvr4r4iAMTYXq.wav,bonafide,hi-en,876898,mucs2021,none,clean,eval
C:\dfdata\raw\mucs2021\train\WgzliDtK6Htff0g2.wav,bonafide,hi-en,457295,mucs2021,none,clean,eval
C:\dfdata\raw\mucs2021\train\cyhxRWI0LoKYZvcw.wav,bonafide,hi-en,541304,mucs2021,none,clean,eval
C:\dfdata\raw\mucs2021\train\jSNK2zDaIvyZsMZp.wav,bonafide,hi-en,177570,mucs2021,none,clean,eval
C:\dfdata\raw\mucs2021\train\aKSsdMqkPfUWyYeS.wav,bonafide,hi-en,413057,mucs2021,none,clean,eval
C:\dfdata\raw\mucs2021\train\n4ACC4gnqW0IM1wW.wav,bonafide,hi-en,996368,mucs2021,none,clean,eval
C:\dfdata\raw\mucs2021\train\wOTMMvC3WQ5YQRAF.wav,bonafide,hi-en,850754,mucs2021,none,clean,eval
C:\dfdata\raw\mucs2021\train\aKSsdMqkPfUWyYeS.wav,bonafide,hi-en,413057,mucs2021,none,clean,eval
C:\dfdata\raw\mucs2021\train\cyhxRWI0LoKYZvcw.wav,bonafide,hi-en,541304,mucs2021,none,clean,eval
C:\dfdata\raw\mucs2021\train\WgzliDtK6Htff0g2.wav,bonafide,hi-en,457295,mucs2021,none,clean,eval
C:\dfdata\raw\mucs2021\train\H6Z2BkcyVtiuiN7A.wav,bonafide,hi-en,445718,mucs2021,none,clean,eval
C:\dfdata\raw\mucs2021\train\jSNK2zDaIvyZsMZp.wav,bonafide,hi-en,177570,mucs2021,none,clean,eval
C:\dfdata\raw\mucs2021\train\1eNS3GaW1oHHurL4.wav,bonafide,hi-en,975912,mucs2021,none,clean,eval
C:\dfdata\raw\mucs2021\train\V11NDc0lxudGbWQU.wav,bonafide,hi-en,912184,mucs2021,none,clean,eval
C:\dfdata\raw\mucs2021\train\1ijxO93RTIJh2Rzv.wav,bonafide,hi-en,584991,mucs2021,none,clean,eval
C:\dfdata\raw\mucs2021\train\XTscbPr78nzuHhuu.wav,bonafide,hi-en,322882,mucs2021,none,clean,eval
C:\dfdata\raw\mucs2021\train\vZGSoJPH1tbvsyCa.wav,bonafide,hi-en,539226,mucs2021,none,clean,eval
C:\dfdata\raw\mucs2021\train\XTscbPr78nzuHhuu.wav,bonafide,hi-en,322882,mucs2021,none,clean,eval
C:\dfdata\raw\mucs2021\train\jSNK2zDaIvyZsMZp.wav,bonafide,hi-en,177570,mucs2021,none,clean,eval
C:\dfdata\raw\mucs2021\train\jCgweujQVV5haVF1.wav,bonafide,hi-en,634568,mucs2021,none,clean,eval
C:\dfdata\raw\mucs2021\train\cyhxRWI0LoKYZvcw.wav,bonafide,hi-en,541304,mucs2021,none,clean,eval
C:\dfdata\raw\mucs2021\train\cyhxRWI0LoKYZvcw.wav,bonafide,hi-en,541304,mucs2021,none,clean,eval
C:\dfdata\raw\mucs2021\train\LFpbaXkb8HuQ6DnF.wav,bonafide,hi-en,186783,mucs2021,none,clean,eval
C:\dfdata\raw\mucs2021\train\XTscbPr78nzuHhuu.wav,bonafide,hi-en,322882,mucs2021,none,clean,eval
C:\dfdata\raw\mucs2021\train\jSNK2zDaIvyZsMZp.wav,bonafide,hi-en,177570,mucs2021,none,clean,eval
C:\dfdata\raw\mucs2021\train\K3X6AGezGWAoDe1q.wav,bonafide,hi-en,903756,mucs2021,none,clean,eval
C:\dfdata\raw\mucs2021\train\WgzliDtK6Htff0g2.wav,bonafide,hi-en,457295,mucs2021,none,clean,eval
C:\dfdata\raw\mucs2021\train\cyhxRWI0LoKYZvcw.wav,bonafide,hi-en,541304,mucs2021,none,clean,eval
C:\dfdata\raw\mucs2021\train\DP5j8CLDeL6HHHSX.wav,bonafide,hi-en,142970,mucs2021,none,clean,eval
C:\dfdata\raw\mucs2021\train\wOTMMvC3WQ5YQRAF.wav,bonafide,hi-en,850754,mucs2021,none,clean,eval
C:\dfdata\raw\mucs2021\train\fZcxLszRnIHxmVQp.wav,bonafide,hi-en,705494,mucs2021,none,clean,eval
C:\dfdata\raw\mucs2021\train\LFpbaXkb8HuQ6DnF.wav,bonafide,hi-en,186783,mucs2021,none,clean,eval
C:\dfdata\raw\mucs2021\train\8xh3ZKpPy5YhAnKX.wav,bonafide,hi-en,893273,mucs2021,none,clean,eval
C:\dfdata\raw\mucs2021\train\K3X6AGezGWAoDe1q.wav,bonafide,hi-en,903756,mucs2021,none,clean,eval
C:\dfdata\raw\mucs2021\train\XTscbPr78nzuHhuu.wav,bonafide,hi-en,322882,mucs2021,none,clean,eval
C:\dfdata\raw\mucs2021\train\jSNK2zDaIvyZsMZp.wav,bonafide,hi-en,177570,mucs2021,none,clean,eval
C:\dfdata\raw\mucs2021\train\H6Z2BkcyVtiuiN7A.wav,bonafide,hi-en,445718,mucs2021,none,clean,eval
C:\dfdata\raw\mucs2021\train\TRInoJRJxAX3qv5C.wav,bonafide,hi-en,797767,mucs2021,none,clean,eval
C:\dfdata\raw\mucs2021\train\K3X6AGezGWAoDe1q.wav,bonafide,hi-en,903756,mucs2021,none,clean,eval
C:\dfdata\raw\mucs2021\train\1ijxO93RTIJh2Rzv.wav,bonafide,hi-en,584991,mucs2021,none,clean,eval
C:\dfdata\raw\mucs2021\train\WgzliDtK6Htff0g2.wav,bonafide,hi-en,457295,mucs2021,none,clean,eval
C:\dfdata\raw\mucs2021\train\1ijxO93RTIJh2Rzv.wav,bonafide,hi-en,584991,mucs2021,none,clean,eval
C:\dfdata\raw\mucs2021\train\DP5j8CLDeL6HHHSX.wav,bonafide,hi-en,142970,mucs2021,none,clean,eval
C:\dfdata\raw\mucs2021\train\WgzliDtK6Htff0g2.wav,bonafide,hi-en,457295,mucs2021,none,clean,eval
C:\dfdata\raw\mucs2021\train\DP5j8CLDeL6HHHSX.wav,bonafide,hi-en,142970,mucs2021,none,clean,eval
C:\dfdata\raw\mucs2021\train\WgzliDtK6Htff0g2.wav,bonafide,hi-en,457295,mucs2021,none,clean,eval
C:\dfdata\raw\mucs2021\train\vE1rhq3ojNKZvQNv.wav,bonafide,hi-en,106718,mucs2021,none,clean,eval
C:\dfdata\raw\mucs2021\train\TRInoJRJxAX3qv5C.wav,bonafide,hi-en,797767,mucs2021,none,clean,eval
C:\dfdata\raw\mucs2021\train\C3MtnFEDrRkWHSvJ.wav,bonafide,hi-en,539354,mucs2021,none,clean,eval
C:\dfdata\raw\mucs2021\train\DP5j8CLDeL6HHHSX.wav,bonafide,hi-en,142970,mucs2021,none,clean,eval
C:\dfdata\raw\mucs2021\train\TRInoJRJxAX3qv5C.wav,bonafide,hi-en,797767,mucs2021,none,clean,eval
C:\dfdata\raw\mucs2021\train\RyQSvr4r4iAMTYXq.wav,bonafide,hi-en,876898,mucs2021,none,clean,eval
C:\dfdata\raw\mucs2021\train\F4KjmwYhWvnpSE0m.wav,bonafide,hi-en,205240,mucs2021,none,clean,eval
C:\dfdata\raw\mucs2021\train\XTscbPr78nzuHhuu.wav,bonafide,hi-en,322882,mucs2021,none,clean,eval
C:\dfdata\raw\mucs2021\train\1eNS3GaW1oHHurL4.wav,bonafide,hi-en,975912,mucs2021,none,clean,eval
C:\dfdata\raw\mucs2021\train\vZGSoJPH1tbvsyCa.wav,bonafide,hi-en,539226,mucs2021,none,clean,eval
C:\dfdata\raw\mucs2021\train\cyhxRWI0LoKYZvcw.wav,bonafide,hi-en,541304,mucs2021,none,clean,eval
C:\dfdata\raw\mucs2021\train\vE1rhq3ojNKZvQNv.wav,bonafide,hi-en,106718,mucs2021,none,clean,eval
C:\dfdata\raw\mucs2021\train\1eNS3GaW1oHHurL4.wav,bonafide,hi-en,975912,mucs2021,none,clean,eval
C:\dfdata\raw\mucs2021\train\C3MtnFEDrRkWHSvJ.wav,bonafide,hi-en,539354,mucs2021,none,clean,eval
C:\dfdata\raw\mucs2021\train\C3MtnFEDrRkWHSvJ.wav,bonafide,hi-en,539354,mucs2021,none,clean,eval
C:\dfdata\raw\mucs2021\train\WgzliDtK6Htff0g2.wav,bonafide,hi-en,457295,mucs2021,none,clean,eval
C:\dfdata\raw\mucs2021\train\H6Z2BkcyVtiuiN7A.wav,bonafide,hi-en,445718,mucs2021,none,clean,eval
C:\dfdata\raw\mucs2021\train\n4ACC4gnqW0IM1wW.wav,bonafide,hi-en,996368,mucs2021,none,clean,eval
C:\dfdata\raw\mucs2021\train\jSNK2zDaIvyZsMZp.wav,bonafide,hi-en,177570,mucs2021,none,clean,eval
C:\dfdata\raw\mucs2021\train\H6Z2BkcyVtiuiN7A.wav,bonafide,hi-en,445718,mucs2021,none,clean,eval
C:\dfdata\raw\mucs2021\train\RyQSvr4r4iAMTYXq.wav,bonafide,hi-en,876898,mucs2021,none,clean,eval
C:\dfdata\raw\mucs2021\train\TRInoJRJxAX3qv5C.wav,bonafide,hi-en,797767,mucs2021,none,clean,eval
C:\dfdata\raw\mucs2021\train\LFpbaXkb8HuQ6DnF.wav,bonafide,hi-en,186783,mucs2021,none,clean,eval
C:\dfdata\raw\mucs2021\train\cyhxRWI0LoKYZvcw.wav,bonafide,hi-en,541304,mucs2021,none,clean,eval
C:\dfdata\raw\mucs2021\train\8xh3ZKpPy5YhAnKX.wav,bonafide,hi-en,893273,mucs2021,none,clean,eval
C:\dfdata\raw\mucs2021\train\1ijxO93RTIJh2Rzv.wav,bonafide,hi-en,584991,mucs2021,none,clean,eval
C:\dfdata\raw\mucs2021\train\WgzliDtK6Htff0g2.wav,bonafide,hi-en,457295,mucs2021,none,clean,eval
C:\dfdata\raw\mucs2021\train\RyQSvr4r4iAMTYXq.wav,bonafide,hi-en,876898,mucs2021,none,clean,eval
C:\dfdata\raw\mucs2021\train\WgzliDtK6Htff0g2.wav,bonafide,hi-en,457295,mucs2021,none,clean,eval
C:\dfdata\raw\mucs2021\train\LSRBJiHdUoHm4BTI.wav,bonafide,hi-en,987461,mucs2021,none,clean,eval
C:\dfdata\raw\mucs2021\train\wOTMMvC3WQ5YQRAF.wav,bonafide,hi-en,850754,mucs2021,none,clean,eval
C:\dfdata\raw\mucs2021\train\n4ACC4gnqW0IM1wW.wav,bonafide,hi-en,996368,mucs2021,none,clean,eval
C:\dfdata\raw\mucs2021\train\vE1rhq3ojNKZvQNv.wav,bonafide,hi-en,106718,mucs2021,none,clean,eval
C:\dfdata\raw\mucs2021\train\WgzliDtK6Htff0g2.wav,bonafide,hi-en,457295,mucs2021,none,clean,eval
C:\dfdata\raw\mucs2021\train\vE1rhq3ojNKZvQNv.wav,bonafide,hi-en,106718,mucs2021,none,clean,eval
C:\dfdata\raw\mucs2021\train\jCgweujQVV5haVF1.wav,bonafide,hi-en,634568,mucs2021,none,clean,eval
C:\dfdata\raw\mucs2021\train\DP5j8CLDeL6HHHSX.wav,bonafide,hi-en,142970,mucs2021,none,clean,eval
C:\dfdata\raw\mucs2021\train\RyQSvr4r4iAMTYXq.wav,bonafide,hi-en,876898,mucs2021,none,clean,eval
C:\dfdata\raw\mucs2021\train\aKSsdMqkPfUWyYeS.wav,bonafide,hi-en,413057,mucs2021,none,clean,eval
C:\dfdata\raw\mucs2021\train\aKSsdMqkPfUWyYeS.wav,bonafide,hi-en,413057,mucs2021,none,clean,eval
C:\dfdata\raw\mucs2021\train\cyhxRWI0LoKYZvcw.wav,bonafide,hi-en,541304,mucs2021,none,clean,eval
C:\dfdata\raw\mucs2021\train\TRInoJRJxAX3qv5C.wav,bonafide,hi-en,797767,mucs2021,none,clean,eval
C:\dfdata\raw\mucs2021\train\crdH0AI5aH25bEXe.wav,bonafide,hi-en,870582,mucs2021,none,clean,eval
C:\dfdata\raw\mucs2021\train\LFpbaXkb8HuQ6DnF.wav,bonafide,hi-en,186783,mucs2021,none,clean,eval
C:\dfdata\raw\mucs2021\train\vE1rhq3ojNKZvQNv.wav,bonafide,hi-en,106718,mucs2021,none,clean,eval
C:\dfdata\raw\mucs2021\train\F4KjmwYhWvnpSE0m.wav,bonafide,hi-en,205240,mucs2021,none,clean,eval
C:\dfdata\raw\mucs2021\train\8xh3ZKpPy5YhAnKX.wav,bonafide,hi-en,893273,mucs2021,none,clean,eval
C:\dfdata\raw\mucs2021\train\H6Z2BkcyVtiuiN7A.wav,bonafide,hi-en,445718,mucs2021,none,clean,eval
C:\dfdata\raw\mucs2021\train\LSRBJiHdUoHm4BTI.wav,bonafide,hi-en,987461,mucs2021,none,clean,eval
C:\dfdata\raw\mucs2021\train\LFpbaXkb8HuQ6DnF.wav,bonafide,hi-en,186783,mucs2021,none,clean,eval
C:\dfdata\raw\mucs2021\train\aKSsdMqkPfUWyYeS.wav,bonafide,hi-en,413057,mucs2021,none,clean,eval
C:\dfdata\raw\mucs2021\train\1ijxO93RTIJh2Rzv.wav,bonafide,hi-en,584991,mucs2021,none,clean,eval
C:\dfdata\raw\mucs2021\train\fZcxLszRnIHxmVQp.wav,bonafide,hi-en,705494,mucs2021,none,clean,eval
C:\dfdata\raw\mucs2021\train\K3X6AGezGWAoDe1q.wav,bonafide,hi-en,903756,mucs2021,none,clean,eval
C:\dfdata\raw\mucs2021\train\cyhxRWI0LoKYZvcw.wav,bonafide,hi-en,541304,mucs2021,none,clean,eval
C:\dfdata\raw\mucs2021\train\jCgweujQVV5haVF1.wav,bonafide,hi-en,634568,mucs2021,none,clean,eval
C:\dfdata\raw\mucs2021\train\DP5j8CLDeL6HHHSX.wav,bonafide,hi-en,142970,mucs2021,none,clean,eval
C:\dfdata\raw\mucs2021\train\vE1rhq3ojNKZvQNv.wav,bonafide,hi-en,106718,mucs2021,none,clean,eval
C:\dfdata\raw\mucs2021\train\LFpbaXkb8HuQ6DnF.wav,bonafide,hi-en,186783,mucs2021,none,clean,eval
C:\dfdata\raw\mucs2021\train\LSRBJiHdUoHm4BTI.wav,bonafide,hi-en,987461,mucs2021,none,clean,eval
C:\dfdata\raw\mucs2021\train\1ijxO93RTIJh2Rzv.wav,bonafide,hi-en,584991,mucs2021,none,clean,eval
C:\dfdata\raw\mucs2021\train\WgzliDtK6Htff0g2.wav,bonafide,hi-en,457295,mucs2021,none,clean,eval
C:\dfdata\raw\mucs2021\train\RyQSvr4r4iAMTYXq.wav,bonafide,hi-en,876898,mucs2021,none,clean,eval
C:\dfdata\raw\mucs2021\train\cyhxRWI0LoKYZvcw.wav,bonafide,hi-en,541304,mucs2021,none,clean,eval
C:\dfdata\raw\mucs2021\train\WgzliDtK6Htff0g2.wav,bonafide,hi-en,457295,mucs2021,none,clean,eval
C:\dfdata\raw\mucs2021\train\wOTMMvC3WQ5YQRAF.wav,bonafide,hi-en,850754,mucs2021,none,clean,eval
C:\dfdata\raw\mucs2021\train\vE1rhq3ojNKZvQNv.wav,bonafide,hi-en,106718,mucs2021,none,clean,eval
C:\dfdata\raw\mucs2021\train\RyQSvr4r4iAMTYXq.wav,bonafide,hi-en,876898,mucs2021,none,clean,eval
C:\dfdata\raw\mucs2021\train\DP5j8CLDeL6HHHSX.wav,bonafide,hi-en,142970,mucs2021,none,clean,eval
C:\dfdata\raw\mucs2021\train\1eNS3GaW1oHHurL4.wav,bonafide,hi-en,975912,mucs2021,none,clean,eval
C:\dfdata\raw\mucs2021\train\vE1rhq3ojNKZvQNv.wav,bonafide,hi-en,106718,mucs2021,none,clean,eval
C:\dfdata\raw\mucs2021\train\vE1rhq3ojNKZvQNv.wav,bonafide,hi-en,106718,mucs2021,none,clean,eval
C:\dfdata\raw\mucs2021\train\jCgweujQVV5haVF1.wav,bonafide,hi-en,634568,mucs2021,none,clean,eval
C:\dfdata\raw\mucs2021\train\crdH0AI5aH25bEXe.wav,bonafide,hi-en,870582,mucs2021,none,clean,eval
C:\dfdata\raw\mucs2021\train\n4ACC4gnqW0IM1wW.wav,bonafide,hi-en,996368,mucs2021,none,clean,eval
C:\dfdata\raw\mucs2021\train\cyhxRWI0LoKYZvcw.wav,bonafide,hi-en,541304,mucs2021,none,clean,eval
C:\dfdata\raw\mucs2021\train\jCgweujQVV5haVF1.wav,bonafide,hi-en,634568,mucs2021,none,clean,eval
C:\dfdata\raw\mucs2021\train\V11NDc0lxudGbWQU.wav,bonafide,hi-en,912184,mucs2021,none,clean,eval
C:\dfdata\raw\mucs2021\train\crdH0AI5aH25bEXe.wav,bonafide,hi-en,870582,mucs2021,none,clean,eval
C:\dfdata\raw\mucs2021\train\1ijxO93RTIJh2Rzv.wav,bonafide,hi-en,584991,mucs2021,none,clean,eval
C:\dfdata\raw\mucs2021\train\vE1rhq3ojNKZvQNv.wav,bonafide,hi-en,106718,mucs2021,none,clean,eval
C:\dfdata\raw\mucs2021\train\RyQSvr4r4iAMTYXq.wav,bonafide,hi-en,876898,mucs2021,none,clean,eval
C:\dfdata\raw\mucs2021\train\wOTMMvC3WQ5YQRAF.wav,bonafide,hi-en,850754,mucs2021,none,clean,eval
C:\dfdata\raw\mucs2021\train\V11NDc0lxudGbWQU.wav,bonafide,hi-en,912184,mucs2021,none,clean,eval
C:\dfdata\raw\mucs2021\train\F4KjmwYhWvnpSE0m.wav,bonafide,hi-en,205240,mucs2021,none,clean,eval
C:\dfdata\raw\mucs2021\train\jSNK2zDaIvyZsMZp.wav,bonafide,hi-en,177570,mucs2021,none,clean,eval
C:\dfdata\raw\mucs2021\train\n4ACC4gnqW0IM1wW.wav,bonafide,hi-en,996368,mucs2021,none,clean,eval
C:\dfdata\raw\mucs2021\train\n4ACC4gnqW0IM1wW.wav,bonafide,hi-en,996368,mucs2021,none,clean,eval
C:\dfdata\raw\mucs2021\train\vZGSoJPH1tbvsyCa.wav,bonafide,hi-en,539226,mucs2021,none,clean,eval
C:\dfdata\raw\mucs2021\train\DP5j8CLDeL6HHHSX.wav,bonafide,hi-en,142970,mucs2021,none,clean,eval
C:\dfdata\raw\mucs2021\train\LFpbaXkb8HuQ6DnF.wav,bonafide,hi-en,186783,mucs2021,none,clean,eval
C:\dfdata\raw\mucs2021\train\TRInoJRJxAX3qv5C.wav,bonafide,hi-en,797767,mucs2021,none,clean,eval
C:\dfdata\raw\mucs2021\train\fZcxLszRnIHxmVQp.wav,bonafide,hi-en,705494,mucs2021,none,clean,eval
C:\dfdata\raw\mucs2021\train\n4ACC4gnqW0IM1wW.wav,bonafide,hi-en,996368,mucs2021,none,clean,eval
C:\dfdata\raw\mucs2021\train\jSNK2zDaIvyZsMZp.wav,bonafide,hi-en,177570,mucs2021,none,clean,eval
C:\dfdata\raw\mucs2021\train\H6Z2BkcyVtiuiN7A.wav,bonafide,hi-en,445718,mucs2021,none,clean,eval
C:\dfdata\raw\mucs2021\train\1ijxO93RTIJh2Rzv.wav,bonafide,hi-en,584991,mucs2021,none,clean,eval
C:\dfdata\raw\mucs2021\train\jSNK2zDaIvyZsMZp.wav,bonafide,hi-en,177570,mucs2021,none,clean,eval
C:\dfdata\raw\mucs2021\train\1eNS3GaW1oHHurL4.wav,bonafide,hi-en,975912,mucs2021,none,clean,eval
C:\dfdata\raw\mucs2021\train\1ijxO93RTIJh2Rzv.wav,bonafide,hi-en,584991,mucs2021,none,clean,eval
C:\dfdata\raw\mucs2021\train\aKSsdMqkPfUWyYeS.wav,bonafide,hi-en,413057,mucs2021,none,clean,eval
C:\dfdata\raw\mucs2021\train\vZGSoJPH1tbvsyCa.wav,bonafide,hi-en,539226,mucs2021,none,clean,eval
C:\dfdata\raw\mucs2021\train\jSNK2zDaIvyZsMZp.wav,bonafide,hi-en,177570,mucs2021,none,clean,eval
C:\dfdata\raw\mucs2021\train\8xh3ZKpPy5YhAnKX.wav,bonafide,hi-en,893273,mucs2021,none,clean,eval
C:\dfdata\raw\mucs2021\train\1eNS3GaW1oHHurL4.wav,bonafide,hi-en,975912,mucs2021,none,clean,eval
C:\dfdata\raw\mucs2021\train\XTscbPr78nzuHhuu.wav,bonafide,hi-en,322882,mucs2021,none,clean,eval
C:\dfdata\raw\mucs2021\train\DP5j8CLDeL6HHHSX.wav,bonafide,hi-en,142970,mucs2021,none,clean,eval
C:\dfdata\raw\mucs2021\train\crdH0AI5aH25bEXe.wav,bonafide,hi-en,870582,mucs2021,none,clean,eval
C:\dfdata\raw\mucs2021\train\TRInoJRJxAX3qv5C.wav,bonafide,hi-en,797767,mucs2021,none,clean,eval
C:\dfdata\raw\mucs2021\train\H6Z2BkcyVtiuiN7A.wav,bonafide,hi-en,445718,mucs2021,none,clean,eval
C:\dfdata\raw\mucs2021\train\LFpbaXkb8HuQ6DnF.wav,bonafide,hi-en,186783,mucs2021,none,clean,eval
C:\dfdata\raw\mucs2021\train\cyhxRWI0LoKYZvcw.wav,bonafide,hi-en,541304,mucs2021,none,clean,eval
C:\dfdata\raw\mucs2021\train\vZGSoJPH1tbvsyCa.wav,bonafide,hi-en,539226,mucs2021,none,clean,eval
C:\dfdata\raw\mucs2021\train\LSRBJiHdUoHm4BTI.wav,bonafide,hi-en,987461,mucs2021,none,clean,eval
C:\dfdata\raw\mucs2021\train\8xh3ZKpPy5YhAnKX.wav,bonafide,hi-en,893273,mucs2021,none,clean,eval
C:\dfdata\raw\mucs2021\train\vE1rhq3ojNKZvQNv.wav,bonafide,hi-en,106718,mucs2021,none,clean,eval
C:\dfdata\raw\mucs2021\train\RyQSvr4r4iAMTYXq.wav,bonafide,hi-en,876898,mucs2021,none,clean,eval
C:\dfdata\raw\mucs2021\train\1eNS3GaW1oHHurL4.wav,bonafide,hi-en,975912,mucs2021,none,clean,eval
C:\dfdata\raw\mucs2021\train\wOTMMvC3WQ5YQRAF.wav,bonafide,hi-en,850754,mucs2021,none,clean,eval
C:\dfdata\raw\mucs2021\train\TRInoJRJxAX3qv5C.wav,bonafide,hi-en,797767,mucs2021,none,clean,eval
C:\dfdata\raw\mucs2021\train\RyQSvr4r4iAMTYXq.wav,bonafide,hi-en,876898,mucs2021,none,clean,eval
C:\dfdata\raw\mucs2021\train\H6Z2BkcyVtiuiN7A.wav,bonafide,hi-en,445718,mucs2021,none,clean,eval
C:\dfdata\raw\mucs2021\train\DP5j8CLDeL6HHHSX.wav,bonafide,hi-en,142970,mucs2021,none,clean,eval
C:\dfdata\raw\mucs2021\train\C3MtnFEDrRkWHSvJ.wav,bonafide,hi-en,539354,mucs2021,none,clean,eval
C:\dfdata\raw\mucs2021\train\vE1rhq3ojNKZvQNv.wav,bonafide,hi-en,106718,mucs2021,none,clean,eval
C:\dfdata\raw\mucs2021\train\RyQSvr4r4iAMTYXq.wav,bonafide,hi-en,876898,mucs2021,none,clean,eval
C:\dfdata\raw\mucs2021\train\H6Z2BkcyVtiuiN7A.wav,bonafide,hi-en,445718,mucs2021,none,clean,eval
C:\dfdata\raw\mucs2021\train\C3MtnFEDrRkWHSvJ.wav,bonafide,hi-en,539354,mucs2021,none,clean,eval
C:\dfdata\raw\mucs2021\train\vE1rhq3ojNKZvQNv.wav,bonafide,hi-en,106718,mucs2021,none,clean,eval
C:\dfdata\raw\mucs2021\train\V11NDc0lxudGbWQU.wav,bonafide,hi-en,912184,mucs2021,none,clean,eval
C:\dfdata\raw\mucs2021\train\jCgweujQVV5haVF1.wav,bonafide,hi-en,634568,mucs2021,none,clean,eval
C:\dfdata\raw\mucs2021\train\H6Z2BkcyVtiuiN7A.wav,bonafide,hi-en,445718,mucs2021,none,clean,eval
C:\dfdata\raw\mucs2021\train\fZcxLszRnIHxmVQp.wav,bonafide,hi-en,705494,mucs2021,none,clean,eval
C:\dfdata\raw\mucs2021\train\1ijxO93RTIJh2Rzv.wav,bonafide,hi-en,584991,mucs2021,none,clean,eval
C:\dfdata\raw\mucs2021\train\WgzliDtK6Htff0g2.wav,bonafide,hi-en,457295,mucs2021,none,clean,eval
C:\dfdata\raw\mucs2021\train\K3X6AGezGWAoDe1q.wav,bonafide,hi-en,903756,mucs2021,none,clean,eval
C:\dfdata\raw\mucs2021\train\K3X6AGezGWAoDe1q.wav,bonafide,hi-en,903756,mucs2021,none,clean,eval
C:\dfdata\raw\mucs2021\train\jSNK2zDaIvyZsMZp.wav,bonafide,hi-en,177570,mucs2021,none,clean,eval
C:\dfdata\raw\mucs2021\train\jSNK2zDaIvyZsMZp.wav,bonafide,hi-en,177570,mucs2021,none,clean,eval
C:\dfdata\raw\mucs2021\train\XTscbPr78nzuHhuu.wav,bonafide,hi-en,322882,mucs2021,none,clean,eval
C:\dfdata\raw\mucs2021\train\vE1rhq3ojNKZvQNv.wav,bonafide,hi-en,106718,mucs2021,none,clean,eval
C:\dfdata\raw\mucs2021\train\vE1rhq3ojNKZvQNv.wav,bonafide,hi-en,106718,mucs2021,none,clean,eval
C:\dfdata\raw\mucs2021\train\8xh3ZKpPy5YhAnKX.wav,bonafide,hi-en,893273,mucs2021,none,clean,eval
C:\dfdata\raw\mucs2021\train\C3MtnFEDrRkWHSvJ.wav,bonafide,hi-en,539354,mucs2021,none,clean,eval
C:\dfdata\raw\mucs2021\train\WgzliDtK6Htff0g2.wav,bonafide,hi-en,457295,mucs2021,none,clean,eval
C:\dfdata\raw\mucs2021\train\cyhxRWI0LoKYZvcw.wav,bonafide,hi-en,541304,mucs2021,none,clean,eval
C:\dfdata\raw\mucs2021\train\XTscbPr78nzuHhuu.wav,bonafide,hi-en,322882,mucs2021,none,clean,eval
C:\dfdata\raw\mucs2021\train\XTscbPr78nzuHhuu.wav,bonafide,hi-en,322882,mucs2021,none,clean,eval
C:\dfdata\raw\mucs2021\train\DP5j8CLDeL6HHHSX.wav,bonafide,hi-en,142970,mucs2021,none,clean,eval
C:\dfdata\raw\mucs2021\train\vE1rhq3ojNKZvQNv.wav,bonafide,hi-en,106718,mucs2021,none,clean,eval
C:\dfdata\raw\mucs2021\train\V11NDc0lxudGbWQU.wav,bonafide,hi-en,912184,mucs2021,none,clean,eval
C:\dfdata\raw\mucs2021\train\cyhxRWI0LoKYZvcw.wav,bonafide,hi-en,541304,mucs2021,none,clean,eval
C:\dfdata\raw\mucs2021\train\H6Z2BkcyVtiuiN7A.wav,bonafide,hi-en,445718,mucs2021,none,clean,eval
C:\dfdata\raw\mucs2021\train\1eNS3GaW1oHHurL4.wav,bonafide,hi-en,975912,mucs2021,none,clean,eval
C:\dfdata\raw\mucs2021\train\RyQSvr4r4iAMTYXq.wav,bonafide,hi-en,876898,mucs2021,none,clean,eval
C:\dfdata\raw\mucs2021\train\H6Z2BkcyVtiuiN7A.wav,bonafide,hi-en,445718,mucs2021,none,clean,eval
C:\dfdata\raw\mucs2021\train\XTscbPr78nzuHhuu.wav,bonafide,hi-en,322882,mucs2021,none,clean,eval
C:\dfdata\raw\mucs2021\train\cyhxRWI0LoKYZvcw.wav,bonafide,hi-en,541304,mucs2021,none,clean,eval
C:\dfdata\raw\mucs2021\train\n4ACC4gnqW0IM1wW.wav,bonafide,hi-en,996368,mucs2021,none,clean,eval
C:\dfdata\raw\mucs2021\train\fZcxLszRnIHxmVQp.wav,bonafide,hi-en,705494,mucs2021,none,clean,eval
C:\dfdata\raw\mucs2021\train\V11NDc0lxudGbWQU.wav,bonafide,hi-en,912184,mucs2021,none,clean,eval
C:\dfdata\raw\mucs2021\train\aKSsdMqkPfUWyYeS.wav,bonafide,hi-en,413057,mucs2021,none,clean,eval
C:\dfdata\raw\mucs2021\train\H6Z2BkcyVtiuiN7A.wav,bonafide,hi-en,445718,mucs2021,none,clean,eval
C:\dfdata\raw\mucs2021\train\n4ACC4gnqW0IM1wW.wav,bonafide,hi-en,996368,mucs2021,none,clean,eval
C:\dfdata\raw\mucs2021\train\DP5j8CLDeL6HHHSX.wav,bonafide,hi-en,142970,mucs2021,none,clean,eval
C:\dfdata\raw\mucs2021\train\DP5j8CLDeL6HHHSX.wav,bonafide,hi-en,142970,mucs2021,none,clean,eval
C:\dfdata\raw\mucs2021\train\H6Z2BkcyVtiuiN7A.wav,bonafide,hi-en,445718,mucs2021,none,clean,eval
C:\dfdata\raw\mucs2021\train\vE1rhq3ojNKZvQNv.wav,bonafide,hi-en,106718,mucs2021,none,clean,eval
C:\dfdata\raw\mucs2021\train\RyQSvr4r4iAMTYXq.wav,bonafide,hi-en,876898,mucs2021,none,clean,eval
C:\dfdata\raw\mucs2021\train\cyhxRWI0LoKYZvcw.wav,bonafide,hi-en,541304,mucs2021,none,clean,eval
C:\dfdata\raw\mucs2021\train\C3MtnFEDrRkWHSvJ.wav,bonafide,hi-en,539354,mucs2021,none,clean,eval
C:\dfdata\raw\mucs2021\train\vE1rhq3ojNKZvQNv.wav,bonafide,hi-en,106718,mucs2021,none,clean,eval
C:\dfdata\raw\mucs2021\train\TRInoJRJxAX3qv5C.wav,bonafide,hi-en,797767,mucs2021,none,clean,eval
C:\dfdata\raw\mucs2021\train\1eNS3GaW1oHHurL4.wav,bonafide,hi-en,975912,mucs2021,none,clean,eval
C:\dfdata\raw\mucs2021\train\LSRBJiHdUoHm4BTI.wav,bonafide,hi-en,987461,mucs2021,none,clean,eval
C:\dfdata\raw\mucs2021\train\1ijxO93RTIJh2Rzv.wav,bonafide,hi-en,584991,mucs2021,none,clean,eval
C:\dfdata\raw\mucs2021\train\XTscbPr78nzuHhuu.wav,bonafide,hi-en,322882,mucs2021,none,clean,eval
C:\dfdata\raw\mucs2021\train\F4KjmwYhWvnpSE0m.wav,bonafide,hi-en,205240,mucs2021,none,clean,eval
C:\dfdata\raw\mucs2021\train\jSNK2zDaIvyZsMZp.wav,bonafide,hi-en,177570,mucs2021,none,clean,eval
C:\dfdata\raw\mucs2021\train\1ijxO93RTIJh2Rzv.wav,bonafide,hi-en,584991,mucs2021,none,clean,eval
C:\dfdata\raw\mucs2021\train\H6Z2BkcyVtiuiN7A.wav,bonafide,hi-en,445718,mucs2021,none,clean,eval
C:\dfdata\raw\mucs2021\train\wOTMMvC3WQ5YQRAF.wav,bonafide,hi-en,850754,mucs2021,none,clean,eval
C:\dfdata\raw\mucs2021\train\C3MtnFEDrRkWHSvJ.wav,bonafide,hi-en,539354,mucs2021,none,clean,eval
C:\dfdata\raw\mucs2021\train\cyhxRWI0LoKYZvcw.wav,bonafide,hi-en,541304,mucs2021,none,clean,eval
C:\dfdata\raw\mucs2021\train\H6Z2BkcyVtiuiN7A.wav,bonafide,hi-en,445718,mucs2021,none,clean,eval
C:\dfdata\raw\mucs2021\train\jSNK2zDaIvyZsMZp.wav,bonafide,hi-en,177570,mucs2021,none,clean,eval
C:\dfdata\raw\mucs2021\train\LFpbaXkb8HuQ6DnF.wav,bonafide,hi-en,186783,mucs2021,none,clean,eval
C:\dfdata\raw\mucs2021\train\jSNK2zDaIvyZsMZp.wav,bonafide,hi-en,177570,mucs2021,none,clean,eval
C:\dfdata\raw\mucs2021\train\H6Z2BkcyVtiuiN7A.wav,bonafide,hi-en,445718,mucs2021,none,clean,eval
C:\dfdata\raw\mucs2021\train\TRInoJRJxAX3qv5C.wav,bonafide,hi-en,797767,mucs2021,none,clean,eval
C:\dfdata\raw\mucs2021\train\LSRBJiHdUoHm4BTI.wav,bonafide,hi-en,987461,mucs2021,none,clean,eval
C:\dfdata\raw\mucs2021\train\jCgweujQVV5haVF1.wav,bonafide,hi-en,634568,mucs2021,none,clean,eval
C:\dfdata\raw\mucs2021\train\1eNS3GaW1oHHurL4.wav,bonafide,hi-en,975912,mucs2021,none,clean,eval
C:\dfdata\raw\mucs2021\train\cyhxRWI0LoKYZvcw.wav,bonafide,hi-en,541304,mucs2021,none,clean,eval
C:\dfdata\raw\mucs2021\train\jSNK2zDaIvyZsMZp.wav,bonafide,hi-en,177570,mucs2021,none,clean,eval
C:\dfdata\raw\mucs2021\train\jCgweujQVV5haVF1.wav,bonafide,hi-en,634568,mucs2021,none,clean,eval
C:\dfdata\raw\mucs2021\train\cyhxRWI0LoKYZvcw.wav,bonafide,hi-en,541304,mucs2021,none,clean,eval
C:\dfdata\raw\mucs2021\train\LFpbaXkb8HuQ6DnF.wav,bonafide,hi-en,186783,mucs2021,none,clean,eval
C:\dfdata\raw\mucs2021\train\fZcxLszRnIHxmVQp.wav,bonafide,hi-en,705494,mucs2021,none,clean,eval
C:\dfdata\raw\mucs2021\train\cyhxRWI0LoKYZvcw.wav,bonafide,hi-en,541304,mucs2021,none,clean,eval
C:\dfdata\raw\mucs2021\train\vZGSoJPH1tbvsyCa.wav,bonafide,hi-en,539226,mucs2021,none,clean,eval
C:\dfdata\raw\mucs2021\train\LFpbaXkb8HuQ6DnF.wav,bonafide,hi-en,186783,mucs2021,none,clean,eval
C:\dfdata\raw\mucs2021\train\DP5j8CLDeL6HHHSX.wav,bonafide,hi-en,142970,mucs2021,none,clean,eval
C:\dfdata\raw\mucs2021\train\WgzliDtK6Htff0g2.wav,bonafide,hi-en,457295,mucs2021,none,clean,eval
C:\dfdata\raw\mucs2021\train\jCgweujQVV5haVF1.wav,bonafide,hi-en,634568,mucs2021,none,clean,eval
C:\dfdata\raw\mucs2021\train\TRInoJRJxAX3qv5C.wav,bonafide,hi-en,797767,mucs2021,none,clean,eval
C:\dfdata\raw\mucs2021\train\XTscbPr78nzuHhuu.wav,bonafide,hi-en,322882,mucs2021,none,clean,eval
C:\dfdata\raw\mucs2021\train\RyQSvr4r4iAMTYXq.wav,bonafide,hi-en,876898,mucs2021,none,clean,eval
C:\dfdata\raw\mucs2021\train\WgzliDtK6Htff0g2.wav,bonafide,hi-en,457295,mucs2021,none,clean,eval
C:\dfdata\raw\mucs2021\train\n4ACC4gnqW0IM1wW.wav,bonafide,hi-en,996368,mucs2021,none,clean,eval
C:\dfdata\raw\mucs2021\train\vZGSoJPH1tbvsyCa.wav,bonafide,hi-en,539226,mucs2021,none,clean,eval
C:\dfdata\raw\mucs2021\train\crdH0AI5aH25bEXe.wav,bonafide,hi-en,870582,mucs2021,none,clean,eval
C:\dfdata\raw\mucs2021\train\WgzliDtK6Htff0g2.wav,bonafide,hi-en,457295,mucs2021,none,clean,eval
C:\dfdata\raw\mucs2021\train\DP5j8CLDeL6HHHSX.wav,bonafide,hi-en,142970,mucs2021,none,clean,eval
C:\dfdata\raw\mucs2021\train\wOTMMvC3WQ5YQRAF.wav,bonafide,hi-en,850754,mucs2021,none,clean,eval
C:\dfdata\raw\mucs2021\train\crdH0AI5aH25bEXe.wav,bonafide,hi-en,870582,mucs2021,none,clean,eval
C:\dfdata\raw\mucs2021\train\F4KjmwYhWvnpSE0m.wav,bonafide,hi-en,205240,mucs2021,none,clean,eval
C:\dfdata\raw\mucs2021\train\F4KjmwYhWvnpSE0m.wav,bonafide,hi-en,205240,mucs2021,none,clean,eval
C:\dfdata\raw\mucs2021\train\vE1rhq3ojNKZvQNv.wav,bonafide,hi-en,106718,mucs2021,none,clean,eval
C:\dfdata\raw\mucs2021\train\jSNK2zDaIvyZsMZp.wav,bonafide,hi-en,177570,mucs2021,none,clean,eval
C:\dfdata\raw\mucs2021\train\WgzliDtK6Htff0g2.wav,bonafide,hi-en,457295,mucs2021,none,clean,eval
C:\dfdata\raw\mucs2021\train\fZcxLszRnIHxmVQp.wav,bonafide,hi-en,705494,mucs2021,none,clean,eval
C:\dfdata\raw\mucs2021\train\K3X6AGezGWAoDe1q.wav,bonafide,hi-en,903756,mucs2021,none,clean,eval
C:\dfdata\raw\mucs2021\train\aKSsdMqkPfUWyYeS.wav,bonafide,hi-en,413057,mucs2021,none,clean,eval
C:\dfdata\raw\mucs2021\train\LSRBJiHdUoHm4BTI.wav,bonafide,hi-en,987461,mucs2021,none,clean,eval
C:\dfdata\raw\mucs2021\train\jSNK2zDaIvyZsMZp.wav,bonafide,hi-en,177570,mucs2021,none,clean,eval
C:\dfdata\raw\mucs2021\train\jSNK2zDaIvyZsMZp.wav,bonafide,hi-en,177570,mucs2021,none,clean,eval
C:\dfdata\raw\mucs2021\train\fZcxLszRnIHxmVQp.wav,bonafide,hi-en,705494,mucs2021,none,clean,eval
C:\dfdata\raw\mucs2021\train\LFpbaXkb8HuQ6DnF.wav,bonafide,hi-en,186783,mucs2021,none,clean,eval
C:\dfdata\raw\mucs2021\train\cyhxRWI0LoKYZvcw.wav,bonafide,hi-en,541304,mucs2021,none,clean,eval
C:\dfdata\raw\mucs2021\train\vZGSoJPH1tbvsyCa.wav,bonafide,hi-en,539226,mucs2021,none,clean,eval
C:\dfdata\raw\mucs2021\train\jCgweujQVV5haVF1.wav,bonafide,hi-en,634568,mucs2021,none,clean,eval
C:\dfdata\raw\mucs2021\train\H6Z2BkcyVtiuiN7A.wav,bonafide,hi-en,445718,mucs2021,none,clean,eval
C:\dfdata\raw\mucs2021\train\C3MtnFEDrRkWHSvJ.wav,bonafide,hi-en,539354,mucs2021,none,clean,eval
C:\dfdata\raw\mucs2021\train\WgzliDtK6Htff0g2.wav,bonafide,hi-en,457295,mucs2021,none,clean,eval
C:\dfdata\raw\mucs2021\train\jSNK2zDaIvyZsMZp.wav,bonafide,hi-en,177570,mucs2021,none,clean,eval
C:\dfdata\raw\mucs2021\train\K3X6AGezGWAoDe1q.wav,bonafide,hi-en,903756,mucs2021,none,clean,eval
C:\dfdata\raw\mucs2021\train\n4ACC4gnqW0IM1wW.wav,bonafide,hi-en,996368,mucs2021,none,clean,eval
C:\dfdata\raw\mucs2021\train\cyhxRWI0LoKYZvcw.wav,bonafide,hi-en,541304,mucs2021,none,clean,eval
C:\dfdata\raw\mucs2021\train\vE1rhq3ojNKZvQNv.wav,bonafide,hi-en,106718,mucs2021,none,clean,eval
C:\dfdata\raw\mucs2021\train\1ijxO93RTIJh2Rzv.wav,bonafide,hi-en,584991,mucs2021,none,clean,eval
C:\dfdata\raw\mucs2021\train\wOTMMvC3WQ5YQRAF.wav,bonafide,hi-en,850754,mucs2021,none,clean,eval
C:\dfdata\raw\mucs2021\train\WgzliDtK6Htff0g2.wav,bonafide,hi-en,457295,mucs2021,none,clean,eval
C:\dfdata\raw\mucs2021\train\WgzliDtK6Htff0g2.wav,bonafide,hi-en,457295,mucs2021,none,clean,eval
C:\dfdata\raw\mucs2021\train\1ijxO93RTIJh2Rzv.wav,bonafide,hi-en,584991,mucs2021,none,clean,eval
C:\dfdata\raw\mucs2021\train\XTscbPr78nzuHhuu.wav,bonafide,hi-en,322882,mucs2021,none,clean,eval
C:\dfdata\raw\mucs2021\train\crdH0AI5aH25bEXe.wav,bonafide,hi-en,870582,mucs2021,none,clean,eval
C:\dfdata\raw\mucs2021\train\n4ACC4gnqW0IM1wW.wav,bonafide,hi-en,996368,mucs2021,none,clean,eval
C:\dfdata\raw\mucs2021\train\V11NDc0lxudGbWQU.wav,bonafide,hi-en,912184,mucs2021,none,clean,eval
C:\dfdata\raw\mucs2021\train\LSRBJiHdUoHm4BTI.wav,bonafide,hi-en,987461,mucs2021,none,clean,eval
C:\dfdata\raw\mucs2021\train\crdH0AI5aH25bEXe.wav,bonafide,hi-en,870582,mucs2021,none,clean,eval
C:\dfdata\raw\mucs2021\train\cyhxRWI0LoKYZvcw.wav,bonafide,hi-en,541304,mucs2021,none,clean,eval
C:\dfdata\raw\mucs2021\train\TRInoJRJxAX3qv5C.wav,bonafide,hi-en,797767,mucs2021,none,clean,eval
C:\dfdata\raw\mucs2021\train\RyQSvr4r4iAMTYXq.wav,bonafide,hi-en,876898,mucs2021,none,clean,eval
C:\dfdata\raw\mucs2021\train\aKSsdMqkPfUWyYeS.wav,bonafide,hi-en,413057,mucs2021,none,clean,eval
C:\dfdata\raw\mucs2021\train\1eNS3GaW1oHHurL4.wav,bonafide,hi-en,975912,mucs2021,none,clean,eval
C:\dfdata\raw\mucs2021\train\RyQSvr4r4iAMTYXq.wav,bonafide,hi-en,876898,mucs2021,none,clean,eval
C:\dfdata\raw\mucs2021\train\F4KjmwYhWvnpSE0m.wav,bonafide,hi-en,205240,mucs2021,none,clean,eval
C:\dfdata\raw\mucs2021\train\WgzliDtK6Htff0g2.wav,bonafide,hi-en,457295,mucs2021,none,clean,eval
C:\dfdata\raw\mucs2021\train\C3MtnFEDrRkWHSvJ.wav,bonafide,hi-en,539354,mucs2021,none,clean,eval
C:\dfdata\raw\mucs2021\train\V11NDc0lxudGbWQU.wav,bonafide,hi-en,912184,mucs2021,none,clean,eval
C:\dfdata\raw\mucs2021\train\crdH0AI5aH25bEXe.wav,bonafide,hi-en,870582,mucs2021,none,clean,eval
C:\dfdata\raw\mucs2021\train\vE1rhq3ojNKZvQNv.wav,bonafide,hi-en,106718,mucs2021,none,clean,eval
C:\dfdata\raw\mucs2021\train\jSNK2zDaIvyZsMZp.wav,bonafide,hi-en,177570,mucs2021,none,clean,eval
C:\dfdata\raw\mucs2021\train\XTscbPr78nzuHhuu.wav,bonafide,hi-en,322882,mucs2021,none,clean,eval
C:\dfdata\raw\mucs2021\train\WgzliDtK6Htff0g2.wav,bonafide,hi-en,457295,mucs2021,none,clean,eval
C:\dfdata\raw\mucs2021\train\8xh3ZKpPy5YhAnKX.wav,bonafide,hi-en,893273,mucs2021,none,clean,eval
C:\dfdata\raw\mucs2021\train\V11NDc0lxudGbWQU.wav,bonafide,hi-en,912184,mucs2021,none,clean,eval
C:\dfdata\raw\mucs2021\train\1ijxO93RTIJh2Rzv.wav,bonafide,hi-en,584991,mucs2021,none,clean,eval
C:\dfdata\raw\mucs2021\train\RyQSvr4r4iAMTYXq.wav,bonafide,hi-en,876898,mucs2021,none,clean,eval
C:\dfdata\raw\mucs2021\train\TRInoJRJxAX3qv5C.wav,bonafide,hi-en,797767,mucs2021,none,clean,eval
C:\dfdata\raw\mucs2021\train\fZcxLszRnIHxmVQp.wav,bonafide,hi-en,705494,mucs2021,none,clean,eval
C:\dfdata\raw\mucs2021\train\1ijxO93RTIJh2Rzv.wav,bonafide,hi-en,584991,mucs2021,none,clean,eval
C:\dfdata\raw\mucs2021\train\fZcxLszRnIHxmVQp.wav,bonafide,hi-en,705494,mucs2021,none,clean,eval
C:\dfdata\raw\mucs2021\train\RyQSvr4r4iAMTYXq.wav,bonafide,hi-en,876898,mucs2021,none,clean,eval
C:\dfdata\raw\mucs2021\train\aKSsdMqkPfUWyYeS.wav,bonafide,hi-en,413057,mucs2021,none,clean,eval
C:\dfdata\raw\mucs2021\train\K3X6AGezGWAoDe1q.wav,bonafide,hi-en,903756,mucs2021,none,clean,eval
C:\dfdata\raw\mucs2021\train\XTscbPr78nzuHhuu.wav,bonafide,hi-en,322882,mucs2021,none,clean,eval
C:\dfdata\raw\mucs2021\train\jSNK2zDaIvyZsMZp.wav,bonafide,hi-en,177570,mucs2021,none,clean,eval
C:\dfdata\raw\mucs2021\train\WgzliDtK6Htff0g2.wav,bonafide,hi-en,457295,mucs2021,none,clean,eval
C:\dfdata\raw\mucs2021\train\K3X6AGezGWAoDe1q.wav,bonafide,hi-en,903756,mucs2021,none,clean,eval
C:\dfdata\raw\mucs2021\train\H6Z2BkcyVtiuiN7A.wav,bonafide,hi-en,445718,mucs2021,none,clean,eval
C:\dfdata\raw\mucs2021\train\WgzliDtK6Htff0g2.wav,bonafide,hi-en,457295,mucs2021,none,clean,eval
C:\dfdata\raw\mucs2021\train\1eNS3GaW1oHHurL4.wav,bonafide,hi-en,975912,mucs2021,none,clean,eval
C:\dfdata\raw\mucs2021\train\wOTMMvC3WQ5YQRAF.wav,bonafide,hi-en,850754,mucs2021,none,clean,eval
C:\dfdata\raw\mucs2021\train\V11NDc0lxudGbWQU.wav,bonafide,hi-en,912184,mucs2021,none,clean,eval
C:\dfdata\raw\mucs2021\train\fZcxLszRnIHxmVQp.wav,bonafide,hi-en,705494,mucs2021,none,clean,eval
C:\dfdata\raw\mucs2021\train\TRInoJRJxAX3qv5C.wav,bonafide,hi-en,797767,mucs2021,none,clean,eval
C:\dfdata\raw\mucs2021\train\LSRBJiHdUoHm4BTI.wav,bonafide,hi-en,987461,mucs2021,none,clean,eval
C:\dfdata\raw\mucs2021\train\wOTMMvC3WQ5YQRAF.wav,bonafide,hi-en,850754,mucs2021,none,clean,eval
C:\dfdata\raw\mucs2021\train\LFpbaXkb8HuQ6DnF.wav,bonafide,hi-en,186783,mucs2021,none,clean,eval
C:\dfdata\raw\mucs2021\train\n4ACC4gnqW0IM1wW.wav,bonafide,hi-en,996368,mucs2021,none,clean,eval
C:\dfdata\raw\mucs2021\train\V11NDc0lxudGbWQU.wav,bonafide,hi-en,912184,mucs2021,none,clean,eval
C:\dfdata\raw\mucs2021\train\RyQSvr4r4iAMTYXq.wav,bonafide,hi-en,876898,mucs2021,none,clean,eval
C:\dfdata\raw\mucs2021\train\1ijxO93RTIJh2Rzv.wav,bonafide,hi-en,584991,mucs2021,none,clean,eval
C:\dfdata\raw\mucs2021\train\vE1rhq3ojNKZvQNv.wav,bonafide,hi-en,106718,mucs2021,none,clean,eval
C:\dfdata\raw\mucs2021\train\C3MtnFEDrRkWHSvJ.wav,bonafide,hi-en,539354,mucs2021,none,clean,eval
C:\dfdata\raw\mucs2021\train\crdH0AI5aH25bEXe.wav,bonafide,hi-en,870582,mucs2021,none,clean,eval
C:\dfdata\raw\mucs2021\train\fZcxLszRnIHxmVQp.wav,bonafide,hi-en,705494,mucs2021,none,clean,eval
C:\dfdata\raw\mucs2021\train\jSNK2zDaIvyZsMZp.wav,bonafide,hi-en,177570,mucs2021,none,clean,eval
C:\dfdata\raw\mucs2021\train\XTscbPr78nzuHhuu.wav,bonafide,hi-en,322882,mucs2021,none,clean,eval
C:\dfdata\raw\mucs2021\train\cyhxRWI0LoKYZvcw.wav,bonafide,hi-en,541304,mucs2021,none,clean,eval
C:\dfdata\raw\mucs2021\train\n4ACC4gnqW0IM1wW.wav,bonafide,hi-en,996368,mucs2021,none,clean,eval
C:\dfdata\raw\mucs2021\train\1eNS3GaW1oHHurL4.wav,bonafide,hi-en,975912,mucs2021,none,clean,eval
C:\dfdata\raw\mucs2021\train\WgzliDtK6Htff0g2.wav,bonafide,hi-en,457295,mucs2021,none,clean,eval
C:\dfdata\raw\mucs2021\train\K3X6AGezGWAoDe1q.wav,bonafide,hi-en,903756,mucs2021,none,clean,eval
C:\dfdata\raw\mucs2021\train\8xh3ZKpPy5YhAnKX.wav,bonafide,hi-en,893273,mucs2021,none,clean,eval
C:\dfdata\raw\mucs2021\train\crdH0AI5aH25bEXe.wav,bonafide,hi-en,870582,mucs2021,none,clean,eval
C:\dfdata\raw\mucs2021\train\K3X6AGezGWAoDe1q.wav,bonafide,hi-en,903756,mucs2021,none,clean,eval
C:\dfdata\raw\mucs2021\train\n4ACC4gnqW0IM1wW.wav,bonafide,hi-en,996368,mucs2021,none,clean,eval
C:\dfdata\raw\mucs2021\train\8xh3ZKpPy5YhAnKX.wav,bonafide,hi-en,893273,mucs2021,none,clean,eval
C:\dfdata\raw\mucs2021\train\RyQSvr4r4iAMTYXq.wav,bonafide,hi-en,876898,mucs2021,none,clean,eval
C:\dfdata\raw\mucs2021\train\vE1rhq3ojNKZvQNv.wav,bonafide,hi-en,106718,mucs2021,none,clean,eval
C:\dfdata\raw\mucs2021\train\jSNK2zDaIvyZsMZp.wav,bonafide,hi-en,177570,mucs2021,none,clean,eval
C:\dfdata\raw\mucs2021\train\1ijxO93RTIJh2Rzv.wav,bonafide,hi-en,584991,mucs2021,none,clean,eval
C:\dfdata\raw\mucs2021\train\K3X6AGezGWAoDe1q.wav,bonafide,hi-en,903756,mucs2021,none,clean,eval
C:\dfdata\raw\mucs2021\train\RyQSvr4r4iAMTYXq.wav,bonafide,hi-en,876898,mucs2021,none,clean,eval
C:\dfdata\raw\mucs2021\train\V11NDc0lxudGbWQU.wav,bonafide,hi-en,912184,mucs2021,none,clean,eval
C:\dfdata\raw\mucs2021\train\TRInoJRJxAX3qv5C.wav,bonafide,hi-en,797767,mucs2021,none,clean,eval
C:\dfdata\raw\mucs2021\train\RyQSvr4r4iAMTYXq.wav,bonafide,hi-en,876898,mucs2021,none,clean,eval
C:\dfdata\raw\mucs2021\train\aKSsdMqkPfUWyYeS.wav,bonafide,hi-en,413057,mucs2021,none,clean,eval
C:\dfdata\raw\mucs2021\train\n4ACC4gnqW0IM1wW.wav,bonafide,hi-en,996368,mucs2021,none,clean,eval
C:\dfdata\raw\mucs2021\train\XTscbPr78nzuHhuu.wav,bonafide,hi-en,322882,mucs2021,none,clean,eval
C:\dfdata\raw\mucs2021\train\DP5j8CLDeL6HHHSX.wav,bonafide,hi-en,142970,mucs2021,none,clean,eval
C:\dfdata\raw\mucs2021\train\n4ACC4gnqW0IM1wW.wav,bonafide,hi-en,996368,mucs2021,none,clean,eval
C:\dfdata\raw\mucs2021\train\C3MtnFEDrRkWHSvJ.wav,bonafide,hi-en,539354,mucs2021,none,clean,eval
C:\dfdata\raw\mucs2021\train\1ijxO93RTIJh2Rzv.wav,bonafide,hi-en,584991,mucs2021,none,clean,eval
C:\dfdata\raw\mucs2021\train\1eNS3GaW1oHHurL4.wav,bonafide,hi-en,975912,mucs2021,none,clean,eval
C:\dfdata\raw\mucs2021\train\jSNK2zDaIvyZsMZp.wav,bonafide,hi-en,177570,mucs2021,none,clean,eval
C:\dfdata\raw\mucs2021\train\vE1rhq3ojNKZvQNv.wav,bonafide,hi-en,106718,mucs2021,none,clean,eval
C:\dfdata\raw\mucs2021\train\TRInoJRJxAX3qv5C.wav,bonafide,hi-en,797767,mucs2021,none,clean,eval
C:\dfdata\raw\mucs2021\train\C3MtnFEDrRkWHSvJ.wav,bonafide,hi-en,539354,mucs2021,none,clean,eval
C:\dfdata\raw\mucs2021\train\1ijxO93RTIJh2Rzv.wav,bonafide,hi-en,584991,mucs2021,none,clean,eval
C:\dfdata\raw\mucs2021\train\LSRBJiHdUoHm4BTI.wav,bonafide,hi-en,987461,mucs2021,none,clean,eval
C:\dfdata\raw\mucs2021\train\H6Z2BkcyVtiuiN7A.wav,bonafide,hi-en,445718,mucs2021,none,clean,eval
C:\dfdata\raw\mucs2021\train\vE1rhq3ojNKZvQNv.wav,bonafide,hi-en,106718,mucs2021,none,clean,eval
C:\dfdata\raw\mucs2021\train\WgzliDtK6Htff0g2.wav,bonafide,hi-en,457295,mucs2021,none,clean,eval
C:\dfdata\raw\mucs2021\train\1ijxO93RTIJh2Rzv.wav,bonafide,hi-en,584991,mucs2021,none,clean,eval
C:\dfdata\raw\mucs2021\train\vE1rhq3ojNKZvQNv.wav,bonafide,hi-en,106718,mucs2021,none,clean,eval
C:\dfdata\raw\mucs2021\train\K3X6AGezGWAoDe1q.wav,bonafide,hi-en,903756,mucs2021,none,clean,eval
C:\dfdata\raw\mucs2021\train\jSNK2zDaIvyZsMZp.wav,bonafide,hi-en,177570,mucs2021,none,clean,eval
C:\dfdata\raw\mucs2021\train\crdH0AI5aH25bEXe.wav,bonafide,hi-en,870582,mucs2021,none,clean,eval
C:\dfdata\raw\mucs2021\train\jCgweujQVV5haVF1.wav,bonafide,hi-en,634568,mucs2021,none,clean,eval
C:\dfdata\raw\mucs2021\train\wOTMMvC3WQ5YQRAF.wav,bonafide,hi-en,850754,mucs2021,none,clean,eval
C:\dfdata\raw\mucs2021\train\n4ACC4gnqW0IM1wW.wav,bonafide,hi-en,996368,mucs2021,none,clean,eval
C:\dfdata\raw\mucs2021\train\H6Z2BkcyVtiuiN7A.wav,bonafide,hi-en,445718,mucs2021,none,clean,eval
C:\dfdata\raw\mucs2021\train\TRInoJRJxAX3qv5C.wav,bonafide,hi-en,797767,mucs2021,none,clean,eval
C:\dfdata\raw\mucs2021\train\1ijxO93RTIJh2Rzv.wav,bonafide,hi-en,584991,mucs2021,none,clean,eval
C:\dfdata\raw\mucs2021\train\wOTMMvC3WQ5YQRAF.wav,bonafide,hi-en,850754,mucs2021,none,clean,eval
C:\dfdata\raw\mucs2021\train\1eNS3GaW1oHHurL4.wav,bonafide,hi-en,975912,mucs2021,none,clean,eval
C:\dfdata\raw\mucs2021\train\RyQSvr4r4iAMTYXq.wav,bonafide,hi-en,876898,mucs2021,none,clean,eval
C:\dfdata\raw\mucs2021\train\fZcxLszRnIHxmVQp.wav,bonafide,hi-en,705494,mucs2021,none,clean,eval
C:\dfdata\raw\mucs2021\train\RyQSvr4r4iAMTYXq.wav,bonafide,hi-en,876898,mucs2021,none,clean,eval
C:\dfdata\raw\mucs2021\train\V11NDc0lxudGbWQU.wav,bonafide,hi-en,912184,mucs2021,none,clean,eval
C:\dfdata\raw\mucs2021\train\n4ACC4gnqW0IM1wW.wav,bonafide,hi-en,996368,mucs2021,none,clean,eval
C:\dfdata\raw\mucs2021\train\jCgweujQVV5haVF1.wav,bonafide,hi-en,634568,mucs2021,none,clean,eval
C:\dfdata\raw\mucs2021\train\fZcxLszRnIHxmVQp.wav,bonafide,hi-en,705494,mucs2021,none,clean,eval
C:\dfdata\raw\mucs2021\train\aKSsdMqkPfUWyYeS.wav,bonafide,hi-en,413057,mucs2021,none,clean,eval
C:\dfdata\raw\mucs2021\train\vE1rhq3ojNKZvQNv.wav,bonafide,hi-en,106718,mucs2021,none,clean,eval
C:\dfdata\raw\mucs2021\train\DP5j8CLDeL6HHHSX.wav,bonafide,hi-en,142970,mucs2021,none,clean,eval
C:\dfdata\raw\mucs2021\train\K3X6AGezGWAoDe1q.wav,bonafide,hi-en,903756,mucs2021,none,clean,eval
C:\dfdata\raw\mucs2021\train\fZcxLszRnIHxmVQp.wav,bonafide,hi-en,705494,mucs2021,none,clean,eval
C:\dfdata\raw\mucs2021\train\jSNK2zDaIvyZsMZp.wav,bonafide,hi-en,177570,mucs2021,none,clean,eval
C:\dfdata\raw\mucs2021\train\8xh3ZKpPy5YhAnKX.wav,bonafide,hi-en,893273,mucs2021,none,clean,eval
C:\dfdata\raw\mucs2021\train\LFpbaXkb8HuQ6DnF.wav,bonafide,hi-en,186783,mucs2021,none,clean,eval
C:\dfdata\raw\mucs2021\train\WgzliDtK6Htff0g2.wav,bonafide,hi-en,457295,mucs2021,none,clean,eval
C:\dfdata\raw\mucs2021\train\1ijxO93RTIJh2Rzv.wav,bonafide,hi-en,584991,mucs2021,none,clean,eval
C:\dfdata\raw\mucs2021\train\H6Z2BkcyVtiuiN7A.wav,bonafide,hi-en,445718,mucs2021,none,clean,eval
C:\dfdata\raw\mucs2021\train\WgzliDtK6Htff0g2.wav,bonafide,hi-en,457295,mucs2021,none,clean,eval
C:\dfdata\raw\mucs2021\train\vE1rhq3ojNKZvQNv.wav,bonafide,hi-en,106718,mucs2021,none,clean,eval
C:\dfdata\raw\mucs2021\train\H6Z2BkcyVtiuiN7A.wav,bonafide,hi-en,445718,mucs2021,none,clean,eval
C:\dfdata\raw\mucs2021\train\wOTMMvC3WQ5YQRAF.wav,bonafide,hi-en,850754,mucs2021,none,clean,eval
C:\dfdata\raw\mucs2021\train\V11NDc0lxudGbWQU.wav,bonafide,hi-en,912184,mucs2021,none,clean,eval
C:\dfdata\raw\mucs2021\train\fZcxLszRnIHxmVQp.wav,bonafide,hi-en,705494,mucs2021,none,clean,eval
C:\dfdata\raw\mucs2021\train\WgzliDtK6Htff0g2.wav,bonafide,hi-en,457295,mucs2021,none,clean,eval
C:\dfdata\raw\mucs2021\train\WgzliDtK6Htff0g2.wav,bonafide,hi-en,457295,mucs2021,none,clean,eval
C:\dfdata\raw\mucs2021\train\WgzliDtK6Htff0g2.wav,bonafide,hi-en,457295,mucs2021,none,clean,eval
C:\dfdata\raw\mucs2021\train\crdH0AI5aH25bEXe.wav,bonafide,hi-en,870582,mucs2021,none,clean,eval
C:\dfdata\raw\mucs2021\train\vE1rhq3ojNKZvQNv.wav,bonafide,hi-en,106718,mucs2021,none,clean,eval
C:\dfdata\raw\mucs2021\train\jSNK2zDaIvyZsMZp.wav,bonafide,hi-en,177570,mucs2021,none,clean,eval
C:\dfdata\raw\mucs2021\train\XTscbPr78nzuHhuu.wav,bonafide,hi-en,322882,mucs2021,none,clean,eval
C:\dfdata\raw\mucs2021\train\vE1rhq3ojNKZvQNv.wav,bonafide,hi-en,106718,mucs2021,none,clean,eval
C:\dfdata\raw\mucs2021\train\LSRBJiHdUoHm4BTI.wav,bonafide,hi-en,987461,mucs2021,none,clean,eval
C:\dfdata\raw\mucs2021\train\XTscbPr78nzuHhuu.wav,bonafide,hi-en,322882,mucs2021,none,clean,eval
C:\dfdata\raw\mucs2021\train\H6Z2BkcyVtiuiN7A.wav,bonafide,hi-en,445718,mucs2021,none,clean,eval
C:\dfdata\raw\mucs2021\train\1ijxO93RTIJh2Rzv.wav,bonafide,hi-en,584991,mucs2021,none,clean,eval
C:\dfdata\raw\mucs2021\train\C3MtnFEDrRkWHSvJ.wav,bonafide,hi-en,539354,mucs2021,none,clean,eval
C:\dfdata\raw\mucs2021\train\n4ACC4gnqW0IM1wW.wav,bonafide,hi-en,996368,mucs2021,none,clean,eval
C:\dfdata\raw\mucs2021\train\LFpbaXkb8HuQ6DnF.wav,bonafide,hi-en,186783,mucs2021,none,clean,eval
C:\dfdata\raw\mucs2021\train\V11NDc0lxudGbWQU.wav,bonafide,hi-en,912184,mucs2021,none,clean,eval
C:\dfdata\raw\mucs2021\train\crdH0AI5aH25bEXe.wav,bonafide,hi-en,870582,mucs2021,none,clean,eval
C:\dfdata\raw\mucs2021\train\n4ACC4gnqW0IM1wW.wav,bonafide,hi-en,996368,mucs2021,none,clean,eval
C:\dfdata\raw\mucs2021\train\1eNS3GaW1oHHurL4.wav,bonafide,hi-en,975912,mucs2021,none,clean,eval
C:\dfdata\raw\mucs2021\train\cyhxRWI0LoKYZvcw.wav,bonafide,hi-en,541304,mucs2021,none,clean,eval
C:\dfdata\raw\mucs2021\train\8xh3ZKpPy5YhAnKX.wav,bonafide,hi-en,893273,mucs2021,none,clean,eval
C:\dfdata\raw\mucs2021\train\LFpbaXkb8HuQ6DnF.wav,bonafide,hi-en,186783,mucs2021,none,clean,eval
C:\dfdata\raw\mucs2021\train\1ijxO93RTIJh2Rzv.wav,bonafide,hi-en,584991,mucs2021,none,clean,eval
C:\dfdata\raw\mucs2021\train\vE1rhq3ojNKZvQNv.wav,bonafide,hi-en,106718,mucs2021,none,clean,eval
C:\dfdata\raw\mucs2021\train\C3MtnFEDrRkWHSvJ.wav,bonafide,hi-en,539354,mucs2021,none,clean,eval
C:\dfdata\raw\mucs2021\train\XTscbPr78nzuHhuu.wav,bonafide,hi-en,322882,mucs2021,none,clean,eval
C:\dfdata\raw\mucs2021\train\DP5j8CLDeL6HHHSX.wav,bonafide,hi-en,142970,mucs2021,none,clean,eval
C:\dfdata\raw\mucs2021\train\H6Z2BkcyVtiuiN7A.wav,bonafide,hi-en,445718,mucs2021,none,clean,eval
C:\dfdata\raw\mucs2021\train\8xh3ZKpPy5YhAnKX.wav,bonafide,hi-en,893273,mucs2021,none,clean,eval
C:\dfdata\raw\mucs2021\train\RyQSvr4r4iAMTYXq.wav,bonafide,hi-en,876898,mucs2021,none,clean,eval
C:\dfdata\raw\mucs2021\train\jSNK2zDaIvyZsMZp.wav,bonafide,hi-en,177570,mucs2021,none,clean,eval
C:\dfdata\raw\mucs2021\train\DP5j8CLDeL6HHHSX.wav,bonafide,hi-en,142970,mucs2021,none,clean,eval
C:\dfdata\raw\mucs2021\train\F4KjmwYhWvnpSE0m.wav,bonafide,hi-en,205240,mucs2021,none,clean,eval
C:\dfdata\raw\mucs2021\train\1ijxO93RTIJh2Rzv.wav,bonafide,hi-en,584991,mucs2021,none,clean,eval
C:\dfdata\raw\mucs2021\train\K3X6AGezGWAoDe1q.wav,bonafide,hi-en,903756,mucs2021,none,clean,eval
C:\dfdata\raw\mucs2021\train\jCgweujQVV5haVF1.wav,bonafide,hi-en,634568,mucs2021,none,clean,eval
C:\dfdata\raw\mucs2021\train\H6Z2BkcyVtiuiN7A.wav,bonafide,hi-en,445718,mucs2021,none,clean,eval
C:\dfdata\raw\mucs2021\train\LFpbaXkb8HuQ6DnF.wav,bonafide,hi-en,186783,mucs2021,none,clean,eval
C:\dfdata\raw\mucs2021\train\cyhxRWI0LoKYZvcw.wav,bonafide,hi-en,541304,mucs2021,none,clean,eval
C:\dfdata\raw\mucs2021\train\F4KjmwYhWvnpSE0m.wav,bonafide,hi-en,205240,mucs2021,none,clean,eval
C:\dfdata\raw\mucs2021\train\WgzliDtK6Htff0g2.wav,bonafide,hi-en,457295,mucs2021,none,clean,eval
C:\dfdata\raw\mucs2021\train\DP5j8CLDeL6HHHSX.wav,bonafide,hi-en,142970,mucs2021,none,clean,eval
C:\dfdata\raw\mucs2021\train\WgzliDtK6Htff0g2.wav,bonafide,hi-en,457295,mucs2021,none,clean,eval
C:\dfdata\raw\mucs2021\train\n4ACC4gnqW0IM1wW.wav,bonafide,hi-en,996368,mucs2021,none,clean,eval
C:\dfdata\raw\mucs2021\train\jSNK2zDaIvyZsMZp.wav,bonafide,hi-en,177570,mucs2021,none,clean,eval
C:\dfdata\raw\mucs2021\train\wOTMMvC3WQ5YQRAF.wav,bonafide,hi-en,850754,mucs2021,none,clean,eval
C:\dfdata\raw\mucs2021\train\8xh3ZKpPy5YhAnKX.wav,bonafide,hi-en,893273,mucs2021,none,clean,eval
C:\dfdata\raw\mucs2021\train\aKSsdMqkPfUWyYeS.wav,bonafide,hi-en,413057,mucs2021,none,clean,eval
C:\dfdata\raw\mucs2021\train\crdH0AI5aH25bEXe.wav,bonafide,hi-en,870582,mucs2021,none,clean,eval
C:\dfdata\raw\mucs2021\train\WgzliDtK6Htff0g2.wav,bonafide,hi-en,457295,mucs2021,none,clean,eval
C:\dfdata\raw\mucs2021\train\cyhxRWI0LoKYZvcw.wav,bonafide,hi-en,541304,mucs2021,none,clean,eval
C:\dfdata\raw\mucs2021\train\H6Z2BkcyVtiuiN7A.wav,bonafide,hi-en,445718,mucs2021,none,clean,eval
C:\dfdata\raw\mucs2021\train\XTscbPr78nzuHhuu.wav,bonafide,hi-en,322882,mucs2021,none,clean,eval
C:\dfdata\raw\mucs2021\train\wOTMMvC3WQ5YQRAF.wav,bonafide,hi-en,850754,mucs2021,none,clean,eval
C:\dfdata\raw\mucs2021\train\jSNK2zDaIvyZsMZp.wav,bonafide,hi-en,177570,mucs2021,none,clean,eval
C:\dfdata\raw\mucs2021\train\8xh3ZKpPy5YhAnKX.wav,bonafide,hi-en,893273,mucs2021,none,clean,eval
C:\dfdata\raw\mucs2021\train\WgzliDtK6Htff0g2.wav,bonafide,hi-en,457295,mucs2021,none,clean,eval
C:\dfdata\raw\mucs2021\train\cyhxRWI0LoKYZvcw.wav,bonafide,hi-en,541304,mucs2021,none,clean,eval
C:\dfdata\raw\mucs2021\train\n4ACC4gnqW0IM1wW.wav,bonafide,hi-en,996368,mucs2021,none,clean,eval
C:\dfdata\raw\mucs2021\train\vZGSoJPH1tbvsyCa.wav,bonafide,hi-en,539226,mucs2021,none,clean,eval
C:\dfdata\raw\mucs2021\train\fZcxLszRnIHxmVQp.wav,bonafide,hi-en,705494,mucs2021,none,clean,eval
C:\dfdata\raw\mucs2021\train\aKSsdMqkPfUWyYeS.wav,bonafide,hi-en,413057,mucs2021,none,clean,eval
C:\dfdata\raw\mucs2021\train\jSNK2zDaIvyZsMZp.wav,bonafide,hi-en,177570,mucs2021,none,clean,eval
C:\dfdata\raw\mucs2021\train\F4KjmwYhWvnpSE0m.wav,bonafide,hi-en,205240,mucs2021,none,clean,eval
C:\dfdata\raw\mucs2021\train\XTscbPr78nzuHhuu.wav,bonafide,hi-en,322882,mucs2021,none,clean,eval
C:\dfdata\raw\mucs2021\train\H6Z2BkcyVtiuiN7A.wav,bonafide,hi-en,445718,mucs2021,none,clean,eval
C:\dfdata\raw\mucs2021\train\DP5j8CLDeL6HHHSX.wav,bonafide,hi-en,142970,mucs2021,none,clean,eval
C:\dfdata\raw\mucs2021\train\8xh3ZKpPy5YhAnKX.wav,bonafide,hi-en,893273,mucs2021,none,clean,eval
C:\dfdata\raw\mucs2021\train\aKSsdMqkPfUWyYeS.wav,bonafide,hi-en,413057,mucs2021,none,clean,eval
C:\dfdata\raw\mucs2021\train\RyQSvr4r4iAMTYXq.wav,bonafide,hi-en,876898,mucs2021,none,clean,eval
C:\dfdata\raw\mucs2021\train\8xh3ZKpPy5YhAnKX.wav,bonafide,hi-en,893273,mucs2021,none,clean,eval
C:\dfdata\raw\mucs2021\train\XTscbPr78nzuHhuu.wav,bonafide,hi-en,322882,mucs2021,none,clean,eval
C:\dfdata\raw\mucs2021\train\jSNK2zDaIvyZsMZp.wav,bonafide,hi-en,177570,mucs2021,none,clean,eval
C:\dfdata\raw\mucs2021\train\vE1rhq3ojNKZvQNv.wav,bonafide,hi-en,106718,mucs2021,none,clean,eval
C:\dfdata\raw\mucs2021\train\n4ACC4gnqW0IM1wW.wav,bonafide,hi-en,996368,mucs2021,none,clean,eval
C:\dfdata\raw\mucs2021\train\1ijxO93RTIJh2Rzv.wav,bonafide,hi-en,584991,mucs2021,none,clean,eval
C:\dfdata\raw\mucs2021\train\fZcxLszRnIHxmVQp.wav,bonafide,hi-en,705494,mucs2021,none,clean,eval
C:\dfdata\raw\mucs2021\train\fZcxLszRnIHxmVQp.wav,bonafide,hi-en,705494,mucs2021,none,clean,eval
C:\dfdata\raw\mucs2021\train\aKSsdMqkPfUWyYeS.wav,bonafide,hi-en,413057,mucs2021,none,clean,eval
C:\dfdata\raw\mucs2021\train\V11NDc0lxudGbWQU.wav,bonafide,hi-en,912184,mucs2021,none,clean,eval
C:\dfdata\raw\mucs2021\train\WgzliDtK6Htff0g2.wav,bonafide,hi-en,457295,mucs2021,none,clean,eval
C:\dfdata\raw\mucs2021\train\jSNK2zDaIvyZsMZp.wav,bonafide,hi-en,177570,mucs2021,none,clean,eval
C:\dfdata\raw\mucs2021\train\WgzliDtK6Htff0g2.wav,bonafide,hi-en,457295,mucs2021,none,clean,eval
C:\dfdata\raw\mucs2021\train\WgzliDtK6Htff0g2.wav,bonafide,hi-en,457295,mucs2021,none,clean,eval
C:\dfdata\raw\mucs2021\train\8xh3ZKpPy5YhAnKX.wav,bonafide,hi-en,893273,mucs2021,none,clean,eval
C:\dfdata\raw\mucs2021\train\wOTMMvC3WQ5YQRAF.wav,bonafide,hi-en,850754,mucs2021,none,clean,eval
C:\dfdata\raw\mucs2021\train\WgzliDtK6Htff0g2.wav,bonafide,hi-en,457295,mucs2021,none,clean,eval
C:\dfdata\raw\mucs2021\train\fZcxLszRnIHxmVQp.wav,bonafide,hi-en,705494,mucs2021,none,clean,eval
C:\dfdata\raw\mucs2021\train\jSNK2zDaIvyZsMZp.wav,bonafide,hi-en,177570,mucs2021,none,clean,eval
C:\dfdata\raw\mucs2021\train\TRInoJRJxAX3qv5C.wav,bonafide,hi-en,797767,mucs2021,none,clean,eval
C:\dfdata\raw\mucs2021\train\jCgweujQVV5haVF1.wav,bonafide,hi-en,634568,mucs2021,none,clean,eval
C:\dfdata\raw\mucs2021\train\aKSsdMqkPfUWyYeS.wav,bonafide,hi-en,413057,mucs2021,none,clean,eval
C:\dfdata\raw\mucs2021\train\crdH0AI5aH25bEXe.wav,bonafide,hi-en,870582,mucs2021,none,clean,eval
C:\dfdata\raw\mucs2021\train\K3X6AGezGWAoDe1q.wav,bonafide,hi-en,903756,mucs2021,none,clean,eval
C:\dfdata\raw\mucs2021\train\1eNS3GaW1oHHurL4.wav,bonafide,hi-en,975912,mucs2021,none,clean,eval
C:\dfdata\raw\mucs2021\train\jSNK2zDaIvyZsMZp.wav,bonafide,hi-en,177570,mucs2021,none,clean,eval
C:\dfdata\raw\mucs2021\train\WgzliDtK6Htff0g2.wav,bonafide,hi-en,457295,mucs2021,none,clean,eval
C:\dfdata\raw\mucs2021\train\n4ACC4gnqW0IM1wW.wav,bonafide,hi-en,996368,mucs2021,none,clean,eval
C:\dfdata\raw\mucs2021\train\H6Z2BkcyVtiuiN7A.wav,bonafide,hi-en,445718,mucs2021,none,clean,eval
C:\dfdata\raw\mucs2021\train\RyQSvr4r4iAMTYXq.wav,bonafide,hi-en,876898,mucs2021,none,clean,eval
C:\dfdata\raw\mucs2021\train\jCgweujQVV5haVF1.wav,bonafide,hi-en,634568,mucs2021,none,clean,eval
C:\dfdata\raw\mucs2021\train\cyhxRWI0LoKYZvcw.wav,bonafide,hi-en,541304,mucs2021,none,clean,eval
C:\dfdata\raw\mucs2021\train\WgzliDtK6Htff0g2.wav,bonafide,hi-en,457295,mucs2021,none,clean,eval
C:\dfdata\raw\mucs2021\train\wOTMMvC3WQ5YQRAF.wav,bonafide,hi-en,850754,mucs2021,none,clean,eval
C:\dfdata\raw\mucs2021\train\K3X6AGezGWAoDe1q.wav,bonafide,hi-en,903756,mucs2021,none,clean,eval
C:\dfdata\raw\mucs2021\train\RyQSvr4r4iAMTYXq.wav,bonafide,hi-en,876898,mucs2021,none,clean,eval
C:\dfdata\raw\mucs2021\train\V11NDc0lxudGbWQU.wav,bonafide,hi-en,912184,mucs2021,none,clean,eval
C:\dfdata\raw\mucs2021\train\LSRBJiHdUoHm4BTI.wav,bonafide,hi-en,987461,mucs2021,none,clean,eval
C:\dfdata\raw\mucs2021\train\RyQSvr4r4iAMTYXq.wav,bonafide,hi-en,876898,mucs2021,none,clean,eval
C:\dfdata\raw\mucs2021\train\vE1rhq3ojNKZvQNv.wav,bonafide,hi-en,106718,mucs2021,none,clean,eval
C:\dfdata\raw\mucs2021\train\1ijxO93RTIJh2Rzv.wav,bonafide,hi-en,584991,mucs2021,none,clean,eval
C:\dfdata\raw\mucs2021\train\wOTMMvC3WQ5YQRAF.wav,bonafide,hi-en,850754,mucs2021,none,clean,eval
C:\dfdata\raw\mucs2021\train\wOTMMvC3WQ5YQRAF.wav,bonafide,hi-en,850754,mucs2021,none,clean,eval
C:\dfdata\raw\mucs2021\train\8xh3ZKpPy5YhAnKX.wav,bonafide,hi-en,893273,mucs2021,none,clean,eval
C:\dfdata\raw\mucs2021\train\1eNS3GaW1oHHurL4.wav,bonafide,hi-en,975912,mucs2021,none,clean,eval
C:\dfdata\raw\mucs2021\train\XTscbPr78nzuHhuu.wav,bonafide,hi-en,322882,mucs2021,none,clean,eval
C:\dfdata\raw\mucs2021\train\crdH0AI5aH25bEXe.wav,bonafide,hi-en,870582,mucs2021,none,clean,eval
C:\dfdata\raw\mucs2021\train\8xh3ZKpPy5YhAnKX.wav,bonafide,hi-en,893273,mucs2021,none,clean,eval
C:\dfdata\raw\mucs2021\train\K3X6AGezGWAoDe1q.wav,bonafide,hi-en,903756,mucs2021,none,clean,eval
C:\dfdata\raw\mucs2021\train\wOTMMvC3WQ5YQRAF.wav,bonafide,hi-en,850754,mucs2021,none,clean,eval
C:\dfdata\raw\mucs2021\train\vE1rhq3ojNKZvQNv.wav,bonafide,hi-en,106718,mucs2021,none,clean,eval
C:\dfdata\raw\mucs2021\train\DP5j8CLDeL6HHHSX.wav,bonafide,hi-en,142970,mucs2021,none,clean,eval
C:\dfdata\raw\mucs2021\train\WgzliDtK6Htff0g2.wav,bonafide,hi-en,457295,mucs2021,none,clean,eval
C:\dfdata\raw\mucs2021\train\C3MtnFEDrRkWHSvJ.wav,bonafide,hi-en,539354,mucs2021,none,clean,eval
C:\dfdata\raw\mucs2021\train\TRInoJRJxAX3qv5C.wav,bonafide,hi-en,797767,mucs2021,none,clean,eval
C:\dfdata\raw\mucs2021\train\vZGSoJPH1tbvsyCa.wav,bonafide,hi-en,539226,mucs2021,none,clean,eval
C:\dfdata\raw\mucs2021\train\RyQSvr4r4iAMTYXq.wav,bonafide,hi-en,876898,mucs2021,none,clean,eval
C:\dfdata\raw\mucs2021\train\C3MtnFEDrRkWHSvJ.wav,bonafide,hi-en,539354,mucs2021,none,clean,eval
C:\dfdata\raw\mucs2021\train\WgzliDtK6Htff0g2.wav,bonafide,hi-en,457295,mucs2021,none,clean,eval
C:\dfdata\raw\mucs2021\train\1eNS3GaW1oHHurL4.wav,bonafide,hi-en,975912,mucs2021,none,clean,eval
C:\dfdata\raw\mucs2021\train\K3X6AGezGWAoDe1q.wav,bonafide,hi-en,903756,mucs2021,none,clean,eval
C:\dfdata\raw\mucs2021\train\H6Z2BkcyVtiuiN7A.wav,bonafide,hi-en,445718,mucs2021,none,clean,eval
C:\dfdata\raw\mucs2021\train\jCgweujQVV5haVF1.wav,bonafide,hi-en,634568,mucs2021,none,clean,eval
C:\dfdata\raw\mucs2021\train\F4KjmwYhWvnpSE0m.wav,bonafide,hi-en,205240,mucs2021,none,clean,eval
C:\dfdata\raw\mucs2021\train\LSRBJiHdUoHm4BTI.wav,bonafide,hi-en,987461,mucs2021,none,clean,eval
C:\dfdata\raw\mucs2021\train\fZcxLszRnIHxmVQp.wav,bonafide,hi-en,705494,mucs2021,none,clean,eval
C:\dfdata\raw\mucs2021\train\C3MtnFEDrRkWHSvJ.wav,bonafide,hi-en,539354,mucs2021,none,clean,eval
C:\dfdata\raw\mucs2021\train\fZcxLszRnIHxmVQp.wav,bonafide,hi-en,705494,mucs2021,none,clean,eval
C:\dfdata\raw\mucs2021\train\1eNS3GaW1oHHurL4.wav,bonafide,hi-en,975912,mucs2021,none,clean,eval
C:\dfdata\raw\mucs2021\train\wOTMMvC3WQ5YQRAF.wav,bonafide,hi-en,850754,mucs2021,none,clean,eval
C:\dfdata\raw\mucs2021\train\vE1rhq3ojNKZvQNv.wav,bonafide,hi-en,106718,mucs2021,none,clean,eval
C:\dfdata\raw\mucs2021\train\jCgweujQVV5haVF1.wav,bonafide,hi-en,634568,mucs2021,none,clean,eval
C:\dfdata\raw\mucs2021\train\aKSsdMqkPfUWyYeS.wav,bonafide,hi-en,413057,mucs2021,none,clean,eval
C:\dfdata\raw\mucs2021\train\n4ACC4gnqW0IM1wW.wav,bonafide,hi-en,996368,mucs2021,none,clean,eval
C:\dfdata\raw\mucs2021\train\LFpbaXkb8HuQ6DnF.wav,bonafide,hi-en,186783,mucs2021,none,clean,eval
C:\dfdata\raw\mucs2021\train\V11NDc0lxudGbWQU.wav,bonafide,hi-en,912184,mucs2021,none,clean,eval
C:\dfdata\raw\mucs2021\train\H6Z2BkcyVtiuiN7A.wav,bonafide,hi-en,445718,mucs2021,none,clean,eval
C:\dfdata\raw\mucs2021\train\jSNK2zDaIvyZsMZp.wav,bonafide,hi-en,177570,mucs2021,none,clean,eval
C:\dfdata\raw\mucs2021\train\H6Z2BkcyVtiuiN7A.wav,bonafide,hi-en,445718,mucs2021,none,clean,eval
C:\dfdata\raw\mucs2021\train\1ijxO93RTIJh2Rzv.wav,bonafide,hi-en,584991,mucs2021,none,clean,eval
C:\dfdata\raw\mucs2021\train\WgzliDtK6Htff0g2.wav,bonafide,hi-en,457295,mucs2021,none,clean,eval
C:\dfdata\raw\mucs2021\train\vE1rhq3ojNKZvQNv.wav,bonafide,hi-en,106718,mucs2021,none,clean,eval
C:\dfdata\raw\mucs2021\train\K3X6AGezGWAoDe1q.wav,bonafide,hi-en,903756,mucs2021,none,clean,eval
C:\dfdata\raw\mucs2021\train\RyQSvr4r4iAMTYXq.wav,bonafide,hi-en,876898,mucs2021,none,clean,eval
C:\dfdata\raw\mucs2021\train\TRInoJRJxAX3qv5C.wav,bonafide,hi-en,797767,mucs2021,none,clean,eval
C:\dfdata\raw\mucs2021\train\C3MtnFEDrRkWHSvJ.wav,bonafide,hi-en,539354,mucs2021,none,clean,eval
C:\dfdata\raw\mucs2021\train\LFpbaXkb8HuQ6DnF.wav,bonafide,hi-en,186783,mucs2021,none,clean,eval
C:\dfdata\raw\mucs2021\train\aKSsdMqkPfUWyYeS.wav,bonafide,hi-en,413057,mucs2021,none,clean,eval
C:\dfdata\raw\mucs2021\train\XTscbPr78nzuHhuu.wav,bonafide,hi-en,322882,mucs2021,none,clean,eval
C:\dfdata\raw\mucs2021\train\C3MtnFEDrRkWHSvJ.wav,bonafide,hi-en,539354,mucs2021,none,clean,eval
C:\dfdata\raw\mucs2021\train\jCgweujQVV5haVF1.wav,bonafide,hi-en,634568,mucs2021,none,clean,eval
C:\dfdata\raw\mucs2021\train\WgzliDtK6Htff0g2.wav,bonafide,hi-en,457295,mucs2021,none,clean,eval
C:\dfdata\raw\mucs2021\train\C3MtnFEDrRkWHSvJ.wav,bonafide,hi-en,539354,mucs2021,none,clean,eval
C:\dfdata\raw\mucs2021\train\aKSsdMqkPfUWyYeS.wav,bonafide,hi-en,413057,mucs2021,none,clean,eval
C:\dfdata\raw\mucs2021\train\XTscbPr78nzuHhuu.wav,bonafide,hi-en,322882,mucs2021,none,clean,eval
C:\dfdata\raw\mucs2021\train\F4KjmwYhWvnpSE0m.wav,bonafide,hi-en,205240,mucs2021,none,clean,eval
C:\dfdata\raw\mucs2021\train\H6Z2BkcyVtiuiN7A.wav,bonafide,hi-en,445718,mucs2021,none,clean,eval
C:\dfdata\raw\mucs2021\train\vE1rhq3ojNKZvQNv.wav,bonafide,hi-en,106718,mucs2021,none,clean,eval
C:\dfdata\raw\mucs2021\train\TRInoJRJxAX3qv5C.wav,bonafide,hi-en,797767,mucs2021,none,clean,eval
C:\dfdata\raw\mucs2021\train\LFpbaXkb8HuQ6DnF.wav,bonafide,hi-en,186783,mucs2021,none,clean,eval
C:\dfdata\raw\mucs2021\train\wOTMMvC3WQ5YQRAF.wav,bonafide,hi-en,850754,mucs2021,none,clean,eval
C:\dfdata\raw\mucs2021\train\1ijxO93RTIJh2Rzv.wav,bonafide,hi-en,584991,mucs2021,none,clean,eval
C:\dfdata\raw\mucs2021\train\DP5j8CLDeL6HHHSX.wav,bonafide,hi-en,142970,mucs2021,none,clean,eval
C:\dfdata\raw\mucs2021\train\jSNK2zDaIvyZsMZp.wav,bonafide,hi-en,177570,mucs2021,none,clean,eval
C:\dfdata\raw\mucs2021\train\K3X6AGezGWAoDe1q.wav,bonafide,hi-en,903756,mucs2021,none,clean,eval
C:\dfdata\raw\mucs2021\train\cyhxRWI0LoKYZvcw.wav,bonafide,hi-en,541304,mucs2021,none,clean,eval
C:\dfdata\raw\mucs2021\train\C3MtnFEDrRkWHSvJ.wav,bonafide,hi-en,539354,mucs2021,none,clean,eval
C:\dfdata\raw\mucs2021\train\8xh3ZKpPy5YhAnKX.wav,bonafide,hi-en,893273,mucs2021,none,clean,eval
C:\dfdata\raw\mucs2021\train\XTscbPr78nzuHhuu.wav,bonafide,hi-en,322882,mucs2021,none,clean,eval
C:\dfdata\raw\mucs2021\train\vE1rhq3ojNKZvQNv.wav,bonafide,hi-en,106718,mucs2021,none,clean,eval
C:\dfdata\raw\mucs2021\train\K3X6AGezGWAoDe1q.wav,bonafide,hi-en,903756,mucs2021,none,clean,eval
C:\dfdata\raw\mucs2021\train\8xh3ZKpPy5YhAnKX.wav,bonafide,hi-en,893273,mucs2021,none,clean,eval
C:\dfdata\raw\mucs2021\train\1eNS3GaW1oHHurL4.wav,bonafide,hi-en,975912,mucs2021,none,clean,eval
C:\dfdata\raw\mucs2021\train\1ijxO93RTIJh2Rzv.wav,bonafide,hi-en,584991,mucs2021,none,clean,eval
C:\dfdata\raw\mucs2021\train\LSRBJiHdUoHm4BTI.wav,bonafide,hi-en,987461,mucs2021,none,clean,eval
C:\dfdata\raw\mucs2021\train\8xh3ZKpPy5YhAnKX.wav,bonafide,hi-en,893273,mucs2021,none,clean,eval
C:\dfdata\raw\mucs2021\train\H6Z2BkcyVtiuiN7A.wav,bonafide,hi-en,445718,mucs2021,none,clean,eval
C:\dfdata\raw\mucs2021\train\TRInoJRJxAX3qv5C.wav,bonafide,hi-en,797767,mucs2021,none,clean,eval
C:\dfdata\raw\mucs2021\train\jCgweujQVV5haVF1.wav,bonafide,hi-en,634568,mucs2021,none,clean,eval
C:\dfdata\raw\mucs2021\train\8xh3ZKpPy5YhAnKX.wav,bonafide,hi-en,893273,mucs2021,none,clean,eval
C:\dfdata\raw\mucs2021\train\RyQSvr4r4iAMTYXq.wav,bonafide,hi-en,876898,mucs2021,none,clean,eval
C:\dfdata\raw\mucs2021\train\XTscbPr78nzuHhuu.wav,bonafide,hi-en,322882,mucs2021,none,clean,eval
C:\dfdata\raw\mucs2021\train\crdH0AI5aH25bEXe.wav,bonafide,hi-en,870582,mucs2021,none,clean,eval
C:\dfdata\raw\mucs2021\train\DP5j8CLDeL6HHHSX.wav,bonafide,hi-en,142970,mucs2021,none,clean,eval
C:\dfdata\raw\mucs2021\train\fZcxLszRnIHxmVQp.wav,bonafide,hi-en,705494,mucs2021,none,clean,eval
C:\dfdata\raw\mucs2021\train\V11NDc0lxudGbWQU.wav,bonafide,hi-en,912184,mucs2021,none,clean,eval
C:\dfdata\raw\mucs2021\train\cyhxRWI0LoKYZvcw.wav,bonafide,hi-en,541304,mucs2021,none,clean,eval
C:\dfdata\raw\mucs2021\train\WgzliDtK6Htff0g2.wav,bonafide,hi-en,457295,mucs2021,none,clean,eval
C:\dfdata\raw\mucs2021\train\wOTMMvC3WQ5YQRAF.wav,bonafide,hi-en,850754,mucs2021,none,clean,eval
C:\dfdata\raw\mucs2021\train\jSNK2zDaIvyZsMZp.wav,bonafide,hi-en,177570,mucs2021,none,clean,eval
C:\dfdata\raw\mucs2021\train\8xh3ZKpPy5YhAnKX.wav,bonafide,hi-en,893273,mucs2021,none,clean,eval
C:\dfdata\raw\mucs2021\train\WgzliDtK6Htff0g2.wav,bonafide,hi-en,457295,mucs2021,none,clean,eval
C:\dfdata\raw\mucs2021\train\crdH0AI5aH25bEXe.wav,bonafide,hi-en,870582,mucs2021,none,clean,eval
C:\dfdata\raw\mucs2021\train\jSNK2zDaIvyZsMZp.wav,bonafide,hi-en,177570,mucs2021,none,clean,eval
C:\dfdata\raw\mucs2021\train\1eNS3GaW1oHHurL4.wav,bonafide,hi-en,975912,mucs2021,none,clean,eval
C:\dfdata\raw\mucs2021\train\XTscbPr78nzuHhuu.wav,bonafide,hi-en,322882,mucs2021,none,clean,eval
C:\dfdata\raw\mucs2021\train\K3X6AGezGWAoDe1q.wav,bonafide,hi-en,903756,mucs2021,none,clean,eval
C:\dfdata\raw\mucs2021\train\RyQSvr4r4iAMTYXq.wav,bonafide,hi-en,876898,mucs2021,none,clean,eval
C:\dfdata\raw\mucs2021\train\vE1rhq3ojNKZvQNv.wav,bonafide,hi-en,106718,mucs2021,none,clean,eval
C:\dfdata\raw\mucs2021\train\WgzliDtK6Htff0g2.wav,bonafide,hi-en,457295,mucs2021,none,clean,eval
C:\dfdata\raw\mucs2021\train\V11NDc0lxudGbWQU.wav,bonafide,hi-en,912184,mucs2021,none,clean,eval
C:\dfdata\raw\mucs2021\train\WgzliDtK6Htff0g2.wav,bonafide,hi-en,457295,mucs2021,none,clean,eval
C:\dfdata\raw\mucs2021\train\WgzliDtK6Htff0g2.wav,bonafide,hi-en,457295,mucs2021,none,clean,eval
C:\dfdata\raw\mucs2021\train\n4ACC4gnqW0IM1wW.wav,bonafide,hi-en,996368,mucs2021,none,clean,eval
C:\dfdata\raw\mucs2021\train\n4ACC4gnqW0IM1wW.wav,bonafide,hi-en,996368,mucs2021,none,clean,eval
C:\dfdata\raw\mucs2021\train\jCgweujQVV5haVF1.wav,bonafide,hi-en,634568,mucs2021,none,clean,eval
C:\dfdata\raw\mucs2021\train\WgzliDtK6Htff0g2.wav,bonafide,hi-en,457295,mucs2021,none,clean,eval
C:\dfdata\raw\mucs2021\train\n4ACC4gnqW0IM1wW.wav,bonafide,hi-en,996368,mucs2021,none,clean,eval
C:\dfdata\raw\mucs2021\train\aKSsdMqkPfUWyYeS.wav,bonafide,hi-en,413057,mucs2021,none,clean,eval
C:\dfdata\raw\mucs2021\train\n4ACC4gnqW0IM1wW.wav,bonafide,hi-en,996368,mucs2021,none,clean,eval
C:\dfdata\raw\mucs2021\train\TRInoJRJxAX3qv5C.wav,bonafide,hi-en,797767,mucs2021,none,clean,eval
C:\dfdata\raw\mucs2021\train\vE1rhq3ojNKZvQNv.wav,bonafide,hi-en,106718,mucs2021,none,clean,eval
C:\dfdata\raw\mucs2021\train\cyhxRWI0LoKYZvcw.wav,bonafide,hi-en,541304,mucs2021,none,clean,eval
C:\dfdata\raw\mucs2021\train\TRInoJRJxAX3qv5C.wav,bonafide,hi-en,797767,mucs2021,none,clean,eval
C:\dfdata\raw\mucs2021\train\vE1rhq3ojNKZvQNv.wav,bonafide,hi-en,106718,mucs2021,none,clean,eval
C:\dfdata\raw\mucs2021\train\fZcxLszRnIHxmVQp.wav,bonafide,hi-en,705494,mucs2021,none,clean,eval
C:\dfdata\raw\mucs2021\train\wOTMMvC3WQ5YQRAF.wav,bonafide,hi-en,850754,mucs2021,none,clean,eval
C:\dfdata\raw\mucs2021\train\n4ACC4gnqW0IM1wW.wav,bonafide,hi-en,996368,mucs2021,none,clean,eval
C:\dfdata\raw\mucs2021\train\TRInoJRJxAX3qv5C.wav,bonafide,hi-en,797767,mucs2021,none,clean,eval
C:\dfdata\raw\mucs2021\train\wOTMMvC3WQ5YQRAF.wav,bonafide,hi-en,850754,mucs2021,none,clean,eval
C:\dfdata\raw\mucs2021\train\LSRBJiHdUoHm4BTI.wav,bonafide,hi-en,987461,mucs2021,none,clean,eval
C:\dfdata\raw\mucs2021\train\vE1rhq3ojNKZvQNv.wav,bonafide,hi-en,106718,mucs2021,none,clean,eval
C:\dfdata\raw\mucs2021\train\LSRBJiHdUoHm4BTI.wav,bonafide,hi-en,987461,mucs2021,none,clean,eval
C:\dfdata\raw\mucs2021\train\LSRBJiHdUoHm4BTI.wav,bonafide,hi-en,987461,mucs2021,none,clean,eval
C:\dfdata\raw\mucs2021\train\wOTMMvC3WQ5YQRAF.wav,bonafide,hi-en,850754,mucs2021,none,clean,eval
C:\dfdata\raw\mucs2021\train\wOTMMvC3WQ5YQRAF.wav,bonafide,hi-en,850754,mucs2021,none,clean,eval
C:\dfdata\raw\mucs2021\train\XTscbPr78nzuHhuu.wav,bonafide,hi-en,322882,mucs2021,none,clean,eval
C:\dfdata\raw\mucs2021\train\n4ACC4gnqW0IM1wW.wav,bonafide,hi-en,996368,mucs2021,none,clean,eval
C:\dfdata\raw\mucs2021\train\vE1rhq3ojNKZvQNv.wav,bonafide,hi-en,106718,mucs2021,none,clean,eval
C:\dfdata\raw\mucs2021\train\H6Z2BkcyVtiuiN7A.wav,bonafide,hi-en,445718,mucs2021,none,clean,eval
C:\dfdata\raw\mucs2021\train\wOTMMvC3WQ5YQRAF.wav,bonafide,hi-en,850754,mucs2021,none,clean,eval
C:\dfdata\raw\mucs2021\train\H6Z2BkcyVtiuiN7A.wav,bonafide,hi-en,445718,mucs2021,none,clean,eval
C:\dfdata\raw\mucs2021\train\WgzliDtK6Htff0g2.wav,bonafide,hi-en,457295,mucs2021,none,clean,eval
C:\dfdata\raw\mucs2021\train\crdH0AI5aH25bEXe.wav,bonafide,hi-en,870582,mucs2021,none,clean,eval
C:\dfdata\raw\mucs2021\train\C3MtnFEDrRkWHSvJ.wav,bonafide,hi-en,539354,mucs2021,none,clean,eval
C:\dfdata\raw\mucs2021\train\vE1rhq3ojNKZvQNv.wav,bonafide,hi-en,106718,mucs2021,none,clean,eval
C:\dfdata\raw\mucs2021\train\K3X6AGezGWAoDe1q.wav,bonafide,hi-en,903756,mucs2021,none,clean,eval
C:\dfdata\raw\mucs2021\train\H6Z2BkcyVtiuiN7A.wav,bonafide,hi-en,445718,mucs2021,none,clean,eval
C:\dfdata\raw\mucs2021\train\vE1rhq3ojNKZvQNv.wav,bonafide,hi-en,106718,mucs2021,none,clean,eval
C:\dfdata\raw\mucs2021\train\jSNK2zDaIvyZsMZp.wav,bonafide,hi-en,177570,mucs2021,none,clean,eval
C:\dfdata\raw\mucs2021\train\V11NDc0lxudGbWQU.wav,bonafide,hi-en,912184,mucs2021,none,clean,eval
C:\dfdata\raw\mucs2021\train\DP5j8CLDeL6HHHSX.wav,bonafide,hi-en,142970,mucs2021,none,clean,eval
C:\dfdata\raw\mucs2021\train\V11NDc0lxudGbWQU.wav,bonafide,hi-en,912184,mucs2021,none,clean,eval
C:\dfdata\raw\mucs2021\train\V11NDc0lxudGbWQU.wav,bonafide,hi-en,912184,mucs2021,none,clean,eval
C:\dfdata\raw\mucs2021\train\wOTMMvC3WQ5YQRAF.wav,bonafide,hi-en,850754,mucs2021,none,clean,eval
C:\dfdata\raw\mucs2021\train\cyhxRWI0LoKYZvcw.wav,bonafide,hi-en,541304,mucs2021,none,clean,eval
C:\dfdata\raw\mucs2021\train\C3MtnFEDrRkWHSvJ.wav,bonafide,hi-en,539354,mucs2021,none,clean,eval
C:\dfdata\raw\mucs2021\train\8xh3ZKpPy5YhAnKX.wav,bonafide,hi-en,893273,mucs2021,none,clean,eval
C:\dfdata\raw\mucs2021\train\wOTMMvC3WQ5YQRAF.wav,bonafide,hi-en,850754,mucs2021,none,clean,eval
C:\dfdata\raw\mucs2021\train\jCgweujQVV5haVF1.wav,bonafide,hi-en,634568,mucs2021,none,clean,eval
C:\dfdata\raw\mucs2021\train\cyhxRWI0LoKYZvcw.wav,bonafide,hi-en,541304,mucs2021,none,clean,eval
C:\dfdata\raw\mucs2021\train\H6Z2BkcyVtiuiN7A.wav,bonafide,hi-en,445718,mucs2021,none,clean,eval
C:\dfdata\raw\mucs2021\train\fZcxLszRnIHxmVQp.wav,bonafide,hi-en,705494,mucs2021,none,clean,eval
C:\dfdata\raw\mucs2021\train\jSNK2zDaIvyZsMZp.wav,bonafide,hi-en,177570,mucs2021,none,clean,eval
C:\dfdata\raw\mucs2021\train\jSNK2zDaIvyZsMZp.wav,bonafide,hi-en,177570,mucs2021,none,clean,eval
C:\dfdata\raw\mucs2021\train\jSNK2zDaIvyZsMZp.wav,bonafide,hi-en,177570,mucs2021,none,clean,eval
C:\dfdata\raw\mucs2021\train\1ijxO93RTIJh2Rzv.wav,bonafide,hi-en,584991,mucs2021,none,clean,eval
C:\dfdata\raw\mucs2021\train\WgzliDtK6Htff0g2.wav,bonafide,hi-en,457295,mucs2021,none,clean,eval
C:\dfdata\raw\mucs2021\train\vE1rhq3ojNKZvQNv.wav,bonafide,hi-en,106718,mucs2021,none,clean,eval
C:\dfdata\raw\mucs2021\train\LSRBJiHdUoHm4BTI.wav,bonafide,hi-en,987461,mucs2021,none,clean,eval
C:\dfdata\raw\mucs2021\train\crdH0AI5aH25bEXe.wav,bonafide,hi-en,870582,mucs2021,none,clean,eval
C:\dfdata\raw\mucs2021\train\crdH0AI5aH25bEXe.wav,bonafide,hi-en,870582,mucs2021,none,clean,eval
C:\dfdata\raw\mucs2021\train\DP5j8CLDeL6HHHSX.wav,bonafide,hi-en,142970,mucs2021,none,clean,eval
C:\dfdata\raw\mucs2021\train\F4KjmwYhWvnpSE0m.wav,bonafide,hi-en,205240,mucs2021,none,clean,eval
C:\dfdata\raw\mucs2021\train\C3MtnFEDrRkWHSvJ.wav,bonafide,hi-en,539354,mucs2021,none,clean,eval
C:\dfdata\raw\mucs2021\train\1ijxO93RTIJh2Rzv.wav,bonafide,hi-en,584991,mucs2021,none,clean,eval
C:\dfdata\raw\mucs2021\train\RyQSvr4r4iAMTYXq.wav,bonafide,hi-en,876898,mucs2021,none,clean,eval
C:\dfdata\raw\mucs2021\train\aKSsdMqkPfUWyYeS.wav,bonafide,hi-en,413057,mucs2021,none,clean,eval
C:\dfdata\raw\mucs2021\train\XTscbPr78nzuHhuu.wav,bonafide,hi-en,322882,mucs2021,none,clean,eval
C:\dfdata\raw\mucs2021\train\jCgweujQVV5haVF1.wav,bonafide,hi-en,634568,mucs2021,none,clean,eval
C:\dfdata\raw\mucs2021\train\1ijxO93RTIJh2Rzv.wav,bonafide,hi-en,584991,mucs2021,none,clean,eval
C:\dfdata\raw\mucs2021\train\jSNK2zDaIvyZsMZp.wav,bonafide,hi-en,177570,mucs2021,none,clean,eval
C:\dfdata\raw\mucs2021\train\V11NDc0lxudGbWQU.wav,bonafide,hi-en,912184,mucs2021,none,clean,eval
C:\dfdata\raw\mucs2021\train\jSNK2zDaIvyZsMZp.wav,bonafide,hi-en,177570,mucs2021,none,clean,eval
C:\dfdata\raw\mucs2021\train\RyQSvr4r4iAMTYXq.wav,bonafide,hi-en,876898,mucs2021,none,clean,eval
C:\dfdata\raw\mucs2021\train\n4ACC4gnqW0IM1wW.wav,bonafide,hi-en,996368,mucs2021,none,clean,eval
C:\dfdata\raw\mucs2021\train\wOTMMvC3WQ5YQRAF.wav,bonafide,hi-en,850754,mucs2021,none,clean,eval
C:\dfdata\raw\mucs2021\train\K3X6AGezGWAoDe1q.wav,bonafide,hi-en,903756,mucs2021,none,clean,eval
C:\dfdata\raw\mucs2021\train\jSNK2zDaIvyZsMZp.wav,bonafide,hi-en,177570,mucs2021,none,clean,eval
C:\dfdata\raw\mucs2021\train\WgzliDtK6Htff0g2.wav,bonafide,hi-en,457295,mucs2021,none,clean,eval
C:\dfdata\raw\mucs2021\train\1ijxO93RTIJh2Rzv.wav,bonafide,hi-en,584991,mucs2021,none,clean,eval
C:\dfdata\raw\mucs2021\train\K3X6AGezGWAoDe1q.wav,bonafide,hi-en,903756,mucs2021,none,clean,eval
C:\dfdata\raw\mucs2021\train\aKSsdMqkPfUWyYeS.wav,bonafide,hi-en,413057,mucs2021,none,clean,eval
C:\dfdata\raw\mucs2021\train\WgzliDtK6Htff0g2.wav,bonafide,hi-en,457295,mucs2021,none,clean,eval
C:\dfdata\raw\mucs2021\train\jCgweujQVV5haVF1.wav,bonafide,hi-en,634568,mucs2021,none,clean,eval
C:\dfdata\raw\mucs2021\train\XTscbPr78nzuHhuu.wav,bonafide,hi-en,322882,mucs2021,none,clean,eval
C:\dfdata\raw\mucs2021\train\n4ACC4gnqW0IM1wW.wav,bonafide,hi-en,996368,mucs2021,none,clean,eval
C:\dfdata\raw\mucs2021\train\WgzliDtK6Htff0g2.wav,bonafide,hi-en,457295,mucs2021,none,clean,eval
C:\dfdata\raw\mucs2021\train\XTscbPr78nzuHhuu.wav,bonafide,hi-en,322882,mucs2021,none,clean,eval
C:\dfdata\raw\mucs2021\train\H6Z2BkcyVtiuiN7A.wav,bonafide,hi-en,445718,mucs2021,none,clean,eval
C:\dfdata\raw\mucs2021\train\C3MtnFEDrRkWHSvJ.wav,bonafide,hi-en,539354,mucs2021,none,clean,eval
C:\dfdata\raw\mucs2021\train\H6Z2BkcyVtiuiN7A.wav,bonafide,hi-en,445718,mucs2021,none,clean,eval
C:\dfdata\raw\mucs2021\train\crdH0AI5aH25bEXe.wav,bonafide,hi-en,870582,mucs2021,none,clean,eval
C:\dfdata\raw\mucs2021\train\LFpbaXkb8HuQ6DnF.wav,bonafide,hi-en,186783,mucs2021,none,clean,eval
C:\dfdata\raw\mucs2021\train\jCgweujQVV5haVF1.wav,bonafide,hi-en,634568,mucs2021,none,clean,eval
C:\dfdata\raw\mucs2021\train\V11NDc0lxudGbWQU.wav,bonafide,hi-en,912184,mucs2021,none,clean,eval
C:\dfdata\raw\mucs2021\train\K3X6AGezGWAoDe1q.wav,bonafide,hi-en,903756,mucs2021,none,clean,eval
C:\dfdata\raw\mucs2021\train\H6Z2BkcyVtiuiN7A.wav,bonafide,hi-en,445718,mucs2021,none,clean,eval
C:\dfdata\raw\mucs2021\train\aKSsdMqkPfUWyYeS.wav,bonafide,hi-en,413057,mucs2021,none,clean,eval
C:\dfdata\raw\mucs2021\train\DP5j8CLDeL6HHHSX.wav,bonafide,hi-en,142970,mucs2021,none,clean,eval
C:\dfdata\raw\mucs2021\train\jCgweujQVV5haVF1.wav,bonafide,hi-en,634568,mucs2021,none,clean,eval
C:\dfdata\raw\mucs2021\train\crdH0AI5aH25bEXe.wav,bonafide,hi-en,870582,mucs2021,none,clean,eval
C:\dfdata\raw\mucs2021\train\DP5j8CLDeL6HHHSX.wav,bonafide,hi-en,142970,mucs2021,none,clean,eval
C:\dfdata\raw\mucs2021\train\XTscbPr78nzuHhuu.wav,bonafide,hi-en,322882,mucs2021,none,clean,eval
C:\dfdata\raw\mucs2021\train\XTscbPr78nzuHhuu.wav,bonafide,hi-en,322882,mucs2021,none,clean,eval
C:\dfdata\raw\mucs2021\train\1ijxO93RTIJh2Rzv.wav,bonafide,hi-en,584991,mucs2021,none,clean,eval
C:\dfdata\raw\mucs2021\train\LFpbaXkb8HuQ6DnF.wav,bonafide,hi-en,186783,mucs2021,none,clean,eval
C:\dfdata\raw\mucs2021\train\WgzliDtK6Htff0g2.wav,bonafide,hi-en,457295,mucs2021,none,clean,eval
C:\dfdata\raw\mucs2021\train\vE1rhq3ojNKZvQNv.wav,bonafide,hi-en,106718,mucs2021,none,clean,eval
C:\dfdata\raw\mucs2021\train\V11NDc0lxudGbWQU.wav,bonafide,hi-en,912184,mucs2021,none,clean,eval
C:\dfdata\raw\mucs2021\train\F4KjmwYhWvnpSE0m.wav,bonafide,hi-en,205240,mucs2021,none,clean,eval
C:\dfdata\raw\mucs2021\train\LFpbaXkb8HuQ6DnF.wav,bonafide,hi-en,186783,mucs2021,none,clean,eval
C:\dfdata\raw\mucs2021\train\jSNK2zDaIvyZsMZp.wav,bonafide,hi-en,177570,mucs2021,none,clean,eval
C:\dfdata\raw\mucs2021\train\jSNK2zDaIvyZsMZp.wav,bonafide,hi-en,177570,mucs2021,none,clean,eval
C:\dfdata\raw\mucs2021\train\cyhxRWI0LoKYZvcw.wav,bonafide,hi-en,541304,mucs2021,none,clean,eval
C:\dfdata\raw\mucs2021\train\WgzliDtK6Htff0g2.wav,bonafide,hi-en,457295,mucs2021,none,clean,eval
C:\dfdata\raw\mucs2021\train\K3X6AGezGWAoDe1q.wav,bonafide,hi-en,903756,mucs2021,none,clean,eval
C:\dfdata\raw\mucs2021\train\vE1rhq3ojNKZvQNv.wav,bonafide,hi-en,106718,mucs2021,none,clean,eval
C:\dfdata\raw\mucs2021\train\LSRBJiHdUoHm4BTI.wav,bonafide,hi-en,987461,mucs2021,none,clean,eval
C:\dfdata\raw\mucs2021\train\LSRBJiHdUoHm4BTI.wav,bonafide,hi-en,987461,mucs2021,none,clean,eval
C:\dfdata\raw\mucs2021\train\DP5j8CLDeL6HHHSX.wav,bonafide,hi-en,142970,mucs2021,none,clean,eval
C:\dfdata\raw\mucs2021\train\XTscbPr78nzuHhuu.wav,bonafide,hi-en,322882,mucs2021,none,clean,eval
C:\dfdata\raw\mucs2021\train\jCgweujQVV5haVF1.wav,bonafide,hi-en,634568,mucs2021,none,clean,eval
C:\dfdata\raw\mucs2021\train\vE1rhq3ojNKZvQNv.wav,bonafide,hi-en,106718,mucs2021,none,clean,eval
C:\dfdata\raw\mucs2021\train\vE1rhq3ojNKZvQNv.wav,bonafide,hi-en,106718,mucs2021,none,clean,eval
C:\dfdata\raw\mucs2021\train\WgzliDtK6Htff0g2.wav,bonafide,hi-en,457295,mucs2021,none,clean,eval
C:\dfdata\raw\mucs2021\train\crdH0AI5aH25bEXe.wav,bonafide,hi-en,870582,mucs2021,none,clean,eval
C:\dfdata\raw\mucs2021\train\jSNK2zDaIvyZsMZp.wav,bonafide,hi-en,177570,mucs2021,none,clean,eval
C:\dfdata\raw\mucs2021\train\n4ACC4gnqW0IM1wW.wav,bonafide,hi-en,996368,mucs2021,none,clean,eval
C:\dfdata\raw\mucs2021\train\crdH0AI5aH25bEXe.wav,bonafide,hi-en,870582,mucs2021,none,clean,eval
C:\dfdata\raw\mucs2021\train\1ijxO93RTIJh2Rzv.wav,bonafide,hi-en,584991,mucs2021,none,clean,eval
C:\dfdata\raw\mucs2021\train\LFpbaXkb8HuQ6DnF.wav,bonafide,hi-en,186783,mucs2021,none,clean,eval
C:\dfdata\raw\mucs2021\train\crdH0AI5aH25bEXe.wav,bonafide,hi-en,870582,mucs2021,none,clean,eval
C:\dfdata\raw\mucs2021\train\WgzliDtK6Htff0g2.wav,bonafide,hi-en,457295,mucs2021,none,clean,eval
C:\dfdata\raw\mucs2021\train\WgzliDtK6Htff0g2.wav,bonafide,hi-en,457295,mucs2021,none,clean,eval
C:\dfdata\raw\mucs2021\train\8xh3ZKpPy5YhAnKX.wav,bonafide,hi-en,893273,mucs2021,none,clean,eval
C:\dfdata\raw\mucs2021\train\V11NDc0lxudGbWQU.wav,bonafide,hi-en,912184,mucs2021,none,clean,eval
C:\dfdata\raw\mucs2021\train\wOTMMvC3WQ5YQRAF.wav,bonafide,hi-en,850754,mucs2021,none,clean,eval
C:\dfdata\raw\mucs2021\train\vZGSoJPH1tbvsyCa.wav,bonafide,hi-en,539226,mucs2021,none,clean,eval
C:\dfdata\raw\mucs2021\train\wOTMMvC3WQ5YQRAF.wav,bonafide,hi-en,850754,mucs2021,none,clean,eval
C:\dfdata\raw\mucs2021\train\cyhxRWI0LoKYZvcw.wav,bonafide,hi-en,541304,mucs2021,none,clean,eval
C:\dfdata\raw\mucs2021\train\crdH0AI5aH25bEXe.wav,bonafide,hi-en,870582,mucs2021,none,clean,eval
C:\dfdata\raw\mucs2021\train\XTscbPr78nzuHhuu.wav,bonafide,hi-en,322882,mucs2021,none,clean,eval
C:\dfdata\raw\mucs2021\train\K3X6AGezGWAoDe1q.wav,bonafide,hi-en,903756,mucs2021,none,clean,eval
C:\dfdata\raw\mucs2021\train\LSRBJiHdUoHm4BTI.wav,bonafide,hi-en,987461,mucs2021,none,clean,eval
C:\dfdata\raw\mucs2021\train\XTscbPr78nzuHhuu.wav,bonafide,hi-en,322882,mucs2021,none,clean,eval
C:\dfdata\raw\mucs2021\train\vE1rhq3ojNKZvQNv.wav,bonafide,hi-en,106718,mucs2021,none,clean,eval
C:\dfdata\raw\mucs2021\train\TRInoJRJxAX3qv5C.wav,bonafide,hi-en,797767,mucs2021,none,clean,eval
C:\dfdata\raw\mucs2021\train\TRInoJRJxAX3qv5C.wav,bonafide,hi-en,797767,mucs2021,none,clean,eval
C:\dfdata\raw\mucs2021\train\wOTMMvC3WQ5YQRAF.wav,bonafide,hi-en,850754,mucs2021,none,clean,eval
C:\dfdata\raw\mucs2021\train\H6Z2BkcyVtiuiN7A.wav,bonafide,hi-en,445718,mucs2021,none,clean,eval
C:\dfdata\raw\mucs2021\train\jCgweujQVV5haVF1.wav,bonafide,hi-en,634568,mucs2021,none,clean,eval
C:\dfdata\raw\mucs2021\train\jCgweujQVV5haVF1.wav,bonafide,hi-en,634568,mucs2021,none,clean,eval
C:\dfdata\raw\mucs2021\train\crdH0AI5aH25bEXe.wav,bonafide,hi-en,870582,mucs2021,none,clean,eval
C:\dfdata\raw\mucs2021\train\vE1rhq3ojNKZvQNv.wav,bonafide,hi-en,106718,mucs2021,none,clean,eval
C:\dfdata\raw\mucs2021\train\WgzliDtK6Htff0g2.wav,bonafide,hi-en,457295,mucs2021,none,clean,eval
C:\dfdata\raw\mucs2021\train\wOTMMvC3WQ5YQRAF.wav,bonafide,hi-en,850754,mucs2021,none,clean,eval
C:\dfdata\raw\mucs2021\train\wOTMMvC3WQ5YQRAF.wav,bonafide,hi-en,850754,mucs2021,none,clean,eval
C:\dfdata\raw\mucs2021\train\1ijxO93RTIJh2Rzv.wav,bonafide,hi-en,584991,mucs2021,none,clean,eval
C:\dfdata\raw\mucs2021\train\XTscbPr78nzuHhuu.wav,bonafide,hi-en,322882,mucs2021,none,clean,eval
C:\dfdata\raw\mucs2021\train\jSNK2zDaIvyZsMZp.wav,bonafide,hi-en,177570,mucs2021,none,clean,eval
C:\dfdata\raw\mucs2021\train\C3MtnFEDrRkWHSvJ.wav,bonafide,hi-en,539354,mucs2021,none,clean,eval
C:\dfdata\raw\mucs2021\train\cyhxRWI0LoKYZvcw.wav,bonafide,hi-en,541304,mucs2021,none,clean,eval
C:\dfdata\raw\mucs2021\train\LSRBJiHdUoHm4BTI.wav,bonafide,hi-en,987461,mucs2021,none,clean,eval
C:\dfdata\raw\mucs2021\train\jCgweujQVV5haVF1.wav,bonafide,hi-en,634568,mucs2021,none,clean,eval
C:\dfdata\raw\mucs2021\train\n4ACC4gnqW0IM1wW.wav,bonafide,hi-en,996368,mucs2021,none,clean,eval
C:\dfdata\raw\mucs2021\train\jCgweujQVV5haVF1.wav,bonafide,hi-en,634568,mucs2021,none,clean,eval
C:\dfdata\raw\mucs2021\train\LSRBJiHdUoHm4BTI.wav,bonafide,hi-en,987461,mucs2021,none,clean,eval
C:\dfdata\raw\mucs2021\train\1ijxO93RTIJh2Rzv.wav,bonafide,hi-en,584991,mucs2021,none,clean,eval
C:\dfdata\raw\mucs2021\train\jSNK2zDaIvyZsMZp.wav,bonafide,hi-en,177570,mucs2021,none,clean,eval
C:\dfdata\raw\mucs2021\train\C3MtnFEDrRkWHSvJ.wav,bonafide,hi-en,539354,mucs2021,none,clean,eval
C:\dfdata\raw\mucs2021\train\vE1rhq3ojNKZvQNv.wav,bonafide,hi-en,106718,mucs2021,none,clean,eval
C:\dfdata\raw\mucs2021\train\TRInoJRJxAX3qv5C.wav,bonafide,hi-en,797767,mucs2021,none,clean,eval
C:\dfdata\raw\mucs2021\train\LFpbaXkb8HuQ6DnF.wav,bonafide,hi-en,186783,mucs2021,none,clean,eval
C:\dfdata\raw\mucs2021\train\WgzliDtK6Htff0g2.wav,bonafide,hi-en,457295,mucs2021,none,clean,eval
C:\dfdata\raw\mucs2021\train\jSNK2zDaIvyZsMZp.wav,bonafide,hi-en,177570,mucs2021,none,clean,eval
C:\dfdata\raw\mucs2021\train\1ijxO93RTIJh2Rzv.wav,bonafide,hi-en,584991,mucs2021,none,clean,eval
C:\dfdata\raw\mucs2021\train\TRInoJRJxAX3qv5C.wav,bonafide,hi-en,797767,mucs2021,none,clean,eval
C:\dfdata\raw\mucs2021\train\WgzliDtK6Htff0g2.wav,bonafide,hi-en,457295,mucs2021,none,clean,eval
C:\dfdata\raw\mucs2021\train\RyQSvr4r4iAMTYXq.wav,bonafide,hi-en,876898,mucs2021,none,clean,eval
C:\dfdata\raw\mucs2021\train\DP5j8CLDeL6HHHSX.wav,bonafide,hi-en,142970,mucs2021,none,clean,eval
C:\dfdata\raw\mucs2021\train\XTscbPr78nzuHhuu.wav,bonafide,hi-en,322882,mucs2021,none,clean,eval
C:\dfdata\raw\mucs2021\train\vE1rhq3ojNKZvQNv.wav,bonafide,hi-en,106718,mucs2021,none,clean,eval
C:\dfdata\raw\mucs2021\train\vZGSoJPH1tbvsyCa.wav,bonafide,hi-en,539226,mucs2021,none,clean,eval
C:\dfdata\raw\mucs2021\train\crdH0AI5aH25bEXe.wav,bonafide,hi-en,870582,mucs2021,none,clean,eval
C:\dfdata\raw\mucs2021\train\vE1rhq3ojNKZvQNv.wav,bonafide,hi-en,106718,mucs2021,none,clean,eval
C:\dfdata\raw\mucs2021\train\aKSsdMqkPfUWyYeS.wav,bonafide,hi-en,413057,mucs2021,none,clean,eval
C:\dfdata\raw\mucs2021\train\H6Z2BkcyVtiuiN7A.wav,bonafide,hi-en,445718,mucs2021,none,clean,eval
C:\dfdata\raw\mucs2021\train\LSRBJiHdUoHm4BTI.wav,bonafide,hi-en,987461,mucs2021,none,clean,eval
C:\dfdata\raw\mucs2021\train\C3MtnFEDrRkWHSvJ.wav,bonafide,hi-en,539354,mucs2021,none,clean,eval
C:\dfdata\raw\mucs2021\train\fZcxLszRnIHxmVQp.wav,bonafide,hi-en,705494,mucs2021,none,clean,eval
C:\dfdata\raw\mucs2021\train\fZcxLszRnIHxmVQp.wav,bonafide,hi-en,705494,mucs2021,none,clean,eval
C:\dfdata\raw\mucs2021\train\cyhxRWI0LoKYZvcw.wav,bonafide,hi-en,541304,mucs2021,none,clean,eval
C:\dfdata\raw\mucs2021\train\vE1rhq3ojNKZvQNv.wav,bonafide,hi-en,106718,mucs2021,none,clean,eval
C:\dfdata\raw\mucs2021\train\DP5j8CLDeL6HHHSX.wav,bonafide,hi-en,142970,mucs2021,none,clean,eval
C:\dfdata\raw\mucs2021\train\DP5j8CLDeL6HHHSX.wav,bonafide,hi-en,142970,mucs2021,none,clean,eval
C:\dfdata\raw\mucs2021\train\n4ACC4gnqW0IM1wW.wav,bonafide,hi-en,996368,mucs2021,none,clean,eval
C:\dfdata\raw\mucs2021\train\XTscbPr78nzuHhuu.wav,bonafide,hi-en,322882,mucs2021,none,clean,eval
C:\dfdata\raw\mucs2021\train\H6Z2BkcyVtiuiN7A.wav,bonafide,hi-en,445718,mucs2021,none,clean,eval
C:\dfdata\raw\mucs2021\train\vE1rhq3ojNKZvQNv.wav,bonafide,hi-en,106718,mucs2021,none,clean,eval
C:\dfdata\raw\mucs2021\train\jCgweujQVV5haVF1.wav,bonafide,hi-en,634568,mucs2021,none,clean,eval
C:\dfdata\raw\mucs2021\train\jSNK2zDaIvyZsMZp.wav,bonafide,hi-en,177570,mucs2021,none,clean,eval
C:\dfdata\raw\mucs2021\train\DP5j8CLDeL6HHHSX.wav,bonafide,hi-en,142970,mucs2021,none,clean,eval
C:\dfdata\raw\mucs2021\train\1ijxO93RTIJh2Rzv.wav,bonafide,hi-en,584991,mucs2021,none,clean,eval
C:\dfdata\raw\mucs2021\train\RyQSvr4r4iAMTYXq.wav,bonafide,hi-en,876898,mucs2021,none,clean,eval
C:\dfdata\raw\mucs2021\train\WgzliDtK6Htff0g2.wav,bonafide,hi-en,457295,mucs2021,none,clean,eval
C:\dfdata\raw\mucs2021\train\n4ACC4gnqW0IM1wW.wav,bonafide,hi-en,996368,mucs2021,none,clean,eval
C:\dfdata\raw\mucs2021\train\1ijxO93RTIJh2Rzv.wav,bonafide,hi-en,584991,mucs2021,none,clean,eval
C:\dfdata\raw\mucs2021\train\jCgweujQVV5haVF1.wav,bonafide,hi-en,634568,mucs2021,none,clean,eval
C:\dfdata\raw\mucs2021\train\jSNK2zDaIvyZsMZp.wav,bonafide,hi-en,177570,mucs2021,none,clean,eval
C:\dfdata\raw\mucs2021\train\wOTMMvC3WQ5YQRAF.wav,bonafide,hi-en,850754,mucs2021,none,clean,eval
C:\dfdata\raw\mucs2021\train\1ijxO93RTIJh2Rzv.wav,bonafide,hi-en,584991,mucs2021,none,clean,eval
C:\dfdata\raw\mucs2021\train\H6Z2BkcyVtiuiN7A.wav,bonafide,hi-en,445718,mucs2021,none,clean,eval
C:\dfdata\raw\mucs2021\train\vE1rhq3ojNKZvQNv.wav,bonafide,hi-en,106718,mucs2021,none,clean,eval
C:\dfdata\raw\mucs2021\train\DP5j8CLDeL6HHHSX.wav,bonafide,hi-en,142970,mucs2021,none,clean,eval
C:\dfdata\raw\mucs2021\train\jCgweujQVV5haVF1.wav,bonafide,hi-en,634568,mucs2021,none,clean,eval
C:\dfdata\raw\mucs2021\train\aKSsdMqkPfUWyYeS.wav,bonafide,hi-en,413057,mucs2021,none,clean,eval
C:\dfdata\raw\mucs2021\train\1ijxO93RTIJh2Rzv.wav,bonafide,hi-en,584991,mucs2021,none,clean,eval
C:\dfdata\raw\mucs2021\train\n4ACC4gnqW0IM1wW.wav,bonafide,hi-en,996368,mucs2021,none,clean,eval
C:\dfdata\raw\mucs2021\train\crdH0AI5aH25bEXe.wav,bonafide,hi-en,870582,mucs2021,none,clean,eval
C:\dfdata\raw\mucs2021\train\H6Z2BkcyVtiuiN7A.wav,bonafide,hi-en,445718,mucs2021,none,clean,eval
C:\dfdata\raw\mucs2021\train\C3MtnFEDrRkWHSvJ.wav,bonafide,hi-en,539354,mucs2021,none,clean,eval
C:\dfdata\raw\mucs2021\train\cyhxRWI0LoKYZvcw.wav,bonafide,hi-en,541304,mucs2021,none,clean,eval
C:\dfdata\raw\mucs2021\train\LFpbaXkb8HuQ6DnF.wav,bonafide,hi-en,186783,mucs2021,none,clean,eval
C:\dfdata\raw\mucs2021\train\vZGSoJPH1tbvsyCa.wav,bonafide,hi-en,539226,mucs2021,none,clean,eval
C:\dfdata\raw\mucs2021\train\crdH0AI5aH25bEXe.wav,bonafide,hi-en,870582,mucs2021,none,clean,eval
C:\dfdata\raw\mucs2021\train\crdH0AI5aH25bEXe.wav,bonafide,hi-en,870582,mucs2021,none,clean,eval
C:\dfdata\raw\mucs2021\train\jCgweujQVV5haVF1.wav,bonafide,hi-en,634568,mucs2021,none,clean,eval
C:\dfdata\raw\mucs2021\train\jSNK2zDaIvyZsMZp.wav,bonafide,hi-en,177570,mucs2021,none,clean,eval
C:\dfdata\raw\mucs2021\train\C3MtnFEDrRkWHSvJ.wav,bonafide,hi-en,539354,mucs2021,none,clean,eval
C:\dfdata\raw\mucs2021\train\n4ACC4gnqW0IM1wW.wav,bonafide,hi-en,996368,mucs2021,none,clean,eval
C:\dfdata\raw\mucs2021\train\n4ACC4gnqW0IM1wW.wav,bonafide,hi-en,996368,mucs2021,none,clean,eval
C:\dfdata\raw\mucs2021\train\vE1rhq3ojNKZvQNv.wav,bonafide,hi-en,106718,mucs2021,none,clean,eval
C:\dfdata\raw\mucs2021\train\cyhxRWI0LoKYZvcw.wav,bonafide,hi-en,541304,mucs2021,none,clean,eval
C:\dfdata\raw\mucs2021\train\LSRBJiHdUoHm4BTI.wav,bonafide,hi-en,987461,mucs2021,none,clean,eval
C:\dfdata\raw\mucs2021\train\XTscbPr78nzuHhuu.wav,bonafide,hi-en,322882,mucs2021,none,clean,eval
C:\dfdata\raw\mucs2021\train\fZcxLszRnIHxmVQp.wav,bonafide,hi-en,705494,mucs2021,none,clean,eval
C:\dfdata\raw\mucs2021\train\F4KjmwYhWvnpSE0m.wav,bonafide,hi-en,205240,mucs2021,none,clean,eval
C:\dfdata\raw\mucs2021\train\wOTMMvC3WQ5YQRAF.wav,bonafide,hi-en,850754,mucs2021,none,clean,eval
C:\dfdata\raw\mucs2021\train\1ijxO93RTIJh2Rzv.wav,bonafide,hi-en,584991,mucs2021,none,clean,eval
C:\dfdata\raw\mucs2021\train\TRInoJRJxAX3qv5C.wav,bonafide,hi-en,797767,mucs2021,none,clean,eval
C:\dfdata\raw\mucs2021\train\cyhxRWI0LoKYZvcw.wav,bonafide,hi-en,541304,mucs2021,none,clean,eval
C:\dfdata\raw\mucs2021\train\DP5j8CLDeL6HHHSX.wav,bonafide,hi-en,142970,mucs2021,none,clean,eval
C:\dfdata\raw\mucs2021\train\K3X6AGezGWAoDe1q.wav,bonafide,hi-en,903756,mucs2021,none,clean,eval
C:\dfdata\raw\mucs2021\train\WgzliDtK6Htff0g2.wav,bonafide,hi-en,457295,mucs2021,none,clean,eval
C:\dfdata\raw\mucs2021\train\jSNK2zDaIvyZsMZp.wav,bonafide,hi-en,177570,mucs2021,none,clean,eval
C:\dfdata\raw\mucs2021\train\DP5j8CLDeL6HHHSX.wav,bonafide,hi-en,142970,mucs2021,none,clean,eval
C:\dfdata\raw\mucs2021\train\F4KjmwYhWvnpSE0m.wav,bonafide,hi-en,205240,mucs2021,none,clean,eval
C:\dfdata\raw\mucs2021\train\C3MtnFEDrRkWHSvJ.wav,bonafide,hi-en,539354,mucs2021,none,clean,eval
C:\dfdata\raw\mucs2021\train\K3X6AGezGWAoDe1q.wav,bonafide,hi-en,903756,mucs2021,none,clean,eval
C:\dfdata\raw\mucs2021\train\K3X6AGezGWAoDe1q.wav,bonafide,hi-en,903756,mucs2021,none,clean,eval
C:\dfdata\raw\mucs2021\train\jSNK2zDaIvyZsMZp.wav,bonafide,hi-en,177570,mucs2021,none,clean,eval
C:\dfdata\raw\mucs2021\train\XTscbPr78nzuHhuu.wav,bonafide,hi-en,322882,mucs2021,none,clean,eval
C:\dfdata\raw\mucs2021\train\LFpbaXkb8HuQ6DnF.wav,bonafide,hi-en,186783,mucs2021,none,clean,eval
C:\dfdata\raw\mucs2021\train\vZGSoJPH1tbvsyCa.wav,bonafide,hi-en,539226,mucs2021,none,clean,eval
C:\dfdata\raw\mucs2021\train\jSNK2zDaIvyZsMZp.wav,bonafide,hi-en,177570,mucs2021,none,clean,eval
C:\dfdata\raw\mucs2021\train\RyQSvr4r4iAMTYXq.wav,bonafide,hi-en,876898,mucs2021,none,clean,eval
C:\dfdata\raw\mucs2021\train\WgzliDtK6Htff0g2.wav,bonafide,hi-en,457295,mucs2021,none,clean,eval
C:\dfdata\raw\mucs2021\train\1ijxO93RTIJh2Rzv.wav,bonafide,hi-en,584991,mucs2021,none,clean,eval
C:\dfdata\raw\mucs2021\train\LFpbaXkb8HuQ6DnF.wav,bonafide,hi-en,186783,mucs2021,none,clean,eval
C:\dfdata\raw\mucs2021\train\n4ACC4gnqW0IM1wW.wav,bonafide,hi-en,996368,mucs2021,none,clean,eval
C:\dfdata\raw\mucs2021\train\V11NDc0lxudGbWQU.wav,bonafide,hi-en,912184,mucs2021,none,clean,eval
C:\dfdata\raw\mucs2021\train\jSNK2zDaIvyZsMZp.wav,bonafide,hi-en,177570,mucs2021,none,clean,eval
C:\dfdata\raw\mucs2021\train\8xh3ZKpPy5YhAnKX.wav,bonafide,hi-en,893273,mucs2021,none,clean,eval
C:\dfdata\raw\mucs2021\train\WgzliDtK6Htff0g2.wav,bonafide,hi-en,457295,mucs2021,none,clean,eval
C:\dfdata\raw\mucs2021\train\TRInoJRJxAX3qv5C.wav,bonafide,hi-en,797767,mucs2021,none,clean,eval
C:\dfdata\raw\mucs2021\train\LSRBJiHdUoHm4BTI.wav,bonafide,hi-en,987461,mucs2021,none,clean,eval
C:\dfdata\raw\mucs2021\train\8xh3ZKpPy5YhAnKX.wav,bonafide,hi-en,893273,mucs2021,none,clean,eval
C:\dfdata\raw\mucs2021\train\jSNK2zDaIvyZsMZp.wav,bonafide,hi-en,177570,mucs2021,none,clean,eval
C:\dfdata\raw\mucs2021\train\vZGSoJPH1tbvsyCa.wav,bonafide,hi-en,539226,mucs2021,none,clean,eval
C:\dfdata\raw\mucs2021\train\jCgweujQVV5haVF1.wav,bonafide,hi-en,634568,mucs2021,none,clean,eval
C:\dfdata\raw\mucs2021\train\WgzliDtK6Htff0g2.wav,bonafide,hi-en,457295,mucs2021,none,clean,eval
C:\dfdata\raw\mucs2021\train\wOTMMvC3WQ5YQRAF.wav,bonafide,hi-en,850754,mucs2021,none,clean,eval
C:\dfdata\raw\mucs2021\train\LSRBJiHdUoHm4BTI.wav,bonafide,hi-en,987461,mucs2021,none,clean,eval
C:\dfdata\raw\mucs2021\train\TRInoJRJxAX3qv5C.wav,bonafide,hi-en,797767,mucs2021,none,clean,eval
C:\dfdata\raw\mucs2021\train\LSRBJiHdUoHm4BTI.wav,bonafide,hi-en,987461,mucs2021,none,clean,eval
C:\dfdata\raw\mucs2021\train\8xh3ZKpPy5YhAnKX.wav,bonafide,hi-en,893273,mucs2021,none,clean,eval
C:\dfdata\raw\mucs2021\train\crdH0AI5aH25bEXe.wav,bonafide,hi-en,870582,mucs2021,none,clean,eval
C:\dfdata\raw\mucs2021\train\1eNS3GaW1oHHurL4.wav,bonafide,hi-en,975912,mucs2021,none,clean,eval
C:\dfdata\raw\mucs2021\train\1ijxO93RTIJh2Rzv.wav,bonafide,hi-en,584991,mucs2021,none,clean,eval
C:\dfdata\raw\mucs2021\train\crdH0AI5aH25bEXe.wav,bonafide,hi-en,870582,mucs2021,none,clean,eval
C:\dfdata\raw\mucs2021\train\fZcxLszRnIHxmVQp.wav,bonafide,hi-en,705494,mucs2021,none,clean,eval
C:\dfdata\raw\mucs2021\train\jSNK2zDaIvyZsMZp.wav,bonafide,hi-en,177570,mucs2021,none,clean,eval
C:\dfdata\raw\mucs2021\train\n4ACC4gnqW0IM1wW.wav,bonafide,hi-en,996368,mucs2021,none,clean,eval
C:\dfdata\raw\mucs2021\train\H6Z2BkcyVtiuiN7A.wav,bonafide,hi-en,445718,mucs2021,none,clean,eval
C:\dfdata\raw\mucs2021\train\crdH0AI5aH25bEXe.wav,bonafide,hi-en,870582,mucs2021,none,clean,eval
C:\dfdata\raw\mucs2021\train\8xh3ZKpPy5YhAnKX.wav,bonafide,hi-en,893273,mucs2021,none,clean,eval
C:\dfdata\raw\mucs2021\train\crdH0AI5aH25bEXe.wav,bonafide,hi-en,870582,mucs2021,none,clean,eval
C:\dfdata\raw\mucs2021\train\n4ACC4gnqW0IM1wW.wav,bonafide,hi-en,996368,mucs2021,none,clean,eval
C:\dfdata\raw\mucs2021\train\aKSsdMqkPfUWyYeS.wav,bonafide,hi-en,413057,mucs2021,none,clean,eval
C:\dfdata\raw\mucs2021\train\RyQSvr4r4iAMTYXq.wav,bonafide,hi-en,876898,mucs2021,none,clean,eval
C:\dfdata\raw\mucs2021\train\WgzliDtK6Htff0g2.wav,bonafide,hi-en,457295,mucs2021,none,clean,eval
C:\dfdata\raw\mucs2021\train\K3X6AGezGWAoDe1q.wav,bonafide,hi-en,903756,mucs2021,none,clean,eval
C:\dfdata\raw\mucs2021\train\DP5j8CLDeL6HHHSX.wav,bonafide,hi-en,142970,mucs2021,none,clean,eval
C:\dfdata\raw\mucs2021\train\TRInoJRJxAX3qv5C.wav,bonafide,hi-en,797767,mucs2021,none,clean,eval
C:\dfdata\raw\mucs2021\train\C3MtnFEDrRkWHSvJ.wav,bonafide,hi-en,539354,mucs2021,none,clean,eval
C:\dfdata\raw\mucs2021\train\fZcxLszRnIHxmVQp.wav,bonafide,hi-en,705494,mucs2021,none,clean,eval
C:\dfdata\raw\mucs2021\train\H6Z2BkcyVtiuiN7A.wav,bonafide,hi-en,445718,mucs2021,none,clean,eval
C:\dfdata\raw\mucs2021\train\jCgweujQVV5haVF1.wav,bonafide,hi-en,634568,mucs2021,none,clean,eval
C:\dfdata\raw\mucs2021\train\vE1rhq3ojNKZvQNv.wav,bonafide,hi-en,106718,mucs2021,none,clean,eval
C:\dfdata\raw\mucs2021\train\RyQSvr4r4iAMTYXq.wav,bonafide,hi-en,876898,mucs2021,none,clean,eval
C:\dfdata\raw\mucs2021\train\LFpbaXkb8HuQ6DnF.wav,bonafide,hi-en,186783,mucs2021,none,clean,eval
C:\dfdata\raw\mucs2021\train\8xh3ZKpPy5YhAnKX.wav,bonafide,hi-en,893273,mucs2021,none,clean,eval
C:\dfdata\raw\mucs2021\train\jCgweujQVV5haVF1.wav,bonafide,hi-en,634568,mucs2021,none,clean,eval
C:\dfdata\raw\mucs2021\train\LFpbaXkb8HuQ6DnF.wav,bonafide,hi-en,186783,mucs2021,none,clean,eval
C:\dfdata\raw\mucs2021\train\crdH0AI5aH25bEXe.wav,bonafide,hi-en,870582,mucs2021,none,clean,eval
C:\dfdata\raw\mucs2021\train\n4ACC4gnqW0IM1wW.wav,bonafide,hi-en,996368,mucs2021,none,clean,eval
C:\dfdata\raw\mucs2021\train\crdH0AI5aH25bEXe.wav,bonafide,hi-en,870582,mucs2021,none,clean,eval
C:\dfdata\raw\mucs2021\train\C3MtnFEDrRkWHSvJ.wav,bonafide,hi-en,539354,mucs2021,none,clean,eval
C:\dfdata\raw\mucs2021\train\DP5j8CLDeL6HHHSX.wav,bonafide,hi-en,142970,mucs2021,none,clean,eval
C:\dfdata\raw\mucs2021\train\LFpbaXkb8HuQ6DnF.wav,bonafide,hi-en,186783,mucs2021,none,clean,eval
C:\dfdata\raw\mucs2021\train\RyQSvr4r4iAMTYXq.wav,bonafide,hi-en,876898,mucs2021,none,clean,eval
C:\dfdata\raw\mucs2021\train\jCgweujQVV5haVF1.wav,bonafide,hi-en,634568,mucs2021,none,clean,eval
C:\dfdata\raw\mucs2021\train\WgzliDtK6Htff0g2.wav,bonafide,hi-en,457295,mucs2021,none,clean,eval
C:\dfdata\raw\mucs2021\train\aKSsdMqkPfUWyYeS.wav,bonafide,hi-en,413057,mucs2021,none,clean,eval
C:\dfdata\raw\mucs2021\train\1ijxO93RTIJh2Rzv.wav,bonafide,hi-en,584991,mucs2021,none,clean,eval
C:\dfdata\raw\mucs2021\train\F4KjmwYhWvnpSE0m.wav,bonafide,hi-en,205240,mucs2021,none,clean,eval
C:\dfdata\raw\mucs2021\train\H6Z2BkcyVtiuiN7A.wav,bonafide,hi-en,445718,mucs2021,none,clean,eval
C:\dfdata\raw\mucs2021\train\vE1rhq3ojNKZvQNv.wav,bonafide,hi-en,106718,mucs2021,none,clean,eval
C:\dfdata\raw\mucs2021\train\WgzliDtK6Htff0g2.wav,bonafide,hi-en,457295,mucs2021,none,clean,eval
C:\dfdata\raw\mucs2021\train\jCgweujQVV5haVF1.wav,bonafide,hi-en,634568,mucs2021,none,clean,eval
C:\dfdata\raw\mucs2021\train\XTscbPr78nzuHhuu.wav,bonafide,hi-en,322882,mucs2021,none,clean,eval
C:\dfdata\raw\mucs2021\train\WgzliDtK6Htff0g2.wav,bonafide,hi-en,457295,mucs2021,none,clean,eval
C:\dfdata\raw\mucs2021\train\jCgweujQVV5haVF1.wav,bonafide,hi-en,634568,mucs2021,none,clean,eval
C:\dfdata\raw\mucs2021\train\K3X6AGezGWAoDe1q.wav,bonafide,hi-en,903756,mucs2021,none,clean,eval
C:\dfdata\raw\mucs2021\train\H6Z2BkcyVtiuiN7A.wav,bonafide,hi-en,445718,mucs2021,none,clean,eval
C:\dfdata\raw\mucs2021\train\crdH0AI5aH25bEXe.wav,bonafide,hi-en,870582,mucs2021,none,clean,eval
C:\dfdata\raw\mucs2021\train\K3X6AGezGWAoDe1q.wav,bonafide,hi-en,903756,mucs2021,none,clean,eval
C:\dfdata\raw\mucs2021\train\WgzliDtK6Htff0g2.wav,bonafide,hi-en,457295,mucs2021,none,clean,eval
C:\dfdata\raw\mucs2021\train\fZcxLszRnIHxmVQp.wav,bonafide,hi-en,705494,mucs2021,none,clean,eval
C:\dfdata\raw\mucs2021\train\WgzliDtK6Htff0g2.wav,bonafide,hi-en,457295,mucs2021,none,clean,eval
C:\dfdata\raw\mucs2021\train\jCgweujQVV5haVF1.wav,bonafide,hi-en,634568,mucs2021,none,clean,eval
C:\dfdata\raw\mucs2021\train\jSNK2zDaIvyZsMZp.wav,bonafide,hi-en,177570,mucs2021,none,clean,eval
C:\dfdata\raw\mucs2021\train\cyhxRWI0LoKYZvcw.wav,bonafide,hi-en,541304,mucs2021,none,clean,eval
C:\dfdata\raw\mucs2021\train\LFpbaXkb8HuQ6DnF.wav,bonafide,hi-en,186783,mucs2021,none,clean,eval
C:\dfdata\raw\mucs2021\train\V11NDc0lxudGbWQU.wav,bonafide,hi-en,912184,mucs2021,none,clean,eval
C:\dfdata\raw\mucs2021\train\jSNK2zDaIvyZsMZp.wav,bonafide,hi-en,177570,mucs2021,none,clean,eval
C:\dfdata\raw\mucs2021\train\jSNK2zDaIvyZsMZp.wav,bonafide,hi-en,177570,mucs2021,none,clean,eval
C:\dfdata\raw\mucs2021\train\jSNK2zDaIvyZsMZp.wav,bonafide,hi-en,177570,mucs2021,none,clean,eval
C:\dfdata\raw\mucs2021\train\1eNS3GaW1oHHurL4.wav,bonafide,hi-en,975912,mucs2021,none,clean,eval
C:\dfdata\raw\mucs2021\train\fZcxLszRnIHxmVQp.wav,bonafide,hi-en,705494,mucs2021,none,clean,eval
C:\dfdata\raw\mucs2021\train\jCgweujQVV5haVF1.wav,bonafide,hi-en,634568,mucs2021,none,clean,eval
C:\dfdata\raw\mucs2021\train\1ijxO93RTIJh2Rzv.wav,bonafide,hi-en,584991,mucs2021,none,clean,eval
C:\dfdata\raw\mucs2021\train\DP5j8CLDeL6HHHSX.wav,bonafide,hi-en,142970,mucs2021,none,clean,eval
C:\dfdata\raw\mucs2021\train\TRInoJRJxAX3qv5C.wav,bonafide,hi-en,797767,mucs2021,none,clean,eval
C:\dfdata\raw\mucs2021\train\1ijxO93RTIJh2Rzv.wav,bonafide,hi-en,584991,mucs2021,none,clean,eval
C:\dfdata\raw\mucs2021\train\RyQSvr4r4iAMTYXq.wav,bonafide,hi-en,876898,mucs2021,none,clean,eval
C:\dfdata\raw\mucs2021\train\wOTMMvC3WQ5YQRAF.wav,bonafide,hi-en,850754,mucs2021,none,clean,eval
C:\dfdata\raw\mucs2021\train\vE1rhq3ojNKZvQNv.wav,bonafide,hi-en,106718,mucs2021,none,clean,eval
C:\dfdata\raw\mucs2021\train\vE1rhq3ojNKZvQNv.wav,bonafide,hi-en,106718,mucs2021,none,clean,eval
C:\dfdata\raw\mucs2021\train\8xh3ZKpPy5YhAnKX.wav,bonafide,hi-en,893273,mucs2021,none,clean,eval
C:\dfdata\raw\mucs2021\train\n4ACC4gnqW0IM1wW.wav,bonafide,hi-en,996368,mucs2021,none,clean,eval
C:\dfdata\raw\mucs2021\train\H6Z2BkcyVtiuiN7A.wav,bonafide,hi-en,445718,mucs2021,none,clean,eval
C:\dfdata\raw\mucs2021\train\8xh3ZKpPy5YhAnKX.wav,bonafide,hi-en,893273,mucs2021,none,clean,eval
C:\dfdata\raw\mucs2021\train\vE1rhq3ojNKZvQNv.wav,bonafide,hi-en,106718,mucs2021,none,clean,eval
C:\dfdata\raw\mucs2021\train\fZcxLszRnIHxmVQp.wav,bonafide,hi-en,705494,mucs2021,none,clean,eval
C:\dfdata\raw\mucs2021\train\wOTMMvC3WQ5YQRAF.wav,bonafide,hi-en,850754,mucs2021,none,clean,eval
C:\dfdata\raw\mucs2021\train\1eNS3GaW1oHHurL4.wav,bonafide,hi-en,975912,mucs2021,none,clean,eval
C:\dfdata\raw\mucs2021\train\V11NDc0lxudGbWQU.wav,bonafide,hi-en,912184,mucs2021,none,clean,eval
C:\dfdata\raw\mucs2021\train\RyQSvr4r4iAMTYXq.wav,bonafide,hi-en,876898,mucs2021,none,clean,eval
C:\dfdata\raw\mucs2021\train\jCgweujQVV5haVF1.wav,bonafide,hi-en,634568,mucs2021,none,clean,eval
C:\dfdata\raw\mucs2021\train\LFpbaXkb8HuQ6DnF.wav,bonafide,hi-en,186783,mucs2021,none,clean,eval
C:\dfdata\raw\mucs2021\train\TRInoJRJxAX3qv5C.wav,bonafide,hi-en,797767,mucs2021,none,clean,eval
C:\dfdata\raw\mucs2021\train\1ijxO93RTIJh2Rzv.wav,bonafide,hi-en,584991,mucs2021,none,clean,eval
C:\dfdata\raw\mucs2021\train\K3X6AGezGWAoDe1q.wav,bonafide,hi-en,903756,mucs2021,none,clean,eval
C:\dfdata\raw\mucs2021\train\WgzliDtK6Htff0g2.wav,bonafide,hi-en,457295,mucs2021,none,clean,eval
C:\dfdata\raw\mucs2021\train\K3X6AGezGWAoDe1q.wav,bonafide,hi-en,903756,mucs2021,none,clean,eval
C:\dfdata\raw\mucs2021\train\XTscbPr78nzuHhuu.wav,bonafide,hi-en,322882,mucs2021,none,clean,eval
C:\dfdata\raw\mucs2021\train\C3MtnFEDrRkWHSvJ.wav,bonafide,hi-en,539354,mucs2021,none,clean,eval
C:\dfdata\raw\mucs2021\train\WgzliDtK6Htff0g2.wav,bonafide,hi-en,457295,mucs2021,none,clean,eval
C:\dfdata\raw\mucs2021\train\wOTMMvC3WQ5YQRAF.wav,bonafide,hi-en,850754,mucs2021,none,clean,eval
C:\dfdata\raw\mucs2021\train\H6Z2BkcyVtiuiN7A.wav,bonafide,hi-en,445718,mucs2021,none,clean,eval
C:\dfdata\raw\mucs2021\train\WgzliDtK6Htff0g2.wav,bonafide,hi-en,457295,mucs2021,none,clean,eval
C:\dfdata\raw\mucs2021\train\WgzliDtK6Htff0g2.wav,bonafide,hi-en,457295,mucs2021,none,clean,eval
C:\dfdata\raw\mucs2021\train\n4ACC4gnqW0IM1wW.wav,bonafide,hi-en,996368,mucs2021,none,clean,eval
C:\dfdata\raw\mucs2021\train\K3X6AGezGWAoDe1q.wav,bonafide,hi-en,903756,mucs2021,none,clean,eval
C:\dfdata\raw\mucs2021\train\jSNK2zDaIvyZsMZp.wav,bonafide,hi-en,177570,mucs2021,none,clean,eval
C:\dfdata\raw\mucs2021\train\wOTMMvC3WQ5YQRAF.wav,bonafide,hi-en,850754,mucs2021,none,clean,eval
C:\dfdata\raw\mucs2021\train\DP5j8CLDeL6HHHSX.wav,bonafide,hi-en,142970,mucs2021,none,clean,eval
C:\dfdata\raw\mucs2021\train\jCgweujQVV5haVF1.wav,bonafide,hi-en,634568,mucs2021,none,clean,eval
C:\dfdata\raw\mucs2021\train\C3MtnFEDrRkWHSvJ.wav,bonafide,hi-en,539354,mucs2021,none,clean,eval
C:\dfdata\raw\mucs2021\train\V11NDc0lxudGbWQU.wav,bonafide,hi-en,912184,mucs2021,none,clean,eval
C:\dfdata\raw\mucs2021\train\jSNK2zDaIvyZsMZp.wav,bonafide,hi-en,177570,mucs2021,none,clean,eval
C:\dfdata\raw\mucs2021\train\aKSsdMqkPfUWyYeS.wav,bonafide,hi-en,413057,mucs2021,none,clean,eval
C:\dfdata\raw\mucs2021\train\jSNK2zDaIvyZsMZp.wav,bonafide,hi-en,177570,mucs2021,none,clean,eval
C:\dfdata\raw\mucs2021\train\fZcxLszRnIHxmVQp.wav,bonafide,hi-en,705494,mucs2021,none,clean,eval
C:\dfdata\raw\mucs2021\train\WgzliDtK6Htff0g2.wav,bonafide,hi-en,457295,mucs2021,none,clean,eval
C:\dfdata\raw\mucs2021\train\vE1rhq3ojNKZvQNv.wav,bonafide,hi-en,106718,mucs2021,none,clean,eval
C:\dfdata\raw\mucs2021\train\C3MtnFEDrRkWHSvJ.wav,bonafide,hi-en,539354,mucs2021,none,clean,eval
C:\dfdata\raw\mucs2021\train\F4KjmwYhWvnpSE0m.wav,bonafide,hi-en,205240,mucs2021,none,clean,eval
C:\dfdata\raw\mucs2021\train\K3X6AGezGWAoDe1q.wav,bonafide,hi-en,903756,mucs2021,none,clean,eval
C:\dfdata\raw\mucs2021\train\1ijxO93RTIJh2Rzv.wav,bonafide,hi-en,584991,mucs2021,none,clean,eval
C:\dfdata\raw\mucs2021\train\aKSsdMqkPfUWyYeS.wav,bonafide,hi-en,413057,mucs2021,none,clean,eval
C:\dfdata\raw\mucs2021\train\vE1rhq3ojNKZvQNv.wav,bonafide,hi-en,106718,mucs2021,none,clean,eval
C:\dfdata\raw\mucs2021\train\XTscbPr78nzuHhuu.wav,bonafide,hi-en,322882,mucs2021,none,clean,eval
C:\dfdata\raw\mucs2021\train\XTscbPr78nzuHhuu.wav,bonafide,hi-en,322882,mucs2021,none,clean,eval
C:\dfdata\raw\mucs2021\train\aKSsdMqkPfUWyYeS.wav,bonafide,hi-en,413057,mucs2021,none,clean,eval
C:\dfdata\raw\mucs2021\train\cyhxRWI0LoKYZvcw.wav,bonafide,hi-en,541304,mucs2021,none,clean,eval
C:\dfdata\raw\mucs2021\train\vE1rhq3ojNKZvQNv.wav,bonafide,hi-en,106718,mucs2021,none,clean,eval
C:\dfdata\raw\mucs2021\train\RyQSvr4r4iAMTYXq.wav,bonafide,hi-en,876898,mucs2021,none,clean,eval
C:\dfdata\raw\mucs2021\train\C3MtnFEDrRkWHSvJ.wav,bonafide,hi-en,539354,mucs2021,none,clean,eval
C:\dfdata\raw\mucs2021\train\XTscbPr78nzuHhuu.wav,bonafide,hi-en,322882,mucs2021,none,clean,eval
C:\dfdata\raw\mucs2021\train\RyQSvr4r4iAMTYXq.wav,bonafide,hi-en,876898,mucs2021,none,clean,eval
C:\dfdata\raw\mucs2021\train\WgzliDtK6Htff0g2.wav,bonafide,hi-en,457295,mucs2021,none,clean,eval
C:\dfdata\raw\mucs2021\train\K3X6AGezGWAoDe1q.wav,bonafide,hi-en,903756,mucs2021,none,clean,eval
C:\dfdata\raw\mucs2021\train\V11NDc0lxudGbWQU.wav,bonafide,hi-en,912184,mucs2021,none,clean,eval
C:\dfdata\raw\mucs2021\train\vE1rhq3ojNKZvQNv.wav,bonafide,hi-en,106718,mucs2021,none,clean,eval
C:\dfdata\raw\mucs2021\train\WgzliDtK6Htff0g2.wav,bonafide,hi-en,457295,mucs2021,none,clean,eval
C:\dfdata\raw\mucs2021\train\DP5j8CLDeL6HHHSX.wav,bonafide,hi-en,142970,mucs2021,none,clean,eval
C:\dfdata\raw\mucs2021\train\H6Z2BkcyVtiuiN7A.wav,bonafide,hi-en,445718,mucs2021,none,clean,eval
C:\dfdata\raw\mucs2021\train\vE1rhq3ojNKZvQNv.wav,bonafide,hi-en,106718,mucs2021,none,clean,eval
C:\dfdata\raw\mucs2021\train\C3MtnFEDrRkWHSvJ.wav,bonafide,hi-en,539354,mucs2021,none,clean,eval
C:\dfdata\raw\mucs2021\train\1ijxO93RTIJh2Rzv.wav,bonafide,hi-en,584991,mucs2021,none,clean,eval
C:\dfdata\raw\mucs2021\train\cyhxRWI0LoKYZvcw.wav,bonafide,hi-en,541304,mucs2021,none,clean,eval
C:\dfdata\raw\mucs2021\train\XTscbPr78nzuHhuu.wav,bonafide,hi-en,322882,mucs2021,none,clean,eval
C:\dfdata\raw\mucs2021\train\1eNS3GaW1oHHurL4.wav,bonafide,hi-en,975912,mucs2021,none,clean,eval
C:\dfdata\raw\mucs2021\train\K3X6AGezGWAoDe1q.wav,bonafide,hi-en,903756,mucs2021,none,clean,eval
C:\dfdata\raw\mucs2021\train\jCgweujQVV5haVF1.wav,bonafide,hi-en,634568,mucs2021,none,clean,eval
C:\dfdata\raw\mucs2021\train\cyhxRWI0LoKYZvcw.wav,bonafide,hi-en,541304,mucs2021,none,clean,eval
C:\dfdata\raw\mucs2021\train\WgzliDtK6Htff0g2.wav,bonafide,hi-en,457295,mucs2021,none,clean,eval
C:\dfdata\raw\mucs2021\train\K3X6AGezGWAoDe1q.wav,bonafide,hi-en,903756,mucs2021,none,clean,eval
C:\dfdata\raw\mucs2021\train\H6Z2BkcyVtiuiN7A.wav,bonafide,hi-en,445718,mucs2021,none,clean,eval
C:\dfdata\raw\mucs2021\train\LFpbaXkb8HuQ6DnF.wav,bonafide,hi-en,186783,mucs2021,none,clean,eval
C:\dfdata\raw\mucs2021\train\C3MtnFEDrRkWHSvJ.wav,bonafide,hi-en,539354,mucs2021,none,clean,eval
C:\dfdata\raw\mucs2021\train\C3MtnFEDrRkWHSvJ.wav,bonafide,hi-en,539354,mucs2021,none,clean,eval
C:\dfdata\raw\mucs2021\train\vE1rhq3ojNKZvQNv.wav,bonafide,hi-en,106718,mucs2021,none,clean,eval
C:\dfdata\raw\mucs2021\train\K3X6AGezGWAoDe1q.wav,bonafide,hi-en,903756,mucs2021,none,clean,eval
C:\dfdata\raw\mucs2021\train\fZcxLszRnIHxmVQp.wav,bonafide,hi-en,705494,mucs2021,none,clean,eval
C:\dfdata\raw\mucs2021\train\wOTMMvC3WQ5YQRAF.wav,bonafide,hi-en,850754,mucs2021,none,clean,eval
C:\dfdata\raw\mucs2021\train\C3MtnFEDrRkWHSvJ.wav,bonafide,hi-en,539354,mucs2021,none,clean,eval
C:\dfdata\raw\mucs2021\train\fZcxLszRnIHxmVQp.wav,bonafide,hi-en,705494,mucs2021,none,clean,eval
C:\dfdata\raw\mucs2021\train\crdH0AI5aH25bEXe.wav,bonafide,hi-en,870582,mucs2021,none,clean,eval
C:\dfdata\raw\mucs2021\train\cyhxRWI0LoKYZvcw.wav,bonafide,hi-en,541304,mucs2021,none,clean,eval
C:\dfdata\raw\mucs2021\train\TRInoJRJxAX3qv5C.wav,bonafide,hi-en,797767,mucs2021,none,clean,eval
C:\dfdata\raw\mucs2021\train\vE1rhq3ojNKZvQNv.wav,bonafide,hi-en,106718,mucs2021,none,clean,eval
C:\dfdata\raw\mucs2021\train\1ijxO93RTIJh2Rzv.wav,bonafide,hi-en,584991,mucs2021,none,clean,eval
C:\dfdata\raw\mucs2021\train\TRInoJRJxAX3qv5C.wav,bonafide,hi-en,797767,mucs2021,none,clean,eval
C:\dfdata\raw\mucs2021\train\n4ACC4gnqW0IM1wW.wav,bonafide,hi-en,996368,mucs2021,none,clean,eval
C:\dfdata\raw\mucs2021\train\vE1rhq3ojNKZvQNv.wav,bonafide,hi-en,106718,mucs2021,none,clean,eval
C:\dfdata\raw\mucs2021\train\aKSsdMqkPfUWyYeS.wav,bonafide,hi-en,413057,mucs2021,none,clean,eval
C:\dfdata\raw\mucs2021\train\LSRBJiHdUoHm4BTI.wav,bonafide,hi-en,987461,mucs2021,none,clean,eval
C:\dfdata\raw\mucs2021\train\WgzliDtK6Htff0g2.wav,bonafide,hi-en,457295,mucs2021,none,clean,eval
C:\dfdata\raw\mucs2021\train\cyhxRWI0LoKYZvcw.wav,bonafide,hi-en,541304,mucs2021,none,clean,eval
C:\dfdata\raw\mucs2021\train\fZcxLszRnIHxmVQp.wav,bonafide,hi-en,705494,mucs2021,none,clean,eval
C:\dfdata\raw\mucs2021\train\K3X6AGezGWAoDe1q.wav,bonafide,hi-en,903756,mucs2021,none,clean,eval
C:\dfdata\raw\mucs2021\train\aKSsdMqkPfUWyYeS.wav,bonafide,hi-en,413057,mucs2021,none,clean,eval
C:\dfdata\raw\mucs2021\train\crdH0AI5aH25bEXe.wav,bonafide,hi-en,870582,mucs2021,none,clean,eval
C:\dfdata\raw\mucs2021\train\aKSsdMqkPfUWyYeS.wav,bonafide,hi-en,413057,mucs2021,none,clean,eval
C:\dfdata\raw\mucs2021\train\8xh3ZKpPy5YhAnKX.wav,bonafide,hi-en,893273,mucs2021,none,clean,eval
C:\dfdata\raw\mucs2021\train\WgzliDtK6Htff0g2.wav,bonafide,hi-en,457295,mucs2021,none,clean,eval
C:\dfdata\raw\mucs2021\train\n4ACC4gnqW0IM1wW.wav,bonafide,hi-en,996368,mucs2021,none,clean,eval
C:\dfdata\raw\mucs2021\train\crdH0AI5aH25bEXe.wav,bonafide,hi-en,870582,mucs2021,none,clean,eval
C:\dfdata\raw\mucs2021\train\1eNS3GaW1oHHurL4.wav,bonafide,hi-en,975912,mucs2021,none,clean,eval
C:\dfdata\raw\mucs2021\train\H6Z2BkcyVtiuiN7A.wav,bonafide,hi-en,445718,mucs2021,none,clean,eval
C:\dfdata\raw\mucs2021\train\K3X6AGezGWAoDe1q.wav,bonafide,hi-en,903756,mucs2021,none,clean,eval
C:\dfdata\raw\mucs2021\train\n4ACC4gnqW0IM1wW.wav,bonafide,hi-en,996368,mucs2021,none,clean,eval
C:\dfdata\raw\mucs2021\train\TRInoJRJxAX3qv5C.wav,bonafide,hi-en,797767,mucs2021,none,clean,eval
C:\dfdata\raw\mucs2021\train\XTscbPr78nzuHhuu.wav,bonafide,hi-en,322882,mucs2021,none,clean,eval
C:\dfdata\raw\mucs2021\train\LSRBJiHdUoHm4BTI.wav,bonafide,hi-en,987461,mucs2021,none,clean,eval
C:\dfdata\raw\mucs2021\train\RyQSvr4r4iAMTYXq.wav,bonafide,hi-en,876898,mucs2021,none,clean,eval
C:\dfdata\raw\mucs2021\train\K3X6AGezGWAoDe1q.wav,bonafide,hi-en,903756,mucs2021,none,clean,eval
C:\dfdata\raw\mucs2021\train\crdH0AI5aH25bEXe.wav,bonafide,hi-en,870582,mucs2021,none,clean,eval
C:\dfdata\raw\mucs2021\train\DP5j8CLDeL6HHHSX.wav,bonafide,hi-en,142970,mucs2021,none,clean,eval
C:\dfdata\raw\mucs2021\train\wOTMMvC3WQ5YQRAF.wav,bonafide,hi-en,850754,mucs2021,none,clean,eval
C:\dfdata\raw\mucs2021\train\cyhxRWI0LoKYZvcw.wav,bonafide,hi-en,541304,mucs2021,none,clean,eval
C:\dfdata\raw\mucs2021\train\wOTMMvC3WQ5YQRAF.wav,bonafide,hi-en,850754,mucs2021,none,clean,eval
C:\dfdata\raw\mucs2021\train\WgzliDtK6Htff0g2.wav,bonafide,hi-en,457295,mucs2021,none,clean,eval
C:\dfdata\raw\mucs2021\train\K3X6AGezGWAoDe1q.wav,bonafide,hi-en,903756,mucs2021,none,clean,eval
C:\dfdata\raw\mucs2021\train\V11NDc0lxudGbWQU.wav,bonafide,hi-en,912184,mucs2021,none,clean,eval
C:\dfdata\raw\mucs2021\train\jCgweujQVV5haVF1.wav,bonafide,hi-en,634568,mucs2021,none,clean,eval
C:\dfdata\raw\mucs2021\train\F4KjmwYhWvnpSE0m.wav,bonafide,hi-en,205240,mucs2021,none,clean,eval
C:\dfdata\raw\mucs2021\train\aKSsdMqkPfUWyYeS.wav,bonafide,hi-en,413057,mucs2021,none,clean,eval
C:\dfdata\raw\mucs2021\train\WgzliDtK6Htff0g2.wav,bonafide,hi-en,457295,mucs2021,none,clean,eval
C:\dfdata\raw\mucs2021\train\C3MtnFEDrRkWHSvJ.wav,bonafide,hi-en,539354,mucs2021,none,clean,eval
C:\dfdata\raw\mucs2021\train\F4KjmwYhWvnpSE0m.wav,bonafide,hi-en,205240,mucs2021,none,clean,eval
C:\dfdata\raw\mucs2021\train\DP5j8CLDeL6HHHSX.wav,bonafide,hi-en,142970,mucs2021,none,clean,eval
C:\dfdata\raw\mucs2021\train\vZGSoJPH1tbvsyCa.wav,bonafide,hi-en,539226,mucs2021,none,clean,eval
C:\dfdata\raw\mucs2021\train\XTscbPr78nzuHhuu.wav,bonafide,hi-en,322882,mucs2021,none,clean,eval
C:\dfdata\raw\mucs2021\train\jSNK2zDaIvyZsMZp.wav,bonafide,hi-en,177570,mucs2021,none,clean,eval
C:\dfdata\raw\mucs2021\train\1eNS3GaW1oHHurL4.wav,bonafide,hi-en,975912,mucs2021,none,clean,eval
C:\dfdata\raw\mucs2021\train\C3MtnFEDrRkWHSvJ.wav,bonafide,hi-en,539354,mucs2021,none,clean,eval
C:\dfdata\raw\mucs2021\train\TRInoJRJxAX3qv5C.wav,bonafide,hi-en,797767,mucs2021,none,clean,eval
C:\dfdata\raw\mucs2021\train\WgzliDtK6Htff0g2.wav,bonafide,hi-en,457295,mucs2021,none,clean,eval
C:\dfdata\raw\mucs2021\train\LSRBJiHdUoHm4BTI.wav,bonafide,hi-en,987461,mucs2021,none,clean,eval
C:\dfdata\raw\mucs2021\train\WgzliDtK6Htff0g2.wav,bonafide,hi-en,457295,mucs2021,none,clean,eval
C:\dfdata\raw\mucs2021\train\wOTMMvC3WQ5YQRAF.wav,bonafide,hi-en,850754,mucs2021,none,clean,eval
C:\dfdata\raw\mucs2021\train\C3MtnFEDrRkWHSvJ.wav,bonafide,hi-en,539354,mucs2021,none,clean,eval
C:\dfdata\raw\mucs2021\train\RyQSvr4r4iAMTYXq.wav,bonafide,hi-en,876898,mucs2021,none,clean,eval
C:\dfdata\raw\mucs2021\train\cyhxRWI0LoKYZvcw.wav,bonafide,hi-en,541304,mucs2021,none,clean,eval
C:\dfdata\raw\mucs2021\train\jSNK2zDaIvyZsMZp.wav,bonafide,hi-en,177570,mucs2021,none,clean,eval
C:\dfdata\raw\mucs2021\train\H6Z2BkcyVtiuiN7A.wav,bonafide,hi-en,445718,mucs2021,none,clean,eval
C:\dfdata\raw\mucs2021\train\1eNS3GaW1oHHurL4.wav,bonafide,hi-en,975912,mucs2021,none,clean,eval
C:\dfdata\raw\mucs2021\train\V11NDc0lxudGbWQU.wav,bonafide,hi-en,912184,mucs2021,none,clean,eval
C:\dfdata\raw\mucs2021\train\H6Z2BkcyVtiuiN7A.wav,bonafide,hi-en,445718,mucs2021,none,clean,eval
C:\dfdata\raw\mucs2021\train\C3MtnFEDrRkWHSvJ.wav,bonafide,hi-en,539354,mucs2021,none,clean,eval
C:\dfdata\raw\mucs2021\train\jCgweujQVV5haVF1.wav,bonafide,hi-en,634568,mucs2021,none,clean,eval
C:\dfdata\raw\mucs2021\train\n4ACC4gnqW0IM1wW.wav,bonafide,hi-en,996368,mucs2021,none,clean,eval
C:\dfdata\raw\mucs2021\train\n4ACC4gnqW0IM1wW.wav,bonafide,hi-en,996368,mucs2021,none,clean,eval
C:\dfdata\raw\mucs2021\train\jSNK2zDaIvyZsMZp.wav,bonafide,hi-en,177570,mucs2021,none,clean,eval
C:\dfdata\raw\mucs2021\train\vE1rhq3ojNKZvQNv.wav,bonafide,hi-en,106718,mucs2021,none,clean,eval
C:\dfdata\raw\mucs2021\train\LSRBJiHdUoHm4BTI.wav,bonafide,hi-en,987461,mucs2021,none,clean,eval
C:\dfdata\raw\mucs2021\train\n4ACC4gnqW0IM1wW.wav,bonafide,hi-en,996368,mucs2021,none,clean,eval
C:\dfdata\raw\mucs2021\train\vE1rhq3ojNKZvQNv.wav,bonafide,hi-en,106718,mucs2021,none,clean,eval
C:\dfdata\raw\mucs2021\train\WgzliDtK6Htff0g2.wav,bonafide,hi-en,457295,mucs2021,none,clean,eval
C:\dfdata\raw\mucs2021\train\WgzliDtK6Htff0g2.wav,bonafide,hi-en,457295,mucs2021,none,clean,eval
C:\dfdata\raw\mucs2021\train\WgzliDtK6Htff0g2.wav,bonafide,hi-en,457295,mucs2021,none,clean,eval
C:\dfdata\raw\mucs2021\train\crdH0AI5aH25bEXe.wav,bonafide,hi-en,870582,mucs2021,none,clean,eval
C:\dfdata\raw\mucs2021\train\WgzliDtK6Htff0g2.wav,bonafide,hi-en,457295,mucs2021,none,clean,eval
C:\dfdata\raw\mucs2021\train\jSNK2zDaIvyZsMZp.wav,bonafide,hi-en,177570,mucs2021,none,clean,eval
C:\dfdata\raw\mucs2021\train\n4ACC4gnqW0IM1wW.wav,bonafide,hi-en,996368,mucs2021,none,clean,eval
C:\dfdata\raw\mucs2021\train\wOTMMvC3WQ5YQRAF.wav,bonafide,hi-en,850754,mucs2021,none,clean,eval
C:\dfdata\raw\mucs2021\train\cyhxRWI0LoKYZvcw.wav,bonafide,hi-en,541304,mucs2021,none,clean,eval
C:\dfdata\raw\mucs2021\train\LSRBJiHdUoHm4BTI.wav,bonafide,hi-en,987461,mucs2021,none,clean,eval
C:\dfdata\raw\mucs2021\train\XTscbPr78nzuHhuu.wav,bonafide,hi-en,322882,mucs2021,none,clean,eval
C:\dfdata\raw\mucs2021\train\crdH0AI5aH25bEXe.wav,bonafide,hi-en,870582,mucs2021,none,clean,eval
C:\dfdata\raw\mucs2021\train\LFpbaXkb8HuQ6DnF.wav,bonafide,hi-en,186783,mucs2021,none,clean,eval
C:\dfdata\raw\mucs2021\train\jCgweujQVV5haVF1.wav,bonafide,hi-en,634568,mucs2021,none,clean,eval
C:\dfdata\raw\mucs2021\train\F4KjmwYhWvnpSE0m.wav,bonafide,hi-en,205240,mucs2021,none,clean,eval
C:\dfdata\raw\mucs2021\train\DP5j8CLDeL6HHHSX.wav,bonafide,hi-en,142970,mucs2021,none,clean,eval
C:\dfdata\raw\mucs2021\train\LFpbaXkb8HuQ6DnF.wav,bonafide,hi-en,186783,mucs2021,none,clean,eval
C:\dfdata\raw\mucs2021\train\vE1rhq3ojNKZvQNv.wav,bonafide,hi-en,106718,mucs2021,none,clean,eval
C:\dfdata\raw\mucs2021\train\RyQSvr4r4iAMTYXq.wav,bonafide,hi-en,876898,mucs2021,none,clean,eval
C:\dfdata\raw\mucs2021\train\cyhxRWI0LoKYZvcw.wav,bonafide,hi-en,541304,mucs2021,none,clean,eval
C:\dfdata\raw\mucs2021\train\jSNK2zDaIvyZsMZp.wav,bonafide,hi-en,177570,mucs2021,none,clean,eval
C:\dfdata\raw\mucs2021\train\RyQSvr4r4iAMTYXq.wav,bonafide,hi-en,876898,mucs2021,none,clean,eval
C:\dfdata\raw\mucs2021\train\8xh3ZKpPy5YhAnKX.wav,bonafide,hi-en,893273,mucs2021,none,clean,eval
C:\dfdata\raw\mucs2021\train\RyQSvr4r4iAMTYXq.wav,bonafide,hi-en,876898,mucs2021,none,clean,eval
C:\dfdata\raw\mucs2021\train\H6Z2BkcyVtiuiN7A.wav,bonafide,hi-en,445718,mucs2021,none,clean,eval
C:\dfdata\raw\mucs2021\train\vZGSoJPH1tbvsyCa.wav,bonafide,hi-en,539226,mucs2021,none,clean,eval
C:\dfdata\raw\mucs2021\train\aKSsdMqkPfUWyYeS.wav,bonafide,hi-en,413057,mucs2021,none,clean,eval
C:\dfdata\raw\mucs2021\train\1ijxO93RTIJh2Rzv.wav,bonafide,hi-en,584991,mucs2021,none,clean,eval
C:\dfdata\raw\mucs2021\train\1ijxO93RTIJh2Rzv.wav,bonafide,hi-en,584991,mucs2021,none,clean,eval
C:\dfdata\raw\mucs2021\train\H6Z2BkcyVtiuiN7A.wav,bonafide,hi-en,445718,mucs2021,none,clean,eval
C:\dfdata\raw\mucs2021\train\aKSsdMqkPfUWyYeS.wav,bonafide,hi-en,413057,mucs2021,none,clean,eval
C:\dfdata\raw\mucs2021\train\H6Z2BkcyVtiuiN7A.wav,bonafide,hi-en,445718,mucs2021,none,clean,eval
C:\dfdata\raw\mucs2021\train\aKSsdMqkPfUWyYeS.wav,bonafide,hi-en,413057,mucs2021,none,clean,eval
C:\dfdata\raw\mucs2021\train\crdH0AI5aH25bEXe.wav,bonafide,hi-en,870582,mucs2021,none,clean,eval
C:\dfdata\raw\mucs2021\train\DP5j8CLDeL6HHHSX.wav,bonafide,hi-en,142970,mucs2021,none,clean,eval
C:\dfdata\raw\mucs2021\train\1ijxO93RTIJh2Rzv.wav,bonafide,hi-en,584991,mucs2021,none,clean,eval
C:\dfdata\raw\mucs2021\train\WgzliDtK6Htff0g2.wav,bonafide,hi-en,457295,mucs2021,none,clean,eval
C:\dfdata\raw\mucs2021\train\fZcxLszRnIHxmVQp.wav,bonafide,hi-en,705494,mucs2021,none,clean,eval
C:\dfdata\raw\mucs2021\train\jCgweujQVV5haVF1.wav,bonafide,hi-en,634568,mucs2021,none,clean,eval
C:\dfdata\raw\mucs2021\train\vE1rhq3ojNKZvQNv.wav,bonafide,hi-en,106718,mucs2021,none,clean,eval
C:\dfdata\raw\mucs2021\train\WgzliDtK6Htff0g2.wav,bonafide,hi-en,457295,mucs2021,none,clean,eval
C:\dfdata\raw\mucs2021\train\vZGSoJPH1tbvsyCa.wav,bonafide,hi-en,539226,mucs2021,none,clean,eval
C:\dfdata\raw\mucs2021\train\jCgweujQVV5haVF1.wav,bonafide,hi-en,634568,mucs2021,none,clean,eval
C:\dfdata\raw\mucs2021\train\LFpbaXkb8HuQ6DnF.wav,bonafide,hi-en,186783,mucs2021,none,clean,eval
C:\dfdata\raw\mucs2021\train\TRInoJRJxAX3qv5C.wav,bonafide,hi-en,797767,mucs2021,none,clean,eval
C:\dfdata\raw\mucs2021\train\fZcxLszRnIHxmVQp.wav,bonafide,hi-en,705494,mucs2021,none,clean,eval
C:\dfdata\raw\mucs2021\train\C3MtnFEDrRkWHSvJ.wav,bonafide,hi-en,539354,mucs2021,none,clean,eval
C:\dfdata\raw\mucs2021\train\LSRBJiHdUoHm4BTI.wav,bonafide,hi-en,987461,mucs2021,none,clean,eval
C:\dfdata\raw\mucs2021\train\TRInoJRJxAX3qv5C.wav,bonafide,hi-en,797767,mucs2021,none,clean,eval
C:\dfdata\raw\mucs2021\train\1ijxO93RTIJh2Rzv.wav,bonafide,hi-en,584991,mucs2021,none,clean,eval
C:\dfdata\raw\mucs2021\train\WgzliDtK6Htff0g2.wav,bonafide,hi-en,457295,mucs2021,none,clean,eval
C:\dfdata\raw\mucs2021\train\K3X6AGezGWAoDe1q.wav,bonafide,hi-en,903756,mucs2021,none,clean,eval
C:\dfdata\raw\mucs2021\train\K3X6AGezGWAoDe1q.wav,bonafide,hi-en,903756,mucs2021,none,clean,eval
C:\dfdata\raw\mucs2021\train\vE1rhq3ojNKZvQNv.wav,bonafide,hi-en,106718,mucs2021,none,clean,eval
C:\dfdata\raw\mucs2021\train\K3X6AGezGWAoDe1q.wav,bonafide,hi-en,903756,mucs2021,none,clean,eval
C:\dfdata\raw\mucs2021\train\vE1rhq3ojNKZvQNv.wav,bonafide,hi-en,106718,mucs2021,none,clean,eval
C:\dfdata\raw\mucs2021\train\cyhxRWI0LoKYZvcw.wav,bonafide,hi-en,541304,mucs2021,none,clean,eval
C:\dfdata\raw\mucs2021\train\WgzliDtK6Htff0g2.wav,bonafide,hi-en,457295,mucs2021,none,clean,eval
C:\dfdata\raw\mucs2021\train\1ijxO93RTIJh2Rzv.wav,bonafide,hi-en,584991,mucs2021,none,clean,eval
C:\dfdata\raw\mucs2021\train\H6Z2BkcyVtiuiN7A.wav,bonafide,hi-en,445718,mucs2021,none,clean,eval
C:\dfdata\raw\mucs2021\train\fZcxLszRnIHxmVQp.wav,bonafide,hi-en,705494,mucs2021,none,clean,eval
C:\dfdata\raw\mucs2021\train\fZcxLszRnIHxmVQp.wav,bonafide,hi-en,705494,mucs2021,none,clean,eval
C:\dfdata\raw\mucs2021\train\vE1rhq3ojNKZvQNv.wav,bonafide,hi-en,106718,mucs2021,none,clean,eval
C:\dfdata\raw\mucs2021\train\aKSsdMqkPfUWyYeS.wav,bonafide,hi-en,413057,mucs2021,none,clean,eval
C:\dfdata\raw\mucs2021\train\1eNS3GaW1oHHurL4.wav,bonafide,hi-en,975912,mucs2021,none,clean,eval
C:\dfdata\raw\mucs2021\train\jSNK2zDaIvyZsMZp.wav,bonafide,hi-en,177570,mucs2021,none,clean,eval
C:\dfdata\raw\mucs2021\train\aKSsdMqkPfUWyYeS.wav,bonafide,hi-en,413057,mucs2021,none,clean,eval
C:\dfdata\raw\mucs2021\train\crdH0AI5aH25bEXe.wav,bonafide,hi-en,870582,mucs2021,none,clean,eval
C:\dfdata\raw\mucs2021\train\WgzliDtK6Htff0g2.wav,bonafide,hi-en,457295,mucs2021,none,clean,eval
C:\dfdata\raw\mucs2021\train\cyhxRWI0LoKYZvcw.wav,bonafide,hi-en,541304,mucs2021,none,clean,eval
C:\dfdata\raw\mucs2021\train\TRInoJRJxAX3qv5C.wav,bonafide,hi-en,797767,mucs2021,none,clean,eval
C:\dfdata\raw\mucs2021\train\jSNK2zDaIvyZsMZp.wav,bonafide,hi-en,177570,mucs2021,none,clean,eval
C:\dfdata\raw\mucs2021\train\1eNS3GaW1oHHurL4.wav,bonafide,hi-en,975912,mucs2021,none,clean,eval
C:\dfdata\raw\mucs2021\train\aKSsdMqkPfUWyYeS.wav,bonafide,hi-en,413057,mucs2021,none,clean,eval
C:\dfdata\raw\mucs2021\train\K3X6AGezGWAoDe1q.wav,bonafide,hi-en,903756,mucs2021,none,clean,eval
C:\dfdata\raw\mucs2021\train\LFpbaXkb8HuQ6DnF.wav,bonafide,hi-en,186783,mucs2021,none,clean,eval
C:\dfdata\raw\mucs2021\train\DP5j8CLDeL6HHHSX.wav,bonafide,hi-en,142970,mucs2021,none,clean,eval
C:\dfdata\raw\mucs2021\train\vZGSoJPH1tbvsyCa.wav,bonafide,hi-en,539226,mucs2021,none,clean,eval
C:\dfdata\raw\mucs2021\train\DP5j8CLDeL6HHHSX.wav,bonafide,hi-en,142970,mucs2021,none,clean,eval
C:\dfdata\raw\mucs2021\train\XTscbPr78nzuHhuu.wav,bonafide,hi-en,322882,mucs2021,none,clean,eval
C:\dfdata\raw\mucs2021\train\K3X6AGezGWAoDe1q.wav,bonafide,hi-en,903756,mucs2021,none,clean,eval
C:\dfdata\raw\mucs2021\train\aKSsdMqkPfUWyYeS.wav,bonafide,hi-en,413057,mucs2021,none,clean,eval
C:\dfdata\raw\mucs2021\train\1ijxO93RTIJh2Rzv.wav,bonafide,hi-en,584991,mucs2021,none,clean,eval
C:\dfdata\raw\mucs2021\train\C3MtnFEDrRkWHSvJ.wav,bonafide,hi-en,539354,mucs2021,none,clean,eval
C:\dfdata\raw\mucs2021\train\WgzliDtK6Htff0g2.wav,bonafide,hi-en,457295,mucs2021,none,clean,eval
C:\dfdata\raw\mucs2021\train\1ijxO93RTIJh2Rzv.wav,bonafide,hi-en,584991,mucs2021,none,clean,eval
C:\dfdata\raw\mucs2021\train\1eNS3GaW1oHHurL4.wav,bonafide,hi-en,975912,mucs2021,none,clean,eval
C:\dfdata\raw\mucs2021\train\K3X6AGezGWAoDe1q.wav,bonafide,hi-en,903756,mucs2021,none,clean,eval
C:\dfdata\raw\mucs2021\train\H6Z2BkcyVtiuiN7A.wav,bonafide,hi-en,445718,mucs2021,none,clean,eval
C:\dfdata\raw\mucs2021\train\C3MtnFEDrRkWHSvJ.wav,bonafide,hi-en,539354,mucs2021,none,clean,eval
C:\dfdata\raw\mucs2021\train\vE1rhq3ojNKZvQNv.wav,bonafide,hi-en,106718,mucs2021,none,clean,eval
C:\dfdata\raw\mucs2021\train\RyQSvr4r4iAMTYXq.wav,bonafide,hi-en,876898,mucs2021,none,clean,eval
C:\dfdata\raw\mucs2021\train\jSNK2zDaIvyZsMZp.wav,bonafide,hi-en,177570,mucs2021,none,clean,eval
C:\dfdata\raw\mucs2021\train\n4ACC4gnqW0IM1wW.wav,bonafide,hi-en,996368,mucs2021,none,clean,eval
C:\dfdata\raw\mucs2021\train\C3MtnFEDrRkWHSvJ.wav,bonafide,hi-en,539354,mucs2021,none,clean,eval
C:\dfdata\raw\mucs2021\train\wOTMMvC3WQ5YQRAF.wav,bonafide,hi-en,850754,mucs2021,none,clean,eval
C:\dfdata\raw\mucs2021\train\jSNK2zDaIvyZsMZp.wav,bonafide,hi-en,177570,mucs2021,none,clean,eval
C:\dfdata\raw\mucs2021\train\aKSsdMqkPfUWyYeS.wav,bonafide,hi-en,413057,mucs2021,none,clean,eval
C:\dfdata\raw\mucs2021\train\jSNK2zDaIvyZsMZp.wav,bonafide,hi-en,177570,mucs2021,none,clean,eval
C:\dfdata\raw\mucs2021\train\K3X6AGezGWAoDe1q.wav,bonafide,hi-en,903756,mucs2021,none,clean,eval
C:\dfdata\raw\mucs2021\train\XTscbPr78nzuHhuu.wav,bonafide,hi-en,322882,mucs2021,none,clean,eval
C:\dfdata\raw\mucs2021\train\RyQSvr4r4iAMTYXq.wav,bonafide,hi-en,876898,mucs2021,none,clean,eval
C:\dfdata\raw\mucs2021\train\V11NDc0lxudGbWQU.wav,bonafide,hi-en,912184,mucs2021,none,clean,eval
C:\dfdata\raw\mucs2021\train\jSNK2zDaIvyZsMZp.wav,bonafide,hi-en,177570,mucs2021,none,clean,eval
C:\dfdata\raw\mucs2021\train\XTscbPr78nzuHhuu.wav,bonafide,hi-en,322882,mucs2021,none,clean,eval
C:\dfdata\raw\mucs2021\train\jSNK2zDaIvyZsMZp.wav,bonafide,hi-en,177570,mucs2021,none,clean,eval
C:\dfdata\raw\mucs2021\train\jSNK2zDaIvyZsMZp.wav,bonafide,hi-en,177570,mucs2021,none,clean,eval
C:\dfdata\raw\mucs2021\train\C3MtnFEDrRkWHSvJ.wav,bonafide,hi-en,539354,mucs2021,none,clean,eval
C:\dfdata\raw\mucs2021\train\vE1rhq3ojNKZvQNv.wav,bonafide,hi-en,106718,mucs2021,none,clean,eval
C:\dfdata\raw\mucs2021\train\aKSsdMqkPfUWyYeS.wav,bonafide,hi-en,413057,mucs2021,none,clean,eval
C:\dfdata\raw\mucs2021\train\jCgweujQVV5haVF1.wav,bonafide,hi-en,634568,mucs2021,none,clean,eval
C:\dfdata\raw\mucs2021\train\RyQSvr4r4iAMTYXq.wav,bonafide,hi-en,876898,mucs2021,none,clean,eval
C:\dfdata\raw\mucs2021\train\vE1rhq3ojNKZvQNv.wav,bonafide,hi-en,106718,mucs2021,none,clean,eval
C:\dfdata\raw\mucs2021\train\K3X6AGezGWAoDe1q.wav,bonafide,hi-en,903756,mucs2021,none,clean,eval
C:\dfdata\raw\mucs2021\train\F4KjmwYhWvnpSE0m.wav,bonafide,hi-en,205240,mucs2021,none,clean,eval
C:\dfdata\raw\mucs2021\train\V11NDc0lxudGbWQU.wav,bonafide,hi-en,912184,mucs2021,none,clean,eval
C:\dfdata\raw\mucs2021\train\jCgweujQVV5haVF1.wav,bonafide,hi-en,634568,mucs2021,none,clean,eval
C:\dfdata\raw\mucs2021\train\jSNK2zDaIvyZsMZp.wav,bonafide,hi-en,177570,mucs2021,none,clean,eval
C:\dfdata\raw\mucs2021\train\wOTMMvC3WQ5YQRAF.wav,bonafide,hi-en,850754,mucs2021,none,clean,eval
C:\dfdata\raw\mucs2021\train\crdH0AI5aH25bEXe.wav,bonafide,hi-en,870582,mucs2021,none,clean,eval
C:\dfdata\raw\mucs2021\train\jCgweujQVV5haVF1.wav,bonafide,hi-en,634568,mucs2021,none,clean,eval
C:\dfdata\raw\mucs2021\train\K3X6AGezGWAoDe1q.wav,bonafide,hi-en,903756,mucs2021,none,clean,eval
C:\dfdata\raw\mucs2021\train\jSNK2zDaIvyZsMZp.wav,bonafide,hi-en,177570,mucs2021,none,clean,eval
C:\dfdata\raw\mucs2021\train\crdH0AI5aH25bEXe.wav,bonafide,hi-en,870582,mucs2021,none,clean,eval
C:\dfdata\raw\mucs2021\train\WgzliDtK6Htff0g2.wav,bonafide,hi-en,457295,mucs2021,none,clean,eval
C:\dfdata\raw\mucs2021\train\crdH0AI5aH25bEXe.wav,bonafide,hi-en,870582,mucs2021,none,clean,eval
C:\dfdata\raw\mucs2021\train\crdH0AI5aH25bEXe.wav,bonafide,hi-en,870582,mucs2021,none,clean,eval
C:\dfdata\raw\mucs2021\train\vE1rhq3ojNKZvQNv.wav,bonafide,hi-en,106718,mucs2021,none,clean,eval
C:\dfdata\raw\mucs2021\train\jSNK2zDaIvyZsMZp.wav,bonafide,hi-en,177570,mucs2021,none,clean,eval
C:\dfdata\raw\mucs2021\train\F4KjmwYhWvnpSE0m.wav,bonafide,hi-en,205240,mucs2021,none,clean,eval
C:\dfdata\raw\mucs2021\train\V11NDc0lxudGbWQU.wav,bonafide,hi-en,912184,mucs2021,none,clean,eval
C:\dfdata\raw\mucs2021\train\8xh3ZKpPy5YhAnKX.wav,bonafide,hi-en,893273,mucs2021,none,clean,eval
C:\dfdata\raw\mucs2021\train\WgzliDtK6Htff0g2.wav,bonafide,hi-en,457295,mucs2021,none,clean,eval
C:\dfdata\raw\mucs2021\train\DP5j8CLDeL6HHHSX.wav,bonafide,hi-en,142970,mucs2021,none,clean,eval
C:\dfdata\raw\mucs2021\train\XTscbPr78nzuHhuu.wav,bonafide,hi-en,322882,mucs2021,none,clean,eval
C:\dfdata\raw\mucs2021\train\TRInoJRJxAX3qv5C.wav,bonafide,hi-en,797767,mucs2021,none,clean,eval
C:\dfdata\raw\mucs2021\train\RyQSvr4r4iAMTYXq.wav,bonafide,hi-en,876898,mucs2021,none,clean,eval
C:\dfdata\raw\mucs2021\train\1ijxO93RTIJh2Rzv.wav,bonafide,hi-en,584991,mucs2021,none,clean,eval
C:\dfdata\raw\mucs2021\train\crdH0AI5aH25bEXe.wav,bonafide,hi-en,870582,mucs2021,none,clean,eval
C:\dfdata\raw\mucs2021\train\XTscbPr78nzuHhuu.wav,bonafide,hi-en,322882,mucs2021,none,clean,eval
C:\dfdata\raw\mucs2021\train\TRInoJRJxAX3qv5C.wav,bonafide,hi-en,797767,mucs2021,none,clean,eval
C:\dfdata\raw\mucs2021\train\crdH0AI5aH25bEXe.wav,bonafide,hi-en,870582,mucs2021,none,clean,eval
C:\dfdata\raw\mucs2021\train\K3X6AGezGWAoDe1q.wav,bonafide,hi-en,903756,mucs2021,none,clean,eval
C:\dfdata\raw\mucs2021\train\V11NDc0lxudGbWQU.wav,bonafide,hi-en,912184,mucs2021,none,clean,eval
C:\dfdata\raw\mucs2021\train\wOTMMvC3WQ5YQRAF.wav,bonafide,hi-en,850754,mucs2021,none,clean,eval
C:\dfdata\raw\mucs2021\train\aKSsdMqkPfUWyYeS.wav,bonafide,hi-en,413057,mucs2021,none,clean,eval
C:\dfdata\raw\mucs2021\train\WgzliDtK6Htff0g2.wav,bonafide,hi-en,457295,mucs2021,none,clean,eval
C:\dfdata\raw\mucs2021\train\K3X6AGezGWAoDe1q.wav,bonafide,hi-en,903756,mucs2021,none,clean,eval
C:\dfdata\raw\mucs2021\train\C3MtnFEDrRkWHSvJ.wav,bonafide,hi-en,539354,mucs2021,none,clean,eval
C:\dfdata\raw\mucs2021\train\F4KjmwYhWvnpSE0m.wav,bonafide,hi-en,205240,mucs2021,none,clean,eval
C:\dfdata\raw\mucs2021\train\1ijxO93RTIJh2Rzv.wav,bonafide,hi-en,584991,mucs2021,none,clean,eval
C:\dfdata\raw\mucs2021\train\WgzliDtK6Htff0g2.wav,bonafide,hi-en,457295,mucs2021,none,clean,eval
C:\dfdata\raw\mucs2021\train\LSRBJiHdUoHm4BTI.wav,bonafide,hi-en,987461,mucs2021,none,clean,eval
C:\dfdata\raw\mucs2021\train\C3MtnFEDrRkWHSvJ.wav,bonafide,hi-en,539354,mucs2021,none,clean,eval
C:\dfdata\raw\mucs2021\train\1ijxO93RTIJh2Rzv.wav,bonafide,hi-en,584991,mucs2021,none,clean,eval
C:\dfdata\raw\mucs2021\train\n4ACC4gnqW0IM1wW.wav,bonafide,hi-en,996368,mucs2021,none,clean,eval
C:\dfdata\raw\mucs2021\train\H6Z2BkcyVtiuiN7A.wav,bonafide,hi-en,445718,mucs2021,none,clean,eval
C:\dfdata\raw\mucs2021\train\jCgweujQVV5haVF1.wav,bonafide,hi-en,634568,mucs2021,none,clean,eval
C:\dfdata\raw\mucs2021\train\V11NDc0lxudGbWQU.wav,bonafide,hi-en,912184,mucs2021,none,clean,eval
C:\dfdata\raw\mucs2021\train\LFpbaXkb8HuQ6DnF.wav,bonafide,hi-en,186783,mucs2021,none,clean,eval
C:\dfdata\raw\mucs2021\train\vE1rhq3ojNKZvQNv.wav,bonafide,hi-en,106718,mucs2021,none,clean,eval
C:\dfdata\raw\mucs2021\train\jCgweujQVV5haVF1.wav,bonafide,hi-en,634568,mucs2021,none,clean,eval
C:\dfdata\raw\mucs2021\train\K3X6AGezGWAoDe1q.wav,bonafide,hi-en,903756,mucs2021,none,clean,eval
C:\dfdata\raw\mucs2021\train\K3X6AGezGWAoDe1q.wav,bonafide,hi-en,903756,mucs2021,none,clean,eval
C:\dfdata\raw\mucs2021\train\WgzliDtK6Htff0g2.wav,bonafide,hi-en,457295,mucs2021,none,clean,eval
C:\dfdata\raw\mucs2021\train\WgzliDtK6Htff0g2.wav,bonafide,hi-en,457295,mucs2021,none,clean,eval
C:\dfdata\raw\mucs2021\train\TRInoJRJxAX3qv5C.wav,bonafide,hi-en,797767,mucs2021,none,clean,eval
C:\dfdata\raw\mucs2021\train\LFpbaXkb8HuQ6DnF.wav,bonafide,hi-en,186783,mucs2021,none,clean,eval
C:\dfdata\raw\mucs2021\train\1ijxO93RTIJh2Rzv.wav,bonafide,hi-en,584991,mucs2021,none,clean,eval
C:\dfdata\raw\mucs2021\train\aKSsdMqkPfUWyYeS.wav,bonafide,hi-en,413057,mucs2021,none,clean,eval
C:\dfdata\raw\mucs2021\train\XTscbPr78nzuHhuu.wav,bonafide,hi-en,322882,mucs2021,none,clean,eval
C:\dfdata\raw\mucs2021\train\8xh3ZKpPy5YhAnKX.wav,bonafide,hi-en,893273,mucs2021,none,clean,eval
C:\dfdata\raw\mucs2021\train\jSNK2zDaIvyZsMZp.wav,bonafide,hi-en,177570,mucs2021,none,clean,eval
C:\dfdata\raw\mucs2021\train\aKSsdMqkPfUWyYeS.wav,bonafide,hi-en,413057,mucs2021,none,clean,eval
C:\dfdata\raw\mucs2021\train\LSRBJiHdUoHm4BTI.wav,bonafide,hi-en,987461,mucs2021,none,clean,eval
C:\dfdata\raw\mucs2021\train\8xh3ZKpPy5YhAnKX.wav,bonafide,hi-en,893273,mucs2021,none,clean,eval
C:\dfdata\raw\mucs2021\train\DP5j8CLDeL6HHHSX.wav,bonafide,hi-en,142970,mucs2021,none,clean,eval
C:\dfdata\raw\mucs2021\train\V11NDc0lxudGbWQU.wav,bonafide,hi-en,912184,mucs2021,none,clean,eval
C:\dfdata\raw\mucs2021\train\fZcxLszRnIHxmVQp.wav,bonafide,hi-en,705494,mucs2021,none,clean,eval
C:\dfdata\raw\mucs2021\train\V11NDc0lxudGbWQU.wav,bonafide,hi-en,912184,mucs2021,none,clean,eval
C:\dfdata\raw\mucs2021\train\TRInoJRJxAX3qv5C.wav,bonafide,hi-en,797767,mucs2021,none,clean,eval
C:\dfdata\raw\mucs2021\train\1ijxO93RTIJh2Rzv.wav,bonafide,hi-en,584991,mucs2021,none,clean,eval
C:\dfdata\raw\mucs2021\train\XTscbPr78nzuHhuu.wav,bonafide,hi-en,322882,mucs2021,none,clean,eval
C:\dfdata\raw\mucs2021\train\C3MtnFEDrRkWHSvJ.wav,bonafide,hi-en,539354,mucs2021,none,clean,eval
C:\dfdata\raw\mucs2021\train\1ijxO93RTIJh2Rzv.wav,bonafide,hi-en,584991,mucs2021,none,clean,eval
C:\dfdata\raw\mucs2021\train\cyhxRWI0LoKYZvcw.wav,bonafide,hi-en,541304,mucs2021,none,clean,eval
C:\dfdata\raw\mucs2021\train\jSNK2zDaIvyZsMZp.wav,bonafide,hi-en,177570,mucs2021,none,clean,eval
C:\dfdata\raw\mucs2021\train\C3MtnFEDrRkWHSvJ.wav,bonafide,hi-en,539354,mucs2021,none,clean,eval
C:\dfdata\raw\mucs2021\train\DP5j8CLDeL6HHHSX.wav,bonafide,hi-en,142970,mucs2021,none,clean,eval
C:\dfdata\raw\mucs2021\train\n4ACC4gnqW0IM1wW.wav,bonafide,hi-en,996368,mucs2021,none,clean,eval
C:\dfdata\raw\mucs2021\train\jCgweujQVV5haVF1.wav,bonafide,hi-en,634568,mucs2021,none,clean,eval
C:\dfdata\raw\mucs2021\train\wOTMMvC3WQ5YQRAF.wav,bonafide,hi-en,850754,mucs2021,none,clean,eval
C:\dfdata\raw\mucs2021\train\DP5j8CLDeL6HHHSX.wav,bonafide,hi-en,142970,mucs2021,none,clean,eval
C:\dfdata\raw\mucs2021\train\wOTMMvC3WQ5YQRAF.wav,bonafide,hi-en,850754,mucs2021,none,clean,eval
C:\dfdata\raw\mucs2021\train\1ijxO93RTIJh2Rzv.wav,bonafide,hi-en,584991,mucs2021,none,clean,eval
C:\dfdata\raw\mucs2021\train\RyQSvr4r4iAMTYXq.wav,bonafide,hi-en,876898,mucs2021,none,clean,eval
C:\dfdata\raw\mucs2021\train\fZcxLszRnIHxmVQp.wav,bonafide,hi-en,705494,mucs2021,none,clean,eval
C:\dfdata\raw\mucs2021\train\vE1rhq3ojNKZvQNv.wav,bonafide,hi-en,106718,mucs2021,none,clean,eval
C:\dfdata\raw\mucs2021\train\vE1rhq3ojNKZvQNv.wav,bonafide,hi-en,106718,mucs2021,none,clean,eval
C:\dfdata\raw\mucs2021\train\jSNK2zDaIvyZsMZp.wav,bonafide,hi-en,177570,mucs2021,none,clean,eval
C:\dfdata\raw\mucs2021\train\DP5j8CLDeL6HHHSX.wav,bonafide,hi-en,142970,mucs2021,none,clean,eval
C:\dfdata\raw\mucs2021\train\8xh3ZKpPy5YhAnKX.wav,bonafide,hi-en,893273,mucs2021,none,clean,eval
C:\dfdata\raw\mucs2021\train\RyQSvr4r4iAMTYXq.wav,bonafide,hi-en,876898,mucs2021,none,clean,eval
C:\dfdata\raw\mucs2021\train\H6Z2BkcyVtiuiN7A.wav,bonafide,hi-en,445718,mucs2021,none,clean,eval
C:\dfdata\raw\mucs2021\train\XTscbPr78nzuHhuu.wav,bonafide,hi-en,322882,mucs2021,none,clean,eval
C:\dfdata\raw\mucs2021\train\wOTMMvC3WQ5YQRAF.wav,bonafide,hi-en,850754,mucs2021,none,clean,eval
C:\dfdata\raw\mucs2021\train\XTscbPr78nzuHhuu.wav,bonafide,hi-en,322882,mucs2021,none,clean,eval
C:\dfdata\raw\mucs2021\train\TRInoJRJxAX3qv5C.wav,bonafide,hi-en,797767,mucs2021,none,clean,eval
C:\dfdata\raw\mucs2021\train\vZGSoJPH1tbvsyCa.wav,bonafide,hi-en,539226,mucs2021,none,clean,eval
C:\dfdata\raw\mucs2021\train\crdH0AI5aH25bEXe.wav,bonafide,hi-en,870582,mucs2021,none,clean,eval
C:\dfdata\raw\mucs2021\train\V11NDc0lxudGbWQU.wav,bonafide,hi-en,912184,mucs2021,none,clean,eval
C:\dfdata\raw\mucs2021\train\H6Z2BkcyVtiuiN7A.wav,bonafide,hi-en,445718,mucs2021,none,clean,eval
C:\dfdata\raw\mucs2021\train\H6Z2BkcyVtiuiN7A.wav,bonafide,hi-en,445718,mucs2021,none,clean,eval
C:\dfdata\raw\mucs2021\train\1ijxO93RTIJh2Rzv.wav,bonafide,hi-en,584991,mucs2021,none,clean,eval
C:\dfdata\raw\mucs2021\train\K3X6AGezGWAoDe1q.wav,bonafide,hi-en,903756,mucs2021,none,clean,eval
C:\dfdata\raw\mucs2021\train\XTscbPr78nzuHhuu.wav,bonafide,hi-en,322882,mucs2021,none,clean,eval
C:\dfdata\raw\mucs2021\train\vZGSoJPH1tbvsyCa.wav,bonafide,hi-en,539226,mucs2021,none,clean,eval
C:\dfdata\raw\mucs2021\train\vE1rhq3ojNKZvQNv.wav,bonafide,hi-en,106718,mucs2021,none,clean,eval
C:\dfdata\raw\mucs2021\train\C3MtnFEDrRkWHSvJ.wav,bonafide,hi-en,539354,mucs2021,none,clean,eval
C:\dfdata\raw\mucs2021\train\1ijxO93RTIJh2Rzv.wav,bonafide,hi-en,584991,mucs2021,none,clean,eval
C:\dfdata\raw\mucs2021\train\1ijxO93RTIJh2Rzv.wav,bonafide,hi-en,584991,mucs2021,none,clean,eval
C:\dfdata\raw\mucs2021\train\DP5j8CLDeL6HHHSX.wav,bonafide,hi-en,142970,mucs2021,none,clean,eval
C:\dfdata\raw\mucs2021\train\jCgweujQVV5haVF1.wav,bonafide,hi-en,634568,mucs2021,none,clean,eval
C:\dfdata\raw\mucs2021\train\jCgweujQVV5haVF1.wav,bonafide,hi-en,634568,mucs2021,none,clean,eval
C:\dfdata\raw\mucs2021\train\fZcxLszRnIHxmVQp.wav,bonafide,hi-en,705494,mucs2021,none,clean,eval
C:\dfdata\raw\mucs2021\train\DP5j8CLDeL6HHHSX.wav,bonafide,hi-en,142970,mucs2021,none,clean,eval
C:\dfdata\raw\mucs2021\train\vE1rhq3ojNKZvQNv.wav,bonafide,hi-en,106718,mucs2021,none,clean,eval
C:\dfdata\raw\mucs2021\train\crdH0AI5aH25bEXe.wav,bonafide,hi-en,870582,mucs2021,none,clean,eval
C:\dfdata\raw\mucs2021\train\DP5j8CLDeL6HHHSX.wav,bonafide,hi-en,142970,mucs2021,none,clean,eval
C:\dfdata\raw\mucs2021\train\fZcxLszRnIHxmVQp.wav,bonafide,hi-en,705494,mucs2021,none,clean,eval
C:\dfdata\raw\mucs2021\train\1eNS3GaW1oHHurL4.wav,bonafide,hi-en,975912,mucs2021,none,clean,eval
C:\dfdata\raw\mucs2021\train\vE1rhq3ojNKZvQNv.wav,bonafide,hi-en,106718,mucs2021,none,clean,eval
C:\dfdata\raw\mucs2021\train\DP5j8CLDeL6HHHSX.wav,bonafide,hi-en,142970,mucs2021,none,clean,eval
C:\dfdata\raw\mucs2021\train\jSNK2zDaIvyZsMZp.wav,bonafide,hi-en,177570,mucs2021,none,clean,eval
C:\dfdata\raw\mucs2021\train\H6Z2BkcyVtiuiN7A.wav,bonafide,hi-en,445718,mucs2021,none,clean,eval
C:\dfdata\raw\mucs2021\train\cyhxRWI0LoKYZvcw.wav,bonafide,hi-en,541304,mucs2021,none,clean,eval
C:\dfdata\raw\mucs2021\train\jCgweujQVV5haVF1.wav,bonafide,hi-en,634568,mucs2021,none,clean,eval
C:\dfdata\raw\mucs2021\train\jSNK2zDaIvyZsMZp.wav,bonafide,hi-en,177570,mucs2021,none,clean,eval
C:\dfdata\raw\mucs2021\train\XTscbPr78nzuHhuu.wav,bonafide,hi-en,322882,mucs2021,none,clean,eval
C:\dfdata\raw\mucs2021\train\C3MtnFEDrRkWHSvJ.wav,bonafide,hi-en,539354,mucs2021,none,clean,eval
C:\dfdata\raw\mucs2021\train\vE1rhq3ojNKZvQNv.wav,bonafide,hi-en,106718,mucs2021,none,clean,eval
C:\dfdata\raw\mucs2021\train\LFpbaXkb8HuQ6DnF.wav,bonafide,hi-en,186783,mucs2021,none,clean,eval
C:\dfdata\raw\mucs2021\train\1ijxO93RTIJh2Rzv.wav,bonafide,hi-en,584991,mucs2021,none,clean,eval
C:\dfdata\raw\mucs2021\train\vE1rhq3ojNKZvQNv.wav,bonafide,hi-en,106718,mucs2021,none,clean,eval
C:\dfdata\raw\mucs2021\train\H6Z2BkcyVtiuiN7A.wav,bonafide,hi-en,445718,mucs2021,none,clean,eval
C:\dfdata\raw\mucs2021\train\LSRBJiHdUoHm4BTI.wav,bonafide,hi-en,987461,mucs2021,none,clean,eval
C:\dfdata\raw\mucs2021\train\LFpbaXkb8HuQ6DnF.wav,bonafide,hi-en,186783,mucs2021,none,clean,eval
C:\dfdata\raw\mucs2021\train\vE1rhq3ojNKZvQNv.wav,bonafide,hi-en,106718,mucs2021,none,clean,eval
C:\dfdata\raw\mucs2021\train\n4ACC4gnqW0IM1wW.wav,bonafide,hi-en,996368,mucs2021,none,clean,eval
C:\dfdata\raw\mucs2021\train\jSNK2zDaIvyZsMZp.wav,bonafide,hi-en,177570,mucs2021,none,clean,eval
C:\dfdata\raw\mucs2021\train\wOTMMvC3WQ5YQRAF.wav,bonafide,hi-en,850754,mucs2021,none,clean,eval
C:\dfdata\raw\mucs2021\train\V11NDc0lxudGbWQU.wav,bonafide,hi-en,912184,mucs2021,none,clean,eval
C:\dfdata\raw\mucs2021\train\V11NDc0lxudGbWQU.wav,bonafide,hi-en,912184,mucs2021,none,clean,eval
C:\dfdata\raw\mucs2021\train\DP5j8CLDeL6HHHSX.wav,bonafide,hi-en,142970,mucs2021,none,clean,eval
C:\dfdata\raw\mucs2021\train\8xh3ZKpPy5YhAnKX.wav,bonafide,hi-en,893273,mucs2021,none,clean,eval
C:\dfdata\raw\mucs2021\train\C3MtnFEDrRkWHSvJ.wav,bonafide,hi-en,539354,mucs2021,none,clean,eval
C:\dfdata\raw\mucs2021\train\C3MtnFEDrRkWHSvJ.wav,bonafide,hi-en,539354,mucs2021,none,clean,eval
C:\dfdata\raw\mucs2021\train\vE1rhq3ojNKZvQNv.wav,bonafide,hi-en,106718,mucs2021,none,clean,eval
C:\dfdata\raw\mucs2021\train\8xh3ZKpPy5YhAnKX.wav,bonafide,hi-en,893273,mucs2021,none,clean,eval
C:\dfdata\raw\mucs2021\train\aKSsdMqkPfUWyYeS.wav,bonafide,hi-en,413057,mucs2021,none,clean,eval
C:\dfdata\raw\mucs2021\train\crdH0AI5aH25bEXe.wav,bonafide,hi-en,870582,mucs2021,none,clean,eval
C:\dfdata\raw\mucs2021\train\WgzliDtK6Htff0g2.wav,bonafide,hi-en,457295,mucs2021,none,clean,eval
C:\dfdata\raw\mucs2021\train\C3MtnFEDrRkWHSvJ.wav,bonafide,hi-en,539354,mucs2021,none,clean,eval
C:\dfdata\raw\mucs2021\train\TRInoJRJxAX3qv5C.wav,bonafide,hi-en,797767,mucs2021,none,clean,eval
C:\dfdata\raw\mucs2021\train\LSRBJiHdUoHm4BTI.wav,bonafide,hi-en,987461,mucs2021,none,clean,eval
C:\dfdata\raw\mucs2021\train\cyhxRWI0LoKYZvcw.wav,bonafide,hi-en,541304,mucs2021,none,clean,eval
C:\dfdata\raw\mucs2021\train\jCgweujQVV5haVF1.wav,bonafide,hi-en,634568,mucs2021,none,clean,eval
C:\dfdata\raw\mucs2021\train\aKSsdMqkPfUWyYeS.wav,bonafide,hi-en,413057,mucs2021,none,clean,eval
C:\dfdata\raw\mucs2021\train\jSNK2zDaIvyZsMZp.wav,bonafide,hi-en,177570,mucs2021,none,clean,eval
C:\dfdata\raw\mucs2021\train\DP5j8CLDeL6HHHSX.wav,bonafide,hi-en,142970,mucs2021,none,clean,eval
C:\dfdata\raw\mucs2021\train\crdH0AI5aH25bEXe.wav,bonafide,hi-en,870582,mucs2021,none,clean,eval
C:\dfdata\raw\mucs2021\train\wOTMMvC3WQ5YQRAF.wav,bonafide,hi-en,850754,mucs2021,none,clean,eval
C:\dfdata\raw\mucs2021\train\H6Z2BkcyVtiuiN7A.wav,bonafide,hi-en,445718,mucs2021,none,clean,eval
C:\dfdata\raw\mucs2021\train\DP5j8CLDeL6HHHSX.wav,bonafide,hi-en,142970,mucs2021,none,clean,eval
C:\dfdata\raw\mucs2021\train\H6Z2BkcyVtiuiN7A.wav,bonafide,hi-en,445718,mucs2021,none,clean,eval
C:\dfdata\raw\mucs2021\train\H6Z2BkcyVtiuiN7A.wav,bonafide,hi-en,445718,mucs2021,none,clean,eval
C:\dfdata\raw\mucs2021\train\fZcxLszRnIHxmVQp.wav,bonafide,hi-en,705494,mucs2021,none,clean,eval
C:\dfdata\raw\mucs2021\train\LSRBJiHdUoHm4BTI.wav,bonafide,hi-en,987461,mucs2021,none,clean,eval
C:\dfdata\raw\mucs2021\train\1eNS3GaW1oHHurL4.wav,bonafide,hi-en,975912,mucs2021,none,clean,eval
C:\dfdata\raw\mucs2021\train\TRInoJRJxAX3qv5C.wav,bonafide,hi-en,797767,mucs2021,none,clean,eval
C:\dfdata\raw\mucs2021\train\vE1rhq3ojNKZvQNv.wav,bonafide,hi-en,106718,mucs2021,none,clean,eval
C:\dfdata\raw\mucs2021\train\K3X6AGezGWAoDe1q.wav,bonafide,hi-en,903756,mucs2021,none,clean,eval
C:\dfdata\raw\mucs2021\train\wOTMMvC3WQ5YQRAF.wav,bonafide,hi-en,850754,mucs2021,none,clean,eval
C:\dfdata\raw\mucs2021\train\vE1rhq3ojNKZvQNv.wav,bonafide,hi-en,106718,mucs2021,none,clean,eval
C:\dfdata\raw\mucs2021\train\C3MtnFEDrRkWHSvJ.wav,bonafide,hi-en,539354,mucs2021,none,clean,eval
C:\dfdata\raw\mucs2021\train\WgzliDtK6Htff0g2.wav,bonafide,hi-en,457295,mucs2021,none,clean,eval
C:\dfdata\raw\mucs2021\train\XTscbPr78nzuHhuu.wav,bonafide,hi-en,322882,mucs2021,none,clean,eval
C:\dfdata\raw\mucs2021\train\V11NDc0lxudGbWQU.wav,bonafide,hi-en,912184,mucs2021,none,clean,eval
C:\dfdata\raw\mucs2021\train\LFpbaXkb8HuQ6DnF.wav,bonafide,hi-en,186783,mucs2021,none,clean,eval
C:\dfdata\raw\mucs2021\train\WgzliDtK6Htff0g2.wav,bonafide,hi-en,457295,mucs2021,none,clean,eval
C:\dfdata\raw\mucs2021\train\cyhxRWI0LoKYZvcw.wav,bonafide,hi-en,541304,mucs2021,none,clean,eval
C:\dfdata\raw\mucs2021\train\K3X6AGezGWAoDe1q.wav,bonafide,hi-en,903756,mucs2021,none,clean,eval
C:\dfdata\raw\mucs2021\train\F4KjmwYhWvnpSE0m.wav,bonafide,hi-en,205240,mucs2021,none,clean,eval
C:\dfdata\raw\mucs2021\train\WgzliDtK6Htff0g2.wav,bonafide,hi-en,457295,mucs2021,none,clean,eval
C:\dfdata\raw\mucs2021\train\fZcxLszRnIHxmVQp.wav,bonafide,hi-en,705494,mucs2021,none,clean,eval
C:\dfdata\raw\mucs2021\train\WgzliDtK6Htff0g2.wav,bonafide,hi-en,457295,mucs2021,none,clean,eval
C:\dfdata\raw\mucs2021\train\cyhxRWI0LoKYZvcw.wav,bonafide,hi-en,541304,mucs2021,none,clean,eval
C:\dfdata\raw\mucs2021\train\aKSsdMqkPfUWyYeS.wav,bonafide,hi-en,413057,mucs2021,none,clean,eval
C:\dfdata\raw\mucs2021\train\n4ACC4gnqW0IM1wW.wav,bonafide,hi-en,996368,mucs2021,none,clean,eval
C:\dfdata\raw\mucs2021\train\jSNK2zDaIvyZsMZp.wav,bonafide,hi-en,177570,mucs2021,none,clean,eval
C:\dfdata\raw\mucs2021\train\K3X6AGezGWAoDe1q.wav,bonafide,hi-en,903756,mucs2021,none,clean,eval
C:\dfdata\raw\mucs2021\train\crdH0AI5aH25bEXe.wav,bonafide,hi-en,870582,mucs2021,none,clean,eval
C:\dfdata\raw\mucs2021\train\DP5j8CLDeL6HHHSX.wav,bonafide,hi-en,142970,mucs2021,none,clean,eval
C:\dfdata\raw\mucs2021\train\fZcxLszRnIHxmVQp.wav,bonafide,hi-en,705494,mucs2021,none,clean,eval
C:\dfdata\raw\mucs2021\train\F4KjmwYhWvnpSE0m.wav,bonafide,hi-en,205240,mucs2021,none,clean,eval
C:\dfdata\raw\mucs2021\train\8xh3ZKpPy5YhAnKX.wav,bonafide,hi-en,893273,mucs2021,none,clean,eval
C:\dfdata\raw\mucs2021\train\vE1rhq3ojNKZvQNv.wav,bonafide,hi-en,106718,mucs2021,none,clean,eval
C:\dfdata\raw\mucs2021\train\vZGSoJPH1tbvsyCa.wav,bonafide,hi-en,539226,mucs2021,none,clean,eval
C:\dfdata\raw\mucs2021\train\WgzliDtK6Htff0g2.wav,bonafide,hi-en,457295,mucs2021,none,clean,eval
C:\dfdata\raw\mucs2021\train\H6Z2BkcyVtiuiN7A.wav,bonafide,hi-en,445718,mucs2021,none,clean,eval
C:\dfdata\raw\mucs2021\train\H6Z2BkcyVtiuiN7A.wav,bonafide,hi-en,445718,mucs2021,none,clean,eval
C:\dfdata\raw\mucs2021\train\H6Z2BkcyVtiuiN7A.wav,bonafide,hi-en,445718,mucs2021,none,clean,eval
C:\dfdata\raw\mucs2021\train\C3MtnFEDrRkWHSvJ.wav,bonafide,hi-en,539354,mucs2021,none,clean,eval
C:\dfdata\raw\mucs2021\train\RyQSvr4r4iAMTYXq.wav,bonafide,hi-en,876898,mucs2021,none,clean,eval
C:\dfdata\raw\mucs2021\train\H6Z2BkcyVtiuiN7A.wav,bonafide,hi-en,445718,mucs2021,none,clean,eval
C:\dfdata\raw\mucs2021\train\jSNK2zDaIvyZsMZp.wav,bonafide,hi-en,177570,mucs2021,none,clean,eval
C:\dfdata\raw\mucs2021\train\cyhxRWI0LoKYZvcw.wav,bonafide,hi-en,541304,mucs2021,none,clean,eval
C:\dfdata\raw\mucs2021\train\WgzliDtK6Htff0g2.wav,bonafide,hi-en,457295,mucs2021,none,clean,eval
C:\dfdata\raw\mucs2021\train\vE1rhq3ojNKZvQNv.wav,bonafide,hi-en,106718,mucs2021,none,clean,eval
C:\dfdata\raw\mucs2021\train\C3MtnFEDrRkWHSvJ.wav,bonafide,hi-en,539354,mucs2021,none,clean,eval
C:\dfdata\raw\mucs2021\train\vE1rhq3ojNKZvQNv.wav,bonafide,hi-en,106718,mucs2021,none,clean,eval
C:\dfdata\raw\mucs2021\train\DP5j8CLDeL6HHHSX.wav,bonafide,hi-en,142970,mucs2021,none,clean,eval
C:\dfdata\raw\mucs2021\train\n4ACC4gnqW0IM1wW.wav,bonafide,hi-en,996368,mucs2021,none,clean,eval
C:\dfdata\raw\mucs2021\train\V11NDc0lxudGbWQU.wav,bonafide,hi-en,912184,mucs2021,none,clean,eval
C:\dfdata\raw\mucs2021\train\TRInoJRJxAX3qv5C.wav,bonafide,hi-en,797767,mucs2021,none,clean,eval
C:\dfdata\raw\mucs2021\train\H6Z2BkcyVtiuiN7A.wav,bonafide,hi-en,445718,mucs2021,none,clean,eval
C:\dfdata\raw\mucs2021\train\C3MtnFEDrRkWHSvJ.wav,bonafide,hi-en,539354,mucs2021,none,clean,eval
C:\dfdata\raw\mucs2021\train\jCgweujQVV5haVF1.wav,bonafide,hi-en,634568,mucs2021,none,clean,eval
C:\dfdata\raw\mucs2021\train\RyQSvr4r4iAMTYXq.wav,bonafide,hi-en,876898,mucs2021,none,clean,eval
C:\dfdata\raw\mucs2021\train\LFpbaXkb8HuQ6DnF.wav,bonafide,hi-en,186783,mucs2021,none,clean,eval
C:\dfdata\raw\mucs2021\train\DP5j8CLDeL6HHHSX.wav,bonafide,hi-en,142970,mucs2021,none,clean,eval
C:\dfdata\raw\mucs2021\train\LFpbaXkb8HuQ6DnF.wav,bonafide,hi-en,186783,mucs2021,none,clean,eval
C:\dfdata\raw\mucs2021\train\V11NDc0lxudGbWQU.wav,bonafide,hi-en,912184,mucs2021,none,clean,eval
C:\dfdata\raw\mucs2021\train\aKSsdMqkPfUWyYeS.wav,bonafide,hi-en,413057,mucs2021,none,clean,eval
C:\dfdata\raw\mucs2021\train\H6Z2BkcyVtiuiN7A.wav,bonafide,hi-en,445718,mucs2021,none,clean,eval
C:\dfdata\raw\mucs2021\train\crdH0AI5aH25bEXe.wav,bonafide,hi-en,870582,mucs2021,none,clean,eval
C:\dfdata\raw\mucs2021\train\WgzliDtK6Htff0g2.wav,bonafide,hi-en,457295,mucs2021,none,clean,eval
C:\dfdata\raw\mucs2021\train\C3MtnFEDrRkWHSvJ.wav,bonafide,hi-en,539354,mucs2021,none,clean,eval
C:\dfdata\raw\mucs2021\train\XTscbPr78nzuHhuu.wav,bonafide,hi-en,322882,mucs2021,none,clean,eval
C:\dfdata\raw\mucs2021\train\jSNK2zDaIvyZsMZp.wav,bonafide,hi-en,177570,mucs2021,none,clean,eval
C:\dfdata\raw\mucs2021\train\WgzliDtK6Htff0g2.wav,bonafide,hi-en,457295,mucs2021,none,clean,eval
C:\dfdata\raw\mucs2021\train\1ijxO93RTIJh2Rzv.wav,bonafide,hi-en,584991,mucs2021,none,clean,eval
C:\dfdata\raw\mucs2021\train\vZGSoJPH1tbvsyCa.wav,bonafide,hi-en,539226,mucs2021,none,clean,eval
C:\dfdata\raw\mucs2021\train\crdH0AI5aH25bEXe.wav,bonafide,hi-en,870582,mucs2021,none,clean,eval
C:\dfdata\raw\mucs2021\train\vE1rhq3ojNKZvQNv.wav,bonafide,hi-en,106718,mucs2021,none,clean,eval
C:\dfdata\raw\mucs2021\train\V11NDc0lxudGbWQU.wav,bonafide,hi-en,912184,mucs2021,none,clean,eval
C:\dfdata\raw\mucs2021\train\aKSsdMqkPfUWyYeS.wav,bonafide,hi-en,413057,mucs2021,none,clean,eval
C:\dfdata\raw\mucs2021\train\DP5j8CLDeL6HHHSX.wav,bonafide,hi-en,142970,mucs2021,none,clean,eval
C:\dfdata\raw\mucs2021\train\8xh3ZKpPy5YhAnKX.wav,bonafide,hi-en,893273,mucs2021,none,clean,eval
C:\dfdata\raw\mucs2021\train\vE1rhq3ojNKZvQNv.wav,bonafide,hi-en,106718,mucs2021,none,clean,eval
C:\dfdata\raw\mucs2021\train\RyQSvr4r4iAMTYXq.wav,bonafide,hi-en,876898,mucs2021,none,clean,eval
C:\dfdata\raw\mucs2021\train\jSNK2zDaIvyZsMZp.wav,bonafide,hi-en,177570,mucs2021,none,clean,eval
C:\dfdata\raw\mucs2021\train\RyQSvr4r4iAMTYXq.wav,bonafide,hi-en,876898,mucs2021,none,clean,eval
C:\dfdata\raw\mucs2021\train\K3X6AGezGWAoDe1q.wav,bonafide,hi-en,903756,mucs2021,none,clean,eval
C:\dfdata\raw\mucs2021\train\XTscbPr78nzuHhuu.wav,bonafide,hi-en,322882,mucs2021,none,clean,eval
C:\dfdata\raw\mucs2021\train\LSRBJiHdUoHm4BTI.wav,bonafide,hi-en,987461,mucs2021,none,clean,eval
C:\dfdata\raw\mucs2021\train\TRInoJRJxAX3qv5C.wav,bonafide,hi-en,797767,mucs2021,none,clean,eval
C:\dfdata\raw\mucs2021\train\fZcxLszRnIHxmVQp.wav,bonafide,hi-en,705494,mucs2021,none,clean,eval
C:\dfdata\raw\mucs2021\train\XTscbPr78nzuHhuu.wav,bonafide,hi-en,322882,mucs2021,none,clean,eval
C:\dfdata\raw\mucs2021\train\K3X6AGezGWAoDe1q.wav,bonafide,hi-en,903756,mucs2021,none,clean,eval
C:\dfdata\raw\mucs2021\train\crdH0AI5aH25bEXe.wav,bonafide,hi-en,870582,mucs2021,none,clean,eval
C:\dfdata\raw\mucs2021\train\RyQSvr4r4iAMTYXq.wav,bonafide,hi-en,876898,mucs2021,none,clean,eval
C:\dfdata\raw\mucs2021\train\H6Z2BkcyVtiuiN7A.wav,bonafide,hi-en,445718,mucs2021,none,clean,eval
C:\dfdata\raw\mucs2021\train\DP5j8CLDeL6HHHSX.wav,bonafide,hi-en,142970,mucs2021,none,clean,eval
C:\dfdata\raw\mucs2021\train\crdH0AI5aH25bEXe.wav,bonafide,hi-en,870582,mucs2021,none,clean,eval
C:\dfdata\raw\mucs2021\train\WgzliDtK6Htff0g2.wav,bonafide,hi-en,457295,mucs2021,none,clean,eval
C:\dfdata\raw\mucs2021\train\RyQSvr4r4iAMTYXq.wav,bonafide,hi-en,876898,mucs2021,none,clean,eval
C:\dfdata\raw\mucs2021\train\DP5j8CLDeL6HHHSX.wav,bonafide,hi-en,142970,mucs2021,none,clean,eval
C:\dfdata\raw\mucs2021\train\fZcxLszRnIHxmVQp.wav,bonafide,hi-en,705494,mucs2021,none,clean,eval
C:\dfdata\raw\mucs2021\train\XTscbPr78nzuHhuu.wav,bonafide,hi-en,322882,mucs2021,none,clean,eval
C:\dfdata\raw\mucs2021\train\8xh3ZKpPy5YhAnKX.wav,bonafide,hi-en,893273,mucs2021,none,clean,eval
C:\dfdata\raw\mucs2021\train\jSNK2zDaIvyZsMZp.wav,bonafide,hi-en,177570,mucs2021,none,clean,eval
C:\dfdata\raw\mucs2021\train\RyQSvr4r4iAMTYXq.wav,bonafide,hi-en,876898,mucs2021,none,clean,eval
C:\dfdata\raw\mucs2021\train\H6Z2BkcyVtiuiN7A.wav,bonafide,hi-en,445718,mucs2021,none,clean,eval
C:\dfdata\raw\mucs2021\train\vE1rhq3ojNKZvQNv.wav,bonafide,hi-en,106718,mucs2021,none,clean,eval
C:\dfdata\raw\mucs2021\train\1ijxO93RTIJh2Rzv.wav,bonafide,hi-en,584991,mucs2021,none,clean,eval
C:\dfdata\raw\mucs2021\train\RyQSvr4r4iAMTYXq.wav,bonafide,hi-en,876898,mucs2021,none,clean,eval
C:\dfdata\raw\mucs2021\train\jSNK2zDaIvyZsMZp.wav,bonafide,hi-en,177570,mucs2021,none,clean,eval
C:\dfdata\raw\mucs2021\train\C3MtnFEDrRkWHSvJ.wav,bonafide,hi-en,539354,mucs2021,none,clean,eval
C:\dfdata\raw\mucs2021\train\WgzliDtK6Htff0g2.wav,bonafide,hi-en,457295,mucs2021,none,clean,eval
C:\dfdata\raw\mucs2021\train\jSNK2zDaIvyZsMZp.wav,bonafide,hi-en,177570,mucs2021,none,clean,eval
C:\dfdata\raw\mucs2021\train\1ijxO93RTIJh2Rzv.wav,bonafide,hi-en,584991,mucs2021,none,clean,eval
C:\dfdata\raw\mucs2021\train\1eNS3GaW1oHHurL4.wav,bonafide,hi-en,975912,mucs2021,none,clean,eval
C:\dfdata\raw\mucs2021\train\aKSsdMqkPfUWyYeS.wav,bonafide,hi-en,413057,mucs2021,none,clean,eval
C:\dfdata\raw\mucs2021\train\WgzliDtK6Htff0g2.wav,bonafide,hi-en,457295,mucs2021,none,clean,eval
C:\dfdata\raw\mucs2021\train\LSRBJiHdUoHm4BTI.wav,bonafide,hi-en,987461,mucs2021,none,clean,eval
C:\dfdata\raw\mucs2021\train\XTscbPr78nzuHhuu.wav,bonafide,hi-en,322882,mucs2021,none,clean,eval
C:\dfdata\raw\mucs2021\train\jCgweujQVV5haVF1.wav,bonafide,hi-en,634568,mucs2021,none,clean,eval
C:\dfdata\raw\mucs2021\train\vE1rhq3ojNKZvQNv.wav,bonafide,hi-en,106718,mucs2021,none,clean,eval
C:\dfdata\raw\mucs2021\train\H6Z2BkcyVtiuiN7A.wav,bonafide,hi-en,445718,mucs2021,none,clean,eval
C:\dfdata\raw\mucs2021\train\crdH0AI5aH25bEXe.wav,bonafide,hi-en,870582,mucs2021,none,clean,eval
C:\dfdata\raw\mucs2021\train\crdH0AI5aH25bEXe.wav,bonafide,hi-en,870582,mucs2021,none,clean,eval
C:\dfdata\raw\mucs2021\train\V11NDc0lxudGbWQU.wav,bonafide,hi-en,912184,mucs2021,none,clean,eval
C:\dfdata\raw\mucs2021\train\C3MtnFEDrRkWHSvJ.wav,bonafide,hi-en,539354,mucs2021,none,clean,eval
C:\dfdata\raw\mucs2021\train\C3MtnFEDrRkWHSvJ.wav,bonafide,hi-en,539354,mucs2021,none,clean,eval
C:\dfdata\raw\mucs2021\train\1ijxO93RTIJh2Rzv.wav,bonafide,hi-en,584991,mucs2021,none,clean,eval
C:\dfdata\raw\mucs2021\train\1eNS3GaW1oHHurL4.wav,bonafide,hi-en,975912,mucs2021,none,clean,eval
C:\dfdata\raw\mucs2021\train\DP5j8CLDeL6HHHSX.wav,bonafide,hi-en,142970,mucs2021,none,clean,eval
C:\dfdata\raw\mucs2021\train\fZcxLszRnIHxmVQp.wav,bonafide,hi-en,705494,mucs2021,none,clean,eval
C:\dfdata\raw\mucs2021\train\1ijxO93RTIJh2Rzv.wav,bonafide,hi-en,584991,mucs2021,none,clean,eval
C:\dfdata\raw\mucs2021\train\n4ACC4gnqW0IM1wW.wav,bonafide,hi-en,996368,mucs2021,none,clean,eval
C:\dfdata\raw\mucs2021\train\8xh3ZKpPy5YhAnKX.wav,bonafide,hi-en,893273,mucs2021,none,clean,eval
C:\dfdata\raw\mucs2021\train\WgzliDtK6Htff0g2.wav,bonafide,hi-en,457295,mucs2021,none,clean,eval
C:\dfdata\raw\mucs2021\train\WgzliDtK6Htff0g2.wav,bonafide,hi-en,457295,mucs2021,none,clean,eval
C:\dfdata\raw\mucs2021\train\fZcxLszRnIHxmVQp.wav,bonafide,hi-en,705494,mucs2021,none,clean,eval
C:\dfdata\raw\mucs2021\train\aKSsdMqkPfUWyYeS.wav,bonafide,hi-en,413057,mucs2021,none,clean,eval
C:\dfdata\raw\mucs2021\train\8xh3ZKpPy5YhAnKX.wav,bonafide,hi-en,893273,mucs2021,none,clean,eval
C:\dfdata\raw\mucs2021\train\1eNS3GaW1oHHurL4.wav,bonafide,hi-en,975912,mucs2021,none,clean,eval
C:\dfdata\raw\mucs2021\train\LSRBJiHdUoHm4BTI.wav,bonafide,hi-en,987461,mucs2021,none,clean,eval
C:\dfdata\raw\mucs2021\train\H6Z2BkcyVtiuiN7A.wav,bonafide,hi-en,445718,mucs2021,none,clean,eval
C:\dfdata\raw\mucs2021\train\K3X6AGezGWAoDe1q.wav,bonafide,hi-en,903756,mucs2021,none,clean,eval
C:\dfdata\raw\mucs2021\train\fZcxLszRnIHxmVQp.wav,bonafide,hi-en,705494,mucs2021,none,clean,eval
C:\dfdata\raw\mucs2021\train\wOTMMvC3WQ5YQRAF.wav,bonafide,hi-en,850754,mucs2021,none,clean,eval
C:\dfdata\raw\mucs2021\train\TRInoJRJxAX3qv5C.wav,bonafide,hi-en,797767,mucs2021,none,clean,eval
C:\dfdata\raw\mucs2021\train\jSNK2zDaIvyZsMZp.wav,bonafide,hi-en,177570,mucs2021,none,clean,eval
C:\dfdata\raw\mucs2021\train\LSRBJiHdUoHm4BTI.wav,bonafide,hi-en,987461,mucs2021,none,clean,eval
C:\dfdata\raw\mucs2021\train\H6Z2BkcyVtiuiN7A.wav,bonafide,hi-en,445718,mucs2021,none,clean,eval
C:\dfdata\raw\mucs2021\train\WgzliDtK6Htff0g2.wav,bonafide,hi-en,457295,mucs2021,none,clean,eval
C:\dfdata\raw\mucs2021\train\1eNS3GaW1oHHurL4.wav,bonafide,hi-en,975912,mucs2021,none,clean,eval
C:\dfdata\raw\mucs2021\train\H6Z2BkcyVtiuiN7A.wav,bonafide,hi-en,445718,mucs2021,none,clean,eval
C:\dfdata\raw\mucs2021\train\TRInoJRJxAX3qv5C.wav,bonafide,hi-en,797767,mucs2021,none,clean,eval
C:\dfdata\raw\mucs2021\train\H6Z2BkcyVtiuiN7A.wav,bonafide,hi-en,445718,mucs2021,none,clean,eval
C:\dfdata\raw\mucs2021\train\fZcxLszRnIHxmVQp.wav,bonafide,hi-en,705494,mucs2021,none,clean,eval
C:\dfdata\raw\mucs2021\train\H6Z2BkcyVtiuiN7A.wav,bonafide,hi-en,445718,mucs2021,none,clean,eval
C:\dfdata\raw\mucs2021\train\jSNK2zDaIvyZsMZp.wav,bonafide,hi-en,177570,mucs2021,none,clean,eval
C:\dfdata\raw\mucs2021\train\jCgweujQVV5haVF1.wav,bonafide,hi-en,634568,mucs2021,none,clean,eval
C:\dfdata\raw\mucs2021\train\LFpbaXkb8HuQ6DnF.wav,bonafide,hi-en,186783,mucs2021,none,clean,eval
C:\dfdata\raw\mucs2021\train\LSRBJiHdUoHm4BTI.wav,bonafide,hi-en,987461,mucs2021,none,clean,eval
C:\dfdata\raw\mucs2021\train\XTscbPr78nzuHhuu.wav,bonafide,hi-en,322882,mucs2021,none,clean,eval
C:\dfdata\raw\mucs2021\train\DP5j8CLDeL6HHHSX.wav,bonafide,hi-en,142970,mucs2021,none,clean,eval
C:\dfdata\raw\mucs2021\train\jCgweujQVV5haVF1.wav,bonafide,hi-en,634568,mucs2021,none,clean,eval
C:\dfdata\raw\mucs2021\train\H6Z2BkcyVtiuiN7A.wav,bonafide,hi-en,445718,mucs2021,none,clean,eval
C:\dfdata\raw\mucs2021\train\WgzliDtK6Htff0g2.wav,bonafide,hi-en,457295,mucs2021,none,clean,eval
C:\dfdata\raw\mucs2021\train\RyQSvr4r4iAMTYXq.wav,bonafide,hi-en,876898,mucs2021,none,clean,eval
C:\dfdata\raw\mucs2021\train\8xh3ZKpPy5YhAnKX.wav,bonafide,hi-en,893273,mucs2021,none,clean,eval
C:\dfdata\raw\mucs2021\train\vE1rhq3ojNKZvQNv.wav,bonafide,hi-en,106718,mucs2021,none,clean,eval
C:\dfdata\raw\mucs2021\train\jCgweujQVV5haVF1.wav,bonafide,hi-en,634568,mucs2021,none,clean,eval
C:\dfdata\raw\mucs2021\train\XTscbPr78nzuHhuu.wav,bonafide,hi-en,322882,mucs2021,none,clean,eval
C:\dfdata\raw\mucs2021\train\crdH0AI5aH25bEXe.wav,bonafide,hi-en,870582,mucs2021,none,clean,eval
C:\dfdata\raw\mucs2021\train\RyQSvr4r4iAMTYXq.wav,bonafide,hi-en,876898,mucs2021,none,clean,eval
C:\dfdata\raw\mucs2021\train\jSNK2zDaIvyZsMZp.wav,bonafide,hi-en,177570,mucs2021,none,clean,eval
C:\dfdata\raw\mucs2021\train\jCgweujQVV5haVF1.wav,bonafide,hi-en,634568,mucs2021,none,clean,eval
C:\dfdata\raw\mucs2021\train\XTscbPr78nzuHhuu.wav,bonafide,hi-en,322882,mucs2021,none,clean,eval
C:\dfdata\raw\mucs2021\train\jCgweujQVV5haVF1.wav,bonafide,hi-en,634568,mucs2021,none,clean,eval
C:\dfdata\raw\mucs2021\train\1ijxO93RTIJh2Rzv.wav,bonafide,hi-en,584991,mucs2021,none,clean,eval
C:\dfdata\raw\mucs2021\train\1ijxO93RTIJh2Rzv.wav,bonafide,hi-en,584991,mucs2021,none,clean,eval
C:\dfdata\raw\mucs2021\train\1ijxO93RTIJh2Rzv.wav,bonafide,hi-en,584991,mucs2021,none,clean,eval
C:\dfdata\raw\mucs2021\train\1ijxO93RTIJh2Rzv.wav,bonafide,hi-en,584991,mucs2021,none,clean,eval
C:\dfdata\raw\mucs2021\train\C3MtnFEDrRkWHSvJ.wav,bonafide,hi-en,539354,mucs2021,none,clean,eval
C:\dfdata\raw\mucs2021\train\fZcxLszRnIHxmVQp.wav,bonafide,hi-en,705494,mucs2021,none,clean,eval
C:\dfdata\raw\mucs2021\train\K3X6AGezGWAoDe1q.wav,bonafide,hi-en,903756,mucs2021,none,clean,eval
C:\dfdata\raw\mucs2021\train\vE1rhq3ojNKZvQNv.wav,bonafide,hi-en,106718,mucs2021,none,clean,eval
C:\dfdata\raw\mucs2021\train\XTscbPr78nzuHhuu.wav,bonafide,hi-en,322882,mucs2021,none,clean,eval
C:\dfdata\raw\mucs2021\train\cyhxRWI0LoKYZvcw.wav,bonafide,hi-en,541304,mucs2021,none,clean,eval
C:\dfdata\raw\mucs2021\train\jCgweujQVV5haVF1.wav,bonafide,hi-en,634568,mucs2021,none,clean,eval
C:\dfdata\raw\mucs2021\train\vZGSoJPH1tbvsyCa.wav,bonafide,hi-en,539226,mucs2021,none,clean,eval
C:\dfdata\raw\mucs2021\train\LSRBJiHdUoHm4BTI.wav,bonafide,hi-en,987461,mucs2021,none,clean,eval
C:\dfdata\raw\mucs2021\train\V11NDc0lxudGbWQU.wav,bonafide,hi-en,912184,mucs2021,none,clean,eval
C:\dfdata\raw\mucs2021\train\jSNK2zDaIvyZsMZp.wav,bonafide,hi-en,177570,mucs2021,none,clean,eval
C:\dfdata\raw\mucs2021\train\jCgweujQVV5haVF1.wav,bonafide,hi-en,634568,mucs2021,none,clean,eval
C:\dfdata\raw\mucs2021\train\wOTMMvC3WQ5YQRAF.wav,bonafide,hi-en,850754,mucs2021,none,clean,eval
C:\dfdata\raw\mucs2021\train\aKSsdMqkPfUWyYeS.wav,bonafide,hi-en,413057,mucs2021,none,clean,eval
C:\dfdata\raw\mucs2021\train\1eNS3GaW1oHHurL4.wav,bonafide,hi-en,975912,mucs2021,none,clean,eval
C:\dfdata\raw\mucs2021\train\C3MtnFEDrRkWHSvJ.wav,bonafide,hi-en,539354,mucs2021,none,clean,eval
C:\dfdata\raw\mucs2021\train\wOTMMvC3WQ5YQRAF.wav,bonafide,hi-en,850754,mucs2021,none,clean,eval
C:\dfdata\raw\mucs2021\train\1ijxO93RTIJh2Rzv.wav,bonafide,hi-en,584991,mucs2021,none,clean,eval
C:\dfdata\raw\mucs2021\train\aKSsdMqkPfUWyYeS.wav,bonafide,hi-en,413057,mucs2021,none,clean,eval
C:\dfdata\raw\mucs2021\train\n4ACC4gnqW0IM1wW.wav,bonafide,hi-en,996368,mucs2021,none,clean,eval
C:\dfdata\raw\mucs2021\train\DP5j8CLDeL6HHHSX.wav,bonafide,hi-en,142970,mucs2021,none,clean,eval
C:\dfdata\raw\mucs2021\train\F4KjmwYhWvnpSE0m.wav,bonafide,hi-en,205240,mucs2021,none,clean,eval
C:\dfdata\raw\mucs2021\train\jSNK2zDaIvyZsMZp.wav,bonafide,hi-en,177570,mucs2021,none,clean,eval
C:\dfdata\raw\mucs2021\train\vE1rhq3ojNKZvQNv.wav,bonafide,hi-en,106718,mucs2021,none,clean,eval
C:\dfdata\raw\mucs2021\train\DP5j8CLDeL6HHHSX.wav,bonafide,hi-en,142970,mucs2021,none,clean,eval
C:\dfdata\raw\mucs2021\train\vZGSoJPH1tbvsyCa.wav,bonafide,hi-en,539226,mucs2021,none,clean,eval
C:\dfdata\raw\mucs2021\train\TRInoJRJxAX3qv5C.wav,bonafide,hi-en,797767,mucs2021,none,clean,eval
C:\dfdata\raw\mucs2021\train\1eNS3GaW1oHHurL4.wav,bonafide,hi-en,975912,mucs2021,none,clean,eval
C:\dfdata\raw\mucs2021\train\F4KjmwYhWvnpSE0m.wav,bonafide,hi-en,205240,mucs2021,none,clean,eval
C:\dfdata\raw\mucs2021\train\jCgweujQVV5haVF1.wav,bonafide,hi-en,634568,mucs2021,none,clean,eval
C:\dfdata\raw\mucs2021\train\jCgweujQVV5haVF1.wav,bonafide,hi-en,634568,mucs2021,none,clean,eval
C:\dfdata\raw\mucs2021\train\jCgweujQVV5haVF1.wav,bonafide,hi-en,634568,mucs2021,none,clean,eval
C:\dfdata\raw\mucs2021\train\H6Z2BkcyVtiuiN7A.wav,bonafide,hi-en,445718,mucs2021,none,clean,eval
C:\dfdata\raw\mucs2021\train\cyhxRWI0LoKYZvcw.wav,bonafide,hi-en,541304,mucs2021,none,clean,eval
C:\dfdata\raw\mucs2021\train\TRInoJRJxAX3qv5C.wav,bonafide,hi-en,797767,mucs2021,none,clean,eval
C:\dfdata\raw\mucs2021\train\RyQSvr4r4iAMTYXq.wav,bonafide,hi-en,876898,mucs2021,none,clean,eval
C:\dfdata\raw\mucs2021\train\WgzliDtK6Htff0g2.wav,bonafide,hi-en,457295,mucs2021,none,clean,eval
C:\dfdata\raw\mucs2021\train\K3X6AGezGWAoDe1q.wav,bonafide,hi-en,903756,mucs2021,none,clean,eval
C:\dfdata\raw\mucs2021\train\jSNK2zDaIvyZsMZp.wav,bonafide,hi-en,177570,mucs2021,none,clean,eval
C:\dfdata\raw\mucs2021\train\C3MtnFEDrRkWHSvJ.wav,bonafide,hi-en,539354,mucs2021,none,clean,eval
C:\dfdata\raw\mucs2021\train\wOTMMvC3WQ5YQRAF.wav,bonafide,hi-en,850754,mucs2021,none,clean,eval
C:\dfdata\raw\mucs2021\train\cyhxRWI0LoKYZvcw.wav,bonafide,hi-en,541304,mucs2021,none,clean,eval
C:\dfdata\raw\mucs2021\train\C3MtnFEDrRkWHSvJ.wav,bonafide,hi-en,539354,mucs2021,none,clean,eval
C:\dfdata\raw\mucs2021\train\RyQSvr4r4iAMTYXq.wav,bonafide,hi-en,876898,mucs2021,none,clean,eval
C:\dfdata\raw\mucs2021\train\wOTMMvC3WQ5YQRAF.wav,bonafide,hi-en,850754,mucs2021,none,clean,eval
C:\dfdata\raw\mucs2021\train\V11NDc0lxudGbWQU.wav,bonafide,hi-en,912184,mucs2021,none,clean,eval
C:\dfdata\raw\mucs2021\train\RyQSvr4r4iAMTYXq.wav,bonafide,hi-en,876898,mucs2021,none,clean,eval
C:\dfdata\raw\mucs2021\train\WgzliDtK6Htff0g2.wav,bonafide,hi-en,457295,mucs2021,none,clean,eval
C:\dfdata\raw\mucs2021\train\LSRBJiHdUoHm4BTI.wav,bonafide,hi-en,987461,mucs2021,none,clean,eval
C:\dfdata\raw\mucs2021\train\K3X6AGezGWAoDe1q.wav,bonafide,hi-en,903756,mucs2021,none,clean,eval
C:\dfdata\raw\mucs2021\train\XTscbPr78nzuHhuu.wav,bonafide,hi-en,322882,mucs2021,none,clean,eval
C:\dfdata\raw\mucs2021\train\crdH0AI5aH25bEXe.wav,bonafide,hi-en,870582,mucs2021,none,clean,eval
C:\dfdata\raw\mucs2021\train\1ijxO93RTIJh2Rzv.wav,bonafide,hi-en,584991,mucs2021,none,clean,eval
C:\dfdata\raw\mucs2021\train\vE1rhq3ojNKZvQNv.wav,bonafide,hi-en,106718,mucs2021,none,clean,eval
C:\dfdata\raw\mucs2021\train\LFpbaXkb8HuQ6DnF.wav,bonafide,hi-en,186783,mucs2021,none,clean,eval
C:\dfdata\raw\mucs2021\train\fZcxLszRnIHxmVQp.wav,bonafide,hi-en,705494,mucs2021,none,clean,eval
C:\dfdata\raw\mucs2021\train\vE1rhq3ojNKZvQNv.wav,bonafide,hi-en,106718,mucs2021,none,clean,eval
C:\dfdata\raw\mucs2021\train\vE1rhq3ojNKZvQNv.wav,bonafide,hi-en,106718,mucs2021,none,clean,eval
C:\dfdata\raw\mucs2021\train\jSNK2zDaIvyZsMZp.wav,bonafide,hi-en,177570,mucs2021,none,clean,eval
C:\dfdata\raw\mucs2021\train\jCgweujQVV5haVF1.wav,bonafide,hi-en,634568,mucs2021,none,clean,eval
C:\dfdata\raw\mucs2021\train\H6Z2BkcyVtiuiN7A.wav,bonafide,hi-en,445718,mucs2021,none,clean,eval
C:\dfdata\raw\mucs2021\train\1ijxO93RTIJh2Rzv.wav,bonafide,hi-en,584991,mucs2021,none,clean,eval
C:\dfdata\raw\mucs2021\train\XTscbPr78nzuHhuu.wav,bonafide,hi-en,322882,mucs2021,none,clean,eval
C:\dfdata\raw\mucs2021\train\H6Z2BkcyVtiuiN7A.wav,bonafide,hi-en,445718,mucs2021,none,clean,eval
C:\dfdata\raw\mucs2021\train\DP5j8CLDeL6HHHSX.wav,bonafide,hi-en,142970,mucs2021,none,clean,eval
C:\dfdata\raw\mucs2021\train\vE1rhq3ojNKZvQNv.wav,bonafide,hi-en,106718,mucs2021,none,clean,eval
C:\dfdata\raw\mucs2021\train\1ijxO93RTIJh2Rzv.wav,bonafide,hi-en,584991,mucs2021,none,clean,eval
C:\dfdata\raw\mucs2021\train\DP5j8CLDeL6HHHSX.wav,bonafide,hi-en,142970,mucs2021,none,clean,eval
C:\dfdata\raw\mucs2021\train\crdH0AI5aH25bEXe.wav,bonafide,hi-en,870582,mucs2021,none,clean,eval
C:\dfdata\raw\mucs2021\train\WgzliDtK6Htff0g2.wav,bonafide,hi-en,457295,mucs2021,none,clean,eval
C:\dfdata\raw\mucs2021\train\XTscbPr78nzuHhuu.wav,bonafide,hi-en,322882,mucs2021,none,clean,eval
C:\dfdata\raw\mucs2021\train\RyQSvr4r4iAMTYXq.wav,bonafide,hi-en,876898,mucs2021,none,clean,eval
C:\dfdata\raw\mucs2021\train\n4ACC4gnqW0IM1wW.wav,bonafide,hi-en,996368,mucs2021,none,clean,eval
C:\dfdata\raw\mucs2021\train\K3X6AGezGWAoDe1q.wav,bonafide,hi-en,903756,mucs2021,none,clean,eval
C:\dfdata\raw\mucs2021\train\LSRBJiHdUoHm4BTI.wav,bonafide,hi-en,987461,mucs2021,none,clean,eval
C:\dfdata\raw\mucs2021\train\fZcxLszRnIHxmVQp.wav,bonafide,hi-en,705494,mucs2021,none,clean,eval
C:\dfdata\raw\mucs2021\train\LSRBJiHdUoHm4BTI.wav,bonafide,hi-en,987461,mucs2021,none,clean,eval
C:\dfdata\raw\mucs2021\train\F4KjmwYhWvnpSE0m.wav,bonafide,hi-en,205240,mucs2021,none,clean,eval
C:\dfdata\raw\mucs2021\train\vE1rhq3ojNKZvQNv.wav,bonafide,hi-en,106718,mucs2021,none,clean,eval
C:\dfdata\raw\mucs2021\train\1eNS3GaW1oHHurL4.wav,bonafide,hi-en,975912,mucs2021,none,clean,eval
C:\dfdata\raw\mucs2021\train\aKSsdMqkPfUWyYeS.wav,bonafide,hi-en,413057,mucs2021,none,clean,eval
C:\dfdata\raw\mucs2021\train\K3X6AGezGWAoDe1q.wav,bonafide,hi-en,903756,mucs2021,none,clean,eval
C:\dfdata\raw\mucs2021\train\vE1rhq3ojNKZvQNv.wav,bonafide,hi-en,106718,mucs2021,none,clean,eval
C:\dfdata\raw\mucs2021\train\LFpbaXkb8HuQ6DnF.wav,bonafide,hi-en,186783,mucs2021,none,clean,eval
C:\dfdata\raw\mucs2021\train\RyQSvr4r4iAMTYXq.wav,bonafide,hi-en,876898,mucs2021,none,clean,eval
C:\dfdata\raw\mucs2021\train\XTscbPr78nzuHhuu.wav,bonafide,hi-en,322882,mucs2021,none,clean,eval
C:\dfdata\raw\mucs2021\train\C3MtnFEDrRkWHSvJ.wav,bonafide,hi-en,539354,mucs2021,none,clean,eval
C:\dfdata\raw\mucs2021\train\1ijxO93RTIJh2Rzv.wav,bonafide,hi-en,584991,mucs2021,none,clean,eval
C:\dfdata\raw\mucs2021\train\C3MtnFEDrRkWHSvJ.wav,bonafide,hi-en,539354,mucs2021,none,clean,eval
C:\dfdata\raw\mucs2021\train\crdH0AI5aH25bEXe.wav,bonafide,hi-en,870582,mucs2021,none,clean,eval
C:\dfdata\raw\mucs2021\train\LSRBJiHdUoHm4BTI.wav,bonafide,hi-en,987461,mucs2021,none,clean,eval
C:\dfdata\raw\mucs2021\train\n4ACC4gnqW0IM1wW.wav,bonafide,hi-en,996368,mucs2021,none,clean,eval
C:\dfdata\raw\mucs2021\train\XTscbPr78nzuHhuu.wav,bonafide,hi-en,322882,mucs2021,none,clean,eval
C:\dfdata\raw\mucs2021\train\H6Z2BkcyVtiuiN7A.wav,bonafide,hi-en,445718,mucs2021,none,clean,eval
C:\dfdata\raw\mucs2021\train\XTscbPr78nzuHhuu.wav,bonafide,hi-en,322882,mucs2021,none,clean,eval
C:\dfdata\raw\mucs2021\train\wOTMMvC3WQ5YQRAF.wav,bonafide,hi-en,850754,mucs2021,none,clean,eval
C:\dfdata\raw\mucs2021\train\V11NDc0lxudGbWQU.wav,bonafide,hi-en,912184,mucs2021,none,clean,eval
C:\dfdata\raw\mucs2021\train\jSNK2zDaIvyZsMZp.wav,bonafide,hi-en,177570,mucs2021,none,clean,eval
C:\dfdata\raw\mucs2021\train\1eNS3GaW1oHHurL4.wav,bonafide,hi-en,975912,mucs2021,none,clean,eval
C:\dfdata\raw\mucs2021\train\RyQSvr4r4iAMTYXq.wav,bonafide,hi-en,876898,mucs2021,none,clean,eval
C:\dfdata\raw\mucs2021\train\vE1rhq3ojNKZvQNv.wav,bonafide,hi-en,106718,mucs2021,none,clean,eval
C:\dfdata\raw\mucs2021\train\TRInoJRJxAX3qv5C.wav,bonafide,hi-en,797767,mucs2021,none,clean,eval
C:\dfdata\raw\mucs2021\train\wOTMMvC3WQ5YQRAF.wav,bonafide,hi-en,850754,mucs2021,none,clean,eval
C:\dfdata\raw\mucs2021\train\vE1rhq3ojNKZvQNv.wav,bonafide,hi-en,106718,mucs2021,none,clean,eval
C:\dfdata\raw\mucs2021\train\RyQSvr4r4iAMTYXq.wav,bonafide,hi-en,876898,mucs2021,none,clean,eval
C:\dfdata\raw\mucs2021\train\vE1rhq3ojNKZvQNv.wav,bonafide,hi-en,106718,mucs2021,none,clean,eval
C:\dfdata\raw\mucs2021\train\V11NDc0lxudGbWQU.wav,bonafide,hi-en,912184,mucs2021,none,clean,eval
C:\dfdata\raw\mucs2021\train\crdH0AI5aH25bEXe.wav,bonafide,hi-en,870582,mucs2021,none,clean,eval
C:\dfdata\raw\mucs2021\train\crdH0AI5aH25bEXe.wav,bonafide,hi-en,870582,mucs2021,none,clean,eval
C:\dfdata\raw\mucs2021\train\wOTMMvC3WQ5YQRAF.wav,bonafide,hi-en,850754,mucs2021,none,clean,eval
C:\dfdata\raw\mucs2021\train\TRInoJRJxAX3qv5C.wav,bonafide,hi-en,797767,mucs2021,none,clean,eval
C:\dfdata\raw\mucs2021\train\vZGSoJPH1tbvsyCa.wav,bonafide,hi-en,539226,mucs2021,none,clean,eval
C:\dfdata\raw\mucs2021\train\vE1rhq3ojNKZvQNv.wav,bonafide,hi-en,106718,mucs2021,none,clean,eval
C:\dfdata\raw\mucs2021\train\1ijxO93RTIJh2Rzv.wav,bonafide,hi-en,584991,mucs2021,none,clean,eval
C:\dfdata\raw\mucs2021\train\V11NDc0lxudGbWQU.wav,bonafide,hi-en,912184,mucs2021,none,clean,eval
C:\dfdata\raw\mucs2021\train\1ijxO93RTIJh2Rzv.wav,bonafide,hi-en,584991,mucs2021,none,clean,eval
C:\dfdata\raw\mucs2021\train\1eNS3GaW1oHHurL4.wav,bonafide,hi-en,975912,mucs2021,none,clean,eval
C:\dfdata\raw\mucs2021\train\jCgweujQVV5haVF1.wav,bonafide,hi-en,634568,mucs2021,none,clean,eval
C:\dfdata\raw\mucs2021\train\H6Z2BkcyVtiuiN7A.wav,bonafide,hi-en,445718,mucs2021,none,clean,eval
C:\dfdata\raw\mucs2021\train\wOTMMvC3WQ5YQRAF.wav,bonafide,hi-en,850754,mucs2021,none,clean,eval
C:\dfdata\raw\mucs2021\train\TRInoJRJxAX3qv5C.wav,bonafide,hi-en,797767,mucs2021,none,clean,eval
C:\dfdata\raw\mucs2021\train\jSNK2zDaIvyZsMZp.wav,bonafide,hi-en,177570,mucs2021,none,clean,eval
C:\dfdata\raw\mucs2021\train\K3X6AGezGWAoDe1q.wav,bonafide,hi-en,903756,mucs2021,none,clean,eval
C:\dfdata\raw\mucs2021\train\C3MtnFEDrRkWHSvJ.wav,bonafide,hi-en,539354,mucs2021,none,clean,eval
C:\dfdata\raw\mucs2021\train\WgzliDtK6Htff0g2.wav,bonafide,hi-en,457295,mucs2021,none,clean,eval
C:\dfdata\raw\mucs2021\train\8xh3ZKpPy5YhAnKX.wav,bonafide,hi-en,893273,mucs2021,none,clean,eval
C:\dfdata\raw\mucs2021\train\1ijxO93RTIJh2Rzv.wav,bonafide,hi-en,584991,mucs2021,none,clean,eval
C:\dfdata\raw\mucs2021\train\n4ACC4gnqW0IM1wW.wav,bonafide,hi-en,996368,mucs2021,none,clean,eval
C:\dfdata\raw\mucs2021\train\1ijxO93RTIJh2Rzv.wav,bonafide,hi-en,584991,mucs2021,none,clean,eval
C:\dfdata\raw\mucs2021\train\TRInoJRJxAX3qv5C.wav,bonafide,hi-en,797767,mucs2021,none,clean,eval
C:\dfdata\raw\mucs2021\train\V11NDc0lxudGbWQU.wav,bonafide,hi-en,912184,mucs2021,none,clean,eval
C:\dfdata\raw\mucs2021\train\LFpbaXkb8HuQ6DnF.wav,bonafide,hi-en,186783,mucs2021,none,clean,eval
C:\dfdata\raw\mucs2021\train\n4ACC4gnqW0IM1wW.wav,bonafide,hi-en,996368,mucs2021,none,clean,eval
C:\dfdata\raw\mucs2021\train\H6Z2BkcyVtiuiN7A.wav,bonafide,hi-en,445718,mucs2021,none,clean,eval
C:\dfdata\raw\mucs2021\train\C3MtnFEDrRkWHSvJ.wav,bonafide,hi-en,539354,mucs2021,none,clean,eval
C:\dfdata\raw\mucs2021\train\XTscbPr78nzuHhuu.wav,bonafide,hi-en,322882,mucs2021,none,clean,eval
C:\dfdata\raw\mucs2021\train\DP5j8CLDeL6HHHSX.wav,bonafide,hi-en,142970,mucs2021,none,clean,eval
C:\dfdata\raw\mucs2021\train\n4ACC4gnqW0IM1wW.wav,bonafide,hi-en,996368,mucs2021,none,clean,eval
C:\dfdata\raw\mucs2021\train\C3MtnFEDrRkWHSvJ.wav,bonafide,hi-en,539354,mucs2021,none,clean,eval
C:\dfdata\raw\mucs2021\train\C3MtnFEDrRkWHSvJ.wav,bonafide,hi-en,539354,mucs2021,none,clean,eval
C:\dfdata\raw\mucs2021\train\LFpbaXkb8HuQ6DnF.wav,bonafide,hi-en,186783,mucs2021,none,clean,eval
C:\dfdata\raw\mucs2021\train\cyhxRWI0LoKYZvcw.wav,bonafide,hi-en,541304,mucs2021,none,clean,eval
C:\dfdata\raw\mucs2021\train\K3X6AGezGWAoDe1q.wav,bonafide,hi-en,903756,mucs2021,none,clean,eval
C:\dfdata\raw\mucs2021\train\V11NDc0lxudGbWQU.wav,bonafide,hi-en,912184,mucs2021,none,clean,eval
C:\dfdata\raw\mucs2021\train\jCgweujQVV5haVF1.wav,bonafide,hi-en,634568,mucs2021,none,clean,eval
C:\dfdata\raw\mucs2021\train\WgzliDtK6Htff0g2.wav,bonafide,hi-en,457295,mucs2021,none,clean,eval
C:\dfdata\raw\mucs2021\train\jCgweujQVV5haVF1.wav,bonafide,hi-en,634568,mucs2021,none,clean,eval
C:\dfdata\raw\mucs2021\train\fZcxLszRnIHxmVQp.wav,bonafide,hi-en,705494,mucs2021,none,clean,eval
C:\dfdata\raw\mucs2021\train\V11NDc0lxudGbWQU.wav,bonafide,hi-en,912184,mucs2021,none,clean,eval
C:\dfdata\raw\mucs2021\train\8xh3ZKpPy5YhAnKX.wav,bonafide,hi-en,893273,mucs2021,none,clean,eval
C:\dfdata\raw\mucs2021\train\aKSsdMqkPfUWyYeS.wav,bonafide,hi-en,413057,mucs2021,none,clean,eval
C:\dfdata\raw\mucs2021\train\cyhxRWI0LoKYZvcw.wav,bonafide,hi-en,541304,mucs2021,none,clean,eval
C:\dfdata\raw\mucs2021\train\RyQSvr4r4iAMTYXq.wav,bonafide,hi-en,876898,mucs2021,none,clean,eval
C:\dfdata\raw\mucs2021\train\8xh3ZKpPy5YhAnKX.wav,bonafide,hi-en,893273,mucs2021,none,clean,eval
C:\dfdata\raw\mucs2021\train\LFpbaXkb8HuQ6DnF.wav,bonafide,hi-en,186783,mucs2021,none,clean,eval
C:\dfdata\raw\mucs2021\train\aKSsdMqkPfUWyYeS.wav,bonafide,hi-en,413057,mucs2021,none,clean,eval
C:\dfdata\raw\mucs2021\train\vE1rhq3ojNKZvQNv.wav,bonafide,hi-en,106718,mucs2021,none,clean,eval
C:\dfdata\raw\mucs2021\train\fZcxLszRnIHxmVQp.wav,bonafide,hi-en,705494,mucs2021,none,clean,eval
C:\dfdata\raw\mucs2021\train\cyhxRWI0LoKYZvcw.wav,bonafide,hi-en,541304,mucs2021,none,clean,eval
C:\dfdata\raw\mucs2021\train\C3MtnFEDrRkWHSvJ.wav,bonafide,hi-en,539354,mucs2021,none,clean,eval
C:\dfdata\raw\mucs2021\train\wOTMMvC3WQ5YQRAF.wav,bonafide,hi-en,850754,mucs2021,none,clean,eval
C:\dfdata\raw\mucs2021\train\1ijxO93RTIJh2Rzv.wav,bonafide,hi-en,584991,mucs2021,none,clean,eval
C:\dfdata\raw\mucs2021\train\V11NDc0lxudGbWQU.wav,bonafide,hi-en,912184,mucs2021,none,clean,eval
C:\dfdata\raw\mucs2021\train\DP5j8CLDeL6HHHSX.wav,bonafide,hi-en,142970,mucs2021,none,clean,eval
C:\dfdata\raw\mucs2021\train\V11NDc0lxudGbWQU.wav,bonafide,hi-en,912184,mucs2021,none,clean,eval
C:\dfdata\raw\mucs2021\train\RyQSvr4r4iAMTYXq.wav,bonafide,hi-en,876898,mucs2021,none,clean,eval
C:\dfdata\raw\mucs2021\train\H6Z2BkcyVtiuiN7A.wav,bonafide,hi-en,445718,mucs2021,none,clean,eval
C:\dfdata\raw\mucs2021\train\K3X6AGezGWAoDe1q.wav,bonafide,hi-en,903756,mucs2021,none,clean,eval
C:\dfdata\raw\mucs2021\train\wOTMMvC3WQ5YQRAF.wav,bonafide,hi-en,850754,mucs2021,none,clean,eval
C:\dfdata\raw\mucs2021\train\crdH0AI5aH25bEXe.wav,bonafide,hi-en,870582,mucs2021,none,clean,eval
C:\dfdata\raw\mucs2021\train\n4ACC4gnqW0IM1wW.wav,bonafide,hi-en,996368,mucs2021,none,clean,eval
C:\dfdata\raw\mucs2021\train\K3X6AGezGWAoDe1q.wav,bonafide,hi-en,903756,mucs2021,none,clean,eval
C:\dfdata\raw\mucs2021\train\n4ACC4gnqW0IM1wW.wav,bonafide,hi-en,996368,mucs2021,none,clean,eval
C:\dfdata\raw\mucs2021\train\XTscbPr78nzuHhuu.wav,bonafide,hi-en,322882,mucs2021,none,clean,eval
C:\dfdata\raw\mucs2021\train\K3X6AGezGWAoDe1q.wav,bonafide,hi-en,903756,mucs2021,none,clean,eval
C:\dfdata\raw\mucs2021\train\vZGSoJPH1tbvsyCa.wav,bonafide,hi-en,539226,mucs2021,none,clean,eval
C:\dfdata\raw\mucs2021\train\TRInoJRJxAX3qv5C.wav,bonafide,hi-en,797767,mucs2021,none,clean,eval
C:\dfdata\raw\mucs2021\train\vZGSoJPH1tbvsyCa.wav,bonafide,hi-en,539226,mucs2021,none,clean,eval
C:\dfdata\raw\mucs2021\train\1eNS3GaW1oHHurL4.wav,bonafide,hi-en,975912,mucs2021,none,clean,eval
C:\dfdata\raw\mucs2021\train\1eNS3GaW1oHHurL4.wav,bonafide,hi-en,975912,mucs2021,none,clean,eval
C:\dfdata\raw\mucs2021\train\RyQSvr4r4iAMTYXq.wav,bonafide,hi-en,876898,mucs2021,none,clean,eval
C:\dfdata\raw\mucs2021\train\XTscbPr78nzuHhuu.wav,bonafide,hi-en,322882,mucs2021,none,clean,eval
C:\dfdata\raw\mucs2021\train\vE1rhq3ojNKZvQNv.wav,bonafide,hi-en,106718,mucs2021,none,clean,eval
C:\dfdata\raw\mucs2021\train\H6Z2BkcyVtiuiN7A.wav,bonafide,hi-en,445718,mucs2021,none,clean,eval
C:\dfdata\raw\mucs2021\train\H6Z2BkcyVtiuiN7A.wav,bonafide,hi-en,445718,mucs2021,none,clean,eval
C:\dfdata\raw\mucs2021\train\K3X6AGezGWAoDe1q.wav,bonafide,hi-en,903756,mucs2021,none,clean,eval
C:\dfdata\raw\mucs2021\train\wOTMMvC3WQ5YQRAF.wav,bonafide,hi-en,850754,mucs2021,none,clean,eval
C:\dfdata\raw\mucs2021\train\H6Z2BkcyVtiuiN7A.wav,bonafide,hi-en,445718,mucs2021,none,clean,eval
C:\dfdata\raw\mucs2021\train\cyhxRWI0LoKYZvcw.wav,bonafide,hi-en,541304,mucs2021,none,clean,eval
C:\dfdata\raw\mucs2021\train\RyQSvr4r4iAMTYXq.wav,bonafide,hi-en,876898,mucs2021,none,clean,eval
C:\dfdata\raw\mucs2021\train\K3X6AGezGWAoDe1q.wav,bonafide,hi-en,903756,mucs2021,none,clean,eval
C:\dfdata\raw\mucs2021\train\RyQSvr4r4iAMTYXq.wav,bonafide,hi-en,876898,mucs2021,none,clean,eval
C:\dfdata\raw\mucs2021\train\cyhxRWI0LoKYZvcw.wav,bonafide,hi-en,541304,mucs2021,none,clean,eval
C:\dfdata\raw\mucs2021\train\jSNK2zDaIvyZsMZp.wav,bonafide,hi-en,177570,mucs2021,none,clean,eval
C:\dfdata\raw\mucs2021\train\jCgweujQVV5haVF1.wav,bonafide,hi-en,634568,mucs2021,none,clean,eval
C:\dfdata\raw\mucs2021\train\fZcxLszRnIHxmVQp.wav,bonafide,hi-en,705494,mucs2021,none,clean,eval
C:\dfdata\raw\mucs2021\train\WgzliDtK6Htff0g2.wav,bonafide,hi-en,457295,mucs2021,none,clean,eval
C:\dfdata\raw\mucs2021\train\TRInoJRJxAX3qv5C.wav,bonafide,hi-en,797767,mucs2021,none,clean,eval
C:\dfdata\raw\mucs2021\train\H6Z2BkcyVtiuiN7A.wav,bonafide,hi-en,445718,mucs2021,none,clean,eval
C:\dfdata\raw\mucs2021\train\wOTMMvC3WQ5YQRAF.wav,bonafide,hi-en,850754,mucs2021,none,clean,eval
C:\dfdata\raw\mucs2021\train\XTscbPr78nzuHhuu.wav,bonafide,hi-en,322882,mucs2021,none,clean,eval
C:\dfdata\raw\mucs2021\train\1ijxO93RTIJh2Rzv.wav,bonafide,hi-en,584991,mucs2021,none,clean,eval
C:\dfdata\raw\mucs2021\train\1eNS3GaW1oHHurL4.wav,bonafide,hi-en,975912,mucs2021,none,clean,eval
C:\dfdata\raw\mucs2021\train\TRInoJRJxAX3qv5C.wav,bonafide,hi-en,797767,mucs2021,none,clean,eval
C:\dfdata\raw\mucs2021\train\WgzliDtK6Htff0g2.wav,bonafide,hi-en,457295,mucs2021,none,clean,eval
C:\dfdata\raw\mucs2021\train\vE1rhq3ojNKZvQNv.wav,bonafide,hi-en,106718,mucs2021,none,clean,eval
C:\dfdata\raw\mucs2021\train\V11NDc0lxudGbWQU.wav,bonafide,hi-en,912184,mucs2021,none,clean,eval
C:\dfdata\raw\mucs2021\train\vE1rhq3ojNKZvQNv.wav,bonafide,hi-en,106718,mucs2021,none,clean,eval
C:\dfdata\raw\mucs2021\train\DP5j8CLDeL6HHHSX.wav,bonafide,hi-en,142970,mucs2021,none,clean,eval
C:\dfdata\raw\mucs2021\train\K3X6AGezGWAoDe1q.wav,bonafide,hi-en,903756,mucs2021,none,clean,eval
C:\dfdata\raw\mucs2021\train\XTscbPr78nzuHhuu.wav,bonafide,hi-en,322882,mucs2021,none,clean,eval
C:\dfdata\raw\mucs2021\train\LFpbaXkb8HuQ6DnF.wav,bonafide,hi-en,186783,mucs2021,none,clean,eval
C:\dfdata\raw\mucs2021\train\WgzliDtK6Htff0g2.wav,bonafide,hi-en,457295,mucs2021,none,clean,eval
C:\dfdata\raw\mucs2021\train\K3X6AGezGWAoDe1q.wav,bonafide,hi-en,903756,mucs2021,none,clean,eval
C:\dfdata\raw\mucs2021\train\wOTMMvC3WQ5YQRAF.wav,bonafide,hi-en,850754,mucs2021,none,clean,eval
C:\dfdata\raw\mucs2021\train\TRInoJRJxAX3qv5C.wav,bonafide,hi-en,797767,mucs2021,none,clean,eval
C:\dfdata\raw\mucs2021\train\F4KjmwYhWvnpSE0m.wav,bonafide,hi-en,205240,mucs2021,none,clean,eval
C:\dfdata\raw\mucs2021\train\aKSsdMqkPfUWyYeS.wav,bonafide,hi-en,413057,mucs2021,none,clean,eval
C:\dfdata\raw\mucs2021\train\WgzliDtK6Htff0g2.wav,bonafide,hi-en,457295,mucs2021,none,clean,eval
C:\dfdata\raw\mucs2021\train\RyQSvr4r4iAMTYXq.wav,bonafide,hi-en,876898,mucs2021,none,clean,eval
C:\dfdata\raw\mucs2021\train\8xh3ZKpPy5YhAnKX.wav,bonafide,hi-en,893273,mucs2021,none,clean,eval
C:\dfdata\raw\mucs2021\train\vZGSoJPH1tbvsyCa.wav,bonafide,hi-en,539226,mucs2021,none,clean,eval
C:\dfdata\raw\mucs2021\train\jCgweujQVV5haVF1.wav,bonafide,hi-en,634568,mucs2021,none,clean,eval
C:\dfdata\raw\mucs2021\train\LFpbaXkb8HuQ6DnF.wav,bonafide,hi-en,186783,mucs2021,none,clean,eval
C:\dfdata\raw\mucs2021\train\wOTMMvC3WQ5YQRAF.wav,bonafide,hi-en,850754,mucs2021,none,clean,eval
C:\dfdata\raw\mucs2021\train\DP5j8CLDeL6HHHSX.wav,bonafide,hi-en,142970,mucs2021,none,clean,eval
C:\dfdata\raw\mucs2021\train\aKSsdMqkPfUWyYeS.wav,bonafide,hi-en,413057,mucs2021,none,clean,eval
C:\dfdata\raw\mucs2021\train\1ijxO93RTIJh2Rzv.wav,bonafide,hi-en,584991,mucs2021,none,clean,eval
C:\dfdata\raw\mucs2021\train\vZGSoJPH1tbvsyCa.wav,bonafide,hi-en,539226,mucs2021,none,clean,eval
C:\dfdata\raw\mucs2021\train\vZGSoJPH1tbvsyCa.wav,bonafide,hi-en,539226,mucs2021,none,clean,eval
C:\dfdata\raw\mucs2021\train\fZcxLszRnIHxmVQp.wav,bonafide,hi-en,705494,mucs2021,none,clean,eval
C:\dfdata\raw\mucs2021\train\H6Z2BkcyVtiuiN7A.wav,bonafide,hi-en,445718,mucs2021,none,clean,eval
C:\dfdata\raw\mucs2021\train\fZcxLszRnIHxmVQp.wav,bonafide,hi-en,705494,mucs2021,none,clean,eval
C:\dfdata\raw\mucs2021\train\F4KjmwYhWvnpSE0m.wav,bonafide,hi-en,205240,mucs2021,none,clean,eval
C:\dfdata\raw\mucs2021\train\WgzliDtK6Htff0g2.wav,bonafide,hi-en,457295,mucs2021,none,clean,eval
C:\dfdata\raw\mucs2021\train\1ijxO93RTIJh2Rzv.wav,bonafide,hi-en,584991,mucs2021,none,clean,eval
C:\dfdata\raw\mucs2021\train\LSRBJiHdUoHm4BTI.wav,bonafide,hi-en,987461,mucs2021,none,clean,eval
C:\dfdata\raw\mucs2021\train\F4KjmwYhWvnpSE0m.wav,bonafide,hi-en,205240,mucs2021,none,clean,eval
C:\dfdata\raw\mucs2021\train\F4KjmwYhWvnpSE0m.wav,bonafide,hi-en,205240,mucs2021,none,clean,eval
C:\dfdata\raw\mucs2021\train\H6Z2BkcyVtiuiN7A.wav,bonafide,hi-en,445718,mucs2021,none,clean,eval
C:\dfdata\raw\mucs2021\train\8xh3ZKpPy5YhAnKX.wav,bonafide,hi-en,893273,mucs2021,none,clean,eval
C:\dfdata\raw\mucs2021\train\8xh3ZKpPy5YhAnKX.wav,bonafide,hi-en,893273,mucs2021,none,clean,eval
C:\dfdata\raw\mucs2021\train\1ijxO93RTIJh2Rzv.wav,bonafide,hi-en,584991,mucs2021,none,clean,eval
C:\dfdata\raw\mucs2021\train\1ijxO93RTIJh2Rzv.wav,bonafide,hi-en,584991,mucs2021,none,clean,eval
C:\dfdata\raw\mucs2021\train\fZcxLszRnIHxmVQp.wav,bonafide,hi-en,705494,mucs2021,none,clean,eval
C:\dfdata\raw\mucs2021\train\vE1rhq3ojNKZvQNv.wav,bonafide,hi-en,106718,mucs2021,none,clean,eval
C:\dfdata\raw\mucs2021\train\XTscbPr78nzuHhuu.wav,bonafide,hi-en,322882,mucs2021,none,clean,eval
C:\dfdata\raw\mucs2021\train\TRInoJRJxAX3qv5C.wav,bonafide,hi-en,797767,mucs2021,none,clean,eval
C:\dfdata\raw\mucs2021\train\TRInoJRJxAX3qv5C.wav,bonafide,hi-en,797767,mucs2021,none,clean,eval
C:\dfdata\raw\mucs2021\train\V11NDc0lxudGbWQU.wav,bonafide,hi-en,912184,mucs2021,none,clean,eval
C:\dfdata\raw\mucs2021\train\TRInoJRJxAX3qv5C.wav,bonafide,hi-en,797767,mucs2021,none,clean,eval
C:\dfdata\raw\mucs2021\train\WgzliDtK6Htff0g2.wav,bonafide,hi-en,457295,mucs2021,none,clean,eval
C:\dfdata\raw\mucs2021\train\wOTMMvC3WQ5YQRAF.wav,bonafide,hi-en,850754,mucs2021,none,clean,eval
C:\dfdata\raw\mucs2021\train\TRInoJRJxAX3qv5C.wav,bonafide,hi-en,797767,mucs2021,none,clean,eval
C:\dfdata\raw\mucs2021\train\K3X6AGezGWAoDe1q.wav,bonafide,hi-en,903756,mucs2021,none,clean,eval
C:\dfdata\raw\mucs2021\train\wOTMMvC3WQ5YQRAF.wav,bonafide,hi-en,850754,mucs2021,none,clean,eval
C:\dfdata\raw\mucs2021\train\vZGSoJPH1tbvsyCa.wav,bonafide,hi-en,539226,mucs2021,none,clean,eval
C:\dfdata\raw\mucs2021\train\fZcxLszRnIHxmVQp.wav,bonafide,hi-en,705494,mucs2021,none,clean,eval
C:\dfdata\raw\mucs2021\train\WgzliDtK6Htff0g2.wav,bonafide,hi-en,457295,mucs2021,none,clean,eval
C:\dfdata\raw\mucs2021\train\wOTMMvC3WQ5YQRAF.wav,bonafide,hi-en,850754,mucs2021,none,clean,eval
C:\dfdata\raw\mucs2021\train\C3MtnFEDrRkWHSvJ.wav,bonafide,hi-en,539354,mucs2021,none,clean,eval
C:\dfdata\raw\mucs2021\train\WgzliDtK6Htff0g2.wav,bonafide,hi-en,457295,mucs2021,none,clean,eval
C:\dfdata\raw\mucs2021\train\V11NDc0lxudGbWQU.wav,bonafide,hi-en,912184,mucs2021,none,clean,eval
C:\dfdata\raw\mucs2021\train\fZcxLszRnIHxmVQp.wav,bonafide,hi-en,705494,mucs2021,none,clean,eval
C:\dfdata\raw\mucs2021\train\n4ACC4gnqW0IM1wW.wav,bonafide,hi-en,996368,mucs2021,none,clean,eval
C:\dfdata\raw\mucs2021\train\XTscbPr78nzuHhuu.wav,bonafide,hi-en,322882,mucs2021,none,clean,eval
C:\dfdata\raw\mucs2021\train\RyQSvr4r4iAMTYXq.wav,bonafide,hi-en,876898,mucs2021,none,clean,eval
C:\dfdata\raw\mucs2021\train\DP5j8CLDeL6HHHSX.wav,bonafide,hi-en,142970,mucs2021,none,clean,eval
C:\dfdata\raw\mucs2021\train\1ijxO93RTIJh2Rzv.wav,bonafide,hi-en,584991,mucs2021,none,clean,eval
C:\dfdata\raw\mucs2021\train\vZGSoJPH1tbvsyCa.wav,bonafide,hi-en,539226,mucs2021,none,clean,eval
C:\dfdata\raw\mucs2021\train\1ijxO93RTIJh2Rzv.wav,bonafide,hi-en,584991,mucs2021,none,clean,eval
C:\dfdata\raw\mucs2021\train\1eNS3GaW1oHHurL4.wav,bonafide,hi-en,975912,mucs2021,none,clean,eval
C:\dfdata\raw\mucs2021\train\H6Z2BkcyVtiuiN7A.wav,bonafide,hi-en,445718,mucs2021,none,clean,eval
C:\dfdata\raw\mucs2021\train\WgzliDtK6Htff0g2.wav,bonafide,hi-en,457295,mucs2021,none,clean,eval
C:\dfdata\raw\mucs2021\train\cyhxRWI0LoKYZvcw.wav,bonafide,hi-en,541304,mucs2021,none,clean,eval
C:\dfdata\raw\mucs2021\train\H6Z2BkcyVtiuiN7A.wav,bonafide,hi-en,445718,mucs2021,none,clean,eval
C:\dfdata\raw\mucs2021\train\jSNK2zDaIvyZsMZp.wav,bonafide,hi-en,177570,mucs2021,none,clean,eval
C:\dfdata\raw\mucs2021\train\C3MtnFEDrRkWHSvJ.wav,bonafide,hi-en,539354,mucs2021,none,clean,eval
C:\dfdata\raw\mucs2021\train\RyQSvr4r4iAMTYXq.wav,bonafide,hi-en,876898,mucs2021,none,clean,eval
C:\dfdata\raw\mucs2021\train\n4ACC4gnqW0IM1wW.wav,bonafide,hi-en,996368,mucs2021,none,clean,eval
C:\dfdata\raw\mucs2021\train\C3MtnFEDrRkWHSvJ.wav,bonafide,hi-en,539354,mucs2021,none,clean,eval
C:\dfdata\raw\mucs2021\train\wOTMMvC3WQ5YQRAF.wav,bonafide,hi-en,850754,mucs2021,none,clean,eval
C:\dfdata\raw\mucs2021\train\C3MtnFEDrRkWHSvJ.wav,bonafide,hi-en,539354,mucs2021,none,clean,eval
C:\dfdata\raw\mucs2021\train\8xh3ZKpPy5YhAnKX.wav,bonafide,hi-en,893273,mucs2021,none,clean,eval
C:\dfdata\raw\mucs2021\train\crdH0AI5aH25bEXe.wav,bonafide,hi-en,870582,mucs2021,none,clean,eval
C:\dfdata\raw\mucs2021\train\K3X6AGezGWAoDe1q.wav,bonafide,hi-en,903756,mucs2021,none,clean,eval
C:\dfdata\raw\mucs2021\train\RyQSvr4r4iAMTYXq.wav,bonafide,hi-en,876898,mucs2021,none,clean,eval
C:\dfdata\raw\mucs2021\train\H6Z2BkcyVtiuiN7A.wav,bonafide,hi-en,445718,mucs2021,none,clean,eval
C:\dfdata\raw\mucs2021\train\fZcxLszRnIHxmVQp.wav,bonafide,hi-en,705494,mucs2021,none,clean,eval
C:\dfdata\raw\mucs2021\train\LSRBJiHdUoHm4BTI.wav,bonafide,hi-en,987461,mucs2021,none,clean,eval
C:\dfdata\raw\mucs2021\train\RyQSvr4r4iAMTYXq.wav,bonafide,hi-en,876898,mucs2021,none,clean,eval
C:\dfdata\raw\mucs2021\train\F4KjmwYhWvnpSE0m.wav,bonafide,hi-en,205240,mucs2021,none,clean,eval
C:\dfdata\raw\mucs2021\train\WgzliDtK6Htff0g2.wav,bonafide,hi-en,457295,mucs2021,none,clean,eval
C:\dfdata\raw\mucs2021\train\fZcxLszRnIHxmVQp.wav,bonafide,hi-en,705494,mucs2021,none,clean,eval
C:\dfdata\raw\mucs2021\train\n4ACC4gnqW0IM1wW.wav,bonafide,hi-en,996368,mucs2021,none,clean,eval
C:\dfdata\raw\mucs2021\train\1eNS3GaW1oHHurL4.wav,bonafide,hi-en,975912,mucs2021,none,clean,eval
C:\dfdata\raw\mucs2021\train\vE1rhq3ojNKZvQNv.wav,bonafide,hi-en,106718,mucs2021,none,clean,eval
C:\dfdata\raw\mucs2021\train\XTscbPr78nzuHhuu.wav,bonafide,hi-en,322882,mucs2021,none,clean,eval
C:\dfdata\raw\mucs2021\train\wOTMMvC3WQ5YQRAF.wav,bonafide,hi-en,850754,mucs2021,none,clean,eval
C:\dfdata\raw\mucs2021\train\aKSsdMqkPfUWyYeS.wav,bonafide,hi-en,413057,mucs2021,none,clean,eval
C:\dfdata\raw\mucs2021\train\C3MtnFEDrRkWHSvJ.wav,bonafide,hi-en,539354,mucs2021,none,clean,eval
C:\dfdata\raw\mucs2021\train\H6Z2BkcyVtiuiN7A.wav,bonafide,hi-en,445718,mucs2021,none,clean,eval
C:\dfdata\raw\mucs2021\train\H6Z2BkcyVtiuiN7A.wav,bonafide,hi-en,445718,mucs2021,none,clean,eval
C:\dfdata\raw\mucs2021\train\K3X6AGezGWAoDe1q.wav,bonafide,hi-en,903756,mucs2021,none,clean,eval
C:\dfdata\raw\mucs2021\train\DP5j8CLDeL6HHHSX.wav,bonafide,hi-en,142970,mucs2021,none,clean,eval
C:\dfdata\raw\mucs2021\train\XTscbPr78nzuHhuu.wav,bonafide,hi-en,322882,mucs2021,none,clean,eval
C:\dfdata\raw\mucs2021\train\H6Z2BkcyVtiuiN7A.wav,bonafide,hi-en,445718,mucs2021,none,clean,eval
C:\dfdata\raw\mucs2021\train\H6Z2BkcyVtiuiN7A.wav,bonafide,hi-en,445718,mucs2021,none,clean,eval
C:\dfdata\raw\mucs2021\train\wOTMMvC3WQ5YQRAF.wav,bonafide,hi-en,850754,mucs2021,none,clean,eval
C:\dfdata\raw\mucs2021\train\jCgweujQVV5haVF1.wav,bonafide,hi-en,634568,mucs2021,none,clean,eval
C:\dfdata\raw\mucs2021\train\V11NDc0lxudGbWQU.wav,bonafide,hi-en,912184,mucs2021,none,clean,eval
C:\dfdata\raw\mucs2021\train\jSNK2zDaIvyZsMZp.wav,bonafide,hi-en,177570,mucs2021,none,clean,eval
C:\dfdata\raw\mucs2021\train\jCgweujQVV5haVF1.wav,bonafide,hi-en,634568,mucs2021,none,clean,eval
C:\dfdata\raw\mucs2021\train\K3X6AGezGWAoDe1q.wav,bonafide,hi-en,903756,mucs2021,none,clean,eval
C:\dfdata\raw\mucs2021\train\WgzliDtK6Htff0g2.wav,bonafide,hi-en,457295,mucs2021,none,clean,eval
C:\dfdata\raw\mucs2021\train\vZGSoJPH1tbvsyCa.wav,bonafide,hi-en,539226,mucs2021,none,clean,eval
C:\dfdata\raw\mucs2021\train\jCgweujQVV5haVF1.wav,bonafide,hi-en,634568,mucs2021,none,clean,eval
C:\dfdata\raw\mucs2021\train\crdH0AI5aH25bEXe.wav,bonafide,hi-en,870582,mucs2021,none,clean,eval
C:\dfdata\raw\mucs2021\train\C3MtnFEDrRkWHSvJ.wav,bonafide,hi-en,539354,mucs2021,none,clean,eval
C:\dfdata\raw\mucs2021\train\RyQSvr4r4iAMTYXq.wav,bonafide,hi-en,876898,mucs2021,none,clean,eval
C:\dfdata\raw\mucs2021\train\crdH0AI5aH25bEXe.wav,bonafide,hi-en,870582,mucs2021,none,clean,eval
C:\dfdata\raw\mucs2021\train\jSNK2zDaIvyZsMZp.wav,bonafide,hi-en,177570,mucs2021,none,clean,eval
C:\dfdata\raw\mucs2021\train\LFpbaXkb8HuQ6DnF.wav,bonafide,hi-en,186783,mucs2021,none,clean,eval
C:\dfdata\raw\mucs2021\train\wOTMMvC3WQ5YQRAF.wav,bonafide,hi-en,850754,mucs2021,none,clean,eval
C:\dfdata\raw\mucs2021\train\H6Z2BkcyVtiuiN7A.wav,bonafide,hi-en,445718,mucs2021,none,clean,eval
C:\dfdata\raw\mucs2021\train\XTscbPr78nzuHhuu.wav,bonafide,hi-en,322882,mucs2021,none,clean,eval
C:\dfdata\raw\mucs2021\train\LSRBJiHdUoHm4BTI.wav,bonafide,hi-en,987461,mucs2021,none,clean,eval
C:\dfdata\raw\mucs2021\train\RyQSvr4r4iAMTYXq.wav,bonafide,hi-en,876898,mucs2021,none,clean,eval
C:\dfdata\raw\mucs2021\train\XTscbPr78nzuHhuu.wav,bonafide,hi-en,322882,mucs2021,none,clean,eval
C:\dfdata\raw\mucs2021\train\cyhxRWI0LoKYZvcw.wav,bonafide,hi-en,541304,mucs2021,none,clean,eval
C:\dfdata\raw\mucs2021\train\DP5j8CLDeL6HHHSX.wav,bonafide,hi-en,142970,mucs2021,none,clean,eval
C:\dfdata\raw\mucs2021\train\jCgweujQVV5haVF1.wav,bonafide,hi-en,634568,mucs2021,none,clean,eval
C:\dfdata\raw\mucs2021\train\wOTMMvC3WQ5YQRAF.wav,bonafide,hi-en,850754,mucs2021,none,clean,eval
C:\dfdata\raw\mucs2021\train\vZGSoJPH1tbvsyCa.wav,bonafide,hi-en,539226,mucs2021,none,clean,eval
C:\dfdata\raw\mucs2021\train\n4ACC4gnqW0IM1wW.wav,bonafide,hi-en,996368,mucs2021,none,clean,eval
C:\dfdata\raw\mucs2021\train\LFpbaXkb8HuQ6DnF.wav,bonafide,hi-en,186783,mucs2021,none,clean,eval
C:\dfdata\raw\mucs2021\train\8xh3ZKpPy5YhAnKX.wav,bonafide,hi-en,893273,mucs2021,none,clean,eval
C:\dfdata\raw\mucs2021\train\jCgweujQVV5haVF1.wav,bonafide,hi-en,634568,mucs2021,none,clean,eval
C:\dfdata\raw\mucs2021\train\LSRBJiHdUoHm4BTI.wav,bonafide,hi-en,987461,mucs2021,none,clean,eval
C:\dfdata\raw\mucs2021\train\1eNS3GaW1oHHurL4.wav,bonafide,hi-en,975912,mucs2021,none,clean,eval
C:\dfdata\raw\mucs2021\train\fZcxLszRnIHxmVQp.wav,bonafide,hi-en,705494,mucs2021,none,clean,eval
C:\dfdata\raw\mucs2021\train\XTscbPr78nzuHhuu.wav,bonafide,hi-en,322882,mucs2021,none,clean,eval
C:\dfdata\raw\mucs2021\train\V11NDc0lxudGbWQU.wav,bonafide,hi-en,912184,mucs2021,none,clean,eval
C:\dfdata\raw\mucs2021\train\H6Z2BkcyVtiuiN7A.wav,bonafide,hi-en,445718,mucs2021,none,clean,eval
C:\dfdata\raw\mucs2021\train\wOTMMvC3WQ5YQRAF.wav,bonafide,hi-en,850754,mucs2021,none,clean,eval
C:\dfdata\raw\mucs2021\train\8xh3ZKpPy5YhAnKX.wav,bonafide,hi-en,893273,mucs2021,none,clean,eval
C:\dfdata\raw\mucs2021\train\crdH0AI5aH25bEXe.wav,bonafide,hi-en,870582,mucs2021,none,clean,eval
C:\dfdata\raw\mucs2021\train\DP5j8CLDeL6HHHSX.wav,bonafide,hi-en,142970,mucs2021,none,clean,eval
C:\dfdata\raw\mucs2021\train\vZGSoJPH1tbvsyCa.wav,bonafide,hi-en,539226,mucs2021,none,clean,eval
C:\dfdata\raw\mucs2021\train\n4ACC4gnqW0IM1wW.wav,bonafide,hi-en,996368,mucs2021,none,clean,eval
C:\dfdata\raw\mucs2021\train\jSNK2zDaIvyZsMZp.wav,bonafide,hi-en,177570,mucs2021,none,clean,eval
C:\dfdata\raw\mucs2021\train\1ijxO93RTIJh2Rzv.wav,bonafide,hi-en,584991,mucs2021,none,clean,eval
C:\dfdata\raw\mucs2021\train\jCgweujQVV5haVF1.wav,bonafide,hi-en,634568,mucs2021,none,clean,eval
C:\dfdata\raw\mucs2021\train\wOTMMvC3WQ5YQRAF.wav,bonafide,hi-en,850754,mucs2021,none,clean,eval
C:\dfdata\raw\mucs2021\train\K3X6AGezGWAoDe1q.wav,bonafide,hi-en,903756,mucs2021,none,clean,eval
C:\dfdata\raw\mucs2021\train\K3X6AGezGWAoDe1q.wav,bonafide,hi-en,903756,mucs2021,none,clean,eval
C:\dfdata\raw\mucs2021\train\XTscbPr78nzuHhuu.wav,bonafide,hi-en,322882,mucs2021,none,clean,eval
C:\dfdata\raw\mucs2021\train\WgzliDtK6Htff0g2.wav,bonafide,hi-en,457295,mucs2021,none,clean,eval
C:\dfdata\raw\mucs2021\train\8xh3ZKpPy5YhAnKX.wav,bonafide,hi-en,893273,mucs2021,none,clean,eval
C:\dfdata\raw\mucs2021\train\vE1rhq3ojNKZvQNv.wav,bonafide,hi-en,106718,mucs2021,none,clean,eval
C:\dfdata\raw\mucs2021\train\cyhxRWI0LoKYZvcw.wav,bonafide,hi-en,541304,mucs2021,none,clean,eval
C:\dfdata\raw\mucs2021\train\V11NDc0lxudGbWQU.wav,bonafide,hi-en,912184,mucs2021,none,clean,eval
C:\dfdata\raw\mucs2021\train\jSNK2zDaIvyZsMZp.wav,bonafide,hi-en,177570,mucs2021,none,clean,eval
C:\dfdata\raw\mucs2021\train\DP5j8CLDeL6HHHSX.wav,bonafide,hi-en,142970,mucs2021,none,clean,eval
C:\dfdata\raw\mucs2021\train\jSNK2zDaIvyZsMZp.wav,bonafide,hi-en,177570,mucs2021,none,clean,eval
C:\dfdata\raw\mucs2021\train\RyQSvr4r4iAMTYXq.wav,bonafide,hi-en,876898,mucs2021,none,clean,eval
C:\dfdata\raw\mucs2021\train\jCgweujQVV5haVF1.wav,bonafide,hi-en,634568,mucs2021,none,clean,eval
C:\dfdata\raw\mucs2021\train\F4KjmwYhWvnpSE0m.wav,bonafide,hi-en,205240,mucs2021,none,clean,eval
C:\dfdata\raw\mucs2021\train\K3X6AGezGWAoDe1q.wav,bonafide,hi-en,903756,mucs2021,none,clean,eval
C:\dfdata\raw\mucs2021\train\wOTMMvC3WQ5YQRAF.wav,bonafide,hi-en,850754,mucs2021,none,clean,eval
C:\dfdata\raw\mucs2021\train\vE1rhq3ojNKZvQNv.wav,bonafide,hi-en,106718,mucs2021,none,clean,eval
C:\dfdata\raw\mucs2021\train\n4ACC4gnqW0IM1wW.wav,bonafide,hi-en,996368,mucs2021,none,clean,eval
C:\dfdata\raw\mucs2021\train\1ijxO93RTIJh2Rzv.wav,bonafide,hi-en,584991,mucs2021,none,clean,eval
C:\dfdata\raw\mucs2021\train\aKSsdMqkPfUWyYeS.wav,bonafide,hi-en,413057,mucs2021,none,clean,eval
C:\dfdata\raw\mucs2021\train\WgzliDtK6Htff0g2.wav,bonafide,hi-en,457295,mucs2021,none,clean,eval
C:\dfdata\raw\mucs2021\train\n4ACC4gnqW0IM1wW.wav,bonafide,hi-en,996368,mucs2021,none,clean,eval
C:\dfdata\raw\mucs2021\train\H6Z2BkcyVtiuiN7A.wav,bonafide,hi-en,445718,mucs2021,none,clean,eval
C:\dfdata\raw\mucs2021\train\vE1rhq3ojNKZvQNv.wav,bonafide,hi-en,106718,mucs2021,none,clean,eval
C:\dfdata\raw\mucs2021\train\F4KjmwYhWvnpSE0m.wav,bonafide,hi-en,205240,mucs2021,none,clean,eval
C:\dfdata\raw\mucs2021\train\DP5j8CLDeL6HHHSX.wav,bonafide,hi-en,142970,mucs2021,none,clean,eval
C:\dfdata\raw\mucs2021\train\K3X6AGezGWAoDe1q.wav,bonafide,hi-en,903756,mucs2021,none,clean,eval
C:\dfdata\raw\mucs2021\train\K3X6AGezGWAoDe1q.wav,bonafide,hi-en,903756,mucs2021,none,clean,eval
C:\dfdata\raw\mucs2021\train\C3MtnFEDrRkWHSvJ.wav,bonafide,hi-en,539354,mucs2021,none,clean,eval
C:\dfdata\raw\mucs2021\train\LFpbaXkb8HuQ6DnF.wav,bonafide,hi-en,186783,mucs2021,none,clean,eval
C:\dfdata\raw\mucs2021\train\8xh3ZKpPy5YhAnKX.wav,bonafide,hi-en,893273,mucs2021,none,clean,eval
C:\dfdata\raw\mucs2021\train\H6Z2BkcyVtiuiN7A.wav,bonafide,hi-en,445718,mucs2021,none,clean,eval
C:\dfdata\raw\mucs2021\train\1ijxO93RTIJh2Rzv.wav,bonafide,hi-en,584991,mucs2021,none,clean,eval
C:\dfdata\raw\mucs2021\train\LFpbaXkb8HuQ6DnF.wav,bonafide,hi-en,186783,mucs2021,none,clean,eval
C:\dfdata\raw\mucs2021\train\LFpbaXkb8HuQ6DnF.wav,bonafide,hi-en,186783,mucs2021,none,clean,eval
C:\dfdata\raw\mucs2021\train\F4KjmwYhWvnpSE0m.wav,bonafide,hi-en,205240,mucs2021,none,clean,eval
C:\dfdata\raw\mucs2021\train\n4ACC4gnqW0IM1wW.wav,bonafide,hi-en,996368,mucs2021,none,clean,eval
C:\dfdata\raw\mucs2021\train\1eNS3GaW1oHHurL4.wav,bonafide,hi-en,975912,mucs2021,none,clean,eval
C:\dfdata\raw\mucs2021\train\fZcxLszRnIHxmVQp.wav,bonafide,hi-en,705494,mucs2021,none,clean,eval
C:\dfdata\raw\mucs2021\train\jSNK2zDaIvyZsMZp.wav,bonafide,hi-en,177570,mucs2021,none,clean,eval
C:\dfdata\raw\mucs2021\train\jSNK2zDaIvyZsMZp.wav,bonafide,hi-en,177570,mucs2021,none,clean,eval
C:\dfdata\raw\mucs2021\train\1ijxO93RTIJh2Rzv.wav,bonafide,hi-en,584991,mucs2021,none,clean,eval
C:\dfdata\raw\mucs2021\train\XTscbPr78nzuHhuu.wav,bonafide,hi-en,322882,mucs2021,none,clean,eval
C:\dfdata\raw\mucs2021\train\1ijxO93RTIJh2Rzv.wav,bonafide,hi-en,584991,mucs2021,none,clean,eval
C:\dfdata\raw\mucs2021\train\vE1rhq3ojNKZvQNv.wav,bonafide,hi-en,106718,mucs2021,none,clean,eval
C:\dfdata\raw\mucs2021\train\LSRBJiHdUoHm4BTI.wav,bonafide,hi-en,987461,mucs2021,none,clean,eval
C:\dfdata\raw\mucs2021\train\C3MtnFEDrRkWHSvJ.wav,bonafide,hi-en,539354,mucs2021,none,clean,eval
C:\dfdata\raw\mucs2021\train\vE1rhq3ojNKZvQNv.wav,bonafide,hi-en,106718,mucs2021,none,clean,eval
C:\dfdata\raw\mucs2021\train\WgzliDtK6Htff0g2.wav,bonafide,hi-en,457295,mucs2021,none,clean,eval
C:\dfdata\raw\mucs2021\train\H6Z2BkcyVtiuiN7A.wav,bonafide,hi-en,445718,mucs2021,none,clean,eval
C:\dfdata\raw\mucs2021\train\RyQSvr4r4iAMTYXq.wav,bonafide,hi-en,876898,mucs2021,none,clean,eval
C:\dfdata\raw\mucs2021\train\RyQSvr4r4iAMTYXq.wav,bonafide,hi-en,876898,mucs2021,none,clean,eval
C:\dfdata\raw\mucs2021\train\vE1rhq3ojNKZvQNv.wav,bonafide,hi-en,106718,mucs2021,none,clean,eval
C:\dfdata\raw\mucs2021\train\fZcxLszRnIHxmVQp.wav,bonafide,hi-en,705494,mucs2021,none,clean,eval
C:\dfdata\raw\mucs2021\train\RyQSvr4r4iAMTYXq.wav,bonafide,hi-en,876898,mucs2021,none,clean,eval
C:\dfdata\raw\mucs2021\train\crdH0AI5aH25bEXe.wav,bonafide,hi-en,870582,mucs2021,none,clean,eval
C:\dfdata\raw\mucs2021\train\C3MtnFEDrRkWHSvJ.wav,bonafide,hi-en,539354,mucs2021,none,clean,eval
C:\dfdata\raw\mucs2021\train\RyQSvr4r4iAMTYXq.wav,bonafide,hi-en,876898,mucs2021,none,clean,eval
C:\dfdata\raw\mucs2021\train\C3MtnFEDrRkWHSvJ.wav,bonafide,hi-en,539354,mucs2021,none,clean,eval
C:\dfdata\raw\mucs2021\train\cyhxRWI0LoKYZvcw.wav,bonafide,hi-en,541304,mucs2021,none,clean,eval
C:\dfdata\raw\mucs2021\train\vE1rhq3ojNKZvQNv.wav,bonafide,hi-en,106718,mucs2021,none,clean,eval
C:\dfdata\raw\mucs2021\train\LSRBJiHdUoHm4BTI.wav,bonafide,hi-en,987461,mucs2021,none,clean,eval
C:\dfdata\raw\mucs2021\train\cyhxRWI0LoKYZvcw.wav,bonafide,hi-en,541304,mucs2021,none,clean,eval
C:\dfdata\raw\mucs2021\train\C3MtnFEDrRkWHSvJ.wav,bonafide,hi-en,539354,mucs2021,none,clean,eval
C:\dfdata\raw\mucs2021\train\H6Z2BkcyVtiuiN7A.wav,bonafide,hi-en,445718,mucs2021,none,clean,eval
C:\dfdata\raw\mucs2021\train\aKSsdMqkPfUWyYeS.wav,bonafide,hi-en,413057,mucs2021,none,clean,eval
C:\dfdata\raw\mucs2021\train\DP5j8CLDeL6HHHSX.wav,bonafide,hi-en,142970,mucs2021,none,clean,eval
C:\dfdata\raw\mucs2021\train\aKSsdMqkPfUWyYeS.wav,bonafide,hi-en,413057,mucs2021,none,clean,eval
C:\dfdata\raw\mucs2021\train\vE1rhq3ojNKZvQNv.wav,bonafide,hi-en,106718,mucs2021,none,clean,eval
C:\dfdata\raw\mucs2021\train\8xh3ZKpPy5YhAnKX.wav,bonafide,hi-en,893273,mucs2021,none,clean,eval
C:\dfdata\raw\mucs2021\train\WgzliDtK6Htff0g2.wav,bonafide,hi-en,457295,mucs2021,none,clean,eval
C:\dfdata\raw\mucs2021\train\XTscbPr78nzuHhuu.wav,bonafide,hi-en,322882,mucs2021,none,clean,eval
C:\dfdata\raw\mucs2021\train\TRInoJRJxAX3qv5C.wav,bonafide,hi-en,797767,mucs2021,none,clean,eval
C:\dfdata\raw\mucs2021\train\1eNS3GaW1oHHurL4.wav,bonafide,hi-en,975912,mucs2021,none,clean,eval
C:\dfdata\raw\mucs2021\train\LFpbaXkb8HuQ6DnF.wav,bonafide,hi-en,186783,mucs2021,none,clean,eval
C:\dfdata\raw\mucs2021\train\V11NDc0lxudGbWQU.wav,bonafide,hi-en,912184,mucs2021,none,clean,eval
C:\dfdata\raw\mucs2021\train\jCgweujQVV5haVF1.wav,bonafide,hi-en,634568,mucs2021,none,clean,eval
C:\dfdata\raw\mucs2021\train\jCgweujQVV5haVF1.wav,bonafide,hi-en,634568,mucs2021,none,clean,eval
C:\dfdata\raw\mucs2021\train\vE1rhq3ojNKZvQNv.wav,bonafide,hi-en,106718,mucs2021,none,clean,eval
C:\dfdata\raw\mucs2021\train\H6Z2BkcyVtiuiN7A.wav,bonafide,hi-en,445718,mucs2021,none,clean,eval
C:\dfdata\raw\mucs2021\train\1ijxO93RTIJh2Rzv.wav,bonafide,hi-en,584991,mucs2021,none,clean,eval
C:\dfdata\raw\mucs2021\train\wOTMMvC3WQ5YQRAF.wav,bonafide,hi-en,850754,mucs2021,none,clean,eval
C:\dfdata\raw\mucs2021\train\8xh3ZKpPy5YhAnKX.wav,bonafide,hi-en,893273,mucs2021,none,clean,eval
C:\dfdata\raw\mucs2021\train\cyhxRWI0LoKYZvcw.wav,bonafide,hi-en,541304,mucs2021,none,clean,eval
C:\dfdata\raw\mucs2021\train\8xh3ZKpPy5YhAnKX.wav,bonafide,hi-en,893273,mucs2021,none,clean,eval
C:\dfdata\raw\mucs2021\train\wOTMMvC3WQ5YQRAF.wav,bonafide,hi-en,850754,mucs2021,none,clean,eval
C:\dfdata\raw\mucs2021\train\jSNK2zDaIvyZsMZp.wav,bonafide,hi-en,177570,mucs2021,none,clean,eval
C:\dfdata\raw\mucs2021\train\vZGSoJPH1tbvsyCa.wav,bonafide,hi-en,539226,mucs2021,none,clean,eval
C:\dfdata\raw\mucs2021\train\K3X6AGezGWAoDe1q.wav,bonafide,hi-en,903756,mucs2021,none,clean,eval
C:\dfdata\raw\mucs2021\train\n4ACC4gnqW0IM1wW.wav,bonafide,hi-en,996368,mucs2021,none,clean,eval
C:\dfdata\raw\mucs2021\train\fZcxLszRnIHxmVQp.wav,bonafide,hi-en,705494,mucs2021,none,clean,eval
C:\dfdata\raw\mucs2021\train\1ijxO93RTIJh2Rzv.wav,bonafide,hi-en,584991,mucs2021,none,clean,eval
C:\dfdata\raw\mucs2021\train\vE1rhq3ojNKZvQNv.wav,bonafide,hi-en,106718,mucs2021,none,clean,eval
C:\dfdata\raw\mucs2021\train\1ijxO93RTIJh2Rzv.wav,bonafide,hi-en,584991,mucs2021,none,clean,eval
C:\dfdata\raw\mucs2021\train\jSNK2zDaIvyZsMZp.wav,bonafide,hi-en,177570,mucs2021,none,clean,eval
C:\dfdata\raw\mucs2021\train\1eNS3GaW1oHHurL4.wav,bonafide,hi-en,975912,mucs2021,none,clean,eval
C:\dfdata\raw\mucs2021\train\H6Z2BkcyVtiuiN7A.wav,bonafide,hi-en,445718,mucs2021,none,clean,eval
C:\dfdata\raw\mucs2021\train\jCgweujQVV5haVF1.wav,bonafide,hi-en,634568,mucs2021,none,clean,eval
C:\dfdata\raw\mucs2021\train\H6Z2BkcyVtiuiN7A.wav,bonafide,hi-en,445718,mucs2021,none,clean,eval
C:\dfdata\generated\xtts_v2\outputs\xtts_v2_876898_00269.wav,spoof,hi-en,876898,xtts_v2,xtts_v2,clean,eval
C:\dfdata\generated\xtts_v2\outputs\xtts_v2_893273_02945.wav,spoof,hi-en,893273,xtts_v2,xtts_v2,clean,eval
C:\dfdata\generated\xtts_v2\outputs\xtts_v2_413057_03557.wav,spoof,hi-en,413057,xtts_v2,xtts_v2,clean,eval
C:\dfdata\generated\xtts_v2\outputs\xtts_v2_893273_01620.wav,spoof,hi-en,893273,xtts_v2,xtts_v2,clean,eval
C:\dfdata\generated\xtts_v2\outputs\xtts_v2_870582_03718.wav,spoof,hi-en,870582,xtts_v2,xtts_v2,clean,eval
C:\dfdata\generated\xtts_v2\outputs\xtts_v2_996368_02975.wav,spoof,hi-en,996368,xtts_v2,xtts_v2,clean,eval
C:\dfdata\generated\xtts_v2\outputs\xtts_v2_177570_00303.wav,spoof,hi-en,177570,xtts_v2,xtts_v2,clean,eval
C:\dfdata\generated\xtts_v2\outputs\xtts_v2_539354_02711.wav,spoof,hi-en,539354,xtts_v2,xtts_v2,clean,eval
C:\dfdata\generated\xtts_v2\outputs\xtts_v2_457295_02159.wav,spoof,hi-en,457295,xtts_v2,xtts_v2,clean,eval
C:\dfdata\generated\xtts_v2\outputs\xtts_v2_186783_01604.wav,spoof,hi-en,186783,xtts_v2,xtts_v2,clean,eval
C:\dfdata\generated\xtts_v2\outputs\xtts_v2_106718_02276.wav,spoof,hi-en,106718,xtts_v2,xtts_v2,clean,eval
C:\dfdata\generated\xtts_v2\outputs\xtts_v2_445718_00133.wav,spoof,hi-en,445718,xtts_v2,xtts_v2,clean,eval
C:\dfdata\generated\xtts_v2\outputs\xtts_v2_539354_02461.wav,spoof,hi-en,539354,xtts_v2,xtts_v2,clean,eval
C:\dfdata\generated\xtts_v2\outputs\xtts_v2_850754_03092.wav,spoof,hi-en,850754,xtts_v2,xtts_v2,clean,eval
C:\dfdata\generated\xtts_v2\outputs\xtts_v2_541304_00637.wav,spoof,hi-en,541304,xtts_v2,xtts_v2,clean,eval
C:\dfdata\generated\xtts_v2\outputs\xtts_v2_186783_01529.wav,spoof,hi-en,186783,xtts_v2,xtts_v2,clean,eval
C:\dfdata\generated\xtts_v2\outputs\xtts_v2_912184_02197.wav,spoof,hi-en,912184,xtts_v2,xtts_v2,clean,eval
C:\dfdata\generated\xtts_v2\outputs\xtts_v2_876898_00119.wav,spoof,hi-en,876898,xtts_v2,xtts_v2,clean,eval
C:\dfdata\generated\xtts_v2\outputs\xtts_v2_445718_02858.wav,spoof,hi-en,445718,xtts_v2,xtts_v2,clean,eval
C:\dfdata\generated\xtts_v2\outputs\xtts_v2_205240_00080.wav,spoof,hi-en,205240,xtts_v2,xtts_v2,clean,eval
C:\dfdata\generated\xtts_v2\outputs\xtts_v2_322882_00806.wav,spoof,hi-en,322882,xtts_v2,xtts_v2,clean,eval
C:\dfdata\generated\xtts_v2\outputs\xtts_v2_445718_02583.wav,spoof,hi-en,445718,xtts_v2,xtts_v2,clean,eval
C:\dfdata\generated\xtts_v2\outputs\xtts_v2_186783_03204.wav,spoof,hi-en,186783,xtts_v2,xtts_v2,clean,eval
C:\dfdata\generated\xtts_v2\outputs\xtts_v2_893273_00420.wav,spoof,hi-en,893273,xtts_v2,xtts_v2,clean,eval
C:\dfdata\generated\xtts_v2\outputs\xtts_v2_457295_03134.wav,spoof,hi-en,457295,xtts_v2,xtts_v2,clean,eval
C:\dfdata\generated\xtts_v2\outputs\xtts_v2_893273_03895.wav,spoof,hi-en,893273,xtts_v2,xtts_v2,clean,eval
C:\dfdata\generated\xtts_v2\outputs\xtts_v2_893273_03370.wav,spoof,hi-en,893273,xtts_v2,xtts_v2,clean,eval
C:\dfdata\generated\xtts_v2\outputs\xtts_v2_705494_03640.wav,spoof,hi-en,705494,xtts_v2,xtts_v2,clean,eval
C:\dfdata\generated\xtts_v2\outputs\xtts_v2_539226_03935.wav,spoof,hi-en,539226,xtts_v2,xtts_v2,clean,eval
C:\dfdata\generated\xtts_v2\outputs\xtts_v2_539354_01261.wav,spoof,hi-en,539354,xtts_v2,xtts_v2,clean,eval
C:\dfdata\generated\xtts_v2\outputs\xtts_v2_797767_00091.wav,spoof,hi-en,797767,xtts_v2,xtts_v2,clean,eval
C:\dfdata\generated\xtts_v2\outputs\xtts_v2_142970_00327.wav,spoof,hi-en,142970,xtts_v2,xtts_v2,clean,eval
C:\dfdata\generated\xtts_v2\outputs\xtts_v2_186783_01979.wav,spoof,hi-en,186783,xtts_v2,xtts_v2,clean,eval
C:\dfdata\generated\xtts_v2\outputs\xtts_v2_903756_01421.wav,spoof,hi-en,903756,xtts_v2,xtts_v2,clean,eval
C:\dfdata\generated\xtts_v2\outputs\xtts_v2_912184_03122.wav,spoof,hi-en,912184,xtts_v2,xtts_v2,clean,eval
C:\dfdata\generated\xtts_v2\outputs\xtts_v2_987461_03774.wav,spoof,hi-en,987461,xtts_v2,xtts_v2,clean,eval
C:\dfdata\generated\xtts_v2\outputs\xtts_v2_445718_03558.wav,spoof,hi-en,445718,xtts_v2,xtts_v2,clean,eval
C:\dfdata\generated\xtts_v2\outputs\xtts_v2_445718_02258.wav,spoof,hi-en,445718,xtts_v2,xtts_v2,clean,eval
C:\dfdata\generated\xtts_v2\outputs\xtts_v2_205240_00755.wav,spoof,hi-en,205240,xtts_v2,xtts_v2,clean,eval
C:\dfdata\generated\xtts_v2\outputs\xtts_v2_106718_01226.wav,spoof,hi-en,106718,xtts_v2,xtts_v2,clean,eval
C:\dfdata\generated\xtts_v2\outputs\xtts_v2_634568_01789.wav,spoof,hi-en,634568,xtts_v2,xtts_v2,clean,eval
C:\dfdata\generated\xtts_v2\outputs\xtts_v2_705494_02865.wav,spoof,hi-en,705494,xtts_v2,xtts_v2,clean,eval
C:\dfdata\generated\xtts_v2\outputs\xtts_v2_539354_00986.wav,spoof,hi-en,539354,xtts_v2,xtts_v2,clean,eval
C:\dfdata\generated\xtts_v2\outputs\xtts_v2_634568_00064.wav,spoof,hi-en,634568,xtts_v2,xtts_v2,clean,eval
C:\dfdata\generated\xtts_v2\outputs\xtts_v2_177570_01178.wav,spoof,hi-en,177570,xtts_v2,xtts_v2,clean,eval
C:\dfdata\generated\xtts_v2\outputs\xtts_v2_912184_02522.wav,spoof,hi-en,912184,xtts_v2,xtts_v2,clean,eval
C:\dfdata\generated\xtts_v2\outputs\xtts_v2_850754_00492.wav,spoof,hi-en,850754,xtts_v2,xtts_v2,clean,eval
C:\dfdata\generated\xtts_v2\outputs\xtts_v2_205240_02730.wav,spoof,hi-en,205240,xtts_v2,xtts_v2,clean,eval
C:\dfdata\generated\xtts_v2\outputs\xtts_v2_541304_02687.wav,spoof,hi-en,541304,xtts_v2,xtts_v2,clean,eval
C:\dfdata\generated\xtts_v2\outputs\xtts_v2_903756_00571.wav,spoof,hi-en,903756,xtts_v2,xtts_v2,clean,eval
C:\dfdata\generated\xtts_v2\outputs\xtts_v2_539226_03335.wav,spoof,hi-en,539226,xtts_v2,xtts_v2,clean,eval
C:\dfdata\generated\xtts_v2\outputs\xtts_v2_142970_01527.wav,spoof,hi-en,142970,xtts_v2,xtts_v2,clean,eval
C:\dfdata\generated\xtts_v2\outputs\xtts_v2_142970_00202.wav,spoof,hi-en,142970,xtts_v2,xtts_v2,clean,eval
C:\dfdata\generated\xtts_v2\outputs\xtts_v2_584991_02038.wav,spoof,hi-en,584991,xtts_v2,xtts_v2,clean,eval
C:\dfdata\generated\xtts_v2\outputs\xtts_v2_457295_03484.wav,spoof,hi-en,457295,xtts_v2,xtts_v2,clean,eval
C:\dfdata\generated\xtts_v2\outputs\xtts_v2_322882_03531.wav,spoof,hi-en,322882,xtts_v2,xtts_v2,clean,eval
C:\dfdata\generated\xtts_v2\outputs\xtts_v2_705494_00365.wav,spoof,hi-en,705494,xtts_v2,xtts_v2,clean,eval
C:\dfdata\generated\xtts_v2\outputs\xtts_v2_445718_01158.wav,spoof,hi-en,445718,xtts_v2,xtts_v2,clean,eval
C:\dfdata\generated\xtts_v2\outputs\xtts_v2_457295_02534.wav,spoof,hi-en,457295,xtts_v2,xtts_v2,clean,eval
C:\dfdata\generated\xtts_v2\outputs\xtts_v2_705494_01365.wav,spoof,hi-en,705494,xtts_v2,xtts_v2,clean,eval
C:\dfdata\generated\xtts_v2\outputs\xtts_v2_975912_01448.wav,spoof,hi-en,975912,xtts_v2,xtts_v2,clean,eval
C:\dfdata\generated\xtts_v2\outputs\xtts_v2_876898_00244.wav,spoof,hi-en,876898,xtts_v2,xtts_v2,clean,eval
C:\dfdata\generated\xtts_v2\outputs\xtts_v2_539354_01511.wav,spoof,hi-en,539354,xtts_v2,xtts_v2,clean,eval
C:\dfdata\generated\xtts_v2\outputs\xtts_v2_413057_01457.wav,spoof,hi-en,413057,xtts_v2,xtts_v2,clean,eval
C:\dfdata\generated\xtts_v2\outputs\xtts_v2_322882_02706.wav,spoof,hi-en,322882,xtts_v2,xtts_v2,clean,eval
C:\dfdata\generated\xtts_v2\outputs\xtts_v2_457295_02284.wav,spoof,hi-en,457295,xtts_v2,xtts_v2,clean,eval
C:\dfdata\generated\xtts_v2\outputs\xtts_v2_893273_02395.wav,spoof,hi-en,893273,xtts_v2,xtts_v2,clean,eval
C:\dfdata\generated\xtts_v2\outputs\xtts_v2_584991_01913.wav,spoof,hi-en,584991,xtts_v2,xtts_v2,clean,eval
C:\dfdata\generated\xtts_v2\outputs\xtts_v2_322882_03806.wav,spoof,hi-en,322882,xtts_v2,xtts_v2,clean,eval
C:\dfdata\generated\xtts_v2\outputs\xtts_v2_893273_00220.wav,spoof,hi-en,893273,xtts_v2,xtts_v2,clean,eval
C:\dfdata\generated\xtts_v2\outputs\xtts_v2_876898_02444.wav,spoof,hi-en,876898,xtts_v2,xtts_v2,clean,eval
C:\dfdata\generated\xtts_v2\outputs\xtts_v2_457295_02359.wav,spoof,hi-en,457295,xtts_v2,xtts_v2,clean,eval
C:\dfdata\generated\xtts_v2\outputs\xtts_v2_539226_03785.wav,spoof,hi-en,539226,xtts_v2,xtts_v2,clean,eval
C:\dfdata\generated\xtts_v2\outputs\xtts_v2_413057_02607.wav,spoof,hi-en,413057,xtts_v2,xtts_v2,clean,eval
C:\dfdata\generated\xtts_v2\outputs\xtts_v2_539226_00485.wav,spoof,hi-en,539226,xtts_v2,xtts_v2,clean,eval
C:\dfdata\generated\xtts_v2\outputs\xtts_v2_445718_02283.wav,spoof,hi-en,445718,xtts_v2,xtts_v2,clean,eval
C:\dfdata\generated\xtts_v2\outputs\xtts_v2_797767_00041.wav,spoof,hi-en,797767,xtts_v2,xtts_v2,clean,eval
C:\dfdata\generated\xtts_v2\outputs\xtts_v2_584991_01538.wav,spoof,hi-en,584991,xtts_v2,xtts_v2,clean,eval
C:\dfdata\generated\xtts_v2\outputs\xtts_v2_850754_02842.wav,spoof,hi-en,850754,xtts_v2,xtts_v2,clean,eval
C:\dfdata\generated\xtts_v2\outputs\xtts_v2_893273_02445.wav,spoof,hi-en,893273,xtts_v2,xtts_v2,clean,eval
C:\dfdata\generated\xtts_v2\outputs\xtts_v2_705494_03140.wav,spoof,hi-en,705494,xtts_v2,xtts_v2,clean,eval
C:\dfdata\generated\xtts_v2\outputs\xtts_v2_996368_02400.wav,spoof,hi-en,996368,xtts_v2,xtts_v2,clean,eval
C:\dfdata\generated\xtts_v2\outputs\xtts_v2_987461_01574.wav,spoof,hi-en,987461,xtts_v2,xtts_v2,clean,eval
C:\dfdata\generated\xtts_v2\outputs\xtts_v2_850754_03817.wav,spoof,hi-en,850754,xtts_v2,xtts_v2,clean,eval
C:\dfdata\generated\xtts_v2\outputs\xtts_v2_177570_00653.wav,spoof,hi-en,177570,xtts_v2,xtts_v2,clean,eval
C:\dfdata\generated\xtts_v2\outputs\xtts_v2_541304_00587.wav,spoof,hi-en,541304,xtts_v2,xtts_v2,clean,eval
C:\dfdata\generated\xtts_v2\outputs\xtts_v2_893273_00370.wav,spoof,hi-en,893273,xtts_v2,xtts_v2,clean,eval
C:\dfdata\generated\xtts_v2\outputs\xtts_v2_996368_01425.wav,spoof,hi-en,996368,xtts_v2,xtts_v2,clean,eval
C:\dfdata\generated\xtts_v2\outputs\xtts_v2_850754_01192.wav,spoof,hi-en,850754,xtts_v2,xtts_v2,clean,eval
C:\dfdata\generated\xtts_v2\outputs\xtts_v2_850754_01267.wav,spoof,hi-en,850754,xtts_v2,xtts_v2,clean,eval
C:\dfdata\generated\xtts_v2\outputs\xtts_v2_850754_00292.wav,spoof,hi-en,850754,xtts_v2,xtts_v2,clean,eval
C:\dfdata\generated\xtts_v2\outputs\xtts_v2_186783_00929.wav,spoof,hi-en,186783,xtts_v2,xtts_v2,clean,eval
C:\dfdata\generated\xtts_v2\outputs\xtts_v2_912184_01747.wav,spoof,hi-en,912184,xtts_v2,xtts_v2,clean,eval
C:\dfdata\generated\xtts_v2\outputs\xtts_v2_106718_02901.wav,spoof,hi-en,106718,xtts_v2,xtts_v2,clean,eval
C:\dfdata\generated\xtts_v2\outputs\xtts_v2_539226_01785.wav,spoof,hi-en,539226,xtts_v2,xtts_v2,clean,eval
C:\dfdata\generated\xtts_v2\outputs\xtts_v2_205240_02030.wav,spoof,hi-en,205240,xtts_v2,xtts_v2,clean,eval
C:\dfdata\generated\xtts_v2\outputs\xtts_v2_705494_03540.wav,spoof,hi-en,705494,xtts_v2,xtts_v2,clean,eval
C:\dfdata\generated\xtts_v2\outputs\xtts_v2_539226_01510.wav,spoof,hi-en,539226,xtts_v2,xtts_v2,clean,eval
C:\dfdata\generated\xtts_v2\outputs\xtts_v2_322882_03431.wav,spoof,hi-en,322882,xtts_v2,xtts_v2,clean,eval
C:\dfdata\generated\xtts_v2\outputs\xtts_v2_106718_03801.wav,spoof,hi-en,106718,xtts_v2,xtts_v2,clean,eval
C:\dfdata\generated\xtts_v2\outputs\xtts_v2_106718_03826.wav,spoof,hi-en,106718,xtts_v2,xtts_v2,clean,eval
C:\dfdata\generated\xtts_v2\outputs\xtts_v2_106718_03276.wav,spoof,hi-en,106718,xtts_v2,xtts_v2,clean,eval
C:\dfdata\generated\xtts_v2\outputs\xtts_v2_850754_03167.wav,spoof,hi-en,850754,xtts_v2,xtts_v2,clean,eval
C:\dfdata\generated\xtts_v2\outputs\xtts_v2_987461_02924.wav,spoof,hi-en,987461,xtts_v2,xtts_v2,clean,eval
C:\dfdata\generated\xtts_v2\outputs\xtts_v2_987461_00699.wav,spoof,hi-en,987461,xtts_v2,xtts_v2,clean,eval
C:\dfdata\generated\xtts_v2\outputs\xtts_v2_142970_02977.wav,spoof,hi-en,142970,xtts_v2,xtts_v2,clean,eval
C:\dfdata\generated\xtts_v2\outputs\xtts_v2_876898_00619.wav,spoof,hi-en,876898,xtts_v2,xtts_v2,clean,eval
C:\dfdata\generated\xtts_v2\outputs\xtts_v2_539226_01485.wav,spoof,hi-en,539226,xtts_v2,xtts_v2,clean,eval
C:\dfdata\generated\xtts_v2\outputs\xtts_v2_413057_02857.wav,spoof,hi-en,413057,xtts_v2,xtts_v2,clean,eval
C:\dfdata\generated\xtts_v2\outputs\xtts_v2_539354_01686.wav,spoof,hi-en,539354,xtts_v2,xtts_v2,clean,eval
C:\dfdata\generated\xtts_v2\outputs\xtts_v2_870582_00143.wav,spoof,hi-en,870582,xtts_v2,xtts_v2,clean,eval
C:\dfdata\generated\xtts_v2\outputs\xtts_v2_445718_03733.wav,spoof,hi-en,445718,xtts_v2,xtts_v2,clean,eval
C:\dfdata\generated\xtts_v2\outputs\xtts_v2_996368_00925.wav,spoof,hi-en,996368,xtts_v2,xtts_v2,clean,eval
C:\dfdata\generated\xtts_v2\outputs\xtts_v2_850754_00542.wav,spoof,hi-en,850754,xtts_v2,xtts_v2,clean,eval
C:\dfdata\generated\xtts_v2\outputs\xtts_v2_987461_02374.wav,spoof,hi-en,987461,xtts_v2,xtts_v2,clean,eval
C:\dfdata\generated\xtts_v2\outputs\xtts_v2_912184_02347.wav,spoof,hi-en,912184,xtts_v2,xtts_v2,clean,eval
C:\dfdata\generated\xtts_v2\outputs\xtts_v2_205240_03980.wav,spoof,hi-en,205240,xtts_v2,xtts_v2,clean,eval
C:\dfdata\generated\xtts_v2\outputs\xtts_v2_876898_03069.wav,spoof,hi-en,876898,xtts_v2,xtts_v2,clean,eval
C:\dfdata\generated\xtts_v2\outputs\xtts_v2_705494_02315.wav,spoof,hi-en,705494,xtts_v2,xtts_v2,clean,eval
C:\dfdata\generated\xtts_v2\outputs\xtts_v2_177570_02678.wav,spoof,hi-en,177570,xtts_v2,xtts_v2,clean,eval
C:\dfdata\generated\xtts_v2\outputs\xtts_v2_541304_02637.wav,spoof,hi-en,541304,xtts_v2,xtts_v2,clean,eval
C:\dfdata\generated\xtts_v2\outputs\xtts_v2_797767_01641.wav,spoof,hi-en,797767,xtts_v2,xtts_v2,clean,eval
C:\dfdata\generated\xtts_v2\outputs\xtts_v2_975912_02873.wav,spoof,hi-en,975912,xtts_v2,xtts_v2,clean,eval
C:\dfdata\generated\xtts_v2\outputs\xtts_v2_987461_01899.wav,spoof,hi-en,987461,xtts_v2,xtts_v2,clean,eval
C:\dfdata\generated\xtts_v2\outputs\xtts_v2_539226_01560.wav,spoof,hi-en,539226,xtts_v2,xtts_v2,clean,eval
C:\dfdata\generated\xtts_v2\outputs\xtts_v2_975912_00698.wav,spoof,hi-en,975912,xtts_v2,xtts_v2,clean,eval
C:\dfdata\generated\xtts_v2\outputs\xtts_v2_539226_02860.wav,spoof,hi-en,539226,xtts_v2,xtts_v2,clean,eval
C:\dfdata\generated\xtts_v2\outputs\xtts_v2_634568_01064.wav,spoof,hi-en,634568,xtts_v2,xtts_v2,clean,eval
C:\dfdata\generated\xtts_v2\outputs\xtts_v2_797767_00891.wav,spoof,hi-en,797767,xtts_v2,xtts_v2,clean,eval
C:\dfdata\generated\xtts_v2\outputs\xtts_v2_996368_00150.wav,spoof,hi-en,996368,xtts_v2,xtts_v2,clean,eval
C:\dfdata\generated\xtts_v2\outputs\xtts_v2_797767_00766.wav,spoof,hi-en,797767,xtts_v2,xtts_v2,clean,eval
C:\dfdata\generated\xtts_v2\outputs\xtts_v2_975912_01923.wav,spoof,hi-en,975912,xtts_v2,xtts_v2,clean,eval
C:\dfdata\generated\xtts_v2\outputs\xtts_v2_584991_02438.wav,spoof,hi-en,584991,xtts_v2,xtts_v2,clean,eval
C:\dfdata\generated\xtts_v2\outputs\xtts_v2_541304_02162.wav,spoof,hi-en,541304,xtts_v2,xtts_v2,clean,eval
C:\dfdata\generated\xtts_v2\outputs\xtts_v2_186783_02354.wav,spoof,hi-en,186783,xtts_v2,xtts_v2,clean,eval
C:\dfdata\generated\xtts_v2\outputs\xtts_v2_876898_00644.wav,spoof,hi-en,876898,xtts_v2,xtts_v2,clean,eval
C:\dfdata\generated\xtts_v2\outputs\xtts_v2_634568_03014.wav,spoof,hi-en,634568,xtts_v2,xtts_v2,clean,eval
C:\dfdata\generated\xtts_v2\outputs\xtts_v2_987461_02099.wav,spoof,hi-en,987461,xtts_v2,xtts_v2,clean,eval
C:\dfdata\generated\xtts_v2\outputs\xtts_v2_850754_03567.wav,spoof,hi-en,850754,xtts_v2,xtts_v2,clean,eval
C:\dfdata\generated\xtts_v2\outputs\xtts_v2_893273_01395.wav,spoof,hi-en,893273,xtts_v2,xtts_v2,clean,eval
C:\dfdata\generated\xtts_v2\outputs\xtts_v2_205240_02080.wav,spoof,hi-en,205240,xtts_v2,xtts_v2,clean,eval
C:\dfdata\generated\xtts_v2\outputs\xtts_v2_705494_00565.wav,spoof,hi-en,705494,xtts_v2,xtts_v2,clean,eval
C:\dfdata\generated\xtts_v2\outputs\xtts_v2_850754_03792.wav,spoof,hi-en,850754,xtts_v2,xtts_v2,clean,eval
C:\dfdata\generated\xtts_v2\outputs\xtts_v2_541304_03512.wav,spoof,hi-en,541304,xtts_v2,xtts_v2,clean,eval
C:\dfdata\generated\xtts_v2\outputs\xtts_v2_975912_01323.wav,spoof,hi-en,975912,xtts_v2,xtts_v2,clean,eval
C:\dfdata\generated\xtts_v2\outputs\xtts_v2_996368_01750.wav,spoof,hi-en,996368,xtts_v2,xtts_v2,clean,eval
C:\dfdata\generated\xtts_v2\outputs\xtts_v2_541304_00437.wav,spoof,hi-en,541304,xtts_v2,xtts_v2,clean,eval
C:\dfdata\generated\xtts_v2\outputs\xtts_v2_870582_00418.wav,spoof,hi-en,870582,xtts_v2,xtts_v2,clean,eval
C:\dfdata\generated\xtts_v2\outputs\xtts_v2_634568_03639.wav,spoof,hi-en,634568,xtts_v2,xtts_v2,clean,eval
C:\dfdata\generated\xtts_v2\outputs\xtts_v2_876898_00369.wav,spoof,hi-en,876898,xtts_v2,xtts_v2,clean,eval
C:\dfdata\generated\xtts_v2\outputs\xtts_v2_205240_02480.wav,spoof,hi-en,205240,xtts_v2,xtts_v2,clean,eval
C:\dfdata\generated\xtts_v2\outputs\xtts_v2_870582_00293.wav,spoof,hi-en,870582,xtts_v2,xtts_v2,clean,eval
C:\dfdata\generated\xtts_v2\outputs\xtts_v2_870582_02943.wav,spoof,hi-en,870582,xtts_v2,xtts_v2,clean,eval
C:\dfdata\generated\xtts_v2\outputs\xtts_v2_912184_00647.wav,spoof,hi-en,912184,xtts_v2,xtts_v2,clean,eval
C:\dfdata\generated\xtts_v2\outputs\xtts_v2_987461_02899.wav,spoof,hi-en,987461,xtts_v2,xtts_v2,clean,eval
C:\dfdata\generated\xtts_v2\outputs\xtts_v2_142970_01927.wav,spoof,hi-en,142970,xtts_v2,xtts_v2,clean,eval
C:\dfdata\generated\xtts_v2\outputs\xtts_v2_870582_03293.wav,spoof,hi-en,870582,xtts_v2,xtts_v2,clean,eval
C:\dfdata\generated\xtts_v2\outputs\xtts_v2_322882_03656.wav,spoof,hi-en,322882,xtts_v2,xtts_v2,clean,eval
C:\dfdata\generated\xtts_v2\outputs\xtts_v2_876898_03619.wav,spoof,hi-en,876898,xtts_v2,xtts_v2,clean,eval
C:\dfdata\generated\xtts_v2\outputs\xtts_v2_205240_02230.wav,spoof,hi-en,205240,xtts_v2,xtts_v2,clean,eval
C:\dfdata\generated\xtts_v2\outputs\xtts_v2_876898_00819.wav,spoof,hi-en,876898,xtts_v2,xtts_v2,clean,eval
C:\dfdata\generated\xtts_v2\outputs\xtts_v2_996368_01050.wav,spoof,hi-en,996368,xtts_v2,xtts_v2,clean,eval
C:\dfdata\generated\xtts_v2\outputs\xtts_v2_996368_03350.wav,spoof,hi-en,996368,xtts_v2,xtts_v2,clean,eval
C:\dfdata\generated\xtts_v2\outputs\xtts_v2_912184_02247.wav,spoof,hi-en,912184,xtts_v2,xtts_v2,clean,eval
C:\dfdata\generated\xtts_v2\outputs\xtts_v2_541304_02312.wav,spoof,hi-en,541304,xtts_v2,xtts_v2,clean,eval
C:\dfdata\generated\xtts_v2\outputs\xtts_v2_996368_01200.wav,spoof,hi-en,996368,xtts_v2,xtts_v2,clean,eval
C:\dfdata\generated\xtts_v2\outputs\xtts_v2_705494_02015.wav,spoof,hi-en,705494,xtts_v2,xtts_v2,clean,eval
C:\dfdata\generated\xtts_v2\outputs\xtts_v2_634568_01489.wav,spoof,hi-en,634568,xtts_v2,xtts_v2,clean,eval
C:\dfdata\generated\xtts_v2\outputs\xtts_v2_975912_01773.wav,spoof,hi-en,975912,xtts_v2,xtts_v2,clean,eval
C:\dfdata\generated\xtts_v2\outputs\xtts_v2_584991_02113.wav,spoof,hi-en,584991,xtts_v2,xtts_v2,clean,eval
C:\dfdata\generated\xtts_v2\outputs\xtts_v2_912184_02722.wav,spoof,hi-en,912184,xtts_v2,xtts_v2,clean,eval
C:\dfdata\generated\xtts_v2\outputs\xtts_v2_850754_01442.wav,spoof,hi-en,850754,xtts_v2,xtts_v2,clean,eval
C:\dfdata\generated\xtts_v2\outputs\xtts_v2_541304_01237.wav,spoof,hi-en,541304,xtts_v2,xtts_v2,clean,eval
C:\dfdata\generated\xtts_v2\outputs\xtts_v2_705494_02065.wav,spoof,hi-en,705494,xtts_v2,xtts_v2,clean,eval
C:\dfdata\generated\xtts_v2\outputs\xtts_v2_539226_00860.wav,spoof,hi-en,539226,xtts_v2,xtts_v2,clean,eval
C:\dfdata\generated\xtts_v2\outputs\xtts_v2_413057_00282.wav,spoof,hi-en,413057,xtts_v2,xtts_v2,clean,eval
C:\dfdata\generated\xtts_v2\outputs\xtts_v2_539226_02710.wav,spoof,hi-en,539226,xtts_v2,xtts_v2,clean,eval
C:\dfdata\generated\xtts_v2\outputs\xtts_v2_106718_03176.wav,spoof,hi-en,106718,xtts_v2,xtts_v2,clean,eval
C:\dfdata\generated\xtts_v2\outputs\xtts_v2_797767_03216.wav,spoof,hi-en,797767,xtts_v2,xtts_v2,clean,eval
C:\dfdata\generated\xtts_v2\outputs\xtts_v2_912184_01222.wav,spoof,hi-en,912184,xtts_v2,xtts_v2,clean,eval
C:\dfdata\generated\xtts_v2\outputs\xtts_v2_893273_00045.wav,spoof,hi-en,893273,xtts_v2,xtts_v2,clean,eval
C:\dfdata\generated\xtts_v2\outputs\xtts_v2_539354_03486.wav,spoof,hi-en,539354,xtts_v2,xtts_v2,clean,eval
C:\dfdata\generated\xtts_v2\outputs\xtts_v2_850754_01842.wav,spoof,hi-en,850754,xtts_v2,xtts_v2,clean,eval
C:\dfdata\generated\xtts_v2\outputs\xtts_v2_850754_01592.wav,spoof,hi-en,850754,xtts_v2,xtts_v2,clean,eval
C:\dfdata\generated\xtts_v2\outputs\xtts_v2_445718_03783.wav,spoof,hi-en,445718,xtts_v2,xtts_v2,clean,eval
C:\dfdata\generated\xtts_v2\outputs\xtts_v2_634568_02789.wav,spoof,hi-en,634568,xtts_v2,xtts_v2,clean,eval
C:\dfdata\generated\xtts_v2\outputs\xtts_v2_106718_01151.wav,spoof,hi-en,106718,xtts_v2,xtts_v2,clean,eval
C:\dfdata\generated\xtts_v2\outputs\xtts_v2_870582_00843.wav,spoof,hi-en,870582,xtts_v2,xtts_v2,clean,eval
C:\dfdata\generated\xtts_v2\outputs\xtts_v2_912184_02972.wav,spoof,hi-en,912184,xtts_v2,xtts_v2,clean,eval
C:\dfdata\generated\xtts_v2\outputs\xtts_v2_413057_01257.wav,spoof,hi-en,413057,xtts_v2,xtts_v2,clean,eval
C:\dfdata\generated\xtts_v2\outputs\xtts_v2_539226_02660.wav,spoof,hi-en,539226,xtts_v2,xtts_v2,clean,eval
C:\dfdata\generated\xtts_v2\outputs\xtts_v2_445718_00108.wav,spoof,hi-en,445718,xtts_v2,xtts_v2,clean,eval
C:\dfdata\generated\xtts_v2\outputs\xtts_v2_850754_00367.wav,spoof,hi-en,850754,xtts_v2,xtts_v2,clean,eval
C:\dfdata\generated\xtts_v2\outputs\xtts_v2_142970_01227.wav,spoof,hi-en,142970,xtts_v2,xtts_v2,clean,eval
C:\dfdata\generated\xtts_v2\outputs\xtts_v2_912184_00697.wav,spoof,hi-en,912184,xtts_v2,xtts_v2,clean,eval
C:\dfdata\generated\xtts_v2\outputs\xtts_v2_106718_02526.wav,spoof,hi-en,106718,xtts_v2,xtts_v2,clean,eval
C:\dfdata\generated\xtts_v2\outputs\xtts_v2_539354_02136.wav,spoof,hi-en,539354,xtts_v2,xtts_v2,clean,eval
C:\dfdata\generated\xtts_v2\outputs\xtts_v2_903756_02596.wav,spoof,hi-en,903756,xtts_v2,xtts_v2,clean,eval
C:\dfdata\generated\xtts_v2\outputs\xtts_v2_106718_00026.wav,spoof,hi-en,106718,xtts_v2,xtts_v2,clean,eval
C:\dfdata\generated\xtts_v2\outputs\xtts_v2_322882_01731.wav,spoof,hi-en,322882,xtts_v2,xtts_v2,clean,eval
C:\dfdata\generated\xtts_v2\outputs\xtts_v2_705494_03065.wav,spoof,hi-en,705494,xtts_v2,xtts_v2,clean,eval
C:\dfdata\generated\xtts_v2\outputs\xtts_v2_541304_03737.wav,spoof,hi-en,541304,xtts_v2,xtts_v2,clean,eval
C:\dfdata\generated\xtts_v2\outputs\xtts_v2_457295_01259.wav,spoof,hi-en,457295,xtts_v2,xtts_v2,clean,eval
C:\dfdata\generated\xtts_v2\outputs\xtts_v2_705494_00390.wav,spoof,hi-en,705494,xtts_v2,xtts_v2,clean,eval
C:\dfdata\generated\xtts_v2\outputs\xtts_v2_445718_00258.wav,spoof,hi-en,445718,xtts_v2,xtts_v2,clean,eval
C:\dfdata\generated\xtts_v2\outputs\xtts_v2_797767_03791.wav,spoof,hi-en,797767,xtts_v2,xtts_v2,clean,eval
C:\dfdata\generated\xtts_v2\outputs\xtts_v2_870582_02918.wav,spoof,hi-en,870582,xtts_v2,xtts_v2,clean,eval
C:\dfdata\generated\xtts_v2\outputs\xtts_v2_987461_02199.wav,spoof,hi-en,987461,xtts_v2,xtts_v2,clean,eval
C:\dfdata\generated\xtts_v2\outputs\xtts_v2_413057_03707.wav,spoof,hi-en,413057,xtts_v2,xtts_v2,clean,eval
C:\dfdata\generated\xtts_v2\outputs\xtts_v2_413057_00482.wav,spoof,hi-en,413057,xtts_v2,xtts_v2,clean,eval
C:\dfdata\generated\xtts_v2\outputs\xtts_v2_322882_03906.wav,spoof,hi-en,322882,xtts_v2,xtts_v2,clean,eval
C:\dfdata\generated\xtts_v2\outputs\xtts_v2_584991_00088.wav,spoof,hi-en,584991,xtts_v2,xtts_v2,clean,eval
C:\dfdata\generated\xtts_v2\outputs\xtts_v2_539354_03811.wav,spoof,hi-en,539354,xtts_v2,xtts_v2,clean,eval
C:\dfdata\generated\xtts_v2\outputs\xtts_v2_142970_02627.wav,spoof,hi-en,142970,xtts_v2,xtts_v2,clean,eval
C:\dfdata\generated\xtts_v2\outputs\xtts_v2_584991_02163.wav,spoof,hi-en,584991,xtts_v2,xtts_v2,clean,eval
C:\dfdata\generated\xtts_v2\outputs\xtts_v2_541304_01487.wav,spoof,hi-en,541304,xtts_v2,xtts_v2,clean,eval
C:\dfdata\generated\xtts_v2\outputs\xtts_v2_876898_02544.wav,spoof,hi-en,876898,xtts_v2,xtts_v2,clean,eval
C:\dfdata\generated\xtts_v2\outputs\xtts_v2_912184_01472.wav,spoof,hi-en,912184,xtts_v2,xtts_v2,clean,eval
C:\dfdata\generated\xtts_v2\outputs\xtts_v2_445718_01933.wav,spoof,hi-en,445718,xtts_v2,xtts_v2,clean,eval
C:\dfdata\generated\xtts_v2\outputs\xtts_v2_975912_01998.wav,spoof,hi-en,975912,xtts_v2,xtts_v2,clean,eval
C:\dfdata\generated\xtts_v2\outputs\xtts_v2_322882_03381.wav,spoof,hi-en,322882,xtts_v2,xtts_v2,clean,eval
C:\dfdata\generated\xtts_v2\outputs\xtts_v2_539226_03010.wav,spoof,hi-en,539226,xtts_v2,xtts_v2,clean,eval
C:\dfdata\generated\xtts_v2\outputs\xtts_v2_177570_01628.wav,spoof,hi-en,177570,xtts_v2,xtts_v2,clean,eval
C:\dfdata\generated\xtts_v2\outputs\xtts_v2_797767_03241.wav,spoof,hi-en,797767,xtts_v2,xtts_v2,clean,eval
C:\dfdata\generated\xtts_v2\outputs\xtts_v2_584991_02138.wav,spoof,hi-en,584991,xtts_v2,xtts_v2,clean,eval
C:\dfdata\generated\xtts_v2\outputs\xtts_v2_903756_01671.wav,spoof,hi-en,903756,xtts_v2,xtts_v2,clean,eval
C:\dfdata\generated\xtts_v2\outputs\xtts_v2_539354_00886.wav,spoof,hi-en,539354,xtts_v2,xtts_v2,clean,eval
C:\dfdata\generated\xtts_v2\outputs\xtts_v2_541304_01962.wav,spoof,hi-en,541304,xtts_v2,xtts_v2,clean,eval
C:\dfdata\generated\xtts_v2\outputs\xtts_v2_539226_03485.wav,spoof,hi-en,539226,xtts_v2,xtts_v2,clean,eval
C:\dfdata\generated\xtts_v2\outputs\xtts_v2_634568_03439.wav,spoof,hi-en,634568,xtts_v2,xtts_v2,clean,eval
C:\dfdata\generated\xtts_v2\outputs\xtts_v2_850754_03692.wav,spoof,hi-en,850754,xtts_v2,xtts_v2,clean,eval
C:\dfdata\generated\xtts_v2\outputs\xtts_v2_186783_00704.wav,spoof,hi-en,186783,xtts_v2,xtts_v2,clean,eval
C:\dfdata\generated\xtts_v2\outputs\xtts_v2_996368_01675.wav,spoof,hi-en,996368,xtts_v2,xtts_v2,clean,eval
C:\dfdata\generated\xtts_v2\outputs\xtts_v2_539226_01185.wav,spoof,hi-en,539226,xtts_v2,xtts_v2,clean,eval
C:\dfdata\generated\xtts_v2\outputs\xtts_v2_186783_02279.wav,spoof,hi-en,186783,xtts_v2,xtts_v2,clean,eval
C:\dfdata\generated\xtts_v2\outputs\xtts_v2_975912_02573.wav,spoof,hi-en,975912,xtts_v2,xtts_v2,clean,eval
C:\dfdata\generated\xtts_v2\outputs\xtts_v2_205240_00155.wav,spoof,hi-en,205240,xtts_v2,xtts_v2,clean,eval
C:\dfdata\generated\xtts_v2\outputs\xtts_v2_177570_00003.wav,spoof,hi-en,177570,xtts_v2,xtts_v2,clean,eval
C:\dfdata\generated\xtts_v2\outputs\xtts_v2_541304_00337.wav,spoof,hi-en,541304,xtts_v2,xtts_v2,clean,eval
C:\dfdata\generated\xtts_v2\outputs\xtts_v2_996368_02525.wav,spoof,hi-en,996368,xtts_v2,xtts_v2,clean,eval
C:\dfdata\generated\xtts_v2\outputs\xtts_v2_457295_02409.wav,spoof,hi-en,457295,xtts_v2,xtts_v2,clean,eval
C:\dfdata\generated\xtts_v2\outputs\xtts_v2_996368_00550.wav,spoof,hi-en,996368,xtts_v2,xtts_v2,clean,eval
C:\dfdata\generated\xtts_v2\outputs\xtts_v2_445718_03933.wav,spoof,hi-en,445718,xtts_v2,xtts_v2,clean,eval
C:\dfdata\generated\xtts_v2\outputs\xtts_v2_205240_03080.wav,spoof,hi-en,205240,xtts_v2,xtts_v2,clean,eval
C:\dfdata\generated\xtts_v2\outputs\xtts_v2_797767_02791.wav,spoof,hi-en,797767,xtts_v2,xtts_v2,clean,eval
C:\dfdata\generated\xtts_v2\outputs\xtts_v2_322882_02581.wav,spoof,hi-en,322882,xtts_v2,xtts_v2,clean,eval
C:\dfdata\generated\xtts_v2\outputs\xtts_v2_634568_01739.wav,spoof,hi-en,634568,xtts_v2,xtts_v2,clean,eval
C:\dfdata\generated\xtts_v2\outputs\xtts_v2_413057_00182.wav,spoof,hi-en,413057,xtts_v2,xtts_v2,clean,eval
C:\dfdata\generated\xtts_v2\outputs\xtts_v2_186783_03329.wav,spoof,hi-en,186783,xtts_v2,xtts_v2,clean,eval
C:\dfdata\generated\xtts_v2\outputs\xtts_v2_142970_02427.wav,spoof,hi-en,142970,xtts_v2,xtts_v2,clean,eval
C:\dfdata\generated\xtts_v2\outputs\xtts_v2_142970_00302.wav,spoof,hi-en,142970,xtts_v2,xtts_v2,clean,eval
C:\dfdata\generated\xtts_v2\outputs\xtts_v2_457295_00084.wav,spoof,hi-en,457295,xtts_v2,xtts_v2,clean,eval
C:\dfdata\generated\xtts_v2\outputs\xtts_v2_634568_03764.wav,spoof,hi-en,634568,xtts_v2,xtts_v2,clean,eval
C:\dfdata\generated\xtts_v2\outputs\xtts_v2_457295_03309.wav,spoof,hi-en,457295,xtts_v2,xtts_v2,clean,eval
C:\dfdata\generated\xtts_v2\outputs\xtts_v2_106718_00351.wav,spoof,hi-en,106718,xtts_v2,xtts_v2,clean,eval
C:\dfdata\generated\xtts_v2\outputs\xtts_v2_876898_01994.wav,spoof,hi-en,876898,xtts_v2,xtts_v2,clean,eval
C:\dfdata\generated\xtts_v2\outputs\xtts_v2_797767_01566.wav,spoof,hi-en,797767,xtts_v2,xtts_v2,clean,eval
C:\dfdata\generated\xtts_v2\outputs\xtts_v2_322882_03631.wav,spoof,hi-en,322882,xtts_v2,xtts_v2,clean,eval
C:\dfdata\generated\xtts_v2\outputs\xtts_v2_205240_00030.wav,spoof,hi-en,205240,xtts_v2,xtts_v2,clean,eval
C:\dfdata\generated\xtts_v2\outputs\xtts_v2_142970_00427.wav,spoof,hi-en,142970,xtts_v2,xtts_v2,clean,eval
C:\dfdata\generated\xtts_v2\outputs\xtts_v2_177570_01578.wav,spoof,hi-en,177570,xtts_v2,xtts_v2,clean,eval
C:\dfdata\generated\xtts_v2\outputs\xtts_v2_142970_03477.wav,spoof,hi-en,142970,xtts_v2,xtts_v2,clean,eval
C:\dfdata\generated\xtts_v2\outputs\xtts_v2_912184_01022.wav,spoof,hi-en,912184,xtts_v2,xtts_v2,clean,eval
C:\dfdata\generated\xtts_v2\outputs\xtts_v2_975912_02373.wav,spoof,hi-en,975912,xtts_v2,xtts_v2,clean,eval
C:\dfdata\generated\xtts_v2\outputs\xtts_v2_996368_01825.wav,spoof,hi-en,996368,xtts_v2,xtts_v2,clean,eval
C:\dfdata\generated\xtts_v2\outputs\xtts_v2_987461_03099.wav,spoof,hi-en,987461,xtts_v2,xtts_v2,clean,eval
C:\dfdata\generated\xtts_v2\outputs\xtts_v2_205240_00730.wav,spoof,hi-en,205240,xtts_v2,xtts_v2,clean,eval
C:\dfdata\generated\xtts_v2\outputs\xtts_v2_413057_00782.wav,spoof,hi-en,413057,xtts_v2,xtts_v2,clean,eval
C:\dfdata\generated\xtts_v2\outputs\xtts_v2_142970_03452.wav,spoof,hi-en,142970,xtts_v2,xtts_v2,clean,eval
C:\dfdata\generated\xtts_v2\outputs\xtts_v2_205240_01080.wav,spoof,hi-en,205240,xtts_v2,xtts_v2,clean,eval
C:\dfdata\generated\xtts_v2\outputs\xtts_v2_177570_03103.wav,spoof,hi-en,177570,xtts_v2,xtts_v2,clean,eval
C:\dfdata\generated\xtts_v2\outputs\xtts_v2_539354_02361.wav,spoof,hi-en,539354,xtts_v2,xtts_v2,clean,eval
C:\dfdata\generated\xtts_v2\outputs\xtts_v2_797767_01866.wav,spoof,hi-en,797767,xtts_v2,xtts_v2,clean,eval
C:\dfdata\generated\xtts_v2\outputs\xtts_v2_539226_00360.wav,spoof,hi-en,539226,xtts_v2,xtts_v2,clean,eval
C:\dfdata\generated\xtts_v2\outputs\xtts_v2_870582_00043.wav,spoof,hi-en,870582,xtts_v2,xtts_v2,clean,eval
C:\dfdata\generated\xtts_v2\outputs\xtts_v2_634568_03689.wav,spoof,hi-en,634568,xtts_v2,xtts_v2,clean,eval
C:\dfdata\generated\xtts_v2\outputs\xtts_v2_413057_03807.wav,spoof,hi-en,413057,xtts_v2,xtts_v2,clean,eval
C:\dfdata\generated\xtts_v2\outputs\xtts_v2_106718_02626.wav,spoof,hi-en,106718,xtts_v2,xtts_v2,clean,eval
C:\dfdata\generated\xtts_v2\outputs\xtts_v2_539354_03386.wav,spoof,hi-en,539354,xtts_v2,xtts_v2,clean,eval
C:\dfdata\generated\xtts_v2\outputs\xtts_v2_142970_02602.wav,spoof,hi-en,142970,xtts_v2,xtts_v2,clean,eval
C:\dfdata\generated\xtts_v2\outputs\xtts_v2_142970_00352.wav,spoof,hi-en,142970,xtts_v2,xtts_v2,clean,eval
C:\dfdata\generated\xtts_v2\outputs\xtts_v2_996368_00900.wav,spoof,hi-en,996368,xtts_v2,xtts_v2,clean,eval
C:\dfdata\generated\xtts_v2\outputs\xtts_v2_987461_00549.wav,spoof,hi-en,987461,xtts_v2,xtts_v2,clean,eval
C:\dfdata\generated\xtts_v2\outputs\xtts_v2_539226_02135.wav,spoof,hi-en,539226,xtts_v2,xtts_v2,clean,eval
C:\dfdata\generated\xtts_v2\outputs\xtts_v2_539354_00261.wav,spoof,hi-en,539354,xtts_v2,xtts_v2,clean,eval
C:\dfdata\generated\xtts_v2\outputs\xtts_v2_539354_01411.wav,spoof,hi-en,539354,xtts_v2,xtts_v2,clean,eval
C:\dfdata\generated\xtts_v2\outputs\xtts_v2_876898_00769.wav,spoof,hi-en,876898,xtts_v2,xtts_v2,clean,eval
C:\dfdata\generated\xtts_v2\outputs\xtts_v2_539354_00961.wav,spoof,hi-en,539354,xtts_v2,xtts_v2,clean,eval
C:\dfdata\generated\xtts_v2\outputs\xtts_v2_797767_00141.wav,spoof,hi-en,797767,xtts_v2,xtts_v2,clean,eval
C:\dfdata\generated\xtts_v2\outputs\xtts_v2_903756_02296.wav,spoof,hi-en,903756,xtts_v2,xtts_v2,clean,eval
C:\dfdata\generated\xtts_v2\outputs\xtts_v2_445718_01233.wav,spoof,hi-en,445718,xtts_v2,xtts_v2,clean,eval
C:\dfdata\generated\xtts_v2\outputs\xtts_v2_142970_00077.wav,spoof,hi-en,142970,xtts_v2,xtts_v2,clean,eval
C:\dfdata\generated\xtts_v2\outputs\xtts_v2_205240_00980.wav,spoof,hi-en,205240,xtts_v2,xtts_v2,clean,eval
C:\dfdata\generated\xtts_v2\outputs\xtts_v2_903756_00496.wav,spoof,hi-en,903756,xtts_v2,xtts_v2,clean,eval
C:\dfdata\generated\xtts_v2\outputs\xtts_v2_539354_00236.wav,spoof,hi-en,539354,xtts_v2,xtts_v2,clean,eval
C:\dfdata\generated\xtts_v2\outputs\xtts_v2_893273_01245.wav,spoof,hi-en,893273,xtts_v2,xtts_v2,clean,eval
C:\dfdata\generated\xtts_v2\outputs\xtts_v2_903756_01896.wav,spoof,hi-en,903756,xtts_v2,xtts_v2,clean,eval
C:\dfdata\generated\xtts_v2\outputs\xtts_v2_205240_00180.wav,spoof,hi-en,205240,xtts_v2,xtts_v2,clean,eval
C:\dfdata\generated\xtts_v2\outputs\xtts_v2_457295_00884.wav,spoof,hi-en,457295,xtts_v2,xtts_v2,clean,eval
C:\dfdata\generated\xtts_v2\outputs\xtts_v2_142970_00002.wav,spoof,hi-en,142970,xtts_v2,xtts_v2,clean,eval
C:\dfdata\generated\xtts_v2\outputs\xtts_v2_457295_02659.wav,spoof,hi-en,457295,xtts_v2,xtts_v2,clean,eval
C:\dfdata\generated\xtts_v2\outputs\xtts_v2_413057_03757.wav,spoof,hi-en,413057,xtts_v2,xtts_v2,clean,eval
C:\dfdata\generated\xtts_v2\outputs\xtts_v2_975912_01798.wav,spoof,hi-en,975912,xtts_v2,xtts_v2,clean,eval
C:\dfdata\generated\xtts_v2\outputs\xtts_v2_322882_03506.wav,spoof,hi-en,322882,xtts_v2,xtts_v2,clean,eval
C:\dfdata\generated\xtts_v2\outputs\xtts_v2_987461_02549.wav,spoof,hi-en,987461,xtts_v2,xtts_v2,clean,eval
C:\dfdata\generated\xtts_v2\outputs\xtts_v2_870582_01593.wav,spoof,hi-en,870582,xtts_v2,xtts_v2,clean,eval
C:\dfdata\generated\xtts_v2\outputs\xtts_v2_987461_03699.wav,spoof,hi-en,987461,xtts_v2,xtts_v2,clean,eval
C:\dfdata\generated\xtts_v2\outputs\xtts_v2_903756_02771.wav,spoof,hi-en,903756,xtts_v2,xtts_v2,clean,eval
C:\dfdata\generated\xtts_v2\outputs\xtts_v2_205240_03480.wav,spoof,hi-en,205240,xtts_v2,xtts_v2,clean,eval
C:\dfdata\generated\xtts_v2\outputs\xtts_v2_205240_02905.wav,spoof,hi-en,205240,xtts_v2,xtts_v2,clean,eval
C:\dfdata\generated\xtts_v2\outputs\xtts_v2_903756_00771.wav,spoof,hi-en,903756,xtts_v2,xtts_v2,clean,eval
C:\dfdata\generated\xtts_v2\outputs\xtts_v2_445718_01308.wav,spoof,hi-en,445718,xtts_v2,xtts_v2,clean,eval
C:\dfdata\generated\xtts_v2\outputs\xtts_v2_142970_02152.wav,spoof,hi-en,142970,xtts_v2,xtts_v2,clean,eval
C:\dfdata\generated\xtts_v2\outputs\xtts_v2_975912_00348.wav,spoof,hi-en,975912,xtts_v2,xtts_v2,clean,eval
C:\dfdata\generated\xtts_v2\outputs\xtts_v2_870582_00193.wav,spoof,hi-en,870582,xtts_v2,xtts_v2,clean,eval
C:\dfdata\generated\xtts_v2\outputs\xtts_v2_322882_01831.wav,spoof,hi-en,322882,xtts_v2,xtts_v2,clean,eval
C:\dfdata\generated\xtts_v2\outputs\xtts_v2_912184_03922.wav,spoof,hi-en,912184,xtts_v2,xtts_v2,clean,eval
C:\dfdata\generated\xtts_v2\outputs\xtts_v2_705494_00115.wav,spoof,hi-en,705494,xtts_v2,xtts_v2,clean,eval
C:\dfdata\generated\xtts_v2\outputs\xtts_v2_584991_01488.wav,spoof,hi-en,584991,xtts_v2,xtts_v2,clean,eval
C:\dfdata\generated\xtts_v2\outputs\xtts_v2_870582_01668.wav,spoof,hi-en,870582,xtts_v2,xtts_v2,clean,eval
C:\dfdata\generated\xtts_v2\outputs\xtts_v2_850754_01367.wav,spoof,hi-en,850754,xtts_v2,xtts_v2,clean,eval
C:\dfdata\generated\xtts_v2\outputs\xtts_v2_539354_03886.wav,spoof,hi-en,539354,xtts_v2,xtts_v2,clean,eval
C:\dfdata\generated\xtts_v2\outputs\xtts_v2_539354_02586.wav,spoof,hi-en,539354,xtts_v2,xtts_v2,clean,eval
C:\dfdata\generated\xtts_v2\outputs\xtts_v2_539354_03511.wav,spoof,hi-en,539354,xtts_v2,xtts_v2,clean,eval
C:\dfdata\generated\xtts_v2\outputs\xtts_v2_106718_02451.wav,spoof,hi-en,106718,xtts_v2,xtts_v2,clean,eval
C:\dfdata\generated\xtts_v2\outputs\xtts_v2_205240_03755.wav,spoof,hi-en,205240,xtts_v2,xtts_v2,clean,eval
C:\dfdata\generated\xtts_v2\outputs\xtts_v2_584991_02588.wav,spoof,hi-en,584991,xtts_v2,xtts_v2,clean,eval
C:\dfdata\generated\xtts_v2\outputs\xtts_v2_876898_02494.wav,spoof,hi-en,876898,xtts_v2,xtts_v2,clean,eval
C:\dfdata\generated\xtts_v2\outputs\xtts_v2_705494_00890.wav,spoof,hi-en,705494,xtts_v2,xtts_v2,clean,eval
C:\dfdata\generated\xtts_v2\outputs\xtts_v2_205240_02555.wav,spoof,hi-en,205240,xtts_v2,xtts_v2,clean,eval
C:\dfdata\generated\xtts_v2\outputs\xtts_v2_457295_03609.wav,spoof,hi-en,457295,xtts_v2,xtts_v2,clean,eval
C:\dfdata\generated\xtts_v2\outputs\xtts_v2_797767_00166.wav,spoof,hi-en,797767,xtts_v2,xtts_v2,clean,eval
C:\dfdata\generated\xtts_v2\outputs\xtts_v2_186783_00079.wav,spoof,hi-en,186783,xtts_v2,xtts_v2,clean,eval
C:\dfdata\generated\xtts_v2\outputs\xtts_v2_142970_02077.wav,spoof,hi-en,142970,xtts_v2,xtts_v2,clean,eval
C:\dfdata\generated\xtts_v2\outputs\xtts_v2_539354_03686.wav,spoof,hi-en,539354,xtts_v2,xtts_v2,clean,eval
C:\dfdata\generated\xtts_v2\outputs\xtts_v2_205240_02455.wav,spoof,hi-en,205240,xtts_v2,xtts_v2,clean,eval
C:\dfdata\generated\xtts_v2\outputs\xtts_v2_876898_00594.wav,spoof,hi-en,876898,xtts_v2,xtts_v2,clean,eval
C:\dfdata\generated\xtts_v2\outputs\xtts_v2_106718_03476.wav,spoof,hi-en,106718,xtts_v2,xtts_v2,clean,eval
C:\dfdata\generated\xtts_v2\outputs\xtts_v2_177570_03228.wav,spoof,hi-en,177570,xtts_v2,xtts_v2,clean,eval
C:\dfdata\generated\xtts_v2\outputs\xtts_v2_584991_00588.wav,spoof,hi-en,584991,xtts_v2,xtts_v2,clean,eval
C:\dfdata\generated\xtts_v2\outputs\xtts_v2_539226_02435.wav,spoof,hi-en,539226,xtts_v2,xtts_v2,clean,eval
C:\dfdata\generated\xtts_v2\outputs\xtts_v2_177570_03828.wav,spoof,hi-en,177570,xtts_v2,xtts_v2,clean,eval
C:\dfdata\generated\xtts_v2\outputs\xtts_v2_457295_03909.wav,spoof,hi-en,457295,xtts_v2,xtts_v2,clean,eval
C:\dfdata\generated\xtts_v2\outputs\xtts_v2_797767_01941.wav,spoof,hi-en,797767,xtts_v2,xtts_v2,clean,eval
C:\dfdata\generated\xtts_v2\outputs\xtts_v2_142970_03802.wav,spoof,hi-en,142970,xtts_v2,xtts_v2,clean,eval
C:\dfdata\generated\xtts_v2\outputs\xtts_v2_797767_00391.wav,spoof,hi-en,797767,xtts_v2,xtts_v2,clean,eval
C:\dfdata\generated\xtts_v2\outputs\xtts_v2_142970_00852.wav,spoof,hi-en,142970,xtts_v2,xtts_v2,clean,eval
C:\dfdata\generated\xtts_v2\outputs\xtts_v2_322882_00306.wav,spoof,hi-en,322882,xtts_v2,xtts_v2,clean,eval
C:\dfdata\generated\xtts_v2\outputs\xtts_v2_322882_03881.wav,spoof,hi-en,322882,xtts_v2,xtts_v2,clean,eval
C:\dfdata\generated\xtts_v2\outputs\xtts_v2_903756_02621.wav,spoof,hi-en,903756,xtts_v2,xtts_v2,clean,eval
C:\dfdata\generated\xtts_v2\outputs\xtts_v2_322882_00731.wav,spoof,hi-en,322882,xtts_v2,xtts_v2,clean,eval
C:\dfdata\generated\xtts_v2\outputs\xtts_v2_322882_03456.wav,spoof,hi-en,322882,xtts_v2,xtts_v2,clean,eval
C:\dfdata\generated\xtts_v2\outputs\xtts_v2_893273_02745.wav,spoof,hi-en,893273,xtts_v2,xtts_v2,clean,eval
C:\dfdata\generated\xtts_v2\outputs\xtts_v2_850754_02592.wav,spoof,hi-en,850754,xtts_v2,xtts_v2,clean,eval
C:\dfdata\generated\xtts_v2\outputs\xtts_v2_912184_01272.wav,spoof,hi-en,912184,xtts_v2,xtts_v2,clean,eval
C:\dfdata\generated\xtts_v2\outputs\xtts_v2_445718_00983.wav,spoof,hi-en,445718,xtts_v2,xtts_v2,clean,eval
C:\dfdata\generated\xtts_v2\outputs\xtts_v2_850754_00317.wav,spoof,hi-en,850754,xtts_v2,xtts_v2,clean,eval
C:\dfdata\generated\xtts_v2\outputs\xtts_v2_870582_01143.wav,spoof,hi-en,870582,xtts_v2,xtts_v2,clean,eval
C:\dfdata\generated\xtts_v2\outputs\xtts_v2_457295_02184.wav,spoof,hi-en,457295,xtts_v2,xtts_v2,clean,eval
C:\dfdata\generated\xtts_v2\outputs\xtts_v2_413057_01007.wav,spoof,hi-en,413057,xtts_v2,xtts_v2,clean,eval
C:\dfdata\generated\xtts_v2\outputs\xtts_v2_634568_02164.wav,spoof,hi-en,634568,xtts_v2,xtts_v2,clean,eval
C:\dfdata\generated\xtts_v2\outputs\xtts_v2_975912_01223.wav,spoof,hi-en,975912,xtts_v2,xtts_v2,clean,eval
C:\dfdata\generated\xtts_v2\outputs\xtts_v2_634568_00314.wav,spoof,hi-en,634568,xtts_v2,xtts_v2,clean,eval
C:\dfdata\generated\xtts_v2\outputs\xtts_v2_457295_03884.wav,spoof,hi-en,457295,xtts_v2,xtts_v2,clean,eval
C:\dfdata\generated\xtts_v2\outputs\xtts_v2_445718_02083.wav,spoof,hi-en,445718,xtts_v2,xtts_v2,clean,eval
C:\dfdata\generated\xtts_v2\outputs\xtts_v2_903756_02471.wav,spoof,hi-en,903756,xtts_v2,xtts_v2,clean,eval
C:\dfdata\generated\xtts_v2\outputs\xtts_v2_142970_01777.wav,spoof,hi-en,142970,xtts_v2,xtts_v2,clean,eval
C:\dfdata\generated\xtts_v2\outputs\xtts_v2_996368_03000.wav,spoof,hi-en,996368,xtts_v2,xtts_v2,clean,eval
C:\dfdata\generated\xtts_v2\outputs\xtts_v2_705494_03315.wav,spoof,hi-en,705494,xtts_v2,xtts_v2,clean,eval
C:\dfdata\generated\xtts_v2\outputs\xtts_v2_975912_03298.wav,spoof,hi-en,975912,xtts_v2,xtts_v2,clean,eval
C:\dfdata\generated\xtts_v2\outputs\xtts_v2_893273_00695.wav,spoof,hi-en,893273,xtts_v2,xtts_v2,clean,eval
C:\dfdata\generated\xtts_v2\outputs\xtts_v2_987461_00449.wav,spoof,hi-en,987461,xtts_v2,xtts_v2,clean,eval
C:\dfdata\generated\xtts_v2\outputs\xtts_v2_186783_00204.wav,spoof,hi-en,186783,xtts_v2,xtts_v2,clean,eval
C:\dfdata\generated\xtts_v2\outputs\xtts_v2_584991_01713.wav,spoof,hi-en,584991,xtts_v2,xtts_v2,clean,eval
C:\dfdata\generated\xtts_v2\outputs\xtts_v2_457295_00034.wav,spoof,hi-en,457295,xtts_v2,xtts_v2,clean,eval
C:\dfdata\generated\xtts_v2\outputs\xtts_v2_584991_00463.wav,spoof,hi-en,584991,xtts_v2,xtts_v2,clean,eval
C:\dfdata\generated\xtts_v2\outputs\xtts_v2_870582_00893.wav,spoof,hi-en,870582,xtts_v2,xtts_v2,clean,eval
C:\dfdata\generated\xtts_v2\outputs\xtts_v2_457295_02734.wav,spoof,hi-en,457295,xtts_v2,xtts_v2,clean,eval
C:\dfdata\generated\xtts_v2\outputs\xtts_v2_797767_02116.wav,spoof,hi-en,797767,xtts_v2,xtts_v2,clean,eval
C:\dfdata\generated\xtts_v2\outputs\xtts_v2_106718_01701.wav,spoof,hi-en,106718,xtts_v2,xtts_v2,clean,eval
C:\dfdata\generated\xtts_v2\outputs\xtts_v2_177570_03353.wav,spoof,hi-en,177570,xtts_v2,xtts_v2,clean,eval
C:\dfdata\generated\xtts_v2\outputs\xtts_v2_541304_02512.wav,spoof,hi-en,541304,xtts_v2,xtts_v2,clean,eval
C:\dfdata\generated\xtts_v2\outputs\xtts_v2_445718_01658.wav,spoof,hi-en,445718,xtts_v2,xtts_v2,clean,eval
C:\dfdata\generated\xtts_v2\outputs\xtts_v2_996368_02775.wav,spoof,hi-en,996368,xtts_v2,xtts_v2,clean,eval
C:\dfdata\generated\xtts_v2\outputs\xtts_v2_912184_03572.wav,spoof,hi-en,912184,xtts_v2,xtts_v2,clean,eval
C:\dfdata\generated\xtts_v2\outputs\xtts_v2_634568_03389.wav,spoof,hi-en,634568,xtts_v2,xtts_v2,clean,eval
C:\dfdata\generated\xtts_v2\outputs\xtts_v2_322882_01506.wav,spoof,hi-en,322882,xtts_v2,xtts_v2,clean,eval
C:\dfdata\generated\xtts_v2\outputs\xtts_v2_106718_02376.wav,spoof,hi-en,106718,xtts_v2,xtts_v2,clean,eval
C:\dfdata\generated\xtts_v2\outputs\xtts_v2_186783_00954.wav,spoof,hi-en,186783,xtts_v2,xtts_v2,clean,eval
C:\dfdata\generated\xtts_v2\outputs\xtts_v2_893273_02295.wav,spoof,hi-en,893273,xtts_v2,xtts_v2,clean,eval
C:\dfdata\generated\xtts_v2\outputs\xtts_v2_870582_03193.wav,spoof,hi-en,870582,xtts_v2,xtts_v2,clean,eval
C:\dfdata\generated\xtts_v2\outputs\xtts_v2_634568_01239.wav,spoof,hi-en,634568,xtts_v2,xtts_v2,clean,eval
C:\dfdata\generated\xtts_v2\outputs\xtts_v2_413057_02907.wav,spoof,hi-en,413057,xtts_v2,xtts_v2,clean,eval
C:\dfdata\generated\xtts_v2\outputs\xtts_v2_912184_03247.wav,spoof,hi-en,912184,xtts_v2,xtts_v2,clean,eval
C:\dfdata\generated\xtts_v2\outputs\xtts_v2_541304_02087.wav,spoof,hi-en,541304,xtts_v2,xtts_v2,clean,eval
C:\dfdata\generated\xtts_v2\outputs\xtts_v2_584991_00163.wav,spoof,hi-en,584991,xtts_v2,xtts_v2,clean,eval
C:\dfdata\generated\xtts_v2\outputs\xtts_v2_634568_00364.wav,spoof,hi-en,634568,xtts_v2,xtts_v2,clean,eval
C:\dfdata\generated\xtts_v2\outputs\xtts_v2_912184_02997.wav,spoof,hi-en,912184,xtts_v2,xtts_v2,clean,eval
C:\dfdata\generated\xtts_v2\outputs\xtts_v2_987461_02674.wav,spoof,hi-en,987461,xtts_v2,xtts_v2,clean,eval
C:\dfdata\generated\xtts_v2\outputs\xtts_v2_912184_01947.wav,spoof,hi-en,912184,xtts_v2,xtts_v2,clean,eval
C:\dfdata\generated\xtts_v2\outputs\xtts_v2_106718_00851.wav,spoof,hi-en,106718,xtts_v2,xtts_v2,clean,eval
C:\dfdata\generated\xtts_v2\outputs\xtts_v2_322882_02831.wav,spoof,hi-en,322882,xtts_v2,xtts_v2,clean,eval
C:\dfdata\generated\xtts_v2\outputs\xtts_v2_903756_03621.wav,spoof,hi-en,903756,xtts_v2,xtts_v2,clean,eval
C:\dfdata\generated\xtts_v2\outputs\xtts_v2_541304_01137.wav,spoof,hi-en,541304,xtts_v2,xtts_v2,clean,eval
C:\dfdata\generated\xtts_v2\outputs\xtts_v2_322882_02631.wav,spoof,hi-en,322882,xtts_v2,xtts_v2,clean,eval
C:\dfdata\generated\xtts_v2\outputs\xtts_v2_893273_03520.wav,spoof,hi-en,893273,xtts_v2,xtts_v2,clean,eval
C:\dfdata\generated\xtts_v2\outputs\xtts_v2_541304_00512.wav,spoof,hi-en,541304,xtts_v2,xtts_v2,clean,eval
C:\dfdata\generated\xtts_v2\outputs\xtts_v2_705494_00590.wav,spoof,hi-en,705494,xtts_v2,xtts_v2,clean,eval
C:\dfdata\generated\xtts_v2\outputs\xtts_v2_797767_02941.wav,spoof,hi-en,797767,xtts_v2,xtts_v2,clean,eval
C:\dfdata\generated\xtts_v2\outputs\xtts_v2_205240_02630.wav,spoof,hi-en,205240,xtts_v2,xtts_v2,clean,eval
C:\dfdata\generated\xtts_v2\outputs\xtts_v2_705494_03690.wav,spoof,hi-en,705494,xtts_v2,xtts_v2,clean,eval
C:\dfdata\generated\xtts_v2\outputs\xtts_v2_634568_02914.wav,spoof,hi-en,634568,xtts_v2,xtts_v2,clean,eval
C:\dfdata\generated\xtts_v2\outputs\xtts_v2_634568_01914.wav,spoof,hi-en,634568,xtts_v2,xtts_v2,clean,eval
C:\dfdata\generated\xtts_v2\outputs\xtts_v2_445718_00233.wav,spoof,hi-en,445718,xtts_v2,xtts_v2,clean,eval
C:\dfdata\generated\xtts_v2\outputs\xtts_v2_539354_02436.wav,spoof,hi-en,539354,xtts_v2,xtts_v2,clean,eval
C:\dfdata\generated\xtts_v2\outputs\xtts_v2_205240_01655.wav,spoof,hi-en,205240,xtts_v2,xtts_v2,clean,eval
C:\dfdata\generated\xtts_v2\outputs\xtts_v2_870582_01168.wav,spoof,hi-en,870582,xtts_v2,xtts_v2,clean,eval
C:\dfdata\generated\xtts_v2\outputs\xtts_v2_539226_00810.wav,spoof,hi-en,539226,xtts_v2,xtts_v2,clean,eval
C:\dfdata\generated\xtts_v2\outputs\xtts_v2_996368_01375.wav,spoof,hi-en,996368,xtts_v2,xtts_v2,clean,eval
C:\dfdata\generated\xtts_v2\outputs\xtts_v2_705494_02715.wav,spoof,hi-en,705494,xtts_v2,xtts_v2,clean,eval
C:\dfdata\generated\xtts_v2\outputs\xtts_v2_876898_03169.wav,spoof,hi-en,876898,xtts_v2,xtts_v2,clean,eval
C:\dfdata\generated\xtts_v2\outputs\xtts_v2_106718_01751.wav,spoof,hi-en,106718,xtts_v2,xtts_v2,clean,eval
C:\dfdata\generated\xtts_v2\outputs\xtts_v2_539226_00910.wav,spoof,hi-en,539226,xtts_v2,xtts_v2,clean,eval
C:\dfdata\generated\xtts_v2\outputs\xtts_v2_413057_00357.wav,spoof,hi-en,413057,xtts_v2,xtts_v2,clean,eval
C:\dfdata\generated\xtts_v2\outputs\xtts_v2_876898_02294.wav,spoof,hi-en,876898,xtts_v2,xtts_v2,clean,eval
C:\dfdata\generated\xtts_v2\outputs\xtts_v2_912184_02372.wav,spoof,hi-en,912184,xtts_v2,xtts_v2,clean,eval
C:\dfdata\generated\xtts_v2\outputs\xtts_v2_893273_03345.wav,spoof,hi-en,893273,xtts_v2,xtts_v2,clean,eval
C:\dfdata\generated\xtts_v2\outputs\xtts_v2_541304_01862.wav,spoof,hi-en,541304,xtts_v2,xtts_v2,clean,eval
C:\dfdata\generated\xtts_v2\outputs\xtts_v2_541304_03812.wav,spoof,hi-en,541304,xtts_v2,xtts_v2,clean,eval
C:\dfdata\generated\xtts_v2\outputs\xtts_v2_912184_01397.wav,spoof,hi-en,912184,xtts_v2,xtts_v2,clean,eval
C:\dfdata\generated\xtts_v2\outputs\xtts_v2_413057_03507.wav,spoof,hi-en,413057,xtts_v2,xtts_v2,clean,eval
C:\dfdata\generated\xtts_v2\outputs\xtts_v2_850754_03842.wav,spoof,hi-en,850754,xtts_v2,xtts_v2,clean,eval
C:\dfdata\generated\xtts_v2\outputs\xtts_v2_445718_00783.wav,spoof,hi-en,445718,xtts_v2,xtts_v2,clean,eval
C:\dfdata\generated\xtts_v2\outputs\xtts_v2_975912_01373.wav,spoof,hi-en,975912,xtts_v2,xtts_v2,clean,eval
C:\dfdata\generated\xtts_v2\outputs\xtts_v2_457295_01509.wav,spoof,hi-en,457295,xtts_v2,xtts_v2,clean,eval
C:\dfdata\generated\xtts_v2\outputs\xtts_v2_413057_02182.wav,spoof,hi-en,413057,xtts_v2,xtts_v2,clean,eval
C:\dfdata\generated\xtts_v2\outputs\xtts_v2_539354_00786.wav,spoof,hi-en,539354,xtts_v2,xtts_v2,clean,eval
C:\dfdata\generated\xtts_v2\outputs\xtts_v2_541304_03412.wav,spoof,hi-en,541304,xtts_v2,xtts_v2,clean,eval
C:\dfdata\generated\xtts_v2\outputs\xtts_v2_996368_02200.wav,spoof,hi-en,996368,xtts_v2,xtts_v2,clean,eval
C:\dfdata\generated\xtts_v2\outputs\xtts_v2_205240_03230.wav,spoof,hi-en,205240,xtts_v2,xtts_v2,clean,eval
C:\dfdata\generated\xtts_v2\outputs\xtts_v2_797767_02891.wav,spoof,hi-en,797767,xtts_v2,xtts_v2,clean,eval
C:\dfdata\generated\xtts_v2\outputs\xtts_v2_539226_03985.wav,spoof,hi-en,539226,xtts_v2,xtts_v2,clean,eval
C:\dfdata\generated\xtts_v2\outputs\xtts_v2_186783_03479.wav,spoof,hi-en,186783,xtts_v2,xtts_v2,clean,eval
C:\dfdata\generated\xtts_v2\outputs\xtts_v2_903756_03521.wav,spoof,hi-en,903756,xtts_v2,xtts_v2,clean,eval
C:\dfdata\generated\xtts_v2\outputs\xtts_v2_987461_02974.wav,spoof,hi-en,987461,xtts_v2,xtts_v2,clean,eval
C:\dfdata\generated\xtts_v2\outputs\xtts_v2_539226_03585.wav,spoof,hi-en,539226,xtts_v2,xtts_v2,clean,eval
C:\dfdata\generated\xtts_v2\outputs\xtts_v2_987461_01649.wav,spoof,hi-en,987461,xtts_v2,xtts_v2,clean,eval
C:\dfdata\generated\xtts_v2\outputs\xtts_v2_177570_02178.wav,spoof,hi-en,177570,xtts_v2,xtts_v2,clean,eval
C:\dfdata\generated\xtts_v2\outputs\xtts_v2_142970_03527.wav,spoof,hi-en,142970,xtts_v2,xtts_v2,clean,eval
C:\dfdata\generated\xtts_v2\outputs\xtts_v2_996368_02325.wav,spoof,hi-en,996368,xtts_v2,xtts_v2,clean,eval
C:\dfdata\generated\xtts_v2\outputs\xtts_v2_322882_00556.wav,spoof,hi-en,322882,xtts_v2,xtts_v2,clean,eval
C:\dfdata\generated\xtts_v2\outputs\xtts_v2_797767_03891.wav,spoof,hi-en,797767,xtts_v2,xtts_v2,clean,eval
C:\dfdata\generated\xtts_v2\outputs\xtts_v2_903756_03971.wav,spoof,hi-en,903756,xtts_v2,xtts_v2,clean,eval
C:\dfdata\generated\xtts_v2\outputs\xtts_v2_539226_03685.wav,spoof,hi-en,539226,xtts_v2,xtts_v2,clean,eval
C:\dfdata\generated\xtts_v2\outputs\xtts_v2_205240_01130.wav,spoof,hi-en,205240,xtts_v2,xtts_v2,clean,eval
C:\dfdata\generated\xtts_v2\outputs\xtts_v2_322882_00631.wav,spoof,hi-en,322882,xtts_v2,xtts_v2,clean,eval
C:\dfdata\generated\xtts_v2\outputs\xtts_v2_705494_00465.wav,spoof,hi-en,705494,xtts_v2,xtts_v2,clean,eval
C:\dfdata\generated\xtts_v2\outputs\xtts_v2_457295_01084.wav,spoof,hi-en,457295,xtts_v2,xtts_v2,clean,eval
C:\dfdata\generated\xtts_v2\outputs\xtts_v2_539354_03211.wav,spoof,hi-en,539354,xtts_v2,xtts_v2,clean,eval
C:\dfdata\generated\xtts_v2\outputs\xtts_v2_996368_00950.wav,spoof,hi-en,996368,xtts_v2,xtts_v2,clean,eval
C:\dfdata\generated\xtts_v2\outputs\xtts_v2_457295_01759.wav,spoof,hi-en,457295,xtts_v2,xtts_v2,clean,eval
C:\dfdata\generated\xtts_v2\outputs\xtts_v2_634568_00614.wav,spoof,hi-en,634568,xtts_v2,xtts_v2,clean,eval
C:\dfdata\generated\xtts_v2\outputs\xtts_v2_912184_03997.wav,spoof,hi-en,912184,xtts_v2,xtts_v2,clean,eval
C:\dfdata\generated\xtts_v2\outputs\xtts_v2_987461_03374.wav,spoof,hi-en,987461,xtts_v2,xtts_v2,clean,eval
C:\dfdata\generated\xtts_v2\outputs\xtts_v2_177570_00028.wav,spoof,hi-en,177570,xtts_v2,xtts_v2,clean,eval
C:\dfdata\generated\xtts_v2\outputs\xtts_v2_987461_02574.wav,spoof,hi-en,987461,xtts_v2,xtts_v2,clean,eval
C:\dfdata\generated\xtts_v2\outputs\xtts_v2_539354_00511.wav,spoof,hi-en,539354,xtts_v2,xtts_v2,clean,eval
C:\dfdata\generated\xtts_v2\outputs\xtts_v2_912184_02422.wav,spoof,hi-en,912184,xtts_v2,xtts_v2,clean,eval
C:\dfdata\generated\xtts_v2\outputs\xtts_v2_876898_01944.wav,spoof,hi-en,876898,xtts_v2,xtts_v2,clean,eval
C:\dfdata\generated\xtts_v2\outputs\xtts_v2_322882_01406.wav,spoof,hi-en,322882,xtts_v2,xtts_v2,clean,eval
C:\dfdata\generated\xtts_v2\outputs\xtts_v2_205240_03205.wav,spoof,hi-en,205240,xtts_v2,xtts_v2,clean,eval
C:\dfdata\generated\xtts_v2\outputs\xtts_v2_457295_02009.wav,spoof,hi-en,457295,xtts_v2,xtts_v2,clean,eval
C:\dfdata\generated\xtts_v2\outputs\xtts_v2_996368_01925.wav,spoof,hi-en,996368,xtts_v2,xtts_v2,clean,eval
C:\dfdata\generated\xtts_v2\outputs\xtts_v2_975912_00548.wav,spoof,hi-en,975912,xtts_v2,xtts_v2,clean,eval
C:\dfdata\generated\xtts_v2\outputs\xtts_v2_987461_02324.wav,spoof,hi-en,987461,xtts_v2,xtts_v2,clean,eval
C:\dfdata\generated\xtts_v2\outputs\xtts_v2_850754_03142.wav,spoof,hi-en,850754,xtts_v2,xtts_v2,clean,eval
C:\dfdata\generated\xtts_v2\outputs\xtts_v2_987461_03449.wav,spoof,hi-en,987461,xtts_v2,xtts_v2,clean,eval
C:\dfdata\generated\xtts_v2\outputs\xtts_v2_634568_01864.wav,spoof,hi-en,634568,xtts_v2,xtts_v2,clean,eval
C:\dfdata\generated\xtts_v2\outputs\xtts_v2_205240_01230.wav,spoof,hi-en,205240,xtts_v2,xtts_v2,clean,eval
C:\dfdata\generated\xtts_v2\outputs\xtts_v2_975912_00673.wav,spoof,hi-en,975912,xtts_v2,xtts_v2,clean,eval
C:\dfdata\generated\xtts_v2\outputs\xtts_v2_870582_02543.wav,spoof,hi-en,870582,xtts_v2,xtts_v2,clean,eval
C:\dfdata\generated\xtts_v2\outputs\xtts_v2_539226_02785.wav,spoof,hi-en,539226,xtts_v2,xtts_v2,clean,eval
C:\dfdata\generated\xtts_v2\outputs\xtts_v2_987461_01849.wav,spoof,hi-en,987461,xtts_v2,xtts_v2,clean,eval
C:\dfdata\generated\xtts_v2\outputs\xtts_v2_584991_00363.wav,spoof,hi-en,584991,xtts_v2,xtts_v2,clean,eval
C:\dfdata\generated\xtts_v2\outputs\xtts_v2_539226_03510.wav,spoof,hi-en,539226,xtts_v2,xtts_v2,clean,eval
C:\dfdata\generated\xtts_v2\outputs\xtts_v2_876898_00144.wav,spoof,hi-en,876898,xtts_v2,xtts_v2,clean,eval
C:\dfdata\generated\xtts_v2\outputs\xtts_v2_797767_02316.wav,spoof,hi-en,797767,xtts_v2,xtts_v2,clean,eval
C:\dfdata\generated\xtts_v2\outputs\xtts_v2_634568_03089.wav,spoof,hi-en,634568,xtts_v2,xtts_v2,clean,eval
C:\dfdata\generated\xtts_v2\outputs\xtts_v2_413057_00532.wav,spoof,hi-en,413057,xtts_v2,xtts_v2,clean,eval
C:\dfdata\generated\xtts_v2\outputs\xtts_v2_413057_00157.wav,spoof,hi-en,413057,xtts_v2,xtts_v2,clean,eval
C:\dfdata\generated\xtts_v2\outputs\xtts_v2_876898_03369.wav,spoof,hi-en,876898,xtts_v2,xtts_v2,clean,eval
C:\dfdata\generated\xtts_v2\outputs\xtts_v2_876898_02894.wav,spoof,hi-en,876898,xtts_v2,xtts_v2,clean,eval
C:\dfdata\generated\xtts_v2\outputs\xtts_v2_106718_01876.wav,spoof,hi-en,106718,xtts_v2,xtts_v2,clean,eval
C:\dfdata\generated\xtts_v2\outputs\xtts_v2_205240_02680.wav,spoof,hi-en,205240,xtts_v2,xtts_v2,clean,eval
C:\dfdata\generated\xtts_v2\outputs\xtts_v2_893273_03295.wav,spoof,hi-en,893273,xtts_v2,xtts_v2,clean,eval
C:\dfdata\generated\xtts_v2\outputs\xtts_v2_541304_00287.wav,spoof,hi-en,541304,xtts_v2,xtts_v2,clean,eval
C:\dfdata\generated\xtts_v2\outputs\xtts_v2_445718_01633.wav,spoof,hi-en,445718,xtts_v2,xtts_v2,clean,eval
C:\dfdata\generated\xtts_v2\outputs\xtts_v2_912184_02872.wav,spoof,hi-en,912184,xtts_v2,xtts_v2,clean,eval
C:\dfdata\generated\xtts_v2\outputs\xtts_v2_893273_00545.wav,spoof,hi-en,893273,xtts_v2,xtts_v2,clean,eval
C:\dfdata\generated\xtts_v2\outputs\xtts_v2_413057_02357.wav,spoof,hi-en,413057,xtts_v2,xtts_v2,clean,eval
C:\dfdata\generated\xtts_v2\outputs\xtts_v2_893273_01420.wav,spoof,hi-en,893273,xtts_v2,xtts_v2,clean,eval
C:\dfdata\generated\xtts_v2\outputs\xtts_v2_903756_03646.wav,spoof,hi-en,903756,xtts_v2,xtts_v2,clean,eval
C:\dfdata\generated\xtts_v2\outputs\xtts_v2_912184_00197.wav,spoof,hi-en,912184,xtts_v2,xtts_v2,clean,eval
C:\dfdata\generated\xtts_v2\outputs\xtts_v2_634568_01639.wav,spoof,hi-en,634568,xtts_v2,xtts_v2,clean,eval
C:\dfdata\generated\xtts_v2\outputs\xtts_v2_876898_03294.wav,spoof,hi-en,876898,xtts_v2,xtts_v2,clean,eval
C:\dfdata\generated\xtts_v2\outputs\xtts_v2_903756_02721.wav,spoof,hi-en,903756,xtts_v2,xtts_v2,clean,eval
C:\dfdata\generated\xtts_v2\outputs\xtts_v2_903756_01746.wav,spoof,hi-en,903756,xtts_v2,xtts_v2,clean,eval
C:\dfdata\generated\xtts_v2\outputs\xtts_v2_106718_03576.wav,spoof,hi-en,106718,xtts_v2,xtts_v2,clean,eval
C:\dfdata\generated\xtts_v2\outputs\xtts_v2_584991_02863.wav,spoof,hi-en,584991,xtts_v2,xtts_v2,clean,eval
C:\dfdata\generated\xtts_v2\outputs\xtts_v2_797767_00741.wav,spoof,hi-en,797767,xtts_v2,xtts_v2,clean,eval
C:\dfdata\generated\xtts_v2\outputs\xtts_v2_975912_01848.wav,spoof,hi-en,975912,xtts_v2,xtts_v2,clean,eval
C:\dfdata\generated\xtts_v2\outputs\xtts_v2_541304_01387.wav,spoof,hi-en,541304,xtts_v2,xtts_v2,clean,eval
C:\dfdata\generated\xtts_v2\outputs\xtts_v2_205240_02330.wav,spoof,hi-en,205240,xtts_v2,xtts_v2,clean,eval
C:\dfdata\generated\xtts_v2\outputs\xtts_v2_850754_03442.wav,spoof,hi-en,850754,xtts_v2,xtts_v2,clean,eval
C:\dfdata\generated\xtts_v2\outputs\xtts_v2_541304_00112.wav,spoof,hi-en,541304,xtts_v2,xtts_v2,clean,eval
C:\dfdata\generated\xtts_v2\outputs\xtts_v2_797767_02441.wav,spoof,hi-en,797767,xtts_v2,xtts_v2,clean,eval
C:\dfdata\generated\xtts_v2\outputs\xtts_v2_445718_01683.wav,spoof,hi-en,445718,xtts_v2,xtts_v2,clean,eval
C:\dfdata\generated\xtts_v2\outputs\xtts_v2_975912_02648.wav,spoof,hi-en,975912,xtts_v2,xtts_v2,clean,eval
C:\dfdata\generated\xtts_v2\outputs\xtts_v2_322882_00581.wav,spoof,hi-en,322882,xtts_v2,xtts_v2,clean,eval
C:\dfdata\generated\xtts_v2\outputs\xtts_v2_893273_01145.wav,spoof,hi-en,893273,xtts_v2,xtts_v2,clean,eval
C:\dfdata\generated\xtts_v2\outputs\xtts_v2_912184_03822.wav,spoof,hi-en,912184,xtts_v2,xtts_v2,clean,eval
C:\dfdata\generated\xtts_v2\outputs\xtts_v2_876898_02044.wav,spoof,hi-en,876898,xtts_v2,xtts_v2,clean,eval
C:\dfdata\generated\xtts_v2\outputs\xtts_v2_975912_00823.wav,spoof,hi-en,975912,xtts_v2,xtts_v2,clean,eval
C:\dfdata\generated\xtts_v2\outputs\xtts_v2_876898_02194.wav,spoof,hi-en,876898,xtts_v2,xtts_v2,clean,eval
C:\dfdata\generated\xtts_v2\outputs\xtts_v2_413057_03932.wav,spoof,hi-en,413057,xtts_v2,xtts_v2,clean,eval
C:\dfdata\generated\xtts_v2\outputs\xtts_v2_445718_01133.wav,spoof,hi-en,445718,xtts_v2,xtts_v2,clean,eval
C:\dfdata\generated\xtts_v2\outputs\xtts_v2_413057_01107.wav,spoof,hi-en,413057,xtts_v2,xtts_v2,clean,eval
C:\dfdata\generated\xtts_v2\outputs\xtts_v2_541304_01087.wav,spoof,hi-en,541304,xtts_v2,xtts_v2,clean,eval
C:\dfdata\generated\xtts_v2\outputs\xtts_v2_903756_01071.wav,spoof,hi-en,903756,xtts_v2,xtts_v2,clean,eval
C:\dfdata\generated\xtts_v2\outputs\xtts_v2_705494_00290.wav,spoof,hi-en,705494,xtts_v2,xtts_v2,clean,eval
C:\dfdata\generated\xtts_v2\outputs\xtts_v2_912184_01347.wav,spoof,hi-en,912184,xtts_v2,xtts_v2,clean,eval
C:\dfdata\generated\xtts_v2\outputs\xtts_v2_876898_00444.wav,spoof,hi-en,876898,xtts_v2,xtts_v2,clean,eval
C:\dfdata\generated\xtts_v2\outputs\xtts_v2_541304_02662.wav,spoof,hi-en,541304,xtts_v2,xtts_v2,clean,eval
C:\dfdata\generated\xtts_v2\outputs\xtts_v2_539226_00635.wav,spoof,hi-en,539226,xtts_v2,xtts_v2,clean,eval
C:\dfdata\generated\xtts_v2\outputs\xtts_v2_876898_02619.wav,spoof,hi-en,876898,xtts_v2,xtts_v2,clean,eval
C:\dfdata\generated\xtts_v2\outputs\xtts_v2_205240_01880.wav,spoof,hi-en,205240,xtts_v2,xtts_v2,clean,eval
C:\dfdata\generated\xtts_v2\outputs\xtts_v2_584991_01313.wav,spoof,hi-en,584991,xtts_v2,xtts_v2,clean,eval
C:\dfdata\generated\xtts_v2\outputs\xtts_v2_987461_03124.wav,spoof,hi-en,987461,xtts_v2,xtts_v2,clean,eval
C:\dfdata\generated\xtts_v2\outputs\xtts_v2_106718_03876.wav,spoof,hi-en,106718,xtts_v2,xtts_v2,clean,eval
C:\dfdata\generated\xtts_v2\outputs\xtts_v2_996368_00825.wav,spoof,hi-en,996368,xtts_v2,xtts_v2,clean,eval
C:\dfdata\generated\xtts_v2\outputs\xtts_v2_539226_01160.wav,spoof,hi-en,539226,xtts_v2,xtts_v2,clean,eval
C:\dfdata\generated\xtts_v2\outputs\xtts_v2_903756_03796.wav,spoof,hi-en,903756,xtts_v2,xtts_v2,clean,eval
C:\dfdata\generated\xtts_v2\outputs\xtts_v2_539354_02161.wav,spoof,hi-en,539354,xtts_v2,xtts_v2,clean,eval
C:\dfdata\generated\xtts_v2\outputs\xtts_v2_797767_03016.wav,spoof,hi-en,797767,xtts_v2,xtts_v2,clean,eval
C:\dfdata\generated\xtts_v2\outputs\xtts_v2_205240_03855.wav,spoof,hi-en,205240,xtts_v2,xtts_v2,clean,eval
C:\dfdata\generated\xtts_v2\outputs\xtts_v2_539226_01835.wav,spoof,hi-en,539226,xtts_v2,xtts_v2,clean,eval
C:\dfdata\generated\xtts_v2\outputs\xtts_v2_705494_00015.wav,spoof,hi-en,705494,xtts_v2,xtts_v2,clean,eval
C:\dfdata\generated\xtts_v2\outputs\xtts_v2_975912_03998.wav,spoof,hi-en,975912,xtts_v2,xtts_v2,clean,eval
C:\dfdata\generated\xtts_v2\outputs\xtts_v2_870582_01218.wav,spoof,hi-en,870582,xtts_v2,xtts_v2,clean,eval
C:\dfdata\generated\xtts_v2\outputs\xtts_v2_205240_00455.wav,spoof,hi-en,205240,xtts_v2,xtts_v2,clean,eval
C:\dfdata\generated\xtts_v2\outputs\xtts_v2_541304_02787.wav,spoof,hi-en,541304,xtts_v2,xtts_v2,clean,eval
C:\dfdata\generated\xtts_v2\outputs\xtts_v2_797767_00991.wav,spoof,hi-en,797767,xtts_v2,xtts_v2,clean,eval
C:\dfdata\generated\xtts_v2\outputs\xtts_v2_876898_00169.wav,spoof,hi-en,876898,xtts_v2,xtts_v2,clean,eval
C:\dfdata\generated\xtts_v2\outputs\xtts_v2_457295_01309.wav,spoof,hi-en,457295,xtts_v2,xtts_v2,clean,eval
C:\dfdata\generated\xtts_v2\outputs\xtts_v2_413057_00507.wav,spoof,hi-en,413057,xtts_v2,xtts_v2,clean,eval
C:\dfdata\generated\xtts_v2\outputs\xtts_v2_177570_03653.wav,spoof,hi-en,177570,xtts_v2,xtts_v2,clean,eval
C:\dfdata\generated\xtts_v2\outputs\xtts_v2_539226_02060.wav,spoof,hi-en,539226,xtts_v2,xtts_v2,clean,eval
C:\dfdata\generated\xtts_v2\outputs\xtts_v2_912184_00872.wav,spoof,hi-en,912184,xtts_v2,xtts_v2,clean,eval
C:\dfdata\generated\xtts_v2\outputs\xtts_v2_205240_02305.wav,spoof,hi-en,205240,xtts_v2,xtts_v2,clean,eval
C:\dfdata\generated\xtts_v2\outputs\xtts_v2_797767_01491.wav,spoof,hi-en,797767,xtts_v2,xtts_v2,clean,eval
C:\dfdata\generated\xtts_v2\outputs\xtts_v2_539226_02510.wav,spoof,hi-en,539226,xtts_v2,xtts_v2,clean,eval
C:\dfdata\generated\xtts_v2\outputs\xtts_v2_903756_02171.wav,spoof,hi-en,903756,xtts_v2,xtts_v2,clean,eval
C:\dfdata\generated\xtts_v2\outputs\xtts_v2_539226_03810.wav,spoof,hi-en,539226,xtts_v2,xtts_v2,clean,eval
C:\dfdata\generated\xtts_v2\outputs\xtts_v2_457295_01334.wav,spoof,hi-en,457295,xtts_v2,xtts_v2,clean,eval
C:\dfdata\generated\xtts_v2\outputs\xtts_v2_539226_01085.wav,spoof,hi-en,539226,xtts_v2,xtts_v2,clean,eval
C:\dfdata\generated\xtts_v2\outputs\xtts_v2_539354_02211.wav,spoof,hi-en,539354,xtts_v2,xtts_v2,clean,eval
C:\dfdata\generated\xtts_v2\outputs\xtts_v2_975912_00423.wav,spoof,hi-en,975912,xtts_v2,xtts_v2,clean,eval
C:\dfdata\generated\xtts_v2\outputs\xtts_v2_634568_00464.wav,spoof,hi-en,634568,xtts_v2,xtts_v2,clean,eval
C:\dfdata\generated\xtts_v2\outputs\xtts_v2_205240_01205.wav,spoof,hi-en,205240,xtts_v2,xtts_v2,clean,eval
C:\dfdata\generated\xtts_v2\outputs\xtts_v2_893273_03845.wav,spoof,hi-en,893273,xtts_v2,xtts_v2,clean,eval
C:\dfdata\generated\xtts_v2\outputs\xtts_v2_987461_00999.wav,spoof,hi-en,987461,xtts_v2,xtts_v2,clean,eval
C:\dfdata\generated\xtts_v2\outputs\xtts_v2_634568_03039.wav,spoof,hi-en,634568,xtts_v2,xtts_v2,clean,eval
C:\dfdata\generated\xtts_v2\outputs\xtts_v2_912184_03222.wav,spoof,hi-en,912184,xtts_v2,xtts_v2,clean,eval
C:\dfdata\generated\xtts_v2\outputs\xtts_v2_893273_01495.wav,spoof,hi-en,893273,xtts_v2,xtts_v2,clean,eval
C:\dfdata\generated\xtts_v2\outputs\xtts_v2_876898_03944.wav,spoof,hi-en,876898,xtts_v2,xtts_v2,clean,eval
C:\dfdata\generated\xtts_v2\outputs\xtts_v2_186783_03979.wav,spoof,hi-en,186783,xtts_v2,xtts_v2,clean,eval
C:\dfdata\generated\xtts_v2\outputs\xtts_v2_142970_01377.wav,spoof,hi-en,142970,xtts_v2,xtts_v2,clean,eval
C:\dfdata\generated\xtts_v2\outputs\xtts_v2_850754_01467.wav,spoof,hi-en,850754,xtts_v2,xtts_v2,clean,eval
C:\dfdata\generated\xtts_v2\outputs\xtts_v2_541304_01662.wav,spoof,hi-en,541304,xtts_v2,xtts_v2,clean,eval
C:\dfdata\generated\xtts_v2\outputs\xtts_v2_996368_00375.wav,spoof,hi-en,996368,xtts_v2,xtts_v2,clean,eval
C:\dfdata\generated\xtts_v2\outputs\xtts_v2_541304_01262.wav,spoof,hi-en,541304,xtts_v2,xtts_v2,clean,eval
C:\dfdata\generated\xtts_v2\outputs\xtts_v2_177570_03928.wav,spoof,hi-en,177570,xtts_v2,xtts_v2,clean,eval
C:\dfdata\generated\xtts_v2\outputs\xtts_v2_539354_02186.wav,spoof,hi-en,539354,xtts_v2,xtts_v2,clean,eval
C:\dfdata\generated\xtts_v2\outputs\xtts_v2_975912_01423.wav,spoof,hi-en,975912,xtts_v2,xtts_v2,clean,eval
C:\dfdata\generated\xtts_v2\outputs\xtts_v2_539354_00086.wav,spoof,hi-en,539354,xtts_v2,xtts_v2,clean,eval
C:\dfdata\generated\xtts_v2\outputs\xtts_v2_413057_00382.wav,spoof,hi-en,413057,xtts_v2,xtts_v2,clean,eval
C:\dfdata\generated\xtts_v2\outputs\xtts_v2_893273_00645.wav,spoof,hi-en,893273,xtts_v2,xtts_v2,clean,eval
C:\dfdata\generated\xtts_v2\outputs\xtts_v2_996368_02000.wav,spoof,hi-en,996368,xtts_v2,xtts_v2,clean,eval
C:\dfdata\generated\xtts_v2\outputs\xtts_v2_987461_00799.wav,spoof,hi-en,987461,xtts_v2,xtts_v2,clean,eval
C:\dfdata\generated\xtts_v2\outputs\xtts_v2_705494_01940.wav,spoof,hi-en,705494,xtts_v2,xtts_v2,clean,eval
C:\dfdata\generated\xtts_v2\outputs\xtts_v2_186783_03904.wav,spoof,hi-en,186783,xtts_v2,xtts_v2,clean,eval
C:\dfdata\generated\xtts_v2\outputs\xtts_v2_584991_01213.wav,spoof,hi-en,584991,xtts_v2,xtts_v2,clean,eval
C:\dfdata\generated\xtts_v2\outputs\xtts_v2_106718_02876.wav,spoof,hi-en,106718,xtts_v2,xtts_v2,clean,eval
C:\dfdata\generated\xtts_v2\outputs\xtts_v2_850754_02392.wav,spoof,hi-en,850754,xtts_v2,xtts_v2,clean,eval
C:\dfdata\generated\xtts_v2\outputs\xtts_v2_903756_00546.wav,spoof,hi-en,903756,xtts_v2,xtts_v2,clean,eval
C:\dfdata\generated\xtts_v2\outputs\xtts_v2_177570_01278.wav,spoof,hi-en,177570,xtts_v2,xtts_v2,clean,eval
C:\dfdata\generated\xtts_v2\outputs\xtts_v2_142970_01177.wav,spoof,hi-en,142970,xtts_v2,xtts_v2,clean,eval
C:\dfdata\generated\xtts_v2\outputs\xtts_v2_322882_02356.wav,spoof,hi-en,322882,xtts_v2,xtts_v2,clean,eval
C:\dfdata\generated\xtts_v2\outputs\xtts_v2_539354_00411.wav,spoof,hi-en,539354,xtts_v2,xtts_v2,clean,eval
C:\dfdata\generated\xtts_v2\outputs\xtts_v2_322882_03706.wav,spoof,hi-en,322882,xtts_v2,xtts_v2,clean,eval
C:\dfdata\generated\xtts_v2\outputs\xtts_v2_797767_03591.wav,spoof,hi-en,797767,xtts_v2,xtts_v2,clean,eval
C:\dfdata\generated\xtts_v2\outputs\xtts_v2_987461_02174.wav,spoof,hi-en,987461,xtts_v2,xtts_v2,clean,eval
C:\dfdata\generated\xtts_v2\outputs\xtts_v2_413057_03032.wav,spoof,hi-en,413057,xtts_v2,xtts_v2,clean,eval
C:\dfdata\generated\xtts_v2\outputs\xtts_v2_893273_00820.wav,spoof,hi-en,893273,xtts_v2,xtts_v2,clean,eval
C:\dfdata\generated\xtts_v2\outputs\xtts_v2_541304_02112.wav,spoof,hi-en,541304,xtts_v2,xtts_v2,clean,eval
C:\dfdata\generated\xtts_v2\outputs\xtts_v2_975912_03348.wav,spoof,hi-en,975912,xtts_v2,xtts_v2,clean,eval
C:\dfdata\generated\xtts_v2\outputs\xtts_v2_142970_02327.wav,spoof,hi-en,142970,xtts_v2,xtts_v2,clean,eval
C:\dfdata\generated\xtts_v2\outputs\xtts_v2_893273_00770.wav,spoof,hi-en,893273,xtts_v2,xtts_v2,clean,eval
C:\dfdata\generated\xtts_v2\outputs\xtts_v2_541304_01287.wav,spoof,hi-en,541304,xtts_v2,xtts_v2,clean,eval
C:\dfdata\generated\xtts_v2\outputs\xtts_v2_634568_02189.wav,spoof,hi-en,634568,xtts_v2,xtts_v2,clean,eval
C:\dfdata\generated\xtts_v2\outputs\xtts_v2_539354_02911.wav,spoof,hi-en,539354,xtts_v2,xtts_v2,clean,eval
C:\dfdata\generated\xtts_v2\outputs\xtts_v2_177570_03328.wav,spoof,hi-en,177570,xtts_v2,xtts_v2,clean,eval
C:\dfdata\generated\xtts_v2\outputs\xtts_v2_850754_01892.wav,spoof,hi-en,850754,xtts_v2,xtts_v2,clean,eval
C:\dfdata\generated\xtts_v2\outputs\xtts_v2_996368_00125.wav,spoof,hi-en,996368,xtts_v2,xtts_v2,clean,eval
C:\dfdata\generated\xtts_v2\outputs\xtts_v2_797767_02866.wav,spoof,hi-en,797767,xtts_v2,xtts_v2,clean,eval
C:\dfdata\generated\xtts_v2\outputs\xtts_v2_205240_02180.wav,spoof,hi-en,205240,xtts_v2,xtts_v2,clean,eval
C:\dfdata\generated\xtts_v2\outputs\xtts_v2_876898_00669.wav,spoof,hi-en,876898,xtts_v2,xtts_v2,clean,eval
C:\dfdata\generated\xtts_v2\outputs\xtts_v2_539226_01210.wav,spoof,hi-en,539226,xtts_v2,xtts_v2,clean,eval
C:\dfdata\generated\xtts_v2\outputs\xtts_v2_893273_00445.wav,spoof,hi-en,893273,xtts_v2,xtts_v2,clean,eval
C:\dfdata\generated\xtts_v2\outputs\xtts_v2_177570_02978.wav,spoof,hi-en,177570,xtts_v2,xtts_v2,clean,eval
C:\dfdata\generated\xtts_v2\outputs\xtts_v2_541304_02237.wav,spoof,hi-en,541304,xtts_v2,xtts_v2,clean,eval
C:\dfdata\generated\xtts_v2\outputs\xtts_v2_457295_00809.wav,spoof,hi-en,457295,xtts_v2,xtts_v2,clean,eval
C:\dfdata\generated\xtts_v2\outputs\xtts_v2_893273_00720.wav,spoof,hi-en,893273,xtts_v2,xtts_v2,clean,eval
C:\dfdata\generated\xtts_v2\outputs\xtts_v2_413057_03307.wav,spoof,hi-en,413057,xtts_v2,xtts_v2,clean,eval
C:\dfdata\generated\xtts_v2\outputs\xtts_v2_797767_02216.wav,spoof,hi-en,797767,xtts_v2,xtts_v2,clean,eval
C:\dfdata\generated\xtts_v2\outputs\xtts_v2_539354_02661.wav,spoof,hi-en,539354,xtts_v2,xtts_v2,clean,eval
C:\dfdata\generated\xtts_v2\outputs\xtts_v2_903756_00796.wav,spoof,hi-en,903756,xtts_v2,xtts_v2,clean,eval
C:\dfdata\generated\xtts_v2\outputs\xtts_v2_186783_00029.wav,spoof,hi-en,186783,xtts_v2,xtts_v2,clean,eval
C:\dfdata\generated\xtts_v2\outputs\xtts_v2_850754_03492.wav,spoof,hi-en,850754,xtts_v2,xtts_v2,clean,eval
C:\dfdata\generated\xtts_v2\outputs\xtts_v2_445718_01758.wav,spoof,hi-en,445718,xtts_v2,xtts_v2,clean,eval
C:\dfdata\generated\xtts_v2\outputs\xtts_v2_996368_00500.wav,spoof,hi-en,996368,xtts_v2,xtts_v2,clean,eval
C:\dfdata\generated\xtts_v2\outputs\xtts_v2_584991_01863.wav,spoof,hi-en,584991,xtts_v2,xtts_v2,clean,eval
C:\dfdata\generated\xtts_v2\outputs\xtts_v2_987461_01874.wav,spoof,hi-en,987461,xtts_v2,xtts_v2,clean,eval
C:\dfdata\generated\xtts_v2\outputs\xtts_v2_205240_01630.wav,spoof,hi-en,205240,xtts_v2,xtts_v2,clean,eval
C:\dfdata\generated\xtts_v2\outputs\xtts_v2_903756_02521.wav,spoof,hi-en,903756,xtts_v2,xtts_v2,clean,eval
C:\dfdata\generated\xtts_v2\outputs\xtts_v2_186783_02329.wav,spoof,hi-en,186783,xtts_v2,xtts_v2,clean,eval
C:\dfdata\generated\xtts_v2\outputs\xtts_v2_177570_02103.wav,spoof,hi-en,177570,xtts_v2,xtts_v2,clean,eval
C:\dfdata\generated\xtts_v2\outputs\xtts_v2_870582_02718.wav,spoof,hi-en,870582,xtts_v2,xtts_v2,clean,eval
C:\dfdata\generated\xtts_v2\outputs\xtts_v2_322882_01156.wav,spoof,hi-en,322882,xtts_v2,xtts_v2,clean,eval
C:\dfdata\generated\xtts_v2\outputs\xtts_v2_539354_02861.wav,spoof,hi-en,539354,xtts_v2,xtts_v2,clean,eval
C:\dfdata\generated\xtts_v2\outputs\xtts_v2_106718_03926.wav,spoof,hi-en,106718,xtts_v2,xtts_v2,clean,eval
C:\dfdata\generated\xtts_v2\outputs\xtts_v2_539226_02960.wav,spoof,hi-en,539226,xtts_v2,xtts_v2,clean,eval
C:\dfdata\generated\xtts_v2\outputs\xtts_v2_584991_01563.wav,spoof,hi-en,584991,xtts_v2,xtts_v2,clean,eval
C:\dfdata\generated\xtts_v2\outputs\xtts_v2_445718_02533.wav,spoof,hi-en,445718,xtts_v2,xtts_v2,clean,eval
C:\dfdata\generated\xtts_v2\outputs\xtts_v2_445718_02958.wav,spoof,hi-en,445718,xtts_v2,xtts_v2,clean,eval
C:\dfdata\generated\xtts_v2\outputs\xtts_v2_893273_02420.wav,spoof,hi-en,893273,xtts_v2,xtts_v2,clean,eval
C:\dfdata\generated\xtts_v2\outputs\xtts_v2_975912_01198.wav,spoof,hi-en,975912,xtts_v2,xtts_v2,clean,eval
C:\dfdata\generated\xtts_v2\outputs\xtts_v2_457295_01609.wav,spoof,hi-en,457295,xtts_v2,xtts_v2,clean,eval
C:\dfdata\generated\xtts_v2\outputs\xtts_v2_106718_02251.wav,spoof,hi-en,106718,xtts_v2,xtts_v2,clean,eval
C:\dfdata\generated\xtts_v2\outputs\xtts_v2_903756_00171.wav,spoof,hi-en,903756,xtts_v2,xtts_v2,clean,eval
C:\dfdata\generated\xtts_v2\outputs\xtts_v2_797767_03091.wav,spoof,hi-en,797767,xtts_v2,xtts_v2,clean,eval
C:\dfdata\generated\xtts_v2\outputs\xtts_v2_445718_00483.wav,spoof,hi-en,445718,xtts_v2,xtts_v2,clean,eval
C:\dfdata\generated\xtts_v2\outputs\xtts_v2_539226_02585.wav,spoof,hi-en,539226,xtts_v2,xtts_v2,clean,eval
C:\dfdata\generated\xtts_v2\outputs\xtts_v2_205240_03155.wav,spoof,hi-en,205240,xtts_v2,xtts_v2,clean,eval
C:\dfdata\generated\xtts_v2\outputs\xtts_v2_870582_01743.wav,spoof,hi-en,870582,xtts_v2,xtts_v2,clean,eval
C:\dfdata\generated\xtts_v2\outputs\xtts_v2_634568_00939.wav,spoof,hi-en,634568,xtts_v2,xtts_v2,clean,eval
C:\dfdata\generated\xtts_v2\outputs\xtts_v2_205240_02655.wav,spoof,hi-en,205240,xtts_v2,xtts_v2,clean,eval
C:\dfdata\generated\xtts_v2\outputs\xtts_v2_705494_00540.wav,spoof,hi-en,705494,xtts_v2,xtts_v2,clean,eval
C:\dfdata\generated\xtts_v2\outputs\xtts_v2_142970_01127.wav,spoof,hi-en,142970,xtts_v2,xtts_v2,clean,eval
C:\dfdata\generated\xtts_v2\outputs\xtts_v2_797767_00691.wav,spoof,hi-en,797767,xtts_v2,xtts_v2,clean,eval
C:\dfdata\generated\xtts_v2\outputs\xtts_v2_850754_02292.wav,spoof,hi-en,850754,xtts_v2,xtts_v2,clean,eval
C:\dfdata\generated\xtts_v2\outputs\xtts_v2_142970_03627.wav,spoof,hi-en,142970,xtts_v2,xtts_v2,clean,eval
C:\dfdata\generated\xtts_v2\outputs\xtts_v2_634568_00339.wav,spoof,hi-en,634568,xtts_v2,xtts_v2,clean,eval
C:\dfdata\generated\xtts_v2\outputs\xtts_v2_975912_01048.wav,spoof,hi-en,975912,xtts_v2,xtts_v2,clean,eval
C:\dfdata\generated\xtts_v2\outputs\xtts_v2_445718_00033.wav,spoof,hi-en,445718,xtts_v2,xtts_v2,clean,eval
C:\dfdata\generated\xtts_v2\outputs\xtts_v2_413057_01082.wav,spoof,hi-en,413057,xtts_v2,xtts_v2,clean,eval
C:\dfdata\generated\xtts_v2\outputs\xtts_v2_903756_02821.wav,spoof,hi-en,903756,xtts_v2,xtts_v2,clean,eval
C:\dfdata\generated\xtts_v2\outputs\xtts_v2_850754_00717.wav,spoof,hi-en,850754,xtts_v2,xtts_v2,clean,eval
C:\dfdata\generated\xtts_v2\outputs\xtts_v2_705494_01665.wav,spoof,hi-en,705494,xtts_v2,xtts_v2,clean,eval
C:\dfdata\generated\xtts_v2\outputs\xtts_v2_539226_00060.wav,spoof,hi-en,539226,xtts_v2,xtts_v2,clean,eval
C:\dfdata\generated\xtts_v2\outputs\xtts_v2_705494_02290.wav,spoof,hi-en,705494,xtts_v2,xtts_v2,clean,eval
C:\dfdata\generated\xtts_v2\outputs\xtts_v2_987461_00149.wav,spoof,hi-en,987461,xtts_v2,xtts_v2,clean,eval
C:\dfdata\generated\xtts_v2\outputs\xtts_v2_903756_01046.wav,spoof,hi-en,903756,xtts_v2,xtts_v2,clean,eval
C:\dfdata\generated\xtts_v2\outputs\xtts_v2_539354_02611.wav,spoof,hi-en,539354,xtts_v2,xtts_v2,clean,eval
C:\dfdata\generated\xtts_v2\outputs\xtts_v2_186783_02404.wav,spoof,hi-en,186783,xtts_v2,xtts_v2,clean,eval
C:\dfdata\generated\xtts_v2\outputs\xtts_v2_186783_02554.wav,spoof,hi-en,186783,xtts_v2,xtts_v2,clean,eval
C:\dfdata\generated\xtts_v2\outputs\xtts_v2_912184_01422.wav,spoof,hi-en,912184,xtts_v2,xtts_v2,clean,eval
C:\dfdata\generated\xtts_v2\outputs\xtts_v2_205240_02405.wav,spoof,hi-en,205240,xtts_v2,xtts_v2,clean,eval
C:\dfdata\generated\xtts_v2\outputs\xtts_v2_413057_02457.wav,spoof,hi-en,413057,xtts_v2,xtts_v2,clean,eval
C:\dfdata\generated\xtts_v2\outputs\xtts_v2_850754_03717.wav,spoof,hi-en,850754,xtts_v2,xtts_v2,clean,eval
C:\dfdata\generated\xtts_v2\outputs\xtts_v2_106718_01776.wav,spoof,hi-en,106718,xtts_v2,xtts_v2,clean,eval
C:\dfdata\generated\xtts_v2\outputs\xtts_v2_797767_02416.wav,spoof,hi-en,797767,xtts_v2,xtts_v2,clean,eval
C:\dfdata\generated\xtts_v2\outputs\xtts_v2_205240_00855.wav,spoof,hi-en,205240,xtts_v2,xtts_v2,clean,eval
C:\dfdata\generated\xtts_v2\outputs\xtts_v2_870582_02993.wav,spoof,hi-en,870582,xtts_v2,xtts_v2,clean,eval
C:\dfdata\generated\xtts_v2\outputs\xtts_v2_876898_03219.wav,spoof,hi-en,876898,xtts_v2,xtts_v2,clean,eval
C:\dfdata\generated\xtts_v2\outputs\xtts_v2_186783_02229.wav,spoof,hi-en,186783,xtts_v2,xtts_v2,clean,eval
C:\dfdata\generated\xtts_v2\outputs\xtts_v2_584991_00788.wav,spoof,hi-en,584991,xtts_v2,xtts_v2,clean,eval
C:\dfdata\generated\xtts_v2\outputs\xtts_v2_797767_01741.wav,spoof,hi-en,797767,xtts_v2,xtts_v2,clean,eval
C:\dfdata\generated\xtts_v2\outputs\xtts_v2_876898_02144.wav,spoof,hi-en,876898,xtts_v2,xtts_v2,clean,eval
C:\dfdata\generated\xtts_v2\outputs\xtts_v2_142970_03652.wav,spoof,hi-en,142970,xtts_v2,xtts_v2,clean,eval
C:\dfdata\generated\xtts_v2\outputs\xtts_v2_457295_01159.wav,spoof,hi-en,457295,xtts_v2,xtts_v2,clean,eval
C:\dfdata\generated\xtts_v2\outputs\xtts_v2_142970_03852.wav,spoof,hi-en,142970,xtts_v2,xtts_v2,clean,eval
C:\dfdata\generated\xtts_v2\outputs\xtts_v2_893273_03145.wav,spoof,hi-en,893273,xtts_v2,xtts_v2,clean,eval
C:\dfdata\generated\xtts_v2\outputs\xtts_v2_996368_00250.wav,spoof,hi-en,996368,xtts_v2,xtts_v2,clean,eval
C:\dfdata\generated\xtts_v2\outputs\xtts_v2_539226_02210.wav,spoof,hi-en,539226,xtts_v2,xtts_v2,clean,eval
C:\dfdata\generated\xtts_v2\outputs\xtts_v2_106718_02726.wav,spoof,hi-en,106718,xtts_v2,xtts_v2,clean,eval
C:\dfdata\generated\xtts_v2\outputs\xtts_v2_457295_00309.wav,spoof,hi-en,457295,xtts_v2,xtts_v2,clean,eval
C:\dfdata\generated\xtts_v2\outputs\xtts_v2_987461_01624.wav,spoof,hi-en,987461,xtts_v2,xtts_v2,clean,eval
C:\dfdata\generated\xtts_v2\outputs\xtts_v2_584991_00038.wav,spoof,hi-en,584991,xtts_v2,xtts_v2,clean,eval
C:\dfdata\generated\xtts_v2\outputs\xtts_v2_912184_03372.wav,spoof,hi-en,912184,xtts_v2,xtts_v2,clean,eval
C:\dfdata\generated\xtts_v2\outputs\xtts_v2_912184_03397.wav,spoof,hi-en,912184,xtts_v2,xtts_v2,clean,eval
C:\dfdata\generated\xtts_v2\outputs\xtts_v2_634568_01189.wav,spoof,hi-en,634568,xtts_v2,xtts_v2,clean,eval
C:\dfdata\generated\xtts_v2\outputs\xtts_v2_205240_00580.wav,spoof,hi-en,205240,xtts_v2,xtts_v2,clean,eval
C:\dfdata\generated\xtts_v2\outputs\xtts_v2_893273_03770.wav,spoof,hi-en,893273,xtts_v2,xtts_v2,clean,eval
C:\dfdata\generated\xtts_v2\outputs\xtts_v2_705494_03990.wav,spoof,hi-en,705494,xtts_v2,xtts_v2,clean,eval
C:\dfdata\generated\xtts_v2\outputs\xtts_v2_850754_02692.wav,spoof,hi-en,850754,xtts_v2,xtts_v2,clean,eval
C:\dfdata\generated\xtts_v2\outputs\xtts_v2_987461_01799.wav,spoof,hi-en,987461,xtts_v2,xtts_v2,clean,eval
C:\dfdata\generated\xtts_v2\outputs\xtts_v2_876898_02069.wav,spoof,hi-en,876898,xtts_v2,xtts_v2,clean,eval
C:\dfdata\generated\xtts_v2\outputs\xtts_v2_903756_01471.wav,spoof,hi-en,903756,xtts_v2,xtts_v2,clean,eval
C:\dfdata\generated\xtts_v2\outputs\xtts_v2_106718_01851.wav,spoof,hi-en,106718,xtts_v2,xtts_v2,clean,eval
C:\dfdata\generated\xtts_v2\outputs\xtts_v2_893273_02320.wav,spoof,hi-en,893273,xtts_v2,xtts_v2,clean,eval
C:\dfdata\generated\xtts_v2\outputs\xtts_v2_106718_01926.wav,spoof,hi-en,106718,xtts_v2,xtts_v2,clean,eval
C:\dfdata\generated\xtts_v2\outputs\xtts_v2_106718_02051.wav,spoof,hi-en,106718,xtts_v2,xtts_v2,clean,eval
C:\dfdata\generated\xtts_v2\outputs\xtts_v2_445718_00508.wav,spoof,hi-en,445718,xtts_v2,xtts_v2,clean,eval
C:\dfdata\generated\xtts_v2\outputs\xtts_v2_413057_02882.wav,spoof,hi-en,413057,xtts_v2,xtts_v2,clean,eval
C:\dfdata\generated\xtts_v2\outputs\xtts_v2_987461_02349.wav,spoof,hi-en,987461,xtts_v2,xtts_v2,clean,eval
C:\dfdata\generated\xtts_v2\outputs\xtts_v2_870582_01693.wav,spoof,hi-en,870582,xtts_v2,xtts_v2,clean,eval
C:\dfdata\generated\xtts_v2\outputs\xtts_v2_106718_03201.wav,spoof,hi-en,106718,xtts_v2,xtts_v2,clean,eval
C:\dfdata\generated\xtts_v2\outputs\xtts_v2_584991_01338.wav,spoof,hi-en,584991,xtts_v2,xtts_v2,clean,eval
C:\dfdata\generated\xtts_v2\outputs\xtts_v2_186783_02154.wav,spoof,hi-en,186783,xtts_v2,xtts_v2,clean,eval
C:\dfdata\generated\xtts_v2\outputs\xtts_v2_106718_01176.wav,spoof,hi-en,106718,xtts_v2,xtts_v2,clean,eval
C:\dfdata\generated\xtts_v2\outputs\xtts_v2_584991_03588.wav,spoof,hi-en,584991,xtts_v2,xtts_v2,clean,eval
C:\dfdata\generated\xtts_v2\outputs\xtts_v2_445718_03333.wav,spoof,hi-en,445718,xtts_v2,xtts_v2,clean,eval
C:\dfdata\generated\xtts_v2\outputs\xtts_v2_106718_00926.wav,spoof,hi-en,106718,xtts_v2,xtts_v2,clean,eval
C:\dfdata\generated\xtts_v2\outputs\xtts_v2_912184_01697.wav,spoof,hi-en,912184,xtts_v2,xtts_v2,clean,eval
C:\dfdata\generated\xtts_v2\outputs\xtts_v2_186783_02104.wav,spoof,hi-en,186783,xtts_v2,xtts_v2,clean,eval
C:\dfdata\generated\xtts_v2\outputs\xtts_v2_539226_00710.wav,spoof,hi-en,539226,xtts_v2,xtts_v2,clean,eval
C:\dfdata\generated\xtts_v2\outputs\xtts_v2_322882_01331.wav,spoof,hi-en,322882,xtts_v2,xtts_v2,clean,eval
C:\dfdata\generated\xtts_v2\outputs\xtts_v2_106718_01676.wav,spoof,hi-en,106718,xtts_v2,xtts_v2,clean,eval
C:\dfdata\generated\xtts_v2\outputs\xtts_v2_413057_01232.wav,spoof,hi-en,413057,xtts_v2,xtts_v2,clean,eval
C:\dfdata\generated\xtts_v2\outputs\xtts_v2_177570_01478.wav,spoof,hi-en,177570,xtts_v2,xtts_v2,clean,eval
C:\dfdata\generated\xtts_v2\outputs\xtts_v2_850754_01967.wav,spoof,hi-en,850754,xtts_v2,xtts_v2,clean,eval
C:\dfdata\generated\xtts_v2\outputs\xtts_v2_705494_02965.wav,spoof,hi-en,705494,xtts_v2,xtts_v2,clean,eval
C:\dfdata\generated\xtts_v2\outputs\xtts_v2_893273_00020.wav,spoof,hi-en,893273,xtts_v2,xtts_v2,clean,eval
C:\dfdata\generated\xtts_v2\outputs\xtts_v2_106718_00001.wav,spoof,hi-en,106718,xtts_v2,xtts_v2,clean,eval
C:\dfdata\generated\xtts_v2\outputs\xtts_v2_177570_00828.wav,spoof,hi-en,177570,xtts_v2,xtts_v2,clean,eval
C:\dfdata\generated\xtts_v2\outputs\xtts_v2_142970_03752.wav,spoof,hi-en,142970,xtts_v2,xtts_v2,clean,eval
C:\dfdata\generated\xtts_v2\outputs\xtts_v2_539354_03286.wav,spoof,hi-en,539354,xtts_v2,xtts_v2,clean,eval
C:\dfdata\generated\xtts_v2\outputs\xtts_v2_705494_00415.wav,spoof,hi-en,705494,xtts_v2,xtts_v2,clean,eval
C:\dfdata\generated\xtts_v2\outputs\xtts_v2_987461_00074.wav,spoof,hi-en,987461,xtts_v2,xtts_v2,clean,eval
C:\dfdata\generated\xtts_v2\outputs\xtts_v2_797767_01416.wav,spoof,hi-en,797767,xtts_v2,xtts_v2,clean,eval
C:\dfdata\generated\xtts_v2\outputs\xtts_v2_186783_00229.wav,spoof,hi-en,186783,xtts_v2,xtts_v2,clean,eval
C:\dfdata\generated\xtts_v2\outputs\xtts_v2_797767_03116.wav,spoof,hi-en,797767,xtts_v2,xtts_v2,clean,eval
C:\dfdata\generated\xtts_v2\outputs\xtts_v2_912184_00547.wav,spoof,hi-en,912184,xtts_v2,xtts_v2,clean,eval
C:\dfdata\generated\xtts_v2\outputs\xtts_v2_142970_01727.wav,spoof,hi-en,142970,xtts_v2,xtts_v2,clean,eval
C:\dfdata\generated\xtts_v2\outputs\xtts_v2_541304_01512.wav,spoof,hi-en,541304,xtts_v2,xtts_v2,clean,eval
C:\dfdata\generated\xtts_v2\outputs\xtts_v2_541304_00962.wav,spoof,hi-en,541304,xtts_v2,xtts_v2,clean,eval
C:\dfdata\generated\xtts_v2\outputs\xtts_v2_539226_00235.wav,spoof,hi-en,539226,xtts_v2,xtts_v2,clean,eval
C:\dfdata\generated\xtts_v2\outputs\xtts_v2_541304_00787.wav,spoof,hi-en,541304,xtts_v2,xtts_v2,clean,eval
C:\dfdata\generated\xtts_v2\outputs\xtts_v2_987461_02424.wav,spoof,hi-en,987461,xtts_v2,xtts_v2,clean,eval
C:\dfdata\generated\xtts_v2\outputs\xtts_v2_457295_03109.wav,spoof,hi-en,457295,xtts_v2,xtts_v2,clean,eval
C:\dfdata\generated\xtts_v2\outputs\xtts_v2_177570_03803.wav,spoof,hi-en,177570,xtts_v2,xtts_v2,clean,eval
C:\dfdata\generated\xtts_v2\outputs\xtts_v2_445718_03883.wav,spoof,hi-en,445718,xtts_v2,xtts_v2,clean,eval
C:\dfdata\generated\xtts_v2\outputs\xtts_v2_539354_02236.wav,spoof,hi-en,539354,xtts_v2,xtts_v2,clean,eval
C:\dfdata\generated\xtts_v2\outputs\xtts_v2_705494_01515.wav,spoof,hi-en,705494,xtts_v2,xtts_v2,clean,eval
C:\dfdata\generated\xtts_v2\outputs\xtts_v2_142970_02827.wav,spoof,hi-en,142970,xtts_v2,xtts_v2,clean,eval
C:\dfdata\generated\xtts_v2\outputs\xtts_v2_186783_03554.wav,spoof,hi-en,186783,xtts_v2,xtts_v2,clean,eval
C:\dfdata\generated\xtts_v2\outputs\xtts_v2_705494_03215.wav,spoof,hi-en,705494,xtts_v2,xtts_v2,clean,eval
C:\dfdata\generated\xtts_v2\outputs\xtts_v2_322882_03031.wav,spoof,hi-en,322882,xtts_v2,xtts_v2,clean,eval
C:\dfdata\generated\xtts_v2\outputs\xtts_v2_142970_01252.wav,spoof,hi-en,142970,xtts_v2,xtts_v2,clean,eval
C:\dfdata\generated\xtts_v2\outputs\xtts_v2_870582_00668.wav,spoof,hi-en,870582,xtts_v2,xtts_v2,clean,eval
C:\dfdata\generated\xtts_v2\outputs\xtts_v2_457295_01409.wav,spoof,hi-en,457295,xtts_v2,xtts_v2,clean,eval
C:\dfdata\generated\xtts_v2\outputs\xtts_v2_539354_03186.wav,spoof,hi-en,539354,xtts_v2,xtts_v2,clean,eval
C:\dfdata\generated\xtts_v2\outputs\xtts_v2_870582_02093.wav,spoof,hi-en,870582,xtts_v2,xtts_v2,clean,eval
C:\dfdata\generated\xtts_v2\outputs\xtts_v2_322882_00331.wav,spoof,hi-en,322882,xtts_v2,xtts_v2,clean,eval
C:\dfdata\generated\xtts_v2\outputs\xtts_v2_634568_02639.wav,spoof,hi-en,634568,xtts_v2,xtts_v2,clean,eval
C:\dfdata\generated\xtts_v2\outputs\xtts_v2_106718_03776.wav,spoof,hi-en,106718,xtts_v2,xtts_v2,clean,eval
C:\dfdata\generated\xtts_v2\outputs\xtts_v2_705494_01065.wav,spoof,hi-en,705494,xtts_v2,xtts_v2,clean,eval
C:\dfdata\generated\xtts_v2\outputs\xtts_v2_445718_03383.wav,spoof,hi-en,445718,xtts_v2,xtts_v2,clean,eval
C:\dfdata\generated\xtts_v2\outputs\xtts_v2_912184_01597.wav,spoof,hi-en,912184,xtts_v2,xtts_v2,clean,eval
C:\dfdata\generated\xtts_v2\outputs\xtts_v2_205240_00805.wav,spoof,hi-en,205240,xtts_v2,xtts_v2,clean,eval
C:\dfdata\generated\xtts_v2\outputs\xtts_v2_445718_02908.wav,spoof,hi-en,445718,xtts_v2,xtts_v2,clean,eval
C:\dfdata\generated\xtts_v2\outputs\xtts_v2_893273_00920.wav,spoof,hi-en,893273,xtts_v2,xtts_v2,clean,eval
C:\dfdata\generated\xtts_v2\outputs\xtts_v2_876898_00919.wav,spoof,hi-en,876898,xtts_v2,xtts_v2,clean,eval
C:\dfdata\generated\xtts_v2\outputs\xtts_v2_903756_02046.wav,spoof,hi-en,903756,xtts_v2,xtts_v2,clean,eval
C:\dfdata\generated\xtts_v2\outputs\xtts_v2_142970_03127.wav,spoof,hi-en,142970,xtts_v2,xtts_v2,clean,eval
C:\dfdata\generated\xtts_v2\outputs\xtts_v2_975912_01548.wav,spoof,hi-en,975912,xtts_v2,xtts_v2,clean,eval
C:\dfdata\generated\xtts_v2\outputs\xtts_v2_322882_00156.wav,spoof,hi-en,322882,xtts_v2,xtts_v2,clean,eval
C:\dfdata\generated\xtts_v2\outputs\xtts_v2_186783_01329.wav,spoof,hi-en,186783,xtts_v2,xtts_v2,clean,eval
C:\dfdata\generated\xtts_v2\outputs\xtts_v2_205240_01430.wav,spoof,hi-en,205240,xtts_v2,xtts_v2,clean,eval
C:\dfdata\generated\xtts_v2\outputs\xtts_v2_584991_02263.wav,spoof,hi-en,584991,xtts_v2,xtts_v2,clean,eval
C:\dfdata\generated\xtts_v2\outputs\xtts_v2_912184_03097.wav,spoof,hi-en,912184,xtts_v2,xtts_v2,clean,eval
C:\dfdata\generated\xtts_v2\outputs\xtts_v2_322882_01931.wav,spoof,hi-en,322882,xtts_v2,xtts_v2,clean,eval
C:\dfdata\generated\xtts_v2\outputs\xtts_v2_876898_03919.wav,spoof,hi-en,876898,xtts_v2,xtts_v2,clean,eval
C:\dfdata\generated\xtts_v2\outputs\xtts_v2_445718_03683.wav,spoof,hi-en,445718,xtts_v2,xtts_v2,clean,eval
C:\dfdata\generated\xtts_v2\outputs\xtts_v2_539226_00985.wav,spoof,hi-en,539226,xtts_v2,xtts_v2,clean,eval
C:\dfdata\generated\xtts_v2\outputs\xtts_v2_541304_03612.wav,spoof,hi-en,541304,xtts_v2,xtts_v2,clean,eval
C:\dfdata\generated\xtts_v2\outputs\xtts_v2_975912_00323.wav,spoof,hi-en,975912,xtts_v2,xtts_v2,clean,eval
C:\dfdata\generated\xtts_v2\outputs\xtts_v2_634568_01439.wav,spoof,hi-en,634568,xtts_v2,xtts_v2,clean,eval
C:\dfdata\generated\xtts_v2\outputs\xtts_v2_106718_03076.wav,spoof,hi-en,106718,xtts_v2,xtts_v2,clean,eval
C:\dfdata\generated\xtts_v2\outputs\xtts_v2_186783_02579.wav,spoof,hi-en,186783,xtts_v2,xtts_v2,clean,eval
C:\dfdata\generated\xtts_v2\outputs\xtts_v2_634568_02464.wav,spoof,hi-en,634568,xtts_v2,xtts_v2,clean,eval
C:\dfdata\generated\xtts_v2\outputs\xtts_v2_850754_02317.wav,spoof,hi-en,850754,xtts_v2,xtts_v2,clean,eval
C:\dfdata\generated\xtts_v2\outputs\xtts_v2_975912_03898.wav,spoof,hi-en,975912,xtts_v2,xtts_v2,clean,eval
C:\dfdata\generated\xtts_v2\outputs\xtts_v2_177570_02928.wav,spoof,hi-en,177570,xtts_v2,xtts_v2,clean,eval
C:\dfdata\generated\xtts_v2\outputs\xtts_v2_850754_03267.wav,spoof,hi-en,850754,xtts_v2,xtts_v2,clean,eval
C:\dfdata\generated\xtts_v2\outputs\xtts_v2_541304_02412.wav,spoof,hi-en,541304,xtts_v2,xtts_v2,clean,eval
C:\dfdata\generated\xtts_v2\outputs\xtts_v2_541304_00837.wav,spoof,hi-en,541304,xtts_v2,xtts_v2,clean,eval
C:\dfdata\generated\xtts_v2\outputs\xtts_v2_634568_02989.wav,spoof,hi-en,634568,xtts_v2,xtts_v2,clean,eval
C:\dfdata\generated\xtts_v2\outputs\xtts_v2_205240_01680.wav,spoof,hi-en,205240,xtts_v2,xtts_v2,clean,eval
C:\dfdata\generated\xtts_v2\outputs\xtts_v2_142970_03102.wav,spoof,hi-en,142970,xtts_v2,xtts_v2,clean,eval
C:\dfdata\generated\xtts_v2\outputs\xtts_v2_322882_00206.wav,spoof,hi-en,322882,xtts_v2,xtts_v2,clean,eval
C:\dfdata\generated\xtts_v2\outputs\xtts_v2_205240_01705.wav,spoof,hi-en,205240,xtts_v2,xtts_v2,clean,eval
C:\dfdata\generated\xtts_v2\outputs\xtts_v2_996368_03750.wav,spoof,hi-en,996368,xtts_v2,xtts_v2,clean,eval
C:\dfdata\generated\xtts_v2\outputs\xtts_v2_541304_03012.wav,spoof,hi-en,541304,xtts_v2,xtts_v2,clean,eval
C:\dfdata\generated\xtts_v2\outputs\xtts_v2_850754_00992.wav,spoof,hi-en,850754,xtts_v2,xtts_v2,clean,eval
C:\dfdata\generated\xtts_v2\outputs\xtts_v2_186783_01129.wav,spoof,hi-en,186783,xtts_v2,xtts_v2,clean,eval
C:\dfdata\generated\xtts_v2\outputs\xtts_v2_903756_01371.wav,spoof,hi-en,903756,xtts_v2,xtts_v2,clean,eval
C:\dfdata\generated\xtts_v2\outputs\xtts_v2_975912_03723.wav,spoof,hi-en,975912,xtts_v2,xtts_v2,clean,eval
C:\dfdata\generated\xtts_v2\outputs\xtts_v2_705494_03565.wav,spoof,hi-en,705494,xtts_v2,xtts_v2,clean,eval
C:\dfdata\generated\xtts_v2\outputs\xtts_v2_539226_03735.wav,spoof,hi-en,539226,xtts_v2,xtts_v2,clean,eval
C:\dfdata\generated\xtts_v2\outputs\xtts_v2_987461_00174.wav,spoof,hi-en,987461,xtts_v2,xtts_v2,clean,eval
C:\dfdata\generated\xtts_v2\outputs\xtts_v2_205240_03605.wav,spoof,hi-en,205240,xtts_v2,xtts_v2,clean,eval
C:\dfdata\generated\xtts_v2\outputs\xtts_v2_975912_00623.wav,spoof,hi-en,975912,xtts_v2,xtts_v2,clean,eval
C:\dfdata\generated\xtts_v2\outputs\xtts_v2_205240_03705.wav,spoof,hi-en,205240,xtts_v2,xtts_v2,clean,eval
C:\dfdata\generated\xtts_v2\outputs\xtts_v2_445718_00833.wav,spoof,hi-en,445718,xtts_v2,xtts_v2,clean,eval
C:\dfdata\generated\xtts_v2\outputs\xtts_v2_797767_03566.wav,spoof,hi-en,797767,xtts_v2,xtts_v2,clean,eval
C:\dfdata\generated\xtts_v2\outputs\xtts_v2_177570_01103.wav,spoof,hi-en,177570,xtts_v2,xtts_v2,clean,eval
C:\dfdata\generated\xtts_v2\outputs\xtts_v2_413057_01557.wav,spoof,hi-en,413057,xtts_v2,xtts_v2,clean,eval
C:\dfdata\generated\xtts_v2\outputs\xtts_v2_413057_01407.wav,spoof,hi-en,413057,xtts_v2,xtts_v2,clean,eval
C:\dfdata\generated\xtts_v2\outputs\xtts_v2_142970_01502.wav,spoof,hi-en,142970,xtts_v2,xtts_v2,clean,eval
C:\dfdata\generated\xtts_v2\outputs\xtts_v2_987461_02049.wav,spoof,hi-en,987461,xtts_v2,xtts_v2,clean,eval
C:\dfdata\generated\xtts_v2\outputs\xtts_v2_850754_02817.wav,spoof,hi-en,850754,xtts_v2,xtts_v2,clean,eval
C:\dfdata\generated\xtts_v2\outputs\xtts_v2_457295_02059.wav,spoof,hi-en,457295,xtts_v2,xtts_v2,clean,eval
C:\dfdata\generated\xtts_v2\outputs\xtts_v2_893273_01370.wav,spoof,hi-en,893273,xtts_v2,xtts_v2,clean,eval
C:\dfdata\generated\xtts_v2\outputs\xtts_v2_996368_02025.wav,spoof,hi-en,996368,xtts_v2,xtts_v2,clean,eval
C:\dfdata\generated\xtts_v2\outputs\xtts_v2_541304_00012.wav,spoof,hi-en,541304,xtts_v2,xtts_v2,clean,eval
C:\dfdata\generated\xtts_v2\outputs\xtts_v2_705494_03240.wav,spoof,hi-en,705494,xtts_v2,xtts_v2,clean,eval
C:\dfdata\generated\xtts_v2\outputs\xtts_v2_177570_00078.wav,spoof,hi-en,177570,xtts_v2,xtts_v2,clean,eval
C:\dfdata\generated\xtts_v2\outputs\xtts_v2_893273_03170.wav,spoof,hi-en,893273,xtts_v2,xtts_v2,clean,eval
C:\dfdata\generated\xtts_v2\outputs\xtts_v2_870582_02143.wav,spoof,hi-en,870582,xtts_v2,xtts_v2,clean,eval
C:\dfdata\generated\xtts_v2\outputs\xtts_v2_912184_01797.wav,spoof,hi-en,912184,xtts_v2,xtts_v2,clean,eval
C:\dfdata\generated\xtts_v2\outputs\xtts_v2_322882_03406.wav,spoof,hi-en,322882,xtts_v2,xtts_v2,clean,eval
C:\dfdata\generated\xtts_v2\outputs\xtts_v2_987461_00874.wav,spoof,hi-en,987461,xtts_v2,xtts_v2,clean,eval
C:\dfdata\generated\xtts_v2\outputs\xtts_v2_177570_02203.wav,spoof,hi-en,177570,xtts_v2,xtts_v2,clean,eval
C:\dfdata\generated\xtts_v2\outputs\xtts_v2_975912_03573.wav,spoof,hi-en,975912,xtts_v2,xtts_v2,clean,eval
C:\dfdata\generated\xtts_v2\outputs\xtts_v2_912184_00947.wav,spoof,hi-en,912184,xtts_v2,xtts_v2,clean,eval
C:\dfdata\generated\xtts_v2\outputs\xtts_v2_322882_02981.wav,spoof,hi-en,322882,xtts_v2,xtts_v2,clean,eval
C:\dfdata\generated\xtts_v2\outputs\xtts_v2_975912_01898.wav,spoof,hi-en,975912,xtts_v2,xtts_v2,clean,eval
C:\dfdata\generated\xtts_v2\outputs\xtts_v2_584991_01513.wav,spoof,hi-en,584991,xtts_v2,xtts_v2,clean,eval
C:\dfdata\generated\xtts_v2\outputs\xtts_v2_541304_02187.wav,spoof,hi-en,541304,xtts_v2,xtts_v2,clean,eval
C:\dfdata\generated\xtts_v2\outputs\xtts_v2_177570_00228.wav,spoof,hi-en,177570,xtts_v2,xtts_v2,clean,eval
C:\dfdata\generated\xtts_v2\outputs\xtts_v2_539354_00836.wav,spoof,hi-en,539354,xtts_v2,xtts_v2,clean,eval
C:\dfdata\generated\xtts_v2\outputs\xtts_v2_893273_00895.wav,spoof,hi-en,893273,xtts_v2,xtts_v2,clean,eval
C:\dfdata\generated\xtts_v2\outputs\xtts_v2_987461_01124.wav,spoof,hi-en,987461,xtts_v2,xtts_v2,clean,eval
C:\dfdata\generated\xtts_v2\outputs\xtts_v2_705494_03790.wav,spoof,hi-en,705494,xtts_v2,xtts_v2,clean,eval
C:\dfdata\generated\xtts_v2\outputs\xtts_v2_705494_03165.wav,spoof,hi-en,705494,xtts_v2,xtts_v2,clean,eval
C:\dfdata\generated\xtts_v2\outputs\xtts_v2_876898_01144.wav,spoof,hi-en,876898,xtts_v2,xtts_v2,clean,eval
C:\dfdata\generated\xtts_v2\outputs\xtts_v2_142970_01102.wav,spoof,hi-en,142970,xtts_v2,xtts_v2,clean,eval
C:\dfdata\generated\xtts_v2\outputs\xtts_v2_870582_02818.wav,spoof,hi-en,870582,xtts_v2,xtts_v2,clean,eval
C:\dfdata\generated\xtts_v2\outputs\xtts_v2_850754_01417.wav,spoof,hi-en,850754,xtts_v2,xtts_v2,clean,eval
C:\dfdata\generated\xtts_v2\outputs\xtts_v2_322882_00356.wav,spoof,hi-en,322882,xtts_v2,xtts_v2,clean,eval
C:\dfdata\generated\xtts_v2\outputs\xtts_v2_634568_03189.wav,spoof,hi-en,634568,xtts_v2,xtts_v2,clean,eval
C:\dfdata\generated\xtts_v2\outputs\xtts_v2_903756_01596.wav,spoof,hi-en,903756,xtts_v2,xtts_v2,clean,eval
C:\dfdata\generated\xtts_v2\outputs\xtts_v2_870582_02018.wav,spoof,hi-en,870582,xtts_v2,xtts_v2,clean,eval
C:\dfdata\generated\xtts_v2\outputs\xtts_v2_975912_00523.wav,spoof,hi-en,975912,xtts_v2,xtts_v2,clean,eval
C:\dfdata\generated\xtts_v2\outputs\xtts_v2_987461_03624.wav,spoof,hi-en,987461,xtts_v2,xtts_v2,clean,eval
C:\dfdata\generated\xtts_v2\outputs\xtts_v2_584991_02613.wav,spoof,hi-en,584991,xtts_v2,xtts_v2,clean,eval
C:\dfdata\generated\xtts_v2\outputs\xtts_v2_322882_00906.wav,spoof,hi-en,322882,xtts_v2,xtts_v2,clean,eval
C:\dfdata\generated\xtts_v2\outputs\xtts_v2_996368_02850.wav,spoof,hi-en,996368,xtts_v2,xtts_v2,clean,eval
C:\dfdata\generated\xtts_v2\outputs\xtts_v2_705494_01540.wav,spoof,hi-en,705494,xtts_v2,xtts_v2,clean,eval
C:\dfdata\generated\xtts_v2\outputs\xtts_v2_975912_02223.wav,spoof,hi-en,975912,xtts_v2,xtts_v2,clean,eval
C:\dfdata\generated\xtts_v2\outputs\xtts_v2_584991_01638.wav,spoof,hi-en,584991,xtts_v2,xtts_v2,clean,eval
C:\dfdata\generated\xtts_v2\outputs\xtts_v2_413057_00257.wav,spoof,hi-en,413057,xtts_v2,xtts_v2,clean,eval
C:\dfdata\generated\xtts_v2\outputs\xtts_v2_876898_03994.wav,spoof,hi-en,876898,xtts_v2,xtts_v2,clean,eval
C:\dfdata\generated\xtts_v2\outputs\xtts_v2_975912_00048.wav,spoof,hi-en,975912,xtts_v2,xtts_v2,clean,eval
C:\dfdata\generated\xtts_v2\outputs\xtts_v2_142970_01052.wav,spoof,hi-en,142970,xtts_v2,xtts_v2,clean,eval
C:\dfdata\generated\xtts_v2\outputs\xtts_v2_539354_01036.wav,spoof,hi-en,539354,xtts_v2,xtts_v2,clean,eval
C:\dfdata\generated\xtts_v2\outputs\xtts_v2_584991_02063.wav,spoof,hi-en,584991,xtts_v2,xtts_v2,clean,eval
C:\dfdata\generated\xtts_v2\outputs\xtts_v2_539354_02011.wav,spoof,hi-en,539354,xtts_v2,xtts_v2,clean,eval
C:\dfdata\generated\xtts_v2\outputs\xtts_v2_457295_03809.wav,spoof,hi-en,457295,xtts_v2,xtts_v2,clean,eval
C:\dfdata\generated\xtts_v2\outputs\xtts_v2_912184_01722.wav,spoof,hi-en,912184,xtts_v2,xtts_v2,clean,eval
C:\dfdata\generated\xtts_v2\outputs\xtts_v2_177570_01953.wav,spoof,hi-en,177570,xtts_v2,xtts_v2,clean,eval
C:\dfdata\generated\xtts_v2\outputs\xtts_v2_634568_00014.wav,spoof,hi-en,634568,xtts_v2,xtts_v2,clean,eval
C:\dfdata\generated\xtts_v2\outputs\xtts_v2_541304_01012.wav,spoof,hi-en,541304,xtts_v2,xtts_v2,clean,eval
C:\dfdata\generated\xtts_v2\outputs\xtts_v2_539354_01436.wav,spoof,hi-en,539354,xtts_v2,xtts_v2,clean,eval
C:\dfdata\generated\xtts_v2\outputs\xtts_v2_987461_02599.wav,spoof,hi-en,987461,xtts_v2,xtts_v2,clean,eval
C:\dfdata\generated\xtts_v2\outputs\xtts_v2_445718_02008.wav,spoof,hi-en,445718,xtts_v2,xtts_v2,clean,eval
C:\dfdata\generated\xtts_v2\outputs\xtts_v2_322882_02681.wav,spoof,hi-en,322882,xtts_v2,xtts_v2,clean,eval
C:\dfdata\generated\xtts_v2\outputs\xtts_v2_996368_01625.wav,spoof,hi-en,996368,xtts_v2,xtts_v2,clean,eval
C:\dfdata\generated\xtts_v2\outputs\xtts_v2_142970_03427.wav,spoof,hi-en,142970,xtts_v2,xtts_v2,clean,eval
C:\dfdata\generated\xtts_v2\outputs\xtts_v2_634568_00264.wav,spoof,hi-en,634568,xtts_v2,xtts_v2,clean,eval
C:\dfdata\generated\xtts_v2\outputs\xtts_v2_322882_00406.wav,spoof,hi-en,322882,xtts_v2,xtts_v2,clean,eval
C:\dfdata\generated\xtts_v2\outputs\xtts_v2_850754_00642.wav,spoof,hi-en,850754,xtts_v2,xtts_v2,clean,eval
C:\dfdata\generated\xtts_v2\outputs\xtts_v2_975912_01973.wav,spoof,hi-en,975912,xtts_v2,xtts_v2,clean,eval
C:\dfdata\generated\xtts_v2\outputs\xtts_v2_445718_02683.wav,spoof,hi-en,445718,xtts_v2,xtts_v2,clean,eval
C:\dfdata\generated\xtts_v2\outputs\xtts_v2_903756_00196.wav,spoof,hi-en,903756,xtts_v2,xtts_v2,clean,eval
C:\dfdata\generated\xtts_v2\outputs\xtts_v2_584991_02763.wav,spoof,hi-en,584991,xtts_v2,xtts_v2,clean,eval
C:\dfdata\generated\xtts_v2\outputs\xtts_v2_584991_01613.wav,spoof,hi-en,584991,xtts_v2,xtts_v2,clean,eval
C:\dfdata\generated\xtts_v2\outputs\xtts_v2_870582_03493.wav,spoof,hi-en,870582,xtts_v2,xtts_v2,clean,eval
C:\dfdata\generated\xtts_v2\outputs\xtts_v2_186783_02454.wav,spoof,hi-en,186783,xtts_v2,xtts_v2,clean,eval
C:\dfdata\generated\xtts_v2\outputs\xtts_v2_912184_03872.wav,spoof,hi-en,912184,xtts_v2,xtts_v2,clean,eval
C:\dfdata\generated\xtts_v2\outputs\xtts_v2_106718_00776.wav,spoof,hi-en,106718,xtts_v2,xtts_v2,clean,eval
C:\dfdata\generated\xtts_v2\outputs\xtts_v2_996368_02600.wav,spoof,hi-en,996368,xtts_v2,xtts_v2,clean,eval
C:\dfdata\generated\xtts_v2\outputs\xtts_v2_876898_02344.wav,spoof,hi-en,876898,xtts_v2,xtts_v2,clean,eval
C:\dfdata\generated\xtts_v2\outputs\xtts_v2_893273_01920.wav,spoof,hi-en,893273,xtts_v2,xtts_v2,clean,eval
C:\dfdata\generated\xtts_v2\outputs\xtts_v2_975912_03123.wav,spoof,hi-en,975912,xtts_v2,xtts_v2,clean,eval
C:\dfdata\generated\xtts_v2\outputs\xtts_v2_186783_02029.wav,spoof,hi-en,186783,xtts_v2,xtts_v2,clean,eval
C:\dfdata\generated\xtts_v2\outputs\xtts_v2_413057_00707.wav,spoof,hi-en,413057,xtts_v2,xtts_v2,clean,eval
C:\dfdata\generated\xtts_v2\outputs\xtts_v2_457295_02109.wav,spoof,hi-en,457295,xtts_v2,xtts_v2,clean,eval
C:\dfdata\generated\xtts_v2\outputs\xtts_v2_186783_00479.wav,spoof,hi-en,186783,xtts_v2,xtts_v2,clean,eval
C:\dfdata\generated\xtts_v2\outputs\xtts_v2_634568_03364.wav,spoof,hi-en,634568,xtts_v2,xtts_v2,clean,eval
C:\dfdata\generated\xtts_v2\outputs\xtts_v2_186783_01929.wav,spoof,hi-en,186783,xtts_v2,xtts_v2,clean,eval
C:\dfdata\generated\xtts_v2\outputs\xtts_v2_634568_01664.wav,spoof,hi-en,634568,xtts_v2,xtts_v2,clean,eval
C:\dfdata\generated\xtts_v2\outputs\xtts_v2_797767_01791.wav,spoof,hi-en,797767,xtts_v2,xtts_v2,clean,eval
C:\dfdata\generated\xtts_v2\outputs\xtts_v2_996368_03575.wav,spoof,hi-en,996368,xtts_v2,xtts_v2,clean,eval
C:\dfdata\generated\xtts_v2\outputs\xtts_v2_987461_00299.wav,spoof,hi-en,987461,xtts_v2,xtts_v2,clean,eval
C:\dfdata\generated\xtts_v2\outputs\xtts_v2_996368_01575.wav,spoof,hi-en,996368,xtts_v2,xtts_v2,clean,eval
C:\dfdata\generated\xtts_v2\outputs\xtts_v2_850754_00692.wav,spoof,hi-en,850754,xtts_v2,xtts_v2,clean,eval
C:\dfdata\generated\xtts_v2\outputs\xtts_v2_996368_00675.wav,spoof,hi-en,996368,xtts_v2,xtts_v2,clean,eval
C:\dfdata\generated\xtts_v2\outputs\xtts_v2_705494_01565.wav,spoof,hi-en,705494,xtts_v2,xtts_v2,clean,eval
C:\dfdata\generated\xtts_v2\outputs\xtts_v2_584991_00313.wav,spoof,hi-en,584991,xtts_v2,xtts_v2,clean,eval
C:\dfdata\generated\xtts_v2\outputs\xtts_v2_870582_03068.wav,spoof,hi-en,870582,xtts_v2,xtts_v2,clean,eval
C:\dfdata\generated\xtts_v2\outputs\xtts_v2_539354_02636.wav,spoof,hi-en,539354,xtts_v2,xtts_v2,clean,eval
C:\dfdata\generated\xtts_v2\outputs\xtts_v2_634568_01614.wav,spoof,hi-en,634568,xtts_v2,xtts_v2,clean,eval
C:\dfdata\generated\xtts_v2\outputs\xtts_v2_912184_01522.wav,spoof,hi-en,912184,xtts_v2,xtts_v2,clean,eval
C:\dfdata\generated\xtts_v2\outputs\xtts_v2_205240_02005.wav,spoof,hi-en,205240,xtts_v2,xtts_v2,clean,eval
C:\dfdata\generated\xtts_v2\outputs\xtts_v2_893273_02045.wav,spoof,hi-en,893273,xtts_v2,xtts_v2,clean,eval
C:\dfdata\generated\xtts_v2\outputs\xtts_v2_876898_02369.wav,spoof,hi-en,876898,xtts_v2,xtts_v2,clean,eval
C:\dfdata\generated\xtts_v2\outputs\xtts_v2_186783_02604.wav,spoof,hi-en,186783,xtts_v2,xtts_v2,clean,eval
C:\dfdata\generated\xtts_v2\outputs\xtts_v2_539226_01860.wav,spoof,hi-en,539226,xtts_v2,xtts_v2,clean,eval
C:\dfdata\generated\xtts_v2\outputs\xtts_v2_850754_03642.wav,spoof,hi-en,850754,xtts_v2,xtts_v2,clean,eval
C:\dfdata\generated\xtts_v2\outputs\xtts_v2_142970_01677.wav,spoof,hi-en,142970,xtts_v2,xtts_v2,clean,eval
C:\dfdata\generated\xtts_v2\outputs\xtts_v2_186783_00429.wav,spoof,hi-en,186783,xtts_v2,xtts_v2,clean,eval
C:\dfdata\generated\xtts_v2\outputs\xtts_v2_445718_03083.wav,spoof,hi-en,445718,xtts_v2,xtts_v2,clean,eval
C:\dfdata\generated\xtts_v2\outputs\xtts_v2_876898_00544.wav,spoof,hi-en,876898,xtts_v2,xtts_v2,clean,eval
C:\dfdata\generated\xtts_v2\outputs\xtts_v2_996368_02650.wav,spoof,hi-en,996368,xtts_v2,xtts_v2,clean,eval
C:\dfdata\generated\xtts_v2\outputs\xtts_v2_186783_03679.wav,spoof,hi-en,186783,xtts_v2,xtts_v2,clean,eval
C:\dfdata\generated\xtts_v2\outputs\xtts_v2_322882_02281.wav,spoof,hi-en,322882,xtts_v2,xtts_v2,clean,eval
C:\dfdata\generated\xtts_v2\outputs\xtts_v2_457295_02134.wav,spoof,hi-en,457295,xtts_v2,xtts_v2,clean,eval
C:\dfdata\generated\xtts_v2\outputs\xtts_v2_850754_01392.wav,spoof,hi-en,850754,xtts_v2,xtts_v2,clean,eval
C:\dfdata\generated\xtts_v2\outputs\xtts_v2_413057_01832.wav,spoof,hi-en,413057,xtts_v2,xtts_v2,clean,eval
C:\dfdata\generated\xtts_v2\outputs\xtts_v2_634568_03539.wav,spoof,hi-en,634568,xtts_v2,xtts_v2,clean,eval
C:\dfdata\generated\xtts_v2\outputs\xtts_v2_634568_00989.wav,spoof,hi-en,634568,xtts_v2,xtts_v2,clean,eval
C:\dfdata\generated\xtts_v2\outputs\xtts_v2_893273_02170.wav,spoof,hi-en,893273,xtts_v2,xtts_v2,clean,eval
C:\dfdata\generated\xtts_v2\outputs\xtts_v2_876898_00319.wav,spoof,hi-en,876898,xtts_v2,xtts_v2,clean,eval
C:\dfdata\generated\xtts_v2\outputs\xtts_v2_186783_03129.wav,spoof,hi-en,186783,xtts_v2,xtts_v2,clean,eval
C:\dfdata\generated\xtts_v2\outputs\xtts_v2_457295_01434.wav,spoof,hi-en,457295,xtts_v2,xtts_v2,clean,eval
C:\dfdata\generated\xtts_v2\outputs\xtts_v2_797767_03991.wav,spoof,hi-en,797767,xtts_v2,xtts_v2,clean,eval
C:\dfdata\generated\xtts_v2\outputs\xtts_v2_975912_02173.wav,spoof,hi-en,975912,xtts_v2,xtts_v2,clean,eval
C:\dfdata\generated\xtts_v2\outputs\xtts_v2_870582_03593.wav,spoof,hi-en,870582,xtts_v2,xtts_v2,clean,eval
C:\dfdata\generated\xtts_v2\outputs\xtts_v2_987461_03549.wav,spoof,hi-en,987461,xtts_v2,xtts_v2,clean,eval
C:\dfdata\generated\xtts_v2\outputs\xtts_v2_584991_03138.wav,spoof,hi-en,584991,xtts_v2,xtts_v2,clean,eval
C:\dfdata\generated\xtts_v2\outputs\xtts_v2_705494_03090.wav,spoof,hi-en,705494,xtts_v2,xtts_v2,clean,eval
C:\dfdata\generated\xtts_v2\outputs\xtts_v2_186783_02729.wav,spoof,hi-en,186783,xtts_v2,xtts_v2,clean,eval
C:\dfdata\generated\xtts_v2\outputs\xtts_v2_106718_02951.wav,spoof,hi-en,106718,xtts_v2,xtts_v2,clean,eval
C:\dfdata\generated\xtts_v2\outputs\xtts_v2_987461_00124.wav,spoof,hi-en,987461,xtts_v2,xtts_v2,clean,eval
C:\dfdata\generated\xtts_v2\outputs\xtts_v2_987461_01774.wav,spoof,hi-en,987461,xtts_v2,xtts_v2,clean,eval
C:\dfdata\generated\xtts_v2\outputs\xtts_v2_876898_00869.wav,spoof,hi-en,876898,xtts_v2,xtts_v2,clean,eval
C:\dfdata\generated\xtts_v2\outputs\xtts_v2_987461_00274.wav,spoof,hi-en,987461,xtts_v2,xtts_v2,clean,eval
C:\dfdata\generated\xtts_v2\outputs\xtts_v2_322882_02806.wav,spoof,hi-en,322882,xtts_v2,xtts_v2,clean,eval
C:\dfdata\generated\xtts_v2\outputs\xtts_v2_987461_02274.wav,spoof,hi-en,987461,xtts_v2,xtts_v2,clean,eval
C:\dfdata\generated\xtts_v2\outputs\xtts_v2_975912_03423.wav,spoof,hi-en,975912,xtts_v2,xtts_v2,clean,eval
C:\dfdata\generated\xtts_v2\outputs\xtts_v2_870582_02893.wav,spoof,hi-en,870582,xtts_v2,xtts_v2,clean,eval
C:\dfdata\generated\xtts_v2\outputs\xtts_v2_903756_00221.wav,spoof,hi-en,903756,xtts_v2,xtts_v2,clean,eval
C:\dfdata\generated\xtts_v2\outputs\xtts_v2_987461_00824.wav,spoof,hi-en,987461,xtts_v2,xtts_v2,clean,eval
C:\dfdata\generated\xtts_v2\outputs\xtts_v2_445718_03033.wav,spoof,hi-en,445718,xtts_v2,xtts_v2,clean,eval
C:\dfdata\generated\xtts_v2\outputs\xtts_v2_457295_03184.wav,spoof,hi-en,457295,xtts_v2,xtts_v2,clean,eval
C:\dfdata\generated\xtts_v2\outputs\xtts_v2_541304_03537.wav,spoof,hi-en,541304,xtts_v2,xtts_v2,clean,eval
C:\dfdata\generated\xtts_v2\outputs\xtts_v2_912184_03347.wav,spoof,hi-en,912184,xtts_v2,xtts_v2,clean,eval
C:\dfdata\generated\xtts_v2\outputs\xtts_v2_876898_02819.wav,spoof,hi-en,876898,xtts_v2,xtts_v2,clean,eval
C:\dfdata\generated\xtts_v2\outputs\xtts_v2_322882_02956.wav,spoof,hi-en,322882,xtts_v2,xtts_v2,clean,eval
C:\dfdata\generated\xtts_v2\outputs\xtts_v2_912184_03022.wav,spoof,hi-en,912184,xtts_v2,xtts_v2,clean,eval
C:\dfdata\generated\xtts_v2\outputs\xtts_v2_870582_02218.wav,spoof,hi-en,870582,xtts_v2,xtts_v2,clean,eval
C:\dfdata\generated\xtts_v2\outputs\xtts_v2_903756_00721.wav,spoof,hi-en,903756,xtts_v2,xtts_v2,clean,eval
C:\dfdata\generated\xtts_v2\outputs\xtts_v2_186783_03104.wav,spoof,hi-en,186783,xtts_v2,xtts_v2,clean,eval
C:\dfdata\generated\xtts_v2\outputs\xtts_v2_876898_03569.wav,spoof,hi-en,876898,xtts_v2,xtts_v2,clean,eval
C:\dfdata\generated\xtts_v2\outputs\xtts_v2_142970_00527.wav,spoof,hi-en,142970,xtts_v2,xtts_v2,clean,eval
C:\dfdata\generated\xtts_v2\outputs\xtts_v2_322882_02056.wav,spoof,hi-en,322882,xtts_v2,xtts_v2,clean,eval
C:\dfdata\generated\xtts_v2\outputs\xtts_v2_539226_03260.wav,spoof,hi-en,539226,xtts_v2,xtts_v2,clean,eval
C:\dfdata\generated\xtts_v2\outputs\xtts_v2_893273_03670.wav,spoof,hi-en,893273,xtts_v2,xtts_v2,clean,eval
C:\dfdata\generated\xtts_v2\outputs\xtts_v2_705494_00865.wav,spoof,hi-en,705494,xtts_v2,xtts_v2,clean,eval
C:\dfdata\generated\xtts_v2\outputs\xtts_v2_584991_02013.wav,spoof,hi-en,584991,xtts_v2,xtts_v2,clean,eval
C:\dfdata\generated\xtts_v2\outputs\xtts_v2_457295_00359.wav,spoof,hi-en,457295,xtts_v2,xtts_v2,clean,eval
C:\dfdata\generated\xtts_v2\outputs\xtts_v2_912184_02047.wav,spoof,hi-en,912184,xtts_v2,xtts_v2,clean,eval
C:\dfdata\generated\xtts_v2\outputs\xtts_v2_142970_00577.wav,spoof,hi-en,142970,xtts_v2,xtts_v2,clean,eval
C:\dfdata\generated\xtts_v2\outputs\xtts_v2_539226_01660.wav,spoof,hi-en,539226,xtts_v2,xtts_v2,clean,eval
C:\dfdata\generated\xtts_v2\outputs\xtts_v2_584991_02538.wav,spoof,hi-en,584991,xtts_v2,xtts_v2,clean,eval
C:\dfdata\generated\xtts_v2\outputs\xtts_v2_142970_03602.wav,spoof,hi-en,142970,xtts_v2,xtts_v2,clean,eval
C:\dfdata\generated\xtts_v2\outputs\xtts_v2_142970_03327.wav,spoof,hi-en,142970,xtts_v2,xtts_v2,clean,eval
C:\dfdata\generated\xtts_v2\outputs\xtts_v2_912184_02547.wav,spoof,hi-en,912184,xtts_v2,xtts_v2,clean,eval
C:\dfdata\generated\xtts_v2\outputs\xtts_v2_797767_00241.wav,spoof,hi-en,797767,xtts_v2,xtts_v2,clean,eval
C:\dfdata\generated\xtts_v2\outputs\xtts_v2_584991_01363.wav,spoof,hi-en,584991,xtts_v2,xtts_v2,clean,eval
C:\dfdata\generated\xtts_v2\outputs\xtts_v2_797767_03841.wav,spoof,hi-en,797767,xtts_v2,xtts_v2,clean,eval
C:\dfdata\generated\xtts_v2\outputs\xtts_v2_322882_01606.wav,spoof,hi-en,322882,xtts_v2,xtts_v2,clean,eval
C:\dfdata\generated\xtts_v2\outputs\xtts_v2_205240_00955.wav,spoof,hi-en,205240,xtts_v2,xtts_v2,clean,eval
C:\dfdata\generated\xtts_v2\outputs\xtts_v2_584991_02088.wav,spoof,hi-en,584991,xtts_v2,xtts_v2,clean,eval
C:\dfdata\generated\xtts_v2\outputs\xtts_v2_634568_00189.wav,spoof,hi-en,634568,xtts_v2,xtts_v2,clean,eval
C:\dfdata\generated\xtts_v2\outputs\xtts_v2_893273_01645.wav,spoof,hi-en,893273,xtts_v2,xtts_v2,clean,eval
C:\dfdata\generated\xtts_v2\outputs\xtts_v2_876898_03719.wav,spoof,hi-en,876898,xtts_v2,xtts_v2,clean,eval
C:\dfdata\generated\xtts_v2\outputs\xtts_v2_539226_01060.wav,spoof,hi-en,539226,xtts_v2,xtts_v2,clean,eval
C:\dfdata\generated\xtts_v2\outputs\xtts_v2_539226_03460.wav,spoof,hi-en,539226,xtts_v2,xtts_v2,clean,eval
C:\dfdata\generated\xtts_v2\outputs\xtts_v2_539354_00061.wav,spoof,hi-en,539354,xtts_v2,xtts_v2,clean,eval
C:\dfdata\generated\xtts_v2\outputs\xtts_v2_705494_01165.wav,spoof,hi-en,705494,xtts_v2,xtts_v2,clean,eval
C:\dfdata\generated\xtts_v2\outputs\xtts_v2_413057_00757.wav,spoof,hi-en,413057,xtts_v2,xtts_v2,clean,eval
C:\dfdata\generated\xtts_v2\outputs\xtts_v2_996368_01075.wav,spoof,hi-en,996368,xtts_v2,xtts_v2,clean,eval
C:\dfdata\generated\xtts_v2\outputs\xtts_v2_876898_01219.wav,spoof,hi-en,876898,xtts_v2,xtts_v2,clean,eval
C:\dfdata\generated\xtts_v2\outputs\xtts_v2_541304_01112.wav,spoof,hi-en,541304,xtts_v2,xtts_v2,clean,eval
C:\dfdata\generated\xtts_v2\outputs\xtts_v2_106718_02826.wav,spoof,hi-en,106718,xtts_v2,xtts_v2,clean,eval
C:\dfdata\generated\xtts_v2\outputs\xtts_v2_445718_02033.wav,spoof,hi-en,445718,xtts_v2,xtts_v2,clean,eval
C:\dfdata\generated\xtts_v2\outputs\xtts_v2_539226_01310.wav,spoof,hi-en,539226,xtts_v2,xtts_v2,clean,eval
C:\dfdata\generated\xtts_v2\outputs\xtts_v2_177570_03428.wav,spoof,hi-en,177570,xtts_v2,xtts_v2,clean,eval
C:\dfdata\generated\xtts_v2\outputs\xtts_v2_903756_00396.wav,spoof,hi-en,903756,xtts_v2,xtts_v2,clean,eval
C:\dfdata\generated\xtts_v2\outputs\xtts_v2_413057_02232.wav,spoof,hi-en,413057,xtts_v2,xtts_v2,clean,eval
C:\dfdata\generated\xtts_v2\outputs\xtts_v2_322882_00456.wav,spoof,hi-en,322882,xtts_v2,xtts_v2,clean,eval
C:\dfdata\generated\xtts_v2\outputs\xtts_v2_322882_00956.wav,spoof,hi-en,322882,xtts_v2,xtts_v2,clean,eval
C:\dfdata\generated\xtts_v2\outputs\xtts_v2_912184_01922.wav,spoof,hi-en,912184,xtts_v2,xtts_v2,clean,eval
C:\dfdata\generated\xtts_v2\outputs\xtts_v2_996368_00225.wav,spoof,hi-en,996368,xtts_v2,xtts_v2,clean,eval
C:\dfdata\generated\xtts_v2\outputs\xtts_v2_705494_00740.wav,spoof,hi-en,705494,xtts_v2,xtts_v2,clean,eval
C:\dfdata\generated\xtts_v2\outputs\xtts_v2_903756_00321.wav,spoof,hi-en,903756,xtts_v2,xtts_v2,clean,eval
C:\dfdata\generated\xtts_v2\outputs\xtts_v2_996368_01525.wav,spoof,hi-en,996368,xtts_v2,xtts_v2,clean,eval
C:\dfdata\generated\xtts_v2\outputs\xtts_v2_705494_00790.wav,spoof,hi-en,705494,xtts_v2,xtts_v2,clean,eval
C:\dfdata\generated\xtts_v2\outputs\xtts_v2_177570_00878.wav,spoof,hi-en,177570,xtts_v2,xtts_v2,clean,eval
C:\dfdata\generated\xtts_v2\outputs\xtts_v2_539354_01636.wav,spoof,hi-en,539354,xtts_v2,xtts_v2,clean,eval
C:\dfdata\generated\xtts_v2\outputs\xtts_v2_205240_00205.wav,spoof,hi-en,205240,xtts_v2,xtts_v2,clean,eval
C:\dfdata\generated\xtts_v2\outputs\xtts_v2_541304_03787.wav,spoof,hi-en,541304,xtts_v2,xtts_v2,clean,eval
C:\dfdata\generated\xtts_v2\outputs\xtts_v2_987461_01424.wav,spoof,hi-en,987461,xtts_v2,xtts_v2,clean,eval
C:\dfdata\generated\xtts_v2\outputs\xtts_v2_205240_03830.wav,spoof,hi-en,205240,xtts_v2,xtts_v2,clean,eval
C:\dfdata\generated\xtts_v2\outputs\xtts_v2_142970_01077.wav,spoof,hi-en,142970,xtts_v2,xtts_v2,clean,eval
C:\dfdata\generated\xtts_v2\outputs\xtts_v2_705494_02190.wav,spoof,hi-en,705494,xtts_v2,xtts_v2,clean,eval
C:\dfdata\generated\xtts_v2\outputs\xtts_v2_413057_01432.wav,spoof,hi-en,413057,xtts_v2,xtts_v2,clean,eval
C:\dfdata\generated\xtts_v2\outputs\xtts_v2_870582_02443.wav,spoof,hi-en,870582,xtts_v2,xtts_v2,clean,eval
C:\dfdata\generated\xtts_v2\outputs\xtts_v2_987461_00099.wav,spoof,hi-en,987461,xtts_v2,xtts_v2,clean,eval
C:\dfdata\generated\xtts_v2\outputs\xtts_v2_539226_02235.wav,spoof,hi-en,539226,xtts_v2,xtts_v2,clean,eval
C:\dfdata\generated\xtts_v2\outputs\xtts_v2_142970_02727.wav,spoof,hi-en,142970,xtts_v2,xtts_v2,clean,eval
C:\dfdata\generated\xtts_v2\outputs\xtts_v2_705494_02415.wav,spoof,hi-en,705494,xtts_v2,xtts_v2,clean,eval
C:\dfdata\generated\xtts_v2\outputs\xtts_v2_322882_02331.wav,spoof,hi-en,322882,xtts_v2,xtts_v2,clean,eval
C:\dfdata\generated\xtts_v2\outputs\xtts_v2_870582_03618.wav,spoof,hi-en,870582,xtts_v2,xtts_v2,clean,eval
C:\dfdata\generated\xtts_v2\outputs\xtts_v2_870582_01193.wav,spoof,hi-en,870582,xtts_v2,xtts_v2,clean,eval
C:\dfdata\generated\xtts_v2\outputs\xtts_v2_876898_00519.wav,spoof,hi-en,876898,xtts_v2,xtts_v2,clean,eval
C:\dfdata\generated\xtts_v2\outputs\xtts_v2_850754_00067.wav,spoof,hi-en,850754,xtts_v2,xtts_v2,clean,eval
C:\dfdata\generated\xtts_v2\outputs\xtts_v2_457295_03684.wav,spoof,hi-en,457295,xtts_v2,xtts_v2,clean,eval
C:\dfdata\generated\xtts_v2\outputs\xtts_v2_903756_01546.wav,spoof,hi-en,903756,xtts_v2,xtts_v2,clean,eval
C:\dfdata\generated\xtts_v2\outputs\xtts_v2_186783_03879.wav,spoof,hi-en,186783,xtts_v2,xtts_v2,clean,eval
C:\dfdata\generated\xtts_v2\outputs\xtts_v2_996368_01475.wav,spoof,hi-en,996368,xtts_v2,xtts_v2,clean,eval
C:\dfdata\generated\xtts_v2\outputs\xtts_v2_142970_00152.wav,spoof,hi-en,142970,xtts_v2,xtts_v2,clean,eval
C:\dfdata\generated\xtts_v2\outputs\xtts_v2_987461_02999.wav,spoof,hi-en,987461,xtts_v2,xtts_v2,clean,eval
C:\dfdata\generated\xtts_v2\outputs\xtts_v2_634568_03664.wav,spoof,hi-en,634568,xtts_v2,xtts_v2,clean,eval
C:\dfdata\generated\xtts_v2\outputs\xtts_v2_705494_03740.wav,spoof,hi-en,705494,xtts_v2,xtts_v2,clean,eval
C:\dfdata\generated\xtts_v2\outputs\xtts_v2_975912_03273.wav,spoof,hi-en,975912,xtts_v2,xtts_v2,clean,eval
C:\dfdata\generated\xtts_v2\outputs\xtts_v2_205240_00530.wav,spoof,hi-en,205240,xtts_v2,xtts_v2,clean,eval
C:\dfdata\generated\xtts_v2\outputs\xtts_v2_142970_02127.wav,spoof,hi-en,142970,xtts_v2,xtts_v2,clean,eval
C:\dfdata\generated\xtts_v2\outputs\xtts_v2_705494_01115.wav,spoof,hi-en,705494,xtts_v2,xtts_v2,clean,eval
C:\dfdata\generated\xtts_v2\outputs\xtts_v2_142970_02477.wav,spoof,hi-en,142970,xtts_v2,xtts_v2,clean,eval
C:\dfdata\generated\xtts_v2\outputs\xtts_v2_177570_02028.wav,spoof,hi-en,177570,xtts_v2,xtts_v2,clean,eval
C:\dfdata\generated\xtts_v2\outputs\xtts_v2_322882_01656.wav,spoof,hi-en,322882,xtts_v2,xtts_v2,clean,eval
C:\dfdata\generated\xtts_v2\outputs\xtts_v2_797767_00191.wav,spoof,hi-en,797767,xtts_v2,xtts_v2,clean,eval
C:\dfdata\generated\xtts_v2\outputs\xtts_v2_457295_01859.wav,spoof,hi-en,457295,xtts_v2,xtts_v2,clean,eval
C:\dfdata\generated\xtts_v2\outputs\xtts_v2_413057_00407.wav,spoof,hi-en,413057,xtts_v2,xtts_v2,clean,eval
C:\dfdata\generated\xtts_v2\outputs\xtts_v2_870582_03218.wav,spoof,hi-en,870582,xtts_v2,xtts_v2,clean,eval
C:\dfdata\generated\xtts_v2\outputs\xtts_v2_142970_03202.wav,spoof,hi-en,142970,xtts_v2,xtts_v2,clean,eval
C:\dfdata\generated\xtts_v2\outputs\xtts_v2_996368_00775.wav,spoof,hi-en,996368,xtts_v2,xtts_v2,clean,eval
C:\dfdata\generated\xtts_v2\outputs\xtts_v2_539226_03210.wav,spoof,hi-en,539226,xtts_v2,xtts_v2,clean,eval
C:\dfdata\generated\xtts_v2\outputs\xtts_v2_634568_03914.wav,spoof,hi-en,634568,xtts_v2,xtts_v2,clean,eval
C:\dfdata\generated\xtts_v2\outputs\xtts_v2_413057_03332.wav,spoof,hi-en,413057,xtts_v2,xtts_v2,clean,eval
C:\dfdata\generated\xtts_v2\outputs\xtts_v2_541304_01612.wav,spoof,hi-en,541304,xtts_v2,xtts_v2,clean,eval
C:\dfdata\generated\xtts_v2\outputs\xtts_v2_445718_01458.wav,spoof,hi-en,445718,xtts_v2,xtts_v2,clean,eval
C:\dfdata\generated\xtts_v2\outputs\xtts_v2_457295_00284.wav,spoof,hi-en,457295,xtts_v2,xtts_v2,clean,eval
C:\dfdata\generated\xtts_v2\outputs\xtts_v2_903756_02846.wav,spoof,hi-en,903756,xtts_v2,xtts_v2,clean,eval
C:\dfdata\generated\xtts_v2\outputs\xtts_v2_584991_03638.wav,spoof,hi-en,584991,xtts_v2,xtts_v2,clean,eval
C:\dfdata\generated\xtts_v2\outputs\xtts_v2_876898_02969.wav,spoof,hi-en,876898,xtts_v2,xtts_v2,clean,eval
C:\dfdata\generated\xtts_v2\outputs\xtts_v2_142970_02852.wav,spoof,hi-en,142970,xtts_v2,xtts_v2,clean,eval
C:\dfdata\generated\xtts_v2\outputs\xtts_v2_634568_03139.wav,spoof,hi-en,634568,xtts_v2,xtts_v2,clean,eval
C:\dfdata\generated\xtts_v2\outputs\xtts_v2_634568_03339.wav,spoof,hi-en,634568,xtts_v2,xtts_v2,clean,eval
C:\dfdata\generated\xtts_v2\outputs\xtts_v2_634568_00564.wav,spoof,hi-en,634568,xtts_v2,xtts_v2,clean,eval
C:\dfdata\generated\xtts_v2\outputs\xtts_v2_541304_02462.wav,spoof,hi-en,541304,xtts_v2,xtts_v2,clean,eval
C:\dfdata\generated\xtts_v2\outputs\xtts_v2_457295_00434.wav,spoof,hi-en,457295,xtts_v2,xtts_v2,clean,eval
C:\dfdata\generated\xtts_v2\outputs\xtts_v2_539226_01960.wav,spoof,hi-en,539226,xtts_v2,xtts_v2,clean,eval
C:\dfdata\generated\xtts_v2\outputs\xtts_v2_903756_02671.wav,spoof,hi-en,903756,xtts_v2,xtts_v2,clean,eval
C:\dfdata\generated\xtts_v2\outputs\xtts_v2_705494_03765.wav,spoof,hi-en,705494,xtts_v2,xtts_v2,clean,eval
C:\dfdata\generated\xtts_v2\outputs\xtts_v2_876898_01544.wav,spoof,hi-en,876898,xtts_v2,xtts_v2,clean,eval
C:\dfdata\generated\xtts_v2\outputs\xtts_v2_322882_03006.wav,spoof,hi-en,322882,xtts_v2,xtts_v2,clean,eval
C:\dfdata\generated\xtts_v2\outputs\xtts_v2_987461_01199.wav,spoof,hi-en,987461,xtts_v2,xtts_v2,clean,eval
C:\dfdata\generated\xtts_v2\outputs\xtts_v2_797767_01291.wav,spoof,hi-en,797767,xtts_v2,xtts_v2,clean,eval
C:\dfdata\generated\xtts_v2\outputs\xtts_v2_177570_00378.wav,spoof,hi-en,177570,xtts_v2,xtts_v2,clean,eval
C:\dfdata\generated\xtts_v2\outputs\xtts_v2_539226_01710.wav,spoof,hi-en,539226,xtts_v2,xtts_v2,clean,eval
C:\dfdata\generated\xtts_v2\outputs\xtts_v2_541304_03287.wav,spoof,hi-en,541304,xtts_v2,xtts_v2,clean,eval
C:\dfdata\generated\xtts_v2\outputs\xtts_v2_893273_02970.wav,spoof,hi-en,893273,xtts_v2,xtts_v2,clean,eval
C:\dfdata\generated\xtts_v2\outputs\xtts_v2_186783_01404.wav,spoof,hi-en,186783,xtts_v2,xtts_v2,clean,eval
C:\dfdata\generated\xtts_v2\outputs\xtts_v2_322882_02456.wav,spoof,hi-en,322882,xtts_v2,xtts_v2,clean,eval
C:\dfdata\generated\xtts_v2\outputs\xtts_v2_177570_01878.wav,spoof,hi-en,177570,xtts_v2,xtts_v2,clean,eval
C:\dfdata\generated\xtts_v2\outputs\xtts_v2_539354_00386.wav,spoof,hi-en,539354,xtts_v2,xtts_v2,clean,eval
C:\dfdata\generated\xtts_v2\outputs\xtts_v2_987461_00249.wav,spoof,hi-en,987461,xtts_v2,xtts_v2,clean,eval
C:\dfdata\generated\xtts_v2\outputs\xtts_v2_996368_01250.wav,spoof,hi-en,996368,xtts_v2,xtts_v2,clean,eval
C:\dfdata\generated\xtts_v2\outputs\xtts_v2_457295_01559.wav,spoof,hi-en,457295,xtts_v2,xtts_v2,clean,eval
C:\dfdata\generated\xtts_v2\outputs\xtts_v2_186783_03629.wav,spoof,hi-en,186783,xtts_v2,xtts_v2,clean,eval
C:\dfdata\generated\xtts_v2\outputs\xtts_v2_106718_01251.wav,spoof,hi-en,106718,xtts_v2,xtts_v2,clean,eval
C:\dfdata\generated\xtts_v2\outputs\xtts_v2_996368_02700.wav,spoof,hi-en,996368,xtts_v2,xtts_v2,clean,eval
C:\dfdata\generated\xtts_v2\outputs\xtts_v2_539354_03561.wav,spoof,hi-en,539354,xtts_v2,xtts_v2,clean,eval
C:\dfdata\generated\xtts_v2\outputs\xtts_v2_186783_03229.wav,spoof,hi-en,186783,xtts_v2,xtts_v2,clean,eval
C:\dfdata\generated\xtts_v2\outputs\xtts_v2_445718_02158.wav,spoof,hi-en,445718,xtts_v2,xtts_v2,clean,eval
C:\dfdata\generated\xtts_v2\outputs\xtts_v2_996368_03725.wav,spoof,hi-en,996368,xtts_v2,xtts_v2,clean,eval
C:\dfdata\generated\xtts_v2\outputs\xtts_v2_205240_02130.wav,spoof,hi-en,205240,xtts_v2,xtts_v2,clean,eval
C:\dfdata\generated\xtts_v2\outputs\xtts_v2_876898_02869.wav,spoof,hi-en,876898,xtts_v2,xtts_v2,clean,eval
C:\dfdata\generated\xtts_v2\outputs\xtts_v2_912184_00672.wav,spoof,hi-en,912184,xtts_v2,xtts_v2,clean,eval
C:\dfdata\generated\xtts_v2\outputs\xtts_v2_705494_00090.wav,spoof,hi-en,705494,xtts_v2,xtts_v2,clean,eval
C:\dfdata\generated\xtts_v2\outputs\xtts_v2_893273_03645.wav,spoof,hi-en,893273,xtts_v2,xtts_v2,clean,eval
C:\dfdata\generated\xtts_v2\outputs\xtts_v2_912184_01972.wav,spoof,hi-en,912184,xtts_v2,xtts_v2,clean,eval
C:\dfdata\generated\xtts_v2\outputs\xtts_v2_186783_01054.wav,spoof,hi-en,186783,xtts_v2,xtts_v2,clean,eval
C:\dfdata\generated\xtts_v2\outputs\xtts_v2_186783_03179.wav,spoof,hi-en,186783,xtts_v2,xtts_v2,clean,eval
C:\dfdata\generated\xtts_v2\outputs\xtts_v2_413057_02157.wav,spoof,hi-en,413057,xtts_v2,xtts_v2,clean,eval
C:\dfdata\generated\xtts_v2\outputs\xtts_v2_876898_00219.wav,spoof,hi-en,876898,xtts_v2,xtts_v2,clean,eval
C:\dfdata\generated\xtts_v2\outputs\xtts_v2_584991_02388.wav,spoof,hi-en,584991,xtts_v2,xtts_v2,clean,eval
C:\dfdata\generated\xtts_v2\outputs\xtts_v2_987461_01349.wav,spoof,hi-en,987461,xtts_v2,xtts_v2,clean,eval
C:\dfdata\generated\xtts_v2\outputs\xtts_v2_142970_00877.wav,spoof,hi-en,142970,xtts_v2,xtts_v2,clean,eval
C:\dfdata\generated\xtts_v2\outputs\xtts_v2_413057_00807.wav,spoof,hi-en,413057,xtts_v2,xtts_v2,clean,eval
C:\dfdata\generated\xtts_v2\outputs\xtts_v2_541304_03237.wav,spoof,hi-en,541304,xtts_v2,xtts_v2,clean,eval
C:\dfdata\generated\xtts_v2\outputs\xtts_v2_797767_03516.wav,spoof,hi-en,797767,xtts_v2,xtts_v2,clean,eval
C:\dfdata\generated\xtts_v2\outputs\xtts_v2_322882_00756.wav,spoof,hi-en,322882,xtts_v2,xtts_v2,clean,eval
C:\dfdata\generated\xtts_v2\outputs\xtts_v2_876898_02269.wav,spoof,hi-en,876898,xtts_v2,xtts_v2,clean,eval
C:\dfdata\generated\xtts_v2\outputs\xtts_v2_457295_03459.wav,spoof,hi-en,457295,xtts_v2,xtts_v2,clean,eval
C:\dfdata\generated\xtts_v2\outputs\xtts_v2_457295_02959.wav,spoof,hi-en,457295,xtts_v2,xtts_v2,clean,eval
C:\dfdata\generated\xtts_v2\outputs\xtts_v2_205240_02380.wav,spoof,hi-en,205240,xtts_v2,xtts_v2,clean,eval
C:\dfdata\generated\xtts_v2\outputs\xtts_v2_912184_01497.wav,spoof,hi-en,912184,xtts_v2,xtts_v2,clean,eval
C:\dfdata\generated\xtts_v2\outputs\xtts_v2_870582_00568.wav,spoof,hi-en,870582,xtts_v2,xtts_v2,clean,eval
C:\dfdata\generated\xtts_v2\outputs\xtts_v2_539354_00761.wav,spoof,hi-en,539354,xtts_v2,xtts_v2,clean,eval
C:\dfdata\generated\xtts_v2\outputs\xtts_v2_322882_02006.wav,spoof,hi-en,322882,xtts_v2,xtts_v2,clean,eval
C:\dfdata\generated\xtts_v2\outputs\xtts_v2_876898_02744.wav,spoof,hi-en,876898,xtts_v2,xtts_v2,clean,eval
C:\dfdata\generated\xtts_v2\outputs\xtts_v2_584991_01763.wav,spoof,hi-en,584991,xtts_v2,xtts_v2,clean,eval
C:\dfdata\generated\xtts_v2\outputs\xtts_v2_850754_01067.wav,spoof,hi-en,850754,xtts_v2,xtts_v2,clean,eval
C:\dfdata\generated\xtts_v2\outputs\xtts_v2_106718_02601.wav,spoof,hi-en,106718,xtts_v2,xtts_v2,clean,eval
C:\dfdata\generated\xtts_v2\outputs\xtts_v2_106718_01401.wav,spoof,hi-en,106718,xtts_v2,xtts_v2,clean,eval
C:\dfdata\generated\xtts_v2\outputs\xtts_v2_584991_03738.wav,spoof,hi-en,584991,xtts_v2,xtts_v2,clean,eval
C:\dfdata\generated\xtts_v2\outputs\xtts_v2_893273_01095.wav,spoof,hi-en,893273,xtts_v2,xtts_v2,clean,eval
C:\dfdata\generated\xtts_v2\outputs\xtts_v2_870582_00943.wav,spoof,hi-en,870582,xtts_v2,xtts_v2,clean,eval
C:\dfdata\generated\xtts_v2\outputs\xtts_v2_912184_02597.wav,spoof,hi-en,912184,xtts_v2,xtts_v2,clean,eval
C:\dfdata\generated\xtts_v2\outputs\xtts_v2_996368_03450.wav,spoof,hi-en,996368,xtts_v2,xtts_v2,clean,eval
C:\dfdata\generated\xtts_v2\outputs\xtts_v2_177570_00853.wav,spoof,hi-en,177570,xtts_v2,xtts_v2,clean,eval
C:\dfdata\generated\xtts_v2\outputs\xtts_v2_870582_03543.wav,spoof,hi-en,870582,xtts_v2,xtts_v2,clean,eval
C:\dfdata\generated\xtts_v2\outputs\xtts_v2_912184_02222.wav,spoof,hi-en,912184,xtts_v2,xtts_v2,clean,eval
C:\dfdata\generated\xtts_v2\outputs\xtts_v2_541304_01312.wav,spoof,hi-en,541304,xtts_v2,xtts_v2,clean,eval
C:\dfdata\generated\xtts_v2\outputs\xtts_v2_893273_02895.wav,spoof,hi-en,893273,xtts_v2,xtts_v2,clean,eval
C:\dfdata\generated\xtts_v2\outputs\xtts_v2_539226_02185.wav,spoof,hi-en,539226,xtts_v2,xtts_v2,clean,eval
C:\dfdata\generated\xtts_v2\outputs\xtts_v2_445718_01408.wav,spoof,hi-en,445718,xtts_v2,xtts_v2,clean,eval
C:\dfdata\generated\xtts_v2\outputs\xtts_v2_912184_01072.wav,spoof,hi-en,912184,xtts_v2,xtts_v2,clean,eval
C:\dfdata\generated\xtts_v2\outputs\xtts_v2_975912_02848.wav,spoof,hi-en,975912,xtts_v2,xtts_v2,clean,eval
C:\dfdata\generated\xtts_v2\outputs\xtts_v2_893273_01045.wav,spoof,hi-en,893273,xtts_v2,xtts_v2,clean,eval
C:\dfdata\generated\xtts_v2\outputs\xtts_v2_205240_00930.wav,spoof,hi-en,205240,xtts_v2,xtts_v2,clean,eval
C:\dfdata\generated\xtts_v2\outputs\xtts_v2_322882_03356.wav,spoof,hi-en,322882,xtts_v2,xtts_v2,clean,eval
C:\dfdata\generated\xtts_v2\outputs\xtts_v2_539354_03136.wav,spoof,hi-en,539354,xtts_v2,xtts_v2,clean,eval
C:\dfdata\generated\xtts_v2\outputs\xtts_v2_996368_03525.wav,spoof,hi-en,996368,xtts_v2,xtts_v2,clean,eval
C:\dfdata\generated\xtts_v2\outputs\xtts_v2_797767_01516.wav,spoof,hi-en,797767,xtts_v2,xtts_v2,clean,eval
C:\dfdata\generated\xtts_v2\outputs\xtts_v2_106718_02801.wav,spoof,hi-en,106718,xtts_v2,xtts_v2,clean,eval
C:\dfdata\generated\xtts_v2\outputs\xtts_v2_413057_02282.wav,spoof,hi-en,413057,xtts_v2,xtts_v2,clean,eval
C:\dfdata\generated\xtts_v2\outputs\xtts_v2_445718_02708.wav,spoof,hi-en,445718,xtts_v2,xtts_v2,clean,eval
C:\dfdata\generated\xtts_v2\outputs\xtts_v2_903756_03846.wav,spoof,hi-en,903756,xtts_v2,xtts_v2,clean,eval
C:\dfdata\generated\xtts_v2\outputs\xtts_v2_996368_02825.wav,spoof,hi-en,996368,xtts_v2,xtts_v2,clean,eval
C:\dfdata\generated\xtts_v2\outputs\xtts_v2_876898_03544.wav,spoof,hi-en,876898,xtts_v2,xtts_v2,clean,eval
C:\dfdata\generated\xtts_v2\outputs\xtts_v2_457295_02309.wav,spoof,hi-en,457295,xtts_v2,xtts_v2,clean,eval
C:\dfdata\generated\xtts_v2\outputs\xtts_v2_797767_02341.wav,spoof,hi-en,797767,xtts_v2,xtts_v2,clean,eval
C:\dfdata\generated\xtts_v2\outputs\xtts_v2_413057_02307.wav,spoof,hi-en,413057,xtts_v2,xtts_v2,clean,eval
C:\dfdata\generated\xtts_v2\outputs\xtts_v2_142970_00277.wav,spoof,hi-en,142970,xtts_v2,xtts_v2,clean,eval
C:\dfdata\generated\xtts_v2\outputs\xtts_v2_903756_03071.wav,spoof,hi-en,903756,xtts_v2,xtts_v2,clean,eval
C:\dfdata\generated\xtts_v2\outputs\xtts_v2_584991_02413.wav,spoof,hi-en,584991,xtts_v2,xtts_v2,clean,eval
C:\dfdata\generated\xtts_v2\outputs\xtts_v2_177570_01553.wav,spoof,hi-en,177570,xtts_v2,xtts_v2,clean,eval
C:\dfdata\generated\xtts_v2\outputs\xtts_v2_539354_01011.wav,spoof,hi-en,539354,xtts_v2,xtts_v2,clean,eval
C:\dfdata\generated\xtts_v2\outputs\xtts_v2_177570_03603.wav,spoof,hi-en,177570,xtts_v2,xtts_v2,clean,eval
C:\dfdata\generated\xtts_v2\outputs\xtts_v2_106718_00201.wav,spoof,hi-en,106718,xtts_v2,xtts_v2,clean,eval
C:\dfdata\generated\xtts_v2\outputs\xtts_v2_413057_02782.wav,spoof,hi-en,413057,xtts_v2,xtts_v2,clean,eval
C:\dfdata\generated\xtts_v2\outputs\xtts_v2_584991_03688.wav,spoof,hi-en,584991,xtts_v2,xtts_v2,clean,eval
C:\dfdata\generated\xtts_v2\outputs\xtts_v2_903756_02546.wav,spoof,hi-en,903756,xtts_v2,xtts_v2,clean,eval
C:\dfdata\generated\xtts_v2\outputs\xtts_v2_912184_02072.wav,spoof,hi-en,912184,xtts_v2,xtts_v2,clean,eval
C:\dfdata\generated\xtts_v2\outputs\xtts_v2_445718_00683.wav,spoof,hi-en,445718,xtts_v2,xtts_v2,clean,eval
C:\dfdata\generated\xtts_v2\outputs\xtts_v2_893273_01670.wav,spoof,hi-en,893273,xtts_v2,xtts_v2,clean,eval
C:\dfdata\generated\xtts_v2\outputs\xtts_v2_870582_01493.wav,spoof,hi-en,870582,xtts_v2,xtts_v2,clean,eval
C:\dfdata\generated\xtts_v2\outputs\xtts_v2_541304_00362.wav,spoof,hi-en,541304,xtts_v2,xtts_v2,clean,eval
C:\dfdata\generated\xtts_v2\outputs\xtts_v2_177570_03678.wav,spoof,hi-en,177570,xtts_v2,xtts_v2,clean,eval
C:\dfdata\generated\xtts_v2\outputs\xtts_v2_797767_02016.wav,spoof,hi-en,797767,xtts_v2,xtts_v2,clean,eval
C:\dfdata\generated\xtts_v2\outputs\xtts_v2_457295_03734.wav,spoof,hi-en,457295,xtts_v2,xtts_v2,clean,eval
C:\dfdata\generated\xtts_v2\outputs\xtts_v2_186783_03079.wav,spoof,hi-en,186783,xtts_v2,xtts_v2,clean,eval
C:\dfdata\generated\xtts_v2\outputs\xtts_v2_445718_03858.wav,spoof,hi-en,445718,xtts_v2,xtts_v2,clean,eval
C:\dfdata\generated\xtts_v2\outputs\xtts_v2_797767_02066.wav,spoof,hi-en,797767,xtts_v2,xtts_v2,clean,eval
C:\dfdata\generated\xtts_v2\outputs\xtts_v2_912184_02272.wav,spoof,hi-en,912184,xtts_v2,xtts_v2,clean,eval
C:\dfdata\generated\xtts_v2\outputs\xtts_v2_413057_01807.wav,spoof,hi-en,413057,xtts_v2,xtts_v2,clean,eval
C:\dfdata\generated\xtts_v2\outputs\xtts_v2_584991_03088.wav,spoof,hi-en,584991,xtts_v2,xtts_v2,clean,eval
C:\dfdata\generated\xtts_v2\outputs\xtts_v2_705494_02690.wav,spoof,hi-en,705494,xtts_v2,xtts_v2,clean,eval
C:\dfdata\generated\xtts_v2\outputs\xtts_v2_106718_03051.wav,spoof,hi-en,106718,xtts_v2,xtts_v2,clean,eval
C:\dfdata\generated\xtts_v2\outputs\xtts_v2_177570_01378.wav,spoof,hi-en,177570,xtts_v2,xtts_v2,clean,eval
C:\dfdata\generated\xtts_v2\outputs\xtts_v2_539226_02735.wav,spoof,hi-en,539226,xtts_v2,xtts_v2,clean,eval
C:\dfdata\generated\xtts_v2\outputs\xtts_v2_912184_03847.wav,spoof,hi-en,912184,xtts_v2,xtts_v2,clean,eval
C:\dfdata\generated\xtts_v2\outputs\xtts_v2_634568_02339.wav,spoof,hi-en,634568,xtts_v2,xtts_v2,clean,eval
C:\dfdata\generated\xtts_v2\outputs\xtts_v2_539226_03285.wav,spoof,hi-en,539226,xtts_v2,xtts_v2,clean,eval
C:\dfdata\generated\xtts_v2\outputs\xtts_v2_205240_03280.wav,spoof,hi-en,205240,xtts_v2,xtts_v2,clean,eval
C:\dfdata\generated\xtts_v2\outputs\xtts_v2_106718_00451.wav,spoof,hi-en,106718,xtts_v2,xtts_v2,clean,eval
C:\dfdata\generated\xtts_v2\outputs\xtts_v2_322882_01081.wav,spoof,hi-en,322882,xtts_v2,xtts_v2,clean,eval
C:\dfdata\generated\xtts_v2\outputs\xtts_v2_205240_00005.wav,spoof,hi-en,205240,xtts_v2,xtts_v2,clean,eval
C:\dfdata\generated\xtts_v2\outputs\xtts_v2_705494_01790.wav,spoof,hi-en,705494,xtts_v2,xtts_v2,clean,eval
C:\dfdata\generated\xtts_v2\outputs\xtts_v2_322882_01481.wav,spoof,hi-en,322882,xtts_v2,xtts_v2,clean,eval
C:\dfdata\generated\xtts_v2\outputs\xtts_v2_539226_01010.wav,spoof,hi-en,539226,xtts_v2,xtts_v2,clean,eval
C:\dfdata\generated\xtts_v2\outputs\xtts_v2_996368_03025.wav,spoof,hi-en,996368,xtts_v2,xtts_v2,clean,eval
C:\dfdata\generated\xtts_v2\outputs\xtts_v2_876898_02319.wav,spoof,hi-en,876898,xtts_v2,xtts_v2,clean,eval
C:\dfdata\generated\xtts_v2\outputs\xtts_v2_186783_02754.wav,spoof,hi-en,186783,xtts_v2,xtts_v2,clean,eval
C:\dfdata\generated\xtts_v2\outputs\xtts_v2_541304_03562.wav,spoof,hi-en,541304,xtts_v2,xtts_v2,clean,eval
C:\dfdata\generated\xtts_v2\outputs\xtts_v2_850754_00517.wav,spoof,hi-en,850754,xtts_v2,xtts_v2,clean,eval
C:\dfdata\generated\xtts_v2\outputs\xtts_v2_186783_02879.wav,spoof,hi-en,186783,xtts_v2,xtts_v2,clean,eval
C:\dfdata\generated\xtts_v2\outputs\xtts_v2_413057_00457.wav,spoof,hi-en,413057,xtts_v2,xtts_v2,clean,eval
C:\dfdata\generated\xtts_v2\outputs\xtts_v2_541304_02487.wav,spoof,hi-en,541304,xtts_v2,xtts_v2,clean,eval
C:\dfdata\generated\xtts_v2\outputs\xtts_v2_797767_03266.wav,spoof,hi-en,797767,xtts_v2,xtts_v2,clean,eval
C:\dfdata\generated\xtts_v2\outputs\xtts_v2_975912_01948.wav,spoof,hi-en,975912,xtts_v2,xtts_v2,clean,eval
C:\dfdata\generated\xtts_v2\outputs\xtts_v2_142970_00627.wav,spoof,hi-en,142970,xtts_v2,xtts_v2,clean,eval
C:\dfdata\generated\xtts_v2\outputs\xtts_v2_705494_02840.wav,spoof,hi-en,705494,xtts_v2,xtts_v2,clean,eval
C:\dfdata\generated\xtts_v2\outputs\xtts_v2_893273_02070.wav,spoof,hi-en,893273,xtts_v2,xtts_v2,clean,eval
C:\dfdata\generated\xtts_v2\outputs\xtts_v2_413057_01632.wav,spoof,hi-en,413057,xtts_v2,xtts_v2,clean,eval
C:\dfdata\generated\xtts_v2\outputs\xtts_v2_539354_01186.wav,spoof,hi-en,539354,xtts_v2,xtts_v2,clean,eval
C:\dfdata\generated\xtts_v2\outputs\xtts_v2_705494_01290.wav,spoof,hi-en,705494,xtts_v2,xtts_v2,clean,eval
C:\dfdata\generated\xtts_v2\outputs\xtts_v2_142970_03252.wav,spoof,hi-en,142970,xtts_v2,xtts_v2,clean,eval
C:\dfdata\generated\xtts_v2\outputs\xtts_v2_457295_00209.wav,spoof,hi-en,457295,xtts_v2,xtts_v2,clean,eval
C:\dfdata\generated\xtts_v2\outputs\xtts_v2_106718_00176.wav,spoof,hi-en,106718,xtts_v2,xtts_v2,clean,eval
C:\dfdata\generated\xtts_v2\outputs\xtts_v2_142970_00252.wav,spoof,hi-en,142970,xtts_v2,xtts_v2,clean,eval
C:\dfdata\generated\xtts_v2\outputs\xtts_v2_912184_03747.wav,spoof,hi-en,912184,xtts_v2,xtts_v2,clean,eval
C:\dfdata\generated\xtts_v2\outputs\xtts_v2_876898_01444.wav,spoof,hi-en,876898,xtts_v2,xtts_v2,clean,eval
C:\dfdata\generated\xtts_v2\outputs\xtts_v2_445718_03183.wav,spoof,hi-en,445718,xtts_v2,xtts_v2,clean,eval
C:\dfdata\generated\xtts_v2\outputs\xtts_v2_142970_03352.wav,spoof,hi-en,142970,xtts_v2,xtts_v2,clean,eval
C:\dfdata\generated\xtts_v2\outputs\xtts_v2_177570_02578.wav,spoof,hi-en,177570,xtts_v2,xtts_v2,clean,eval
C:\dfdata\generated\xtts_v2\outputs\xtts_v2_797767_02841.wav,spoof,hi-en,797767,xtts_v2,xtts_v2,clean,eval
C:\dfdata\generated\xtts_v2\outputs\xtts_v2_903756_03471.wav,spoof,hi-en,903756,xtts_v2,xtts_v2,clean,eval
C:\dfdata\generated\xtts_v2\outputs\xtts_v2_912184_01997.wav,spoof,hi-en,912184,xtts_v2,xtts_v2,clean,eval
C:\dfdata\generated\xtts_v2\outputs\xtts_v2_205240_01955.wav,spoof,hi-en,205240,xtts_v2,xtts_v2,clean,eval
C:\dfdata\generated\xtts_v2\outputs\xtts_v2_870582_03943.wav,spoof,hi-en,870582,xtts_v2,xtts_v2,clean,eval
C:\dfdata\generated\xtts_v2\outputs\xtts_v2_177570_01078.wav,spoof,hi-en,177570,xtts_v2,xtts_v2,clean,eval
C:\dfdata\generated\xtts_v2\outputs\xtts_v2_539226_03185.wav,spoof,hi-en,539226,xtts_v2,xtts_v2,clean,eval
C:\dfdata\generated\xtts_v2\outputs\xtts_v2_142970_00802.wav,spoof,hi-en,142970,xtts_v2,xtts_v2,clean,eval
C:\dfdata\generated\xtts_v2\outputs\xtts_v2_634568_03589.wav,spoof,hi-en,634568,xtts_v2,xtts_v2,clean,eval
C:\dfdata\generated\xtts_v2\outputs\xtts_v2_539226_02460.wav,spoof,hi-en,539226,xtts_v2,xtts_v2,clean,eval
C:\dfdata\generated\xtts_v2\outputs\xtts_v2_539226_00285.wav,spoof,hi-en,539226,xtts_v2,xtts_v2,clean,eval
C:\dfdata\generated\xtts_v2\outputs\xtts_v2_539226_02535.wav,spoof,hi-en,539226,xtts_v2,xtts_v2,clean,eval
C:\dfdata\generated\xtts_v2\outputs\xtts_v2_903756_00021.wav,spoof,hi-en,903756,xtts_v2,xtts_v2,clean,eval
C:\dfdata\generated\xtts_v2\outputs\xtts_v2_541304_03362.wav,spoof,hi-en,541304,xtts_v2,xtts_v2,clean,eval
C:\dfdata\generated\xtts_v2\outputs\xtts_v2_205240_03530.wav,spoof,hi-en,205240,xtts_v2,xtts_v2,clean,eval
C:\dfdata\generated\xtts_v2\outputs\xtts_v2_539226_03910.wav,spoof,hi-en,539226,xtts_v2,xtts_v2,clean,eval
C:\dfdata\generated\xtts_v2\outputs\xtts_v2_912184_01447.wav,spoof,hi-en,912184,xtts_v2,xtts_v2,clean,eval
C:\dfdata\generated\xtts_v2\outputs\xtts_v2_705494_02265.wav,spoof,hi-en,705494,xtts_v2,xtts_v2,clean,eval
C:\dfdata\generated\xtts_v2\outputs\xtts_v2_996368_02275.wav,spoof,hi-en,996368,xtts_v2,xtts_v2,clean,eval
C:\dfdata\generated\xtts_v2\outputs\xtts_v2_893273_03470.wav,spoof,hi-en,893273,xtts_v2,xtts_v2,clean,eval
C:\dfdata\generated\xtts_v2\outputs\xtts_v2_584991_00413.wav,spoof,hi-en,584991,xtts_v2,xtts_v2,clean,eval
C:\dfdata\generated\xtts_v2\outputs\xtts_v2_186783_02704.wav,spoof,hi-en,186783,xtts_v2,xtts_v2,clean,eval
C:\dfdata\generated\xtts_v2\outputs\xtts_v2_870582_02518.wav,spoof,hi-en,870582,xtts_v2,xtts_v2,clean,eval
C:\dfdata\generated\xtts_v2\outputs\xtts_v2_539226_02685.wav,spoof,hi-en,539226,xtts_v2,xtts_v2,clean,eval
C:\dfdata\generated\xtts_v2\outputs\xtts_v2_850754_00442.wav,spoof,hi-en,850754,xtts_v2,xtts_v2,clean,eval
C:\dfdata\generated\xtts_v2\outputs\xtts_v2_893273_02695.wav,spoof,hi-en,893273,xtts_v2,xtts_v2,clean,eval
C:\dfdata\generated\xtts_v2\outputs\xtts_v2_186783_01304.wav,spoof,hi-en,186783,xtts_v2,xtts_v2,clean,eval
C:\dfdata\generated\xtts_v2\outputs\xtts_v2_903756_01171.wav,spoof,hi-en,903756,xtts_v2,xtts_v2,clean,eval
C:\dfdata\generated\xtts_v2\outputs\xtts_v2_850754_00167.wav,spoof,hi-en,850754,xtts_v2,xtts_v2,clean,eval
C:\dfdata\generated\xtts_v2\outputs\xtts_v2_903756_01271.wav,spoof,hi-en,903756,xtts_v2,xtts_v2,clean,eval
C:\dfdata\generated\xtts_v2\outputs\xtts_v2_893273_01545.wav,spoof,hi-en,893273,xtts_v2,xtts_v2,clean,eval
C:\dfdata\generated\xtts_v2\outputs\xtts_v2_205240_02780.wav,spoof,hi-en,205240,xtts_v2,xtts_v2,clean,eval
C:\dfdata\generated\xtts_v2\outputs\xtts_v2_975912_00398.wav,spoof,hi-en,975912,xtts_v2,xtts_v2,clean,eval
C:\dfdata\generated\xtts_v2\outputs\xtts_v2_797767_02166.wav,spoof,hi-en,797767,xtts_v2,xtts_v2,clean,eval
C:\dfdata\generated\xtts_v2\outputs\xtts_v2_705494_02940.wav,spoof,hi-en,705494,xtts_v2,xtts_v2,clean,eval
C:\dfdata\generated\xtts_v2\outputs\xtts_v2_850754_01117.wav,spoof,hi-en,850754,xtts_v2,xtts_v2,clean,eval
C:\dfdata\generated\xtts_v2\outputs\xtts_v2_705494_03290.wav,spoof,hi-en,705494,xtts_v2,xtts_v2,clean,eval
C:\dfdata\generated\xtts_v2\outputs\xtts_v2_975912_02523.wav,spoof,hi-en,975912,xtts_v2,xtts_v2,clean,eval
C:\dfdata\generated\xtts_v2\outputs\xtts_v2_584991_01138.wav,spoof,hi-en,584991,xtts_v2,xtts_v2,clean,eval
C:\dfdata\generated\xtts_v2\outputs\xtts_v2_541304_01737.wav,spoof,hi-en,541304,xtts_v2,xtts_v2,clean,eval
C:\dfdata\generated\xtts_v2\outputs\xtts_v2_797767_02141.wav,spoof,hi-en,797767,xtts_v2,xtts_v2,clean,eval
C:\dfdata\generated\xtts_v2\outputs\xtts_v2_445718_00558.wav,spoof,hi-en,445718,xtts_v2,xtts_v2,clean,eval
C:\dfdata\generated\xtts_v2\outputs\xtts_v2_987461_01024.wav,spoof,hi-en,987461,xtts_v2,xtts_v2,clean,eval
C:\dfdata\generated\xtts_v2\outputs\xtts_v2_975912_02548.wav,spoof,hi-en,975912,xtts_v2,xtts_v2,clean,eval
C:\dfdata\generated\xtts_v2\outputs\xtts_v2_870582_00243.wav,spoof,hi-en,870582,xtts_v2,xtts_v2,clean,eval
C:\dfdata\generated\xtts_v2\outputs\xtts_v2_975912_03648.wav,spoof,hi-en,975912,xtts_v2,xtts_v2,clean,eval
C:\dfdata\generated\xtts_v2\outputs\xtts_v2_457295_00659.wav,spoof,hi-en,457295,xtts_v2,xtts_v2,clean,eval
C:\dfdata\generated\xtts_v2\outputs\xtts_v2_322882_02231.wav,spoof,hi-en,322882,xtts_v2,xtts_v2,clean,eval
C:\dfdata\generated\xtts_v2\outputs\xtts_v2_541304_02562.wav,spoof,hi-en,541304,xtts_v2,xtts_v2,clean,eval
C:\dfdata\generated\xtts_v2\outputs\xtts_v2_413057_02407.wav,spoof,hi-en,413057,xtts_v2,xtts_v2,clean,eval
C:\dfdata\generated\xtts_v2\outputs\xtts_v2_850754_03992.wav,spoof,hi-en,850754,xtts_v2,xtts_v2,clean,eval
C:\dfdata\generated\xtts_v2\outputs\xtts_v2_850754_01942.wav,spoof,hi-en,850754,xtts_v2,xtts_v2,clean,eval
C:\dfdata\generated\xtts_v2\outputs\xtts_v2_634568_02239.wav,spoof,hi-en,634568,xtts_v2,xtts_v2,clean,eval
C:\dfdata\generated\xtts_v2\outputs\xtts_v2_539226_02410.wav,spoof,hi-en,539226,xtts_v2,xtts_v2,clean,eval
C:\dfdata\generated\xtts_v2\outputs\xtts_v2_106718_02401.wav,spoof,hi-en,106718,xtts_v2,xtts_v2,clean,eval
C:\dfdata\generated\xtts_v2\outputs\xtts_v2_996368_02550.wav,spoof,hi-en,996368,xtts_v2,xtts_v2,clean,eval
C:\dfdata\generated\xtts_v2\outputs\xtts_v2_903756_00896.wav,spoof,hi-en,903756,xtts_v2,xtts_v2,clean,eval
C:\dfdata\generated\xtts_v2\outputs\xtts_v2_850754_02742.wav,spoof,hi-en,850754,xtts_v2,xtts_v2,clean,eval
C:\dfdata\generated\xtts_v2\outputs\xtts_v2_876898_02944.wav,spoof,hi-en,876898,xtts_v2,xtts_v2,clean,eval
C:\dfdata\generated\xtts_v2\outputs\xtts_v2_893273_03270.wav,spoof,hi-en,893273,xtts_v2,xtts_v2,clean,eval
C:\dfdata\generated\xtts_v2\outputs\xtts_v2_457295_02784.wav,spoof,hi-en,457295,xtts_v2,xtts_v2,clean,eval
C:\dfdata\generated\xtts_v2\outputs\xtts_v2_322882_03231.wav,spoof,hi-en,322882,xtts_v2,xtts_v2,clean,eval
C:\dfdata\generated\xtts_v2\outputs\xtts_v2_106718_02076.wav,spoof,hi-en,106718,xtts_v2,xtts_v2,clean,eval
C:\dfdata\generated\xtts_v2\outputs\xtts_v2_876898_00094.wav,spoof,hi-en,876898,xtts_v2,xtts_v2,clean,eval
C:\dfdata\generated\xtts_v2\outputs\xtts_v2_322882_01431.wav,spoof,hi-en,322882,xtts_v2,xtts_v2,clean,eval
C:\dfdata\generated\xtts_v2\outputs\xtts_v2_177570_02628.wav,spoof,hi-en,177570,xtts_v2,xtts_v2,clean,eval
C:\dfdata\generated\xtts_v2\outputs\xtts_v2_912184_00072.wav,spoof,hi-en,912184,xtts_v2,xtts_v2,clean,eval
C:\dfdata\generated\xtts_v2\outputs\xtts_v2_912184_01197.wav,spoof,hi-en,912184,xtts_v2,xtts_v2,clean,eval
C:\dfdata\generated\xtts_v2\outputs\xtts_v2_584991_00063.wav,spoof,hi-en,584991,xtts_v2,xtts_v2,clean,eval
C:\dfdata\generated\xtts_v2\outputs\xtts_v2_539354_01611.wav,spoof,hi-en,539354,xtts_v2,xtts_v2,clean,eval
C:\dfdata\generated\xtts_v2\outputs\xtts_v2_584991_00538.wav,spoof,hi-en,584991,xtts_v2,xtts_v2,clean,eval
C:\dfdata\generated\xtts_v2\outputs\xtts_v2_705494_00840.wav,spoof,hi-en,705494,xtts_v2,xtts_v2,clean,eval
C:\dfdata\generated\xtts_v2\outputs\xtts_v2_850754_03017.wav,spoof,hi-en,850754,xtts_v2,xtts_v2,clean,eval
C:\dfdata\generated\xtts_v2\outputs\xtts_v2_876898_01269.wav,spoof,hi-en,876898,xtts_v2,xtts_v2,clean,eval
C:\dfdata\generated\xtts_v2\outputs\xtts_v2_705494_02215.wav,spoof,hi-en,705494,xtts_v2,xtts_v2,clean,eval
C:\dfdata\generated\xtts_v2\outputs\xtts_v2_106718_03726.wav,spoof,hi-en,106718,xtts_v2,xtts_v2,clean,eval
C:\dfdata\generated\xtts_v2\outputs\xtts_v2_584991_00963.wav,spoof,hi-en,584991,xtts_v2,xtts_v2,clean,eval
C:\dfdata\generated\xtts_v2\outputs\xtts_v2_106718_01076.wav,spoof,hi-en,106718,xtts_v2,xtts_v2,clean,eval
C:\dfdata\generated\xtts_v2\outputs\xtts_v2_106718_03551.wav,spoof,hi-en,106718,xtts_v2,xtts_v2,clean,eval
C:\dfdata\generated\xtts_v2\outputs\xtts_v2_975912_00648.wav,spoof,hi-en,975912,xtts_v2,xtts_v2,clean,eval
C:\dfdata\generated\xtts_v2\outputs\xtts_v2_996368_03650.wav,spoof,hi-en,996368,xtts_v2,xtts_v2,clean,eval
C:\dfdata\generated\xtts_v2\outputs\xtts_v2_584991_00713.wav,spoof,hi-en,584991,xtts_v2,xtts_v2,clean,eval
C:\dfdata\generated\xtts_v2\outputs\xtts_v2_177570_00478.wav,spoof,hi-en,177570,xtts_v2,xtts_v2,clean,eval
C:\dfdata\generated\xtts_v2\outputs\xtts_v2_142970_02702.wav,spoof,hi-en,142970,xtts_v2,xtts_v2,clean,eval
C:\dfdata\generated\xtts_v2\outputs\xtts_v2_584991_00238.wav,spoof,hi-en,584991,xtts_v2,xtts_v2,clean,eval
C:\dfdata\generated\xtts_v2\outputs\xtts_v2_322882_02881.wav,spoof,hi-en,322882,xtts_v2,xtts_v2,clean,eval
C:\dfdata\generated\xtts_v2\outputs\xtts_v2_541304_00662.wav,spoof,hi-en,541304,xtts_v2,xtts_v2,clean,eval
C:\dfdata\generated\xtts_v2\outputs\xtts_v2_539226_03385.wav,spoof,hi-en,539226,xtts_v2,xtts_v2,clean,eval
C:\dfdata\generated\xtts_v2\outputs\xtts_v2_205240_00255.wav,spoof,hi-en,205240,xtts_v2,xtts_v2,clean,eval
C:\dfdata\generated\xtts_v2\outputs\xtts_v2_539226_00435.wav,spoof,hi-en,539226,xtts_v2,xtts_v2,clean,eval
C:\dfdata\generated\xtts_v2\outputs\xtts_v2_705494_00215.wav,spoof,hi-en,705494,xtts_v2,xtts_v2,clean,eval
C:\dfdata\generated\xtts_v2\outputs\xtts_v2_142970_02752.wav,spoof,hi-en,142970,xtts_v2,xtts_v2,clean,eval
C:\dfdata\generated\xtts_v2\outputs\xtts_v2_996368_02375.wav,spoof,hi-en,996368,xtts_v2,xtts_v2,clean,eval
C:\dfdata\generated\xtts_v2\outputs\xtts_v2_975912_03148.wav,spoof,hi-en,975912,xtts_v2,xtts_v2,clean,eval
C:\dfdata\generated\xtts_v2\outputs\xtts_v2_322882_00656.wav,spoof,hi-en,322882,xtts_v2,xtts_v2,clean,eval
C:\dfdata\generated\xtts_v2\outputs\xtts_v2_322882_00831.wav,spoof,hi-en,322882,xtts_v2,xtts_v2,clean,eval
C:\dfdata\generated\xtts_v2\outputs\xtts_v2_797767_03341.wav,spoof,hi-en,797767,xtts_v2,xtts_v2,clean,eval
C:\dfdata\generated\xtts_v2\outputs\xtts_v2_457295_01059.wav,spoof,hi-en,457295,xtts_v2,xtts_v2,clean,eval
C:\dfdata\generated\xtts_v2\outputs\xtts_v2_445718_00808.wav,spoof,hi-en,445718,xtts_v2,xtts_v2,clean,eval
C:\dfdata\generated\xtts_v2\outputs\xtts_v2_903756_01971.wav,spoof,hi-en,903756,xtts_v2,xtts_v2,clean,eval
C:\dfdata\generated\xtts_v2\outputs\xtts_v2_205240_01830.wav,spoof,hi-en,205240,xtts_v2,xtts_v2,clean,eval
C:\dfdata\generated\xtts_v2\outputs\xtts_v2_870582_00093.wav,spoof,hi-en,870582,xtts_v2,xtts_v2,clean,eval
C:\dfdata\generated\xtts_v2\outputs\xtts_v2_870582_03043.wav,spoof,hi-en,870582,xtts_v2,xtts_v2,clean,eval
C:\dfdata\generated\xtts_v2\outputs\xtts_v2_106718_02501.wav,spoof,hi-en,106718,xtts_v2,xtts_v2,clean,eval
C:\dfdata\generated\xtts_v2\outputs\xtts_v2_541304_00937.wav,spoof,hi-en,541304,xtts_v2,xtts_v2,clean,eval
C:\dfdata\generated\xtts_v2\outputs\xtts_v2_797767_01541.wav,spoof,hi-en,797767,xtts_v2,xtts_v2,clean,eval
C:\dfdata\generated\xtts_v2\outputs\xtts_v2_177570_03753.wav,spoof,hi-en,177570,xtts_v2,xtts_v2,clean,eval
C:\dfdata\generated\xtts_v2\outputs\xtts_v2_322882_02181.wav,spoof,hi-en,322882,xtts_v2,xtts_v2,clean,eval
C:\dfdata\generated\xtts_v2\outputs\xtts_v2_912184_00022.wav,spoof,hi-en,912184,xtts_v2,xtts_v2,clean,eval
C:\dfdata\generated\xtts_v2\outputs\xtts_v2_186783_01679.wav,spoof,hi-en,186783,xtts_v2,xtts_v2,clean,eval
C:\dfdata\generated\xtts_v2\outputs\xtts_v2_903756_03496.wav,spoof,hi-en,903756,xtts_v2,xtts_v2,clean,eval
C:\dfdata\generated\xtts_v2\outputs\xtts_v2_850754_01667.wav,spoof,hi-en,850754,xtts_v2,xtts_v2,clean,eval
C:\dfdata\generated\xtts_v2\outputs\xtts_v2_876898_03044.wav,spoof,hi-en,876898,xtts_v2,xtts_v2,clean,eval
C:\dfdata\generated\xtts_v2\outputs\xtts_v2_634568_00639.wav,spoof,hi-en,634568,xtts_v2,xtts_v2,clean,eval
C:\dfdata\generated\xtts_v2\outputs\xtts_v2_870582_01818.wav,spoof,hi-en,870582,xtts_v2,xtts_v2,clean,eval
C:\dfdata\generated\xtts_v2\outputs\xtts_v2_142970_02377.wav,spoof,hi-en,142970,xtts_v2,xtts_v2,clean,eval
C:\dfdata\generated\xtts_v2\outputs\xtts_v2_413057_03482.wav,spoof,hi-en,413057,xtts_v2,xtts_v2,clean,eval
C:\dfdata\generated\xtts_v2\outputs\xtts_v2_584991_00288.wav,spoof,hi-en,584991,xtts_v2,xtts_v2,clean,eval
C:\dfdata\generated\xtts_v2\outputs\xtts_v2_912184_02022.wav,spoof,hi-en,912184,xtts_v2,xtts_v2,clean,eval
C:\dfdata\generated\xtts_v2\outputs\xtts_v2_876898_01344.wav,spoof,hi-en,876898,xtts_v2,xtts_v2,clean,eval
C:\dfdata\generated\xtts_v2\outputs\xtts_v2_850754_01742.wav,spoof,hi-en,850754,xtts_v2,xtts_v2,clean,eval
C:\dfdata\generated\xtts_v2\outputs\xtts_v2_797767_02966.wav,spoof,hi-en,797767,xtts_v2,xtts_v2,clean,eval
C:\dfdata\generated\xtts_v2\outputs\xtts_v2_445718_00583.wav,spoof,hi-en,445718,xtts_v2,xtts_v2,clean,eval
C:\dfdata\generated\xtts_v2\outputs\xtts_v2_903756_03421.wav,spoof,hi-en,903756,xtts_v2,xtts_v2,clean,eval
C:\dfdata\generated\xtts_v2\outputs\xtts_v2_893273_00595.wav,spoof,hi-en,893273,xtts_v2,xtts_v2,clean,eval
C:\dfdata\generated\xtts_v2\outputs\xtts_v2_205240_00505.wav,spoof,hi-en,205240,xtts_v2,xtts_v2,clean,eval
C:\dfdata\generated\xtts_v2\outputs\xtts_v2_987461_03849.wav,spoof,hi-en,987461,xtts_v2,xtts_v2,clean,eval
C:\dfdata\generated\xtts_v2\outputs\xtts_v2_850754_00792.wav,spoof,hi-en,850754,xtts_v2,xtts_v2,clean,eval
C:\dfdata\generated\xtts_v2\outputs\xtts_v2_797767_03491.wav,spoof,hi-en,797767,xtts_v2,xtts_v2,clean,eval
C:\dfdata\generated\xtts_v2\outputs\xtts_v2_850754_01867.wav,spoof,hi-en,850754,xtts_v2,xtts_v2,clean,eval
C:\dfdata\generated\xtts_v2\outputs\xtts_v2_205240_02205.wav,spoof,hi-en,205240,xtts_v2,xtts_v2,clean,eval
C:\dfdata\generated\xtts_v2\outputs\xtts_v2_975912_03173.wav,spoof,hi-en,975912,xtts_v2,xtts_v2,clean,eval
C:\dfdata\generated\xtts_v2\outputs\xtts_v2_850754_00142.wav,spoof,hi-en,850754,xtts_v2,xtts_v2,clean,eval
C:\dfdata\generated\xtts_v2\outputs\xtts_v2_539226_00010.wav,spoof,hi-en,539226,xtts_v2,xtts_v2,clean,eval
C:\dfdata\generated\xtts_v2\outputs\xtts_v2_539354_03961.wav,spoof,hi-en,539354,xtts_v2,xtts_v2,clean,eval
C:\dfdata\generated\xtts_v2\outputs\xtts_v2_912184_02122.wav,spoof,hi-en,912184,xtts_v2,xtts_v2,clean,eval
C:\dfdata\generated\xtts_v2\outputs\xtts_v2_177570_00403.wav,spoof,hi-en,177570,xtts_v2,xtts_v2,clean,eval
C:\dfdata\generated\xtts_v2\outputs\xtts_v2_205240_03655.wav,spoof,hi-en,205240,xtts_v2,xtts_v2,clean,eval
C:\dfdata\generated\xtts_v2\outputs\xtts_v2_541304_02337.wav,spoof,hi-en,541304,xtts_v2,xtts_v2,clean,eval
C:\dfdata\generated\xtts_v2\outputs\xtts_v2_975912_01173.wav,spoof,hi-en,975912,xtts_v2,xtts_v2,clean,eval
C:\dfdata\generated\xtts_v2\outputs\xtts_v2_893273_01120.wav,spoof,hi-en,893273,xtts_v2,xtts_v2,clean,eval
C:\dfdata\generated\xtts_v2\outputs\xtts_v2_797767_01666.wav,spoof,hi-en,797767,xtts_v2,xtts_v2,clean,eval
C:\dfdata\generated\xtts_v2\outputs\xtts_v2_539226_00160.wav,spoof,hi-en,539226,xtts_v2,xtts_v2,clean,eval
C:\dfdata\generated\xtts_v2\outputs\xtts_v2_705494_01815.wav,spoof,hi-en,705494,xtts_v2,xtts_v2,clean,eval
C:\dfdata\generated\xtts_v2\outputs\xtts_v2_850754_03392.wav,spoof,hi-en,850754,xtts_v2,xtts_v2,clean,eval
C:\dfdata\generated\xtts_v2\outputs\xtts_v2_322882_01881.wav,spoof,hi-en,322882,xtts_v2,xtts_v2,clean,eval
C:\dfdata\generated\xtts_v2\outputs\xtts_v2_186783_00454.wav,spoof,hi-en,186783,xtts_v2,xtts_v2,clean,eval
C:\dfdata\generated\xtts_v2\outputs\xtts_v2_870582_02768.wav,spoof,hi-en,870582,xtts_v2,xtts_v2,clean,eval
C:\dfdata\generated\xtts_v2\outputs\xtts_v2_413057_01607.wav,spoof,hi-en,413057,xtts_v2,xtts_v2,clean,eval
C:\dfdata\generated\xtts_v2\outputs\xtts_v2_912184_03947.wav,spoof,hi-en,912184,xtts_v2,xtts_v2,clean,eval
C:\dfdata\generated\xtts_v2\outputs\xtts_v2_903756_01321.wav,spoof,hi-en,903756,xtts_v2,xtts_v2,clean,eval
C:\dfdata\generated\xtts_v2\outputs\xtts_v2_322882_03731.wav,spoof,hi-en,322882,xtts_v2,xtts_v2,clean,eval
C:\dfdata\generated\xtts_v2\outputs\xtts_v2_177570_03978.wav,spoof,hi-en,177570,xtts_v2,xtts_v2,clean,eval
C:\dfdata\generated\xtts_v2\outputs\xtts_v2_996368_00625.wav,spoof,hi-en,996368,xtts_v2,xtts_v2,clean,eval
C:\dfdata\generated\xtts_v2\outputs\xtts_v2_539226_00885.wav,spoof,hi-en,539226,xtts_v2,xtts_v2,clean,eval
C:\dfdata\generated\xtts_v2\outputs\xtts_v2_987461_01149.wav,spoof,hi-en,987461,xtts_v2,xtts_v2,clean,eval
C:\dfdata\generated\xtts_v2\outputs\xtts_v2_876898_03269.wav,spoof,hi-en,876898,xtts_v2,xtts_v2,clean,eval
C:\dfdata\generated\xtts_v2\outputs\xtts_v2_445718_03708.wav,spoof,hi-en,445718,xtts_v2,xtts_v2,clean,eval
C:\dfdata\generated\xtts_v2\outputs\xtts_v2_177570_01053.wav,spoof,hi-en,177570,xtts_v2,xtts_v2,clean,eval
C:\dfdata\generated\xtts_v2\outputs\xtts_v2_850754_00242.wav,spoof,hi-en,850754,xtts_v2,xtts_v2,clean,eval
C:\dfdata\generated\xtts_v2\outputs\xtts_v2_142970_02302.wav,spoof,hi-en,142970,xtts_v2,xtts_v2,clean,eval
C:\dfdata\generated\xtts_v2\outputs\xtts_v2_797767_03316.wav,spoof,hi-en,797767,xtts_v2,xtts_v2,clean,eval
C:\dfdata\generated\xtts_v2\outputs\xtts_v2_705494_02665.wav,spoof,hi-en,705494,xtts_v2,xtts_v2,clean,eval
C:\dfdata\generated\xtts_v2\outputs\xtts_v2_322882_01131.wav,spoof,hi-en,322882,xtts_v2,xtts_v2,clean,eval
C:\dfdata\generated\xtts_v2\outputs\xtts_v2_893273_00070.wav,spoof,hi-en,893273,xtts_v2,xtts_v2,clean,eval
C:\dfdata\generated\xtts_v2\outputs\xtts_v2_142970_01752.wav,spoof,hi-en,142970,xtts_v2,xtts_v2,clean,eval
C:\dfdata\generated\xtts_v2\outputs\xtts_v2_705494_02240.wav,spoof,hi-en,705494,xtts_v2,xtts_v2,clean,eval
C:\dfdata\generated\xtts_v2\outputs\xtts_v2_445718_00883.wav,spoof,hi-en,445718,xtts_v2,xtts_v2,clean,eval
C:\dfdata\generated\xtts_v2\outputs\xtts_v2_634568_03514.wav,spoof,hi-en,634568,xtts_v2,xtts_v2,clean,eval
C:\dfdata\generated\xtts_v2\outputs\xtts_v2_445718_03233.wav,spoof,hi-en,445718,xtts_v2,xtts_v2,clean,eval
C:\dfdata\generated\xtts_v2\outputs\xtts_v2_413057_03107.wav,spoof,hi-en,413057,xtts_v2,xtts_v2,clean,eval
C:\dfdata\generated\xtts_v2\outputs\xtts_v2_445718_03608.wav,spoof,hi-en,445718,xtts_v2,xtts_v2,clean,eval
C:\dfdata\generated\xtts_v2\outputs\xtts_v2_539354_01961.wav,spoof,hi-en,539354,xtts_v2,xtts_v2,clean,eval
C:\dfdata\generated\xtts_v2\outputs\xtts_v2_539226_02010.wav,spoof,hi-en,539226,xtts_v2,xtts_v2,clean,eval
C:\dfdata\generated\xtts_v2\outputs\xtts_v2_893273_02770.wav,spoof,hi-en,893273,xtts_v2,xtts_v2,clean,eval
C:\dfdata\generated\xtts_v2\outputs\xtts_v2_457295_03059.wav,spoof,hi-en,457295,xtts_v2,xtts_v2,clean,eval
C:\dfdata\generated\xtts_v2\outputs\xtts_v2_205240_02505.wav,spoof,hi-en,205240,xtts_v2,xtts_v2,clean,eval
C:\dfdata\generated\xtts_v2\outputs\xtts_v2_322882_03131.wav,spoof,hi-en,322882,xtts_v2,xtts_v2,clean,eval
C:\dfdata\generated\xtts_v2\outputs\xtts_v2_539354_01386.wav,spoof,hi-en,539354,xtts_v2,xtts_v2,clean,eval
C:\dfdata\generated\xtts_v2\outputs\xtts_v2_705494_01865.wav,spoof,hi-en,705494,xtts_v2,xtts_v2,clean,eval
C:\dfdata\generated\xtts_v2\outputs\xtts_v2_106718_02651.wav,spoof,hi-en,106718,xtts_v2,xtts_v2,clean,eval
C:\dfdata\generated\xtts_v2\outputs\xtts_v2_445718_00083.wav,spoof,hi-en,445718,xtts_v2,xtts_v2,clean,eval
C:\dfdata\generated\xtts_v2\outputs\xtts_v2_106718_00276.wav,spoof,hi-en,106718,xtts_v2,xtts_v2,clean,eval
C:\dfdata\generated\xtts_v2\outputs\xtts_v2_903756_03821.wav,spoof,hi-en,903756,xtts_v2,xtts_v2,clean,eval
C:\dfdata\generated\xtts_v2\outputs\xtts_v2_205240_00105.wav,spoof,hi-en,205240,xtts_v2,xtts_v2,clean,eval
C:\dfdata\generated\xtts_v2\outputs\xtts_v2_975912_02948.wav,spoof,hi-en,975912,xtts_v2,xtts_v2,clean,eval
C:\dfdata\generated\xtts_v2\outputs\xtts_v2_177570_03528.wav,spoof,hi-en,177570,xtts_v2,xtts_v2,clean,eval
C:\dfdata\generated\xtts_v2\outputs\xtts_v2_912184_02772.wav,spoof,hi-en,912184,xtts_v2,xtts_v2,clean,eval
C:\dfdata\generated\xtts_v2\outputs\xtts_v2_457295_01734.wav,spoof,hi-en,457295,xtts_v2,xtts_v2,clean,eval
C:\dfdata\generated\xtts_v2\outputs\xtts_v2_142970_01002.wav,spoof,hi-en,142970,xtts_v2,xtts_v2,clean,eval
C:\dfdata\generated\xtts_v2\outputs\xtts_v2_322882_03181.wav,spoof,hi-en,322882,xtts_v2,xtts_v2,clean,eval
C:\dfdata\generated\xtts_v2\outputs\xtts_v2_987461_02724.wav,spoof,hi-en,987461,xtts_v2,xtts_v2,clean,eval
C:\dfdata\generated\xtts_v2\outputs\xtts_v2_850754_03067.wav,spoof,hi-en,850754,xtts_v2,xtts_v2,clean,eval
C:\dfdata\generated\xtts_v2\outputs\xtts_v2_541304_01462.wav,spoof,hi-en,541304,xtts_v2,xtts_v2,clean,eval
C:\dfdata\generated\xtts_v2\outputs\xtts_v2_850754_01792.wav,spoof,hi-en,850754,xtts_v2,xtts_v2,clean,eval
C:\dfdata\generated\xtts_v2\outputs\xtts_v2_705494_02565.wav,spoof,hi-en,705494,xtts_v2,xtts_v2,clean,eval
C:\dfdata\generated\xtts_v2\outputs\xtts_v2_584991_00938.wav,spoof,hi-en,584991,xtts_v2,xtts_v2,clean,eval
C:\dfdata\generated\xtts_v2\outputs\xtts_v2_870582_02418.wav,spoof,hi-en,870582,xtts_v2,xtts_v2,clean,eval
C:\dfdata\generated\xtts_v2\outputs\xtts_v2_413057_02532.wav,spoof,hi-en,413057,xtts_v2,xtts_v2,clean,eval
C:\dfdata\generated\xtts_v2\outputs\xtts_v2_987461_00624.wav,spoof,hi-en,987461,xtts_v2,xtts_v2,clean,eval
C:\dfdata\generated\xtts_v2\outputs\xtts_v2_142970_03927.wav,spoof,hi-en,142970,xtts_v2,xtts_v2,clean,eval
C:\dfdata\generated\xtts_v2\outputs\xtts_v2_106718_03901.wav,spoof,hi-en,106718,xtts_v2,xtts_v2,clean,eval
C:\dfdata\generated\xtts_v2\outputs\xtts_v2_996368_02350.wav,spoof,hi-en,996368,xtts_v2,xtts_v2,clean,eval
C:\dfdata\generated\xtts_v2\outputs\xtts_v2_996368_00475.wav,spoof,hi-en,996368,xtts_v2,xtts_v2,clean,eval
C:\dfdata\generated\xtts_v2\outputs\xtts_v2_106718_00751.wav,spoof,hi-en,106718,xtts_v2,xtts_v2,clean,eval
C:\dfdata\generated\xtts_v2\outputs\xtts_v2_186783_00304.wav,spoof,hi-en,186783,xtts_v2,xtts_v2,clean,eval
C:\dfdata\generated\xtts_v2\outputs\xtts_v2_584991_02463.wav,spoof,hi-en,584991,xtts_v2,xtts_v2,clean,eval
C:\dfdata\generated\xtts_v2\outputs\xtts_v2_584991_01963.wav,spoof,hi-en,584991,xtts_v2,xtts_v2,clean,eval
C:\dfdata\generated\xtts_v2\outputs\xtts_v2_893273_01595.wav,spoof,hi-en,893273,xtts_v2,xtts_v2,clean,eval
C:\dfdata\generated\xtts_v2\outputs\xtts_v2_457295_03934.wav,spoof,hi-en,457295,xtts_v2,xtts_v2,clean,eval
C:\dfdata\generated\xtts_v2\outputs\xtts_v2_322882_00181.wav,spoof,hi-en,322882,xtts_v2,xtts_v2,clean,eval
C:\dfdata\generated\xtts_v2\outputs\xtts_v2_893273_03095.wav,spoof,hi-en,893273,xtts_v2,xtts_v2,clean,eval
C:\dfdata\generated\xtts_v2\outputs\xtts_v2_413057_01057.wav,spoof,hi-en,413057,xtts_v2,xtts_v2,clean,eval
C:\dfdata\generated\xtts_v2\outputs\xtts_v2_876898_03794.wav,spoof,hi-en,876898,xtts_v2,xtts_v2,clean,eval
C:\dfdata\generated\xtts_v2\outputs\xtts_v2_634568_02264.wav,spoof,hi-en,634568,xtts_v2,xtts_v2,clean,eval
C:\dfdata\generated\xtts_v2\outputs\xtts_v2_457295_01134.wav,spoof,hi-en,457295,xtts_v2,xtts_v2,clean,eval
C:\dfdata\generated\xtts_v2\outputs\xtts_v2_996368_01875.wav,spoof,hi-en,996368,xtts_v2,xtts_v2,clean,eval
C:\dfdata\generated\xtts_v2\outputs\xtts_v2_850754_00842.wav,spoof,hi-en,850754,xtts_v2,xtts_v2,clean,eval
C:\dfdata\generated\xtts_v2\outputs\xtts_v2_634568_02139.wav,spoof,hi-en,634568,xtts_v2,xtts_v2,clean,eval
C:\dfdata\generated\xtts_v2\outputs\xtts_v2_870582_02968.wav,spoof,hi-en,870582,xtts_v2,xtts_v2,clean,eval
C:\dfdata\generated\xtts_v2\outputs\xtts_v2_893273_00520.wav,spoof,hi-en,893273,xtts_v2,xtts_v2,clean,eval
C:\dfdata\generated\xtts_v2\outputs\xtts_v2_445718_02833.wav,spoof,hi-en,445718,xtts_v2,xtts_v2,clean,eval
C:\dfdata\generated\xtts_v2\outputs\xtts_v2_903756_03396.wav,spoof,hi-en,903756,xtts_v2,xtts_v2,clean,eval
C:\dfdata\generated\xtts_v2\outputs\xtts_v2_445718_02233.wav,spoof,hi-en,445718,xtts_v2,xtts_v2,clean,eval
C:\dfdata\generated\xtts_v2\outputs\xtts_v2_634568_01339.wav,spoof,hi-en,634568,xtts_v2,xtts_v2,clean,eval
C:\dfdata\generated\xtts_v2\outputs\xtts_v2_996368_01225.wav,spoof,hi-en,996368,xtts_v2,xtts_v2,clean,eval
C:\dfdata\generated\xtts_v2\outputs\xtts_v2_541304_00537.wav,spoof,hi-en,541304,xtts_v2,xtts_v2,clean,eval
C:\dfdata\generated\xtts_v2\outputs\xtts_v2_322882_01706.wav,spoof,hi-en,322882,xtts_v2,xtts_v2,clean,eval
C:\dfdata\generated\xtts_v2\outputs\xtts_v2_705494_01340.wav,spoof,hi-en,705494,xtts_v2,xtts_v2,clean,eval
C:\dfdata\generated\xtts_v2\outputs\xtts_v2_541304_00412.wav,spoof,hi-en,541304,xtts_v2,xtts_v2,clean,eval
C:\dfdata\generated\xtts_v2\outputs\xtts_v2_996368_00600.wav,spoof,hi-en,996368,xtts_v2,xtts_v2,clean,eval
C:\dfdata\generated\xtts_v2\outputs\xtts_v2_903756_00371.wav,spoof,hi-en,903756,xtts_v2,xtts_v2,clean,eval
C:\dfdata\generated\xtts_v2\outputs\xtts_v2_106718_02776.wav,spoof,hi-en,106718,xtts_v2,xtts_v2,clean,eval
C:\dfdata\generated\xtts_v2\outputs\xtts_v2_705494_00490.wav,spoof,hi-en,705494,xtts_v2,xtts_v2,clean,eval
C:\dfdata\generated\xtts_v2\outputs\xtts_v2_413057_02082.wav,spoof,hi-en,413057,xtts_v2,xtts_v2,clean,eval
C:\dfdata\generated\xtts_v2\outputs\xtts_v2_996368_00800.wav,spoof,hi-en,996368,xtts_v2,xtts_v2,clean,eval
C:\dfdata\generated\xtts_v2\outputs\xtts_v2_876898_01894.wav,spoof,hi-en,876898,xtts_v2,xtts_v2,clean,eval
C:\dfdata\generated\xtts_v2\outputs\xtts_v2_539354_02936.wav,spoof,hi-en,539354,xtts_v2,xtts_v2,clean,eval
C:\dfdata\generated\xtts_v2\outputs\xtts_v2_445718_01058.wav,spoof,hi-en,445718,xtts_v2,xtts_v2,clean,eval
C:\dfdata\generated\xtts_v2\outputs\xtts_v2_539226_03085.wav,spoof,hi-en,539226,xtts_v2,xtts_v2,clean,eval
C:\dfdata\generated\xtts_v2\outputs\xtts_v2_876898_02469.wav,spoof,hi-en,876898,xtts_v2,xtts_v2,clean,eval
C:\dfdata\generated\xtts_v2\outputs\xtts_v2_457295_01984.wav,spoof,hi-en,457295,xtts_v2,xtts_v2,clean,eval
C:\dfdata\generated\xtts_v2\outputs\xtts_v2_903756_03296.wav,spoof,hi-en,903756,xtts_v2,xtts_v2,clean,eval
C:\dfdata\generated\xtts_v2\outputs\xtts_v2_705494_00640.wav,spoof,hi-en,705494,xtts_v2,xtts_v2,clean,eval
C:\dfdata\generated\xtts_v2\outputs\xtts_v2_106718_01826.wav,spoof,hi-en,106718,xtts_v2,xtts_v2,clean,eval
C:\dfdata\generated\xtts_v2\outputs\xtts_v2_996368_01125.wav,spoof,hi-en,996368,xtts_v2,xtts_v2,clean,eval
C:\dfdata\generated\xtts_v2\outputs\xtts_v2_457295_03359.wav,spoof,hi-en,457295,xtts_v2,xtts_v2,clean,eval
C:\dfdata\generated\xtts_v2\outputs\xtts_v2_975912_00273.wav,spoof,hi-en,975912,xtts_v2,xtts_v2,clean,eval
C:\dfdata\generated\xtts_v2\outputs\xtts_v2_541304_01687.wav,spoof,hi-en,541304,xtts_v2,xtts_v2,clean,eval
C:\dfdata\generated\xtts_v2\outputs\xtts_v2_850754_02017.wav,spoof,hi-en,850754,xtts_v2,xtts_v2,clean,eval
C:\dfdata\generated\xtts_v2\outputs\xtts_v2_142970_01652.wav,spoof,hi-en,142970,xtts_v2,xtts_v2,clean,eval
C:\dfdata\generated\xtts_v2\outputs\xtts_v2_539354_00711.wav,spoof,hi-en,539354,xtts_v2,xtts_v2,clean,eval
C:\dfdata\generated\xtts_v2\outputs\xtts_v2_539354_02111.wav,spoof,hi-en,539354,xtts_v2,xtts_v2,clean,eval
C:\dfdata\generated\xtts_v2\outputs\xtts_v2_205240_01805.wav,spoof,hi-en,205240,xtts_v2,xtts_v2,clean,eval
C:\dfdata\generated\xtts_v2\outputs\xtts_v2_142970_03777.wav,spoof,hi-en,142970,xtts_v2,xtts_v2,clean,eval
C:\dfdata\generated\xtts_v2\outputs\xtts_v2_870582_01643.wav,spoof,hi-en,870582,xtts_v2,xtts_v2,clean,eval
C:\dfdata\generated\xtts_v2\outputs\xtts_v2_457295_01234.wav,spoof,hi-en,457295,xtts_v2,xtts_v2,clean,eval
C:\dfdata\generated\xtts_v2\outputs\xtts_v2_797767_03916.wav,spoof,hi-en,797767,xtts_v2,xtts_v2,clean,eval
C:\dfdata\generated\xtts_v2\outputs\xtts_v2_705494_03865.wav,spoof,hi-en,705494,xtts_v2,xtts_v2,clean,eval
C:\dfdata\generated\xtts_v2\outputs\xtts_v2_322882_01181.wav,spoof,hi-en,322882,xtts_v2,xtts_v2,clean,eval
C:\dfdata\generated\xtts_v2\outputs\xtts_v2_876898_02844.wav,spoof,hi-en,876898,xtts_v2,xtts_v2,clean,eval
C:\dfdata\generated\xtts_v2\outputs\xtts_v2_870582_01618.wav,spoof,hi-en,870582,xtts_v2,xtts_v2,clean,eval
C:\dfdata\generated\xtts_v2\outputs\xtts_v2_177570_00928.wav,spoof,hi-en,177570,xtts_v2,xtts_v2,clean,eval
C:\dfdata\generated\xtts_v2\outputs\xtts_v2_177570_02378.wav,spoof,hi-en,177570,xtts_v2,xtts_v2,clean,eval
C:\dfdata\generated\xtts_v2\outputs\xtts_v2_322882_01006.wav,spoof,hi-en,322882,xtts_v2,xtts_v2,clean,eval
C:\dfdata\generated\xtts_v2\outputs\xtts_v2_903756_01121.wav,spoof,hi-en,903756,xtts_v2,xtts_v2,clean,eval
C:\dfdata\generated\xtts_v2\outputs\xtts_v2_142970_02902.wav,spoof,hi-en,142970,xtts_v2,xtts_v2,clean,eval
C:\dfdata\generated\xtts_v2\outputs\xtts_v2_584991_03813.wav,spoof,hi-en,584991,xtts_v2,xtts_v2,clean,eval
C:\dfdata\generated\xtts_v2\outputs\xtts_v2_876898_00994.wav,spoof,hi-en,876898,xtts_v2,xtts_v2,clean,eval
C:\dfdata\generated\xtts_v2\outputs\xtts_v2_322882_03481.wav,spoof,hi-en,322882,xtts_v2,xtts_v2,clean,eval
C:\dfdata\generated\xtts_v2\outputs\xtts_v2_186783_03654.wav,spoof,hi-en,186783,xtts_v2,xtts_v2,clean,eval
C:\dfdata\generated\xtts_v2\outputs\xtts_v2_987461_01074.wav,spoof,hi-en,987461,xtts_v2,xtts_v2,clean,eval
C:\dfdata\generated\xtts_v2\outputs\xtts_v2_541304_00687.wav,spoof,hi-en,541304,xtts_v2,xtts_v2,clean,eval
C:\dfdata\generated\xtts_v2\outputs\xtts_v2_413057_03782.wav,spoof,hi-en,413057,xtts_v2,xtts_v2,clean,eval
C:\dfdata\generated\xtts_v2\outputs\xtts_v2_987461_02149.wav,spoof,hi-en,987461,xtts_v2,xtts_v2,clean,eval
C:\dfdata\generated\xtts_v2\outputs\xtts_v2_541304_01987.wav,spoof,hi-en,541304,xtts_v2,xtts_v2,clean,eval
C:\dfdata\generated\xtts_v2\outputs\xtts_v2_634568_03839.wav,spoof,hi-en,634568,xtts_v2,xtts_v2,clean,eval
C:\dfdata\generated\xtts_v2\outputs\xtts_v2_996368_02075.wav,spoof,hi-en,996368,xtts_v2,xtts_v2,clean,eval
C:\dfdata\generated\xtts_v2\outputs\xtts_v2_876898_02019.wav,spoof,hi-en,876898,xtts_v2,xtts_v2,clean,eval
C:\dfdata\generated\xtts_v2\outputs\xtts_v2_996368_02925.wav,spoof,hi-en,996368,xtts_v2,xtts_v2,clean,eval
C:\dfdata\generated\xtts_v2\outputs\xtts_v2_634568_02414.wav,spoof,hi-en,634568,xtts_v2,xtts_v2,clean,eval
C:\dfdata\generated\xtts_v2\outputs\xtts_v2_850754_02642.wav,spoof,hi-en,850754,xtts_v2,xtts_v2,clean,eval
C:\dfdata\generated\xtts_v2\outputs\xtts_v2_903756_01646.wav,spoof,hi-en,903756,xtts_v2,xtts_v2,clean,eval
C:\dfdata\generated\xtts_v2\outputs\xtts_v2_177570_00353.wav,spoof,hi-en,177570,xtts_v2,xtts_v2,clean,eval
C:\dfdata\generated\xtts_v2\outputs\xtts_v2_893273_02545.wav,spoof,hi-en,893273,xtts_v2,xtts_v2,clean,eval
C:\dfdata\generated\xtts_v2\outputs\xtts_v2_457295_00484.wav,spoof,hi-en,457295,xtts_v2,xtts_v2,clean,eval
C:\dfdata\generated\xtts_v2\outputs\xtts_v2_797767_02041.wav,spoof,hi-en,797767,xtts_v2,xtts_v2,clean,eval
C:\dfdata\generated\xtts_v2\outputs\xtts_v2_876898_01619.wav,spoof,hi-en,876898,xtts_v2,xtts_v2,clean,eval
C:\dfdata\generated\xtts_v2\outputs\xtts_v2_177570_03553.wav,spoof,hi-en,177570,xtts_v2,xtts_v2,clean,eval
C:\dfdata\generated\xtts_v2\outputs\xtts_v2_996368_03200.wav,spoof,hi-en,996368,xtts_v2,xtts_v2,clean,eval
C:\dfdata\generated\xtts_v2\outputs\xtts_v2_539354_01161.wav,spoof,hi-en,539354,xtts_v2,xtts_v2,clean,eval
C:\dfdata\generated\xtts_v2\outputs\xtts_v2_413057_00432.wav,spoof,hi-en,413057,xtts_v2,xtts_v2,clean,eval
C:\dfdata\generated\xtts_v2\outputs\xtts_v2_584991_03513.wav,spoof,hi-en,584991,xtts_v2,xtts_v2,clean,eval
C:\dfdata\generated\xtts_v2\outputs\xtts_v2_186783_00979.wav,spoof,hi-en,186783,xtts_v2,xtts_v2,clean,eval
C:\dfdata\generated\xtts_v2\outputs\xtts_v2_797767_03066.wav,spoof,hi-en,797767,xtts_v2,xtts_v2,clean,eval
C:\dfdata\generated\xtts_v2\outputs\xtts_v2_322882_00131.wav,spoof,hi-en,322882,xtts_v2,xtts_v2,clean,eval
C:\dfdata\generated\xtts_v2\outputs\xtts_v2_177570_00203.wav,spoof,hi-en,177570,xtts_v2,xtts_v2,clean,eval
C:\dfdata\generated\xtts_v2\outputs\xtts_v2_870582_00368.wav,spoof,hi-en,870582,xtts_v2,xtts_v2,clean,eval
C:\dfdata\generated\xtts_v2\outputs\xtts_v2_322882_01306.wav,spoof,hi-en,322882,xtts_v2,xtts_v2,clean,eval
C:\dfdata\generated\xtts_v2\outputs\xtts_v2_705494_02115.wav,spoof,hi-en,705494,xtts_v2,xtts_v2,clean,eval
C:\dfdata\generated\xtts_v2\outputs\xtts_v2_975912_00598.wav,spoof,hi-en,975912,xtts_v2,xtts_v2,clean,eval
C:\dfdata\generated\xtts_v2\outputs\xtts_v2_413057_01707.wav,spoof,hi-en,413057,xtts_v2,xtts_v2,clean,eval
C:\dfdata\generated\xtts_v2\outputs\xtts_v2_705494_02765.wav,spoof,hi-en,705494,xtts_v2,xtts_v2,clean,eval
C:\dfdata\generated\xtts_v2\outputs\xtts_v2_797767_03966.wav,spoof,hi-en,797767,xtts_v2,xtts_v2,clean,eval
C:\dfdata\generated\xtts_v2\outputs\xtts_v2_634568_01964.wav,spoof,hi-en,634568,xtts_v2,xtts_v2,clean,eval
C:\dfdata\generated\xtts_v2\outputs\xtts_v2_797767_03666.wav,spoof,hi-en,797767,xtts_v2,xtts_v2,clean,eval
C:\dfdata\generated\xtts_v2\outputs\xtts_v2_177570_03403.wav,spoof,hi-en,177570,xtts_v2,xtts_v2,clean,eval
C:\dfdata\generated\xtts_v2\outputs\xtts_v2_850754_01142.wav,spoof,hi-en,850754,xtts_v2,xtts_v2,clean,eval
C:\dfdata\generated\xtts_v2\outputs\xtts_v2_912184_03272.wav,spoof,hi-en,912184,xtts_v2,xtts_v2,clean,eval
C:\dfdata\generated\xtts_v2\outputs\xtts_v2_893273_02720.wav,spoof,hi-en,893273,xtts_v2,xtts_v2,clean,eval
C:\dfdata\generated\xtts_v2\outputs\xtts_v2_870582_00218.wav,spoof,hi-en,870582,xtts_v2,xtts_v2,clean,eval
C:\dfdata\generated\xtts_v2\outputs\xtts_v2_445718_00208.wav,spoof,hi-en,445718,xtts_v2,xtts_v2,clean,eval
C:\dfdata\generated\xtts_v2\outputs\xtts_v2_634568_01414.wav,spoof,hi-en,634568,xtts_v2,xtts_v2,clean,eval
C:\dfdata\generated\xtts_v2\outputs\xtts_v2_584991_03863.wav,spoof,hi-en,584991,xtts_v2,xtts_v2,clean,eval
C:\dfdata\generated\xtts_v2\outputs\xtts_v2_903756_02071.wav,spoof,hi-en,903756,xtts_v2,xtts_v2,clean,eval
C:\dfdata\generated\xtts_v2\outputs\xtts_v2_177570_01678.wav,spoof,hi-en,177570,xtts_v2,xtts_v2,clean,eval
C:\dfdata\generated\xtts_v2\outputs\xtts_v2_893273_03395.wav,spoof,hi-en,893273,xtts_v2,xtts_v2,clean,eval
C:\dfdata\generated\xtts_v2\outputs\xtts_v2_106718_02126.wav,spoof,hi-en,106718,xtts_v2,xtts_v2,clean,eval
C:\dfdata\generated\xtts_v2\outputs\xtts_v2_705494_00915.wav,spoof,hi-en,705494,xtts_v2,xtts_v2,clean,eval
C:\dfdata\generated\xtts_v2\outputs\xtts_v2_541304_02537.wav,spoof,hi-en,541304,xtts_v2,xtts_v2,clean,eval
C:\dfdata\generated\xtts_v2\outputs\xtts_v2_996368_02125.wav,spoof,hi-en,996368,xtts_v2,xtts_v2,clean,eval
C:\dfdata\generated\xtts_v2\outputs\xtts_v2_186783_02654.wav,spoof,hi-en,186783,xtts_v2,xtts_v2,clean,eval
C:\dfdata\generated\xtts_v2\outputs\xtts_v2_584991_02188.wav,spoof,hi-en,584991,xtts_v2,xtts_v2,clean,eval
C:\dfdata\generated\xtts_v2\outputs\xtts_v2_541304_01187.wav,spoof,hi-en,541304,xtts_v2,xtts_v2,clean,eval
C:\dfdata\generated\xtts_v2\outputs\xtts_v2_142970_01302.wav,spoof,hi-en,142970,xtts_v2,xtts_v2,clean,eval
C:\dfdata\generated\xtts_v2\outputs\xtts_v2_912184_02897.wav,spoof,hi-en,912184,xtts_v2,xtts_v2,clean,eval
C:\dfdata\generated\xtts_v2\outputs\xtts_v2_870582_03143.wav,spoof,hi-en,870582,xtts_v2,xtts_v2,clean,eval
C:\dfdata\generated\xtts_v2\outputs\xtts_v2_539226_03960.wav,spoof,hi-en,539226,xtts_v2,xtts_v2,clean,eval
C:\dfdata\generated\xtts_v2\outputs\xtts_v2_177570_02303.wav,spoof,hi-en,177570,xtts_v2,xtts_v2,clean,eval
C:\dfdata\generated\xtts_v2\outputs\xtts_v2_903756_03896.wav,spoof,hi-en,903756,xtts_v2,xtts_v2,clean,eval
C:\dfdata\generated\xtts_v2\outputs\xtts_v2_912184_03897.wav,spoof,hi-en,912184,xtts_v2,xtts_v2,clean,eval
C:\dfdata\generated\xtts_v2\outputs\xtts_v2_413057_00007.wav,spoof,hi-en,413057,xtts_v2,xtts_v2,clean,eval
C:\dfdata\generated\xtts_v2\outputs\xtts_v2_634568_01264.wav,spoof,hi-en,634568,xtts_v2,xtts_v2,clean,eval
C:\dfdata\generated\xtts_v2\outputs\xtts_v2_541304_02212.wav,spoof,hi-en,541304,xtts_v2,xtts_v2,clean,eval
C:\dfdata\generated\xtts_v2\outputs\xtts_v2_539354_03411.wav,spoof,hi-en,539354,xtts_v2,xtts_v2,clean,eval
C:\dfdata\generated\xtts_v2\outputs\xtts_v2_142970_03902.wav,spoof,hi-en,142970,xtts_v2,xtts_v2,clean,eval
C:\dfdata\generated\xtts_v2\outputs\xtts_v2_322882_03106.wav,spoof,hi-en,322882,xtts_v2,xtts_v2,clean,eval
C:\dfdata\generated\xtts_v2\outputs\xtts_v2_177570_03578.wav,spoof,hi-en,177570,xtts_v2,xtts_v2,clean,eval
C:\dfdata\generated\xtts_v2\outputs\xtts_v2_177570_01928.wav,spoof,hi-en,177570,xtts_v2,xtts_v2,clean,eval
C:\dfdata\generated\xtts_v2\outputs\xtts_v2_797767_03866.wav,spoof,hi-en,797767,xtts_v2,xtts_v2,clean,eval
C:\dfdata\generated\xtts_v2\outputs\xtts_v2_539226_03110.wav,spoof,hi-en,539226,xtts_v2,xtts_v2,clean,eval
C:\dfdata\generated\xtts_v2\outputs\xtts_v2_987461_02399.wav,spoof,hi-en,987461,xtts_v2,xtts_v2,clean,eval
C:\dfdata\generated\xtts_v2\outputs\xtts_v2_457295_00059.wav,spoof,hi-en,457295,xtts_v2,xtts_v2,clean,eval
C:\dfdata\generated\xtts_v2\outputs\xtts_v2_876898_02419.wav,spoof,hi-en,876898,xtts_v2,xtts_v2,clean,eval
C:\dfdata\generated\xtts_v2\outputs\xtts_v2_996368_01700.wav,spoof,hi-en,996368,xtts_v2,xtts_v2,clean,eval
C:\dfdata\generated\xtts_v2\outputs\xtts_v2_142970_03877.wav,spoof,hi-en,142970,xtts_v2,xtts_v2,clean,eval
C:\dfdata\generated\xtts_v2\outputs\xtts_v2_322882_03756.wav,spoof,hi-en,322882,xtts_v2,xtts_v2,clean,eval
C:\dfdata\generated\xtts_v2\outputs\xtts_v2_106718_00376.wav,spoof,hi-en,106718,xtts_v2,xtts_v2,clean,eval
C:\dfdata\generated\xtts_v2\outputs\xtts_v2_975912_02273.wav,spoof,hi-en,975912,xtts_v2,xtts_v2,clean,eval
C:\dfdata\generated\xtts_v2\outputs\xtts_v2_541304_02062.wav,spoof,hi-en,541304,xtts_v2,xtts_v2,clean,eval
C:\dfdata\generated\xtts_v2\outputs\xtts_v2_893273_03245.wav,spoof,hi-en,893273,xtts_v2,xtts_v2,clean,eval
C:\dfdata\generated\xtts_v2\outputs\xtts_v2_186783_03279.wav,spoof,hi-en,186783,xtts_v2,xtts_v2,clean,eval
C:\dfdata\generated\xtts_v2\outputs\xtts_v2_177570_00603.wav,spoof,hi-en,177570,xtts_v2,xtts_v2,clean,eval
C:\dfdata\generated\xtts_v2\outputs\xtts_v2_142970_00502.wav,spoof,hi-en,142970,xtts_v2,xtts_v2,clean,eval
C:\dfdata\generated\xtts_v2\outputs\xtts_v2_539354_03236.wav,spoof,hi-en,539354,xtts_v2,xtts_v2,clean,eval
C:\dfdata\generated\xtts_v2\outputs\xtts_v2_893273_00745.wav,spoof,hi-en,893273,xtts_v2,xtts_v2,clean,eval
C:\dfdata\generated\xtts_v2\outputs\xtts_v2_912184_01172.wav,spoof,hi-en,912184,xtts_v2,xtts_v2,clean,eval
C:\dfdata\generated\xtts_v2\outputs\xtts_v2_142970_01852.wav,spoof,hi-en,142970,xtts_v2,xtts_v2,clean,eval
C:\dfdata\generated\xtts_v2\outputs\xtts_v2_987461_00649.wav,spoof,hi-en,987461,xtts_v2,xtts_v2,clean,eval
C:\dfdata\generated\xtts_v2\outputs\xtts_v2_413057_02932.wav,spoof,hi-en,413057,xtts_v2,xtts_v2,clean,eval
C:\dfdata\generated\xtts_v2\outputs\xtts_v2_893273_00120.wav,spoof,hi-en,893273,xtts_v2,xtts_v2,clean,eval
C:\dfdata\generated\xtts_v2\outputs\xtts_v2_186783_03404.wav,spoof,hi-en,186783,xtts_v2,xtts_v2,clean,eval
C:\dfdata\generated\xtts_v2\outputs\xtts_v2_539354_02311.wav,spoof,hi-en,539354,xtts_v2,xtts_v2,clean,eval
C:\dfdata\generated\xtts_v2\outputs\xtts_v2_539226_02610.wav,spoof,hi-en,539226,xtts_v2,xtts_v2,clean,eval
C:\dfdata\generated\xtts_v2\outputs\xtts_v2_106718_03001.wav,spoof,hi-en,106718,xtts_v2,xtts_v2,clean,eval
C:\dfdata\generated\xtts_v2\outputs\xtts_v2_142970_00377.wav,spoof,hi-en,142970,xtts_v2,xtts_v2,clean,eval
C:\dfdata\generated\xtts_v2\outputs\xtts_v2_445718_02633.wav,spoof,hi-en,445718,xtts_v2,xtts_v2,clean,eval
C:\dfdata\generated\xtts_v2\outputs\xtts_v2_539226_03660.wav,spoof,hi-en,539226,xtts_v2,xtts_v2,clean,eval
C:\dfdata\generated\xtts_v2\outputs\xtts_v2_903756_02396.wav,spoof,hi-en,903756,xtts_v2,xtts_v2,clean,eval
C:\dfdata\generated\xtts_v2\outputs\xtts_v2_539354_01761.wav,spoof,hi-en,539354,xtts_v2,xtts_v2,clean,eval
C:\dfdata\generated\xtts_v2\outputs\xtts_v2_797767_01166.wav,spoof,hi-en,797767,xtts_v2,xtts_v2,clean,eval
C:\dfdata\generated\xtts_v2\outputs\xtts_v2_457295_03234.wav,spoof,hi-en,457295,xtts_v2,xtts_v2,clean,eval
C:\dfdata\generated\xtts_v2\outputs\xtts_v2_539354_02961.wav,spoof,hi-en,539354,xtts_v2,xtts_v2,clean,eval
C:\dfdata\generated\xtts_v2\outputs\xtts_v2_457295_00909.wav,spoof,hi-en,457295,xtts_v2,xtts_v2,clean,eval
C:\dfdata\generated\xtts_v2\outputs\xtts_v2_996368_01325.wav,spoof,hi-en,996368,xtts_v2,xtts_v2,clean,eval
C:\dfdata\generated\xtts_v2\outputs\xtts_v2_850754_00742.wav,spoof,hi-en,850754,xtts_v2,xtts_v2,clean,eval
C:\dfdata\generated\xtts_v2\outputs\xtts_v2_876898_00794.wav,spoof,hi-en,876898,xtts_v2,xtts_v2,clean,eval
C:\dfdata\generated\xtts_v2\outputs\xtts_v2_870582_03243.wav,spoof,hi-en,870582,xtts_v2,xtts_v2,clean,eval
C:\dfdata\generated\xtts_v2\outputs\xtts_v2_634568_02314.wav,spoof,hi-en,634568,xtts_v2,xtts_v2,clean,eval
C:\dfdata\generated\xtts_v2\outputs\xtts_v2_705494_02440.wav,spoof,hi-en,705494,xtts_v2,xtts_v2,clean,eval
C:\dfdata\generated\xtts_v2\outputs\xtts_v2_539354_02411.wav,spoof,hi-en,539354,xtts_v2,xtts_v2,clean,eval
C:\dfdata\generated\xtts_v2\outputs\xtts_v2_876898_00069.wav,spoof,hi-en,876898,xtts_v2,xtts_v2,clean,eval
C:\dfdata\generated\xtts_v2\outputs\xtts_v2_186783_03529.wav,spoof,hi-en,186783,xtts_v2,xtts_v2,clean,eval
C:\dfdata\generated\xtts_v2\outputs\xtts_v2_445718_01033.wav,spoof,hi-en,445718,xtts_v2,xtts_v2,clean,eval
C:\dfdata\generated\xtts_v2\outputs\xtts_v2_539354_02286.wav,spoof,hi-en,539354,xtts_v2,xtts_v2,clean,eval
C:\dfdata\generated\xtts_v2\outputs\xtts_v2_584991_02238.wav,spoof,hi-en,584991,xtts_v2,xtts_v2,clean,eval
C:\dfdata\generated\xtts_v2\outputs\xtts_v2_850754_03117.wav,spoof,hi-en,850754,xtts_v2,xtts_v2,clean,eval
C:\dfdata\generated\xtts_v2\outputs\xtts_v2_987461_03524.wav,spoof,hi-en,987461,xtts_v2,xtts_v2,clean,eval
C:\dfdata\generated\xtts_v2\outputs\xtts_v2_870582_03668.wav,spoof,hi-en,870582,xtts_v2,xtts_v2,clean,eval
C:\dfdata\generated\xtts_v2\outputs\xtts_v2_541304_00312.wav,spoof,hi-en,541304,xtts_v2,xtts_v2,clean,eval
C:\dfdata\generated\xtts_v2\outputs\xtts_v2_893273_00320.wav,spoof,hi-en,893273,xtts_v2,xtts_v2,clean,eval
C:\dfdata\generated\xtts_v2\outputs\xtts_v2_541304_01212.wav,spoof,hi-en,541304,xtts_v2,xtts_v2,clean,eval
C:\dfdata\generated\xtts_v2\outputs\xtts_v2_413057_00957.wav,spoof,hi-en,413057,xtts_v2,xtts_v2,clean,eval
C:\dfdata\generated\xtts_v2\outputs\xtts_v2_322882_03156.wav,spoof,hi-en,322882,xtts_v2,xtts_v2,clean,eval
C:\dfdata\generated\xtts_v2\outputs\xtts_v2_541304_01762.wav,spoof,hi-en,541304,xtts_v2,xtts_v2,clean,eval
C:\dfdata\generated\xtts_v2\outputs\xtts_v2_876898_02594.wav,spoof,hi-en,876898,xtts_v2,xtts_v2,clean,eval
C:\dfdata\generated\xtts_v2\outputs\xtts_v2_975912_03448.wav,spoof,hi-en,975912,xtts_v2,xtts_v2,clean,eval
C:\dfdata\generated\xtts_v2\outputs\xtts_v2_539226_00185.wav,spoof,hi-en,539226,xtts_v2,xtts_v2,clean,eval
C:\dfdata\generated\xtts_v2\outputs\xtts_v2_876898_01819.wav,spoof,hi-en,876898,xtts_v2,xtts_v2,clean,eval
C:\dfdata\generated\xtts_v2\outputs\xtts_v2_876898_01094.wav,spoof,hi-en,876898,xtts_v2,xtts_v2,clean,eval
C:\dfdata\generated\xtts_v2\outputs\xtts_v2_186783_01704.wav,spoof,hi-en,186783,xtts_v2,xtts_v2,clean,eval
C:\dfdata\generated\xtts_v2\outputs\xtts_v2_322882_01981.wav,spoof,hi-en,322882,xtts_v2,xtts_v2,clean,eval
C:\dfdata\generated\xtts_v2\outputs\xtts_v2_205240_01930.wav,spoof,hi-en,205240,xtts_v2,xtts_v2,clean,eval
C:\dfdata\generated\xtts_v2\outputs\xtts_v2_996368_00425.wav,spoof,hi-en,996368,xtts_v2,xtts_v2,clean,eval
C:\dfdata\generated\xtts_v2\outputs\xtts_v2_539226_01910.wav,spoof,hi-en,539226,xtts_v2,xtts_v2,clean,eval
C:\dfdata\generated\xtts_v2\outputs\xtts_v2_870582_00768.wav,spoof,hi-en,870582,xtts_v2,xtts_v2,clean,eval
C:\dfdata\generated\xtts_v2\outputs\xtts_v2_106718_01501.wav,spoof,hi-en,106718,xtts_v2,xtts_v2,clean,eval
C:\dfdata\generated\xtts_v2\outputs\xtts_v2_322882_03281.wav,spoof,hi-en,322882,xtts_v2,xtts_v2,clean,eval
C:\dfdata\generated\xtts_v2\outputs\xtts_v2_413057_02982.wav,spoof,hi-en,413057,xtts_v2,xtts_v2,clean,eval
C:\dfdata\generated\xtts_v2\outputs\xtts_v2_205240_01255.wav,spoof,hi-en,205240,xtts_v2,xtts_v2,clean,eval
C:\dfdata\generated\xtts_v2\outputs\xtts_v2_850754_03867.wav,spoof,hi-en,850754,xtts_v2,xtts_v2,clean,eval
C:\dfdata\generated\xtts_v2\outputs\xtts_v2_541304_02387.wav,spoof,hi-en,541304,xtts_v2,xtts_v2,clean,eval
C:\dfdata\generated\xtts_v2\outputs\xtts_v2_996368_01025.wav,spoof,hi-en,996368,xtts_v2,xtts_v2,clean,eval
C:\dfdata\generated\xtts_v2\outputs\xtts_v2_893273_00345.wav,spoof,hi-en,893273,xtts_v2,xtts_v2,clean,eval
C:\dfdata\generated\xtts_v2\outputs\xtts_v2_975912_02498.wav,spoof,hi-en,975912,xtts_v2,xtts_v2,clean,eval
C:\dfdata\generated\xtts_v2\outputs\xtts_v2_705494_00515.wav,spoof,hi-en,705494,xtts_v2,xtts_v2,clean,eval
C:\dfdata\generated\xtts_v2\outputs\xtts_v2_584991_00863.wav,spoof,hi-en,584991,xtts_v2,xtts_v2,clean,eval
C:\dfdata\generated\xtts_v2\outputs\xtts_v2_142970_03302.wav,spoof,hi-en,142970,xtts_v2,xtts_v2,clean,eval
C:\dfdata\generated\xtts_v2\outputs\xtts_v2_457295_00334.wav,spoof,hi-en,457295,xtts_v2,xtts_v2,clean,eval
C:\dfdata\generated\xtts_v2\outputs\xtts_v2_912184_00972.wav,spoof,hi-en,912184,xtts_v2,xtts_v2,clean,eval
C:\dfdata\generated\xtts_v2\outputs\xtts_v2_186783_01829.wav,spoof,hi-en,186783,xtts_v2,xtts_v2,clean,eval
C:\dfdata\generated\xtts_v2\outputs\xtts_v2_705494_03415.wav,spoof,hi-en,705494,xtts_v2,xtts_v2,clean,eval
C:\dfdata\generated\xtts_v2\outputs\xtts_v2_584991_00563.wav,spoof,hi-en,584991,xtts_v2,xtts_v2,clean,eval
C:\dfdata\generated\xtts_v2\outputs\xtts_v2_876898_01244.wav,spoof,hi-en,876898,xtts_v2,xtts_v2,clean,eval
C:\dfdata\generated\xtts_v2\outputs\xtts_v2_634568_02964.wav,spoof,hi-en,634568,xtts_v2,xtts_v2,clean,eval
C:\dfdata\generated\xtts_v2\outputs\xtts_v2_584991_03488.wav,spoof,hi-en,584991,xtts_v2,xtts_v2,clean,eval
C:\dfdata\generated\xtts_v2\outputs\xtts_v2_975912_02323.wav,spoof,hi-en,975912,xtts_v2,xtts_v2,clean,eval
C:\dfdata\generated\xtts_v2\outputs\xtts_v2_876898_02994.wav,spoof,hi-en,876898,xtts_v2,xtts_v2,clean,eval
C:\dfdata\generated\xtts_v2\outputs\xtts_v2_445718_01483.wav,spoof,hi-en,445718,xtts_v2,xtts_v2,clean,eval
C:\dfdata\generated\xtts_v2\outputs\xtts_v2_634568_02539.wav,spoof,hi-en,634568,xtts_v2,xtts_v2,clean,eval
C:\dfdata\generated\xtts_v2\outputs\xtts_v2_539354_03911.wav,spoof,hi-en,539354,xtts_v2,xtts_v2,clean,eval
C:\dfdata\generated\xtts_v2\outputs\xtts_v2_186783_01079.wav,spoof,hi-en,186783,xtts_v2,xtts_v2,clean,eval
C:\dfdata\generated\xtts_v2\outputs\xtts_v2_705494_01140.wav,spoof,hi-en,705494,xtts_v2,xtts_v2,clean,eval
C:\dfdata\generated\xtts_v2\outputs\xtts_v2_445718_02333.wav,spoof,hi-en,445718,xtts_v2,xtts_v2,clean,eval
C:\dfdata\generated\xtts_v2\outputs\xtts_v2_541304_03162.wav,spoof,hi-en,541304,xtts_v2,xtts_v2,clean,eval
C:\dfdata\generated\xtts_v2\outputs\xtts_v2_797767_01266.wav,spoof,hi-en,797767,xtts_v2,xtts_v2,clean,eval
C:\dfdata\generated\xtts_v2\outputs\xtts_v2_457295_00459.wav,spoof,hi-en,457295,xtts_v2,xtts_v2,clean,eval
C:\dfdata\generated\xtts_v2\outputs\xtts_v2_186783_01429.wav,spoof,hi-en,186783,xtts_v2,xtts_v2,clean,eval
C:\dfdata\generated\xtts_v2\outputs\xtts_v2_205240_00480.wav,spoof,hi-en,205240,xtts_v2,xtts_v2,clean,eval
C:\dfdata\generated\xtts_v2\outputs\xtts_v2_186783_01779.wav,spoof,hi-en,186783,xtts_v2,xtts_v2,clean,eval
C:\dfdata\generated\xtts_v2\outputs\xtts_v2_893273_02820.wav,spoof,hi-en,893273,xtts_v2,xtts_v2,clean,eval
C:\dfdata\generated\xtts_v2\outputs\xtts_v2_912184_02172.wav,spoof,hi-en,912184,xtts_v2,xtts_v2,clean,eval
C:\dfdata\generated\xtts_v2\outputs\xtts_v2_634568_00239.wav,spoof,hi-en,634568,xtts_v2,xtts_v2,clean,eval
C:\dfdata\generated\xtts_v2\outputs\xtts_v2_539354_01086.wav,spoof,hi-en,539354,xtts_v2,xtts_v2,clean,eval
C:\dfdata\generated\xtts_v2\outputs\xtts_v2_539226_02760.wav,spoof,hi-en,539226,xtts_v2,xtts_v2,clean,eval
C:\dfdata\generated\xtts_v2\outputs\xtts_v2_893273_03720.wav,spoof,hi-en,893273,xtts_v2,xtts_v2,clean,eval
C:\dfdata\generated\xtts_v2\outputs\xtts_v2_996368_02225.wav,spoof,hi-en,996368,xtts_v2,xtts_v2,clean,eval
C:\dfdata\generated\xtts_v2\outputs\xtts_v2_205240_00830.wav,spoof,hi-en,205240,xtts_v2,xtts_v2,clean,eval
C:\dfdata\generated\xtts_v2\outputs\xtts_v2_541304_03862.wav,spoof,hi-en,541304,xtts_v2,xtts_v2,clean,eval
C:\dfdata\generated\xtts_v2\outputs\xtts_v2_850754_00217.wav,spoof,hi-en,850754,xtts_v2,xtts_v2,clean,eval
C:\dfdata\generated\xtts_v2\outputs\xtts_v2_457295_03509.wav,spoof,hi-en,457295,xtts_v2,xtts_v2,clean,eval
C:\dfdata\generated\xtts_v2\outputs\xtts_v2_186783_01104.wav,spoof,hi-en,186783,xtts_v2,xtts_v2,clean,eval
C:\dfdata\generated\xtts_v2\outputs\xtts_v2_893273_01170.wav,spoof,hi-en,893273,xtts_v2,xtts_v2,clean,eval
C:\dfdata\generated\xtts_v2\outputs\xtts_v2_539226_00835.wav,spoof,hi-en,539226,xtts_v2,xtts_v2,clean,eval
C:\dfdata\generated\xtts_v2\outputs\xtts_v2_870582_00818.wav,spoof,hi-en,870582,xtts_v2,xtts_v2,clean,eval
C:\dfdata\generated\xtts_v2\outputs\xtts_v2_457295_03634.wav,spoof,hi-en,457295,xtts_v2,xtts_v2,clean,eval
C:\dfdata\generated\xtts_v2\outputs\xtts_v2_106718_03451.wav,spoof,hi-en,106718,xtts_v2,xtts_v2,clean,eval
C:\dfdata\generated\xtts_v2\outputs\xtts_v2_177570_00528.wav,spoof,hi-en,177570,xtts_v2,xtts_v2,clean,eval
C:\dfdata\generated\xtts_v2\outputs\xtts_v2_584991_02788.wav,spoof,hi-en,584991,xtts_v2,xtts_v2,clean,eval
C:\dfdata\generated\xtts_v2\outputs\xtts_v2_975912_02673.wav,spoof,hi-en,975912,xtts_v2,xtts_v2,clean,eval
C:\dfdata\generated\xtts_v2\outputs\xtts_v2_705494_01215.wav,spoof,hi-en,705494,xtts_v2,xtts_v2,clean,eval
C:\dfdata\generated\xtts_v2\outputs\xtts_v2_634568_03789.wav,spoof,hi-en,634568,xtts_v2,xtts_v2,clean,eval
C:\dfdata\generated\xtts_v2\outputs\xtts_v2_634568_03214.wav,spoof,hi-en,634568,xtts_v2,xtts_v2,clean,eval
C:\dfdata\generated\xtts_v2\outputs\xtts_v2_322882_03831.wav,spoof,hi-en,322882,xtts_v2,xtts_v2,clean,eval
C:\dfdata\generated\xtts_v2\outputs\xtts_v2_912184_00747.wav,spoof,hi-en,912184,xtts_v2,xtts_v2,clean,eval
C:\dfdata\generated\xtts_v2\outputs\xtts_v2_975912_01623.wav,spoof,hi-en,975912,xtts_v2,xtts_v2,clean,eval
C:\dfdata\generated\xtts_v2\outputs\xtts_v2_106718_02001.wav,spoof,hi-en,106718,xtts_v2,xtts_v2,clean,eval
C:\dfdata\generated\xtts_v2\outputs\xtts_v2_870582_00993.wav,spoof,hi-en,870582,xtts_v2,xtts_v2,clean,eval
C:\dfdata\generated\xtts_v2\outputs\xtts_v2_539226_00410.wav,spoof,hi-en,539226,xtts_v2,xtts_v2,clean,eval
C:\dfdata\generated\xtts_v2\outputs\xtts_v2_177570_00953.wav,spoof,hi-en,177570,xtts_v2,xtts_v2,clean,eval
C:\dfdata\generated\xtts_v2\outputs\xtts_v2_539226_00335.wav,spoof,hi-en,539226,xtts_v2,xtts_v2,clean,eval
C:\dfdata\generated\xtts_v2\outputs\xtts_v2_186783_01179.wav,spoof,hi-en,186783,xtts_v2,xtts_v2,clean,eval
C:\dfdata\generated\xtts_v2\outputs\xtts_v2_177570_03128.wav,spoof,hi-en,177570,xtts_v2,xtts_v2,clean,eval
C:\dfdata\generated\xtts_v2\outputs\xtts_v2_797767_00591.wav,spoof,hi-en,797767,xtts_v2,xtts_v2,clean,eval
C:\dfdata\generated\xtts_v2\outputs\xtts_v2_797767_03541.wav,spoof,hi-en,797767,xtts_v2,xtts_v2,clean,eval
C:\dfdata\generated\xtts_v2\outputs\xtts_v2_975912_00973.wav,spoof,hi-en,975912,xtts_v2,xtts_v2,clean,eval
C:\dfdata\generated\xtts_v2\outputs\xtts_v2_539354_00436.wav,spoof,hi-en,539354,xtts_v2,xtts_v2,clean,eval
C:\dfdata\generated\xtts_v2\outputs\xtts_v2_413057_03682.wav,spoof,hi-en,413057,xtts_v2,xtts_v2,clean,eval
C:\dfdata\generated\xtts_v2\outputs\xtts_v2_205240_03305.wav,spoof,hi-en,205240,xtts_v2,xtts_v2,clean,eval
C:\dfdata\generated\xtts_v2\outputs\xtts_v2_903756_02746.wav,spoof,hi-en,903756,xtts_v2,xtts_v2,clean,eval
C:\dfdata\generated\xtts_v2\outputs\xtts_v2_975912_03773.wav,spoof,hi-en,975912,xtts_v2,xtts_v2,clean,eval
C:\dfdata\generated\xtts_v2\outputs\xtts_v2_106718_01026.wav,spoof,hi-en,106718,xtts_v2,xtts_v2,clean,eval
C:\dfdata\generated\xtts_v2\outputs\xtts_v2_987461_00399.wav,spoof,hi-en,987461,xtts_v2,xtts_v2,clean,eval
C:\dfdata\generated\xtts_v2\outputs\xtts_v2_186783_01854.wav,spoof,hi-en,186783,xtts_v2,xtts_v2,clean,eval
C:\dfdata\generated\xtts_v2\outputs\xtts_v2_903756_00046.wav,spoof,hi-en,903756,xtts_v2,xtts_v2,clean,eval
C:\dfdata\generated\xtts_v2\outputs\xtts_v2_870582_02268.wav,spoof,hi-en,870582,xtts_v2,xtts_v2,clean,eval
C:\dfdata\generated\xtts_v2\outputs\xtts_v2_987461_03024.wav,spoof,hi-en,987461,xtts_v2,xtts_v2,clean,eval
C:\dfdata\generated\xtts_v2\outputs\xtts_v2_539354_02986.wav,spoof,hi-en,539354,xtts_v2,xtts_v2,clean,eval
C:\dfdata\generated\xtts_v2\outputs\xtts_v2_996368_02750.wav,spoof,hi-en,996368,xtts_v2,xtts_v2,clean,eval
C:\dfdata\generated\xtts_v2\outputs\xtts_v2_457295_01809.wav,spoof,hi-en,457295,xtts_v2,xtts_v2,clean,eval
C:\dfdata\generated\xtts_v2\outputs\xtts_v2_912184_00122.wav,spoof,hi-en,912184,xtts_v2,xtts_v2,clean,eval
C:\dfdata\generated\xtts_v2\outputs\xtts_v2_797767_01816.wav,spoof,hi-en,797767,xtts_v2,xtts_v2,clean,eval
C:\dfdata\generated\xtts_v2\outputs\xtts_v2_539226_03560.wav,spoof,hi-en,539226,xtts_v2,xtts_v2,clean,eval
C:\dfdata\generated\xtts_v2\outputs\xtts_v2_797767_00316.wav,spoof,hi-en,797767,xtts_v2,xtts_v2,clean,eval
C:\dfdata\generated\xtts_v2\outputs\xtts_v2_893273_03695.wav,spoof,hi-en,893273,xtts_v2,xtts_v2,clean,eval
C:\dfdata\generated\xtts_v2\outputs\xtts_v2_912184_03772.wav,spoof,hi-en,912184,xtts_v2,xtts_v2,clean,eval
C:\dfdata\generated\xtts_v2\outputs\xtts_v2_634568_02289.wav,spoof,hi-en,634568,xtts_v2,xtts_v2,clean,eval
C:\dfdata\generated\xtts_v2\outputs\xtts_v2_457295_00109.wav,spoof,hi-en,457295,xtts_v2,xtts_v2,clean,eval
C:\dfdata\generated\xtts_v2\outputs\xtts_v2_850754_00567.wav,spoof,hi-en,850754,xtts_v2,xtts_v2,clean,eval
C:\dfdata\generated\xtts_v2\outputs\xtts_v2_457295_02709.wav,spoof,hi-en,457295,xtts_v2,xtts_v2,clean,eval
C:\dfdata\generated\xtts_v2\outputs\xtts_v2_584991_03563.wav,spoof,hi-en,584991,xtts_v2,xtts_v2,clean,eval
C:\dfdata\generated\xtts_v2\outputs\xtts_v2_797767_03941.wav,spoof,hi-en,797767,xtts_v2,xtts_v2,clean,eval
C:\dfdata\generated\xtts_v2\outputs\xtts_v2_912184_02672.wav,spoof,hi-en,912184,xtts_v2,xtts_v2,clean,eval
C:\dfdata\generated\xtts_v2\outputs\xtts_v2_903756_01221.wav,spoof,hi-en,903756,xtts_v2,xtts_v2,clean,eval
C:\dfdata\generated\xtts_v2\outputs\xtts_v2_912184_03197.wav,spoof,hi-en,912184,xtts_v2,xtts_v2,clean,eval
C:\dfdata\generated\xtts_v2\outputs\xtts_v2_541304_03137.wav,spoof,hi-en,541304,xtts_v2,xtts_v2,clean,eval
C:\dfdata\generated\xtts_v2\outputs\xtts_v2_541304_03662.wav,spoof,hi-en,541304,xtts_v2,xtts_v2,clean,eval
C:\dfdata\generated\xtts_v2\outputs\xtts_v2_413057_03732.wav,spoof,hi-en,413057,xtts_v2,xtts_v2,clean,eval
C:\dfdata\generated\xtts_v2\outputs\xtts_v2_903756_03671.wav,spoof,hi-en,903756,xtts_v2,xtts_v2,clean,eval
C:\dfdata\generated\xtts_v2\outputs\xtts_v2_870582_03318.wav,spoof,hi-en,870582,xtts_v2,xtts_v2,clean,eval
C:\dfdata\generated\xtts_v2\outputs\xtts_v2_903756_02021.wav,spoof,hi-en,903756,xtts_v2,xtts_v2,clean,eval
C:\dfdata\generated\xtts_v2\outputs\xtts_v2_705494_02615.wav,spoof,hi-en,705494,xtts_v2,xtts_v2,clean,eval
C:\dfdata\generated\xtts_v2\outputs\xtts_v2_205240_00680.wav,spoof,hi-en,205240,xtts_v2,xtts_v2,clean,eval
C:\dfdata\generated\xtts_v2\outputs\xtts_v2_705494_03515.wav,spoof,hi-en,705494,xtts_v2,xtts_v2,clean,eval
C:\dfdata\generated\xtts_v2\outputs\xtts_v2_975912_01098.wav,spoof,hi-en,975912,xtts_v2,xtts_v2,clean,eval
C:\dfdata\generated\xtts_v2\outputs\xtts_v2_205240_00555.wav,spoof,hi-en,205240,xtts_v2,xtts_v2,clean,eval
C:\dfdata\generated\xtts_v2\outputs\xtts_v2_539226_00685.wav,spoof,hi-en,539226,xtts_v2,xtts_v2,clean,eval
C:\dfdata\generated\xtts_v2\outputs\xtts_v2_975912_00073.wav,spoof,hi-en,975912,xtts_v2,xtts_v2,clean,eval
C:\dfdata\generated\xtts_v2\outputs\xtts_v2_539226_01410.wav,spoof,hi-en,539226,xtts_v2,xtts_v2,clean,eval
C:\dfdata\generated\xtts_v2\outputs\xtts_v2_876898_00419.wav,spoof,hi-en,876898,xtts_v2,xtts_v2,clean,eval
C:\dfdata\generated\xtts_v2\outputs\xtts_v2_584991_00763.wav,spoof,hi-en,584991,xtts_v2,xtts_v2,clean,eval
C:\dfdata\generated\xtts_v2\outputs\xtts_v2_876898_01069.wav,spoof,hi-en,876898,xtts_v2,xtts_v2,clean,eval
C:\dfdata\generated\xtts_v2\outputs\xtts_v2_413057_00682.wav,spoof,hi-en,413057,xtts_v2,xtts_v2,clean,eval
C:\dfdata\generated\xtts_v2\outputs\xtts_v2_705494_01440.wav,spoof,hi-en,705494,xtts_v2,xtts_v2,clean,eval
C:\dfdata\generated\xtts_v2\outputs\xtts_v2_186783_00504.wav,spoof,hi-en,186783,xtts_v2,xtts_v2,clean,eval
C:\dfdata\generated\xtts_v2\outputs\xtts_v2_903756_00096.wav,spoof,hi-en,903756,xtts_v2,xtts_v2,clean,eval
C:\dfdata\generated\xtts_v2\outputs\xtts_v2_457295_03434.wav,spoof,hi-en,457295,xtts_v2,xtts_v2,clean,eval
C:\dfdata\generated\xtts_v2\outputs\xtts_v2_142970_01977.wav,spoof,hi-en,142970,xtts_v2,xtts_v2,clean,eval
C:\dfdata\generated\xtts_v2\outputs\xtts_v2_876898_01594.wav,spoof,hi-en,876898,xtts_v2,xtts_v2,clean,eval
C:\dfdata\generated\xtts_v2\outputs\xtts_v2_539354_00311.wav,spoof,hi-en,539354,xtts_v2,xtts_v2,clean,eval
C:\dfdata\generated\xtts_v2\outputs\xtts_v2_975912_02348.wav,spoof,hi-en,975912,xtts_v2,xtts_v2,clean,eval
C:\dfdata\generated\xtts_v2\outputs\xtts_v2_705494_01015.wav,spoof,hi-en,705494,xtts_v2,xtts_v2,clean,eval
C:\dfdata\generated\xtts_v2\outputs\xtts_v2_870582_01243.wav,spoof,hi-en,870582,xtts_v2,xtts_v2,clean,eval
C:\dfdata\generated\xtts_v2\outputs\xtts_v2_106718_00501.wav,spoof,hi-en,106718,xtts_v2,xtts_v2,clean,eval
C:\dfdata\generated\xtts_v2\outputs\xtts_v2_539226_01360.wav,spoof,hi-en,539226,xtts_v2,xtts_v2,clean,eval
C:\dfdata\generated\xtts_v2\outputs\xtts_v2_996368_03300.wav,spoof,hi-en,996368,xtts_v2,xtts_v2,clean,eval
C:\dfdata\generated\xtts_v2\outputs\xtts_v2_797767_00916.wav,spoof,hi-en,797767,xtts_v2,xtts_v2,clean,eval
C:\dfdata\generated\xtts_v2\outputs\xtts_v2_541304_03637.wav,spoof,hi-en,541304,xtts_v2,xtts_v2,clean,eval
C:\dfdata\generated\xtts_v2\outputs\xtts_v2_893273_03220.wav,spoof,hi-en,893273,xtts_v2,xtts_v2,clean,eval
C:\dfdata\generated\xtts_v2\outputs\xtts_v2_893273_02920.wav,spoof,hi-en,893273,xtts_v2,xtts_v2,clean,eval
C:\dfdata\generated\xtts_v2\outputs\xtts_v2_142970_02552.wav,spoof,hi-en,142970,xtts_v2,xtts_v2,clean,eval
C:\dfdata\generated\xtts_v2\outputs\xtts_v2_413057_01132.wav,spoof,hi-en,413057,xtts_v2,xtts_v2,clean,eval
C:\dfdata\generated\xtts_v2\outputs\xtts_v2_975912_00748.wav,spoof,hi-en,975912,xtts_v2,xtts_v2,clean,eval
C:\dfdata\generated\xtts_v2\outputs\xtts_v2_893273_02270.wav,spoof,hi-en,893273,xtts_v2,xtts_v2,clean,eval
C:\dfdata\generated\xtts_v2\outputs\xtts_v2_705494_01890.wav,spoof,hi-en,705494,xtts_v2,xtts_v2,clean,eval
C:\dfdata\generated\xtts_v2\outputs\xtts_v2_205240_03405.wav,spoof,hi-en,205240,xtts_v2,xtts_v2,clean,eval
C:\dfdata\generated\xtts_v2\outputs\xtts_v2_705494_01715.wav,spoof,hi-en,705494,xtts_v2,xtts_v2,clean,eval
C:\dfdata\generated\xtts_v2\outputs\xtts_v2_539354_00536.wav,spoof,hi-en,539354,xtts_v2,xtts_v2,clean,eval
C:\dfdata\generated\xtts_v2\outputs\xtts_v2_186783_03779.wav,spoof,hi-en,186783,xtts_v2,xtts_v2,clean,eval
C:\dfdata\generated\xtts_v2\outputs\xtts_v2_634568_03939.wav,spoof,hi-en,634568,xtts_v2,xtts_v2,clean,eval
C:\dfdata\generated\xtts_v2\outputs\xtts_v2_987461_03249.wav,spoof,hi-en,987461,xtts_v2,xtts_v2,clean,eval
C:\dfdata\generated\xtts_v2\outputs\xtts_v2_850754_02767.wav,spoof,hi-en,850754,xtts_v2,xtts_v2,clean,eval
C:\dfdata\generated\xtts_v2\outputs\xtts_v2_876898_01919.wav,spoof,hi-en,876898,xtts_v2,xtts_v2,clean,eval
C:\dfdata\generated\xtts_v2\outputs\xtts_v2_142970_02277.wav,spoof,hi-en,142970,xtts_v2,xtts_v2,clean,eval
C:\dfdata\generated\xtts_v2\outputs\xtts_v2_142970_00227.wav,spoof,hi-en,142970,xtts_v2,xtts_v2,clean,eval
C:\dfdata\generated\xtts_v2\outputs\xtts_v2_142970_02452.wav,spoof,hi-en,142970,xtts_v2,xtts_v2,clean,eval
C:\dfdata\generated\xtts_v2\outputs\xtts_v2_413057_03632.wav,spoof,hi-en,413057,xtts_v2,xtts_v2,clean,eval
C:\dfdata\generated\xtts_v2\outputs\xtts_v2_322882_03556.wav,spoof,hi-en,322882,xtts_v2,xtts_v2,clean,eval
C:\dfdata\generated\xtts_v2\outputs\xtts_v2_987461_02949.wav,spoof,hi-en,987461,xtts_v2,xtts_v2,clean,eval
C:\dfdata\generated\xtts_v2\outputs\xtts_v2_893273_01845.wav,spoof,hi-en,893273,xtts_v2,xtts_v2,clean,eval
C:\dfdata\generated\xtts_v2\outputs\xtts_v2_705494_03265.wav,spoof,hi-en,705494,xtts_v2,xtts_v2,clean,eval
C:\dfdata\generated\xtts_v2\outputs\xtts_v2_541304_03912.wav,spoof,hi-en,541304,xtts_v2,xtts_v2,clean,eval
C:\dfdata\generated\xtts_v2\outputs\xtts_v2_142970_03552.wav,spoof,hi-en,142970,xtts_v2,xtts_v2,clean,eval
C:\dfdata\generated\xtts_v2\outputs\xtts_v2_539354_03111.wav,spoof,hi-en,539354,xtts_v2,xtts_v2,clean,eval
C:\dfdata\generated\xtts_v2\outputs\xtts_v2_457295_01009.wav,spoof,hi-en,457295,xtts_v2,xtts_v2,clean,eval
C:\dfdata\generated\xtts_v2\outputs\xtts_v2_584991_00913.wav,spoof,hi-en,584991,xtts_v2,xtts_v2,clean,eval
C:\dfdata\generated\xtts_v2\outputs\xtts_v2_975912_02048.wav,spoof,hi-en,975912,xtts_v2,xtts_v2,clean,eval
C:\dfdata\generated\xtts_v2\outputs\xtts_v2_903756_02271.wav,spoof,hi-en,903756,xtts_v2,xtts_v2,clean,eval
C:\dfdata\generated\xtts_v2\outputs\xtts_v2_797767_01466.wav,spoof,hi-en,797767,xtts_v2,xtts_v2,clean,eval
C:\dfdata\generated\xtts_v2\outputs\xtts_v2_903756_00271.wav,spoof,hi-en,903756,xtts_v2,xtts_v2,clean,eval
C:\dfdata\generated\xtts_v2\outputs\xtts_v2_584991_02888.wav,spoof,hi-en,584991,xtts_v2,xtts_v2,clean,eval
C:\dfdata\generated\xtts_v2\outputs\xtts_v2_413057_03857.wav,spoof,hi-en,413057,xtts_v2,xtts_v2,clean,eval
C:\dfdata\generated\xtts_v2\outputs\xtts_v2_634568_02839.wav,spoof,hi-en,634568,xtts_v2,xtts_v2,clean,eval
C:\dfdata\generated\xtts_v2\outputs\xtts_v2_797767_03416.wav,spoof,hi-en,797767,xtts_v2,xtts_v2,clean,eval
C:\dfdata\generated\xtts_v2\outputs\xtts_v2_584991_01663.wav,spoof,hi-en,584991,xtts_v2,xtts_v2,clean,eval
C:\dfdata\generated\xtts_v2\outputs\xtts_v2_322882_00781.wav,spoof,hi-en,322882,xtts_v2,xtts_v2,clean,eval
C:\dfdata\generated\xtts_v2\outputs\xtts_v2_539226_02110.wav,spoof,hi-en,539226,xtts_v2,xtts_v2,clean,eval
C:\dfdata\generated\xtts_v2\outputs\xtts_v2_870582_00118.wav,spoof,hi-en,870582,xtts_v2,xtts_v2,clean,eval
C:\dfdata\generated\xtts_v2\outputs\xtts_v2_539354_03986.wav,spoof,hi-en,539354,xtts_v2,xtts_v2,clean,eval
C:\dfdata\generated\xtts_v2\outputs\xtts_v2_797767_02691.wav,spoof,hi-en,797767,xtts_v2,xtts_v2,clean,eval
C:\dfdata\generated\xtts_v2\outputs\xtts_v2_322882_00256.wav,spoof,hi-en,322882,xtts_v2,xtts_v2,clean,eval
C:\dfdata\generated\xtts_v2\outputs\xtts_v2_634568_01764.wav,spoof,hi-en,634568,xtts_v2,xtts_v2,clean,eval
C:\dfdata\generated\xtts_v2\outputs\xtts_v2_445718_03833.wav,spoof,hi-en,445718,xtts_v2,xtts_v2,clean,eval
C:\dfdata\generated\xtts_v2\outputs\xtts_v2_186783_02854.wav,spoof,hi-en,186783,xtts_v2,xtts_v2,clean,eval
C:\dfdata\generated\xtts_v2\outputs\xtts_v2_177570_00703.wav,spoof,hi-en,177570,xtts_v2,xtts_v2,clean,eval
C:\dfdata\generated\xtts_v2\outputs\xtts_v2_903756_00671.wav,spoof,hi-en,903756,xtts_v2,xtts_v2,clean,eval
C:\dfdata\generated\xtts_v2\outputs\xtts_v2_870582_01843.wav,spoof,hi-en,870582,xtts_v2,xtts_v2,clean,eval
C:\dfdata\generated\xtts_v2\outputs\xtts_v2_850754_00267.wav,spoof,hi-en,850754,xtts_v2,xtts_v2,clean,eval
C:\dfdata\generated\xtts_v2\outputs\xtts_v2_876898_02794.wav,spoof,hi-en,876898,xtts_v2,xtts_v2,clean,eval
C:\dfdata\generated\xtts_v2\outputs\xtts_v2_142970_00677.wav,spoof,hi-en,142970,xtts_v2,xtts_v2,clean,eval
C:\dfdata\generated\xtts_v2\outputs\xtts_v2_797767_00066.wav,spoof,hi-en,797767,xtts_v2,xtts_v2,clean,eval
C:\dfdata\generated\xtts_v2\outputs\xtts_v2_987461_01374.wav,spoof,hi-en,987461,xtts_v2,xtts_v2,clean,eval
C:\dfdata\generated\xtts_v2\outputs\xtts_v2_850754_02267.wav,spoof,hi-en,850754,xtts_v2,xtts_v2,clean,eval
C:\dfdata\generated\xtts_v2\outputs\xtts_v2_539226_01635.wav,spoof,hi-en,539226,xtts_v2,xtts_v2,clean,eval
C:\dfdata\generated\xtts_v2\outputs\xtts_v2_539354_00461.wav,spoof,hi-en,539354,xtts_v2,xtts_v2,clean,eval
C:\dfdata\generated\xtts_v2\outputs\xtts_v2_457295_03584.wav,spoof,hi-en,457295,xtts_v2,xtts_v2,clean,eval
C:\dfdata\generated\xtts_v2\outputs\xtts_v2_541304_02962.wav,spoof,hi-en,541304,xtts_v2,xtts_v2,clean,eval
C:\dfdata\generated\xtts_v2\outputs\xtts_v2_996368_02950.wav,spoof,hi-en,996368,xtts_v2,xtts_v2,clean,eval
C:\dfdata\generated\xtts_v2\outputs\xtts_v2_903756_01196.wav,spoof,hi-en,903756,xtts_v2,xtts_v2,clean,eval
C:\dfdata\generated\xtts_v2\outputs\xtts_v2_142970_00552.wav,spoof,hi-en,142970,xtts_v2,xtts_v2,clean,eval
C:\dfdata\generated\xtts_v2\outputs\xtts_v2_445718_02458.wav,spoof,hi-en,445718,xtts_v2,xtts_v2,clean,eval
C:\dfdata\generated\xtts_v2\outputs\xtts_v2_876898_02569.wav,spoof,hi-en,876898,xtts_v2,xtts_v2,clean,eval
C:\dfdata\generated\xtts_v2\outputs\xtts_v2_876898_01394.wav,spoof,hi-en,876898,xtts_v2,xtts_v2,clean,eval
C:\dfdata\generated\xtts_v2\outputs\xtts_v2_457295_02259.wav,spoof,hi-en,457295,xtts_v2,xtts_v2,clean,eval
C:\dfdata\generated\xtts_v2\outputs\xtts_v2_996368_03125.wav,spoof,hi-en,996368,xtts_v2,xtts_v2,clean,eval
C:\dfdata\generated\xtts_v2\outputs\xtts_v2_445718_02983.wav,spoof,hi-en,445718,xtts_v2,xtts_v2,clean,eval
C:\dfdata\generated\xtts_v2\outputs\xtts_v2_541304_03037.wav,spoof,hi-en,541304,xtts_v2,xtts_v2,clean,eval
C:\dfdata\generated\xtts_v2\outputs\xtts_v2_539226_01985.wav,spoof,hi-en,539226,xtts_v2,xtts_v2,clean,eval
C:\dfdata\generated\xtts_v2\outputs\xtts_v2_912184_00097.wav,spoof,hi-en,912184,xtts_v2,xtts_v2,clean,eval
C:\dfdata\generated\xtts_v2\outputs\xtts_v2_876898_01469.wav,spoof,hi-en,876898,xtts_v2,xtts_v2,clean,eval
C:\dfdata\generated\xtts_v2\outputs\xtts_v2_996368_03925.wav,spoof,hi-en,996368,xtts_v2,xtts_v2,clean,eval
C:\dfdata\generated\xtts_v2\outputs\xtts_v2_876898_03844.wav,spoof,hi-en,876898,xtts_v2,xtts_v2,clean,eval
C:\dfdata\generated\xtts_v2\outputs\xtts_v2_912184_01122.wav,spoof,hi-en,912184,xtts_v2,xtts_v2,clean,eval
C:\dfdata\generated\xtts_v2\outputs\xtts_v2_876898_00719.wav,spoof,hi-en,876898,xtts_v2,xtts_v2,clean,eval
C:\dfdata\generated\xtts_v2\outputs\xtts_v2_457295_00684.wav,spoof,hi-en,457295,xtts_v2,xtts_v2,clean,eval
C:\dfdata\generated\xtts_v2\outputs\xtts_v2_903756_02246.wav,spoof,hi-en,903756,xtts_v2,xtts_v2,clean,eval
C:\dfdata\generated\xtts_v2\outputs\xtts_v2_705494_01765.wav,spoof,hi-en,705494,xtts_v2,xtts_v2,clean,eval
C:\dfdata\generated\xtts_v2\outputs\xtts_v2_996368_03475.wav,spoof,hi-en,996368,xtts_v2,xtts_v2,clean,eval
C:\dfdata\generated\xtts_v2\outputs\xtts_v2_584991_02488.wav,spoof,hi-en,584991,xtts_v2,xtts_v2,clean,eval
C:\dfdata\generated\xtts_v2\outputs\xtts_v2_539354_01736.wav,spoof,hi-en,539354,xtts_v2,xtts_v2,clean,eval
C:\dfdata\generated\xtts_v2\outputs\xtts_v2_870582_03518.wav,spoof,hi-en,870582,xtts_v2,xtts_v2,clean,eval
C:\dfdata\generated\xtts_v2\outputs\xtts_v2_539226_03885.wav,spoof,hi-en,539226,xtts_v2,xtts_v2,clean,eval
C:\dfdata\generated\xtts_v2\outputs\xtts_v2_975912_02998.wav,spoof,hi-en,975912,xtts_v2,xtts_v2,clean,eval
C:\dfdata\generated\xtts_v2\outputs\xtts_v2_584991_02838.wav,spoof,hi-en,584991,xtts_v2,xtts_v2,clean,eval
C:\dfdata\generated\xtts_v2\outputs\xtts_v2_413057_00982.wav,spoof,hi-en,413057,xtts_v2,xtts_v2,clean,eval
C:\dfdata\generated\xtts_v2\outputs\xtts_v2_876898_03694.wav,spoof,hi-en,876898,xtts_v2,xtts_v2,clean,eval
C:\dfdata\generated\xtts_v2\outputs\xtts_v2_870582_01893.wav,spoof,hi-en,870582,xtts_v2,xtts_v2,clean,eval
C:\dfdata\generated\xtts_v2\outputs\xtts_v2_850754_02167.wav,spoof,hi-en,850754,xtts_v2,xtts_v2,clean,eval
C:\dfdata\generated\xtts_v2\outputs\xtts_v2_705494_03465.wav,spoof,hi-en,705494,xtts_v2,xtts_v2,clean,eval
C:\dfdata\generated\xtts_v2\outputs\xtts_v2_903756_03771.wav,spoof,hi-en,903756,xtts_v2,xtts_v2,clean,eval
C:\dfdata\generated\xtts_v2\outputs\xtts_v2_870582_01093.wav,spoof,hi-en,870582,xtts_v2,xtts_v2,clean,eval
C:\dfdata\generated\xtts_v2\outputs\xtts_v2_445718_02883.wav,spoof,hi-en,445718,xtts_v2,xtts_v2,clean,eval
C:\dfdata\generated\xtts_v2\outputs\xtts_v2_705494_00690.wav,spoof,hi-en,705494,xtts_v2,xtts_v2,clean,eval
C:\dfdata\generated\xtts_v2\outputs\xtts_v2_634568_01014.wav,spoof,hi-en,634568,xtts_v2,xtts_v2,clean,eval
C:\dfdata\generated\xtts_v2\outputs\xtts_v2_584991_01938.wav,spoof,hi-en,584991,xtts_v2,xtts_v2,clean,eval
C:\dfdata\generated\xtts_v2\outputs\xtts_v2_797767_00666.wav,spoof,hi-en,797767,xtts_v2,xtts_v2,clean,eval
C:\dfdata\generated\xtts_v2\outputs\xtts_v2_106718_00951.wav,spoof,hi-en,106718,xtts_v2,xtts_v2,clean,eval
C:\dfdata\generated\xtts_v2\outputs\xtts_v2_893273_03595.wav,spoof,hi-en,893273,xtts_v2,xtts_v2,clean,eval
C:\dfdata\generated\xtts_v2\outputs\xtts_v2_584991_00388.wav,spoof,hi-en,584991,xtts_v2,xtts_v2,clean,eval
C:\dfdata\generated\xtts_v2\outputs\xtts_v2_186783_00679.wav,spoof,hi-en,186783,xtts_v2,xtts_v2,clean,eval
C:\dfdata\generated\xtts_v2\outputs\xtts_v2_186783_02629.wav,spoof,hi-en,186783,xtts_v2,xtts_v2,clean,eval
C:\dfdata\generated\xtts_v2\outputs\xtts_v2_541304_01362.wav,spoof,hi-en,541304,xtts_v2,xtts_v2,clean,eval
C:\dfdata\generated\xtts_v2\outputs\xtts_v2_870582_02593.wav,spoof,hi-en,870582,xtts_v2,xtts_v2,clean,eval
C:\dfdata\generated\xtts_v2\outputs\xtts_v2_705494_02465.wav,spoof,hi-en,705494,xtts_v2,xtts_v2,clean,eval
C:\dfdata\generated\xtts_v2\outputs\xtts_v2_975912_00498.wav,spoof,hi-en,975912,xtts_v2,xtts_v2,clean,eval
C:\dfdata\generated\xtts_v2\outputs\xtts_v2_850754_01242.wav,spoof,hi-en,850754,xtts_v2,xtts_v2,clean,eval
C:\dfdata\generated\xtts_v2\outputs\xtts_v2_457295_00184.wav,spoof,hi-en,457295,xtts_v2,xtts_v2,clean,eval
C:\dfdata\generated\xtts_v2\outputs\xtts_v2_797767_00416.wav,spoof,hi-en,797767,xtts_v2,xtts_v2,clean,eval
C:\dfdata\generated\xtts_v2\outputs\xtts_v2_584991_00138.wav,spoof,hi-en,584991,xtts_v2,xtts_v2,clean,eval
C:\dfdata\generated\xtts_v2\outputs\xtts_v2_205240_02430.wav,spoof,hi-en,205240,xtts_v2,xtts_v2,clean,eval
C:\dfdata\generated\xtts_v2\outputs\xtts_v2_322882_01231.wav,spoof,hi-en,322882,xtts_v2,xtts_v2,clean,eval
C:\dfdata\generated\xtts_v2\outputs\xtts_v2_975912_03373.wav,spoof,hi-en,975912,xtts_v2,xtts_v2,clean,eval
C:\dfdata\generated\xtts_v2\outputs\xtts_v2_186783_00329.wav,spoof,hi-en,186783,xtts_v2,xtts_v2,clean,eval
C:\dfdata\generated\xtts_v2\outputs\xtts_v2_541304_03937.wav,spoof,hi-en,541304,xtts_v2,xtts_v2,clean,eval
C:\dfdata\generated\xtts_v2\outputs\xtts_v2_205240_01380.wav,spoof,hi-en,205240,xtts_v2,xtts_v2,clean,eval
C:\dfdata\generated\xtts_v2\outputs\xtts_v2_205240_02880.wav,spoof,hi-en,205240,xtts_v2,xtts_v2,clean,eval
C:\dfdata\generated\xtts_v2\outputs\xtts_v2_987461_03274.wav,spoof,hi-en,987461,xtts_v2,xtts_v2,clean,eval
C:\dfdata\generated\xtts_v2\outputs\xtts_v2_413057_02057.wav,spoof,hi-en,413057,xtts_v2,xtts_v2,clean,eval
C:\dfdata\generated\xtts_v2\outputs\xtts_v2_705494_03965.wav,spoof,hi-en,705494,xtts_v2,xtts_v2,clean,eval
C:\dfdata\generated\xtts_v2\outputs\xtts_v2_903756_00471.wav,spoof,hi-en,903756,xtts_v2,xtts_v2,clean,eval
C:\dfdata\generated\xtts_v2\outputs\xtts_v2_870582_00493.wav,spoof,hi-en,870582,xtts_v2,xtts_v2,clean,eval
C:\dfdata\generated\xtts_v2\outputs\xtts_v2_539354_03736.wav,spoof,hi-en,539354,xtts_v2,xtts_v2,clean,eval
C:\dfdata\generated\xtts_v2\outputs\xtts_v2_142970_01577.wav,spoof,hi-en,142970,xtts_v2,xtts_v2,clean,eval
C:\dfdata\generated\xtts_v2\outputs\xtts_v2_584991_01688.wav,spoof,hi-en,584991,xtts_v2,xtts_v2,clean,eval
C:\dfdata\generated\xtts_v2\outputs\xtts_v2_541304_02362.wav,spoof,hi-en,541304,xtts_v2,xtts_v2,clean,eval
C:\dfdata\generated\xtts_v2\outputs\xtts_v2_850754_02967.wav,spoof,hi-en,850754,xtts_v2,xtts_v2,clean,eval
C:\dfdata\generated\xtts_v2\outputs\xtts_v2_987461_03149.wav,spoof,hi-en,987461,xtts_v2,xtts_v2,clean,eval
C:\dfdata\generated\xtts_v2\outputs\xtts_v2_912184_00322.wav,spoof,hi-en,912184,xtts_v2,xtts_v2,clean,eval
C:\dfdata\generated\xtts_v2\outputs\xtts_v2_584991_02663.wav,spoof,hi-en,584991,xtts_v2,xtts_v2,clean,eval
C:\dfdata\generated\xtts_v2\outputs\xtts_v2_975912_02073.wav,spoof,hi-en,975912,xtts_v2,xtts_v2,clean,eval
C:\dfdata\generated\xtts_v2\outputs\xtts_v2_413057_02757.wav,spoof,hi-en,413057,xtts_v2,xtts_v2,clean,eval
C:\dfdata\generated\xtts_v2\outputs\xtts_v2_797767_01191.wav,spoof,hi-en,797767,xtts_v2,xtts_v2,clean,eval
C:\dfdata\generated\xtts_v2\outputs\xtts_v2_975912_03598.wav,spoof,hi-en,975912,xtts_v2,xtts_v2,clean,eval
C:\dfdata\generated\xtts_v2\outputs\xtts_v2_177570_02503.wav,spoof,hi-en,177570,xtts_v2,xtts_v2,clean,eval
C:\dfdata\generated\xtts_v2\outputs\xtts_v2_797767_02516.wav,spoof,hi-en,797767,xtts_v2,xtts_v2,clean,eval
C:\dfdata\generated\xtts_v2\outputs\xtts_v2_205240_03930.wav,spoof,hi-en,205240,xtts_v2,xtts_v2,clean,eval
C:\dfdata\generated\xtts_v2\outputs\xtts_v2_850754_01517.wav,spoof,hi-en,850754,xtts_v2,xtts_v2,clean,eval
C:\dfdata\generated\xtts_v2\outputs\xtts_v2_142970_00727.wav,spoof,hi-en,142970,xtts_v2,xtts_v2,clean,eval
C:\dfdata\generated\xtts_v2\outputs\xtts_v2_584991_00838.wav,spoof,hi-en,584991,xtts_v2,xtts_v2,clean,eval
C:\dfdata\generated\xtts_v2\outputs\xtts_v2_457295_02434.wav,spoof,hi-en,457295,xtts_v2,xtts_v2,clean,eval
C:\dfdata\generated\xtts_v2\outputs\xtts_v2_870582_02493.wav,spoof,hi-en,870582,xtts_v2,xtts_v2,clean,eval
C:\dfdata\generated\xtts_v2\outputs\xtts_v2_893273_01995.wav,spoof,hi-en,893273,xtts_v2,xtts_v2,clean,eval
C:\dfdata\generated\xtts_v2\outputs\xtts_v2_539226_03710.wav,spoof,hi-en,539226,xtts_v2,xtts_v2,clean,eval
C:\dfdata\generated\xtts_v2\outputs\xtts_v2_705494_01915.wav,spoof,hi-en,705494,xtts_v2,xtts_v2,clean,eval
C:\dfdata\generated\xtts_v2\outputs\xtts_v2_797767_02191.wav,spoof,hi-en,797767,xtts_v2,xtts_v2,clean,eval
C:\dfdata\generated\xtts_v2\outputs\xtts_v2_797767_01391.wav,spoof,hi-en,797767,xtts_v2,xtts_v2,clean,eval
C:\dfdata\generated\xtts_v2\outputs\xtts_v2_445718_02208.wav,spoof,hi-en,445718,xtts_v2,xtts_v2,clean,eval
C:\dfdata\generated\xtts_v2\outputs\xtts_v2_457295_00859.wav,spoof,hi-en,457295,xtts_v2,xtts_v2,clean,eval
C:\dfdata\generated\xtts_v2\outputs\xtts_v2_142970_02677.wav,spoof,hi-en,142970,xtts_v2,xtts_v2,clean,eval
C:\dfdata\generated\xtts_v2\outputs\xtts_v2_903756_03346.wav,spoof,hi-en,903756,xtts_v2,xtts_v2,clean,eval
C:\dfdata\generated\xtts_v2\outputs\xtts_v2_106718_01526.wav,spoof,hi-en,106718,xtts_v2,xtts_v2,clean,eval
C:\dfdata\generated\xtts_v2\outputs\xtts_v2_457295_02209.wav,spoof,hi-en,457295,xtts_v2,xtts_v2,clean,eval
C:\dfdata\generated\xtts_v2\outputs\xtts_v2_850754_03467.wav,spoof,hi-en,850754,xtts_v2,xtts_v2,clean,eval
C:\dfdata\generated\xtts_v2\outputs\xtts_v2_797767_00791.wav,spoof,hi-en,797767,xtts_v2,xtts_v2,clean,eval
C:\dfdata\generated\xtts_v2\outputs\xtts_v2_413057_02707.wav,spoof,hi-en,413057,xtts_v2,xtts_v2,clean,eval
C:\dfdata\generated\xtts_v2\outputs\xtts_v2_445718_00058.wav,spoof,hi-en,445718,xtts_v2,xtts_v2,clean,eval
C:\dfdata\generated\xtts_v2\outputs\xtts_v2_106718_03626.wav,spoof,hi-en,106718,xtts_v2,xtts_v2,clean,eval
C:\dfdata\generated\xtts_v2\outputs\xtts_v2_912184_02297.wav,spoof,hi-en,912184,xtts_v2,xtts_v2,clean,eval
C:\dfdata\generated\xtts_v2\outputs\xtts_v2_870582_03018.wav,spoof,hi-en,870582,xtts_v2,xtts_v2,clean,eval
C:\dfdata\generated\xtts_v2\outputs\xtts_v2_634568_03714.wav,spoof,hi-en,634568,xtts_v2,xtts_v2,clean,eval
C:\dfdata\generated\xtts_v2\outputs\xtts_v2_797767_00816.wav,spoof,hi-en,797767,xtts_v2,xtts_v2,clean,eval
C:\dfdata\generated\xtts_v2\outputs\xtts_v2_987461_03199.wav,spoof,hi-en,987461,xtts_v2,xtts_v2,clean,eval
C:\dfdata\generated\xtts_v2\outputs\xtts_v2_106718_02701.wav,spoof,hi-en,106718,xtts_v2,xtts_v2,clean,eval
C:\dfdata\generated\xtts_v2\outputs\xtts_v2_705494_01965.wav,spoof,hi-en,705494,xtts_v2,xtts_v2,clean,eval
C:\dfdata\generated\xtts_v2\outputs\xtts_v2_186783_02954.wav,spoof,hi-en,186783,xtts_v2,xtts_v2,clean,eval
C:\dfdata\generated\xtts_v2\outputs\xtts_v2_106718_03751.wav,spoof,hi-en,106718,xtts_v2,xtts_v2,clean,eval
C:\dfdata\generated\xtts_v2\outputs\xtts_v2_541304_01912.wav,spoof,hi-en,541304,xtts_v2,xtts_v2,clean,eval
C:\dfdata\generated\xtts_v2\outputs\xtts_v2_186783_00779.wav,spoof,hi-en,186783,xtts_v2,xtts_v2,clean,eval
C:\dfdata\generated\xtts_v2\outputs\xtts_v2_177570_02553.wav,spoof,hi-en,177570,xtts_v2,xtts_v2,clean,eval
C:\dfdata\generated\xtts_v2\outputs\xtts_v2_177570_00253.wav,spoof,hi-en,177570,xtts_v2,xtts_v2,clean,eval
C:\dfdata\generated\xtts_v2\outputs\xtts_v2_142970_03052.wav,spoof,hi-en,142970,xtts_v2,xtts_v2,clean,eval
C:\dfdata\generated\xtts_v2\outputs\xtts_v2_539226_03635.wav,spoof,hi-en,539226,xtts_v2,xtts_v2,clean,eval
C:\dfdata\generated\xtts_v2\outputs\xtts_v2_634568_01289.wav,spoof,hi-en,634568,xtts_v2,xtts_v2,clean,eval
C:\dfdata\generated\xtts_v2\outputs\xtts_v2_975912_01598.wav,spoof,hi-en,975912,xtts_v2,xtts_v2,clean,eval
C:\dfdata\generated\xtts_v2\outputs\xtts_v2_584991_02938.wav,spoof,hi-en,584991,xtts_v2,xtts_v2,clean,eval
C:\dfdata\generated\xtts_v2\outputs\xtts_v2_903756_02096.wav,spoof,hi-en,903756,xtts_v2,xtts_v2,clean,eval
C:\dfdata\generated\xtts_v2\outputs\xtts_v2_893273_02470.wav,spoof,hi-en,893273,xtts_v2,xtts_v2,clean,eval
C:\dfdata\generated\xtts_v2\outputs\xtts_v2_634568_00764.wav,spoof,hi-en,634568,xtts_v2,xtts_v2,clean,eval
C:\dfdata\generated\xtts_v2\outputs\xtts_v2_541304_03337.wav,spoof,hi-en,541304,xtts_v2,xtts_v2,clean,eval
C:\dfdata\generated\xtts_v2\outputs\xtts_v2_996368_02625.wav,spoof,hi-en,996368,xtts_v2,xtts_v2,clean,eval
C:\dfdata\generated\xtts_v2\outputs\xtts_v2_987461_01299.wav,spoof,hi-en,987461,xtts_v2,xtts_v2,clean,eval
C:\dfdata\generated\xtts_v2\outputs\xtts_v2_457295_01359.wav,spoof,hi-en,457295,xtts_v2,xtts_v2,clean,eval
C:\dfdata\generated\xtts_v2\outputs\xtts_v2_870582_00343.wav,spoof,hi-en,870582,xtts_v2,xtts_v2,clean,eval
C:\dfdata\generated\xtts_v2\outputs\xtts_v2_987461_00349.wav,spoof,hi-en,987461,xtts_v2,xtts_v2,clean,eval
C:\dfdata\generated\xtts_v2\outputs\xtts_v2_634568_02564.wav,spoof,hi-en,634568,xtts_v2,xtts_v2,clean,eval
C:\dfdata\generated\xtts_v2\outputs\xtts_v2_177570_03253.wav,spoof,hi-en,177570,xtts_v2,xtts_v2,clean,eval
C:\dfdata\generated\xtts_v2\outputs\xtts_v2_850754_02667.wav,spoof,hi-en,850754,xtts_v2,xtts_v2,clean,eval
C:\dfdata\generated\xtts_v2\outputs\xtts_v2_903756_01846.wav,spoof,hi-en,903756,xtts_v2,xtts_v2,clean,eval
C:\dfdata\generated\xtts_v2\outputs\xtts_v2_987461_00324.wav,spoof,hi-en,987461,xtts_v2,xtts_v2,clean,eval
C:\dfdata\generated\xtts_v2\outputs\xtts_v2_445718_03533.wav,spoof,hi-en,445718,xtts_v2,xtts_v2,clean,eval
C:\dfdata\generated\xtts_v2\outputs\xtts_v2_975912_00248.wav,spoof,hi-en,975912,xtts_v2,xtts_v2,clean,eval
C:\dfdata\generated\xtts_v2\outputs\xtts_v2_903756_01871.wav,spoof,hi-en,903756,xtts_v2,xtts_v2,clean,eval
C:\dfdata\generated\xtts_v2\outputs\xtts_v2_186783_03854.wav,spoof,hi-en,186783,xtts_v2,xtts_v2,clean,eval
C:\dfdata\generated\xtts_v2\outputs\xtts_v2_541304_00237.wav,spoof,hi-en,541304,xtts_v2,xtts_v2,clean,eval
C:\dfdata\generated\xtts_v2\outputs\xtts_v2_634568_00689.wav,spoof,hi-en,634568,xtts_v2,xtts_v2,clean,eval
C:\dfdata\generated\xtts_v2\outputs\xtts_v2_996368_00025.wav,spoof,hi-en,996368,xtts_v2,xtts_v2,clean,eval
C:\dfdata\generated\xtts_v2\outputs\xtts_v2_584991_01113.wav,spoof,hi-en,584991,xtts_v2,xtts_v2,clean,eval
C:\dfdata\generated\xtts_v2\outputs\xtts_v2_539226_03035.wav,spoof,hi-en,539226,xtts_v2,xtts_v2,clean,eval
C:\dfdata\generated\xtts_v2\outputs\xtts_v2_912184_01247.wav,spoof,hi-en,912184,xtts_v2,xtts_v2,clean,eval
C:\dfdata\generated\xtts_v2\outputs\xtts_v2_539354_01836.wav,spoof,hi-en,539354,xtts_v2,xtts_v2,clean,eval
C:\dfdata\generated\xtts_v2\outputs\xtts_v2_705494_02490.wav,spoof,hi-en,705494,xtts_v2,xtts_v2,clean,eval
C:\dfdata\generated\xtts_v2\outputs\xtts_v2_186783_03429.wav,spoof,hi-en,186783,xtts_v2,xtts_v2,clean,eval
C:\dfdata\generated\xtts_v2\outputs\xtts_v2_893273_03945.wav,spoof,hi-en,893273,xtts_v2,xtts_v2,clean,eval
C:\dfdata\generated\xtts_v2\outputs\xtts_v2_996368_00325.wav,spoof,hi-en,996368,xtts_v2,xtts_v2,clean,eval
C:\dfdata\generated\xtts_v2\outputs\xtts_v2_987461_02799.wav,spoof,hi-en,987461,xtts_v2,xtts_v2,clean,eval
C:\dfdata\generated\xtts_v2\outputs\xtts_v2_705494_03365.wav,spoof,hi-en,705494,xtts_v2,xtts_v2,clean,eval
C:\dfdata\generated\xtts_v2\outputs\xtts_v2_975912_00873.wav,spoof,hi-en,975912,xtts_v2,xtts_v2,clean,eval
C:\dfdata\generated\xtts_v2\outputs\xtts_v2_975912_03923.wav,spoof,hi-en,975912,xtts_v2,xtts_v2,clean,eval
C:\dfdata\generated\xtts_v2\outputs\xtts_v2_539226_03610.wav,spoof,hi-en,539226,xtts_v2,xtts_v2,clean,eval
C:\dfdata\generated\xtts_v2\outputs\xtts_v2_893273_02120.wav,spoof,hi-en,893273,xtts_v2,xtts_v2,clean,eval
C:\dfdata\generated\xtts_v2\outputs\xtts_v2_996368_00725.wav,spoof,hi-en,996368,xtts_v2,xtts_v2,clean,eval
C:\dfdata\generated\xtts_v2\outputs\xtts_v2_539226_03860.wav,spoof,hi-en,539226,xtts_v2,xtts_v2,clean,eval
C:\dfdata\generated\xtts_v2\outputs\xtts_v2_445718_03008.wav,spoof,hi-en,445718,xtts_v2,xtts_v2,clean,eval
C:\dfdata\generated\xtts_v2\outputs\xtts_v2_177570_03078.wav,spoof,hi-en,177570,xtts_v2,xtts_v2,clean,eval
C:\dfdata\generated\xtts_v2\outputs\xtts_v2_106718_03426.wav,spoof,hi-en,106718,xtts_v2,xtts_v2,clean,eval
C:\dfdata\generated\xtts_v2\outputs\xtts_v2_987461_00924.wav,spoof,hi-en,987461,xtts_v2,xtts_v2,clean,eval
C:\dfdata\generated\xtts_v2\outputs\xtts_v2_413057_01782.wav,spoof,hi-en,413057,xtts_v2,xtts_v2,clean,eval
C:\dfdata\generated\xtts_v2\outputs\xtts_v2_634568_03414.wav,spoof,hi-en,634568,xtts_v2,xtts_v2,clean,eval
C:\dfdata\generated\xtts_v2\outputs\xtts_v2_413057_03432.wav,spoof,hi-en,413057,xtts_v2,xtts_v2,clean,eval
C:\dfdata\generated\xtts_v2\outputs\xtts_v2_893273_01695.wav,spoof,hi-en,893273,xtts_v2,xtts_v2,clean,eval
C:\dfdata\generated\xtts_v2\outputs\xtts_v2_876898_03769.wav,spoof,hi-en,876898,xtts_v2,xtts_v2,clean,eval
C:\dfdata\generated\xtts_v2\outputs\xtts_v2_870582_02568.wav,spoof,hi-en,870582,xtts_v2,xtts_v2,clean,eval
C:\dfdata\generated\xtts_v2\outputs\xtts_v2_634568_00489.wav,spoof,hi-en,634568,xtts_v2,xtts_v2,clean,eval
C:\dfdata\generated\xtts_v2\outputs\xtts_v2_177570_03303.wav,spoof,hi-en,177570,xtts_v2,xtts_v2,clean,eval
C:\dfdata\generated\xtts_v2\outputs\xtts_v2_903756_00446.wav,spoof,hi-en,903756,xtts_v2,xtts_v2,clean,eval
C:\dfdata\generated\xtts_v2\outputs\xtts_v2_539226_02635.wav,spoof,hi-en,539226,xtts_v2,xtts_v2,clean,eval
C:\dfdata\generated\xtts_v2\outputs\xtts_v2_705494_03590.wav,spoof,hi-en,705494,xtts_v2,xtts_v2,clean,eval
C:\dfdata\generated\xtts_v2\outputs\xtts_v2_870582_02693.wav,spoof,hi-en,870582,xtts_v2,xtts_v2,clean,eval
C:\dfdata\generated\xtts_v2\outputs\xtts_v2_445718_00733.wav,spoof,hi-en,445718,xtts_v2,xtts_v2,clean,eval
C:\dfdata\generated\xtts_v2\outputs\xtts_v2_876898_03394.wav,spoof,hi-en,876898,xtts_v2,xtts_v2,clean,eval
C:\dfdata\generated\xtts_v2\outputs\xtts_v2_186783_01379.wav,spoof,hi-en,186783,xtts_v2,xtts_v2,clean,eval
C:\dfdata\generated\xtts_v2\outputs\xtts_v2_797767_02816.wav,spoof,hi-en,797767,xtts_v2,xtts_v2,clean,eval
C:\dfdata\generated\xtts_v2\outputs\xtts_v2_797767_00266.wav,spoof,hi-en,797767,xtts_v2,xtts_v2,clean,eval
C:\dfdata\generated\xtts_v2\outputs\xtts_v2_142970_01802.wav,spoof,hi-en,142970,xtts_v2,xtts_v2,clean,eval
C:\dfdata\generated\xtts_v2\outputs\xtts_v2_850754_00892.wav,spoof,hi-en,850754,xtts_v2,xtts_v2,clean,eval
C:\dfdata\generated\xtts_v2\outputs\xtts_v2_539354_01311.wav,spoof,hi-en,539354,xtts_v2,xtts_v2,clean,eval
C:\dfdata\generated\xtts_v2\outputs\xtts_v2_186783_00729.wav,spoof,hi-en,186783,xtts_v2,xtts_v2,clean,eval
C:\dfdata\generated\xtts_v2\outputs\xtts_v2_903756_03196.wav,spoof,hi-en,903756,xtts_v2,xtts_v2,clean,eval
C:\dfdata\generated\xtts_v2\outputs\xtts_v2_177570_00553.wav,spoof,hi-en,177570,xtts_v2,xtts_v2,clean,eval
C:\dfdata\generated\xtts_v2\outputs\xtts_v2_541304_02437.wav,spoof,hi-en,541304,xtts_v2,xtts_v2,clean,eval
C:\dfdata\generated\xtts_v2\outputs\xtts_v2_870582_01468.wav,spoof,hi-en,870582,xtts_v2,xtts_v2,clean,eval
C:\dfdata\generated\xtts_v2\outputs\xtts_v2_413057_03907.wav,spoof,hi-en,413057,xtts_v2,xtts_v2,clean,eval
C:\dfdata\generated\xtts_v2\outputs\xtts_v2_539354_01861.wav,spoof,hi-en,539354,xtts_v2,xtts_v2,clean,eval
C:\dfdata\generated\xtts_v2\outputs\xtts_v2_870582_01368.wav,spoof,hi-en,870582,xtts_v2,xtts_v2,clean,eval
C:\dfdata\generated\xtts_v2\outputs\xtts_v2_903756_02446.wav,spoof,hi-en,903756,xtts_v2,xtts_v2,clean,eval
C:\dfdata\generated\xtts_v2\outputs\xtts_v2_177570_02528.wav,spoof,hi-en,177570,xtts_v2,xtts_v2,clean,eval
C:\dfdata\generated\xtts_v2\outputs\xtts_v2_322882_01681.wav,spoof,hi-en,322882,xtts_v2,xtts_v2,clean,eval
C:\dfdata\generated\xtts_v2\outputs\xtts_v2_705494_01315.wav,spoof,hi-en,705494,xtts_v2,xtts_v2,clean,eval
C:\dfdata\generated\xtts_v2\outputs\xtts_v2_584991_03013.wav,spoof,hi-en,584991,xtts_v2,xtts_v2,clean,eval
C:\dfdata\generated\xtts_v2\outputs\xtts_v2_797767_02241.wav,spoof,hi-en,797767,xtts_v2,xtts_v2,clean,eval
C:\dfdata\generated\xtts_v2\outputs\xtts_v2_876898_03444.wav,spoof,hi-en,876898,xtts_v2,xtts_v2,clean,eval
C:\dfdata\generated\xtts_v2\outputs\xtts_v2_541304_00812.wav,spoof,hi-en,541304,xtts_v2,xtts_v2,clean,eval
C:\dfdata\generated\xtts_v2\outputs\xtts_v2_322882_02656.wav,spoof,hi-en,322882,xtts_v2,xtts_v2,clean,eval
C:\dfdata\generated\xtts_v2\outputs\xtts_v2_205240_03355.wav,spoof,hi-en,205240,xtts_v2,xtts_v2,clean,eval
C:\dfdata\generated\xtts_v2\outputs\xtts_v2_876898_03669.wav,spoof,hi-en,876898,xtts_v2,xtts_v2,clean,eval
C:\dfdata\generated\xtts_v2\outputs\xtts_v2_584991_03663.wav,spoof,hi-en,584991,xtts_v2,xtts_v2,clean,eval
C:\dfdata\generated\xtts_v2\outputs\xtts_v2_987461_03049.wav,spoof,hi-en,987461,xtts_v2,xtts_v2,clean,eval
C:\dfdata\generated\xtts_v2\outputs\xtts_v2_413057_02807.wav,spoof,hi-en,413057,xtts_v2,xtts_v2,clean,eval
C:\dfdata\generated\xtts_v2\outputs\xtts_v2_987461_01924.wav,spoof,hi-en,987461,xtts_v2,xtts_v2,clean,eval
C:\dfdata\generated\xtts_v2\outputs\xtts_v2_893273_02020.wav,spoof,hi-en,893273,xtts_v2,xtts_v2,clean,eval
C:\dfdata\generated\xtts_v2\outputs\xtts_v2_870582_01518.wav,spoof,hi-en,870582,xtts_v2,xtts_v2,clean,eval
C:\dfdata\generated\xtts_v2\outputs\xtts_v2_539226_01610.wav,spoof,hi-en,539226,xtts_v2,xtts_v2,clean,eval
C:\dfdata\generated\xtts_v2\outputs\xtts_v2_893273_03320.wav,spoof,hi-en,893273,xtts_v2,xtts_v2,clean,eval
C:\dfdata\generated\xtts_v2\outputs\xtts_v2_541304_00262.wav,spoof,hi-en,541304,xtts_v2,xtts_v2,clean,eval
C:\dfdata\generated\xtts_v2\outputs\xtts_v2_539226_00135.wav,spoof,hi-en,539226,xtts_v2,xtts_v2,clean,eval
C:\dfdata\generated\xtts_v2\outputs\xtts_v2_539354_00911.wav,spoof,hi-en,539354,xtts_v2,xtts_v2,clean,eval
C:\dfdata\generated\xtts_v2\outputs\xtts_v2_413057_01382.wav,spoof,hi-en,413057,xtts_v2,xtts_v2,clean,eval
C:\dfdata\generated\xtts_v2\outputs\xtts_v2_584991_03238.wav,spoof,hi-en,584991,xtts_v2,xtts_v2,clean,eval
C:\dfdata\generated\xtts_v2\outputs\xtts_v2_413057_02257.wav,spoof,hi-en,413057,xtts_v2,xtts_v2,clean,eval
C:\dfdata\generated\xtts_v2\outputs\xtts_v2_205240_02980.wav,spoof,hi-en,205240,xtts_v2,xtts_v2,clean,eval
C:\dfdata\generated\xtts_v2\outputs\xtts_v2_912184_00597.wav,spoof,hi-en,912184,xtts_v2,xtts_v2,clean,eval
C:\dfdata\generated\xtts_v2\outputs\xtts_v2_634568_03289.wav,spoof,hi-en,634568,xtts_v2,xtts_v2,clean,eval
C:\dfdata\generated\xtts_v2\outputs\xtts_v2_975912_00798.wav,spoof,hi-en,975912,xtts_v2,xtts_v2,clean,eval
C:\dfdata\generated\xtts_v2\outputs\xtts_v2_705494_03615.wav,spoof,hi-en,705494,xtts_v2,xtts_v2,clean,eval
C:\dfdata\generated\xtts_v2\outputs\xtts_v2_445718_01558.wav,spoof,hi-en,445718,xtts_v2,xtts_v2,clean,eval
C:\dfdata\generated\xtts_v2\outputs\xtts_v2_541304_03837.wav,spoof,hi-en,541304,xtts_v2,xtts_v2,clean,eval
C:\dfdata\generated\xtts_v2\outputs\xtts_v2_893273_03545.wav,spoof,hi-en,893273,xtts_v2,xtts_v2,clean,eval
C:\dfdata\generated\xtts_v2\outputs\xtts_v2_634568_00714.wav,spoof,hi-en,634568,xtts_v2,xtts_v2,clean,eval
C:\dfdata\generated\xtts_v2\outputs\xtts_v2_584991_00738.wav,spoof,hi-en,584991,xtts_v2,xtts_v2,clean,eval
C:\dfdata\generated\xtts_v2\outputs\xtts_v2_413057_02132.wav,spoof,hi-en,413057,xtts_v2,xtts_v2,clean,eval
C:\dfdata\generated\xtts_v2\outputs\xtts_v2_541304_00387.wav,spoof,hi-en,541304,xtts_v2,xtts_v2,clean,eval
C:\dfdata\generated\xtts_v2\outputs\xtts_v2_539354_02036.wav,spoof,hi-en,539354,xtts_v2,xtts_v2,clean,eval
C:\dfdata\generated\xtts_v2\outputs\xtts_v2_850754_01017.wav,spoof,hi-en,850754,xtts_v2,xtts_v2,clean,eval
C:\dfdata\generated\xtts_v2\outputs\xtts_v2_876898_03969.wav,spoof,hi-en,876898,xtts_v2,xtts_v2,clean,eval
C:\dfdata\generated\xtts_v2\outputs\xtts_v2_457295_02234.wav,spoof,hi-en,457295,xtts_v2,xtts_v2,clean,eval
C:\dfdata\generated\xtts_v2\outputs\xtts_v2_322882_02781.wav,spoof,hi-en,322882,xtts_v2,xtts_v2,clean,eval
C:\dfdata\generated\xtts_v2\outputs\xtts_v2_142970_01352.wav,spoof,hi-en,142970,xtts_v2,xtts_v2,clean,eval
C:\dfdata\generated\xtts_v2\outputs\xtts_v2_850754_00617.wav,spoof,hi-en,850754,xtts_v2,xtts_v2,clean,eval
C:\dfdata\generated\xtts_v2\outputs\xtts_v2_142970_01452.wav,spoof,hi-en,142970,xtts_v2,xtts_v2,clean,eval
C:\dfdata\generated\xtts_v2\outputs\xtts_v2_539226_01760.wav,spoof,hi-en,539226,xtts_v2,xtts_v2,clean,eval
C:\dfdata\generated\xtts_v2\outputs\xtts_v2_177570_00753.wav,spoof,hi-en,177570,xtts_v2,xtts_v2,clean,eval
C:\dfdata\generated\xtts_v2\outputs\xtts_v2_876898_01744.wav,spoof,hi-en,876898,xtts_v2,xtts_v2,clean,eval
C:\dfdata\generated\xtts_v2\outputs\xtts_v2_912184_02472.wav,spoof,hi-en,912184,xtts_v2,xtts_v2,clean,eval
C:\dfdata\generated\xtts_v2\outputs\xtts_v2_205240_00780.wav,spoof,hi-en,205240,xtts_v2,xtts_v2,clean,eval
C:\dfdata\generated\xtts_v2\outputs\xtts_v2_870582_03118.wav,spoof,hi-en,870582,xtts_v2,xtts_v2,clean,eval
C:\dfdata\generated\xtts_v2\outputs\xtts_v2_541304_00037.wav,spoof,hi-en,541304,xtts_v2,xtts_v2,clean,eval
C:\dfdata\generated\xtts_v2\outputs\xtts_v2_186783_02179.wav,spoof,hi-en,186783,xtts_v2,xtts_v2,clean,eval
C:\dfdata\generated\xtts_v2\outputs\xtts_v2_584991_03288.wav,spoof,hi-en,584991,xtts_v2,xtts_v2,clean,eval
C:\dfdata\generated\xtts_v2\outputs\xtts_v2_457295_00259.wav,spoof,hi-en,457295,xtts_v2,xtts_v2,clean,eval
C:\dfdata\generated\xtts_v2\outputs\xtts_v2_106718_03976.wav,spoof,hi-en,106718,xtts_v2,xtts_v2,clean,eval
C:\dfdata\generated\xtts_v2\outputs\xtts_v2_539354_01661.wav,spoof,hi-en,539354,xtts_v2,xtts_v2,clean,eval
C:\dfdata\generated\xtts_v2\outputs\xtts_v2_975912_03623.wav,spoof,hi-en,975912,xtts_v2,xtts_v2,clean,eval
C:\dfdata\generated\xtts_v2\outputs\xtts_v2_457295_02759.wav,spoof,hi-en,457295,xtts_v2,xtts_v2,clean,eval
C:\dfdata\generated\xtts_v2\outputs\xtts_v2_142970_00752.wav,spoof,hi-en,142970,xtts_v2,xtts_v2,clean,eval
C:\dfdata\generated\xtts_v2\outputs\xtts_v2_912184_03672.wav,spoof,hi-en,912184,xtts_v2,xtts_v2,clean,eval
C:\dfdata\generated\xtts_v2\outputs\xtts_v2_584991_00988.wav,spoof,hi-en,584991,xtts_v2,xtts_v2,clean,eval
C:\dfdata\generated\xtts_v2\outputs\xtts_v2_634568_00089.wav,spoof,hi-en,634568,xtts_v2,xtts_v2,clean,eval
C:\dfdata\generated\xtts_v2\outputs\xtts_v2_912184_01647.wav,spoof,hi-en,912184,xtts_v2,xtts_v2,clean,eval
C:\dfdata\generated\xtts_v2\outputs\xtts_v2_413057_03132.wav,spoof,hi-en,413057,xtts_v2,xtts_v2,clean,eval
C:\dfdata\generated\xtts_v2\outputs\xtts_v2_539226_00310.wav,spoof,hi-en,539226,xtts_v2,xtts_v2,clean,eval
C:\dfdata\generated\xtts_v2\outputs\xtts_v2_539354_01811.wav,spoof,hi-en,539354,xtts_v2,xtts_v2,clean,eval
C:\dfdata\generated\xtts_v2\outputs\xtts_v2_541304_01837.wav,spoof,hi-en,541304,xtts_v2,xtts_v2,clean,eval
C:\dfdata\generated\xtts_v2\outputs\xtts_v2_445718_01508.wav,spoof,hi-en,445718,xtts_v2,xtts_v2,clean,eval
C:\dfdata\generated\xtts_v2\outputs\xtts_v2_903756_02921.wav,spoof,hi-en,903756,xtts_v2,xtts_v2,clean,eval
C:\dfdata\generated\xtts_v2\outputs\xtts_v2_987461_00974.wav,spoof,hi-en,987461,xtts_v2,xtts_v2,clean,eval
C:\dfdata\generated\xtts_v2\outputs\xtts_v2_177570_03053.wav,spoof,hi-en,177570,xtts_v2,xtts_v2,clean,eval
C:\dfdata\generated\xtts_v2\outputs\xtts_v2_541304_01712.wav,spoof,hi-en,541304,xtts_v2,xtts_v2,clean,eval
C:\dfdata\generated\xtts_v2\outputs\xtts_v2_987461_02874.wav,spoof,hi-en,987461,xtts_v2,xtts_v2,clean,eval
C:\dfdata\generated\xtts_v2\outputs\xtts_v2_975912_01148.wav,spoof,hi-en,975912,xtts_v2,xtts_v2,clean,eval
C:\dfdata\generated\xtts_v2\outputs\xtts_v2_457295_02034.wav,spoof,hi-en,457295,xtts_v2,xtts_v2,clean,eval
C:\dfdata\generated\xtts_v2\outputs\xtts_v2_322882_03606.wav,spoof,hi-en,322882,xtts_v2,xtts_v2,clean,eval
C:\dfdata\generated\xtts_v2\outputs\xtts_v2_975912_01748.wav,spoof,hi-en,975912,xtts_v2,xtts_v2,clean,eval
C:\dfdata\generated\xtts_v2\outputs\xtts_v2_912184_01147.wav,spoof,hi-en,912184,xtts_v2,xtts_v2,clean,eval
C:\dfdata\generated\xtts_v2\outputs\xtts_v2_322882_02481.wav,spoof,hi-en,322882,xtts_v2,xtts_v2,clean,eval
C:\dfdata\generated\xtts_v2\outputs\xtts_v2_870582_03368.wav,spoof,hi-en,870582,xtts_v2,xtts_v2,clean,eval
C:\dfdata\generated\xtts_v2\outputs\xtts_v2_975912_02723.wav,spoof,hi-en,975912,xtts_v2,xtts_v2,clean,eval
C:\dfdata\generated\xtts_v2\outputs\xtts_v2_797767_02541.wav,spoof,hi-en,797767,xtts_v2,xtts_v2,clean,eval
C:\dfdata\generated\xtts_v2\outputs\xtts_v2_797767_02666.wav,spoof,hi-en,797767,xtts_v2,xtts_v2,clean,eval
C:\dfdata\generated\xtts_v2\outputs\xtts_v2_870582_02118.wav,spoof,hi-en,870582,xtts_v2,xtts_v2,clean,eval
C:\dfdata\generated\xtts_v2\outputs\xtts_v2_634568_01089.wav,spoof,hi-en,634568,xtts_v2,xtts_v2,clean,eval
C:\dfdata\generated\xtts_v2\outputs\xtts_v2_634568_02764.wav,spoof,hi-en,634568,xtts_v2,xtts_v2,clean,eval
C:\dfdata\generated\xtts_v2\outputs\xtts_v2_106718_01426.wav,spoof,hi-en,106718,xtts_v2,xtts_v2,clean,eval
C:\dfdata\generated\xtts_v2\outputs\xtts_v2_186783_00379.wav,spoof,hi-en,186783,xtts_v2,xtts_v2,clean,eval
C:\dfdata\generated\xtts_v2\outputs\xtts_v2_539354_01336.wav,spoof,hi-en,539354,xtts_v2,xtts_v2,clean,eval
C:\dfdata\generated\xtts_v2\outputs\xtts_v2_996368_03100.wav,spoof,hi-en,996368,xtts_v2,xtts_v2,clean,eval
C:\dfdata\generated\xtts_v2\outputs\xtts_v2_876898_03744.wav,spoof,hi-en,876898,xtts_v2,xtts_v2,clean,eval
C:\dfdata\generated\xtts_v2\outputs\xtts_v2_975912_01473.wav,spoof,hi-en,975912,xtts_v2,xtts_v2,clean,eval
C:\dfdata\generated\xtts_v2\outputs\xtts_v2_106718_03301.wav,spoof,hi-en,106718,xtts_v2,xtts_v2,clean,eval
C:\dfdata\generated\xtts_v2\outputs\xtts_v2_142970_02927.wav,spoof,hi-en,142970,xtts_v2,xtts_v2,clean,eval
C:\dfdata\generated\xtts_v2\outputs\xtts_v2_987461_01974.wav,spoof,hi-en,987461,xtts_v2,xtts_v2,clean,eval
C:\dfdata\generated\xtts_v2\outputs\xtts_v2_797767_01141.wav,spoof,hi-en,797767,xtts_v2,xtts_v2,clean,eval
C:\dfdata\generated\xtts_v2\outputs\xtts_v2_903756_01521.wav,spoof,hi-en,903756,xtts_v2,xtts_v2,clean,eval
C:\dfdata\generated\xtts_v2\outputs\xtts_v2_975912_00223.wav,spoof,hi-en,975912,xtts_v2,xtts_v2,clean,eval
C:\dfdata\generated\xtts_v2\outputs\xtts_v2_876898_01419.wav,spoof,hi-en,876898,xtts_v2,xtts_v2,clean,eval
C:\dfdata\generated\xtts_v2\outputs\xtts_v2_177570_00178.wav,spoof,hi-en,177570,xtts_v2,xtts_v2,clean,eval
C:\dfdata\generated\xtts_v2\outputs\xtts_v2_797767_01091.wav,spoof,hi-en,797767,xtts_v2,xtts_v2,clean,eval
C:\dfdata\generated\xtts_v2\outputs\xtts_v2_457295_01959.wav,spoof,hi-en,457295,xtts_v2,xtts_v2,clean,eval
C:\dfdata\generated\xtts_v2\outputs\xtts_v2_186783_03954.wav,spoof,hi-en,186783,xtts_v2,xtts_v2,clean,eval
C:\dfdata\generated\xtts_v2\outputs\xtts_v2_850754_01567.wav,spoof,hi-en,850754,xtts_v2,xtts_v2,clean,eval
C:\dfdata\generated\xtts_v2\outputs\xtts_v2_893273_00170.wav,spoof,hi-en,893273,xtts_v2,xtts_v2,clean,eval
C:\dfdata\generated\xtts_v2\outputs\xtts_v2_413057_02832.wav,spoof,hi-en,413057,xtts_v2,xtts_v2,clean,eval
C:\dfdata\generated\xtts_v2\outputs\xtts_v2_975912_03398.wav,spoof,hi-en,975912,xtts_v2,xtts_v2,clean,eval
C:\dfdata\generated\xtts_v2\outputs\xtts_v2_903756_00521.wav,spoof,hi-en,903756,xtts_v2,xtts_v2,clean,eval
C:\dfdata\generated\xtts_v2\outputs\xtts_v2_457295_00384.wav,spoof,hi-en,457295,xtts_v2,xtts_v2,clean,eval
C:\dfdata\generated\xtts_v2\outputs\xtts_v2_584991_03388.wav,spoof,hi-en,584991,xtts_v2,xtts_v2,clean,eval
C:\dfdata\generated\xtts_v2\outputs\xtts_v2_975912_02623.wav,spoof,hi-en,975912,xtts_v2,xtts_v2,clean,eval
C:\dfdata\generated\xtts_v2\outputs\xtts_v2_870582_00018.wav,spoof,hi-en,870582,xtts_v2,xtts_v2,clean,eval
C:\dfdata\generated\xtts_v2\outputs\xtts_v2_186783_00829.wav,spoof,hi-en,186783,xtts_v2,xtts_v2,clean,eval
C:\dfdata\generated\xtts_v2\outputs\xtts_v2_457295_01709.wav,spoof,hi-en,457295,xtts_v2,xtts_v2,clean,eval
C:\dfdata\generated\xtts_v2\outputs\xtts_v2_634568_03739.wav,spoof,hi-en,634568,xtts_v2,xtts_v2,clean,eval
C:\dfdata\generated\xtts_v2\outputs\xtts_v2_457295_02609.wav,spoof,hi-en,457295,xtts_v2,xtts_v2,clean,eval
C:\dfdata\generated\xtts_v2\outputs\xtts_v2_870582_03793.wav,spoof,hi-en,870582,xtts_v2,xtts_v2,clean,eval
C:\dfdata\generated\xtts_v2\outputs\xtts_v2_142970_03077.wav,spoof,hi-en,142970,xtts_v2,xtts_v2,clean,eval
C:\dfdata\generated\xtts_v2\outputs\xtts_v2_541304_03687.wav,spoof,hi-en,541304,xtts_v2,xtts_v2,clean,eval
C:\dfdata\generated\xtts_v2\outputs\xtts_v2_912184_00447.wav,spoof,hi-en,912184,xtts_v2,xtts_v2,clean,eval
C:\dfdata\generated\xtts_v2\outputs\xtts_v2_584991_03888.wav,spoof,hi-en,584991,xtts_v2,xtts_v2,clean,eval
C:\dfdata\generated\xtts_v2\outputs\xtts_v2_634568_02439.wav,spoof,hi-en,634568,xtts_v2,xtts_v2,clean,eval
C:\dfdata\generated\xtts_v2\outputs\xtts_v2_413057_02007.wav,spoof,hi-en,413057,xtts_v2,xtts_v2,clean,eval
C:\dfdata\generated\xtts_v2\outputs\xtts_v2_876898_03419.wav,spoof,hi-en,876898,xtts_v2,xtts_v2,clean,eval
C:\dfdata\generated\xtts_v2\outputs\xtts_v2_106718_02326.wav,spoof,hi-en,106718,xtts_v2,xtts_v2,clean,eval
C:\dfdata\generated\xtts_v2\outputs\xtts_v2_797767_02091.wav,spoof,hi-en,797767,xtts_v2,xtts_v2,clean,eval
C:\dfdata\generated\xtts_v2\outputs\xtts_v2_177570_03153.wav,spoof,hi-en,177570,xtts_v2,xtts_v2,clean,eval
C:\dfdata\generated\xtts_v2\outputs\xtts_v2_177570_01603.wav,spoof,hi-en,177570,xtts_v2,xtts_v2,clean,eval
C:\dfdata\generated\xtts_v2\outputs\xtts_v2_996368_01950.wav,spoof,hi-en,996368,xtts_v2,xtts_v2,clean,eval
C:\dfdata\generated\xtts_v2\outputs\xtts_v2_850754_01617.wav,spoof,hi-en,850754,xtts_v2,xtts_v2,clean,eval
C:\dfdata\generated\xtts_v2\outputs\xtts_v2_457295_03834.wav,spoof,hi-en,457295,xtts_v2,xtts_v2,clean,eval
C:\dfdata\generated\xtts_v2\outputs\xtts_v2_876898_03094.wav,spoof,hi-en,876898,xtts_v2,xtts_v2,clean,eval
C:\dfdata\generated\xtts_v2\outputs\xtts_v2_893273_03870.wav,spoof,hi-en,893273,xtts_v2,xtts_v2,clean,eval
C:\dfdata\generated\xtts_v2\outputs\xtts_v2_413057_00107.wav,spoof,hi-en,413057,xtts_v2,xtts_v2,clean,eval
C:\dfdata\generated\xtts_v2\outputs\xtts_v2_634568_00164.wav,spoof,hi-en,634568,xtts_v2,xtts_v2,clean,eval
C:\dfdata\generated\xtts_v2\outputs\xtts_v2_539226_00560.wav,spoof,hi-en,539226,xtts_v2,xtts_v2,clean,eval
C:\dfdata\generated\xtts_v2\outputs\xtts_v2_541304_00487.wav,spoof,hi-en,541304,xtts_v2,xtts_v2,clean,eval
C:\dfdata\generated\xtts_v2\outputs\xtts_v2_205240_00880.wav,spoof,hi-en,205240,xtts_v2,xtts_v2,clean,eval
C:\dfdata\generated\xtts_v2\outputs\xtts_v2_445718_03408.wav,spoof,hi-en,445718,xtts_v2,xtts_v2,clean,eval
C:\dfdata\generated\xtts_v2\outputs\xtts_v2_177570_02403.wav,spoof,hi-en,177570,xtts_v2,xtts_v2,clean,eval
C:\dfdata\generated\xtts_v2\outputs\xtts_v2_797767_01116.wav,spoof,hi-en,797767,xtts_v2,xtts_v2,clean,eval
C:\dfdata\generated\xtts_v2\outputs\xtts_v2_413057_02557.wav,spoof,hi-en,413057,xtts_v2,xtts_v2,clean,eval
C:\dfdata\generated\xtts_v2\outputs\xtts_v2_850754_00467.wav,spoof,hi-en,850754,xtts_v2,xtts_v2,clean,eval
C:\dfdata\generated\xtts_v2\outputs\xtts_v2_912184_01847.wav,spoof,hi-en,912184,xtts_v2,xtts_v2,clean,eval
C:\dfdata\generated\xtts_v2\outputs\xtts_v2_996368_03800.wav,spoof,hi-en,996368,xtts_v2,xtts_v2,clean,eval
C:\dfdata\generated\xtts_v2\outputs\xtts_v2_106718_00801.wav,spoof,hi-en,106718,xtts_v2,xtts_v2,clean,eval
C:\dfdata\generated\xtts_v2\outputs\xtts_v2_912184_00797.wav,spoof,hi-en,912184,xtts_v2,xtts_v2,clean,eval
C:\dfdata\generated\xtts_v2\outputs\xtts_v2_322882_01206.wav,spoof,hi-en,322882,xtts_v2,xtts_v2,clean,eval
C:\dfdata\generated\xtts_v2\outputs\xtts_v2_705494_01615.wav,spoof,hi-en,705494,xtts_v2,xtts_v2,clean,eval
C:\dfdata\generated\xtts_v2\outputs\xtts_v2_322882_02031.wav,spoof,hi-en,322882,xtts_v2,xtts_v2,clean,eval
C:\dfdata\generated\xtts_v2\outputs\xtts_v2_457295_00759.wav,spoof,hi-en,457295,xtts_v2,xtts_v2,clean,eval
C:\dfdata\generated\xtts_v2\outputs\xtts_v2_106718_03351.wav,spoof,hi-en,106718,xtts_v2,xtts_v2,clean,eval
C:\dfdata\generated\xtts_v2\outputs\xtts_v2_975912_01073.wav,spoof,hi-en,975912,xtts_v2,xtts_v2,clean,eval
C:\dfdata\generated\xtts_v2\outputs\xtts_v2_987461_00374.wav,spoof,hi-en,987461,xtts_v2,xtts_v2,clean,eval
C:\dfdata\generated\xtts_v2\outputs\xtts_v2_584991_03313.wav,spoof,hi-en,584991,xtts_v2,xtts_v2,clean,eval
C:\dfdata\generated\xtts_v2\outputs\xtts_v2_584991_02713.wav,spoof,hi-en,584991,xtts_v2,xtts_v2,clean,eval
C:\dfdata\generated\xtts_v2\outputs\xtts_v2_322882_02306.wav,spoof,hi-en,322882,xtts_v2,xtts_v2,clean,eval
C:\dfdata\generated\xtts_v2\outputs\xtts_v2_912184_03722.wav,spoof,hi-en,912184,xtts_v2,xtts_v2,clean,eval
C:\dfdata\generated\xtts_v2\outputs\xtts_v2_584991_02963.wav,spoof,hi-en,584991,xtts_v2,xtts_v2,clean,eval
C:\dfdata\generated\xtts_v2\outputs\xtts_v2_584991_01888.wav,spoof,hi-en,584991,xtts_v2,xtts_v2,clean,eval
C:\dfdata\generated\xtts_v2\outputs\xtts_v2_893273_03820.wav,spoof,hi-en,893273,xtts_v2,xtts_v2,clean,eval
C:\dfdata\generated\xtts_v2\outputs\xtts_v2_705494_00965.wav,spoof,hi-en,705494,xtts_v2,xtts_v2,clean,eval
C:\dfdata\generated\xtts_v2\outputs\xtts_v2_634568_03489.wav,spoof,hi-en,634568,xtts_v2,xtts_v2,clean,eval
C:\dfdata\generated\xtts_v2\outputs\xtts_v2_186783_01954.wav,spoof,hi-en,186783,xtts_v2,xtts_v2,clean,eval
C:\dfdata\generated\xtts_v2\outputs\xtts_v2_186783_00129.wav,spoof,hi-en,186783,xtts_v2,xtts_v2,clean,eval
C:\dfdata\generated\xtts_v2\outputs\xtts_v2_797767_02641.wav,spoof,hi-en,797767,xtts_v2,xtts_v2,clean,eval
C:\dfdata\generated\xtts_v2\outputs\xtts_v2_893273_01945.wav,spoof,hi-en,893273,xtts_v2,xtts_v2,clean,eval
C:\dfdata\generated\xtts_v2\outputs\xtts_v2_705494_02365.wav,spoof,hi-en,705494,xtts_v2,xtts_v2,clean,eval
C:\dfdata\generated\xtts_v2\outputs\xtts_v2_106718_03701.wav,spoof,hi-en,106718,xtts_v2,xtts_v2,clean,eval
C:\dfdata\generated\xtts_v2\outputs\xtts_v2_987461_03324.wav,spoof,hi-en,987461,xtts_v2,xtts_v2,clean,eval
C:\dfdata\generated\xtts_v2\outputs\xtts_v2_106718_03226.wav,spoof,hi-en,106718,xtts_v2,xtts_v2,clean,eval
C:\dfdata\generated\xtts_v2\outputs\xtts_v2_797767_02916.wav,spoof,hi-en,797767,xtts_v2,xtts_v2,clean,eval
C:\dfdata\generated\xtts_v2\outputs\xtts_v2_106718_00901.wav,spoof,hi-en,106718,xtts_v2,xtts_v2,clean,eval
C:\dfdata\generated\xtts_v2\outputs\xtts_v2_186783_00879.wav,spoof,hi-en,186783,xtts_v2,xtts_v2,clean,eval
C:\dfdata\generated\xtts_v2\outputs\xtts_v2_541304_03987.wav,spoof,hi-en,541304,xtts_v2,xtts_v2,clean,eval
C:\dfdata\generated\xtts_v2\outputs\xtts_v2_797767_01766.wav,spoof,hi-en,797767,xtts_v2,xtts_v2,clean,eval
C:\dfdata\generated\xtts_v2\outputs\xtts_v2_186783_01454.wav,spoof,hi-en,186783,xtts_v2,xtts_v2,clean,eval
C:\dfdata\generated\xtts_v2\outputs\xtts_v2_893273_02670.wav,spoof,hi-en,893273,xtts_v2,xtts_v2,clean,eval
C:\dfdata\generated\xtts_v2\outputs\xtts_v2_987461_01749.wav,spoof,hi-en,987461,xtts_v2,xtts_v2,clean,eval
C:\dfdata\generated\xtts_v2\outputs\xtts_v2_584991_01463.wav,spoof,hi-en,584991,xtts_v2,xtts_v2,clean,eval
C:\dfdata\generated\xtts_v2\outputs\xtts_v2_876898_02719.wav,spoof,hi-en,876898,xtts_v2,xtts_v2,clean,eval
C:\dfdata\generated\xtts_v2\outputs\xtts_v2_996368_01400.wav,spoof,hi-en,996368,xtts_v2,xtts_v2,clean,eval
C:\dfdata\generated\xtts_v2\outputs\xtts_v2_634568_01364.wav,spoof,hi-en,634568,xtts_v2,xtts_v2,clean,eval
C:\dfdata\generated\xtts_v2\outputs\xtts_v2_205240_01455.wav,spoof,hi-en,205240,xtts_v2,xtts_v2,clean,eval
C:\dfdata\generated\xtts_v2\outputs\xtts_v2_413057_00882.wav,spoof,hi-en,413057,xtts_v2,xtts_v2,clean,eval
C:\dfdata\generated\xtts_v2\outputs\xtts_v2_177570_03178.wav,spoof,hi-en,177570,xtts_v2,xtts_v2,clean,eval
C:\dfdata\generated\xtts_v2\outputs\xtts_v2_322882_03206.wav,spoof,hi-en,322882,xtts_v2,xtts_v2,clean,eval
C:\dfdata\generated\xtts_v2\outputs\xtts_v2_987461_00599.wav,spoof,hi-en,987461,xtts_v2,xtts_v2,clean,eval
C:\dfdata\generated\xtts_v2\outputs\xtts_v2_205240_02830.wav,spoof,hi-en,205240,xtts_v2,xtts_v2,clean,eval
C:\dfdata\generated\xtts_v2\outputs\xtts_v2_205240_03430.wav,spoof,hi-en,205240,xtts_v2,xtts_v2,clean,eval
C:\dfdata\generated\xtts_v2\outputs\xtts_v2_903756_02121.wav,spoof,hi-en,903756,xtts_v2,xtts_v2,clean,eval
C:\dfdata\generated\xtts_v2\outputs\xtts_v2_996368_00400.wav,spoof,hi-en,996368,xtts_v2,xtts_v2,clean,eval
C:\dfdata\generated\xtts_v2\outputs\xtts_v2_584991_01413.wav,spoof,hi-en,584991,xtts_v2,xtts_v2,clean,eval
C:\dfdata\generated\xtts_v2\outputs\xtts_v2_539354_00686.wav,spoof,hi-en,539354,xtts_v2,xtts_v2,clean,eval
C:\dfdata\generated\xtts_v2\outputs\xtts_v2_850754_01092.wav,spoof,hi-en,850754,xtts_v2,xtts_v2,clean,eval
C:\dfdata\generated\xtts_v2\outputs\xtts_v2_870582_00868.wav,spoof,hi-en,870582,xtts_v2,xtts_v2,clean,eval
C:\dfdata\generated\xtts_v2\outputs\xtts_v2_705494_03440.wav,spoof,hi-en,705494,xtts_v2,xtts_v2,clean,eval
C:\dfdata\generated\xtts_v2\outputs\xtts_v2_870582_01993.wav,spoof,hi-en,870582,xtts_v2,xtts_v2,clean,eval
C:\dfdata\generated\xtts_v2\outputs\xtts_v2_177570_01128.wav,spoof,hi-en,177570,xtts_v2,xtts_v2,clean,eval
C:\dfdata\generated\xtts_v2\outputs\xtts_v2_445718_03058.wav,spoof,hi-en,445718,xtts_v2,xtts_v2,clean,eval
C:\dfdata\generated\xtts_v2\outputs\xtts_v2_912184_00272.wav,spoof,hi-en,912184,xtts_v2,xtts_v2,clean,eval
C:\dfdata\generated\xtts_v2\outputs\xtts_v2_322882_02406.wav,spoof,hi-en,322882,xtts_v2,xtts_v2,clean,eval
C:\dfdata\generated\xtts_v2\outputs\xtts_v2_539354_02486.wav,spoof,hi-en,539354,xtts_v2,xtts_v2,clean,eval
C:\dfdata\generated\xtts_v2\outputs\xtts_v2_634568_00514.wav,spoof,hi-en,634568,xtts_v2,xtts_v2,clean,eval
C:\dfdata\generated\xtts_v2\outputs\xtts_v2_634568_00839.wav,spoof,hi-en,634568,xtts_v2,xtts_v2,clean,eval
C:\dfdata\generated\xtts_v2\outputs\xtts_v2_996368_00750.wav,spoof,hi-en,996368,xtts_v2,xtts_v2,clean,eval
C:\dfdata\generated\xtts_v2\outputs\xtts_v2_142970_03502.wav,spoof,hi-en,142970,xtts_v2,xtts_v2,clean,eval
C:\dfdata\generated\xtts_v2\outputs\xtts_v2_876898_01969.wav,spoof,hi-en,876898,xtts_v2,xtts_v2,clean,eval
C:\dfdata\generated\xtts_v2\outputs\xtts_v2_903756_02421.wav,spoof,hi-en,903756,xtts_v2,xtts_v2,clean,eval
C:\dfdata\generated\xtts_v2\outputs\xtts_v2_186783_03379.wav,spoof,hi-en,186783,xtts_v2,xtts_v2,clean,eval
C:\dfdata\generated\xtts_v2\outputs\xtts_v2_584991_01438.wav,spoof,hi-en,584991,xtts_v2,xtts_v2,clean,eval
C:\dfdata\generated\xtts_v2\outputs\xtts_v2_413057_01032.wav,spoof,hi-en,413057,xtts_v2,xtts_v2,clean,eval
C:\dfdata\generated\xtts_v2\outputs\xtts_v2_876898_03194.wav,spoof,hi-en,876898,xtts_v2,xtts_v2,clean,eval
C:\dfdata\generated\xtts_v2\outputs\xtts_v2_445718_01858.wav,spoof,hi-en,445718,xtts_v2,xtts_v2,clean,eval
C:\dfdata\generated\xtts_v2\outputs\xtts_v2_457295_02334.wav,spoof,hi-en,457295,xtts_v2,xtts_v2,clean,eval
C:\dfdata\generated\xtts_v2\outputs\xtts_v2_996368_01000.wav,spoof,hi-en,996368,xtts_v2,xtts_v2,clean,eval
C:\dfdata\generated\xtts_v2\outputs\xtts_v2_912184_01822.wav,spoof,hi-en,912184,xtts_v2,xtts_v2,clean,eval
C:\dfdata\generated\xtts_v2\outputs\xtts_v2_634568_01839.wav,spoof,hi-en,634568,xtts_v2,xtts_v2,clean,eval
