job_id,target_speaker,source_speaker,pool,source_utt_id,source_wav,start_seconds,end_seconds,duration_seconds,transcript,language,tool,output_path,seed
1,445718,106718,train,106718_vE1rhq3ojNKZvQNv_0000,${DATA_ROOT}/raw/mucs2021/train/vE1rhq3ojNKZvQNv.wav,2.0,8.0,6.0,लिबर ऑफिस draw में सामान्य drawings कैसे करें इस पर spoken tutorial में आपका स्वागत है,hi,rvc,rvc_445718_00001.wav,4201
2,445718,142970,train,142970_DP5j8CLDeL6HHHSX_0000,${DATA_ROOT}/raw/mucs2021/train/DP5j8CLDeL6HHHSX.wav,0.0,3.0,3.0,स्ट्रिंग फंक्शंस के ट्यूटोरियल में आपका स्वागत है,hi,rvc,rvc_445718_00002.wav,4202
3,445718,177570,train,177570_jSNK2zDaIvyZsMZp_0000,${DATA_ROOT}/raw/mucs2021/train/jSNK2zDaIvyZsMZp.wav,1.0,8.0,7.0,bash में command line arguments और quoting के spoken tutorial में आपका स्वागत है,hi,rvc,rvc_445718_00003.wav,4203
4,445718,186783,train,186783_LFpbaXkb8HuQ6DnF_0000,${DATA_ROOT}/raw/mucs2021/train/LFpbaXkb8HuQ6DnF.wav,0.0,3.0,3.0,नमस्कार दोस्तों,hi,rvc,rvc_445718_00004.wav,4204
5,445718,205240,train,205240_F4KjmwYhWvnpSE0m_0000,${DATA_ROOT}/raw/mucs2021/train/F4KjmwYhWvnpSE0m.wav,3.0,11.0,8.0,यह change password ट्यूटोरियल का तीसरा भाग है इस भाग में हम डेटाबेस में पासवर्ड बदलने जा रहे हैं,hi,rvc,rvc_445718_00005.wav,4205
6,445718,322882,train,322882_XTscbPr78nzuHhuu_0000,${DATA_ROOT}/raw/mucs2021/train/XTscbPr78nzuHhuu.wav,0.0,6.0,6.0,लिबर ऑफिस writer में documents को प्रिंट तथा देखने के इस spoken tutorial में आपका स्वागत है,hi,rvc,rvc_445718_00006.wav,4206
7,445718,413057,train,413057_aKSsdMqkPfUWyYeS_0000,${DATA_ROOT}/raw/mucs2021/train/aKSsdMqkPfUWyYeS.wav,0.0,6.0,6.0,लिबर ऑफिस calc में linking पर spoken tutorial में आपका स्वागत है,hi,rvc,rvc_445718_00007.wav,4207
8,445718,457295,train,457295_WgzliDtK6Htff0g2_0000,${DATA_ROOT}/raw/mucs2021/train/WgzliDtK6Htff0g2.wav,1.0,8.0,7.0,लिबर ऑफिस draw में common editing और printing functions common editing and printing functions पर इस spoken tutorial में आपका स्वागत है,hi,rvc,rvc_445718_00008.wav,4208
9,445718,539226,train,539226_vZGSoJPH1tbvsyCa_0000,${DATA_ROOT}/raw/mucs2021/train/vZGSoJPH1tbvsyCa.wav,0.0,11.0,11.0,यूज़र रजिस्ट्रेशन ट्यूटोरियल के पाँचवे भाग में आपका स्वागत है हम अपनी रजिस्ट्रेशन लॉगिन प्रक्रिया में कुछ अंशों और टुकड़ों को व्यवस्थित करेंगे,hi,rvc,rvc_445718_00009.wav,4209
10,445718,539354,train,539354_C3MtnFEDrRkWHSvJ_0000,${DATA_ROOT}/raw/mucs2021/train/C3MtnFEDrRkWHSvJ.wav,1.0,7.0,6.0,how to create a library in koha पर spoken tutorial में आपका स्वागत है,hi,rvc,rvc_445718_00010.wav,4210
11,445718,541304,train,541304_cyhxRWI0LoKYZvcw_0000,${DATA_ROOT}/raw/mucs2021/train/cyhxRWI0LoKYZvcw.wav,0.0,3.0,3.0,लिबर ऑफिस base पर spoken tutorial में आपका स्वागत है,hi,rvc,rvc_445718_00011.wav,4211
12,445718,584991,train,584991_1ijxO93RTIJh2Rzv_0000,${DATA_ROOT}/raw/mucs2021/train/1ijxO93RTIJh2Rzv.wav,0.0,8.0,8.0,लिबर ऑफिस impress पर इस spoken tutorial में आपका स्वागत है,hi,rvc,rvc_445718_00012.wav,4212
13,445718,634568,train,634568_jCgweujQVV5haVF1_0000,${DATA_ROOT}/raw/mucs2021/train/jCgweujQVV5haVF1.wav,0.0,6.0,6.0,लिबर ऑफिस impress में presentation notes पर spoken tutorial में आपका स्वागत है,hi,rvc,rvc_445718_00013.wav,4213
14,445718,705494,train,705494_fZcxLszRnIHxmVQp_0000,${DATA_ROOT}/raw/mucs2021/train/fZcxLszRnIHxmVQp.wav,0.0,7.0,7.0,लिबर ऑफिस impress में custom animation custom animation पर spoken tutorial में आपका स्वागत है,hi,rvc,rvc_445718_00014.wav,4214
15,445718,797767,train,797767_TRInoJRJxAX3qv5C_0000,${DATA_ROOT}/raw/mucs2021/train/TRInoJRJxAX3qv5C.wav,0.0,6.0,6.0,लिबर ऑफिस calc में linking पर spoken tutorial में आपका स्वागत है,hi,rvc,rvc_445718_00015.wav,4215
16,445718,850754,train,850754_wOTMMvC3WQ5YQRAF_0000,${DATA_ROOT}/raw/mucs2021/train/wOTMMvC3WQ5YQRAF.wav,0.0,7.0,7.0,लिबर ऑफिस में cells और शीट्स के साथ कार्य पर spoken tutorial में आपका स्वागत है,hi,rvc,rvc_445718_00016.wav,4216
17,445718,870582,train,870582_crdH0AI5aH25bEXe_0000,${DATA_ROOT}/raw/mucs2021/train/crdH0AI5aH25bEXe.wav,0.0,6.0,6.0,नमस्कार आपका फिर से स्वागत है इस ट्यूटोरियल में हम डेटाबेस में कुछ डेटा लिखेंगे,hi,rvc,rvc_445718_00017.wav,4217
18,445718,876898,train,876898_RyQSvr4r4iAMTYXq_0000,${DATA_ROOT}/raw/mucs2021/train/RyQSvr4r4iAMTYXq.wav,0.0,7.0,7.0,लिबर ऑफिस में data स्वरूपण यानि formatting data पर spoken tutorial में आपका स्वागत है,hi,rvc,rvc_445718_00018.wav,4218
19,445718,893273,train,893273_8xh3ZKpPy5YhAnKX_0000,${DATA_ROOT}/raw/mucs2021/train/8xh3ZKpPy5YhAnKX.wav,0.0,5.0,5.0,tux typing टक्स टाइपिंग के परिचय पर स्पोकन ट्यूटोरियल में आपका स्वागत है,hi,rvc,rvc_445718_00019.wav,4219
20,445718,903756,train,903756_K3X6AGezGWAoDe1q_0000,${DATA_ROOT}/raw/mucs2021/train/K3X6AGezGWAoDe1q.wav,2.0,6.0,4.0,libreoffice base पर इस spoken tutorial में आपका स्वागत है,hi,rvc,rvc_445718_00020.wav,4220
21,445718,912184,train,912184_V11NDc0lxudGbWQU_0000,${DATA_ROOT}/raw/mucs2021/train/V11NDc0lxudGbWQU.wav,0.0,7.0,7.0,नमस्कार! पिछले ट्यूटोरियल में हमने डेटा चुना और हमने सफलतापूर्वक अपने पेज पर डेटा दर्शाया,hi,rvc,rvc_445718_00021.wav,4221
22,445718,975912,train,975912_1eNS3GaW1oHHurL4_0000,${DATA_ROOT}/raw/mucs2021/train/1eNS3GaW1oHHurL4.wav,0.0,11.0,11.0,आपका फिर से स्वागत है हम इस send mail from not set in php dot ini एरर को कैसे व्यवस्थित करें,hi,rvc,rvc_445718_00022.wav,4222
23,445718,987461,train,987461_LSRBJiHdUoHm4BTI_0000,${DATA_ROOT}/raw/mucs2021/train/LSRBJiHdUoHm4BTI.wav,0.0,9.0,9.0,change password  ट्यूटोरियल के दूसरे भाग में आपका स्वागत है पिछले में हमने सीखा कि चेक कैसे करें यदि हमारा फार्म सब्मिट हो गया है,hi,rvc,rvc_445718_00023.wav,4223
24,445718,996368,train,996368_n4ACC4gnqW0IM1wW_0000,${DATA_ROOT}/raw/mucs2021/train/n4ACC4gnqW0IM1wW.wav,1.0,6.0,5.0,import marc file into koha पर स्पोकन ट्यूटोरियल में आपका स्वागत है,hi,rvc,rvc_445718_00024.wav,4224
25,445718,106718,train,106718_vE1rhq3ojNKZvQNv_0001,${DATA_ROOT}/raw/mucs2021/train/vE1rhq3ojNKZvQNv.wav,8.0,13.0,5.0,इस tutorial में आप सीखेंगे कि निम्न का उपयोग करके साधारण drawings कैसे करें,hi,rvc,rvc_445718_00025.wav,4225
26,445718,142970,train,142970_DP5j8CLDeL6HHHSX_0001,${DATA_ROOT}/raw/mucs2021/train/DP5j8CLDeL6HHHSX.wav,3.0,6.0,3.0,मैं इन स्ट्रिंग फंक्शंस के बारे में बताऊँगा जोकि यहाँ दिखाए गए हैं,hi,rvc,rvc_445718_00026.wav,4226
27,445718,177570,train,177570_jSNK2zDaIvyZsMZp_0001,${DATA_ROOT}/raw/mucs2021/train/jSNK2zDaIvyZsMZp.wav,8.0,11.0,3.0,इस tutorial में हम निम्न के बारे में सीखेंगे,hi,rvc,rvc_445718_00027.wav,4227
28,445718,186783,train,186783_LFpbaXkb8HuQ6DnF_0001,${DATA_ROOT}/raw/mucs2021/train/LFpbaXkb8HuQ6DnF.wav,3.0,9.0,6.0,लिबरऑफिस राइटर पर ट्यूटोरियल डॉक्युमेंट में संपादन के समय ट्रैक में बदलाव में आपका स्वागत है,hi,rvc,rvc_445718_00028.wav,4228
29,445718,205240,train,205240_F4KjmwYhWvnpSE0m_0001,${DATA_ROOT}/raw/mucs2021/train/F4KjmwYhWvnpSE0m.wav,11.0,14.0,3.0,हम यहाँ अपने डेटाबेस से पहले ही जुड़ चुके हैं,hi,rvc,rvc_445718_00029.wav,4229
30,445718,322882,train,322882_XTscbPr78nzuHhuu_0001,${DATA_ROOT}/raw/mucs2021/train/XTscbPr78nzuHhuu.wav,6.0,10.0,4.0,इस tutorial में हम निम्नलिखित सीखेंगे,hi,rvc,rvc_445718_00030.wav,4230
31,445718,413057,train,413057_aKSsdMqkPfUWyYeS_0001,${DATA_ROOT}/raw/mucs2021/train/aKSsdMqkPfUWyYeS.wav,6.0,10.0,4.0,इस tutorial में हम निम्न सीखेंगे:,hi,rvc,rvc_445718_00031.wav,4231
32,445718,457295,train,457295_WgzliDtK6Htff0g2_0002,${DATA_ROOT}/raw/mucs2021/train/WgzliDtK6Htff0g2.wav,10.0,13.0,3.0,draw पेज के लिए margins यानि हाशिया set करें,hi,rvc,rvc_445718_00032.wav,4232
33,445718,539226,train,539226_vZGSoJPH1tbvsyCa_0001,${DATA_ROOT}/raw/mucs2021/train/vZGSoJPH1tbvsyCa.wav,11.0,14.0,3.0,फिर हम एक पूर्ण जाँच करेंगे यह देखने के लिए यदि यह वाकई में कार्य कर रहा है,hi,rvc,rvc_445718_00033.wav,4233
34,445718,539354,train,539354_C3MtnFEDrRkWHSvJ_0001,${DATA_ROOT}/raw/mucs2021/train/C3MtnFEDrRkWHSvJ.wav,7.0,16.0,9.0,इस tutorial में हम लाइब्रेरी बनाना और ग्रुप बनाना सीखेंगे,hi,rvc,rvc_445718_00034.wav,4234
35,445718,541304,train,541304_cyhxRWI0LoKYZvcw_0001,${DATA_ROOT}/raw/mucs2021/train/cyhxRWI0LoKYZvcw.wav,3.0,9.0,6.0,इस tutorial में हम libreoffice में simple forms के बारे में सीखेंगे,hi,rvc,rvc_445718_00035.wav,4235
36,445718,584991,train,584991_1ijxO93RTIJh2Rzv_0001,${DATA_ROOT}/raw/mucs2021/train/1ijxO93RTIJh2Rzv.wav,8.0,15.0,7.0,इस tutorial में हम यह सीखेंगे कि slides के लिए backgrounds लेआउट कैसे लागू करें,hi,rvc,rvc_445718_00036.wav,4236
37,445718,634568,train,634568_jCgweujQVV5haVF1_0001,${DATA_ROOT}/raw/mucs2021/train/jCgweujQVV5haVF1.wav,6.0,12.0,6.0,इस tutorial में हम notes के बारे में और उनको print कैसे करना सीखेंगे,hi,rvc,rvc_445718_00037.wav,4237
38,445718,705494,train,705494_fZcxLszRnIHxmVQp_0001,${DATA_ROOT}/raw/mucs2021/train/fZcxLszRnIHxmVQp.wav,7.0,12.0,5.0,इस tutorial में हम impress में custom animation के बारे में सीखेंगे,hi,rvc,rvc_445718_00038.wav,4238
39,445718,797767,train,797767_TRInoJRJxAX3qv5C_0001,${DATA_ROOT}/raw/mucs2021/train/TRInoJRJxAX3qv5C.wav,6.0,10.0,4.0,इस tutorial में हम निम्न सीखेंगे:,hi,rvc,rvc_445718_00039.wav,4239
40,445718,850754,train,850754_wOTMMvC3WQ5YQRAF_0002,${DATA_ROOT}/raw/mucs2021/train/wOTMMvC3WQ5YQRAF.wav,9.0,13.0,4.0,रोव्स तथा columns को जोड़ना और डिलीट करना,hi,rvc,rvc_445718_00040.wav,4240
41,445718,870582,train,870582_crdH0AI5aH25bEXe_0001,${DATA_ROOT}/raw/mucs2021/train/crdH0AI5aH25bEXe.wav,6.0,10.0,4.0,यह करने के लिए हम अपने mysql query फंक्शन का इस्तेमाल करेंगे,hi,rvc,rvc_445718_00041.wav,4241
42,445718,876898,train,876898_RyQSvr4r4iAMTYXq_0001,${DATA_ROOT}/raw/mucs2021/train/RyQSvr4r4iAMTYXq.wav,7.0,14.0,7.0,इस tutorial में हम निम्न के बारे में सीखेंगे,hi,rvc,rvc_445718_00042.wav,4242
43,445718,893273,train,893273_8xh3ZKpPy5YhAnKX_0001,${DATA_ROOT}/raw/mucs2021/train/8xh3ZKpPy5YhAnKX.wav,5.0,8.0,3.0,इस ट्यूटोरियल में आप सीखेंगे:,hi,rvc,rvc_445718_00043.wav,4243
44,445718,903756,train,903756_K3X6AGezGWAoDe1q_0001,${DATA_ROOT}/raw/mucs2021/train/K3X6AGezGWAoDe1q.wav,6.0,10.0,4.0,इस tutorial में हम सीखेंगे कि,hi,rvc,rvc_445718_00044.wav,4244
45,445718,912184,train,912184_V11NDc0lxudGbWQU_0001,${DATA_ROOT}/raw/mucs2021/train/V11NDc0lxudGbWQU.wav,7.0,11.0,4.0,चलिए मैं आपको यहाँ इस पेज पर वापस ले चलता हूँ हम देख सकते हैं कि सब कुछ ठीक कार्य कर रहा है,hi,rvc,rvc_445718_00045.wav,4245
46,445718,975912,train,975912_1eNS3GaW1oHHurL4_0001,${DATA_ROOT}/raw/mucs2021/train/1eNS3GaW1oHHurL4.wav,11.0,18.0,7.0,हमने निर्धारित नहीं किया है कि यह इमेल किसके तरफ से है,hi,rvc,rvc_445718_00046.wav,4246
47,445718,987461,train,987461_LSRBJiHdUoHm4BTI_0001,${DATA_ROOT}/raw/mucs2021/train/LSRBJiHdUoHm4BTI.wav,9.0,13.0,4.0,हमें यहाँ हमारी डेटा वेल्यू मिली है,hi,rvc,rvc_445718_00047.wav,4247
48,445718,996368,train,996368_n4ACC4gnqW0IM1wW_0001,${DATA_ROOT}/raw/mucs2021/train/n4ACC4gnqW0IM1wW.wav,6.0,15.0,9.0,इस ट्यूटोरियल में हम सीखेंगे  koha में  marc फाइल इंपोर्ट करना और  opac में इम्पोर्टेड डेटा सर्च करना,hi,rvc,rvc_445718_00048.wav,4248
49,445718,106718,train,106718_vE1rhq3ojNKZvQNv_0002,${DATA_ROOT}/raw/mucs2021/train/vE1rhq3ojNKZvQNv.wav,13.0,17.0,4.0,बुनियादी आकार जैसेlines arrows और आयत,hi,rvc,rvc_445718_00049.wav,4249
50,445718,142970,train,142970_DP5j8CLDeL6HHHSX_0002,${DATA_ROOT}/raw/mucs2021/train/DP5j8CLDeL6HHHSX.wav,6.0,10.0,4.0,इनमें से अधिकांश बहुत उपयोगी और नियमित उपयोग में आने वाले एप्लीकेशन के लिए अनुकूल हैं,hi,rvc,rvc_445718_00050.wav,4250
51,445718,177570,train,177570_jSNK2zDaIvyZsMZp_0004,${DATA_ROOT}/raw/mucs2021/train/jSNK2zDaIvyZsMZp.wav,15.0,20.0,5.0,इस tutorial के अनुसरण के लिए आपको लिनक्स operating system के साथ परिचित होना चाहिए,hi,rvc,rvc_445718_00051.wav,4251
52,445718,186783,train,186783_LFpbaXkb8HuQ6DnF_0002,${DATA_ROOT}/raw/mucs2021/train/LFpbaXkb8HuQ6DnF.wav,9.0,15.0,6.0,इस ट्यूटोरियल में मैं समझाऊँगा कि लिबरऑफिस राइटर में डॉक्युमेंट का पीयर रिव्यू सहकर्मी समीक्षा कैसे किया जा सकता है,hi,rvc,rvc_445718_00052.wav,4252
53,445718,205240,train,205240_F4KjmwYhWvnpSE0m_0002,${DATA_ROOT}/raw/mucs2021/train/F4KjmwYhWvnpSE0m.wav,14.0,23.0,9.0,हम यहाँ पहले ही जुड़ चुके हैं तो फिर से जोड़ने की आवश्यकता नहीं है क्योंकि यह कमांड पहले ही फिर से जारी हो चुकी है,hi,rvc,rvc_445718_00053.wav,4253
54,445718,322882,train,322882_XTscbPr78nzuHhuu_0004,${DATA_ROOT}/raw/mucs2021/train/XTscbPr78nzuHhuu.wav,13.0,24.0,11.0,यहाँ हम अपने operating system के रूप में उबंटु लिनक्स 1004 का उपयोग कर रहे हैं और लिबर ऑफिस suite version 334,hi,rvc,rvc_445718_00054.wav,4254
55,445718,413057,train,413057_aKSsdMqkPfUWyYeS_0002,${DATA_ROOT}/raw/mucs2021/train/aKSsdMqkPfUWyYeS.wav,10.0,13.0,3.0,calc में अन्य शीट्स का उल्लेख कैसे करें,hi,rvc,rvc_445718_00055.wav,4255
56,445718,457295,train,457295_WgzliDtK6Htff0g2_0003,${DATA_ROOT}/raw/mucs2021/train/WgzliDtK6Htff0g2.wav,13.0,16.0,3.0,पेज numbers दिनांक और समय प्रविष्ट करें,hi,rvc,rvc_445718_00056.wav,4256
57,445718,539226,train,539226_vZGSoJPH1tbvsyCa_0002,${DATA_ROOT}/raw/mucs2021/train/vZGSoJPH1tbvsyCa.wav,14.0,24.0,10.0,पिछले भाग में आपने देखा था कि मैंने खुद को डेटाबेस में रजिस्टर कर लिया था सब कुछ ठीक सही किया था और मैं यहाँ लॉगिन स्क्रीन पर हूँ,hi,rvc,rvc_445718_00057.wav,4257
58,445718,539354,train,539354_C3MtnFEDrRkWHSvJ_0002,${DATA_ROOT}/raw/mucs2021/train/C3MtnFEDrRkWHSvJ.wav,16.0,24.0,8.0,इस tutorial को record करने के लिए मैं उपयोग कर रही हूँ उबंटु लिनक्स operating system 1604,hi,rvc,rvc_445718_00058.wav,4258
59,445718,541304,train,541304_cyhxRWI0LoKYZvcw_0002,${DATA_ROOT}/raw/mucs2021/train/cyhxRWI0LoKYZvcw.wav,9.0,12.0,3.0,यहाँ हम निम्न सीखेंगे,hi,rvc,rvc_445718_00059.wav,4259
60,445718,584991,train,584991_1ijxO93RTIJh2Rzv_0002,${DATA_ROOT}/raw/mucs2021/train/1ijxO93RTIJh2Rzv.wav,15.0,24.0,9.0,यहाँ हम उबंटू लिनक्स वर्जन 1004 और लिबर ऑफिस सूट वर्जन 334 का उपयोग कर रहे हैं,hi,rvc,rvc_445718_00060.wav,4260
61,445718,634568,train,634568_jCgweujQVV5haVF1_0003,${DATA_ROOT}/raw/mucs2021/train/jCgweujQVV5haVF1.wav,14.0,20.0,6.0,दर्शकों के लिए प्रत्येक slide पर अतिरिक्त सामग्री या रेफ्रेन्सेस के लिए,hi,rvc,rvc_445718_00061.wav,4261
62,445718,705494,train,705494_fZcxLszRnIHxmVQp_0002,${DATA_ROOT}/raw/mucs2021/train/fZcxLszRnIHxmVQp.wav,12.0,21.0,9.0,यहाँ हम उबंटू लिनक्स 1004 और लिबरऑफिस सूट वर्जन 334 का उपयोग कर रहे हैं,hi,rvc,rvc_445718_00062.wav,4262
63,445718,797767,train,797767_TRInoJRJxAX3qv5C_0002,${DATA_ROOT}/raw/mucs2021/train/TRInoJRJxAX3qv5C.wav,10.0,14.0,4.0,calc में अन्य शीट्स का उ ल्लेख कैसे करें,hi,rvc,rvc_445718_00063.wav,4263
64,445718,850754,train,850754_wOTMMvC3WQ5YQRAF_0003,${DATA_ROOT}/raw/mucs2021/train/wOTMMvC3WQ5YQRAF.wav,13.0,17.0,4.0,शीट्स को जोड़ना और डिलीट करना शीट्स को फिर से नाम देना,hi,rvc,rvc_445718_00064.wav,4264
65,445718,870582,train,870582_crdH0AI5aH25bEXe_0002,${DATA_ROOT}/raw/mucs2021/train/crdH0AI5aH25bEXe.wav,10.0,16.0,6.0,अब आप यहाँ देख सकते हैं कि हमारे पास हमारे रिकार्डसअभिलेख हैं,hi,rvc,rvc_445718_00065.wav,4265
66,445718,876898,train,876898_RyQSvr4r4iAMTYXq_0002,${DATA_ROOT}/raw/mucs2021/train/RyQSvr4r4iAMTYXq.wav,14.0,19.0,5.0,automatic wrapping का उपयोग करके text की विभिन्न lines को फॉर्मेट करना,hi,rvc,rvc_445718_00066.wav,4266
67,445718,893273,train,893273_8xh3ZKpPy5YhAnKX_0002,${DATA_ROOT}/raw/mucs2021/train/8xh3ZKpPy5YhAnKX.wav,8.0,12.0,4.0,वाक्यांशों को टाइप कैसे करें अपने शब्दों की सूची तैयार कैसे करें,hi,rvc,rvc_445718_00067.wav,4267
68,445718,903756,train,903756_K3X6AGezGWAoDe1q_0002,${DATA_ROOT}/raw/mucs2021/train/K3X6AGezGWAoDe1q.wav,10.0,13.0,3.0,कैसे sql view में queries लिखें,hi,rvc,rvc_445718_00068.wav,4268
69,445718,912184,train,912184_V11NDc0lxudGbWQU_0002,${DATA_ROOT}/raw/mucs2021/train/V11NDc0lxudGbWQU.wav,11.0,18.0,7.0,हमारा सारा डेटा यहाँ हमारे पास है,hi,rvc,rvc_445718_00069.wav,4269
70,445718,975912,train,975912_1eNS3GaW1oHHurL4_0002,${DATA_ROOT}/raw/mucs2021/train/1eNS3GaW1oHHurL4.wav,18.0,23.0,5.0,इमेल भेजने के लिए हमें यह करने की आवश्यकता है,hi,rvc,rvc_445718_00070.wav,4270
71,445718,987461,train,987461_LSRBJiHdUoHm4BTI_0002,${DATA_ROOT}/raw/mucs2021/train/LSRBJiHdUoHm4BTI.wav,13.0,18.0,5.0,कृपया याद रखें कि हमारे डेटाबेस के अंदर हमारे पासवर्डस एन्क्रिप्ट हैं,hi,rvc,rvc_445718_00071.wav,4271
72,445718,996368,train,996368_n4ACC4gnqW0IM1wW_0002,${DATA_ROOT}/raw/mucs2021/train/n4ACC4gnqW0IM1wW.wav,15.0,22.0,7.0,इस ट्यूटोरियल को रिकॉर्ड करने के लिए मैं उपयोग कर रही हूँ  ubuntu linux os 1604,hi,rvc,rvc_445718_00072.wav,4272
73,445718,106718,train,106718_vE1rhq3ojNKZvQNv_0003,${DATA_ROOT}/raw/mucs2021/train/vE1rhq3ojNKZvQNv.wav,17.0,22.0,5.0,बुनियादी geometric आकार symbols stars और banners,hi,rvc,rvc_445718_00073.wav,4273
74,445718,142970,train,142970_DP5j8CLDeL6HHHSX_0003,${DATA_ROOT}/raw/mucs2021/train/DP5j8CLDeL6HHHSX.wav,10.0,16.0,6.0,साथ ही जो विडियो मैं बनाऊँगा या जो बनाए हैं उन सभी के लिए निश्चित रूप से अनुकूल है,hi,rvc,rvc_445718_00074.wav,4274
75,445718,177570,train,177570_jSNK2zDaIvyZsMZp_0005,${DATA_ROOT}/raw/mucs2021/train/jSNK2zDaIvyZsMZp.wav,20.0,26.0,6.0,यदि नहीं तो सम्बंधित tutorials के लिए कृपया हमारी website पर जाएँ,hi,rvc,rvc_445718_00075.wav,4275
76,445718,186783,train,186783_LFpbaXkb8HuQ6DnF_0003,${DATA_ROOT}/raw/mucs2021/train/LFpbaXkb8HuQ6DnF.wav,15.0,18.0,3.0,हम एक मौजूद डॉक्युमेंट को खोलेंगे,hi,rvc,rvc_445718_00076.wav,4276
77,445718,205240,train,205240_F4KjmwYhWvnpSE0m_0003,${DATA_ROOT}/raw/mucs2021/train/F4KjmwYhWvnpSE0m.wav,23.0,30.0,7.0,मैं query change नामक एक नई क्वेरी बनाऊँगा और यह mysql query फंक्शन के बराबर होगी,hi,rvc,rvc_445718_00077.wav,4277
78,445718,322882,train,322882_XTscbPr78nzuHhuu_0005,${DATA_ROOT}/raw/mucs2021/train/XTscbPr78nzuHhuu.wav,24.0,31.0,7.0,अतः लिबर ऑफिस writer में विविध view options के बारे में सीख कर अपने tutorial की शुरूआत करते हैं,hi,rvc,rvc_445718_00078.wav,4278
79,445718,413057,train,413057_aKSsdMqkPfUWyYeS_0003,${DATA_ROOT}/raw/mucs2021/train/aKSsdMqkPfUWyYeS.wav,13.0,17.0,4.0,calc में hyperlinks का इस्तेमाल कैसे करें,hi,rvc,rvc_445718_00079.wav,4279
80,445718,457295,train,457295_WgzliDtK6Htff0g2_0007,${DATA_ROOT}/raw/mucs2021/train/WgzliDtK6Htff0g2.wav,22.0,33.0,11.0,यहाँ हम उबंटू लिनक्स वर्जन 1004 और लिबर ऑफिस सूट वर्जन 334 का उपयोग कर रहे हैं,hi,rvc,rvc_445718_00080.wav,4280
81,445718,539226,train,539226_vZGSoJPH1tbvsyCa_0003,${DATA_ROOT}/raw/mucs2021/train/vZGSoJPH1tbvsyCa.wav,24.0,33.0,9.0,देखते हैं यदि मैं लॉगिन कर सकता हूँ लिखते हैं username alex है और मेरा पासवर्ड वह पासवर्ड जो मैंने इस्तेमाल किया था,hi,rvc,rvc_445718_00081.wav,4281
82,445718,539354,train,539354_C3MtnFEDrRkWHSvJ_0003,${DATA_ROOT}/raw/mucs2021/train/C3MtnFEDrRkWHSvJ.wav,24.0,29.0,5.0,और koha version 1605,hi,rvc,rvc_445718_00082.wav,4282
83,445718,541304,train,541304_cyhxRWI0LoKYZvcw_0004,${DATA_ROOT}/raw/mucs2021/train/cyhxRWI0LoKYZvcw.wav,14.0,17.0,3.0,wizard का उपयोग करके form कैसे बनायें,hi,rvc,rvc_445718_00083.wav,4283
84,445718,584991,train,584991_1ijxO93RTIJh2Rzv_0003,${DATA_ROOT}/raw/mucs2021/train/1ijxO93RTIJh2Rzv.wav,24.0,32.0,8.0,background slide पर लागू किये गये सभी रंगों और प्रभावों को उद्घृत करता है जो विषयवस्तु के पीछे मौजूद हैं,hi,rvc,rvc_445718_00084.wav,4284
85,445718,634568,train,634568_jCgweujQVV5haVF1_0004,${DATA_ROOT}/raw/mucs2021/train/jCgweujQVV5haVF1.wav,20.0,27.0,7.0,उद्घोषक को reference notes के ज़रिये मदद करने के लिए जब वह दर्शक के सामने slides प्रस्तुत करे,hi,rvc,rvc_445718_00085.wav,4285
86,445718,705494,train,705494_fZcxLszRnIHxmVQp_0003,${DATA_ROOT}/raw/mucs2021/train/fZcxLszRnIHxmVQp.wav,21.0,26.0,5.0,पहले प्रस्तुति sampleimpress odp खोलें,hi,rvc,rvc_445718_00086.wav,4286
87,445718,797767,train,797767_TRInoJRJxAX3qv5C_0003,${DATA_ROOT}/raw/mucs2021/train/TRInoJRJxAX3qv5C.wav,14.0,18.0,4.0,calc में hyperlinks का इस्तेमाल कैसे करें,hi,rvc,rvc_445718_00087.wav,4287
88,445718,850754,train,850754_wOTMMvC3WQ5YQRAF_0004,${DATA_ROOT}/raw/mucs2021/train/wOTMMvC3WQ5YQRAF.wav,17.0,29.0,12.0,यहाँ हम अपने operating system के रूप में उबंटु लिनक्स version 1004 और libreoffice version 334 का उपयोग कर रहे हैं,hi,rvc,rvc_445718_00088.wav,4288
89,445718,870582,train,870582_crdH0AI5aH25bEXe_0003,${DATA_ROOT}/raw/mucs2021/train/crdH0AI5aH25bEXe.wav,16.0,21.0,5.0,मैं इस ट्यूटोरियल को फिर से कर रहा हूँ क्योंकि जब मैंने पहली बार किया था वह काम नही किया था,hi,rvc,rvc_445718_00089.wav,4289
90,445718,876898,train,876898_RyQSvr4r4iAMTYXq_0003,${DATA_ROOT}/raw/mucs2021/train/RyQSvr4r4iAMTYXq.wav,19.0,23.0,4.0,cells को मर्ज करना cells में fit करने के लिए text को कम करना,hi,rvc,rvc_445718_00090.wav,4290
91,445718,893273,train,893273_8xh3ZKpPy5YhAnKX_0003,${DATA_ROOT}/raw/mucs2021/train/8xh3ZKpPy5YhAnKX.wav,12.0,17.0,5.0,टाइपिंग के लिए भाषा की स्थापना के बारे में जानकारी पता कैसे करें,hi,rvc,rvc_445718_00091.wav,4291
92,445718,903756,train,903756_K3X6AGezGWAoDe1q_0007,${DATA_ROOT}/raw/mucs2021/train/K3X6AGezGWAoDe1q.wav,21.0,26.0,5.0,और built इन functions का इस्तेमाल कैसे करें,hi,rvc,rvc_445718_00092.wav,4292
93,445718,912184,train,912184_V11NDc0lxudGbWQU_0003,${DATA_ROOT}/raw/mucs2021/train/V11NDc0lxudGbWQU.wav,18.0,25.0,7.0,अगली चीज़ हम सीखेंगे कि कैसे कहीं बताएँ कि प्रयोगकर्तायूजरखुद डेटा डाल सकता है और विस्तृत कर सकता है,hi,rvc,rvc_445718_00093.wav,4293
94,445718,975912,train,975912_1eNS3GaW1oHHurL4_0003,${DATA_ROOT}/raw/mucs2021/train/1eNS3GaW1oHHurL4.wav,23.0,29.0,6.0,हम यहाँ from पैरामीटर जैसा कुछ भी उपयोग नहीं करेंगे,hi,rvc,rvc_445718_00094.wav,4294
95,445718,987461,train,987461_LSRBJiHdUoHm4BTI_0003,${DATA_ROOT}/raw/mucs2021/train/LSRBJiHdUoHm4BTI.wav,18.0,27.0,9.0,अतः जैसे ही ये फील्ड्स अंदर आ रहे हैं मैं उनको एक md 5 hash में एन्क्रिप्ट करूँगा,hi,rvc,rvc_445718_00095.wav,4295
96,445718,996368,train,996368_n4ACC4gnqW0IM1wW_0003,${DATA_ROOT}/raw/mucs2021/train/n4ACC4gnqW0IM1wW.wav,22.0,29.0,7.0,koha version 1605  और  firefox web browser,hi,rvc,rvc_445718_00096.wav,4296
97,445718,106718,train,106718_vE1rhq3ojNKZvQNv_0004,${DATA_ROOT}/raw/mucs2021/train/vE1rhq3ojNKZvQNv.wav,22.0,27.0,5.0,आप यह भी सीखेंगे कि एक object को कैसे चुनें स्थानांतरित करें और डिलीट करें,hi,rvc,rvc_445718_00097.wav,4297
98,445718,142970,train,142970_DP5j8CLDeL6HHHSX_0004,${DATA_ROOT}/raw/mucs2021/train/DP5j8CLDeL6HHHSX.wav,16.0,20.0,4.0,ठीक है तो जो पहला हम बताएँगे वह है strlen,hi,rvc,rvc_445718_00098.wav,4298
99,445718,177570,train,177570_jSNK2zDaIvyZsMZp_0006,${DATA_ROOT}/raw/mucs2021/train/jSNK2zDaIvyZsMZp.wav,26.0,29.0,3.0,इस tutorial के लिए मैं उपयोग कर रहा हूँ,hi,rvc,rvc_445718_00099.wav,4299
100,445718,186783,train,186783_LFpbaXkb8HuQ6DnF_0004,${DATA_ROOT}/raw/mucs2021/train/LFpbaXkb8HuQ6DnF.wav,18.0,25.0,7.0,समझाने के लिए कि record changes का उपयोग करके डॉक्युमेंट का संपादन और पीर रिव्यू कैसे करें,hi,rvc,rvc_445718_00100.wav,4300
101,445718,205240,train,205240_F4KjmwYhWvnpSE0m_0004,${DATA_ROOT}/raw/mucs2021/train/F4KjmwYhWvnpSE0m.wav,30.0,36.0,6.0,अब यह कोड का नया भाग है अतः मैं नीचे स्क्रोल करूँगा जिससे कि आप इसे आसानी से देख सकें,hi,rvc,rvc_445718_00101.wav,4301
102,445718,322882,train,322882_XTscbPr78nzuHhuu_0006,${DATA_ROOT}/raw/mucs2021/train/XTscbPr78nzuHhuu.wav,31.0,36.0,5.0,यहाँ writer में मूलतः दो व्यापक उपयोगित view options हैं,hi,rvc,rvc_445718_00102.wav,4302
103,445718,413057,train,413057_aKSsdMqkPfUWyYeS_0004,${DATA_ROOT}/raw/mucs2021/train/aKSsdMqkPfUWyYeS.wav,17.0,29.0,12.0,यहाँ हम operating system के रूप में उबंटू लिनक्स वर्ज़न 1004 और लिबर ऑफिस suite वर्ज़न 334 इस्तेमाल कर रहे हैं,hi,rvc,rvc_445718_00103.wav,4303
104,445718,457295,train,457295_WgzliDtK6Htff0g2_0008,${DATA_ROOT}/raw/mucs2021/train/WgzliDtK6Htff0g2.wav,33.0,40.0,7.0,watercycle file खोलें और वह पेज चुनें जिसमें watercycle है,hi,rvc,rvc_445718_00104.wav,4304
105,445718,539226,train,539226_vZGSoJPH1tbvsyCa_0004,${DATA_ROOT}/raw/mucs2021/train/vZGSoJPH1tbvsyCa.wav,33.0,37.0,4.0,मैं देख सकता हूँ कि जब मैं login पर क्लिक करता हूँ फिर से incorrect password,hi,rvc,rvc_445718_00105.wav,4305
106,445718,539354,train,539354_C3MtnFEDrRkWHSvJ_0004,${DATA_ROOT}/raw/mucs2021/train/C3MtnFEDrRkWHSvJ.wav,29.0,35.0,6.0,इस tutorial का अनुकरण करने के लिए शिक्षार्थियों को library science का ज्ञान होना चाहिए,hi,rvc,rvc_445718_00106.wav,4306
107,445718,541304,train,541304_cyhxRWI0LoKYZvcw_0005,${DATA_ROOT}/raw/mucs2021/train/cyhxRWI0LoKYZvcw.wav,17.0,27.0,10.0,अभी तक लिबर ऑफिस का उपयोग करके हमने database और tables बनाने के बारे में सीखा जहाँ हम data संचित करते हैं,hi,rvc,rvc_445718_00107.wav,4307
108,445718,584991,train,584991_1ijxO93RTIJh2Rzv_0004,${DATA_ROOT}/raw/mucs2021/train/1ijxO93RTIJh2Rzv.wav,32.0,38.0,6.0,लिबर ऑफिस impress में कई background options हैं जो बेहतर प्रस्तुतियाँ बनाने में आपकी मदद करते हैं,hi,rvc,rvc_445718_00108.wav,4308
109,445718,634568,train,634568_jCgweujQVV5haVF1_0005,${DATA_ROOT}/raw/mucs2021/train/jCgweujQVV5haVF1.wav,27.0,33.0,6.0,प्रस्तुति sampleimpress odp खोलें,hi,rvc,rvc_445718_00109.wav,4309
110,445718,705494,train,705494_fZcxLszRnIHxmVQp_0004,${DATA_ROOT}/raw/mucs2021/train/fZcxLszRnIHxmVQp.wav,26.0,32.0,6.0,slides pane से potential alternatives थंबनेल पर click करें,hi,rvc,rvc_445718_00110.wav,4310
111,445718,797767,train,797767_TRInoJRJxAX3qv5C_0004,${DATA_ROOT}/raw/mucs2021/train/TRInoJRJxAX3qv5C.wav,18.0,28.0,10.0,यहाँ हम operating system के रूप में gnu/लिनक्स और लिबर ऑफिस suite वर्ज़न 334 इस्तेमाल कर रहे हैं,hi,rvc,rvc_445718_00111.wav,4311
112,445718,850754,train,850754_wOTMMvC3WQ5YQRAF_0005,${DATA_ROOT}/raw/mucs2021/train/wOTMMvC3WQ5YQRAF.wav,29.0,35.0,6.0,इस tutorial की शुरुआत करते हैं और सीखते हैं कि spreadsheet में रोव्स और columns को कैसे जोड़ना है,hi,rvc,rvc_445718_00112.wav,4312
113,445718,870582,train,870582_crdH0AI5aH25bEXe_0004,${DATA_ROOT}/raw/mucs2021/train/crdH0AI5aH25bEXe.wav,21.0,29.0,8.0,अतः सर्वप्रथम मैं यहाँ इस डेटा को डिलीट कर देता हूँ,hi,rvc,rvc_445718_00113.wav,4313
114,445718,876898,train,876898_RyQSvr4r4iAMTYXq_0004,${DATA_ROOT}/raw/mucs2021/train/RyQSvr4r4iAMTYXq.wav,23.0,33.0,10.0,यहाँ हम अपने operating system के रूप में gnu/लिनक्स और libreoffice version 334 का उपयोग कर रहे हैं,hi,rvc,rvc_445718_00114.wav,4314
115,445718,893273,train,893273_8xh3ZKpPy5YhAnKX_0004,${DATA_ROOT}/raw/mucs2021/train/8xh3ZKpPy5YhAnKX.wav,17.0,26.0,9.0,यहाँ हम उबंटू लिनक्स 1110 पर tux typing 180 का उपयोग कर रहे हैं,hi,rvc,rvc_445718_00115.wav,4315
116,445718,903756,train,903756_K3X6AGezGWAoDe1q_0008,${DATA_ROOT}/raw/mucs2021/train/K3X6AGezGWAoDe1q.wav,26.0,31.0,5.0,चलिए sql queries लिखने के बारे में और अधिक सीखते हैं,hi,rvc,rvc_445718_00116.wav,4316
117,445718,912184,train,912184_V11NDc0lxudGbWQU_0004,${DATA_ROOT}/raw/mucs2021/train/V11NDc0lxudGbWQU.wav,25.0,32.0,7.0,यह करने के लिए मैं connect include के सिवाय अपने पेज के सारे कोड डिलीट कर दूँगा,hi,rvc,rvc_445718_00117.wav,4317
118,445718,975912,train,975912_1eNS3GaW1oHHurL4_0004,${DATA_ROOT}/raw/mucs2021/train/1eNS3GaW1oHHurL4.wav,29.0,32.0,3.0,हमें विशेष हैडर्स को भेजने की आवश्यकता है,hi,rvc,rvc_445718_00118.wav,4318
119,445718,987461,train,987461_LSRBJiHdUoHm4BTI_0004,${DATA_ROOT}/raw/mucs2021/train/LSRBJiHdUoHm4BTI.wav,27.0,35.0,8.0,सुनिश्चित कर लें कि आपने कोष्ठक डालें हैं,hi,rvc,rvc_445718_00119.wav,4319
120,445718,996368,train,996368_n4ACC4gnqW0IM1wW_0004,${DATA_ROOT}/raw/mucs2021/train/n4ACC4gnqW0IM1wW.wav,29.0,33.0,4.0,आप अपनी पसंद के किसी भी अन्य वेब ब्राउज़र का उपयोग कर सकते हैं,hi,rvc,rvc_445718_00120.wav,4320
121,445718,106718,train,106718_vE1rhq3ojNKZvQNv_0005,${DATA_ROOT}/raw/mucs2021/train/vE1rhq3ojNKZvQNv.wav,27.0,33.0,6.0,हाशिया margins set करने के लिए ruler और objects की स्थान set करने के लिए align toolbar का उपयोग करें,hi,rvc,rvc_445718_00121.wav,4321
122,445718,142970,train,142970_DP5j8CLDeL6HHHSX_0005,${DATA_ROOT}/raw/mucs2021/train/DP5j8CLDeL6HHHSX.wav,20.0,26.0,6.0,यह काफी सरल है जिसमें हमारे पास hello नामक एक स्ट्रिंग वेल्यू है,hi,rvc,rvc_445718_00122.wav,4322
123,445718,177570,train,177570_jSNK2zDaIvyZsMZp_0007,${DATA_ROOT}/raw/mucs2021/train/jSNK2zDaIvyZsMZp.wav,29.0,33.0,4.0,* ubuntu लिनक्स 1204 os,hi,rvc,rvc_445718_00123.wav,4323
124,445718,186783,train,186783_LFpbaXkb8HuQ6DnF_0005,${DATA_ROOT}/raw/mucs2021/train/LFpbaXkb8HuQ6DnF.wav,25.0,40.0,15.0,इस विशेषता के उपयोग का लाभ यह है कि समीक्षक मौजूद टेक्स्ट में टेक्स्ट जोड़ सकता है टिप्पणी कर सकता हैडिलीट कर सकता है या बदलाव कर सकता है जो कि समान डॉक्युमेंट में स्पष्टतः दिखाई देता है,hi,rvc,rvc_445718_00124.wav,4324
125,445718,205240,train,205240_F4KjmwYhWvnpSE0m_0005,${DATA_ROOT}/raw/mucs2021/train/F4KjmwYhWvnpSE0m.wav,36.0,44.0,8.0,यह  update है  अतः मैं  update users लिख रहा हूँ जो आप देख सकते हैं कि हमारी टेबल है – अतः अपनी users टेबल को अपडेट करने के लिए,hi,rvc,rvc_445718_00125.wav,4325
126,850754,106718,train,106718_vE1rhq3ojNKZvQNv_0008,${DATA_ROOT}/raw/mucs2021/train/vE1rhq3ojNKZvQNv.wav,44.0,55.0,11.0,object से तात्पर्य है draw में उपयोगित आकार या आकार का समूह जैसे lines squares arrows flowcharts आदि,hi,rvc,rvc_850754_00126.wav,4326
127,850754,142970,train,142970_DP5j8CLDeL6HHHSX_0007,${DATA_ROOT}/raw/mucs2021/train/DP5j8CLDeL6HHHSX.wav,30.0,35.0,5.0,तो हमारे पास  1 2 3 4 5 अक्षर है,hi,rvc,rvc_850754_00127.wav,4327
128,850754,177570,train,177570_jSNK2zDaIvyZsMZp_0009,${DATA_ROOT}/raw/mucs2021/train/jSNK2zDaIvyZsMZp.wav,37.0,43.0,6.0,अभ्यास के लिए gnu bash version 4 या उससे नए की सलाह दी जाती है,hi,rvc,rvc_850754_00128.wav,4328
129,850754,186783,train,186783_LFpbaXkb8HuQ6DnF_0007,${DATA_ROOT}/raw/mucs2021/train/LFpbaXkb8HuQ6DnF.wav,52.0,56.0,4.0,और जब फाइल सेव हो जाती है टिप्पणियाँ समाविष्ट हो जाती हैं,hi,rvc,rvc_850754_00129.wav,4329
130,850754,205240,train,205240_F4KjmwYhWvnpSE0m_0007,${DATA_ROOT}/raw/mucs2021/train/F4KjmwYhWvnpSE0m.wav,51.0,56.0,5.0,सुनिश्चित कर लें कि मैं यहाँ उद्धरणचिह्नों का इस्तेमाल करूँ,hi,rvc,rvc_850754_00130.wav,4330
131,850754,322882,train,322882_XTscbPr78nzuHhuu_0009,${DATA_ROOT}/raw/mucs2021/train/XTscbPr78nzuHhuu.wav,45.0,50.0,5.0,web layout option document web browser में कैसे नज़र आएगा यह प्रदर्शित करेगा,hi,rvc,rvc_850754_00131.wav,4331
132,850754,413057,train,413057_aKSsdMqkPfUWyYeS_0007,${DATA_ROOT}/raw/mucs2021/train/aKSsdMqkPfUWyYeS.wav,49.0,55.0,6.0,हमारी file की sheet 1 personal finance tracker के लिए spreadsheet सम्मिलित करती है,hi,rvc,rvc_850754_00132.wav,4332
133,850754,445718,train,445718_H6Z2BkcyVtiuiN7A_0007,${DATA_ROOT}/raw/mucs2021/train/H6Z2BkcyVtiuiN7A.wav,56.0,61.0,5.0,और फिर उत्तर boolean में प्रदर्शित करता हैसही या गलत,hi,rvc,rvc_850754_00133.wav,4333
134,850754,457295,train,457295_WgzliDtK6Htff0g2_0012,${DATA_ROOT}/raw/mucs2021/train/WgzliDtK6Htff0g2.wav,53.0,57.0,4.0,उदाहरणस्वरूप हमें चित्र print करके उसे file करना है,hi,rvc,rvc_850754_00134.wav,4334
135,850754,539226,train,539226_vZGSoJPH1tbvsyCa_0007,${DATA_ROOT}/raw/mucs2021/train/vZGSoJPH1tbvsyCa.wav,50.0,55.0,5.0,किन्तु यहाँ यह दर्शा रहा है कि मेरा यूज़रनेम मौजूद है किन्तु मेरा पासवर्ड गलत है,hi,rvc,rvc_850754_00135.wav,4335
136,850754,539354,train,539354_C3MtnFEDrRkWHSvJ_0007,${DATA_ROOT}/raw/mucs2021/train/C3MtnFEDrRkWHSvJ.wav,46.0,53.0,7.0,अधिक जानकारी के लिए कृपया इस website पर koha spoken tutorial की श्रृंखला देखें,hi,rvc,rvc_850754_00136.wav,4336
137,850754,541304,train,541304_cyhxRWI0LoKYZvcw_0008,${DATA_ROOT}/raw/mucs2021/train/cyhxRWI0LoKYZvcw.wav,42.0,49.0,7.0,यहाँ जल्दी और साथ ही साथ कम से कम errors के साथ data enter करने के लिए एक अन्य तरीका है,hi,rvc,rvc_850754_00137.wav,4337
138,850754,584991,train,584991_1ijxO93RTIJh2Rzv_0007,${DATA_ROOT}/raw/mucs2021/train/1ijxO93RTIJh2Rzv.wav,48.0,52.0,4.0,अपनी प्रस्तुति के लिए custom background बनाएँ,hi,rvc,rvc_850754_00138.wav,4338
139,850754,634568,train,634568_jCgweujQVV5haVF1_0009,${DATA_ROOT}/raw/mucs2021/train/jCgweujQVV5haVF1.wav,46.0,53.0,7.0,to achieve 95% shift to opensource software within 5 years,hi,rvc,rvc_850754_00139.wav,4339
140,850754,705494,train,705494_fZcxLszRnIHxmVQp_0007,${DATA_ROOT}/raw/mucs2021/train/fZcxLszRnIHxmVQp.wav,43.0,47.0,4.0,slide में बायीं ओर के पहले text box को चुनें,hi,rvc,rvc_850754_00140.wav,4340
141,850754,797767,train,797767_TRInoJRJxAX3qv5C_0007,${DATA_ROOT}/raw/mucs2021/train/TRInoJRJxAX3qv5C.wav,47.0,53.0,6.0,हमारी file की sheet 1 personal finance tracker के लिए spreadsheet सम्मिलित करती है,hi,rvc,rvc_850754_00141.wav,4341
142,850754,870582,train,870582_crdH0AI5aH25bEXe_0007,${DATA_ROOT}/raw/mucs2021/train/crdH0AI5aH25bEXe.wav,40.0,43.0,3.0,यहाँ केवल हमारे फील्ड्स के नाम हैं,hi,rvc,rvc_850754_00142.wav,4342
143,850754,876898,train,876898_RyQSvr4r4iAMTYXq_0007,${DATA_ROOT}/raw/mucs2021/train/RyQSvr4r4iAMTYXq.wav,43.0,49.0,6.0,borders की formatting एक विशेष cell या cells के block पर की जा सकती है,hi,rvc,rvc_850754_00143.wav,4343
144,850754,893273,train,893273_8xh3ZKpPy5YhAnKX_0009,${DATA_ROOT}/raw/mucs2021/train/8xh3ZKpPy5YhAnKX.wav,38.0,42.0,4.0,मुख्य मेन्यू में options पर क्लिक करें,hi,rvc,rvc_850754_00144.wav,4344
145,850754,903756,train,903756_K3X6AGezGWAoDe1q_0011,${DATA_ROOT}/raw/mucs2021/train/K3X6AGezGWAoDe1q.wav,42.0,49.0,7.0,और फिर create query in sql view पर click करें,hi,rvc,rvc_850754_00145.wav,4345
146,850754,912184,train,912184_V11NDc0lxudGbWQU_0007,${DATA_ROOT}/raw/mucs2021/train/V11NDc0lxudGbWQU.wav,42.0,51.0,9.0,मैं firstname lastname जन्मतिथि और gender या तो male या female  को रखूँगा,hi,rvc,rvc_850754_00146.wav,4346
147,850754,975912,train,975912_1eNS3GaW1oHHurL4_0007,${DATA_ROOT}/raw/mucs2021/train/1eNS3GaW1oHHurL4.wav,54.0,62.0,8.0,या आप admin @php academy  जैसा कुछ लिख सकते हैं और com  जोड़ें यदि आप चाहते हैं,hi,rvc,rvc_850754_00147.wav,4347
148,850754,987461,train,987461_LSRBJiHdUoHm4BTI_0007,${DATA_ROOT}/raw/mucs2021/train/LSRBJiHdUoHm4BTI.wav,43.0,51.0,8.0,हमें यह फील्ड चेक करने की आवश्यकता होगी यह देखने के लिए कि वे मौजूद हैं या नहीं,hi,rvc,rvc_850754_00148.wav,4348
149,850754,996368,train,996368_n4ACC4gnqW0IM1wW_0007,${DATA_ROOT}/raw/mucs2021/train/n4ACC4gnqW0IM1wW.wav,48.0,56.0,8.0,यदि नहीं तो कृपया इस website पर koha spoken tutorial की श्रृंखला देखें,hi,rvc,rvc_850754_00149.wav,4349
150,850754,106718,train,106718_vE1rhq3ojNKZvQNv_0009,${DATA_ROOT}/raw/mucs2021/train/vE1rhq3ojNKZvQNv.wav,55.0,59.0,4.0,इस slide में दर्शाये गये सभी आकार objects के रूप में उल्लिखित हैं,hi,rvc,rvc_850754_00150.wav,4350
151,850754,142970,train,142970_DP5j8CLDeL6HHHSX_0008,${DATA_ROOT}/raw/mucs2021/train/DP5j8CLDeL6HHHSX.wav,35.0,47.0,12.0,और यदि हमें इस फंक्शन का इस्तेमाल करके वेरिएबल स्ट्रिंग की वेल्यू एको करनी है तो हमारे पास हमारे ब्राउज़र में परिणाम 5 होना चाहिए,hi,rvc,rvc_850754_00151.wav,4351
152,850754,177570,train,177570_jSNK2zDaIvyZsMZp_0010,${DATA_ROOT}/raw/mucs2021/train/jSNK2zDaIvyZsMZp.wav,43.0,46.0,3.0,* shell script command line से arguments स्वीकार करता है,hi,rvc,rvc_850754_00152.wav,4352
153,850754,186783,train,186783_LFpbaXkb8HuQ6DnF_0008,${DATA_ROOT}/raw/mucs2021/train/LFpbaXkb8HuQ6DnF.wav,56.0,61.0,5.0,अतः सीखते हैं कि यह सब कैसे करें,hi,rvc,rvc_850754_00153.wav,4353
154,850754,205240,train,205240_F4KjmwYhWvnpSE0m_0008,${DATA_ROOT}/raw/mucs2021/train/F4KjmwYhWvnpSE0m.wav,56.0,63.0,7.0,फिर मैं लिखूँगा where  username is equal to the user वेरिएबल जो मुझे अभी मेरे पेज में मिला है,hi,rvc,rvc_850754_00154.wav,4354
155,850754,322882,train,322882_XTscbPr78nzuHhuu_0010,${DATA_ROOT}/raw/mucs2021/train/XTscbPr78nzuHhuu.wav,50.0,60.0,10.0,यह उपयोगी है जब आपको html documents बनाने होते हैं तथा documents को एडिट करते वक्त full screen mode में उसे देखने के लिए,hi,rvc,rvc_850754_00155.wav,4355
156,850754,413057,train,413057_aKSsdMqkPfUWyYeS_0008,${DATA_ROOT}/raw/mucs2021/train/aKSsdMqkPfUWyYeS.wav,55.0,64.0,9.0,मैंने columns spent और received में कुछ राशियाँ जोड़ दी हैं,hi,rvc,rvc_850754_00156.wav,4356
157,850754,445718,train,445718_H6Z2BkcyVtiuiN7A_0008,${DATA_ROOT}/raw/mucs2021/train/H6Z2BkcyVtiuiN7A.wav,61.0,65.0,4.0,personalfinancetracker ods खोलते हैं,hi,rvc,rvc_850754_00157.wav,4357
158,850754,457295,train,457295_WgzliDtK6Htff0g2_0013,${DATA_ROOT}/raw/mucs2021/train/WgzliDtK6Htff0g2.wav,57.0,61.0,4.0,हाशिया यह सुनिश्चित करता है कि यहाँ भागों पर पर्याप्त जगह है,hi,rvc,rvc_850754_00158.wav,4358
159,850754,539226,train,539226_vZGSoJPH1tbvsyCa_0008,${DATA_ROOT}/raw/mucs2021/train/vZGSoJPH1tbvsyCa.wav,55.0,67.0,12.0,अब मेरा पासवर्ड गलत होने का कारण है कि यहाँ मेरे साधारण पासवर्ड की तुलना मेरे डेटाबेस के अंदर मेरे md5encrypted  पासवर्ड से की जा रही है,hi,rvc,rvc_850754_00159.wav,4359
160,850754,539354,train,539354_C3MtnFEDrRkWHSvJ_0008,${DATA_ROOT}/raw/mucs2021/train/C3MtnFEDrRkWHSvJ.wav,53.0,59.0,6.0,शुरू करते हैं मैंने पहले ही अपने system पर koha संस्थापित कर दिया है,hi,rvc,rvc_850754_00160.wav,4360
161,850754,541304,train,541304_cyhxRWI0LoKYZvcw_0009,${DATA_ROOT}/raw/mucs2021/train/cyhxRWI0LoKYZvcw.wav,49.0,60.0,11.0,और वह है forms का उपयोग करके forms data एंटर करने और data एडिट करने के लिए अग्रसिरा या यूजर interface है,hi,rvc,rvc_850754_00161.wav,4361
162,850754,584991,train,584991_1ijxO93RTIJh2Rzv_0008,${DATA_ROOT}/raw/mucs2021/train/1ijxO93RTIJh2Rzv.wav,52.0,57.0,5.0,हम इस background को प्रस्तुति की सभी slides में भी लागू करेंगे,hi,rvc,rvc_850754_00162.wav,4362
163,850754,634568,train,634568_jCgweujQVV5haVF1_0010,${DATA_ROOT}/raw/mucs2021/train/jCgweujQVV5haVF1.wav,53.0,61.0,8.0,पेज में कुछ notes जोड़ें जिससे कि जब यह printed हो पाठक के पास कुछ reference सामग्री हो,hi,rvc,rvc_850754_00163.wav,4363
164,850754,705494,train,705494_fZcxLszRnIHxmVQp_0008,${DATA_ROOT}/raw/mucs2021/train/fZcxLszRnIHxmVQp.wav,47.0,54.0,7.0,यह करने के लिए text पर click करें और फिर दिखाई दे रहे border पर click करें,hi,rvc,rvc_850754_00164.wav,4364
165,850754,797767,train,797767_TRInoJRJxAX3qv5C_0008,${DATA_ROOT}/raw/mucs2021/train/TRInoJRJxAX3qv5C.wav,53.0,63.0,10.0,मैंने columns spent और received में कुछ राशियाँ जोड़ दी हैं,hi,rvc,rvc_850754_00165.wav,4365
166,850754,870582,train,870582_crdH0AI5aH25bEXe_0008,${DATA_ROOT}/raw/mucs2021/train/crdH0AI5aH25bEXe.wav,43.0,47.0,4.0,इसके साथ यहाँ पर शुरू करने के लिए चलिए इसको केवल कमेंट करते हैं,hi,rvc,rvc_850754_00166.wav,4366
167,850754,876898,train,876898_RyQSvr4r4iAMTYXq_0008,${DATA_ROOT}/raw/mucs2021/train/RyQSvr4r4iAMTYXq.wav,49.0,60.0,11.0,उदाहरणस्वरूप चलिए serial number item cost spent received date account headings वाली cells को format करते हैं,hi,rvc,rvc_850754_00167.wav,4367
168,850754,893273,train,893273_8xh3ZKpPy5YhAnKX_0010,${DATA_ROOT}/raw/mucs2021/train/8xh3ZKpPy5YhAnKX.wav,42.0,47.0,5.0,आप्शन मेन्यू प्रदर्शित होता हैअब वाक्यांशों को टाइप करने का अभ्यास करें,hi,rvc,rvc_850754_00168.wav,4368
169,850754,903756,train,903756_K3X6AGezGWAoDe1q_0012,${DATA_ROOT}/raw/mucs2021/train/K3X6AGezGWAoDe1q.wav,49.0,55.0,6.0,पहले देखते हैं कि कैसे हम एक query के परिणाम को क्रमबद्ध कर सकते हैं,hi,rvc,rvc_850754_00169.wav,4369
170,850754,912184,train,912184_V11NDc0lxudGbWQU_0008,${DATA_ROOT}/raw/mucs2021/train/V11NDc0lxudGbWQU.wav,51.0,58.0,7.0,यहाँ नीचे मैं फॉर्मformबनाऊँगा,hi,rvc,rvc_850754_00170.wav,4370
171,850754,975912,train,975912_1eNS3GaW1oHHurL4_0008,${DATA_ROOT}/raw/mucs2021/train/1eNS3GaW1oHHurL4.wav,62.0,68.0,6.0,वास्तव में मेरे पास वह डोमैन नाम नहीं है लेकिन हम इसे उसी की तरह रखेंगे,hi,rvc,rvc_850754_00171.wav,4371
172,850754,987461,train,987461_LSRBJiHdUoHm4BTI_0008,${DATA_ROOT}/raw/mucs2021/train/LSRBJiHdUoHm4BTI.wav,51.0,57.0,6.0,फिलहालजब हम अपना फॉर्म सब्मिट करते हैं हम देखते हैं कि वास्तव में कुछ नहीं हुआ,hi,rvc,rvc_850754_00172.wav,4372
173,850754,996368,train,996368_n4ACC4gnqW0IM1wW_0008,${DATA_ROOT}/raw/mucs2021/train/n4ACC4gnqW0IM1wW.wav,56.0,66.0,10.0,records को  koha में इंपोर्ट दो तरीके से किया जाता है:,hi,rvc,rvc_850754_00173.wav,4373
174,850754,106718,train,106718_vE1rhq3ojNKZvQNv_0010,${DATA_ROOT}/raw/mucs2021/train/vE1rhq3ojNKZvQNv.wav,59.0,64.0,5.0,file watercycle को खोलें जो desktop में सेव की गई थी,hi,rvc,rvc_850754_00174.wav,4374
175,850754,142970,train,142970_DP5j8CLDeL6HHHSX_0009,${DATA_ROOT}/raw/mucs2021/train/DP5j8CLDeL6HHHSX.wav,47.0,52.0,5.0,अबअगला फंक्शन इसके लिए लागू होता है,hi,rvc,rvc_850754_00175.wav,4375
176,850754,177570,train,177570_jSNK2zDaIvyZsMZp_0011,${DATA_ROOT}/raw/mucs2021/train/jSNK2zDaIvyZsMZp.wav,46.0,52.0,6.0,* एक argument उसको बुलाये जाने के समय program को passed किया जाता है,hi,rvc,rvc_850754_00176.wav,4376
177,850754,186783,train,186783_LFpbaXkb8HuQ6DnF_0009,${DATA_ROOT}/raw/mucs2021/train/LFpbaXkb8HuQ6DnF.wav,61.0,69.0,8.0,यहाँ हम अपने ऑपरेटिंग सिस्टम के रूप में उबंटू लिनक्स 1004 और लिबरऑफस सूट वर्जन 334 का उपयोग कर रहे हैं,hi,rvc,rvc_850754_00177.wav,4377
178,850754,205240,train,205240_F4KjmwYhWvnpSE0m_0009,${DATA_ROOT}/raw/mucs2021/train/F4KjmwYhWvnpSE0m.wav,63.0,67.0,4.0,अब यहाँ इस कॉलम में,hi,rvc,rvc_850754_00178.wav,4378
179,850754,322882,train,322882_XTscbPr78nzuHhuu_0011,${DATA_ROOT}/raw/mucs2021/train/XTscbPr78nzuHhuu.wav,60.0,68.0,8.0,print layout option के लिए view option पर click करें और फिर print layout option पर click करें,hi,rvc,rvc_850754_00179.wav,4379
180,850754,413057,train,413057_aKSsdMqkPfUWyYeS_0009,${DATA_ROOT}/raw/mucs2021/train/aKSsdMqkPfUWyYeS.wav,64.0,71.0,7.0,अब क्रमशः cost और spent के नीचे घटकों का कुल जोड़ निकालें,hi,rvc,rvc_850754_00180.wav,4380
181,850754,445718,train,445718_H6Z2BkcyVtiuiN7A_0009,${DATA_ROOT}/raw/mucs2021/train/H6Z2BkcyVtiuiN7A.wav,65.0,71.0,6.0,यहाँ cost शीर्षक के नीचे हमने कई सारी वस्तुओं की कीमत को सूचीबद्ध किया है,hi,rvc,rvc_850754_00181.wav,4381
182,850754,457295,train,457295_WgzliDtK6Htff0g2_0014,${DATA_ROOT}/raw/mucs2021/train/WgzliDtK6Htff0g2.wav,61.0,67.0,6.0,इसलिए जब हम इसे print करते हैं आकृति का हिस्सा कटता या छिपता नहीं हैं,hi,rvc,rvc_850754_00182.wav,4382
183,850754,539226,train,539226_vZGSoJPH1tbvsyCa_0009,${DATA_ROOT}/raw/mucs2021/train/vZGSoJPH1tbvsyCa.wav,67.0,78.0,11.0,हम यह इस प्रकार से करते हैं कि हम अपने login पेज पर वापस जाते हैं जिसे हमने पिछले ट्यूटोरियल userlogin  ट्यूटोरियल में किया था,hi,rvc,rvc_850754_00183.wav,4383
184,850754,539354,train,539354_C3MtnFEDrRkWHSvJ_0009,${DATA_ROOT}/raw/mucs2021/train/C3MtnFEDrRkWHSvJ.wav,59.0,63.0,4.0,koha interface पर जाते हैं,hi,rvc,rvc_850754_00184.wav,4384
185,850754,541304,train,541304_cyhxRWI0LoKYZvcw_0010,${DATA_ROOT}/raw/mucs2021/train/cyhxRWI0LoKYZvcw.wav,60.0,66.0,6.0,उदाहरणस्वरूप simple form fields को table में शामिल कर सकता है,hi,rvc,rvc_850754_00185.wav,4385
186,850754,584991,train,584991_1ijxO93RTIJh2Rzv_0009,${DATA_ROOT}/raw/mucs2021/train/1ijxO93RTIJh2Rzv.wav,57.0,62.0,5.0,हम इस background को बनाने के लिए slide master option का इस्तेमाल करेंगे,hi,rvc,rvc_850754_00186.wav,4386
187,850754,634568,train,634568_jCgweujQVV5haVF1_0011,${DATA_ROOT}/raw/mucs2021/train/jCgweujQVV5haVF1.wav,61.0,64.0,3.0,notes के संपादन के लिए notes टैब पर click करें,hi,rvc,rvc_850754_00187.wav,4387
188,850754,705494,train,705494_fZcxLszRnIHxmVQp_0009,${DATA_ROOT}/raw/mucs2021/train/fZcxLszRnIHxmVQp.wav,54.0,61.0,7.0,impress window की दायीं ओर से tasks pane में custom animation पर click करें,hi,rvc,rvc_850754_00188.wav,4388
189,850754,797767,train,797767_TRInoJRJxAX3qv5C_0009,${DATA_ROOT}/raw/mucs2021/train/TRInoJRJxAX3qv5C.wav,63.0,70.0,7.0,अब क्रमशः cost और spent के नीचे घटकों का कुल जोड़ निकालें,hi,rvc,rvc_850754_00189.wav,4389
190,850754,870582,train,870582_crdH0AI5aH25bEXe_0009,${DATA_ROOT}/raw/mucs2021/train/crdH0AI5aH25bEXe.wav,47.0,52.0,5.0,अतः write some data फिर हम एक क्वेरी निर्धारित करेंगे जो डेटा लिखेगा,hi,rvc,rvc_850754_00190.wav,4390
191,850754,876898,train,876898_RyQSvr4r4iAMTYXq_0009,${DATA_ROOT}/raw/mucs2021/train/RyQSvr4r4iAMTYXq.wav,60.0,67.0,7.0,अतः पहले sn से संबोधित serial number heading वाली cell पर click करते हैं,hi,rvc,rvc_850754_00191.wav,4391
192,850754,893273,train,893273_8xh3ZKpPy5YhAnKX_0012,${DATA_ROOT}/raw/mucs2021/train/8xh3ZKpPy5YhAnKX.wav,49.0,53.0,4.0,टिचर्स लाइन में प्रदर्शित होने वाले वाक्य टाइप करें,hi,rvc,rvc_850754_00192.wav,4392
193,850754,903756,train,903756_K3X6AGezGWAoDe1q_0013,${DATA_ROOT}/raw/mucs2021/train/K3X6AGezGWAoDe1q.wav,55.0,59.0,4.0,और निम्न उदाहरण को देखते हैं:,hi,rvc,rvc_850754_00193.wav,4393
194,850754,912184,train,912184_V11NDc0lxudGbWQU_0009,${DATA_ROOT}/raw/mucs2021/train/V11NDc0lxudGbWQU.wav,58.0,61.0,3.0,यह एक html फॉर्म होगा अतः हमें अपने टैग्स को शुरू और अंत करने की आवश्यकता है,hi,rvc,rvc_850754_00194.wav,4394
195,850754,975912,train,975912_1eNS3GaW1oHHurL4_0009,${DATA_ROOT}/raw/mucs2021/train/1eNS3GaW1oHHurL4.wav,68.0,71.0,3.0,अतः from: admin @phpacademycom,hi,rvc,rvc_850754_00195.wav,4395
196,850754,987461,train,987461_LSRBJiHdUoHm4BTI_0009,${DATA_ROOT}/raw/mucs2021/train/LSRBJiHdUoHm4BTI.wav,57.0,68.0,11.0,पहले मैं लिखूँगा check password against db और फिर हम हमारे डेटाबेस से कनेक्ट होंगे,hi,rvc,rvc_850754_00196.wav,4396
197,850754,996368,train,996368_n4ACC4gnqW0IM1wW_0009,${DATA_ROOT}/raw/mucs2021/train/n4ACC4gnqW0IM1wW.wav,66.0,73.0,7.0,शुरू करने के लिए चलिए अपने superlibrarian  के साथ koha में लॉगिन करें,hi,rvc,rvc_850754_00197.wav,4397
198,850754,106718,train,106718_vE1rhq3ojNKZvQNv_0011,${DATA_ROOT}/raw/mucs2021/train/vE1rhq3ojNKZvQNv.wav,64.0,68.0,4.0,हम पहले सीखेंगे कि एक object कैसे चुनें,hi,rvc,rvc_850754_00198.wav,4398
199,850754,142970,train,142970_DP5j8CLDeL6HHHSX_0010,${DATA_ROOT}/raw/mucs2021/train/DP5j8CLDeL6HHHSX.wav,52.0,63.0,11.0,यदि आप एक for लूप का इस्तेमाल करके स्ट्रिंग अक्षरों के माध्यम से लूप करना चाहते हैं तो आपको विशेष सबस्ट्रिंग को भीतर लेने के लिए mb सबस्ट्रिंग की आवश्यकता होगी,hi,rvc,rvc_850754_00199.wav,4399
200,850754,177570,train,177570_jSNK2zDaIvyZsMZp_0012,${DATA_ROOT}/raw/mucs2021/train/jSNK2zDaIvyZsMZp.wav,52.0,57.0,5.0,* arguments की कोई भी संख्या program को passed की जा सकती है,hi,rvc,rvc_850754_00200.wav,4400
201,850754,186783,train,186783_LFpbaXkb8HuQ6DnF_0010,${DATA_ROOT}/raw/mucs2021/train/LFpbaXkb8HuQ6DnF.wav,69.0,76.0,7.0,इस ट्यूटोरियम में मैं कुछ डॉक्युमेंट्स का उपयोग कर रहा हूँ जो मैंने पहले ही बनाये हैं और मेरे सिस्टम में सेव किये हैं जैसे कि,hi,rvc,rvc_850754_00201.wav,4401
202,850754,205240,train,205240_F4KjmwYhWvnpSE0m_0010,${DATA_ROOT}/raw/mucs2021/train/F4KjmwYhWvnpSE0m.wav,67.0,72.0,5.0,जो कुछ भी हमारे पास है यह उसके बराबर होता है,hi,rvc,rvc_850754_00202.wav,4402
203,850754,322882,train,322882_XTscbPr78nzuHhuu_0012,${DATA_ROOT}/raw/mucs2021/train/XTscbPr78nzuHhuu.wav,68.0,79.0,11.0,web layout option के लिए मेन्यूबार में view option पर click करें और फिर web layout option पर click करें,hi,rvc,rvc_850754_00203.wav,4403
204,850754,413057,train,413057_aKSsdMqkPfUWyYeS_0010,${DATA_ROOT}/raw/mucs2021/train/aKSsdMqkPfUWyYeS.wav,71.0,84.0,13.0,c9 उल्लिखित cell पर click करें और formula is equal to sum और कोष्ठकों के अंदर c3 colon c7 टाइप करें,hi,rvc,rvc_850754_00204.wav,4404
205,850754,445718,train,445718_H6Z2BkcyVtiuiN7A_0010,${DATA_ROOT}/raw/mucs2021/train/H6Z2BkcyVtiuiN7A.wav,71.0,77.0,6.0,इन पर conditional operators लागू करें और उत्तर का विश्लेषण करें,hi,rvc,rvc_850754_00205.wav,4405
206,850754,457295,train,457295_WgzliDtK6Htff0g2_0015,${DATA_ROOT}/raw/mucs2021/train/WgzliDtK6Htff0g2.wav,67.0,71.0,4.0,page margins set करें और फिर watercycle चित्र print करें,hi,rvc,rvc_850754_00206.wav,4406
207,850754,539226,train,539226_vZGSoJPH1tbvsyCa_0011,${DATA_ROOT}/raw/mucs2021/train/vZGSoJPH1tbvsyCa.wav,94.0,107.0,13.0,हमें हमारा पासवर्ड जाँचने की आवश्यकता है अभी  मानते हैं कि मैंने मेरा पासवर्ड टाइप किया slicer u k 1,hi,rvc,rvc_850754_00207.wav,4407
208,850754,539354,train,539354_C3MtnFEDrRkWHSvJ_0010,${DATA_ROOT}/raw/mucs2021/train/C3MtnFEDrRkWHSvJ.wav,63.0,70.0,7.0,संस्थापन के समय दिए गए username और password का उपयोग करके koha में log इन करें,hi,rvc,rvc_850754_00208.wav,4408
209,850754,541304,train,541304_cyhxRWI0LoKYZvcw_0011,${DATA_ROOT}/raw/mucs2021/train/cyhxRWI0LoKYZvcw.wav,66.0,75.0,9.0,चलिए library database के उदाहरण पर विचार करते हैं जिसे हमने पिछले tutorials में बनाया है,hi,rvc,rvc_850754_00209.wav,4409
210,850754,584991,train,584991_1ijxO93RTIJh2Rzv_0010,${DATA_ROOT}/raw/mucs2021/train/1ijxO93RTIJh2Rzv.wav,62.0,68.0,6.0,master slide पर किया गया कोई भी परिवर्तन प्रस्तुति के सभी slides के लिए लागू होता है,hi,rvc,rvc_850754_00210.wav,4410
211,850754,634568,train,634568_jCgweujQVV5haVF1_0012,${DATA_ROOT}/raw/mucs2021/train/jCgweujQVV5haVF1.wav,64.0,72.0,8.0,slide के नीचे एक notes text box प्रदर्शित होता है यहाँ हम notes type कर सकते हैं,hi,rvc,rvc_850754_00211.wav,4411
212,850754,705494,train,705494_fZcxLszRnIHxmVQp_0011,${DATA_ROOT}/raw/mucs2021/train/fZcxLszRnIHxmVQp.wav,63.0,67.0,4.0,custom animation dialog box प्रदर्शित होता है,hi,rvc,rvc_850754_00212.wav,4412
213,850754,797767,train,797767_TRInoJRJxAX3qv5C_0010,${DATA_ROOT}/raw/mucs2021/train/TRInoJRJxAX3qv5C.wav,70.0,82.0,12.0,c9 उल्लिखित cell पर click करें और formula is equal to sum और कोष्ठकों के अंदर c3 colon c7 टाइप करें,hi,rvc,rvc_850754_00213.wav,4413
214,850754,870582,train,870582_crdH0AI5aH25bEXe_0010,${DATA_ROOT}/raw/mucs2021/train/crdH0AI5aH25bEXe.wav,52.0,59.0,7.0,अतः write और हम mysql query फंक्शनfuction उपयोग करेंगे,hi,rvc,rvc_850754_00214.wav,4414
215,850754,876898,train,876898_RyQSvr4r4iAMTYXq_0010,${DATA_ROOT}/raw/mucs2021/train/RyQSvr4r4iAMTYXq.wav,67.0,73.0,6.0,अब left mouse button को hold करें और headings युक्त cells के साथ इसे drag करें,hi,rvc,rvc_850754_00215.wav,4415
216,850754,893273,train,893273_8xh3ZKpPy5YhAnKX_0013,${DATA_ROOT}/raw/mucs2021/train/8xh3ZKpPy5YhAnKX.wav,53.0,66.0,13.0,इस मामले में यह है the quick brown fox jumps over the lazy dog,hi,rvc,rvc_850754_00216.wav,4416
217,850754,903756,train,903756_K3X6AGezGWAoDe1q_0014,${DATA_ROOT}/raw/mucs2021/train/K3X6AGezGWAoDe1q.wav,59.0,69.0,10.0,cambridge या oxford द्वारा प्रकाशित उन सभी पुस्तकों के book title और author की सूचना प्राप्त करिये,hi,rvc,rvc_850754_00217.wav,4417
218,850754,912184,train,912184_V11NDc0lxudGbWQU_0010,${DATA_ROOT}/raw/mucs2021/train/V11NDc0lxudGbWQU.wav,61.0,74.0,13.0,हमारा actionएक्शनmysql dot php होगा और method post होगा,hi,rvc,rvc_850754_00218.wav,4418
219,850754,975912,train,975912_1eNS3GaW1oHHurL4_0010,${DATA_ROOT}/raw/mucs2021/train/1eNS3GaW1oHHurL4.wav,71.0,78.0,7.0,अपने मेल के अंदर हम अन्य पैरामीटर को जोड़ने की आवश्यकता है जो कि headers है,hi,rvc,rvc_850754_00219.wav,4419
220,850754,987461,train,987461_LSRBJiHdUoHm4BTI_0010,${DATA_ROOT}/raw/mucs2021/train/LSRBJiHdUoHm4BTI.wav,68.0,75.0,7.0,हम इन पेजेस में कई में पहले से ही अपने डेटाबेस से जुड़े हैं जैसे कि लॉगिन पेज,hi,rvc,rvc_850754_00220.wav,4420
221,850754,996368,train,996368_n4ACC4gnqW0IM1wW_0010,${DATA_ROOT}/raw/mucs2021/train/n4ACC4gnqW0IM1wW.wav,73.0,77.0,4.0,होम पेज पर  tools पर क्लिक करें,hi,rvc,rvc_850754_00221.wav,4421
222,850754,106718,train,106718_vE1rhq3ojNKZvQNv_0012,${DATA_ROOT}/raw/mucs2021/train/vE1rhq3ojNKZvQNv.wav,68.0,73.0,5.0,मानिए कि हम cloud चुनना चाहते हैं तो हम सामान्यतः इस पर click करेंगे,hi,rvc,rvc_850754_00222.wav,4422
223,850754,142970,train,142970_DP5j8CLDeL6HHHSX_0011,${DATA_ROOT}/raw/mucs2021/train/DP5j8CLDeL6HHHSX.wav,63.0,72.0,9.0,उदाहरण के लिए अगर आपके पास my name is alex नामक स्ट्रिंग है,hi,rvc,rvc_850754_00223.wav,4423
224,850754,177570,train,177570_jSNK2zDaIvyZsMZp_0013,${DATA_ROOT}/raw/mucs2021/train/jSNK2zDaIvyZsMZp.wav,57.0,66.0,9.0,अब अपने keyboard पर एकसाथ ctrl alt और t कीज़ दबाकर terminal खोलें,hi,rvc,rvc_850754_00224.wav,4424
225,850754,186783,train,186783_LFpbaXkb8HuQ6DnF_0011,${DATA_ROOT}/raw/mucs2021/train/LFpbaXkb8HuQ6DnF.wav,76.0,84.0,8.0,sevenreasonstoadoptfoss odt governmentsupportforfossinindia odt,hi,rvc,rvc_850754_00225.wav,4425
226,850754,205240,train,205240_F4KjmwYhWvnpSE0m_0011,${DATA_ROOT}/raw/mucs2021/train/F4KjmwYhWvnpSE0m.wav,72.0,78.0,6.0,अतः चूँकि हम अपना php सेशन पहले ही संसाधित कर चुके हैं,hi,rvc,rvc_850754_00226.wav,4426
227,850754,322882,train,322882_XTscbPr78nzuHhuu_0013,${DATA_ROOT}/raw/mucs2021/train/XTscbPr78nzuHhuu.wav,79.0,86.0,7.0,इन options के अलावा आप document को full screen mode में भी देख सकते हैं,hi,rvc,rvc_850754_00227.wav,4427
228,850754,413057,train,413057_aKSsdMqkPfUWyYeS_0011,${DATA_ROOT}/raw/mucs2021/train/aKSsdMqkPfUWyYeS.wav,84.0,87.0,3.0,फिर enter की दबाएँ,hi,rvc,rvc_850754_00228.wav,4428
229,850754,445718,train,445718_H6Z2BkcyVtiuiN7A_0011,${DATA_ROOT}/raw/mucs2021/train/H6Z2BkcyVtiuiN7A.wav,77.0,84.0,7.0,b10 से उल्लिखित cell पर click करें और इसके अंदर condition result type करें,hi,rvc,rvc_850754_00229.wav,4429
230,850754,457295,train,457295_WgzliDtK6Htff0g2_0016,${DATA_ROOT}/raw/mucs2021/train/WgzliDtK6Htff0g2.wav,71.0,78.0,7.0,ऐसा मानते हैं कि कागज का आकार जो हम इस आकृति को print करने में उपयोग करेंगे वो मानक आकार नहीं है,hi,rvc,rvc_850754_00230.wav,4430
231,850754,539226,train,539226_vZGSoJPH1tbvsyCa_0012,${DATA_ROOT}/raw/mucs2021/train/vZGSoJPH1tbvsyCa.wav,107.0,116.0,9.0,अतः यह पासवर्ड है जो मैं यहाँ टाइप कर रहा हूँ यह काफी पुराना है,hi,rvc,rvc_850754_00231.wav,4431
232,850754,539354,train,539354_C3MtnFEDrRkWHSvJ_0011,${DATA_ROOT}/raw/mucs2021/train/C3MtnFEDrRkWHSvJ.wav,70.0,77.0,7.0,मेरे system में मैंने username koha underscore library दिया है,hi,rvc,rvc_850754_00232.wav,4432
233,850754,541304,train,541304_cyhxRWI0LoKYZvcw_0012,${DATA_ROOT}/raw/mucs2021/train/cyhxRWI0LoKYZvcw.wav,75.0,81.0,6.0,अतः simple form fields को books table में शामिल कर सकता है,hi,rvc,rvc_850754_00233.wav,4433
234,850754,584991,train,584991_1ijxO93RTIJh2Rzv_0011,${DATA_ROOT}/raw/mucs2021/train/1ijxO93RTIJh2Rzv.wav,68.0,75.0,7.0,main menu से view पर click करें master चुनें और slide master पर click करें,hi,rvc,rvc_850754_00234.wav,4434
235,850754,634568,train,634568_jCgweujQVV5haVF1_0013,${DATA_ROOT}/raw/mucs2021/train/jCgweujQVV5haVF1.wav,72.0,75.0,3.0,click to add notes पर click करें,hi,rvc,rvc_850754_00235.wav,4435
236,850754,705494,train,705494_fZcxLszRnIHxmVQp_0012,${DATA_ROOT}/raw/mucs2021/train/fZcxLszRnIHxmVQp.wav,67.0,70.0,3.0,ध्यान दें कि entrance टैब खुलता है,hi,rvc,rvc_850754_00236.wav,4436
237,850754,797767,train,797767_TRInoJRJxAX3qv5C_0011,${DATA_ROOT}/raw/mucs2021/train/TRInoJRJxAX3qv5C.wav,82.0,86.0,4.0,फिर enter की दबाएँ,hi,rvc,rvc_850754_00237.wav,4437
238,850754,870582,train,870582_crdH0AI5aH25bEXe_0012,${DATA_ROOT}/raw/mucs2021/train/crdH0AI5aH25bEXe.wav,61.0,66.0,5.0,इसे करने के लिए डेटा को भीतर डालने के लिए हम insert टाइप करेंगे,hi,rvc,rvc_850754_00238.wav,4438
239,850754,876898,train,876898_RyQSvr4r4iAMTYXq_0011,${DATA_ROOT}/raw/mucs2021/train/RyQSvr4r4iAMTYXq.wav,73.0,82.0,9.0,headings युक्त पूरी horizontal row को चुनने के बाद formatting toolbar पर borders icon पर click करें,hi,rvc,rvc_850754_00239.wav,4439
240,850754,893273,train,893273_8xh3ZKpPy5YhAnKX_0014,${DATA_ROOT}/raw/mucs2021/train/8xh3ZKpPy5YhAnKX.wav,66.0,70.0,4.0,अब हमें अगला वाक्य टाइप करना होगा नहीं करना चाहिए,hi,rvc,rvc_850754_00240.wav,4440
241,850754,903756,train,903756_K3X6AGezGWAoDe1q_0015,${DATA_ROOT}/raw/mucs2021/train/K3X6AGezGWAoDe1q.wav,69.0,79.0,10.0,और आरोही क्रम में book titles का अनुकरण करके उनको publisher के आरोही क्रम में सूचीबद्ध करिये,hi,rvc,rvc_850754_00241.wav,4441
242,850754,912184,train,912184_V11NDc0lxudGbWQU_0011,${DATA_ROOT}/raw/mucs2021/train/V11NDc0lxudGbWQU.wav,74.0,85.0,11.0,यहाँ हम एक फॉर्मformबनाएँगे जिसमें प्रयोगकर्तायूजरनाम दर्शा सकता है,hi,rvc,rvc_850754_00242.wav,4442
243,850754,975912,train,975912_1eNS3GaW1oHHurL4_0011,${DATA_ROOT}/raw/mucs2021/train/1eNS3GaW1oHHurL4.wav,78.0,84.0,6.0,तथा अब हम यहाँ आते हैं और आप यहाँ alex और यहाँ this is a test! टाइप कर सकते हैं,hi,rvc,rvc_850754_00243.wav,4443
244,850754,987461,train,987461_LSRBJiHdUoHm4BTI_0011,${DATA_ROOT}/raw/mucs2021/train/LSRBJiHdUoHm4BTI.wav,75.0,89.0,14.0,आप इसको अपने एक समय के लॉगिन स्क्रिप्ट के साथ include and include connect php  नामक अलग फाइल में रख सकते हैं ताकि आपको यह टाइप न करना पड़े,hi,rvc,rvc_850754_00244.wav,4444
245,850754,996368,train,996368_n4ACC4gnqW0IM1wW_0011,${DATA_ROOT}/raw/mucs2021/train/n4ACC4gnqW0IM1wW.wav,77.0,87.0,10.0,एक नया पेज खुलता है  catalog सेक्शन में  stage marc records for import पर क्लिक करें,hi,rvc,rvc_850754_00245.wav,4445
246,850754,106718,train,106718_vE1rhq3ojNKZvQNv_0013,${DATA_ROOT}/raw/mucs2021/train/vE1rhq3ojNKZvQNv.wav,73.0,76.0,3.0,ऐसा करने पर on handles दिखाई देते हैं,hi,rvc,rvc_850754_00246.wav,4446
247,850754,142970,train,142970_DP5j8CLDeL6HHHSX_0012,${DATA_ROOT}/raw/mucs2021/train/DP5j8CLDeL6HHHSX.wav,72.0,78.0,6.0,और हम इसके माध्यम से लूप करना चाहते थे तथा प्रत्येक अक्षर को जाँचना चाहते हैं,hi,rvc,rvc_850754_00247.wav,4447
248,850754,177570,train,177570_jSNK2zDaIvyZsMZp_0014,${DATA_ROOT}/raw/mucs2021/train/jSNK2zDaIvyZsMZp.wav,66.0,72.0,6.0,मैंने arg sh named file में code पहले ही लिख लिया है,hi,rvc,rvc_850754_00248.wav,4448
249,850754,186783,train,186783_LFpbaXkb8HuQ6DnF_0012,${DATA_ROOT}/raw/mucs2021/train/LFpbaXkb8HuQ6DnF.wav,84.0,93.0,9.0,राइटर में शुरूआत के लिए applications  office और libreoffice writer पर क्लिक करें,hi,rvc,rvc_850754_00249.wav,4449
250,850754,205240,train,205240_F4KjmwYhWvnpSE0m_0012,${DATA_ROOT}/raw/mucs2021/train/F4KjmwYhWvnpSE0m.wav,78.0,81.0,3.0,जोकि alex के बराबर है,hi,rvc,rvc_850754_00250.wav,4450
251,457295,106718,train,106718_vE1rhq3ojNKZvQNv_0015,${DATA_ROOT}/raw/mucs2021/train/vE1rhq3ojNKZvQNv.wav,82.0,87.0,5.0,आप बाद के tutorials में handles और उनके उपयोग के बारे में अधिक सीखेंगे,hi,rvc,rvc_457295_00251.wav,4451
252,457295,142970,train,142970_DP5j8CLDeL6HHHSX_0014,${DATA_ROOT}/raw/mucs2021/train/DP5j8CLDeL6HHHSX.wav,92.0,97.0,5.0,तो पहले मैं mb  सबस्ट्रिंग एको करता हूँ,hi,rvc,rvc_457295_00252.wav,4452
253,457295,177570,train,177570_jSNK2zDaIvyZsMZp_0016,${DATA_ROOT}/raw/mucs2021/train/jSNK2zDaIvyZsMZp.wav,76.0,83.0,7.0,gedit space arg sh space & ampersand sign,hi,rvc,rvc_457295_00253.wav,4453
254,457295,186783,train,186783_LFpbaXkb8HuQ6DnF_0014,${DATA_ROOT}/raw/mucs2021/train/LFpbaXkb8HuQ6DnF.wav,100.0,103.0,3.0,record changes ऑप्शन को सेट करने के लिए,hi,rvc,rvc_457295_00254.wav,4454
255,457295,205240,train,205240_F4KjmwYhWvnpSE0m_0014,${DATA_ROOT}/raw/mucs2021/train/F4KjmwYhWvnpSE0m.wav,92.0,97.0,5.0,और इस where को alex में बदलें,hi,rvc,rvc_457295_00255.wav,4455
256,457295,322882,train,322882_XTscbPr78nzuHhuu_0016,${DATA_ROOT}/raw/mucs2021/train/XTscbPr78nzuHhuu.wav,99.0,104.0,5.0,full screen से बाहर in के लिए keyboard से escape की press करें,hi,rvc,rvc_457295_00256.wav,4456
257,457295,413057,train,413057_aKSsdMqkPfUWyYeS_0014,${DATA_ROOT}/raw/mucs2021/train/aKSsdMqkPfUWyYeS.wav,105.0,108.0,3.0,sheet 2 टैब पर click करें,hi,rvc,rvc_457295_00257.wav,4457
258,457295,445718,train,445718_H6Z2BkcyVtiuiN7A_0014,${DATA_ROOT}/raw/mucs2021/train/H6Z2BkcyVtiuiN7A.wav,93.0,98.0,5.0,ध्यान दें house rent का खर्च 6000 रुपया है,hi,rvc,rvc_457295_00258.wav,4458
259,457295,539226,train,539226_vZGSoJPH1tbvsyCa_0015,${DATA_ROOT}/raw/mucs2021/train/vZGSoJPH1tbvsyCa.wav,132.0,139.0,7.0,हमें यह तब चुनने की आवश्यकता होती है जब हम अपने पासवर्ड को एन्क्रिप्ट करते हैं,hi,rvc,rvc_457295_00259.wav,4459
260,457295,539354,train,539354_C3MtnFEDrRkWHSvJ_0015,${DATA_ROOT}/raw/mucs2021/train/C3MtnFEDrRkWHSvJ.wav,98.0,103.0,5.0,इस data का उपयोग बाद में koha के कई क्षेत्रों में किया data है,hi,rvc,rvc_457295_00260.wav,4460
261,457295,541304,train,541304_cyhxRWI0LoKYZvcw_0015,${DATA_ROOT}/raw/mucs2021/train/cyhxRWI0LoKYZvcw.wav,93.0,98.0,5.0,पहले libreoffice base program को शुरू करें,hi,rvc,rvc_457295_00261.wav,4461
262,457295,584991,train,584991_1ijxO93RTIJh2Rzv_0015,${DATA_ROOT}/raw/mucs2021/train/1ijxO93RTIJh2Rzv.wav,91.0,97.0,6.0,यहाँ दो master pages हैं जिनका इस प्रस्तुति में उपयोग किया गया है,hi,rvc,rvc_457295_00262.wav,4462
263,457295,634568,train,634568_jCgweujQVV5haVF1_0016,${DATA_ROOT}/raw/mucs2021/train/jCgweujQVV5haVF1.wav,82.0,88.0,6.0,management would like to explore cost saving from shifting to open source software,hi,rvc,rvc_457295_00263.wav,4463
264,457295,705494,train,705494_fZcxLszRnIHxmVQp_0015,${DATA_ROOT}/raw/mucs2021/train/fZcxLszRnIHxmVQp.wav,81.0,85.0,4.0,basic के नीचे diagonal squares चुनें,hi,rvc,rvc_457295_00264.wav,4464
265,457295,797767,train,797767_TRInoJRJxAX3qv5C_0014,${DATA_ROOT}/raw/mucs2021/train/TRInoJRJxAX3qv5C.wav,104.0,107.0,3.0,sheet 2 टैब पर click करें,hi,rvc,rvc_457295_00265.wav,4465
266,457295,850754,train,850754_wOTMMvC3WQ5YQRAF_0015,${DATA_ROOT}/raw/mucs2021/train/wOTMMvC3WQ5YQRAF.wav,100.0,104.0,4.0,जो बदलाव हमने किए थे उन्हें अन्डू करते हैं,hi,rvc,rvc_457295_00266.wav,4466
267,457295,870582,train,870582_crdH0AI5aH25bEXe_0015,${DATA_ROOT}/raw/mucs2021/train/crdH0AI5aH25bEXe.wav,74.0,79.0,5.0,यदि मैं कुछ भी बड़े अक्षर में लिखता हूँ इसका मतलब यह sql कोड है,hi,rvc,rvc_457295_00267.wav,4467
268,457295,876898,train,876898_RyQSvr4r4iAMTYXq_0014,${DATA_ROOT}/raw/mucs2021/train/RyQSvr4r4iAMTYXq.wav,92.0,95.0,3.0,मैं आखिरी option पर click करूँगा,hi,rvc,rvc_457295_00268.wav,4468
269,457295,893273,train,893273_8xh3ZKpPy5YhAnKX_0017,${DATA_ROOT}/raw/mucs2021/train/8xh3ZKpPy5YhAnKX.wav,77.0,81.0,4.0,आप अलगअलग वाक्यों के साथ अभ्यास कर सकते हैं,hi,rvc,rvc_457295_00269.wav,4469
270,457295,903756,train,903756_K3X6AGezGWAoDe1q_0018,${DATA_ROOT}/raw/mucs2021/train/K3X6AGezGWAoDe1q.wav,88.0,91.0,3.0,from books,hi,rvc,rvc_457295_00270.wav,4470
271,457295,912184,train,912184_V11NDc0lxudGbWQU_0015,${DATA_ROOT}/raw/mucs2021/train/V11NDc0lxudGbWQU.wav,92.0,95.0,3.0,आप ढूँढने के लिए 2 फील्ड्स भी इस्तेमाल कर सकते हैं,hi,rvc,rvc_457295_00271.wav,4471
272,457295,975912,train,975912_1eNS3GaW1oHHurL4_0014,${DATA_ROOT}/raw/mucs2021/train/1eNS3GaW1oHHurL4.wav,93.0,106.0,13.0,यदि आप अपने कम्प्यूटर पर मेल सर्वर नहीं चलाना चाहते हैं तो मेल सर्वर मेल फ्री के लिए गूगल पर ढ़ूंढें और यह आपके कम्प्यूटर पर मेल सर्वर संस्थापित करेगा जैसे कि अभी हम लोकल होस्ट पर चला रहे हैं,hi,rvc,rvc_457295_00272.wav,4472
273,457295,987461,train,987461_LSRBJiHdUoHm4BTI_0014,${DATA_ROOT}/raw/mucs2021/train/LSRBJiHdUoHm4BTI.wav,100.0,110.0,10.0,और हम मेरे यूजरनेम root और पासवर्ड के साथ अपने लोकल डेटाबेस से कनेक्ट हो जायेंगे मैं अपना डेटाबेस चुनने जा रहा हूँ,hi,rvc,rvc_457295_00273.wav,4473
274,457295,996368,train,996368_n4ACC4gnqW0IM1wW_0014,${DATA_ROOT}/raw/mucs2021/train/n4ACC4gnqW0IM1wW.wav,98.0,106.0,8.0,यहाँ  select the file to stage के समीप  browse पर क्लिक करें,hi,rvc,rvc_457295_00274.wav,4474
275,457295,106718,train,106718_vE1rhq3ojNKZvQNv_0016,${DATA_ROOT}/raw/mucs2021/train/vE1rhq3ojNKZvQNv.wav,87.0,90.0,3.0,add अपनी drawing में कुछ अधिक objects जोड़ें,hi,rvc,rvc_457295_00275.wav,4475
276,457295,142970,train,142970_DP5j8CLDeL6HHHSX_0015,${DATA_ROOT}/raw/mucs2021/train/DP5j8CLDeL6HHHSX.wav,97.0,100.0,3.0,और फिर हम उस स्ट्रिंग को स्पष्ट रूप से बताते हैं जिसे हमें जांचने की आवश्यकता है,hi,rvc,rvc_457295_00276.wav,4476
277,457295,177570,train,177570_jSNK2zDaIvyZsMZp_0017,${DATA_ROOT}/raw/mucs2021/train/jSNK2zDaIvyZsMZp.wav,83.0,87.0,4.0,हम इस एम्परसेंड का उपयोग prompt को खाली करने के लिए करते हैं,hi,rvc,rvc_457295_00277.wav,4477
278,457295,186783,train,186783_LFpbaXkb8HuQ6DnF_0015,${DATA_ROOT}/raw/mucs2021/train/LFpbaXkb8HuQ6DnF.wav,103.0,112.0,9.0,edit → changes पर जाएँ और record ऑप्शन चुनें,hi,rvc,rvc_457295_00278.wav,4478
279,457295,205240,train,205240_F4KjmwYhWvnpSE0m_0015,${DATA_ROOT}/raw/mucs2021/train/F4KjmwYhWvnpSE0m.wav,97.0,100.0,3.0,चूँकि यह alex के बराबर है,hi,rvc,rvc_457295_00279.wav,4479
280,457295,322882,train,322882_XTscbPr78nzuHhuu_0017,${DATA_ROOT}/raw/mucs2021/train/XTscbPr78nzuHhuu.wav,104.0,109.0,5.0,हम देखते हैं कि document full screen mode से बाहर आया है,hi,rvc,rvc_457295_00280.wav,4480
281,457295,413057,train,413057_aKSsdMqkPfUWyYeS_0015,${DATA_ROOT}/raw/mucs2021/train/aKSsdMqkPfUWyYeS.wav,108.0,111.0,3.0,यह नई sheet खोलता है,hi,rvc,rvc_457295_00281.wav,4481
282,457295,445718,train,445718_H6Z2BkcyVtiuiN7A_0015,${DATA_ROOT}/raw/mucs2021/train/H6Z2BkcyVtiuiN7A.wav,98.0,103.0,5.0,electricity bill का खर्च 800 रुपया है,hi,rvc,rvc_457295_00282.wav,4482
283,457295,539226,train,539226_vZGSoJPH1tbvsyCa_0016,${DATA_ROOT}/raw/mucs2021/train/vZGSoJPH1tbvsyCa.wav,139.0,150.0,11.0,अतः अब यह वास्तव में इसके बराबर है अतः यह slicer u k 1 एन्क्रिप्टेड है जोकि इस slicer u k 1 के बराबर है,hi,rvc,rvc_457295_00283.wav,4483
284,457295,539354,train,539354_C3MtnFEDrRkWHSvJ_0016,${DATA_ROOT}/raw/mucs2021/train/C3MtnFEDrRkWHSvJ.wav,103.0,107.0,4.0,add एक now library बनाते हैं,hi,rvc,rvc_457295_00284.wav,4484
285,457295,541304,train,541304_cyhxRWI0LoKYZvcw_0017,${DATA_ROOT}/raw/mucs2021/train/cyhxRWI0LoKYZvcw.wav,117.0,124.0,7.0,अब open an existing database file option पर click करें,hi,rvc,rvc_457295_00285.wav,4485
286,457295,584991,train,584991_1ijxO93RTIJh2Rzv_0016,${DATA_ROOT}/raw/mucs2021/train/1ijxO93RTIJh2Rzv.wav,97.0,101.0,4.0,tasks pane में master pages पर click करें,hi,rvc,rvc_457295_00286.wav,4486
287,457295,634568,train,634568_jCgweujQVV5haVF1_0017,${DATA_ROOT}/raw/mucs2021/train/jCgweujQVV5haVF1.wav,88.0,95.0,7.0,open source software has now become a viable option to proprietary software,hi,rvc,rvc_457295_00287.wav,4487
288,457295,705494,train,705494_fZcxLszRnIHxmVQp_0016,${DATA_ROOT}/raw/mucs2021/train/fZcxLszRnIHxmVQp.wav,85.0,90.0,5.0,आप गति को भी नियंत्रित कर सकते हैं जिस पर आपका animation प्रदर्शित होता है,hi,rvc,rvc_457295_00288.wav,4488
289,457295,797767,train,797767_TRInoJRJxAX3qv5C_0015,${DATA_ROOT}/raw/mucs2021/train/TRInoJRJxAX3qv5C.wav,107.0,110.0,3.0,यह नई sheet खोलता है,hi,rvc,rvc_457295_00289.wav,4489
290,457295,850754,train,850754_wOTMMvC3WQ5YQRAF_0017,${DATA_ROOT}/raw/mucs2021/train/wOTMMvC3WQ5YQRAF.wav,124.0,138.0,14.0,वैकल्पिक रूप से cell पर cursor से click करके उसका चुनाव करें फिर right click और insert option चुनें आपको ऐसा dialog box नज़र आएगा,hi,rvc,rvc_457295_00290.wav,4490
291,457295,870582,train,870582_crdH0AI5aH25bEXe_0016,${DATA_ROOT}/raw/mucs2021/train/crdH0AI5aH25bEXe.wav,79.0,90.0,11.0,यदि मैं कुछ भी छोटे अक्षरों में लिखता हूँ इसका मतलब यह या तो टेबलतालिकाका नाम या डेटाबेस का नाम या फिर यह डेटा है जिसे मैं डेटाबेस में लिख रहा हूँ,hi,rvc,rvc_457295_00291.wav,4491
292,457295,876898,train,876898_RyQSvr4r4iAMTYXq_0015,${DATA_ROOT}/raw/mucs2021/train/RyQSvr4r4iAMTYXq.wav,95.0,101.0,6.0,हम देखेंगे कि borders हमारी चुनित स्टाइल के अनुसार formatted हो गये हैं,hi,rvc,rvc_457295_00292.wav,4492
293,457295,893273,train,893273_8xh3ZKpPy5YhAnKX_0018,${DATA_ROOT}/raw/mucs2021/train/8xh3ZKpPy5YhAnKX.wav,81.0,86.0,5.0,अब पहले मेन्यू में वापस जाने के लिए esc दबाएँ,hi,rvc,rvc_457295_00293.wav,4493
294,457295,903756,train,903756_K3X6AGezGWAoDe1q_0019,${DATA_ROOT}/raw/mucs2021/train/K3X6AGezGWAoDe1q.wav,91.0,102.0,11.0,where publisher in cambridge oxford,hi,rvc,rvc_457295_00294.wav,4494
295,457295,912184,train,912184_V11NDc0lxudGbWQU_0016,${DATA_ROOT}/raw/mucs2021/train/V11NDc0lxudGbWQU.wav,95.0,101.0,6.0,मैं अब आपको दिखाऊँगा कि कैसे 2 फील्ड्स इस्तेमाल करें जिससे कि आपको पता चले कि यह ज्यादा जटिल नहीं है बल्कि सरल है,hi,rvc,rvc_457295_00295.wav,4495
296,457295,975912,train,975912_1eNS3GaW1oHHurL4_0015,${DATA_ROOT}/raw/mucs2021/train/1eNS3GaW1oHHurL4.wav,106.0,114.0,8.0,तथा आपके पास लोकल हॉस्ट के तहत चलने वाला smtp मेल सर्वर होगा,hi,rvc,rvc_457295_00296.wav,4496
297,457295,987461,train,987461_LSRBJiHdUoHm4BTI_0015,${DATA_ROOT}/raw/mucs2021/train/LSRBJiHdUoHm4BTI.wav,110.0,118.0,8.0,और यह है phplogin जो यहाँ है यहाँ पर जाएँ और आप इसे यहाँ देख सकते हैं,hi,rvc,rvc_457295_00297.wav,4497
298,457295,996368,train,996368_n4ACC4gnqW0IM1wW_0015,${DATA_ROOT}/raw/mucs2021/train/n4ACC4gnqW0IM1wW.wav,106.0,112.0,6.0,फिर  downloads फोल्डर पर जाएँ file upload  नामक विंडो खुलता है,hi,rvc,rvc_457295_00298.wav,4498
299,457295,106718,train,106718_vE1rhq3ojNKZvQNv_0017,${DATA_ROOT}/raw/mucs2021/train/vE1rhq3ojNKZvQNv.wav,90.0,94.0,4.0,जमीन को प्रस्तुत करने के लिए एक आयत जोड़ें,hi,rvc,rvc_457295_00299.wav,4499
300,457295,142970,train,142970_DP5j8CLDeL6HHHSX_0016,${DATA_ROOT}/raw/mucs2021/train/DP5j8CLDeL6HHHSX.wav,100.0,105.0,5.0,आपको शुरुआती पॉइंट बताने की जरूरत है इसलिए मैं कहूँगा 1,hi,rvc,rvc_457295_00300.wav,4500
301,457295,177570,train,177570_jSNK2zDaIvyZsMZp_0018,${DATA_ROOT}/raw/mucs2021/train/jSNK2zDaIvyZsMZp.wav,87.0,90.0,3.0,अब enter दबाएं,hi,rvc,rvc_457295_00301.wav,4501
302,457295,186783,train,186783_LFpbaXkb8HuQ6DnF_0016,${DATA_ROOT}/raw/mucs2021/train/LFpbaXkb8HuQ6DnF.wav,112.0,120.0,8.0,show ऑप्शन भी चुनित होना चाहिए यह किसी भी आगामी संपादन को स्पष्टतः रिकार्ड करने के लिए सक्षम हो जाएगा,hi,rvc,rvc_457295_00302.wav,4502
303,457295,205240,train,205240_F4KjmwYhWvnpSE0m_0016,${DATA_ROOT}/raw/mucs2021/train/F4KjmwYhWvnpSE0m.wav,100.0,105.0,5.0,अतः यह पासवर्ड बदल जाएगा क्योंकि यह यूजरनेम alex के बराबर है,hi,rvc,rvc_457295_00303.wav,4503
304,457295,322882,train,322882_XTscbPr78nzuHhuu_0018,${DATA_ROOT}/raw/mucs2021/train/XTscbPr78nzuHhuu.wav,109.0,113.0,4.0,अब view menu में print layout option पर click करें,hi,rvc,rvc_457295_00304.wav,4504
305,457295,413057,train,413057_aKSsdMqkPfUWyYeS_0016,${DATA_ROOT}/raw/mucs2021/train/aKSsdMqkPfUWyYeS.wav,111.0,120.0,9.0,अब a1 उल्लिखित cell पर click करें और इसके अंदर शीर्षक component type करें,hi,rvc,rvc_457295_00305.wav,4505
306,457295,445718,train,445718_H6Z2BkcyVtiuiN7A_0016,${DATA_ROOT}/raw/mucs2021/train/H6Z2BkcyVtiuiN7A.wav,103.0,108.0,5.0,house rent का खर्च electricity bill से अधिक है,hi,rvc,rvc_457295_00306.wav,4506
307,457295,539226,train,539226_vZGSoJPH1tbvsyCa_0017,${DATA_ROOT}/raw/mucs2021/train/vZGSoJPH1tbvsyCa.wav,150.0,157.0,7.0,अतः हम अपने डेटाबेस में एक md5 एन्क्रिप्टेड पासवर्ड की एक एन्क्रिप्टेड पासवर्ड से तुलना कर रहे हैं,hi,rvc,rvc_457295_00307.wav,4507
308,457295,539354,train,539354_C3MtnFEDrRkWHSvJ_0017,${DATA_ROOT}/raw/mucs2021/train/C3MtnFEDrRkWHSvJ.wav,107.0,110.0,3.0,koha interface पर वापस जाएँ,hi,rvc,rvc_457295_00308.wav,4508
309,457295,541304,train,541304_cyhxRWI0LoKYZvcw_0018,${DATA_ROOT}/raw/mucs2021/train/cyhxRWI0LoKYZvcw.wav,124.0,131.0,7.0,recently used drop down box में हमारा library database दिखाई देनी चाहिए,hi,rvc,rvc_457295_00309.wav,4509
310,457295,584991,train,584991_1ijxO93RTIJh2Rzv_0017,${DATA_ROOT}/raw/mucs2021/train/1ijxO93RTIJh2Rzv.wav,101.0,108.0,7.0,field इस प्रस्तुति में इस्तेमाल किये master slides प्रदर्शित करता है,hi,rvc,rvc_457295_00310.wav,4510
311,457295,634568,train,634568_jCgweujQVV5haVF1_0018,${DATA_ROOT}/raw/mucs2021/train/jCgweujQVV5haVF1.wav,95.0,106.0,11.0,open source software will free the company from arbitrary software updates of proprietary software,hi,rvc,rvc_457295_00311.wav,4511
312,457295,705494,train,705494_fZcxLszRnIHxmVQp_0017,${DATA_ROOT}/raw/mucs2021/train/fZcxLszRnIHxmVQp.wav,90.0,97.0,7.0,speed field में dropdown box पर click करें slow चुनें और ok पर click करें,hi,rvc,rvc_457295_00312.wav,4512
313,457295,797767,train,797767_TRInoJRJxAX3qv5C_0016,${DATA_ROOT}/raw/mucs2021/train/TRInoJRJxAX3qv5C.wav,110.0,118.0,8.0,अब a1 उल्लिखित cell पर click करें और इसके अंदर शीर्षक component type करें,hi,rvc,rvc_457295_00313.wav,4513
314,457295,850754,train,850754_wOTMMvC3WQ5YQRAF_0018,${DATA_ROOT}/raw/mucs2021/train/wOTMMvC3WQ5YQRAF.wav,138.0,145.0,7.0,एक row और column को जोड़ने के लिए entire row और entire column option चुनें,hi,rvc,rvc_457295_00314.wav,4514
315,457295,870582,train,870582_crdH0AI5aH25bEXe_0017,${DATA_ROOT}/raw/mucs2021/train/crdH0AI5aH25bEXe.wav,90.0,94.0,4.0,अतः insert into people क्योंकि यह यहाँ पर हमारे टेबलतालिकाका नाम है,hi,rvc,rvc_457295_00315.wav,4515
316,457295,876898,train,876898_RyQSvr4r4iAMTYXq_0016,${DATA_ROOT}/raw/mucs2021/train/RyQSvr4r4iAMTYXq.wav,101.0,104.0,3.0,इस बदलाव को undo करते हैं,hi,rvc,rvc_457295_00316.wav,4516
317,457295,893273,train,893273_8xh3ZKpPy5YhAnKX_0019,${DATA_ROOT}/raw/mucs2021/train/8xh3ZKpPy5YhAnKX.wav,86.0,89.0,3.0,आप्शन मेन्यू प्रदर्शित होता है,hi,rvc,rvc_457295_00317.wav,4517
318,457295,903756,train,903756_K3X6AGezGWAoDe1q_0020,${DATA_ROOT}/raw/mucs2021/train/K3X6AGezGWAoDe1q.wav,102.0,110.0,8.0,order by publisher asc title asc,hi,rvc,rvc_457295_00318.wav,4518
319,457295,912184,train,912184_V11NDc0lxudGbWQU_0017,${DATA_ROOT}/raw/mucs2021/train/V11NDc0lxudGbWQU.wav,101.0,111.0,10.0,यहाँ मैं firstname टाइप करूँगा और मैं text के प्रकार का एक इनपुट बॉक्स बनाऊँगा और इसका name firstname होगा,hi,rvc,rvc_457295_00319.wav,4519
320,457295,975912,train,975912_1eNS3GaW1oHHurL4_0016,${DATA_ROOT}/raw/mucs2021/train/1eNS3GaW1oHHurL4.wav,114.0,126.0,12.0,अब जैसा कि मेरे पास मेल सर्वर नहीं है मैं अपने विश्वविद्यालय के ईमेल सिस्टम का उपयोग करूँगा जो कि मेरे विश्वविद्यालय ईमेल पर dns  या domain name server डोमैन नेम सर्वर है,hi,rvc,rvc_457295_00320.wav,4520
321,457295,987461,train,987461_LSRBJiHdUoHm4BTI_0016,${DATA_ROOT}/raw/mucs2021/train/LSRBJiHdUoHm4BTI.wav,118.0,121.0,3.0,हमारा टेबल users है  जिसका उपयोग हम बाद में करेंगे,hi,rvc,rvc_457295_00321.wav,4521
322,457295,996368,train,996368_n4ACC4gnqW0IM1wW_0016,${DATA_ROOT}/raw/mucs2021/train/n4ACC4gnqW0IM1wW.wav,112.0,118.0,6.0,यहाँ testdatamrc नामक फाइल पर जाएँ,hi,rvc,rvc_457295_00322.wav,4522
323,457295,106718,train,106718_vE1rhq3ojNKZvQNv_0018,${DATA_ROOT}/raw/mucs2021/train/vE1rhq3ojNKZvQNv.wav,94.0,99.0,5.0,drawing toolbar में basic shapes पर क्किक करें और फिर rectangle पर click करें,hi,rvc,rvc_457295_00323.wav,4523
324,457295,142970,train,142970_DP5j8CLDeL6HHHSX_0017,${DATA_ROOT}/raw/mucs2021/train/DP5j8CLDeL6HHHSX.wav,105.0,109.0,4.0,वास्तव में मैं शून्य कहूँगा और फिर लेन्थ कहूँगा 2,hi,rvc,rvc_457295_00324.wav,4524
325,457295,177570,train,177570_jSNK2zDaIvyZsMZp_0019,${DATA_ROOT}/raw/mucs2021/train/jSNK2zDaIvyZsMZp.wav,90.0,93.0,3.0,text editor खुलता है,hi,rvc,rvc_457295_00325.wav,4525
326,457295,186783,train,186783_LFpbaXkb8HuQ6DnF_0017,${DATA_ROOT}/raw/mucs2021/train/LFpbaXkb8HuQ6DnF.wav,120.0,125.0,5.0,डॉक्युमेंट में दूसरे बिंदु को प्रविष्ट करें,hi,rvc,rvc_457295_00326.wav,4526
327,457295,205240,train,205240_F4KjmwYhWvnpSE0m_0017,${DATA_ROOT}/raw/mucs2021/train/F4KjmwYhWvnpSE0m.wav,105.0,116.0,11.0,अतः यह 900 के साथ शुरू होता है और जैसे ही हम इसे बदलते हैं हम इसे रिफ्रेश कर सकते हैं और जाँच सकते हैं कि यह वास्तव में बदल चुका है,hi,rvc,rvc_457295_00327.wav,4527
328,457295,322882,train,322882_XTscbPr78nzuHhuu_0019,${DATA_ROOT}/raw/mucs2021/train/XTscbPr78nzuHhuu.wav,113.0,124.0,11.0,आगे बढ़ने से पहले अपने document में एक पेज जोड़ते हैं क्लिक करें insert>> manual break और page break option चुने,hi,rvc,rvc_457295_00328.wav,4528
329,457295,413057,train,413057_aKSsdMqkPfUWyYeS_0017,${DATA_ROOT}/raw/mucs2021/train/aKSsdMqkPfUWyYeS.wav,120.0,127.0,7.0,b1 उल्लिखित cell पर click करें और इसके अंदर शीर्षक balance type करें,hi,rvc,rvc_457295_00329.wav,4529
330,457295,445718,train,445718_H6Z2BkcyVtiuiN7A_0017,${DATA_ROOT}/raw/mucs2021/train/H6Z2BkcyVtiuiN7A.wav,108.0,114.0,6.0,हम इन पर विभिन्न conditions को लागू कर सकते हैं और उत्तर जाँच सकते हैं,hi,rvc,rvc_457295_00330.wav,4530
331,457295,539226,train,539226_vZGSoJPH1tbvsyCa_0018,${DATA_ROOT}/raw/mucs2021/train/vZGSoJPH1tbvsyCa.wav,157.0,162.0,5.0,मैं इस फॉर्म को फिर से जमा करता हूँ और लॉगिन ओह! फिर से एरर!,hi,rvc,rvc_457295_00331.wav,4531
332,457295,539354,train,539354_C3MtnFEDrRkWHSvJ_0018,${DATA_ROOT}/raw/mucs2021/train/C3MtnFEDrRkWHSvJ.wav,110.0,116.0,6.0,home पर जाएँ और koha administration पर click करें,hi,rvc,rvc_457295_00332.wav,4532
333,457295,541304,train,541304_cyhxRWI0LoKYZvcw_0019,${DATA_ROOT}/raw/mucs2021/train/cyhxRWI0LoKYZvcw.wav,131.0,137.0,6.0,अतः अब इसे चुनें और finish button पर click करें,hi,rvc,rvc_457295_00333.wav,4533
334,457295,584991,train,584991_1ijxO93RTIJh2Rzv_0018,${DATA_ROOT}/raw/mucs2021/train/1ijxO93RTIJh2Rzv.wav,108.0,111.0,3.0,master slide template जैसी है,hi,rvc,rvc_457295_00334.wav,4534
335,457295,634568,train,634568_jCgweujQVV5haVF1_0019,${DATA_ROOT}/raw/mucs2021/train/jCgweujQVV5haVF1.wav,106.0,109.0,3.0,हमने अपना पहला note बना लिया,hi,rvc,rvc_457295_00335.wav,4535
336,457295,705494,train,705494_fZcxLszRnIHxmVQp_0018,${DATA_ROOT}/raw/mucs2021/train/fZcxLszRnIHxmVQp.wav,97.0,103.0,6.0,effect field आपको animations options set करने की अनुमति set है,hi,rvc,rvc_457295_00336.wav,4536
337,457295,797767,train,797767_TRInoJRJxAX3qv5C_0017,${DATA_ROOT}/raw/mucs2021/train/TRInoJRJxAX3qv5C.wav,118.0,126.0,8.0,b1 उल्लिखित cell पर click करें और इसके अंदर शीर्षक balance type करें,hi,rvc,rvc_457295_00337.wav,4537
338,457295,850754,train,850754_wOTMMvC3WQ5YQRAF_0020,${DATA_ROOT}/raw/mucs2021/train/wOTMMvC3WQ5YQRAF.wav,163.0,167.0,4.0,यहाँ हमने 4 cells चिन्हांकित किए हैं,hi,rvc,rvc_457295_00338.wav,4538
339,457295,870582,train,870582_crdH0AI5aH25bEXe_0018,${DATA_ROOT}/raw/mucs2021/train/crdH0AI5aH25bEXe.wav,94.0,100.0,6.0,insert into people और फिर values और फिर कोष्ठकों में हम प्रत्येक वेल्यू के लिए कुछ स्थान बनाएँगे,hi,rvc,rvc_457295_00339.wav,4539
340,457295,876898,train,876898_RyQSvr4r4iAMTYXq_0017,${DATA_ROOT}/raw/mucs2021/train/RyQSvr4r4iAMTYXq.wav,104.0,113.0,9.0,चुनित cells अभी भी चिन्हांकित हैं चुनाव the गए पर right click करें और format cells option को चुनें,hi,rvc,rvc_457295_00340.wav,4540
341,457295,893273,train,893273_8xh3ZKpPy5YhAnKX_0020,${DATA_ROOT}/raw/mucs2021/train/8xh3ZKpPy5YhAnKX.wav,89.0,94.0,5.0,अब हमें नए शब्दों और वाक्यों को जोड़ना सीखना होगा,hi,rvc,rvc_457295_00341.wav,4541
342,457295,903756,train,903756_K3X6AGezGWAoDe1q_0021,${DATA_ROOT}/raw/mucs2021/train/K3X6AGezGWAoDe1q.wav,110.0,118.0,8.0,अतः ध्यान दीजिये कि column नामों से क्रम को दर्शाने के लिए हमने order by वाक्यांश का इस्तेमाल किया है,hi,rvc,rvc_457295_00342.wav,4542
343,457295,912184,train,912184_V11NDc0lxudGbWQU_0018,${DATA_ROOT}/raw/mucs2021/train/V11NDc0lxudGbWQU.wav,111.0,115.0,4.0,हम यहाँ एक ब्रेक बनाएँगे और lastname टाइप करेंगे,hi,rvc,rvc_457295_00343.wav,4543
344,457295,975912,train,975912_1eNS3GaW1oHHurL4_0017,${DATA_ROOT}/raw/mucs2021/train/1eNS3GaW1oHHurL4.wav,126.0,131.0,5.0,इस तरीके से मेरा ईमेल मेरे विश्वविद्यालय के माध्यम से भेजा जाता है,hi,rvc,rvc_457295_00344.wav,4544
345,457295,987461,train,987461_LSRBJiHdUoHm4BTI_0017,${DATA_ROOT}/raw/mucs2021/train/LSRBJiHdUoHm4BTI.wav,121.0,125.0,4.0,आगे मैं पासवर्ड प्राप्त करने के लिए क्वेरी बनाऊँगा,hi,rvc,rvc_457295_00345.wav,4545
346,457295,996368,train,996368_n4ACC4gnqW0IM1wW_0017,${DATA_ROOT}/raw/mucs2021/train/n4ACC4gnqW0IM1wW.wav,118.0,125.0,7.0,याद रखें हमने पहले के ट्यूटोरियल में  testdatamrc  फाइल बनाई थी,hi,rvc,rvc_457295_00346.wav,4546
347,457295,106718,train,106718_vE1rhq3ojNKZvQNv_0019,${DATA_ROOT}/raw/mucs2021/train/vE1rhq3ojNKZvQNv.wav,99.0,105.0,6.0,अब cursor को पेज पर स्थानांतरित करें आप capital i के साथ plus का चिन्ह देखेंगे,hi,rvc,rvc_457295_00347.wav,4547
348,457295,142970,train,142970_DP5j8CLDeL6HHHSX_0018,${DATA_ROOT}/raw/mucs2021/train/DP5j8CLDeL6HHHSX.wav,109.0,112.0,3.0,तथा यह my एको करना चाहिए,hi,rvc,rvc_457295_00348.wav,4548
349,457295,177570,train,177570_jSNK2zDaIvyZsMZp_0020,${DATA_ROOT}/raw/mucs2021/train/jSNK2zDaIvyZsMZp.wav,93.0,96.0,3.0,अब मैं code समझाता हूँ,hi,rvc,rvc_457295_00349.wav,4549
350,457295,186783,train,186783_LFpbaXkb8HuQ6DnF_0018,${DATA_ROOT}/raw/mucs2021/train/LFpbaXkb8HuQ6DnF.wav,125.0,128.0,3.0,हम बिंदु क्रमांक 2 पर जायेंगे और टाइप करेंगे,hi,rvc,rvc_457295_00350.wav,4550
351,457295,205240,train,205240_F4KjmwYhWvnpSE0m_0018,${DATA_ROOT}/raw/mucs2021/train/F4KjmwYhWvnpSE0m.wav,116.0,123.0,7.0,अतः मैं कुछ और चीज़ें जोडूँगा,hi,rvc,rvc_457295_00351.wav,4551
352,457295,322882,train,322882_XTscbPr78nzuHhuu_0021,${DATA_ROOT}/raw/mucs2021/train/XTscbPr78nzuHhuu.wav,126.0,131.0,5.0,इसके बारे में विस्तृत रूप से हम अगले tutorial में सीखेंगे,hi,rvc,rvc_457295_00352.wav,4552
353,457295,413057,train,413057_aKSsdMqkPfUWyYeS_0018,${DATA_ROOT}/raw/mucs2021/train/aKSsdMqkPfUWyYeS.wav,127.0,132.0,5.0,अब heading के अंदर भागों के now प्रविष्ट करें,hi,rvc,rvc_457295_00353.wav,4553
354,457295,445718,train,445718_H6Z2BkcyVtiuiN7A_0018,${DATA_ROOT}/raw/mucs2021/train/H6Z2BkcyVtiuiN7A.wav,114.0,117.0,3.0,c10 से उल्लिखित cell पर click करें,hi,rvc,rvc_457295_00354.wav,4554
355,457295,539226,train,539226_vZGSoJPH1tbvsyCa_0019,${DATA_ROOT}/raw/mucs2021/train/vZGSoJPH1tbvsyCa.wav,162.0,167.0,5.0,मैं फिर से कोशिश करता हूँ लॉगिन पर क्लिक करता हूँ नहीं यह कार्य नहीं कर रहा है,hi,rvc,rvc_457295_00355.wav,4555
356,457295,539354,train,539354_C3MtnFEDrRkWHSvJ_0019,${DATA_ROOT}/raw/mucs2021/train/C3MtnFEDrRkWHSvJ.wav,116.0,120.0,4.0,basic parameters को देखें,hi,rvc,rvc_457295_00356.wav,4556
357,457295,541304,train,541304_cyhxRWI0LoKYZvcw_0020,${DATA_ROOT}/raw/mucs2021/train/cyhxRWI0LoKYZvcw.wav,137.0,141.0,4.0,यदि libreoffice base पहले से ही खुला है,hi,rvc,rvc_457295_00357.wav,4557
358,457295,584991,train,584991_1ijxO93RTIJh2Rzv_0019,${DATA_ROOT}/raw/mucs2021/train/1ijxO93RTIJh2Rzv.wav,111.0,118.0,7.0,आप यहाँ formatting प्रिफरेंसेस set कर सकते हैं जो बाद में प्रस्तुति में सभी slides पर लागू किये जाते हैं,hi,rvc,rvc_457295_00358.wav,4558
359,457295,634568,train,634568_jCgweujQVV5haVF1_0020,${DATA_ROOT}/raw/mucs2021/train/jCgweujQVV5haVF1.wav,109.0,114.0,5.0,सीखते हैं कि notes में कैसे text को format करें,hi,rvc,rvc_457295_00359.wav,4559
360,457295,705494,train,705494_fZcxLszRnIHxmVQp_0019,${DATA_ROOT}/raw/mucs2021/train/fZcxLszRnIHxmVQp.wav,103.0,111.0,8.0,effect field के the पर box animations प्रदर्शित करता है जो प्रस्तुति में जोड़े गये हैं,hi,rvc,rvc_457295_00360.wav,4560
361,457295,797767,train,797767_TRInoJRJxAX3qv5C_0018,${DATA_ROOT}/raw/mucs2021/train/TRInoJRJxAX3qv5C.wav,126.0,130.0,4.0,अब heading के अंदर भागों के now प्रविष्ट करें,hi,rvc,rvc_457295_00361.wav,4561
362,457295,850754,train,850754_wOTMMvC3WQ5YQRAF_0021,${DATA_ROOT}/raw/mucs2021/train/wOTMMvC3WQ5YQRAF.wav,167.0,180.0,13.0,rows और columns को जोड़ने के लिए बताए गए तरीकों में से किसी का भी अनुसरण करें मैं नई रोव्स जोड़ना चाहता choose इसलिए मैं चुनें गए option पर right click करके insert option चुनूँगा,hi,rvc,rvc_457295_00362.wav,4562
363,457295,870582,train,870582_crdH0AI5aH25bEXe_0019,${DATA_ROOT}/raw/mucs2021/train/crdH0AI5aH25bEXe.wav,100.0,106.0,6.0,अतः हमें 12345 मिल गया,hi,rvc,rvc_457295_00363.wav,4563
364,457295,876898,train,876898_RyQSvr4r4iAMTYXq_0018,${DATA_ROOT}/raw/mucs2021/train/RyQSvr4r4iAMTYXq.wav,113.0,116.0,3.0,tab borders टैब पर click करें,hi,rvc,rvc_457295_00364.wav,4564
365,457295,893273,train,893273_8xh3ZKpPy5YhAnKX_0021,${DATA_ROOT}/raw/mucs2021/train/8xh3ZKpPy5YhAnKX.wav,94.0,97.0,3.0,edit word lists पर क्लिक करें,hi,rvc,rvc_457295_00365.wav,4565
366,457295,903756,train,903756_K3X6AGezGWAoDe1q_0022,${DATA_ROOT}/raw/mucs2021/train/K3X6AGezGWAoDe1q.wav,118.0,125.0,7.0,साथ ही अल्पविराम characters पर भी ध्यान दीजिये जो और क्रमबद्ध करने के लिए तथा अधिक columns को जोड़ने में मदद करता है,hi,rvc,rvc_457295_00366.wav,4566
367,457295,912184,train,912184_V11NDc0lxudGbWQU_0019,${DATA_ROOT}/raw/mucs2021/train/V11NDc0lxudGbWQU.wav,115.0,121.0,6.0,अगला हम एक और इनपुट बॉक्स पिछली लाइन को कॉपी और यहाँ पेस्ट करके बनाएँगे,hi,rvc,rvc_457295_00367.wav,4567
368,457295,975912,train,975912_1eNS3GaW1oHHurL4_0018,${DATA_ROOT}/raw/mucs2021/train/1eNS3GaW1oHHurL4.wav,131.0,142.0,11.0,यदि आप विशेष dns सर्वर के बारे में जानते हैं यदि आपके पास डोमैन नेम पहले से ही है यदि आपकी वेबसाइट है तो आप इसे जानेंगे या कम से कम आप इसका पता लगाने में सक्षम होंगे,hi,rvc,rvc_457295_00368.wav,4568
369,457295,987461,train,987461_LSRBJiHdUoHm4BTI_0019,${DATA_ROOT}/raw/mucs2021/train/LSRBJiHdUoHm4BTI.wav,146.0,151.0,5.0,आप यहाँ देख सकते हैं यह users  टेबल है,hi,rvc,rvc_457295_00369.wav,4569
370,457295,996368,train,996368_n4ACC4gnqW0IM1wW_0018,${DATA_ROOT}/raw/mucs2021/train/n4ACC4gnqW0IM1wW.wav,125.0,137.0,12.0,testdatamrc फ़ाइल को चुनें यदि पहले से नहीं चुना गया है और पेज के नीचे open बटन पर क्लिक करें,hi,rvc,rvc_457295_00370.wav,4570
371,457295,106718,train,106718_vE1rhq3ojNKZvQNv_0020,${DATA_ROOT}/raw/mucs2021/train/vE1rhq3ojNKZvQNv.wav,105.0,110.0,5.0,बायें mouse button को पकड़कर रखें और आयत बनाने के लिए drag करें,hi,rvc,rvc_457295_00371.wav,4571
372,457295,142970,train,142970_DP5j8CLDeL6HHHSX_0019,${DATA_ROOT}/raw/mucs2021/train/DP5j8CLDeL6HHHSX.wav,112.0,117.0,5.0,रिफ्रेश करें ठीक है हमें यहाँ my मिला है,hi,rvc,rvc_457295_00372.wav,4572
373,457295,177570,train,177570_jSNK2zDaIvyZsMZp_0021,${DATA_ROOT}/raw/mucs2021/train/jSNK2zDaIvyZsMZp.wav,96.0,99.0,3.0,यह shenbang line है,hi,rvc,rvc_457295_00373.wav,4573
374,457295,186783,train,186783_LFpbaXkb8HuQ6DnF_0021,${DATA_ROOT}/raw/mucs2021/train/LFpbaXkb8HuQ6DnF.wav,156.0,161.0,5.0,जिससे वर्तमान बिंदु 2 बिंदु क्रमांक 3 हो जाता है,hi,rvc,rvc_457295_00374.wav,4574
375,457295,205240,train,205240_F4KjmwYhWvnpSE0m_0019,${DATA_ROOT}/raw/mucs2021/train/F4KjmwYhWvnpSE0m.wav,123.0,126.0,3.0,इसे यहाँ वापस रखते हैं,hi,rvc,rvc_457295_00375.wav,4575
376,903756,106718,train,106718_vE1rhq3ojNKZvQNv_0023,${DATA_ROOT}/raw/mucs2021/train/vE1rhq3ojNKZvQNv.wav,120.0,124.0,4.0,line बनाने के लिए drawing toolbar में line पर click करें,hi,rvc,rvc_903756_00376.wav,4576
377,903756,142970,train,142970_DP5j8CLDeL6HHHSX_0021,${DATA_ROOT}/raw/mucs2021/train/DP5j8CLDeL6HHHSX.wav,125.0,135.0,10.0,अब मैं क्या करूँगा मैं कहूँगा  strlen माफ़ कीजिये  लेन्थ इक्वल्स strlen ऑफ स्ट्रिंग length equals strlen of string,hi,rvc,rvc_903756_00377.wav,4577
378,903756,177570,train,177570_jSNK2zDaIvyZsMZp_0023,${DATA_ROOT}/raw/mucs2021/train/jSNK2zDaIvyZsMZp.wav,103.0,108.0,5.0,यहाँ dollar zero shell script के name को print करेगा,hi,rvc,rvc_903756_00378.wav,4578
379,903756,186783,train,186783_LFpbaXkb8HuQ6DnF_0023,${DATA_ROOT}/raw/mucs2021/train/LFpbaXkb8HuQ6DnF.wav,165.0,170.0,5.0,इस टेक्स्ट पर माउस धुमाएँ आप मैसेज देखेंगे,hi,rvc,rvc_903756_00379.wav,4579
380,903756,205240,train,205240_F4KjmwYhWvnpSE0m_0021,${DATA_ROOT}/raw/mucs2021/train/F4KjmwYhWvnpSE0m.wav,135.0,143.0,8.0,और फिर मैं एक return कथित लिंक डालूँगा और यह मुख्य पेज पर वापस जाएगा,hi,rvc,rvc_903756_00380.wav,4580
381,903756,322882,train,322882_XTscbPr78nzuHhuu_0024,${DATA_ROOT}/raw/mucs2021/train/XTscbPr78nzuHhuu.wav,142.0,147.0,5.0,zoom तथा view layout dialog box हमें दिखाई पड़ता है,hi,rvc,rvc_903756_00381.wav,4581
382,903756,413057,train,413057_aKSsdMqkPfUWyYeS_0021,${DATA_ROOT}/raw/mucs2021/train/aKSsdMqkPfUWyYeS.wav,147.0,151.0,4.0,अब खाली cell b3 पर click करें,hi,rvc,rvc_903756_00382.wav,4582
383,903756,445718,train,445718_H6Z2BkcyVtiuiN7A_0021,${DATA_ROOT}/raw/mucs2021/train/H6Z2BkcyVtiuiN7A.wav,138.0,146.0,8.0,अब इस conditional statement को is equal to c3 less than c4 में बदल देते हैं,hi,rvc,rvc_903756_00383.wav,4583
384,903756,457295,train,457295_WgzliDtK6Htff0g2_0029,${DATA_ROOT}/raw/mucs2021/train/WgzliDtK6Htff0g2.wav,128.0,134.0,6.0,इसका यह भी अर्थ है कि जब यह मुद्रित होगा चित्र का एक हिस्सा गायब हो जाएगा,hi,rvc,rvc_903756_00384.wav,4584
385,903756,539226,train,539226_vZGSoJPH1tbvsyCa_0022,${DATA_ROOT}/raw/mucs2021/train/vZGSoJPH1tbvsyCa.wav,190.0,202.0,12.0,यहाँ समस्या यह है कि हमारा md5 पासवर्ड बिलकुल सही है किन्तु इसकी तुलना एक पासवर्ड से हो रही है जो हमारे डेटाबेस में कट के छोटा हो रहा है,hi,rvc,rvc_903756_00385.wav,4585
386,903756,539354,train,539354_C3MtnFEDrRkWHSvJ_0022,${DATA_ROOT}/raw/mucs2021/train/C3MtnFEDrRkWHSvJ.wav,130.0,135.0,5.0,हम अभी के लिए groups section को skip करेंगे,hi,rvc,rvc_903756_00386.wav,4586
387,903756,541304,train,541304_cyhxRWI0LoKYZvcw_0023,${DATA_ROOT}/raw/mucs2021/train/cyhxRWI0LoKYZvcw.wav,168.0,172.0,4.0,अब हम library database में हैं,hi,rvc,rvc_903756_00387.wav,4587
388,903756,584991,train,584991_1ijxO93RTIJh2Rzv_0022,${DATA_ROOT}/raw/mucs2021/train/1ijxO93RTIJh2Rzv.wav,127.0,132.0,5.0,main menu से format पर click करें और page पर click करें,hi,rvc,rvc_903756_00388.wav,4588
389,903756,634568,train,634568_jCgweujQVV5haVF1_0024,${DATA_ROOT}/raw/mucs2021/train/jCgweujQVV5haVF1.wav,130.0,138.0,8.0,उसी task bar में bullet icon पर click करें अब text में bullet points हैं,hi,rvc,rvc_903756_00389.wav,4589
390,903756,705494,train,705494_fZcxLszRnIHxmVQp_0022,${DATA_ROOT}/raw/mucs2021/train/fZcxLszRnIHxmVQp.wav,120.0,128.0,8.0,आपके द्वारा चुनित सभी animation का प्रिव्यू अब मुख्य main पर play होगा,hi,rvc,rvc_903756_00390.wav,4590
391,903756,797767,train,797767_TRInoJRJxAX3qv5C_0021,${DATA_ROOT}/raw/mucs2021/train/TRInoJRJxAX3qv5C.wav,146.0,149.0,3.0,अब खाली cell b3 पर click करें,hi,rvc,rvc_903756_00391.wav,4591
392,903756,850754,train,850754_wOTMMvC3WQ5YQRAF_0024,${DATA_ROOT}/raw/mucs2021/train/wOTMMvC3WQ5YQRAF.wav,200.0,208.0,8.0,एक row या column को डिलीट करने के लिए पहले उस column या row को चुनें जिसे डिलीट करना चाहते हैं,hi,rvc,rvc_903756_00392.wav,4592
393,903756,870582,train,870582_crdH0AI5aH25bEXe_0022,${DATA_ROOT}/raw/mucs2021/train/crdH0AI5aH25bEXe.wav,115.0,123.0,8.0,यह अंदर बनाये जाते हैं या सिंगल कोट्स का उपयोग करके जो कि अल्पविराम द्वारा अलग किये गये हैं,hi,rvc,rvc_903756_00393.wav,4593
394,903756,876898,train,876898_RyQSvr4r4iAMTYXq_0021,${DATA_ROOT}/raw/mucs2021/train/RyQSvr4r4iAMTYXq.wav,128.0,134.0,6.0,लेकिन हम अपनी आवश्यकता के अनुसार इनमें से किसी को भी बदल सकते हैं,hi,rvc,rvc_903756_00394.wav,4594
395,903756,893273,train,893273_8xh3ZKpPy5YhAnKX_0025,${DATA_ROOT}/raw/mucs2021/train/8xh3ZKpPy5YhAnKX.wav,106.0,109.0,3.0,create a new wordlist विंडो प्रदर्शित होती है,hi,rvc,rvc_903756_00395.wav,4595
396,903756,912184,train,912184_V11NDc0lxudGbWQU_0022,${DATA_ROOT}/raw/mucs2021/train/V11NDc0lxudGbWQU.wav,140.0,145.0,5.0,अतः हमने firstname और lastname और submit बटन ले लिया है,hi,rvc,rvc_903756_00396.wav,4596
397,903756,975912,train,975912_1eNS3GaW1oHHurL4_0021,${DATA_ROOT}/raw/mucs2021/train/1eNS3GaW1oHHurL4.wav,156.0,161.0,5.0,अतः मुझे इसे मेरे php dot ini में शामिल करने की आवश्यकता है,hi,rvc,rvc_903756_00397.wav,4597
398,903756,987461,train,987461_LSRBJiHdUoHm4BTI_0022,${DATA_ROOT}/raw/mucs2021/train/LSRBJiHdUoHm4BTI.wav,169.0,179.0,10.0,अतः यह सफल क्वेरी होनी चाहिए तथा आप अंत में कुछ एरर मैसेज टाइप कर सकते हैं  or die query didnt work,hi,rvc,rvc_903756_00398.wav,4598
399,903756,996368,train,996368_n4ACC4gnqW0IM1wW_0021,${DATA_ROOT}/raw/mucs2021/train/n4ACC4gnqW0IM1wW.wav,153.0,158.0,5.0,आप भूरे रंग में upload progress  बार देखेंगे,hi,rvc,rvc_903756_00399.wav,4599
400,903756,106718,train,106718_vE1rhq3ojNKZvQNv_0025,${DATA_ROOT}/raw/mucs2021/train/vE1rhq3ojNKZvQNv.wav,126.0,130.0,4.0,आप तिरछे dash के साथ एक plus का चिन्ह देखेंगे,hi,rvc,rvc_903756_00400.wav,4600
401,903756,142970,train,142970_DP5j8CLDeL6HHHSX_0022,${DATA_ROOT}/raw/mucs2021/train/DP5j8CLDeL6HHHSX.wav,135.0,139.0,4.0,इस स्ट्रिंग की लेन्थ के लिए मैं यहाँ एक नया वेरिएबल बना रहा हूँ,hi,rvc,rvc_903756_00401.wav,4601
402,903756,177570,train,177570_jSNK2zDaIvyZsMZp_0024,${DATA_ROOT}/raw/mucs2021/train/jSNK2zDaIvyZsMZp.wav,108.0,115.0,7.0,परिणामस्वरूप इसका मतलब है zeroth argument स्वमं program का name है,hi,rvc,rvc_903756_00402.wav,4602
403,903756,186783,train,186783_LFpbaXkb8HuQ6DnF_0024,${DATA_ROOT}/raw/mucs2021/train/LFpbaXkb8HuQ6DnF.wav,170.0,175.0,5.0,inserted sriranjani:  प्रविष्टि की तारीख और समय के साथ,hi,rvc,rvc_903756_00403.wav,4603
404,903756,205240,train,205240_F4KjmwYhWvnpSE0m_0022,${DATA_ROOT}/raw/mucs2021/train/F4KjmwYhWvnpSE0m.wav,143.0,147.0,4.0,और यह indexphp है,hi,rvc,rvc_903756_00404.wav,4604
405,903756,322882,train,322882_XTscbPr78nzuHhuu_0025,${DATA_ROOT}/raw/mucs2021/train/XTscbPr78nzuHhuu.wav,147.0,154.0,7.0,इन पर headings है zoom factorand view layout,hi,rvc,rvc_903756_00405.wav,4605
406,903756,413057,train,413057_aKSsdMqkPfUWyYeS_0022,${DATA_ROOT}/raw/mucs2021/train/aKSsdMqkPfUWyYeS.wav,151.0,158.0,7.0,शीर्षक cost और spent में cells b3 और b4 के पास कुल बकाया होगा,hi,rvc,rvc_903756_00406.wav,4606
407,903756,445718,train,445718_H6Z2BkcyVtiuiN7A_0023,${DATA_ROOT}/raw/mucs2021/train/H6Z2BkcyVtiuiN7A.wav,148.0,152.0,4.0,हमें उत्तर false मिलता है,hi,rvc,rvc_903756_00407.wav,4607
408,903756,457295,train,457295_WgzliDtK6Htff0g2_0030,${DATA_ROOT}/raw/mucs2021/train/WgzliDtK6Htff0g2.wav,134.0,138.0,4.0,आपको यह सुनिश्चित करना चाहिए कि : चित्र हमेशा हाशिया के अंदर ही रहे,hi,rvc,rvc_903756_00408.wav,4608
409,903756,539226,train,539226_vZGSoJPH1tbvsyCa_0023,${DATA_ROOT}/raw/mucs2021/train/vZGSoJPH1tbvsyCa.wav,202.0,217.0,15.0,ऐसा इसलिए क्योंकि यदि हम अपनी संरचना में जाते हैं और यहाँ अपने पासवर्ड फील्ड में जाते हैं और इसे बदलते हैं अभी हमारे पास लम्बाई की सीमा 25 है,hi,rvc,rvc_903756_00409.wav,4609
410,903756,539354,train,539354_C3MtnFEDrRkWHSvJ_0023,${DATA_ROOT}/raw/mucs2021/train/C3MtnFEDrRkWHSvJ.wav,135.0,141.0,6.0,इस पेज में ध्यान दें कि लाल in में चिह्नित सभी fields अनिवार्य हैं,hi,rvc,rvc_903756_00410.wav,4610
411,903756,541304,train,541304_cyhxRWI0LoKYZvcw_0024,${DATA_ROOT}/raw/mucs2021/train/cyhxRWI0LoKYZvcw.wav,172.0,181.0,9.0,left panel पर database सूची में forms icon पर click करें,hi,rvc,rvc_903756_00411.wav,4611
412,903756,584991,train,584991_1ijxO93RTIJh2Rzv_0023,${DATA_ROOT}/raw/mucs2021/train/1ijxO93RTIJh2Rzv.wav,132.0,135.0,3.0,page setup dialog box प्रदर्शित होता है,hi,rvc,rvc_903756_00412.wav,4612
413,903756,634568,train,634568_jCgweujQVV5haVF1_0025,${DATA_ROOT}/raw/mucs2021/train/jCgweujQVV5haVF1.wav,138.0,145.0,7.0,सभी notes को standard format में बदलने के लिए एक notes master बनाना सीखते हैं,hi,rvc,rvc_903756_00413.wav,4613
414,903756,705494,train,705494_fZcxLszRnIHxmVQp_0023,${DATA_ROOT}/raw/mucs2021/train/fZcxLszRnIHxmVQp.wav,128.0,138.0,10.0,add slide में दूसरे text box को चुनें custom animation के नीचे add पर click करें,hi,rvc,rvc_903756_00414.wav,4614
415,903756,797767,train,797767_TRInoJRJxAX3qv5C_0022,${DATA_ROOT}/raw/mucs2021/train/TRInoJRJxAX3qv5C.wav,149.0,156.0,7.0,शीर्षक cost और spent में cells b3 और b4 के पास कुल बकाया होगा,hi,rvc,rvc_903756_00415.wav,4615
416,903756,850754,train,850754_wOTMMvC3WQ5YQRAF_0025,${DATA_ROOT}/raw/mucs2021/train/wOTMMvC3WQ5YQRAF.wav,208.0,217.0,9.0,उदाहरण के लिए यदि आप column डिलीट करना चाहते हैं जिसमें laundry लिखा है पहले उस column में एक cell पर क्लिक करके उसे चुनें,hi,rvc,rvc_903756_00416.wav,4616
417,903756,870582,train,870582_crdH0AI5aH25bEXe_0023,${DATA_ROOT}/raw/mucs2021/train/crdH0AI5aH25bEXe.wav,123.0,130.0,7.0,डबल कोट्स का उपयोग न करने का कारण यह हैक्योंकि यह हमें अंत में या बल्कि शुरू में मिले और यहाँ खत्म हो रहे हैं,hi,rvc,rvc_903756_00417.wav,4617
418,903756,876898,train,876898_RyQSvr4r4iAMTYXq_0022,${DATA_ROOT}/raw/mucs2021/train/RyQSvr4r4iAMTYXq.wav,134.0,141.0,7.0,userdefined के नीचे आप एक छोटा प्रीव्यू window देख सकते हैं जो चुनाव को दिखाता है,hi,rvc,rvc_903756_00418.wav,4618
419,903756,893273,train,893273_8xh3ZKpPy5YhAnKX_0026,${DATA_ROOT}/raw/mucs2021/train/8xh3ZKpPy5YhAnKX.wav,109.0,121.0,12.0,create a new wordlist विंडो में learn to type टाइप करें ok पर क्लिक करें,hi,rvc,rvc_903756_00419.wav,4619
420,903756,912184,train,912184_V11NDc0lxudGbWQU_0023,${DATA_ROOT}/raw/mucs2021/train/V11NDc0lxudGbWQU.wav,145.0,149.0,4.0,यदि मैं इसे रिफ्रेश करता हूँ हम देख सकते हैं कि firstname और lastname दिखाई दिया,hi,rvc,rvc_903756_00420.wav,4620
421,903756,975912,train,975912_1eNS3GaW1oHHurL4_0022,${DATA_ROOT}/raw/mucs2021/train/1eNS3GaW1oHHurL4.wav,161.0,166.0,5.0,और इसको करने का सही तरीका है कि यहाँ आएँ और अपने वेरिएबल्स को सेट करें,hi,rvc,rvc_903756_00421.wav,4621
422,903756,987461,train,987461_LSRBJiHdUoHm4BTI_0023,${DATA_ROOT}/raw/mucs2021/train/LSRBJiHdUoHm4BTI.wav,179.0,188.0,9.0,आप इस एरर मैसेज के साथ कुछ कल्पनाशील हो सकते हैं और अपनी पसंद से टाइप कर सकते हैं,hi,rvc,rvc_903756_00422.wav,4622
423,903756,996368,train,996368_n4ACC4gnqW0IM1wW_0022,${DATA_ROOT}/raw/mucs2021/train/n4ACC4gnqW0IM1wW.wav,158.0,165.0,7.0,उपलोड 100% तक पूरा होने के बाद हमें कुछ विवरण भरने के लिए कहा जाता है,hi,rvc,rvc_903756_00423.wav,4623
424,903756,106718,train,106718_vE1rhq3ojNKZvQNv_0026,${DATA_ROOT}/raw/mucs2021/train/vE1rhq3ojNKZvQNv.wav,130.0,135.0,5.0,mouse के बायें button को पकड़कर रखें और ऊपर से तल तक drag करें,hi,rvc,rvc_903756_00424.wav,4624
425,903756,142970,train,142970_DP5j8CLDeL6HHHSX_0023,${DATA_ROOT}/raw/mucs2021/train/DP5j8CLDeL6HHHSX.wav,139.0,142.0,3.0,और फिर मैं इस वेल्यू को 2 से बदलूँगा,hi,rvc,rvc_903756_00425.wav,4625
426,903756,177570,train,177570_jSNK2zDaIvyZsMZp_0025,${DATA_ROOT}/raw/mucs2021/train/jSNK2zDaIvyZsMZp.wav,115.0,119.0,4.0,अब program को निष्पादित करते हैं और देखते हैं,hi,rvc,rvc_903756_00426.wav,4626
427,903756,186783,train,186783_LFpbaXkb8HuQ6DnF_0025,${DATA_ROOT}/raw/mucs2021/train/LFpbaXkb8HuQ6DnF.wav,175.0,187.0,12.0,इस प्रकार डॉक्युमेंट में टिप्पणी करने वाले व्यक्ति की पहचान होती है नाम कंप्यूटर पर उपयोगकर्ता के रूप में लिबरऑफिस के संस्थापन के समय दिए गए नाम के आधार पर प्रदान किया जाता है,hi,rvc,rvc_903756_00427.wav,4627
428,903756,205240,train,205240_F4KjmwYhWvnpSE0m_0023,${DATA_ROOT}/raw/mucs2021/train/F4KjmwYhWvnpSE0m.wav,147.0,151.0,4.0,इससे पहले की हम पेज नष्ट करें मैं सेशन को नष्ट करने जा रहा हूँ,hi,rvc,rvc_903756_00428.wav,4628
429,903756,322882,train,322882_XTscbPr78nzuHhuu_0026,${DATA_ROOT}/raw/mucs2021/train/XTscbPr78nzuHhuu.wav,154.0,163.0,9.0,zoom factor वर्तमान document और उसी प्रकार के सभी documents को प्रदर्शित करने के लिए zoom factor sets करता है जिन्हें आप उसके बाद खोलते हो,hi,rvc,rvc_903756_00429.wav,4629
430,903756,413057,train,413057_aKSsdMqkPfUWyYeS_0023,${DATA_ROOT}/raw/mucs2021/train/aKSsdMqkPfUWyYeS.wav,158.0,161.0,3.0,जिसकी हमने शीट 1 में गणना की थी,hi,rvc,rvc_903756_00430.wav,4630
431,903756,445718,train,445718_H6Z2BkcyVtiuiN7A_0024,${DATA_ROOT}/raw/mucs2021/train/H6Z2BkcyVtiuiN7A.wav,152.0,158.0,6.0,इसी प्रकार से आप अन्य conditional statements को लागू कर सकते हैं और उत्तर जाँच सकते हैं,hi,rvc,rvc_903756_00431.wav,4631
432,903756,457295,train,457295_WgzliDtK6Htff0g2_0031,${DATA_ROOT}/raw/mucs2021/train/WgzliDtK6Htff0g2.wav,138.0,143.0,5.0,जब आप चित्र बनाएँ चित्र का कोई भी हिस्सा हाशिया के बाहर नहीं फैलना चाहिए,hi,rvc,rvc_903756_00432.wav,4632
433,903756,539226,train,539226_vZGSoJPH1tbvsyCa_0024,${DATA_ROOT}/raw/mucs2021/train/vZGSoJPH1tbvsyCa.wav,217.0,223.0,6.0,अतः हम इसके लिए सीमा को बढ़ाकर 100 तक करते हैं,hi,rvc,rvc_903756_00433.wav,4633
434,903756,539354,train,539354_C3MtnFEDrRkWHSvJ_0024,${DATA_ROOT}/raw/mucs2021/train/C3MtnFEDrRkWHSvJ.wav,141.0,149.0,8.0,अपनी library के लिए fields library code और name भरें जैसा कि मैंने यहां किया है,hi,rvc,rvc_903756_00434.wav,4634
435,903756,541304,train,541304_cyhxRWI0LoKYZvcw_0025,${DATA_ROOT}/raw/mucs2021/train/cyhxRWI0LoKYZvcw.wav,181.0,192.0,11.0,ध्यान दें कि यहाँ नया form बनाने के दो तरीके हैं डिजाइन व्यू में form बनाना और form बनाने के लिए wizard का उपयोग करना,hi,rvc,rvc_903756_00435.wav,4635
436,903756,584991,train,584991_1ijxO93RTIJh2Rzv_0024,${DATA_ROOT}/raw/mucs2021/train/1ijxO93RTIJh2Rzv.wav,135.0,138.0,3.0,background टैब पर click करें,hi,rvc,rvc_903756_00436.wav,4636
437,903756,634568,train,634568_jCgweujQVV5haVF1_0026,${DATA_ROOT}/raw/mucs2021/train/jCgweujQVV5haVF1.wav,145.0,153.0,8.0,मुख्य menu में view पर click करें और फिर master पर click करें notes master पर click करें,hi,rvc,rvc_903756_00437.wav,4637
438,903756,705494,train,705494_fZcxLszRnIHxmVQp_0024,${DATA_ROOT}/raw/mucs2021/train/fZcxLszRnIHxmVQp.wav,138.0,145.0,7.0,custom animation dialog box में basic animation के नीचे wedge चुनें,hi,rvc,rvc_903756_00438.wav,4638
439,903756,797767,train,797767_TRInoJRJxAX3qv5C_0023,${DATA_ROOT}/raw/mucs2021/train/TRInoJRJxAX3qv5C.wav,156.0,160.0,4.0,जिसकी हमने शीट 1 में गणना की थी,hi,rvc,rvc_903756_00439.wav,4639
440,903756,850754,train,850754_wOTMMvC3WQ5YQRAF_0026,${DATA_ROOT}/raw/mucs2021/train/wOTMMvC3WQ5YQRAF.wav,217.0,223.0,6.0,अब cell पर right click करें और delete option पर click करें,hi,rvc,rvc_903756_00440.wav,4640
441,903756,870582,train,870582_crdH0AI5aH25bEXe_0024,${DATA_ROOT}/raw/mucs2021/train/crdH0AI5aH25bEXe.wav,130.0,133.0,3.0,हमें यहाँ पर अपनी id प्रविष्ट करने की आवश्यकता नहीं है,hi,rvc,rvc_903756_00441.wav,4641
442,903756,876898,train,876898_RyQSvr4r4iAMTYXq_0023,${DATA_ROOT}/raw/mucs2021/train/RyQSvr4r4iAMTYXq.wav,141.0,149.0,8.0,मैं default के नीचे तीसरे option को चुनूँगा और आप देख सकते हैं कि यह प्रीव्यू window में प्रतिबिंबित होता है,hi,rvc,rvc_903756_00442.wav,4642
443,903756,893273,train,893273_8xh3ZKpPy5YhAnKX_0027,${DATA_ROOT}/raw/mucs2021/train/8xh3ZKpPy5YhAnKX.wav,121.0,124.0,3.0,word list editor विंडो प्रदर्शित होती है,hi,rvc,rvc_903756_00443.wav,4643
444,903756,912184,train,912184_V11NDc0lxudGbWQU_0024,${DATA_ROOT}/raw/mucs2021/train/V11NDc0lxudGbWQU.wav,149.0,154.0,5.0,मैं इसे अभी के लिए डिलीट कर दूँगा और यह करने के लिए मैं जाचूँगा यदि submit बटन दबाया गया है,hi,rvc,rvc_903756_00444.wav,4644
445,903756,975912,train,975912_1eNS3GaW1oHHurL4_0023,${DATA_ROOT}/raw/mucs2021/train/1eNS3GaW1oHHurL4.wav,166.0,179.0,13.0,ओके हमें php dot ini में smtp सेट करने की आवश्यकता है,hi,rvc,rvc_903756_00445.wav,4645
446,903756,987461,train,987461_LSRBJiHdUoHm4BTI_0024,${DATA_ROOT}/raw/mucs2021/train/LSRBJiHdUoHm4BTI.wav,188.0,197.0,9.0,उसी तरह यहाँ आप लिख सकते हैं or die आप यहाँ अपना एरर मैसेज जोड़ सकते हैं लेकिन समय बचाने के लिए मैं अभी नहीं कर रहा हूँ,hi,rvc,rvc_903756_00446.wav,4646
447,903756,996368,train,996368_n4ACC4gnqW0IM1wW_0023,${DATA_ROOT}/raw/mucs2021/train/n4ACC4gnqW0IM1wW.wav,165.0,170.0,5.0,सबसे पहले  comments about this file फिल्ड भरें,hi,rvc,rvc_903756_00447.wav,4647
448,903756,106718,train,106718_vE1rhq3ojNKZvQNv_0028,${DATA_ROOT}/raw/mucs2021/train/vE1rhq3ojNKZvQNv.wav,137.0,140.0,3.0,line में दो handles हैं,hi,rvc,rvc_903756_00448.wav,4648
449,903756,142970,train,142970_DP5j8CLDeL6HHHSX_0024,${DATA_ROOT}/raw/mucs2021/train/DP5j8CLDeL6HHHSX.wav,142.0,157.0,15.0,जब तक मैं शून्य से शुरुआत करता हूँ मैं यहाँ स्ट्रिंग लेन्थ डाल सकता हूँ या माफ़ कीजिए लेन्थ और जैसे ही हम रिफ्रेश करते हैं हमें पूरी स्ट्रिंग मिलती है,hi,rvc,rvc_903756_00449.wav,4649
450,903756,177570,train,177570_jSNK2zDaIvyZsMZp_0027,${DATA_ROOT}/raw/mucs2021/train/jSNK2zDaIvyZsMZp.wav,121.0,125.0,4.0,पहले निम्न टाइप करके file को निष्पादन के योग्य बनाते हैं,hi,rvc,rvc_903756_00450.wav,4650
451,903756,186783,train,186783_LFpbaXkb8HuQ6DnF_0026,${DATA_ROOT}/raw/mucs2021/train/LFpbaXkb8HuQ6DnF.wav,187.0,196.0,9.0,पहली लाइन में avalable की वर्तनी को सही करें आप सुधार पर ध्यान देंगे,hi,rvc,rvc_903756_00451.wav,4651
452,903756,205240,train,205240_F4KjmwYhWvnpSE0m_0025,${DATA_ROOT}/raw/mucs2021/train/F4KjmwYhWvnpSE0m.wav,153.0,162.0,9.0,कारण है कि एक बार जब उपयोगकर्ता अपना पासवर्ड बदल देता है यह लिंक उन्हें मुख्य पेज पर वापस ले जाएगा और यह सेशन नष्ट करेगा,hi,rvc,rvc_903756_00452.wav,4652
453,903756,322882,train,322882_XTscbPr78nzuHhuu_0027,${DATA_ROOT}/raw/mucs2021/train/XTscbPr78nzuHhuu.wav,163.0,168.0,5.0,इसमें कई उपयोगी options हैं जिनकी चर्चा एकएक करके करेंगे,hi,rvc,rvc_903756_00453.wav,4653
454,903756,413057,train,413057_aKSsdMqkPfUWyYeS_0024,${DATA_ROOT}/raw/mucs2021/train/aKSsdMqkPfUWyYeS.wav,161.0,164.0,3.0,यह referencing से करेंगे,hi,rvc,rvc_903756_00454.wav,4654
455,903756,445718,train,445718_H6Z2BkcyVtiuiN7A_0025,${DATA_ROOT}/raw/mucs2021/train/H6Z2BkcyVtiuiN7A.wav,158.0,164.0,6.0,यह statements बहुत ही लाभदायक होते हैं जब ढेर सारे data के साथ कार्य कर रहे हों,hi,rvc,rvc_903756_00455.wav,4655
456,903756,457295,train,457295_WgzliDtK6Htff0g2_0032,${DATA_ROOT}/raw/mucs2021/train/WgzliDtK6Htff0g2.wav,143.0,149.0,6.0,इसलिए अपना चित्र बनाने से पहले पेज का हाशिया set अप करना एक अच्छा अभ्यास है,hi,rvc,rvc_903756_00456.wav,4656
457,903756,539226,train,539226_vZGSoJPH1tbvsyCa_0025,${DATA_ROOT}/raw/mucs2021/train/vZGSoJPH1tbvsyCa.wav,223.0,230.0,7.0,मैं पूर्ण सुनिश्चित नहीं हूँकि एक md5 string कितनी लम्बी होती है किन्तु मैं length value = 100 लिखूँगा इसे सेव करें,hi,rvc,rvc_903756_00457.wav,4657
458,903756,539354,train,539354_C3MtnFEDrRkWHSvJ_0025,${DATA_ROOT}/raw/mucs2021/train/C3MtnFEDrRkWHSvJ.wav,149.0,156.0,7.0,ध्यान देने योग्य कुछ महत्वपूर्ण बातें हैंlibrary code में space नहीं होना चाहिए,hi,rvc,rvc_903756_00458.wav,4658
459,903756,541304,train,541304_cyhxRWI0LoKYZvcw_0026,${DATA_ROOT}/raw/mucs2021/train/cyhxRWI0LoKYZvcw.wav,192.0,199.0,7.0,दूसरे option पर click करें: use wizard to create form,hi,rvc,rvc_903756_00459.wav,4659
460,903756,584991,train,584991_1ijxO93RTIJh2Rzv_0025,${DATA_ROOT}/raw/mucs2021/train/1ijxO93RTIJh2Rzv.wav,138.0,144.0,6.0,fill dropdown menu से bitmap option चुनें,hi,rvc,rvc_903756_00460.wav,4660
461,903756,634568,train,634568_jCgweujQVV5haVF1_0027,${DATA_ROOT}/raw/mucs2021/train/jCgweujQVV5haVF1.wav,153.0,156.0,3.0,notes master view दिखता है,hi,rvc,rvc_903756_00461.wav,4661
462,903756,705494,train,705494_fZcxLszRnIHxmVQp_0025,${DATA_ROOT}/raw/mucs2021/train/fZcxLszRnIHxmVQp.wav,145.0,151.0,6.0,गति को medium set करें ok पर click करें,hi,rvc,rvc_903756_00462.wav,4662
463,903756,797767,train,797767_TRInoJRJxAX3qv5C_0024,${DATA_ROOT}/raw/mucs2021/train/TRInoJRJxAX3qv5C.wav,160.0,163.0,3.0,यह referencing से करेंगे,hi,rvc,rvc_903756_00463.wav,4663
464,903756,850754,train,850754_wOTMMvC3WQ5YQRAF_0027,${DATA_ROOT}/raw/mucs2021/train/wOTMMvC3WQ5YQRAF.wav,223.0,227.0,4.0,delete cells heading के साथ एक dialog box दिखाई देता है,hi,rvc,rvc_903756_00464.wav,4664
465,903756,870582,train,870582_crdH0AI5aH25bEXe_0025,${DATA_ROOT}/raw/mucs2021/train/crdH0AI5aH25bEXe.wav,133.0,137.0,4.0,अगला हमारा firstname है अतः मैं alex लिखूँगा,hi,rvc,rvc_903756_00465.wav,4665
466,903756,876898,train,876898_RyQSvr4r4iAMTYXq_0024,${DATA_ROOT}/raw/mucs2021/train/RyQSvr4r4iAMTYXq.wav,149.0,153.0,4.0,मैं style width और color भी बदलूँगा,hi,rvc,rvc_903756_00466.wav,4666
467,903756,893273,train,893273_8xh3ZKpPy5YhAnKX_0028,${DATA_ROOT}/raw/mucs2021/train/8xh3ZKpPy5YhAnKX.wav,124.0,130.0,6.0,remove पर क्लिक करके हम टाइप किए हुए शब्द या वाक्य मिटा सकते हैं,hi,rvc,rvc_903756_00467.wav,4667
468,903756,912184,train,912184_V11NDc0lxudGbWQU_0025,${DATA_ROOT}/raw/mucs2021/train/V11NDc0lxudGbWQU.wav,154.0,159.0,5.0,यह करने के लिए मैं पहले submit बटन को नाम दूँगा submit,hi,rvc,rvc_903756_00468.wav,4668
469,903756,975912,train,975912_1eNS3GaW1oHHurL4_0024,${DATA_ROOT}/raw/mucs2021/train/1eNS3GaW1oHHurL4.wav,179.0,185.0,6.0,और मेरी php dot ini फाइल खोलने के बजाय मैं ini set फंक्शन का उपयोग करूँगा,hi,rvc,rvc_903756_00469.wav,4669
470,903756,987461,train,987461_LSRBJiHdUoHm4BTI_0025,${DATA_ROOT}/raw/mucs2021/train/LSRBJiHdUoHm4BTI.wav,197.0,205.0,8.0,अब हम इसका उपयोग थोड़ा अलग करेंगे इससे पहले कि हम डेटा बेस में प्रत्येक रिकार्ड के माध्यम से while फंक्शन से लूप का उपयोग करें,hi,rvc,rvc_903756_00470.wav,4670
471,903756,996368,train,996368_n4ACC4gnqW0IM1wW_0024,${DATA_ROOT}/raw/mucs2021/train/n4ACC4gnqW0IM1wW.wav,170.0,175.0,5.0,यह अपलोड की गई फाइल को koha में पहचानने के लिए उपयोगी है,hi,rvc,rvc_903756_00471.wav,4671
472,903756,106718,train,106718_vE1rhq3ojNKZvQNv_0029,${DATA_ROOT}/raw/mucs2021/train/vE1rhq3ojNKZvQNv.wav,140.0,143.0,3.0,add line पर एक तीरशीर्ष जोड़ें,hi,rvc,rvc_903756_00472.wav,4672
473,903756,142970,train,142970_DP5j8CLDeL6HHHSX_0025,${DATA_ROOT}/raw/mucs2021/train/DP5j8CLDeL6HHHSX.wav,157.0,169.0,12.0,और मैं यह भी कर सकता हूँ कि यहाँ अंत में अपने नाम के लिए strlen माइनस 5 पूर्णविराम सहित लिख सकता हूँ तो मैं कह रहा हूँ माइनस 5,hi,rvc,rvc_903756_00473.wav,4673
474,903756,177570,train,177570_jSNK2zDaIvyZsMZp_0028,${DATA_ROOT}/raw/mucs2021/train/jSNK2zDaIvyZsMZp.wav,125.0,132.0,7.0,chmod space plus x space arg sh,hi,rvc,rvc_903756_00474.wav,4674
475,903756,186783,train,186783_LFpbaXkb8HuQ6DnF_0028,${DATA_ROOT}/raw/mucs2021/train/LFpbaXkb8HuQ6DnF.wav,198.0,210.0,12.0,it can be installed on all computers without restriction or needing to pay license fees to vendors,hi,rvc,rvc_903756_00475.wav,4675
476,903756,205240,train,205240_F4KjmwYhWvnpSE0m_0029,${DATA_ROOT}/raw/mucs2021/train/F4KjmwYhWvnpSE0m.wav,198.0,212.0,14.0,अब यदि मैं मेम्बर पेज पर वापस जाने की कोशिश करता हूँ आप देखेंगे you must be logged in हमारा सेशन नष्ट हो चुका है क्योंकि हमने यहाँ हमारा session destroy फंक्शन इस्तेमाल किया था,hi,rvc,rvc_903756_00476.wav,4676
477,903756,322882,train,322882_XTscbPr78nzuHhuu_0028,${DATA_ROOT}/raw/mucs2021/train/XTscbPr78nzuHhuu.wav,168.0,175.0,7.0,optimalऑप्शन पर क्लिक करके आपको document का अधिक अनुकूल दृश्य मिलता है,hi,rvc,rvc_903756_00477.wav,4677
478,903756,413057,train,413057_aKSsdMqkPfUWyYeS_0025,${DATA_ROOT}/raw/mucs2021/train/aKSsdMqkPfUWyYeS.wav,164.0,173.0,9.0,cell b3 में cell reference बनाने के लिए input line के आगे equal to चिह्न पर click करें,hi,rvc,rvc_903756_00478.wav,4678
479,903756,445718,train,445718_H6Z2BkcyVtiuiN7A_0026,${DATA_ROOT}/raw/mucs2021/train/H6Z2BkcyVtiuiN7A.wav,164.0,175.0,11.0,कंडिशन के अनुसार जो सही है वो उत्तर प्रिंट करवाने के लिए आप डेटा पर if और or कंडिशन इस्तेमाल कर सकते हैं,hi,rvc,rvc_903756_00479.wav,4679
480,903756,457295,train,457295_WgzliDtK6Htff0g2_0033,${DATA_ROOT}/raw/mucs2021/train/WgzliDtK6Htff0g2.wav,149.0,155.0,6.0,पुनः main menu से format चुनें और page पर click करें,hi,rvc,rvc_903756_00480.wav,4680
481,903756,539226,train,539226_vZGSoJPH1tbvsyCa_0026,${DATA_ROOT}/raw/mucs2021/train/vZGSoJPH1tbvsyCa.wav,230.0,240.0,10.0,मैं मेरा टेबल ब्राउज़ करने जा रहा हूँ फिर मैं वापस जाता हूँ और फिर से रजिस्टर करता हूँ,hi,rvc,rvc_903756_00481.wav,4681
482,903756,539354,train,539354_C3MtnFEDrRkWHSvJ_0026,${DATA_ROOT}/raw/mucs2021/train/C3MtnFEDrRkWHSvJ.wav,156.0,160.0,4.0,और यह 10 अक्षरों से कम होना चाहिए,hi,rvc,rvc_903756_00482.wav,4682
483,903756,541304,train,541304_cyhxRWI0LoKYZvcw_0027,${DATA_ROOT}/raw/mucs2021/train/cyhxRWI0LoKYZvcw.wav,199.0,206.0,7.0,अब हम एक नई window देखते हैं जो कि libreoffice writer window के समान है,hi,rvc,rvc_903756_00483.wav,4683
484,903756,584991,train,584991_1ijxO93RTIJh2Rzv_0026,${DATA_ROOT}/raw/mucs2021/train/1ijxO93RTIJh2Rzv.wav,144.0,149.0,5.0,options की सूची से blank चुनें और ok click करें,hi,rvc,rvc_903756_00484.wav,4684
485,903756,634568,train,634568_jCgweujQVV5haVF1_0028,${DATA_ROOT}/raw/mucs2021/train/jCgweujQVV5haVF1.wav,156.0,160.0,4.0,ध्यान दें दो slides प्रदर्शित होती हैं,hi,rvc,rvc_903756_00485.wav,4685
486,903756,705494,train,705494_fZcxLszRnIHxmVQp_0026,${DATA_ROOT}/raw/mucs2021/train/fZcxLszRnIHxmVQp.wav,151.0,156.0,5.0,ध्यान दें कि यह animation box में जोड़ दिया गया है,hi,rvc,rvc_903756_00486.wav,4686
487,903756,797767,train,797767_TRInoJRJxAX3qv5C_0025,${DATA_ROOT}/raw/mucs2021/train/TRInoJRJxAX3qv5C.wav,163.0,172.0,9.0,cell b3 में cell reference बनाने के लिए input line के आगे equal to चिह्न पर click करें,hi,rvc,rvc_903756_00487.wav,4687
488,903756,850754,train,850754_wOTMMvC3WQ5YQRAF_0028,${DATA_ROOT}/raw/mucs2021/train/wOTMMvC3WQ5YQRAF.wav,227.0,233.0,6.0,अब shift cells up option पर click करें और फिर ok button पर click करें,hi,rvc,rvc_903756_00488.wav,4688
489,903756,870582,train,870582_crdH0AI5aH25bEXe_0026,${DATA_ROOT}/raw/mucs2021/train/crdH0AI5aH25bEXe.wav,137.0,140.0,3.0,मेरा lastname मैं garret लिखूँगा,hi,rvc,rvc_903756_00489.wav,4689
490,903756,876898,train,876898_RyQSvr4r4iAMTYXq_0025,${DATA_ROOT}/raw/mucs2021/train/RyQSvr4r4iAMTYXq.wav,153.0,157.0,4.0,फिर से प्रीव्यू window में बदलाव पर ध्यान दें,hi,rvc,rvc_903756_00490.wav,4690
491,903756,893273,train,893273_8xh3ZKpPy5YhAnKX_0029,${DATA_ROOT}/raw/mucs2021/train/8xh3ZKpPy5YhAnKX.wav,130.0,137.0,7.0,शब्द या वाक्य को सेव करने के लिए done पर क्लिक करें और आंतरिक मेन्यू पर लौटें,hi,rvc,rvc_903756_00491.wav,4691
492,903756,912184,train,912184_V11NDc0lxudGbWQU_0026,${DATA_ROOT}/raw/mucs2021/train/V11NDc0lxudGbWQU.wav,159.0,171.0,12.0,फिर मैं if स्टेटमेंटstatement में टाइप करूँगा if dollar underscore post submit,hi,rvc,rvc_903756_00492.wav,4692
493,903756,975912,train,975912_1eNS3GaW1oHHurL4_0025,${DATA_ROOT}/raw/mucs2021/train/1eNS3GaW1oHHurL4.wav,185.0,192.0,7.0,और वेरिएबल नेम है smtp,hi,rvc,rvc_903756_00493.wav,4693
494,903756,987461,train,987461_LSRBJiHdUoHm4BTI_0027,${DATA_ROOT}/raw/mucs2021/train/LSRBJiHdUoHm4BTI.wav,221.0,230.0,9.0,हम old password db  सेट करेंगे जो कि नया बेरिएबल नाम है पुराने पासवर्ड के साथ यह गलती मत करना जो सब्मिट किया गया है,hi,rvc,rvc_903756_00494.wav,4694
495,903756,996368,train,996368_n4ACC4gnqW0IM1wW_0025,${DATA_ROOT}/raw/mucs2021/train/n4ACC4gnqW0IM1wW.wav,175.0,178.0,3.0,मैं  book data प्रविष्ट करूंगी,hi,rvc,rvc_903756_00495.wav,4695
496,903756,106718,train,106718_vE1rhq3ojNKZvQNv_0031,${DATA_ROOT}/raw/mucs2021/train/vE1rhq3ojNKZvQNv.wav,145.0,150.0,5.0,context menu को देखने के लिए right click करें और line पर click करें,hi,rvc,rvc_903756_00496.wav,4696
497,903756,142970,train,142970_DP5j8CLDeL6HHHSX_0026,${DATA_ROOT}/raw/mucs2021/train/DP5j8CLDeL6HHHSX.wav,169.0,173.0,4.0,तो यह लेन्थ में से 5 निकाल देगा और सिर्फ my name is एको करेगा,hi,rvc,rvc_903756_00497.wav,4697
498,903756,177570,train,177570_jSNK2zDaIvyZsMZp_0030,${DATA_ROOT}/raw/mucs2021/train/jSNK2zDaIvyZsMZp.wav,134.0,138.0,4.0,arg type करें dot slash arg sh,hi,rvc,rvc_903756_00498.wav,4698
499,903756,186783,train,186783_LFpbaXkb8HuQ6DnF_0029,${DATA_ROOT}/raw/mucs2021/train/LFpbaXkb8HuQ6DnF.wav,210.0,219.0,9.0,ध्यान दें कि विलोपन डिलीशन लाइन को वास्तव में डिलीट नहीं करता लेकिन इसे विलोपन के लिए सूचित लाइन के रूप में चिन्हित करता है,hi,rvc,rvc_903756_00499.wav,4699
500,903756,205240,train,205240_F4KjmwYhWvnpSE0m_0030,${DATA_ROOT}/raw/mucs2021/train/F4KjmwYhWvnpSE0m.wav,212.0,223.0,11.0,और साथ ही जब मैं फिर से लॉगिन करता हूँ और मेरे पासवर्ड के लिए abc टाइप करता हूँ जोकि मेरा पुराना पासवर्ड है हमें एक incorrect password सूचना मिलती है,hi,rvc,rvc_903756_00500.wav,4700
501,322882,106718,train,106718_vE1rhq3ojNKZvQNv_0033,${DATA_ROOT}/raw/mucs2021/train/vE1rhq3ojNKZvQNv.wav,159.0,163.0,4.0,यह उपलब्ध arrow styles प्रदर्शित करता है,hi,rvc,rvc_322882_00501.wav,4701
502,322882,142970,train,142970_DP5j8CLDeL6HHHSX_0028,${DATA_ROOT}/raw/mucs2021/train/DP5j8CLDeL6HHHSX.wav,176.0,183.0,7.0,तो यह दो फंक्शंस बहुउपयोगी हैं और strlen  का इस्तेमाल करके जोकि यहाँ mb  सबस्ट्रिंग के लिए लागू होता है,hi,rvc,rvc_322882_00502.wav,4702
503,322882,177570,train,177570_jSNK2zDaIvyZsMZp_0033,${DATA_ROOT}/raw/mucs2021/train/jSNK2zDaIvyZsMZp.wav,146.0,153.0,7.0,अब अपने editor पर वापस आते हैं और यहाँ प्रदर्शित तीन लाइनें type करें,hi,rvc,rvc_322882_00503.wav,4703
504,322882,186783,train,186783_LFpbaXkb8HuQ6DnF_0031,${DATA_ROOT}/raw/mucs2021/train/LFpbaXkb8HuQ6DnF.wav,223.0,228.0,5.0,deleted sriranjani: विलोपन की तारीख और समय के साथ,hi,rvc,rvc_322882_00504.wav,4704
505,322882,205240,train,205240_F4KjmwYhWvnpSE0m_0032,${DATA_ROOT}/raw/mucs2021/train/F4KjmwYhWvnpSE0m.wav,230.0,239.0,9.0,अब वापस जाते हैं और browse पर क्लिक करते हैं नीचे स्क्रोल करते हैं और हम देख सकते हैं कि पासवर्ड 900 से 202 में बदल चुका है,hi,rvc,rvc_322882_00505.wav,4705
506,322882,413057,train,413057_aKSsdMqkPfUWyYeS_0028,${DATA_ROOT}/raw/mucs2021/train/aKSsdMqkPfUWyYeS.wav,187.0,195.0,8.0,ध्यान दें कि input line में statement sheet 1 dot c9 प्रदर्शित होता है,hi,rvc,rvc_322882_00506.wav,4706
507,322882,445718,train,445718_H6Z2BkcyVtiuiN7A_0030,${DATA_ROOT}/raw/mucs2021/train/H6Z2BkcyVtiuiN7A.wav,205.0,208.0,3.0,या अन्यथा negative प्रदर्शित होगा,hi,rvc,rvc_322882_00507.wav,4707
508,322882,457295,train,457295_WgzliDtK6Htff0g2_0037,${DATA_ROOT}/raw/mucs2021/train/WgzliDtK6Htff0g2.wav,165.0,168.0,3.0,यह मूल हाशिया है जो हमने set किया था,hi,rvc,rvc_322882_00508.wav,4708
509,322882,539226,train,539226_vZGSoJPH1tbvsyCa_0029,${DATA_ROOT}/raw/mucs2021/train/vZGSoJPH1tbvsyCa.wav,257.0,267.0,10.0,अब चलिए अपना डेटाबेस फिर से जाँचते हैं यह पहले से ही लम्बा दिख रहा है यह कटके छोटा नहीं हुआ है क्योंकि मैंने इसकी लम्बाई बदल दी थी,hi,rvc,rvc_322882_00509.wav,4709
510,322882,539354,train,539354_C3MtnFEDrRkWHSvJ_0029,${DATA_ROOT}/raw/mucs2021/train/C3MtnFEDrRkWHSvJ.wav,178.0,181.0,3.0,मैंने यहां दिखाए गए अनुसार विवरण भर दिए हैं,hi,rvc,rvc_322882_00510.wav,4710
511,322882,541304,train,541304_cyhxRWI0LoKYZvcw_0030,${DATA_ROOT}/raw/mucs2021/train/cyhxRWI0LoKYZvcw.wav,220.0,226.0,6.0,बायीं ओर 8 steps का ध्यान रखें जिनके माध्यम से हमें कार्य करना होगा,hi,rvc,rvc_322882_00511.wav,4711
512,322882,584991,train,584991_1ijxO93RTIJh2Rzv_0029,${DATA_ROOT}/raw/mucs2021/train/1ijxO93RTIJh2Rzv.wav,158.0,163.0,5.0,हमेशा ऐसा रंग चुनें जो उसके background के सामने साफ़ दिखाई दे,hi,rvc,rvc_322882_00512.wav,4712
513,322882,634568,train,634568_jCgweujQVV5haVF1_0031,${DATA_ROOT}/raw/mucs2021/train/jCgweujQVV5haVF1.wav,171.0,178.0,7.0,आप यहाँ formatting प्राथमिकता निर्धारित कर सकते हैं जोकि बाद में प्रस्तुति में सभी notes पर लागू होगी,hi,rvc,rvc_322882_00513.wav,4713
514,322882,705494,train,705494_fZcxLszRnIHxmVQp_0029,${DATA_ROOT}/raw/mucs2021/train/fZcxLszRnIHxmVQp.wav,167.0,171.0,4.0,आप प्रिव्यू के लिए एक से भी अधिक animation चुन सकते हैं,hi,rvc,rvc_322882_00514.wav,4714
515,322882,797767,train,797767_TRInoJRJxAX3qv5C_0028,${DATA_ROOT}/raw/mucs2021/train/TRInoJRJxAX3qv5C.wav,186.0,193.0,7.0,ध्यान दें कि input line में statement sheet 1 dot c9 प्रदर्शित होता है,hi,rvc,rvc_322882_00515.wav,4715
516,322882,850754,train,850754_wOTMMvC3WQ5YQRAF_0031,${DATA_ROOT}/raw/mucs2021/train/wOTMMvC3WQ5YQRAF.wav,248.0,258.0,10.0,उदाहरण के लिए यदि आपको row डिलीट करनी है जिसमें laundry लिखा है पहले उस cell को चुनें जिसमें उसका serial number है जो है 6,hi,rvc,rvc_322882_00516.wav,4716
517,322882,870582,train,870582_crdH0AI5aH25bEXe_0030,${DATA_ROOT}/raw/mucs2021/train/crdH0AI5aH25bEXe.wav,159.0,165.0,6.0,अतः 23rd पर क्लिक करने पर हम इस फील्ड के द्वारा ली गयी संरचना देख सकते हैं,hi,rvc,rvc_322882_00517.wav,4717
518,322882,876898,train,876898_RyQSvr4r4iAMTYXq_0028,${DATA_ROOT}/raw/mucs2021/train/RyQSvr4r4iAMTYXq.wav,166.0,172.0,6.0,इसे अचयनित कर सकते हैं और आवश्यकता के अनुसार margin का स्पेस बदल सकते हैं,hi,rvc,rvc_322882_00518.wav,4718
519,322882,893273,train,893273_8xh3ZKpPy5YhAnKX_0032,${DATA_ROOT}/raw/mucs2021/train/8xh3ZKpPy5YhAnKX.wav,146.0,152.0,6.0,आपकी चुनी हुई भाषा में टक्स टाइपिंग इंटरफेस और पाठ प्रदर्शित होंगे,hi,rvc,rvc_322882_00519.wav,4719
520,322882,903756,train,903756_K3X6AGezGWAoDe1q_0032,${DATA_ROOT}/raw/mucs2021/train/K3X6AGezGWAoDe1q.wav,194.0,197.0,3.0,अतः query है:,hi,rvc,rvc_322882_00520.wav,4720
521,322882,912184,train,912184_V11NDc0lxudGbWQU_0029,${DATA_ROOT}/raw/mucs2021/train/V11NDc0lxudGbWQU.wav,182.0,188.0,6.0,यह यहाँ इस कर्लीcurly कोष्ठक के बाद है क्योंकि यह यहाँ हमारे while स्टेटमेंटstatementका एक भाग है,hi,rvc,rvc_322882_00521.wav,4721
522,322882,975912,train,975912_1eNS3GaW1oHHurL4_0028,${DATA_ROOT}/raw/mucs2021/train/1eNS3GaW1oHHurL4.wav,200.0,205.0,5.0,यहाँ हम echo get ini लिखते हैं जिसे एक विशेष वेल्यू मिलती है,hi,rvc,rvc_322882_00522.wav,4722
523,322882,987461,train,987461_LSRBJiHdUoHm4BTI_0030,${DATA_ROOT}/raw/mucs2021/train/LSRBJiHdUoHm4BTI.wav,238.0,246.0,8.0,अतः यह वेल्यू  password है  क्योंकि यहाँ हमारे डेटा बेस के अंदर यह password  है आपको लेबल्स का उपयोग करने की आवश्यकता है,hi,rvc,rvc_322882_00523.wav,4723
524,322882,996368,train,996368_n4ACC4gnqW0IM1wW_0028,${DATA_ROOT}/raw/mucs2021/train/n4ACC4gnqW0IM1wW.wav,193.0,198.0,5.0,फिर section look for existing records in catalog पर आएँ,hi,rvc,rvc_322882_00524.wav,4724
525,322882,106718,train,106718_vE1rhq3ojNKZvQNv_0034,${DATA_ROOT}/raw/mucs2021/train/vE1rhq3ojNKZvQNv.wav,163.0,166.0,3.0,arrow named पहले option को चुनें,hi,rvc,rvc_322882_00525.wav,4725
526,322882,142970,train,142970_DP5j8CLDeL6HHHSX_0029,${DATA_ROOT}/raw/mucs2021/train/DP5j8CLDeL6HHHSX.wav,183.0,187.0,4.0,ठीक है अतः अगला फंक्शन जो हम देखेंगे वह है  explode,hi,rvc,rvc_322882_00526.wav,4726
527,322882,177570,train,177570_jSNK2zDaIvyZsMZp_0034,${DATA_ROOT}/raw/mucs2021/train/jSNK2zDaIvyZsMZp.wav,153.0,160.0,7.0,dollar 1 command line से program को passed किये हुए पहले argument को दर्शाता है,hi,rvc,rvc_322882_00527.wav,4727
528,322882,186783,train,186783_LFpbaXkb8HuQ6DnF_0032,${DATA_ROOT}/raw/mucs2021/train/LFpbaXkb8HuQ6DnF.wav,228.0,240.0,12.0,इस तरह  डॉक्युमेट में मौजूद टेक्स्ट को जोड़कर डिलीट करके या बदलाव करके डॉक्युमेंट में संसोधन किया जा सकता है,hi,rvc,rvc_322882_00528.wav,4728
529,322882,205240,train,205240_F4KjmwYhWvnpSE0m_0033,${DATA_ROOT}/raw/mucs2021/train/F4KjmwYhWvnpSE0m.wav,239.0,246.0,7.0,इसलिए यह एक बिलकुल नया हैश है और एक बिलकुल नया पासवर्ड,hi,rvc,rvc_322882_00529.wav,4729
530,322882,413057,train,413057_aKSsdMqkPfUWyYeS_0029,${DATA_ROOT}/raw/mucs2021/train/aKSsdMqkPfUWyYeS.wav,195.0,200.0,5.0,अब input line के आगे check mark पर click करें,hi,rvc,rvc_322882_00530.wav,4730
531,322882,445718,train,445718_H6Z2BkcyVtiuiN7A_0031,${DATA_ROOT}/raw/mucs2021/train/H6Z2BkcyVtiuiN7A.wav,208.0,211.0,3.0,अब enter दबाएँ,hi,rvc,rvc_322882_00531.wav,4731
532,322882,457295,train,457295_WgzliDtK6Htff0g2_0038,${DATA_ROOT}/raw/mucs2021/train/WgzliDtK6Htff0g2.wav,168.0,172.0,4.0,ok पर click करें,hi,rvc,rvc_322882_00532.wav,4732
533,322882,539226,train,539226_vZGSoJPH1tbvsyCa_0030,${DATA_ROOT}/raw/mucs2021/train/vZGSoJPH1tbvsyCa.wav,267.0,273.0,6.0,अतः अब जब मैं फिर से लॉगिन करने की कोशिश करता हूँ और मैं यह ठीक से टाइप करता हूँ,hi,rvc,rvc_322882_00533.wav,4733
534,322882,539354,train,539354_C3MtnFEDrRkWHSvJ_0030,${DATA_ROOT}/raw/mucs2021/train/C3MtnFEDrRkWHSvJ.wav,181.0,188.0,7.0,यदि आपके पास सूचीबद्ध किसी भी field की जानकारी नहीं है तो इसे खाली छोड़ दें,hi,rvc,rvc_322882_00534.wav,4734
535,322882,541304,train,541304_cyhxRWI0LoKYZvcw_0031,${DATA_ROOT}/raw/mucs2021/train/cyhxRWI0LoKYZvcw.wav,226.0,233.0,7.0,हम step 1 पर हैं जो कि field selection है,hi,rvc,rvc_322882_00535.wav,4735
536,322882,584991,train,584991_1ijxO93RTIJh2Rzv_0030,${DATA_ROOT}/raw/mucs2021/train/1ijxO93RTIJh2Rzv.wav,163.0,172.0,9.0,text का रंग काले में बदलें यह सफेद background के सामने text को स्पष्ट रूप से दिखाई देने लायक बनायेगा,hi,rvc,rvc_322882_00536.wav,4736
537,322882,634568,train,634568_jCgweujQVV5haVF1_0032,${DATA_ROOT}/raw/mucs2021/train/jCgweujQVV5haVF1.wav,178.0,181.0,3.0,slides pane से पहली slides चुनें,hi,rvc,rvc_322882_00537.wav,4737
538,322882,705494,train,705494_fZcxLszRnIHxmVQp_0030,${DATA_ROOT}/raw/mucs2021/train/fZcxLszRnIHxmVQp.wav,171.0,177.0,6.0,यह करने के लिए shift की पकड़कर रखें जब animation चुन रहे to,hi,rvc,rvc_322882_00538.wav,4738
539,322882,797767,train,797767_TRInoJRJxAX3qv5C_0029,${DATA_ROOT}/raw/mucs2021/train/TRInoJRJxAX3qv5C.wav,193.0,198.0,5.0,अब input line के आगे check mark पर click करें,hi,rvc,rvc_322882_00539.wav,4739
540,322882,850754,train,850754_wOTMMvC3WQ5YQRAF_0032,${DATA_ROOT}/raw/mucs2021/train/wOTMMvC3WQ5YQRAF.wav,258.0,273.0,15.0,अब इस cell पर left mouse button से click करके पूरी row पर drag करें या तो उस row number पर click करें जिसे डिलीट करना है पूरी row चिन्हांकित होती है,hi,rvc,rvc_322882_00540.wav,4740
541,322882,870582,train,870582_crdH0AI5aH25bEXe_0033,${DATA_ROOT}/raw/mucs2021/train/crdH0AI5aH25bEXe.wav,168.0,174.0,6.0,अतः 2009 02 23 जोकि 2nd की 23rd 2009 है,hi,rvc,rvc_322882_00541.wav,4741
542,322882,876898,train,876898_RyQSvr4r4iAMTYXq_0029,${DATA_ROOT}/raw/mucs2021/train/RyQSvr4r4iAMTYXq.wav,172.0,179.0,7.0,मैं top और bottom margins 14pt तक बदलूँगा,hi,rvc,rvc_322882_00542.wav,4742
543,322882,893273,train,893273_8xh3ZKpPy5YhAnKX_0033,${DATA_ROOT}/raw/mucs2021/train/8xh3ZKpPy5YhAnKX.wav,152.0,158.0,6.0,फिर भी फिलहाल टक्स टाइपिंग अन्य भाषाओं में पाठों का समर्थन नहीं करता,hi,rvc,rvc_322882_00543.wav,4743
544,322882,903756,train,903756_K3X6AGezGWAoDe1q_0034,${DATA_ROOT}/raw/mucs2021/train/K3X6AGezGWAoDe1q.wav,215.0,228.0,13.0,on b bookid = i bookid,hi,rvc,rvc_322882_00544.wav,4744
545,322882,912184,train,912184_V11NDc0lxudGbWQU_0030,${DATA_ROOT}/raw/mucs2021/train/V11NDc0lxudGbWQU.wav,188.0,197.0,9.0,वास्तव में इसके लिए हमें हमारी while स्टेटमेंटstatement की आवश्यकता नहीं है किन्तु फिर भी मैं इसकी खातिर इसको रखूँगा,hi,rvc,rvc_322882_00545.wav,4745
546,322882,975912,train,975912_1eNS3GaW1oHHurL4_0029,${DATA_ROOT}/raw/mucs2021/train/1eNS3GaW1oHHurL4.wav,205.0,210.0,5.0,आगे मैं smtp लिखूँगा और वह यहाँ स्क्रिप्ट को नष्ट कर सकता है,hi,rvc,rvc_322882_00546.wav,4746
547,322882,987461,train,987461_LSRBJiHdUoHm4BTI_0032,${DATA_ROOT}/raw/mucs2021/train/LSRBJiHdUoHm4BTI.wav,248.0,256.0,8.0,अपना पुराना पासवर्ड और नया पासवर्ड चेक करना एक सरल if स्टेटमेंट है,hi,rvc,rvc_322882_00547.wav,4747
548,322882,996368,train,996368_n4ACC4gnqW0IM1wW_0029,${DATA_ROOT}/raw/mucs2021/train/n4ACC4gnqW0IM1wW.wav,198.0,207.0,9.0,इस section में  record matching rule पर जाएँ,hi,rvc,rvc_322882_00548.wav,4748
549,322882,106718,train,106718_vE1rhq3ojNKZvQNv_0036,${DATA_ROOT}/raw/mucs2021/train/vE1rhq3ojNKZvQNv.wav,168.0,172.0,4.0,यह line के दोनों अंत भागों पर thisशीर्ष की चुनित स्टाइल को जोड़ेगा,hi,rvc,rvc_322882_00549.wav,4749
550,322882,142970,train,142970_DP5j8CLDeL6HHHSX_0030,${DATA_ROOT}/raw/mucs2021/train/DP5j8CLDeL6HHHSX.wav,187.0,193.0,6.0,अब explode  एक स्ट्रिंग लेगा जैसे कि यहाँ हमारे पास है,hi,rvc,rvc_322882_00550.wav,4750
551,322882,177570,train,177570_jSNK2zDaIvyZsMZp_0035,${DATA_ROOT}/raw/mucs2021/train/jSNK2zDaIvyZsMZp.wav,160.0,164.0,4.0,dollar 2 program को passed किये गए दूसरे argument को दर्शाता है,hi,rvc,rvc_322882_00551.wav,4751
552,322882,186783,train,186783_LFpbaXkb8HuQ6DnF_0033,${DATA_ROOT}/raw/mucs2021/train/LFpbaXkb8HuQ6DnF.wav,240.0,243.0,3.0,एक से अधिक व्यक्ति समान डॉक्युमेंट को संपादित कर सकते हैं,hi,rvc,rvc_322882_00552.wav,4752
553,322882,205240,train,205240_F4KjmwYhWvnpSE0m_0034,${DATA_ROOT}/raw/mucs2021/train/F4KjmwYhWvnpSE0m.wav,246.0,251.0,5.0,अतः सब कुछ ठीक कार्य कर रहा है आप देख सकते हैं कि यह करने में काफी सरल है,hi,rvc,rvc_322882_00553.wav,4753
554,322882,413057,train,413057_aKSsdMqkPfUWyYeS_0030,${DATA_ROOT}/raw/mucs2021/train/aKSsdMqkPfUWyYeS.wav,200.0,214.0,14.0,ध्यान दें कि sheet 1 में costs के नीचे data का कुल योग sheet 2  टैब में b3 से उल्लिखित cell में अपने आप प्रविष्ट हो गया है,hi,rvc,rvc_322882_00554.wav,4754
555,322882,445718,train,445718_H6Z2BkcyVtiuiN7A_0032,${DATA_ROOT}/raw/mucs2021/train/H6Z2BkcyVtiuiN7A.wav,211.0,219.0,8.0,ध्यान दें कि उत्तर positive है क्योंकि रूपये 6000 रूपये 800 से अधिक हैं,hi,rvc,rvc_322882_00555.wav,4755
556,322882,457295,train,457295_WgzliDtK6Htff0g2_0039,${DATA_ROOT}/raw/mucs2021/train/WgzliDtK6Htff0g2.wav,172.0,175.0,3.0,चित्र हाशिया के अंदर रखा है,hi,rvc,rvc_322882_00556.wav,4756
557,322882,539226,train,539226_vZGSoJPH1tbvsyCa_0031,${DATA_ROOT}/raw/mucs2021/train/vZGSoJPH1tbvsyCa.wav,273.0,283.0,10.0,हम लॉगिन कर सकते हैं और हम अंदर हैं ठीक है तो स्ट्रिंग की लम्बाई जैसी चीज़ों को जाँचिये,hi,rvc,rvc_322882_00557.wav,4757
558,322882,539354,train,539354_C3MtnFEDrRkWHSvJ_0031,${DATA_ROOT}/raw/mucs2021/train/C3MtnFEDrRkWHSvJ.wav,188.0,193.0,5.0,इसी प्रकार इस पेज पर अपनी librarys के विवरण भरें,hi,rvc,rvc_322882_00558.wav,4758
559,322882,541304,train,541304_cyhxRWI0LoKYZvcw_0032,${DATA_ROOT}/raw/mucs2021/train/cyhxRWI0LoKYZvcw.wav,233.0,243.0,10.0,और यहाँ दायीं ओर पर tables or queries नामक drop down से tablesbooks चुनें,hi,rvc,rvc_322882_00559.wav,4759
560,322882,584991,train,584991_1ijxO93RTIJh2Rzv_0031,${DATA_ROOT}/raw/mucs2021/train/1ijxO93RTIJh2Rzv.wav,172.0,175.0,3.0,पहले text चुनें,hi,rvc,rvc_322882_00560.wav,4760
561,322882,634568,train,634568_jCgweujQVV5haVF1_0033,${DATA_ROOT}/raw/mucs2021/train/jCgweujQVV5haVF1.wav,181.0,188.0,7.0,notes place holder पर click करें और उस पर प्रदर्शित text को चुनें,hi,rvc,rvc_322882_00561.wav,4761
562,322882,705494,train,705494_fZcxLszRnIHxmVQp_0031,${DATA_ROOT}/raw/mucs2021/train/fZcxLszRnIHxmVQp.wav,177.0,185.0,8.0,play पर click करें आपके द्वारा चुनित सभी animations का प्रिव्यू play होता है,hi,rvc,rvc_322882_00562.wav,4762
563,322882,797767,train,797767_TRInoJRJxAX3qv5C_0030,${DATA_ROOT}/raw/mucs2021/train/TRInoJRJxAX3qv5C.wav,198.0,213.0,15.0,ध्यान दें कि sheet 1 में costs के नीचे data का कुल योग sheet 2  टैब में b3 से उल्लिखित cell में अपने आप प्रविष्ट हो गया है,hi,rvc,rvc_322882_00563.wav,4763
564,322882,850754,train,850754_wOTMMvC3WQ5YQRAF_0033,${DATA_ROOT}/raw/mucs2021/train/wOTMMvC3WQ5YQRAF.wav,273.0,278.0,5.0,cell पर right click करें और फिर delete option पर click करें,hi,rvc,rvc_322882_00564.wav,4764
565,322882,870582,train,870582_crdH0AI5aH25bEXe_0034,${DATA_ROOT}/raw/mucs2021/train/crdH0AI5aH25bEXe.wav,174.0,185.0,11.0,अतः हम यहाँ क्या कर सकते हैं कि हम अपने डेटdate फंक्शन की संरचना बड़े y m और फिर d में कर सकते हैं संरचना जैसी हमें चाहिए उसे पाने के लिए हम इसके बीच में योजक चिह्न का उपयोग कर सकते हैं,hi,rvc,rvc_322882_00565.wav,4765
566,322882,876898,train,876898_RyQSvr4r4iAMTYXq_0030,${DATA_ROOT}/raw/mucs2021/train/RyQSvr4r4iAMTYXq.wav,179.0,183.0,4.0,मैं आपको खुद से विविध shadow styles का पता लगाने के लिए छोड़ता हूँ,hi,rvc,rvc_322882_00566.wav,4766
567,322882,893273,train,893273_8xh3ZKpPy5YhAnKX_0035,${DATA_ROOT}/raw/mucs2021/train/8xh3ZKpPy5YhAnKX.wav,160.0,164.0,4.0,main menu पर क्लिक करें,hi,rvc,rvc_322882_00567.wav,4767
568,322882,903756,train,903756_K3X6AGezGWAoDe1q_0035,${DATA_ROOT}/raw/mucs2021/train/K3X6AGezGWAoDe1q.wav,228.0,235.0,7.0,from वाक्यांश में अक्षर b और i पर ध्यान दीजिये,hi,rvc,rvc_322882_00568.wav,4768
569,322882,912184,train,912184_V11NDc0lxudGbWQU_0031,${DATA_ROOT}/raw/mucs2021/train/V11NDc0lxudGbWQU.wav,197.0,209.0,12.0,मैं अब grab post data और dollar firstname टाइप करूँगा,hi,rvc,rvc_322882_00569.wav,4769
570,322882,975912,train,975912_1eNS3GaW1oHHurL4_0031,${DATA_ROOT}/raw/mucs2021/train/1eNS3GaW1oHHurL4.wav,212.0,220.0,8.0,अतः मैं लिखता हूँ alex और फिर test और send me this पर क्लिक करता हूँ,hi,rvc,rvc_322882_00570.wav,4770
571,322882,987461,train,987461_LSRBJiHdUoHm4BTI_0033,${DATA_ROOT}/raw/mucs2021/train/LSRBJiHdUoHm4BTI.wav,256.0,265.0,9.0,डेटाबेस में टाइप करें if the old password is equal to the old password,hi,rvc,rvc_322882_00571.wav,4771
572,322882,996368,train,996368_n4ACC4gnqW0IM1wW_0030,${DATA_ROOT}/raw/mucs2021/train/n4ACC4gnqW0IM1wW.wav,207.0,220.0,13.0,यदि आप मौजूदा रिकॉर्ड्स से मेल करना चाहते हैं तो ड्रॉप डाउन से एक और ऑप्शन चुनें अर्थात  isbn/issn number,hi,rvc,rvc_322882_00572.wav,4772
573,322882,106718,train,106718_vE1rhq3ojNKZvQNv_0037,${DATA_ROOT}/raw/mucs2021/train/vE1rhq3ojNKZvQNv.wav,172.0,177.0,5.0,लेकिन हमें तीरशीर्ष केवल line के एक अंत भाग पर ही चाहिए,hi,rvc,rvc_322882_00573.wav,4773
574,322882,142970,train,142970_DP5j8CLDeL6HHHSX_0031,${DATA_ROOT}/raw/mucs2021/train/DP5j8CLDeL6HHHSX.wav,193.0,197.0,4.0,चलिए लिखते हैं 1 2 3 4 5,hi,rvc,rvc_322882_00574.wav,4774
575,322882,177570,train,177570_jSNK2zDaIvyZsMZp_0036,${DATA_ROOT}/raw/mucs2021/train/jSNK2zDaIvyZsMZp.wav,164.0,168.0,4.0,और dollar 3 तीसरे argument को दर्शाता है,hi,rvc,rvc_322882_00575.wav,4775
576,322882,186783,train,186783_LFpbaXkb8HuQ6DnF_0034,${DATA_ROOT}/raw/mucs2021/train/LFpbaXkb8HuQ6DnF.wav,243.0,252.0,9.0,लिबरऑफिस राइटर एक समीक्षक के कार्य को दूसरे से अलग करके पाठक की मदद के लिए प्रत्येक संपादन को भिन्न रंग में दर्शाएगा,hi,rvc,rvc_322882_00576.wav,4776
577,322882,205240,train,205240_F4KjmwYhWvnpSE0m_0035,${DATA_ROOT}/raw/mucs2021/train/F4KjmwYhWvnpSE0m.wav,251.0,258.0,7.0,आपको केवल इतना करना है कि अपनी sql क्वेरीस को ठीक से सीखना है मेरे पास इस पर भी ट्यूटोरियल्स हैं,hi,rvc,rvc_322882_00577.wav,4777
578,322882,413057,train,413057_aKSsdMqkPfUWyYeS_0031,${DATA_ROOT}/raw/mucs2021/train/aKSsdMqkPfUWyYeS.wav,214.0,221.0,7.0,उसी प्रकार से हम referencing के ज़रिये अन्य भागों के कुल योगों को प्रविष्ट कर सकते हैं,hi,rvc,rvc_322882_00578.wav,4778
579,322882,445718,train,445718_H6Z2BkcyVtiuiN7A_0033,${DATA_ROOT}/raw/mucs2021/train/H6Z2BkcyVtiuiN7A.wav,219.0,227.0,8.0,अब conditional statement में चलिए greater than को less than में बदलते हैं और enter की दबाएँ,hi,rvc,rvc_322882_00579.wav,4779
580,322882,457295,train,457295_WgzliDtK6Htff0g2_0040,${DATA_ROOT}/raw/mucs2021/train/WgzliDtK6Htff0g2.wav,175.0,180.0,5.0,आप draw पेज से भी page setup dialog box access कर सकते हैं,hi,rvc,rvc_322882_00580.wav,4780
581,322882,539226,train,539226_vZGSoJPH1tbvsyCa_0033,${DATA_ROOT}/raw/mucs2021/train/vZGSoJPH1tbvsyCa.wav,285.0,292.0,7.0,यदि आप चाहते हैं कि मैं इस ट्यूटोरियल को बढ़ाऊँ तो कृपया मुझे केवल अवगत कराएँ,hi,rvc,rvc_322882_00581.wav,4781
582,322882,539354,train,539354_C3MtnFEDrRkWHSvJ_0032,${DATA_ROOT}/raw/mucs2021/train/C3MtnFEDrRkWHSvJ.wav,193.0,200.0,7.0,address और phone विवरण का उपयोग बाद में आपकी library के लिए custom notices बनाने के लिए किया जा सकता है,hi,rvc,rvc_322882_00582.wav,4782
583,322882,541304,train,541304_cyhxRWI0LoKYZvcw_0033,${DATA_ROOT}/raw/mucs2021/train/cyhxRWI0LoKYZvcw.wav,243.0,249.0,6.0,इसके नीचे बायीं ओर पर हम available fields की एक सूची देखते हैं,hi,rvc,rvc_322882_00583.wav,4783
584,322882,584991,train,584991_1ijxO93RTIJh2Rzv_0032,${DATA_ROOT}/raw/mucs2021/train/1ijxO93RTIJh2Rzv.wav,175.0,179.0,4.0,main menu से format पर click करें और character चुनें,hi,rvc,rvc_322882_00584.wav,4784
585,322882,634568,train,634568_jCgweujQVV5haVF1_0034,${DATA_ROOT}/raw/mucs2021/train/jCgweujQVV5haVF1.wav,188.0,196.0,8.0,impress window के सबसे ऊपरी बाएँ कोने पर font size dropdown पर click करें और 32 चुनें,hi,rvc,rvc_322882_00585.wav,4785
586,322882,705494,train,705494_fZcxLszRnIHxmVQp_0032,${DATA_ROOT}/raw/mucs2021/train/fZcxLszRnIHxmVQp.wav,185.0,190.0,5.0,add तीसरे text box को चुनें layouts में add पर click करें,hi,rvc,rvc_322882_00586.wav,4786
587,322882,797767,train,797767_TRInoJRJxAX3qv5C_0031,${DATA_ROOT}/raw/mucs2021/train/TRInoJRJxAX3qv5C.wav,213.0,219.0,6.0,उसी प्रकार से हम referencing के ज़रिये अन्य भागों के कुल योगों को प्रविष्ट कर सकते हैं,hi,rvc,rvc_322882_00587.wav,4787
588,322882,850754,train,850754_wOTMMvC3WQ5YQRAF_0034,${DATA_ROOT}/raw/mucs2021/train/wOTMMvC3WQ5YQRAF.wav,278.0,283.0,5.0,delete cells नामक dialog box दिखाई देगा,hi,rvc,rvc_322882_00588.wav,4788
589,322882,870582,train,870582_crdH0AI5aH25bEXe_0035,${DATA_ROOT}/raw/mucs2021/train/crdH0AI5aH25bEXe.wav,185.0,189.0,4.0,अतः यह इस प्रकार रूप लेगा,hi,rvc,rvc_322882_00589.wav,4789
590,322882,876898,train,876898_RyQSvr4r4iAMTYXq_0032,${DATA_ROOT}/raw/mucs2021/train/RyQSvr4r4iAMTYXq.wav,185.0,190.0,5.0,यह चयनित स्टाइल को चुनित cells पर लागू करेगा,hi,rvc,rvc_322882_00590.wav,4790
591,322882,893273,train,893273_8xh3ZKpPy5YhAnKX_0036,${DATA_ROOT}/raw/mucs2021/train/8xh3ZKpPy5YhAnKX.wav,164.0,167.0,3.0,fish cascade बटन पर क्लिक करें,hi,rvc,rvc_322882_00591.wav,4791
592,322882,903756,train,903756_K3X6AGezGWAoDe1q_0036,${DATA_ROOT}/raw/mucs2021/train/K3X6AGezGWAoDe1q.wav,235.0,246.0,11.0,इन्हें aliases aliases कहते हैं जो बेहतर पठनीयता के लिए या तो विवरणात्मक या केवल एक अक्षर हो सकते हैं,hi,rvc,rvc_322882_00592.wav,4792
593,322882,912184,train,912184_V11NDc0lxudGbWQU_0032,${DATA_ROOT}/raw/mucs2021/train/V11NDc0lxudGbWQU.wav,209.0,220.0,11.0,अतः यह dollar underscore post firstname है और फिर मैं lastname टाइप करूँगा,hi,rvc,rvc_322882_00593.wav,4793
594,322882,975912,train,975912_1eNS3GaW1oHHurL4_0032,${DATA_ROOT}/raw/mucs2021/train/1eNS3GaW1oHHurL4.wav,220.0,232.0,12.0,ओह ! माफ कीजिए मैंने पूर्ण गलत टाइप कर दिया है बड़ी गलती वह है ini get और इसे रिफ्रेश करें,hi,rvc,rvc_322882_00594.wav,4794
595,322882,987461,train,987461_LSRBJiHdUoHm4BTI_0034,${DATA_ROOT}/raw/mucs2021/train/LSRBJiHdUoHm4BTI.wav,265.0,270.0,5.0,यह दोनों md5 hashes  हैं क्योंकि हमने उन्हें पहले एक md5 hash  में परिवर्तित किया हुआ है,hi,rvc,rvc_322882_00595.wav,4795
596,322882,996368,train,996368_n4ACC4gnqW0IM1wW_0031,${DATA_ROOT}/raw/mucs2021/train/n4ACC4gnqW0IM1wW.wav,220.0,225.0,5.0,अब हम action if matching record found पर आते हैं,hi,rvc,rvc_322882_00596.wav,4796
597,322882,106718,train,106718_vE1rhq3ojNKZvQNv_0038,${DATA_ROOT}/raw/mucs2021/train/vE1rhq3ojNKZvQNv.wav,177.0,182.0,5.0,तो पहले हम ctrl + z दबाकर इस बदलाव को undo करेंगे,hi,rvc,rvc_322882_00597.wav,4797
598,322882,142970,train,142970_DP5j8CLDeL6HHHSX_0032,${DATA_ROOT}/raw/mucs2021/train/DP5j8CLDeL6HHHSX.wav,197.0,203.0,6.0,और explode  फंक्शन explode  एको करेगा,hi,rvc,rvc_322882_00598.wav,4798
599,322882,177570,train,177570_jSNK2zDaIvyZsMZp_0038,${DATA_ROOT}/raw/mucs2021/train/jSNK2zDaIvyZsMZp.wav,169.0,172.0,3.0,अब program को निष्पादित करते हैं और देखते हैं,hi,rvc,rvc_322882_00599.wav,4799
600,322882,186783,train,186783_LFpbaXkb8HuQ6DnF_0035,${DATA_ROOT}/raw/mucs2021/train/LFpbaXkb8HuQ6DnF.wav,252.0,258.0,6.0,सहज ही संपादित टेक्स्ट पर माउस धुमाएँ समीक्षक का नाम प्रदर्शित होगा,hi,rvc,rvc_322882_00600.wav,4800
601,322882,205240,train,205240_F4KjmwYhWvnpSE0m_0036,${DATA_ROOT}/raw/mucs2021/train/F4KjmwYhWvnpSE0m.wav,258.0,264.0,6.0,और आपको ठीक से सोचने की आवश्यकता है कि कैसे अपना पुराना पासवर्ड और अपने दो नये पासवर्ड्स जाँचें,hi,rvc,rvc_322882_00601.wav,4801
602,322882,413057,train,413057_aKSsdMqkPfUWyYeS_0032,${DATA_ROOT}/raw/mucs2021/train/aKSsdMqkPfUWyYeS.wav,221.0,229.0,8.0,यदि यहाँ ढेर सारे data कंटेंट के साथ अनेक data शीट्स हो तो data का सार प्रस्तुत करने के लिए referencing बहुत लाभदायक हो सकता है,hi,rvc,rvc_322882_00602.wav,4802
603,322882,445718,train,445718_H6Z2BkcyVtiuiN7A_0034,${DATA_ROOT}/raw/mucs2021/train/H6Z2BkcyVtiuiN7A.wav,227.0,237.0,10.0,ध्यान दें कि उत्तर अब negative है क्योंकि cell c3 की value cell c4 की वैल्य से अधिक है,hi,rvc,rvc_322882_00603.wav,4803
604,322882,457295,train,457295_WgzliDtK6Htff0g2_0041,${DATA_ROOT}/raw/mucs2021/train/WgzliDtK6Htff0g2.wav,180.0,185.0,5.0,पेज पर right क्लिक करके और context menu का उपयोग करके,hi,rvc,rvc_322882_00604.wav,4804
605,322882,539226,train,539226_vZGSoJPH1tbvsyCa_0034,${DATA_ROOT}/raw/mucs2021/train/vZGSoJPH1tbvsyCa.wav,292.0,295.0,3.0,और यह यूज़र रजिस्ट्रेशन है,hi,rvc,rvc_322882_00605.wav,4805
606,322882,539354,train,539354_C3MtnFEDrRkWHSvJ_0033,${DATA_ROOT}/raw/mucs2021/train/C3MtnFEDrRkWHSvJ.wav,200.0,206.0,6.0,सदस्यों द्वारा इन विवरणों का उपयोग भी किया जा सकता है जब वे library से संपर्क करना चाहते हैं,hi,rvc,rvc_322882_00606.wav,4806
607,322882,541304,train,541304_cyhxRWI0LoKYZvcw_0034,${DATA_ROOT}/raw/mucs2021/train/cyhxRWI0LoKYZvcw.wav,249.0,254.0,5.0,दायीं ओर पर हम fields in the form देखते हैं,hi,rvc,rvc_322882_00607.wav,4807
608,322882,584991,train,584991_1ijxO93RTIJh2Rzv_0033,${DATA_ROOT}/raw/mucs2021/train/1ijxO93RTIJh2Rzv.wav,179.0,182.0,3.0,character dialog box प्रदर्शित होता है,hi,rvc,rvc_322882_00608.wav,4808
609,322882,634568,train,634568_jCgweujQVV5haVF1_0035,${DATA_ROOT}/raw/mucs2021/train/jCgweujQVV5haVF1.wav,196.0,201.0,5.0,मुख्य menu में format और character पर click करें,hi,rvc,rvc_322882_00609.wav,4809
610,322882,705494,train,705494_fZcxLszRnIHxmVQp_0033,${DATA_ROOT}/raw/mucs2021/train/fZcxLszRnIHxmVQp.wav,190.0,197.0,7.0,entrance टैब में basic के नीचे diamond चुनें,hi,rvc,rvc_322882_00610.wav,4810
611,322882,797767,train,797767_TRInoJRJxAX3qv5C_0032,${DATA_ROOT}/raw/mucs2021/train/TRInoJRJxAX3qv5C.wav,219.0,228.0,9.0,यदि यहाँ ढेर सारे data कंटेंट के साथ अनेक data शीट्स हो तो data का सार प्रस्तुत करने के लिए referencing बहुत लाभदायक हो सकता है,hi,rvc,rvc_322882_00611.wav,4811
612,322882,850754,train,850754_wOTMMvC3WQ5YQRAF_0035,${DATA_ROOT}/raw/mucs2021/train/wOTMMvC3WQ5YQRAF.wav,283.0,288.0,5.0,अब shift cells up option पर click करें और फिर ok button पर click करें,hi,rvc,rvc_322882_00612.wav,4812
613,322882,870582,train,870582_crdH0AI5aH25bEXe_0036,${DATA_ROOT}/raw/mucs2021/train/crdH0AI5aH25bEXe.wav,189.0,193.0,4.0,यह इसके बराबर होगा और यह वर्तमान दिनाँक हो जाएगी,hi,rvc,rvc_322882_00613.wav,4813
614,322882,876898,train,876898_RyQSvr4r4iAMTYXq_0033,${DATA_ROOT}/raw/mucs2021/train/RyQSvr4r4iAMTYXq.wav,190.0,197.0,7.0,borders कैसे format करें यह सीखने के बाद अब सीखते हैं कि cells को background colors कैसे दें,hi,rvc,rvc_322882_00614.wav,4814
615,322882,893273,train,893273_8xh3ZKpPy5YhAnKX_0037,${DATA_ROOT}/raw/mucs2021/train/8xh3ZKpPy5YhAnKX.wav,167.0,170.0,3.0,गेम मेन्यू प्रदर्शित होता है,hi,rvc,rvc_322882_00615.wav,4815
616,322882,903756,train,903756_K3X6AGezGWAoDe1q_0037,${DATA_ROOT}/raw/mucs2021/train/K3X6AGezGWAoDe1q.wav,246.0,251.0,5.0,ध्यान दीजिये कि bookid column दोनों tables में हैं,hi,rvc,rvc_322882_00616.wav,4816
617,322882,912184,train,912184_V11NDc0lxudGbWQU_0033,${DATA_ROOT}/raw/mucs2021/train/V11NDc0lxudGbWQU.wav,220.0,223.0,3.0,मैं firstname को कॉपी करूँगा और इसको यहाँ पेस्ट करूँगा और इसको lastname में बदल दूँगा,hi,rvc,rvc_322882_00617.wav,4817
618,322882,975912,train,975912_1eNS3GaW1oHHurL4_0033,${DATA_ROOT}/raw/mucs2021/train/1eNS3GaW1oHHurL4.wav,232.0,239.0,7.0,ओके हम मूलतः mail host dot shef dot ac dot uk के लिए अपनी ini फाइल में अपनी smtp सेटिंग कर रहे हैं,hi,rvc,rvc_322882_00618.wav,4818
619,322882,987461,train,987461_LSRBJiHdUoHm4BTI_0035,${DATA_ROOT}/raw/mucs2021/train/LSRBJiHdUoHm4BTI.wav,270.0,284.0,14.0,अतः यदि वे समान हैं तो हम कोड का ब्लॉक रन करेंगे अन्यथा हम पेज को नष्ट कर देंगे और लिखेंगे  old password doesnt match!,hi,rvc,rvc_322882_00619.wav,4819
620,322882,996368,train,996368_n4ACC4gnqW0IM1wW_0032,${DATA_ROOT}/raw/mucs2021/train/n4ACC4gnqW0IM1wW.wav,225.0,231.0,6.0,koha डिफॉल्ट रूप से replace existing record with incoming record चुनता है,hi,rvc,rvc_322882_00620.wav,4820
621,322882,106718,train,106718_vE1rhq3ojNKZvQNv_0039,${DATA_ROOT}/raw/mucs2021/train/vE1rhq3ojNKZvQNv.wav,182.0,185.0,3.0,context menu को देखने के लिए फिर से rightclick करें,hi,rvc,rvc_322882_00621.wav,4821
622,322882,142970,train,142970_DP5j8CLDeL6HHHSX_0033,${DATA_ROOT}/raw/mucs2021/train/DP5j8CLDeL6HHHSX.wav,203.0,212.0,9.0,यह आपकी प्लेन स्ट्रिंग को शुरुआत से अंत तक ब्रेक करेगा यह इसे एक अरै array  में ब्रेक करेगा,hi,rvc,rvc_322882_00622.wav,4822
623,322882,177570,train,177570_jSNK2zDaIvyZsMZp_0039,${DATA_ROOT}/raw/mucs2021/train/jSNK2zDaIvyZsMZp.wav,172.0,177.0,5.0,अप arrow की दबाएं enter दबाएं,hi,rvc,rvc_322882_00623.wav,4823
624,322882,186783,train,186783_LFpbaXkb8HuQ6DnF_0036,${DATA_ROOT}/raw/mucs2021/train/LFpbaXkb8HuQ6DnF.wav,258.0,266.0,8.0,डॉक्युमेंट को ओपन करके मैं इसे प्रदर्शित करने जा रहा हूँ जो मेरे सहकर्मी गुरू द्वारा पहले से ही संपादित किया गया है,hi,rvc,rvc_322882_00624.wav,4824
625,322882,205240,train,205240_F4KjmwYhWvnpSE0m_0037,${DATA_ROOT}/raw/mucs2021/train/F4KjmwYhWvnpSE0m.wav,264.0,271.0,7.0,स्पष्टतः जब हमने अपना पंजीकरण किया था हमारे पास सीमा थी कि पासवर्ड कितना बड़ा होना चाहिए,hi,rvc,rvc_322882_00625.wav,4825
626,996368,106718,train,106718_vE1rhq3ojNKZvQNv_0041,${DATA_ROOT}/raw/mucs2021/train/vE1rhq3ojNKZvQNv.wav,189.0,194.0,5.0,यहाँ arrow styles के नीचे आप style named field देखेंगे,hi,rvc,rvc_996368_00626.wav,4826
627,996368,142970,train,142970_DP5j8CLDeL6HHHSX_0035,${DATA_ROOT}/raw/mucs2021/train/DP5j8CLDeL6HHHSX.wav,215.0,220.0,5.0,मैं 1 2 3 4 5  अरै के प्रत्येक अलग एलिमेंट में संचित चाहता हूँ,hi,rvc,rvc_996368_00627.wav,4827
628,996368,177570,train,177570_jSNK2zDaIvyZsMZp_0041,${DATA_ROOT}/raw/mucs2021/train/jSNK2zDaIvyZsMZp.wav,180.0,185.0,5.0,लेकिन पहला दूसरा और तीसरा arguments रिक्त है,hi,rvc,rvc_996368_00628.wav,4828
629,996368,186783,train,186783_LFpbaXkb8HuQ6DnF_0038,${DATA_ROOT}/raw/mucs2021/train/LFpbaXkb8HuQ6DnF.wav,274.0,281.0,7.0,इस डॉक्युमेंट में हम देख सकते हैं कि कई अनुवृद्धिएडिशन और विलोपन किये गये हैं,hi,rvc,rvc_996368_00629.wav,4829
630,996368,205240,train,205240_F4KjmwYhWvnpSE0m_0039,${DATA_ROOT}/raw/mucs2021/train/F4KjmwYhWvnpSE0m.wav,282.0,293.0,11.0,अतः सचमुच में यहाँ कई सारी जाँच हैं जो आप कर सकते हैं किन्तु php में mysql डेटाबेस का इस्तेमाल करते हुए पासवर्ड बदलने का यह एक बुनियादी ढाँचा है,hi,rvc,rvc_996368_00630.wav,4830
631,996368,322882,train,322882_XTscbPr78nzuHhuu_0038,${DATA_ROOT}/raw/mucs2021/train/XTscbPr78nzuHhuu.wav,236.0,239.0,3.0,view layout option text documents के लिए है,hi,rvc,rvc_996368_00631.wav,4831
632,996368,413057,train,413057_aKSsdMqkPfUWyYeS_0035,${DATA_ROOT}/raw/mucs2021/train/aKSsdMqkPfUWyYeS.wav,246.0,257.0,11.0,personalfinancetracker ods में personal finance tracker sheet 1 में है और बाकी का कंटेंट्स sheet 2 में है,hi,rvc,rvc_996368_00632.wav,4832
633,996368,445718,train,445718_H6Z2BkcyVtiuiN7A_0037,${DATA_ROOT}/raw/mucs2021/train/H6Z2BkcyVtiuiN7A.wav,249.0,257.0,8.0,अब cell c4 की value की 7000 तक बढ़ा दें और enter की दबाएँ,hi,rvc,rvc_996368_00633.wav,4833
634,996368,457295,train,457295_WgzliDtK6Htff0g2_0044,${DATA_ROOT}/raw/mucs2021/train/WgzliDtK6Htff0g2.wav,195.0,201.0,6.0,watercycle आकृति के साथ पेज चुनें और पेज number प्रविष्ट करें,hi,rvc,rvc_996368_00634.wav,4834
635,996368,539226,train,539226_vZGSoJPH1tbvsyCa_0037,${DATA_ROOT}/raw/mucs2021/train/vZGSoJPH1tbvsyCa.wav,312.0,319.0,7.0,मैं किसी पर एक प्रोजेक्ट बना सकता हूँ जो कि यूज़र लॉगिन और यूज़र रजिस्ट्रेशन इस्तेमाल करता हो अतः मैं इसे बहुत इस्तेमाल करूँगा,hi,rvc,rvc_996368_00635.wav,4835
636,996368,539354,train,539354_C3MtnFEDrRkWHSvJ_0036,${DATA_ROOT}/raw/mucs2021/train/C3MtnFEDrRkWHSvJ.wav,218.0,225.0,7.0,यह email id है जहां से सदस्यों को notices जाते हैं और आते हैं,hi,rvc,rvc_996368_00636.wav,4836
637,996368,541304,train,541304_cyhxRWI0LoKYZvcw_0037,${DATA_ROOT}/raw/mucs2021/train/cyhxRWI0LoKYZvcw.wav,267.0,275.0,8.0,ध्यान दें हमने सारे fields बायें से दायें स्थानांतरित कर दिये हैं,hi,rvc,rvc_996368_00637.wav,4837
638,996368,584991,train,584991_1ijxO93RTIJh2Rzv_0036,${DATA_ROOT}/raw/mucs2021/train/1ijxO93RTIJh2Rzv.wav,192.0,195.0,3.0,ok पर click करें,hi,rvc,rvc_996368_00638.wav,4838
639,996368,634568,train,634568_jCgweujQVV5haVF1_0038,${DATA_ROOT}/raw/mucs2021/train/jCgweujQVV5haVF1.wav,208.0,215.0,7.0,font color dropdown पर click करें और red चुनें ok पर click करें,hi,rvc,rvc_996368_00639.wav,4839
640,996368,705494,train,705494_fZcxLszRnIHxmVQp_0036,${DATA_ROOT}/raw/mucs2021/train/fZcxLszRnIHxmVQp.wav,206.0,212.0,6.0,आप change order buttons का उपयोग करके animation के क्रम को भी बदल सकते हैं,hi,rvc,rvc_996368_00640.wav,4840
641,996368,797767,train,797767_TRInoJRJxAX3qv5C_0035,${DATA_ROOT}/raw/mucs2021/train/TRInoJRJxAX3qv5C.wav,245.0,255.0,10.0,personalfinancetracker ods में personal finance tracker sheet 1 में है और बाकी का कंटेंट्स sheet 2 में है,hi,rvc,rvc_996368_00641.wav,4841
642,996368,850754,train,850754_wOTMMvC3WQ5YQRAF_0038,${DATA_ROOT}/raw/mucs2021/train/wOTMMvC3WQ5YQRAF.wav,304.0,314.0,10.0,sheet में कैसे विभिन्न rows तथा columns को कैसे जोड़ें और डिलीट करें यह सीखने के बाद अब हम सीखते है कि calc में शीट्स कैसे जोड़ें और डिलीट करें,hi,rvc,rvc_996368_00642.wav,4842
643,996368,870582,train,870582_crdH0AI5aH25bEXe_0040,${DATA_ROOT}/raw/mucs2021/train/crdH0AI5aH25bEXe.wav,210.0,218.0,8.0,किन्तु इससे पहले हम अंत में mysql error का अनुकरण करके or die लिख सकते हैं,hi,rvc,rvc_996368_00643.wav,4843
644,996368,876898,train,876898_RyQSvr4r4iAMTYXq_0036,${DATA_ROOT}/raw/mucs2021/train/RyQSvr4r4iAMTYXq.wav,210.0,216.0,6.0,उदाहरणस्वरूप चलिए headings युक्त cells को background color देते हैं,hi,rvc,rvc_996368_00644.wav,4844
645,996368,893273,train,893273_8xh3ZKpPy5YhAnKX_0040,${DATA_ROOT}/raw/mucs2021/train/8xh3ZKpPy5YhAnKX.wav,183.0,187.0,4.0,जारी रखने के लिए space bar दबाएँ,hi,rvc,rvc_996368_00645.wav,4845
646,996368,903756,train,903756_K3X6AGezGWAoDe1q_0040,${DATA_ROOT}/raw/mucs2021/train/K3X6AGezGWAoDe1q.wav,271.0,286.0,15.0,और हमने जोड़ने के लिए bookid column को लिखकर स्पष्ट किया है: on b bookid = i bookid,hi,rvc,rvc_996368_00646.wav,4846
647,996368,912184,train,912184_V11NDc0lxudGbWQU_0037,${DATA_ROOT}/raw/mucs2021/train/V11NDc0lxudGbWQU.wav,245.0,253.0,8.0,यदि आपको याद हो मैंने वर्णन किया था कि आप जो चाहें वो डेटा विशिष्ट रूप में बता सकते हैं,hi,rvc,rvc_996368_00647.wav,4847
648,996368,975912,train,975912_1eNS3GaW1oHHurL4_0036,${DATA_ROOT}/raw/mucs2021/train/1eNS3GaW1oHHurL4.wav,250.0,257.0,7.0,मान लीजिए कि यह मेल हॉस्ट सर्वर या dns  सर्वर कार्य करता है फिर बाकी कोड कार्य करेंगे,hi,rvc,rvc_996368_00648.wav,4848
649,996368,987461,train,987461_LSRBJiHdUoHm4BTI_0039,${DATA_ROOT}/raw/mucs2021/train/LSRBJiHdUoHm4BTI.wav,331.0,338.0,7.0,अतः अब मैं क्या करूँगा कि success  को एको करूँगा और मैं अपने पेज पर वापस जाऊँगा,hi,rvc,rvc_996368_00649.wav,4849
650,996368,106718,train,106718_vE1rhq3ojNKZvQNv_0042,${DATA_ROOT}/raw/mucs2021/train/vE1rhq3ojNKZvQNv.wav,194.0,199.0,5.0,आप दो dropdown boxes देखते हैं प्रत्येक line के अंतभाग के लिए एक,hi,rvc,rvc_996368_00650.wav,4850
651,996368,142970,train,142970_DP5j8CLDeL6HHHSX_0036,${DATA_ROOT}/raw/mucs2021/train/DP5j8CLDeL6HHHSX.wav,220.0,225.0,5.0,मैं कहूँगा explode string नहीं मैं नहीं कहूँगा – स्ट्रिंग को ब्रेक करने के लिए क्या प्रयोग किया जाता है मैं निर्दिष्ट करूँगा,hi,rvc,rvc_996368_00651.wav,4851
652,996368,177570,train,177570_jSNK2zDaIvyZsMZp_0042,${DATA_ROOT}/raw/mucs2021/train/jSNK2zDaIvyZsMZp.wav,185.0,191.0,6.0,ऐसा इसलिए है क्योंकि command line arguments निष्पादन के समय दिए जाते हैं,hi,rvc,rvc_996368_00652.wav,4852
653,996368,186783,train,186783_LFpbaXkb8HuQ6DnF_0039,${DATA_ROOT}/raw/mucs2021/train/LFpbaXkb8HuQ6DnF.wav,281.0,291.0,10.0,इस टेक्स्ट पर माउस धुमाकर मैसेज मिलता है कि अनुवृद्धि और विलोपन गुरू द्वारा किये गये हैं,hi,rvc,rvc_996368_00653.wav,4853
654,996368,205240,train,205240_F4KjmwYhWvnpSE0m_0040,${DATA_ROOT}/raw/mucs2021/train/F4KjmwYhWvnpSE0m.wav,293.0,301.0,8.0,आशा है कि आपने इसका आनंद लिया यदि आपकी कोई टिप्पणी या प्रश्न है तो कृपया मुझे बताइए साथ ही विडियो अपडेट्स के लिए सब्सक्राइब करें,hi,rvc,rvc_996368_00654.wav,4854
655,996368,322882,train,322882_XTscbPr78nzuHhuu_0039,${DATA_ROOT}/raw/mucs2021/train/XTscbPr78nzuHhuu.wav,239.0,247.0,8.0,इसका उपयोग document में विभिन्न view लेआउट settings के प्रभाव को देखने के लिए zoom factor को कम करने के लिए किया जाता है,hi,rvc,rvc_996368_00655.wav,4855
656,996368,413057,train,413057_aKSsdMqkPfUWyYeS_0036,${DATA_ROOT}/raw/mucs2021/train/aKSsdMqkPfUWyYeS.wav,257.0,262.0,5.0,मानते हैं कि हम sheet 1 से sheet 2 में जाना चाहते हैं,hi,rvc,rvc_996368_00656.wav,4856
657,996368,445718,train,445718_H6Z2BkcyVtiuiN7A_0038,${DATA_ROOT}/raw/mucs2021/train/H6Z2BkcyVtiuiN7A.wav,257.0,262.0,5.0,उत्तर खुद ही positive में बदल जाता है,hi,rvc,rvc_996368_00657.wav,4857
658,996368,457295,train,457295_WgzliDtK6Htff0g2_0045,${DATA_ROOT}/raw/mucs2021/train/WgzliDtK6Htff0g2.wav,201.0,207.0,6.0,main menu में जाएँ insert चुनें और fields पर click करें,hi,rvc,rvc_996368_00658.wav,4858
659,996368,539226,train,539226_vZGSoJPH1tbvsyCa_0038,${DATA_ROOT}/raw/mucs2021/train/vZGSoJPH1tbvsyCa.wav,319.0,328.0,9.0,अतः अधिक जानकारी के लिए यूज़र लॉगिन और रजिस्ट्रेशन पर मेरे प्रोजेक्ट्स देखिये,hi,rvc,rvc_996368_00659.wav,4859
660,996368,539354,train,539354_C3MtnFEDrRkWHSvJ_0037,${DATA_ROOT}/raw/mucs2021/train/C3MtnFEDrRkWHSvJ.wav,225.0,234.0,9.0,gmail id बेहतर है क्योंकि इसे mail भेजने और/या mail प्राप्त करने के लिए आसानी से कॉन्फ़िगर किया जा सकता है,hi,rvc,rvc_996368_00660.wav,4860
661,996368,541304,train,541304_cyhxRWI0LoKYZvcw_0038,${DATA_ROOT}/raw/mucs2021/train/cyhxRWI0LoKYZvcw.wav,275.0,286.0,11.0,क्योंकि हमने इसके स्वयं के numbers को स्वततैयार करने के लिए bookid field को set कर दिया है हमें form पर इसकी आवश्यकता नहीं है,hi,rvc,rvc_996368_00661.wav,4861
662,996368,584991,train,584991_1ijxO93RTIJh2Rzv_0037,${DATA_ROOT}/raw/mucs2021/train/1ijxO93RTIJh2Rzv.wav,195.0,198.0,3.0,अब text काले रंग में है,hi,rvc,rvc_996368_00662.wav,4862
663,996368,634568,train,634568_jCgweujQVV5haVF1_0039,${DATA_ROOT}/raw/mucs2021/train/jCgweujQVV5haVF1.wav,215.0,218.0,3.0,notes पर logo logo जोड़ते हैं,hi,rvc,rvc_996368_00663.wav,4863
664,996368,705494,train,705494_fZcxLszRnIHxmVQp_0037,${DATA_ROOT}/raw/mucs2021/train/fZcxLszRnIHxmVQp.wav,212.0,220.0,8.0,प्रत्येक animation के लिए default properties देखें और सीखें कि उनमें बदलाव कैसे करें,hi,rvc,rvc_996368_00664.wav,4864
665,996368,797767,train,797767_TRInoJRJxAX3qv5C_0036,${DATA_ROOT}/raw/mucs2021/train/TRInoJRJxAX3qv5C.wav,255.0,260.0,5.0,मानते हैं कि हम sheet 1 से sheet 2 में जाना चाहते हैं,hi,rvc,rvc_996368_00665.wav,4865
666,996368,850754,train,850754_wOTMMvC3WQ5YQRAF_0039,${DATA_ROOT}/raw/mucs2021/train/wOTMMvC3WQ5YQRAF.wav,314.0,323.0,9.0,calc में नई sheet जोड़ने के कई तरीके हैं एकएक करके सबके बारे में सीखते हैं,hi,rvc,rvc_996368_00666.wav,4866
667,996368,870582,train,870582_crdH0AI5aH25bEXe_0041,${DATA_ROOT}/raw/mucs2021/train/crdH0AI5aH25bEXe.wav,218.0,224.0,6.0,मैं इसे अभी छोड़ रहा हूँ किन्तु यदि आप चाहें तो इसे जोड़ने में संकोच न करें,hi,rvc,rvc_996368_00667.wav,4867
668,996368,876898,train,876898_RyQSvr4r4iAMTYXq_0037,${DATA_ROOT}/raw/mucs2021/train/RyQSvr4r4iAMTYXq.wav,216.0,223.0,7.0,अतः पहले cell पर click करते हैं जो कि sn से संबोधित heading serial number युक्त है,hi,rvc,rvc_996368_00668.wav,4868
669,996368,893273,train,893273_8xh3ZKpPy5YhAnKX_0041,${DATA_ROOT}/raw/mucs2021/train/8xh3ZKpPy5YhAnKX.wav,187.0,193.0,6.0,अब टाइपिंग के अभ्यास के लिए आसान खेल चुनें easy पर क्लिक करें,hi,rvc,rvc_996368_00669.wav,4869
670,996368,903756,train,903756_K3X6AGezGWAoDe1q_0041,${DATA_ROOT}/raw/mucs2021/train/K3X6AGezGWAoDe1q.wav,286.0,289.0,3.0,अतः चलिए अब अपनी query रन करते हैं,hi,rvc,rvc_996368_00670.wav,4870
671,996368,912184,train,912184_V11NDc0lxudGbWQU_0038,${DATA_ROOT}/raw/mucs2021/train/V11NDc0lxudGbWQU.wav,253.0,268.0,15.0,इसके लिए मैं select star from people where firstname equals alex and lastname equals garrett टाइप करूँगा,hi,rvc,rvc_996368_00671.wav,4871
672,996368,975912,train,975912_1eNS3GaW1oHHurL4_0037,${DATA_ROOT}/raw/mucs2021/train/1eNS3GaW1oHHurL4.wav,257.0,264.0,7.0,अपना मेल भेजने के बाद मैं पेज को नष्ट कर दूँगा,hi,rvc,rvc_996368_00672.wav,4872
673,996368,987461,train,987461_LSRBJiHdUoHm4BTI_0040,${DATA_ROOT}/raw/mucs2021/train/LSRBJiHdUoHm4BTI.wav,338.0,341.0,3.0,मैं जानबूझकर अपना पासवर्ड गलत टाइप करूँगा और अतः मैं इसे टाइप करूँगा,hi,rvc,rvc_996368_00673.wav,4873
674,996368,106718,train,106718_vE1rhq3ojNKZvQNv_0043,${DATA_ROOT}/raw/mucs2021/train/vE1rhq3ojNKZvQNv.wav,199.0,203.0,4.0,बायें dropdown box पर click करें और arrow चुनें,hi,rvc,rvc_996368_00674.wav,4874
675,996368,142970,train,142970_DP5j8CLDeL6HHHSX_0037,${DATA_ROOT}/raw/mucs2021/train/DP5j8CLDeL6HHHSX.wav,225.0,229.0,4.0,फिलहाल यह एक स्पेस है,hi,rvc,rvc_996368_00675.wav,4875
676,996368,177570,train,177570_jSNK2zDaIvyZsMZp_0043,${DATA_ROOT}/raw/mucs2021/train/jSNK2zDaIvyZsMZp.wav,191.0,198.0,7.0,अतः अप arrow की दबाएं और type करें: sunday monday और tuesday,hi,rvc,rvc_996368_00676.wav,4876
677,996368,186783,train,186783_LFpbaXkb8HuQ6DnF_0041,${DATA_ROOT}/raw/mucs2021/train/LFpbaXkb8HuQ6DnF.wav,317.0,323.0,6.0,हम देख सकते हैं कि इस प्रविष्टि का रंग गुरू द्वारा किये गये संपादन के रंग से भिन्न है,hi,rvc,rvc_996368_00677.wav,4877
678,996368,205240,train,205240_F4KjmwYhWvnpSE0m_0041,${DATA_ROOT}/raw/mucs2021/train/F4KjmwYhWvnpSE0m.wav,301.0,305.53,4.53,देखने के लिए धन्यवाद मैं रवि कुमार आईआईटी बॉम्बे की ओर से अब आपसे विदा लेता हूँ,hi,rvc,rvc_996368_00678.wav,4878
679,996368,322882,train,322882_XTscbPr78nzuHhuu_0040,${DATA_ROOT}/raw/mucs2021/train/XTscbPr78nzuHhuu.wav,247.0,258.0,11.0,इसमें क्रमानुसार एक के नीचे एक और आस पास में पेज प्रदर्शित करने के लिए automatic और single page जैसे options हैं,hi,rvc,rvc_996368_00679.wav,4879
680,996368,413057,train,413057_aKSsdMqkPfUWyYeS_0037,${DATA_ROOT}/raw/mucs2021/train/aKSsdMqkPfUWyYeS.wav,262.0,265.0,3.0,सबसे पहले sheet 1 टैब पर click करें,hi,rvc,rvc_996368_00680.wav,4880
681,996368,445718,train,445718_H6Z2BkcyVtiuiN7A_0039,${DATA_ROOT}/raw/mucs2021/train/H6Z2BkcyVtiuiN7A.wav,262.0,266.0,4.0,फिर से cell c4 की value को 800 तक घटाएँ,hi,rvc,rvc_996368_00681.wav,4881
682,996368,457295,train,457295_WgzliDtK6Htff0g2_0046,${DATA_ROOT}/raw/mucs2021/train/WgzliDtK6Htff0g2.wav,207.0,211.0,4.0,fields की सूची प्रदर्शित होती है,hi,rvc,rvc_996368_00682.wav,4882
683,996368,539226,train,539226_vZGSoJPH1tbvsyCa_0039,${DATA_ROOT}/raw/mucs2021/train/vZGSoJPH1tbvsyCa.wav,328.0,335.0,7.0,यदि आपके पास कोई प्रश्न है या मुझसे किसी भी चीज़ का विस्तार चाहते हैं कृपया मुझे केवल अवगत कराएँ,hi,rvc,rvc_996368_00683.wav,4883
684,996368,539354,train,539354_C3MtnFEDrRkWHSvJ_0038,${DATA_ROOT}/raw/mucs2021/train/C3MtnFEDrRkWHSvJ.wav,234.0,241.0,7.0,email id field के नीचे हमारे पास replyto और returnpath fields है,hi,rvc,rvc_996368_00684.wav,4884
685,996368,541304,train,541304_cyhxRWI0LoKYZvcw_0039,${DATA_ROOT}/raw/mucs2021/train/cyhxRWI0LoKYZvcw.wav,286.0,291.0,5.0,तो चलिए इस field को वापस बायीं ओर स्थानांतरित करते हैं,hi,rvc,rvc_996368_00685.wav,4885
686,996368,584991,train,584991_1ijxO93RTIJh2Rzv_0038,${DATA_ROOT}/raw/mucs2021/train/1ijxO93RTIJh2Rzv.wav,198.0,201.0,3.0,अब रंग को slide पर लागू करें,hi,rvc,rvc_996368_00686.wav,4886
687,996368,634568,train,634568_jCgweujQVV5haVF1_0041,${DATA_ROOT}/raw/mucs2021/train/jCgweujQVV5haVF1.wav,220.0,228.0,8.0,drawing toolbar से basic shapes पर click करें और isosceles triangle चुनें,hi,rvc,rvc_996368_00687.wav,4887
688,996368,705494,train,705494_fZcxLszRnIHxmVQp_0038,${DATA_ROOT}/raw/mucs2021/train/fZcxLszRnIHxmVQp.wav,220.0,226.0,6.0,सूची में पहले animation पर doubleclick करें यह diagonal squares option है,hi,rvc,rvc_996368_00688.wav,4888
689,996368,797767,train,797767_TRInoJRJxAX3qv5C_0037,${DATA_ROOT}/raw/mucs2021/train/TRInoJRJxAX3qv5C.wav,260.0,264.0,4.0,सबसे पहले sheet 1 टैब पर click करें,hi,rvc,rvc_996368_00689.wav,4889
690,996368,850754,train,850754_wOTMMvC3WQ5YQRAF_0040,${DATA_ROOT}/raw/mucs2021/train/wOTMMvC3WQ5YQRAF.wav,323.0,330.0,7.0,सभी तरीकों के लिए पहले step है कि उस sheet को चुनें जिसके बाद अगली नई sheet जोड़नी है,hi,rvc,rvc_996368_00690.wav,4890
691,996368,870582,train,870582_crdH0AI5aH25bEXe_0042,${DATA_ROOT}/raw/mucs2021/train/crdH0AI5aH25bEXe.wav,224.0,228.0,4.0,अच्छा तो अपने पेज को रिफ्रेशrefresh करते हैं,hi,rvc,rvc_996368_00691.wav,4891
692,996368,876898,train,876898_RyQSvr4r4iAMTYXq_0038,${DATA_ROOT}/raw/mucs2021/train/RyQSvr4r4iAMTYXq.wav,223.0,229.0,6.0,अब left mouse button hold करें और headings युक्त cells तक इसे drag करें,hi,rvc,rvc_996368_00692.wav,4892
693,996368,893273,train,893273_8xh3ZKpPy5YhAnKX_0042,${DATA_ROOT}/raw/mucs2021/train/8xh3ZKpPy5YhAnKX.wav,193.0,198.0,5.0,विभिन्न विकल्पों में शामिल विंडो प्रदर्शित होता है,hi,rvc,rvc_996368_00693.wav,4893
694,996368,903756,train,903756_K3X6AGezGWAoDe1q_0042,${DATA_ROOT}/raw/mucs2021/train/K3X6AGezGWAoDe1q.wav,289.0,299.0,10.0,और हम पुस्तकों और उनके issue date की एक सूची देखते हैं और यह कि checkedin स्थिति; checked इन नहीं है,hi,rvc,rvc_996368_00694.wav,4894
695,996368,912184,train,912184_V11NDc0lxudGbWQU_0039,${DATA_ROOT}/raw/mucs2021/train/V11NDc0lxudGbWQU.wav,268.0,272.0,4.0,मैंने यह इस क्वेरी के भाग के अंदर जहाँ हम चुन रहे हैं नहीं दर्शाया है,hi,rvc,rvc_996368_00695.wav,4895
696,996368,975912,train,975912_1eNS3GaW1oHHurL4_0038,${DATA_ROOT}/raw/mucs2021/train/1eNS3GaW1oHHurL4.wav,264.0,268.0,4.0,नहीं मैं नहीं करूँगा मैं पेज को अभी नष्ट कर दूँगा,hi,rvc,rvc_996368_00696.wav,4896
697,996368,987461,train,987461_LSRBJiHdUoHm4BTI_0041,${DATA_ROOT}/raw/mucs2021/train/LSRBJiHdUoHm4BTI.wav,341.0,349.0,8.0,मेरा नया पासवर्ड मैं abc टाइप करूँगा और फिर change password पर क्लिक करके हमें मेसेज मिलता है old password doesnt match!,hi,rvc,rvc_996368_00697.wav,4897
698,996368,106718,train,106718_vE1rhq3ojNKZvQNv_0044,${DATA_ROOT}/raw/mucs2021/train/vE1rhq3ojNKZvQNv.wav,203.0,206.0,3.0,दायें dropdown box में none चुनें,hi,rvc,rvc_996368_00698.wav,4898
699,996368,142970,train,142970_DP5j8CLDeL6HHHSX_0039,${DATA_ROOT}/raw/mucs2021/train/DP5j8CLDeL6HHHSX.wav,231.0,237.0,6.0,क्योंकि यह डिटर्मिनेंट होगा जहाँ यह शुरू होता है और यह सेपरेटर है,hi,rvc,rvc_996368_00699.wav,4899
700,996368,177570,train,177570_jSNK2zDaIvyZsMZp_0044,${DATA_ROOT}/raw/mucs2021/train/jSNK2zDaIvyZsMZp.wav,198.0,201.0,3.0,enter दबाएं,hi,rvc,rvc_996368_00700.wav,4900
701,996368,186783,train,186783_LFpbaXkb8HuQ6DnF_0042,${DATA_ROOT}/raw/mucs2021/train/LFpbaXkb8HuQ6DnF.wav,323.0,328.0,5.0,इस प्रविष्टि पर माउस धुमाकर मैसेज मिलता है inserted: sriranjani,hi,rvc,rvc_996368_00701.wav,4901
702,996368,205240,train,205240_F4KjmwYhWvnpSE0m_0000,${DATA_ROOT}/raw/mucs2021/train/F4KjmwYhWvnpSE0m.wav,3.0,11.0,8.0,यह change password ट्यूटोरियल का तीसरा भाग है इस भाग में हम डेटाबेस में पासवर्ड बदलने जा रहे हैं,hi,rvc,rvc_996368_00702.wav,4902
703,996368,322882,train,322882_XTscbPr78nzuHhuu_0042,${DATA_ROOT}/raw/mucs2021/train/XTscbPr78nzuHhuu.wav,276.0,282.0,6.0,अब automaticऑप्शन पर click करें और फिर ok button पर click करें,hi,rvc,rvc_996368_00703.wav,4903
704,996368,413057,train,413057_aKSsdMqkPfUWyYeS_0038,${DATA_ROOT}/raw/mucs2021/train/aKSsdMqkPfUWyYeS.wav,265.0,273.0,8.0,यहाँ b14 उल्लिखित cell पर click करें और sheet 2 प्रविष्ट करें,hi,rvc,rvc_996368_00704.wav,4904
705,996368,445718,train,445718_H6Z2BkcyVtiuiN7A_0040,${DATA_ROOT}/raw/mucs2021/train/H6Z2BkcyVtiuiN7A.wav,266.0,269.0,3.0,और enter की दबाएँ,hi,rvc,rvc_996368_00705.wav,4905
706,996368,457295,train,457295_WgzliDtK6Htff0g2_0047,${DATA_ROOT}/raw/mucs2021/train/WgzliDtK6Htff0g2.wav,211.0,215.0,4.0,draw द्वारा स्वचालित रूप से निर्मित मूल्य fields में है,hi,rvc,rvc_996368_00706.wav,4906
707,996368,539226,train,539226_vZGSoJPH1tbvsyCa_0040,${DATA_ROOT}/raw/mucs2021/train/vZGSoJPH1tbvsyCa.wav,335.0,338.27,3.27,भविष्य में अपडेट्स के लिए हमसे जुड़िये देखने के लिए धन्यवाद आय आय टी बॉम्बे की तरफ से मैं रवि कुमार अब आपसे विदा लेता हूँ धन्यवाद,hi,rvc,rvc_996368_00707.wav,4907
708,996368,539354,train,539354_C3MtnFEDrRkWHSvJ_0039,${DATA_ROOT}/raw/mucs2021/train/C3MtnFEDrRkWHSvJ.wav,241.0,251.0,10.0,replyto यदि आप notices के सभी उत्तरों के लिए एक और default email address निर्दिष्ट करना चाहते हैं तो आप इसे यहां कर सकते हैं,hi,rvc,rvc_996368_00708.wav,4908
709,996368,541304,train,541304_cyhxRWI0LoKYZvcw_0040,${DATA_ROOT}/raw/mucs2021/train/cyhxRWI0LoKYZvcw.wav,291.0,302.0,11.0,दायीं ओर bookid पर click करें और less than symbol button पर click करें,hi,rvc,rvc_996368_00709.wav,4909
710,996368,584991,train,584991_1ijxO93RTIJh2Rzv_0039,${DATA_ROOT}/raw/mucs2021/train/1ijxO93RTIJh2Rzv.wav,201.0,207.0,6.0,context menu के लिए slide पर right click करें और slide और page setup पर click करें,hi,rvc,rvc_996368_00710.wav,4910
711,996368,634568,train,634568_jCgweujQVV5haVF1_0042,${DATA_ROOT}/raw/mucs2021/train/jCgweujQVV5haVF1.wav,228.0,233.0,5.0,notes text box के ऊपरीबाएँ कोने पर त्रिकोण प्रविष्ट करें,hi,rvc,rvc_996368_00711.wav,4911
712,996368,705494,train,705494_fZcxLszRnIHxmVQp_0039,${DATA_ROOT}/raw/mucs2021/train/fZcxLszRnIHxmVQp.wav,226.0,230.0,4.0,effects options dialog box प्रदर्शित होता है,hi,rvc,rvc_996368_00712.wav,4912
713,996368,797767,train,797767_TRInoJRJxAX3qv5C_0038,${DATA_ROOT}/raw/mucs2021/train/TRInoJRJxAX3qv5C.wav,264.0,271.0,7.0,यहाँ b14 उल्लिखित cell पर click करें और sheet 2 प्रविष्ट करें,hi,rvc,rvc_996368_00713.wav,4913
714,996368,850754,train,850754_wOTMMvC3WQ5YQRAF_0041,${DATA_ROOT}/raw/mucs2021/train/wOTMMvC3WQ5YQRAF.wav,330.0,336.0,6.0,अब मेन्यूबार में insert option पर click करें और फिर sheet पर click करें,hi,rvc,rvc_996368_00714.wav,4914
715,996368,870582,train,870582_crdH0AI5aH25bEXe_0044,${DATA_ROOT}/raw/mucs2021/train/crdH0AI5aH25bEXe.wav,230.0,236.0,6.0,चलिए इसको नहीं दर्शाते हैं,hi,rvc,rvc_996368_00715.wav,4915
716,996368,876898,train,876898_RyQSvr4r4iAMTYXq_0039,${DATA_ROOT}/raw/mucs2021/train/RyQSvr4r4iAMTYXq.wav,229.0,240.0,11.0,headings युक्त सभी horizontal row को चुनने के बाद formatting toolbar में background color option पर click करें,hi,rvc,rvc_996368_00716.wav,4916
717,996368,893273,train,893273_8xh3ZKpPy5YhAnKX_0043,${DATA_ROOT}/raw/mucs2021/train/8xh3ZKpPy5YhAnKX.wav,198.0,206.0,8.0,विभिन्न विकल्प हैं colors fruits plants आदि के नाम colors पर क्लिक करें,hi,rvc,rvc_996368_00717.wav,4917
718,996368,903756,train,903756_K3X6AGezGWAoDe1q_0043,${DATA_ROOT}/raw/mucs2021/train/K3X6AGezGWAoDe1q.wav,299.0,308.0,9.0,ठीक है यह भी ध्यान दीजिये कि परिणाम में केवल memberid है यह ज्यादा लाभदायक नहीं है,hi,rvc,rvc_996368_00718.wav,4918
719,996368,912184,train,912184_V11NDc0lxudGbWQU_0040,${DATA_ROOT}/raw/mucs2021/train/V11NDc0lxudGbWQU.wav,272.0,278.0,6.0,मैंने इसे अपडेट में दर्शाया है जहाँ हम अपडेट कर सकते हैं where the firstname equals alex and the lastname equals garrett,hi,rvc,rvc_996368_00719.wav,4919
720,996368,975912,train,975912_1eNS3GaW1oHHurL4_0039,${DATA_ROOT}/raw/mucs2021/train/1eNS3GaW1oHHurL4.wav,268.0,276.0,8.0,चलिए वापस चलते हैं और लिखते हैं alex  और this is a test,hi,rvc,rvc_996368_00720.wav,4920
721,996368,987461,train,987461_LSRBJiHdUoHm4BTI_0042,${DATA_ROOT}/raw/mucs2021/train/LSRBJiHdUoHm4BTI.wav,349.0,360.0,11.0,यदि मैं abc  को अपने पुराने पासवर्ड के रूप में टाइप करता हूँ जो यह है तथा 123  को नये पासवर्ड के रूप में और और बगल में क्रमरहित अक्षर हमें मिलना चाहिए oh old password doesnt match!,hi,rvc,rvc_996368_00721.wav,4921
722,996368,106718,train,106718_vE1rhq3ojNKZvQNv_0046,${DATA_ROOT}/raw/mucs2021/train/vE1rhq3ojNKZvQNv.wav,208.0,213.0,5.0,ध्यान दें कि एक तीरशीर्ष line के अंत भाग में जुड़ गया है,hi,rvc,rvc_996368_00722.wav,4922
723,996368,142970,train,142970_DP5j8CLDeL6HHHSX_0040,${DATA_ROOT}/raw/mucs2021/train/DP5j8CLDeL6HHHSX.wav,237.0,243.0,6.0,यह दूसरी वेल्यू है तो फिलहाल के लिए स्पेस रखते हैं ठीक है,hi,rvc,rvc_996368_00723.wav,4923
724,996368,177570,train,177570_jSNK2zDaIvyZsMZp_0045,${DATA_ROOT}/raw/mucs2021/train/jSNK2zDaIvyZsMZp.wav,201.0,208.0,7.0,आप देख सकते हैं कि पहले तीसरे arguments sunday monday और tuesday हैं,hi,rvc,rvc_996368_00724.wav,4924
725,996368,186783,train,186783_LFpbaXkb8HuQ6DnF_0043,${DATA_ROOT}/raw/mucs2021/train/LFpbaXkb8HuQ6DnF.wav,328.0,334.0,6.0,इस प्रकार लेखक के पास वापस जाने से पहले एक से अधिक व्यक्ति समान डॉक्युमेंट का संपादन कर सकते हैं,hi,rvc,rvc_996368_00725.wav,4925
726,996368,205240,train,205240_F4KjmwYhWvnpSE0m_0001,${DATA_ROOT}/raw/mucs2021/train/F4KjmwYhWvnpSE0m.wav,11.0,14.0,3.0,हम यहाँ अपने डेटाबेस से पहले ही जुड़ चुके हैं,hi,rvc,rvc_996368_00726.wav,4926
727,996368,322882,train,322882_XTscbPr78nzuHhuu_0043,${DATA_ROOT}/raw/mucs2021/train/XTscbPr78nzuHhuu.wav,282.0,288.0,6.0,आप देखेंगे कि पेजेस आसपास प्रदर्शित होते हैं,hi,rvc,rvc_996368_00727.wav,4927
728,996368,413057,train,413057_aKSsdMqkPfUWyYeS_0039,${DATA_ROOT}/raw/mucs2021/train/aKSsdMqkPfUWyYeS.wav,273.0,278.0,5.0,आप देखते हैं कि name sheet 2 input line पर प्रदर्शित होता है,hi,rvc,rvc_996368_00728.wav,4928
729,996368,445718,train,445718_H6Z2BkcyVtiuiN7A_0041,${DATA_ROOT}/raw/mucs2021/train/H6Z2BkcyVtiuiN7A.wav,269.0,274.0,5.0,उत्तर फिर से खुद negative में बदल जाता है,hi,rvc,rvc_996368_00729.wav,4929
730,996368,457295,train,457295_WgzliDtK6Htff0g2_0048,${DATA_ROOT}/raw/mucs2021/train/WgzliDtK6Htff0g2.wav,215.0,221.0,6.0,हमें सिर्फ draw द्वारा निर्मित field और value प्रविष्ट करनी है,hi,rvc,rvc_996368_00730.wav,4930
731,996368,539226,train,539226_vZGSoJPH1tbvsyCa_0000,${DATA_ROOT}/raw/mucs2021/train/vZGSoJPH1tbvsyCa.wav,0.0,11.0,11.0,यूज़र रजिस्ट्रेशन ट्यूटोरियल के पाँचवे भाग में आपका स्वागत है हम अपनी रजिस्ट्रेशन लॉगिन प्रक्रिया में कुछ अंशों और टुकड़ों को व्यवस्थित करेंगे,hi,rvc,rvc_996368_00731.wav,4931
732,996368,539354,train,539354_C3MtnFEDrRkWHSvJ_0040,${DATA_ROOT}/raw/mucs2021/train/C3MtnFEDrRkWHSvJ.wav,251.0,260.0,9.0,मैं replyto email id में stlibreoffice @gmail com भरूंगी,hi,rvc,rvc_996368_00732.wav,4932
733,996368,541304,train,541304_cyhxRWI0LoKYZvcw_0041,${DATA_ROOT}/raw/mucs2021/train/cyhxRWI0LoKYZvcw.wav,302.0,310.0,8.0,ठीक है अब सबसे नीचे next button पर क्लिक करके अगले step पर जाएँ,hi,rvc,rvc_996368_00733.wav,4933
734,996368,584991,train,584991_1ijxO93RTIJh2Rzv_0040,${DATA_ROOT}/raw/mucs2021/train/1ijxO93RTIJh2Rzv.wav,207.0,216.0,9.0,fill dropdown menu से color option चुनें blue 8 चुनें और ok पर click करें,hi,rvc,rvc_996368_00734.wav,4934
735,996368,634568,train,634568_jCgweujQVV5haVF1_0043,${DATA_ROOT}/raw/mucs2021/train/jCgweujQVV5haVF1.wav,233.0,239.0,6.0,त्रिकोण चुनें और context menu के लिए दायाँclick करें area पर click करें,hi,rvc,rvc_996368_00735.wav,4935
736,996368,705494,train,705494_fZcxLszRnIHxmVQp_0040,${DATA_ROOT}/raw/mucs2021/train/fZcxLszRnIHxmVQp.wav,230.0,234.0,4.0,default रूप से effects टैब प्रदर्शित होता है,hi,rvc,rvc_996368_00736.wav,4936
737,996368,797767,train,797767_TRInoJRJxAX3qv5C_0039,${DATA_ROOT}/raw/mucs2021/train/TRInoJRJxAX3qv5C.wav,271.0,277.0,6.0,आप देखते हैं कि name sheet 2 input line पर प्रदर्शित होता है,hi,rvc,rvc_996368_00737.wav,4937
738,996368,850754,train,850754_wOTMMvC3WQ5YQRAF_0042,${DATA_ROOT}/raw/mucs2021/train/wOTMMvC3WQ5YQRAF.wav,336.0,341.0,5.0,insert sheet heading के साथ एक dialog box opens होता है,hi,rvc,rvc_996368_00738.wav,4938
739,996368,870582,train,870582_crdH0AI5aH25bEXe_0046,${DATA_ROOT}/raw/mucs2021/train/crdH0AI5aH25bEXe.wav,237.0,242.0,5.0,यह ट्यूटोरियल के इस भाग को पूरी तरह से हटा देगा,hi,rvc,rvc_996368_00739.wav,4939
740,996368,876898,train,876898_RyQSvr4r4iAMTYXq_0040,${DATA_ROOT}/raw/mucs2021/train/RyQSvr4r4iAMTYXq.wav,240.0,248.0,8.0,एक popअप menu opens होता है जहाँ आप वह color चुन सकते हैं जिसे आप background में लागू करना चाहते हैं,hi,rvc,rvc_996368_00740.wav,4940
741,996368,893273,train,893273_8xh3ZKpPy5YhAnKX_0044,${DATA_ROOT}/raw/mucs2021/train/8xh3ZKpPy5YhAnKX.wav,206.0,212.0,6.0,आसमान से गिरती प्रत्येक मछली में एक अक्षर भी है,hi,rvc,rvc_996368_00741.wav,4941
742,996368,903756,train,903756_K3X6AGezGWAoDe1q_0044,${DATA_ROOT}/raw/mucs2021/train/K3X6AGezGWAoDe1q.wav,308.0,315.0,7.0,अतः हम member names कैसे दर्शायें जो members table में हैं,hi,rvc,rvc_996368_00742.wav,4942
743,996368,912184,train,912184_V11NDc0lxudGbWQU_0041,${DATA_ROOT}/raw/mucs2021/train/V11NDc0lxudGbWQU.wav,278.0,288.0,10.0,अब हमें जो कुछ भी हमारे टेबलतालिकासे चाहिए हम यहाँ चुनेंगे और हम कहेंगे सबकुछ सेलेक्ट करो जहाँ हमारा firstname alex से लेकर  lastname garrett है,hi,rvc,rvc_996368_00743.wav,4943
744,996368,975912,train,975912_1eNS3GaW1oHHurL4_0040,${DATA_ROOT}/raw/mucs2021/train/1eNS3GaW1oHHurL4.wav,276.0,285.0,9.0,देख रहा हूँ कि सबकुछ ठीक है हमारे पास मेरा to मेरा subject मेरा from:admin@phpacademycom नामक headers है,hi,rvc,rvc_996368_00744.wav,4944
745,996368,987461,train,987461_LSRBJiHdUoHm4BTI_0043,${DATA_ROOT}/raw/mucs2021/train/LSRBJiHdUoHm4BTI.wav,360.0,373.0,13.0,वापस जाएँ और कोड को चेक करें old password row  password query get,hi,rvc,rvc_996368_00745.wav,4945
746,996368,106718,train,106718_vE1rhq3ojNKZvQNv_0047,${DATA_ROOT}/raw/mucs2021/train/vE1rhq3ojNKZvQNv.wav,213.0,218.0,5.0,हम lines and arrows option का उपयोग करके भी arrows बना सकते हैं,hi,rvc,rvc_996368_00746.wav,4946
747,996368,142970,train,142970_DP5j8CLDeL6HHHSX_0041,${DATA_ROOT}/raw/mucs2021/train/DP5j8CLDeL6HHHSX.wav,243.0,246.0,3.0,तो यहाँ जो चाहते हैं वो जोड़ सकते हैं यह एक एस्ट्रिक हो सकता है,hi,rvc,rvc_996368_00747.wav,4947
748,996368,177570,train,177570_jSNK2zDaIvyZsMZp_0046,${DATA_ROOT}/raw/mucs2021/train/jSNK2zDaIvyZsMZp.wav,208.0,213.0,5.0,अब अपने editor पर वापस आते हैं enter दबाएं,hi,rvc,rvc_996368_00748.wav,4948
749,996368,186783,train,186783_LFpbaXkb8HuQ6DnF_0044,${DATA_ROOT}/raw/mucs2021/train/LFpbaXkb8HuQ6DnF.wav,334.0,344.0,10.0,इसे सेव किये बिना डॉक्युमेंट बंद करें,hi,rvc,rvc_996368_00749.wav,4949
750,996368,205240,train,205240_F4KjmwYhWvnpSE0m_0002,${DATA_ROOT}/raw/mucs2021/train/F4KjmwYhWvnpSE0m.wav,14.0,23.0,9.0,हम यहाँ पहले ही जुड़ चुके हैं तो फिर से जोड़ने की आवश्यकता नहीं है क्योंकि यह कमांड पहले ही फिर से जारी हो चुकी है,hi,rvc,rvc_996368_00750.wav,4950
751,106718,142970,train,142970_DP5j8CLDeL6HHHSX_0043,${DATA_ROOT}/raw/mucs2021/train/DP5j8CLDeL6HHHSX.wav,251.0,256.0,5.0,explode और फिर स्ट्रिंग का नाम,hi,rvc,rvc_106718_00751.wav,4951
752,106718,177570,train,177570_jSNK2zDaIvyZsMZp_0048,${DATA_ROOT}/raw/mucs2021/train/jSNK2zDaIvyZsMZp.wav,217.0,221.0,4.0,dollar 12 बारहवाँ यानी twelfth argument दर्शाता है,hi,rvc,rvc_106718_00752.wav,4952
753,106718,186783,train,186783_LFpbaXkb8HuQ6DnF_0047,${DATA_ROOT}/raw/mucs2021/train/LFpbaXkb8HuQ6DnF.wav,371.0,382.0,11.0,बिंदु 2 पर जाएँ और डिलीट किये गये टेक्स्ट reasons पर राइट क्लिक करें तथा accept change चुनें,hi,rvc,rvc_106718_00753.wav,4953
754,106718,205240,train,205240_F4KjmwYhWvnpSE0m_0004,${DATA_ROOT}/raw/mucs2021/train/F4KjmwYhWvnpSE0m.wav,30.0,36.0,6.0,अब यह कोड का नया भाग है अतः मैं नीचे स्क्रोल करूँगा जिससे कि आप इसे आसानी से देख सकें,hi,rvc,rvc_106718_00754.wav,4954
755,106718,322882,train,322882_XTscbPr78nzuHhuu_0046,${DATA_ROOT}/raw/mucs2021/train/XTscbPr78nzuHhuu.wav,311.0,320.0,9.0,हम पेज में zoom करने के लिए zoom slider को right में या अधिक पेजेस दिखाने के लिए left में भी drag कर सकते हैं,hi,rvc,rvc_106718_00755.wav,4955
756,106718,413057,train,413057_aKSsdMqkPfUWyYeS_0042,${DATA_ROOT}/raw/mucs2021/train/aKSsdMqkPfUWyYeS.wav,291.0,295.0,4.0,hyperlink dialog प्रदर्शित होता है,hi,rvc,rvc_106718_00756.wav,4956
757,106718,445718,train,445718_H6Z2BkcyVtiuiN7A_0044,${DATA_ROOT}/raw/mucs2021/train/H6Z2BkcyVtiuiN7A.wav,283.0,297.0,14.0,basic arithmetic functions सम्मिलित करते हैं,hi,rvc,rvc_106718_00757.wav,4957
758,106718,457295,train,457295_WgzliDtK6Htff0g2_0052,${DATA_ROOT}/raw/mucs2021/train/WgzliDtK6Htff0g2.wav,235.0,241.0,6.0,अब box को drag करें और इसे पेज के दाएँ कोने में नीचे रखें,hi,rvc,rvc_106718_00758.wav,4958
759,106718,539226,train,539226_vZGSoJPH1tbvsyCa_0003,${DATA_ROOT}/raw/mucs2021/train/vZGSoJPH1tbvsyCa.wav,24.0,33.0,9.0,देखते हैं यदि मैं लॉगिन कर सकता हूँ लिखते हैं username alex है और मेरा पासवर्ड वह पासवर्ड जो मैंने इस्तेमाल किया था,hi,rvc,rvc_106718_00759.wav,4959
760,106718,539354,train,539354_C3MtnFEDrRkWHSvJ_0043,${DATA_ROOT}/raw/mucs2021/train/C3MtnFEDrRkWHSvJ.wav,274.0,282.0,8.0,यदि यह खाली छोड़ दिया गया है तो सभी बाउंस messages ऊपर दिए गए email id पर जाएंगे,hi,rvc,rvc_106718_00760.wav,4960
761,106718,541304,train,541304_cyhxRWI0LoKYZvcw_0044,${DATA_ROOT}/raw/mucs2021/train/cyhxRWI0LoKYZvcw.wav,326.0,335.0,9.0,यह भी ध्यान दें कि हम background window में एक orange background में books table देख सकते हैं,hi,rvc,rvc_106718_00761.wav,4961
762,106718,584991,train,584991_1ijxO93RTIJh2Rzv_0043,${DATA_ROOT}/raw/mucs2021/train/1ijxO93RTIJh2Rzv.wav,232.0,237.0,5.0,add सीखते हैं कि इस प्रस्तुति में अन्य डिजाइन एलिमेन्ट्स कैसे जोड़ें,hi,rvc,rvc_106718_00762.wav,4962
763,106718,634568,train,634568_jCgweujQVV5haVF1_0046,${DATA_ROOT}/raw/mucs2021/train/jCgweujQVV5haVF1.wav,245.0,252.0,7.0,fill dropdown पर click करें और color पर click करें अब blue 7 चुनें,hi,rvc,rvc_106718_00763.wav,4963
764,106718,705494,train,705494_fZcxLszRnIHxmVQp_0043,${DATA_ROOT}/raw/mucs2021/train/fZcxLszRnIHxmVQp.wav,248.0,252.0,4.0,dialog box को बंद करने के लिए ok पर click करें,hi,rvc,rvc_106718_00764.wav,4964
765,106718,797767,train,797767_TRInoJRJxAX3qv5C_0042,${DATA_ROOT}/raw/mucs2021/train/TRInoJRJxAX3qv5C.wav,290.0,293.0,3.0,hyperlink dialog प्रदर्शित होता है,hi,rvc,rvc_106718_00765.wav,4965
766,106718,850754,train,850754_wOTMMvC3WQ5YQRAF_0045,${DATA_ROOT}/raw/mucs2021/train/wOTMMvC3WQ5YQRAF.wav,361.0,369.0,8.0,अब ok button पर click करें हम देखते हैं कि हमारी वर्त्तमान sheet के बाद now sheet जुडी है,hi,rvc,rvc_106718_00766.wav,4966
767,106718,870582,train,870582_crdH0AI5aH25bEXe_0049,${DATA_ROOT}/raw/mucs2021/train/crdH0AI5aH25bEXe.wav,254.0,266.0,12.0,किन्तु पीछे ब्राउज़ पर जाकर और नीचे स्क्रोल करके हम देख सकते हैं चलिए इनमें से 1 को डिलीट कर देते हैं हम देख सकते हैं कि जो डेटा मैंने अभी विनिर्दिष्ट किया वह डेटाबेस में रख दिया गया है,hi,rvc,rvc_106718_00767.wav,4967
768,106718,876898,train,876898_RyQSvr4r4iAMTYXq_0043,${DATA_ROOT}/raw/mucs2021/train/RyQSvr4r4iAMTYXq.wav,256.0,261.0,5.0,calc text के multiple lines को फॉर्मेट करने के लिए विविध options प्रदान करता है,hi,rvc,rvc_106718_00768.wav,4968
769,106718,893273,train,893273_8xh3ZKpPy5YhAnKX_0047,${DATA_ROOT}/raw/mucs2021/train/8xh3ZKpPy5YhAnKX.wav,222.0,227.0,5.0,अब अक्षर टाइप करें जो गिरने वाली मछली का हिस्सा नहीं है क्या होता है,hi,rvc,rvc_106718_00769.wav,4969
770,106718,903756,train,903756_K3X6AGezGWAoDe1q_0049,${DATA_ROOT}/raw/mucs2021/train/K3X6AGezGWAoDe1q.wav,362.0,372.0,10.0,अतः members table और memberid column को जोड़ने के लिए इस्तेमाल किये गये दूसरे जोड़ पर ध्यान दीजिये,hi,rvc,rvc_106718_00770.wav,4970
771,106718,912184,train,912184_V11NDc0lxudGbWQU_0044,${DATA_ROOT}/raw/mucs2021/train/V11NDc0lxudGbWQU.wav,308.0,311.0,3.0,जन्मतिथि से लेकर gender मेरी id से मेरा firstname और lastname तक,hi,rvc,rvc_106718_00771.wav,4971
772,106718,975912,train,975912_1eNS3GaW1oHHurL4_0043,${DATA_ROOT}/raw/mucs2021/train/1eNS3GaW1oHHurL4.wav,298.0,309.0,11.0,यदि मैं मेरे हॉटमेल और ईमेल पर आता हूँ और मेरे इनबॉक्स पर क्लिक करता हूँ आप देख सकते हैं कि हमें अभी admin @ phpacademy dot com से एक मेल मिला है,hi,rvc,rvc_106718_00772.wav,4972
773,106718,987461,train,987461_LSRBJiHdUoHm4BTI_0049,${DATA_ROOT}/raw/mucs2021/train/LSRBJiHdUoHm4BTI.wav,453.0,465.0,12.0,मैं हमेशा की तरह फिर से लॉगिन करूँगा और जल्दी से मेरा पासवर्ड बदल दूँगा मैं सही से अपने पुराने पासवर्ड को डालूँगा और मेरे दोनों नये पासवर्ड के लिए क्रमरहित टेक्स्ट डालूँगा,hi,rvc,rvc_106718_00773.wav,4973
774,106718,996368,train,996368_n4ACC4gnqW0IM1wW_0042,${DATA_ROOT}/raw/mucs2021/train/n4ACC4gnqW0IM1wW.wav,299.0,307.0,8.0,ध्यान दें कि आप अपने mrcडेटा के अनुसार अपने koha interface पर अलग वैल्यू देखेंगे,hi,rvc,rvc_106718_00774.wav,4974
775,106718,142970,train,142970_DP5j8CLDeL6HHHSX_0047,${DATA_ROOT}/raw/mucs2021/train/DP5j8CLDeL6HHHSX.wav,262.0,266.0,4.0,अरै अभी अरै को एको कर रहे हैं,hi,rvc,rvc_106718_00775.wav,4975
776,106718,177570,train,177570_jSNK2zDaIvyZsMZp_0049,${DATA_ROOT}/raw/mucs2021/train/jSNK2zDaIvyZsMZp.wav,221.0,226.0,5.0,9 से बड़ा एक argument लिखने के लिए हमें curly brackets प्रयोग करने की ज़रुरत है,hi,rvc,rvc_106718_00776.wav,4976
777,106718,186783,train,186783_LFpbaXkb8HuQ6DnF_0048,${DATA_ROOT}/raw/mucs2021/train/LFpbaXkb8HuQ6DnF.wav,382.0,387.0,5.0,आप देखेंगे कि टेक्स्ट डिलीट हो गया है जिस बदलाव को समीक्षक ने सुझाया है,hi,rvc,rvc_106718_00777.wav,4977
778,106718,205240,train,205240_F4KjmwYhWvnpSE0m_0005,${DATA_ROOT}/raw/mucs2021/train/F4KjmwYhWvnpSE0m.wav,36.0,44.0,8.0,यह  update है  अतः मैं  update users लिख रहा हूँ जो आप देख सकते हैं कि हमारी टेबल है – अतः अपनी users टेबल को अपडेट करने के लिए,hi,rvc,rvc_106718_00778.wav,4978
779,106718,322882,train,322882_XTscbPr78nzuHhuu_0047,${DATA_ROOT}/raw/mucs2021/train/XTscbPr78nzuHhuu.wav,320.0,328.0,8.0,लिबर ऑफिस writer में printing के बारे में सीखने से पहले चलिए page preview के बारे में कुछ सीखते हैं,hi,rvc,rvc_106718_00779.wav,4979
780,106718,413057,train,413057_aKSsdMqkPfUWyYeS_0043,${DATA_ROOT}/raw/mucs2021/train/aKSsdMqkPfUWyYeS.wav,295.0,299.0,4.0,बायीं तरफ document option चुनें,hi,rvc,rvc_106718_00780.wav,4980
781,106718,445718,train,445718_H6Z2BkcyVtiuiN7A_0045,${DATA_ROOT}/raw/mucs2021/train/H6Z2BkcyVtiuiN7A.wav,297.0,305.0,8.0,अब sum product और quotient functions कैसे sum करते हैं यह जाँचने के लिए कुछ operations करते हैं,hi,rvc,rvc_106718_00781.wav,4981
782,106718,457295,train,457295_WgzliDtK6Htff0g2_0053,${DATA_ROOT}/raw/mucs2021/train/WgzliDtK6Htff0g2.wav,241.0,247.0,6.0,number box को आसानी से स्थानांतरित करने के लिए number box चुनें और shift की दबाएँ,hi,rvc,rvc_106718_00782.wav,4982
783,106718,539226,train,539226_vZGSoJPH1tbvsyCa_0004,${DATA_ROOT}/raw/mucs2021/train/vZGSoJPH1tbvsyCa.wav,33.0,37.0,4.0,मैं देख सकता हूँ कि जब मैं login पर क्लिक करता हूँ फिर से incorrect password,hi,rvc,rvc_106718_00783.wav,4983
784,106718,539354,train,539354_C3MtnFEDrRkWHSvJ_0044,${DATA_ROOT}/raw/mucs2021/train/C3MtnFEDrRkWHSvJ.wav,282.0,288.0,6.0,तो मूल रूप से तीन अलगअलग email ids का उपयोग किया जा सकता है,hi,rvc,rvc_106718_00784.wav,4984
785,106718,541304,train,541304_cyhxRWI0LoKYZvcw_0045,${DATA_ROOT}/raw/mucs2021/train/cyhxRWI0LoKYZvcw.wav,335.0,344.0,9.0,arrangement of the main form नामक label के नीचे चार icons पर click करें,hi,rvc,rvc_106718_00785.wav,4985
786,106718,584991,train,584991_1ijxO93RTIJh2Rzv_0044,${DATA_ROOT}/raw/mucs2021/train/1ijxO93RTIJh2Rzv.wav,237.0,241.0,4.0,उदाहरणस्वरूप आप अपनी प्रस्तुति में एक logo जोड़ सकते हैं,hi,rvc,rvc_106718_00786.wav,4986
787,106718,634568,train,634568_jCgweujQVV5haVF1_0047,${DATA_ROOT}/raw/mucs2021/train/jCgweujQVV5haVF1.wav,252.0,258.0,6.0,यह formatting और logo default रूप से सभी बनाये गये notes के लिए होंगे,hi,rvc,rvc_106718_00787.wav,4987
788,106718,705494,train,705494_fZcxLszRnIHxmVQp_0044,${DATA_ROOT}/raw/mucs2021/train/fZcxLszRnIHxmVQp.wav,252.0,257.0,5.0,जिसे आपने जोड़ा है उस animation का निरीक्षण करने के लिए play button पर click करें,hi,rvc,rvc_106718_00788.wav,4988
789,106718,797767,train,797767_TRInoJRJxAX3qv5C_0043,${DATA_ROOT}/raw/mucs2021/train/TRInoJRJxAX3qv5C.wav,293.0,297.0,4.0,बायीं तरफ document option चुनें,hi,rvc,rvc_106718_00789.wav,4989
790,106718,850754,train,850754_wOTMMvC3WQ5YQRAF_0046,${DATA_ROOT}/raw/mucs2021/train/wOTMMvC3WQ5YQRAF.wav,369.0,379.0,10.0,एक अन्य तरीका नई sheet जोड़ने का यह है कि calc window के बाएं ओर नीचे वर्त्तमान sheet टैब पर right क्लिक करें insert sheet option पर क्लिक करें,hi,rvc,rvc_106718_00790.wav,4990
791,106718,870582,train,870582_crdH0AI5aH25bEXe_0050,${DATA_ROOT}/raw/mucs2021/train/crdH0AI5aH25bEXe.wav,266.0,273.0,7.0,वास्तव में मैंने क्या किया है कि मैंने वर्तमान तिथि के रूप में मेरी जन्म तिथि को रख दिया जो मैं नहीं करना चाहता था,hi,rvc,rvc_106718_00791.wav,4991
792,106718,876898,train,876898_RyQSvr4r4iAMTYXq_0044,${DATA_ROOT}/raw/mucs2021/train/RyQSvr4r4iAMTYXq.wav,261.0,265.0,4.0,पहला automatic wrapping का उपयोग करके,hi,rvc,rvc_106718_00792.wav,4992
793,106718,893273,train,893273_8xh3ZKpPy5YhAnKX_0048,${DATA_ROOT}/raw/mucs2021/train/8xh3ZKpPy5YhAnKX.wav,227.0,232.0,5.0,अक्षर वैसे ही सफेद रहते हैं जो संकेत करते हैं कि आपको उन्हें सही तरीके से टाइप करने की आवश्यकता है,hi,rvc,rvc_106718_00793.wav,4993
794,106718,903756,train,903756_K3X6AGezGWAoDe1q_0051,${DATA_ROOT}/raw/mucs2021/train/K3X6AGezGWAoDe1q.wav,374.0,380.0,6.0,यहाँ member names पुस्तकों के साथ हैं जो उन्हें जारी की गयी हैं,hi,rvc,rvc_106718_00794.wav,4994
795,106718,912184,train,912184_V11NDc0lxudGbWQU_0045,${DATA_ROOT}/raw/mucs2021/train/V11NDc0lxudGbWQU.wav,311.0,319.0,8.0,अतः हम समझ चुके हैं कि यह इस समय केवल एक ही रिकार्डअभिलेखचुनेगा अतः हमें id से ऑर्डर करने की आवश्यकता नहीं है,hi,rvc,rvc_106718_00795.wav,4995
796,106718,975912,train,975912_1eNS3GaW1oHHurL4_0044,${DATA_ROOT}/raw/mucs2021/train/1eNS3GaW1oHHurL4.wav,309.0,317.0,8.0,यदि हम इस पर क्लिक करते हैं हमें अपनी सब्जेक्ट लाइन में email from phpacademy मिलता है जिसे हमने यहाँ सेट किया है,hi,rvc,rvc_106718_00796.wav,4996
797,106718,987461,train,987461_LSRBJiHdUoHm4BTI_0050,${DATA_ROOT}/raw/mucs2021/train/LSRBJiHdUoHm4BTI.wav,465.0,469.0,4.0,आप देख सकते हैं कि मेरे दोनों नये पासवर्ड्स का मिलान नहीं हो रहा है,hi,rvc,rvc_106718_00797.wav,4997
798,106718,996368,train,996368_n4ACC4gnqW0IM1wW_0043,${DATA_ROOT}/raw/mucs2021/train/n4ACC4gnqW0IM1wW.wav,307.0,318.0,11.0,इस पेज पर शीर्षक के ऊपर आप दो ऑप्शन्स देखेंगे,hi,rvc,rvc_106718_00798.wav,4998
799,106718,142970,train,142970_DP5j8CLDeL6HHHSX_0048,${DATA_ROOT}/raw/mucs2021/train/DP5j8CLDeL6HHHSX.wav,266.0,270.0,4.0,आप स्पष्ट रूप से देख सकते हैं कि मैंने सिर्फ एक अरै को एको किया है,hi,rvc,rvc_106718_00799.wav,4999
800,106718,177570,train,177570_jSNK2zDaIvyZsMZp_0050,${DATA_ROOT}/raw/mucs2021/train/jSNK2zDaIvyZsMZp.wav,226.0,233.0,7.0,अन्यथा bash केवल ten s place यानी दहाई स्थान के integer का argument लेगा,hi,rvc,rvc_106718_00800.wav,5000
801,106718,186783,train,186783_LFpbaXkb8HuQ6DnF_0049,${DATA_ROOT}/raw/mucs2021/train/LFpbaXkb8HuQ6DnF.wav,387.0,394.0,7.0,प्रविष्ट टेक्स्ट needs पर राइट क्लिक करें और accept change चुनें,hi,rvc,rvc_106718_00801.wav,5001
802,106718,205240,train,205240_F4KjmwYhWvnpSE0m_0006,${DATA_ROOT}/raw/mucs2021/train/F4KjmwYhWvnpSE0m.wav,44.0,51.0,7.0,मैं set password equal to new password लिखूँगा,hi,rvc,rvc_106718_00802.wav,5002
803,106718,322882,train,322882_XTscbPr78nzuHhuu_0048,${DATA_ROOT}/raw/mucs2021/train/XTscbPr78nzuHhuu.wav,328.0,332.0,4.0,file पर click करें और page preview को प्वॉइंट करें,hi,rvc,rvc_106718_00803.wav,5003
804,106718,413057,train,413057_aKSsdMqkPfUWyYeS_0044,${DATA_ROOT}/raw/mucs2021/train/aKSsdMqkPfUWyYeS.wav,299.0,304.0,5.0,dialog box में target in document icon पर click करें,hi,rvc,rvc_106718_00804.wav,5004
805,106718,445718,train,445718_H6Z2BkcyVtiuiN7A_0046,${DATA_ROOT}/raw/mucs2021/train/H6Z2BkcyVtiuiN7A.wav,305.0,308.0,3.0,सबसे पहले sheet 3 चुनें,hi,rvc,rvc_106718_00805.wav,5005
806,106718,457295,train,457295_WgzliDtK6Htff0g2_0054,${DATA_ROOT}/raw/mucs2021/train/WgzliDtK6Htff0g2.wav,247.0,251.0,4.0,अब इसे आगे नीचे बढ़ाएँ,hi,rvc,rvc_106718_00806.wav,5006
807,106718,539226,train,539226_vZGSoJPH1tbvsyCa_0005,${DATA_ROOT}/raw/mucs2021/train/vZGSoJPH1tbvsyCa.wav,37.0,40.0,3.0,इसका यह मतलब नहीं है कि मेरा यूज़रनेम नहीं मिला,hi,rvc,rvc_106718_00807.wav,5007
808,106718,539354,train,539354_C3MtnFEDrRkWHSvJ_0047,${DATA_ROOT}/raw/mucs2021/train/C3MtnFEDrRkWHSvJ.wav,292.0,295.0,3.0,returnpath,hi,rvc,rvc_106718_00808.wav,5008
809,106718,541304,train,541304_cyhxRWI0LoKYZvcw_0046,${DATA_ROOT}/raw/mucs2021/train/cyhxRWI0LoKYZvcw.wav,344.0,357.0,13.0,जैसे ही हम click कर रहे हैं हम देख रहे हैं कि labels और टाइटल रचयिता आदि नामक text boxes की व्यवस्था बदल रही है,hi,rvc,rvc_106718_00809.wav,5009
810,106718,584991,train,584991_1ijxO93RTIJh2Rzv_0045,${DATA_ROOT}/raw/mucs2021/train/1ijxO93RTIJh2Rzv.wav,241.0,246.0,5.0,अपनी screen के नीचे basic shapes toolbar को देखें,hi,rvc,rvc_106718_00810.wav,5010
811,106718,634568,train,634568_jCgweujQVV5haVF1_0049,${DATA_ROOT}/raw/mucs2021/train/jCgweujQVV5haVF1.wav,260.0,265.0,5.0,master view toolbar में close master view पर click करें,hi,rvc,rvc_106718_00811.wav,5011
812,106718,705494,train,705494_fZcxLszRnIHxmVQp_0045,${DATA_ROOT}/raw/mucs2021/train/fZcxLszRnIHxmVQp.wav,257.0,264.0,7.0,इस animation पर फिर से doubleclick करें effect options dialog box दिखाई देता है,hi,rvc,rvc_106718_00812.wav,5012
813,106718,797767,train,797767_TRInoJRJxAX3qv5C_0044,${DATA_ROOT}/raw/mucs2021/train/TRInoJRJxAX3qv5C.wav,297.0,302.0,5.0,dialog box में target in document icon पर click करें,hi,rvc,rvc_106718_00813.wav,5013
814,106718,850754,train,850754_wOTMMvC3WQ5YQRAF_0047,${DATA_ROOT}/raw/mucs2021/train/wOTMMvC3WQ5YQRAF.wav,379.0,391.0,12.0,आप स्थान शीट्स की संख्या name चुन सकते हैं और फिर ok button पर click करें परिणामस्वरूप यह sheets जोड़ेगा,hi,rvc,rvc_106718_00814.wav,5014
815,106718,870582,train,870582_crdH0AI5aH25bEXe_0051,${DATA_ROOT}/raw/mucs2021/train/crdH0AI5aH25bEXe.wav,273.0,279.0,6.0,मैं वर्तमान तिथि के रूप में मेरी जन्म तिथि नहीं चाहता हूँ क्योंकि मेरा जन्म आज नहीं हुआ,hi,rvc,rvc_106718_00815.wav,5015
816,106718,876898,train,876898_RyQSvr4r4iAMTYXq_0045,${DATA_ROOT}/raw/mucs2021/train/RyQSvr4r4iAMTYXq.wav,265.0,272.0,7.0,automatic wrapping उपयोगकर्ता को एक ही cell में text की multiple lines enter करने के लिए अनुमति देता है,hi,rvc,rvc_106718_00816.wav,5016
817,106718,893273,train,893273_8xh3ZKpPy5YhAnKX_0049,${DATA_ROOT}/raw/mucs2021/train/8xh3ZKpPy5YhAnKX.wav,232.0,235.0,3.0,जब तक आप चाहो तब तक खेल ज़ारी रख सकते हैं,hi,rvc,rvc_106718_00817.wav,5017
818,106718,903756,train,903756_K3X6AGezGWAoDe1q_0052,${DATA_ROOT}/raw/mucs2021/train/K3X6AGezGWAoDe1q.wav,380.0,386.0,6.0,अगला aggregates और grouping के बारे में सीखते हैं,hi,rvc,rvc_106718_00818.wav,5018
819,106718,912184,train,912184_V11NDc0lxudGbWQU_0046,${DATA_ROOT}/raw/mucs2021/train/V11NDc0lxudGbWQU.wav,319.0,324.0,5.0,लेकिन फिर भी मैं इसे ऐसे ही रखूँगा क्योंकि यहाँ केवल एक ही रिकार्डअभिलेख है,hi,rvc,rvc_106718_00819.wav,5019
820,106718,975912,train,975912_1eNS3GaW1oHHurL4_0045,${DATA_ROOT}/raw/mucs2021/train/1eNS3GaW1oHHurL4.wav,317.0,322.0,5.0,और हमारे पास ईमेल पता है जिसे मैंने निर्दिष्ट किया है,hi,rvc,rvc_106718_00820.wav,5020
821,106718,987461,train,987461_LSRBJiHdUoHm4BTI_0051,${DATA_ROOT}/raw/mucs2021/train/LSRBJiHdUoHm4BTI.wav,469.0,473.0,4.0,हमने इसे पहले से ही एको कर दिया हैअतः अब हम इसे डिलीट कर देते हैं,hi,rvc,rvc_106718_00821.wav,5021
822,106718,996368,train,996368_n4ACC4gnqW0IM1wW_0044,${DATA_ROOT}/raw/mucs2021/train/n4ACC4gnqW0IM1wW.wav,318.0,328.0,10.0,ध्यान दें कि मैं stage marc records पर क्लिक नहीं करूंगा क्योंकि मैंने पहले ही excel फाइल अर्थात testdata को इंपोर्ट किया है,hi,rvc,rvc_106718_00822.wav,5022
823,106718,142970,train,142970_DP5j8CLDeL6HHHSX_0049,${DATA_ROOT}/raw/mucs2021/train/DP5j8CLDeL6HHHSX.wav,270.0,275.0,5.0,हम यह कह सकते हैं कि यह अरै पर सेट किया है क्योंकि यह हमने अपने अरै के बुनियादी ट्यूटोरियल में सीखा था,hi,rvc,rvc_106718_00823.wav,5023
824,106718,177570,train,177570_jSNK2zDaIvyZsMZp_0051,${DATA_ROOT}/raw/mucs2021/train/jSNK2zDaIvyZsMZp.wav,233.0,237.0,4.0,और आप अपेक्षित output प्राप्त नहीं करेंगे,hi,rvc,rvc_106718_00824.wav,5024
825,106718,186783,train,186783_LFpbaXkb8HuQ6DnF_0050,${DATA_ROOT}/raw/mucs2021/train/LFpbaXkb8HuQ6DnF.wav,394.0,399.0,5.0,आप देखेंगे कि टेक्स्ट सामान्य हो गया है जिस बदलाव को समीक्षक ने सुझाया है,hi,rvc,rvc_106718_00825.wav,5025
826,106718,205240,train,205240_F4KjmwYhWvnpSE0m_0007,${DATA_ROOT}/raw/mucs2021/train/F4KjmwYhWvnpSE0m.wav,51.0,56.0,5.0,सुनिश्चित कर लें कि मैं यहाँ उद्धरणचिह्नों का इस्तेमाल करूँ,hi,rvc,rvc_106718_00826.wav,5026
827,106718,322882,train,322882_XTscbPr78nzuHhuu_0049,${DATA_ROOT}/raw/mucs2021/train/XTscbPr78nzuHhuu.wav,332.0,338.0,6.0,page preview bar दिखता है जब आप पेज प्रिव्यू mode में वर्तमान document देखते हैं,hi,rvc,rvc_106718_00827.wav,5027
828,106718,413057,train,413057_aKSsdMqkPfUWyYeS_0045,${DATA_ROOT}/raw/mucs2021/train/aKSsdMqkPfUWyYeS.wav,304.0,308.0,4.0,एक नया target in document dialog प्रदर्शित होता है,hi,rvc,rvc_106718_00828.wav,5028
829,106718,445718,train,445718_H6Z2BkcyVtiuiN7A_0047,${DATA_ROOT}/raw/mucs2021/train/H6Z2BkcyVtiuiN7A.wav,308.0,319.0,11.0,b1 b2 और b3 से उल्लिखित सेलों के अंदर 50 100 और 150 की संख्या क्रमशः प्रविष्ट करें,hi,rvc,rvc_106718_00829.wav,5029
830,106718,457295,train,457295_WgzliDtK6Htff0g2_0055,${DATA_ROOT}/raw/mucs2021/train/WgzliDtK6Htff0g2.wav,251.0,257.0,6.0,यदि अगला number इस draw file के दूसरे पेज पर प्रविष्ट हो चुका है तो इसे जाँच लें,hi,rvc,rvc_106718_00830.wav,5030
831,106718,539226,train,539226_vZGSoJPH1tbvsyCa_0006,${DATA_ROOT}/raw/mucs2021/train/vZGSoJPH1tbvsyCa.wav,40.0,50.0,10.0,मैं username में यह टाइप करता हूँ और मेरा पासवर्ड टाइप करता हूँ यह दर्शाएगा that user doesnt exists!,hi,rvc,rvc_106718_00831.wav,5031
832,106718,539354,train,539354_C3MtnFEDrRkWHSvJ_0048,${DATA_ROOT}/raw/mucs2021/train/C3MtnFEDrRkWHSvJ.wav,295.0,304.0,9.0,हालांकि यदि केवल एक email id प्रदान किया जाता है तो default रूप से koha इसे सभी तीन fields के लिए उपयोग करेगा,hi,rvc,rvc_106718_00832.wav,5032
833,106718,541304,train,541304_cyhxRWI0LoKYZvcw_0047,${DATA_ROOT}/raw/mucs2021/train/cyhxRWI0LoKYZvcw.wav,357.0,368.0,11.0,columnar – labels left नामक पहले क्रम arrangement का उपयोग करें और पहले icon पर click करें,hi,rvc,rvc_106718_00833.wav,5033
834,106718,584991,train,584991_1ijxO93RTIJh2Rzv_0046,${DATA_ROOT}/raw/mucs2021/train/1ijxO93RTIJh2Rzv.wav,246.0,256.0,10.0,आप इसका उपयोग विभिन्न बुनियादी आकार बनाने के लिए कर सकते हैं जैसे वृत्त समचतुर्भुज squares आयत त्रिकोण और अंडाकार वृत्त,hi,rvc,rvc_106718_00834.wav,5034
835,106718,634568,train,634568_jCgweujQVV5haVF1_0050,${DATA_ROOT}/raw/mucs2021/train/jCgweujQVV5haVF1.wav,265.0,269.0,4.0,मुख्य main में notes टैब पर click करें,hi,rvc,rvc_106718_00835.wav,5035
836,106718,705494,train,705494_fZcxLszRnIHxmVQp_0047,${DATA_ROOT}/raw/mucs2021/train/fZcxLszRnIHxmVQp.wav,266.0,279.0,13.0,delay field में delay को 10 sec तक बढाएँ इसमें animation शुरूआत के प्रभाव एक सैकंड के बाद हैं ok पर click करें,hi,rvc,rvc_106718_00836.wav,5036
837,106718,797767,train,797767_TRInoJRJxAX3qv5C_0045,${DATA_ROOT}/raw/mucs2021/train/TRInoJRJxAX3qv5C.wav,302.0,306.0,4.0,एक नया target in document dialog प्रदर्शित होता है,hi,rvc,rvc_106718_00837.wav,5037
838,106718,850754,train,850754_wOTMMvC3WQ5YQRAF_0048,${DATA_ROOT}/raw/mucs2021/train/wOTMMvC3WQ5YQRAF.wav,391.0,403.0,12.0,एक अन्य सरल तरीका वर्त्तमान sheet के बाद नई sheet जोड़ने का यह है कि sheet टैब के बाद दिए गए add sheet button पर क्लिक करें जिसे plus + चिन्ह द्वारा बताया गया है,hi,rvc,rvc_106718_00838.wav,5038
839,106718,870582,train,870582_crdH0AI5aH25bEXe_0052,${DATA_ROOT}/raw/mucs2021/train/crdH0AI5aH25bEXe.wav,279.0,283.0,4.0,मेरा firstname ठीक है मेरा lastname ठीक है मेरा gender सही है,hi,rvc,rvc_106718_00839.wav,5039
840,106718,876898,train,876898_RyQSvr4r4iAMTYXq_0046,${DATA_ROOT}/raw/mucs2021/train/RyQSvr4r4iAMTYXq.wav,272.0,275.0,3.0,अतः देखते हैं कि यह कैसे कार्यान्वित होता है,hi,rvc,rvc_106718_00840.wav,5040
841,106718,893273,train,893273_8xh3ZKpPy5YhAnKX_0050,${DATA_ROOT}/raw/mucs2021/train/8xh3ZKpPy5YhAnKX.wav,235.0,240.0,5.0,गेम्स मेन्यू में वापस जाने के लिए escape बटन दो बार दबाएँ,hi,rvc,rvc_106718_00841.wav,5041
842,106718,903756,train,903756_K3X6AGezGWAoDe1q_0053,${DATA_ROOT}/raw/mucs2021/train/K3X6AGezGWAoDe1q.wav,386.0,391.0,5.0,how librarry के सभी सदस्यों की गिनती कैसे प्राप्त कर सकते हैं,hi,rvc,rvc_106718_00842.wav,5042
843,106718,912184,train,912184_V11NDc0lxudGbWQU_0047,${DATA_ROOT}/raw/mucs2021/train/V11NDc0lxudGbWQU.wav,324.0,327.0,3.0,ऑर्डरorder करना कोई विषय नहीं हैअतः हम इसे अभी इसी तरह से छोड़ सकते हैं,hi,rvc,rvc_106718_00843.wav,5043
844,106718,975912,train,975912_1eNS3GaW1oHHurL4_0046,${DATA_ROOT}/raw/mucs2021/train/1eNS3GaW1oHHurL4.wav,322.0,327.0,5.0,आप इसे इसी तरह ऐलेक्स से या phpacademy से रख सकते हैं,hi,rvc,rvc_106718_00844.wav,5044
845,106718,987461,train,987461_LSRBJiHdUoHm4BTI_0052,${DATA_ROOT}/raw/mucs2021/train/LSRBJiHdUoHm4BTI.wav,473.0,478.0,5.0,अतः मानते हैं कि मेरे पासवर्ड का मिलान हो रहा है मैं इस सक्सेस मेसेज को डिलीट करता हूँ,hi,rvc,rvc_106718_00845.wav,5045
846,106718,996368,train,996368_n4ACC4gnqW0IM1wW_0045,${DATA_ROOT}/raw/mucs2021/train/n4ACC4gnqW0IM1wW.wav,328.0,338.0,10.0,यदि आपको किसी अन्य फाइल को इंपोर्ट करने की आवश्यकता है तो stage marc records पर क्लिक करें और जैसा कि पहले उल्लेख किया गया चरणों का पालन करें,hi,rvc,rvc_106718_00846.wav,5046
847,106718,142970,train,142970_DP5j8CLDeL6HHHSX_0051,${DATA_ROOT}/raw/mucs2021/train/DP5j8CLDeL6HHHSX.wav,277.0,281.0,4.0,तो अब अगर हम इसी पर यह फंक्शन का प्रयोग करते हैं और फिर एको करते हैं,hi,rvc,rvc_106718_00847.wav,5047
848,106718,177570,train,177570_jSNK2zDaIvyZsMZp_0054,${DATA_ROOT}/raw/mucs2021/train/jSNK2zDaIvyZsMZp.wav,241.0,244.0,3.0,terminal खोलें,hi,rvc,rvc_106718_00848.wav,5048
849,106718,186783,train,186783_LFpbaXkb8HuQ6DnF_0051,${DATA_ROOT}/raw/mucs2021/train/LFpbaXkb8HuQ6DnF.wav,399.0,408.0,9.0,इस तरह से समीक्षक द्वारा सुझाये गये संपादन प्रविष्टि और डिलीशन्स दोनों लेखक द्वारा स्वीकार किये जा सकते हैं,hi,rvc,rvc_106718_00849.wav,5049
850,106718,205240,train,205240_F4KjmwYhWvnpSE0m_0008,${DATA_ROOT}/raw/mucs2021/train/F4KjmwYhWvnpSE0m.wav,56.0,63.0,7.0,फिर मैं लिखूँगा where  username is equal to the user वेरिएबल जो मुझे अभी मेरे पेज में मिला है,hi,rvc,rvc_106718_00850.wav,5050
851,106718,322882,train,322882_XTscbPr78nzuHhuu_0050,${DATA_ROOT}/raw/mucs2021/train/XTscbPr78nzuHhuu.wav,338.0,344.0,6.0,यह मूलतः दिखाता है कि आपका document कैसा दिखेगा जब यह printed होता है,hi,rvc,rvc_106718_00851.wav,5051
852,106718,413057,train,413057_aKSsdMqkPfUWyYeS_0046,${DATA_ROOT}/raw/mucs2021/train/aKSsdMqkPfUWyYeS.wav,308.0,313.0,5.0,अब sheet option के आगे plus sign पर click करें,hi,rvc,rvc_106718_00852.wav,5052
853,106718,445718,train,445718_H6Z2BkcyVtiuiN7A_0048,${DATA_ROOT}/raw/mucs2021/train/H6Z2BkcyVtiuiN7A.wav,319.0,323.0,4.0,cell a4 पर click करें और sum type करें,hi,rvc,rvc_106718_00853.wav,5053
854,106718,457295,train,457295_WgzliDtK6Htff0g2_0056,${DATA_ROOT}/raw/mucs2021/train/WgzliDtK6Htff0g2.wav,257.0,260.0,3.0,इसमें यहाँ पेज number नहीं है,hi,rvc,rvc_106718_00854.wav,5054
855,106718,539226,train,539226_vZGSoJPH1tbvsyCa_0007,${DATA_ROOT}/raw/mucs2021/train/vZGSoJPH1tbvsyCa.wav,50.0,55.0,5.0,किन्तु यहाँ यह दर्शा रहा है कि मेरा यूज़रनेम मौजूद है किन्तु मेरा पासवर्ड गलत है,hi,rvc,rvc_106718_00855.wav,5055
856,106718,539354,train,539354_C3MtnFEDrRkWHSvJ_0049,${DATA_ROOT}/raw/mucs2021/train/C3MtnFEDrRkWHSvJ.wav,304.0,310.0,6.0,फिर field में अपनी library का url डालें जैसे मैंने यहाँ किया है,hi,rvc,rvc_106718_00856.wav,5056
857,106718,541304,train,541304_cyhxRWI0LoKYZvcw_0048,${DATA_ROOT}/raw/mucs2021/train/cyhxRWI0LoKYZvcw.wav,368.0,377.0,9.0,यहाँ labels बायीं ओर और text boxes दायीं ओर हैं एक विशिष्ट paper form की तरह,hi,rvc,rvc_106718_00857.wav,5057
858,106718,584991,train,584991_1ijxO93RTIJh2Rzv_0047,${DATA_ROOT}/raw/mucs2021/train/1ijxO93RTIJh2Rzv.wav,256.0,261.0,5.0,slide के टाइटल क्षेत्र में एक आयत बनाएँ,hi,rvc,rvc_106718_00858.wav,5058
859,106718,634568,train,634568_jCgweujQVV5haVF1_0051,${DATA_ROOT}/raw/mucs2021/train/jCgweujQVV5haVF1.wav,269.0,275.0,6.0,बायीं ओर पर slides pane में शीर्षक overview slides चुनें,hi,rvc,rvc_106718_00859.wav,5059
860,106718,705494,train,705494_fZcxLszRnIHxmVQp_0048,${DATA_ROOT}/raw/mucs2021/train/fZcxLszRnIHxmVQp.wav,279.0,283.0,4.0,अब पहले animation को चुनें,hi,rvc,rvc_106718_00860.wav,5060
861,106718,797767,train,797767_TRInoJRJxAX3qv5C_0046,${DATA_ROOT}/raw/mucs2021/train/TRInoJRJxAX3qv5C.wav,306.0,312.0,6.0,अब sheet option के आगे plus sign पर click करें,hi,rvc,rvc_106718_00861.wav,5061
862,106718,850754,train,850754_wOTMMvC3WQ5YQRAF_0049,${DATA_ROOT}/raw/mucs2021/train/wOTMMvC3WQ5YQRAF.wav,403.0,411.0,8.0,इस पर क्लिक करने से क्रम में एक नई sheet पिछली sheet के बाद जुड़ जाती है,hi,rvc,rvc_106718_00862.wav,5062
863,106718,870582,train,870582_crdH0AI5aH25bEXe_0053,${DATA_ROOT}/raw/mucs2021/train/crdH0AI5aH25bEXe.wav,283.0,293.0,10.0,हम देख सकते हैं कि इस समय मेरी id 6 है और अगली बार हम रिकार्डअभिलेख प्रविष्ट करेंगे तो यह बढ़कर 7 हो जाएगा और फिर 8,hi,rvc,rvc_106718_00863.wav,5063
864,106718,876898,train,876898_RyQSvr4r4iAMTYXq_0047,${DATA_ROOT}/raw/mucs2021/train/RyQSvr4r4iAMTYXq.wav,275.0,283.0,8.0,अब अपनी personal finance tracker ods sheet में एक खाली cell पर click करते हैं,hi,rvc,rvc_106718_00864.wav,5064
865,106718,893273,train,893273_8xh3ZKpPy5YhAnKX_0052,${DATA_ROOT}/raw/mucs2021/train/8xh3ZKpPy5YhAnKX.wav,242.0,249.0,7.0,कठिनाई स्तर को मीडियम या हार्ड में बदलें और खेल खेलते रहें,hi,rvc,rvc_106718_00865.wav,5065
866,106718,903756,train,903756_K3X6AGezGWAoDe1q_0054,${DATA_ROOT}/raw/mucs2021/train/K3X6AGezGWAoDe1q.wav,391.0,394.0,3.0,यहाँ एक query है:,hi,rvc,rvc_106718_00866.wav,5066
867,106718,912184,train,912184_V11NDc0lxudGbWQU_0048,${DATA_ROOT}/raw/mucs2021/train/V11NDc0lxudGbWQU.wav,327.0,335.0,8.0,अच्छा तो हम अपना लूपloop रन कर रहे हैं हम यहाँ डेटा के प्रत्येक भाग को चुन रहे हैं और हम male को male में और female को female में बदल रहे हैं,hi,rvc,rvc_106718_00867.wav,5067
868,106718,975912,train,975912_1eNS3GaW1oHHurL4_0047,${DATA_ROOT}/raw/mucs2021/train/1eNS3GaW1oHHurL4.wav,327.0,335.0,8.0,और फिर हमारे पास this is an email from alex है जो नाम हमने यहाँ फार्म के अंदर दिया है,hi,rvc,rvc_106718_00868.wav,5068
869,106718,987461,train,987461_LSRBJiHdUoHm4BTI_0053,${DATA_ROOT}/raw/mucs2021/train/LSRBJiHdUoHm4BTI.wav,478.0,482.0,4.0,अतः इन्हें डिलीट करते हैं मैं उन्हें दोषमार्जन के लिए रखता हूँ,hi,rvc,rvc_106718_00869.wav,5069
870,106718,996368,train,996368_n4ACC4gnqW0IM1wW_0046,${DATA_ROOT}/raw/mucs2021/train/n4ACC4gnqW0IM1wW.wav,338.0,349.0,11.0,इसके बाद हमें koha catalog में इंपोर्टrecords को मैनेज करना होगा तो  manage staged records पर क्लिक करें,hi,rvc,rvc_106718_00870.wav,5070
871,106718,142970,train,142970_DP5j8CLDeL6HHHSX_0052,${DATA_ROOT}/raw/mucs2021/train/DP5j8CLDeL6HHHSX.wav,281.0,284.0,3.0,वास्तव में पहले हमें इसे वेरिएबल में सेट करने की आवश्यकता है,hi,rvc,rvc_106718_00871.wav,5071
872,106718,177570,train,177570_jSNK2zDaIvyZsMZp_0055,${DATA_ROOT}/raw/mucs2021/train/jSNK2zDaIvyZsMZp.wav,244.0,247.0,3.0,अब मैं prompt को खाली करता हूँ,hi,rvc,rvc_106718_00872.wav,5072
873,106718,186783,train,186783_LFpbaXkb8HuQ6DnF_0052,${DATA_ROOT}/raw/mucs2021/train/LFpbaXkb8HuQ6DnF.wav,408.0,421.0,13.0,बिंदु 1 पर जाएँ और डिलीट किये गये टेक्स्ट the openoffice document standard has been notified under this policy पर राइट क्लिक करें और reject change चुनें,hi,rvc,rvc_106718_00873.wav,5073
874,106718,205240,train,205240_F4KjmwYhWvnpSE0m_0009,${DATA_ROOT}/raw/mucs2021/train/F4KjmwYhWvnpSE0m.wav,63.0,67.0,4.0,अब यहाँ इस कॉलम में,hi,rvc,rvc_106718_00874.wav,5074
875,106718,322882,train,322882_XTscbPr78nzuHhuu_0051,${DATA_ROOT}/raw/mucs2021/train/XTscbPr78nzuHhuu.wav,344.0,350.0,6.0,आप अपनी resume odt file का प्रिव्यू देख सकते हैं,hi,rvc,rvc_106718_00875.wav,5075
876,177570,106718,train,106718_vE1rhq3ojNKZvQNv_0056,${DATA_ROOT}/raw/mucs2021/train/vE1rhq3ojNKZvQNv.wav,253.0,256.0,3.0,line चुनें और line dialog box खोलें,hi,rvc,rvc_177570_00876.wav,5076
877,177570,142970,train,142970_DP5j8CLDeL6HHHSX_0054,${DATA_ROOT}/raw/mucs2021/train/DP5j8CLDeL6HHHSX.wav,292.0,296.0,4.0,हम शून्य एक  दो  तीन  चार इस्तेमाल कर सकते हैं और यह होगा,hi,rvc,rvc_177570_00877.wav,5077
878,177570,186783,train,186783_LFpbaXkb8HuQ6DnF_0055,${DATA_ROOT}/raw/mucs2021/train/LFpbaXkb8HuQ6DnF.wav,446.0,453.0,7.0,इसी तरह लेखक द्वारा प्रत्येक एडिशन और डिलीशन स्वीकार या अस्वीकार किया जा सकता है,hi,rvc,rvc_177570_00878.wav,5078
879,177570,205240,train,205240_F4KjmwYhWvnpSE0m_0011,${DATA_ROOT}/raw/mucs2021/train/F4KjmwYhWvnpSE0m.wav,72.0,78.0,6.0,अतः चूँकि हम अपना php सेशन पहले ही संसाधित कर चुके हैं,hi,rvc,rvc_177570_00879.wav,5079
880,177570,322882,train,322882_XTscbPr78nzuHhuu_0053,${DATA_ROOT}/raw/mucs2021/train/XTscbPr78nzuHhuu.wav,355.0,363.0,8.0,यहाँ zoom in zoom out next page previous page और print के लिए options हैं,hi,rvc,rvc_177570_00880.wav,5080
881,177570,413057,train,413057_aKSsdMqkPfUWyYeS_0049,${DATA_ROOT}/raw/mucs2021/train/aKSsdMqkPfUWyYeS.wav,324.0,332.0,8.0,अब hyperlink dialog box से apply पर click करें और फिर close पर click करें,hi,rvc,rvc_177570_00881.wav,5081
882,177570,445718,train,445718_H6Z2BkcyVtiuiN7A_0051,${DATA_ROOT}/raw/mucs2021/train/H6Z2BkcyVtiuiN7A.wav,330.0,337.0,7.0,is equal to sum और कोष्ठकों के अंदर b1 comma b2 comma b3 type करें,hi,rvc,rvc_177570_00882.wav,5082
883,177570,457295,train,457295_WgzliDtK6Htff0g2_0059,${DATA_ROOT}/raw/mucs2021/train/WgzliDtK6Htff0g2.wav,270.0,276.0,6.0,main menu से format पर click करें और page चुनें,hi,rvc,rvc_177570_00883.wav,5083
884,177570,539226,train,539226_vZGSoJPH1tbvsyCa_0011,${DATA_ROOT}/raw/mucs2021/train/vZGSoJPH1tbvsyCa.wav,94.0,107.0,13.0,हमें हमारा पासवर्ड जाँचने की आवश्यकता है अभी  मानते हैं कि मैंने मेरा पासवर्ड टाइप किया slicer u k 1,hi,rvc,rvc_177570_00884.wav,5084
885,177570,539354,train,539354_C3MtnFEDrRkWHSvJ_0052,${DATA_ROOT}/raw/mucs2021/train/C3MtnFEDrRkWHSvJ.wav,323.0,328.0,5.0,यह वह जगह है जहां आपको अपनी library के बारे में जानकारी देना है,hi,rvc,rvc_177570_00885.wav,5085
886,177570,541304,train,541304_cyhxRWI0LoKYZvcw_0051,${DATA_ROOT}/raw/mucs2021/train/cyhxRWI0LoKYZvcw.wav,388.0,393.0,5.0,अभी के लिए हम इस step को छोड़ देगें और अगले step पर जायेंगे,hi,rvc,rvc_177570_00886.wav,5086
887,177570,584991,train,584991_1ijxO93RTIJh2Rzv_0050,${DATA_ROOT}/raw/mucs2021/train/1ijxO93RTIJh2Rzv.wav,271.0,276.0,5.0,आप capital i के साथ plus sign देखेंगे,hi,rvc,rvc_177570_00887.wav,5087
888,177570,634568,train,634568_jCgweujQVV5haVF1_0054,${DATA_ROOT}/raw/mucs2021/train/jCgweujQVV5haVF1.wav,288.0,296.0,8.0,slide placeholder चुनें बायाँ mouse button दबाएँ और इसे screen पर सबसे ऊपर ले जाएँ,hi,rvc,rvc_177570_00888.wav,5088
889,177570,705494,train,705494_fZcxLszRnIHxmVQp_0052,${DATA_ROOT}/raw/mucs2021/train/fZcxLszRnIHxmVQp.wav,294.0,302.0,8.0,effects options dialog box प्रदर्शित होता है,hi,rvc,rvc_177570_00889.wav,5089
890,177570,797767,train,797767_TRInoJRJxAX3qv5C_0049,${DATA_ROOT}/raw/mucs2021/train/TRInoJRJxAX3qv5C.wav,323.0,330.0,7.0,अब hyperlink dialog box से apply पर click करें और फिर close पर click करें,hi,rvc,rvc_177570_00890.wav,5090
891,177570,850754,train,850754_wOTMMvC3WQ5YQRAF_0052,${DATA_ROOT}/raw/mucs2021/train/wOTMMvC3WQ5YQRAF.wav,433.0,440.0,7.0,आप dialog box में sheet की जानकारी enter कर सकते हैं और फिर ok button पर click करें,hi,rvc,rvc_177570_00891.wav,5091
892,177570,870582,train,870582_crdH0AI5aH25bEXe_0057,${DATA_ROOT}/raw/mucs2021/train/crdH0AI5aH25bEXe.wav,304.0,308.0,4.0,और मैं एक नया वेरिएबल बनाऊँगा हम इसे update data के रूप में कमेंट करेंगे,hi,rvc,rvc_177570_00892.wav,5092
893,177570,876898,train,876898_RyQSvr4r4iAMTYXq_0050,${DATA_ROOT}/raw/mucs2021/train/RyQSvr4r4iAMTYXq.wav,293.0,297.0,4.0,tab dialog box में alignment टैब पर click करें,hi,rvc,rvc_177570_00893.wav,5093
894,177570,893273,train,893273_8xh3ZKpPy5YhAnKX_0055,${DATA_ROOT}/raw/mucs2021/train/8xh3ZKpPy5YhAnKX.wav,261.0,264.0,3.0,निम्न link पर उपलब्ध video देखें,hi,rvc,rvc_177570_00894.wav,5094
895,177570,903756,train,903756_K3X6AGezGWAoDe1q_0057,${DATA_ROOT}/raw/mucs2021/train/K3X6AGezGWAoDe1q.wav,411.0,422.0,11.0,इसको aggregate function बोलते हैं क्योंकि यह records के समूह का मूल्यांकन करके केवल एक value set है,hi,rvc,rvc_177570_00895.wav,5095
896,177570,912184,train,912184_V11NDc0lxudGbWQU_0051,${DATA_ROOT}/raw/mucs2021/train/V11NDc0lxudGbWQU.wav,358.0,361.0,3.0,अब यह पुनरावृत्ति है यह यहाँ पर दोहरा वेरिएबल है,hi,rvc,rvc_177570_00896.wav,5096
897,177570,975912,train,975912_1eNS3GaW1oHHurL4_0050,${DATA_ROOT}/raw/mucs2021/train/1eNS3GaW1oHHurL4.wav,346.0,350.0,4.0,अतः मेरे विश्वविद्यालय के dns मेल सर्वर का उपयोग करके यह मेल फंक्शन है,hi,rvc,rvc_177570_00897.wav,5097
898,177570,987461,train,987461_LSRBJiHdUoHm4BTI_0056,${DATA_ROOT}/raw/mucs2021/train/LSRBJiHdUoHm4BTI.wav,498.0,509.0,11.0,अतः इस ट्यूटोरियल के तीसरे भाग में हम यूजर के पासवर्ड को उपडेट करने के साथ जारी रखेंगे और सुनिश्चित करेंगे कि सबकुछ ठीक से कार्य कर रहा है,hi,rvc,rvc_177570_00898.wav,5098
899,177570,996368,train,996368_n4ACC4gnqW0IM1wW_0049,${DATA_ROOT}/raw/mucs2021/train/n4ACC4gnqW0IM1wW.wav,363.0,370.0,7.0,और निम्नलिखित fields के लिए koha डिफ़ॉल्ट रूप से इन प्रविष्टियों को ड्रॉप डाउन से चुनता है,hi,rvc,rvc_177570_00899.wav,5099
900,177570,106718,train,106718_vE1rhq3ojNKZvQNv_0057,${DATA_ROOT}/raw/mucs2021/train/vE1rhq3ojNKZvQNv.wav,256.0,264.0,8.0,line properties field में lines के लिए स्टाइल रंग चौड़ाई और पारदर्शिता बदलें,hi,rvc,rvc_177570_00900.wav,5100
901,177570,142970,train,142970_DP5j8CLDeL6HHHSX_0055,${DATA_ROOT}/raw/mucs2021/train/DP5j8CLDeL6HHHSX.wav,296.0,301.0,5.0,तो जैसे ही यह वेल्यू शून्य होगी यह एक के बराबर होगा,hi,rvc,rvc_177570_00901.wav,5101
902,177570,186783,train,186783_LFpbaXkb8HuQ6DnF_0057,${DATA_ROOT}/raw/mucs2021/train/LFpbaXkb8HuQ6DnF.wav,475.0,480.0,5.0,जब अनचेक कर देते हैं तो कोई भी अन्य संपादन अलग से चिन्हित नहीं होगा,hi,rvc,rvc_177570_00902.wav,5102
903,177570,205240,train,205240_F4KjmwYhWvnpSE0m_0012,${DATA_ROOT}/raw/mucs2021/train/F4KjmwYhWvnpSE0m.wav,78.0,81.0,3.0,जोकि alex के बराबर है,hi,rvc,rvc_177570_00903.wav,5103
904,177570,322882,train,322882_XTscbPr78nzuHhuu_0054,${DATA_ROOT}/raw/mucs2021/train/XTscbPr78nzuHhuu.wav,363.0,375.0,12.0,लिबर ऑफिस writer के साथ ही साथ पेज प्रिव्यू में documents कैसे देखें यह सीखने के बाद अब हम लिबर ऑफिस writer में printer के कार्यों के बारे में सीखेंगे,hi,rvc,rvc_177570_00904.wav,5104
905,177570,413057,train,413057_aKSsdMqkPfUWyYeS_0050,${DATA_ROOT}/raw/mucs2021/train/aKSsdMqkPfUWyYeS.wav,332.0,340.0,8.0,सामने cell में sheet 2 text के साथ चिह्नांकित sheet 1 टैब प्रदर्शित होता है,hi,rvc,rvc_177570_00905.wav,5105
906,177570,445718,train,445718_H6Z2BkcyVtiuiN7A_0053,${DATA_ROOT}/raw/mucs2021/train/H6Z2BkcyVtiuiN7A.wav,339.0,343.0,4.0,ध्यान दें उत्तर 300 दर्शा रहा है,hi,rvc,rvc_177570_00906.wav,5106
907,177570,457295,train,457295_WgzliDtK6Htff0g2_0060,${DATA_ROOT}/raw/mucs2021/train/WgzliDtK6Htff0g2.wav,276.0,279.0,3.0,page setup dialog box प्रदर्शित होता है,hi,rvc,rvc_177570_00907.wav,5107
908,177570,539226,train,539226_vZGSoJPH1tbvsyCa_0012,${DATA_ROOT}/raw/mucs2021/train/vZGSoJPH1tbvsyCa.wav,107.0,116.0,9.0,अतः यह पासवर्ड है जो मैं यहाँ टाइप कर रहा हूँ यह काफी पुराना है,hi,rvc,rvc_177570_00908.wav,5108
909,177570,539354,train,539354_C3MtnFEDrRkWHSvJ_0053,${DATA_ROOT}/raw/mucs2021/train/C3MtnFEDrRkWHSvJ.wav,328.0,333.0,5.0,मैंने यहां अपनी library के बारे में कुछ जानकारी प्रविष्ट की है,hi,rvc,rvc_177570_00909.wav,5109
910,177570,541304,train,541304_cyhxRWI0LoKYZvcw_0052,${DATA_ROOT}/raw/mucs2021/train/cyhxRWI0LoKYZvcw.wav,393.0,396.0,3.0,step 7 apply styles,hi,rvc,rvc_177570_00910.wav,5110
911,177570,584991,train,584991_1ijxO93RTIJh2Rzv_0051,${DATA_ROOT}/raw/mucs2021/train/1ijxO93RTIJh2Rzv.wav,276.0,281.0,5.0,बायाँmouse button पकड़कर रखें और एक छोटा आयत बनाने के लिए drag करें,hi,rvc,rvc_177570_00911.wav,5111
912,177570,634568,train,634568_jCgweujQVV5haVF1_0055,${DATA_ROOT}/raw/mucs2021/train/jCgweujQVV5haVF1.wav,296.0,302.0,6.0,यह notes place holder का आकार बदलने के लिए अधिक स्थान बनाता है,hi,rvc,rvc_177570_00912.wav,5112
913,177570,705494,train,705494_fZcxLszRnIHxmVQp_0053,${DATA_ROOT}/raw/mucs2021/train/fZcxLszRnIHxmVQp.wav,302.0,305.0,3.0,text animation टैब पर click करें,hi,rvc,rvc_177570_00913.wav,5113
914,177570,797767,train,797767_TRInoJRJxAX3qv5C_0050,${DATA_ROOT}/raw/mucs2021/train/TRInoJRJxAX3qv5C.wav,330.0,338.0,8.0,सामने cell में sheet 2 text के साथ चिह्नांकित sheet 1 टैब प्रदर्शित होता है,hi,rvc,rvc_177570_00914.wav,5114
915,177570,850754,train,850754_wOTMMvC3WQ5YQRAF_0053,${DATA_ROOT}/raw/mucs2021/train/wOTMMvC3WQ5YQRAF.wav,440.0,447.0,7.0,शीट्स को कैसे जोड़ें यह सीखने के बाद हम सीखते है कि calc में शीट्स कैसे डिलीट करें,hi,rvc,rvc_177570_00915.wav,5115
916,177570,870582,train,870582_crdH0AI5aH25bEXe_0058,${DATA_ROOT}/raw/mucs2021/train/crdH0AI5aH25bEXe.wav,308.0,314.0,6.0,यह वर्तमान वेरिएबल update कहलाएगा और यह mysql query फंक्शन के बराबर है,hi,rvc,rvc_177570_00916.wav,5116
917,177570,876898,train,876898_RyQSvr4r4iAMTYXq_0051,${DATA_ROOT}/raw/mucs2021/train/RyQSvr4r4iAMTYXq.wav,297.0,306.0,9.0,dialog box में नीचे wrap text automatically option पर click करें और फिर ok button पर click करें,hi,rvc,rvc_177570_00917.wav,5117
918,177570,893273,train,893273_8xh3ZKpPy5YhAnKX_0056,${DATA_ROOT}/raw/mucs2021/train/8xh3ZKpPy5YhAnKX.wav,264.0,267.0,3.0,यह spoken tutorial project को सारांशित करता है,hi,rvc,rvc_177570_00918.wav,5118
919,177570,903756,train,903756_K3X6AGezGWAoDe1q_0058,${DATA_ROOT}/raw/mucs2021/train/K3X6AGezGWAoDe1q.wav,422.0,427.0,5.0,साथ ही हमने एक alias उपनाम total members भी जोड़ alias है,hi,rvc,rvc_177570_00919.wav,5119
920,177570,912184,train,912184_V11NDc0lxudGbWQU_0052,${DATA_ROOT}/raw/mucs2021/train/V11NDc0lxudGbWQU.wav,361.0,367.0,6.0,हमारे पास firstname है और ऐसे ही यहाँ है मैं इसे इस तरह नाम दूँगा firstname underscore form और lastname underscore form,hi,rvc,rvc_177570_00920.wav,5120
921,177570,975912,train,975912_1eNS3GaW1oHHurL4_0051,${DATA_ROOT}/raw/mucs2021/train/1eNS3GaW1oHHurL4.wav,350.0,355.0,5.0,आपका insp एक dns मेल सर्वर होगा,hi,rvc,rvc_177570_00921.wav,5121
922,177570,987461,train,987461_LSRBJiHdUoHm4BTI_0057,${DATA_ROOT}/raw/mucs2021/train/LSRBJiHdUoHm4BTI.wav,509.0,516.46,7.46,यह स्क्रिप्ट देवेन्द्र कैरवान द्वारा अनुवादित है आईआईटी मुम्बई की ओर से मैं रवि कुमार अब आपसे विदा लेता हूँ,hi,rvc,rvc_177570_00922.wav,5122
923,177570,996368,train,996368_n4ACC4gnqW0IM1wW_0050,${DATA_ROOT}/raw/mucs2021/train/n4ACC4gnqW0IM1wW.wav,370.0,377.0,7.0,लेकिन आप अपनी आवश्यकताओं के अनुसार इन प्रविष्टियों को अपने संबंधित ड्रॉपडाउन से बदल सकते हैं,hi,rvc,rvc_177570_00923.wav,5123
924,177570,106718,train,106718_vE1rhq3ojNKZvQNv_0058,${DATA_ROOT}/raw/mucs2021/train/vE1rhq3ojNKZvQNv.wav,264.0,268.0,4.0,arrow styles field में arrow की स्टाइल बदलें,hi,rvc,rvc_177570_00924.wav,5124
925,177570,142970,train,142970_DP5j8CLDeL6HHHSX_0056,${DATA_ROOT}/raw/mucs2021/train/DP5j8CLDeL6HHHSX.wav,301.0,306.0,5.0,तो मान लीजिए हमें एक एको करना है जोकि दो के बराबर होना चाहिए,hi,rvc,rvc_177570_00925.wav,5125
926,177570,186783,train,186783_LFpbaXkb8HuQ6DnF_0058,${DATA_ROOT}/raw/mucs2021/train/LFpbaXkb8HuQ6DnF.wav,480.0,488.0,8.0,कृपया समीक्षक द्वारा दी गई सभी टिप्पणियों को समाविष्ट करने के लिए बदलावों को स्वीकार या अस्वीकार करने के बाद फाइल को सेव करने के लिए सुनिश्चित रहें,hi,rvc,rvc_177570_00926.wav,5126
927,177570,205240,train,205240_F4KjmwYhWvnpSE0m_0013,${DATA_ROOT}/raw/mucs2021/train/F4KjmwYhWvnpSE0m.wav,81.0,92.0,11.0,यह कोड का भाग मूलतः कह रहा है कि टेबल का अद्यतनीकरण करें पासवर्ड को उपयोगकर्ता द्वारा प्रविष्ट नये पासवर्ड में बदलें यह पासवर्ड है जो वह चाहते हैं,hi,rvc,rvc_177570_00927.wav,5127
928,177570,322882,train,322882_XTscbPr78nzuHhuu_0055,${DATA_ROOT}/raw/mucs2021/train/XTscbPr78nzuHhuu.wav,375.0,381.0,6.0,साधारण शब्दों में printer document को print करने के लिए उपयोगित एक output डिवाइस है,hi,rvc,rvc_177570_00928.wav,5128
929,177570,413057,train,413057_aKSsdMqkPfUWyYeS_0051,${DATA_ROOT}/raw/mucs2021/train/aKSsdMqkPfUWyYeS.wav,340.0,351.0,11.0,अब जब हम text sheet 2 पर click करते हैं यह हमें सीधा उस sheet में ले जाता है जहाँ हमें costs के लिए बकाया प्रविष्ट किया था,hi,rvc,rvc_177570_00929.wav,5129
930,177570,445718,train,445718_H6Z2BkcyVtiuiN7A_0054,${DATA_ROOT}/raw/mucs2021/train/H6Z2BkcyVtiuiN7A.wav,343.0,347.0,4.0,आप इसी प्रकार से cells के विभिन्न प्रकार भी प्रविष्ट कर सकते हैं,hi,rvc,rvc_177570_00930.wav,5130
931,177570,457295,train,457295_WgzliDtK6Htff0g2_0062,${DATA_ROOT}/raw/mucs2021/train/WgzliDtK6Htff0g2.wav,281.0,285.0,4.0,layout settings के नीचे format चुनें,hi,rvc,rvc_177570_00931.wav,5131
932,177570,539226,train,539226_vZGSoJPH1tbvsyCa_0013,${DATA_ROOT}/raw/mucs2021/train/vZGSoJPH1tbvsyCa.wav,116.0,126.0,10.0,slicer u k 1 ठीक है और यहाँ यह इस और इस पासवर्ड को sliceruk1 के बराबर जाँचता है,hi,rvc,rvc_177570_00932.wav,5132
933,177570,539354,train,539354_C3MtnFEDrRkWHSvJ_0054,${DATA_ROOT}/raw/mucs2021/train/C3MtnFEDrRkWHSvJ.wav,333.0,341.0,8.0,यह जानकारी opac में दिखाई देगी जब हम cursor को holdings table में library name पर ले जाते हैं,hi,rvc,rvc_177570_00933.wav,5133
934,177570,541304,train,541304_cyhxRWI0LoKYZvcw_0053,${DATA_ROOT}/raw/mucs2021/train/cyhxRWI0LoKYZvcw.wav,396.0,405.0,9.0,ध्यान दें कि जैसे ही हम list box के प्रत्येक colour को click करते हैं window का background colour बदलता है,hi,rvc,rvc_177570_00934.wav,5134
935,177570,584991,train,584991_1ijxO93RTIJh2Rzv_0052,${DATA_ROOT}/raw/mucs2021/train/1ijxO93RTIJh2Rzv.wav,281.0,284.0,3.0,अब mouse button छोड़ें,hi,rvc,rvc_177570_00935.wav,5135
936,177570,634568,train,634568_jCgweujQVV5haVF1_0056,${DATA_ROOT}/raw/mucs2021/train/jCgweujQVV5haVF1.wav,302.0,306.0,4.0,अब notes text place holder के किनारे पर click करें,hi,rvc,rvc_177570_00936.wav,5136
937,177570,705494,train,705494_fZcxLszRnIHxmVQp_0054,${DATA_ROOT}/raw/mucs2021/train/fZcxLszRnIHxmVQp.wav,305.0,312.0,7.0,text animation टैब text को एनिमेट करने के लिए कई options प्रदान करता है,hi,rvc,rvc_177570_00937.wav,5137
938,177570,797767,train,797767_TRInoJRJxAX3qv5C_0051,${DATA_ROOT}/raw/mucs2021/train/TRInoJRJxAX3qv5C.wav,338.0,349.0,11.0,अब जब हम text sheet 2 पर click करते हैं यह हमें सीधा उस sheet में ले जाता है जहाँ हमें costs के लिए बकाया प्रविष्ट किया था,hi,rvc,rvc_177570_00938.wav,5138
939,177570,850754,train,850754_wOTMMvC3WQ5YQRAF_0054,${DATA_ROOT}/raw/mucs2021/train/wOTMMvC3WQ5YQRAF.wav,447.0,451.0,4.0,शीट्स अलगअलग या साथ में डिलीट कर सकते हैं,hi,rvc,rvc_177570_00939.wav,5139
940,177570,870582,train,870582_crdH0AI5aH25bEXe_0059,${DATA_ROOT}/raw/mucs2021/train/crdH0AI5aH25bEXe.wav,314.0,320.0,6.0,और जिसे हम पैरामीटर के अंदर ला रहे हैं खुद mysql query कोड है,hi,rvc,rvc_177570_00940.wav,5140
941,177570,876898,train,876898_RyQSvr4r4iAMTYXq_0052,${DATA_ROOT}/raw/mucs2021/train/RyQSvr4r4iAMTYXq.wav,306.0,313.0,7.0,अब हम type करते हैंthis is a personal finance tracker it is very useful,hi,rvc,rvc_177570_00941.wav,5141
942,177570,893273,train,893273_8xh3ZKpPy5YhAnKX_0057,${DATA_ROOT}/raw/mucs2021/train/8xh3ZKpPy5YhAnKX.wav,267.0,272.0,5.0,यदि आपके पास अच्छा bandwidth नहीं है तो आप इसे download करके देख सकते हैं,hi,rvc,rvc_177570_00942.wav,5142
943,177570,903756,train,903756_K3X6AGezGWAoDe1q_0059,${DATA_ROOT}/raw/mucs2021/train/K3X6AGezGWAoDe1q.wav,427.0,430.0,3.0,अब query now करते हैं,hi,rvc,rvc_177570_00943.wav,5143
944,177570,912184,train,912184_V11NDc0lxudGbWQU_0053,${DATA_ROOT}/raw/mucs2021/train/V11NDc0lxudGbWQU.wav,367.0,376.0,9.0,हम वहाँ से चुनेंगे जहाँ firstname इसके बराबर दर्ज किया गया है और lastname जिसे हमने lastname form के बराबर दर्ज किया है,hi,rvc,rvc_177570_00944.wav,5144
945,177570,975912,train,975912_1eNS3GaW1oHHurL4_0052,${DATA_ROOT}/raw/mucs2021/train/1eNS3GaW1oHHurL4.wav,355.0,360.0,5.0,इसमें ऑथेन्टिकैशन की आवश्यकता हो सकती है जिसमें मैं ट्यूटोरियल को जल्दी ही पूर्ण करूँगा,hi,rvc,rvc_177570_00945.wav,5145
946,177570,987461,train,987461_LSRBJiHdUoHm4BTI_0000,${DATA_ROOT}/raw/mucs2021/train/LSRBJiHdUoHm4BTI.wav,0.0,9.0,9.0,change password  ट्यूटोरियल के दूसरे भाग में आपका स्वागत है पिछले में हमने सीखा कि चेक कैसे करें यदि हमारा फार्म सब्मिट हो गया है,hi,rvc,rvc_177570_00946.wav,5146
947,177570,996368,train,996368_n4ACC4gnqW0IM1wW_0051,${DATA_ROOT}/raw/mucs2021/train/n4ACC4gnqW0IM1wW.wav,377.0,383.0,6.0,फिर  apply different matching rules नामक बटन है,hi,rvc,rvc_177570_00947.wav,5147
948,177570,106718,train,106718_vE1rhq3ojNKZvQNv_0059,${DATA_ROOT}/raw/mucs2021/train/vE1rhq3ojNKZvQNv.wav,268.0,271.0,3.0,अब एक star बनाएँ,hi,rvc,rvc_177570_00948.wav,5148
949,177570,142970,train,142970_DP5j8CLDeL6HHHSX_0057,${DATA_ROOT}/raw/mucs2021/train/DP5j8CLDeL6HHHSX.wav,306.0,309.0,3.0,ठीक है हमने सफलतापूर्वक अपने अरै को तोड़ दिया है,hi,rvc,rvc_177570_00949.wav,5149
950,177570,186783,train,186783_LFpbaXkb8HuQ6DnF_0059,${DATA_ROOT}/raw/mucs2021/train/LFpbaXkb8HuQ6DnF.wav,488.0,495.0,7.0,अब हम इस ट्यूटोरियल के अंत में आ चुके हैं अंततः नियतकार्य,hi,rvc,rvc_177570_00950.wav,5150
951,177570,205240,train,205240_F4KjmwYhWvnpSE0m_0014,${DATA_ROOT}/raw/mucs2021/train/F4KjmwYhWvnpSE0m.wav,92.0,97.0,5.0,और इस where को alex में बदलें,hi,rvc,rvc_177570_00951.wav,5151
952,177570,322882,train,322882_XTscbPr78nzuHhuu_0056,${DATA_ROOT}/raw/mucs2021/train/XTscbPr78nzuHhuu.wav,381.0,386.0,5.0,अब हम देखेंगे कि print के विविध options तक कैसे पहुँचें,hi,rvc,rvc_177570_00952.wav,5152
953,177570,413057,train,413057_aKSsdMqkPfUWyYeS_0052,${DATA_ROOT}/raw/mucs2021/train/aKSsdMqkPfUWyYeS.wav,351.0,355.0,4.0,हमने एक hyperlink बना लिया!,hi,rvc,rvc_177570_00953.wav,5153
954,177570,445718,train,445718_H6Z2BkcyVtiuiN7A_0056,${DATA_ROOT}/raw/mucs2021/train/H6Z2BkcyVtiuiN7A.wav,349.0,358.0,9.0,अब कोष्ठकों के अंदर b1 comma b2 comma b3 के बजाय b1 colon b3 type करें,hi,rvc,rvc_177570_00954.wav,5154
955,177570,457295,train,457295_WgzliDtK6Htff0g2_0063,${DATA_ROOT}/raw/mucs2021/train/WgzliDtK6Htff0g2.wav,285.0,289.0,4.0,dropdown सूची से a b c चुनें,hi,rvc,rvc_177570_00955.wav,5155
956,177570,539226,train,539226_vZGSoJPH1tbvsyCa_0014,${DATA_ROOT}/raw/mucs2021/train/vZGSoJPH1tbvsyCa.wav,126.0,132.0,6.0,किन्तु यह password dbpassword के बराबर है अतः हम तुलना नहीं कर पा  रहे हैं,hi,rvc,rvc_177570_00956.wav,5156
957,177570,539354,train,539354_C3MtnFEDrRkWHSvJ_0055,${DATA_ROOT}/raw/mucs2021/train/C3MtnFEDrRkWHSvJ.wav,341.0,352.0,11.0,यदि किसी विशेष branch library के लिए url इस field में रखा जाता है फिर opac हमें branch library बताएगा जहां पुस्तक उपलब्ध है,hi,rvc,rvc_177570_00957.wav,5157
958,177570,541304,train,541304_cyhxRWI0LoKYZvcw_0054,${DATA_ROOT}/raw/mucs2021/train/cyhxRWI0LoKYZvcw.wav,405.0,410.0,5.0,इस पर क्लिक करके ice blue को चुनें,hi,rvc,rvc_177570_00958.wav,5158
959,177570,584991,train,584991_1ijxO93RTIJh2Rzv_0053,${DATA_ROOT}/raw/mucs2021/train/1ijxO93RTIJh2Rzv.wav,284.0,287.0,3.0,आपने आयत बना लिया है,hi,rvc,rvc_177570_00959.wav,5159
960,177570,634568,train,634568_jCgweujQVV5haVF1_0057,${DATA_ROOT}/raw/mucs2021/train/jCgweujQVV5haVF1.wav,306.0,313.0,7.0,बायाँ mouse button दबाकर रखें और आकार बढ़ाने के लिए इसे upward drag करें,hi,rvc,rvc_177570_00960.wav,5160
961,177570,705494,train,705494_fZcxLszRnIHxmVQp_0055,${DATA_ROOT}/raw/mucs2021/train/fZcxLszRnIHxmVQp.wav,312.0,316.0,4.0,group text field में by 1st level paragraphs चुनें,hi,rvc,rvc_177570_00961.wav,5161
962,177570,797767,train,797767_TRInoJRJxAX3qv5C_0052,${DATA_ROOT}/raw/mucs2021/train/TRInoJRJxAX3qv5C.wav,349.0,353.0,4.0,हमने एक hyperlink बना लिया!,hi,rvc,rvc_177570_00962.wav,5162
963,177570,850754,train,850754_wOTMMvC3WQ5YQRAF_0055,${DATA_ROOT}/raw/mucs2021/train/wOTMMvC3WQ5YQRAF.wav,451.0,465.0,14.0,सिर्फ एक sheets को डिलीट करने के लिए जिस sheets को डिलीट करना है उस पर right click करें और फिर popअप menu में से delete sheet option पर click करें और फिर yes option पर click करें,hi,rvc,rvc_177570_00963.wav,5163
964,177570,870582,train,870582_crdH0AI5aH25bEXe_0060,${DATA_ROOT}/raw/mucs2021/train/crdH0AI5aH25bEXe.wav,320.0,328.0,8.0,अतः यहाँ हम update लिखेंगे और हम टेबलतालिकाका नाम लिखने जा रहे हैं जोकि people है,hi,rvc,rvc_177570_00964.wav,5164
965,177570,876898,train,876898_RyQSvr4r4iAMTYXq_0053,${DATA_ROOT}/raw/mucs2021/train/RyQSvr4r4iAMTYXq.wav,313.0,319.0,6.0,आप देखेंगे कि single cell में multiple statements रैप्ट हो गई हैं,hi,rvc,rvc_177570_00965.wav,5165
966,177570,893273,train,893273_8xh3ZKpPy5YhAnKX_0060,${DATA_ROOT}/raw/mucs2021/train/8xh3ZKpPy5YhAnKX.wav,276.0,281.0,5.0,उनको प्रमाणपत्र भी देते हैं जो online test pass करते हैं,hi,rvc,rvc_177570_00966.wav,5166
967,177570,903756,train,903756_K3X6AGezGWAoDe1q_0060,${DATA_ROOT}/raw/mucs2021/train/K3X6AGezGWAoDe1q.wav,430.0,442.0,12.0,अतः यहाँ base ने सभी 4 सदस्यों के records का मूल्यांकन किया और संख्या 4 वापस की जोकि सदस्यों की कुल गिनती है,hi,rvc,rvc_177570_00967.wav,5167
968,177570,912184,train,912184_V11NDc0lxudGbWQU_0055,${DATA_ROOT}/raw/mucs2021/train/V11NDc0lxudGbWQU.wav,378.0,390.0,12.0,अतः यदि मैं अपने html फॉर्म में alex garrett टाइप करूँ और उसे जमा करूँ तब यह alex के बराबर होगा और यह garrett के बराबर होगा,hi,rvc,rvc_177570_00968.wav,5168
969,177570,975912,train,975912_1eNS3GaW1oHHurL4_0053,${DATA_ROOT}/raw/mucs2021/train/1eNS3GaW1oHHurL4.wav,360.0,369.0,9.0,अतः यदि यह कार्य नहीं कर रहा है तो यह ट्यूटोरियल देखें या मुझे ईमेल करें या मेरे यूट्यूब के माध्यम से मुझसे संपर्क करें,hi,rvc,rvc_177570_00969.wav,5169
970,177570,987461,train,987461_LSRBJiHdUoHm4BTI_0001,${DATA_ROOT}/raw/mucs2021/train/LSRBJiHdUoHm4BTI.wav,9.0,13.0,4.0,हमें यहाँ हमारी डेटा वेल्यू मिली है,hi,rvc,rvc_177570_00970.wav,5170
971,177570,996368,train,996368_n4ACC4gnqW0IM1wW_0052,${DATA_ROOT}/raw/mucs2021/train/n4ACC4gnqW0IM1wW.wav,383.0,392.0,9.0,आप database में records के दोहराव से बचने के लिए इस बटन पर क्लिक कर सकते हैं,hi,rvc,rvc_177570_00971.wav,5171
972,177570,106718,train,106718_vE1rhq3ojNKZvQNv_0060,${DATA_ROOT}/raw/mucs2021/train/vE1rhq3ojNKZvQNv.wav,271.0,277.0,6.0,drawing toolbar पर जाएँ और stars के go छोटे काले त्रिकोण पर click करें,hi,rvc,rvc_177570_00972.wav,5172
973,177570,142970,train,142970_DP5j8CLDeL6HHHSX_0058,${DATA_ROOT}/raw/mucs2021/train/DP5j8CLDeL6HHHSX.wav,309.0,316.0,7.0,जैसा कि मैंने पहले कहा था हम यहाँ स्लैश डालते हैं और स्पेस को स्लैश से बदल देते हैं,hi,rvc,rvc_177570_00973.wav,5173
974,177570,186783,train,186783_LFpbaXkb8HuQ6DnF_0060,${DATA_ROOT}/raw/mucs2021/train/LFpbaXkb8HuQ6DnF.wav,495.0,504.0,9.0,एक डॉक्युमेंट ओपन करें और record changes मोड में वर्तनी की गलतियों को सुधारें,hi,rvc,rvc_177570_00974.wav,5174
975,177570,205240,train,205240_F4KjmwYhWvnpSE0m_0015,${DATA_ROOT}/raw/mucs2021/train/F4KjmwYhWvnpSE0m.wav,97.0,100.0,3.0,चूँकि यह alex के बराबर है,hi,rvc,rvc_177570_00975.wav,5175
976,177570,322882,train,322882_XTscbPr78nzuHhuu_0057,${DATA_ROOT}/raw/mucs2021/train/XTscbPr78nzuHhuu.wav,386.0,392.0,6.0,tools पर click करें फिर options पर click करें,hi,rvc,rvc_177570_00976.wav,5176
977,177570,413057,train,413057_aKSsdMqkPfUWyYeS_0053,${DATA_ROOT}/raw/mucs2021/train/aKSsdMqkPfUWyYeS.wav,355.0,361.0,6.0,hyperlink हटाने के लिए सबसे पहले hyperlinked text sheet 2 चुनें,hi,rvc,rvc_177570_00977.wav,5177
978,177570,445718,train,445718_H6Z2BkcyVtiuiN7A_0058,${DATA_ROOT}/raw/mucs2021/train/H6Z2BkcyVtiuiN7A.wav,360.0,363.0,3.0,फिर से उत्तर 300 प्रदर्शित होता है,hi,rvc,rvc_177570_00978.wav,5178
979,177570,457295,train,457295_WgzliDtK6Htff0g2_0064,${DATA_ROOT}/raw/mucs2021/train/WgzliDtK6Htff0g2.wav,289.0,292.0,3.0,ok पर click करें,hi,rvc,rvc_177570_00979.wav,5179
980,177570,539226,train,539226_vZGSoJPH1tbvsyCa_0015,${DATA_ROOT}/raw/mucs2021/train/vZGSoJPH1tbvsyCa.wav,132.0,139.0,7.0,हमें यह तब चुनने की आवश्यकता होती है जब हम अपने पासवर्ड को एन्क्रिप्ट करते हैं,hi,rvc,rvc_177570_00980.wav,5180
981,177570,539354,train,539354_C3MtnFEDrRkWHSvJ_0056,${DATA_ROOT}/raw/mucs2021/train/C3MtnFEDrRkWHSvJ.wav,352.0,358.0,6.0,hyperlink to जानकारी प्राप्त करने के लिए mouse को link पर घुमाएं,hi,rvc,rvc_177570_00981.wav,5181
982,177570,541304,train,541304_cyhxRWI0LoKYZvcw_0055,${DATA_ROOT}/raw/mucs2021/train/cyhxRWI0LoKYZvcw.wav,410.0,413.0,3.0,अब आखिरी step पर जाते हैं,hi,rvc,rvc_177570_00982.wav,5182
983,177570,584991,train,584991_1ijxO93RTIJh2Rzv_0054,${DATA_ROOT}/raw/mucs2021/train/1ijxO93RTIJh2Rzv.wav,287.0,290.0,3.0,आयत में आठ handles पर ध्यान दें,hi,rvc,rvc_177570_00983.wav,5183
984,177570,634568,train,634568_jCgweujQVV5haVF1_0058,${DATA_ROOT}/raw/mucs2021/train/jCgweujQVV5haVF1.wav,313.0,318.0,5.0,जैसा हमें चाहिए वैसा हमने प्लेसहोल्डर्स का आकार बदलना सीख लिया,hi,rvc,rvc_177570_00984.wav,5184
985,177570,705494,train,705494_fZcxLszRnIHxmVQp_0056,${DATA_ROOT}/raw/mucs2021/train/fZcxLszRnIHxmVQp.wav,316.0,320.0,4.0,यह चुनाव प्रत्येक bullet प्वॉइंट को अलगअलग प्रदर्शित करता है,hi,rvc,rvc_177570_00985.wav,5185
986,177570,797767,train,797767_TRInoJRJxAX3qv5C_0053,${DATA_ROOT}/raw/mucs2021/train/TRInoJRJxAX3qv5C.wav,353.0,359.0,6.0,hyperlink हटाने के लिए सबसे पहले hyperlinked text sheet 2 चुनें,hi,rvc,rvc_177570_00986.wav,5186
987,177570,850754,train,850754_wOTMMvC3WQ5YQRAF_0056,${DATA_ROOT}/raw/mucs2021/train/wOTMMvC3WQ5YQRAF.wav,465.0,468.0,3.0,आप देखते हैं कि sheet डिलीट हुई है,hi,rvc,rvc_177570_00987.wav,5187
988,177570,870582,train,870582_crdH0AI5aH25bEXe_0061,${DATA_ROOT}/raw/mucs2021/train/crdH0AI5aH25bEXe.wav,328.0,334.0,6.0,फिर हम set लिखेंगे और हमें एक विशिष्ट फील्ड चुनना होगा जिसमें ठीक करना है,hi,rvc,rvc_177570_00988.wav,5188
989,177570,876898,train,876898_RyQSvr4r4iAMTYXq_0054,${DATA_ROOT}/raw/mucs2021/train/RyQSvr4r4iAMTYXq.wav,319.0,322.0,3.0,बदलाव को undo करें,hi,rvc,rvc_177570_00989.wav,5189
990,177570,893273,train,893273_8xh3ZKpPy5YhAnKX_0061,${DATA_ROOT}/raw/mucs2021/train/8xh3ZKpPy5YhAnKX.wav,281.0,287.0,6.0,अधिक जानकारी के लिए कृपया contact @spokentutorial org पर लिखें,hi,rvc,rvc_177570_00990.wav,5190
991,177570,903756,train,903756_K3X6AGezGWAoDe1q_0061,${DATA_ROOT}/raw/mucs2021/train/K3X6AGezGWAoDe1q.wav,442.0,450.0,8.0,aggregate functions के कुछ और उदाहरण हैं sum max और min,hi,rvc,rvc_177570_00991.wav,5191
992,177570,912184,train,912184_V11NDc0lxudGbWQU_0056,${DATA_ROOT}/raw/mucs2021/train/V11NDc0lxudGbWQU.wav,390.0,397.0,7.0,हमारी क्वेरी केवल एक उत्तर देगी क्योंकि इस समय हमारे पास केवल alex garrett नामक एक ही आदमी है,hi,rvc,rvc_177570_00992.wav,5192
993,177570,975912,train,975912_1eNS3GaW1oHHurL4_0054,${DATA_ROOT}/raw/mucs2021/train/1eNS3GaW1oHHurL4.wav,369.0,373.0,4.0,ओके तो उम्मीद है यह कई लोगों के लिए उपयोगी होगा,hi,rvc,rvc_177570_00993.wav,5193
994,177570,987461,train,987461_LSRBJiHdUoHm4BTI_0002,${DATA_ROOT}/raw/mucs2021/train/LSRBJiHdUoHm4BTI.wav,13.0,18.0,5.0,कृपया याद रखें कि हमारे डेटाबेस के अंदर हमारे पासवर्डस एन्क्रिप्ट हैं,hi,rvc,rvc_177570_00994.wav,5194
995,177570,996368,train,996368_n4ACC4gnqW0IM1wW_0053,${DATA_ROOT}/raw/mucs2021/train/n4ACC4gnqW0IM1wW.wav,392.0,403.0,11.0,अब  add new bibliographic records into this framework पर जाएँ और ड्रॉपडाउन से books चुनें,hi,rvc,rvc_177570_00995.wav,5195
996,177570,106718,train,106718_vE1rhq3ojNKZvQNv_0061,${DATA_ROOT}/raw/mucs2021/train/vE1rhq3ojNKZvQNv.wav,277.0,281.0,4.0,अब 5point star चुनें,hi,rvc,rvc_177570_00996.wav,5196
997,177570,142970,train,142970_DP5j8CLDeL6HHHSX_0059,${DATA_ROOT}/raw/mucs2021/train/DP5j8CLDeL6HHHSX.wav,316.0,321.0,5.0,और हमें वास्तव में यहाँ वही परिणाम मिलेगा,hi,rvc,rvc_177570_00997.wav,5197
998,177570,186783,train,186783_LFpbaXkb8HuQ6DnF_0061,${DATA_ROOT}/raw/mucs2021/train/LFpbaXkb8HuQ6DnF.wav,504.0,510.0,6.0,मैंने इस नियतकार्य को यहाँ पहले ही तैयार कर दिया है,hi,rvc,rvc_177570_00998.wav,5198
999,177570,205240,train,205240_F4KjmwYhWvnpSE0m_0016,${DATA_ROOT}/raw/mucs2021/train/F4KjmwYhWvnpSE0m.wav,100.0,105.0,5.0,अतः यह पासवर्ड बदल जाएगा क्योंकि यह यूजरनेम alex के बराबर है,hi,rvc,rvc_177570_00999.wav,5199
1000,177570,322882,train,322882_XTscbPr78nzuHhuu_0058,${DATA_ROOT}/raw/mucs2021/train/XTscbPr78nzuHhuu.wav,392.0,398.0,6.0,libreoffice writer के बगल में arrow पर click करें और आखिर में print पर click करें,hi,rvc,rvc_177570_01000.wav,5200
1001,584991,106718,train,106718_vE1rhq3ojNKZvQNv_0063,${DATA_ROOT}/raw/mucs2021/train/vE1rhq3ojNKZvQNv.wav,284.0,288.0,4.0,mouse के बायें button को पकड़कर रखें और बायीं ओर drag करें,hi,rvc,rvc_584991_01001.wav,5201
1002,584991,142970,train,142970_DP5j8CLDeL6HHHSX_0063,${DATA_ROOT}/raw/mucs2021/train/DP5j8CLDeL6HHHSX.wav,328.0,332.0,4.0,और आप यहाँ  implode  फंक्शन देख सकते हैं इसे join भी कहते हैं,hi,rvc,rvc_584991_01002.wav,5202
1003,584991,177570,train,177570_jSNK2zDaIvyZsMZp_0066,${DATA_ROOT}/raw/mucs2021/train/jSNK2zDaIvyZsMZp.wav,292.0,297.0,5.0,हम देख सकते हैं कि total arguments 13 हैं,hi,rvc,rvc_584991_01003.wav,5203
1004,584991,186783,train,186783_LFpbaXkb8HuQ6DnF_0063,${DATA_ROOT}/raw/mucs2021/train/LFpbaXkb8HuQ6DnF.wav,520.0,524.0,4.0,spoken tutorial project spoken tutorials का उपयोग करके कार्यशालाएँ भी चलाता है,hi,rvc,rvc_584991_01004.wav,5204
1005,584991,205240,train,205240_F4KjmwYhWvnpSE0m_0018,${DATA_ROOT}/raw/mucs2021/train/F4KjmwYhWvnpSE0m.wav,116.0,123.0,7.0,अतः मैं कुछ और चीज़ें जोडूँगा,hi,rvc,rvc_584991_01005.wav,5205
1006,584991,322882,train,322882_XTscbPr78nzuHhuu_0060,${DATA_ROOT}/raw/mucs2021/train/XTscbPr78nzuHhuu.wav,403.0,409.0,6.0,अतः default settings रखें और फिर ok button पर click करें,hi,rvc,rvc_584991_01006.wav,5206
1007,584991,413057,train,413057_aKSsdMqkPfUWyYeS_0056,${DATA_ROOT}/raw/mucs2021/train/aKSsdMqkPfUWyYeS.wav,372.0,376.0,4.0,यह बिलकुल document के किसी भी साधारण text की तरह है,hi,rvc,rvc_584991_01007.wav,5207
1008,584991,445718,train,445718_H6Z2BkcyVtiuiN7A_0063,${DATA_ROOT}/raw/mucs2021/train/H6Z2BkcyVtiuiN7A.wav,380.0,386.0,6.0,ध्यान दें कि उत्तर 750000 प्रदर्शित होता है,hi,rvc,rvc_584991_01008.wav,5208
1009,584991,457295,train,457295_WgzliDtK6Htff0g2_0067,${DATA_ROOT}/raw/mucs2021/train/WgzliDtK6Htff0g2.wav,301.0,305.0,4.0,सीखते हैं कि दिनांक और समय fields कैसें प्रविष्ट करें,hi,rvc,rvc_584991_01009.wav,5209
1010,584991,539226,train,539226_vZGSoJPH1tbvsyCa_0018,${DATA_ROOT}/raw/mucs2021/train/vZGSoJPH1tbvsyCa.wav,157.0,162.0,5.0,मैं इस फॉर्म को फिर से जमा करता हूँ और लॉगिन ओह! फिर से एरर!,hi,rvc,rvc_584991_01010.wav,5210
1011,584991,539354,train,539354_C3MtnFEDrRkWHSvJ_0059,${DATA_ROOT}/raw/mucs2021/train/C3MtnFEDrRkWHSvJ.wav,369.0,372.0,3.0,अगला हमारे पास ip address है,hi,rvc,rvc_584991_01011.wav,5211
1012,584991,541304,train,541304_cyhxRWI0LoKYZvcw_0058,${DATA_ROOT}/raw/mucs2021/train/cyhxRWI0LoKYZvcw.wav,423.0,436.0,13.0,लेकिन अभी के लिए text box में विवरणात्मक name books data entry form लिखें जो कि name of the form label के नीचे है,hi,rvc,rvc_584991_01012.wav,5212
1013,584991,634568,train,634568_jCgweujQVV5haVF1_0061,${DATA_ROOT}/raw/mucs2021/train/jCgweujQVV5haVF1.wav,327.0,330.0,3.0,print dialog box प्रदर्शित होता है,hi,rvc,rvc_584991_01013.wav,5213
1014,584991,705494,train,705494_fZcxLszRnIHxmVQp_0060,${DATA_ROOT}/raw/mucs2021/train/fZcxLszRnIHxmVQp.wav,332.0,336.0,4.0,इस tutorial को रोकें और यह नियतकार्य करें,hi,rvc,rvc_584991_01014.wav,5214
1015,584991,797767,train,797767_TRInoJRJxAX3qv5C_0056,${DATA_ROOT}/raw/mucs2021/train/TRInoJRJxAX3qv5C.wav,371.0,375.0,4.0,यह बिलकुल document के किसी भी साधारण text की तरह है,hi,rvc,rvc_584991_01015.wav,5215
1016,584991,850754,train,850754_wOTMMvC3WQ5YQRAF_0059,${DATA_ROOT}/raw/mucs2021/train/wOTMMvC3WQ5YQRAF.wav,485.0,492.0,7.0,अब popअप menu में से delete option पर click करें और फिर yes option पर click करें,hi,rvc,rvc_584991_01016.wav,5216
1017,584991,870582,train,870582_crdH0AI5aH25bEXe_0064,${DATA_ROOT}/raw/mucs2021/train/crdH0AI5aH25bEXe.wav,354.0,357.0,3.0,ऐसा इसलिए क्योंकि हमने यह नहीं दर्शाया है कि हमें अपडेट कहाँ चाहिए,hi,rvc,rvc_584991_01017.wav,5217
1018,584991,876898,train,876898_RyQSvr4r4iAMTYXq_0058,${DATA_ROOT}/raw/mucs2021/train/RyQSvr4r4iAMTYXq.wav,355.0,359.0,4.0,यह दो cells को चिन्हांकित करता है जो merged हो जाती हैं,hi,rvc,rvc_584991_01018.wav,5218
1019,584991,893273,train,893273_8xh3ZKpPy5YhAnKX_0064,${DATA_ROOT}/raw/mucs2021/train/8xh3ZKpPy5YhAnKX.wav,299.0,311.0,12.0,इस mission पर अधिक जानकारी दिए गए लिंक पर उपलब्ध है,hi,rvc,rvc_584991_01019.wav,5219
1020,584991,903756,train,903756_K3X6AGezGWAoDe1q_0064,${DATA_ROOT}/raw/mucs2021/train/K3X6AGezGWAoDe1q.wav,460.0,463.0,3.0,यहाँ query है:,hi,rvc,rvc_584991_01020.wav,5220
1021,584991,912184,train,912184_V11NDc0lxudGbWQU_0059,${DATA_ROOT}/raw/mucs2021/train/V11NDc0lxudGbWQU.wav,417.0,428.0,11.0,चलिए मैं आपको दिखाता हूँ यह खाली है इसलिए हम people से star इस कंडिशनcondition पर चुन रहे हैं कि where the name equals to nothing and the lastname equals to nothing,hi,rvc,rvc_584991_01021.wav,5221
1022,584991,975912,train,975912_1eNS3GaW1oHHurL4_0001,${DATA_ROOT}/raw/mucs2021/train/1eNS3GaW1oHHurL4.wav,11.0,18.0,7.0,हमने निर्धारित नहीं किया है कि यह इमेल किसके तरफ से है,hi,rvc,rvc_584991_01022.wav,5222
1023,584991,987461,train,987461_LSRBJiHdUoHm4BTI_0005,${DATA_ROOT}/raw/mucs2021/train/LSRBJiHdUoHm4BTI.wav,35.0,38.0,3.0,मैंने जो यहाँ चिन्हांकित किया है हमारा पैरामीटर है,hi,rvc,rvc_584991_01023.wav,5223
1024,584991,996368,train,996368_n4ACC4gnqW0IM1wW_0056,${DATA_ROOT}/raw/mucs2021/train/n4ACC4gnqW0IM1wW.wav,421.0,426.0,5.0,हालांकि क्लिक करने से पहले हम section citation के माध्यम से जाएंगे,hi,rvc,rvc_584991_01024.wav,5224
1025,584991,106718,train,106718_vE1rhq3ojNKZvQNv_0065,${DATA_ROOT}/raw/mucs2021/train/vE1rhq3ojNKZvQNv.wav,290.0,294.0,4.0,अब सीखते हैं कि objects को डिलीट और स्थानांतरित कैसे करें,hi,rvc,rvc_584991_01025.wav,5225
1026,584991,142970,train,142970_DP5j8CLDeL6HHHSX_0064,${DATA_ROOT}/raw/mucs2021/train/DP5j8CLDeL6HHHSX.wav,332.0,338.0,6.0,तो आप इसे join या implode कह सकते हैं जो आप चाहते हैं,hi,rvc,rvc_584991_01026.wav,5226
1027,584991,177570,train,177570_jSNK2zDaIvyZsMZp_0067,${DATA_ROOT}/raw/mucs2021/train/jSNK2zDaIvyZsMZp.wav,297.0,300.0,3.0,अब editor पर जाते हैं,hi,rvc,rvc_584991_01027.wav,5227
1028,584991,186783,train,186783_LFpbaXkb8HuQ6DnF_0064,${DATA_ROOT}/raw/mucs2021/train/LFpbaXkb8HuQ6DnF.wav,524.0,533.0,9.0,वे उनको प्रमाणपत्र भी देते हैं जो ऑनलाइन टेस्ट पास करते हैं अधिक जानकारी के लिए कृपया संपर्क करें contact at spoken hypen tutorial dot org,hi,rvc,rvc_584991_01028.wav,5228
1029,584991,205240,train,205240_F4KjmwYhWvnpSE0m_0019,${DATA_ROOT}/raw/mucs2021/train/F4KjmwYhWvnpSE0m.wav,123.0,126.0,3.0,इसे यहाँ वापस रखते हैं,hi,rvc,rvc_584991_01029.wav,5229
1030,584991,322882,train,322882_XTscbPr78nzuHhuu_0061,${DATA_ROOT}/raw/mucs2021/train/XTscbPr78nzuHhuu.wav,409.0,416.0,7.0,अब पूरे document को सीधे print करने के लिए टूलबार में print file directly icon पर click करें,hi,rvc,rvc_584991_01030.wav,5230
1031,584991,413057,train,413057_aKSsdMqkPfUWyYeS_0057,${DATA_ROOT}/raw/mucs2021/train/aKSsdMqkPfUWyYeS.wav,376.0,380.0,4.0,बदलावों को अन्डू करते हैं,hi,rvc,rvc_584991_01031.wav,5231
1032,584991,445718,train,445718_H6Z2BkcyVtiuiN7A_0064,${DATA_ROOT}/raw/mucs2021/train/H6Z2BkcyVtiuiN7A.wav,386.0,389.0,3.0,अब देखते हैं कि quotient कैसे काम करता है,hi,rvc,rvc_584991_01032.wav,5232
1033,584991,457295,train,457295_WgzliDtK6Htff0g2_0068,${DATA_ROOT}/raw/mucs2021/train/WgzliDtK6Htff0g2.wav,305.0,310.0,5.0,आप अपने draw पेज पर date और time stamps भी डाल सकते हैं,hi,rvc,rvc_584991_01033.wav,5233
1034,584991,539226,train,539226_vZGSoJPH1tbvsyCa_0019,${DATA_ROOT}/raw/mucs2021/train/vZGSoJPH1tbvsyCa.wav,162.0,167.0,5.0,मैं फिर से कोशिश करता हूँ लॉगिन पर क्लिक करता हूँ नहीं यह कार्य नहीं कर रहा है,hi,rvc,rvc_584991_01034.wav,5234
1035,584991,539354,train,539354_C3MtnFEDrRkWHSvJ_0060,${DATA_ROOT}/raw/mucs2021/train/C3MtnFEDrRkWHSvJ.wav,372.0,382.0,10.0,यदि आप koha admin access को किसी विशेष ip address पर प्रतिबंधित करना चाहते हैं तो आप यहां ip निर्दिष्ट कर सकते हैं,hi,rvc,rvc_584991_01035.wav,5235
1036,584991,541304,train,541304_cyhxRWI0LoKYZvcw_0059,${DATA_ROOT}/raw/mucs2021/train/cyhxRWI0LoKYZvcw.wav,436.0,440.0,4.0,अब how do we want to proceed after creating the form,hi,rvc,rvc_584991_01036.wav,5236
1037,584991,634568,train,634568_jCgweujQVV5haVF1_0062,${DATA_ROOT}/raw/mucs2021/train/jCgweujQVV5haVF1.wav,330.0,335.0,5.0,printers की सूची से आपके system से जुड़ा printers चुनें,hi,rvc,rvc_584991_01037.wav,5237
1038,584991,705494,train,705494_fZcxLszRnIHxmVQp_0061,${DATA_ROOT}/raw/mucs2021/train/fZcxLszRnIHxmVQp.wav,336.0,343.0,7.0,विभिन्न animations बनाएँ और प्रत्येक animation के लिए effect options को check करें,hi,rvc,rvc_584991_01038.wav,5238
1039,584991,797767,train,797767_TRInoJRJxAX3qv5C_0057,${DATA_ROOT}/raw/mucs2021/train/TRInoJRJxAX3qv5C.wav,375.0,378.0,3.0,बदलावों को अन्डू करते हैं,hi,rvc,rvc_584991_01039.wav,5239
1040,584991,850754,train,850754_wOTMMvC3WQ5YQRAF_0060,${DATA_ROOT}/raw/mucs2021/train/wOTMMvC3WQ5YQRAF.wav,492.0,499.0,7.0,आप देखते है कि sheet डिलीट हुई है अब document में जो बदलाव हुए है उन्हें अन्डू करते हैं,hi,rvc,rvc_584991_01040.wav,5240
1041,584991,870582,train,870582_crdH0AI5aH25bEXe_0065,${DATA_ROOT}/raw/mucs2021/train/crdH0AI5aH25bEXe.wav,357.0,368.0,11.0,किन्तु हम कर सकते हैं इसके बाद हम लिख सकते हैं where id=6 क्योंकि मेरी यूनिक id 6 है,hi,rvc,rvc_584991_01041.wav,5241
1042,584991,876898,train,876898_RyQSvr4r4iAMTYXq_0059,${DATA_ROOT}/raw/mucs2021/train/RyQSvr4r4iAMTYXq.wav,359.0,366.0,7.0,फिर menu bar में format option पर click करें और फिर merge cells option पर click करें,hi,rvc,rvc_584991_01042.wav,5242
1043,584991,893273,train,893273_8xh3ZKpPy5YhAnKX_0065,${DATA_ROOT}/raw/mucs2021/train/8xh3ZKpPy5YhAnKX.wav,311.0,315.98,4.98,यह स्किप्ट लता द्वारा अनुवादित है आईआईटी बॉम्बे की ओर से मैं रवि कुमार अब आपसे विदा लेता हूँ हमसे जुड़ने के लिए धन्यवाद,hi,rvc,rvc_584991_01043.wav,5243
1044,584991,903756,train,903756_K3X6AGezGWAoDe1q_0066,${DATA_ROOT}/raw/mucs2021/train/K3X6AGezGWAoDe1q.wav,483.0,486.0,3.0,नये group by वाक्यांश पर ध्यान दीजिये,hi,rvc,rvc_584991_01044.wav,5244
1045,584991,912184,train,912184_V11NDc0lxudGbWQU_0060,${DATA_ROOT}/raw/mucs2021/train/V11NDc0lxudGbWQU.wav,428.0,438.0,10.0,इसने इस समय कोई भी डेटा नहीं दिया क्योंकि हमें अपने firstname और lastname में असली आदमियों के नाम मिले हैं,hi,rvc,rvc_584991_01045.wav,5245
1046,584991,975912,train,975912_1eNS3GaW1oHHurL4_0002,${DATA_ROOT}/raw/mucs2021/train/1eNS3GaW1oHHurL4.wav,18.0,23.0,5.0,इमेल भेजने के लिए हमें यह करने की आवश्यकता है,hi,rvc,rvc_584991_01046.wav,5246
1047,584991,987461,train,987461_LSRBJiHdUoHm4BTI_0006,${DATA_ROOT}/raw/mucs2021/train/LSRBJiHdUoHm4BTI.wav,38.0,43.0,5.0,अतः यहाँ हमारे पास हमारे md5 एन्क्रिप्टेड पासवर्डस होंगे,hi,rvc,rvc_584991_01047.wav,5247
1048,584991,996368,train,996368_n4ACC4gnqW0IM1wW_0057,${DATA_ROOT}/raw/mucs2021/train/n4ACC4gnqW0IM1wW.wav,426.0,437.0,11.0,कृपया विशेष संख्याओं को नोट करें,hi,rvc,rvc_584991_01048.wav,5248
1049,584991,106718,train,106718_vE1rhq3ojNKZvQNv_0066,${DATA_ROOT}/raw/mucs2021/train/vE1rhq3ojNKZvQNv.wav,294.0,299.0,5.0,एक object को स्थानांतरित करने के लिए इसे चुनें और इसे इच्छित स्थान पर drag करें,hi,rvc,rvc_584991_01049.wav,5249
1050,584991,142970,train,142970_DP5j8CLDeL6HHHSX_0065,${DATA_ROOT}/raw/mucs2021/train/DP5j8CLDeL6HHHSX.wav,338.0,351.0,13.0,तो मैं क्या करूँगा कि एक नई स्ट्रिंग तथा इसकी implode वेल्यू टाइप करूँगा और हम अपनी exparray implode करने जा रहे हैं,hi,rvc,rvc_584991_01050.wav,5250
1051,584991,177570,train,177570_jSNK2zDaIvyZsMZp_0068,${DATA_ROOT}/raw/mucs2021/train/jSNK2zDaIvyZsMZp.wav,300.0,304.0,4.0,enter दबाएं और यहाँ प्रदर्शित लाइनें type करें,hi,rvc,rvc_584991_01051.wav,5251
1052,584991,186783,train,186783_LFpbaXkb8HuQ6DnF_0065,${DATA_ROOT}/raw/mucs2021/train/LFpbaXkb8HuQ6DnF.wav,533.0,542.0,9.0,spoken tutorial project talktoateacher project का हिस्सा है भारत सरकार के एमएचआरडी के आईसीटी के माध्यम से राष्ट्रीय साक्षरता mission द्वारा समर्थित है,hi,rvc,rvc_584991_01052.wav,5252
1053,584991,205240,train,205240_F4KjmwYhWvnpSE0m_0020,${DATA_ROOT}/raw/mucs2021/train/F4KjmwYhWvnpSE0m.wav,126.0,135.0,9.0,और मैं पेज नष्ट करूँगा और die लिखूँगा और फिर your password has been changed लिखूँगा,hi,rvc,rvc_584991_01053.wav,5253
1054,584991,322882,train,322882_XTscbPr78nzuHhuu_0062,${DATA_ROOT}/raw/mucs2021/train/XTscbPr78nzuHhuu.wav,416.0,420.0,4.0,इसे quick printing कहते हैं,hi,rvc,rvc_584991_01054.wav,5254
1055,584991,413057,train,413057_aKSsdMqkPfUWyYeS_0058,${DATA_ROOT}/raw/mucs2021/train/aKSsdMqkPfUWyYeS.wav,380.0,385.0,5.0,इसी के साथ हम लिबर ऑफिस calc पर spoken tutorial की समाप्ति की ओर आ गये हैं,hi,rvc,rvc_584991_01055.wav,5255
1056,584991,445718,train,445718_H6Z2BkcyVtiuiN7A_0065,${DATA_ROOT}/raw/mucs2021/train/H6Z2BkcyVtiuiN7A.wav,389.0,394.0,5.0,a6 से उल्लिखित cell पर click करें और quotient type करें,hi,rvc,rvc_584991_01056.wav,5256
1057,584991,457295,train,457295_WgzliDtK6Htff0g2_0069,${DATA_ROOT}/raw/mucs2021/train/WgzliDtK6Htff0g2.wav,310.0,314.0,4.0,आप insert औरfieldsपर क्लिक करके कर सकते हैं,hi,rvc,rvc_584991_01057.wav,5257
1058,584991,539226,train,539226_vZGSoJPH1tbvsyCa_0020,${DATA_ROOT}/raw/mucs2021/train/vZGSoJPH1tbvsyCa.wav,167.0,181.0,14.0,इसे जाँचते हैंpassword post password के बराबर है अतः md5 पासवर्ड है मैं वापस जाता हूँ और इसे रिफ्रेश करता हूँ,hi,rvc,rvc_584991_01058.wav,5258
1059,584991,539354,train,539354_C3MtnFEDrRkWHSvJ_0061,${DATA_ROOT}/raw/mucs2021/train/C3MtnFEDrRkWHSvJ.wav,382.0,385.0,3.0,अन्यथा आप इसे खाली छोड़ सकते हैं,hi,rvc,rvc_584991_01059.wav,5259
1060,584991,541304,train,541304_cyhxRWI0LoKYZvcw_0060,${DATA_ROOT}/raw/mucs2021/train/cyhxRWI0LoKYZvcw.wav,440.0,443.0,3.0,पहला work with the form,hi,rvc,rvc_584991_01060.wav,5260
1061,584991,634568,train,634568_jCgweujQVV5haVF1_0063,${DATA_ROOT}/raw/mucs2021/train/jCgweujQVV5haVF1.wav,335.0,340.0,5.0,number of copies field में 2 प्रविष्ट करें,hi,rvc,rvc_584991_01061.wav,5261
1062,584991,705494,train,705494_fZcxLszRnIHxmVQp_0062,${DATA_ROOT}/raw/mucs2021/train/fZcxLszRnIHxmVQp.wav,343.0,348.0,5.0,अब हमारे द्वारा किये गये animation प्रभावों को देखना सीखते हैं,hi,rvc,rvc_584991_01062.wav,5262
1063,584991,797767,train,797767_TRInoJRJxAX3qv5C_0058,${DATA_ROOT}/raw/mucs2021/train/TRInoJRJxAX3qv5C.wav,378.0,383.0,5.0,इसी के साथ हम लिबर ऑफिस calc पर spoken tutorial की समाप्ति की ओर आ गये हैं,hi,rvc,rvc_584991_01063.wav,5263
1064,584991,850754,train,850754_wOTMMvC3WQ5YQRAF_0062,${DATA_ROOT}/raw/mucs2021/train/wOTMMvC3WQ5YQRAF.wav,516.0,527.0,11.0,अब किसी भी एक टैब पर right click करें और popअप menu में से delete sheet option पर click करें और फिर yes option click करें,hi,rvc,rvc_584991_01064.wav,5264
1065,584991,870582,train,870582_crdH0AI5aH25bEXe_0068,${DATA_ROOT}/raw/mucs2021/train/crdH0AI5aH25bEXe.wav,372.0,376.0,4.0,याद रखिए मैंने बोला id यूनिक है update my id कहना बेहतर होगा,hi,rvc,rvc_584991_01065.wav,5265
1066,584991,876898,train,876898_RyQSvr4r4iAMTYXq_0060,${DATA_ROOT}/raw/mucs2021/train/RyQSvr4r4iAMTYXq.wav,366.0,371.0,5.0,sidebar जो कि popsअप होता है उसमें merge cells option पर click करें,hi,rvc,rvc_584991_01066.wav,5266
1067,584991,893273,train,893273_8xh3ZKpPy5YhAnKX_0000,${DATA_ROOT}/raw/mucs2021/train/8xh3ZKpPy5YhAnKX.wav,0.0,5.0,5.0,tux typing टक्स टाइपिंग के परिचय पर स्पोकन ट्यूटोरियल में आपका स्वागत है,hi,rvc,rvc_584991_01067.wav,5267
1068,584991,903756,train,903756_K3X6AGezGWAoDe1q_0067,${DATA_ROOT}/raw/mucs2021/train/K3X6AGezGWAoDe1q.wav,486.0,498.0,12.0,अतः हम प्रत्येक publisher के लिए records को समूहीकृत करने के लिए publisher और books की संख्या तथा group by चुन रहे हैं,hi,rvc,rvc_584991_01068.wav,5268
1069,584991,912184,train,912184_V11NDc0lxudGbWQU_0061,${DATA_ROOT}/raw/mucs2021/train/V11NDc0lxudGbWQU.wav,438.0,443.0,5.0,फिर भी अब मैं बिलकुल पूरी तरह से क्रम रहित नाम टाइप करूँगा,hi,rvc,rvc_584991_01069.wav,5269
1070,584991,975912,train,975912_1eNS3GaW1oHHurL4_0003,${DATA_ROOT}/raw/mucs2021/train/1eNS3GaW1oHHurL4.wav,23.0,29.0,6.0,हम यहाँ from पैरामीटर जैसा कुछ भी उपयोग नहीं करेंगे,hi,rvc,rvc_584991_01070.wav,5270
1071,584991,987461,train,987461_LSRBJiHdUoHm4BTI_0007,${DATA_ROOT}/raw/mucs2021/train/LSRBJiHdUoHm4BTI.wav,43.0,51.0,8.0,हमें यह फील्ड चेक करने की आवश्यकता होगी यह देखने के लिए कि वे मौजूद हैं या नहीं,hi,rvc,rvc_584991_01071.wav,5271
1072,584991,996368,train,996368_n4ACC4gnqW0IM1wW_0058,${DATA_ROOT}/raw/mucs2021/train/n4ACC4gnqW0IM1wW.wav,437.0,445.0,8.0,अब नीचे import this batch into the catalog नामक बटन पर क्लिक करें,hi,rvc,rvc_584991_01072.wav,5272
1073,584991,106718,train,106718_vE1rhq3ojNKZvQNv_0067,${DATA_ROOT}/raw/mucs2021/train/vE1rhq3ojNKZvQNv.wav,299.0,302.0,3.0,अब mouse button को छोड़ दें,hi,rvc,rvc_584991_01073.wav,5273
1074,584991,142970,train,142970_DP5j8CLDeL6HHHSX_0066,${DATA_ROOT}/raw/mucs2021/train/DP5j8CLDeL6HHHSX.wav,351.0,355.0,4.0,ठीक है चलिए इसे देखते हैं,hi,rvc,rvc_584991_01074.wav,5274
1075,584991,177570,train,177570_jSNK2zDaIvyZsMZp_0069,${DATA_ROOT}/raw/mucs2021/train/jSNK2zDaIvyZsMZp.wav,304.0,310.0,6.0,$* dollar asterix सारे arguments को एक line में print करेगा,hi,rvc,rvc_584991_01075.wav,5275
1076,584991,186783,train,186783_LFpbaXkb8HuQ6DnF_0066,${DATA_ROOT}/raw/mucs2021/train/LFpbaXkb8HuQ6DnF.wav,542.0,553.0,11.0,इस पर अधिक जानकारी निम्न लिंक पर उपलब्ध है spoken hyphen tutorial dot org slash nmeict hypen intro,hi,rvc,rvc_584991_01076.wav,5276
1077,584991,205240,train,205240_F4KjmwYhWvnpSE0m_0021,${DATA_ROOT}/raw/mucs2021/train/F4KjmwYhWvnpSE0m.wav,135.0,143.0,8.0,और फिर मैं एक return कथित लिंक डालूँगा और यह मुख्य पेज पर वापस जाएगा,hi,rvc,rvc_584991_01077.wav,5277
1078,584991,322882,train,322882_XTscbPr78nzuHhuu_0063,${DATA_ROOT}/raw/mucs2021/train/XTscbPr78nzuHhuu.wav,420.0,427.0,7.0,आप default settings बदलकर और print option तक पहुँच कर किसी document को print करने पर अधिक नियत्रंण कर सकते हैं,hi,rvc,rvc_584991_01078.wav,5278
1079,584991,413057,train,413057_aKSsdMqkPfUWyYeS_0059,${DATA_ROOT}/raw/mucs2021/train/aKSsdMqkPfUWyYeS.wav,385.0,391.0,6.0,संक्षेप में हमने सीखा कि कैसे: calc में अन्य शीट्स को reference करें,hi,rvc,rvc_584991_01079.wav,5279
1080,584991,445718,train,445718_H6Z2BkcyVtiuiN7A_0066,${DATA_ROOT}/raw/mucs2021/train/H6Z2BkcyVtiuiN7A.wav,394.0,397.0,3.0,अब cell b6 पर click करें,hi,rvc,rvc_584991_01080.wav,5280
1081,584991,457295,train,457295_WgzliDtK6Htff0g2_0070,${DATA_ROOT}/raw/mucs2021/train/WgzliDtK6Htff0g2.wav,314.0,318.0,4.0,एक है date fixed और time fixed,hi,rvc,rvc_584991_01081.wav,5281
1082,584991,539226,train,539226_vZGSoJPH1tbvsyCa_0021,${DATA_ROOT}/raw/mucs2021/train/vZGSoJPH1tbvsyCa.wav,181.0,190.0,9.0,मैं अपना पासवर्ड टाइप करता हूँ ठीक है मैं जानता हूँ कि यहाँ क्या समस्या है,hi,rvc,rvc_584991_01082.wav,5282
1083,584991,539354,train,539354_C3MtnFEDrRkWHSvJ_0062,${DATA_ROOT}/raw/mucs2021/train/C3MtnFEDrRkWHSvJ.wav,385.0,388.0,3.0,मैं इसे खाली छोडूँगी,hi,rvc,rvc_584991_01083.wav,5283
1084,584991,541304,train,541304_cyhxRWI0LoKYZvcw_0061,${DATA_ROOT}/raw/mucs2021/train/cyhxRWI0LoKYZvcw.wav,443.0,449.0,6.0,मतलब हम data entry के लिए form का उपयोग करना शुरू करेंगे,hi,rvc,rvc_584991_01084.wav,5284
1085,584991,634568,train,634568_jCgweujQVV5haVF1_0064,${DATA_ROOT}/raw/mucs2021/train/jCgweujQVV5haVF1.wav,340.0,348.0,8.0,properties पर click करें और orientation के अंदर landscape चुनें ok पर click करें,hi,rvc,rvc_584991_01085.wav,5285
1086,584991,705494,train,705494_fZcxLszRnIHxmVQp_0063,${DATA_ROOT}/raw/mucs2021/train/fZcxLszRnIHxmVQp.wav,348.0,359.0,11.0,slide show button पर click करें फिर animation को देखने के लिए screen पर कहीं भी click करें,hi,rvc,rvc_584991_01086.wav,5286
1087,584991,797767,train,797767_TRInoJRJxAX3qv5C_0059,${DATA_ROOT}/raw/mucs2021/train/TRInoJRJxAX3qv5C.wav,383.0,389.0,6.0,संक्षेप में हमने सीखा कि कैसे:,hi,rvc,rvc_584991_01087.wav,5287
1088,584991,850754,train,850754_wOTMMvC3WQ5YQRAF_0063,${DATA_ROOT}/raw/mucs2021/train/wOTMMvC3WQ5YQRAF.wav,527.0,536.0,9.0,आप देखते हैं कि दोनों sheets डिलीट हुई हैं आगे सीखने के लिए चलिए हमने जो बदलाव किए है उसे अन्डू करें,hi,rvc,rvc_584991_01088.wav,5288
1089,584991,870582,train,870582_crdH0AI5aH25bEXe_0069,${DATA_ROOT}/raw/mucs2021/train/crdH0AI5aH25bEXe.wav,376.0,384.0,8.0,इसके स्थान पर मैं क्या कर सकता हूँ कि लिखता हूँ where firstname equals alex हालाँकि यह प्रत्येक रिकार्डअभिलेख अपडेट करेगा जिसका firstname alex है,hi,rvc,rvc_584991_01089.wav,5289
1090,584991,876898,train,876898_RyQSvr4r4iAMTYXq_0061,${DATA_ROOT}/raw/mucs2021/train/RyQSvr4r4iAMTYXq.wav,371.0,381.0,10.0,single cells में दोनों cells के contents को स्थानांतरित करने के लिए दिखाई देने वाले dialog box में yes option पर click करें,hi,rvc,rvc_584991_01090.wav,5290
1091,584991,893273,train,893273_8xh3ZKpPy5YhAnKX_0001,${DATA_ROOT}/raw/mucs2021/train/8xh3ZKpPy5YhAnKX.wav,5.0,8.0,3.0,इस ट्यूटोरियल में आप सीखेंगे:,hi,rvc,rvc_584991_01091.wav,5291
1092,584991,903756,train,903756_K3X6AGezGWAoDe1q_0068,${DATA_ROOT}/raw/mucs2021/train/K3X6AGezGWAoDe1q.wav,498.0,501.0,3.0,अब query now करते हैं,hi,rvc,rvc_584991_01092.wav,5292
1093,584991,912184,train,912184_V11NDc0lxudGbWQU_0062,${DATA_ROOT}/raw/mucs2021/train/V11NDc0lxudGbWQU.wav,443.0,449.0,6.0,तो चलिए लिखते हैं david green और गेट डेटा पर क्लिक करते हैं और कुछ भी नहीं हुआ ठीक है,hi,rvc,rvc_584991_01093.wav,5293
1094,584991,975912,train,975912_1eNS3GaW1oHHurL4_0004,${DATA_ROOT}/raw/mucs2021/train/1eNS3GaW1oHHurL4.wav,29.0,32.0,3.0,हमें विशेष हैडर्स को भेजने की आवश्यकता है,hi,rvc,rvc_584991_01094.wav,5294
1095,584991,987461,train,987461_LSRBJiHdUoHm4BTI_0008,${DATA_ROOT}/raw/mucs2021/train/LSRBJiHdUoHm4BTI.wav,51.0,57.0,6.0,फिलहालजब हम अपना फॉर्म सब्मिट करते हैं हम देखते हैं कि वास्तव में कुछ नहीं हुआ,hi,rvc,rvc_584991_01095.wav,5295
1096,584991,996368,train,996368_n4ACC4gnqW0IM1wW_0059,${DATA_ROOT}/raw/mucs2021/train/n4ACC4gnqW0IM1wW.wav,445.0,449.0,4.0,जब हम ऐसा करते हैं तो job progress bar प्रदर्शित होता है,hi,rvc,rvc_584991_01096.wav,5296
1097,584991,106718,train,106718_vE1rhq3ojNKZvQNv_0068,${DATA_ROOT}/raw/mucs2021/train/vE1rhq3ojNKZvQNv.wav,302.0,308.0,6.0,आप object को स्थानांतरित करने के लिए keyboard पर अप down और side arrow का उपयोग भी कर सकते हैं,hi,rvc,rvc_584991_01097.wav,5297
1098,584991,142970,train,142970_DP5j8CLDeL6HHHSX_0068,${DATA_ROOT}/raw/mucs2021/train/DP5j8CLDeL6HHHSX.wav,357.0,361.0,4.0,अब यदि हम अपनी नई स्ट्रिंग एको करते हैं,hi,rvc,rvc_584991_01098.wav,5298
1099,584991,177570,train,177570_jSNK2zDaIvyZsMZp_0070,${DATA_ROOT}/raw/mucs2021/train/jSNK2zDaIvyZsMZp.wav,310.0,314.0,4.0,हम एक सरल for loop की मदद से यह जांचेंगे,hi,rvc,rvc_584991_01099.wav,5299
1100,584991,186783,train,186783_LFpbaXkb8HuQ6DnF_0067,${DATA_ROOT}/raw/mucs2021/train/LFpbaXkb8HuQ6DnF.wav,553.0,563.23,10.23,यह स्क्रिप्ट देवेन्द्र कैरवान द्वारा अनुवादित है आई आई टी बॉम्बे की ओर से मैं रवि कुमार अब आपसे विदा लेता हूँ धन्यवाद,hi,rvc,rvc_584991_01100.wav,5300
1101,584991,205240,train,205240_F4KjmwYhWvnpSE0m_0022,${DATA_ROOT}/raw/mucs2021/train/F4KjmwYhWvnpSE0m.wav,143.0,147.0,4.0,और यह indexphp है,hi,rvc,rvc_584991_01101.wav,5301
1102,584991,322882,train,322882_XTscbPr78nzuHhuu_0064,${DATA_ROOT}/raw/mucs2021/train/XTscbPr78nzuHhuu.wav,427.0,433.0,6.0,menu bar में file menu पर click करें और फिर printपर click करें,hi,rvc,rvc_584991_01102.wav,5302
1103,584991,413057,train,413057_aKSsdMqkPfUWyYeS_0060,${DATA_ROOT}/raw/mucs2021/train/aKSsdMqkPfUWyYeS.wav,391.0,396.0,5.0,calc में hyperlinks इस्तेमाल करें,hi,rvc,rvc_584991_01103.wav,5303
1104,584991,445718,train,445718_H6Z2BkcyVtiuiN7A_0067,${DATA_ROOT}/raw/mucs2021/train/H6Z2BkcyVtiuiN7A.wav,397.0,400.0,3.0,हम उत्तर की गणना करने के लिए इस cell का उपयोग करेंगे,hi,rvc,rvc_584991_01104.wav,5304
1105,584991,457295,train,457295_WgzliDtK6Htff0g2_0071,${DATA_ROOT}/raw/mucs2021/train/WgzliDtK6Htff0g2.wav,318.0,323.0,5.0,दूसरा date variable और time variable है,hi,rvc,rvc_584991_01105.wav,5305
1106,584991,539226,train,539226_vZGSoJPH1tbvsyCa_0022,${DATA_ROOT}/raw/mucs2021/train/vZGSoJPH1tbvsyCa.wav,190.0,202.0,12.0,यहाँ समस्या यह है कि हमारा md5 पासवर्ड बिलकुल सही है किन्तु इसकी तुलना एक पासवर्ड से हो रही है जो हमारे डेटाबेस में कट के छोटा हो रहा है,hi,rvc,rvc_584991_01106.wav,5306
1107,584991,539354,train,539354_C3MtnFEDrRkWHSvJ_0063,${DATA_ROOT}/raw/mucs2021/train/C3MtnFEDrRkWHSvJ.wav,388.0,392.0,4.0,अंत में हमारे पास notes field है,hi,rvc,rvc_584991_01107.wav,5307
1108,584991,541304,train,541304_cyhxRWI0LoKYZvcw_0062,${DATA_ROOT}/raw/mucs2021/train/cyhxRWI0LoKYZvcw.wav,449.0,457.0,8.0,form का डिजाइन बदलने के लिए हम modify the form चुन सकते हैं जिसे हम बाद में देखेंगे,hi,rvc,rvc_584991_01108.wav,5308
1109,584991,634568,train,634568_jCgweujQVV5haVF1_0065,${DATA_ROOT}/raw/mucs2021/train/jCgweujQVV5haVF1.wav,348.0,353.0,5.0,print documentके अंदर dropdown menu से notes चुनें,hi,rvc,rvc_584991_01109.wav,5309
1110,584991,705494,train,705494_fZcxLszRnIHxmVQp_0064,${DATA_ROOT}/raw/mucs2021/train/fZcxLszRnIHxmVQp.wav,359.0,369.0,10.0,animation प्रस्तुति की नीरसता को तोड़ने और कुछ बिंदुओं को स्पष्ट करने के लिए अच्छा तरीका है जो अन्यथा समझाने के लिए कठिन हैं,hi,rvc,rvc_584991_01110.wav,5310
1111,584991,797767,train,797767_TRInoJRJxAX3qv5C_0060,${DATA_ROOT}/raw/mucs2021/train/TRInoJRJxAX3qv5C.wav,389.0,395.0,6.0,calc में hyperlinks इस्तेमाल करें,hi,rvc,rvc_584991_01111.wav,5311
1112,584991,850754,train,850754_wOTMMvC3WQ5YQRAF_0064,${DATA_ROOT}/raw/mucs2021/train/wOTMMvC3WQ5YQRAF.wav,536.0,543.0,7.0,मेन्यूबार से edit option का उपयोग करके एक विशिष्ट sheet को डिलीट करने का एक अन्य तरीका है,hi,rvc,rvc_584991_01112.wav,5312
1113,584991,870582,train,870582_crdH0AI5aH25bEXe_0072,${DATA_ROOT}/raw/mucs2021/train/crdH0AI5aH25bEXe.wav,403.0,408.0,5.0,अतः सर्वश्रेष्ठ होगा कि अपना यूनिक इस्तेमाल करें और वह मुख्यश्ब्द unique id है जो मेरे लिए 6 है,hi,rvc,rvc_584991_01113.wav,5313
1114,584991,876898,train,876898_RyQSvr4r4iAMTYXq_0062,${DATA_ROOT}/raw/mucs2021/train/RyQSvr4r4iAMTYXq.wav,381.0,389.0,8.0,आप देखेंगे कि चुनित cells एक में merged हो गई है और contents भी उसी merged हुई cells में हैं,hi,rvc,rvc_584991_01114.wav,5314
1115,584991,893273,train,893273_8xh3ZKpPy5YhAnKX_0002,${DATA_ROOT}/raw/mucs2021/train/8xh3ZKpPy5YhAnKX.wav,8.0,12.0,4.0,वाक्यांशों को टाइप कैसे करें अपने शब्दों की सूची तैयार कैसे करें,hi,rvc,rvc_584991_01115.wav,5315
1116,584991,903756,train,903756_K3X6AGezGWAoDe1q_0069,${DATA_ROOT}/raw/mucs2021/train/K3X6AGezGWAoDe1q.wav,501.0,513.0,12.0,उनके सामने प्रत्येक प्रकाशक का names और पुस्तकों की संख्या पर ध्यान दीजिये,hi,rvc,rvc_584991_01116.wav,5316
1117,584991,912184,train,912184_V11NDc0lxudGbWQU_0063,${DATA_ROOT}/raw/mucs2021/train/V11NDc0lxudGbWQU.wav,449.0,461.0,12.0,यदि हमारे पास यहाँ अंत में एक एररerrorसूचना हैयह हमारी क्वेरी यहाँ पर लिखी हुई है मैं लिख सकता हूँ or die mysql error,hi,rvc,rvc_584991_01117.wav,5317
1118,584991,975912,train,975912_1eNS3GaW1oHHurL4_0005,${DATA_ROOT}/raw/mucs2021/train/1eNS3GaW1oHHurL4.wav,32.0,43.0,11.0,अतः यहाँ हम headers  वेरिएबल बनाते हैं जो कि me @mecom  जैसे कुछ के समान नहीं है,hi,rvc,rvc_584991_01118.wav,5318
1119,584991,987461,train,987461_LSRBJiHdUoHm4BTI_0009,${DATA_ROOT}/raw/mucs2021/train/LSRBJiHdUoHm4BTI.wav,57.0,68.0,11.0,पहले मैं लिखूँगा check password against db और फिर हम हमारे डेटाबेस से कनेक्ट होंगे,hi,rvc,rvc_584991_01119.wav,5319
1120,584991,996368,train,996368_n4ACC4gnqW0IM1wW_0060,${DATA_ROOT}/raw/mucs2021/train/n4ACC4gnqW0IM1wW.wav,449.0,455.0,6.0,जब प्रोग्रेस 100% तक पूरी हो जाती है तो एक नया पेज खुलता है,hi,rvc,rvc_584991_01120.wav,5320
1121,584991,106718,train,106718_vE1rhq3ojNKZvQNv_0069,${DATA_ROOT}/raw/mucs2021/train/vE1rhq3ojNKZvQNv.wav,308.0,311.0,3.0,objects को स्थानांतरित करना आसान है क्या ऐसा नहीं है,hi,rvc,rvc_584991_01121.wav,5321
1122,584991,142970,train,142970_DP5j8CLDeL6HHHSX_0069,${DATA_ROOT}/raw/mucs2021/train/DP5j8CLDeL6HHHSX.wav,361.0,365.0,4.0,यह याद दिलाएगा कि हमने पहले किससे शुरुआत की थी कोई स्पेसेस के बिना,hi,rvc,rvc_584991_01122.wav,5322
1123,584991,177570,train,177570_jSNK2zDaIvyZsMZp_0071,${DATA_ROOT}/raw/mucs2021/train/jSNK2zDaIvyZsMZp.wav,314.0,318.0,4.0,हम निष्पादन के समय इस for loop का विश्लेषण करेंगे,hi,rvc,rvc_584991_01123.wav,5323
1124,584991,186783,train,186783_LFpbaXkb8HuQ6DnF_0000,${DATA_ROOT}/raw/mucs2021/train/LFpbaXkb8HuQ6DnF.wav,0.0,3.0,3.0,नमस्कार दोस्तों,hi,rvc,rvc_584991_01124.wav,5324
1125,584991,205240,train,205240_F4KjmwYhWvnpSE0m_0023,${DATA_ROOT}/raw/mucs2021/train/F4KjmwYhWvnpSE0m.wav,147.0,151.0,4.0,इससे पहले की हम पेज नष्ट करें मैं सेशन को नष्ट करने जा रहा हूँ,hi,rvc,rvc_584991_01125.wav,5325
1126,541304,106718,train,106718_vE1rhq3ojNKZvQNv_0071,${DATA_ROOT}/raw/mucs2021/train/vE1rhq3ojNKZvQNv.wav,317.0,320.0,3.0,object डिलीट हो गया है the यह isn नहीं है,hi,rvc,rvc_541304_01126.wav,5326
1127,541304,142970,train,142970_DP5j8CLDeL6HHHSX_0071,${DATA_ROOT}/raw/mucs2021/train/DP5j8CLDeL6HHHSX.wav,369.0,381.0,12.0,तो यहाँ मैंने एक स्पेस डालने का निश्चय किया हैलेकिन अगर आपको यहाँ स्लैश चाहिए तो आप एक फॉरवर्ड स्लैश डाल सकते हैं और परिणाम प्राप्त कर सकते हैं,hi,rvc,rvc_541304_01127.wav,5327
1128,541304,177570,train,177570_jSNK2zDaIvyZsMZp_0073,${DATA_ROOT}/raw/mucs2021/train/jSNK2zDaIvyZsMZp.wav,322.0,326.0,4.0,अब मैं prompt को खाली करता हूँ,hi,rvc,rvc_541304_01128.wav,5328
1129,541304,186783,train,186783_LFpbaXkb8HuQ6DnF_0002,${DATA_ROOT}/raw/mucs2021/train/LFpbaXkb8HuQ6DnF.wav,9.0,15.0,6.0,इस ट्यूटोरियल में मैं समझाऊँगा कि लिबरऑफिस राइटर में डॉक्युमेंट का पीयर रिव्यू सहकर्मी समीक्षा कैसे किया जा सकता है,hi,rvc,rvc_541304_01129.wav,5329
1130,541304,205240,train,205240_F4KjmwYhWvnpSE0m_0029,${DATA_ROOT}/raw/mucs2021/train/F4KjmwYhWvnpSE0m.wav,198.0,212.0,14.0,अब यदि मैं मेम्बर पेज पर वापस जाने की कोशिश करता हूँ आप देखेंगे you must be logged in हमारा सेशन नष्ट हो चुका है क्योंकि हमने यहाँ हमारा session destroy फंक्शन इस्तेमाल किया था,hi,rvc,rvc_541304_01130.wav,5330
1131,541304,322882,train,322882_XTscbPr78nzuHhuu_0067,${DATA_ROOT}/raw/mucs2021/train/XTscbPr78nzuHhuu.wav,442.0,448.0,6.0,all pages option document के सभी पेजेस को प्रिंट करने के लिए है,hi,rvc,rvc_541304_01131.wav,5331
1132,541304,413057,train,413057_aKSsdMqkPfUWyYeS_0063,${DATA_ROOT}/raw/mucs2021/train/aKSsdMqkPfUWyYeS.wav,403.0,407.0,4.0,यदि आपके पास अच्छा bandwidth नहीं है तो आप इसे download करके देख सकते हैं,hi,rvc,rvc_541304_01132.wav,5332
1133,541304,445718,train,445718_H6Z2BkcyVtiuiN7A_0071,${DATA_ROOT}/raw/mucs2021/train/H6Z2BkcyVtiuiN7A.wav,419.0,425.0,6.0,इसी तरह calc में हम कई प्रकार के arithmetic operations कर सकते हैं,hi,rvc,rvc_541304_01133.wav,5333
1134,541304,457295,train,457295_WgzliDtK6Htff0g2_0074,${DATA_ROOT}/raw/mucs2021/train/WgzliDtK6Htff0g2.wav,333.0,337.0,4.0,दूसरी ओर date variable और time variable options,hi,rvc,rvc_541304_01134.wav,5334
1135,541304,539226,train,539226_vZGSoJPH1tbvsyCa_0025,${DATA_ROOT}/raw/mucs2021/train/vZGSoJPH1tbvsyCa.wav,223.0,230.0,7.0,मैं पूर्ण सुनिश्चित नहीं हूँकि एक md5 string कितनी लम्बी होती है किन्तु मैं length value = 100 लिखूँगा इसे सेव करें,hi,rvc,rvc_541304_01135.wav,5335
1136,541304,539354,train,539354_C3MtnFEDrRkWHSvJ_0066,${DATA_ROOT}/raw/mucs2021/train/C3MtnFEDrRkWHSvJ.wav,400.0,406.0,6.0,सभी विवरण प्रविष्ट करने के बाद submit button पर click करें,hi,rvc,rvc_541304_01136.wav,5336
1137,541304,584991,train,584991_1ijxO93RTIJh2Rzv_0064,${DATA_ROOT}/raw/mucs2021/train/1ijxO93RTIJh2Rzv.wav,343.0,348.0,5.0,fill field में dropdown menu से color चुनें,hi,rvc,rvc_541304_01137.wav,5337
1138,541304,634568,train,634568_jCgweujQVV5haVF1_0070,${DATA_ROOT}/raw/mucs2021/train/jCgweujQVV5haVF1.wav,365.0,368.0,3.0,original color box को check करें,hi,rvc,rvc_541304_01138.wav,5338
1139,541304,705494,train,705494_fZcxLszRnIHxmVQp_0067,${DATA_ROOT}/raw/mucs2021/train/fZcxLszRnIHxmVQp.wav,380.0,383.0,3.0,इसी के साथ हम इस tutorial की समाप्ति की ओर आ गये हैं,hi,rvc,rvc_541304_01139.wav,5339
1140,541304,797767,train,797767_TRInoJRJxAX3qv5C_0063,${DATA_ROOT}/raw/mucs2021/train/TRInoJRJxAX3qv5C.wav,401.0,405.0,4.0,यदि आपके पास अच्छा bandwidth नहीं है तो आप इसे download करके देख सकते हैं,hi,rvc,rvc_541304_01140.wav,5340
1141,541304,850754,train,850754_wOTMMvC3WQ5YQRAF_0067,${DATA_ROOT}/raw/mucs2021/train/wOTMMvC3WQ5YQRAF.wav,559.0,570.0,11.0,dialog box जो नज़र आता है उसमें sheet 6 option पर click करें और keyboard पर shift button पकड़कर sheet 7 option click करें,hi,rvc,rvc_541304_01141.wav,5341
1142,541304,870582,train,870582_crdH0AI5aH25bEXe_0075,${DATA_ROOT}/raw/mucs2021/train/crdH0AI5aH25bEXe.wav,420.0,428.0,8.0,अब यदि हम रिफ्रेशrefreshकरने के लिए ब्राउज़ पर क्लिक करें और हम नीचे स्क्रोल करेंहम देख सकते हैं कि यह जिसमें हम चाहते थे उसमें बदल गया और बाकी सबकुछ बिना बिगड़े हुए है,hi,rvc,rvc_541304_01142.wav,5342
1143,541304,876898,train,876898_RyQSvr4r4iAMTYXq_0065,${DATA_ROOT}/raw/mucs2021/train/RyQSvr4r4iAMTYXq.wav,402.0,409.0,7.0,cell में data का font size cell में fit करने के लिए स्वतः से समायोजित किया जा सकता है,hi,rvc,rvc_541304_01143.wav,5343
1144,541304,893273,train,893273_8xh3ZKpPy5YhAnKX_0006,${DATA_ROOT}/raw/mucs2021/train/8xh3ZKpPy5YhAnKX.wav,28.0,31.0,3.0,dash home पर click करें,hi,rvc,rvc_541304_01144.wav,5344
1145,541304,903756,train,903756_K3X6AGezGWAoDe1q_0072,${DATA_ROOT}/raw/mucs2021/train/K3X6AGezGWAoDe1q.wav,523.0,529.0,6.0,उदाहरणस्वरुप current _ date आज की तारिख date है,hi,rvc,rvc_541304_01145.wav,5345
1146,541304,912184,train,912184_V11NDc0lxudGbWQU_0067,${DATA_ROOT}/raw/mucs2021/train/V11NDc0lxudGbWQU.wav,476.0,480.0,4.0,चलिए अब एक नाम हम मानते हैं जो हमारे डेटाबेस में है,hi,rvc,rvc_541304_01146.wav,5346
1147,541304,975912,train,975912_1eNS3GaW1oHHurL4_0008,${DATA_ROOT}/raw/mucs2021/train/1eNS3GaW1oHHurL4.wav,62.0,68.0,6.0,वास्तव में मेरे पास वह डोमैन नाम नहीं है लेकिन हम इसे उसी की तरह रखेंगे,hi,rvc,rvc_541304_01147.wav,5347
1148,541304,987461,train,987461_LSRBJiHdUoHm4BTI_0012,${DATA_ROOT}/raw/mucs2021/train/LSRBJiHdUoHm4BTI.wav,89.0,95.0,6.0,लेकिन हमारे ट्यूटोरियल के लिए मैं इसको बारबार टाइप करूँगा क्योंकि सीखने के लिए यह एक अच्छा तरीका है,hi,rvc,rvc_541304_01148.wav,5348
1149,541304,996368,train,996368_n4ACC4gnqW0IM1wW_0063,${DATA_ROOT}/raw/mucs2021/train/n4ACC4gnqW0IM1wW.wav,476.0,482.0,6.0,सेक्शन के नीचे undo import into catalog टैब पर क्लिक करें,hi,rvc,rvc_541304_01149.wav,5349
1150,541304,106718,train,106718_vE1rhq3ojNKZvQNv_0072,${DATA_ROOT}/raw/mucs2021/train/vE1rhq3ojNKZvQNv.wav,320.0,326.0,6.0,अब बुनियादी सहायकruler और align toolbar के बारे में सीखते हैं,hi,rvc,rvc_541304_01150.wav,5350
1151,541304,142970,train,142970_DP5j8CLDeL6HHHSX_0072,${DATA_ROOT}/raw/mucs2021/train/DP5j8CLDeL6HHHSX.wav,381.0,387.0,6.0,लेकिन वापस आते हैं यह फंक्शंस टू एंड फ्रॉमto and from अरै को बदलने के लिए हैं,hi,rvc,rvc_541304_01151.wav,5351
1152,541304,177570,train,177570_jSNK2zDaIvyZsMZp_0074,${DATA_ROOT}/raw/mucs2021/train/jSNK2zDaIvyZsMZp.wav,326.0,335.0,9.0,arg type करें dot slash arg sh space sunday monday और tuesday,hi,rvc,rvc_541304_01152.wav,5352
1153,541304,186783,train,186783_LFpbaXkb8HuQ6DnF_0003,${DATA_ROOT}/raw/mucs2021/train/LFpbaXkb8HuQ6DnF.wav,15.0,18.0,3.0,हम एक मौजूद डॉक्युमेंट को खोलेंगे,hi,rvc,rvc_541304_01153.wav,5353
1154,541304,205240,train,205240_F4KjmwYhWvnpSE0m_0030,${DATA_ROOT}/raw/mucs2021/train/F4KjmwYhWvnpSE0m.wav,212.0,223.0,11.0,और साथ ही जब मैं फिर से लॉगिन करता हूँ और मेरे पासवर्ड के लिए abc टाइप करता हूँ जोकि मेरा पुराना पासवर्ड है हमें एक incorrect password सूचना मिलती है,hi,rvc,rvc_541304_01154.wav,5354
1155,541304,322882,train,322882_XTscbPr78nzuHhuu_0069,${DATA_ROOT}/raw/mucs2021/train/XTscbPr78nzuHhuu.wav,464.0,474.0,10.0,यदि आप document की कई copies print करना चाहते हैं तो number of copies field में value enter करें चलिए field में 2 value enter करते हैं,hi,rvc,rvc_541304_01155.wav,5355
1156,541304,413057,train,413057_aKSsdMqkPfUWyYeS_0064,${DATA_ROOT}/raw/mucs2021/train/aKSsdMqkPfUWyYeS.wav,407.0,412.0,5.0,spoken tutorial project team spoken tutorial का उपयोग करके कार्यशालाएँ भी चलाते हैं,hi,rvc,rvc_541304_01156.wav,5356
1157,541304,445718,train,445718_H6Z2BkcyVtiuiN7A_0072,${DATA_ROOT}/raw/mucs2021/train/H6Z2BkcyVtiuiN7A.wav,425.0,429.0,4.0,अब सीखते हैं कि statistic functions का कार्यान्वन कैसे करें,hi,rvc,rvc_541304_01157.wav,5357
1158,541304,457295,train,457295_WgzliDtK6Htff0g2_0075,${DATA_ROOT}/raw/mucs2021/train/WgzliDtK6Htff0g2.wav,337.0,342.0,5.0,जब आप file खोलते हैं स्वचलित रूप से अपडेट होते हैं,hi,rvc,rvc_541304_01158.wav,5358
1159,541304,539226,train,539226_vZGSoJPH1tbvsyCa_0026,${DATA_ROOT}/raw/mucs2021/train/vZGSoJPH1tbvsyCa.wav,230.0,240.0,10.0,मैं मेरा टेबल ब्राउज़ करने जा रहा हूँ फिर मैं वापस जाता हूँ और फिर से रजिस्टर करता हूँ,hi,rvc,rvc_541304_01159.wav,5359
1160,541304,539354,train,539354_C3MtnFEDrRkWHSvJ_0067,${DATA_ROOT}/raw/mucs2021/train/C3MtnFEDrRkWHSvJ.wav,406.0,411.0,5.0,नई library का name libraries पेज पर दिखाई देता है,hi,rvc,rvc_541304_01160.wav,5360
1161,541304,584991,train,584991_1ijxO93RTIJh2Rzv_0065,${DATA_ROOT}/raw/mucs2021/train/1ijxO93RTIJh2Rzv.wav,348.0,352.0,4.0,magenta 4 चुनें और ok पर click करें,hi,rvc,rvc_541304_01161.wav,5361
1162,541304,634568,train,634568_jCgweujQVV5haVF1_0071,${DATA_ROOT}/raw/mucs2021/train/jCgweujQVV5haVF1.wav,368.0,371.0,3.0,print पर click करें,hi,rvc,rvc_541304_01162.wav,5362
1163,541304,705494,train,705494_fZcxLszRnIHxmVQp_0068,${DATA_ROOT}/raw/mucs2021/train/fZcxLszRnIHxmVQp.wav,383.0,390.0,7.0,इस tutorial में हमने custom animation effect options के बारे में सीखा,hi,rvc,rvc_541304_01163.wav,5363
1164,541304,797767,train,797767_TRInoJRJxAX3qv5C_0064,${DATA_ROOT}/raw/mucs2021/train/TRInoJRJxAX3qv5C.wav,405.0,410.0,5.0,spoken tutorial project team spoken tutorial का उपयोग करके कार्यशालाएँ भी चलाते हैं,hi,rvc,rvc_541304_01164.wav,5364
1165,541304,850754,train,850754_wOTMMvC3WQ5YQRAF_0068,${DATA_ROOT}/raw/mucs2021/train/wOTMMvC3WQ5YQRAF.wav,570.0,577.0,7.0,ok button पर click करें यह शीट्स का चुनाव करता है जिसे हम डिलीट करना चाहते हैं,hi,rvc,rvc_541304_01165.wav,5365
1166,541304,870582,train,870582_crdH0AI5aH25bEXe_0076,${DATA_ROOT}/raw/mucs2021/train/crdH0AI5aH25bEXe.wav,428.0,435.0,7.0,अतः यदि आपको अपने डेटाबेस में कुछ डेटा अपडेट करने की या उसी प्रकार की कुछ जरूरत हैआप दर्शा सकते हैं कि किस डेटा को आप अपडेट करना चाहते हैं,hi,rvc,rvc_541304_01166.wav,5366
1167,541304,876898,train,876898_RyQSvr4r4iAMTYXq_0067,${DATA_ROOT}/raw/mucs2021/train/RyQSvr4r4iAMTYXq.wav,411.0,419.0,8.0,चलिए b14 cell में this is for the month of january text type करते हैं,hi,rvc,rvc_541304_01167.wav,5367
1168,541304,893273,train,893273_8xh3ZKpPy5YhAnKX_0007,${DATA_ROOT}/raw/mucs2021/train/8xh3ZKpPy5YhAnKX.wav,31.0,36.0,5.0,सर्च बॉक्स में tux typing  टाइप करें,hi,rvc,rvc_541304_01168.wav,5368
1169,541304,903756,train,903756_K3X6AGezGWAoDe1q_0073,${DATA_ROOT}/raw/mucs2021/train/K3X6AGezGWAoDe1q.wav,529.0,536.0,7.0,अतः सभी पुस्तकों के टाइटल को सूचीबद्ध करते हैं जो सदस्यों द्वारा वापस नहीं की गई हैं,hi,rvc,rvc_541304_01169.wav,5369
1170,541304,912184,train,912184_V11NDc0lxudGbWQU_0068,${DATA_ROOT}/raw/mucs2021/train/V11NDc0lxudGbWQU.wav,480.0,485.0,5.0,चलिए alex garrett लिखते हैं और हम get data पर क्लिक करते हैं,hi,rvc,rvc_541304_01170.wav,5370
1171,541304,975912,train,975912_1eNS3GaW1oHHurL4_0009,${DATA_ROOT}/raw/mucs2021/train/1eNS3GaW1oHHurL4.wav,68.0,71.0,3.0,अतः from: admin @phpacademycom,hi,rvc,rvc_541304_01171.wav,5371
1172,541304,987461,train,987461_LSRBJiHdUoHm4BTI_0013,${DATA_ROOT}/raw/mucs2021/train/LSRBJiHdUoHm4BTI.wav,95.0,100.0,5.0,हम यहाँ टाइप करेंगे  connect = mysql_connect,hi,rvc,rvc_541304_01172.wav,5372
1173,541304,996368,train,996368_n4ACC4gnqW0IM1wW_0064,${DATA_ROOT}/raw/mucs2021/train/n4ACC4gnqW0IM1wW.wav,482.0,485.0,3.0,मैं यहां क्लिक नहीं करूंगी,hi,rvc,rvc_541304_01173.wav,5373
1174,541304,106718,train,106718_vE1rhq3ojNKZvQNv_0073,${DATA_ROOT}/raw/mucs2021/train/vE1rhq3ojNKZvQNv.wav,326.0,331.0,5.0,ruler पेज के margins हाशिया के सेटअप और माप की इकाइयों को बदलने के लिए उपयोगित है,hi,rvc,rvc_541304_01174.wav,5374
1175,541304,142970,train,142970_DP5j8CLDeL6HHHSX_0073,${DATA_ROOT}/raw/mucs2021/train/DP5j8CLDeL6HHHSX.wav,387.0,392.0,5.0,तो explode तथा implode और जैसा कि हमने पहले कहा था इसे join लिख सकते हैं,hi,rvc,rvc_541304_01175.wav,5375
1176,541304,177570,train,177570_jSNK2zDaIvyZsMZp_0075,${DATA_ROOT}/raw/mucs2021/train/jSNK2zDaIvyZsMZp.wav,335.0,338.0,3.0,enter दबाएं,hi,rvc,rvc_541304_01176.wav,5376
1177,541304,186783,train,186783_LFpbaXkb8HuQ6DnF_0004,${DATA_ROOT}/raw/mucs2021/train/LFpbaXkb8HuQ6DnF.wav,18.0,25.0,7.0,समझाने के लिए कि record changes का उपयोग करके डॉक्युमेंट का संपादन और पीर रिव्यू कैसे करें,hi,rvc,rvc_541304_01177.wav,5377
1178,541304,205240,train,205240_F4KjmwYhWvnpSE0m_0031,${DATA_ROOT}/raw/mucs2021/train/F4KjmwYhWvnpSE0m.wav,223.0,230.0,7.0,यदि मैं 123 जाँचता हूँ youre in और इसका प्रमाण यहाँ दिख रहा है,hi,rvc,rvc_541304_01178.wav,5378
1179,541304,322882,train,322882_XTscbPr78nzuHhuu_0070,${DATA_ROOT}/raw/mucs2021/train/XTscbPr78nzuHhuu.wav,474.0,480.0,6.0,चलिए tab dialog box में options टैब पर click करें,hi,rvc,rvc_541304_01179.wav,5379
1180,541304,413057,train,413057_aKSsdMqkPfUWyYeS_0065,${DATA_ROOT}/raw/mucs2021/train/aKSsdMqkPfUWyYeS.wav,412.0,416.0,4.0,उनको प्रमाणपत्र भी देते हैं जो online test pass करते हैं,hi,rvc,rvc_541304_01180.wav,5380
1181,541304,445718,train,445718_H6Z2BkcyVtiuiN7A_0074,${DATA_ROOT}/raw/mucs2021/train/H6Z2BkcyVtiuiN7A.wav,447.0,450.0,3.0,सबसे पहले sheet 1 पर click करें,hi,rvc,rvc_541304_01181.wav,5381
1182,541304,457295,train,457295_WgzliDtK6Htff0g2_0076,${DATA_ROOT}/raw/mucs2021/train/WgzliDtK6Htff0g2.wav,342.0,346.0,4.0,यहाँ time variable प्रविष्ट करें,hi,rvc,rvc_541304_01182.wav,5382
1183,541304,539226,train,539226_vZGSoJPH1tbvsyCa_0027,${DATA_ROOT}/raw/mucs2021/train/vZGSoJPH1tbvsyCa.wav,240.0,254.0,14.0,अतः रजिस्टर अपना यूज़रनेम चुनिए मानते हैं alex जैसा कि मैंने पहले कहा था पासवर्ड चुनिए लिखते हैं slicer u k 1 और मैं register पर क्लिक करूँगा,hi,rvc,rvc_541304_01183.wav,5383
1184,541304,539354,train,539354_C3MtnFEDrRkWHSvJ_0068,${DATA_ROOT}/raw/mucs2021/train/C3MtnFEDrRkWHSvJ.wav,411.0,415.0,4.0,हमारे मामले में spoken tutorial library,hi,rvc,rvc_541304_01184.wav,5384
1185,541304,584991,train,584991_1ijxO93RTIJh2Rzv_0066,${DATA_ROOT}/raw/mucs2021/train/1ijxO93RTIJh2Rzv.wav,352.0,356.0,4.0,आयत का रंग बदल गया है,hi,rvc,rvc_541304_01185.wav,5385
1186,541304,634568,train,634568_jCgweujQVV5haVF1_0072,${DATA_ROOT}/raw/mucs2021/train/jCgweujQVV5haVF1.wav,371.0,378.0,7.0,यदि आपके printer की settings सही से कन्फिगर है तो slides अब printer होना शुरू हो जाएँगी,hi,rvc,rvc_541304_01186.wav,5386
1187,541304,705494,train,705494_fZcxLszRnIHxmVQp_0069,${DATA_ROOT}/raw/mucs2021/train/fZcxLszRnIHxmVQp.wav,390.0,393.0,3.0,यहाँ आपके लिए एक नियतकार्य है,hi,rvc,rvc_541304_01187.wav,5387
1188,541304,797767,train,797767_TRInoJRJxAX3qv5C_0065,${DATA_ROOT}/raw/mucs2021/train/TRInoJRJxAX3qv5C.wav,410.0,414.0,4.0,उनको प्रमाणपत्र भी देते हैं जो online test pass करते हैं,hi,rvc,rvc_541304_01188.wav,5388
1189,541304,850754,train,850754_wOTMMvC3WQ5YQRAF_0069,${DATA_ROOT}/raw/mucs2021/train/wOTMMvC3WQ5YQRAF.wav,577.0,585.0,8.0,अब फिर से मेन्यूबार में edit option click करें और फिर sheet option पर click करें,hi,rvc,rvc_541304_01189.wav,5389
1190,541304,870582,train,870582_crdH0AI5aH25bEXe_0077,${DATA_ROOT}/raw/mucs2021/train/crdH0AI5aH25bEXe.wav,435.0,438.0,3.0,मैंने dob उपयोग किया था और यह जन्मतिथि के बराबर है जोकि ज़रूरी है,hi,rvc,rvc_541304_01190.wav,5390
1191,541304,876898,train,876898_RyQSvr4r4iAMTYXq_0068,${DATA_ROOT}/raw/mucs2021/train/RyQSvr4r4iAMTYXq.wav,419.0,423.0,4.0,आप देखेंगे कि text cell में fit नहीं होता है,hi,rvc,rvc_541304_01191.wav,5391
1192,541304,893273,train,893273_8xh3ZKpPy5YhAnKX_0009,${DATA_ROOT}/raw/mucs2021/train/8xh3ZKpPy5YhAnKX.wav,38.0,42.0,4.0,मुख्य मेन्यू में options पर क्लिक करें,hi,rvc,rvc_541304_01192.wav,5392
1193,541304,903756,train,903756_K3X6AGezGWAoDe1q_0075,${DATA_ROOT}/raw/mucs2021/train/K3X6AGezGWAoDe1q.wav,538.0,548.0,10.0,select b title i issuedate i returndate,hi,rvc,rvc_541304_01193.wav,5393
1194,541304,912184,train,912184_V11NDc0lxudGbWQU_0069,${DATA_ROOT}/raw/mucs2021/train/V11NDc0lxudGbWQU.wav,485.0,490.0,5.0,हम यहाँ दर्शाया रहे हैं alex garrett was bron blah blah blah and is male,hi,rvc,rvc_541304_01194.wav,5394
1195,541304,975912,train,975912_1eNS3GaW1oHHurL4_0010,${DATA_ROOT}/raw/mucs2021/train/1eNS3GaW1oHHurL4.wav,71.0,78.0,7.0,अपने मेल के अंदर हम अन्य पैरामीटर को जोड़ने की आवश्यकता है जो कि headers है,hi,rvc,rvc_541304_01195.wav,5395
1196,541304,987461,train,987461_LSRBJiHdUoHm4BTI_0014,${DATA_ROOT}/raw/mucs2021/train/LSRBJiHdUoHm4BTI.wav,100.0,110.0,10.0,और हम मेरे यूजरनेम root और पासवर्ड के साथ अपने लोकल डेटाबेस से कनेक्ट हो जायेंगे मैं अपना डेटाबेस चुनने जा रहा हूँ,hi,rvc,rvc_541304_01196.wav,5396
1197,541304,996368,train,996368_n4ACC4gnqW0IM1wW_0065,${DATA_ROOT}/raw/mucs2021/train/n4ACC4gnqW0IM1wW.wav,485.0,489.0,4.0,अगला  completed import of records है,hi,rvc,rvc_541304_01197.wav,5397
1198,541304,106718,train,106718_vE1rhq3ojNKZvQNv_0074,${DATA_ROOT}/raw/mucs2021/train/vE1rhq3ojNKZvQNv.wav,331.0,335.0,4.0,align toolbar objects के स्थान के लिए उपयोगित है,hi,rvc,rvc_541304_01198.wav,5398
1199,541304,142970,train,142970_DP5j8CLDeL6HHHSX_0076,${DATA_ROOT}/raw/mucs2021/train/DP5j8CLDeL6HHHSX.wav,396.0,401.0,5.0,ठीक है –अगले फंक्शन पर हम जा रहे हैं वह है nl2br,hi,rvc,rvc_541304_01199.wav,5399
1200,541304,177570,train,177570_jSNK2zDaIvyZsMZp_0076,${DATA_ROOT}/raw/mucs2021/train/jSNK2zDaIvyZsMZp.wav,338.0,346.0,8.0,total arguments 3 हैं जैसा आप देख सकते हैं कि हमने अपने program में 3 arguments passed किये हैं,hi,rvc,rvc_541304_01200.wav,5400
1201,541304,186783,train,186783_LFpbaXkb8HuQ6DnF_0005,${DATA_ROOT}/raw/mucs2021/train/LFpbaXkb8HuQ6DnF.wav,25.0,40.0,15.0,इस विशेषता के उपयोग का लाभ यह है कि समीक्षक मौजूद टेक्स्ट में टेक्स्ट जोड़ सकता है टिप्पणी कर सकता हैडिलीट कर सकता है या बदलाव कर सकता है जो कि समान डॉक्युमेंट में स्पष्टतः दिखाई देता है,hi,rvc,rvc_541304_01201.wav,5401
1202,541304,205240,train,205240_F4KjmwYhWvnpSE0m_0032,${DATA_ROOT}/raw/mucs2021/train/F4KjmwYhWvnpSE0m.wav,230.0,239.0,9.0,अब वापस जाते हैं और browse पर क्लिक करते हैं नीचे स्क्रोल करते हैं और हम देख सकते हैं कि पासवर्ड 900 से 202 में बदल चुका है,hi,rvc,rvc_541304_01202.wav,5402
1203,541304,322882,train,322882_XTscbPr78nzuHhuu_0071,${DATA_ROOT}/raw/mucs2021/train/XTscbPr78nzuHhuu.wav,480.0,487.0,7.0,screen पर options की सूची दिखाई देती है जहाँ से आप document को चुन या print कर सकते हैं,hi,rvc,rvc_541304_01203.wav,5403
1204,541304,413057,train,413057_aKSsdMqkPfUWyYeS_0066,${DATA_ROOT}/raw/mucs2021/train/aKSsdMqkPfUWyYeS.wav,416.0,423.0,7.0,अधिक जानकारी के लिए कृपया हमें contact @spoken hyphen tutorial org पर लिखें,hi,rvc,rvc_541304_01204.wav,5404
1205,541304,445718,train,445718_H6Z2BkcyVtiuiN7A_0075,${DATA_ROOT}/raw/mucs2021/train/H6Z2BkcyVtiuiN7A.wav,450.0,457.0,7.0,देखते हैं कि कैसे statistical functions का इस्तेमाल करके न्यूनतम अधिकतम और मध्य मूल पता करते हैं,hi,rvc,rvc_541304_01205.wav,5405
1206,541304,457295,train,457295_WgzliDtK6Htff0g2_0077,${DATA_ROOT}/raw/mucs2021/train/WgzliDtK6Htff0g2.wav,346.0,356.0,10.0,अब box drag करें और उसे पेज के दाएँ कोने में नीचे पेज number के ऊपर रखें,hi,rvc,rvc_541304_01206.wav,5406
1207,541304,539226,train,539226_vZGSoJPH1tbvsyCa_0028,${DATA_ROOT}/raw/mucs2021/train/vZGSoJPH1tbvsyCa.wav,254.0,257.0,3.0,you have been registered return to login page,hi,rvc,rvc_541304_01207.wav,5407
1208,541304,539354,train,539354_C3MtnFEDrRkWHSvJ_0069,${DATA_ROOT}/raw/mucs2021/train/C3MtnFEDrRkWHSvJ.wav,415.0,420.0,5.0,अब देखें कि group library विकल्प का उपयोग कब करें,hi,rvc,rvc_541304_01208.wav,5408
1209,541304,584991,train,584991_1ijxO93RTIJh2Rzv_0067,${DATA_ROOT}/raw/mucs2021/train/1ijxO93RTIJh2Rzv.wav,356.0,359.0,3.0,आयत ने अब text को कवर कर दिया है,hi,rvc,rvc_541304_01209.wav,5409
1210,541304,634568,train,634568_jCgweujQVV5haVF1_0073,${DATA_ROOT}/raw/mucs2021/train/jCgweujQVV5haVF1.wav,378.0,381.0,3.0,इसी के साथ हम इस tutorial के समाप्ति की ओर आ गये हैं,hi,rvc,rvc_541304_01210.wav,5410
1211,541304,705494,train,705494_fZcxLszRnIHxmVQp_0070,${DATA_ROOT}/raw/mucs2021/train/fZcxLszRnIHxmVQp.wav,393.0,396.0,3.0,तीन bullet प्वॉइंट्स के साथ एक text box बनाएँ,hi,rvc,rvc_541304_01211.wav,5411
1212,541304,797767,train,797767_TRInoJRJxAX3qv5C_0066,${DATA_ROOT}/raw/mucs2021/train/TRInoJRJxAX3qv5C.wav,414.0,421.0,7.0,अधिक जानकारी के लिए कृपया हमें contact @spoken hyphen tutorial org पर लिखें,hi,rvc,rvc_541304_01212.wav,5412
1213,541304,850754,train,850754_wOTMMvC3WQ5YQRAF_0070,${DATA_ROOT}/raw/mucs2021/train/wOTMMvC3WQ5YQRAF.wav,585.0,591.0,6.0,अब popअप menu में delete option click करें और फिर yes option पर click करें,hi,rvc,rvc_541304_01213.wav,5413
1214,541304,870582,train,870582_crdH0AI5aH25bEXe_0079,${DATA_ROOT}/raw/mucs2021/train/crdH0AI5aH25bEXe.wav,440.0,444.0,4.0,आपको यह भी स्पष्ट रूप से बताना चाहिए कि आप इसे कहाँ अपडेट करना चाहते हैं,hi,rvc,rvc_541304_01214.wav,5414
1215,541304,876898,train,876898_RyQSvr4r4iAMTYXq_0069,${DATA_ROOT}/raw/mucs2021/train/RyQSvr4r4iAMTYXq.wav,423.0,430.0,7.0,text को कम करने के लिए ताकि यह fits हो जाय पहले b14 cell पर click करें,hi,rvc,rvc_541304_01215.wav,5415
1216,541304,893273,train,893273_8xh3ZKpPy5YhAnKX_0010,${DATA_ROOT}/raw/mucs2021/train/8xh3ZKpPy5YhAnKX.wav,42.0,47.0,5.0,आप्शन मेन्यू प्रदर्शित होता हैअब वाक्यांशों को टाइप करने का अभ्यास करें,hi,rvc,rvc_541304_01216.wav,5416
1217,541304,903756,train,903756_K3X6AGezGWAoDe1q_0076,${DATA_ROOT}/raw/mucs2021/train/K3X6AGezGWAoDe1q.wav,548.0,561.0,13.0,from books b join booksissued i on b bookid = i bookid,hi,rvc,rvc_541304_01217.wav,5417
1218,541304,912184,train,912184_V11NDc0lxudGbWQU_0070,${DATA_ROOT}/raw/mucs2021/train/V11NDc0lxudGbWQU.wav,490.0,497.0,7.0,चलिए dale garrett टाइप करते हैं और get data पर क्लिक करते हैं और हमें डेटाबेस से यह जानकारी मिल गयी,hi,rvc,rvc_541304_01218.wav,5418
1219,541304,975912,train,975912_1eNS3GaW1oHHurL4_0011,${DATA_ROOT}/raw/mucs2021/train/1eNS3GaW1oHHurL4.wav,78.0,84.0,6.0,तथा अब हम यहाँ आते हैं और आप यहाँ alex और यहाँ this is a test! टाइप कर सकते हैं,hi,rvc,rvc_541304_01219.wav,5419
1220,541304,987461,train,987461_LSRBJiHdUoHm4BTI_0015,${DATA_ROOT}/raw/mucs2021/train/LSRBJiHdUoHm4BTI.wav,110.0,118.0,8.0,और यह है phplogin जो यहाँ है यहाँ पर जाएँ और आप इसे यहाँ देख सकते हैं,hi,rvc,rvc_541304_01220.wav,5420
1221,541304,996368,train,996368_n4ACC4gnqW0IM1wW_0066,${DATA_ROOT}/raw/mucs2021/train/n4ACC4gnqW0IM1wW.wav,489.0,495.0,6.0,यहां आपको records added updated का विवरण दिखाई देंगे,hi,rvc,rvc_541304_01221.wav,5421
1222,541304,106718,train,106718_vE1rhq3ojNKZvQNv_0075,${DATA_ROOT}/raw/mucs2021/train/vE1rhq3ojNKZvQNv.wav,335.0,340.0,5.0,ruler सबसे ऊपर और draw कार्यक्षेत्र के बायीं ओर प्रदर्शित होता है,hi,rvc,rvc_541304_01222.wav,5422
1223,541304,142970,train,142970_DP5j8CLDeL6HHHSX_0077,${DATA_ROOT}/raw/mucs2021/train/DP5j8CLDeL6HHHSX.wav,401.0,406.0,5.0,अब वास्तव में यह फंक्शन कार्यात्मक और सरल है जब हम डेटाबेसेस के साथ काम करते हैं,hi,rvc,rvc_541304_01223.wav,5423
1224,541304,177570,train,177570_jSNK2zDaIvyZsMZp_0077,${DATA_ROOT}/raw/mucs2021/train/jSNK2zDaIvyZsMZp.wav,346.0,354.0,8.0,जैसा पहले बताया है $* एक line में arguments print करेगा,hi,rvc,rvc_541304_01224.wav,5424
1225,541304,186783,train,186783_LFpbaXkb8HuQ6DnF_0006,${DATA_ROOT}/raw/mucs2021/train/LFpbaXkb8HuQ6DnF.wav,40.0,52.0,12.0,यह लेखक द्वारा आसानी से देखा जा सकता है जो इन बदलावों को स्वीकार और अस्वीकार कर सकता है तथा इस प्रकार फिर से बदलाव किये बिना इन संपादित टिप्पणियों को समाविष्ट कर सकता है,hi,rvc,rvc_541304_01225.wav,5425
1226,541304,205240,train,205240_F4KjmwYhWvnpSE0m_0033,${DATA_ROOT}/raw/mucs2021/train/F4KjmwYhWvnpSE0m.wav,239.0,246.0,7.0,इसलिए यह एक बिलकुल नया हैश है और एक बिलकुल नया पासवर्ड,hi,rvc,rvc_541304_01226.wav,5426
1227,541304,322882,train,322882_XTscbPr78nzuHhuu_0072,${DATA_ROOT}/raw/mucs2021/train/XTscbPr78nzuHhuu.wav,487.0,492.0,5.0,print in reverse page order नामक एक check box देखते हैं,hi,rvc,rvc_541304_01227.wav,5427
1228,541304,413057,train,413057_aKSsdMqkPfUWyYeS_0067,${DATA_ROOT}/raw/mucs2021/train/aKSsdMqkPfUWyYeS.wav,423.0,427.0,4.0,spoken tutorial project talktoateacher project का हिस्सा है,hi,rvc,rvc_541304_01228.wav,5428
1229,541304,445718,train,445718_H6Z2BkcyVtiuiN7A_0076,${DATA_ROOT}/raw/mucs2021/train/H6Z2BkcyVtiuiN7A.wav,457.0,464.0,7.0,c10 उल्लिखित cell पर click करें जहाँ हम उत्तर दर्शाएँगे,hi,rvc,rvc_541304_01229.wav,5429
1230,541304,457295,train,457295_WgzliDtK6Htff0g2_0078,${DATA_ROOT}/raw/mucs2021/train/WgzliDtK6Htff0g2.wav,356.0,363.0,7.0,जब भी आप draw पेज खोलोगे प्रविष्ट हुआ समय वर्तमान समय पर अपडेट किया जाएगा,hi,rvc,rvc_541304_01230.wav,5430
1231,541304,539226,train,539226_vZGSoJPH1tbvsyCa_0029,${DATA_ROOT}/raw/mucs2021/train/vZGSoJPH1tbvsyCa.wav,257.0,267.0,10.0,अब चलिए अपना डेटाबेस फिर से जाँचते हैं यह पहले से ही लम्बा दिख रहा है यह कटके छोटा नहीं हुआ है क्योंकि मैंने इसकी लम्बाई बदल दी थी,hi,rvc,rvc_541304_01231.wav,5431
1232,541304,539354,train,539354_C3MtnFEDrRkWHSvJ_0070,${DATA_ROOT}/raw/mucs2021/train/C3MtnFEDrRkWHSvJ.wav,420.0,427.0,7.0,यदि आप नया group जोडना चाहते हैं तो + new group टैब पर click करें,hi,rvc,rvc_541304_01232.wav,5432
1233,541304,584991,train,584991_1ijxO93RTIJh2Rzv_0068,${DATA_ROOT}/raw/mucs2021/train/1ijxO93RTIJh2Rzv.wav,359.0,363.0,4.0,text को दर्शनीय बनाने के लिए पहले आयत चुनें,hi,rvc,rvc_541304_01233.wav,5433
1234,541304,634568,train,634568_jCgweujQVV5haVF1_0074,${DATA_ROOT}/raw/mucs2021/train/jCgweujQVV5haVF1.wav,381.0,387.0,6.0,इस tutorial में हमने notes के बारे में सीखा और उन्हें print करना सीखा,hi,rvc,rvc_541304_01234.wav,5434
1235,541304,705494,train,705494_fZcxLszRnIHxmVQp_0071,${DATA_ROOT}/raw/mucs2021/train/fZcxLszRnIHxmVQp.wav,396.0,401.0,5.0,text को एनिमेट करें जिससे कि text lineदरline दिखे,hi,rvc,rvc_541304_01235.wav,5435
1236,541304,797767,train,797767_TRInoJRJxAX3qv5C_0067,${DATA_ROOT}/raw/mucs2021/train/TRInoJRJxAX3qv5C.wav,421.0,425.0,4.0,spoken tutorial project talktoateacher project का हिस्सा है,hi,rvc,rvc_541304_01236.wav,5436
1237,541304,850754,train,850754_wOTMMvC3WQ5YQRAF_0071,${DATA_ROOT}/raw/mucs2021/train/wOTMMvC3WQ5YQRAF.wav,591.0,596.0,5.0,आप देखते हैं कि चुनी हुई शीट्स डिलीट होती हैं,hi,rvc,rvc_541304_01237.wav,5437
1238,541304,870582,train,870582_crdH0AI5aH25bEXe_0080,${DATA_ROOT}/raw/mucs2021/train/crdH0AI5aH25bEXe.wav,444.0,448.0,4.0,अतः मैं यह रिकार्ड अभिलेखबोलूँगा जो यह लम्बी लाइन यहाँ पर है,hi,rvc,rvc_541304_01238.wav,5438
1239,541304,876898,train,876898_RyQSvr4r4iAMTYXq_0070,${DATA_ROOT}/raw/mucs2021/train/RyQSvr4r4iAMTYXq.wav,430.0,438.0,8.0,अब मेन्यूबार में format option पर click करें और फिर cells पर click करें,hi,rvc,rvc_541304_01239.wav,5439
1240,541304,893273,train,893273_8xh3ZKpPy5YhAnKX_0012,${DATA_ROOT}/raw/mucs2021/train/8xh3ZKpPy5YhAnKX.wav,49.0,53.0,4.0,टिचर्स लाइन में प्रदर्शित होने वाले वाक्य टाइप करें,hi,rvc,rvc_541304_01240.wav,5440
1241,541304,903756,train,903756_K3X6AGezGWAoDe1q_0077,${DATA_ROOT}/raw/mucs2021/train/K3X6AGezGWAoDe1q.wav,561.0,571.0,10.0,where checkedin = false and returndate <current _ date,hi,rvc,rvc_541304_01241.wav,5441
1242,541304,912184,train,912184_V11NDc0lxudGbWQU_0071,${DATA_ROOT}/raw/mucs2021/train/V11NDc0lxudGbWQU.wav,497.0,505.0,8.0,अतः आप देख सकते हैं कि अपने डेटा में फॉर्म सम्मिलित करने के लिए यह काफी उपयोगी है,hi,rvc,rvc_541304_01242.wav,5442
1243,541304,975912,train,975912_1eNS3GaW1oHHurL4_0012,${DATA_ROOT}/raw/mucs2021/train/1eNS3GaW1oHHurL4.wav,84.0,87.0,3.0,send me this पर क्लिक करें और हमें अन्य एरर नजर आती है,hi,rvc,rvc_541304_01243.wav,5443
1244,541304,987461,train,987461_LSRBJiHdUoHm4BTI_0016,${DATA_ROOT}/raw/mucs2021/train/LSRBJiHdUoHm4BTI.wav,118.0,121.0,3.0,हमारा टेबल users है  जिसका उपयोग हम बाद में करेंगे,hi,rvc,rvc_541304_01244.wav,5444
1245,541304,996368,train,996368_n4ACC4gnqW0IM1wW_0067,${DATA_ROOT}/raw/mucs2021/train/n4ACC4gnqW0IM1wW.wav,495.0,502.0,7.0,फिर आपको इंपोर्ट किए गए विवरणों के साथ section citation दिखाई देगा,hi,rvc,rvc_541304_01245.wav,5445
1246,541304,106718,train,106718_vE1rhq3ojNKZvQNv_0076,${DATA_ROOT}/raw/mucs2021/train/vE1rhq3ojNKZvQNv.wav,340.0,345.0,5.0,माप की इकाइयों को set करने के लिए सबसे ऊपर ruler पर rightclick करें,hi,rvc,rvc_541304_01246.wav,5446
1247,541304,142970,train,142970_DP5j8CLDeL6HHHSX_0078,${DATA_ROOT}/raw/mucs2021/train/DP5j8CLDeL6HHHSX.wav,406.0,411.0,5.0,जब तत्काल लाइन के आधार पर डेटा संचित किया जा रहा हो,hi,rvc,rvc_541304_01247.wav,5447
1248,541304,177570,train,177570_jSNK2zDaIvyZsMZp_0078,${DATA_ROOT}/raw/mucs2021/train/jSNK2zDaIvyZsMZp.wav,354.0,357.0,3.0,और यह for loop के लिए output है,hi,rvc,rvc_541304_01248.wav,5448
1249,541304,186783,train,186783_LFpbaXkb8HuQ6DnF_0007,${DATA_ROOT}/raw/mucs2021/train/LFpbaXkb8HuQ6DnF.wav,52.0,56.0,4.0,और जब फाइल सेव हो जाती है टिप्पणियाँ समाविष्ट हो जाती हैं,hi,rvc,rvc_541304_01249.wav,5449
1250,541304,205240,train,205240_F4KjmwYhWvnpSE0m_0034,${DATA_ROOT}/raw/mucs2021/train/F4KjmwYhWvnpSE0m.wav,246.0,251.0,5.0,अतः सब कुछ ठीक कार्य कर रहा है आप देख सकते हैं कि यह करने में काफी सरल है,hi,rvc,rvc_541304_01250.wav,5450
1251,876898,106718,train,106718_vE1rhq3ojNKZvQNv_0079,${DATA_ROOT}/raw/mucs2021/train/vE1rhq3ojNKZvQNv.wav,350.0,355.0,5.0,ऊपर ruler के लिए माप की इकाई अब centimeter set हो गई है,hi,rvc,rvc_876898_01251.wav,5451
1252,876898,142970,train,142970_DP5j8CLDeL6HHHSX_0080,${DATA_ROOT}/raw/mucs2021/train/DP5j8CLDeL6HHHSX.wav,418.0,432.0,14.0,यह  hello या यह कहूँ hello new line another new line और मैं यहाँ एक अर्धविराम लिखता हूँ जोकि  यहाँ लाइन ब्रेक है,hi,rvc,rvc_876898_01252.wav,5452
1253,876898,177570,train,177570_jSNK2zDaIvyZsMZp_0080,${DATA_ROOT}/raw/mucs2021/train/jSNK2zDaIvyZsMZp.wav,362.0,369.0,7.0,अब अपने program पर वापस जाते हैं और यहाँ प्रदर्शित लाइनें type करें,hi,rvc,rvc_876898_01253.wav,5453
1254,876898,186783,train,186783_LFpbaXkb8HuQ6DnF_0009,${DATA_ROOT}/raw/mucs2021/train/LFpbaXkb8HuQ6DnF.wav,61.0,69.0,8.0,यहाँ हम अपने ऑपरेटिंग सिस्टम के रूप में उबंटू लिनक्स 1004 और लिबरऑफस सूट वर्जन 334 का उपयोग कर रहे हैं,hi,rvc,rvc_876898_01254.wav,5454
1255,876898,205240,train,205240_F4KjmwYhWvnpSE0m_0036,${DATA_ROOT}/raw/mucs2021/train/F4KjmwYhWvnpSE0m.wav,258.0,264.0,6.0,और आपको ठीक से सोचने की आवश्यकता है कि कैसे अपना पुराना पासवर्ड और अपने दो नये पासवर्ड्स जाँचें,hi,rvc,rvc_876898_01255.wav,5455
1256,876898,322882,train,322882_XTscbPr78nzuHhuu_0075,${DATA_ROOT}/raw/mucs2021/train/XTscbPr78nzuHhuu.wav,499.0,506.0,7.0,आप अपने pdf डॉक्युमेंट का भी प्रिंट ले सकते हैं,hi,rvc,rvc_876898_01256.wav,5456
1257,876898,413057,train,413057_aKSsdMqkPfUWyYeS_0070,${DATA_ROOT}/raw/mucs2021/train/aKSsdMqkPfUWyYeS.wav,445.0,453.07,8.07,आई आई टी बॉम्बे की ओर से मैं रवि कुमार अब आपसे विदा लेता हूँ हमसे जुड़ने के लिए धन्यवाद,hi,rvc,rvc_876898_01257.wav,5457
1258,876898,445718,train,445718_H6Z2BkcyVtiuiN7A_0079,${DATA_ROOT}/raw/mucs2021/train/H6Z2BkcyVtiuiN7A.wav,471.0,475.0,4.0,अधिकतम कीमत 6000 रूपये है,hi,rvc,rvc_876898_01258.wav,5458
1259,876898,457295,train,457295_WgzliDtK6Htff0g2_0082,${DATA_ROOT}/raw/mucs2021/train/WgzliDtK6Htff0g2.wav,379.0,384.0,5.0,main menu में जाएँ tools चुनें और options पर click करें,hi,rvc,rvc_876898_01259.wav,5459
1260,876898,539226,train,539226_vZGSoJPH1tbvsyCa_0033,${DATA_ROOT}/raw/mucs2021/train/vZGSoJPH1tbvsyCa.wav,285.0,292.0,7.0,यदि आप चाहते हैं कि मैं इस ट्यूटोरियल को बढ़ाऊँ तो कृपया मुझे केवल अवगत कराएँ,hi,rvc,rvc_876898_01260.wav,5460
1261,876898,539354,train,539354_C3MtnFEDrRkWHSvJ_0073,${DATA_ROOT}/raw/mucs2021/train/C3MtnFEDrRkWHSvJ.wav,444.0,451.0,7.0,इस group को science library के रूप में name करें जो मुख्य library के अंतर्गत आता है,hi,rvc,rvc_876898_01261.wav,5461
1262,876898,541304,train,541304_cyhxRWI0LoKYZvcw_0073,${DATA_ROOT}/raw/mucs2021/train/cyhxRWI0LoKYZvcw.wav,541.0,549.0,8.0,ध्यान दें कि base tool tips प्रदर्शित करता है जब हम अपना cursor इन काले arrow icons पर रखते हैं,hi,rvc,rvc_876898_01262.wav,5462
1263,876898,584991,train,584991_1ijxO93RTIJh2Rzv_0071,${DATA_ROOT}/raw/mucs2021/train/1ijxO93RTIJh2Rzv.wav,371.0,375.0,4.0,text पुनः दिखाई the रहा है,hi,rvc,rvc_876898_01263.wav,5463
1264,876898,634568,train,634568_jCgweujQVV5haVF1_0079,${DATA_ROOT}/raw/mucs2021/train/jCgweujQVV5haVF1.wav,398.0,404.0,6.0,कंटेंट का font 36 और color blue रखें,hi,rvc,rvc_876898_01264.wav,5464
1265,876898,705494,train,705494_fZcxLszRnIHxmVQp_0074,${DATA_ROOT}/raw/mucs2021/train/fZcxLszRnIHxmVQp.wav,411.0,415.0,4.0,यदि आपके पास अच्छा bandwidth नहीं है तो आप इसे download करके देख सकते हैं,hi,rvc,rvc_876898_01265.wav,5465
1266,876898,797767,train,797767_TRInoJRJxAX3qv5C_0070,${DATA_ROOT}/raw/mucs2021/train/TRInoJRJxAX3qv5C.wav,444.0,451.97,7.97,आई आई टी बॉम्बे की ओर से मैं रवि कुमार अब आपसे विदा लेता हूँ हमसे जुड़ने के लिए धन्यवाद,hi,rvc,rvc_876898_01266.wav,5466
1267,876898,850754,train,850754_wOTMMvC3WQ5YQRAF_0074,${DATA_ROOT}/raw/mucs2021/train/wOTMMvC3WQ5YQRAF.wav,613.0,621.0,8.0,यह छोटे spreadsheet में काम करता है जिसमें थोड़े से शीट्स हों लेकिन मुश्किल तब होती है जब बहुत सारी शीट्स होती है,hi,rvc,rvc_876898_01267.wav,5467
1268,876898,870582,train,870582_crdH0AI5aH25bEXe_0000,${DATA_ROOT}/raw/mucs2021/train/crdH0AI5aH25bEXe.wav,0.0,6.0,6.0,नमस्कार आपका फिर से स्वागत है इस ट्यूटोरियल में हम डेटाबेस में कुछ डेटा लिखेंगे,hi,rvc,rvc_876898_01268.wav,5468
1269,876898,893273,train,893273_8xh3ZKpPy5YhAnKX_0015,${DATA_ROOT}/raw/mucs2021/train/8xh3ZKpPy5YhAnKX.wav,70.0,74.0,4.0,enter दबाएँ अगला वाक्य प्रदर्शित होता है,hi,rvc,rvc_876898_01269.wav,5469
1270,876898,903756,train,903756_K3X6AGezGWAoDe1q_0081,${DATA_ROOT}/raw/mucs2021/train/K3X6AGezGWAoDe1q.wav,585.0,591.0,6.0,और यहाँ पुस्तकें हैं जो वापस नहीं की गई हैं,hi,rvc,rvc_876898_01270.wav,5470
1271,876898,912184,train,912184_V11NDc0lxudGbWQU_0074,${DATA_ROOT}/raw/mucs2021/train/V11NDc0lxudGbWQU.wav,524.0,533.53,9.53,ठीक है तो जल्द ही आपसे मुलकात होगी मैं रवि कुमार आईआईटी बॉम्बे की ओर से अब आपसे विदा लेता हूँ धन्यवाद,hi,rvc,rvc_876898_01271.wav,5471
1272,876898,975912,train,975912_1eNS3GaW1oHHurL4_0015,${DATA_ROOT}/raw/mucs2021/train/1eNS3GaW1oHHurL4.wav,106.0,114.0,8.0,तथा आपके पास लोकल हॉस्ट के तहत चलने वाला smtp मेल सर्वर होगा,hi,rvc,rvc_876898_01272.wav,5472
1273,876898,987461,train,987461_LSRBJiHdUoHm4BTI_0020,${DATA_ROOT}/raw/mucs2021/train/LSRBJiHdUoHm4BTI.wav,151.0,159.0,8.0,फिर हम टाइप करेंगे where username is equal to user यह हमारे यूजर का यूजर नाम धारित सेशन वेरिएबल है,hi,rvc,rvc_876898_01273.wav,5473
1274,876898,996368,train,996368_n4ACC4gnqW0IM1wW_0070,${DATA_ROOT}/raw/mucs2021/train/n4ACC4gnqW0IM1wW.wav,515.0,520.0,5.0,अब हम पुष्टि करेंगे कि शीर्षक catalog में जोड़े गए हैं या नहीं,hi,rvc,rvc_876898_01274.wav,5474
1275,876898,106718,train,106718_vE1rhq3ojNKZvQNv_0080,${DATA_ROOT}/raw/mucs2021/train/vE1rhq3ojNKZvQNv.wav,355.0,360.0,5.0,उसी तरह बायें पर ruler के लिए माप set करें,hi,rvc,rvc_876898_01275.wav,5475
1276,876898,142970,train,142970_DP5j8CLDeL6HHHSX_0081,${DATA_ROOT}/raw/mucs2021/train/DP5j8CLDeL6HHHSX.wav,432.0,436.0,4.0,इसे ऐसे ही रखते हैं,hi,rvc,rvc_876898_01276.wav,5476
1277,876898,177570,train,177570_jSNK2zDaIvyZsMZp_0081,${DATA_ROOT}/raw/mucs2021/train/jSNK2zDaIvyZsMZp.wav,369.0,373.0,4.0,$@dollar at भी सारे arguments को print करेगा,hi,rvc,rvc_876898_01277.wav,5477
1278,876898,186783,train,186783_LFpbaXkb8HuQ6DnF_0010,${DATA_ROOT}/raw/mucs2021/train/LFpbaXkb8HuQ6DnF.wav,69.0,76.0,7.0,इस ट्यूटोरियम में मैं कुछ डॉक्युमेंट्स का उपयोग कर रहा हूँ जो मैंने पहले ही बनाये हैं और मेरे सिस्टम में सेव किये हैं जैसे कि,hi,rvc,rvc_876898_01278.wav,5478
1279,876898,205240,train,205240_F4KjmwYhWvnpSE0m_0037,${DATA_ROOT}/raw/mucs2021/train/F4KjmwYhWvnpSE0m.wav,264.0,271.0,7.0,स्पष्टतः जब हमने अपना पंजीकरण किया था हमारे पास सीमा थी कि पासवर्ड कितना बड़ा होना चाहिए,hi,rvc,rvc_876898_01279.wav,5479
1280,876898,322882,train,322882_XTscbPr78nzuHhuu_0076,${DATA_ROOT}/raw/mucs2021/train/XTscbPr78nzuHhuu.wav,506.0,514.0,8.0,हम पहले ही देख चुके हैं कि dot odt document को dot pdf file में कैसे बदलें,hi,rvc,rvc_876898_01280.wav,5480
1281,876898,413057,train,413057_aKSsdMqkPfUWyYeS_0000,${DATA_ROOT}/raw/mucs2021/train/aKSsdMqkPfUWyYeS.wav,0.0,6.0,6.0,लिबर ऑफिस calc में linking पर spoken tutorial में आपका स्वागत है,hi,rvc,rvc_876898_01281.wav,5481
1282,876898,445718,train,445718_H6Z2BkcyVtiuiN7A_0080,${DATA_ROOT}/raw/mucs2021/train/H6Z2BkcyVtiuiN7A.wav,475.0,480.0,5.0,यह उत्तर हैं जो कि प्रदर्शित होने चाहिए जब हम उनके functions इस्तेमाल करते हैं,hi,rvc,rvc_876898_01282.wav,5482
1283,876898,457295,train,457295_WgzliDtK6Htff0g2_0083,${DATA_ROOT}/raw/mucs2021/train/WgzliDtK6Htff0g2.wav,384.0,387.0,3.0,options dialog box प्रदर्शित होता है,hi,rvc,rvc_876898_01283.wav,5483
1284,876898,539226,train,539226_vZGSoJPH1tbvsyCa_0034,${DATA_ROOT}/raw/mucs2021/train/vZGSoJPH1tbvsyCa.wav,292.0,295.0,3.0,और यह यूज़र रजिस्ट्रेशन है,hi,rvc,rvc_876898_01284.wav,5484
1285,876898,539354,train,539354_C3MtnFEDrRkWHSvJ_0074,${DATA_ROOT}/raw/mucs2021/train/C3MtnFEDrRkWHSvJ.wav,451.0,460.0,9.0,grouping समानताएं और/या समान विशेषताओं आदि के आधार पर किया जा सकता है,hi,rvc,rvc_876898_01285.wav,5485
1286,876898,541304,train,541304_cyhxRWI0LoKYZvcw_0074,${DATA_ROOT}/raw/mucs2021/train/cyhxRWI0LoKYZvcw.wav,549.0,556.0,7.0,first record पहला record previous record पिछला record next record अगला record और last record आखिरी record,hi,rvc,rvc_876898_01286.wav,5486
1287,876898,584991,train,584991_1ijxO93RTIJh2Rzv_0072,${DATA_ROOT}/raw/mucs2021/train/1ijxO93RTIJh2Rzv.wav,375.0,378.0,3.0,यहाँ आयत text के पीछे चला गया है,hi,rvc,rvc_876898_01287.wav,5487
1288,876898,634568,train,634568_jCgweujQVV5haVF1_0080,${DATA_ROOT}/raw/mucs2021/train/jCgweujQVV5haVF1.wav,404.0,408.0,4.0,आयत को green से रंगे,hi,rvc,rvc_876898_01288.wav,5488
1289,876898,705494,train,705494_fZcxLszRnIHxmVQp_0075,${DATA_ROOT}/raw/mucs2021/train/fZcxLszRnIHxmVQp.wav,415.0,424.0,9.0,spoken tutorial project team spoken tutorial का उपयोग करके कार्यशालाएँ भी चलाती है उनको प्रमाणपत्र भी देते हैं जो online test pass करते हैं,hi,rvc,rvc_876898_01289.wav,5489
1290,876898,797767,train,797767_TRInoJRJxAX3qv5C_0000,${DATA_ROOT}/raw/mucs2021/train/TRInoJRJxAX3qv5C.wav,0.0,6.0,6.0,लिबर ऑफिस calc में linking पर spoken tutorial में आपका स्वागत है,hi,rvc,rvc_876898_01290.wav,5490
1291,876898,850754,train,850754_wOTMMvC3WQ5YQRAF_0075,${DATA_ROOT}/raw/mucs2021/train/wOTMMvC3WQ5YQRAF.wav,621.0,627.0,6.0,calc हमें अपनी पसंद के अनुसार sheets का नाम बदलने की अनुमति देता है,hi,rvc,rvc_876898_01291.wav,5491
1292,876898,870582,train,870582_crdH0AI5aH25bEXe_0001,${DATA_ROOT}/raw/mucs2021/train/crdH0AI5aH25bEXe.wav,6.0,10.0,4.0,यह करने के लिए हम अपने mysql query फंक्शन का इस्तेमाल करेंगे,hi,rvc,rvc_876898_01292.wav,5492
1293,876898,893273,train,893273_8xh3ZKpPy5YhAnKX_0016,${DATA_ROOT}/raw/mucs2021/train/8xh3ZKpPy5YhAnKX.wav,74.0,77.0,3.0,अब हमें वाक्य टाइप करना सीखना होगा,hi,rvc,rvc_876898_01293.wav,5493
1294,876898,903756,train,903756_K3X6AGezGWAoDe1q_0083,${DATA_ROOT}/raw/mucs2021/train/K3X6AGezGWAoDe1q.wav,623.0,629.0,6.0,यह website देख कर पूरा यूज़र guide देख सकते हैं,hi,rvc,rvc_876898_01294.wav,5494
1295,876898,912184,train,912184_V11NDc0lxudGbWQU_0000,${DATA_ROOT}/raw/mucs2021/train/V11NDc0lxudGbWQU.wav,0.0,7.0,7.0,नमस्कार! पिछले ट्यूटोरियल में हमने डेटा चुना और हमने सफलतापूर्वक अपने पेज पर डेटा दर्शाया,hi,rvc,rvc_876898_01295.wav,5495
1296,876898,975912,train,975912_1eNS3GaW1oHHurL4_0016,${DATA_ROOT}/raw/mucs2021/train/1eNS3GaW1oHHurL4.wav,114.0,126.0,12.0,अब जैसा कि मेरे पास मेल सर्वर नहीं है मैं अपने विश्वविद्यालय के ईमेल सिस्टम का उपयोग करूँगा जो कि मेरे विश्वविद्यालय ईमेल पर dns  या domain name server डोमैन नेम सर्वर है,hi,rvc,rvc_876898_01296.wav,5496
1297,876898,987461,train,987461_LSRBJiHdUoHm4BTI_0021,${DATA_ROOT}/raw/mucs2021/train/LSRBJiHdUoHm4BTI.wav,159.0,169.0,10.0,अतः हम क्या कर रहे हैं कि हम इस टेबल से अपना पासवर्ड हैश चुन रहे हैं जहाँ यूजरनेम सेशननेम के समान है और यह alex के समान है,hi,rvc,rvc_876898_01297.wav,5497
1298,876898,996368,train,996368_n4ACC4gnqW0IM1wW_0071,${DATA_ROOT}/raw/mucs2021/train/n4ACC4gnqW0IM1wW.wav,520.0,528.0,8.0,ऐसा करने के लिए उसी पेज के शीर्ष पर search the catalog फिल्ड पर जाएँ,hi,rvc,rvc_876898_01298.wav,5498
1299,876898,106718,train,106718_vE1rhq3ojNKZvQNv_0081,${DATA_ROOT}/raw/mucs2021/train/vE1rhq3ojNKZvQNv.wav,360.0,368.0,8.0,सुनिश्चित कर लें कि objects माप में बने to हमेशा दोनों rulers के लिए समान इकाइयों को set करें,hi,rvc,rvc_876898_01299.wav,5499
1300,876898,142970,train,142970_DP5j8CLDeL6HHHSX_0082,${DATA_ROOT}/raw/mucs2021/train/DP5j8CLDeL6HHHSX.wav,436.0,439.0,3.0,यदि इसे एको करते हैं हम सोच सकते हैं कि क्या होगा,hi,rvc,rvc_876898_01300.wav,5500
1301,876898,177570,train,177570_jSNK2zDaIvyZsMZp_0082,${DATA_ROOT}/raw/mucs2021/train/jSNK2zDaIvyZsMZp.wav,373.0,380.0,7.0,हालाँकि इस समय प्रत्येक argument अलग line में printed किया जायेगा,hi,rvc,rvc_876898_01301.wav,5501
1302,876898,186783,train,186783_LFpbaXkb8HuQ6DnF_0011,${DATA_ROOT}/raw/mucs2021/train/LFpbaXkb8HuQ6DnF.wav,76.0,84.0,8.0,sevenreasonstoadoptfoss odt governmentsupportforfossinindia odt,hi,rvc,rvc_876898_01302.wav,5502
1303,876898,205240,train,205240_F4KjmwYhWvnpSE0m_0038,${DATA_ROOT}/raw/mucs2021/train/F4KjmwYhWvnpSE0m.wav,271.0,282.0,11.0,मैं यह आप पर छोड़ता हूँ कि एक और जाँच प्रविष्ट करिये यह देखने के लिए कि पासवर्ड 6 अक्षरों से बड़ा होना चाहिए और 25 अक्षरों से बड़ा नहीं होना चाहिए,hi,rvc,rvc_876898_01303.wav,5503
1304,876898,322882,train,322882_XTscbPr78nzuHhuu_0077,${DATA_ROOT}/raw/mucs2021/train/XTscbPr78nzuHhuu.wav,514.0,521.0,7.0,चूँकि हम desktop पर pdf file पहले ही सेव कर चुके हैं हम pdf file पर doubleclick करेंगे,hi,rvc,rvc_876898_01304.wav,5504
1305,876898,413057,train,413057_aKSsdMqkPfUWyYeS_0001,${DATA_ROOT}/raw/mucs2021/train/aKSsdMqkPfUWyYeS.wav,6.0,10.0,4.0,इस tutorial में हम निम्न सीखेंगे:,hi,rvc,rvc_876898_01305.wav,5505
1306,876898,445718,train,445718_H6Z2BkcyVtiuiN7A_0081,${DATA_ROOT}/raw/mucs2021/train/H6Z2BkcyVtiuiN7A.wav,480.0,490.0,10.0,cell c10 में is equal to max और कोष्ठकों के अंदर c3 colon c7 type करें,hi,rvc,rvc_876898_01306.wav,5506
1307,876898,457295,train,457295_WgzliDtK6Htff0g2_0084,${DATA_ROOT}/raw/mucs2021/train/WgzliDtK6Htff0g2.wav,387.0,394.0,7.0,options dialog box में libreoffice पर click करें और फिर user data पर click करें,hi,rvc,rvc_876898_01307.wav,5507
1308,876898,539226,train,539226_vZGSoJPH1tbvsyCa_0035,${DATA_ROOT}/raw/mucs2021/train/vZGSoJPH1tbvsyCa.wav,295.0,304.0,9.0,यह हमारे यूज़र लॉगिन ट्यूटोरियल से आगे है अतः इनको साथ में रखकर हमें पूरी तरह से कार्य करने वाला यूज़र रजिस्टर और लॉगिन प्रक्रिया प्राप्त हुआ है,hi,rvc,rvc_876898_01308.wav,5508
1309,876898,539354,train,539354_C3MtnFEDrRkWHSvJ_0075,${DATA_ROOT}/raw/mucs2021/train/C3MtnFEDrRkWHSvJ.wav,460.0,465.0,5.0,database administrative user के रूप में अपने वर्तमान सत्र से लॉगआउट करें,hi,rvc,rvc_876898_01309.wav,5509
1310,876898,541304,train,541304_cyhxRWI0LoKYZvcw_0075,${DATA_ROOT}/raw/mucs2021/train/cyhxRWI0LoKYZvcw.wav,556.0,561.0,5.0,हम इनका उपयोग करके रिकार्ड्स में यहाँ वहां जा सकते हैं,hi,rvc,rvc_876898_01310.wav,5510
1311,876898,584991,train,584991_1ijxO93RTIJh2Rzv_0073,${DATA_ROOT}/raw/mucs2021/train/1ijxO93RTIJh2Rzv.wav,378.0,383.0,5.0,tasks pane में master पेज के preview पर click करें,hi,rvc,rvc_876898_01311.wav,5511
1312,876898,634568,train,634568_jCgweujQVV5haVF1_0081,${DATA_ROOT}/raw/mucs2021/train/jCgweujQVV5haVF1.wav,408.0,414.0,6.0,slide text holder की तुलना में notes place holder के आकार को व्यवस्थित करें,hi,rvc,rvc_876898_01312.wav,5512
1313,876898,705494,train,705494_fZcxLszRnIHxmVQp_0076,${DATA_ROOT}/raw/mucs2021/train/fZcxLszRnIHxmVQp.wav,424.0,431.0,7.0,अधिक जानकारी के लिए कृपया contact @spokentutorial org पर लिखें,hi,rvc,rvc_876898_01313.wav,5513
1314,876898,797767,train,797767_TRInoJRJxAX3qv5C_0001,${DATA_ROOT}/raw/mucs2021/train/TRInoJRJxAX3qv5C.wav,6.0,10.0,4.0,इस tutorial में हम निम्न सीखेंगे:,hi,rvc,rvc_876898_01314.wav,5514
1315,876898,850754,train,850754_wOTMMvC3WQ5YQRAF_0076,${DATA_ROOT}/raw/mucs2021/train/wOTMMvC3WQ5YQRAF.wav,627.0,637.0,10.0,अब उदाहरण के लिए sheet 4 का now बदलकर dump रखना है तो ऐसा आप sheet 4 टैब पर double क्लिक करके कर सकते हैं,hi,rvc,rvc_876898_01315.wav,5515
1316,876898,870582,train,870582_crdH0AI5aH25bEXe_0002,${DATA_ROOT}/raw/mucs2021/train/crdH0AI5aH25bEXe.wav,10.0,16.0,6.0,अब आप यहाँ देख सकते हैं कि हमारे पास हमारे रिकार्डसअभिलेख हैं,hi,rvc,rvc_876898_01316.wav,5516
1317,876898,893273,train,893273_8xh3ZKpPy5YhAnKX_0017,${DATA_ROOT}/raw/mucs2021/train/8xh3ZKpPy5YhAnKX.wav,77.0,81.0,4.0,आप अलगअलग वाक्यों के साथ अभ्यास कर सकते हैं,hi,rvc,rvc_876898_01317.wav,5517
1318,876898,903756,train,903756_K3X6AGezGWAoDe1q_0085,${DATA_ROOT}/raw/mucs2021/train/K3X6AGezGWAoDe1q.wav,650.0,655.0,5.0,निम्न के लिए अपनी sql queries लिखिये और जाँचिये:,hi,rvc,rvc_876898_01318.wav,5518
1319,876898,912184,train,912184_V11NDc0lxudGbWQU_0001,${DATA_ROOT}/raw/mucs2021/train/V11NDc0lxudGbWQU.wav,7.0,11.0,4.0,चलिए मैं आपको यहाँ इस पेज पर वापस ले चलता हूँ हम देख सकते हैं कि सब कुछ ठीक कार्य कर रहा है,hi,rvc,rvc_876898_01319.wav,5519
1320,876898,975912,train,975912_1eNS3GaW1oHHurL4_0017,${DATA_ROOT}/raw/mucs2021/train/1eNS3GaW1oHHurL4.wav,126.0,131.0,5.0,इस तरीके से मेरा ईमेल मेरे विश्वविद्यालय के माध्यम से भेजा जाता है,hi,rvc,rvc_876898_01320.wav,5520
1321,876898,987461,train,987461_LSRBJiHdUoHm4BTI_0022,${DATA_ROOT}/raw/mucs2021/train/LSRBJiHdUoHm4BTI.wav,169.0,179.0,10.0,अतः यह सफल क्वेरी होनी चाहिए तथा आप अंत में कुछ एरर मैसेज टाइप कर सकते हैं  or die query didnt work,hi,rvc,rvc_876898_01321.wav,5521
1322,876898,996368,train,996368_n4ACC4gnqW0IM1wW_0072,${DATA_ROOT}/raw/mucs2021/train/n4ACC4gnqW0IM1wW.wav,528.0,535.0,7.0,अब में koha में records के इंपोर्ट की पुष्टि करने के लिए एक छोटा परीक्षण करूँगी,hi,rvc,rvc_876898_01322.wav,5522
1323,876898,106718,train,106718_vE1rhq3ojNKZvQNv_0082,${DATA_ROOT}/raw/mucs2021/train/vE1rhq3ojNKZvQNv.wav,368.0,372.0,4.0,आप देखेंगे कि सक्रिय ruler सफेद रंग में है,hi,rvc,rvc_876898_01323.wav,5523
1324,876898,142970,train,142970_DP5j8CLDeL6HHHSX_0084,${DATA_ROOT}/raw/mucs2021/train/DP5j8CLDeL6HHHSX.wav,441.0,450.0,9.0,यदि हमें वे अलग लाइन पर चाहिए तो हमें br का उपयोग करना होगा,hi,rvc,rvc_876898_01324.wav,5524
1325,876898,177570,train,177570_jSNK2zDaIvyZsMZp_0083,${DATA_ROOT}/raw/mucs2021/train/jSNK2zDaIvyZsMZp.wav,380.0,386.0,6.0,यह अन्य for loop है जो प्रत्येक argument को अलग line में print करेगा,hi,rvc,rvc_876898_01325.wav,5525
1326,876898,186783,train,186783_LFpbaXkb8HuQ6DnF_0012,${DATA_ROOT}/raw/mucs2021/train/LFpbaXkb8HuQ6DnF.wav,84.0,93.0,9.0,राइटर में शुरूआत के लिए applications  office और libreoffice writer पर क्लिक करें,hi,rvc,rvc_876898_01326.wav,5526
1327,876898,205240,train,205240_F4KjmwYhWvnpSE0m_0039,${DATA_ROOT}/raw/mucs2021/train/F4KjmwYhWvnpSE0m.wav,282.0,293.0,11.0,अतः सचमुच में यहाँ कई सारी जाँच हैं जो आप कर सकते हैं किन्तु php में mysql डेटाबेस का इस्तेमाल करते हुए पासवर्ड बदलने का यह एक बुनियादी ढाँचा है,hi,rvc,rvc_876898_01327.wav,5527
1328,876898,322882,train,322882_XTscbPr78nzuHhuu_0078,${DATA_ROOT}/raw/mucs2021/train/XTscbPr78nzuHhuu.wav,521.0,527.0,6.0,अब file option पर click करें और फिर print पर click करें,hi,rvc,rvc_876898_01328.wav,5528
1329,876898,413057,train,413057_aKSsdMqkPfUWyYeS_0002,${DATA_ROOT}/raw/mucs2021/train/aKSsdMqkPfUWyYeS.wav,10.0,13.0,3.0,calc में अन्य शीट्स का उल्लेख कैसे करें,hi,rvc,rvc_876898_01329.wav,5529
1330,876898,445718,train,445718_H6Z2BkcyVtiuiN7A_0082,${DATA_ROOT}/raw/mucs2021/train/H6Z2BkcyVtiuiN7A.wav,490.0,493.0,3.0,अब enter की दबाएँ,hi,rvc,rvc_876898_01330.wav,5530
1331,876898,457295,train,457295_WgzliDtK6Htff0g2_0085,${DATA_ROOT}/raw/mucs2021/train/WgzliDtK6Htff0g2.wav,394.0,400.0,6.0,dialog box के दायीं तरफ आप यूजर data की जानकारी डाल सकते हैं,hi,rvc,rvc_876898_01331.wav,5531
1332,876898,539226,train,539226_vZGSoJPH1tbvsyCa_0036,${DATA_ROOT}/raw/mucs2021/train/vZGSoJPH1tbvsyCa.wav,304.0,312.0,8.0,मैं इसे मेरे बहुत सारे प्रोजेक्ट कार्यों में इस्तेमाल करूँगा उदाहरणस्वरुप,hi,rvc,rvc_876898_01332.wav,5532
1333,876898,539354,train,539354_C3MtnFEDrRkWHSvJ_0076,${DATA_ROOT}/raw/mucs2021/train/C3MtnFEDrRkWHSvJ.wav,465.0,472.0,7.0,ऐसा करने के लिए ऊपरी दाएं कोने पर जाएं और no library set पर click करें,hi,rvc,rvc_876898_01333.wav,5533
1334,876898,541304,train,541304_cyhxRWI0LoKYZvcw_0076,${DATA_ROOT}/raw/mucs2021/train/cyhxRWI0LoKYZvcw.wav,561.0,567.0,6.0,अब हम लिबरऑफिस बेस में सिम्पल फॉर्म्स पर इस ट्यूटोरियल की समाप्ति की ओर हैं,hi,rvc,rvc_876898_01334.wav,5534
1335,876898,584991,train,584991_1ijxO93RTIJh2Rzv_0074,${DATA_ROOT}/raw/mucs2021/train/1ijxO93RTIJh2Rzv.wav,383.0,387.0,4.0,right click करें और apply to all slides चुनें,hi,rvc,rvc_876898_01335.wav,5535
1336,876898,634568,train,634568_jCgweujQVV5haVF1_0082,${DATA_ROOT}/raw/mucs2021/train/jCgweujQVV5haVF1.wav,414.0,419.0,5.0,notes को black and white portrait format में print करें,hi,rvc,rvc_876898_01336.wav,5536
1337,876898,705494,train,705494_fZcxLszRnIHxmVQp_0077,${DATA_ROOT}/raw/mucs2021/train/fZcxLszRnIHxmVQp.wav,431.0,442.0,11.0,spoken tutorial project talktoa teacher project का हिस्सा है यह भारत सरकार के एमएचआरडी के आईसीटी के माध्यम से राष्ट्रीय साक्षरता mission द्वारा समर्थित है,hi,rvc,rvc_876898_01337.wav,5537
1338,876898,797767,train,797767_TRInoJRJxAX3qv5C_0002,${DATA_ROOT}/raw/mucs2021/train/TRInoJRJxAX3qv5C.wav,10.0,14.0,4.0,calc में अन्य शीट्स का उ ल्लेख कैसे करें,hi,rvc,rvc_876898_01338.wav,5538
1339,876898,850754,train,850754_wOTMMvC3WQ5YQRAF_0077,${DATA_ROOT}/raw/mucs2021/train/wOTMMvC3WQ5YQRAF.wav,637.0,647.0,10.0,आप देखते हैं कि rename sheet heading के साथ एक dialog box opens होता है यहाँ एक टेक्स्ट box है जिसमें default रूप से sheet 4 लिखा है,hi,rvc,rvc_876898_01339.wav,5539
1340,876898,870582,train,870582_crdH0AI5aH25bEXe_0003,${DATA_ROOT}/raw/mucs2021/train/crdH0AI5aH25bEXe.wav,16.0,21.0,5.0,मैं इस ट्यूटोरियल को फिर से कर रहा हूँ क्योंकि जब मैंने पहली बार किया था वह काम नही किया था,hi,rvc,rvc_876898_01340.wav,5540
1341,876898,893273,train,893273_8xh3ZKpPy5YhAnKX_0018,${DATA_ROOT}/raw/mucs2021/train/8xh3ZKpPy5YhAnKX.wav,81.0,86.0,5.0,अब पहले मेन्यू में वापस जाने के लिए esc दबाएँ,hi,rvc,rvc_876898_01341.wav,5541
1342,876898,903756,train,903756_K3X6AGezGWAoDe1q_0086,${DATA_ROOT}/raw/mucs2021/train/K3X6AGezGWAoDe1q.wav,655.0,658.0,3.0,1 library में सभी पुस्तकों की गिनती प्राप्त करिये,hi,rvc,rvc_876898_01342.wav,5542
1343,876898,912184,train,912184_V11NDc0lxudGbWQU_0002,${DATA_ROOT}/raw/mucs2021/train/V11NDc0lxudGbWQU.wav,11.0,18.0,7.0,हमारा सारा डेटा यहाँ हमारे पास है,hi,rvc,rvc_876898_01343.wav,5543
1344,876898,975912,train,975912_1eNS3GaW1oHHurL4_0018,${DATA_ROOT}/raw/mucs2021/train/1eNS3GaW1oHHurL4.wav,131.0,142.0,11.0,यदि आप विशेष dns सर्वर के बारे में जानते हैं यदि आपके पास डोमैन नेम पहले से ही है यदि आपकी वेबसाइट है तो आप इसे जानेंगे या कम से कम आप इसका पता लगाने में सक्षम होंगे,hi,rvc,rvc_876898_01344.wav,5544
1345,876898,987461,train,987461_LSRBJiHdUoHm4BTI_0023,${DATA_ROOT}/raw/mucs2021/train/LSRBJiHdUoHm4BTI.wav,179.0,188.0,9.0,आप इस एरर मैसेज के साथ कुछ कल्पनाशील हो सकते हैं और अपनी पसंद से टाइप कर सकते हैं,hi,rvc,rvc_876898_01345.wav,5545
1346,876898,996368,train,996368_n4ACC4gnqW0IM1wW_0073,${DATA_ROOT}/raw/mucs2021/train/n4ACC4gnqW0IM1wW.wav,535.0,542.0,7.0,इसलिए मैं citation section में इंपोर्ट किए गए record में से किसी एक शीर्षक पर टाइप करूंगी,hi,rvc,rvc_876898_01346.wav,5546
1347,876898,106718,train,106718_vE1rhq3ojNKZvQNv_0083,${DATA_ROOT}/raw/mucs2021/train/vE1rhq3ojNKZvQNv.wav,372.0,379.0,7.0,ruler का अंतभाग पेज margin values को दर्शाता है जिसे हमने page setup में set किया है,hi,rvc,rvc_876898_01347.wav,5547
1348,876898,142970,train,142970_DP5j8CLDeL6HHHSX_0085,${DATA_ROOT}/raw/mucs2021/train/DP5j8CLDeL6HHHSX.wav,450.0,464.0,14.0,तो यदि किसी कारण से आपको html का उपयोग नहीं करना है या यदि आप डेटाबेस के परिणाम से ले रहे हैं तो उसमें लाइन ब्रेक डालने के लिए आपको एक काफी जटिल फंक्शन बनाना होगा,hi,rvc,rvc_876898_01348.wav,5548
1349,876898,177570,train,177570_jSNK2zDaIvyZsMZp_0084,${DATA_ROOT}/raw/mucs2021/train/jSNK2zDaIvyZsMZp.wav,386.0,389.0,3.0,अब देखते हैं कैसे  सेव पर click करें,hi,rvc,rvc_876898_01349.wav,5549
1350,876898,186783,train,186783_LFpbaXkb8HuQ6DnF_0013,${DATA_ROOT}/raw/mucs2021/train/LFpbaXkb8HuQ6DnF.wav,93.0,100.0,7.0,sevenreasonstoadoptfossodt को खोलें,hi,rvc,rvc_876898_01350.wav,5550
1351,876898,205240,train,205240_F4KjmwYhWvnpSE0m_0040,${DATA_ROOT}/raw/mucs2021/train/F4KjmwYhWvnpSE0m.wav,293.0,301.0,8.0,आशा है कि आपने इसका आनंद लिया यदि आपकी कोई टिप्पणी या प्रश्न है तो कृपया मुझे बताइए साथ ही विडियो अपडेट्स के लिए सब्सक्राइब करें,hi,rvc,rvc_876898_01351.wav,5551
1352,876898,322882,train,322882_XTscbPr78nzuHhuu_0079,${DATA_ROOT}/raw/mucs2021/train/XTscbPr78nzuHhuu.wav,527.0,532.0,5.0,चलिए default settings पर click करें और फिर print preview button पर click करें,hi,rvc,rvc_876898_01352.wav,5552
1353,876898,413057,train,413057_aKSsdMqkPfUWyYeS_0003,${DATA_ROOT}/raw/mucs2021/train/aKSsdMqkPfUWyYeS.wav,13.0,17.0,4.0,calc में hyperlinks का इस्तेमाल कैसे करें,hi,rvc,rvc_876898_01353.wav,5553
1354,876898,445718,train,445718_H6Z2BkcyVtiuiN7A_0083,${DATA_ROOT}/raw/mucs2021/train/H6Z2BkcyVtiuiN7A.wav,493.0,500.0,7.0,ध्यान दें कि उत्तर 6000 है जोकि column में अधिकतम value है,hi,rvc,rvc_876898_01354.wav,5554
1355,876898,457295,train,457295_WgzliDtK6Htff0g2_0086,${DATA_ROOT}/raw/mucs2021/train/WgzliDtK6Htff0g2.wav,400.0,404.0,4.0,आपकी जरूरतों के अनुसार आप यहाँ विवरण भर सकते हैं,hi,rvc,rvc_876898_01355.wav,5555
1356,876898,539226,train,539226_vZGSoJPH1tbvsyCa_0037,${DATA_ROOT}/raw/mucs2021/train/vZGSoJPH1tbvsyCa.wav,312.0,319.0,7.0,मैं किसी पर एक प्रोजेक्ट बना सकता हूँ जो कि यूज़र लॉगिन और यूज़र रजिस्ट्रेशन इस्तेमाल करता हो अतः मैं इसे बहुत इस्तेमाल करूँगा,hi,rvc,rvc_876898_01356.wav,5556
1357,876898,539354,train,539354_C3MtnFEDrRkWHSvJ_0077,${DATA_ROOT}/raw/mucs2021/train/C3MtnFEDrRkWHSvJ.wav,472.0,477.0,5.0,dropdown मैन्यू से logout पर click करें,hi,rvc,rvc_876898_01357.wav,5557
1358,876898,541304,train,541304_cyhxRWI0LoKYZvcw_0077,${DATA_ROOT}/raw/mucs2021/train/cyhxRWI0LoKYZvcw.wav,567.0,575.0,8.0,संक्षेप में हमने सीखाform क्या है wizard का उपयोग करके form कैसे बनायें,hi,rvc,rvc_876898_01358.wav,5558
1359,876898,584991,train,584991_1ijxO93RTIJh2Rzv_0075,${DATA_ROOT}/raw/mucs2021/train/1ijxO93RTIJh2Rzv.wav,387.0,392.0,5.0,close master view button पर क्लिक करके master view बंद करें,hi,rvc,rvc_876898_01359.wav,5559
1360,876898,634568,train,634568_jCgweujQVV5haVF1_0083,${DATA_ROOT}/raw/mucs2021/train/jCgweujQVV5haVF1.wav,419.0,423.0,4.0,आपको notes की पाँच प्रतियाँ print करनी हैं,hi,rvc,rvc_876898_01360.wav,5560
1361,876898,705494,train,705494_fZcxLszRnIHxmVQp_0078,${DATA_ROOT}/raw/mucs2021/train/fZcxLszRnIHxmVQp.wav,442.0,453.0,11.0,इस mission पर अधिक जानकारी दिए गए लिंक पर उपलब्ध है,hi,rvc,rvc_876898_01361.wav,5561
1362,876898,797767,train,797767_TRInoJRJxAX3qv5C_0003,${DATA_ROOT}/raw/mucs2021/train/TRInoJRJxAX3qv5C.wav,14.0,18.0,4.0,calc में hyperlinks का इस्तेमाल कैसे करें,hi,rvc,rvc_876898_01362.wav,5562
1363,876898,850754,train,850754_wOTMMvC3WQ5YQRAF_0078,${DATA_ROOT}/raw/mucs2021/train/wOTMMvC3WQ5YQRAF.wav,647.0,652.0,5.0,अब default name डिलीट करें और now sheet को dump name दें,hi,rvc,rvc_876898_01363.wav,5563
1364,876898,870582,train,870582_crdH0AI5aH25bEXe_0004,${DATA_ROOT}/raw/mucs2021/train/crdH0AI5aH25bEXe.wav,21.0,29.0,8.0,अतः सर्वप्रथम मैं यहाँ इस डेटा को डिलीट कर देता हूँ,hi,rvc,rvc_876898_01364.wav,5564
1365,876898,893273,train,893273_8xh3ZKpPy5YhAnKX_0019,${DATA_ROOT}/raw/mucs2021/train/8xh3ZKpPy5YhAnKX.wav,86.0,89.0,3.0,आप्शन मेन्यू प्रदर्शित होता है,hi,rvc,rvc_876898_01365.wav,5565
1366,876898,903756,train,903756_K3X6AGezGWAoDe1q_0087,${DATA_ROOT}/raw/mucs2021/train/K3X6AGezGWAoDe1q.wav,658.0,663.0,5.0,2 प्रत्येक author द्वारा लिखी गयी पुस्तकों की गिनती प्राप्त करिये,hi,rvc,rvc_876898_01366.wav,5566
1367,876898,912184,train,912184_V11NDc0lxudGbWQU_0003,${DATA_ROOT}/raw/mucs2021/train/V11NDc0lxudGbWQU.wav,18.0,25.0,7.0,अगली चीज़ हम सीखेंगे कि कैसे कहीं बताएँ कि प्रयोगकर्तायूजरखुद डेटा डाल सकता है और विस्तृत कर सकता है,hi,rvc,rvc_876898_01367.wav,5567
1368,876898,975912,train,975912_1eNS3GaW1oHHurL4_0019,${DATA_ROOT}/raw/mucs2021/train/1eNS3GaW1oHHurL4.wav,142.0,147.0,5.0,आप इसके माध्यम से ईमेल भेजने के लिए सक्षम होंगे,hi,rvc,rvc_876898_01368.wav,5568
1369,876898,987461,train,987461_LSRBJiHdUoHm4BTI_0024,${DATA_ROOT}/raw/mucs2021/train/LSRBJiHdUoHm4BTI.wav,188.0,197.0,9.0,उसी तरह यहाँ आप लिख सकते हैं or die आप यहाँ अपना एरर मैसेज जोड़ सकते हैं लेकिन समय बचाने के लिए मैं अभी नहीं कर रहा हूँ,hi,rvc,rvc_876898_01369.wav,5569
1370,876898,996368,train,996368_n4ACC4gnqW0IM1wW_0074,${DATA_ROOT}/raw/mucs2021/train/n4ACC4gnqW0IM1wW.wav,542.0,547.0,5.0,फिर field के दाईं ओर submit बटन पर क्लिक करें,hi,rvc,rvc_876898_01370.wav,5570
1371,876898,106718,train,106718_vE1rhq3ojNKZvQNv_0084,${DATA_ROOT}/raw/mucs2021/train/vE1rhq3ojNKZvQNv.wav,379.0,383.0,4.0,देखते हैं कि ruler objects के लिए माप कैसे दर्शाता है,hi,rvc,rvc_876898_01371.wav,5571
1372,876898,142970,train,142970_DP5j8CLDeL6HHHSX_0086,${DATA_ROOT}/raw/mucs2021/train/DP5j8CLDeL6HHHSX.wav,464.0,467.0,3.0,यह होता है जब लोग इसे डेटाबेस में सेट करते हैं,hi,rvc,rvc_876898_01372.wav,5572
1373,876898,177570,train,177570_jSNK2zDaIvyZsMZp_0085,${DATA_ROOT}/raw/mucs2021/train/jSNK2zDaIvyZsMZp.wav,389.0,392.0,3.0,terminal पर आते हैं,hi,rvc,rvc_876898_01373.wav,5573
1374,876898,186783,train,186783_LFpbaXkb8HuQ6DnF_0014,${DATA_ROOT}/raw/mucs2021/train/LFpbaXkb8HuQ6DnF.wav,100.0,103.0,3.0,record changes ऑप्शन को सेट करने के लिए,hi,rvc,rvc_876898_01374.wav,5574
1375,876898,205240,train,205240_F4KjmwYhWvnpSE0m_0041,${DATA_ROOT}/raw/mucs2021/train/F4KjmwYhWvnpSE0m.wav,301.0,305.53,4.53,देखने के लिए धन्यवाद मैं रवि कुमार आईआईटी बॉम्बे की ओर से अब आपसे विदा लेता हूँ,hi,rvc,rvc_876898_01375.wav,5575
1376,539354,106718,train,106718_vE1rhq3ojNKZvQNv_0087,${DATA_ROOT}/raw/mucs2021/train/vE1rhq3ojNKZvQNv.wav,389.0,392.0,3.0,ये बादल के किनारों को दर्शाते हैं,hi,rvc,rvc_539354_01376.wav,5576
1377,539354,142970,train,142970_DP5j8CLDeL6HHHSX_0088,${DATA_ROOT}/raw/mucs2021/train/DP5j8CLDeL6HHHSX.wav,479.0,484.0,5.0,लेकिन यदि आप एक स्ट्रिंग की शुरुआत में nl2br लिख रहे हैं और हम यहाँ पर कोष्ठक का अंत करेंगे,hi,rvc,rvc_539354_01377.wav,5577
1378,539354,177570,train,177570_jSNK2zDaIvyZsMZp_0088,${DATA_ROOT}/raw/mucs2021/train/jSNK2zDaIvyZsMZp.wav,399.0,403.0,4.0,ये $@ द्वारा printed किये गए arguments हैं,hi,rvc,rvc_539354_01378.wav,5578
1379,539354,186783,train,186783_LFpbaXkb8HuQ6DnF_0016,${DATA_ROOT}/raw/mucs2021/train/LFpbaXkb8HuQ6DnF.wav,112.0,120.0,8.0,show ऑप्शन भी चुनित होना चाहिए यह किसी भी आगामी संपादन को स्पष्टतः रिकार्ड करने के लिए सक्षम हो जाएगा,hi,rvc,rvc_539354_01379.wav,5579
1380,539354,205240,train,205240_F4KjmwYhWvnpSE0m_0001,${DATA_ROOT}/raw/mucs2021/train/F4KjmwYhWvnpSE0m.wav,11.0,14.0,3.0,हम यहाँ अपने डेटाबेस से पहले ही जुड़ चुके हैं,hi,rvc,rvc_539354_01380.wav,5580
1381,539354,322882,train,322882_XTscbPr78nzuHhuu_0082,${DATA_ROOT}/raw/mucs2021/train/XTscbPr78nzuHhuu.wav,544.0,549.0,5.0,अब हम लिबर ऑफिस writer पर spoken tutorial की समाप्ति की ओर हैं,hi,rvc,rvc_539354_01381.wav,5581
1382,539354,413057,train,413057_aKSsdMqkPfUWyYeS_0006,${DATA_ROOT}/raw/mucs2021/train/aKSsdMqkPfUWyYeS.wav,44.0,49.0,5.0,personalfinancetracker ods खोलते हैं,hi,rvc,rvc_539354_01382.wav,5582
1383,539354,445718,train,445718_H6Z2BkcyVtiuiN7A_0086,${DATA_ROOT}/raw/mucs2021/train/H6Z2BkcyVtiuiN7A.wav,508.0,514.0,6.0,ध्यान दें कि उत्तर 300 है जोकि cost column में न्यूनतम वैल्यू है,hi,rvc,rvc_539354_01383.wav,5583
1384,539354,457295,train,457295_WgzliDtK6Htff0g2_0090,${DATA_ROOT}/raw/mucs2021/train/WgzliDtK6Htff0g2.wav,422.0,427.0,5.0,teacher a b name text box में प्रविष्ट हो चुका है,hi,rvc,rvc_539354_01384.wav,5584
1385,539354,539226,train,539226_vZGSoJPH1tbvsyCa_0040,${DATA_ROOT}/raw/mucs2021/train/vZGSoJPH1tbvsyCa.wav,335.0,338.27,3.27,भविष्य में अपडेट्स के लिए हमसे जुड़िये देखने के लिए धन्यवाद आय आय टी बॉम्बे की तरफ से मैं रवि कुमार अब आपसे विदा लेता हूँ धन्यवाद,hi,rvc,rvc_539354_01385.wav,5585
1386,539354,541304,train,541304_cyhxRWI0LoKYZvcw_0080,${DATA_ROOT}/raw/mucs2021/train/cyhxRWI0LoKYZvcw.wav,592.0,596.0,4.0,इस पर अधिक जानकारी के लिए उपलब्ध link पर संपर्क करें,hi,rvc,rvc_539354_01386.wav,5586
1387,539354,584991,train,584991_1ijxO93RTIJh2Rzv_0078,${DATA_ROOT}/raw/mucs2021/train/1ijxO93RTIJh2Rzv.wav,405.0,409.0,4.0,अब slide की लेआउट को बदलना सीखते हैं,hi,rvc,rvc_539354_01387.wav,5587
1388,539354,634568,train,634568_jCgweujQVV5haVF1_0086,${DATA_ROOT}/raw/mucs2021/train/jCgweujQVV5haVF1.wav,433.0,442.0,9.0,spoken tutorial project team spoken tutorial का उपयोग करके कार्यशालाएँ भी चलाते हैं उनको प्रमाणपत्र भी देते हैं जो online test pass करते हैं,hi,rvc,rvc_539354_01388.wav,5588
1389,539354,705494,train,705494_fZcxLszRnIHxmVQp_0001,${DATA_ROOT}/raw/mucs2021/train/fZcxLszRnIHxmVQp.wav,7.0,12.0,5.0,इस tutorial में हम impress में custom animation के बारे में सीखेंगे,hi,rvc,rvc_539354_01389.wav,5589
1390,539354,797767,train,797767_TRInoJRJxAX3qv5C_0006,${DATA_ROOT}/raw/mucs2021/train/TRInoJRJxAX3qv5C.wav,42.0,47.0,5.0,personalfinancetracker ods खोलते हैं,hi,rvc,rvc_539354_01390.wav,5590
1391,539354,850754,train,850754_wOTMMvC3WQ5YQRAF_0081,${DATA_ROOT}/raw/mucs2021/train/wOTMMvC3WQ5YQRAF.wav,668.0,674.0,6.0,संक्षेप में हमने निम्न सीखा हैः rows और columns को जोड़ना to डिलीट करना,hi,rvc,rvc_539354_01391.wav,5591
1392,539354,870582,train,870582_crdH0AI5aH25bEXe_0007,${DATA_ROOT}/raw/mucs2021/train/crdH0AI5aH25bEXe.wav,40.0,43.0,3.0,यहाँ केवल हमारे फील्ड्स के नाम हैं,hi,rvc,rvc_539354_01392.wav,5592
1393,539354,876898,train,876898_RyQSvr4r4iAMTYXq_0080,${DATA_ROOT}/raw/mucs2021/train/RyQSvr4r4iAMTYXq.wav,494.0,497.0,3.0,cells को मर्ज करना cells में fit करने के लिए text को कम श्रिंक करना,hi,rvc,rvc_539354_01393.wav,5593
1394,539354,893273,train,893273_8xh3ZKpPy5YhAnKX_0022,${DATA_ROOT}/raw/mucs2021/train/8xh3ZKpPy5YhAnKX.wav,97.0,100.0,3.0,word list editor विंडो प्रदर्शित होती है,hi,rvc,rvc_539354_01394.wav,5594
1395,539354,903756,train,903756_K3X6AGezGWAoDe1q_0090,${DATA_ROOT}/raw/mucs2021/train/K3X6AGezGWAoDe1q.wav,684.0,692.0,8.0,from books,hi,rvc,rvc_539354_01395.wav,5595
1396,539354,912184,train,912184_V11NDc0lxudGbWQU_0006,${DATA_ROOT}/raw/mucs2021/train/V11NDc0lxudGbWQU.wav,35.0,42.0,7.0,यहाँ जानने के लिए काफी सारी और कुछ अन्य चीज़ें हैं,hi,rvc,rvc_539354_01396.wav,5596
1397,539354,975912,train,975912_1eNS3GaW1oHHurL4_0022,${DATA_ROOT}/raw/mucs2021/train/1eNS3GaW1oHHurL4.wav,161.0,166.0,5.0,और इसको करने का सही तरीका है कि यहाँ आएँ और अपने वेरिएबल्स को सेट करें,hi,rvc,rvc_539354_01397.wav,5597
1398,539354,987461,train,987461_LSRBJiHdUoHm4BTI_0028,${DATA_ROOT}/raw/mucs2021/train/LSRBJiHdUoHm4BTI.wav,230.0,235.0,5.0,डेटा बेस के अंदर हमारा पुराना पासवर्ड हमारी रो के समान होगा,hi,rvc,rvc_539354_01398.wav,5598
1399,539354,996368,train,996368_n4ACC4gnqW0IM1wW_0077,${DATA_ROOT}/raw/mucs2021/train/n4ACC4gnqW0IM1wW.wav,562.0,568.0,6.0,इसके साथ हमने marc को koha में इंपोर्ट किया है,hi,rvc,rvc_539354_01399.wav,5599
1400,539354,106718,train,106718_vE1rhq3ojNKZvQNv_0088,${DATA_ROOT}/raw/mucs2021/train/vE1rhq3ojNKZvQNv.wav,392.0,398.0,6.0,यदि आप इन चिन्हों को ruler पर स्थानांतरित करते हैं आप देखेंगे कि आकृति तदनुसार परिवर्तित होती है,hi,rvc,rvc_539354_01400.wav,5600
1401,539354,142970,train,142970_DP5j8CLDeL6HHHSX_0089,${DATA_ROOT}/raw/mucs2021/train/DP5j8CLDeL6HHHSX.wav,484.0,488.0,4.0,आप देखेंगे कि यह उसी तरह एको करेगा जैसा हम चाहते हैं,hi,rvc,rvc_539354_01401.wav,5601
1402,539354,177570,train,177570_jSNK2zDaIvyZsMZp_0089,${DATA_ROOT}/raw/mucs2021/train/jSNK2zDaIvyZsMZp.wav,403.0,407.0,4.0,$@ प्रत्येक argument को अलग line में prints करता है,hi,rvc,rvc_539354_01402.wav,5602
1403,539354,186783,train,186783_LFpbaXkb8HuQ6DnF_0017,${DATA_ROOT}/raw/mucs2021/train/LFpbaXkb8HuQ6DnF.wav,120.0,125.0,5.0,डॉक्युमेंट में दूसरे बिंदु को प्रविष्ट करें,hi,rvc,rvc_539354_01403.wav,5603
1404,539354,205240,train,205240_F4KjmwYhWvnpSE0m_0002,${DATA_ROOT}/raw/mucs2021/train/F4KjmwYhWvnpSE0m.wav,14.0,23.0,9.0,हम यहाँ पहले ही जुड़ चुके हैं तो फिर से जोड़ने की आवश्यकता नहीं है क्योंकि यह कमांड पहले ही फिर से जारी हो चुकी है,hi,rvc,rvc_539354_01404.wav,5604
1405,539354,322882,train,322882_XTscbPr78nzuHhuu_0085,${DATA_ROOT}/raw/mucs2021/train/XTscbPr78nzuHhuu.wav,553.0,556.0,3.0,document print करना,hi,rvc,rvc_539354_01405.wav,5605
1406,539354,413057,train,413057_aKSsdMqkPfUWyYeS_0007,${DATA_ROOT}/raw/mucs2021/train/aKSsdMqkPfUWyYeS.wav,49.0,55.0,6.0,हमारी file की sheet 1 personal finance tracker के लिए spreadsheet सम्मिलित करती है,hi,rvc,rvc_539354_01406.wav,5606
1407,539354,445718,train,445718_H6Z2BkcyVtiuiN7A_0087,${DATA_ROOT}/raw/mucs2021/train/H6Z2BkcyVtiuiN7A.wav,514.0,520.0,6.0,मध्य value निकलने के लिए शब्द min को median से बदलें,hi,rvc,rvc_539354_01407.wav,5607
1408,539354,457295,train,457295_WgzliDtK6Htff0g2_0091,${DATA_ROOT}/raw/mucs2021/train/WgzliDtK6Htff0g2.wav,427.0,435.0,8.0,इस box को खींचें और draw पेज के दाएँ कोने में नीचे time field के ठीक ऊपर उसे रख दें,hi,rvc,rvc_539354_01408.wav,5608
1409,539354,539226,train,539226_vZGSoJPH1tbvsyCa_0000,${DATA_ROOT}/raw/mucs2021/train/vZGSoJPH1tbvsyCa.wav,0.0,11.0,11.0,यूज़र रजिस्ट्रेशन ट्यूटोरियल के पाँचवे भाग में आपका स्वागत है हम अपनी रजिस्ट्रेशन लॉगिन प्रक्रिया में कुछ अंशों और टुकड़ों को व्यवस्थित करेंगे,hi,rvc,rvc_539354_01409.wav,5609
1410,539354,541304,train,541304_cyhxRWI0LoKYZvcw_0081,${DATA_ROOT}/raw/mucs2021/train/cyhxRWI0LoKYZvcw.wav,596.0,610.66,14.66,यह script देवेन्द्र कैरवान द्वारा अनुवादित है आई आई टी बॉम्बे की ओर से मैं रवि कुमार अब आपसे विदा लेता हूँ हमसे जुड़ने के लिए धन्यवाद,hi,rvc,rvc_539354_01410.wav,5610
1411,539354,584991,train,584991_1ijxO93RTIJh2Rzv_0079,${DATA_ROOT}/raw/mucs2021/train/1ijxO93RTIJh2Rzv.wav,409.0,418.0,9.0,लेआउट्स क्या हैं  लेआउट slide templates हैं जो प्लेसहोल्डर के साथ content की स्थिति के लिए पहले से ही formatted हैं,hi,rvc,rvc_539354_01411.wav,5611
1412,539354,634568,train,634568_jCgweujQVV5haVF1_0087,${DATA_ROOT}/raw/mucs2021/train/jCgweujQVV5haVF1.wav,442.0,448.0,6.0,अधिक जानकारी के लिए कृपया हमें contact @spoken hyphen tutorial org पर लिखें,hi,rvc,rvc_539354_01412.wav,5612
1413,539354,705494,train,705494_fZcxLszRnIHxmVQp_0002,${DATA_ROOT}/raw/mucs2021/train/fZcxLszRnIHxmVQp.wav,12.0,21.0,9.0,यहाँ हम उबंटू लिनक्स 1004 और लिबरऑफिस सूट वर्जन 334 का उपयोग कर रहे हैं,hi,rvc,rvc_539354_01413.wav,5613
1414,539354,797767,train,797767_TRInoJRJxAX3qv5C_0007,${DATA_ROOT}/raw/mucs2021/train/TRInoJRJxAX3qv5C.wav,47.0,53.0,6.0,हमारी file की sheet 1 personal finance tracker के लिए spreadsheet सम्मिलित करती है,hi,rvc,rvc_539354_01414.wav,5614
1415,539354,850754,train,850754_wOTMMvC3WQ5YQRAF_0082,${DATA_ROOT}/raw/mucs2021/train/wOTMMvC3WQ5YQRAF.wav,674.0,679.0,5.0,शीट्स को जोड़ना तथा डिलीट करना शीट्स को फिर से नाम देना,hi,rvc,rvc_539354_01415.wav,5615
1416,539354,870582,train,870582_crdH0AI5aH25bEXe_0008,${DATA_ROOT}/raw/mucs2021/train/crdH0AI5aH25bEXe.wav,43.0,47.0,4.0,इसके साथ यहाँ पर शुरू करने के लिए चलिए इसको केवल कमेंट करते हैं,hi,rvc,rvc_539354_01416.wav,5616
1417,539354,876898,train,876898_RyQSvr4r4iAMTYXq_0081,${DATA_ROOT}/raw/mucs2021/train/RyQSvr4r4iAMTYXq.wav,497.0,500.0,3.0,व्यापक नियतकार्य,hi,rvc,rvc_539354_01417.wav,5617
1418,539354,893273,train,893273_8xh3ZKpPy5YhAnKX_0024,${DATA_ROOT}/raw/mucs2021/train/8xh3ZKpPy5YhAnKX.wav,102.0,106.0,4.0,वर्ड लिस्ट एडिटर विंडो में new पर क्लिक करें,hi,rvc,rvc_539354_01418.wav,5618
1419,539354,903756,train,903756_K3X6AGezGWAoDe1q_0091,${DATA_ROOT}/raw/mucs2021/train/K3X6AGezGWAoDe1q.wav,692.0,700.0,8.0,इसी के साथ हम libreoffice base sql view में अधिक queries के इस tutorial की समाप्ति की ओर आ गये हैं,hi,rvc,rvc_539354_01419.wav,5619
1420,539354,912184,train,912184_V11NDc0lxudGbWQU_0007,${DATA_ROOT}/raw/mucs2021/train/V11NDc0lxudGbWQU.wav,42.0,51.0,9.0,मैं firstname lastname जन्मतिथि और gender या तो male या female  को रखूँगा,hi,rvc,rvc_539354_01420.wav,5620
1421,539354,975912,train,975912_1eNS3GaW1oHHurL4_0023,${DATA_ROOT}/raw/mucs2021/train/1eNS3GaW1oHHurL4.wav,166.0,179.0,13.0,ओके हमें php dot ini में smtp सेट करने की आवश्यकता है,hi,rvc,rvc_539354_01421.wav,5621
1422,539354,987461,train,987461_LSRBJiHdUoHm4BTI_0029,${DATA_ROOT}/raw/mucs2021/train/LSRBJiHdUoHm4BTI.wav,235.0,238.0,3.0,याद रखें यह एक अरै की रचना करता है,hi,rvc,rvc_539354_01422.wav,5622
1423,539354,996368,train,996368_n4ACC4gnqW0IM1wW_0078,${DATA_ROOT}/raw/mucs2021/train/n4ACC4gnqW0IM1wW.wav,568.0,581.0,13.0,संक्षेप में,hi,rvc,rvc_539354_01423.wav,5623
1424,539354,106718,train,106718_vE1rhq3ojNKZvQNv_0089,${DATA_ROOT}/raw/mucs2021/train/vE1rhq3ojNKZvQNv.wav,398.0,402.0,4.0,ruler पेज पर object का आकार दिखाता है,hi,rvc,rvc_539354_01424.wav,5624
1425,539354,142970,train,142970_DP5j8CLDeL6HHHSX_0090,${DATA_ROOT}/raw/mucs2021/train/DP5j8CLDeL6HHHSX.wav,488.0,496.0,8.0,हमें ऊपर एक लाइन ब्रेक मिलेगा क्योंकि हमने यह किया है – यहाँ एक स्पेस दी है चलिए इसे हटाते हैं,hi,rvc,rvc_539354_01425.wav,5625
1426,539354,177570,train,177570_jSNK2zDaIvyZsMZp_0090,${DATA_ROOT}/raw/mucs2021/train/jSNK2zDaIvyZsMZp.wav,407.0,412.0,5.0,यह दूसरे for loop के लिए output है,hi,rvc,rvc_539354_01426.wav,5626
1427,539354,186783,train,186783_LFpbaXkb8HuQ6DnF_0018,${DATA_ROOT}/raw/mucs2021/train/LFpbaXkb8HuQ6DnF.wav,125.0,128.0,3.0,हम बिंदु क्रमांक 2 पर जायेंगे और टाइप करेंगे,hi,rvc,rvc_539354_01427.wav,5627
1428,539354,205240,train,205240_F4KjmwYhWvnpSE0m_0003,${DATA_ROOT}/raw/mucs2021/train/F4KjmwYhWvnpSE0m.wav,23.0,30.0,7.0,मैं query change नामक एक नई क्वेरी बनाऊँगा और यह mysql query फंक्शन के बराबर होगी,hi,rvc,rvc_539354_01428.wav,5628
1429,539354,322882,train,322882_XTscbPr78nzuHhuu_0087,${DATA_ROOT}/raw/mucs2021/train/XTscbPr78nzuHhuu.wav,558.0,563.0,5.0,writer में this is libreoffice writer text लिखें,hi,rvc,rvc_539354_01429.wav,5629
1430,539354,413057,train,413057_aKSsdMqkPfUWyYeS_0008,${DATA_ROOT}/raw/mucs2021/train/aKSsdMqkPfUWyYeS.wav,55.0,64.0,9.0,मैंने columns spent और received में कुछ राशियाँ जोड़ दी हैं,hi,rvc,rvc_539354_01430.wav,5630
1431,539354,445718,train,445718_H6Z2BkcyVtiuiN7A_0088,${DATA_ROOT}/raw/mucs2021/train/H6Z2BkcyVtiuiN7A.wav,520.0,523.0,3.0,और enter की दबाएँ,hi,rvc,rvc_539354_01431.wav,5631
1432,539354,457295,train,457295_WgzliDtK6Htff0g2_0092,${DATA_ROOT}/raw/mucs2021/train/WgzliDtK6Htff0g2.wav,435.0,441.0,6.0,अब क्या यदि draw पेज में प्रविष्ट किए हुए fields को हम मिटाना चाहते हैं,hi,rvc,rvc_539354_01432.wav,5632
1433,539354,539226,train,539226_vZGSoJPH1tbvsyCa_0001,${DATA_ROOT}/raw/mucs2021/train/vZGSoJPH1tbvsyCa.wav,11.0,14.0,3.0,फिर हम एक पूर्ण जाँच करेंगे यह देखने के लिए यदि यह वाकई में कार्य कर रहा है,hi,rvc,rvc_539354_01433.wav,5633
1434,539354,541304,train,541304_cyhxRWI0LoKYZvcw_0000,${DATA_ROOT}/raw/mucs2021/train/cyhxRWI0LoKYZvcw.wav,0.0,3.0,3.0,लिबर ऑफिस base पर spoken tutorial में आपका स्वागत है,hi,rvc,rvc_539354_01434.wav,5634
1435,539354,584991,train,584991_1ijxO93RTIJh2Rzv_0080,${DATA_ROOT}/raw/mucs2021/train/1ijxO93RTIJh2Rzv.wav,418.0,424.0,6.0,slide लेआउट देखने के लिए दाएँ panel से layouts पर click करें,hi,rvc,rvc_539354_01435.wav,5635
1436,539354,634568,train,634568_jCgweujQVV5haVF1_0088,${DATA_ROOT}/raw/mucs2021/train/jCgweujQVV5haVF1.wav,448.0,461.0,13.0,spoken tutorial project talktoateacher project का हिस्सा है यह भारत सरकार के एमएचआरडी के आईसीटी के माध्यम से राष्ट्रीय साक्षरता mission द्वारा समर्थित है,hi,rvc,rvc_539354_01436.wav,5636
1437,539354,705494,train,705494_fZcxLszRnIHxmVQp_0003,${DATA_ROOT}/raw/mucs2021/train/fZcxLszRnIHxmVQp.wav,21.0,26.0,5.0,पहले प्रस्तुति sampleimpress odp खोलें,hi,rvc,rvc_539354_01437.wav,5637
1438,539354,797767,train,797767_TRInoJRJxAX3qv5C_0008,${DATA_ROOT}/raw/mucs2021/train/TRInoJRJxAX3qv5C.wav,53.0,63.0,10.0,मैंने columns spent और received में कुछ राशियाँ जोड़ दी हैं,hi,rvc,rvc_539354_01438.wav,5638
1439,539354,850754,train,850754_wOTMMvC3WQ5YQRAF_0083,${DATA_ROOT}/raw/mucs2021/train/wOTMMvC3WQ5YQRAF.wav,679.0,685.0,6.0,व्यापक नियत कार्य spreadsheet practice ods file खोलें,hi,rvc,rvc_539354_01439.wav,5639
1440,539354,870582,train,870582_crdH0AI5aH25bEXe_0009,${DATA_ROOT}/raw/mucs2021/train/crdH0AI5aH25bEXe.wav,47.0,52.0,5.0,अतः write some data फिर हम एक क्वेरी निर्धारित करेंगे जो डेटा लिखेगा,hi,rvc,rvc_539354_01440.wav,5640
1441,539354,876898,train,876898_RyQSvr4r4iAMTYXq_0082,${DATA_ROOT}/raw/mucs2021/train/RyQSvr4r4iAMTYXq.wav,500.0,504.0,4.0,spreadsheet practice ods sheet open करें,hi,rvc,rvc_539354_01441.wav,5641
1442,539354,893273,train,893273_8xh3ZKpPy5YhAnKX_0025,${DATA_ROOT}/raw/mucs2021/train/8xh3ZKpPy5YhAnKX.wav,106.0,109.0,3.0,create a new wordlist विंडो प्रदर्शित होती है,hi,rvc,rvc_539354_01442.wav,5642
1443,539354,903756,train,903756_K3X6AGezGWAoDe1q_0092,${DATA_ROOT}/raw/mucs2021/train/K3X6AGezGWAoDe1q.wav,700.0,703.0,3.0,संक्षिप्त में हमने सीखा कि:,hi,rvc,rvc_539354_01443.wav,5643
1444,539354,912184,train,912184_V11NDc0lxudGbWQU_0008,${DATA_ROOT}/raw/mucs2021/train/V11NDc0lxudGbWQU.wav,51.0,58.0,7.0,यहाँ नीचे मैं फॉर्मformबनाऊँगा,hi,rvc,rvc_539354_01444.wav,5644
1445,539354,975912,train,975912_1eNS3GaW1oHHurL4_0024,${DATA_ROOT}/raw/mucs2021/train/1eNS3GaW1oHHurL4.wav,179.0,185.0,6.0,और मेरी php dot ini फाइल खोलने के बजाय मैं ini set फंक्शन का उपयोग करूँगा,hi,rvc,rvc_539354_01445.wav,5645
1446,539354,987461,train,987461_LSRBJiHdUoHm4BTI_0030,${DATA_ROOT}/raw/mucs2021/train/LSRBJiHdUoHm4BTI.wav,238.0,246.0,8.0,अतः यह वेल्यू  password है  क्योंकि यहाँ हमारे डेटा बेस के अंदर यह password  है आपको लेबल्स का उपयोग करने की आवश्यकता है,hi,rvc,rvc_539354_01446.wav,5646
1447,539354,996368,train,996368_n4ACC4gnqW0IM1wW_0079,${DATA_ROOT}/raw/mucs2021/train/n4ACC4gnqW0IM1wW.wav,581.0,591.0,10.0,नियतकार्य के लिए,hi,rvc,rvc_539354_01447.wav,5647
1448,539354,106718,train,106718_vE1rhq3ojNKZvQNv_0090,${DATA_ROOT}/raw/mucs2021/train/vE1rhq3ojNKZvQNv.wav,402.0,409.0,7.0,यह हमें पेज पर object के स्थान और पेज सीमाओं को दर्शाने के लिए भी सक्षम बनाता है,hi,rvc,rvc_539354_01448.wav,5648
1449,539354,142970,train,142970_DP5j8CLDeL6HHHSX_0091,${DATA_ROOT}/raw/mucs2021/train/DP5j8CLDeL6HHHSX.wav,496.0,510.0,14.0,तो nl2br  के बिना हमें सभी चीज़ें एक लाइन पर मिलेंगी और nl2br के साथ हमें अलगअलग लाइन्स मिलेंगी जैसे कि हम चाहते हैं,hi,rvc,rvc_539354_01449.wav,5649
1450,539354,177570,train,177570_jSNK2zDaIvyZsMZp_0091,${DATA_ROOT}/raw/mucs2021/train/jSNK2zDaIvyZsMZp.wav,412.0,415.0,3.0,अब bash में quoting quoting पर जाते हैं,hi,rvc,rvc_539354_01450.wav,5650
1451,539354,186783,train,186783_LFpbaXkb8HuQ6DnF_0021,${DATA_ROOT}/raw/mucs2021/train/LFpbaXkb8HuQ6DnF.wav,156.0,161.0,5.0,जिससे वर्तमान बिंदु 2 बिंदु क्रमांक 3 हो जाता है,hi,rvc,rvc_539354_01451.wav,5651
1452,539354,205240,train,205240_F4KjmwYhWvnpSE0m_0004,${DATA_ROOT}/raw/mucs2021/train/F4KjmwYhWvnpSE0m.wav,30.0,36.0,6.0,अब यह कोड का नया भाग है अतः मैं नीचे स्क्रोल करूँगा जिससे कि आप इसे आसानी से देख सकें,hi,rvc,rvc_539354_01452.wav,5652
1453,539354,322882,train,322882_XTscbPr78nzuHhuu_0088,${DATA_ROOT}/raw/mucs2021/train/XTscbPr78nzuHhuu.wav,563.0,569.0,6.0,document को पूर्ण screen में देखने के लिए full screen ऑप्शन का उपयोग करें,hi,rvc,rvc_539354_01453.wav,5653
1454,539354,413057,train,413057_aKSsdMqkPfUWyYeS_0009,${DATA_ROOT}/raw/mucs2021/train/aKSsdMqkPfUWyYeS.wav,64.0,71.0,7.0,अब क्रमशः cost और spent के नीचे घटकों का कुल जोड़ निकालें,hi,rvc,rvc_539354_01454.wav,5654
1455,539354,445718,train,445718_H6Z2BkcyVtiuiN7A_0089,${DATA_ROOT}/raw/mucs2021/train/H6Z2BkcyVtiuiN7A.wav,523.0,530.0,7.0,उत्तर 800 प्रदर्शित होता है जोकि column में मध्य कीमत है,hi,rvc,rvc_539354_01455.wav,5655
1456,539354,457295,train,457295_WgzliDtK6Htff0g2_0093,${DATA_ROOT}/raw/mucs2021/train/WgzliDtK6Htff0g2.wav,441.0,445.0,4.0,box text box चुनें और delete की दबाएँ,hi,rvc,rvc_539354_01456.wav,5656
1457,539354,539226,train,539226_vZGSoJPH1tbvsyCa_0002,${DATA_ROOT}/raw/mucs2021/train/vZGSoJPH1tbvsyCa.wav,14.0,24.0,10.0,पिछले भाग में आपने देखा था कि मैंने खुद को डेटाबेस में रजिस्टर कर लिया था सब कुछ ठीक सही किया था और मैं यहाँ लॉगिन स्क्रीन पर हूँ,hi,rvc,rvc_539354_01457.wav,5657
1458,539354,541304,train,541304_cyhxRWI0LoKYZvcw_0001,${DATA_ROOT}/raw/mucs2021/train/cyhxRWI0LoKYZvcw.wav,3.0,9.0,6.0,इस tutorial में हम libreoffice में simple forms के बारे में सीखेंगे,hi,rvc,rvc_539354_01458.wav,5658
1459,539354,584991,train,584991_1ijxO93RTIJh2Rzv_0081,${DATA_ROOT}/raw/mucs2021/train/1ijxO93RTIJh2Rzv.wav,424.0,427.0,3.0,impress में मौजूद लेआउट्स प्रदर्शित होते हैं,hi,rvc,rvc_539354_01459.wav,5659
1460,539354,634568,train,634568_jCgweujQVV5haVF1_0089,${DATA_ROOT}/raw/mucs2021/train/jCgweujQVV5haVF1.wav,461.0,471.0,10.0,इस mission पर अधिक जानकारी के लिए उपलब्ध लिंक पर संपर्क करेंspoken hyphen tutorial dot org slash nmeict hyphen intro,hi,rvc,rvc_539354_01460.wav,5660
1461,539354,705494,train,705494_fZcxLszRnIHxmVQp_0004,${DATA_ROOT}/raw/mucs2021/train/fZcxLszRnIHxmVQp.wav,26.0,32.0,6.0,slides pane से potential alternatives थंबनेल पर click करें,hi,rvc,rvc_539354_01461.wav,5661
1462,539354,797767,train,797767_TRInoJRJxAX3qv5C_0009,${DATA_ROOT}/raw/mucs2021/train/TRInoJRJxAX3qv5C.wav,63.0,70.0,7.0,अब क्रमशः cost और spent के नीचे घटकों का कुल जोड़ निकालें,hi,rvc,rvc_539354_01462.wav,5662
1463,539354,850754,train,850754_wOTMMvC3WQ5YQRAF_0084,${DATA_ROOT}/raw/mucs2021/train/wOTMMvC3WQ5YQRAF.wav,685.0,692.0,7.0,serial number heading वाली row को चुनें और डिलीट करें sheet को फिर से नाम दें department sheet,hi,rvc,rvc_539354_01463.wav,5663
1464,539354,870582,train,870582_crdH0AI5aH25bEXe_0010,${DATA_ROOT}/raw/mucs2021/train/crdH0AI5aH25bEXe.wav,52.0,59.0,7.0,अतः write और हम mysql query फंक्शनfuction उपयोग करेंगे,hi,rvc,rvc_539354_01464.wav,5664
1465,539354,876898,train,876898_RyQSvr4r4iAMTYXq_0084,${DATA_ROOT}/raw/mucs2021/train/RyQSvr4r4iAMTYXq.wav,505.0,510.0,5.0,हैडिंग्स को नीलाब्लू बैकग्राउंड कलर दें,hi,rvc,rvc_539354_01465.wav,5665
1466,539354,893273,train,893273_8xh3ZKpPy5YhAnKX_0026,${DATA_ROOT}/raw/mucs2021/train/8xh3ZKpPy5YhAnKX.wav,109.0,121.0,12.0,create a new wordlist विंडो में learn to type टाइप करें ok पर क्लिक करें,hi,rvc,rvc_539354_01466.wav,5666
1467,539354,903756,train,903756_K3X6AGezGWAoDe1q_0093,${DATA_ROOT}/raw/mucs2021/train/K3X6AGezGWAoDe1q.wav,703.0,707.0,4.0,कैसे sql view में queries बनाएँ,hi,rvc,rvc_539354_01467.wav,5667
1468,539354,912184,train,912184_V11NDc0lxudGbWQU_0009,${DATA_ROOT}/raw/mucs2021/train/V11NDc0lxudGbWQU.wav,58.0,61.0,3.0,यह एक html फॉर्म होगा अतः हमें अपने टैग्स को शुरू और अंत करने की आवश्यकता है,hi,rvc,rvc_539354_01468.wav,5668
1469,539354,975912,train,975912_1eNS3GaW1oHHurL4_0025,${DATA_ROOT}/raw/mucs2021/train/1eNS3GaW1oHHurL4.wav,185.0,192.0,7.0,और वेरिएबल नेम है smtp,hi,rvc,rvc_539354_01469.wav,5669
1470,539354,987461,train,987461_LSRBJiHdUoHm4BTI_0032,${DATA_ROOT}/raw/mucs2021/train/LSRBJiHdUoHm4BTI.wav,248.0,256.0,8.0,अपना पुराना पासवर्ड और नया पासवर्ड चेक करना एक सरल if स्टेटमेंट है,hi,rvc,rvc_539354_01470.wav,5670
1471,539354,996368,train,996368_n4ACC4gnqW0IM1wW_0080,${DATA_ROOT}/raw/mucs2021/train/n4ACC4gnqW0IM1wW.wav,591.0,599.0,8.0,संकेत:कृपया conversion of excel data to marc 21 format ट्यूटोरियल देखें,hi,rvc,rvc_539354_01471.wav,5671
1472,539354,106718,train,106718_vE1rhq3ojNKZvQNv_0091,${DATA_ROOT}/raw/mucs2021/train/vE1rhq3ojNKZvQNv.wav,409.0,413.0,4.0,अब दूसरे बुनियादी सहायकalign toolbar पर जाएँ,hi,rvc,rvc_539354_01472.wav,5672
1473,539354,142970,train,142970_DP5j8CLDeL6HHHSX_0092,${DATA_ROOT}/raw/mucs2021/train/DP5j8CLDeL6HHHSX.wav,510.0,518.0,8.0,अच्छा तो समय की कमी है इसलिए विडियो यहीं रोक देते हैं अन्य फंक्शंस के लिए एक दूसरा भाग है कृपया उसे देखें,hi,rvc,rvc_539354_01473.wav,5673
1474,539354,177570,train,177570_jSNK2zDaIvyZsMZp_0094,${DATA_ROOT}/raw/mucs2021/train/jSNK2zDaIvyZsMZp.wav,419.0,422.0,3.0,double quote quote single quote,hi,rvc,rvc_539354_01474.wav,5674
1475,539354,186783,train,186783_LFpbaXkb8HuQ6DnF_0022,${DATA_ROOT}/raw/mucs2021/train/LFpbaXkb8HuQ6DnF.wav,161.0,165.0,4.0,ध्यान दें कि इनपुट टेक्स्ट नये रंग में आ गया है,hi,rvc,rvc_539354_01475.wav,5675
1476,539354,205240,train,205240_F4KjmwYhWvnpSE0m_0005,${DATA_ROOT}/raw/mucs2021/train/F4KjmwYhWvnpSE0m.wav,36.0,44.0,8.0,यह  update है  अतः मैं  update users लिख रहा हूँ जो आप देख सकते हैं कि हमारी टेबल है – अतः अपनी users टेबल को अपडेट करने के लिए,hi,rvc,rvc_539354_01476.wav,5676
1477,539354,322882,train,322882_XTscbPr78nzuHhuu_0089,${DATA_ROOT}/raw/mucs2021/train/XTscbPr78nzuHhuu.wav,569.0,581.0,12.0,document के optimal के साथ ही साथ variable view के लिए zoom option का उपयोग करें variable value 50%  set करें और फिर document देखें,hi,rvc,rvc_539354_01477.wav,5677
1478,539354,413057,train,413057_aKSsdMqkPfUWyYeS_0010,${DATA_ROOT}/raw/mucs2021/train/aKSsdMqkPfUWyYeS.wav,71.0,84.0,13.0,c9 उल्लिखित cell पर click करें और formula is equal to sum और कोष्ठकों के अंदर c3 colon c7 टाइप करें,hi,rvc,rvc_539354_01478.wav,5678
1479,539354,445718,train,445718_H6Z2BkcyVtiuiN7A_0090,${DATA_ROOT}/raw/mucs2021/train/H6Z2BkcyVtiuiN7A.wav,530.0,538.0,8.0,इसी प्रकार से आप data पर अन्य statistical functions इस्तेमाल कर सकते हैं और तदनुसार विश्लेषण कर सकते हैं,hi,rvc,rvc_539354_01479.wav,5679
1480,539354,457295,train,457295_WgzliDtK6Htff0g2_0094,${DATA_ROOT}/raw/mucs2021/train/WgzliDtK6Htff0g2.wav,445.0,448.0,3.0,author name फाइल डिलीट करें,hi,rvc,rvc_539354_01480.wav,5680
1481,539354,539226,train,539226_vZGSoJPH1tbvsyCa_0003,${DATA_ROOT}/raw/mucs2021/train/vZGSoJPH1tbvsyCa.wav,24.0,33.0,9.0,देखते हैं यदि मैं लॉगिन कर सकता हूँ लिखते हैं username alex है और मेरा पासवर्ड वह पासवर्ड जो मैंने इस्तेमाल किया था,hi,rvc,rvc_539354_01481.wav,5681
1482,539354,541304,train,541304_cyhxRWI0LoKYZvcw_0002,${DATA_ROOT}/raw/mucs2021/train/cyhxRWI0LoKYZvcw.wav,9.0,12.0,3.0,यहाँ हम निम्न सीखेंगे,hi,rvc,rvc_539354_01482.wav,5682
1483,539354,584991,train,584991_1ijxO93RTIJh2Rzv_0082,${DATA_ROOT}/raw/mucs2021/train/1ijxO93RTIJh2Rzv.wav,427.0,436.0,9.0,लेआउट thumbnails देखें यह आपको लेआउट लागू करने के बाद slide कैसे दिखाई देगी है इसकी जानकारी देता है,hi,rvc,rvc_539354_01483.wav,5683
1484,539354,634568,train,634568_jCgweujQVV5haVF1_0090,${DATA_ROOT}/raw/mucs2021/train/jCgweujQVV5haVF1.wav,471.0,477.49,6.49,आई आई टी बॉम्बे की ओर से मैं रवि कुमार अब आपसे विदा लेता हूँ हमसे जुड़ने के लिए धन्यवाद,hi,rvc,rvc_539354_01484.wav,5684
1485,539354,705494,train,705494_fZcxLszRnIHxmVQp_0005,${DATA_ROOT}/raw/mucs2021/train/fZcxLszRnIHxmVQp.wav,32.0,36.0,4.0,यह slide अब main main पर प्रदर्शित होती है,hi,rvc,rvc_539354_01485.wav,5685
1486,539354,797767,train,797767_TRInoJRJxAX3qv5C_0010,${DATA_ROOT}/raw/mucs2021/train/TRInoJRJxAX3qv5C.wav,70.0,82.0,12.0,c9 उल्लिखित cell पर click करें और formula is equal to sum और कोष्ठकों के अंदर c3 colon c7 टाइप करें,hi,rvc,rvc_539354_01486.wav,5686
1487,539354,850754,train,850754_wOTMMvC3WQ5YQRAF_0085,${DATA_ROOT}/raw/mucs2021/train/wOTMMvC3WQ5YQRAF.wav,692.0,696.0,4.0,निम्न link पर उपलब्ध video देखें,hi,rvc,rvc_539354_01487.wav,5687
1488,539354,870582,train,870582_crdH0AI5aH25bEXe_0012,${DATA_ROOT}/raw/mucs2021/train/crdH0AI5aH25bEXe.wav,61.0,66.0,5.0,इसे करने के लिए डेटा को भीतर डालने के लिए हम insert टाइप करेंगे,hi,rvc,rvc_539354_01488.wav,5688
1489,539354,876898,train,876898_RyQSvr4r4iAMTYXq_0085,${DATA_ROOT}/raw/mucs2021/train/RyQSvr4r4iAMTYXq.wav,510.0,516.0,6.0,automatic wrapping का उपयोग करके text type करेंthis is a department spreadsheet,hi,rvc,rvc_539354_01489.wav,5689
1490,539354,893273,train,893273_8xh3ZKpPy5YhAnKX_0027,${DATA_ROOT}/raw/mucs2021/train/8xh3ZKpPy5YhAnKX.wav,121.0,124.0,3.0,word list editor विंडो प्रदर्शित होती है,hi,rvc,rvc_539354_01490.wav,5690
1491,539354,903756,train,903756_K3X6AGezGWAoDe1q_0096,${DATA_ROOT}/raw/mucs2021/train/K3X6AGezGWAoDe1q.wav,711.0,714.0,3.0,aggregate functions का इस्तेमाल कैसे करें,hi,rvc,rvc_539354_01491.wav,5691
1492,539354,912184,train,912184_V11NDc0lxudGbWQU_0010,${DATA_ROOT}/raw/mucs2021/train/V11NDc0lxudGbWQU.wav,61.0,74.0,13.0,हमारा actionएक्शनmysql dot php होगा और method post होगा,hi,rvc,rvc_539354_01492.wav,5692
1493,539354,975912,train,975912_1eNS3GaW1oHHurL4_0026,${DATA_ROOT}/raw/mucs2021/train/1eNS3GaW1oHHurL4.wav,192.0,196.0,4.0,अतः हम अपनी php dot ini फाइल में इस लाइन को एडिट कर रहे हैं,hi,rvc,rvc_539354_01493.wav,5693
1494,539354,987461,train,987461_LSRBJiHdUoHm4BTI_0033,${DATA_ROOT}/raw/mucs2021/train/LSRBJiHdUoHm4BTI.wav,256.0,265.0,9.0,डेटाबेस में टाइप करें if the old password is equal to the old password,hi,rvc,rvc_539354_01494.wav,5694
1495,539354,996368,train,996368_n4ACC4gnqW0IM1wW_0081,${DATA_ROOT}/raw/mucs2021/train/n4ACC4gnqW0IM1wW.wav,599.0,605.0,6.0,निम्नलिखित link पर video spoken tutorial project का सारांश देता है कृपया इसे डाउनलोड करें और देखें,hi,rvc,rvc_539354_01495.wav,5695
1496,539354,106718,train,106718_vE1rhq3ojNKZvQNv_0092,${DATA_ROOT}/raw/mucs2021/train/vE1rhq3ojNKZvQNv.wav,413.0,421.0,8.0,हम align toolbar का उपयोग चुनित object को दायें बायें ऊपर नीचे और centre में पंक्तिबद्ध करने के लिए करते हैं,hi,rvc,rvc_539354_01496.wav,5696
1497,539354,142970,train,142970_DP5j8CLDeL6HHHSX_0093,${DATA_ROOT}/raw/mucs2021/train/DP5j8CLDeL6HHHSX.wav,518.0,523.84,5.84,आपसे फिर मिलेंगे यह स्क्रिप्ट सकीना शेख द्वारा अनुवादित है तथा आईआईटी बॉम्बे की ओर से मैं रवि कुमार आपसे विदा लेता हूँ धन्यवाद,hi,rvc,rvc_539354_01497.wav,5697
1498,539354,177570,train,177570_jSNK2zDaIvyZsMZp_0095,${DATA_ROOT}/raw/mucs2021/train/jSNK2zDaIvyZsMZp.wav,422.0,429.0,7.0,backslash backslash * double quote variables और commands की value को बदलता है,hi,rvc,rvc_539354_01498.wav,5698
1499,539354,186783,train,186783_LFpbaXkb8HuQ6DnF_0023,${DATA_ROOT}/raw/mucs2021/train/LFpbaXkb8HuQ6DnF.wav,165.0,170.0,5.0,इस टेक्स्ट पर माउस धुमाएँ आप मैसेज देखेंगे,hi,rvc,rvc_539354_01499.wav,5699
1500,539354,205240,train,205240_F4KjmwYhWvnpSE0m_0006,${DATA_ROOT}/raw/mucs2021/train/F4KjmwYhWvnpSE0m.wav,44.0,51.0,7.0,मैं set password equal to new password लिखूँगा,hi,rvc,rvc_539354_01500.wav,5700
