filepath,label,language,speaker,source,tool,condition,split
${DATA_ROOT}/clips/111627_bYPRSx2sjXooUdv8_0000.wav,bonafide,hi-en,111627,mucs2021,none,channel_g711_20db,eval
${DATA_ROOT}/clips/111627_bYPRSx2sjXooUdv8_0001.wav,bonafide,hi-en,111627,mucs2021,none,channel_g711_20db,eval
${DATA_ROOT}/clips/111627_bYPRSx2sjXooUdv8_0002.wav,bonafide,hi-en,111627,mucs2021,none,channel_g711_20db,eval
${DATA_ROOT}/clips/111627_bYPRSx2sjXooUdv8_0003.wav,bonafide,hi-en,111627,mucs2021,none,channel_g711_20db,eval
${DATA_ROOT}/clips/111627_bYPRSx2sjXooUdv8_0004.wav,bonafide,hi-en,111627,mucs2021,none,channel_g711_20db,eval
${DATA_ROOT}/clips/111627_bYPRSx2sjXooUdv8_0005.wav,bonafide,hi-en,111627,mucs2021,none,channel_g711_20db,eval
${DATA_ROOT}/clips/111627_bYPRSx2sjXooUdv8_0006.wav,bonafide,hi-en,111627,mucs2021,none,channel_g711_20db,eval
${DATA_ROOT}/clips/111627_bYPRSx2sjXooUdv8_0007.wav,bonafide,hi-en,111627,mucs2021,none,channel_g711_20db,eval
${DATA_ROOT}/clips/111627_bYPRSx2sjXooUdv8_0008.wav,bonafide,hi-en,111627,mucs2021,none,channel_g711_20db,eval
${DATA_ROOT}/clips/111627_bYPRSx2sjXooUdv8_0009.wav,bonafide,hi-en,111627,mucs2021,none,channel_g711_20db,eval
${DATA_ROOT}/clips/111627_bYPRSx2sjXooUdv8_0010.wav,bonafide,hi-en,111627,mucs2021,none,channel_g711_20db,eval
${DATA_ROOT}/clips/111627_bYPRSx2sjXooUdv8_0011.wav,bonafide,hi-en,111627,mucs2021,none,channel_g711_20db,eval
${DATA_ROOT}/clips/111627_bYPRSx2sjXooUdv8_0012.wav,bonafide,hi-en,111627,mucs2021,none,channel_g711_20db,eval
${DATA_ROOT}/clips/111627_bYPRSx2sjXooUdv8_0013.wav,bonafide,hi-en,111627,mucs2021,none,channel_g711_20db,eval
${DATA_ROOT}/clips/111627_bYPRSx2sjXooUdv8_0014.wav,bonafide,hi-en,111627,mucs2021,none,channel_g711_20db,eval
${DATA_ROOT}/clips/111627_bYPRSx2sjXooUdv8_0015.wav,bonafide,hi-en,111627,mucs2021,none,channel_g711_20db,eval
${DATA_ROOT}/clips/111627_bYPRSx2sjXooUdv8_0016.wav,bonafide,hi-en,111627,mucs2021,none,channel_g711_20db,eval
${DATA_ROOT}/clips/111627_bYPRSx2sjXooUdv8_0017.wav,bonafide,hi-en,111627,mucs2021,none,channel_g711_20db,eval
${DATA_ROOT}/clips/111627_bYPRSx2sjXooUdv8_0018.wav,bonafide,hi-en,111627,mucs2021,none,channel_g711_20db,eval
${DATA_ROOT}/clips/111627_bYPRSx2sjXooUdv8_0019.wav,bonafide,hi-en,111627,mucs2021,none,channel_g711_20db,eval
${DATA_ROOT}/clips/111627_bYPRSx2sjXooUdv8_0020.wav,bonafide,hi-en,111627,mucs2021,none,channel_g711_20db,eval
${DATA_ROOT}/clips/111627_bYPRSx2sjXooUdv8_0021.wav,bonafide,hi-en,111627,mucs2021,none,channel_g711_20db,eval
${DATA_ROOT}/clips/111627_bYPRSx2sjXooUdv8_0022.wav,bonafide,hi-en,111627,mucs2021,none,channel_g711_20db,eval
${DATA_ROOT}/clips/111627_bYPRSx2sjXooUdv8_0023.wav,bonafide,hi-en,111627,mucs2021,none,channel_g711_20db,eval
${DATA_ROOT}/clips/111627_bYPRSx2sjXooUdv8_0024.wav,bonafide,hi-en,111627,mucs2021,none,channel_g711_20db,eval
${DATA_ROOT}/clips/111627_bYPRSx2sjXooUdv8_0025.wav,bonafide,hi-en,111627,mucs2021,none,channel_g711_20db,eval
${DATA_ROOT}/clips/111627_bYPRSx2sjXooUdv8_0026.wav,bonafide,hi-en,111627,mucs2021,none,channel_g711_20db,eval
${DATA_ROOT}/clips/111627_bYPRSx2sjXooUdv8_0027.wav,bonafide,hi-en,111627,mucs2021,none,channel_g711_20db,eval
${DATA_ROOT}/clips/111627_bYPRSx2sjXooUdv8_0028.wav,bonafide,hi-en,111627,mucs2021,none,channel_g711_20db,eval
${DATA_ROOT}/clips/111627_bYPRSx2sjXooUdv8_0029.wav,bonafide,hi-en,111627,mucs2021,none,channel_g711_20db,eval
${DATA_ROOT}/clips/111627_bYPRSx2sjXooUdv8_0030.wav,bonafide,hi-en,111627,mucs2021,none,channel_g711_20db,eval
${DATA_ROOT}/clips/111627_bYPRSx2sjXooUdv8_0031.wav,bonafide,hi-en,111627,mucs2021,none,channel_g711_20db,eval
${DATA_ROOT}/clips/111627_bYPRSx2sjXooUdv8_0032.wav,bonafide,hi-en,111627,mucs2021,none,channel_g711_20db,eval
${DATA_ROOT}/clips/111627_bYPRSx2sjXooUdv8_0033.wav,bonafide,hi-en,111627,mucs2021,none,channel_g711_20db,eval
${DATA_ROOT}/clips/111627_bYPRSx2sjXooUdv8_0034.wav,bonafide,hi-en,111627,mucs2021,none,channel_g711_20db,eval
${DATA_ROOT}/clips/111627_bYPRSx2sjXooUdv8_0035.wav,bonafide,hi-en,111627,mucs2021,none,channel_g711_20db,eval
${DATA_ROOT}/clips/111627_bYPRSx2sjXooUdv8_0036.wav,bonafide,hi-en,111627,mucs2021,none,channel_g711_20db,eval
${DATA_ROOT}/clips/111627_bYPRSx2sjXooUdv8_0037.wav,bonafide,hi-en,111627,mucs2021,none,channel_g711_20db,eval
${DATA_ROOT}/clips/111627_bYPRSx2sjXooUdv8_0038.wav,bonafide,hi-en,111627,mucs2021,none,channel_g711_20db,eval
${DATA_ROOT}/clips/111627_bYPRSx2sjXooUdv8_0039.wav,bonafide,hi-en,111627,mucs2021,none,channel_g711_20db,eval
${DATA_ROOT}/clips/111627_bYPRSx2sjXooUdv8_0040.wav,bonafide,hi-en,111627,mucs2021,none,channel_g711_20db,eval
${DATA_ROOT}/clips/111627_bYPRSx2sjXooUdv8_0041.wav,bonafide,hi-en,111627,mucs2021,none,channel_g711_20db,eval
${DATA_ROOT}/clips/111627_bYPRSx2sjXooUdv8_0042.wav,bonafide,hi-en,111627,mucs2021,none,channel_g711_20db,eval
${DATA_ROOT}/clips/111627_bYPRSx2sjXooUdv8_0043.wav,bonafide,hi-en,111627,mucs2021,none,channel_g711_20db,eval
${DATA_ROOT}/clips/111627_bYPRSx2sjXooUdv8_0044.wav,bonafide,hi-en,111627,mucs2021,none,channel_g711_20db,eval
${DATA_ROOT}/clips/111627_bYPRSx2sjXooUdv8_0045.wav,bonafide,hi-en,111627,mucs2021,none,channel_g711_20db,eval
${DATA_ROOT}/clips/111627_bYPRSx2sjXooUdv8_0046.wav,bonafide,hi-en,111627,mucs2021,none,channel_g711_20db,eval
${DATA_ROOT}/clips/111627_bYPRSx2sjXooUdv8_0047.wav,bonafide,hi-en,111627,mucs2021,none,channel_g711_20db,eval
${DATA_ROOT}/clips/111627_bYPRSx2sjXooUdv8_0048.wav,bonafide,hi-en,111627,mucs2021,none,channel_g711_20db,eval
${DATA_ROOT}/clips/111627_bYPRSx2sjXooUdv8_0049.wav,bonafide,hi-en,111627,mucs2021,none,channel_g711_20db,eval
${DATA_ROOT}/clips/111627_bYPRSx2sjXooUdv8_0050.wav,bonafide,hi-en,111627,mucs2021,none,channel_g711_20db,eval
${DATA_ROOT}/clips/111627_bYPRSx2sjXooUdv8_0051.wav,bonafide,hi-en,111627,mucs2021,none,channel_g711_20db,eval
${DATA_ROOT}/clips/111627_bYPRSx2sjXooUdv8_0052.wav,bonafide,hi-en,111627,mucs2021,none,channel_g711_20db,eval
${DATA_ROOT}/clips/111627_bYPRSx2sjXooUdv8_0053.wav,bonafide,hi-en,111627,mucs2021,none,channel_g711_20db,eval
${DATA_ROOT}/clips/111627_bYPRSx2sjXooUdv8_0054.wav,bonafide,hi-en,111627,mucs2021,none,channel_g711_20db,eval
${DATA_ROOT}/clips/111627_bYPRSx2sjXooUdv8_0055.wav,bonafide,hi-en,111627,mucs2021,none,channel_g711_20db,eval
${DATA_ROOT}/clips/111627_bYPRSx2sjXooUdv8_0056.wav,bonafide,hi-en,111627,mucs2021,none,channel_g711_20db,eval
${DATA_ROOT}/clips/111627_bYPRSx2sjXooUdv8_0057.wav,bonafide,hi-en,111627,mucs2021,none,channel_g711_20db,eval
${DATA_ROOT}/clips/111627_bYPRSx2sjXooUdv8_0058.wav,bonafide,hi-en,111627,mucs2021,none,channel_g711_20db,eval
${DATA_ROOT}/clips/111627_bYPRSx2sjXooUdv8_0059.wav,bonafide,hi-en,111627,mucs2021,none,channel_g711_20db,eval
${DATA_ROOT}/clips/111627_bYPRSx2sjXooUdv8_0060.wav,bonafide,hi-en,111627,mucs2021,none,channel_g711_20db,eval
${DATA_ROOT}/clips/111627_bYPRSx2sjXooUdv8_0061.wav,bonafide,hi-en,111627,mucs2021,none,channel_g711_20db,eval
${DATA_ROOT}/clips/111627_bYPRSx2sjXooUdv8_0062.wav,bonafide,hi-en,111627,mucs2021,none,channel_g711_20db,eval
${DATA_ROOT}/clips/111627_bYPRSx2sjXooUdv8_0063.wav,bonafide,hi-en,111627,mucs2021,none,channel_g711_20db,eval
${DATA_ROOT}/clips/111627_bYPRSx2sjXooUdv8_0064.wav,bonafide,hi-en,111627,mucs2021,none,channel_g711_20db,eval
${DATA_ROOT}/clips/111627_bYPRSx2sjXooUdv8_0065.wav,bonafide,hi-en,111627,mucs2021,none,channel_g711_20db,eval
${DATA_ROOT}/clips/111627_bYPRSx2sjXooUdv8_0066.wav,bonafide,hi-en,111627,mucs2021,none,channel_g711_20db,eval
${DATA_ROOT}/clips/111627_bYPRSx2sjXooUdv8_0067.wav,bonafide,hi-en,111627,mucs2021,none,channel_g711_20db,eval
${DATA_ROOT}/clips/111627_bYPRSx2sjXooUdv8_0068.wav,bonafide,hi-en,111627,mucs2021,none,channel_g711_20db,eval
${DATA_ROOT}/clips/111627_bYPRSx2sjXooUdv8_0069.wav,bonafide,hi-en,111627,mucs2021,none,channel_g711_20db,eval
${DATA_ROOT}/clips/111627_bYPRSx2sjXooUdv8_0070.wav,bonafide,hi-en,111627,mucs2021,none,channel_g711_20db,eval
${DATA_ROOT}/clips/111627_bYPRSx2sjXooUdv8_0071.wav,bonafide,hi-en,111627,mucs2021,none,channel_g711_20db,eval
${DATA_ROOT}/clips/111627_bYPRSx2sjXooUdv8_0072.wav,bonafide,hi-en,111627,mucs2021,none,channel_g711_20db,eval
${DATA_ROOT}/clips/111627_bYPRSx2sjXooUdv8_0073.wav,bonafide,hi-en,111627,mucs2021,none,channel_g711_20db,eval
${DATA_ROOT}/clips/111627_bYPRSx2sjXooUdv8_0074.wav,bonafide,hi-en,111627,mucs2021,none,channel_g711_20db,eval
${DATA_ROOT}/clips/111627_bYPRSx2sjXooUdv8_0075.wav,bonafide,hi-en,111627,mucs2021,none,channel_g711_20db,eval
${DATA_ROOT}/clips/111627_bYPRSx2sjXooUdv8_0076.wav,bonafide,hi-en,111627,mucs2021,none,channel_g711_20db,eval
${DATA_ROOT}/clips/111627_bYPRSx2sjXooUdv8_0077.wav,bonafide,hi-en,111627,mucs2021,none,channel_g711_20db,eval
${DATA_ROOT}/clips/111627_bYPRSx2sjXooUdv8_0078.wav,bonafide,hi-en,111627,mucs2021,none,channel_g711_20db,eval
${DATA_ROOT}/clips/111627_bYPRSx2sjXooUdv8_0079.wav,bonafide,hi-en,111627,mucs2021,none,channel_g711_20db,eval
${DATA_ROOT}/clips/111627_bYPRSx2sjXooUdv8_0080.wav,bonafide,hi-en,111627,mucs2021,none,channel_g711_20db,eval
${DATA_ROOT}/clips/111627_bYPRSx2sjXooUdv8_0081.wav,bonafide,hi-en,111627,mucs2021,none,channel_g711_20db,eval
${DATA_ROOT}/clips/111627_bYPRSx2sjXooUdv8_0082.wav,bonafide,hi-en,111627,mucs2021,none,channel_g711_20db,eval
${DATA_ROOT}/clips/111627_bYPRSx2sjXooUdv8_0083.wav,bonafide,hi-en,111627,mucs2021,none,channel_g711_20db,eval
${DATA_ROOT}/clips/111627_bYPRSx2sjXooUdv8_0084.wav,bonafide,hi-en,111627,mucs2021,none,channel_g711_20db,eval
${DATA_ROOT}/clips/111627_bYPRSx2sjXooUdv8_0085.wav,bonafide,hi-en,111627,mucs2021,none,channel_g711_20db,eval
${DATA_ROOT}/clips/111627_bYPRSx2sjXooUdv8_0086.wav,bonafide,hi-en,111627,mucs2021,none,channel_g711_20db,eval
${DATA_ROOT}/clips/111627_bYPRSx2sjXooUdv8_0087.wav,bonafide,hi-en,111627,mucs2021,none,channel_g711_20db,eval
${DATA_ROOT}/clips/111627_bYPRSx2sjXooUdv8_0088.wav,bonafide,hi-en,111627,mucs2021,none,channel_g711_20db,eval
${DATA_ROOT}/clips/111627_bYPRSx2sjXooUdv8_0089.wav,bonafide,hi-en,111627,mucs2021,none,channel_g711_20db,eval
${DATA_ROOT}/clips/111627_bYPRSx2sjXooUdv8_0090.wav,bonafide,hi-en,111627,mucs2021,none,channel_g711_20db,eval
${DATA_ROOT}/clips/111627_bYPRSx2sjXooUdv8_0091.wav,bonafide,hi-en,111627,mucs2021,none,channel_g711_20db,eval
${DATA_ROOT}/clips/111627_bYPRSx2sjXooUdv8_0092.wav,bonafide,hi-en,111627,mucs2021,none,channel_g711_20db,eval
${DATA_ROOT}/clips/111627_bYPRSx2sjXooUdv8_0093.wav,bonafide,hi-en,111627,mucs2021,none,channel_g711_20db,eval
${DATA_ROOT}/clips/111627_bYPRSx2sjXooUdv8_0094.wav,bonafide,hi-en,111627,mucs2021,none,channel_g711_20db,eval
${DATA_ROOT}/clips/111627_bYPRSx2sjXooUdv8_0095.wav,bonafide,hi-en,111627,mucs2021,none,channel_g711_20db,eval
${DATA_ROOT}/clips/111627_bYPRSx2sjXooUdv8_0096.wav,bonafide,hi-en,111627,mucs2021,none,channel_g711_20db,eval
${DATA_ROOT}/clips/111627_bYPRSx2sjXooUdv8_0097.wav,bonafide,hi-en,111627,mucs2021,none,channel_g711_20db,eval
${DATA_ROOT}/clips/111627_bYPRSx2sjXooUdv8_0098.wav,bonafide,hi-en,111627,mucs2021,none,channel_g711_20db,eval
${DATA_ROOT}/clips/111627_bYPRSx2sjXooUdv8_0099.wav,bonafide,hi-en,111627,mucs2021,none,channel_g711_20db,eval
${DATA_ROOT}/clips/111627_bYPRSx2sjXooUdv8_0100.wav,bonafide,hi-en,111627,mucs2021,none,channel_g711_20db,eval
${DATA_ROOT}/clips/111627_bYPRSx2sjXooUdv8_0101.wav,bonafide,hi-en,111627,mucs2021,none,channel_g711_20db,eval
${DATA_ROOT}/clips/111627_bYPRSx2sjXooUdv8_0102.wav,bonafide,hi-en,111627,mucs2021,none,channel_g711_20db,eval
${DATA_ROOT}/clips/111627_bYPRSx2sjXooUdv8_0103.wav,bonafide,hi-en,111627,mucs2021,none,channel_g711_20db,eval
${DATA_ROOT}/clips/111627_bYPRSx2sjXooUdv8_0104.wav,bonafide,hi-en,111627,mucs2021,none,channel_g711_20db,eval
${DATA_ROOT}/clips/111627_bYPRSx2sjXooUdv8_0105.wav,bonafide,hi-en,111627,mucs2021,none,channel_g711_20db,eval
${DATA_ROOT}/clips/111627_bYPRSx2sjXooUdv8_0106.wav,bonafide,hi-en,111627,mucs2021,none,channel_g711_20db,eval
${DATA_ROOT}/clips/111627_bYPRSx2sjXooUdv8_0107.wav,bonafide,hi-en,111627,mucs2021,none,channel_g711_20db,eval
${DATA_ROOT}/clips/111627_bYPRSx2sjXooUdv8_0108.wav,bonafide,hi-en,111627,mucs2021,none,channel_g711_20db,eval
${DATA_ROOT}/clips/111627_bYPRSx2sjXooUdv8_0109.wav,bonafide,hi-en,111627,mucs2021,none,channel_g711_20db,eval
${DATA_ROOT}/clips/111627_bYPRSx2sjXooUdv8_0110.wav,bonafide,hi-en,111627,mucs2021,none,channel_g711_20db,eval
${DATA_ROOT}/clips/111627_bYPRSx2sjXooUdv8_0111.wav,bonafide,hi-en,111627,mucs2021,none,channel_g711_20db,eval
${DATA_ROOT}/clips/111627_bYPRSx2sjXooUdv8_0112.wav,bonafide,hi-en,111627,mucs2021,none,channel_g711_20db,eval
${DATA_ROOT}/clips/111627_bYPRSx2sjXooUdv8_0113.wav,bonafide,hi-en,111627,mucs2021,none,channel_g711_20db,eval
${DATA_ROOT}/clips/111627_bYPRSx2sjXooUdv8_0114.wav,bonafide,hi-en,111627,mucs2021,none,channel_g711_20db,eval
${DATA_ROOT}/clips/111627_bYPRSx2sjXooUdv8_0115.wav,bonafide,hi-en,111627,mucs2021,none,channel_g711_20db,eval
${DATA_ROOT}/clips/111627_bYPRSx2sjXooUdv8_0116.wav,bonafide,hi-en,111627,mucs2021,none,channel_g711_20db,eval
${DATA_ROOT}/clips/111627_bYPRSx2sjXooUdv8_0117.wav,bonafide,hi-en,111627,mucs2021,none,channel_g711_20db,eval
${DATA_ROOT}/clips/111627_bYPRSx2sjXooUdv8_0118.wav,bonafide,hi-en,111627,mucs2021,none,channel_g711_20db,eval
${DATA_ROOT}/clips/111627_bYPRSx2sjXooUdv8_0119.wav,bonafide,hi-en,111627,mucs2021,none,channel_g711_20db,eval
${DATA_ROOT}/clips/111627_bYPRSx2sjXooUdv8_0120.wav,bonafide,hi-en,111627,mucs2021,none,channel_g711_20db,eval
${DATA_ROOT}/clips/111627_bYPRSx2sjXooUdv8_0121.wav,bonafide,hi-en,111627,mucs2021,none,channel_g711_20db,eval
${DATA_ROOT}/clips/111627_bYPRSx2sjXooUdv8_0122.wav,bonafide,hi-en,111627,mucs2021,none,channel_g711_20db,eval
${DATA_ROOT}/clips/111627_bYPRSx2sjXooUdv8_0123.wav,bonafide,hi-en,111627,mucs2021,none,channel_g711_20db,eval
${DATA_ROOT}/clips/111627_bYPRSx2sjXooUdv8_0124.wav,bonafide,hi-en,111627,mucs2021,none,channel_g711_20db,eval
${DATA_ROOT}/clips/111627_bYPRSx2sjXooUdv8_0125.wav,bonafide,hi-en,111627,mucs2021,none,channel_g711_20db,eval
${DATA_ROOT}/clips/111627_bYPRSx2sjXooUdv8_0126.wav,bonafide,hi-en,111627,mucs2021,none,channel_g711_20db,eval
${DATA_ROOT}/clips/121073_hhahrO4yUEy8GC5n_0000.wav,bonafide,hi-en,121073,mucs2021,none,channel_g711_20db,eval
${DATA_ROOT}/clips/121073_hhahrO4yUEy8GC5n_0001.wav,bonafide,hi-en,121073,mucs2021,none,channel_g711_20db,eval
${DATA_ROOT}/clips/121073_hhahrO4yUEy8GC5n_0002.wav,bonafide,hi-en,121073,mucs2021,none,channel_g711_20db,eval
${DATA_ROOT}/clips/121073_hhahrO4yUEy8GC5n_0003.wav,bonafide,hi-en,121073,mucs2021,none,channel_g711_20db,eval
${DATA_ROOT}/clips/121073_hhahrO4yUEy8GC5n_0004.wav,bonafide,hi-en,121073,mucs2021,none,channel_g711_20db,eval
${DATA_ROOT}/clips/121073_hhahrO4yUEy8GC5n_0005.wav,bonafide,hi-en,121073,mucs2021,none,channel_g711_20db,eval
${DATA_ROOT}/clips/121073_hhahrO4yUEy8GC5n_0006.wav,bonafide,hi-en,121073,mucs2021,none,channel_g711_20db,eval
${DATA_ROOT}/clips/121073_hhahrO4yUEy8GC5n_0007.wav,bonafide,hi-en,121073,mucs2021,none,channel_g711_20db,eval
${DATA_ROOT}/clips/121073_hhahrO4yUEy8GC5n_0008.wav,bonafide,hi-en,121073,mucs2021,none,channel_g711_20db,eval
${DATA_ROOT}/clips/121073_hhahrO4yUEy8GC5n_0009.wav,bonafide,hi-en,121073,mucs2021,none,channel_g711_20db,eval
${DATA_ROOT}/clips/121073_hhahrO4yUEy8GC5n_0010.wav,bonafide,hi-en,121073,mucs2021,none,channel_g711_20db,eval
${DATA_ROOT}/clips/121073_hhahrO4yUEy8GC5n_0011.wav,bonafide,hi-en,121073,mucs2021,none,channel_g711_20db,eval
${DATA_ROOT}/clips/121073_hhahrO4yUEy8GC5n_0012.wav,bonafide,hi-en,121073,mucs2021,none,channel_g711_20db,eval
${DATA_ROOT}/clips/121073_hhahrO4yUEy8GC5n_0013.wav,bonafide,hi-en,121073,mucs2021,none,channel_g711_20db,eval
${DATA_ROOT}/clips/121073_hhahrO4yUEy8GC5n_0014.wav,bonafide,hi-en,121073,mucs2021,none,channel_g711_20db,eval
${DATA_ROOT}/clips/121073_hhahrO4yUEy8GC5n_0015.wav,bonafide,hi-en,121073,mucs2021,none,channel_g711_20db,eval
${DATA_ROOT}/clips/121073_hhahrO4yUEy8GC5n_0016.wav,bonafide,hi-en,121073,mucs2021,none,channel_g711_20db,eval
${DATA_ROOT}/clips/121073_hhahrO4yUEy8GC5n_0017.wav,bonafide,hi-en,121073,mucs2021,none,channel_g711_20db,eval
${DATA_ROOT}/clips/121073_hhahrO4yUEy8GC5n_0018.wav,bonafide,hi-en,121073,mucs2021,none,channel_g711_20db,eval
${DATA_ROOT}/clips/121073_hhahrO4yUEy8GC5n_0019.wav,bonafide,hi-en,121073,mucs2021,none,channel_g711_20db,eval
${DATA_ROOT}/clips/121073_hhahrO4yUEy8GC5n_0020.wav,bonafide,hi-en,121073,mucs2021,none,channel_g711_20db,eval
${DATA_ROOT}/clips/121073_hhahrO4yUEy8GC5n_0021.wav,bonafide,hi-en,121073,mucs2021,none,channel_g711_20db,eval
${DATA_ROOT}/clips/121073_hhahrO4yUEy8GC5n_0022.wav,bonafide,hi-en,121073,mucs2021,none,channel_g711_20db,eval
${DATA_ROOT}/clips/121073_hhahrO4yUEy8GC5n_0023.wav,bonafide,hi-en,121073,mucs2021,none,channel_g711_20db,eval
${DATA_ROOT}/clips/121073_hhahrO4yUEy8GC5n_0024.wav,bonafide,hi-en,121073,mucs2021,none,channel_g711_20db,eval
${DATA_ROOT}/clips/121073_hhahrO4yUEy8GC5n_0025.wav,bonafide,hi-en,121073,mucs2021,none,channel_g711_20db,eval
${DATA_ROOT}/clips/121073_hhahrO4yUEy8GC5n_0026.wav,bonafide,hi-en,121073,mucs2021,none,channel_g711_20db,eval
${DATA_ROOT}/clips/121073_hhahrO4yUEy8GC5n_0027.wav,bonafide,hi-en,121073,mucs2021,none,channel_g711_20db,eval
${DATA_ROOT}/clips/121073_hhahrO4yUEy8GC5n_0028.wav,bonafide,hi-en,121073,mucs2021,none,channel_g711_20db,eval
${DATA_ROOT}/clips/121073_hhahrO4yUEy8GC5n_0029.wav,bonafide,hi-en,121073,mucs2021,none,channel_g711_20db,eval
${DATA_ROOT}/clips/121073_hhahrO4yUEy8GC5n_0030.wav,bonafide,hi-en,121073,mucs2021,none,channel_g711_20db,eval
${DATA_ROOT}/clips/121073_hhahrO4yUEy8GC5n_0031.wav,bonafide,hi-en,121073,mucs2021,none,channel_g711_20db,eval
${DATA_ROOT}/clips/121073_hhahrO4yUEy8GC5n_0032.wav,bonafide,hi-en,121073,mucs2021,none,channel_g711_20db,eval
${DATA_ROOT}/clips/121073_hhahrO4yUEy8GC5n_0033.wav,bonafide,hi-en,121073,mucs2021,none,channel_g711_20db,eval
${DATA_ROOT}/clips/121073_hhahrO4yUEy8GC5n_0034.wav,bonafide,hi-en,121073,mucs2021,none,channel_g711_20db,eval
${DATA_ROOT}/clips/121073_hhahrO4yUEy8GC5n_0035.wav,bonafide,hi-en,121073,mucs2021,none,channel_g711_20db,eval
${DATA_ROOT}/clips/121073_hhahrO4yUEy8GC5n_0036.wav,bonafide,hi-en,121073,mucs2021,none,channel_g711_20db,eval
${DATA_ROOT}/clips/121073_hhahrO4yUEy8GC5n_0037.wav,bonafide,hi-en,121073,mucs2021,none,channel_g711_20db,eval
${DATA_ROOT}/clips/121073_hhahrO4yUEy8GC5n_0038.wav,bonafide,hi-en,121073,mucs2021,none,channel_g711_20db,eval
${DATA_ROOT}/clips/121073_hhahrO4yUEy8GC5n_0039.wav,bonafide,hi-en,121073,mucs2021,none,channel_g711_20db,eval
${DATA_ROOT}/clips/121073_hhahrO4yUEy8GC5n_0040.wav,bonafide,hi-en,121073,mucs2021,none,channel_g711_20db,eval
${DATA_ROOT}/clips/121073_hhahrO4yUEy8GC5n_0041.wav,bonafide,hi-en,121073,mucs2021,none,channel_g711_20db,eval
${DATA_ROOT}/clips/121073_hhahrO4yUEy8GC5n_0042.wav,bonafide,hi-en,121073,mucs2021,none,channel_g711_20db,eval
${DATA_ROOT}/clips/121073_hhahrO4yUEy8GC5n_0043.wav,bonafide,hi-en,121073,mucs2021,none,channel_g711_20db,eval
${DATA_ROOT}/clips/121073_hhahrO4yUEy8GC5n_0044.wav,bonafide,hi-en,121073,mucs2021,none,channel_g711_20db,eval
${DATA_ROOT}/clips/121073_hhahrO4yUEy8GC5n_0045.wav,bonafide,hi-en,121073,mucs2021,none,channel_g711_20db,eval
${DATA_ROOT}/clips/121073_hhahrO4yUEy8GC5n_0046.wav,bonafide,hi-en,121073,mucs2021,none,channel_g711_20db,eval
${DATA_ROOT}/clips/121073_hhahrO4yUEy8GC5n_0047.wav,bonafide,hi-en,121073,mucs2021,none,channel_g711_20db,eval
${DATA_ROOT}/clips/121073_hhahrO4yUEy8GC5n_0048.wav,bonafide,hi-en,121073,mucs2021,none,channel_g711_20db,eval
${DATA_ROOT}/clips/121073_hhahrO4yUEy8GC5n_0049.wav,bonafide,hi-en,121073,mucs2021,none,channel_g711_20db,eval
${DATA_ROOT}/clips/121073_hhahrO4yUEy8GC5n_0050.wav,bonafide,hi-en,121073,mucs2021,none,channel_g711_20db,eval
${DATA_ROOT}/clips/121073_hhahrO4yUEy8GC5n_0051.wav,bonafide,hi-en,121073,mucs2021,none,channel_g711_20db,eval
${DATA_ROOT}/clips/121073_hhahrO4yUEy8GC5n_0052.wav,bonafide,hi-en,121073,mucs2021,none,channel_g711_20db,eval
${DATA_ROOT}/clips/121073_hhahrO4yUEy8GC5n_0053.wav,bonafide,hi-en,121073,mucs2021,none,channel_g711_20db,eval
${DATA_ROOT}/clips/121073_hhahrO4yUEy8GC5n_0054.wav,bonafide,hi-en,121073,mucs2021,none,channel_g711_20db,eval
${DATA_ROOT}/clips/121073_hhahrO4yUEy8GC5n_0055.wav,bonafide,hi-en,121073,mucs2021,none,channel_g711_20db,eval
${DATA_ROOT}/clips/121073_hhahrO4yUEy8GC5n_0056.wav,bonafide,hi-en,121073,mucs2021,none,channel_g711_20db,eval
${DATA_ROOT}/clips/121073_hhahrO4yUEy8GC5n_0057.wav,bonafide,hi-en,121073,mucs2021,none,channel_g711_20db,eval
${DATA_ROOT}/clips/121073_hhahrO4yUEy8GC5n_0058.wav,bonafide,hi-en,121073,mucs2021,none,channel_g711_20db,eval
${DATA_ROOT}/clips/121073_hhahrO4yUEy8GC5n_0059.wav,bonafide,hi-en,121073,mucs2021,none,channel_g711_20db,eval
${DATA_ROOT}/clips/121073_hhahrO4yUEy8GC5n_0060.wav,bonafide,hi-en,121073,mucs2021,none,channel_g711_20db,eval
${DATA_ROOT}/clips/121073_hhahrO4yUEy8GC5n_0061.wav,bonafide,hi-en,121073,mucs2021,none,channel_g711_20db,eval
${DATA_ROOT}/clips/121073_hhahrO4yUEy8GC5n_0062.wav,bonafide,hi-en,121073,mucs2021,none,channel_g711_20db,eval
${DATA_ROOT}/clips/121073_hhahrO4yUEy8GC5n_0063.wav,bonafide,hi-en,121073,mucs2021,none,channel_g711_20db,eval
${DATA_ROOT}/clips/121073_hhahrO4yUEy8GC5n_0064.wav,bonafide,hi-en,121073,mucs2021,none,channel_g711_20db,eval
${DATA_ROOT}/clips/121073_hhahrO4yUEy8GC5n_0065.wav,bonafide,hi-en,121073,mucs2021,none,channel_g711_20db,eval
${DATA_ROOT}/clips/121073_hhahrO4yUEy8GC5n_0066.wav,bonafide,hi-en,121073,mucs2021,none,channel_g711_20db,eval
${DATA_ROOT}/clips/121073_hhahrO4yUEy8GC5n_0067.wav,bonafide,hi-en,121073,mucs2021,none,channel_g711_20db,eval
${DATA_ROOT}/clips/121073_hhahrO4yUEy8GC5n_0068.wav,bonafide,hi-en,121073,mucs2021,none,channel_g711_20db,eval
${DATA_ROOT}/clips/121073_hhahrO4yUEy8GC5n_0069.wav,bonafide,hi-en,121073,mucs2021,none,channel_g711_20db,eval
${DATA_ROOT}/clips/121073_hhahrO4yUEy8GC5n_0070.wav,bonafide,hi-en,121073,mucs2021,none,channel_g711_20db,eval
${DATA_ROOT}/clips/121073_hhahrO4yUEy8GC5n_0071.wav,bonafide,hi-en,121073,mucs2021,none,channel_g711_20db,eval
${DATA_ROOT}/clips/121073_hhahrO4yUEy8GC5n_0072.wav,bonafide,hi-en,121073,mucs2021,none,channel_g711_20db,eval
${DATA_ROOT}/clips/121073_hhahrO4yUEy8GC5n_0073.wav,bonafide,hi-en,121073,mucs2021,none,channel_g711_20db,eval
${DATA_ROOT}/clips/121073_hhahrO4yUEy8GC5n_0074.wav,bonafide,hi-en,121073,mucs2021,none,channel_g711_20db,eval
${DATA_ROOT}/clips/121073_hhahrO4yUEy8GC5n_0075.wav,bonafide,hi-en,121073,mucs2021,none,channel_g711_20db,eval
${DATA_ROOT}/clips/121073_hhahrO4yUEy8GC5n_0076.wav,bonafide,hi-en,121073,mucs2021,none,channel_g711_20db,eval
${DATA_ROOT}/clips/121073_hhahrO4yUEy8GC5n_0077.wav,bonafide,hi-en,121073,mucs2021,none,channel_g711_20db,eval
${DATA_ROOT}/clips/121073_hhahrO4yUEy8GC5n_0078.wav,bonafide,hi-en,121073,mucs2021,none,channel_g711_20db,eval
${DATA_ROOT}/clips/136325_9qNmHPrUpNLAykHf_0000.wav,bonafide,hi-en,136325,mucs2021,none,channel_g711_20db,eval
${DATA_ROOT}/clips/136325_9qNmHPrUpNLAykHf_0001.wav,bonafide,hi-en,136325,mucs2021,none,channel_g711_20db,eval
${DATA_ROOT}/clips/136325_9qNmHPrUpNLAykHf_0002.wav,bonafide,hi-en,136325,mucs2021,none,channel_g711_20db,eval
${DATA_ROOT}/clips/136325_9qNmHPrUpNLAykHf_0003.wav,bonafide,hi-en,136325,mucs2021,none,channel_g711_20db,eval
${DATA_ROOT}/clips/136325_9qNmHPrUpNLAykHf_0004.wav,bonafide,hi-en,136325,mucs2021,none,channel_g711_20db,eval
${DATA_ROOT}/clips/136325_9qNmHPrUpNLAykHf_0005.wav,bonafide,hi-en,136325,mucs2021,none,channel_g711_20db,eval
${DATA_ROOT}/clips/136325_9qNmHPrUpNLAykHf_0006.wav,bonafide,hi-en,136325,mucs2021,none,channel_g711_20db,eval
${DATA_ROOT}/clips/136325_9qNmHPrUpNLAykHf_0007.wav,bonafide,hi-en,136325,mucs2021,none,channel_g711_20db,eval
${DATA_ROOT}/clips/136325_9qNmHPrUpNLAykHf_0008.wav,bonafide,hi-en,136325,mucs2021,none,channel_g711_20db,eval
${DATA_ROOT}/clips/136325_9qNmHPrUpNLAykHf_0009.wav,bonafide,hi-en,136325,mucs2021,none,channel_g711_20db,eval
${DATA_ROOT}/clips/136325_9qNmHPrUpNLAykHf_0010.wav,bonafide,hi-en,136325,mucs2021,none,channel_g711_20db,eval
${DATA_ROOT}/clips/136325_9qNmHPrUpNLAykHf_0011.wav,bonafide,hi-en,136325,mucs2021,none,channel_g711_20db,eval
${DATA_ROOT}/clips/136325_9qNmHPrUpNLAykHf_0012.wav,bonafide,hi-en,136325,mucs2021,none,channel_g711_20db,eval
${DATA_ROOT}/clips/136325_9qNmHPrUpNLAykHf_0013.wav,bonafide,hi-en,136325,mucs2021,none,channel_g711_20db,eval
${DATA_ROOT}/clips/136325_9qNmHPrUpNLAykHf_0014.wav,bonafide,hi-en,136325,mucs2021,none,channel_g711_20db,eval
${DATA_ROOT}/clips/136325_9qNmHPrUpNLAykHf_0015.wav,bonafide,hi-en,136325,mucs2021,none,channel_g711_20db,eval
${DATA_ROOT}/clips/136325_9qNmHPrUpNLAykHf_0016.wav,bonafide,hi-en,136325,mucs2021,none,channel_g711_20db,eval
${DATA_ROOT}/clips/136325_9qNmHPrUpNLAykHf_0017.wav,bonafide,hi-en,136325,mucs2021,none,channel_g711_20db,eval
${DATA_ROOT}/clips/136325_9qNmHPrUpNLAykHf_0018.wav,bonafide,hi-en,136325,mucs2021,none,channel_g711_20db,eval
${DATA_ROOT}/clips/136325_9qNmHPrUpNLAykHf_0019.wav,bonafide,hi-en,136325,mucs2021,none,channel_g711_20db,eval
${DATA_ROOT}/clips/136325_9qNmHPrUpNLAykHf_0020.wav,bonafide,hi-en,136325,mucs2021,none,channel_g711_20db,eval
${DATA_ROOT}/clips/136325_9qNmHPrUpNLAykHf_0021.wav,bonafide,hi-en,136325,mucs2021,none,channel_g711_20db,eval
${DATA_ROOT}/clips/136325_9qNmHPrUpNLAykHf_0022.wav,bonafide,hi-en,136325,mucs2021,none,channel_g711_20db,eval
${DATA_ROOT}/clips/136325_9qNmHPrUpNLAykHf_0023.wav,bonafide,hi-en,136325,mucs2021,none,channel_g711_20db,eval
${DATA_ROOT}/clips/136325_9qNmHPrUpNLAykHf_0024.wav,bonafide,hi-en,136325,mucs2021,none,channel_g711_20db,eval
${DATA_ROOT}/clips/136325_9qNmHPrUpNLAykHf_0025.wav,bonafide,hi-en,136325,mucs2021,none,channel_g711_20db,eval
${DATA_ROOT}/clips/136325_9qNmHPrUpNLAykHf_0026.wav,bonafide,hi-en,136325,mucs2021,none,channel_g711_20db,eval
${DATA_ROOT}/clips/136325_9qNmHPrUpNLAykHf_0027.wav,bonafide,hi-en,136325,mucs2021,none,channel_g711_20db,eval
${DATA_ROOT}/clips/136325_9qNmHPrUpNLAykHf_0028.wav,bonafide,hi-en,136325,mucs2021,none,channel_g711_20db,eval
${DATA_ROOT}/clips/136325_9qNmHPrUpNLAykHf_0029.wav,bonafide,hi-en,136325,mucs2021,none,channel_g711_20db,eval
${DATA_ROOT}/clips/136325_9qNmHPrUpNLAykHf_0030.wav,bonafide,hi-en,136325,mucs2021,none,channel_g711_20db,eval
${DATA_ROOT}/clips/136325_9qNmHPrUpNLAykHf_0031.wav,bonafide,hi-en,136325,mucs2021,none,channel_g711_20db,eval
${DATA_ROOT}/clips/136325_9qNmHPrUpNLAykHf_0032.wav,bonafide,hi-en,136325,mucs2021,none,channel_g711_20db,eval
${DATA_ROOT}/clips/136325_9qNmHPrUpNLAykHf_0033.wav,bonafide,hi-en,136325,mucs2021,none,channel_g711_20db,eval
${DATA_ROOT}/clips/136325_9qNmHPrUpNLAykHf_0034.wav,bonafide,hi-en,136325,mucs2021,none,channel_g711_20db,eval
${DATA_ROOT}/clips/136325_9qNmHPrUpNLAykHf_0035.wav,bonafide,hi-en,136325,mucs2021,none,channel_g711_20db,eval
${DATA_ROOT}/clips/136325_9qNmHPrUpNLAykHf_0036.wav,bonafide,hi-en,136325,mucs2021,none,channel_g711_20db,eval
${DATA_ROOT}/clips/136325_9qNmHPrUpNLAykHf_0037.wav,bonafide,hi-en,136325,mucs2021,none,channel_g711_20db,eval
${DATA_ROOT}/clips/136325_9qNmHPrUpNLAykHf_0038.wav,bonafide,hi-en,136325,mucs2021,none,channel_g711_20db,eval
${DATA_ROOT}/clips/136325_9qNmHPrUpNLAykHf_0039.wav,bonafide,hi-en,136325,mucs2021,none,channel_g711_20db,eval
${DATA_ROOT}/clips/136325_9qNmHPrUpNLAykHf_0040.wav,bonafide,hi-en,136325,mucs2021,none,channel_g711_20db,eval
${DATA_ROOT}/clips/136325_9qNmHPrUpNLAykHf_0041.wav,bonafide,hi-en,136325,mucs2021,none,channel_g711_20db,eval
${DATA_ROOT}/clips/136325_9qNmHPrUpNLAykHf_0042.wav,bonafide,hi-en,136325,mucs2021,none,channel_g711_20db,eval
${DATA_ROOT}/clips/136325_9qNmHPrUpNLAykHf_0043.wav,bonafide,hi-en,136325,mucs2021,none,channel_g711_20db,eval
${DATA_ROOT}/clips/136325_9qNmHPrUpNLAykHf_0044.wav,bonafide,hi-en,136325,mucs2021,none,channel_g711_20db,eval
${DATA_ROOT}/clips/136325_9qNmHPrUpNLAykHf_0045.wav,bonafide,hi-en,136325,mucs2021,none,channel_g711_20db,eval
${DATA_ROOT}/clips/136325_9qNmHPrUpNLAykHf_0046.wav,bonafide,hi-en,136325,mucs2021,none,channel_g711_20db,eval
${DATA_ROOT}/clips/136325_9qNmHPrUpNLAykHf_0047.wav,bonafide,hi-en,136325,mucs2021,none,channel_g711_20db,eval
${DATA_ROOT}/clips/136325_9qNmHPrUpNLAykHf_0048.wav,bonafide,hi-en,136325,mucs2021,none,channel_g711_20db,eval
${DATA_ROOT}/clips/136325_9qNmHPrUpNLAykHf_0049.wav,bonafide,hi-en,136325,mucs2021,none,channel_g711_20db,eval
${DATA_ROOT}/clips/136325_9qNmHPrUpNLAykHf_0050.wav,bonafide,hi-en,136325,mucs2021,none,channel_g711_20db,eval
${DATA_ROOT}/clips/136325_9qNmHPrUpNLAykHf_0051.wav,bonafide,hi-en,136325,mucs2021,none,channel_g711_20db,eval
${DATA_ROOT}/clips/136325_9qNmHPrUpNLAykHf_0052.wav,bonafide,hi-en,136325,mucs2021,none,channel_g711_20db,eval
${DATA_ROOT}/clips/136325_9qNmHPrUpNLAykHf_0053.wav,bonafide,hi-en,136325,mucs2021,none,channel_g711_20db,eval
${DATA_ROOT}/clips/136325_9qNmHPrUpNLAykHf_0054.wav,bonafide,hi-en,136325,mucs2021,none,channel_g711_20db,eval
${DATA_ROOT}/clips/136325_9qNmHPrUpNLAykHf_0055.wav,bonafide,hi-en,136325,mucs2021,none,channel_g711_20db,eval
${DATA_ROOT}/clips/136325_9qNmHPrUpNLAykHf_0056.wav,bonafide,hi-en,136325,mucs2021,none,channel_g711_20db,eval
${DATA_ROOT}/clips/136325_9qNmHPrUpNLAykHf_0057.wav,bonafide,hi-en,136325,mucs2021,none,channel_g711_20db,eval
${DATA_ROOT}/clips/136325_9qNmHPrUpNLAykHf_0058.wav,bonafide,hi-en,136325,mucs2021,none,channel_g711_20db,eval
${DATA_ROOT}/clips/136325_9qNmHPrUpNLAykHf_0059.wav,bonafide,hi-en,136325,mucs2021,none,channel_g711_20db,eval
${DATA_ROOT}/clips/136325_9qNmHPrUpNLAykHf_0060.wav,bonafide,hi-en,136325,mucs2021,none,channel_g711_20db,eval
${DATA_ROOT}/clips/136325_9qNmHPrUpNLAykHf_0061.wav,bonafide,hi-en,136325,mucs2021,none,channel_g711_20db,eval
${DATA_ROOT}/clips/136325_9qNmHPrUpNLAykHf_0062.wav,bonafide,hi-en,136325,mucs2021,none,channel_g711_20db,eval
${DATA_ROOT}/clips/136325_9qNmHPrUpNLAykHf_0063.wav,bonafide,hi-en,136325,mucs2021,none,channel_g711_20db,eval
${DATA_ROOT}/clips/136325_9qNmHPrUpNLAykHf_0064.wav,bonafide,hi-en,136325,mucs2021,none,channel_g711_20db,eval
${DATA_ROOT}/clips/136325_9qNmHPrUpNLAykHf_0065.wav,bonafide,hi-en,136325,mucs2021,none,channel_g711_20db,eval
${DATA_ROOT}/clips/136325_9qNmHPrUpNLAykHf_0066.wav,bonafide,hi-en,136325,mucs2021,none,channel_g711_20db,eval
${DATA_ROOT}/clips/136325_9qNmHPrUpNLAykHf_0067.wav,bonafide,hi-en,136325,mucs2021,none,channel_g711_20db,eval
${DATA_ROOT}/clips/136325_9qNmHPrUpNLAykHf_0068.wav,bonafide,hi-en,136325,mucs2021,none,channel_g711_20db,eval
${DATA_ROOT}/clips/136325_9qNmHPrUpNLAykHf_0069.wav,bonafide,hi-en,136325,mucs2021,none,channel_g711_20db,eval
${DATA_ROOT}/clips/136325_9qNmHPrUpNLAykHf_0070.wav,bonafide,hi-en,136325,mucs2021,none,channel_g711_20db,eval
${DATA_ROOT}/clips/136325_9qNmHPrUpNLAykHf_0071.wav,bonafide,hi-en,136325,mucs2021,none,channel_g711_20db,eval
${DATA_ROOT}/clips/136325_9qNmHPrUpNLAykHf_0072.wav,bonafide,hi-en,136325,mucs2021,none,channel_g711_20db,eval
${DATA_ROOT}/clips/136325_9qNmHPrUpNLAykHf_0073.wav,bonafide,hi-en,136325,mucs2021,none,channel_g711_20db,eval
${DATA_ROOT}/clips/136325_9qNmHPrUpNLAykHf_0074.wav,bonafide,hi-en,136325,mucs2021,none,channel_g711_20db,eval
${DATA_ROOT}/clips/136325_9qNmHPrUpNLAykHf_0075.wav,bonafide,hi-en,136325,mucs2021,none,channel_g711_20db,eval
${DATA_ROOT}/clips/136325_9qNmHPrUpNLAykHf_0076.wav,bonafide,hi-en,136325,mucs2021,none,channel_g711_20db,eval
${DATA_ROOT}/clips/136325_9qNmHPrUpNLAykHf_0077.wav,bonafide,hi-en,136325,mucs2021,none,channel_g711_20db,eval
${DATA_ROOT}/clips/136325_9qNmHPrUpNLAykHf_0078.wav,bonafide,hi-en,136325,mucs2021,none,channel_g711_20db,eval
${DATA_ROOT}/clips/136325_9qNmHPrUpNLAykHf_0079.wav,bonafide,hi-en,136325,mucs2021,none,channel_g711_20db,eval
${DATA_ROOT}/clips/136325_9qNmHPrUpNLAykHf_0080.wav,bonafide,hi-en,136325,mucs2021,none,channel_g711_20db,eval
${DATA_ROOT}/clips/136325_9qNmHPrUpNLAykHf_0081.wav,bonafide,hi-en,136325,mucs2021,none,channel_g711_20db,eval
${DATA_ROOT}/clips/136325_9qNmHPrUpNLAykHf_0082.wav,bonafide,hi-en,136325,mucs2021,none,channel_g711_20db,eval
${DATA_ROOT}/clips/136325_9qNmHPrUpNLAykHf_0083.wav,bonafide,hi-en,136325,mucs2021,none,channel_g711_20db,eval
${DATA_ROOT}/clips/136325_9qNmHPrUpNLAykHf_0084.wav,bonafide,hi-en,136325,mucs2021,none,channel_g711_20db,eval
${DATA_ROOT}/clips/136325_9qNmHPrUpNLAykHf_0085.wav,bonafide,hi-en,136325,mucs2021,none,channel_g711_20db,eval
${DATA_ROOT}/clips/136325_9qNmHPrUpNLAykHf_0086.wav,bonafide,hi-en,136325,mucs2021,none,channel_g711_20db,eval
${DATA_ROOT}/clips/136325_9qNmHPrUpNLAykHf_0087.wav,bonafide,hi-en,136325,mucs2021,none,channel_g711_20db,eval
${DATA_ROOT}/clips/136325_9qNmHPrUpNLAykHf_0088.wav,bonafide,hi-en,136325,mucs2021,none,channel_g711_20db,eval
${DATA_ROOT}/clips/136325_9qNmHPrUpNLAykHf_0089.wav,bonafide,hi-en,136325,mucs2021,none,channel_g711_20db,eval
${DATA_ROOT}/clips/136325_9qNmHPrUpNLAykHf_0090.wav,bonafide,hi-en,136325,mucs2021,none,channel_g711_20db,eval
${DATA_ROOT}/clips/136325_9qNmHPrUpNLAykHf_0091.wav,bonafide,hi-en,136325,mucs2021,none,channel_g711_20db,eval
${DATA_ROOT}/clips/136325_9qNmHPrUpNLAykHf_0092.wav,bonafide,hi-en,136325,mucs2021,none,channel_g711_20db,eval
${DATA_ROOT}/clips/136325_9qNmHPrUpNLAykHf_0093.wav,bonafide,hi-en,136325,mucs2021,none,channel_g711_20db,eval
${DATA_ROOT}/clips/136325_9qNmHPrUpNLAykHf_0094.wav,bonafide,hi-en,136325,mucs2021,none,channel_g711_20db,eval
${DATA_ROOT}/clips/136325_9qNmHPrUpNLAykHf_0095.wav,bonafide,hi-en,136325,mucs2021,none,channel_g711_20db,eval
${DATA_ROOT}/clips/136325_9qNmHPrUpNLAykHf_0096.wav,bonafide,hi-en,136325,mucs2021,none,channel_g711_20db,eval
${DATA_ROOT}/clips/136325_9qNmHPrUpNLAykHf_0097.wav,bonafide,hi-en,136325,mucs2021,none,channel_g711_20db,eval
${DATA_ROOT}/clips/136325_9qNmHPrUpNLAykHf_0098.wav,bonafide,hi-en,136325,mucs2021,none,channel_g711_20db,eval
${DATA_ROOT}/clips/136325_9qNmHPrUpNLAykHf_0099.wav,bonafide,hi-en,136325,mucs2021,none,channel_g711_20db,eval
${DATA_ROOT}/clips/136325_9qNmHPrUpNLAykHf_0100.wav,bonafide,hi-en,136325,mucs2021,none,channel_g711_20db,eval
${DATA_ROOT}/clips/136325_9qNmHPrUpNLAykHf_0101.wav,bonafide,hi-en,136325,mucs2021,none,channel_g711_20db,eval
${DATA_ROOT}/clips/146859_PmtkP19rpHKX5Ue1_0000.wav,bonafide,hi-en,146859,mucs2021,none,channel_g711_20db,eval
${DATA_ROOT}/clips/146859_PmtkP19rpHKX5Ue1_0001.wav,bonafide,hi-en,146859,mucs2021,none,channel_g711_20db,eval
${DATA_ROOT}/clips/146859_PmtkP19rpHKX5Ue1_0002.wav,bonafide,hi-en,146859,mucs2021,none,channel_g711_20db,eval
${DATA_ROOT}/clips/146859_PmtkP19rpHKX5Ue1_0003.wav,bonafide,hi-en,146859,mucs2021,none,channel_g711_20db,eval
${DATA_ROOT}/clips/146859_PmtkP19rpHKX5Ue1_0004.wav,bonafide,hi-en,146859,mucs2021,none,channel_g711_20db,eval
${DATA_ROOT}/clips/146859_PmtkP19rpHKX5Ue1_0005.wav,bonafide,hi-en,146859,mucs2021,none,channel_g711_20db,eval
${DATA_ROOT}/clips/146859_PmtkP19rpHKX5Ue1_0006.wav,bonafide,hi-en,146859,mucs2021,none,channel_g711_20db,eval
${DATA_ROOT}/clips/146859_PmtkP19rpHKX5Ue1_0007.wav,bonafide,hi-en,146859,mucs2021,none,channel_g711_20db,eval
${DATA_ROOT}/clips/146859_PmtkP19rpHKX5Ue1_0008.wav,bonafide,hi-en,146859,mucs2021,none,channel_g711_20db,eval
${DATA_ROOT}/clips/146859_PmtkP19rpHKX5Ue1_0009.wav,bonafide,hi-en,146859,mucs2021,none,channel_g711_20db,eval
${DATA_ROOT}/clips/146859_PmtkP19rpHKX5Ue1_0010.wav,bonafide,hi-en,146859,mucs2021,none,channel_g711_20db,eval
${DATA_ROOT}/clips/146859_PmtkP19rpHKX5Ue1_0011.wav,bonafide,hi-en,146859,mucs2021,none,channel_g711_20db,eval
${DATA_ROOT}/clips/146859_PmtkP19rpHKX5Ue1_0012.wav,bonafide,hi-en,146859,mucs2021,none,channel_g711_20db,eval
${DATA_ROOT}/clips/146859_PmtkP19rpHKX5Ue1_0013.wav,bonafide,hi-en,146859,mucs2021,none,channel_g711_20db,eval
${DATA_ROOT}/clips/146859_PmtkP19rpHKX5Ue1_0014.wav,bonafide,hi-en,146859,mucs2021,none,channel_g711_20db,eval
${DATA_ROOT}/clips/146859_PmtkP19rpHKX5Ue1_0015.wav,bonafide,hi-en,146859,mucs2021,none,channel_g711_20db,eval
${DATA_ROOT}/clips/146859_PmtkP19rpHKX5Ue1_0016.wav,bonafide,hi-en,146859,mucs2021,none,channel_g711_20db,eval
${DATA_ROOT}/clips/146859_PmtkP19rpHKX5Ue1_0017.wav,bonafide,hi-en,146859,mucs2021,none,channel_g711_20db,eval
${DATA_ROOT}/clips/146859_PmtkP19rpHKX5Ue1_0018.wav,bonafide,hi-en,146859,mucs2021,none,channel_g711_20db,eval
${DATA_ROOT}/clips/146859_PmtkP19rpHKX5Ue1_0019.wav,bonafide,hi-en,146859,mucs2021,none,channel_g711_20db,eval
${DATA_ROOT}/clips/146859_PmtkP19rpHKX5Ue1_0020.wav,bonafide,hi-en,146859,mucs2021,none,channel_g711_20db,eval
${DATA_ROOT}/clips/146859_PmtkP19rpHKX5Ue1_0021.wav,bonafide,hi-en,146859,mucs2021,none,channel_g711_20db,eval
${DATA_ROOT}/clips/146859_PmtkP19rpHKX5Ue1_0022.wav,bonafide,hi-en,146859,mucs2021,none,channel_g711_20db,eval
${DATA_ROOT}/clips/146859_PmtkP19rpHKX5Ue1_0023.wav,bonafide,hi-en,146859,mucs2021,none,channel_g711_20db,eval
${DATA_ROOT}/clips/146859_PmtkP19rpHKX5Ue1_0024.wav,bonafide,hi-en,146859,mucs2021,none,channel_g711_20db,eval
${DATA_ROOT}/clips/146859_PmtkP19rpHKX5Ue1_0025.wav,bonafide,hi-en,146859,mucs2021,none,channel_g711_20db,eval
${DATA_ROOT}/clips/146859_PmtkP19rpHKX5Ue1_0026.wav,bonafide,hi-en,146859,mucs2021,none,channel_g711_20db,eval
${DATA_ROOT}/clips/146859_PmtkP19rpHKX5Ue1_0027.wav,bonafide,hi-en,146859,mucs2021,none,channel_g711_20db,eval
${DATA_ROOT}/clips/146859_PmtkP19rpHKX5Ue1_0028.wav,bonafide,hi-en,146859,mucs2021,none,channel_g711_20db,eval
${DATA_ROOT}/clips/146859_PmtkP19rpHKX5Ue1_0029.wav,bonafide,hi-en,146859,mucs2021,none,channel_g711_20db,eval
${DATA_ROOT}/clips/146859_PmtkP19rpHKX5Ue1_0030.wav,bonafide,hi-en,146859,mucs2021,none,channel_g711_20db,eval
${DATA_ROOT}/clips/146859_PmtkP19rpHKX5Ue1_0031.wav,bonafide,hi-en,146859,mucs2021,none,channel_g711_20db,eval
${DATA_ROOT}/clips/146859_PmtkP19rpHKX5Ue1_0032.wav,bonafide,hi-en,146859,mucs2021,none,channel_g711_20db,eval
${DATA_ROOT}/clips/146859_PmtkP19rpHKX5Ue1_0033.wav,bonafide,hi-en,146859,mucs2021,none,channel_g711_20db,eval
${DATA_ROOT}/clips/146859_PmtkP19rpHKX5Ue1_0034.wav,bonafide,hi-en,146859,mucs2021,none,channel_g711_20db,eval
${DATA_ROOT}/clips/146859_PmtkP19rpHKX5Ue1_0035.wav,bonafide,hi-en,146859,mucs2021,none,channel_g711_20db,eval
${DATA_ROOT}/clips/146859_PmtkP19rpHKX5Ue1_0036.wav,bonafide,hi-en,146859,mucs2021,none,channel_g711_20db,eval
${DATA_ROOT}/clips/146859_PmtkP19rpHKX5Ue1_0037.wav,bonafide,hi-en,146859,mucs2021,none,channel_g711_20db,eval
${DATA_ROOT}/clips/146859_PmtkP19rpHKX5Ue1_0038.wav,bonafide,hi-en,146859,mucs2021,none,channel_g711_20db,eval
${DATA_ROOT}/clips/146859_PmtkP19rpHKX5Ue1_0039.wav,bonafide,hi-en,146859,mucs2021,none,channel_g711_20db,eval
${DATA_ROOT}/clips/146859_PmtkP19rpHKX5Ue1_0040.wav,bonafide,hi-en,146859,mucs2021,none,channel_g711_20db,eval
${DATA_ROOT}/clips/146859_PmtkP19rpHKX5Ue1_0041.wav,bonafide,hi-en,146859,mucs2021,none,channel_g711_20db,eval
${DATA_ROOT}/clips/146859_PmtkP19rpHKX5Ue1_0042.wav,bonafide,hi-en,146859,mucs2021,none,channel_g711_20db,eval
${DATA_ROOT}/clips/146859_PmtkP19rpHKX5Ue1_0043.wav,bonafide,hi-en,146859,mucs2021,none,channel_g711_20db,eval
${DATA_ROOT}/clips/146859_PmtkP19rpHKX5Ue1_0044.wav,bonafide,hi-en,146859,mucs2021,none,channel_g711_20db,eval
${DATA_ROOT}/clips/146859_PmtkP19rpHKX5Ue1_0045.wav,bonafide,hi-en,146859,mucs2021,none,channel_g711_20db,eval
${DATA_ROOT}/clips/146859_PmtkP19rpHKX5Ue1_0046.wav,bonafide,hi-en,146859,mucs2021,none,channel_g711_20db,eval
${DATA_ROOT}/clips/146859_PmtkP19rpHKX5Ue1_0047.wav,bonafide,hi-en,146859,mucs2021,none,channel_g711_20db,eval
${DATA_ROOT}/clips/146859_PmtkP19rpHKX5Ue1_0048.wav,bonafide,hi-en,146859,mucs2021,none,channel_g711_20db,eval
${DATA_ROOT}/clips/146859_PmtkP19rpHKX5Ue1_0049.wav,bonafide,hi-en,146859,mucs2021,none,channel_g711_20db,eval
${DATA_ROOT}/clips/146859_PmtkP19rpHKX5Ue1_0050.wav,bonafide,hi-en,146859,mucs2021,none,channel_g711_20db,eval
${DATA_ROOT}/clips/146859_PmtkP19rpHKX5Ue1_0051.wav,bonafide,hi-en,146859,mucs2021,none,channel_g711_20db,eval
${DATA_ROOT}/clips/146859_PmtkP19rpHKX5Ue1_0052.wav,bonafide,hi-en,146859,mucs2021,none,channel_g711_20db,eval
${DATA_ROOT}/clips/146859_PmtkP19rpHKX5Ue1_0053.wav,bonafide,hi-en,146859,mucs2021,none,channel_g711_20db,eval
${DATA_ROOT}/clips/146859_PmtkP19rpHKX5Ue1_0054.wav,bonafide,hi-en,146859,mucs2021,none,channel_g711_20db,eval
${DATA_ROOT}/clips/146859_PmtkP19rpHKX5Ue1_0055.wav,bonafide,hi-en,146859,mucs2021,none,channel_g711_20db,eval
${DATA_ROOT}/clips/146859_PmtkP19rpHKX5Ue1_0056.wav,bonafide,hi-en,146859,mucs2021,none,channel_g711_20db,eval
${DATA_ROOT}/clips/146859_PmtkP19rpHKX5Ue1_0057.wav,bonafide,hi-en,146859,mucs2021,none,channel_g711_20db,eval
${DATA_ROOT}/clips/146859_PmtkP19rpHKX5Ue1_0058.wav,bonafide,hi-en,146859,mucs2021,none,channel_g711_20db,eval
${DATA_ROOT}/clips/146859_PmtkP19rpHKX5Ue1_0059.wav,bonafide,hi-en,146859,mucs2021,none,channel_g711_20db,eval
${DATA_ROOT}/clips/146859_PmtkP19rpHKX5Ue1_0060.wav,bonafide,hi-en,146859,mucs2021,none,channel_g711_20db,eval
${DATA_ROOT}/clips/146859_PmtkP19rpHKX5Ue1_0061.wav,bonafide,hi-en,146859,mucs2021,none,channel_g711_20db,eval
${DATA_ROOT}/clips/146859_PmtkP19rpHKX5Ue1_0062.wav,bonafide,hi-en,146859,mucs2021,none,channel_g711_20db,eval
${DATA_ROOT}/clips/146859_PmtkP19rpHKX5Ue1_0063.wav,bonafide,hi-en,146859,mucs2021,none,channel_g711_20db,eval
${DATA_ROOT}/clips/146859_PmtkP19rpHKX5Ue1_0064.wav,bonafide,hi-en,146859,mucs2021,none,channel_g711_20db,eval
${DATA_ROOT}/clips/146859_PmtkP19rpHKX5Ue1_0065.wav,bonafide,hi-en,146859,mucs2021,none,channel_g711_20db,eval
${DATA_ROOT}/clips/146859_PmtkP19rpHKX5Ue1_0066.wav,bonafide,hi-en,146859,mucs2021,none,channel_g711_20db,eval
${DATA_ROOT}/clips/146859_PmtkP19rpHKX5Ue1_0067.wav,bonafide,hi-en,146859,mucs2021,none,channel_g711_20db,eval
${DATA_ROOT}/clips/146859_PmtkP19rpHKX5Ue1_0068.wav,bonafide,hi-en,146859,mucs2021,none,channel_g711_20db,eval
${DATA_ROOT}/clips/146859_PmtkP19rpHKX5Ue1_0069.wav,bonafide,hi-en,146859,mucs2021,none,channel_g711_20db,eval
${DATA_ROOT}/clips/146859_PmtkP19rpHKX5Ue1_0070.wav,bonafide,hi-en,146859,mucs2021,none,channel_g711_20db,eval
${DATA_ROOT}/clips/146859_PmtkP19rpHKX5Ue1_0071.wav,bonafide,hi-en,146859,mucs2021,none,channel_g711_20db,eval
${DATA_ROOT}/clips/146859_PmtkP19rpHKX5Ue1_0072.wav,bonafide,hi-en,146859,mucs2021,none,channel_g711_20db,eval
${DATA_ROOT}/clips/146859_PmtkP19rpHKX5Ue1_0073.wav,bonafide,hi-en,146859,mucs2021,none,channel_g711_20db,eval
${DATA_ROOT}/clips/146859_PmtkP19rpHKX5Ue1_0074.wav,bonafide,hi-en,146859,mucs2021,none,channel_g711_20db,eval
${DATA_ROOT}/clips/146859_PmtkP19rpHKX5Ue1_0075.wav,bonafide,hi-en,146859,mucs2021,none,channel_g711_20db,eval
${DATA_ROOT}/clips/146859_PmtkP19rpHKX5Ue1_0076.wav,bonafide,hi-en,146859,mucs2021,none,channel_g711_20db,eval
${DATA_ROOT}/clips/146859_PmtkP19rpHKX5Ue1_0077.wav,bonafide,hi-en,146859,mucs2021,none,channel_g711_20db,eval
${DATA_ROOT}/clips/146859_PmtkP19rpHKX5Ue1_0078.wav,bonafide,hi-en,146859,mucs2021,none,channel_g711_20db,eval
${DATA_ROOT}/clips/146859_PmtkP19rpHKX5Ue1_0079.wav,bonafide,hi-en,146859,mucs2021,none,channel_g711_20db,eval
${DATA_ROOT}/clips/146859_PmtkP19rpHKX5Ue1_0080.wav,bonafide,hi-en,146859,mucs2021,none,channel_g711_20db,eval
${DATA_ROOT}/clips/146859_PmtkP19rpHKX5Ue1_0081.wav,bonafide,hi-en,146859,mucs2021,none,channel_g711_20db,eval
${DATA_ROOT}/clips/146859_PmtkP19rpHKX5Ue1_0082.wav,bonafide,hi-en,146859,mucs2021,none,channel_g711_20db,eval
${DATA_ROOT}/clips/146859_PmtkP19rpHKX5Ue1_0083.wav,bonafide,hi-en,146859,mucs2021,none,channel_g711_20db,eval
${DATA_ROOT}/clips/146859_PmtkP19rpHKX5Ue1_0084.wav,bonafide,hi-en,146859,mucs2021,none,channel_g711_20db,eval
${DATA_ROOT}/clips/146859_PmtkP19rpHKX5Ue1_0085.wav,bonafide,hi-en,146859,mucs2021,none,channel_g711_20db,eval
${DATA_ROOT}/clips/146859_PmtkP19rpHKX5Ue1_0086.wav,bonafide,hi-en,146859,mucs2021,none,channel_g711_20db,eval
${DATA_ROOT}/clips/146859_PmtkP19rpHKX5Ue1_0087.wav,bonafide,hi-en,146859,mucs2021,none,channel_g711_20db,eval
${DATA_ROOT}/clips/146859_PmtkP19rpHKX5Ue1_0088.wav,bonafide,hi-en,146859,mucs2021,none,channel_g711_20db,eval
${DATA_ROOT}/clips/146859_PmtkP19rpHKX5Ue1_0089.wav,bonafide,hi-en,146859,mucs2021,none,channel_g711_20db,eval
${DATA_ROOT}/clips/146859_PmtkP19rpHKX5Ue1_0090.wav,bonafide,hi-en,146859,mucs2021,none,channel_g711_20db,eval
${DATA_ROOT}/clips/146859_PmtkP19rpHKX5Ue1_0091.wav,bonafide,hi-en,146859,mucs2021,none,channel_g711_20db,eval
${DATA_ROOT}/clips/146859_PmtkP19rpHKX5Ue1_0092.wav,bonafide,hi-en,146859,mucs2021,none,channel_g711_20db,eval
${DATA_ROOT}/clips/146859_PmtkP19rpHKX5Ue1_0093.wav,bonafide,hi-en,146859,mucs2021,none,channel_g711_20db,eval
${DATA_ROOT}/clips/146859_PmtkP19rpHKX5Ue1_0094.wav,bonafide,hi-en,146859,mucs2021,none,channel_g711_20db,eval
${DATA_ROOT}/clips/146859_PmtkP19rpHKX5Ue1_0095.wav,bonafide,hi-en,146859,mucs2021,none,channel_g711_20db,eval
${DATA_ROOT}/clips/146859_PmtkP19rpHKX5Ue1_0096.wav,bonafide,hi-en,146859,mucs2021,none,channel_g711_20db,eval
${DATA_ROOT}/clips/146859_PmtkP19rpHKX5Ue1_0097.wav,bonafide,hi-en,146859,mucs2021,none,channel_g711_20db,eval
${DATA_ROOT}/clips/146859_PmtkP19rpHKX5Ue1_0098.wav,bonafide,hi-en,146859,mucs2021,none,channel_g711_20db,eval
${DATA_ROOT}/clips/146859_PmtkP19rpHKX5Ue1_0099.wav,bonafide,hi-en,146859,mucs2021,none,channel_g711_20db,eval
${DATA_ROOT}/clips/146859_PmtkP19rpHKX5Ue1_0100.wav,bonafide,hi-en,146859,mucs2021,none,channel_g711_20db,eval
${DATA_ROOT}/clips/146859_PmtkP19rpHKX5Ue1_0101.wav,bonafide,hi-en,146859,mucs2021,none,channel_g711_20db,eval
${DATA_ROOT}/clips/146859_PmtkP19rpHKX5Ue1_0102.wav,bonafide,hi-en,146859,mucs2021,none,channel_g711_20db,eval
${DATA_ROOT}/clips/146859_PmtkP19rpHKX5Ue1_0103.wav,bonafide,hi-en,146859,mucs2021,none,channel_g711_20db,eval
${DATA_ROOT}/clips/146859_PmtkP19rpHKX5Ue1_0104.wav,bonafide,hi-en,146859,mucs2021,none,channel_g711_20db,eval
${DATA_ROOT}/clips/146859_PmtkP19rpHKX5Ue1_0105.wav,bonafide,hi-en,146859,mucs2021,none,channel_g711_20db,eval
${DATA_ROOT}/clips/146859_PmtkP19rpHKX5Ue1_0106.wav,bonafide,hi-en,146859,mucs2021,none,channel_g711_20db,eval
${DATA_ROOT}/clips/146859_PmtkP19rpHKX5Ue1_0107.wav,bonafide,hi-en,146859,mucs2021,none,channel_g711_20db,eval
${DATA_ROOT}/clips/146859_PmtkP19rpHKX5Ue1_0108.wav,bonafide,hi-en,146859,mucs2021,none,channel_g711_20db,eval
${DATA_ROOT}/clips/146859_PmtkP19rpHKX5Ue1_0109.wav,bonafide,hi-en,146859,mucs2021,none,channel_g711_20db,eval
${DATA_ROOT}/clips/146859_PmtkP19rpHKX5Ue1_0110.wav,bonafide,hi-en,146859,mucs2021,none,channel_g711_20db,eval
${DATA_ROOT}/clips/146859_PmtkP19rpHKX5Ue1_0111.wav,bonafide,hi-en,146859,mucs2021,none,channel_g711_20db,eval
${DATA_ROOT}/clips/146859_PmtkP19rpHKX5Ue1_0112.wav,bonafide,hi-en,146859,mucs2021,none,channel_g711_20db,eval
${DATA_ROOT}/clips/146859_PmtkP19rpHKX5Ue1_0113.wav,bonafide,hi-en,146859,mucs2021,none,channel_g711_20db,eval
${DATA_ROOT}/clips/146859_PmtkP19rpHKX5Ue1_0114.wav,bonafide,hi-en,146859,mucs2021,none,channel_g711_20db,eval
${DATA_ROOT}/clips/146859_PmtkP19rpHKX5Ue1_0115.wav,bonafide,hi-en,146859,mucs2021,none,channel_g711_20db,eval
${DATA_ROOT}/clips/146859_PmtkP19rpHKX5Ue1_0116.wav,bonafide,hi-en,146859,mucs2021,none,channel_g711_20db,eval
${DATA_ROOT}/clips/146859_PmtkP19rpHKX5Ue1_0117.wav,bonafide,hi-en,146859,mucs2021,none,channel_g711_20db,eval
${DATA_ROOT}/clips/146859_PmtkP19rpHKX5Ue1_0118.wav,bonafide,hi-en,146859,mucs2021,none,channel_g711_20db,eval
${DATA_ROOT}/clips/146859_PmtkP19rpHKX5Ue1_0119.wav,bonafide,hi-en,146859,mucs2021,none,channel_g711_20db,eval
${DATA_ROOT}/clips/146859_PmtkP19rpHKX5Ue1_0120.wav,bonafide,hi-en,146859,mucs2021,none,channel_g711_20db,eval
${DATA_ROOT}/clips/146859_PmtkP19rpHKX5Ue1_0121.wav,bonafide,hi-en,146859,mucs2021,none,channel_g711_20db,eval
${DATA_ROOT}/clips/146859_PmtkP19rpHKX5Ue1_0122.wav,bonafide,hi-en,146859,mucs2021,none,channel_g711_20db,eval
${DATA_ROOT}/clips/146859_PmtkP19rpHKX5Ue1_0123.wav,bonafide,hi-en,146859,mucs2021,none,channel_g711_20db,eval
${DATA_ROOT}/clips/146859_PmtkP19rpHKX5Ue1_0124.wav,bonafide,hi-en,146859,mucs2021,none,channel_g711_20db,eval
${DATA_ROOT}/clips/146859_PmtkP19rpHKX5Ue1_0125.wav,bonafide,hi-en,146859,mucs2021,none,channel_g711_20db,eval
${DATA_ROOT}/clips/146859_PmtkP19rpHKX5Ue1_0126.wav,bonafide,hi-en,146859,mucs2021,none,channel_g711_20db,eval
${DATA_ROOT}/clips/146859_PmtkP19rpHKX5Ue1_0127.wav,bonafide,hi-en,146859,mucs2021,none,channel_g711_20db,eval
${DATA_ROOT}/clips/146859_PmtkP19rpHKX5Ue1_0128.wav,bonafide,hi-en,146859,mucs2021,none,channel_g711_20db,eval
${DATA_ROOT}/clips/146859_PmtkP19rpHKX5Ue1_0129.wav,bonafide,hi-en,146859,mucs2021,none,channel_g711_20db,eval
${DATA_ROOT}/clips/146859_PmtkP19rpHKX5Ue1_0130.wav,bonafide,hi-en,146859,mucs2021,none,channel_g711_20db,eval
${DATA_ROOT}/clips/146859_PmtkP19rpHKX5Ue1_0131.wav,bonafide,hi-en,146859,mucs2021,none,channel_g711_20db,eval
${DATA_ROOT}/clips/146859_PmtkP19rpHKX5Ue1_0132.wav,bonafide,hi-en,146859,mucs2021,none,channel_g711_20db,eval
${DATA_ROOT}/clips/146859_PmtkP19rpHKX5Ue1_0133.wav,bonafide,hi-en,146859,mucs2021,none,channel_g711_20db,eval
${DATA_ROOT}/clips/146859_PmtkP19rpHKX5Ue1_0134.wav,bonafide,hi-en,146859,mucs2021,none,channel_g711_20db,eval
${DATA_ROOT}/clips/146859_PmtkP19rpHKX5Ue1_0135.wav,bonafide,hi-en,146859,mucs2021,none,channel_g711_20db,eval
${DATA_ROOT}/clips/146859_PmtkP19rpHKX5Ue1_0136.wav,bonafide,hi-en,146859,mucs2021,none,channel_g711_20db,eval
${DATA_ROOT}/clips/146859_PmtkP19rpHKX5Ue1_0137.wav,bonafide,hi-en,146859,mucs2021,none,channel_g711_20db,eval
${DATA_ROOT}/clips/146859_PmtkP19rpHKX5Ue1_0138.wav,bonafide,hi-en,146859,mucs2021,none,channel_g711_20db,eval
${DATA_ROOT}/clips/146859_PmtkP19rpHKX5Ue1_0139.wav,bonafide,hi-en,146859,mucs2021,none,channel_g711_20db,eval
${DATA_ROOT}/clips/165325_4r0Tic1Kpymq5vvC_0000.wav,bonafide,hi-en,165325,mucs2021,none,channel_g711_20db,eval
${DATA_ROOT}/clips/165325_4r0Tic1Kpymq5vvC_0001.wav,bonafide,hi-en,165325,mucs2021,none,channel_g711_20db,eval
${DATA_ROOT}/clips/165325_4r0Tic1Kpymq5vvC_0002.wav,bonafide,hi-en,165325,mucs2021,none,channel_g711_20db,eval
${DATA_ROOT}/clips/165325_4r0Tic1Kpymq5vvC_0003.wav,bonafide,hi-en,165325,mucs2021,none,channel_g711_20db,eval
${DATA_ROOT}/clips/165325_4r0Tic1Kpymq5vvC_0004.wav,bonafide,hi-en,165325,mucs2021,none,channel_g711_20db,eval
${DATA_ROOT}/clips/165325_4r0Tic1Kpymq5vvC_0005.wav,bonafide,hi-en,165325,mucs2021,none,channel_g711_20db,eval
${DATA_ROOT}/clips/165325_4r0Tic1Kpymq5vvC_0006.wav,bonafide,hi-en,165325,mucs2021,none,channel_g711_20db,eval
${DATA_ROOT}/clips/165325_4r0Tic1Kpymq5vvC_0007.wav,bonafide,hi-en,165325,mucs2021,none,channel_g711_20db,eval
${DATA_ROOT}/clips/165325_4r0Tic1Kpymq5vvC_0008.wav,bonafide,hi-en,165325,mucs2021,none,channel_g711_20db,eval
${DATA_ROOT}/clips/165325_4r0Tic1Kpymq5vvC_0009.wav,bonafide,hi-en,165325,mucs2021,none,channel_g711_20db,eval
${DATA_ROOT}/clips/165325_4r0Tic1Kpymq5vvC_0010.wav,bonafide,hi-en,165325,mucs2021,none,channel_g711_20db,eval
${DATA_ROOT}/clips/165325_4r0Tic1Kpymq5vvC_0011.wav,bonafide,hi-en,165325,mucs2021,none,channel_g711_20db,eval
${DATA_ROOT}/clips/165325_4r0Tic1Kpymq5vvC_0012.wav,bonafide,hi-en,165325,mucs2021,none,channel_g711_20db,eval
${DATA_ROOT}/clips/165325_4r0Tic1Kpymq5vvC_0013.wav,bonafide,hi-en,165325,mucs2021,none,channel_g711_20db,eval
${DATA_ROOT}/clips/165325_4r0Tic1Kpymq5vvC_0014.wav,bonafide,hi-en,165325,mucs2021,none,channel_g711_20db,eval
${DATA_ROOT}/clips/165325_4r0Tic1Kpymq5vvC_0015.wav,bonafide,hi-en,165325,mucs2021,none,channel_g711_20db,eval
${DATA_ROOT}/clips/165325_4r0Tic1Kpymq5vvC_0016.wav,bonafide,hi-en,165325,mucs2021,none,channel_g711_20db,eval
${DATA_ROOT}/clips/165325_4r0Tic1Kpymq5vvC_0017.wav,bonafide,hi-en,165325,mucs2021,none,channel_g711_20db,eval
${DATA_ROOT}/clips/165325_4r0Tic1Kpymq5vvC_0018.wav,bonafide,hi-en,165325,mucs2021,none,channel_g711_20db,eval
${DATA_ROOT}/clips/165325_4r0Tic1Kpymq5vvC_0019.wav,bonafide,hi-en,165325,mucs2021,none,channel_g711_20db,eval
${DATA_ROOT}/clips/165325_4r0Tic1Kpymq5vvC_0020.wav,bonafide,hi-en,165325,mucs2021,none,channel_g711_20db,eval
${DATA_ROOT}/clips/165325_4r0Tic1Kpymq5vvC_0021.wav,bonafide,hi-en,165325,mucs2021,none,channel_g711_20db,eval
${DATA_ROOT}/clips/165325_4r0Tic1Kpymq5vvC_0022.wav,bonafide,hi-en,165325,mucs2021,none,channel_g711_20db,eval
${DATA_ROOT}/clips/165325_4r0Tic1Kpymq5vvC_0023.wav,bonafide,hi-en,165325,mucs2021,none,channel_g711_20db,eval
${DATA_ROOT}/clips/165325_4r0Tic1Kpymq5vvC_0024.wav,bonafide,hi-en,165325,mucs2021,none,channel_g711_20db,eval
${DATA_ROOT}/clips/165325_4r0Tic1Kpymq5vvC_0025.wav,bonafide,hi-en,165325,mucs2021,none,channel_g711_20db,eval
${DATA_ROOT}/clips/165325_4r0Tic1Kpymq5vvC_0026.wav,bonafide,hi-en,165325,mucs2021,none,channel_g711_20db,eval
${DATA_ROOT}/clips/165325_4r0Tic1Kpymq5vvC_0027.wav,bonafide,hi-en,165325,mucs2021,none,channel_g711_20db,eval
${DATA_ROOT}/clips/165325_4r0Tic1Kpymq5vvC_0028.wav,bonafide,hi-en,165325,mucs2021,none,channel_g711_20db,eval
${DATA_ROOT}/clips/165325_4r0Tic1Kpymq5vvC_0029.wav,bonafide,hi-en,165325,mucs2021,none,channel_g711_20db,eval
${DATA_ROOT}/clips/165325_4r0Tic1Kpymq5vvC_0030.wav,bonafide,hi-en,165325,mucs2021,none,channel_g711_20db,eval
${DATA_ROOT}/clips/165325_4r0Tic1Kpymq5vvC_0031.wav,bonafide,hi-en,165325,mucs2021,none,channel_g711_20db,eval
${DATA_ROOT}/clips/165325_4r0Tic1Kpymq5vvC_0032.wav,bonafide,hi-en,165325,mucs2021,none,channel_g711_20db,eval
${DATA_ROOT}/clips/165325_4r0Tic1Kpymq5vvC_0033.wav,bonafide,hi-en,165325,mucs2021,none,channel_g711_20db,eval
${DATA_ROOT}/clips/165325_4r0Tic1Kpymq5vvC_0034.wav,bonafide,hi-en,165325,mucs2021,none,channel_g711_20db,eval
${DATA_ROOT}/clips/165325_4r0Tic1Kpymq5vvC_0035.wav,bonafide,hi-en,165325,mucs2021,none,channel_g711_20db,eval
${DATA_ROOT}/clips/165325_4r0Tic1Kpymq5vvC_0036.wav,bonafide,hi-en,165325,mucs2021,none,channel_g711_20db,eval
${DATA_ROOT}/clips/165325_4r0Tic1Kpymq5vvC_0037.wav,bonafide,hi-en,165325,mucs2021,none,channel_g711_20db,eval
${DATA_ROOT}/clips/165325_4r0Tic1Kpymq5vvC_0038.wav,bonafide,hi-en,165325,mucs2021,none,channel_g711_20db,eval
${DATA_ROOT}/clips/165325_4r0Tic1Kpymq5vvC_0039.wav,bonafide,hi-en,165325,mucs2021,none,channel_g711_20db,eval
${DATA_ROOT}/clips/165325_4r0Tic1Kpymq5vvC_0040.wav,bonafide,hi-en,165325,mucs2021,none,channel_g711_20db,eval
${DATA_ROOT}/clips/165325_4r0Tic1Kpymq5vvC_0041.wav,bonafide,hi-en,165325,mucs2021,none,channel_g711_20db,eval
${DATA_ROOT}/clips/165325_4r0Tic1Kpymq5vvC_0042.wav,bonafide,hi-en,165325,mucs2021,none,channel_g711_20db,eval
${DATA_ROOT}/clips/165325_4r0Tic1Kpymq5vvC_0043.wav,bonafide,hi-en,165325,mucs2021,none,channel_g711_20db,eval
${DATA_ROOT}/clips/165325_4r0Tic1Kpymq5vvC_0044.wav,bonafide,hi-en,165325,mucs2021,none,channel_g711_20db,eval
${DATA_ROOT}/clips/165325_4r0Tic1Kpymq5vvC_0045.wav,bonafide,hi-en,165325,mucs2021,none,channel_g711_20db,eval
${DATA_ROOT}/clips/165325_4r0Tic1Kpymq5vvC_0046.wav,bonafide,hi-en,165325,mucs2021,none,channel_g711_20db,eval
${DATA_ROOT}/clips/165325_4r0Tic1Kpymq5vvC_0047.wav,bonafide,hi-en,165325,mucs2021,none,channel_g711_20db,eval
${DATA_ROOT}/clips/165325_4r0Tic1Kpymq5vvC_0048.wav,bonafide,hi-en,165325,mucs2021,none,channel_g711_20db,eval
${DATA_ROOT}/clips/165325_4r0Tic1Kpymq5vvC_0049.wav,bonafide,hi-en,165325,mucs2021,none,channel_g711_20db,eval
${DATA_ROOT}/clips/165325_4r0Tic1Kpymq5vvC_0050.wav,bonafide,hi-en,165325,mucs2021,none,channel_g711_20db,eval
${DATA_ROOT}/clips/165325_4r0Tic1Kpymq5vvC_0051.wav,bonafide,hi-en,165325,mucs2021,none,channel_g711_20db,eval
${DATA_ROOT}/clips/165325_4r0Tic1Kpymq5vvC_0052.wav,bonafide,hi-en,165325,mucs2021,none,channel_g711_20db,eval
${DATA_ROOT}/clips/165325_4r0Tic1Kpymq5vvC_0053.wav,bonafide,hi-en,165325,mucs2021,none,channel_g711_20db,eval
${DATA_ROOT}/clips/165325_4r0Tic1Kpymq5vvC_0054.wav,bonafide,hi-en,165325,mucs2021,none,channel_g711_20db,eval
${DATA_ROOT}/clips/165325_4r0Tic1Kpymq5vvC_0055.wav,bonafide,hi-en,165325,mucs2021,none,channel_g711_20db,eval
${DATA_ROOT}/clips/165325_4r0Tic1Kpymq5vvC_0056.wav,bonafide,hi-en,165325,mucs2021,none,channel_g711_20db,eval
${DATA_ROOT}/clips/165325_4r0Tic1Kpymq5vvC_0057.wav,bonafide,hi-en,165325,mucs2021,none,channel_g711_20db,eval
${DATA_ROOT}/clips/165325_4r0Tic1Kpymq5vvC_0058.wav,bonafide,hi-en,165325,mucs2021,none,channel_g711_20db,eval
${DATA_ROOT}/clips/165325_4r0Tic1Kpymq5vvC_0059.wav,bonafide,hi-en,165325,mucs2021,none,channel_g711_20db,eval
${DATA_ROOT}/clips/165325_4r0Tic1Kpymq5vvC_0060.wav,bonafide,hi-en,165325,mucs2021,none,channel_g711_20db,eval
${DATA_ROOT}/clips/165325_4r0Tic1Kpymq5vvC_0061.wav,bonafide,hi-en,165325,mucs2021,none,channel_g711_20db,eval
${DATA_ROOT}/clips/165325_4r0Tic1Kpymq5vvC_0062.wav,bonafide,hi-en,165325,mucs2021,none,channel_g711_20db,eval
${DATA_ROOT}/clips/165325_4r0Tic1Kpymq5vvC_0063.wav,bonafide,hi-en,165325,mucs2021,none,channel_g711_20db,eval
${DATA_ROOT}/clips/165325_4r0Tic1Kpymq5vvC_0064.wav,bonafide,hi-en,165325,mucs2021,none,channel_g711_20db,eval
${DATA_ROOT}/clips/165325_4r0Tic1Kpymq5vvC_0065.wav,bonafide,hi-en,165325,mucs2021,none,channel_g711_20db,eval
${DATA_ROOT}/clips/165325_4r0Tic1Kpymq5vvC_0066.wav,bonafide,hi-en,165325,mucs2021,none,channel_g711_20db,eval
${DATA_ROOT}/clips/165325_4r0Tic1Kpymq5vvC_0067.wav,bonafide,hi-en,165325,mucs2021,none,channel_g711_20db,eval
${DATA_ROOT}/clips/165325_4r0Tic1Kpymq5vvC_0068.wav,bonafide,hi-en,165325,mucs2021,none,channel_g711_20db,eval
${DATA_ROOT}/clips/165325_4r0Tic1Kpymq5vvC_0069.wav,bonafide,hi-en,165325,mucs2021,none,channel_g711_20db,eval
${DATA_ROOT}/clips/165325_4r0Tic1Kpymq5vvC_0070.wav,bonafide,hi-en,165325,mucs2021,none,channel_g711_20db,eval
${DATA_ROOT}/clips/165325_4r0Tic1Kpymq5vvC_0071.wav,bonafide,hi-en,165325,mucs2021,none,channel_g711_20db,eval
${DATA_ROOT}/clips/165325_4r0Tic1Kpymq5vvC_0072.wav,bonafide,hi-en,165325,mucs2021,none,channel_g711_20db,eval
${DATA_ROOT}/clips/165325_4r0Tic1Kpymq5vvC_0073.wav,bonafide,hi-en,165325,mucs2021,none,channel_g711_20db,eval
${DATA_ROOT}/clips/165325_4r0Tic1Kpymq5vvC_0074.wav,bonafide,hi-en,165325,mucs2021,none,channel_g711_20db,eval
${DATA_ROOT}/clips/165325_4r0Tic1Kpymq5vvC_0075.wav,bonafide,hi-en,165325,mucs2021,none,channel_g711_20db,eval
${DATA_ROOT}/clips/165325_4r0Tic1Kpymq5vvC_0076.wav,bonafide,hi-en,165325,mucs2021,none,channel_g711_20db,eval
${DATA_ROOT}/clips/165325_4r0Tic1Kpymq5vvC_0077.wav,bonafide,hi-en,165325,mucs2021,none,channel_g711_20db,eval
${DATA_ROOT}/clips/175522_7Hz37FoUWV3ZFiMU_0000.wav,bonafide,hi-en,175522,mucs2021,none,channel_g711_20db,eval
${DATA_ROOT}/clips/175522_7Hz37FoUWV3ZFiMU_0001.wav,bonafide,hi-en,175522,mucs2021,none,channel_g711_20db,eval
${DATA_ROOT}/clips/175522_7Hz37FoUWV3ZFiMU_0002.wav,bonafide,hi-en,175522,mucs2021,none,channel_g711_20db,eval
${DATA_ROOT}/clips/175522_7Hz37FoUWV3ZFiMU_0003.wav,bonafide,hi-en,175522,mucs2021,none,channel_g711_20db,eval
${DATA_ROOT}/clips/175522_7Hz37FoUWV3ZFiMU_0004.wav,bonafide,hi-en,175522,mucs2021,none,channel_g711_20db,eval
${DATA_ROOT}/clips/175522_7Hz37FoUWV3ZFiMU_0005.wav,bonafide,hi-en,175522,mucs2021,none,channel_g711_20db,eval
${DATA_ROOT}/clips/175522_7Hz37FoUWV3ZFiMU_0006.wav,bonafide,hi-en,175522,mucs2021,none,channel_g711_20db,eval
${DATA_ROOT}/clips/175522_7Hz37FoUWV3ZFiMU_0007.wav,bonafide,hi-en,175522,mucs2021,none,channel_g711_20db,eval
${DATA_ROOT}/clips/175522_7Hz37FoUWV3ZFiMU_0008.wav,bonafide,hi-en,175522,mucs2021,none,channel_g711_20db,eval
${DATA_ROOT}/clips/175522_7Hz37FoUWV3ZFiMU_0009.wav,bonafide,hi-en,175522,mucs2021,none,channel_g711_20db,eval
${DATA_ROOT}/clips/175522_7Hz37FoUWV3ZFiMU_0010.wav,bonafide,hi-en,175522,mucs2021,none,channel_g711_20db,eval
${DATA_ROOT}/clips/175522_7Hz37FoUWV3ZFiMU_0011.wav,bonafide,hi-en,175522,mucs2021,none,channel_g711_20db,eval
${DATA_ROOT}/clips/175522_7Hz37FoUWV3ZFiMU_0012.wav,bonafide,hi-en,175522,mucs2021,none,channel_g711_20db,eval
${DATA_ROOT}/clips/175522_7Hz37FoUWV3ZFiMU_0013.wav,bonafide,hi-en,175522,mucs2021,none,channel_g711_20db,eval
${DATA_ROOT}/clips/175522_7Hz37FoUWV3ZFiMU_0014.wav,bonafide,hi-en,175522,mucs2021,none,channel_g711_20db,eval
${DATA_ROOT}/clips/175522_7Hz37FoUWV3ZFiMU_0015.wav,bonafide,hi-en,175522,mucs2021,none,channel_g711_20db,eval
${DATA_ROOT}/clips/175522_7Hz37FoUWV3ZFiMU_0016.wav,bonafide,hi-en,175522,mucs2021,none,channel_g711_20db,eval
${DATA_ROOT}/clips/175522_7Hz37FoUWV3ZFiMU_0017.wav,bonafide,hi-en,175522,mucs2021,none,channel_g711_20db,eval
${DATA_ROOT}/clips/175522_7Hz37FoUWV3ZFiMU_0018.wav,bonafide,hi-en,175522,mucs2021,none,channel_g711_20db,eval
${DATA_ROOT}/clips/175522_7Hz37FoUWV3ZFiMU_0019.wav,bonafide,hi-en,175522,mucs2021,none,channel_g711_20db,eval
${DATA_ROOT}/clips/175522_7Hz37FoUWV3ZFiMU_0020.wav,bonafide,hi-en,175522,mucs2021,none,channel_g711_20db,eval
${DATA_ROOT}/clips/175522_7Hz37FoUWV3ZFiMU_0021.wav,bonafide,hi-en,175522,mucs2021,none,channel_g711_20db,eval
${DATA_ROOT}/clips/175522_7Hz37FoUWV3ZFiMU_0022.wav,bonafide,hi-en,175522,mucs2021,none,channel_g711_20db,eval
${DATA_ROOT}/clips/175522_7Hz37FoUWV3ZFiMU_0023.wav,bonafide,hi-en,175522,mucs2021,none,channel_g711_20db,eval
${DATA_ROOT}/clips/175522_7Hz37FoUWV3ZFiMU_0024.wav,bonafide,hi-en,175522,mucs2021,none,channel_g711_20db,eval
${DATA_ROOT}/clips/175522_7Hz37FoUWV3ZFiMU_0025.wav,bonafide,hi-en,175522,mucs2021,none,channel_g711_20db,eval
${DATA_ROOT}/clips/175522_7Hz37FoUWV3ZFiMU_0026.wav,bonafide,hi-en,175522,mucs2021,none,channel_g711_20db,eval
${DATA_ROOT}/clips/175522_7Hz37FoUWV3ZFiMU_0027.wav,bonafide,hi-en,175522,mucs2021,none,channel_g711_20db,eval
${DATA_ROOT}/clips/175522_7Hz37FoUWV3ZFiMU_0028.wav,bonafide,hi-en,175522,mucs2021,none,channel_g711_20db,eval
${DATA_ROOT}/clips/175522_7Hz37FoUWV3ZFiMU_0029.wav,bonafide,hi-en,175522,mucs2021,none,channel_g711_20db,eval
${DATA_ROOT}/clips/175522_7Hz37FoUWV3ZFiMU_0030.wav,bonafide,hi-en,175522,mucs2021,none,channel_g711_20db,eval
${DATA_ROOT}/clips/175522_7Hz37FoUWV3ZFiMU_0031.wav,bonafide,hi-en,175522,mucs2021,none,channel_g711_20db,eval
${DATA_ROOT}/clips/175522_7Hz37FoUWV3ZFiMU_0032.wav,bonafide,hi-en,175522,mucs2021,none,channel_g711_20db,eval
${DATA_ROOT}/clips/175522_7Hz37FoUWV3ZFiMU_0033.wav,bonafide,hi-en,175522,mucs2021,none,channel_g711_20db,eval
${DATA_ROOT}/clips/175522_7Hz37FoUWV3ZFiMU_0034.wav,bonafide,hi-en,175522,mucs2021,none,channel_g711_20db,eval
${DATA_ROOT}/clips/175522_7Hz37FoUWV3ZFiMU_0035.wav,bonafide,hi-en,175522,mucs2021,none,channel_g711_20db,eval
${DATA_ROOT}/clips/175522_7Hz37FoUWV3ZFiMU_0036.wav,bonafide,hi-en,175522,mucs2021,none,channel_g711_20db,eval
${DATA_ROOT}/clips/175522_7Hz37FoUWV3ZFiMU_0037.wav,bonafide,hi-en,175522,mucs2021,none,channel_g711_20db,eval
${DATA_ROOT}/clips/175522_7Hz37FoUWV3ZFiMU_0038.wav,bonafide,hi-en,175522,mucs2021,none,channel_g711_20db,eval
${DATA_ROOT}/clips/175522_7Hz37FoUWV3ZFiMU_0039.wav,bonafide,hi-en,175522,mucs2021,none,channel_g711_20db,eval
${DATA_ROOT}/clips/175522_7Hz37FoUWV3ZFiMU_0040.wav,bonafide,hi-en,175522,mucs2021,none,channel_g711_20db,eval
${DATA_ROOT}/clips/175522_7Hz37FoUWV3ZFiMU_0041.wav,bonafide,hi-en,175522,mucs2021,none,channel_g711_20db,eval
${DATA_ROOT}/clips/175522_7Hz37FoUWV3ZFiMU_0042.wav,bonafide,hi-en,175522,mucs2021,none,channel_g711_20db,eval
${DATA_ROOT}/clips/175522_7Hz37FoUWV3ZFiMU_0043.wav,bonafide,hi-en,175522,mucs2021,none,channel_g711_20db,eval
${DATA_ROOT}/clips/175522_7Hz37FoUWV3ZFiMU_0044.wav,bonafide,hi-en,175522,mucs2021,none,channel_g711_20db,eval
${DATA_ROOT}/clips/175522_7Hz37FoUWV3ZFiMU_0045.wav,bonafide,hi-en,175522,mucs2021,none,channel_g711_20db,eval
${DATA_ROOT}/clips/175522_7Hz37FoUWV3ZFiMU_0046.wav,bonafide,hi-en,175522,mucs2021,none,channel_g711_20db,eval
${DATA_ROOT}/clips/175522_7Hz37FoUWV3ZFiMU_0047.wav,bonafide,hi-en,175522,mucs2021,none,channel_g711_20db,eval
${DATA_ROOT}/clips/175522_7Hz37FoUWV3ZFiMU_0048.wav,bonafide,hi-en,175522,mucs2021,none,channel_g711_20db,eval
${DATA_ROOT}/clips/175522_7Hz37FoUWV3ZFiMU_0049.wav,bonafide,hi-en,175522,mucs2021,none,channel_g711_20db,eval
${DATA_ROOT}/clips/175522_7Hz37FoUWV3ZFiMU_0050.wav,bonafide,hi-en,175522,mucs2021,none,channel_g711_20db,eval
${DATA_ROOT}/clips/175522_7Hz37FoUWV3ZFiMU_0051.wav,bonafide,hi-en,175522,mucs2021,none,channel_g711_20db,eval
${DATA_ROOT}/clips/175522_7Hz37FoUWV3ZFiMU_0052.wav,bonafide,hi-en,175522,mucs2021,none,channel_g711_20db,eval
${DATA_ROOT}/clips/175522_7Hz37FoUWV3ZFiMU_0053.wav,bonafide,hi-en,175522,mucs2021,none,channel_g711_20db,eval
${DATA_ROOT}/clips/175522_7Hz37FoUWV3ZFiMU_0054.wav,bonafide,hi-en,175522,mucs2021,none,channel_g711_20db,eval
${DATA_ROOT}/clips/175522_7Hz37FoUWV3ZFiMU_0055.wav,bonafide,hi-en,175522,mucs2021,none,channel_g711_20db,eval
${DATA_ROOT}/clips/175522_7Hz37FoUWV3ZFiMU_0056.wav,bonafide,hi-en,175522,mucs2021,none,channel_g711_20db,eval
${DATA_ROOT}/clips/175522_7Hz37FoUWV3ZFiMU_0057.wav,bonafide,hi-en,175522,mucs2021,none,channel_g711_20db,eval
${DATA_ROOT}/clips/175522_7Hz37FoUWV3ZFiMU_0058.wav,bonafide,hi-en,175522,mucs2021,none,channel_g711_20db,eval
${DATA_ROOT}/clips/175522_7Hz37FoUWV3ZFiMU_0059.wav,bonafide,hi-en,175522,mucs2021,none,channel_g711_20db,eval
${DATA_ROOT}/clips/175522_7Hz37FoUWV3ZFiMU_0060.wav,bonafide,hi-en,175522,mucs2021,none,channel_g711_20db,eval
${DATA_ROOT}/clips/175522_7Hz37FoUWV3ZFiMU_0061.wav,bonafide,hi-en,175522,mucs2021,none,channel_g711_20db,eval
${DATA_ROOT}/clips/175522_7Hz37FoUWV3ZFiMU_0062.wav,bonafide,hi-en,175522,mucs2021,none,channel_g711_20db,eval
${DATA_ROOT}/clips/175522_7Hz37FoUWV3ZFiMU_0063.wav,bonafide,hi-en,175522,mucs2021,none,channel_g711_20db,eval
${DATA_ROOT}/clips/175522_7Hz37FoUWV3ZFiMU_0064.wav,bonafide,hi-en,175522,mucs2021,none,channel_g711_20db,eval
${DATA_ROOT}/clips/175522_7Hz37FoUWV3ZFiMU_0065.wav,bonafide,hi-en,175522,mucs2021,none,channel_g711_20db,eval
${DATA_ROOT}/clips/175522_7Hz37FoUWV3ZFiMU_0066.wav,bonafide,hi-en,175522,mucs2021,none,channel_g711_20db,eval
${DATA_ROOT}/clips/175522_7Hz37FoUWV3ZFiMU_0067.wav,bonafide,hi-en,175522,mucs2021,none,channel_g711_20db,eval
${DATA_ROOT}/clips/175522_7Hz37FoUWV3ZFiMU_0068.wav,bonafide,hi-en,175522,mucs2021,none,channel_g711_20db,eval
${DATA_ROOT}/clips/175522_7Hz37FoUWV3ZFiMU_0069.wav,bonafide,hi-en,175522,mucs2021,none,channel_g711_20db,eval
${DATA_ROOT}/clips/175522_7Hz37FoUWV3ZFiMU_0070.wav,bonafide,hi-en,175522,mucs2021,none,channel_g711_20db,eval
${DATA_ROOT}/clips/175522_7Hz37FoUWV3ZFiMU_0071.wav,bonafide,hi-en,175522,mucs2021,none,channel_g711_20db,eval
${DATA_ROOT}/clips/175522_7Hz37FoUWV3ZFiMU_0072.wav,bonafide,hi-en,175522,mucs2021,none,channel_g711_20db,eval
${DATA_ROOT}/clips/175522_7Hz37FoUWV3ZFiMU_0073.wav,bonafide,hi-en,175522,mucs2021,none,channel_g711_20db,eval
${DATA_ROOT}/clips/175522_7Hz37FoUWV3ZFiMU_0074.wav,bonafide,hi-en,175522,mucs2021,none,channel_g711_20db,eval
${DATA_ROOT}/clips/175522_7Hz37FoUWV3ZFiMU_0075.wav,bonafide,hi-en,175522,mucs2021,none,channel_g711_20db,eval
${DATA_ROOT}/clips/175522_7Hz37FoUWV3ZFiMU_0076.wav,bonafide,hi-en,175522,mucs2021,none,channel_g711_20db,eval
${DATA_ROOT}/clips/175522_7Hz37FoUWV3ZFiMU_0077.wav,bonafide,hi-en,175522,mucs2021,none,channel_g711_20db,eval
${DATA_ROOT}/clips/175522_7Hz37FoUWV3ZFiMU_0078.wav,bonafide,hi-en,175522,mucs2021,none,channel_g711_20db,eval
${DATA_ROOT}/clips/175522_7Hz37FoUWV3ZFiMU_0079.wav,bonafide,hi-en,175522,mucs2021,none,channel_g711_20db,eval
${DATA_ROOT}/clips/175522_7Hz37FoUWV3ZFiMU_0080.wav,bonafide,hi-en,175522,mucs2021,none,channel_g711_20db,eval
${DATA_ROOT}/clips/175522_7Hz37FoUWV3ZFiMU_0081.wav,bonafide,hi-en,175522,mucs2021,none,channel_g711_20db,eval
${DATA_ROOT}/clips/175522_7Hz37FoUWV3ZFiMU_0082.wav,bonafide,hi-en,175522,mucs2021,none,channel_g711_20db,eval
${DATA_ROOT}/clips/175522_7Hz37FoUWV3ZFiMU_0083.wav,bonafide,hi-en,175522,mucs2021,none,channel_g711_20db,eval
${DATA_ROOT}/clips/175522_7Hz37FoUWV3ZFiMU_0084.wav,bonafide,hi-en,175522,mucs2021,none,channel_g711_20db,eval
${DATA_ROOT}/clips/175522_7Hz37FoUWV3ZFiMU_0085.wav,bonafide,hi-en,175522,mucs2021,none,channel_g711_20db,eval
${DATA_ROOT}/clips/175522_7Hz37FoUWV3ZFiMU_0086.wav,bonafide,hi-en,175522,mucs2021,none,channel_g711_20db,eval
${DATA_ROOT}/clips/175522_7Hz37FoUWV3ZFiMU_0087.wav,bonafide,hi-en,175522,mucs2021,none,channel_g711_20db,eval
${DATA_ROOT}/clips/175522_7Hz37FoUWV3ZFiMU_0088.wav,bonafide,hi-en,175522,mucs2021,none,channel_g711_20db,eval
${DATA_ROOT}/clips/175522_7Hz37FoUWV3ZFiMU_0089.wav,bonafide,hi-en,175522,mucs2021,none,channel_g711_20db,eval
${DATA_ROOT}/clips/175522_7Hz37FoUWV3ZFiMU_0090.wav,bonafide,hi-en,175522,mucs2021,none,channel_g711_20db,eval
${DATA_ROOT}/clips/175522_7Hz37FoUWV3ZFiMU_0091.wav,bonafide,hi-en,175522,mucs2021,none,channel_g711_20db,eval
${DATA_ROOT}/clips/175522_7Hz37FoUWV3ZFiMU_0092.wav,bonafide,hi-en,175522,mucs2021,none,channel_g711_20db,eval
${DATA_ROOT}/clips/175522_7Hz37FoUWV3ZFiMU_0093.wav,bonafide,hi-en,175522,mucs2021,none,channel_g711_20db,eval
${DATA_ROOT}/clips/175522_7Hz37FoUWV3ZFiMU_0094.wav,bonafide,hi-en,175522,mucs2021,none,channel_g711_20db,eval
${DATA_ROOT}/clips/175522_7Hz37FoUWV3ZFiMU_0095.wav,bonafide,hi-en,175522,mucs2021,none,channel_g711_20db,eval
${DATA_ROOT}/clips/175522_7Hz37FoUWV3ZFiMU_0096.wav,bonafide,hi-en,175522,mucs2021,none,channel_g711_20db,eval
${DATA_ROOT}/clips/175522_7Hz37FoUWV3ZFiMU_0097.wav,bonafide,hi-en,175522,mucs2021,none,channel_g711_20db,eval
${DATA_ROOT}/clips/175522_7Hz37FoUWV3ZFiMU_0098.wav,bonafide,hi-en,175522,mucs2021,none,channel_g711_20db,eval
${DATA_ROOT}/clips/175522_7Hz37FoUWV3ZFiMU_0099.wav,bonafide,hi-en,175522,mucs2021,none,channel_g711_20db,eval
${DATA_ROOT}/clips/175522_7Hz37FoUWV3ZFiMU_0100.wav,bonafide,hi-en,175522,mucs2021,none,channel_g711_20db,eval
${DATA_ROOT}/clips/175522_7Hz37FoUWV3ZFiMU_0101.wav,bonafide,hi-en,175522,mucs2021,none,channel_g711_20db,eval
${DATA_ROOT}/clips/232748_sKqPXTyNgbuqBiCf_0000.wav,bonafide,hi-en,232748,mucs2021,none,channel_g711_20db,eval
${DATA_ROOT}/clips/232748_sKqPXTyNgbuqBiCf_0001.wav,bonafide,hi-en,232748,mucs2021,none,channel_g711_20db,eval
${DATA_ROOT}/clips/232748_sKqPXTyNgbuqBiCf_0002.wav,bonafide,hi-en,232748,mucs2021,none,channel_g711_20db,eval
${DATA_ROOT}/clips/232748_sKqPXTyNgbuqBiCf_0003.wav,bonafide,hi-en,232748,mucs2021,none,channel_g711_20db,eval
${DATA_ROOT}/clips/232748_sKqPXTyNgbuqBiCf_0004.wav,bonafide,hi-en,232748,mucs2021,none,channel_g711_20db,eval
${DATA_ROOT}/clips/232748_sKqPXTyNgbuqBiCf_0005.wav,bonafide,hi-en,232748,mucs2021,none,channel_g711_20db,eval
${DATA_ROOT}/clips/232748_sKqPXTyNgbuqBiCf_0006.wav,bonafide,hi-en,232748,mucs2021,none,channel_g711_20db,eval
${DATA_ROOT}/clips/232748_sKqPXTyNgbuqBiCf_0007.wav,bonafide,hi-en,232748,mucs2021,none,channel_g711_20db,eval
${DATA_ROOT}/clips/232748_sKqPXTyNgbuqBiCf_0008.wav,bonafide,hi-en,232748,mucs2021,none,channel_g711_20db,eval
${DATA_ROOT}/clips/232748_sKqPXTyNgbuqBiCf_0009.wav,bonafide,hi-en,232748,mucs2021,none,channel_g711_20db,eval
${DATA_ROOT}/clips/232748_sKqPXTyNgbuqBiCf_0010.wav,bonafide,hi-en,232748,mucs2021,none,channel_g711_20db,eval
${DATA_ROOT}/clips/232748_sKqPXTyNgbuqBiCf_0011.wav,bonafide,hi-en,232748,mucs2021,none,channel_g711_20db,eval
${DATA_ROOT}/clips/232748_sKqPXTyNgbuqBiCf_0012.wav,bonafide,hi-en,232748,mucs2021,none,channel_g711_20db,eval
${DATA_ROOT}/clips/232748_sKqPXTyNgbuqBiCf_0013.wav,bonafide,hi-en,232748,mucs2021,none,channel_g711_20db,eval
${DATA_ROOT}/clips/232748_sKqPXTyNgbuqBiCf_0014.wav,bonafide,hi-en,232748,mucs2021,none,channel_g711_20db,eval
${DATA_ROOT}/clips/232748_sKqPXTyNgbuqBiCf_0015.wav,bonafide,hi-en,232748,mucs2021,none,channel_g711_20db,eval
${DATA_ROOT}/clips/232748_sKqPXTyNgbuqBiCf_0016.wav,bonafide,hi-en,232748,mucs2021,none,channel_g711_20db,eval
${DATA_ROOT}/clips/232748_sKqPXTyNgbuqBiCf_0017.wav,bonafide,hi-en,232748,mucs2021,none,channel_g711_20db,eval
${DATA_ROOT}/clips/232748_sKqPXTyNgbuqBiCf_0018.wav,bonafide,hi-en,232748,mucs2021,none,channel_g711_20db,eval
${DATA_ROOT}/clips/232748_sKqPXTyNgbuqBiCf_0019.wav,bonafide,hi-en,232748,mucs2021,none,channel_g711_20db,eval
${DATA_ROOT}/clips/232748_sKqPXTyNgbuqBiCf_0020.wav,bonafide,hi-en,232748,mucs2021,none,channel_g711_20db,eval
${DATA_ROOT}/clips/232748_sKqPXTyNgbuqBiCf_0021.wav,bonafide,hi-en,232748,mucs2021,none,channel_g711_20db,eval
${DATA_ROOT}/clips/232748_sKqPXTyNgbuqBiCf_0022.wav,bonafide,hi-en,232748,mucs2021,none,channel_g711_20db,eval
${DATA_ROOT}/clips/232748_sKqPXTyNgbuqBiCf_0023.wav,bonafide,hi-en,232748,mucs2021,none,channel_g711_20db,eval
${DATA_ROOT}/clips/232748_sKqPXTyNgbuqBiCf_0024.wav,bonafide,hi-en,232748,mucs2021,none,channel_g711_20db,eval
${DATA_ROOT}/clips/232748_sKqPXTyNgbuqBiCf_0025.wav,bonafide,hi-en,232748,mucs2021,none,channel_g711_20db,eval
${DATA_ROOT}/clips/232748_sKqPXTyNgbuqBiCf_0026.wav,bonafide,hi-en,232748,mucs2021,none,channel_g711_20db,eval
${DATA_ROOT}/clips/232748_sKqPXTyNgbuqBiCf_0027.wav,bonafide,hi-en,232748,mucs2021,none,channel_g711_20db,eval
${DATA_ROOT}/clips/232748_sKqPXTyNgbuqBiCf_0028.wav,bonafide,hi-en,232748,mucs2021,none,channel_g711_20db,eval
${DATA_ROOT}/clips/232748_sKqPXTyNgbuqBiCf_0029.wav,bonafide,hi-en,232748,mucs2021,none,channel_g711_20db,eval
${DATA_ROOT}/clips/232748_sKqPXTyNgbuqBiCf_0030.wav,bonafide,hi-en,232748,mucs2021,none,channel_g711_20db,eval
${DATA_ROOT}/clips/232748_sKqPXTyNgbuqBiCf_0031.wav,bonafide,hi-en,232748,mucs2021,none,channel_g711_20db,eval
${DATA_ROOT}/clips/232748_sKqPXTyNgbuqBiCf_0032.wav,bonafide,hi-en,232748,mucs2021,none,channel_g711_20db,eval
${DATA_ROOT}/clips/232748_sKqPXTyNgbuqBiCf_0033.wav,bonafide,hi-en,232748,mucs2021,none,channel_g711_20db,eval
${DATA_ROOT}/clips/232748_sKqPXTyNgbuqBiCf_0034.wav,bonafide,hi-en,232748,mucs2021,none,channel_g711_20db,eval
${DATA_ROOT}/clips/232748_sKqPXTyNgbuqBiCf_0035.wav,bonafide,hi-en,232748,mucs2021,none,channel_g711_20db,eval
${DATA_ROOT}/clips/232748_sKqPXTyNgbuqBiCf_0036.wav,bonafide,hi-en,232748,mucs2021,none,channel_g711_20db,eval
${DATA_ROOT}/clips/232748_sKqPXTyNgbuqBiCf_0037.wav,bonafide,hi-en,232748,mucs2021,none,channel_g711_20db,eval
${DATA_ROOT}/clips/232748_sKqPXTyNgbuqBiCf_0038.wav,bonafide,hi-en,232748,mucs2021,none,channel_g711_20db,eval
${DATA_ROOT}/clips/232748_sKqPXTyNgbuqBiCf_0039.wav,bonafide,hi-en,232748,mucs2021,none,channel_g711_20db,eval
${DATA_ROOT}/clips/232748_sKqPXTyNgbuqBiCf_0040.wav,bonafide,hi-en,232748,mucs2021,none,channel_g711_20db,eval
${DATA_ROOT}/clips/232748_sKqPXTyNgbuqBiCf_0041.wav,bonafide,hi-en,232748,mucs2021,none,channel_g711_20db,eval
${DATA_ROOT}/clips/232748_sKqPXTyNgbuqBiCf_0042.wav,bonafide,hi-en,232748,mucs2021,none,channel_g711_20db,eval
${DATA_ROOT}/clips/232748_sKqPXTyNgbuqBiCf_0043.wav,bonafide,hi-en,232748,mucs2021,none,channel_g711_20db,eval
${DATA_ROOT}/clips/232748_sKqPXTyNgbuqBiCf_0044.wav,bonafide,hi-en,232748,mucs2021,none,channel_g711_20db,eval
${DATA_ROOT}/clips/232748_sKqPXTyNgbuqBiCf_0045.wav,bonafide,hi-en,232748,mucs2021,none,channel_g711_20db,eval
${DATA_ROOT}/clips/232748_sKqPXTyNgbuqBiCf_0046.wav,bonafide,hi-en,232748,mucs2021,none,channel_g711_20db,eval
${DATA_ROOT}/clips/232748_sKqPXTyNgbuqBiCf_0047.wav,bonafide,hi-en,232748,mucs2021,none,channel_g711_20db,eval
${DATA_ROOT}/clips/232748_sKqPXTyNgbuqBiCf_0048.wav,bonafide,hi-en,232748,mucs2021,none,channel_g711_20db,eval
${DATA_ROOT}/clips/232748_sKqPXTyNgbuqBiCf_0049.wav,bonafide,hi-en,232748,mucs2021,none,channel_g711_20db,eval
${DATA_ROOT}/clips/232748_sKqPXTyNgbuqBiCf_0050.wav,bonafide,hi-en,232748,mucs2021,none,channel_g711_20db,eval
${DATA_ROOT}/clips/232748_sKqPXTyNgbuqBiCf_0051.wav,bonafide,hi-en,232748,mucs2021,none,channel_g711_20db,eval
${DATA_ROOT}/clips/232748_sKqPXTyNgbuqBiCf_0052.wav,bonafide,hi-en,232748,mucs2021,none,channel_g711_20db,eval
${DATA_ROOT}/clips/232748_sKqPXTyNgbuqBiCf_0053.wav,bonafide,hi-en,232748,mucs2021,none,channel_g711_20db,eval
${DATA_ROOT}/clips/232748_sKqPXTyNgbuqBiCf_0054.wav,bonafide,hi-en,232748,mucs2021,none,channel_g711_20db,eval
${DATA_ROOT}/clips/232748_sKqPXTyNgbuqBiCf_0055.wav,bonafide,hi-en,232748,mucs2021,none,channel_g711_20db,eval
${DATA_ROOT}/clips/232748_sKqPXTyNgbuqBiCf_0056.wav,bonafide,hi-en,232748,mucs2021,none,channel_g711_20db,eval
${DATA_ROOT}/clips/232748_sKqPXTyNgbuqBiCf_0057.wav,bonafide,hi-en,232748,mucs2021,none,channel_g711_20db,eval
${DATA_ROOT}/clips/232748_sKqPXTyNgbuqBiCf_0058.wav,bonafide,hi-en,232748,mucs2021,none,channel_g711_20db,eval
${DATA_ROOT}/clips/232748_sKqPXTyNgbuqBiCf_0059.wav,bonafide,hi-en,232748,mucs2021,none,channel_g711_20db,eval
${DATA_ROOT}/clips/232748_sKqPXTyNgbuqBiCf_0060.wav,bonafide,hi-en,232748,mucs2021,none,channel_g711_20db,eval
${DATA_ROOT}/clips/232748_sKqPXTyNgbuqBiCf_0061.wav,bonafide,hi-en,232748,mucs2021,none,channel_g711_20db,eval
${DATA_ROOT}/clips/232748_sKqPXTyNgbuqBiCf_0062.wav,bonafide,hi-en,232748,mucs2021,none,channel_g711_20db,eval
${DATA_ROOT}/clips/232748_sKqPXTyNgbuqBiCf_0063.wav,bonafide,hi-en,232748,mucs2021,none,channel_g711_20db,eval
${DATA_ROOT}/clips/232748_sKqPXTyNgbuqBiCf_0064.wav,bonafide,hi-en,232748,mucs2021,none,channel_g711_20db,eval
${DATA_ROOT}/clips/232748_sKqPXTyNgbuqBiCf_0065.wav,bonafide,hi-en,232748,mucs2021,none,channel_g711_20db,eval
${DATA_ROOT}/clips/232748_sKqPXTyNgbuqBiCf_0066.wav,bonafide,hi-en,232748,mucs2021,none,channel_g711_20db,eval
${DATA_ROOT}/clips/232748_sKqPXTyNgbuqBiCf_0067.wav,bonafide,hi-en,232748,mucs2021,none,channel_g711_20db,eval
${DATA_ROOT}/clips/232748_sKqPXTyNgbuqBiCf_0068.wav,bonafide,hi-en,232748,mucs2021,none,channel_g711_20db,eval
${DATA_ROOT}/clips/232748_sKqPXTyNgbuqBiCf_0069.wav,bonafide,hi-en,232748,mucs2021,none,channel_g711_20db,eval
${DATA_ROOT}/clips/232748_sKqPXTyNgbuqBiCf_0070.wav,bonafide,hi-en,232748,mucs2021,none,channel_g711_20db,eval
${DATA_ROOT}/clips/232748_sKqPXTyNgbuqBiCf_0071.wav,bonafide,hi-en,232748,mucs2021,none,channel_g711_20db,eval
${DATA_ROOT}/clips/232748_sKqPXTyNgbuqBiCf_0072.wav,bonafide,hi-en,232748,mucs2021,none,channel_g711_20db,eval
${DATA_ROOT}/clips/232748_sKqPXTyNgbuqBiCf_0073.wav,bonafide,hi-en,232748,mucs2021,none,channel_g711_20db,eval
${DATA_ROOT}/clips/232748_sKqPXTyNgbuqBiCf_0074.wav,bonafide,hi-en,232748,mucs2021,none,channel_g711_20db,eval
${DATA_ROOT}/clips/232748_sKqPXTyNgbuqBiCf_0075.wav,bonafide,hi-en,232748,mucs2021,none,channel_g711_20db,eval
${DATA_ROOT}/clips/232748_sKqPXTyNgbuqBiCf_0076.wav,bonafide,hi-en,232748,mucs2021,none,channel_g711_20db,eval
${DATA_ROOT}/clips/232748_sKqPXTyNgbuqBiCf_0077.wav,bonafide,hi-en,232748,mucs2021,none,channel_g711_20db,eval
${DATA_ROOT}/clips/232748_sKqPXTyNgbuqBiCf_0078.wav,bonafide,hi-en,232748,mucs2021,none,channel_g711_20db,eval
${DATA_ROOT}/clips/232748_sKqPXTyNgbuqBiCf_0079.wav,bonafide,hi-en,232748,mucs2021,none,channel_g711_20db,eval
${DATA_ROOT}/clips/232748_sKqPXTyNgbuqBiCf_0080.wav,bonafide,hi-en,232748,mucs2021,none,channel_g711_20db,eval
${DATA_ROOT}/clips/232748_sKqPXTyNgbuqBiCf_0081.wav,bonafide,hi-en,232748,mucs2021,none,channel_g711_20db,eval
${DATA_ROOT}/clips/232748_sKqPXTyNgbuqBiCf_0082.wav,bonafide,hi-en,232748,mucs2021,none,channel_g711_20db,eval
${DATA_ROOT}/clips/232748_sKqPXTyNgbuqBiCf_0083.wav,bonafide,hi-en,232748,mucs2021,none,channel_g711_20db,eval
${DATA_ROOT}/clips/232748_sKqPXTyNgbuqBiCf_0084.wav,bonafide,hi-en,232748,mucs2021,none,channel_g711_20db,eval
${DATA_ROOT}/clips/232748_sKqPXTyNgbuqBiCf_0085.wav,bonafide,hi-en,232748,mucs2021,none,channel_g711_20db,eval
${DATA_ROOT}/clips/232748_sKqPXTyNgbuqBiCf_0086.wav,bonafide,hi-en,232748,mucs2021,none,channel_g711_20db,eval
${DATA_ROOT}/clips/232748_sKqPXTyNgbuqBiCf_0087.wav,bonafide,hi-en,232748,mucs2021,none,channel_g711_20db,eval
${DATA_ROOT}/clips/238121_Vwrx3NuWik2VD2MU_0000.wav,bonafide,hi-en,238121,mucs2021,none,channel_g711_20db,eval
${DATA_ROOT}/clips/238121_Vwrx3NuWik2VD2MU_0001.wav,bonafide,hi-en,238121,mucs2021,none,channel_g711_20db,eval
${DATA_ROOT}/clips/238121_Vwrx3NuWik2VD2MU_0002.wav,bonafide,hi-en,238121,mucs2021,none,channel_g711_20db,eval
${DATA_ROOT}/clips/238121_Vwrx3NuWik2VD2MU_0003.wav,bonafide,hi-en,238121,mucs2021,none,channel_g711_20db,eval
${DATA_ROOT}/clips/238121_Vwrx3NuWik2VD2MU_0004.wav,bonafide,hi-en,238121,mucs2021,none,channel_g711_20db,eval
${DATA_ROOT}/clips/238121_Vwrx3NuWik2VD2MU_0005.wav,bonafide,hi-en,238121,mucs2021,none,channel_g711_20db,eval
${DATA_ROOT}/clips/238121_Vwrx3NuWik2VD2MU_0006.wav,bonafide,hi-en,238121,mucs2021,none,channel_g711_20db,eval
${DATA_ROOT}/clips/238121_Vwrx3NuWik2VD2MU_0007.wav,bonafide,hi-en,238121,mucs2021,none,channel_g711_20db,eval
${DATA_ROOT}/clips/238121_Vwrx3NuWik2VD2MU_0008.wav,bonafide,hi-en,238121,mucs2021,none,channel_g711_20db,eval
${DATA_ROOT}/clips/238121_Vwrx3NuWik2VD2MU_0009.wav,bonafide,hi-en,238121,mucs2021,none,channel_g711_20db,eval
${DATA_ROOT}/clips/238121_Vwrx3NuWik2VD2MU_0010.wav,bonafide,hi-en,238121,mucs2021,none,channel_g711_20db,eval
${DATA_ROOT}/clips/238121_Vwrx3NuWik2VD2MU_0011.wav,bonafide,hi-en,238121,mucs2021,none,channel_g711_20db,eval
${DATA_ROOT}/clips/238121_Vwrx3NuWik2VD2MU_0012.wav,bonafide,hi-en,238121,mucs2021,none,channel_g711_20db,eval
${DATA_ROOT}/clips/238121_Vwrx3NuWik2VD2MU_0013.wav,bonafide,hi-en,238121,mucs2021,none,channel_g711_20db,eval
${DATA_ROOT}/clips/238121_Vwrx3NuWik2VD2MU_0014.wav,bonafide,hi-en,238121,mucs2021,none,channel_g711_20db,eval
${DATA_ROOT}/clips/238121_Vwrx3NuWik2VD2MU_0015.wav,bonafide,hi-en,238121,mucs2021,none,channel_g711_20db,eval
${DATA_ROOT}/clips/238121_Vwrx3NuWik2VD2MU_0016.wav,bonafide,hi-en,238121,mucs2021,none,channel_g711_20db,eval
${DATA_ROOT}/clips/238121_Vwrx3NuWik2VD2MU_0017.wav,bonafide,hi-en,238121,mucs2021,none,channel_g711_20db,eval
${DATA_ROOT}/clips/238121_Vwrx3NuWik2VD2MU_0018.wav,bonafide,hi-en,238121,mucs2021,none,channel_g711_20db,eval
${DATA_ROOT}/clips/238121_Vwrx3NuWik2VD2MU_0019.wav,bonafide,hi-en,238121,mucs2021,none,channel_g711_20db,eval
${DATA_ROOT}/clips/238121_Vwrx3NuWik2VD2MU_0020.wav,bonafide,hi-en,238121,mucs2021,none,channel_g711_20db,eval
${DATA_ROOT}/clips/238121_Vwrx3NuWik2VD2MU_0021.wav,bonafide,hi-en,238121,mucs2021,none,channel_g711_20db,eval
${DATA_ROOT}/clips/238121_Vwrx3NuWik2VD2MU_0022.wav,bonafide,hi-en,238121,mucs2021,none,channel_g711_20db,eval
${DATA_ROOT}/clips/238121_Vwrx3NuWik2VD2MU_0023.wav,bonafide,hi-en,238121,mucs2021,none,channel_g711_20db,eval
${DATA_ROOT}/clips/238121_Vwrx3NuWik2VD2MU_0024.wav,bonafide,hi-en,238121,mucs2021,none,channel_g711_20db,eval
${DATA_ROOT}/clips/238121_Vwrx3NuWik2VD2MU_0025.wav,bonafide,hi-en,238121,mucs2021,none,channel_g711_20db,eval
${DATA_ROOT}/clips/238121_Vwrx3NuWik2VD2MU_0026.wav,bonafide,hi-en,238121,mucs2021,none,channel_g711_20db,eval
${DATA_ROOT}/clips/238121_Vwrx3NuWik2VD2MU_0027.wav,bonafide,hi-en,238121,mucs2021,none,channel_g711_20db,eval
${DATA_ROOT}/clips/238121_Vwrx3NuWik2VD2MU_0028.wav,bonafide,hi-en,238121,mucs2021,none,channel_g711_20db,eval
${DATA_ROOT}/clips/238121_Vwrx3NuWik2VD2MU_0029.wav,bonafide,hi-en,238121,mucs2021,none,channel_g711_20db,eval
${DATA_ROOT}/clips/238121_Vwrx3NuWik2VD2MU_0030.wav,bonafide,hi-en,238121,mucs2021,none,channel_g711_20db,eval
${DATA_ROOT}/clips/238121_Vwrx3NuWik2VD2MU_0031.wav,bonafide,hi-en,238121,mucs2021,none,channel_g711_20db,eval
${DATA_ROOT}/clips/238121_Vwrx3NuWik2VD2MU_0032.wav,bonafide,hi-en,238121,mucs2021,none,channel_g711_20db,eval
${DATA_ROOT}/clips/238121_Vwrx3NuWik2VD2MU_0033.wav,bonafide,hi-en,238121,mucs2021,none,channel_g711_20db,eval
${DATA_ROOT}/clips/238121_Vwrx3NuWik2VD2MU_0034.wav,bonafide,hi-en,238121,mucs2021,none,channel_g711_20db,eval
${DATA_ROOT}/clips/238121_Vwrx3NuWik2VD2MU_0035.wav,bonafide,hi-en,238121,mucs2021,none,channel_g711_20db,eval
${DATA_ROOT}/clips/238121_Vwrx3NuWik2VD2MU_0036.wav,bonafide,hi-en,238121,mucs2021,none,channel_g711_20db,eval
${DATA_ROOT}/clips/238121_Vwrx3NuWik2VD2MU_0037.wav,bonafide,hi-en,238121,mucs2021,none,channel_g711_20db,eval
${DATA_ROOT}/clips/238121_Vwrx3NuWik2VD2MU_0038.wav,bonafide,hi-en,238121,mucs2021,none,channel_g711_20db,eval
${DATA_ROOT}/clips/238121_Vwrx3NuWik2VD2MU_0039.wav,bonafide,hi-en,238121,mucs2021,none,channel_g711_20db,eval
${DATA_ROOT}/clips/238121_Vwrx3NuWik2VD2MU_0040.wav,bonafide,hi-en,238121,mucs2021,none,channel_g711_20db,eval
${DATA_ROOT}/clips/238121_Vwrx3NuWik2VD2MU_0041.wav,bonafide,hi-en,238121,mucs2021,none,channel_g711_20db,eval
${DATA_ROOT}/clips/238121_Vwrx3NuWik2VD2MU_0042.wav,bonafide,hi-en,238121,mucs2021,none,channel_g711_20db,eval
${DATA_ROOT}/clips/238121_Vwrx3NuWik2VD2MU_0043.wav,bonafide,hi-en,238121,mucs2021,none,channel_g711_20db,eval
${DATA_ROOT}/clips/238121_Vwrx3NuWik2VD2MU_0044.wav,bonafide,hi-en,238121,mucs2021,none,channel_g711_20db,eval
${DATA_ROOT}/clips/238121_Vwrx3NuWik2VD2MU_0045.wav,bonafide,hi-en,238121,mucs2021,none,channel_g711_20db,eval
${DATA_ROOT}/clips/238121_Vwrx3NuWik2VD2MU_0046.wav,bonafide,hi-en,238121,mucs2021,none,channel_g711_20db,eval
${DATA_ROOT}/clips/238121_Vwrx3NuWik2VD2MU_0047.wav,bonafide,hi-en,238121,mucs2021,none,channel_g711_20db,eval
${DATA_ROOT}/clips/238121_Vwrx3NuWik2VD2MU_0048.wav,bonafide,hi-en,238121,mucs2021,none,channel_g711_20db,eval
${DATA_ROOT}/clips/238121_Vwrx3NuWik2VD2MU_0049.wav,bonafide,hi-en,238121,mucs2021,none,channel_g711_20db,eval
${DATA_ROOT}/clips/238121_Vwrx3NuWik2VD2MU_0050.wav,bonafide,hi-en,238121,mucs2021,none,channel_g711_20db,eval
${DATA_ROOT}/clips/238121_Vwrx3NuWik2VD2MU_0051.wav,bonafide,hi-en,238121,mucs2021,none,channel_g711_20db,eval
${DATA_ROOT}/clips/238121_Vwrx3NuWik2VD2MU_0052.wav,bonafide,hi-en,238121,mucs2021,none,channel_g711_20db,eval
${DATA_ROOT}/clips/238121_Vwrx3NuWik2VD2MU_0053.wav,bonafide,hi-en,238121,mucs2021,none,channel_g711_20db,eval
${DATA_ROOT}/clips/238121_Vwrx3NuWik2VD2MU_0054.wav,bonafide,hi-en,238121,mucs2021,none,channel_g711_20db,eval
${DATA_ROOT}/clips/238121_Vwrx3NuWik2VD2MU_0055.wav,bonafide,hi-en,238121,mucs2021,none,channel_g711_20db,eval
${DATA_ROOT}/clips/238121_Vwrx3NuWik2VD2MU_0056.wav,bonafide,hi-en,238121,mucs2021,none,channel_g711_20db,eval
${DATA_ROOT}/clips/238121_Vwrx3NuWik2VD2MU_0057.wav,bonafide,hi-en,238121,mucs2021,none,channel_g711_20db,eval
${DATA_ROOT}/clips/238121_Vwrx3NuWik2VD2MU_0058.wav,bonafide,hi-en,238121,mucs2021,none,channel_g711_20db,eval
${DATA_ROOT}/clips/238121_Vwrx3NuWik2VD2MU_0059.wav,bonafide,hi-en,238121,mucs2021,none,channel_g711_20db,eval
${DATA_ROOT}/clips/238121_Vwrx3NuWik2VD2MU_0060.wav,bonafide,hi-en,238121,mucs2021,none,channel_g711_20db,eval
${DATA_ROOT}/clips/238121_Vwrx3NuWik2VD2MU_0061.wav,bonafide,hi-en,238121,mucs2021,none,channel_g711_20db,eval
${DATA_ROOT}/clips/238121_Vwrx3NuWik2VD2MU_0062.wav,bonafide,hi-en,238121,mucs2021,none,channel_g711_20db,eval
${DATA_ROOT}/clips/238121_Vwrx3NuWik2VD2MU_0063.wav,bonafide,hi-en,238121,mucs2021,none,channel_g711_20db,eval
${DATA_ROOT}/clips/238121_Vwrx3NuWik2VD2MU_0064.wav,bonafide,hi-en,238121,mucs2021,none,channel_g711_20db,eval
${DATA_ROOT}/clips/238121_Vwrx3NuWik2VD2MU_0065.wav,bonafide,hi-en,238121,mucs2021,none,channel_g711_20db,eval
${DATA_ROOT}/clips/238121_Vwrx3NuWik2VD2MU_0066.wav,bonafide,hi-en,238121,mucs2021,none,channel_g711_20db,eval
${DATA_ROOT}/clips/238121_Vwrx3NuWik2VD2MU_0067.wav,bonafide,hi-en,238121,mucs2021,none,channel_g711_20db,eval
${DATA_ROOT}/clips/238121_Vwrx3NuWik2VD2MU_0068.wav,bonafide,hi-en,238121,mucs2021,none,channel_g711_20db,eval
${DATA_ROOT}/clips/238121_Vwrx3NuWik2VD2MU_0069.wav,bonafide,hi-en,238121,mucs2021,none,channel_g711_20db,eval
${DATA_ROOT}/clips/238121_Vwrx3NuWik2VD2MU_0070.wav,bonafide,hi-en,238121,mucs2021,none,channel_g711_20db,eval
${DATA_ROOT}/clips/238121_Vwrx3NuWik2VD2MU_0071.wav,bonafide,hi-en,238121,mucs2021,none,channel_g711_20db,eval
${DATA_ROOT}/clips/238121_Vwrx3NuWik2VD2MU_0072.wav,bonafide,hi-en,238121,mucs2021,none,channel_g711_20db,eval
${DATA_ROOT}/clips/238121_Vwrx3NuWik2VD2MU_0073.wav,bonafide,hi-en,238121,mucs2021,none,channel_g711_20db,eval
${DATA_ROOT}/clips/238121_Vwrx3NuWik2VD2MU_0074.wav,bonafide,hi-en,238121,mucs2021,none,channel_g711_20db,eval
${DATA_ROOT}/clips/238121_Vwrx3NuWik2VD2MU_0075.wav,bonafide,hi-en,238121,mucs2021,none,channel_g711_20db,eval
${DATA_ROOT}/clips/238121_Vwrx3NuWik2VD2MU_0076.wav,bonafide,hi-en,238121,mucs2021,none,channel_g711_20db,eval
${DATA_ROOT}/clips/238121_Vwrx3NuWik2VD2MU_0077.wav,bonafide,hi-en,238121,mucs2021,none,channel_g711_20db,eval
${DATA_ROOT}/clips/238121_Vwrx3NuWik2VD2MU_0078.wav,bonafide,hi-en,238121,mucs2021,none,channel_g711_20db,eval
${DATA_ROOT}/clips/238121_Vwrx3NuWik2VD2MU_0079.wav,bonafide,hi-en,238121,mucs2021,none,channel_g711_20db,eval
${DATA_ROOT}/clips/238121_Vwrx3NuWik2VD2MU_0080.wav,bonafide,hi-en,238121,mucs2021,none,channel_g711_20db,eval
${DATA_ROOT}/clips/238121_Vwrx3NuWik2VD2MU_0081.wav,bonafide,hi-en,238121,mucs2021,none,channel_g711_20db,eval
${DATA_ROOT}/clips/238121_Vwrx3NuWik2VD2MU_0082.wav,bonafide,hi-en,238121,mucs2021,none,channel_g711_20db,eval
${DATA_ROOT}/clips/238121_Vwrx3NuWik2VD2MU_0083.wav,bonafide,hi-en,238121,mucs2021,none,channel_g711_20db,eval
${DATA_ROOT}/clips/238121_Vwrx3NuWik2VD2MU_0084.wav,bonafide,hi-en,238121,mucs2021,none,channel_g711_20db,eval
${DATA_ROOT}/clips/238121_Vwrx3NuWik2VD2MU_0085.wav,bonafide,hi-en,238121,mucs2021,none,channel_g711_20db,eval
${DATA_ROOT}/clips/238121_Vwrx3NuWik2VD2MU_0086.wav,bonafide,hi-en,238121,mucs2021,none,channel_g711_20db,eval
${DATA_ROOT}/clips/238121_Vwrx3NuWik2VD2MU_0087.wav,bonafide,hi-en,238121,mucs2021,none,channel_g711_20db,eval
${DATA_ROOT}/clips/238121_Vwrx3NuWik2VD2MU_0088.wav,bonafide,hi-en,238121,mucs2021,none,channel_g711_20db,eval
${DATA_ROOT}/clips/238121_Vwrx3NuWik2VD2MU_0089.wav,bonafide,hi-en,238121,mucs2021,none,channel_g711_20db,eval
${DATA_ROOT}/clips/238121_Vwrx3NuWik2VD2MU_0090.wav,bonafide,hi-en,238121,mucs2021,none,channel_g711_20db,eval
${DATA_ROOT}/clips/238121_Vwrx3NuWik2VD2MU_0091.wav,bonafide,hi-en,238121,mucs2021,none,channel_g711_20db,eval
${DATA_ROOT}/clips/386410_gNJ4JccADvXplv9k_0000.wav,bonafide,hi-en,386410,mucs2021,none,channel_g711_20db,eval
${DATA_ROOT}/clips/386410_gNJ4JccADvXplv9k_0001.wav,bonafide,hi-en,386410,mucs2021,none,channel_g711_20db,eval
${DATA_ROOT}/clips/386410_gNJ4JccADvXplv9k_0002.wav,bonafide,hi-en,386410,mucs2021,none,channel_g711_20db,eval
${DATA_ROOT}/clips/386410_gNJ4JccADvXplv9k_0003.wav,bonafide,hi-en,386410,mucs2021,none,channel_g711_20db,eval
${DATA_ROOT}/clips/386410_gNJ4JccADvXplv9k_0004.wav,bonafide,hi-en,386410,mucs2021,none,channel_g711_20db,eval
${DATA_ROOT}/clips/386410_gNJ4JccADvXplv9k_0005.wav,bonafide,hi-en,386410,mucs2021,none,channel_g711_20db,eval
${DATA_ROOT}/clips/386410_gNJ4JccADvXplv9k_0006.wav,bonafide,hi-en,386410,mucs2021,none,channel_g711_20db,eval
${DATA_ROOT}/clips/386410_gNJ4JccADvXplv9k_0007.wav,bonafide,hi-en,386410,mucs2021,none,channel_g711_20db,eval
${DATA_ROOT}/clips/386410_gNJ4JccADvXplv9k_0008.wav,bonafide,hi-en,386410,mucs2021,none,channel_g711_20db,eval
${DATA_ROOT}/clips/386410_gNJ4JccADvXplv9k_0009.wav,bonafide,hi-en,386410,mucs2021,none,channel_g711_20db,eval
${DATA_ROOT}/clips/386410_gNJ4JccADvXplv9k_0010.wav,bonafide,hi-en,386410,mucs2021,none,channel_g711_20db,eval
${DATA_ROOT}/clips/386410_gNJ4JccADvXplv9k_0011.wav,bonafide,hi-en,386410,mucs2021,none,channel_g711_20db,eval
${DATA_ROOT}/clips/386410_gNJ4JccADvXplv9k_0012.wav,bonafide,hi-en,386410,mucs2021,none,channel_g711_20db,eval
${DATA_ROOT}/clips/386410_gNJ4JccADvXplv9k_0013.wav,bonafide,hi-en,386410,mucs2021,none,channel_g711_20db,eval
${DATA_ROOT}/clips/386410_gNJ4JccADvXplv9k_0014.wav,bonafide,hi-en,386410,mucs2021,none,channel_g711_20db,eval
${DATA_ROOT}/clips/386410_gNJ4JccADvXplv9k_0015.wav,bonafide,hi-en,386410,mucs2021,none,channel_g711_20db,eval
${DATA_ROOT}/clips/386410_gNJ4JccADvXplv9k_0016.wav,bonafide,hi-en,386410,mucs2021,none,channel_g711_20db,eval
${DATA_ROOT}/clips/386410_gNJ4JccADvXplv9k_0017.wav,bonafide,hi-en,386410,mucs2021,none,channel_g711_20db,eval
${DATA_ROOT}/clips/386410_gNJ4JccADvXplv9k_0018.wav,bonafide,hi-en,386410,mucs2021,none,channel_g711_20db,eval
${DATA_ROOT}/clips/386410_gNJ4JccADvXplv9k_0019.wav,bonafide,hi-en,386410,mucs2021,none,channel_g711_20db,eval
${DATA_ROOT}/clips/386410_gNJ4JccADvXplv9k_0020.wav,bonafide,hi-en,386410,mucs2021,none,channel_g711_20db,eval
${DATA_ROOT}/clips/386410_gNJ4JccADvXplv9k_0021.wav,bonafide,hi-en,386410,mucs2021,none,channel_g711_20db,eval
${DATA_ROOT}/clips/386410_gNJ4JccADvXplv9k_0022.wav,bonafide,hi-en,386410,mucs2021,none,channel_g711_20db,eval
${DATA_ROOT}/clips/386410_gNJ4JccADvXplv9k_0023.wav,bonafide,hi-en,386410,mucs2021,none,channel_g711_20db,eval
${DATA_ROOT}/clips/386410_gNJ4JccADvXplv9k_0024.wav,bonafide,hi-en,386410,mucs2021,none,channel_g711_20db,eval
${DATA_ROOT}/clips/386410_gNJ4JccADvXplv9k_0025.wav,bonafide,hi-en,386410,mucs2021,none,channel_g711_20db,eval
${DATA_ROOT}/clips/386410_gNJ4JccADvXplv9k_0026.wav,bonafide,hi-en,386410,mucs2021,none,channel_g711_20db,eval
${DATA_ROOT}/clips/386410_gNJ4JccADvXplv9k_0027.wav,bonafide,hi-en,386410,mucs2021,none,channel_g711_20db,eval
${DATA_ROOT}/clips/386410_gNJ4JccADvXplv9k_0028.wav,bonafide,hi-en,386410,mucs2021,none,channel_g711_20db,eval
${DATA_ROOT}/clips/386410_gNJ4JccADvXplv9k_0029.wav,bonafide,hi-en,386410,mucs2021,none,channel_g711_20db,eval
${DATA_ROOT}/clips/386410_gNJ4JccADvXplv9k_0030.wav,bonafide,hi-en,386410,mucs2021,none,channel_g711_20db,eval
${DATA_ROOT}/clips/386410_gNJ4JccADvXplv9k_0031.wav,bonafide,hi-en,386410,mucs2021,none,channel_g711_20db,eval
${DATA_ROOT}/clips/386410_gNJ4JccADvXplv9k_0032.wav,bonafide,hi-en,386410,mucs2021,none,channel_g711_20db,eval
${DATA_ROOT}/clips/386410_gNJ4JccADvXplv9k_0033.wav,bonafide,hi-en,386410,mucs2021,none,channel_g711_20db,eval
${DATA_ROOT}/clips/386410_gNJ4JccADvXplv9k_0034.wav,bonafide,hi-en,386410,mucs2021,none,channel_g711_20db,eval
${DATA_ROOT}/clips/386410_gNJ4JccADvXplv9k_0035.wav,bonafide,hi-en,386410,mucs2021,none,channel_g711_20db,eval
${DATA_ROOT}/clips/386410_gNJ4JccADvXplv9k_0036.wav,bonafide,hi-en,386410,mucs2021,none,channel_g711_20db,eval
${DATA_ROOT}/clips/386410_gNJ4JccADvXplv9k_0037.wav,bonafide,hi-en,386410,mucs2021,none,channel_g711_20db,eval
${DATA_ROOT}/clips/386410_gNJ4JccADvXplv9k_0038.wav,bonafide,hi-en,386410,mucs2021,none,channel_g711_20db,eval
${DATA_ROOT}/clips/386410_gNJ4JccADvXplv9k_0039.wav,bonafide,hi-en,386410,mucs2021,none,channel_g711_20db,eval
${DATA_ROOT}/clips/386410_gNJ4JccADvXplv9k_0040.wav,bonafide,hi-en,386410,mucs2021,none,channel_g711_20db,eval
${DATA_ROOT}/clips/386410_gNJ4JccADvXplv9k_0041.wav,bonafide,hi-en,386410,mucs2021,none,channel_g711_20db,eval
${DATA_ROOT}/clips/386410_gNJ4JccADvXplv9k_0042.wav,bonafide,hi-en,386410,mucs2021,none,channel_g711_20db,eval
${DATA_ROOT}/clips/386410_gNJ4JccADvXplv9k_0043.wav,bonafide,hi-en,386410,mucs2021,none,channel_g711_20db,eval
${DATA_ROOT}/clips/386410_gNJ4JccADvXplv9k_0044.wav,bonafide,hi-en,386410,mucs2021,none,channel_g711_20db,eval
${DATA_ROOT}/clips/386410_gNJ4JccADvXplv9k_0045.wav,bonafide,hi-en,386410,mucs2021,none,channel_g711_20db,eval
${DATA_ROOT}/clips/386410_gNJ4JccADvXplv9k_0046.wav,bonafide,hi-en,386410,mucs2021,none,channel_g711_20db,eval
${DATA_ROOT}/clips/386410_gNJ4JccADvXplv9k_0047.wav,bonafide,hi-en,386410,mucs2021,none,channel_g711_20db,eval
${DATA_ROOT}/clips/386410_gNJ4JccADvXplv9k_0048.wav,bonafide,hi-en,386410,mucs2021,none,channel_g711_20db,eval
${DATA_ROOT}/clips/386410_gNJ4JccADvXplv9k_0049.wav,bonafide,hi-en,386410,mucs2021,none,channel_g711_20db,eval
${DATA_ROOT}/clips/386410_gNJ4JccADvXplv9k_0050.wav,bonafide,hi-en,386410,mucs2021,none,channel_g711_20db,eval
${DATA_ROOT}/clips/386410_gNJ4JccADvXplv9k_0051.wav,bonafide,hi-en,386410,mucs2021,none,channel_g711_20db,eval
${DATA_ROOT}/clips/386410_gNJ4JccADvXplv9k_0052.wav,bonafide,hi-en,386410,mucs2021,none,channel_g711_20db,eval
${DATA_ROOT}/clips/386410_gNJ4JccADvXplv9k_0053.wav,bonafide,hi-en,386410,mucs2021,none,channel_g711_20db,eval
${DATA_ROOT}/clips/386410_gNJ4JccADvXplv9k_0054.wav,bonafide,hi-en,386410,mucs2021,none,channel_g711_20db,eval
${DATA_ROOT}/clips/386410_gNJ4JccADvXplv9k_0055.wav,bonafide,hi-en,386410,mucs2021,none,channel_g711_20db,eval
${DATA_ROOT}/clips/386410_gNJ4JccADvXplv9k_0056.wav,bonafide,hi-en,386410,mucs2021,none,channel_g711_20db,eval
${DATA_ROOT}/clips/386410_gNJ4JccADvXplv9k_0057.wav,bonafide,hi-en,386410,mucs2021,none,channel_g711_20db,eval
${DATA_ROOT}/clips/386410_gNJ4JccADvXplv9k_0058.wav,bonafide,hi-en,386410,mucs2021,none,channel_g711_20db,eval
${DATA_ROOT}/clips/386410_gNJ4JccADvXplv9k_0059.wav,bonafide,hi-en,386410,mucs2021,none,channel_g711_20db,eval
${DATA_ROOT}/clips/386410_gNJ4JccADvXplv9k_0060.wav,bonafide,hi-en,386410,mucs2021,none,channel_g711_20db,eval
${DATA_ROOT}/clips/386410_gNJ4JccADvXplv9k_0061.wav,bonafide,hi-en,386410,mucs2021,none,channel_g711_20db,eval
${DATA_ROOT}/clips/386410_gNJ4JccADvXplv9k_0062.wav,bonafide,hi-en,386410,mucs2021,none,channel_g711_20db,eval
${DATA_ROOT}/clips/386410_gNJ4JccADvXplv9k_0063.wav,bonafide,hi-en,386410,mucs2021,none,channel_g711_20db,eval
${DATA_ROOT}/clips/386410_gNJ4JccADvXplv9k_0064.wav,bonafide,hi-en,386410,mucs2021,none,channel_g711_20db,eval
${DATA_ROOT}/clips/386410_gNJ4JccADvXplv9k_0065.wav,bonafide,hi-en,386410,mucs2021,none,channel_g711_20db,eval
${DATA_ROOT}/clips/386410_gNJ4JccADvXplv9k_0066.wav,bonafide,hi-en,386410,mucs2021,none,channel_g711_20db,eval
${DATA_ROOT}/clips/386410_gNJ4JccADvXplv9k_0067.wav,bonafide,hi-en,386410,mucs2021,none,channel_g711_20db,eval
${DATA_ROOT}/clips/386410_gNJ4JccADvXplv9k_0068.wav,bonafide,hi-en,386410,mucs2021,none,channel_g711_20db,eval
${DATA_ROOT}/clips/386410_gNJ4JccADvXplv9k_0069.wav,bonafide,hi-en,386410,mucs2021,none,channel_g711_20db,eval
${DATA_ROOT}/clips/386410_gNJ4JccADvXplv9k_0070.wav,bonafide,hi-en,386410,mucs2021,none,channel_g711_20db,eval
${DATA_ROOT}/clips/386410_gNJ4JccADvXplv9k_0071.wav,bonafide,hi-en,386410,mucs2021,none,channel_g711_20db,eval
${DATA_ROOT}/clips/386410_gNJ4JccADvXplv9k_0072.wav,bonafide,hi-en,386410,mucs2021,none,channel_g711_20db,eval
${DATA_ROOT}/clips/386410_gNJ4JccADvXplv9k_0073.wav,bonafide,hi-en,386410,mucs2021,none,channel_g711_20db,eval
${DATA_ROOT}/clips/386410_gNJ4JccADvXplv9k_0074.wav,bonafide,hi-en,386410,mucs2021,none,channel_g711_20db,eval
${DATA_ROOT}/clips/386410_gNJ4JccADvXplv9k_0075.wav,bonafide,hi-en,386410,mucs2021,none,channel_g711_20db,eval
${DATA_ROOT}/clips/386410_gNJ4JccADvXplv9k_0076.wav,bonafide,hi-en,386410,mucs2021,none,channel_g711_20db,eval
${DATA_ROOT}/clips/386410_gNJ4JccADvXplv9k_0077.wav,bonafide,hi-en,386410,mucs2021,none,channel_g711_20db,eval
${DATA_ROOT}/clips/541916_5DpOB0LmjVO8tse5_0000.wav,bonafide,hi-en,541916,mucs2021,none,channel_g711_20db,eval
${DATA_ROOT}/clips/541916_5DpOB0LmjVO8tse5_0001.wav,bonafide,hi-en,541916,mucs2021,none,channel_g711_20db,eval
${DATA_ROOT}/clips/541916_5DpOB0LmjVO8tse5_0002.wav,bonafide,hi-en,541916,mucs2021,none,channel_g711_20db,eval
${DATA_ROOT}/clips/541916_5DpOB0LmjVO8tse5_0003.wav,bonafide,hi-en,541916,mucs2021,none,channel_g711_20db,eval
${DATA_ROOT}/clips/541916_5DpOB0LmjVO8tse5_0004.wav,bonafide,hi-en,541916,mucs2021,none,channel_g711_20db,eval
${DATA_ROOT}/clips/541916_5DpOB0LmjVO8tse5_0005.wav,bonafide,hi-en,541916,mucs2021,none,channel_g711_20db,eval
${DATA_ROOT}/clips/541916_5DpOB0LmjVO8tse5_0006.wav,bonafide,hi-en,541916,mucs2021,none,channel_g711_20db,eval
${DATA_ROOT}/clips/541916_5DpOB0LmjVO8tse5_0007.wav,bonafide,hi-en,541916,mucs2021,none,channel_g711_20db,eval
${DATA_ROOT}/clips/541916_5DpOB0LmjVO8tse5_0008.wav,bonafide,hi-en,541916,mucs2021,none,channel_g711_20db,eval
${DATA_ROOT}/clips/541916_5DpOB0LmjVO8tse5_0009.wav,bonafide,hi-en,541916,mucs2021,none,channel_g711_20db,eval
${DATA_ROOT}/clips/541916_5DpOB0LmjVO8tse5_0010.wav,bonafide,hi-en,541916,mucs2021,none,channel_g711_20db,eval
${DATA_ROOT}/clips/541916_5DpOB0LmjVO8tse5_0011.wav,bonafide,hi-en,541916,mucs2021,none,channel_g711_20db,eval
${DATA_ROOT}/clips/541916_5DpOB0LmjVO8tse5_0012.wav,bonafide,hi-en,541916,mucs2021,none,channel_g711_20db,eval
${DATA_ROOT}/clips/541916_5DpOB0LmjVO8tse5_0013.wav,bonafide,hi-en,541916,mucs2021,none,channel_g711_20db,eval
${DATA_ROOT}/clips/541916_5DpOB0LmjVO8tse5_0014.wav,bonafide,hi-en,541916,mucs2021,none,channel_g711_20db,eval
${DATA_ROOT}/clips/541916_5DpOB0LmjVO8tse5_0015.wav,bonafide,hi-en,541916,mucs2021,none,channel_g711_20db,eval
${DATA_ROOT}/clips/541916_5DpOB0LmjVO8tse5_0016.wav,bonafide,hi-en,541916,mucs2021,none,channel_g711_20db,eval
${DATA_ROOT}/clips/541916_5DpOB0LmjVO8tse5_0017.wav,bonafide,hi-en,541916,mucs2021,none,channel_g711_20db,eval
${DATA_ROOT}/clips/541916_5DpOB0LmjVO8tse5_0018.wav,bonafide,hi-en,541916,mucs2021,none,channel_g711_20db,eval
${DATA_ROOT}/clips/541916_5DpOB0LmjVO8tse5_0019.wav,bonafide,hi-en,541916,mucs2021,none,channel_g711_20db,eval
${DATA_ROOT}/clips/541916_5DpOB0LmjVO8tse5_0020.wav,bonafide,hi-en,541916,mucs2021,none,channel_g711_20db,eval
${DATA_ROOT}/clips/541916_5DpOB0LmjVO8tse5_0021.wav,bonafide,hi-en,541916,mucs2021,none,channel_g711_20db,eval
${DATA_ROOT}/clips/541916_5DpOB0LmjVO8tse5_0022.wav,bonafide,hi-en,541916,mucs2021,none,channel_g711_20db,eval
${DATA_ROOT}/clips/541916_5DpOB0LmjVO8tse5_0023.wav,bonafide,hi-en,541916,mucs2021,none,channel_g711_20db,eval
${DATA_ROOT}/clips/541916_5DpOB0LmjVO8tse5_0024.wav,bonafide,hi-en,541916,mucs2021,none,channel_g711_20db,eval
${DATA_ROOT}/clips/541916_5DpOB0LmjVO8tse5_0025.wav,bonafide,hi-en,541916,mucs2021,none,channel_g711_20db,eval
${DATA_ROOT}/clips/541916_5DpOB0LmjVO8tse5_0026.wav,bonafide,hi-en,541916,mucs2021,none,channel_g711_20db,eval
${DATA_ROOT}/clips/541916_5DpOB0LmjVO8tse5_0027.wav,bonafide,hi-en,541916,mucs2021,none,channel_g711_20db,eval
${DATA_ROOT}/clips/541916_5DpOB0LmjVO8tse5_0028.wav,bonafide,hi-en,541916,mucs2021,none,channel_g711_20db,eval
${DATA_ROOT}/clips/541916_5DpOB0LmjVO8tse5_0029.wav,bonafide,hi-en,541916,mucs2021,none,channel_g711_20db,eval
${DATA_ROOT}/clips/541916_5DpOB0LmjVO8tse5_0030.wav,bonafide,hi-en,541916,mucs2021,none,channel_g711_20db,eval
${DATA_ROOT}/clips/541916_5DpOB0LmjVO8tse5_0031.wav,bonafide,hi-en,541916,mucs2021,none,channel_g711_20db,eval
${DATA_ROOT}/clips/541916_5DpOB0LmjVO8tse5_0032.wav,bonafide,hi-en,541916,mucs2021,none,channel_g711_20db,eval
${DATA_ROOT}/clips/541916_5DpOB0LmjVO8tse5_0033.wav,bonafide,hi-en,541916,mucs2021,none,channel_g711_20db,eval
${DATA_ROOT}/clips/541916_5DpOB0LmjVO8tse5_0034.wav,bonafide,hi-en,541916,mucs2021,none,channel_g711_20db,eval
${DATA_ROOT}/clips/541916_5DpOB0LmjVO8tse5_0035.wav,bonafide,hi-en,541916,mucs2021,none,channel_g711_20db,eval
${DATA_ROOT}/clips/541916_5DpOB0LmjVO8tse5_0036.wav,bonafide,hi-en,541916,mucs2021,none,channel_g711_20db,eval
${DATA_ROOT}/clips/541916_5DpOB0LmjVO8tse5_0037.wav,bonafide,hi-en,541916,mucs2021,none,channel_g711_20db,eval
${DATA_ROOT}/clips/541916_5DpOB0LmjVO8tse5_0038.wav,bonafide,hi-en,541916,mucs2021,none,channel_g711_20db,eval
${DATA_ROOT}/clips/541916_5DpOB0LmjVO8tse5_0039.wav,bonafide,hi-en,541916,mucs2021,none,channel_g711_20db,eval
${DATA_ROOT}/clips/541916_5DpOB0LmjVO8tse5_0040.wav,bonafide,hi-en,541916,mucs2021,none,channel_g711_20db,eval
${DATA_ROOT}/clips/541916_5DpOB0LmjVO8tse5_0041.wav,bonafide,hi-en,541916,mucs2021,none,channel_g711_20db,eval
${DATA_ROOT}/clips/541916_5DpOB0LmjVO8tse5_0042.wav,bonafide,hi-en,541916,mucs2021,none,channel_g711_20db,eval
${DATA_ROOT}/clips/541916_5DpOB0LmjVO8tse5_0043.wav,bonafide,hi-en,541916,mucs2021,none,channel_g711_20db,eval
${DATA_ROOT}/clips/541916_5DpOB0LmjVO8tse5_0044.wav,bonafide,hi-en,541916,mucs2021,none,channel_g711_20db,eval
${DATA_ROOT}/clips/541916_5DpOB0LmjVO8tse5_0045.wav,bonafide,hi-en,541916,mucs2021,none,channel_g711_20db,eval
${DATA_ROOT}/clips/541916_5DpOB0LmjVO8tse5_0046.wav,bonafide,hi-en,541916,mucs2021,none,channel_g711_20db,eval
${DATA_ROOT}/clips/541916_5DpOB0LmjVO8tse5_0047.wav,bonafide,hi-en,541916,mucs2021,none,channel_g711_20db,eval
${DATA_ROOT}/clips/541916_5DpOB0LmjVO8tse5_0048.wav,bonafide,hi-en,541916,mucs2021,none,channel_g711_20db,eval
${DATA_ROOT}/clips/541916_5DpOB0LmjVO8tse5_0049.wav,bonafide,hi-en,541916,mucs2021,none,channel_g711_20db,eval
${DATA_ROOT}/clips/541916_5DpOB0LmjVO8tse5_0050.wav,bonafide,hi-en,541916,mucs2021,none,channel_g711_20db,eval
${DATA_ROOT}/clips/541916_5DpOB0LmjVO8tse5_0051.wav,bonafide,hi-en,541916,mucs2021,none,channel_g711_20db,eval
${DATA_ROOT}/clips/541916_5DpOB0LmjVO8tse5_0052.wav,bonafide,hi-en,541916,mucs2021,none,channel_g711_20db,eval
${DATA_ROOT}/clips/541916_5DpOB0LmjVO8tse5_0053.wav,bonafide,hi-en,541916,mucs2021,none,channel_g711_20db,eval
${DATA_ROOT}/clips/541916_5DpOB0LmjVO8tse5_0054.wav,bonafide,hi-en,541916,mucs2021,none,channel_g711_20db,eval
${DATA_ROOT}/clips/541916_5DpOB0LmjVO8tse5_0055.wav,bonafide,hi-en,541916,mucs2021,none,channel_g711_20db,eval
${DATA_ROOT}/clips/541916_5DpOB0LmjVO8tse5_0056.wav,bonafide,hi-en,541916,mucs2021,none,channel_g711_20db,eval
${DATA_ROOT}/clips/541916_5DpOB0LmjVO8tse5_0057.wav,bonafide,hi-en,541916,mucs2021,none,channel_g711_20db,eval
${DATA_ROOT}/clips/541916_5DpOB0LmjVO8tse5_0058.wav,bonafide,hi-en,541916,mucs2021,none,channel_g711_20db,eval
${DATA_ROOT}/clips/541916_5DpOB0LmjVO8tse5_0059.wav,bonafide,hi-en,541916,mucs2021,none,channel_g711_20db,eval
${DATA_ROOT}/clips/541916_5DpOB0LmjVO8tse5_0060.wav,bonafide,hi-en,541916,mucs2021,none,channel_g711_20db,eval
${DATA_ROOT}/clips/541916_5DpOB0LmjVO8tse5_0061.wav,bonafide,hi-en,541916,mucs2021,none,channel_g711_20db,eval
${DATA_ROOT}/clips/541916_5DpOB0LmjVO8tse5_0062.wav,bonafide,hi-en,541916,mucs2021,none,channel_g711_20db,eval
${DATA_ROOT}/clips/541916_5DpOB0LmjVO8tse5_0063.wav,bonafide,hi-en,541916,mucs2021,none,channel_g711_20db,eval
${DATA_ROOT}/clips/541916_5DpOB0LmjVO8tse5_0064.wav,bonafide,hi-en,541916,mucs2021,none,channel_g711_20db,eval
${DATA_ROOT}/clips/541916_5DpOB0LmjVO8tse5_0065.wav,bonafide,hi-en,541916,mucs2021,none,channel_g711_20db,eval
${DATA_ROOT}/clips/541916_5DpOB0LmjVO8tse5_0066.wav,bonafide,hi-en,541916,mucs2021,none,channel_g711_20db,eval
${DATA_ROOT}/clips/541916_5DpOB0LmjVO8tse5_0067.wav,bonafide,hi-en,541916,mucs2021,none,channel_g711_20db,eval
${DATA_ROOT}/clips/541916_5DpOB0LmjVO8tse5_0068.wav,bonafide,hi-en,541916,mucs2021,none,channel_g711_20db,eval
${DATA_ROOT}/clips/541916_5DpOB0LmjVO8tse5_0069.wav,bonafide,hi-en,541916,mucs2021,none,channel_g711_20db,eval
${DATA_ROOT}/clips/541916_5DpOB0LmjVO8tse5_0070.wav,bonafide,hi-en,541916,mucs2021,none,channel_g711_20db,eval
${DATA_ROOT}/clips/541916_5DpOB0LmjVO8tse5_0071.wav,bonafide,hi-en,541916,mucs2021,none,channel_g711_20db,eval
${DATA_ROOT}/clips/541916_5DpOB0LmjVO8tse5_0072.wav,bonafide,hi-en,541916,mucs2021,none,channel_g711_20db,eval
${DATA_ROOT}/clips/541916_5DpOB0LmjVO8tse5_0073.wav,bonafide,hi-en,541916,mucs2021,none,channel_g711_20db,eval
${DATA_ROOT}/clips/541916_5DpOB0LmjVO8tse5_0074.wav,bonafide,hi-en,541916,mucs2021,none,channel_g711_20db,eval
${DATA_ROOT}/clips/541916_5DpOB0LmjVO8tse5_0075.wav,bonafide,hi-en,541916,mucs2021,none,channel_g711_20db,eval
${DATA_ROOT}/clips/541916_5DpOB0LmjVO8tse5_0076.wav,bonafide,hi-en,541916,mucs2021,none,channel_g711_20db,eval
${DATA_ROOT}/clips/541916_5DpOB0LmjVO8tse5_0077.wav,bonafide,hi-en,541916,mucs2021,none,channel_g711_20db,eval
${DATA_ROOT}/clips/541916_5DpOB0LmjVO8tse5_0078.wav,bonafide,hi-en,541916,mucs2021,none,channel_g711_20db,eval
${DATA_ROOT}/clips/541916_5DpOB0LmjVO8tse5_0079.wav,bonafide,hi-en,541916,mucs2021,none,channel_g711_20db,eval
${DATA_ROOT}/clips/541916_5DpOB0LmjVO8tse5_0080.wav,bonafide,hi-en,541916,mucs2021,none,channel_g711_20db,eval
${DATA_ROOT}/clips/541916_5DpOB0LmjVO8tse5_0081.wav,bonafide,hi-en,541916,mucs2021,none,channel_g711_20db,eval
${DATA_ROOT}/clips/541916_5DpOB0LmjVO8tse5_0082.wav,bonafide,hi-en,541916,mucs2021,none,channel_g711_20db,eval
${DATA_ROOT}/clips/541916_5DpOB0LmjVO8tse5_0083.wav,bonafide,hi-en,541916,mucs2021,none,channel_g711_20db,eval
${DATA_ROOT}/clips/541916_5DpOB0LmjVO8tse5_0084.wav,bonafide,hi-en,541916,mucs2021,none,channel_g711_20db,eval
${DATA_ROOT}/clips/541916_5DpOB0LmjVO8tse5_0085.wav,bonafide,hi-en,541916,mucs2021,none,channel_g711_20db,eval
${DATA_ROOT}/clips/541916_5DpOB0LmjVO8tse5_0086.wav,bonafide,hi-en,541916,mucs2021,none,channel_g711_20db,eval
${DATA_ROOT}/clips/541916_5DpOB0LmjVO8tse5_0087.wav,bonafide,hi-en,541916,mucs2021,none,channel_g711_20db,eval
${DATA_ROOT}/clips/541916_5DpOB0LmjVO8tse5_0088.wav,bonafide,hi-en,541916,mucs2021,none,channel_g711_20db,eval
${DATA_ROOT}/clips/541916_5DpOB0LmjVO8tse5_0089.wav,bonafide,hi-en,541916,mucs2021,none,channel_g711_20db,eval
${DATA_ROOT}/clips/541916_5DpOB0LmjVO8tse5_0090.wav,bonafide,hi-en,541916,mucs2021,none,channel_g711_20db,eval
${DATA_ROOT}/clips/541916_5DpOB0LmjVO8tse5_0091.wav,bonafide,hi-en,541916,mucs2021,none,channel_g711_20db,eval
${DATA_ROOT}/clips/541916_5DpOB0LmjVO8tse5_0092.wav,bonafide,hi-en,541916,mucs2021,none,channel_g711_20db,eval
${DATA_ROOT}/clips/541916_5DpOB0LmjVO8tse5_0093.wav,bonafide,hi-en,541916,mucs2021,none,channel_g711_20db,eval
${DATA_ROOT}/clips/541916_5DpOB0LmjVO8tse5_0094.wav,bonafide,hi-en,541916,mucs2021,none,channel_g711_20db,eval
${DATA_ROOT}/clips/541916_5DpOB0LmjVO8tse5_0095.wav,bonafide,hi-en,541916,mucs2021,none,channel_g711_20db,eval
${DATA_ROOT}/clips/541916_5DpOB0LmjVO8tse5_0096.wav,bonafide,hi-en,541916,mucs2021,none,channel_g711_20db,eval
${DATA_ROOT}/clips/541916_5DpOB0LmjVO8tse5_0097.wav,bonafide,hi-en,541916,mucs2021,none,channel_g711_20db,eval
${DATA_ROOT}/clips/541916_5DpOB0LmjVO8tse5_0098.wav,bonafide,hi-en,541916,mucs2021,none,channel_g711_20db,eval
${DATA_ROOT}/clips/541916_5DpOB0LmjVO8tse5_0099.wav,bonafide,hi-en,541916,mucs2021,none,channel_g711_20db,eval
${DATA_ROOT}/clips/541916_5DpOB0LmjVO8tse5_0100.wav,bonafide,hi-en,541916,mucs2021,none,channel_g711_20db,eval
${DATA_ROOT}/clips/541916_5DpOB0LmjVO8tse5_0101.wav,bonafide,hi-en,541916,mucs2021,none,channel_g711_20db,eval
${DATA_ROOT}/clips/541916_5DpOB0LmjVO8tse5_0102.wav,bonafide,hi-en,541916,mucs2021,none,channel_g711_20db,eval
${DATA_ROOT}/clips/541916_5DpOB0LmjVO8tse5_0103.wav,bonafide,hi-en,541916,mucs2021,none,channel_g711_20db,eval
${DATA_ROOT}/clips/541916_5DpOB0LmjVO8tse5_0104.wav,bonafide,hi-en,541916,mucs2021,none,channel_g711_20db,eval
${DATA_ROOT}/clips/541916_5DpOB0LmjVO8tse5_0105.wav,bonafide,hi-en,541916,mucs2021,none,channel_g711_20db,eval
${DATA_ROOT}/clips/541916_5DpOB0LmjVO8tse5_0106.wav,bonafide,hi-en,541916,mucs2021,none,channel_g711_20db,eval
${DATA_ROOT}/clips/541916_5DpOB0LmjVO8tse5_0107.wav,bonafide,hi-en,541916,mucs2021,none,channel_g711_20db,eval
${DATA_ROOT}/clips/541916_5DpOB0LmjVO8tse5_0108.wav,bonafide,hi-en,541916,mucs2021,none,channel_g711_20db,eval
${DATA_ROOT}/clips/577537_1Kbig1mC99YUhdCX_0000.wav,bonafide,hi-en,577537,mucs2021,none,channel_g711_20db,eval
${DATA_ROOT}/clips/577537_1Kbig1mC99YUhdCX_0001.wav,bonafide,hi-en,577537,mucs2021,none,channel_g711_20db,eval
${DATA_ROOT}/clips/577537_1Kbig1mC99YUhdCX_0002.wav,bonafide,hi-en,577537,mucs2021,none,channel_g711_20db,eval
${DATA_ROOT}/clips/577537_1Kbig1mC99YUhdCX_0003.wav,bonafide,hi-en,577537,mucs2021,none,channel_g711_20db,eval
${DATA_ROOT}/clips/577537_1Kbig1mC99YUhdCX_0004.wav,bonafide,hi-en,577537,mucs2021,none,channel_g711_20db,eval
${DATA_ROOT}/clips/577537_1Kbig1mC99YUhdCX_0005.wav,bonafide,hi-en,577537,mucs2021,none,channel_g711_20db,eval
${DATA_ROOT}/clips/577537_1Kbig1mC99YUhdCX_0006.wav,bonafide,hi-en,577537,mucs2021,none,channel_g711_20db,eval
${DATA_ROOT}/clips/577537_1Kbig1mC99YUhdCX_0007.wav,bonafide,hi-en,577537,mucs2021,none,channel_g711_20db,eval
${DATA_ROOT}/clips/577537_1Kbig1mC99YUhdCX_0008.wav,bonafide,hi-en,577537,mucs2021,none,channel_g711_20db,eval
${DATA_ROOT}/clips/577537_1Kbig1mC99YUhdCX_0009.wav,bonafide,hi-en,577537,mucs2021,none,channel_g711_20db,eval
${DATA_ROOT}/clips/577537_1Kbig1mC99YUhdCX_0010.wav,bonafide,hi-en,577537,mucs2021,none,channel_g711_20db,eval
${DATA_ROOT}/clips/577537_1Kbig1mC99YUhdCX_0011.wav,bonafide,hi-en,577537,mucs2021,none,channel_g711_20db,eval
${DATA_ROOT}/clips/577537_1Kbig1mC99YUhdCX_0012.wav,bonafide,hi-en,577537,mucs2021,none,channel_g711_20db,eval
${DATA_ROOT}/clips/577537_1Kbig1mC99YUhdCX_0013.wav,bonafide,hi-en,577537,mucs2021,none,channel_g711_20db,eval
${DATA_ROOT}/clips/577537_1Kbig1mC99YUhdCX_0014.wav,bonafide,hi-en,577537,mucs2021,none,channel_g711_20db,eval
${DATA_ROOT}/clips/577537_1Kbig1mC99YUhdCX_0015.wav,bonafide,hi-en,577537,mucs2021,none,channel_g711_20db,eval
${DATA_ROOT}/clips/577537_1Kbig1mC99YUhdCX_0016.wav,bonafide,hi-en,577537,mucs2021,none,channel_g711_20db,eval
${DATA_ROOT}/clips/577537_1Kbig1mC99YUhdCX_0017.wav,bonafide,hi-en,577537,mucs2021,none,channel_g711_20db,eval
${DATA_ROOT}/clips/577537_1Kbig1mC99YUhdCX_0018.wav,bonafide,hi-en,577537,mucs2021,none,channel_g711_20db,eval
${DATA_ROOT}/clips/577537_1Kbig1mC99YUhdCX_0019.wav,bonafide,hi-en,577537,mucs2021,none,channel_g711_20db,eval
${DATA_ROOT}/clips/577537_1Kbig1mC99YUhdCX_0020.wav,bonafide,hi-en,577537,mucs2021,none,channel_g711_20db,eval
${DATA_ROOT}/clips/577537_1Kbig1mC99YUhdCX_0021.wav,bonafide,hi-en,577537,mucs2021,none,channel_g711_20db,eval
${DATA_ROOT}/clips/577537_1Kbig1mC99YUhdCX_0022.wav,bonafide,hi-en,577537,mucs2021,none,channel_g711_20db,eval
${DATA_ROOT}/clips/577537_1Kbig1mC99YUhdCX_0023.wav,bonafide,hi-en,577537,mucs2021,none,channel_g711_20db,eval
${DATA_ROOT}/clips/577537_1Kbig1mC99YUhdCX_0024.wav,bonafide,hi-en,577537,mucs2021,none,channel_g711_20db,eval
${DATA_ROOT}/clips/577537_1Kbig1mC99YUhdCX_0025.wav,bonafide,hi-en,577537,mucs2021,none,channel_g711_20db,eval
${DATA_ROOT}/clips/577537_1Kbig1mC99YUhdCX_0026.wav,bonafide,hi-en,577537,mucs2021,none,channel_g711_20db,eval
${DATA_ROOT}/clips/577537_1Kbig1mC99YUhdCX_0027.wav,bonafide,hi-en,577537,mucs2021,none,channel_g711_20db,eval
${DATA_ROOT}/clips/577537_1Kbig1mC99YUhdCX_0028.wav,bonafide,hi-en,577537,mucs2021,none,channel_g711_20db,eval
${DATA_ROOT}/clips/577537_1Kbig1mC99YUhdCX_0029.wav,bonafide,hi-en,577537,mucs2021,none,channel_g711_20db,eval
${DATA_ROOT}/clips/577537_1Kbig1mC99YUhdCX_0030.wav,bonafide,hi-en,577537,mucs2021,none,channel_g711_20db,eval
${DATA_ROOT}/clips/577537_1Kbig1mC99YUhdCX_0031.wav,bonafide,hi-en,577537,mucs2021,none,channel_g711_20db,eval
${DATA_ROOT}/clips/577537_1Kbig1mC99YUhdCX_0032.wav,bonafide,hi-en,577537,mucs2021,none,channel_g711_20db,eval
${DATA_ROOT}/clips/577537_1Kbig1mC99YUhdCX_0033.wav,bonafide,hi-en,577537,mucs2021,none,channel_g711_20db,eval
${DATA_ROOT}/clips/577537_1Kbig1mC99YUhdCX_0034.wav,bonafide,hi-en,577537,mucs2021,none,channel_g711_20db,eval
${DATA_ROOT}/clips/577537_1Kbig1mC99YUhdCX_0035.wav,bonafide,hi-en,577537,mucs2021,none,channel_g711_20db,eval
${DATA_ROOT}/clips/577537_1Kbig1mC99YUhdCX_0036.wav,bonafide,hi-en,577537,mucs2021,none,channel_g711_20db,eval
${DATA_ROOT}/clips/577537_1Kbig1mC99YUhdCX_0037.wav,bonafide,hi-en,577537,mucs2021,none,channel_g711_20db,eval
${DATA_ROOT}/clips/577537_1Kbig1mC99YUhdCX_0038.wav,bonafide,hi-en,577537,mucs2021,none,channel_g711_20db,eval
${DATA_ROOT}/clips/577537_1Kbig1mC99YUhdCX_0039.wav,bonafide,hi-en,577537,mucs2021,none,channel_g711_20db,eval
${DATA_ROOT}/clips/577537_1Kbig1mC99YUhdCX_0040.wav,bonafide,hi-en,577537,mucs2021,none,channel_g711_20db,eval
${DATA_ROOT}/clips/577537_1Kbig1mC99YUhdCX_0041.wav,bonafide,hi-en,577537,mucs2021,none,channel_g711_20db,eval
${DATA_ROOT}/clips/577537_1Kbig1mC99YUhdCX_0042.wav,bonafide,hi-en,577537,mucs2021,none,channel_g711_20db,eval
${DATA_ROOT}/clips/577537_1Kbig1mC99YUhdCX_0043.wav,bonafide,hi-en,577537,mucs2021,none,channel_g711_20db,eval
${DATA_ROOT}/clips/577537_1Kbig1mC99YUhdCX_0044.wav,bonafide,hi-en,577537,mucs2021,none,channel_g711_20db,eval
${DATA_ROOT}/clips/577537_1Kbig1mC99YUhdCX_0045.wav,bonafide,hi-en,577537,mucs2021,none,channel_g711_20db,eval
${DATA_ROOT}/clips/577537_1Kbig1mC99YUhdCX_0046.wav,bonafide,hi-en,577537,mucs2021,none,channel_g711_20db,eval
${DATA_ROOT}/clips/577537_1Kbig1mC99YUhdCX_0047.wav,bonafide,hi-en,577537,mucs2021,none,channel_g711_20db,eval
${DATA_ROOT}/clips/577537_1Kbig1mC99YUhdCX_0048.wav,bonafide,hi-en,577537,mucs2021,none,channel_g711_20db,eval
${DATA_ROOT}/clips/577537_1Kbig1mC99YUhdCX_0049.wav,bonafide,hi-en,577537,mucs2021,none,channel_g711_20db,eval
${DATA_ROOT}/clips/577537_1Kbig1mC99YUhdCX_0050.wav,bonafide,hi-en,577537,mucs2021,none,channel_g711_20db,eval
${DATA_ROOT}/clips/577537_1Kbig1mC99YUhdCX_0051.wav,bonafide,hi-en,577537,mucs2021,none,channel_g711_20db,eval
${DATA_ROOT}/clips/577537_1Kbig1mC99YUhdCX_0052.wav,bonafide,hi-en,577537,mucs2021,none,channel_g711_20db,eval
${DATA_ROOT}/clips/577537_1Kbig1mC99YUhdCX_0053.wav,bonafide,hi-en,577537,mucs2021,none,channel_g711_20db,eval
${DATA_ROOT}/clips/577537_1Kbig1mC99YUhdCX_0054.wav,bonafide,hi-en,577537,mucs2021,none,channel_g711_20db,eval
${DATA_ROOT}/clips/577537_1Kbig1mC99YUhdCX_0055.wav,bonafide,hi-en,577537,mucs2021,none,channel_g711_20db,eval
${DATA_ROOT}/clips/577537_1Kbig1mC99YUhdCX_0056.wav,bonafide,hi-en,577537,mucs2021,none,channel_g711_20db,eval
${DATA_ROOT}/clips/577537_1Kbig1mC99YUhdCX_0057.wav,bonafide,hi-en,577537,mucs2021,none,channel_g711_20db,eval
${DATA_ROOT}/clips/577537_1Kbig1mC99YUhdCX_0058.wav,bonafide,hi-en,577537,mucs2021,none,channel_g711_20db,eval
${DATA_ROOT}/clips/577537_1Kbig1mC99YUhdCX_0059.wav,bonafide,hi-en,577537,mucs2021,none,channel_g711_20db,eval
${DATA_ROOT}/clips/577537_1Kbig1mC99YUhdCX_0060.wav,bonafide,hi-en,577537,mucs2021,none,channel_g711_20db,eval
${DATA_ROOT}/clips/577537_1Kbig1mC99YUhdCX_0061.wav,bonafide,hi-en,577537,mucs2021,none,channel_g711_20db,eval
${DATA_ROOT}/clips/577537_1Kbig1mC99YUhdCX_0062.wav,bonafide,hi-en,577537,mucs2021,none,channel_g711_20db,eval
${DATA_ROOT}/clips/577537_1Kbig1mC99YUhdCX_0063.wav,bonafide,hi-en,577537,mucs2021,none,channel_g711_20db,eval
${DATA_ROOT}/clips/577537_1Kbig1mC99YUhdCX_0064.wav,bonafide,hi-en,577537,mucs2021,none,channel_g711_20db,eval
${DATA_ROOT}/clips/577537_1Kbig1mC99YUhdCX_0065.wav,bonafide,hi-en,577537,mucs2021,none,channel_g711_20db,eval
${DATA_ROOT}/clips/577537_1Kbig1mC99YUhdCX_0066.wav,bonafide,hi-en,577537,mucs2021,none,channel_g711_20db,eval
${DATA_ROOT}/clips/577537_1Kbig1mC99YUhdCX_0067.wav,bonafide,hi-en,577537,mucs2021,none,channel_g711_20db,eval
${DATA_ROOT}/clips/577537_1Kbig1mC99YUhdCX_0068.wav,bonafide,hi-en,577537,mucs2021,none,channel_g711_20db,eval
${DATA_ROOT}/clips/577537_1Kbig1mC99YUhdCX_0069.wav,bonafide,hi-en,577537,mucs2021,none,channel_g711_20db,eval
${DATA_ROOT}/clips/577537_1Kbig1mC99YUhdCX_0070.wav,bonafide,hi-en,577537,mucs2021,none,channel_g711_20db,eval
${DATA_ROOT}/clips/577537_1Kbig1mC99YUhdCX_0071.wav,bonafide,hi-en,577537,mucs2021,none,channel_g711_20db,eval
${DATA_ROOT}/clips/577537_1Kbig1mC99YUhdCX_0072.wav,bonafide,hi-en,577537,mucs2021,none,channel_g711_20db,eval
${DATA_ROOT}/clips/577537_1Kbig1mC99YUhdCX_0073.wav,bonafide,hi-en,577537,mucs2021,none,channel_g711_20db,eval
${DATA_ROOT}/clips/577537_1Kbig1mC99YUhdCX_0074.wav,bonafide,hi-en,577537,mucs2021,none,channel_g711_20db,eval
${DATA_ROOT}/clips/581145_vYm2PLAczomJ79qg_0000.wav,bonafide,hi-en,581145,mucs2021,none,channel_g711_20db,eval
${DATA_ROOT}/clips/581145_vYm2PLAczomJ79qg_0001.wav,bonafide,hi-en,581145,mucs2021,none,channel_g711_20db,eval
${DATA_ROOT}/clips/581145_vYm2PLAczomJ79qg_0002.wav,bonafide,hi-en,581145,mucs2021,none,channel_g711_20db,eval
${DATA_ROOT}/clips/581145_vYm2PLAczomJ79qg_0003.wav,bonafide,hi-en,581145,mucs2021,none,channel_g711_20db,eval
${DATA_ROOT}/clips/581145_vYm2PLAczomJ79qg_0004.wav,bonafide,hi-en,581145,mucs2021,none,channel_g711_20db,eval
${DATA_ROOT}/clips/581145_vYm2PLAczomJ79qg_0005.wav,bonafide,hi-en,581145,mucs2021,none,channel_g711_20db,eval
${DATA_ROOT}/clips/581145_vYm2PLAczomJ79qg_0006.wav,bonafide,hi-en,581145,mucs2021,none,channel_g711_20db,eval
${DATA_ROOT}/clips/581145_vYm2PLAczomJ79qg_0007.wav,bonafide,hi-en,581145,mucs2021,none,channel_g711_20db,eval
${DATA_ROOT}/clips/581145_vYm2PLAczomJ79qg_0008.wav,bonafide,hi-en,581145,mucs2021,none,channel_g711_20db,eval
${DATA_ROOT}/clips/581145_vYm2PLAczomJ79qg_0009.wav,bonafide,hi-en,581145,mucs2021,none,channel_g711_20db,eval
${DATA_ROOT}/clips/581145_vYm2PLAczomJ79qg_0010.wav,bonafide,hi-en,581145,mucs2021,none,channel_g711_20db,eval
${DATA_ROOT}/clips/581145_vYm2PLAczomJ79qg_0011.wav,bonafide,hi-en,581145,mucs2021,none,channel_g711_20db,eval
${DATA_ROOT}/clips/581145_vYm2PLAczomJ79qg_0012.wav,bonafide,hi-en,581145,mucs2021,none,channel_g711_20db,eval
${DATA_ROOT}/clips/581145_vYm2PLAczomJ79qg_0013.wav,bonafide,hi-en,581145,mucs2021,none,channel_g711_20db,eval
${DATA_ROOT}/clips/581145_vYm2PLAczomJ79qg_0014.wav,bonafide,hi-en,581145,mucs2021,none,channel_g711_20db,eval
${DATA_ROOT}/clips/581145_vYm2PLAczomJ79qg_0015.wav,bonafide,hi-en,581145,mucs2021,none,channel_g711_20db,eval
${DATA_ROOT}/clips/581145_vYm2PLAczomJ79qg_0016.wav,bonafide,hi-en,581145,mucs2021,none,channel_g711_20db,eval
${DATA_ROOT}/clips/581145_vYm2PLAczomJ79qg_0017.wav,bonafide,hi-en,581145,mucs2021,none,channel_g711_20db,eval
${DATA_ROOT}/clips/581145_vYm2PLAczomJ79qg_0018.wav,bonafide,hi-en,581145,mucs2021,none,channel_g711_20db,eval
${DATA_ROOT}/clips/581145_vYm2PLAczomJ79qg_0019.wav,bonafide,hi-en,581145,mucs2021,none,channel_g711_20db,eval
${DATA_ROOT}/clips/581145_vYm2PLAczomJ79qg_0020.wav,bonafide,hi-en,581145,mucs2021,none,channel_g711_20db,eval
${DATA_ROOT}/clips/581145_vYm2PLAczomJ79qg_0021.wav,bonafide,hi-en,581145,mucs2021,none,channel_g711_20db,eval
${DATA_ROOT}/clips/581145_vYm2PLAczomJ79qg_0022.wav,bonafide,hi-en,581145,mucs2021,none,channel_g711_20db,eval
${DATA_ROOT}/clips/581145_vYm2PLAczomJ79qg_0023.wav,bonafide,hi-en,581145,mucs2021,none,channel_g711_20db,eval
${DATA_ROOT}/clips/581145_vYm2PLAczomJ79qg_0024.wav,bonafide,hi-en,581145,mucs2021,none,channel_g711_20db,eval
${DATA_ROOT}/clips/581145_vYm2PLAczomJ79qg_0025.wav,bonafide,hi-en,581145,mucs2021,none,channel_g711_20db,eval
${DATA_ROOT}/clips/581145_vYm2PLAczomJ79qg_0026.wav,bonafide,hi-en,581145,mucs2021,none,channel_g711_20db,eval
${DATA_ROOT}/clips/581145_vYm2PLAczomJ79qg_0027.wav,bonafide,hi-en,581145,mucs2021,none,channel_g711_20db,eval
${DATA_ROOT}/clips/581145_vYm2PLAczomJ79qg_0028.wav,bonafide,hi-en,581145,mucs2021,none,channel_g711_20db,eval
${DATA_ROOT}/clips/581145_vYm2PLAczomJ79qg_0029.wav,bonafide,hi-en,581145,mucs2021,none,channel_g711_20db,eval
${DATA_ROOT}/clips/581145_vYm2PLAczomJ79qg_0030.wav,bonafide,hi-en,581145,mucs2021,none,channel_g711_20db,eval
${DATA_ROOT}/clips/581145_vYm2PLAczomJ79qg_0031.wav,bonafide,hi-en,581145,mucs2021,none,channel_g711_20db,eval
${DATA_ROOT}/clips/581145_vYm2PLAczomJ79qg_0032.wav,bonafide,hi-en,581145,mucs2021,none,channel_g711_20db,eval
${DATA_ROOT}/clips/581145_vYm2PLAczomJ79qg_0033.wav,bonafide,hi-en,581145,mucs2021,none,channel_g711_20db,eval
${DATA_ROOT}/clips/581145_vYm2PLAczomJ79qg_0034.wav,bonafide,hi-en,581145,mucs2021,none,channel_g711_20db,eval
${DATA_ROOT}/clips/581145_vYm2PLAczomJ79qg_0035.wav,bonafide,hi-en,581145,mucs2021,none,channel_g711_20db,eval
${DATA_ROOT}/clips/581145_vYm2PLAczomJ79qg_0036.wav,bonafide,hi-en,581145,mucs2021,none,channel_g711_20db,eval
${DATA_ROOT}/clips/581145_vYm2PLAczomJ79qg_0037.wav,bonafide,hi-en,581145,mucs2021,none,channel_g711_20db,eval
${DATA_ROOT}/clips/581145_vYm2PLAczomJ79qg_0038.wav,bonafide,hi-en,581145,mucs2021,none,channel_g711_20db,eval
${DATA_ROOT}/clips/581145_vYm2PLAczomJ79qg_0039.wav,bonafide,hi-en,581145,mucs2021,none,channel_g711_20db,eval
${DATA_ROOT}/clips/581145_vYm2PLAczomJ79qg_0040.wav,bonafide,hi-en,581145,mucs2021,none,channel_g711_20db,eval
${DATA_ROOT}/clips/581145_vYm2PLAczomJ79qg_0041.wav,bonafide,hi-en,581145,mucs2021,none,channel_g711_20db,eval
${DATA_ROOT}/clips/581145_vYm2PLAczomJ79qg_0042.wav,bonafide,hi-en,581145,mucs2021,none,channel_g711_20db,eval
${DATA_ROOT}/clips/581145_vYm2PLAczomJ79qg_0043.wav,bonafide,hi-en,581145,mucs2021,none,channel_g711_20db,eval
${DATA_ROOT}/clips/581145_vYm2PLAczomJ79qg_0044.wav,bonafide,hi-en,581145,mucs2021,none,channel_g711_20db,eval
${DATA_ROOT}/clips/581145_vYm2PLAczomJ79qg_0045.wav,bonafide,hi-en,581145,mucs2021,none,channel_g711_20db,eval
${DATA_ROOT}/clips/581145_vYm2PLAczomJ79qg_0046.wav,bonafide,hi-en,581145,mucs2021,none,channel_g711_20db,eval
${DATA_ROOT}/clips/581145_vYm2PLAczomJ79qg_0047.wav,bonafide,hi-en,581145,mucs2021,none,channel_g711_20db,eval
${DATA_ROOT}/clips/581145_vYm2PLAczomJ79qg_0048.wav,bonafide,hi-en,581145,mucs2021,none,channel_g711_20db,eval
${DATA_ROOT}/clips/581145_vYm2PLAczomJ79qg_0049.wav,bonafide,hi-en,581145,mucs2021,none,channel_g711_20db,eval
${DATA_ROOT}/clips/581145_vYm2PLAczomJ79qg_0050.wav,bonafide,hi-en,581145,mucs2021,none,channel_g711_20db,eval
${DATA_ROOT}/clips/581145_vYm2PLAczomJ79qg_0051.wav,bonafide,hi-en,581145,mucs2021,none,channel_g711_20db,eval
${DATA_ROOT}/clips/581145_vYm2PLAczomJ79qg_0052.wav,bonafide,hi-en,581145,mucs2021,none,channel_g711_20db,eval
${DATA_ROOT}/clips/581145_vYm2PLAczomJ79qg_0053.wav,bonafide,hi-en,581145,mucs2021,none,channel_g711_20db,eval
${DATA_ROOT}/clips/581145_vYm2PLAczomJ79qg_0054.wav,bonafide,hi-en,581145,mucs2021,none,channel_g711_20db,eval
${DATA_ROOT}/clips/581145_vYm2PLAczomJ79qg_0055.wav,bonafide,hi-en,581145,mucs2021,none,channel_g711_20db,eval
${DATA_ROOT}/clips/581145_vYm2PLAczomJ79qg_0056.wav,bonafide,hi-en,581145,mucs2021,none,channel_g711_20db,eval
${DATA_ROOT}/clips/581145_vYm2PLAczomJ79qg_0057.wav,bonafide,hi-en,581145,mucs2021,none,channel_g711_20db,eval
${DATA_ROOT}/clips/581145_vYm2PLAczomJ79qg_0058.wav,bonafide,hi-en,581145,mucs2021,none,channel_g711_20db,eval
${DATA_ROOT}/clips/581145_vYm2PLAczomJ79qg_0059.wav,bonafide,hi-en,581145,mucs2021,none,channel_g711_20db,eval
${DATA_ROOT}/clips/581145_vYm2PLAczomJ79qg_0060.wav,bonafide,hi-en,581145,mucs2021,none,channel_g711_20db,eval
${DATA_ROOT}/clips/581145_vYm2PLAczomJ79qg_0061.wav,bonafide,hi-en,581145,mucs2021,none,channel_g711_20db,eval
${DATA_ROOT}/clips/581145_vYm2PLAczomJ79qg_0062.wav,bonafide,hi-en,581145,mucs2021,none,channel_g711_20db,eval
${DATA_ROOT}/clips/581145_vYm2PLAczomJ79qg_0063.wav,bonafide,hi-en,581145,mucs2021,none,channel_g711_20db,eval
${DATA_ROOT}/clips/581145_vYm2PLAczomJ79qg_0064.wav,bonafide,hi-en,581145,mucs2021,none,channel_g711_20db,eval
${DATA_ROOT}/clips/581145_vYm2PLAczomJ79qg_0065.wav,bonafide,hi-en,581145,mucs2021,none,channel_g711_20db,eval
${DATA_ROOT}/clips/581145_vYm2PLAczomJ79qg_0066.wav,bonafide,hi-en,581145,mucs2021,none,channel_g711_20db,eval
${DATA_ROOT}/clips/581145_vYm2PLAczomJ79qg_0067.wav,bonafide,hi-en,581145,mucs2021,none,channel_g711_20db,eval
${DATA_ROOT}/clips/581145_vYm2PLAczomJ79qg_0068.wav,bonafide,hi-en,581145,mucs2021,none,channel_g711_20db,eval
${DATA_ROOT}/clips/581145_vYm2PLAczomJ79qg_0069.wav,bonafide,hi-en,581145,mucs2021,none,channel_g711_20db,eval
${DATA_ROOT}/clips/581145_vYm2PLAczomJ79qg_0070.wav,bonafide,hi-en,581145,mucs2021,none,channel_g711_20db,eval
${DATA_ROOT}/clips/581145_vYm2PLAczomJ79qg_0071.wav,bonafide,hi-en,581145,mucs2021,none,channel_g711_20db,eval
${DATA_ROOT}/clips/581145_vYm2PLAczomJ79qg_0072.wav,bonafide,hi-en,581145,mucs2021,none,channel_g711_20db,eval
${DATA_ROOT}/clips/581145_vYm2PLAczomJ79qg_0073.wav,bonafide,hi-en,581145,mucs2021,none,channel_g711_20db,eval
${DATA_ROOT}/clips/581145_vYm2PLAczomJ79qg_0074.wav,bonafide,hi-en,581145,mucs2021,none,channel_g711_20db,eval
${DATA_ROOT}/clips/581145_vYm2PLAczomJ79qg_0075.wav,bonafide,hi-en,581145,mucs2021,none,channel_g711_20db,eval
${DATA_ROOT}/clips/581145_vYm2PLAczomJ79qg_0076.wav,bonafide,hi-en,581145,mucs2021,none,channel_g711_20db,eval
${DATA_ROOT}/clips/581145_vYm2PLAczomJ79qg_0077.wav,bonafide,hi-en,581145,mucs2021,none,channel_g711_20db,eval
${DATA_ROOT}/clips/596505_mSiZUO1cgwb8nNpA_0000.wav,bonafide,hi-en,596505,mucs2021,none,channel_g711_20db,eval
${DATA_ROOT}/clips/596505_mSiZUO1cgwb8nNpA_0001.wav,bonafide,hi-en,596505,mucs2021,none,channel_g711_20db,eval
${DATA_ROOT}/clips/596505_mSiZUO1cgwb8nNpA_0002.wav,bonafide,hi-en,596505,mucs2021,none,channel_g711_20db,eval
${DATA_ROOT}/clips/596505_mSiZUO1cgwb8nNpA_0003.wav,bonafide,hi-en,596505,mucs2021,none,channel_g711_20db,eval
${DATA_ROOT}/clips/596505_mSiZUO1cgwb8nNpA_0004.wav,bonafide,hi-en,596505,mucs2021,none,channel_g711_20db,eval
${DATA_ROOT}/clips/596505_mSiZUO1cgwb8nNpA_0005.wav,bonafide,hi-en,596505,mucs2021,none,channel_g711_20db,eval
${DATA_ROOT}/clips/596505_mSiZUO1cgwb8nNpA_0006.wav,bonafide,hi-en,596505,mucs2021,none,channel_g711_20db,eval
${DATA_ROOT}/clips/596505_mSiZUO1cgwb8nNpA_0007.wav,bonafide,hi-en,596505,mucs2021,none,channel_g711_20db,eval
${DATA_ROOT}/clips/596505_mSiZUO1cgwb8nNpA_0008.wav,bonafide,hi-en,596505,mucs2021,none,channel_g711_20db,eval
${DATA_ROOT}/clips/596505_mSiZUO1cgwb8nNpA_0009.wav,bonafide,hi-en,596505,mucs2021,none,channel_g711_20db,eval
${DATA_ROOT}/clips/596505_mSiZUO1cgwb8nNpA_0010.wav,bonafide,hi-en,596505,mucs2021,none,channel_g711_20db,eval
${DATA_ROOT}/clips/596505_mSiZUO1cgwb8nNpA_0011.wav,bonafide,hi-en,596505,mucs2021,none,channel_g711_20db,eval
${DATA_ROOT}/clips/596505_mSiZUO1cgwb8nNpA_0012.wav,bonafide,hi-en,596505,mucs2021,none,channel_g711_20db,eval
${DATA_ROOT}/clips/596505_mSiZUO1cgwb8nNpA_0013.wav,bonafide,hi-en,596505,mucs2021,none,channel_g711_20db,eval
${DATA_ROOT}/clips/596505_mSiZUO1cgwb8nNpA_0014.wav,bonafide,hi-en,596505,mucs2021,none,channel_g711_20db,eval
${DATA_ROOT}/clips/596505_mSiZUO1cgwb8nNpA_0015.wav,bonafide,hi-en,596505,mucs2021,none,channel_g711_20db,eval
${DATA_ROOT}/clips/596505_mSiZUO1cgwb8nNpA_0016.wav,bonafide,hi-en,596505,mucs2021,none,channel_g711_20db,eval
${DATA_ROOT}/clips/596505_mSiZUO1cgwb8nNpA_0017.wav,bonafide,hi-en,596505,mucs2021,none,channel_g711_20db,eval
${DATA_ROOT}/clips/596505_mSiZUO1cgwb8nNpA_0018.wav,bonafide,hi-en,596505,mucs2021,none,channel_g711_20db,eval
${DATA_ROOT}/clips/596505_mSiZUO1cgwb8nNpA_0019.wav,bonafide,hi-en,596505,mucs2021,none,channel_g711_20db,eval
${DATA_ROOT}/clips/596505_mSiZUO1cgwb8nNpA_0020.wav,bonafide,hi-en,596505,mucs2021,none,channel_g711_20db,eval
${DATA_ROOT}/clips/596505_mSiZUO1cgwb8nNpA_0021.wav,bonafide,hi-en,596505,mucs2021,none,channel_g711_20db,eval
${DATA_ROOT}/clips/596505_mSiZUO1cgwb8nNpA_0022.wav,bonafide,hi-en,596505,mucs2021,none,channel_g711_20db,eval
${DATA_ROOT}/clips/596505_mSiZUO1cgwb8nNpA_0023.wav,bonafide,hi-en,596505,mucs2021,none,channel_g711_20db,eval
${DATA_ROOT}/clips/596505_mSiZUO1cgwb8nNpA_0024.wav,bonafide,hi-en,596505,mucs2021,none,channel_g711_20db,eval
${DATA_ROOT}/clips/596505_mSiZUO1cgwb8nNpA_0025.wav,bonafide,hi-en,596505,mucs2021,none,channel_g711_20db,eval
${DATA_ROOT}/clips/596505_mSiZUO1cgwb8nNpA_0026.wav,bonafide,hi-en,596505,mucs2021,none,channel_g711_20db,eval
${DATA_ROOT}/clips/596505_mSiZUO1cgwb8nNpA_0027.wav,bonafide,hi-en,596505,mucs2021,none,channel_g711_20db,eval
${DATA_ROOT}/clips/596505_mSiZUO1cgwb8nNpA_0028.wav,bonafide,hi-en,596505,mucs2021,none,channel_g711_20db,eval
${DATA_ROOT}/clips/596505_mSiZUO1cgwb8nNpA_0029.wav,bonafide,hi-en,596505,mucs2021,none,channel_g711_20db,eval
${DATA_ROOT}/clips/596505_mSiZUO1cgwb8nNpA_0030.wav,bonafide,hi-en,596505,mucs2021,none,channel_g711_20db,eval
${DATA_ROOT}/clips/596505_mSiZUO1cgwb8nNpA_0031.wav,bonafide,hi-en,596505,mucs2021,none,channel_g711_20db,eval
${DATA_ROOT}/clips/596505_mSiZUO1cgwb8nNpA_0032.wav,bonafide,hi-en,596505,mucs2021,none,channel_g711_20db,eval
${DATA_ROOT}/clips/596505_mSiZUO1cgwb8nNpA_0033.wav,bonafide,hi-en,596505,mucs2021,none,channel_g711_20db,eval
${DATA_ROOT}/clips/596505_mSiZUO1cgwb8nNpA_0034.wav,bonafide,hi-en,596505,mucs2021,none,channel_g711_20db,eval
${DATA_ROOT}/clips/596505_mSiZUO1cgwb8nNpA_0035.wav,bonafide,hi-en,596505,mucs2021,none,channel_g711_20db,eval
${DATA_ROOT}/clips/596505_mSiZUO1cgwb8nNpA_0036.wav,bonafide,hi-en,596505,mucs2021,none,channel_g711_20db,eval
${DATA_ROOT}/clips/596505_mSiZUO1cgwb8nNpA_0037.wav,bonafide,hi-en,596505,mucs2021,none,channel_g711_20db,eval
${DATA_ROOT}/clips/596505_mSiZUO1cgwb8nNpA_0038.wav,bonafide,hi-en,596505,mucs2021,none,channel_g711_20db,eval
${DATA_ROOT}/clips/596505_mSiZUO1cgwb8nNpA_0039.wav,bonafide,hi-en,596505,mucs2021,none,channel_g711_20db,eval
${DATA_ROOT}/clips/596505_mSiZUO1cgwb8nNpA_0040.wav,bonafide,hi-en,596505,mucs2021,none,channel_g711_20db,eval
${DATA_ROOT}/clips/596505_mSiZUO1cgwb8nNpA_0041.wav,bonafide,hi-en,596505,mucs2021,none,channel_g711_20db,eval
${DATA_ROOT}/clips/596505_mSiZUO1cgwb8nNpA_0042.wav,bonafide,hi-en,596505,mucs2021,none,channel_g711_20db,eval
${DATA_ROOT}/clips/596505_mSiZUO1cgwb8nNpA_0043.wav,bonafide,hi-en,596505,mucs2021,none,channel_g711_20db,eval
${DATA_ROOT}/clips/596505_mSiZUO1cgwb8nNpA_0044.wav,bonafide,hi-en,596505,mucs2021,none,channel_g711_20db,eval
${DATA_ROOT}/clips/596505_mSiZUO1cgwb8nNpA_0045.wav,bonafide,hi-en,596505,mucs2021,none,channel_g711_20db,eval
${DATA_ROOT}/clips/596505_mSiZUO1cgwb8nNpA_0046.wav,bonafide,hi-en,596505,mucs2021,none,channel_g711_20db,eval
${DATA_ROOT}/clips/596505_mSiZUO1cgwb8nNpA_0047.wav,bonafide,hi-en,596505,mucs2021,none,channel_g711_20db,eval
${DATA_ROOT}/clips/596505_mSiZUO1cgwb8nNpA_0048.wav,bonafide,hi-en,596505,mucs2021,none,channel_g711_20db,eval
${DATA_ROOT}/clips/596505_mSiZUO1cgwb8nNpA_0049.wav,bonafide,hi-en,596505,mucs2021,none,channel_g711_20db,eval
${DATA_ROOT}/clips/596505_mSiZUO1cgwb8nNpA_0050.wav,bonafide,hi-en,596505,mucs2021,none,channel_g711_20db,eval
${DATA_ROOT}/clips/596505_mSiZUO1cgwb8nNpA_0051.wav,bonafide,hi-en,596505,mucs2021,none,channel_g711_20db,eval
${DATA_ROOT}/clips/596505_mSiZUO1cgwb8nNpA_0052.wav,bonafide,hi-en,596505,mucs2021,none,channel_g711_20db,eval
${DATA_ROOT}/clips/596505_mSiZUO1cgwb8nNpA_0053.wav,bonafide,hi-en,596505,mucs2021,none,channel_g711_20db,eval
${DATA_ROOT}/clips/596505_mSiZUO1cgwb8nNpA_0054.wav,bonafide,hi-en,596505,mucs2021,none,channel_g711_20db,eval
${DATA_ROOT}/clips/596505_mSiZUO1cgwb8nNpA_0055.wav,bonafide,hi-en,596505,mucs2021,none,channel_g711_20db,eval
${DATA_ROOT}/clips/596505_mSiZUO1cgwb8nNpA_0056.wav,bonafide,hi-en,596505,mucs2021,none,channel_g711_20db,eval
${DATA_ROOT}/clips/596505_mSiZUO1cgwb8nNpA_0057.wav,bonafide,hi-en,596505,mucs2021,none,channel_g711_20db,eval
${DATA_ROOT}/clips/596505_mSiZUO1cgwb8nNpA_0058.wav,bonafide,hi-en,596505,mucs2021,none,channel_g711_20db,eval
${DATA_ROOT}/clips/596505_mSiZUO1cgwb8nNpA_0059.wav,bonafide,hi-en,596505,mucs2021,none,channel_g711_20db,eval
${DATA_ROOT}/clips/596505_mSiZUO1cgwb8nNpA_0060.wav,bonafide,hi-en,596505,mucs2021,none,channel_g711_20db,eval
${DATA_ROOT}/clips/596505_mSiZUO1cgwb8nNpA_0061.wav,bonafide,hi-en,596505,mucs2021,none,channel_g711_20db,eval
${DATA_ROOT}/clips/596505_mSiZUO1cgwb8nNpA_0062.wav,bonafide,hi-en,596505,mucs2021,none,channel_g711_20db,eval
${DATA_ROOT}/clips/596505_mSiZUO1cgwb8nNpA_0063.wav,bonafide,hi-en,596505,mucs2021,none,channel_g711_20db,eval
${DATA_ROOT}/clips/596505_mSiZUO1cgwb8nNpA_0064.wav,bonafide,hi-en,596505,mucs2021,none,channel_g711_20db,eval
${DATA_ROOT}/clips/596505_mSiZUO1cgwb8nNpA_0065.wav,bonafide,hi-en,596505,mucs2021,none,channel_g711_20db,eval
${DATA_ROOT}/clips/596505_mSiZUO1cgwb8nNpA_0066.wav,bonafide,hi-en,596505,mucs2021,none,channel_g711_20db,eval
${DATA_ROOT}/clips/596505_mSiZUO1cgwb8nNpA_0067.wav,bonafide,hi-en,596505,mucs2021,none,channel_g711_20db,eval
${DATA_ROOT}/clips/596505_mSiZUO1cgwb8nNpA_0068.wav,bonafide,hi-en,596505,mucs2021,none,channel_g711_20db,eval
${DATA_ROOT}/clips/596505_mSiZUO1cgwb8nNpA_0069.wav,bonafide,hi-en,596505,mucs2021,none,channel_g711_20db,eval
${DATA_ROOT}/clips/596505_mSiZUO1cgwb8nNpA_0070.wav,bonafide,hi-en,596505,mucs2021,none,channel_g711_20db,eval
${DATA_ROOT}/clips/596505_mSiZUO1cgwb8nNpA_0071.wav,bonafide,hi-en,596505,mucs2021,none,channel_g711_20db,eval
${DATA_ROOT}/clips/596505_mSiZUO1cgwb8nNpA_0072.wav,bonafide,hi-en,596505,mucs2021,none,channel_g711_20db,eval
${DATA_ROOT}/clips/596505_mSiZUO1cgwb8nNpA_0073.wav,bonafide,hi-en,596505,mucs2021,none,channel_g711_20db,eval
${DATA_ROOT}/clips/596505_mSiZUO1cgwb8nNpA_0074.wav,bonafide,hi-en,596505,mucs2021,none,channel_g711_20db,eval
${DATA_ROOT}/clips/596505_mSiZUO1cgwb8nNpA_0075.wav,bonafide,hi-en,596505,mucs2021,none,channel_g711_20db,eval
${DATA_ROOT}/clips/596505_mSiZUO1cgwb8nNpA_0076.wav,bonafide,hi-en,596505,mucs2021,none,channel_g711_20db,eval
${DATA_ROOT}/clips/596505_mSiZUO1cgwb8nNpA_0077.wav,bonafide,hi-en,596505,mucs2021,none,channel_g711_20db,eval
${DATA_ROOT}/clips/596505_mSiZUO1cgwb8nNpA_0078.wav,bonafide,hi-en,596505,mucs2021,none,channel_g711_20db,eval
${DATA_ROOT}/clips/596505_mSiZUO1cgwb8nNpA_0079.wav,bonafide,hi-en,596505,mucs2021,none,channel_g711_20db,eval
${DATA_ROOT}/clips/596505_mSiZUO1cgwb8nNpA_0080.wav,bonafide,hi-en,596505,mucs2021,none,channel_g711_20db,eval
${DATA_ROOT}/clips/596505_mSiZUO1cgwb8nNpA_0081.wav,bonafide,hi-en,596505,mucs2021,none,channel_g711_20db,eval
${DATA_ROOT}/clips/596505_mSiZUO1cgwb8nNpA_0082.wav,bonafide,hi-en,596505,mucs2021,none,channel_g711_20db,eval
${DATA_ROOT}/clips/596505_mSiZUO1cgwb8nNpA_0083.wav,bonafide,hi-en,596505,mucs2021,none,channel_g711_20db,eval
${DATA_ROOT}/clips/596505_mSiZUO1cgwb8nNpA_0084.wav,bonafide,hi-en,596505,mucs2021,none,channel_g711_20db,eval
${DATA_ROOT}/clips/596505_mSiZUO1cgwb8nNpA_0085.wav,bonafide,hi-en,596505,mucs2021,none,channel_g711_20db,eval
${DATA_ROOT}/clips/596505_mSiZUO1cgwb8nNpA_0086.wav,bonafide,hi-en,596505,mucs2021,none,channel_g711_20db,eval
${DATA_ROOT}/clips/596505_mSiZUO1cgwb8nNpA_0087.wav,bonafide,hi-en,596505,mucs2021,none,channel_g711_20db,eval
${DATA_ROOT}/clips/596505_mSiZUO1cgwb8nNpA_0088.wav,bonafide,hi-en,596505,mucs2021,none,channel_g711_20db,eval
${DATA_ROOT}/clips/596505_mSiZUO1cgwb8nNpA_0089.wav,bonafide,hi-en,596505,mucs2021,none,channel_g711_20db,eval
${DATA_ROOT}/clips/596505_mSiZUO1cgwb8nNpA_0090.wav,bonafide,hi-en,596505,mucs2021,none,channel_g711_20db,eval
${DATA_ROOT}/clips/596505_mSiZUO1cgwb8nNpA_0091.wav,bonafide,hi-en,596505,mucs2021,none,channel_g711_20db,eval
${DATA_ROOT}/clips/596505_mSiZUO1cgwb8nNpA_0092.wav,bonafide,hi-en,596505,mucs2021,none,channel_g711_20db,eval
${DATA_ROOT}/clips/596505_mSiZUO1cgwb8nNpA_0093.wav,bonafide,hi-en,596505,mucs2021,none,channel_g711_20db,eval
${DATA_ROOT}/clips/596505_mSiZUO1cgwb8nNpA_0094.wav,bonafide,hi-en,596505,mucs2021,none,channel_g711_20db,eval
${DATA_ROOT}/clips/596505_mSiZUO1cgwb8nNpA_0095.wav,bonafide,hi-en,596505,mucs2021,none,channel_g711_20db,eval
${DATA_ROOT}/clips/596505_mSiZUO1cgwb8nNpA_0096.wav,bonafide,hi-en,596505,mucs2021,none,channel_g711_20db,eval
${DATA_ROOT}/clips/596505_mSiZUO1cgwb8nNpA_0097.wav,bonafide,hi-en,596505,mucs2021,none,channel_g711_20db,eval
${DATA_ROOT}/clips/596505_mSiZUO1cgwb8nNpA_0098.wav,bonafide,hi-en,596505,mucs2021,none,channel_g711_20db,eval
${DATA_ROOT}/clips/596505_mSiZUO1cgwb8nNpA_0099.wav,bonafide,hi-en,596505,mucs2021,none,channel_g711_20db,eval
${DATA_ROOT}/clips/596505_mSiZUO1cgwb8nNpA_0100.wav,bonafide,hi-en,596505,mucs2021,none,channel_g711_20db,eval
${DATA_ROOT}/clips/596505_mSiZUO1cgwb8nNpA_0101.wav,bonafide,hi-en,596505,mucs2021,none,channel_g711_20db,eval
${DATA_ROOT}/clips/596505_mSiZUO1cgwb8nNpA_0102.wav,bonafide,hi-en,596505,mucs2021,none,channel_g711_20db,eval
${DATA_ROOT}/clips/596505_mSiZUO1cgwb8nNpA_0103.wav,bonafide,hi-en,596505,mucs2021,none,channel_g711_20db,eval
${DATA_ROOT}/clips/596505_mSiZUO1cgwb8nNpA_0104.wav,bonafide,hi-en,596505,mucs2021,none,channel_g711_20db,eval
${DATA_ROOT}/clips/596505_mSiZUO1cgwb8nNpA_0105.wav,bonafide,hi-en,596505,mucs2021,none,channel_g711_20db,eval
${DATA_ROOT}/clips/596505_mSiZUO1cgwb8nNpA_0106.wav,bonafide,hi-en,596505,mucs2021,none,channel_g711_20db,eval
${DATA_ROOT}/clips/596505_mSiZUO1cgwb8nNpA_0107.wav,bonafide,hi-en,596505,mucs2021,none,channel_g711_20db,eval
${DATA_ROOT}/clips/596505_mSiZUO1cgwb8nNpA_0108.wav,bonafide,hi-en,596505,mucs2021,none,channel_g711_20db,eval
${DATA_ROOT}/clips/596505_mSiZUO1cgwb8nNpA_0109.wav,bonafide,hi-en,596505,mucs2021,none,channel_g711_20db,eval
${DATA_ROOT}/clips/596505_mSiZUO1cgwb8nNpA_0110.wav,bonafide,hi-en,596505,mucs2021,none,channel_g711_20db,eval
${DATA_ROOT}/clips/596505_mSiZUO1cgwb8nNpA_0111.wav,bonafide,hi-en,596505,mucs2021,none,channel_g711_20db,eval
${DATA_ROOT}/clips/596505_mSiZUO1cgwb8nNpA_0112.wav,bonafide,hi-en,596505,mucs2021,none,channel_g711_20db,eval
${DATA_ROOT}/clips/596505_mSiZUO1cgwb8nNpA_0113.wav,bonafide,hi-en,596505,mucs2021,none,channel_g711_20db,eval
${DATA_ROOT}/clips/596505_mSiZUO1cgwb8nNpA_0114.wav,bonafide,hi-en,596505,mucs2021,none,channel_g711_20db,eval
${DATA_ROOT}/clips/596505_mSiZUO1cgwb8nNpA_0115.wav,bonafide,hi-en,596505,mucs2021,none,channel_g711_20db,eval
${DATA_ROOT}/clips/596505_mSiZUO1cgwb8nNpA_0116.wav,bonafide,hi-en,596505,mucs2021,none,channel_g711_20db,eval
${DATA_ROOT}/clips/596505_mSiZUO1cgwb8nNpA_0117.wav,bonafide,hi-en,596505,mucs2021,none,channel_g711_20db,eval
${DATA_ROOT}/clips/596505_mSiZUO1cgwb8nNpA_0118.wav,bonafide,hi-en,596505,mucs2021,none,channel_g711_20db,eval
${DATA_ROOT}/clips/596505_mSiZUO1cgwb8nNpA_0119.wav,bonafide,hi-en,596505,mucs2021,none,channel_g711_20db,eval
${DATA_ROOT}/clips/596505_mSiZUO1cgwb8nNpA_0120.wav,bonafide,hi-en,596505,mucs2021,none,channel_g711_20db,eval
${DATA_ROOT}/clips/596505_mSiZUO1cgwb8nNpA_0121.wav,bonafide,hi-en,596505,mucs2021,none,channel_g711_20db,eval
${DATA_ROOT}/clips/596505_mSiZUO1cgwb8nNpA_0122.wav,bonafide,hi-en,596505,mucs2021,none,channel_g711_20db,eval
${DATA_ROOT}/clips/596505_mSiZUO1cgwb8nNpA_0123.wav,bonafide,hi-en,596505,mucs2021,none,channel_g711_20db,eval
${DATA_ROOT}/clips/596505_mSiZUO1cgwb8nNpA_0124.wav,bonafide,hi-en,596505,mucs2021,none,channel_g711_20db,eval
${DATA_ROOT}/clips/596505_mSiZUO1cgwb8nNpA_0125.wav,bonafide,hi-en,596505,mucs2021,none,channel_g711_20db,eval
${DATA_ROOT}/clips/596505_mSiZUO1cgwb8nNpA_0126.wav,bonafide,hi-en,596505,mucs2021,none,channel_g711_20db,eval
${DATA_ROOT}/clips/596505_mSiZUO1cgwb8nNpA_0127.wav,bonafide,hi-en,596505,mucs2021,none,channel_g711_20db,eval
${DATA_ROOT}/clips/596505_mSiZUO1cgwb8nNpA_0128.wav,bonafide,hi-en,596505,mucs2021,none,channel_g711_20db,eval
${DATA_ROOT}/clips/596505_mSiZUO1cgwb8nNpA_0129.wav,bonafide,hi-en,596505,mucs2021,none,channel_g711_20db,eval
${DATA_ROOT}/clips/596505_mSiZUO1cgwb8nNpA_0130.wav,bonafide,hi-en,596505,mucs2021,none,channel_g711_20db,eval
${DATA_ROOT}/clips/596505_mSiZUO1cgwb8nNpA_0131.wav,bonafide,hi-en,596505,mucs2021,none,channel_g711_20db,eval
${DATA_ROOT}/clips/596505_mSiZUO1cgwb8nNpA_0132.wav,bonafide,hi-en,596505,mucs2021,none,channel_g711_20db,eval
${DATA_ROOT}/clips/596505_mSiZUO1cgwb8nNpA_0133.wav,bonafide,hi-en,596505,mucs2021,none,channel_g711_20db,eval
${DATA_ROOT}/clips/596505_mSiZUO1cgwb8nNpA_0134.wav,bonafide,hi-en,596505,mucs2021,none,channel_g711_20db,eval
${DATA_ROOT}/clips/596505_mSiZUO1cgwb8nNpA_0135.wav,bonafide,hi-en,596505,mucs2021,none,channel_g711_20db,eval
${DATA_ROOT}/clips/596505_mSiZUO1cgwb8nNpA_0136.wav,bonafide,hi-en,596505,mucs2021,none,channel_g711_20db,eval
${DATA_ROOT}/clips/596505_mSiZUO1cgwb8nNpA_0137.wav,bonafide,hi-en,596505,mucs2021,none,channel_g711_20db,eval
${DATA_ROOT}/clips/596505_mSiZUO1cgwb8nNpA_0138.wav,bonafide,hi-en,596505,mucs2021,none,channel_g711_20db,eval
${DATA_ROOT}/clips/596505_mSiZUO1cgwb8nNpA_0139.wav,bonafide,hi-en,596505,mucs2021,none,channel_g711_20db,eval
${DATA_ROOT}/clips/596505_mSiZUO1cgwb8nNpA_0140.wav,bonafide,hi-en,596505,mucs2021,none,channel_g711_20db,eval
${DATA_ROOT}/clips/596505_mSiZUO1cgwb8nNpA_0141.wav,bonafide,hi-en,596505,mucs2021,none,channel_g711_20db,eval
${DATA_ROOT}/clips/596505_mSiZUO1cgwb8nNpA_0142.wav,bonafide,hi-en,596505,mucs2021,none,channel_g711_20db,eval
${DATA_ROOT}/clips/596505_mSiZUO1cgwb8nNpA_0143.wav,bonafide,hi-en,596505,mucs2021,none,channel_g711_20db,eval
${DATA_ROOT}/clips/596505_mSiZUO1cgwb8nNpA_0144.wav,bonafide,hi-en,596505,mucs2021,none,channel_g711_20db,eval
${DATA_ROOT}/clips/596505_mSiZUO1cgwb8nNpA_0145.wav,bonafide,hi-en,596505,mucs2021,none,channel_g711_20db,eval
${DATA_ROOT}/clips/596505_mSiZUO1cgwb8nNpA_0146.wav,bonafide,hi-en,596505,mucs2021,none,channel_g711_20db,eval
${DATA_ROOT}/clips/596505_mSiZUO1cgwb8nNpA_0147.wav,bonafide,hi-en,596505,mucs2021,none,channel_g711_20db,eval
${DATA_ROOT}/clips/596505_mSiZUO1cgwb8nNpA_0148.wav,bonafide,hi-en,596505,mucs2021,none,channel_g711_20db,eval
${DATA_ROOT}/clips/596505_mSiZUO1cgwb8nNpA_0149.wav,bonafide,hi-en,596505,mucs2021,none,channel_g711_20db,eval
${DATA_ROOT}/clips/596505_mSiZUO1cgwb8nNpA_0150.wav,bonafide,hi-en,596505,mucs2021,none,channel_g711_20db,eval
${DATA_ROOT}/clips/596505_mSiZUO1cgwb8nNpA_0151.wav,bonafide,hi-en,596505,mucs2021,none,channel_g711_20db,eval
${DATA_ROOT}/clips/596505_mSiZUO1cgwb8nNpA_0152.wav,bonafide,hi-en,596505,mucs2021,none,channel_g711_20db,eval
${DATA_ROOT}/clips/596505_mSiZUO1cgwb8nNpA_0153.wav,bonafide,hi-en,596505,mucs2021,none,channel_g711_20db,eval
${DATA_ROOT}/clips/596505_mSiZUO1cgwb8nNpA_0154.wav,bonafide,hi-en,596505,mucs2021,none,channel_g711_20db,eval
${DATA_ROOT}/clips/596505_mSiZUO1cgwb8nNpA_0155.wav,bonafide,hi-en,596505,mucs2021,none,channel_g711_20db,eval
${DATA_ROOT}/clips/596505_mSiZUO1cgwb8nNpA_0156.wav,bonafide,hi-en,596505,mucs2021,none,channel_g711_20db,eval
${DATA_ROOT}/clips/596505_mSiZUO1cgwb8nNpA_0157.wav,bonafide,hi-en,596505,mucs2021,none,channel_g711_20db,eval
${DATA_ROOT}/clips/596505_mSiZUO1cgwb8nNpA_0158.wav,bonafide,hi-en,596505,mucs2021,none,channel_g711_20db,eval
${DATA_ROOT}/clips/596505_mSiZUO1cgwb8nNpA_0159.wav,bonafide,hi-en,596505,mucs2021,none,channel_g711_20db,eval
${DATA_ROOT}/clips/596505_mSiZUO1cgwb8nNpA_0160.wav,bonafide,hi-en,596505,mucs2021,none,channel_g711_20db,eval
${DATA_ROOT}/clips/596505_mSiZUO1cgwb8nNpA_0161.wav,bonafide,hi-en,596505,mucs2021,none,channel_g711_20db,eval
${DATA_ROOT}/clips/596505_mSiZUO1cgwb8nNpA_0162.wav,bonafide,hi-en,596505,mucs2021,none,channel_g711_20db,eval
${DATA_ROOT}/clips/596505_mSiZUO1cgwb8nNpA_0163.wav,bonafide,hi-en,596505,mucs2021,none,channel_g711_20db,eval
${DATA_ROOT}/clips/596505_mSiZUO1cgwb8nNpA_0164.wav,bonafide,hi-en,596505,mucs2021,none,channel_g711_20db,eval
${DATA_ROOT}/clips/596505_mSiZUO1cgwb8nNpA_0165.wav,bonafide,hi-en,596505,mucs2021,none,channel_g711_20db,eval
${DATA_ROOT}/clips/596505_mSiZUO1cgwb8nNpA_0166.wav,bonafide,hi-en,596505,mucs2021,none,channel_g711_20db,eval
${DATA_ROOT}/clips/596505_mSiZUO1cgwb8nNpA_0167.wav,bonafide,hi-en,596505,mucs2021,none,channel_g711_20db,eval
${DATA_ROOT}/clips/596505_mSiZUO1cgwb8nNpA_0168.wav,bonafide,hi-en,596505,mucs2021,none,channel_g711_20db,eval
${DATA_ROOT}/clips/596505_mSiZUO1cgwb8nNpA_0169.wav,bonafide,hi-en,596505,mucs2021,none,channel_g711_20db,eval
${DATA_ROOT}/clips/596505_mSiZUO1cgwb8nNpA_0170.wav,bonafide,hi-en,596505,mucs2021,none,channel_g711_20db,eval
${DATA_ROOT}/clips/596505_mSiZUO1cgwb8nNpA_0171.wav,bonafide,hi-en,596505,mucs2021,none,channel_g711_20db,eval
${DATA_ROOT}/clips/596505_mSiZUO1cgwb8nNpA_0172.wav,bonafide,hi-en,596505,mucs2021,none,channel_g711_20db,eval
${DATA_ROOT}/clips/596505_mSiZUO1cgwb8nNpA_0173.wav,bonafide,hi-en,596505,mucs2021,none,channel_g711_20db,eval
${DATA_ROOT}/clips/596505_mSiZUO1cgwb8nNpA_0174.wav,bonafide,hi-en,596505,mucs2021,none,channel_g711_20db,eval
${DATA_ROOT}/clips/596505_mSiZUO1cgwb8nNpA_0175.wav,bonafide,hi-en,596505,mucs2021,none,channel_g711_20db,eval
${DATA_ROOT}/clips/596505_mSiZUO1cgwb8nNpA_0176.wav,bonafide,hi-en,596505,mucs2021,none,channel_g711_20db,eval
${DATA_ROOT}/clips/596505_mSiZUO1cgwb8nNpA_0177.wav,bonafide,hi-en,596505,mucs2021,none,channel_g711_20db,eval
${DATA_ROOT}/clips/596505_mSiZUO1cgwb8nNpA_0178.wav,bonafide,hi-en,596505,mucs2021,none,channel_g711_20db,eval
${DATA_ROOT}/clips/596505_mSiZUO1cgwb8nNpA_0179.wav,bonafide,hi-en,596505,mucs2021,none,channel_g711_20db,eval
${DATA_ROOT}/clips/596505_mSiZUO1cgwb8nNpA_0180.wav,bonafide,hi-en,596505,mucs2021,none,channel_g711_20db,eval
${DATA_ROOT}/clips/596505_mSiZUO1cgwb8nNpA_0181.wav,bonafide,hi-en,596505,mucs2021,none,channel_g711_20db,eval
${DATA_ROOT}/clips/945728_DBI6HIgiBL3G9iFP_0000.wav,bonafide,hi-en,945728,mucs2021,none,channel_g711_20db,eval
${DATA_ROOT}/clips/945728_DBI6HIgiBL3G9iFP_0001.wav,bonafide,hi-en,945728,mucs2021,none,channel_g711_20db,eval
${DATA_ROOT}/clips/945728_DBI6HIgiBL3G9iFP_0002.wav,bonafide,hi-en,945728,mucs2021,none,channel_g711_20db,eval
${DATA_ROOT}/clips/945728_DBI6HIgiBL3G9iFP_0003.wav,bonafide,hi-en,945728,mucs2021,none,channel_g711_20db,eval
${DATA_ROOT}/clips/945728_DBI6HIgiBL3G9iFP_0004.wav,bonafide,hi-en,945728,mucs2021,none,channel_g711_20db,eval
${DATA_ROOT}/clips/945728_DBI6HIgiBL3G9iFP_0005.wav,bonafide,hi-en,945728,mucs2021,none,channel_g711_20db,eval
${DATA_ROOT}/clips/945728_DBI6HIgiBL3G9iFP_0006.wav,bonafide,hi-en,945728,mucs2021,none,channel_g711_20db,eval
${DATA_ROOT}/clips/945728_DBI6HIgiBL3G9iFP_0007.wav,bonafide,hi-en,945728,mucs2021,none,channel_g711_20db,eval
${DATA_ROOT}/clips/945728_DBI6HIgiBL3G9iFP_0008.wav,bonafide,hi-en,945728,mucs2021,none,channel_g711_20db,eval
${DATA_ROOT}/clips/945728_DBI6HIgiBL3G9iFP_0009.wav,bonafide,hi-en,945728,mucs2021,none,channel_g711_20db,eval
${DATA_ROOT}/clips/945728_DBI6HIgiBL3G9iFP_0010.wav,bonafide,hi-en,945728,mucs2021,none,channel_g711_20db,eval
${DATA_ROOT}/clips/945728_DBI6HIgiBL3G9iFP_0011.wav,bonafide,hi-en,945728,mucs2021,none,channel_g711_20db,eval
${DATA_ROOT}/clips/945728_DBI6HIgiBL3G9iFP_0012.wav,bonafide,hi-en,945728,mucs2021,none,channel_g711_20db,eval
${DATA_ROOT}/clips/945728_DBI6HIgiBL3G9iFP_0013.wav,bonafide,hi-en,945728,mucs2021,none,channel_g711_20db,eval
${DATA_ROOT}/clips/945728_DBI6HIgiBL3G9iFP_0014.wav,bonafide,hi-en,945728,mucs2021,none,channel_g711_20db,eval
${DATA_ROOT}/clips/945728_DBI6HIgiBL3G9iFP_0015.wav,bonafide,hi-en,945728,mucs2021,none,channel_g711_20db,eval
${DATA_ROOT}/clips/945728_DBI6HIgiBL3G9iFP_0016.wav,bonafide,hi-en,945728,mucs2021,none,channel_g711_20db,eval
${DATA_ROOT}/clips/945728_DBI6HIgiBL3G9iFP_0017.wav,bonafide,hi-en,945728,mucs2021,none,channel_g711_20db,eval
${DATA_ROOT}/clips/945728_DBI6HIgiBL3G9iFP_0018.wav,bonafide,hi-en,945728,mucs2021,none,channel_g711_20db,eval
${DATA_ROOT}/clips/945728_DBI6HIgiBL3G9iFP_0019.wav,bonafide,hi-en,945728,mucs2021,none,channel_g711_20db,eval
${DATA_ROOT}/clips/945728_DBI6HIgiBL3G9iFP_0020.wav,bonafide,hi-en,945728,mucs2021,none,channel_g711_20db,eval
${DATA_ROOT}/clips/945728_DBI6HIgiBL3G9iFP_0021.wav,bonafide,hi-en,945728,mucs2021,none,channel_g711_20db,eval
${DATA_ROOT}/clips/945728_DBI6HIgiBL3G9iFP_0022.wav,bonafide,hi-en,945728,mucs2021,none,channel_g711_20db,eval
${DATA_ROOT}/clips/945728_DBI6HIgiBL3G9iFP_0023.wav,bonafide,hi-en,945728,mucs2021,none,channel_g711_20db,eval
${DATA_ROOT}/clips/945728_DBI6HIgiBL3G9iFP_0024.wav,bonafide,hi-en,945728,mucs2021,none,channel_g711_20db,eval
${DATA_ROOT}/clips/945728_DBI6HIgiBL3G9iFP_0025.wav,bonafide,hi-en,945728,mucs2021,none,channel_g711_20db,eval
${DATA_ROOT}/clips/945728_DBI6HIgiBL3G9iFP_0026.wav,bonafide,hi-en,945728,mucs2021,none,channel_g711_20db,eval
${DATA_ROOT}/clips/945728_DBI6HIgiBL3G9iFP_0027.wav,bonafide,hi-en,945728,mucs2021,none,channel_g711_20db,eval
${DATA_ROOT}/clips/945728_DBI6HIgiBL3G9iFP_0028.wav,bonafide,hi-en,945728,mucs2021,none,channel_g711_20db,eval
${DATA_ROOT}/clips/945728_DBI6HIgiBL3G9iFP_0029.wav,bonafide,hi-en,945728,mucs2021,none,channel_g711_20db,eval
${DATA_ROOT}/clips/945728_DBI6HIgiBL3G9iFP_0030.wav,bonafide,hi-en,945728,mucs2021,none,channel_g711_20db,eval
${DATA_ROOT}/clips/945728_DBI6HIgiBL3G9iFP_0031.wav,bonafide,hi-en,945728,mucs2021,none,channel_g711_20db,eval
${DATA_ROOT}/clips/945728_DBI6HIgiBL3G9iFP_0032.wav,bonafide,hi-en,945728,mucs2021,none,channel_g711_20db,eval
${DATA_ROOT}/clips/945728_DBI6HIgiBL3G9iFP_0033.wav,bonafide,hi-en,945728,mucs2021,none,channel_g711_20db,eval
${DATA_ROOT}/clips/945728_DBI6HIgiBL3G9iFP_0034.wav,bonafide,hi-en,945728,mucs2021,none,channel_g711_20db,eval
${DATA_ROOT}/clips/945728_DBI6HIgiBL3G9iFP_0035.wav,bonafide,hi-en,945728,mucs2021,none,channel_g711_20db,eval
${DATA_ROOT}/clips/945728_DBI6HIgiBL3G9iFP_0036.wav,bonafide,hi-en,945728,mucs2021,none,channel_g711_20db,eval
${DATA_ROOT}/clips/945728_DBI6HIgiBL3G9iFP_0037.wav,bonafide,hi-en,945728,mucs2021,none,channel_g711_20db,eval
${DATA_ROOT}/clips/945728_DBI6HIgiBL3G9iFP_0038.wav,bonafide,hi-en,945728,mucs2021,none,channel_g711_20db,eval
${DATA_ROOT}/clips/945728_DBI6HIgiBL3G9iFP_0039.wav,bonafide,hi-en,945728,mucs2021,none,channel_g711_20db,eval
${DATA_ROOT}/clips/945728_DBI6HIgiBL3G9iFP_0040.wav,bonafide,hi-en,945728,mucs2021,none,channel_g711_20db,eval
${DATA_ROOT}/clips/945728_DBI6HIgiBL3G9iFP_0041.wav,bonafide,hi-en,945728,mucs2021,none,channel_g711_20db,eval
${DATA_ROOT}/clips/945728_DBI6HIgiBL3G9iFP_0042.wav,bonafide,hi-en,945728,mucs2021,none,channel_g711_20db,eval
${DATA_ROOT}/clips/945728_DBI6HIgiBL3G9iFP_0043.wav,bonafide,hi-en,945728,mucs2021,none,channel_g711_20db,eval
${DATA_ROOT}/clips/945728_DBI6HIgiBL3G9iFP_0044.wav,bonafide,hi-en,945728,mucs2021,none,channel_g711_20db,eval
${DATA_ROOT}/clips/945728_DBI6HIgiBL3G9iFP_0045.wav,bonafide,hi-en,945728,mucs2021,none,channel_g711_20db,eval
${DATA_ROOT}/clips/945728_DBI6HIgiBL3G9iFP_0046.wav,bonafide,hi-en,945728,mucs2021,none,channel_g711_20db,eval
${DATA_ROOT}/clips/945728_DBI6HIgiBL3G9iFP_0047.wav,bonafide,hi-en,945728,mucs2021,none,channel_g711_20db,eval
${DATA_ROOT}/clips/945728_DBI6HIgiBL3G9iFP_0048.wav,bonafide,hi-en,945728,mucs2021,none,channel_g711_20db,eval
${DATA_ROOT}/clips/945728_DBI6HIgiBL3G9iFP_0049.wav,bonafide,hi-en,945728,mucs2021,none,channel_g711_20db,eval
${DATA_ROOT}/clips/945728_DBI6HIgiBL3G9iFP_0050.wav,bonafide,hi-en,945728,mucs2021,none,channel_g711_20db,eval
${DATA_ROOT}/clips/945728_DBI6HIgiBL3G9iFP_0051.wav,bonafide,hi-en,945728,mucs2021,none,channel_g711_20db,eval
${DATA_ROOT}/clips/945728_DBI6HIgiBL3G9iFP_0052.wav,bonafide,hi-en,945728,mucs2021,none,channel_g711_20db,eval
${DATA_ROOT}/clips/945728_DBI6HIgiBL3G9iFP_0053.wav,bonafide,hi-en,945728,mucs2021,none,channel_g711_20db,eval
${DATA_ROOT}/clips/945728_DBI6HIgiBL3G9iFP_0054.wav,bonafide,hi-en,945728,mucs2021,none,channel_g711_20db,eval
${DATA_ROOT}/clips/945728_DBI6HIgiBL3G9iFP_0055.wav,bonafide,hi-en,945728,mucs2021,none,channel_g711_20db,eval
${DATA_ROOT}/clips/945728_DBI6HIgiBL3G9iFP_0056.wav,bonafide,hi-en,945728,mucs2021,none,channel_g711_20db,eval
${DATA_ROOT}/clips/945728_DBI6HIgiBL3G9iFP_0057.wav,bonafide,hi-en,945728,mucs2021,none,channel_g711_20db,eval
${DATA_ROOT}/clips/945728_DBI6HIgiBL3G9iFP_0058.wav,bonafide,hi-en,945728,mucs2021,none,channel_g711_20db,eval
${DATA_ROOT}/clips/945728_DBI6HIgiBL3G9iFP_0059.wav,bonafide,hi-en,945728,mucs2021,none,channel_g711_20db,eval
${DATA_ROOT}/clips/945728_DBI6HIgiBL3G9iFP_0060.wav,bonafide,hi-en,945728,mucs2021,none,channel_g711_20db,eval
${DATA_ROOT}/clips/945728_DBI6HIgiBL3G9iFP_0061.wav,bonafide,hi-en,945728,mucs2021,none,channel_g711_20db,eval
${DATA_ROOT}/clips/945728_DBI6HIgiBL3G9iFP_0062.wav,bonafide,hi-en,945728,mucs2021,none,channel_g711_20db,eval
${DATA_ROOT}/clips/945728_DBI6HIgiBL3G9iFP_0063.wav,bonafide,hi-en,945728,mucs2021,none,channel_g711_20db,eval
${DATA_ROOT}/clips/945728_DBI6HIgiBL3G9iFP_0064.wav,bonafide,hi-en,945728,mucs2021,none,channel_g711_20db,eval
${DATA_ROOT}/clips/945728_DBI6HIgiBL3G9iFP_0065.wav,bonafide,hi-en,945728,mucs2021,none,channel_g711_20db,eval
${DATA_ROOT}/clips/945728_DBI6HIgiBL3G9iFP_0066.wav,bonafide,hi-en,945728,mucs2021,none,channel_g711_20db,eval
${DATA_ROOT}/clips/945728_DBI6HIgiBL3G9iFP_0067.wav,bonafide,hi-en,945728,mucs2021,none,channel_g711_20db,eval
${DATA_ROOT}/clips/945728_DBI6HIgiBL3G9iFP_0068.wav,bonafide,hi-en,945728,mucs2021,none,channel_g711_20db,eval
${DATA_ROOT}/clips/945728_DBI6HIgiBL3G9iFP_0069.wav,bonafide,hi-en,945728,mucs2021,none,channel_g711_20db,eval
${DATA_ROOT}/clips/945728_DBI6HIgiBL3G9iFP_0070.wav,bonafide,hi-en,945728,mucs2021,none,channel_g711_20db,eval
${DATA_ROOT}/clips/945728_DBI6HIgiBL3G9iFP_0071.wav,bonafide,hi-en,945728,mucs2021,none,channel_g711_20db,eval
${DATA_ROOT}/clips/945728_DBI6HIgiBL3G9iFP_0072.wav,bonafide,hi-en,945728,mucs2021,none,channel_g711_20db,eval
${DATA_ROOT}/clips/945728_DBI6HIgiBL3G9iFP_0073.wav,bonafide,hi-en,945728,mucs2021,none,channel_g711_20db,eval
${DATA_ROOT}/clips/945728_DBI6HIgiBL3G9iFP_0074.wav,bonafide,hi-en,945728,mucs2021,none,channel_g711_20db,eval
${DATA_ROOT}/clips/945728_DBI6HIgiBL3G9iFP_0075.wav,bonafide,hi-en,945728,mucs2021,none,channel_g711_20db,eval
${DATA_ROOT}/clips/945728_DBI6HIgiBL3G9iFP_0076.wav,bonafide,hi-en,945728,mucs2021,none,channel_g711_20db,eval
${DATA_ROOT}/clips/945728_DBI6HIgiBL3G9iFP_0077.wav,bonafide,hi-en,945728,mucs2021,none,channel_g711_20db,eval
${DATA_ROOT}/clips/945728_DBI6HIgiBL3G9iFP_0078.wav,bonafide,hi-en,945728,mucs2021,none,channel_g711_20db,eval
${DATA_ROOT}/clips/945728_DBI6HIgiBL3G9iFP_0079.wav,bonafide,hi-en,945728,mucs2021,none,channel_g711_20db,eval
${DATA_ROOT}/clips/945728_DBI6HIgiBL3G9iFP_0080.wav,bonafide,hi-en,945728,mucs2021,none,channel_g711_20db,eval
${DATA_ROOT}/clips/945728_DBI6HIgiBL3G9iFP_0081.wav,bonafide,hi-en,945728,mucs2021,none,channel_g711_20db,eval
${DATA_ROOT}/clips/945728_DBI6HIgiBL3G9iFP_0082.wav,bonafide,hi-en,945728,mucs2021,none,channel_g711_20db,eval
${DATA_ROOT}/clips/945728_DBI6HIgiBL3G9iFP_0083.wav,bonafide,hi-en,945728,mucs2021,none,channel_g711_20db,eval
${DATA_ROOT}/clips/945728_DBI6HIgiBL3G9iFP_0084.wav,bonafide,hi-en,945728,mucs2021,none,channel_g711_20db,eval
${DATA_ROOT}/clips/945728_DBI6HIgiBL3G9iFP_0085.wav,bonafide,hi-en,945728,mucs2021,none,channel_g711_20db,eval
${DATA_ROOT}/clips/945728_DBI6HIgiBL3G9iFP_0086.wav,bonafide,hi-en,945728,mucs2021,none,channel_g711_20db,eval
${DATA_ROOT}/clips/945728_DBI6HIgiBL3G9iFP_0087.wav,bonafide,hi-en,945728,mucs2021,none,channel_g711_20db,eval
${DATA_ROOT}/clips/945728_DBI6HIgiBL3G9iFP_0088.wav,bonafide,hi-en,945728,mucs2021,none,channel_g711_20db,eval
${DATA_ROOT}/clips/945728_DBI6HIgiBL3G9iFP_0089.wav,bonafide,hi-en,945728,mucs2021,none,channel_g711_20db,eval
${DATA_ROOT}/clips/945728_DBI6HIgiBL3G9iFP_0090.wav,bonafide,hi-en,945728,mucs2021,none,channel_g711_20db,eval
${DATA_ROOT}/clips/945728_DBI6HIgiBL3G9iFP_0091.wav,bonafide,hi-en,945728,mucs2021,none,channel_g711_20db,eval
${DATA_ROOT}/clips/945728_DBI6HIgiBL3G9iFP_0092.wav,bonafide,hi-en,945728,mucs2021,none,channel_g711_20db,eval
${DATA_ROOT}/clips/945728_DBI6HIgiBL3G9iFP_0093.wav,bonafide,hi-en,945728,mucs2021,none,channel_g711_20db,eval
${DATA_ROOT}/clips/945728_DBI6HIgiBL3G9iFP_0094.wav,bonafide,hi-en,945728,mucs2021,none,channel_g711_20db,eval
${DATA_ROOT}/clips/945728_DBI6HIgiBL3G9iFP_0095.wav,bonafide,hi-en,945728,mucs2021,none,channel_g711_20db,eval
${DATA_ROOT}/clips/945728_DBI6HIgiBL3G9iFP_0096.wav,bonafide,hi-en,945728,mucs2021,none,channel_g711_20db,eval
${DATA_ROOT}/clips/945728_DBI6HIgiBL3G9iFP_0097.wav,bonafide,hi-en,945728,mucs2021,none,channel_g711_20db,eval
${DATA_ROOT}/clips/945728_DBI6HIgiBL3G9iFP_0098.wav,bonafide,hi-en,945728,mucs2021,none,channel_g711_20db,eval
${DATA_ROOT}/clips/945728_DBI6HIgiBL3G9iFP_0099.wav,bonafide,hi-en,945728,mucs2021,none,channel_g711_20db,eval
${DATA_ROOT}/clips/945728_DBI6HIgiBL3G9iFP_0100.wav,bonafide,hi-en,945728,mucs2021,none,channel_g711_20db,eval
${DATA_ROOT}/clips/945728_DBI6HIgiBL3G9iFP_0101.wav,bonafide,hi-en,945728,mucs2021,none,channel_g711_20db,eval
${DATA_ROOT}/clips/945728_DBI6HIgiBL3G9iFP_0102.wav,bonafide,hi-en,945728,mucs2021,none,channel_g711_20db,eval
${DATA_ROOT}/clips/945728_DBI6HIgiBL3G9iFP_0103.wav,bonafide,hi-en,945728,mucs2021,none,channel_g711_20db,eval
${DATA_ROOT}/clips/945728_DBI6HIgiBL3G9iFP_0104.wav,bonafide,hi-en,945728,mucs2021,none,channel_g711_20db,eval
${DATA_ROOT}/clips/945728_DBI6HIgiBL3G9iFP_0105.wav,bonafide,hi-en,945728,mucs2021,none,channel_g711_20db,eval
${DATA_ROOT}/clips/945728_DBI6HIgiBL3G9iFP_0106.wav,bonafide,hi-en,945728,mucs2021,none,channel_g711_20db,eval
${DATA_ROOT}/clips/945728_DBI6HIgiBL3G9iFP_0107.wav,bonafide,hi-en,945728,mucs2021,none,channel_g711_20db,eval
${DATA_ROOT}/clips/945728_DBI6HIgiBL3G9iFP_0108.wav,bonafide,hi-en,945728,mucs2021,none,channel_g711_20db,eval
${DATA_ROOT}/clips/945728_DBI6HIgiBL3G9iFP_0109.wav,bonafide,hi-en,945728,mucs2021,none,channel_g711_20db,eval
${DATA_ROOT}/clips/945728_DBI6HIgiBL3G9iFP_0110.wav,bonafide,hi-en,945728,mucs2021,none,channel_g711_20db,eval
${DATA_ROOT}/clips/945728_DBI6HIgiBL3G9iFP_0111.wav,bonafide,hi-en,945728,mucs2021,none,channel_g711_20db,eval
${DATA_ROOT}/clips/945728_DBI6HIgiBL3G9iFP_0112.wav,bonafide,hi-en,945728,mucs2021,none,channel_g711_20db,eval
${DATA_ROOT}/clips/945728_DBI6HIgiBL3G9iFP_0113.wav,bonafide,hi-en,945728,mucs2021,none,channel_g711_20db,eval
${DATA_ROOT}/clips/945728_DBI6HIgiBL3G9iFP_0114.wav,bonafide,hi-en,945728,mucs2021,none,channel_g711_20db,eval
${DATA_ROOT}/clips/945728_DBI6HIgiBL3G9iFP_0115.wav,bonafide,hi-en,945728,mucs2021,none,channel_g711_20db,eval
${DATA_ROOT}/clips/945728_DBI6HIgiBL3G9iFP_0116.wav,bonafide,hi-en,945728,mucs2021,none,channel_g711_20db,eval
${DATA_ROOT}/clips/945728_DBI6HIgiBL3G9iFP_0117.wav,bonafide,hi-en,945728,mucs2021,none,channel_g711_20db,eval
${DATA_ROOT}/clips/945728_DBI6HIgiBL3G9iFP_0118.wav,bonafide,hi-en,945728,mucs2021,none,channel_g711_20db,eval
${DATA_ROOT}/clips/945728_DBI6HIgiBL3G9iFP_0119.wav,bonafide,hi-en,945728,mucs2021,none,channel_g711_20db,eval
${DATA_ROOT}/clips/945728_DBI6HIgiBL3G9iFP_0120.wav,bonafide,hi-en,945728,mucs2021,none,channel_g711_20db,eval
${DATA_ROOT}/clips/945728_DBI6HIgiBL3G9iFP_0121.wav,bonafide,hi-en,945728,mucs2021,none,channel_g711_20db,eval
${DATA_ROOT}/clips/945728_DBI6HIgiBL3G9iFP_0122.wav,bonafide,hi-en,945728,mucs2021,none,channel_g711_20db,eval
${DATA_ROOT}/clips/945728_DBI6HIgiBL3G9iFP_0123.wav,bonafide,hi-en,945728,mucs2021,none,channel_g711_20db,eval
${DATA_ROOT}/clips/945728_DBI6HIgiBL3G9iFP_0124.wav,bonafide,hi-en,945728,mucs2021,none,channel_g711_20db,eval
${DATA_ROOT}/clips/945728_DBI6HIgiBL3G9iFP_0125.wav,bonafide,hi-en,945728,mucs2021,none,channel_g711_20db,eval
${DATA_ROOT}/clips/945728_DBI6HIgiBL3G9iFP_0126.wav,bonafide,hi-en,945728,mucs2021,none,channel_g711_20db,eval
${DATA_ROOT}/clips/945728_DBI6HIgiBL3G9iFP_0127.wav,bonafide,hi-en,945728,mucs2021,none,channel_g711_20db,eval
${DATA_ROOT}/clips/945728_DBI6HIgiBL3G9iFP_0128.wav,bonafide,hi-en,945728,mucs2021,none,channel_g711_20db,eval
${DATA_ROOT}/clips/945728_DBI6HIgiBL3G9iFP_0129.wav,bonafide,hi-en,945728,mucs2021,none,channel_g711_20db,eval
${DATA_ROOT}/clips/945728_DBI6HIgiBL3G9iFP_0130.wav,bonafide,hi-en,945728,mucs2021,none,channel_g711_20db,eval
${DATA_ROOT}/clips/945728_DBI6HIgiBL3G9iFP_0131.wav,bonafide,hi-en,945728,mucs2021,none,channel_g711_20db,eval
${DATA_ROOT}/clips/945728_DBI6HIgiBL3G9iFP_0132.wav,bonafide,hi-en,945728,mucs2021,none,channel_g711_20db,eval
${DATA_ROOT}/clips/945728_DBI6HIgiBL3G9iFP_0133.wav,bonafide,hi-en,945728,mucs2021,none,channel_g711_20db,eval
${DATA_ROOT}/clips/945728_DBI6HIgiBL3G9iFP_0134.wav,bonafide,hi-en,945728,mucs2021,none,channel_g711_20db,eval
${DATA_ROOT}/clips/945728_DBI6HIgiBL3G9iFP_0135.wav,bonafide,hi-en,945728,mucs2021,none,channel_g711_20db,eval
${DATA_ROOT}/clips/945728_DBI6HIgiBL3G9iFP_0136.wav,bonafide,hi-en,945728,mucs2021,none,channel_g711_20db,eval
${DATA_ROOT}/clips/976811_t4ui2WmNjBa2OlEW_0000.wav,bonafide,hi-en,976811,mucs2021,none,channel_g711_20db,eval
${DATA_ROOT}/clips/976811_t4ui2WmNjBa2OlEW_0001.wav,bonafide,hi-en,976811,mucs2021,none,channel_g711_20db,eval
${DATA_ROOT}/clips/976811_t4ui2WmNjBa2OlEW_0002.wav,bonafide,hi-en,976811,mucs2021,none,channel_g711_20db,eval
${DATA_ROOT}/clips/976811_t4ui2WmNjBa2OlEW_0003.wav,bonafide,hi-en,976811,mucs2021,none,channel_g711_20db,eval
${DATA_ROOT}/clips/976811_t4ui2WmNjBa2OlEW_0004.wav,bonafide,hi-en,976811,mucs2021,none,channel_g711_20db,eval
${DATA_ROOT}/clips/976811_t4ui2WmNjBa2OlEW_0005.wav,bonafide,hi-en,976811,mucs2021,none,channel_g711_20db,eval
${DATA_ROOT}/clips/976811_t4ui2WmNjBa2OlEW_0006.wav,bonafide,hi-en,976811,mucs2021,none,channel_g711_20db,eval
${DATA_ROOT}/clips/976811_t4ui2WmNjBa2OlEW_0007.wav,bonafide,hi-en,976811,mucs2021,none,channel_g711_20db,eval
${DATA_ROOT}/clips/976811_t4ui2WmNjBa2OlEW_0008.wav,bonafide,hi-en,976811,mucs2021,none,channel_g711_20db,eval
${DATA_ROOT}/clips/976811_t4ui2WmNjBa2OlEW_0009.wav,bonafide,hi-en,976811,mucs2021,none,channel_g711_20db,eval
${DATA_ROOT}/clips/976811_t4ui2WmNjBa2OlEW_0010.wav,bonafide,hi-en,976811,mucs2021,none,channel_g711_20db,eval
${DATA_ROOT}/clips/976811_t4ui2WmNjBa2OlEW_0011.wav,bonafide,hi-en,976811,mucs2021,none,channel_g711_20db,eval
${DATA_ROOT}/clips/976811_t4ui2WmNjBa2OlEW_0012.wav,bonafide,hi-en,976811,mucs2021,none,channel_g711_20db,eval
${DATA_ROOT}/clips/976811_t4ui2WmNjBa2OlEW_0013.wav,bonafide,hi-en,976811,mucs2021,none,channel_g711_20db,eval
${DATA_ROOT}/clips/976811_t4ui2WmNjBa2OlEW_0014.wav,bonafide,hi-en,976811,mucs2021,none,channel_g711_20db,eval
${DATA_ROOT}/clips/976811_t4ui2WmNjBa2OlEW_0015.wav,bonafide,hi-en,976811,mucs2021,none,channel_g711_20db,eval
${DATA_ROOT}/clips/976811_t4ui2WmNjBa2OlEW_0016.wav,bonafide,hi-en,976811,mucs2021,none,channel_g711_20db,eval
${DATA_ROOT}/clips/976811_t4ui2WmNjBa2OlEW_0017.wav,bonafide,hi-en,976811,mucs2021,none,channel_g711_20db,eval
${DATA_ROOT}/clips/976811_t4ui2WmNjBa2OlEW_0018.wav,bonafide,hi-en,976811,mucs2021,none,channel_g711_20db,eval
${DATA_ROOT}/clips/976811_t4ui2WmNjBa2OlEW_0019.wav,bonafide,hi-en,976811,mucs2021,none,channel_g711_20db,eval
${DATA_ROOT}/clips/976811_t4ui2WmNjBa2OlEW_0020.wav,bonafide,hi-en,976811,mucs2021,none,channel_g711_20db,eval
${DATA_ROOT}/clips/976811_t4ui2WmNjBa2OlEW_0021.wav,bonafide,hi-en,976811,mucs2021,none,channel_g711_20db,eval
${DATA_ROOT}/clips/976811_t4ui2WmNjBa2OlEW_0022.wav,bonafide,hi-en,976811,mucs2021,none,channel_g711_20db,eval
${DATA_ROOT}/clips/976811_t4ui2WmNjBa2OlEW_0023.wav,bonafide,hi-en,976811,mucs2021,none,channel_g711_20db,eval
${DATA_ROOT}/clips/976811_t4ui2WmNjBa2OlEW_0024.wav,bonafide,hi-en,976811,mucs2021,none,channel_g711_20db,eval
${DATA_ROOT}/clips/976811_t4ui2WmNjBa2OlEW_0025.wav,bonafide,hi-en,976811,mucs2021,none,channel_g711_20db,eval
${DATA_ROOT}/clips/976811_t4ui2WmNjBa2OlEW_0026.wav,bonafide,hi-en,976811,mucs2021,none,channel_g711_20db,eval
${DATA_ROOT}/clips/976811_t4ui2WmNjBa2OlEW_0027.wav,bonafide,hi-en,976811,mucs2021,none,channel_g711_20db,eval
${DATA_ROOT}/clips/976811_t4ui2WmNjBa2OlEW_0028.wav,bonafide,hi-en,976811,mucs2021,none,channel_g711_20db,eval
${DATA_ROOT}/clips/976811_t4ui2WmNjBa2OlEW_0029.wav,bonafide,hi-en,976811,mucs2021,none,channel_g711_20db,eval
${DATA_ROOT}/clips/976811_t4ui2WmNjBa2OlEW_0030.wav,bonafide,hi-en,976811,mucs2021,none,channel_g711_20db,eval
${DATA_ROOT}/clips/976811_t4ui2WmNjBa2OlEW_0031.wav,bonafide,hi-en,976811,mucs2021,none,channel_g711_20db,eval
${DATA_ROOT}/clips/976811_t4ui2WmNjBa2OlEW_0032.wav,bonafide,hi-en,976811,mucs2021,none,channel_g711_20db,eval
${DATA_ROOT}/clips/976811_t4ui2WmNjBa2OlEW_0033.wav,bonafide,hi-en,976811,mucs2021,none,channel_g711_20db,eval
${DATA_ROOT}/clips/976811_t4ui2WmNjBa2OlEW_0034.wav,bonafide,hi-en,976811,mucs2021,none,channel_g711_20db,eval
${DATA_ROOT}/clips/976811_t4ui2WmNjBa2OlEW_0035.wav,bonafide,hi-en,976811,mucs2021,none,channel_g711_20db,eval
${DATA_ROOT}/clips/976811_t4ui2WmNjBa2OlEW_0036.wav,bonafide,hi-en,976811,mucs2021,none,channel_g711_20db,eval
${DATA_ROOT}/clips/976811_t4ui2WmNjBa2OlEW_0037.wav,bonafide,hi-en,976811,mucs2021,none,channel_g711_20db,eval
${DATA_ROOT}/clips/976811_t4ui2WmNjBa2OlEW_0038.wav,bonafide,hi-en,976811,mucs2021,none,channel_g711_20db,eval
${DATA_ROOT}/clips/976811_t4ui2WmNjBa2OlEW_0039.wav,bonafide,hi-en,976811,mucs2021,none,channel_g711_20db,eval
${DATA_ROOT}/clips/976811_t4ui2WmNjBa2OlEW_0040.wav,bonafide,hi-en,976811,mucs2021,none,channel_g711_20db,eval
${DATA_ROOT}/clips/976811_t4ui2WmNjBa2OlEW_0041.wav,bonafide,hi-en,976811,mucs2021,none,channel_g711_20db,eval
${DATA_ROOT}/clips/976811_t4ui2WmNjBa2OlEW_0042.wav,bonafide,hi-en,976811,mucs2021,none,channel_g711_20db,eval
${DATA_ROOT}/clips/976811_t4ui2WmNjBa2OlEW_0043.wav,bonafide,hi-en,976811,mucs2021,none,channel_g711_20db,eval
${DATA_ROOT}/clips/976811_t4ui2WmNjBa2OlEW_0044.wav,bonafide,hi-en,976811,mucs2021,none,channel_g711_20db,eval
${DATA_ROOT}/clips/976811_t4ui2WmNjBa2OlEW_0045.wav,bonafide,hi-en,976811,mucs2021,none,channel_g711_20db,eval
${DATA_ROOT}/clips/976811_t4ui2WmNjBa2OlEW_0046.wav,bonafide,hi-en,976811,mucs2021,none,channel_g711_20db,eval
${DATA_ROOT}/clips/976811_t4ui2WmNjBa2OlEW_0047.wav,bonafide,hi-en,976811,mucs2021,none,channel_g711_20db,eval
${DATA_ROOT}/clips/976811_t4ui2WmNjBa2OlEW_0048.wav,bonafide,hi-en,976811,mucs2021,none,channel_g711_20db,eval
${DATA_ROOT}/clips/976811_t4ui2WmNjBa2OlEW_0049.wav,bonafide,hi-en,976811,mucs2021,none,channel_g711_20db,eval
${DATA_ROOT}/clips/976811_t4ui2WmNjBa2OlEW_0050.wav,bonafide,hi-en,976811,mucs2021,none,channel_g711_20db,eval
${DATA_ROOT}/clips/976811_t4ui2WmNjBa2OlEW_0051.wav,bonafide,hi-en,976811,mucs2021,none,channel_g711_20db,eval
${DATA_ROOT}/clips/976811_t4ui2WmNjBa2OlEW_0052.wav,bonafide,hi-en,976811,mucs2021,none,channel_g711_20db,eval
${DATA_ROOT}/clips/976811_t4ui2WmNjBa2OlEW_0053.wav,bonafide,hi-en,976811,mucs2021,none,channel_g711_20db,eval
${DATA_ROOT}/clips/976811_t4ui2WmNjBa2OlEW_0054.wav,bonafide,hi-en,976811,mucs2021,none,channel_g711_20db,eval
${DATA_ROOT}/clips/976811_t4ui2WmNjBa2OlEW_0055.wav,bonafide,hi-en,976811,mucs2021,none,channel_g711_20db,eval
${DATA_ROOT}/clips/976811_t4ui2WmNjBa2OlEW_0056.wav,bonafide,hi-en,976811,mucs2021,none,channel_g711_20db,eval
${DATA_ROOT}/clips/976811_t4ui2WmNjBa2OlEW_0057.wav,bonafide,hi-en,976811,mucs2021,none,channel_g711_20db,eval
${DATA_ROOT}/clips/976811_t4ui2WmNjBa2OlEW_0058.wav,bonafide,hi-en,976811,mucs2021,none,channel_g711_20db,eval
${DATA_ROOT}/clips/976811_t4ui2WmNjBa2OlEW_0059.wav,bonafide,hi-en,976811,mucs2021,none,channel_g711_20db,eval
${DATA_ROOT}/clips/976811_t4ui2WmNjBa2OlEW_0060.wav,bonafide,hi-en,976811,mucs2021,none,channel_g711_20db,eval
${DATA_ROOT}/clips/976811_t4ui2WmNjBa2OlEW_0061.wav,bonafide,hi-en,976811,mucs2021,none,channel_g711_20db,eval
${DATA_ROOT}/clips/976811_t4ui2WmNjBa2OlEW_0062.wav,bonafide,hi-en,976811,mucs2021,none,channel_g711_20db,eval
${DATA_ROOT}/clips/976811_t4ui2WmNjBa2OlEW_0063.wav,bonafide,hi-en,976811,mucs2021,none,channel_g711_20db,eval
${DATA_ROOT}/clips/976811_t4ui2WmNjBa2OlEW_0064.wav,bonafide,hi-en,976811,mucs2021,none,channel_g711_20db,eval
${DATA_ROOT}/clips/976811_t4ui2WmNjBa2OlEW_0065.wav,bonafide,hi-en,976811,mucs2021,none,channel_g711_20db,eval
${DATA_ROOT}/clips/976811_t4ui2WmNjBa2OlEW_0066.wav,bonafide,hi-en,976811,mucs2021,none,channel_g711_20db,eval
${DATA_ROOT}/clips/976811_t4ui2WmNjBa2OlEW_0067.wav,bonafide,hi-en,976811,mucs2021,none,channel_g711_20db,eval
${DATA_ROOT}/clips/976811_t4ui2WmNjBa2OlEW_0068.wav,bonafide,hi-en,976811,mucs2021,none,channel_g711_20db,eval
${DATA_ROOT}/clips/976811_t4ui2WmNjBa2OlEW_0069.wav,bonafide,hi-en,976811,mucs2021,none,channel_g711_20db,eval
${DATA_ROOT}/clips/976811_t4ui2WmNjBa2OlEW_0070.wav,bonafide,hi-en,976811,mucs2021,none,channel_g711_20db,eval
${DATA_ROOT}/clips/976811_t4ui2WmNjBa2OlEW_0071.wav,bonafide,hi-en,976811,mucs2021,none,channel_g711_20db,eval
${DATA_ROOT}/clips/976811_t4ui2WmNjBa2OlEW_0072.wav,bonafide,hi-en,976811,mucs2021,none,channel_g711_20db,eval
${DATA_ROOT}/clips/976811_t4ui2WmNjBa2OlEW_0073.wav,bonafide,hi-en,976811,mucs2021,none,channel_g711_20db,eval
${DATA_ROOT}/clips/976811_t4ui2WmNjBa2OlEW_0074.wav,bonafide,hi-en,976811,mucs2021,none,channel_g711_20db,eval
${DATA_ROOT}/clips/976811_t4ui2WmNjBa2OlEW_0075.wav,bonafide,hi-en,976811,mucs2021,none,channel_g711_20db,eval
${DATA_ROOT}/clips/976811_t4ui2WmNjBa2OlEW_0076.wav,bonafide,hi-en,976811,mucs2021,none,channel_g711_20db,eval
${DATA_ROOT}/clips/976811_t4ui2WmNjBa2OlEW_0077.wav,bonafide,hi-en,976811,mucs2021,none,channel_g711_20db,eval
${DATA_ROOT}/clips/976811_t4ui2WmNjBa2OlEW_0078.wav,bonafide,hi-en,976811,mucs2021,none,channel_g711_20db,eval
${DATA_ROOT}/clips/976811_t4ui2WmNjBa2OlEW_0079.wav,bonafide,hi-en,976811,mucs2021,none,channel_g711_20db,eval
${DATA_ROOT}/clips/976811_t4ui2WmNjBa2OlEW_0080.wav,bonafide,hi-en,976811,mucs2021,none,channel_g711_20db,eval
${DATA_ROOT}/clips/976811_t4ui2WmNjBa2OlEW_0081.wav,bonafide,hi-en,976811,mucs2021,none,channel_g711_20db,eval
${DATA_ROOT}/clips/976811_t4ui2WmNjBa2OlEW_0082.wav,bonafide,hi-en,976811,mucs2021,none,channel_g711_20db,eval
${DATA_ROOT}/clips/976811_t4ui2WmNjBa2OlEW_0083.wav,bonafide,hi-en,976811,mucs2021,none,channel_g711_20db,eval
${DATA_ROOT}/clips/976811_t4ui2WmNjBa2OlEW_0084.wav,bonafide,hi-en,976811,mucs2021,none,channel_g711_20db,eval
${DATA_ROOT}/clips/976811_t4ui2WmNjBa2OlEW_0085.wav,bonafide,hi-en,976811,mucs2021,none,channel_g711_20db,eval
${DATA_ROOT}/clips/976811_t4ui2WmNjBa2OlEW_0086.wav,bonafide,hi-en,976811,mucs2021,none,channel_g711_20db,eval
${DATA_ROOT}/clips/976811_t4ui2WmNjBa2OlEW_0087.wav,bonafide,hi-en,976811,mucs2021,none,channel_g711_20db,eval
${DATA_ROOT}/clips/976811_t4ui2WmNjBa2OlEW_0088.wav,bonafide,hi-en,976811,mucs2021,none,channel_g711_20db,eval
${DATA_ROOT}/clips/976811_t4ui2WmNjBa2OlEW_0089.wav,bonafide,hi-en,976811,mucs2021,none,channel_g711_20db,eval
${DATA_ROOT}/clips/976811_t4ui2WmNjBa2OlEW_0090.wav,bonafide,hi-en,976811,mucs2021,none,channel_g711_20db,eval
${DATA_ROOT}/clips/976811_t4ui2WmNjBa2OlEW_0091.wav,bonafide,hi-en,976811,mucs2021,none,channel_g711_20db,eval
${DATA_ROOT}/clips/976811_t4ui2WmNjBa2OlEW_0092.wav,bonafide,hi-en,976811,mucs2021,none,channel_g711_20db,eval
${DATA_ROOT}/clips/976811_t4ui2WmNjBa2OlEW_0093.wav,bonafide,hi-en,976811,mucs2021,none,channel_g711_20db,eval
${DATA_ROOT}/clips/976811_t4ui2WmNjBa2OlEW_0094.wav,bonafide,hi-en,976811,mucs2021,none,channel_g711_20db,eval
${DATA_ROOT}/clips/976811_t4ui2WmNjBa2OlEW_0095.wav,bonafide,hi-en,976811,mucs2021,none,channel_g711_20db,eval
${DATA_ROOT}/clips/976811_t4ui2WmNjBa2OlEW_0096.wav,bonafide,hi-en,976811,mucs2021,none,channel_g711_20db,eval
${DATA_ROOT}/clips/976811_t4ui2WmNjBa2OlEW_0097.wav,bonafide,hi-en,976811,mucs2021,none,channel_g711_20db,eval
${DATA_ROOT}/clips/976811_t4ui2WmNjBa2OlEW_0098.wav,bonafide,hi-en,976811,mucs2021,none,channel_g711_20db,eval
${DATA_ROOT}/clips/tortoise_111627_00001.wav,spoof,hi-en,111627,cm04,tortoise,channel_g711_20db,eval
${DATA_ROOT}/clips/tortoise_121073_00002.wav,spoof,hi-en,121073,cm04,tortoise,channel_g711_20db,eval
${DATA_ROOT}/clips/tortoise_136325_00003.wav,spoof,hi-en,136325,cm04,tortoise,channel_g711_20db,eval
${DATA_ROOT}/clips/tortoise_146859_00004.wav,spoof,hi-en,146859,cm04,tortoise,channel_g711_20db,eval
${DATA_ROOT}/clips/tortoise_165325_00005.wav,spoof,hi-en,165325,cm04,tortoise,channel_g711_20db,eval
${DATA_ROOT}/clips/tortoise_175522_00006.wav,spoof,hi-en,175522,cm04,tortoise,channel_g711_20db,eval
${DATA_ROOT}/clips/tortoise_232748_00007.wav,spoof,hi-en,232748,cm04,tortoise,channel_g711_20db,eval
${DATA_ROOT}/clips/tortoise_238121_00008.wav,spoof,hi-en,238121,cm04,tortoise,channel_g711_20db,eval
${DATA_ROOT}/clips/tortoise_386410_00009.wav,spoof,hi-en,386410,cm04,tortoise,channel_g711_20db,eval
${DATA_ROOT}/clips/tortoise_541916_00010.wav,spoof,hi-en,541916,cm04,tortoise,channel_g711_20db,eval
${DATA_ROOT}/clips/tortoise_577537_00011.wav,spoof,hi-en,577537,cm04,tortoise,channel_g711_20db,eval
${DATA_ROOT}/clips/tortoise_581145_00012.wav,spoof,hi-en,581145,cm04,tortoise,channel_g711_20db,eval
${DATA_ROOT}/clips/tortoise_596505_00013.wav,spoof,hi-en,596505,cm04,tortoise,channel_g711_20db,eval
${DATA_ROOT}/clips/tortoise_945728_00014.wav,spoof,hi-en,945728,cm04,tortoise,channel_g711_20db,eval
${DATA_ROOT}/clips/tortoise_976811_00015.wav,spoof,hi-en,976811,cm04,tortoise,channel_g711_20db,eval
${DATA_ROOT}/clips/tortoise_111627_00016.wav,spoof,hi-en,111627,cm04,tortoise,channel_g711_20db,eval
${DATA_ROOT}/clips/tortoise_121073_00017.wav,spoof,hi-en,121073,cm04,tortoise,channel_g711_20db,eval
${DATA_ROOT}/clips/tortoise_146859_00019.wav,spoof,hi-en,146859,cm04,tortoise,channel_g711_20db,eval
${DATA_ROOT}/clips/tortoise_165325_00020.wav,spoof,hi-en,165325,cm04,tortoise,channel_g711_20db,eval
${DATA_ROOT}/clips/tortoise_175522_00021.wav,spoof,hi-en,175522,cm04,tortoise,channel_g711_20db,eval
${DATA_ROOT}/clips/tortoise_232748_00022.wav,spoof,hi-en,232748,cm04,tortoise,channel_g711_20db,eval
${DATA_ROOT}/clips/tortoise_238121_00023.wav,spoof,hi-en,238121,cm04,tortoise,channel_g711_20db,eval
${DATA_ROOT}/clips/tortoise_386410_00024.wav,spoof,hi-en,386410,cm04,tortoise,channel_g711_20db,eval
${DATA_ROOT}/clips/tortoise_541916_00025.wav,spoof,hi-en,541916,cm04,tortoise,channel_g711_20db,eval
${DATA_ROOT}/clips/tortoise_577537_00026.wav,spoof,hi-en,577537,cm04,tortoise,channel_g711_20db,eval
${DATA_ROOT}/clips/tortoise_581145_00027.wav,spoof,hi-en,581145,cm04,tortoise,channel_g711_20db,eval
${DATA_ROOT}/clips/tortoise_596505_00028.wav,spoof,hi-en,596505,cm04,tortoise,channel_g711_20db,eval
${DATA_ROOT}/clips/tortoise_945728_00029.wav,spoof,hi-en,945728,cm04,tortoise,channel_g711_20db,eval
${DATA_ROOT}/clips/tortoise_976811_00030.wav,spoof,hi-en,976811,cm04,tortoise,channel_g711_20db,eval
${DATA_ROOT}/clips/tortoise_111627_00031.wav,spoof,hi-en,111627,cm04,tortoise,channel_g711_20db,eval
${DATA_ROOT}/clips/tortoise_121073_00032.wav,spoof,hi-en,121073,cm04,tortoise,channel_g711_20db,eval
${DATA_ROOT}/clips/tortoise_146859_00034.wav,spoof,hi-en,146859,cm04,tortoise,channel_g711_20db,eval
${DATA_ROOT}/clips/tortoise_165325_00035.wav,spoof,hi-en,165325,cm04,tortoise,channel_g711_20db,eval
${DATA_ROOT}/clips/tortoise_175522_00036.wav,spoof,hi-en,175522,cm04,tortoise,channel_g711_20db,eval
${DATA_ROOT}/clips/tortoise_232748_00037.wav,spoof,hi-en,232748,cm04,tortoise,channel_g711_20db,eval
${DATA_ROOT}/clips/tortoise_238121_00038.wav,spoof,hi-en,238121,cm04,tortoise,channel_g711_20db,eval
${DATA_ROOT}/clips/tortoise_386410_00039.wav,spoof,hi-en,386410,cm04,tortoise,channel_g711_20db,eval
${DATA_ROOT}/clips/tortoise_577537_00041.wav,spoof,hi-en,577537,cm04,tortoise,channel_g711_20db,eval
${DATA_ROOT}/clips/tortoise_596505_00043.wav,spoof,hi-en,596505,cm04,tortoise,channel_g711_20db,eval
${DATA_ROOT}/clips/tortoise_945728_00044.wav,spoof,hi-en,945728,cm04,tortoise,channel_g711_20db,eval
${DATA_ROOT}/clips/tortoise_976811_00045.wav,spoof,hi-en,976811,cm04,tortoise,channel_g711_20db,eval
${DATA_ROOT}/clips/tortoise_111627_00046.wav,spoof,hi-en,111627,cm04,tortoise,channel_g711_20db,eval
${DATA_ROOT}/clips/tortoise_121073_00047.wav,spoof,hi-en,121073,cm04,tortoise,channel_g711_20db,eval
${DATA_ROOT}/clips/tortoise_136325_00048.wav,spoof,hi-en,136325,cm04,tortoise,channel_g711_20db,eval
${DATA_ROOT}/clips/tortoise_146859_00049.wav,spoof,hi-en,146859,cm04,tortoise,channel_g711_20db,eval
${DATA_ROOT}/clips/tortoise_165325_00050.wav,spoof,hi-en,165325,cm04,tortoise,channel_g711_20db,eval
${DATA_ROOT}/clips/tortoise_175522_00051.wav,spoof,hi-en,175522,cm04,tortoise,channel_g711_20db,eval
${DATA_ROOT}/clips/tortoise_232748_00052.wav,spoof,hi-en,232748,cm04,tortoise,channel_g711_20db,eval
${DATA_ROOT}/clips/tortoise_238121_00053.wav,spoof,hi-en,238121,cm04,tortoise,channel_g711_20db,eval
${DATA_ROOT}/clips/tortoise_386410_00054.wav,spoof,hi-en,386410,cm04,tortoise,channel_g711_20db,eval
${DATA_ROOT}/clips/tortoise_541916_00055.wav,spoof,hi-en,541916,cm04,tortoise,channel_g711_20db,eval
${DATA_ROOT}/clips/tortoise_577537_00056.wav,spoof,hi-en,577537,cm04,tortoise,channel_g711_20db,eval
${DATA_ROOT}/clips/tortoise_581145_00057.wav,spoof,hi-en,581145,cm04,tortoise,channel_g711_20db,eval
${DATA_ROOT}/clips/tortoise_596505_00058.wav,spoof,hi-en,596505,cm04,tortoise,channel_g711_20db,eval
${DATA_ROOT}/clips/tortoise_945728_00059.wav,spoof,hi-en,945728,cm04,tortoise,channel_g711_20db,eval
${DATA_ROOT}/clips/tortoise_976811_00060.wav,spoof,hi-en,976811,cm04,tortoise,channel_g711_20db,eval
${DATA_ROOT}/clips/tortoise_111627_00061.wav,spoof,hi-en,111627,cm04,tortoise,channel_g711_20db,eval
${DATA_ROOT}/clips/tortoise_121073_00062.wav,spoof,hi-en,121073,cm04,tortoise,channel_g711_20db,eval
${DATA_ROOT}/clips/tortoise_136325_00063.wav,spoof,hi-en,136325,cm04,tortoise,channel_g711_20db,eval
${DATA_ROOT}/clips/tortoise_146859_00064.wav,spoof,hi-en,146859,cm04,tortoise,channel_g711_20db,eval
${DATA_ROOT}/clips/tortoise_165325_00065.wav,spoof,hi-en,165325,cm04,tortoise,channel_g711_20db,eval
${DATA_ROOT}/clips/tortoise_175522_00066.wav,spoof,hi-en,175522,cm04,tortoise,channel_g711_20db,eval
${DATA_ROOT}/clips/tortoise_232748_00067.wav,spoof,hi-en,232748,cm04,tortoise,channel_g711_20db,eval
${DATA_ROOT}/clips/tortoise_238121_00068.wav,spoof,hi-en,238121,cm04,tortoise,channel_g711_20db,eval
${DATA_ROOT}/clips/tortoise_386410_00069.wav,spoof,hi-en,386410,cm04,tortoise,channel_g711_20db,eval
${DATA_ROOT}/clips/tortoise_541916_00070.wav,spoof,hi-en,541916,cm04,tortoise,channel_g711_20db,eval
${DATA_ROOT}/clips/tortoise_577537_00071.wav,spoof,hi-en,577537,cm04,tortoise,channel_g711_20db,eval
${DATA_ROOT}/clips/tortoise_581145_00072.wav,spoof,hi-en,581145,cm04,tortoise,channel_g711_20db,eval
${DATA_ROOT}/clips/tortoise_596505_00073.wav,spoof,hi-en,596505,cm04,tortoise,channel_g711_20db,eval
${DATA_ROOT}/clips/tortoise_945728_00074.wav,spoof,hi-en,945728,cm04,tortoise,channel_g711_20db,eval
${DATA_ROOT}/clips/tortoise_976811_00075.wav,spoof,hi-en,976811,cm04,tortoise,channel_g711_20db,eval
${DATA_ROOT}/clips/tortoise_111627_00076.wav,spoof,hi-en,111627,cm04,tortoise,channel_g711_20db,eval
${DATA_ROOT}/clips/tortoise_121073_00077.wav,spoof,hi-en,121073,cm04,tortoise,channel_g711_20db,eval
${DATA_ROOT}/clips/tortoise_146859_00079.wav,spoof,hi-en,146859,cm04,tortoise,channel_g711_20db,eval
${DATA_ROOT}/clips/tortoise_165325_00080.wav,spoof,hi-en,165325,cm04,tortoise,channel_g711_20db,eval
${DATA_ROOT}/clips/tortoise_175522_00081.wav,spoof,hi-en,175522,cm04,tortoise,channel_g711_20db,eval
${DATA_ROOT}/clips/tortoise_232748_00082.wav,spoof,hi-en,232748,cm04,tortoise,channel_g711_20db,eval
${DATA_ROOT}/clips/tortoise_238121_00083.wav,spoof,hi-en,238121,cm04,tortoise,channel_g711_20db,eval
${DATA_ROOT}/clips/tortoise_386410_00084.wav,spoof,hi-en,386410,cm04,tortoise,channel_g711_20db,eval
${DATA_ROOT}/clips/tortoise_541916_00085.wav,spoof,hi-en,541916,cm04,tortoise,channel_g711_20db,eval
${DATA_ROOT}/clips/tortoise_577537_00086.wav,spoof,hi-en,577537,cm04,tortoise,channel_g711_20db,eval
${DATA_ROOT}/clips/tortoise_581145_00087.wav,spoof,hi-en,581145,cm04,tortoise,channel_g711_20db,eval
${DATA_ROOT}/clips/tortoise_596505_00088.wav,spoof,hi-en,596505,cm04,tortoise,channel_g711_20db,eval
${DATA_ROOT}/clips/tortoise_945728_00089.wav,spoof,hi-en,945728,cm04,tortoise,channel_g711_20db,eval
${DATA_ROOT}/clips/tortoise_976811_00090.wav,spoof,hi-en,976811,cm04,tortoise,channel_g711_20db,eval
${DATA_ROOT}/clips/tortoise_111627_00091.wav,spoof,hi-en,111627,cm04,tortoise,channel_g711_20db,eval
${DATA_ROOT}/clips/tortoise_121073_00092.wav,spoof,hi-en,121073,cm04,tortoise,channel_g711_20db,eval
${DATA_ROOT}/clips/tortoise_146859_00094.wav,spoof,hi-en,146859,cm04,tortoise,channel_g711_20db,eval
${DATA_ROOT}/clips/tortoise_165325_00095.wav,spoof,hi-en,165325,cm04,tortoise,channel_g711_20db,eval
${DATA_ROOT}/clips/tortoise_175522_00096.wav,spoof,hi-en,175522,cm04,tortoise,channel_g711_20db,eval
${DATA_ROOT}/clips/tortoise_232748_00097.wav,spoof,hi-en,232748,cm04,tortoise,channel_g711_20db,eval
${DATA_ROOT}/clips/tortoise_238121_00098.wav,spoof,hi-en,238121,cm04,tortoise,channel_g711_20db,eval
${DATA_ROOT}/clips/tortoise_386410_00099.wav,spoof,hi-en,386410,cm04,tortoise,channel_g711_20db,eval
${DATA_ROOT}/clips/tortoise_541916_00100.wav,spoof,hi-en,541916,cm04,tortoise,channel_g711_20db,eval
${DATA_ROOT}/clips/tortoise_577537_00101.wav,spoof,hi-en,577537,cm04,tortoise,channel_g711_20db,eval
${DATA_ROOT}/clips/tortoise_581145_00102.wav,spoof,hi-en,581145,cm04,tortoise,channel_g711_20db,eval
${DATA_ROOT}/clips/tortoise_596505_00103.wav,spoof,hi-en,596505,cm04,tortoise,channel_g711_20db,eval
${DATA_ROOT}/clips/tortoise_945728_00104.wav,spoof,hi-en,945728,cm04,tortoise,channel_g711_20db,eval
${DATA_ROOT}/clips/tortoise_976811_00105.wav,spoof,hi-en,976811,cm04,tortoise,channel_g711_20db,eval
${DATA_ROOT}/clips/tortoise_111627_00106.wav,spoof,hi-en,111627,cm04,tortoise,channel_g711_20db,eval
${DATA_ROOT}/clips/tortoise_121073_00107.wav,spoof,hi-en,121073,cm04,tortoise,channel_g711_20db,eval
${DATA_ROOT}/clips/tortoise_146859_00109.wav,spoof,hi-en,146859,cm04,tortoise,channel_g711_20db,eval
${DATA_ROOT}/clips/tortoise_165325_00110.wav,spoof,hi-en,165325,cm04,tortoise,channel_g711_20db,eval
${DATA_ROOT}/clips/tortoise_175522_00111.wav,spoof,hi-en,175522,cm04,tortoise,channel_g711_20db,eval
${DATA_ROOT}/clips/tortoise_232748_00112.wav,spoof,hi-en,232748,cm04,tortoise,channel_g711_20db,eval
${DATA_ROOT}/clips/tortoise_386410_00114.wav,spoof,hi-en,386410,cm04,tortoise,channel_g711_20db,eval
${DATA_ROOT}/clips/tortoise_541916_00115.wav,spoof,hi-en,541916,cm04,tortoise,channel_g711_20db,eval
${DATA_ROOT}/clips/tortoise_577537_00116.wav,spoof,hi-en,577537,cm04,tortoise,channel_g711_20db,eval
${DATA_ROOT}/clips/tortoise_581145_00117.wav,spoof,hi-en,581145,cm04,tortoise,channel_g711_20db,eval
${DATA_ROOT}/clips/tortoise_596505_00118.wav,spoof,hi-en,596505,cm04,tortoise,channel_g711_20db,eval
${DATA_ROOT}/clips/tortoise_945728_00119.wav,spoof,hi-en,945728,cm04,tortoise,channel_g711_20db,eval
${DATA_ROOT}/clips/tortoise_976811_00120.wav,spoof,hi-en,976811,cm04,tortoise,channel_g711_20db,eval
${DATA_ROOT}/clips/tortoise_111627_00121.wav,spoof,hi-en,111627,cm04,tortoise,channel_g711_20db,eval
${DATA_ROOT}/clips/tortoise_121073_00122.wav,spoof,hi-en,121073,cm04,tortoise,channel_g711_20db,eval
${DATA_ROOT}/clips/tortoise_146859_00124.wav,spoof,hi-en,146859,cm04,tortoise,channel_g711_20db,eval
${DATA_ROOT}/clips/tortoise_165325_00125.wav,spoof,hi-en,165325,cm04,tortoise,channel_g711_20db,eval
${DATA_ROOT}/clips/tortoise_175522_00126.wav,spoof,hi-en,175522,cm04,tortoise,channel_g711_20db,eval
${DATA_ROOT}/clips/tortoise_232748_00127.wav,spoof,hi-en,232748,cm04,tortoise,channel_g711_20db,eval
${DATA_ROOT}/clips/tortoise_238121_00128.wav,spoof,hi-en,238121,cm04,tortoise,channel_g711_20db,eval
${DATA_ROOT}/clips/tortoise_386410_00129.wav,spoof,hi-en,386410,cm04,tortoise,channel_g711_20db,eval
${DATA_ROOT}/clips/tortoise_541916_00130.wav,spoof,hi-en,541916,cm04,tortoise,channel_g711_20db,eval
${DATA_ROOT}/clips/tortoise_577537_00131.wav,spoof,hi-en,577537,cm04,tortoise,channel_g711_20db,eval
${DATA_ROOT}/clips/tortoise_581145_00132.wav,spoof,hi-en,581145,cm04,tortoise,channel_g711_20db,eval
${DATA_ROOT}/clips/tortoise_596505_00133.wav,spoof,hi-en,596505,cm04,tortoise,channel_g711_20db,eval
${DATA_ROOT}/clips/tortoise_945728_00134.wav,spoof,hi-en,945728,cm04,tortoise,channel_g711_20db,eval
${DATA_ROOT}/clips/tortoise_976811_00135.wav,spoof,hi-en,976811,cm04,tortoise,channel_g711_20db,eval
${DATA_ROOT}/clips/tortoise_111627_00136.wav,spoof,hi-en,111627,cm04,tortoise,channel_g711_20db,eval
${DATA_ROOT}/clips/tortoise_121073_00137.wav,spoof,hi-en,121073,cm04,tortoise,channel_g711_20db,eval
${DATA_ROOT}/clips/tortoise_136325_00138.wav,spoof,hi-en,136325,cm04,tortoise,channel_g711_20db,eval
${DATA_ROOT}/clips/tortoise_146859_00139.wav,spoof,hi-en,146859,cm04,tortoise,channel_g711_20db,eval
${DATA_ROOT}/clips/tortoise_165325_00140.wav,spoof,hi-en,165325,cm04,tortoise,channel_g711_20db,eval
${DATA_ROOT}/clips/tortoise_175522_00141.wav,spoof,hi-en,175522,cm04,tortoise,channel_g711_20db,eval
${DATA_ROOT}/clips/tortoise_232748_00142.wav,spoof,hi-en,232748,cm04,tortoise,channel_g711_20db,eval
${DATA_ROOT}/clips/tortoise_238121_00143.wav,spoof,hi-en,238121,cm04,tortoise,channel_g711_20db,eval
${DATA_ROOT}/clips/tortoise_386410_00144.wav,spoof,hi-en,386410,cm04,tortoise,channel_g711_20db,eval
${DATA_ROOT}/clips/tortoise_541916_00145.wav,spoof,hi-en,541916,cm04,tortoise,channel_g711_20db,eval
${DATA_ROOT}/clips/tortoise_577537_00146.wav,spoof,hi-en,577537,cm04,tortoise,channel_g711_20db,eval
${DATA_ROOT}/clips/tortoise_581145_00147.wav,spoof,hi-en,581145,cm04,tortoise,channel_g711_20db,eval
${DATA_ROOT}/clips/tortoise_596505_00148.wav,spoof,hi-en,596505,cm04,tortoise,channel_g711_20db,eval
${DATA_ROOT}/clips/tortoise_945728_00149.wav,spoof,hi-en,945728,cm04,tortoise,channel_g711_20db,eval
${DATA_ROOT}/clips/tortoise_976811_00150.wav,spoof,hi-en,976811,cm04,tortoise,channel_g711_20db,eval
${DATA_ROOT}/clips/tortoise_111627_00151.wav,spoof,hi-en,111627,cm04,tortoise,channel_g711_20db,eval
${DATA_ROOT}/clips/tortoise_121073_00152.wav,spoof,hi-en,121073,cm04,tortoise,channel_g711_20db,eval
${DATA_ROOT}/clips/tortoise_136325_00153.wav,spoof,hi-en,136325,cm04,tortoise,channel_g711_20db,eval
${DATA_ROOT}/clips/tortoise_146859_00154.wav,spoof,hi-en,146859,cm04,tortoise,channel_g711_20db,eval
${DATA_ROOT}/clips/tortoise_165325_00155.wav,spoof,hi-en,165325,cm04,tortoise,channel_g711_20db,eval
${DATA_ROOT}/clips/tortoise_175522_00156.wav,spoof,hi-en,175522,cm04,tortoise,channel_g711_20db,eval
${DATA_ROOT}/clips/tortoise_232748_00157.wav,spoof,hi-en,232748,cm04,tortoise,channel_g711_20db,eval
${DATA_ROOT}/clips/tortoise_238121_00158.wav,spoof,hi-en,238121,cm04,tortoise,channel_g711_20db,eval
${DATA_ROOT}/clips/tortoise_386410_00159.wav,spoof,hi-en,386410,cm04,tortoise,channel_g711_20db,eval
${DATA_ROOT}/clips/tortoise_541916_00160.wav,spoof,hi-en,541916,cm04,tortoise,channel_g711_20db,eval
${DATA_ROOT}/clips/tortoise_577537_00161.wav,spoof,hi-en,577537,cm04,tortoise,channel_g711_20db,eval
${DATA_ROOT}/clips/tortoise_596505_00163.wav,spoof,hi-en,596505,cm04,tortoise,channel_g711_20db,eval
${DATA_ROOT}/clips/tortoise_945728_00164.wav,spoof,hi-en,945728,cm04,tortoise,channel_g711_20db,eval
${DATA_ROOT}/clips/tortoise_976811_00165.wav,spoof,hi-en,976811,cm04,tortoise,channel_g711_20db,eval
${DATA_ROOT}/clips/tortoise_111627_00166.wav,spoof,hi-en,111627,cm04,tortoise,channel_g711_20db,eval
${DATA_ROOT}/clips/tortoise_121073_00167.wav,spoof,hi-en,121073,cm04,tortoise,channel_g711_20db,eval
${DATA_ROOT}/clips/tortoise_136325_00168.wav,spoof,hi-en,136325,cm04,tortoise,channel_g711_20db,eval
${DATA_ROOT}/clips/tortoise_146859_00169.wav,spoof,hi-en,146859,cm04,tortoise,channel_g711_20db,eval
${DATA_ROOT}/clips/tortoise_165325_00170.wav,spoof,hi-en,165325,cm04,tortoise,channel_g711_20db,eval
${DATA_ROOT}/clips/tortoise_175522_00171.wav,spoof,hi-en,175522,cm04,tortoise,channel_g711_20db,eval
${DATA_ROOT}/clips/tortoise_232748_00172.wav,spoof,hi-en,232748,cm04,tortoise,channel_g711_20db,eval
${DATA_ROOT}/clips/tortoise_238121_00173.wav,spoof,hi-en,238121,cm04,tortoise,channel_g711_20db,eval
${DATA_ROOT}/clips/tortoise_386410_00174.wav,spoof,hi-en,386410,cm04,tortoise,channel_g711_20db,eval
${DATA_ROOT}/clips/tortoise_541916_00175.wav,spoof,hi-en,541916,cm04,tortoise,channel_g711_20db,eval
${DATA_ROOT}/clips/tortoise_577537_00176.wav,spoof,hi-en,577537,cm04,tortoise,channel_g711_20db,eval
${DATA_ROOT}/clips/tortoise_581145_00177.wav,spoof,hi-en,581145,cm04,tortoise,channel_g711_20db,eval
${DATA_ROOT}/clips/tortoise_596505_00178.wav,spoof,hi-en,596505,cm04,tortoise,channel_g711_20db,eval
${DATA_ROOT}/clips/tortoise_945728_00179.wav,spoof,hi-en,945728,cm04,tortoise,channel_g711_20db,eval
${DATA_ROOT}/clips/tortoise_976811_00180.wav,spoof,hi-en,976811,cm04,tortoise,channel_g711_20db,eval
${DATA_ROOT}/clips/tortoise_111627_00181.wav,spoof,hi-en,111627,cm04,tortoise,channel_g711_20db,eval
${DATA_ROOT}/clips/tortoise_121073_00182.wav,spoof,hi-en,121073,cm04,tortoise,channel_g711_20db,eval
${DATA_ROOT}/clips/tortoise_136325_00183.wav,spoof,hi-en,136325,cm04,tortoise,channel_g711_20db,eval
${DATA_ROOT}/clips/tortoise_146859_00184.wav,spoof,hi-en,146859,cm04,tortoise,channel_g711_20db,eval
${DATA_ROOT}/clips/tortoise_165325_00185.wav,spoof,hi-en,165325,cm04,tortoise,channel_g711_20db,eval
${DATA_ROOT}/clips/tortoise_175522_00186.wav,spoof,hi-en,175522,cm04,tortoise,channel_g711_20db,eval
${DATA_ROOT}/clips/tortoise_232748_00187.wav,spoof,hi-en,232748,cm04,tortoise,channel_g711_20db,eval
${DATA_ROOT}/clips/tortoise_238121_00188.wav,spoof,hi-en,238121,cm04,tortoise,channel_g711_20db,eval
${DATA_ROOT}/clips/tortoise_541916_00190.wav,spoof,hi-en,541916,cm04,tortoise,channel_g711_20db,eval
${DATA_ROOT}/clips/tortoise_596505_00193.wav,spoof,hi-en,596505,cm04,tortoise,channel_g711_20db,eval
${DATA_ROOT}/clips/tortoise_945728_00194.wav,spoof,hi-en,945728,cm04,tortoise,channel_g711_20db,eval
${DATA_ROOT}/clips/tortoise_976811_00195.wav,spoof,hi-en,976811,cm04,tortoise,channel_g711_20db,eval
${DATA_ROOT}/clips/tortoise_121073_00197.wav,spoof,hi-en,121073,cm04,tortoise,channel_g711_20db,eval
${DATA_ROOT}/clips/tortoise_136325_00198.wav,spoof,hi-en,136325,cm04,tortoise,channel_g711_20db,eval
${DATA_ROOT}/clips/tortoise_146859_00199.wav,spoof,hi-en,146859,cm04,tortoise,channel_g711_20db,eval
${DATA_ROOT}/clips/tortoise_165325_00200.wav,spoof,hi-en,165325,cm04,tortoise,channel_g711_20db,eval
${DATA_ROOT}/clips/tortoise_175522_00201.wav,spoof,hi-en,175522,cm04,tortoise,channel_g711_20db,eval
${DATA_ROOT}/clips/tortoise_232748_00202.wav,spoof,hi-en,232748,cm04,tortoise,channel_g711_20db,eval
${DATA_ROOT}/clips/tortoise_238121_00203.wav,spoof,hi-en,238121,cm04,tortoise,channel_g711_20db,eval
${DATA_ROOT}/clips/tortoise_386410_00204.wav,spoof,hi-en,386410,cm04,tortoise,channel_g711_20db,eval
${DATA_ROOT}/clips/tortoise_541916_00205.wav,spoof,hi-en,541916,cm04,tortoise,channel_g711_20db,eval
${DATA_ROOT}/clips/tortoise_577537_00206.wav,spoof,hi-en,577537,cm04,tortoise,channel_g711_20db,eval
${DATA_ROOT}/clips/tortoise_581145_00207.wav,spoof,hi-en,581145,cm04,tortoise,channel_g711_20db,eval
${DATA_ROOT}/clips/tortoise_596505_00208.wav,spoof,hi-en,596505,cm04,tortoise,channel_g711_20db,eval
${DATA_ROOT}/clips/tortoise_945728_00209.wav,spoof,hi-en,945728,cm04,tortoise,channel_g711_20db,eval
${DATA_ROOT}/clips/tortoise_976811_00210.wav,spoof,hi-en,976811,cm04,tortoise,channel_g711_20db,eval
${DATA_ROOT}/clips/tortoise_111627_00211.wav,spoof,hi-en,111627,cm04,tortoise,channel_g711_20db,eval
${DATA_ROOT}/clips/tortoise_121073_00212.wav,spoof,hi-en,121073,cm04,tortoise,channel_g711_20db,eval
${DATA_ROOT}/clips/tortoise_146859_00214.wav,spoof,hi-en,146859,cm04,tortoise,channel_g711_20db,eval
${DATA_ROOT}/clips/tortoise_165325_00215.wav,spoof,hi-en,165325,cm04,tortoise,channel_g711_20db,eval
${DATA_ROOT}/clips/tortoise_175522_00216.wav,spoof,hi-en,175522,cm04,tortoise,channel_g711_20db,eval
${DATA_ROOT}/clips/tortoise_232748_00217.wav,spoof,hi-en,232748,cm04,tortoise,channel_g711_20db,eval
${DATA_ROOT}/clips/tortoise_238121_00218.wav,spoof,hi-en,238121,cm04,tortoise,channel_g711_20db,eval
${DATA_ROOT}/clips/tortoise_386410_00219.wav,spoof,hi-en,386410,cm04,tortoise,channel_g711_20db,eval
${DATA_ROOT}/clips/tortoise_541916_00220.wav,spoof,hi-en,541916,cm04,tortoise,channel_g711_20db,eval
${DATA_ROOT}/clips/tortoise_577537_00221.wav,spoof,hi-en,577537,cm04,tortoise,channel_g711_20db,eval
${DATA_ROOT}/clips/tortoise_581145_00222.wav,spoof,hi-en,581145,cm04,tortoise,channel_g711_20db,eval
${DATA_ROOT}/clips/tortoise_596505_00223.wav,spoof,hi-en,596505,cm04,tortoise,channel_g711_20db,eval
${DATA_ROOT}/clips/tortoise_976811_00225.wav,spoof,hi-en,976811,cm04,tortoise,channel_g711_20db,eval
${DATA_ROOT}/clips/tortoise_111627_00226.wav,spoof,hi-en,111627,cm04,tortoise,channel_g711_20db,eval
${DATA_ROOT}/clips/tortoise_121073_00227.wav,spoof,hi-en,121073,cm04,tortoise,channel_g711_20db,eval
${DATA_ROOT}/clips/tortoise_136325_00228.wav,spoof,hi-en,136325,cm04,tortoise,channel_g711_20db,eval
${DATA_ROOT}/clips/tortoise_146859_00229.wav,spoof,hi-en,146859,cm04,tortoise,channel_g711_20db,eval
${DATA_ROOT}/clips/tortoise_165325_00230.wav,spoof,hi-en,165325,cm04,tortoise,channel_g711_20db,eval
${DATA_ROOT}/clips/tortoise_175522_00231.wav,spoof,hi-en,175522,cm04,tortoise,channel_g711_20db,eval
${DATA_ROOT}/clips/tortoise_232748_00232.wav,spoof,hi-en,232748,cm04,tortoise,channel_g711_20db,eval
${DATA_ROOT}/clips/tortoise_238121_00233.wav,spoof,hi-en,238121,cm04,tortoise,channel_g711_20db,eval
${DATA_ROOT}/clips/tortoise_386410_00234.wav,spoof,hi-en,386410,cm04,tortoise,channel_g711_20db,eval
${DATA_ROOT}/clips/tortoise_541916_00235.wav,spoof,hi-en,541916,cm04,tortoise,channel_g711_20db,eval
${DATA_ROOT}/clips/tortoise_577537_00236.wav,spoof,hi-en,577537,cm04,tortoise,channel_g711_20db,eval
${DATA_ROOT}/clips/tortoise_581145_00237.wav,spoof,hi-en,581145,cm04,tortoise,channel_g711_20db,eval
${DATA_ROOT}/clips/tortoise_596505_00238.wav,spoof,hi-en,596505,cm04,tortoise,channel_g711_20db,eval
${DATA_ROOT}/clips/tortoise_976811_00240.wav,spoof,hi-en,976811,cm04,tortoise,channel_g711_20db,eval
${DATA_ROOT}/clips/tortoise_111627_00241.wav,spoof,hi-en,111627,cm04,tortoise,channel_g711_20db,eval
${DATA_ROOT}/clips/tortoise_121073_00242.wav,spoof,hi-en,121073,cm04,tortoise,channel_g711_20db,eval
${DATA_ROOT}/clips/tortoise_146859_00244.wav,spoof,hi-en,146859,cm04,tortoise,channel_g711_20db,eval
${DATA_ROOT}/clips/tortoise_165325_00245.wav,spoof,hi-en,165325,cm04,tortoise,channel_g711_20db,eval
${DATA_ROOT}/clips/tortoise_175522_00246.wav,spoof,hi-en,175522,cm04,tortoise,channel_g711_20db,eval
${DATA_ROOT}/clips/tortoise_232748_00247.wav,spoof,hi-en,232748,cm04,tortoise,channel_g711_20db,eval
${DATA_ROOT}/clips/tortoise_238121_00248.wav,spoof,hi-en,238121,cm04,tortoise,channel_g711_20db,eval
${DATA_ROOT}/clips/tortoise_386410_00249.wav,spoof,hi-en,386410,cm04,tortoise,channel_g711_20db,eval
${DATA_ROOT}/clips/tortoise_541916_00250.wav,spoof,hi-en,541916,cm04,tortoise,channel_g711_20db,eval
${DATA_ROOT}/clips/tortoise_577537_00251.wav,spoof,hi-en,577537,cm04,tortoise,channel_g711_20db,eval
${DATA_ROOT}/clips/tortoise_581145_00252.wav,spoof,hi-en,581145,cm04,tortoise,channel_g711_20db,eval
${DATA_ROOT}/clips/tortoise_596505_00253.wav,spoof,hi-en,596505,cm04,tortoise,channel_g711_20db,eval
${DATA_ROOT}/clips/tortoise_945728_00254.wav,spoof,hi-en,945728,cm04,tortoise,channel_g711_20db,eval
${DATA_ROOT}/clips/tortoise_976811_00255.wav,spoof,hi-en,976811,cm04,tortoise,channel_g711_20db,eval
${DATA_ROOT}/clips/tortoise_111627_00256.wav,spoof,hi-en,111627,cm04,tortoise,channel_g711_20db,eval
${DATA_ROOT}/clips/tortoise_121073_00257.wav,spoof,hi-en,121073,cm04,tortoise,channel_g711_20db,eval
${DATA_ROOT}/clips/tortoise_165325_00260.wav,spoof,hi-en,165325,cm04,tortoise,channel_g711_20db,eval
${DATA_ROOT}/clips/tortoise_175522_00261.wav,spoof,hi-en,175522,cm04,tortoise,channel_g711_20db,eval
${DATA_ROOT}/clips/tortoise_232748_00262.wav,spoof,hi-en,232748,cm04,tortoise,channel_g711_20db,eval
${DATA_ROOT}/clips/tortoise_238121_00263.wav,spoof,hi-en,238121,cm04,tortoise,channel_g711_20db,eval
${DATA_ROOT}/clips/tortoise_386410_00264.wav,spoof,hi-en,386410,cm04,tortoise,channel_g711_20db,eval
${DATA_ROOT}/clips/tortoise_541916_00265.wav,spoof,hi-en,541916,cm04,tortoise,channel_g711_20db,eval
${DATA_ROOT}/clips/tortoise_577537_00266.wav,spoof,hi-en,577537,cm04,tortoise,channel_g711_20db,eval
${DATA_ROOT}/clips/tortoise_581145_00267.wav,spoof,hi-en,581145,cm04,tortoise,channel_g711_20db,eval
${DATA_ROOT}/clips/tortoise_596505_00268.wav,spoof,hi-en,596505,cm04,tortoise,channel_g711_20db,eval
${DATA_ROOT}/clips/tortoise_945728_00269.wav,spoof,hi-en,945728,cm04,tortoise,channel_g711_20db,eval
${DATA_ROOT}/clips/tortoise_976811_00270.wav,spoof,hi-en,976811,cm04,tortoise,channel_g711_20db,eval
${DATA_ROOT}/clips/tortoise_121073_00272.wav,spoof,hi-en,121073,cm04,tortoise,channel_g711_20db,eval
${DATA_ROOT}/clips/tortoise_146859_00274.wav,spoof,hi-en,146859,cm04,tortoise,channel_g711_20db,eval
${DATA_ROOT}/clips/tortoise_165325_00275.wav,spoof,hi-en,165325,cm04,tortoise,channel_g711_20db,eval
${DATA_ROOT}/clips/tortoise_175522_00276.wav,spoof,hi-en,175522,cm04,tortoise,channel_g711_20db,eval
${DATA_ROOT}/clips/tortoise_232748_00277.wav,spoof,hi-en,232748,cm04,tortoise,channel_g711_20db,eval
${DATA_ROOT}/clips/tortoise_238121_00278.wav,spoof,hi-en,238121,cm04,tortoise,channel_g711_20db,eval
${DATA_ROOT}/clips/tortoise_386410_00279.wav,spoof,hi-en,386410,cm04,tortoise,channel_g711_20db,eval
${DATA_ROOT}/clips/tortoise_541916_00280.wav,spoof,hi-en,541916,cm04,tortoise,channel_g711_20db,eval
${DATA_ROOT}/clips/tortoise_577537_00281.wav,spoof,hi-en,577537,cm04,tortoise,channel_g711_20db,eval
${DATA_ROOT}/clips/tortoise_581145_00282.wav,spoof,hi-en,581145,cm04,tortoise,channel_g711_20db,eval
${DATA_ROOT}/clips/tortoise_596505_00283.wav,spoof,hi-en,596505,cm04,tortoise,channel_g711_20db,eval
${DATA_ROOT}/clips/tortoise_945728_00284.wav,spoof,hi-en,945728,cm04,tortoise,channel_g711_20db,eval
${DATA_ROOT}/clips/tortoise_976811_00285.wav,spoof,hi-en,976811,cm04,tortoise,channel_g711_20db,eval
${DATA_ROOT}/clips/tortoise_111627_00286.wav,spoof,hi-en,111627,cm04,tortoise,channel_g711_20db,eval
${DATA_ROOT}/clips/tortoise_121073_00287.wav,spoof,hi-en,121073,cm04,tortoise,channel_g711_20db,eval
${DATA_ROOT}/clips/tortoise_136325_00288.wav,spoof,hi-en,136325,cm04,tortoise,channel_g711_20db,eval
${DATA_ROOT}/clips/tortoise_146859_00289.wav,spoof,hi-en,146859,cm04,tortoise,channel_g711_20db,eval
${DATA_ROOT}/clips/tortoise_165325_00290.wav,spoof,hi-en,165325,cm04,tortoise,channel_g711_20db,eval
${DATA_ROOT}/clips/tortoise_175522_00291.wav,spoof,hi-en,175522,cm04,tortoise,channel_g711_20db,eval
${DATA_ROOT}/clips/tortoise_232748_00292.wav,spoof,hi-en,232748,cm04,tortoise,channel_g711_20db,eval
${DATA_ROOT}/clips/tortoise_238121_00293.wav,spoof,hi-en,238121,cm04,tortoise,channel_g711_20db,eval
${DATA_ROOT}/clips/tortoise_386410_00294.wav,spoof,hi-en,386410,cm04,tortoise,channel_g711_20db,eval
${DATA_ROOT}/clips/tortoise_541916_00295.wav,spoof,hi-en,541916,cm04,tortoise,channel_g711_20db,eval
${DATA_ROOT}/clips/tortoise_577537_00296.wav,spoof,hi-en,577537,cm04,tortoise,channel_g711_20db,eval
${DATA_ROOT}/clips/tortoise_581145_00297.wav,spoof,hi-en,581145,cm04,tortoise,channel_g711_20db,eval
${DATA_ROOT}/clips/tortoise_596505_00298.wav,spoof,hi-en,596505,cm04,tortoise,channel_g711_20db,eval
${DATA_ROOT}/clips/tortoise_945728_00299.wav,spoof,hi-en,945728,cm04,tortoise,channel_g711_20db,eval
${DATA_ROOT}/clips/tortoise_976811_00300.wav,spoof,hi-en,976811,cm04,tortoise,channel_g711_20db,eval
${DATA_ROOT}/clips/tortoise_111627_00301.wav,spoof,hi-en,111627,cm04,tortoise,channel_g711_20db,eval
${DATA_ROOT}/clips/tortoise_121073_00302.wav,spoof,hi-en,121073,cm04,tortoise,channel_g711_20db,eval
${DATA_ROOT}/clips/tortoise_136325_00303.wav,spoof,hi-en,136325,cm04,tortoise,channel_g711_20db,eval
${DATA_ROOT}/clips/tortoise_146859_00304.wav,spoof,hi-en,146859,cm04,tortoise,channel_g711_20db,eval
${DATA_ROOT}/clips/tortoise_165325_00305.wav,spoof,hi-en,165325,cm04,tortoise,channel_g711_20db,eval
${DATA_ROOT}/clips/tortoise_175522_00306.wav,spoof,hi-en,175522,cm04,tortoise,channel_g711_20db,eval
${DATA_ROOT}/clips/tortoise_232748_00307.wav,spoof,hi-en,232748,cm04,tortoise,channel_g711_20db,eval
${DATA_ROOT}/clips/tortoise_238121_00308.wav,spoof,hi-en,238121,cm04,tortoise,channel_g711_20db,eval
${DATA_ROOT}/clips/tortoise_386410_00309.wav,spoof,hi-en,386410,cm04,tortoise,channel_g711_20db,eval
${DATA_ROOT}/clips/tortoise_541916_00310.wav,spoof,hi-en,541916,cm04,tortoise,channel_g711_20db,eval
${DATA_ROOT}/clips/tortoise_577537_00311.wav,spoof,hi-en,577537,cm04,tortoise,channel_g711_20db,eval
${DATA_ROOT}/clips/tortoise_581145_00312.wav,spoof,hi-en,581145,cm04,tortoise,channel_g711_20db,eval
${DATA_ROOT}/clips/tortoise_596505_00313.wav,spoof,hi-en,596505,cm04,tortoise,channel_g711_20db,eval
${DATA_ROOT}/clips/tortoise_945728_00314.wav,spoof,hi-en,945728,cm04,tortoise,channel_g711_20db,eval
${DATA_ROOT}/clips/tortoise_976811_00315.wav,spoof,hi-en,976811,cm04,tortoise,channel_g711_20db,eval
${DATA_ROOT}/clips/tortoise_111627_00316.wav,spoof,hi-en,111627,cm04,tortoise,channel_g711_20db,eval
${DATA_ROOT}/clips/tortoise_121073_00317.wav,spoof,hi-en,121073,cm04,tortoise,channel_g711_20db,eval
${DATA_ROOT}/clips/tortoise_136325_00318.wav,spoof,hi-en,136325,cm04,tortoise,channel_g711_20db,eval
${DATA_ROOT}/clips/tortoise_146859_00319.wav,spoof,hi-en,146859,cm04,tortoise,channel_g711_20db,eval
${DATA_ROOT}/clips/tortoise_165325_00320.wav,spoof,hi-en,165325,cm04,tortoise,channel_g711_20db,eval
${DATA_ROOT}/clips/tortoise_175522_00321.wav,spoof,hi-en,175522,cm04,tortoise,channel_g711_20db,eval
${DATA_ROOT}/clips/tortoise_386410_00324.wav,spoof,hi-en,386410,cm04,tortoise,channel_g711_20db,eval
${DATA_ROOT}/clips/tortoise_541916_00325.wav,spoof,hi-en,541916,cm04,tortoise,channel_g711_20db,eval
${DATA_ROOT}/clips/tortoise_577537_00326.wav,spoof,hi-en,577537,cm04,tortoise,channel_g711_20db,eval
${DATA_ROOT}/clips/tortoise_581145_00327.wav,spoof,hi-en,581145,cm04,tortoise,channel_g711_20db,eval
${DATA_ROOT}/clips/tortoise_596505_00328.wav,spoof,hi-en,596505,cm04,tortoise,channel_g711_20db,eval
${DATA_ROOT}/clips/tortoise_945728_00329.wav,spoof,hi-en,945728,cm04,tortoise,channel_g711_20db,eval
${DATA_ROOT}/clips/tortoise_976811_00330.wav,spoof,hi-en,976811,cm04,tortoise,channel_g711_20db,eval
${DATA_ROOT}/clips/tortoise_111627_00331.wav,spoof,hi-en,111627,cm04,tortoise,channel_g711_20db,eval
${DATA_ROOT}/clips/tortoise_146859_00334.wav,spoof,hi-en,146859,cm04,tortoise,channel_g711_20db,eval
${DATA_ROOT}/clips/tortoise_165325_00335.wav,spoof,hi-en,165325,cm04,tortoise,channel_g711_20db,eval
${DATA_ROOT}/clips/tortoise_175522_00336.wav,spoof,hi-en,175522,cm04,tortoise,channel_g711_20db,eval
${DATA_ROOT}/clips/tortoise_232748_00337.wav,spoof,hi-en,232748,cm04,tortoise,channel_g711_20db,eval
${DATA_ROOT}/clips/tortoise_238121_00338.wav,spoof,hi-en,238121,cm04,tortoise,channel_g711_20db,eval
${DATA_ROOT}/clips/tortoise_386410_00339.wav,spoof,hi-en,386410,cm04,tortoise,channel_g711_20db,eval
${DATA_ROOT}/clips/tortoise_577537_00341.wav,spoof,hi-en,577537,cm04,tortoise,channel_g711_20db,eval
${DATA_ROOT}/clips/tortoise_581145_00342.wav,spoof,hi-en,581145,cm04,tortoise,channel_g711_20db,eval
${DATA_ROOT}/clips/tortoise_945728_00344.wav,spoof,hi-en,945728,cm04,tortoise,channel_g711_20db,eval
${DATA_ROOT}/clips/tortoise_976811_00345.wav,spoof,hi-en,976811,cm04,tortoise,channel_g711_20db,eval
${DATA_ROOT}/clips/tortoise_111627_00346.wav,spoof,hi-en,111627,cm04,tortoise,channel_g711_20db,eval
${DATA_ROOT}/clips/tortoise_121073_00347.wav,spoof,hi-en,121073,cm04,tortoise,channel_g711_20db,eval
${DATA_ROOT}/clips/tortoise_136325_00348.wav,spoof,hi-en,136325,cm04,tortoise,channel_g711_20db,eval
${DATA_ROOT}/clips/tortoise_146859_00349.wav,spoof,hi-en,146859,cm04,tortoise,channel_g711_20db,eval
${DATA_ROOT}/clips/tortoise_175522_00351.wav,spoof,hi-en,175522,cm04,tortoise,channel_g711_20db,eval
${DATA_ROOT}/clips/tortoise_232748_00352.wav,spoof,hi-en,232748,cm04,tortoise,channel_g711_20db,eval
${DATA_ROOT}/clips/tortoise_238121_00353.wav,spoof,hi-en,238121,cm04,tortoise,channel_g711_20db,eval
${DATA_ROOT}/clips/tortoise_386410_00354.wav,spoof,hi-en,386410,cm04,tortoise,channel_g711_20db,eval
${DATA_ROOT}/clips/tortoise_541916_00355.wav,spoof,hi-en,541916,cm04,tortoise,channel_g711_20db,eval
${DATA_ROOT}/clips/tortoise_577537_00356.wav,spoof,hi-en,577537,cm04,tortoise,channel_g711_20db,eval
${DATA_ROOT}/clips/tortoise_581145_00357.wav,spoof,hi-en,581145,cm04,tortoise,channel_g711_20db,eval
${DATA_ROOT}/clips/tortoise_596505_00358.wav,spoof,hi-en,596505,cm04,tortoise,channel_g711_20db,eval
${DATA_ROOT}/clips/tortoise_945728_00359.wav,spoof,hi-en,945728,cm04,tortoise,channel_g711_20db,eval
${DATA_ROOT}/clips/tortoise_976811_00360.wav,spoof,hi-en,976811,cm04,tortoise,channel_g711_20db,eval
${DATA_ROOT}/clips/tortoise_111627_00361.wav,spoof,hi-en,111627,cm04,tortoise,channel_g711_20db,eval
${DATA_ROOT}/clips/tortoise_121073_00362.wav,spoof,hi-en,121073,cm04,tortoise,channel_g711_20db,eval
${DATA_ROOT}/clips/tortoise_146859_00364.wav,spoof,hi-en,146859,cm04,tortoise,channel_g711_20db,eval
${DATA_ROOT}/clips/tortoise_165325_00365.wav,spoof,hi-en,165325,cm04,tortoise,channel_g711_20db,eval
${DATA_ROOT}/clips/tortoise_175522_00366.wav,spoof,hi-en,175522,cm04,tortoise,channel_g711_20db,eval
${DATA_ROOT}/clips/tortoise_232748_00367.wav,spoof,hi-en,232748,cm04,tortoise,channel_g711_20db,eval
${DATA_ROOT}/clips/tortoise_238121_00368.wav,spoof,hi-en,238121,cm04,tortoise,channel_g711_20db,eval
${DATA_ROOT}/clips/tortoise_386410_00369.wav,spoof,hi-en,386410,cm04,tortoise,channel_g711_20db,eval
${DATA_ROOT}/clips/tortoise_541916_00370.wav,spoof,hi-en,541916,cm04,tortoise,channel_g711_20db,eval
${DATA_ROOT}/clips/tortoise_577537_00371.wav,spoof,hi-en,577537,cm04,tortoise,channel_g711_20db,eval
${DATA_ROOT}/clips/tortoise_581145_00372.wav,spoof,hi-en,581145,cm04,tortoise,channel_g711_20db,eval
${DATA_ROOT}/clips/tortoise_596505_00373.wav,spoof,hi-en,596505,cm04,tortoise,channel_g711_20db,eval
${DATA_ROOT}/clips/tortoise_945728_00374.wav,spoof,hi-en,945728,cm04,tortoise,channel_g711_20db,eval
${DATA_ROOT}/clips/tortoise_976811_00375.wav,spoof,hi-en,976811,cm04,tortoise,channel_g711_20db,eval
${DATA_ROOT}/clips/tortoise_111627_00376.wav,spoof,hi-en,111627,cm04,tortoise,channel_g711_20db,eval
${DATA_ROOT}/clips/tortoise_121073_00377.wav,spoof,hi-en,121073,cm04,tortoise,channel_g711_20db,eval
${DATA_ROOT}/clips/tortoise_165325_00380.wav,spoof,hi-en,165325,cm04,tortoise,channel_g711_20db,eval
${DATA_ROOT}/clips/tortoise_175522_00381.wav,spoof,hi-en,175522,cm04,tortoise,channel_g711_20db,eval
${DATA_ROOT}/clips/tortoise_232748_00382.wav,spoof,hi-en,232748,cm04,tortoise,channel_g711_20db,eval
${DATA_ROOT}/clips/tortoise_238121_00383.wav,spoof,hi-en,238121,cm04,tortoise,channel_g711_20db,eval
${DATA_ROOT}/clips/tortoise_386410_00384.wav,spoof,hi-en,386410,cm04,tortoise,channel_g711_20db,eval
${DATA_ROOT}/clips/tortoise_541916_00385.wav,spoof,hi-en,541916,cm04,tortoise,channel_g711_20db,eval
${DATA_ROOT}/clips/tortoise_577537_00386.wav,spoof,hi-en,577537,cm04,tortoise,channel_g711_20db,eval
${DATA_ROOT}/clips/tortoise_581145_00387.wav,spoof,hi-en,581145,cm04,tortoise,channel_g711_20db,eval
${DATA_ROOT}/clips/tortoise_596505_00388.wav,spoof,hi-en,596505,cm04,tortoise,channel_g711_20db,eval
${DATA_ROOT}/clips/tortoise_945728_00389.wav,spoof,hi-en,945728,cm04,tortoise,channel_g711_20db,eval
${DATA_ROOT}/clips/tortoise_976811_00390.wav,spoof,hi-en,976811,cm04,tortoise,channel_g711_20db,eval
${DATA_ROOT}/clips/tortoise_111627_00391.wav,spoof,hi-en,111627,cm04,tortoise,channel_g711_20db,eval
${DATA_ROOT}/clips/tortoise_121073_00392.wav,spoof,hi-en,121073,cm04,tortoise,channel_g711_20db,eval
${DATA_ROOT}/clips/tortoise_146859_00394.wav,spoof,hi-en,146859,cm04,tortoise,channel_g711_20db,eval
${DATA_ROOT}/clips/tortoise_165325_00395.wav,spoof,hi-en,165325,cm04,tortoise,channel_g711_20db,eval
${DATA_ROOT}/clips/tortoise_175522_00396.wav,spoof,hi-en,175522,cm04,tortoise,channel_g711_20db,eval
${DATA_ROOT}/clips/tortoise_232748_00397.wav,spoof,hi-en,232748,cm04,tortoise,channel_g711_20db,eval
${DATA_ROOT}/clips/tortoise_238121_00398.wav,spoof,hi-en,238121,cm04,tortoise,channel_g711_20db,eval
${DATA_ROOT}/clips/tortoise_386410_00399.wav,spoof,hi-en,386410,cm04,tortoise,channel_g711_20db,eval
${DATA_ROOT}/clips/tortoise_541916_00400.wav,spoof,hi-en,541916,cm04,tortoise,channel_g711_20db,eval
${DATA_ROOT}/clips/tortoise_577537_00401.wav,spoof,hi-en,577537,cm04,tortoise,channel_g711_20db,eval
${DATA_ROOT}/clips/tortoise_581145_00402.wav,spoof,hi-en,581145,cm04,tortoise,channel_g711_20db,eval
${DATA_ROOT}/clips/tortoise_596505_00403.wav,spoof,hi-en,596505,cm04,tortoise,channel_g711_20db,eval
${DATA_ROOT}/clips/tortoise_945728_00404.wav,spoof,hi-en,945728,cm04,tortoise,channel_g711_20db,eval
${DATA_ROOT}/clips/tortoise_976811_00405.wav,spoof,hi-en,976811,cm04,tortoise,channel_g711_20db,eval
${DATA_ROOT}/clips/tortoise_111627_00406.wav,spoof,hi-en,111627,cm04,tortoise,channel_g711_20db,eval
${DATA_ROOT}/clips/tortoise_121073_00407.wav,spoof,hi-en,121073,cm04,tortoise,channel_g711_20db,eval
${DATA_ROOT}/clips/tortoise_136325_00408.wav,spoof,hi-en,136325,cm04,tortoise,channel_g711_20db,eval
${DATA_ROOT}/clips/tortoise_146859_00409.wav,spoof,hi-en,146859,cm04,tortoise,channel_g711_20db,eval
${DATA_ROOT}/clips/tortoise_165325_00410.wav,spoof,hi-en,165325,cm04,tortoise,channel_g711_20db,eval
${DATA_ROOT}/clips/tortoise_175522_00411.wav,spoof,hi-en,175522,cm04,tortoise,channel_g711_20db,eval
${DATA_ROOT}/clips/tortoise_232748_00412.wav,spoof,hi-en,232748,cm04,tortoise,channel_g711_20db,eval
${DATA_ROOT}/clips/tortoise_238121_00413.wav,spoof,hi-en,238121,cm04,tortoise,channel_g711_20db,eval
${DATA_ROOT}/clips/tortoise_386410_00414.wav,spoof,hi-en,386410,cm04,tortoise,channel_g711_20db,eval
${DATA_ROOT}/clips/tortoise_541916_00415.wav,spoof,hi-en,541916,cm04,tortoise,channel_g711_20db,eval
${DATA_ROOT}/clips/tortoise_577537_00416.wav,spoof,hi-en,577537,cm04,tortoise,channel_g711_20db,eval
${DATA_ROOT}/clips/tortoise_581145_00417.wav,spoof,hi-en,581145,cm04,tortoise,channel_g711_20db,eval
${DATA_ROOT}/clips/tortoise_596505_00418.wav,spoof,hi-en,596505,cm04,tortoise,channel_g711_20db,eval
${DATA_ROOT}/clips/tortoise_945728_00419.wav,spoof,hi-en,945728,cm04,tortoise,channel_g711_20db,eval
${DATA_ROOT}/clips/tortoise_976811_00420.wav,spoof,hi-en,976811,cm04,tortoise,channel_g711_20db,eval
${DATA_ROOT}/clips/tortoise_111627_00421.wav,spoof,hi-en,111627,cm04,tortoise,channel_g711_20db,eval
${DATA_ROOT}/clips/tortoise_121073_00422.wav,spoof,hi-en,121073,cm04,tortoise,channel_g711_20db,eval
${DATA_ROOT}/clips/tortoise_146859_00424.wav,spoof,hi-en,146859,cm04,tortoise,channel_g711_20db,eval
${DATA_ROOT}/clips/tortoise_165325_00425.wav,spoof,hi-en,165325,cm04,tortoise,channel_g711_20db,eval
${DATA_ROOT}/clips/tortoise_175522_00426.wav,spoof,hi-en,175522,cm04,tortoise,channel_g711_20db,eval
${DATA_ROOT}/clips/tortoise_232748_00427.wav,spoof,hi-en,232748,cm04,tortoise,channel_g711_20db,eval
${DATA_ROOT}/clips/tortoise_238121_00428.wav,spoof,hi-en,238121,cm04,tortoise,channel_g711_20db,eval
${DATA_ROOT}/clips/tortoise_386410_00429.wav,spoof,hi-en,386410,cm04,tortoise,channel_g711_20db,eval
${DATA_ROOT}/clips/tortoise_541916_00430.wav,spoof,hi-en,541916,cm04,tortoise,channel_g711_20db,eval
${DATA_ROOT}/clips/tortoise_577537_00431.wav,spoof,hi-en,577537,cm04,tortoise,channel_g711_20db,eval
${DATA_ROOT}/clips/tortoise_581145_00432.wav,spoof,hi-en,581145,cm04,tortoise,channel_g711_20db,eval
${DATA_ROOT}/clips/tortoise_596505_00433.wav,spoof,hi-en,596505,cm04,tortoise,channel_g711_20db,eval
${DATA_ROOT}/clips/tortoise_945728_00434.wav,spoof,hi-en,945728,cm04,tortoise,channel_g711_20db,eval
${DATA_ROOT}/clips/tortoise_976811_00435.wav,spoof,hi-en,976811,cm04,tortoise,channel_g711_20db,eval
${DATA_ROOT}/clips/tortoise_111627_00436.wav,spoof,hi-en,111627,cm04,tortoise,channel_g711_20db,eval
${DATA_ROOT}/clips/tortoise_121073_00437.wav,spoof,hi-en,121073,cm04,tortoise,channel_g711_20db,eval
${DATA_ROOT}/clips/tortoise_136325_00438.wav,spoof,hi-en,136325,cm04,tortoise,channel_g711_20db,eval
${DATA_ROOT}/clips/tortoise_146859_00439.wav,spoof,hi-en,146859,cm04,tortoise,channel_g711_20db,eval
${DATA_ROOT}/clips/tortoise_165325_00440.wav,spoof,hi-en,165325,cm04,tortoise,channel_g711_20db,eval
${DATA_ROOT}/clips/tortoise_175522_00441.wav,spoof,hi-en,175522,cm04,tortoise,channel_g711_20db,eval
${DATA_ROOT}/clips/tortoise_232748_00442.wav,spoof,hi-en,232748,cm04,tortoise,channel_g711_20db,eval
${DATA_ROOT}/clips/tortoise_238121_00443.wav,spoof,hi-en,238121,cm04,tortoise,channel_g711_20db,eval
${DATA_ROOT}/clips/tortoise_386410_00444.wav,spoof,hi-en,386410,cm04,tortoise,channel_g711_20db,eval
${DATA_ROOT}/clips/tortoise_541916_00445.wav,spoof,hi-en,541916,cm04,tortoise,channel_g711_20db,eval
${DATA_ROOT}/clips/tortoise_577537_00446.wav,spoof,hi-en,577537,cm04,tortoise,channel_g711_20db,eval
${DATA_ROOT}/clips/tortoise_581145_00447.wav,spoof,hi-en,581145,cm04,tortoise,channel_g711_20db,eval
${DATA_ROOT}/clips/tortoise_596505_00448.wav,spoof,hi-en,596505,cm04,tortoise,channel_g711_20db,eval
${DATA_ROOT}/clips/tortoise_945728_00449.wav,spoof,hi-en,945728,cm04,tortoise,channel_g711_20db,eval
${DATA_ROOT}/clips/tortoise_976811_00450.wav,spoof,hi-en,976811,cm04,tortoise,channel_g711_20db,eval
${DATA_ROOT}/clips/tortoise_121073_00452.wav,spoof,hi-en,121073,cm04,tortoise,channel_g711_20db,eval
${DATA_ROOT}/clips/tortoise_146859_00454.wav,spoof,hi-en,146859,cm04,tortoise,channel_g711_20db,eval
${DATA_ROOT}/clips/tortoise_165325_00455.wav,spoof,hi-en,165325,cm04,tortoise,channel_g711_20db,eval
${DATA_ROOT}/clips/tortoise_175522_00456.wav,spoof,hi-en,175522,cm04,tortoise,channel_g711_20db,eval
${DATA_ROOT}/clips/tortoise_238121_00458.wav,spoof,hi-en,238121,cm04,tortoise,channel_g711_20db,eval
${DATA_ROOT}/clips/tortoise_386410_00459.wav,spoof,hi-en,386410,cm04,tortoise,channel_g711_20db,eval
${DATA_ROOT}/clips/tortoise_541916_00460.wav,spoof,hi-en,541916,cm04,tortoise,channel_g711_20db,eval
${DATA_ROOT}/clips/tortoise_577537_00461.wav,spoof,hi-en,577537,cm04,tortoise,channel_g711_20db,eval
${DATA_ROOT}/clips/tortoise_581145_00462.wav,spoof,hi-en,581145,cm04,tortoise,channel_g711_20db,eval
${DATA_ROOT}/clips/tortoise_596505_00463.wav,spoof,hi-en,596505,cm04,tortoise,channel_g711_20db,eval
${DATA_ROOT}/clips/tortoise_945728_00464.wav,spoof,hi-en,945728,cm04,tortoise,channel_g711_20db,eval
${DATA_ROOT}/clips/tortoise_111627_00466.wav,spoof,hi-en,111627,cm04,tortoise,channel_g711_20db,eval
${DATA_ROOT}/clips/tortoise_121073_00467.wav,spoof,hi-en,121073,cm04,tortoise,channel_g711_20db,eval
${DATA_ROOT}/clips/tortoise_146859_00469.wav,spoof,hi-en,146859,cm04,tortoise,channel_g711_20db,eval
${DATA_ROOT}/clips/tortoise_165325_00470.wav,spoof,hi-en,165325,cm04,tortoise,channel_g711_20db,eval
${DATA_ROOT}/clips/tortoise_175522_00471.wav,spoof,hi-en,175522,cm04,tortoise,channel_g711_20db,eval
${DATA_ROOT}/clips/tortoise_232748_00472.wav,spoof,hi-en,232748,cm04,tortoise,channel_g711_20db,eval
${DATA_ROOT}/clips/tortoise_238121_00473.wav,spoof,hi-en,238121,cm04,tortoise,channel_g711_20db,eval
${DATA_ROOT}/clips/tortoise_386410_00474.wav,spoof,hi-en,386410,cm04,tortoise,channel_g711_20db,eval
${DATA_ROOT}/clips/tortoise_541916_00475.wav,spoof,hi-en,541916,cm04,tortoise,channel_g711_20db,eval
${DATA_ROOT}/clips/tortoise_577537_00476.wav,spoof,hi-en,577537,cm04,tortoise,channel_g711_20db,eval
${DATA_ROOT}/clips/tortoise_581145_00477.wav,spoof,hi-en,581145,cm04,tortoise,channel_g711_20db,eval
${DATA_ROOT}/clips/tortoise_596505_00478.wav,spoof,hi-en,596505,cm04,tortoise,channel_g711_20db,eval
${DATA_ROOT}/clips/tortoise_945728_00479.wav,spoof,hi-en,945728,cm04,tortoise,channel_g711_20db,eval
${DATA_ROOT}/clips/tortoise_976811_00480.wav,spoof,hi-en,976811,cm04,tortoise,channel_g711_20db,eval
${DATA_ROOT}/clips/tortoise_111627_00481.wav,spoof,hi-en,111627,cm04,tortoise,channel_g711_20db,eval
${DATA_ROOT}/clips/tortoise_121073_00482.wav,spoof,hi-en,121073,cm04,tortoise,channel_g711_20db,eval
${DATA_ROOT}/clips/tortoise_146859_00484.wav,spoof,hi-en,146859,cm04,tortoise,channel_g711_20db,eval
${DATA_ROOT}/clips/tortoise_165325_00485.wav,spoof,hi-en,165325,cm04,tortoise,channel_g711_20db,eval
${DATA_ROOT}/clips/tortoise_175522_00486.wav,spoof,hi-en,175522,cm04,tortoise,channel_g711_20db,eval
${DATA_ROOT}/clips/tortoise_232748_00487.wav,spoof,hi-en,232748,cm04,tortoise,channel_g711_20db,eval
${DATA_ROOT}/clips/tortoise_238121_00488.wav,spoof,hi-en,238121,cm04,tortoise,channel_g711_20db,eval
${DATA_ROOT}/clips/tortoise_541916_00490.wav,spoof,hi-en,541916,cm04,tortoise,channel_g711_20db,eval
${DATA_ROOT}/clips/tortoise_577537_00491.wav,spoof,hi-en,577537,cm04,tortoise,channel_g711_20db,eval
${DATA_ROOT}/clips/tortoise_581145_00492.wav,spoof,hi-en,581145,cm04,tortoise,channel_g711_20db,eval
${DATA_ROOT}/clips/tortoise_596505_00493.wav,spoof,hi-en,596505,cm04,tortoise,channel_g711_20db,eval
${DATA_ROOT}/clips/tortoise_945728_00494.wav,spoof,hi-en,945728,cm04,tortoise,channel_g711_20db,eval
${DATA_ROOT}/clips/tortoise_976811_00495.wav,spoof,hi-en,976811,cm04,tortoise,channel_g711_20db,eval
${DATA_ROOT}/clips/tortoise_111627_00496.wav,spoof,hi-en,111627,cm04,tortoise,channel_g711_20db,eval
${DATA_ROOT}/clips/tortoise_121073_00497.wav,spoof,hi-en,121073,cm04,tortoise,channel_g711_20db,eval
${DATA_ROOT}/clips/tortoise_146859_00499.wav,spoof,hi-en,146859,cm04,tortoise,channel_g711_20db,eval
${DATA_ROOT}/clips/tortoise_165325_00500.wav,spoof,hi-en,165325,cm04,tortoise,channel_g711_20db,eval
