filepath,label,language,speaker,source,tool,condition,split
${DATA_ROOT}/interim/rvc_gate/bonafide_source/106718_vE1rhq3ojNKZvQNv_0000.wav,bonafide,hi-en,106718,mucs2021,none,clean,eval
${DATA_ROOT}/interim/rvc_gate/bonafide_source/142970_DP5j8CLDeL6HHHSX_0000.wav,bonafide,hi-en,142970,mucs2021,none,clean,eval
${DATA_ROOT}/interim/rvc_gate/bonafide_source/177570_jSNK2zDaIvyZsMZp_0000.wav,bonafide,hi-en,177570,mucs2021,none,clean,eval
${DATA_ROOT}/interim/rvc_gate/bonafide_source/186783_LFpbaXkb8HuQ6DnF_0000.wav,bonafide,hi-en,186783,mucs2021,none,clean,eval
${DATA_ROOT}/interim/rvc_gate/bonafide_source/205240_F4KjmwYhWvnpSE0m_0000.wav,bonafide,hi-en,205240,mucs2021,none,clean,eval
${DATA_ROOT}/interim/rvc_gate/bonafide_source/322882_XTscbPr78nzuHhuu_0000.wav,bonafide,hi-en,322882,mucs2021,none,clean,eval
${DATA_ROOT}/interim/rvc_gate/bonafide_source/413057_aKSsdMqkPfUWyYeS_0000.wav,bonafide,hi-en,413057,mucs2021,none,clean,eval
${DATA_ROOT}/interim/rvc_gate/bonafide_source/457295_WgzliDtK6Htff0g2_0000.wav,bonafide,hi-en,457295,mucs2021,none,clean,eval
${DATA_ROOT}/interim/rvc_gate/bonafide_source/539226_vZGSoJPH1tbvsyCa_0000.wav,bonafide,hi-en,539226,mucs2021,none,clean,eval
${DATA_ROOT}/interim/rvc_gate/bonafide_source/539354_C3MtnFEDrRkWHSvJ_0000.wav,bonafide,hi-en,539354,mucs2021,none,clean,eval
${DATA_ROOT}/interim/rvc_gate/bonafide_source/541304_cyhxRWI0LoKYZvcw_0000.wav,bonafide,hi-en,541304,mucs2021,none,clean,eval
${DATA_ROOT}/interim/rvc_gate/bonafide_source/584991_1ijxO93RTIJh2Rzv_0000.wav,bonafide,hi-en,584991,mucs2021,none,clean,eval
${DATA_ROOT}/interim/rvc_gate/bonafide_source/634568_jCgweujQVV5haVF1_0000.wav,bonafide,hi-en,634568,mucs2021,none,clean,eval
${DATA_ROOT}/interim/rvc_gate/bonafide_source/705494_fZcxLszRnIHxmVQp_0000.wav,bonafide,hi-en,705494,mucs2021,none,clean,eval
${DATA_ROOT}/interim/rvc_gate/bonafide_source/797767_TRInoJRJxAX3qv5C_0000.wav,bonafide,hi-en,797767,mucs2021,none,clean,eval
${DATA_ROOT}/interim/rvc_gate/bonafide_source/850754_wOTMMvC3WQ5YQRAF_0000.wav,bonafide,hi-en,850754,mucs2021,none,clean,eval
${DATA_ROOT}/interim/rvc_gate/bonafide_source/870582_crdH0AI5aH25bEXe_0000.wav,bonafide,hi-en,870582,mucs2021,none,clean,eval
${DATA_ROOT}/interim/rvc_gate/bonafide_source/876898_RyQSvr4r4iAMTYXq_0000.wav,bonafide,hi-en,876898,mucs2021,none,clean,eval
${DATA_ROOT}/interim/rvc_gate/bonafide_source/893273_8xh3ZKpPy5YhAnKX_0000.wav,bonafide,hi-en,893273,mucs2021,none,clean,eval
${DATA_ROOT}/interim/rvc_gate/bonafide_source/903756_K3X6AGezGWAoDe1q_0000.wav,bonafide,hi-en,903756,mucs2021,none,clean,eval
${DATA_ROOT}/interim/rvc_gate/bonafide_source/912184_V11NDc0lxudGbWQU_0000.wav,bonafide,hi-en,912184,mucs2021,none,clean,eval
${DATA_ROOT}/interim/rvc_gate/bonafide_source/975912_1eNS3GaW1oHHurL4_0000.wav,bonafide,hi-en,975912,mucs2021,none,clean,eval
${DATA_ROOT}/interim/rvc_gate/bonafide_source/987461_LSRBJiHdUoHm4BTI_0000.wav,bonafide,hi-en,987461,mucs2021,none,clean,eval
${DATA_ROOT}/interim/rvc_gate/bonafide_source/996368_n4ACC4gnqW0IM1wW_0000.wav,bonafide,hi-en,996368,mucs2021,none,clean,eval
${DATA_ROOT}/interim/rvc_gate/bonafide_source/106718_vE1rhq3ojNKZvQNv_0001.wav,bonafide,hi-en,106718,mucs2021,none,clean,eval
${DATA_ROOT}/interim/rvc_gate/bonafide_source/142970_DP5j8CLDeL6HHHSX_0001.wav,bonafide,hi-en,142970,mucs2021,none,clean,eval
${DATA_ROOT}/interim/rvc_gate/bonafide_source/177570_jSNK2zDaIvyZsMZp_0001.wav,bonafide,hi-en,177570,mucs2021,none,clean,eval
${DATA_ROOT}/interim/rvc_gate/bonafide_source/186783_LFpbaXkb8HuQ6DnF_0001.wav,bonafide,hi-en,186783,mucs2021,none,clean,eval
${DATA_ROOT}/interim/rvc_gate/bonafide_source/205240_F4KjmwYhWvnpSE0m_0001.wav,bonafide,hi-en,205240,mucs2021,none,clean,eval
${DATA_ROOT}/interim/rvc_gate/bonafide_source/322882_XTscbPr78nzuHhuu_0001.wav,bonafide,hi-en,322882,mucs2021,none,clean,eval
${DATA_ROOT}/interim/rvc_gate/bonafide_source/413057_aKSsdMqkPfUWyYeS_0001.wav,bonafide,hi-en,413057,mucs2021,none,clean,eval
${DATA_ROOT}/interim/rvc_gate/bonafide_source/457295_WgzliDtK6Htff0g2_0002.wav,bonafide,hi-en,457295,mucs2021,none,clean,eval
${DATA_ROOT}/interim/rvc_gate/bonafide_source/539226_vZGSoJPH1tbvsyCa_0001.wav,bonafide,hi-en,539226,mucs2021,none,clean,eval
${DATA_ROOT}/interim/rvc_gate/bonafide_source/539354_C3MtnFEDrRkWHSvJ_0001.wav,bonafide,hi-en,539354,mucs2021,none,clean,eval
${DATA_ROOT}/interim/rvc_gate/bonafide_source/541304_cyhxRWI0LoKYZvcw_0001.wav,bonafide,hi-en,541304,mucs2021,none,clean,eval
${DATA_ROOT}/interim/rvc_gate/bonafide_source/584991_1ijxO93RTIJh2Rzv_0001.wav,bonafide,hi-en,584991,mucs2021,none,clean,eval
${DATA_ROOT}/interim/rvc_gate/bonafide_source/634568_jCgweujQVV5haVF1_0001.wav,bonafide,hi-en,634568,mucs2021,none,clean,eval
${DATA_ROOT}/interim/rvc_gate/bonafide_source/705494_fZcxLszRnIHxmVQp_0001.wav,bonafide,hi-en,705494,mucs2021,none,clean,eval
${DATA_ROOT}/interim/rvc_gate/bonafide_source/797767_TRInoJRJxAX3qv5C_0001.wav,bonafide,hi-en,797767,mucs2021,none,clean,eval
${DATA_ROOT}/interim/rvc_gate/bonafide_source/850754_wOTMMvC3WQ5YQRAF_0002.wav,bonafide,hi-en,850754,mucs2021,none,clean,eval
${DATA_ROOT}/interim/rvc_gate/bonafide_source/870582_crdH0AI5aH25bEXe_0001.wav,bonafide,hi-en,870582,mucs2021,none,clean,eval
${DATA_ROOT}/interim/rvc_gate/bonafide_source/876898_RyQSvr4r4iAMTYXq_0001.wav,bonafide,hi-en,876898,mucs2021,none,clean,eval
${DATA_ROOT}/interim/rvc_gate/bonafide_source/893273_8xh3ZKpPy5YhAnKX_0001.wav,bonafide,hi-en,893273,mucs2021,none,clean,eval
${DATA_ROOT}/interim/rvc_gate/bonafide_source/903756_K3X6AGezGWAoDe1q_0001.wav,bonafide,hi-en,903756,mucs2021,none,clean,eval
${DATA_ROOT}/interim/rvc_gate/bonafide_source/912184_V11NDc0lxudGbWQU_0001.wav,bonafide,hi-en,912184,mucs2021,none,clean,eval
${DATA_ROOT}/interim/rvc_gate/bonafide_source/975912_1eNS3GaW1oHHurL4_0001.wav,bonafide,hi-en,975912,mucs2021,none,clean,eval
${DATA_ROOT}/interim/rvc_gate/bonafide_source/987461_LSRBJiHdUoHm4BTI_0001.wav,bonafide,hi-en,987461,mucs2021,none,clean,eval
${DATA_ROOT}/interim/rvc_gate/bonafide_source/996368_n4ACC4gnqW0IM1wW_0001.wav,bonafide,hi-en,996368,mucs2021,none,clean,eval
${DATA_ROOT}/interim/rvc_gate/bonafide_source/106718_vE1rhq3ojNKZvQNv_0002.wav,bonafide,hi-en,106718,mucs2021,none,clean,eval
${DATA_ROOT}/interim/rvc_gate/bonafide_source/142970_DP5j8CLDeL6HHHSX_0002.wav,bonafide,hi-en,142970,mucs2021,none,clean,eval
${DATA_ROOT}/interim/rvc_gate/bonafide_source/177570_jSNK2zDaIvyZsMZp_0004.wav,bonafide,hi-en,177570,mucs2021,none,clean,eval
${DATA_ROOT}/interim/rvc_gate/bonafide_source/186783_LFpbaXkb8HuQ6DnF_0002.wav,bonafide,hi-en,186783,mucs2021,none,clean,eval
${DATA_ROOT}/interim/rvc_gate/bonafide_source/205240_F4KjmwYhWvnpSE0m_0002.wav,bonafide,hi-en,205240,mucs2021,none,clean,eval
${DATA_ROOT}/interim/rvc_gate/bonafide_source/322882_XTscbPr78nzuHhuu_0004.wav,bonafide,hi-en,322882,mucs2021,none,clean,eval
${DATA_ROOT}/interim/rvc_gate/bonafide_source/413057_aKSsdMqkPfUWyYeS_0002.wav,bonafide,hi-en,413057,mucs2021,none,clean,eval
${DATA_ROOT}/interim/rvc_gate/bonafide_source/457295_WgzliDtK6Htff0g2_0003.wav,bonafide,hi-en,457295,mucs2021,none,clean,eval
${DATA_ROOT}/interim/rvc_gate/bonafide_source/539226_vZGSoJPH1tbvsyCa_0002.wav,bonafide,hi-en,539226,mucs2021,none,clean,eval
${DATA_ROOT}/interim/rvc_gate/bonafide_source/539354_C3MtnFEDrRkWHSvJ_0002.wav,bonafide,hi-en,539354,mucs2021,none,clean,eval
${DATA_ROOT}/interim/rvc_gate/bonafide_source/541304_cyhxRWI0LoKYZvcw_0002.wav,bonafide,hi-en,541304,mucs2021,none,clean,eval
${DATA_ROOT}/interim/rvc_gate/bonafide_source/584991_1ijxO93RTIJh2Rzv_0002.wav,bonafide,hi-en,584991,mucs2021,none,clean,eval
${DATA_ROOT}/interim/rvc_gate/bonafide_source/634568_jCgweujQVV5haVF1_0003.wav,bonafide,hi-en,634568,mucs2021,none,clean,eval
${DATA_ROOT}/interim/rvc_gate/bonafide_source/705494_fZcxLszRnIHxmVQp_0002.wav,bonafide,hi-en,705494,mucs2021,none,clean,eval
${DATA_ROOT}/interim/rvc_gate/bonafide_source/797767_TRInoJRJxAX3qv5C_0002.wav,bonafide,hi-en,797767,mucs2021,none,clean,eval
${DATA_ROOT}/interim/rvc_gate/bonafide_source/850754_wOTMMvC3WQ5YQRAF_0003.wav,bonafide,hi-en,850754,mucs2021,none,clean,eval
${DATA_ROOT}/interim/rvc_gate/bonafide_source/870582_crdH0AI5aH25bEXe_0002.wav,bonafide,hi-en,870582,mucs2021,none,clean,eval
${DATA_ROOT}/interim/rvc_gate/bonafide_source/876898_RyQSvr4r4iAMTYXq_0002.wav,bonafide,hi-en,876898,mucs2021,none,clean,eval
${DATA_ROOT}/interim/rvc_gate/bonafide_source/893273_8xh3ZKpPy5YhAnKX_0002.wav,bonafide,hi-en,893273,mucs2021,none,clean,eval
${DATA_ROOT}/interim/rvc_gate/bonafide_source/903756_K3X6AGezGWAoDe1q_0002.wav,bonafide,hi-en,903756,mucs2021,none,clean,eval
${DATA_ROOT}/interim/rvc_gate/bonafide_source/912184_V11NDc0lxudGbWQU_0002.wav,bonafide,hi-en,912184,mucs2021,none,clean,eval
${DATA_ROOT}/interim/rvc_gate/bonafide_source/975912_1eNS3GaW1oHHurL4_0002.wav,bonafide,hi-en,975912,mucs2021,none,clean,eval
${DATA_ROOT}/interim/rvc_gate/bonafide_source/987461_LSRBJiHdUoHm4BTI_0002.wav,bonafide,hi-en,987461,mucs2021,none,clean,eval
${DATA_ROOT}/interim/rvc_gate/bonafide_source/996368_n4ACC4gnqW0IM1wW_0002.wav,bonafide,hi-en,996368,mucs2021,none,clean,eval
${DATA_ROOT}/interim/rvc_gate/bonafide_source/106718_vE1rhq3ojNKZvQNv_0003.wav,bonafide,hi-en,106718,mucs2021,none,clean,eval
${DATA_ROOT}/interim/rvc_gate/bonafide_source/142970_DP5j8CLDeL6HHHSX_0003.wav,bonafide,hi-en,142970,mucs2021,none,clean,eval
${DATA_ROOT}/interim/rvc_gate/bonafide_source/177570_jSNK2zDaIvyZsMZp_0005.wav,bonafide,hi-en,177570,mucs2021,none,clean,eval
${DATA_ROOT}/interim/rvc_gate/bonafide_source/186783_LFpbaXkb8HuQ6DnF_0003.wav,bonafide,hi-en,186783,mucs2021,none,clean,eval
${DATA_ROOT}/interim/rvc_gate/bonafide_source/205240_F4KjmwYhWvnpSE0m_0003.wav,bonafide,hi-en,205240,mucs2021,none,clean,eval
${DATA_ROOT}/interim/rvc_gate/bonafide_source/322882_XTscbPr78nzuHhuu_0005.wav,bonafide,hi-en,322882,mucs2021,none,clean,eval
${DATA_ROOT}/interim/rvc_gate/bonafide_source/413057_aKSsdMqkPfUWyYeS_0003.wav,bonafide,hi-en,413057,mucs2021,none,clean,eval
${DATA_ROOT}/interim/rvc_gate/bonafide_source/457295_WgzliDtK6Htff0g2_0007.wav,bonafide,hi-en,457295,mucs2021,none,clean,eval
${DATA_ROOT}/interim/rvc_gate/bonafide_source/539226_vZGSoJPH1tbvsyCa_0003.wav,bonafide,hi-en,539226,mucs2021,none,clean,eval
${DATA_ROOT}/interim/rvc_gate/bonafide_source/539354_C3MtnFEDrRkWHSvJ_0003.wav,bonafide,hi-en,539354,mucs2021,none,clean,eval
${DATA_ROOT}/interim/rvc_gate/bonafide_source/541304_cyhxRWI0LoKYZvcw_0004.wav,bonafide,hi-en,541304,mucs2021,none,clean,eval
${DATA_ROOT}/interim/rvc_gate/bonafide_source/584991_1ijxO93RTIJh2Rzv_0003.wav,bonafide,hi-en,584991,mucs2021,none,clean,eval
${DATA_ROOT}/interim/rvc_gate/bonafide_source/634568_jCgweujQVV5haVF1_0004.wav,bonafide,hi-en,634568,mucs2021,none,clean,eval
${DATA_ROOT}/interim/rvc_gate/bonafide_source/705494_fZcxLszRnIHxmVQp_0003.wav,bonafide,hi-en,705494,mucs2021,none,clean,eval
${DATA_ROOT}/interim/rvc_gate/bonafide_source/797767_TRInoJRJxAX3qv5C_0003.wav,bonafide,hi-en,797767,mucs2021,none,clean,eval
${DATA_ROOT}/interim/rvc_gate/bonafide_source/850754_wOTMMvC3WQ5YQRAF_0004.wav,bonafide,hi-en,850754,mucs2021,none,clean,eval
${DATA_ROOT}/interim/rvc_gate/bonafide_source/870582_crdH0AI5aH25bEXe_0003.wav,bonafide,hi-en,870582,mucs2021,none,clean,eval
${DATA_ROOT}/interim/rvc_gate/bonafide_source/876898_RyQSvr4r4iAMTYXq_0003.wav,bonafide,hi-en,876898,mucs2021,none,clean,eval
${DATA_ROOT}/interim/rvc_gate/bonafide_source/893273_8xh3ZKpPy5YhAnKX_0003.wav,bonafide,hi-en,893273,mucs2021,none,clean,eval
${DATA_ROOT}/interim/rvc_gate/bonafide_source/903756_K3X6AGezGWAoDe1q_0007.wav,bonafide,hi-en,903756,mucs2021,none,clean,eval
${DATA_ROOT}/interim/rvc_gate/bonafide_source/912184_V11NDc0lxudGbWQU_0003.wav,bonafide,hi-en,912184,mucs2021,none,clean,eval
${DATA_ROOT}/interim/rvc_gate/bonafide_source/975912_1eNS3GaW1oHHurL4_0003.wav,bonafide,hi-en,975912,mucs2021,none,clean,eval
${DATA_ROOT}/interim/rvc_gate/bonafide_source/987461_LSRBJiHdUoHm4BTI_0003.wav,bonafide,hi-en,987461,mucs2021,none,clean,eval
${DATA_ROOT}/interim/rvc_gate/bonafide_source/996368_n4ACC4gnqW0IM1wW_0003.wav,bonafide,hi-en,996368,mucs2021,none,clean,eval
${DATA_ROOT}/interim/rvc_gate/bonafide_source/106718_vE1rhq3ojNKZvQNv_0004.wav,bonafide,hi-en,106718,mucs2021,none,clean,eval
${DATA_ROOT}/interim/rvc_gate/bonafide_source/142970_DP5j8CLDeL6HHHSX_0004.wav,bonafide,hi-en,142970,mucs2021,none,clean,eval
${DATA_ROOT}/interim/rvc_gate/bonafide_source/177570_jSNK2zDaIvyZsMZp_0006.wav,bonafide,hi-en,177570,mucs2021,none,clean,eval
${DATA_ROOT}/interim/rvc_gate/bonafide_source/186783_LFpbaXkb8HuQ6DnF_0004.wav,bonafide,hi-en,186783,mucs2021,none,clean,eval
${DATA_ROOT}/interim/rvc_gate/bonafide_source/205240_F4KjmwYhWvnpSE0m_0004.wav,bonafide,hi-en,205240,mucs2021,none,clean,eval
${DATA_ROOT}/interim/rvc_gate/bonafide_source/322882_XTscbPr78nzuHhuu_0006.wav,bonafide,hi-en,322882,mucs2021,none,clean,eval
${DATA_ROOT}/interim/rvc_gate/bonafide_source/413057_aKSsdMqkPfUWyYeS_0004.wav,bonafide,hi-en,413057,mucs2021,none,clean,eval
${DATA_ROOT}/interim/rvc_gate/bonafide_source/457295_WgzliDtK6Htff0g2_0008.wav,bonafide,hi-en,457295,mucs2021,none,clean,eval
${DATA_ROOT}/interim/rvc_gate/bonafide_source/539226_vZGSoJPH1tbvsyCa_0004.wav,bonafide,hi-en,539226,mucs2021,none,clean,eval
${DATA_ROOT}/interim/rvc_gate/bonafide_source/539354_C3MtnFEDrRkWHSvJ_0004.wav,bonafide,hi-en,539354,mucs2021,none,clean,eval
${DATA_ROOT}/interim/rvc_gate/bonafide_source/541304_cyhxRWI0LoKYZvcw_0005.wav,bonafide,hi-en,541304,mucs2021,none,clean,eval
${DATA_ROOT}/interim/rvc_gate/bonafide_source/584991_1ijxO93RTIJh2Rzv_0004.wav,bonafide,hi-en,584991,mucs2021,none,clean,eval
${DATA_ROOT}/interim/rvc_gate/bonafide_source/634568_jCgweujQVV5haVF1_0005.wav,bonafide,hi-en,634568,mucs2021,none,clean,eval
${DATA_ROOT}/interim/rvc_gate/bonafide_source/705494_fZcxLszRnIHxmVQp_0004.wav,bonafide,hi-en,705494,mucs2021,none,clean,eval
${DATA_ROOT}/interim/rvc_gate/bonafide_source/797767_TRInoJRJxAX3qv5C_0004.wav,bonafide,hi-en,797767,mucs2021,none,clean,eval
${DATA_ROOT}/interim/rvc_gate/bonafide_source/850754_wOTMMvC3WQ5YQRAF_0005.wav,bonafide,hi-en,850754,mucs2021,none,clean,eval
${DATA_ROOT}/interim/rvc_gate/bonafide_source/870582_crdH0AI5aH25bEXe_0004.wav,bonafide,hi-en,870582,mucs2021,none,clean,eval
${DATA_ROOT}/interim/rvc_gate/bonafide_source/876898_RyQSvr4r4iAMTYXq_0004.wav,bonafide,hi-en,876898,mucs2021,none,clean,eval
${DATA_ROOT}/interim/rvc_gate/bonafide_source/893273_8xh3ZKpPy5YhAnKX_0004.wav,bonafide,hi-en,893273,mucs2021,none,clean,eval
${DATA_ROOT}/interim/rvc_gate/bonafide_source/903756_K3X6AGezGWAoDe1q_0008.wav,bonafide,hi-en,903756,mucs2021,none,clean,eval
${DATA_ROOT}/interim/rvc_gate/bonafide_source/912184_V11NDc0lxudGbWQU_0004.wav,bonafide,hi-en,912184,mucs2021,none,clean,eval
${DATA_ROOT}/interim/rvc_gate/bonafide_source/975912_1eNS3GaW1oHHurL4_0004.wav,bonafide,hi-en,975912,mucs2021,none,clean,eval
${DATA_ROOT}/interim/rvc_gate/bonafide_source/987461_LSRBJiHdUoHm4BTI_0004.wav,bonafide,hi-en,987461,mucs2021,none,clean,eval
${DATA_ROOT}/interim/rvc_gate/bonafide_source/996368_n4ACC4gnqW0IM1wW_0004.wav,bonafide,hi-en,996368,mucs2021,none,clean,eval
${DATA_ROOT}/interim/rvc_gate/bonafide_source/106718_vE1rhq3ojNKZvQNv_0005.wav,bonafide,hi-en,106718,mucs2021,none,clean,eval
${DATA_ROOT}/interim/rvc_gate/bonafide_source/142970_DP5j8CLDeL6HHHSX_0005.wav,bonafide,hi-en,142970,mucs2021,none,clean,eval
${DATA_ROOT}/interim/rvc_gate/bonafide_source/177570_jSNK2zDaIvyZsMZp_0007.wav,bonafide,hi-en,177570,mucs2021,none,clean,eval
${DATA_ROOT}/interim/rvc_gate/bonafide_source/186783_LFpbaXkb8HuQ6DnF_0005.wav,bonafide,hi-en,186783,mucs2021,none,clean,eval
${DATA_ROOT}/interim/rvc_gate/bonafide_source/205240_F4KjmwYhWvnpSE0m_0005.wav,bonafide,hi-en,205240,mucs2021,none,clean,eval
${DATA_ROOT}/interim/rvc_gate/bonafide_source/106718_vE1rhq3ojNKZvQNv_0008.wav,bonafide,hi-en,106718,mucs2021,none,clean,eval
${DATA_ROOT}/interim/rvc_gate/bonafide_source/142970_DP5j8CLDeL6HHHSX_0007.wav,bonafide,hi-en,142970,mucs2021,none,clean,eval
${DATA_ROOT}/interim/rvc_gate/bonafide_source/177570_jSNK2zDaIvyZsMZp_0009.wav,bonafide,hi-en,177570,mucs2021,none,clean,eval
${DATA_ROOT}/interim/rvc_gate/bonafide_source/186783_LFpbaXkb8HuQ6DnF_0007.wav,bonafide,hi-en,186783,mucs2021,none,clean,eval
${DATA_ROOT}/interim/rvc_gate/bonafide_source/205240_F4KjmwYhWvnpSE0m_0007.wav,bonafide,hi-en,205240,mucs2021,none,clean,eval
${DATA_ROOT}/interim/rvc_gate/bonafide_source/322882_XTscbPr78nzuHhuu_0009.wav,bonafide,hi-en,322882,mucs2021,none,clean,eval
${DATA_ROOT}/interim/rvc_gate/bonafide_source/413057_aKSsdMqkPfUWyYeS_0007.wav,bonafide,hi-en,413057,mucs2021,none,clean,eval
${DATA_ROOT}/interim/rvc_gate/bonafide_source/445718_H6Z2BkcyVtiuiN7A_0007.wav,bonafide,hi-en,445718,mucs2021,none,clean,eval
${DATA_ROOT}/interim/rvc_gate/bonafide_source/457295_WgzliDtK6Htff0g2_0012.wav,bonafide,hi-en,457295,mucs2021,none,clean,eval
${DATA_ROOT}/interim/rvc_gate/bonafide_source/539226_vZGSoJPH1tbvsyCa_0007.wav,bonafide,hi-en,539226,mucs2021,none,clean,eval
${DATA_ROOT}/interim/rvc_gate/bonafide_source/539354_C3MtnFEDrRkWHSvJ_0007.wav,bonafide,hi-en,539354,mucs2021,none,clean,eval
${DATA_ROOT}/interim/rvc_gate/bonafide_source/541304_cyhxRWI0LoKYZvcw_0008.wav,bonafide,hi-en,541304,mucs2021,none,clean,eval
${DATA_ROOT}/interim/rvc_gate/bonafide_source/584991_1ijxO93RTIJh2Rzv_0007.wav,bonafide,hi-en,584991,mucs2021,none,clean,eval
${DATA_ROOT}/interim/rvc_gate/bonafide_source/634568_jCgweujQVV5haVF1_0009.wav,bonafide,hi-en,634568,mucs2021,none,clean,eval
${DATA_ROOT}/interim/rvc_gate/bonafide_source/705494_fZcxLszRnIHxmVQp_0007.wav,bonafide,hi-en,705494,mucs2021,none,clean,eval
${DATA_ROOT}/interim/rvc_gate/bonafide_source/797767_TRInoJRJxAX3qv5C_0007.wav,bonafide,hi-en,797767,mucs2021,none,clean,eval
${DATA_ROOT}/interim/rvc_gate/bonafide_source/870582_crdH0AI5aH25bEXe_0007.wav,bonafide,hi-en,870582,mucs2021,none,clean,eval
${DATA_ROOT}/interim/rvc_gate/bonafide_source/876898_RyQSvr4r4iAMTYXq_0007.wav,bonafide,hi-en,876898,mucs2021,none,clean,eval
${DATA_ROOT}/interim/rvc_gate/bonafide_source/893273_8xh3ZKpPy5YhAnKX_0009.wav,bonafide,hi-en,893273,mucs2021,none,clean,eval
${DATA_ROOT}/interim/rvc_gate/bonafide_source/903756_K3X6AGezGWAoDe1q_0011.wav,bonafide,hi-en,903756,mucs2021,none,clean,eval
${DATA_ROOT}/interim/rvc_gate/bonafide_source/912184_V11NDc0lxudGbWQU_0007.wav,bonafide,hi-en,912184,mucs2021,none,clean,eval
${DATA_ROOT}/interim/rvc_gate/bonafide_source/975912_1eNS3GaW1oHHurL4_0007.wav,bonafide,hi-en,975912,mucs2021,none,clean,eval
${DATA_ROOT}/interim/rvc_gate/bonafide_source/987461_LSRBJiHdUoHm4BTI_0007.wav,bonafide,hi-en,987461,mucs2021,none,clean,eval
${DATA_ROOT}/interim/rvc_gate/bonafide_source/996368_n4ACC4gnqW0IM1wW_0007.wav,bonafide,hi-en,996368,mucs2021,none,clean,eval
${DATA_ROOT}/interim/rvc_gate/bonafide_source/106718_vE1rhq3ojNKZvQNv_0009.wav,bonafide,hi-en,106718,mucs2021,none,clean,eval
${DATA_ROOT}/interim/rvc_gate/bonafide_source/142970_DP5j8CLDeL6HHHSX_0008.wav,bonafide,hi-en,142970,mucs2021,none,clean,eval
${DATA_ROOT}/interim/rvc_gate/bonafide_source/177570_jSNK2zDaIvyZsMZp_0010.wav,bonafide,hi-en,177570,mucs2021,none,clean,eval
${DATA_ROOT}/interim/rvc_gate/bonafide_source/186783_LFpbaXkb8HuQ6DnF_0008.wav,bonafide,hi-en,186783,mucs2021,none,clean,eval
${DATA_ROOT}/interim/rvc_gate/bonafide_source/205240_F4KjmwYhWvnpSE0m_0008.wav,bonafide,hi-en,205240,mucs2021,none,clean,eval
${DATA_ROOT}/interim/rvc_gate/bonafide_source/322882_XTscbPr78nzuHhuu_0010.wav,bonafide,hi-en,322882,mucs2021,none,clean,eval
${DATA_ROOT}/interim/rvc_gate/bonafide_source/413057_aKSsdMqkPfUWyYeS_0008.wav,bonafide,hi-en,413057,mucs2021,none,clean,eval
${DATA_ROOT}/interim/rvc_gate/bonafide_source/445718_H6Z2BkcyVtiuiN7A_0008.wav,bonafide,hi-en,445718,mucs2021,none,clean,eval
${DATA_ROOT}/interim/rvc_gate/bonafide_source/457295_WgzliDtK6Htff0g2_0013.wav,bonafide,hi-en,457295,mucs2021,none,clean,eval
${DATA_ROOT}/interim/rvc_gate/bonafide_source/539226_vZGSoJPH1tbvsyCa_0008.wav,bonafide,hi-en,539226,mucs2021,none,clean,eval
${DATA_ROOT}/interim/rvc_gate/bonafide_source/539354_C3MtnFEDrRkWHSvJ_0008.wav,bonafide,hi-en,539354,mucs2021,none,clean,eval
${DATA_ROOT}/interim/rvc_gate/bonafide_source/541304_cyhxRWI0LoKYZvcw_0009.wav,bonafide,hi-en,541304,mucs2021,none,clean,eval
${DATA_ROOT}/interim/rvc_gate/bonafide_source/584991_1ijxO93RTIJh2Rzv_0008.wav,bonafide,hi-en,584991,mucs2021,none,clean,eval
${DATA_ROOT}/interim/rvc_gate/bonafide_source/634568_jCgweujQVV5haVF1_0010.wav,bonafide,hi-en,634568,mucs2021,none,clean,eval
${DATA_ROOT}/interim/rvc_gate/bonafide_source/705494_fZcxLszRnIHxmVQp_0008.wav,bonafide,hi-en,705494,mucs2021,none,clean,eval
${DATA_ROOT}/interim/rvc_gate/bonafide_source/797767_TRInoJRJxAX3qv5C_0008.wav,bonafide,hi-en,797767,mucs2021,none,clean,eval
${DATA_ROOT}/interim/rvc_gate/bonafide_source/870582_crdH0AI5aH25bEXe_0008.wav,bonafide,hi-en,870582,mucs2021,none,clean,eval
${DATA_ROOT}/interim/rvc_gate/bonafide_source/876898_RyQSvr4r4iAMTYXq_0008.wav,bonafide,hi-en,876898,mucs2021,none,clean,eval
${DATA_ROOT}/interim/rvc_gate/bonafide_source/893273_8xh3ZKpPy5YhAnKX_0010.wav,bonafide,hi-en,893273,mucs2021,none,clean,eval
${DATA_ROOT}/interim/rvc_gate/bonafide_source/903756_K3X6AGezGWAoDe1q_0012.wav,bonafide,hi-en,903756,mucs2021,none,clean,eval
${DATA_ROOT}/interim/rvc_gate/bonafide_source/912184_V11NDc0lxudGbWQU_0008.wav,bonafide,hi-en,912184,mucs2021,none,clean,eval
${DATA_ROOT}/interim/rvc_gate/bonafide_source/975912_1eNS3GaW1oHHurL4_0008.wav,bonafide,hi-en,975912,mucs2021,none,clean,eval
${DATA_ROOT}/interim/rvc_gate/bonafide_source/987461_LSRBJiHdUoHm4BTI_0008.wav,bonafide,hi-en,987461,mucs2021,none,clean,eval
${DATA_ROOT}/interim/rvc_gate/bonafide_source/996368_n4ACC4gnqW0IM1wW_0008.wav,bonafide,hi-en,996368,mucs2021,none,clean,eval
${DATA_ROOT}/interim/rvc_gate/bonafide_source/106718_vE1rhq3ojNKZvQNv_0010.wav,bonafide,hi-en,106718,mucs2021,none,clean,eval
${DATA_ROOT}/interim/rvc_gate/bonafide_source/142970_DP5j8CLDeL6HHHSX_0009.wav,bonafide,hi-en,142970,mucs2021,none,clean,eval
${DATA_ROOT}/interim/rvc_gate/bonafide_source/177570_jSNK2zDaIvyZsMZp_0011.wav,bonafide,hi-en,177570,mucs2021,none,clean,eval
${DATA_ROOT}/interim/rvc_gate/bonafide_source/186783_LFpbaXkb8HuQ6DnF_0009.wav,bonafide,hi-en,186783,mucs2021,none,clean,eval
${DATA_ROOT}/interim/rvc_gate/bonafide_source/205240_F4KjmwYhWvnpSE0m_0009.wav,bonafide,hi-en,205240,mucs2021,none,clean,eval
${DATA_ROOT}/interim/rvc_gate/bonafide_source/322882_XTscbPr78nzuHhuu_0011.wav,bonafide,hi-en,322882,mucs2021,none,clean,eval
${DATA_ROOT}/interim/rvc_gate/bonafide_source/413057_aKSsdMqkPfUWyYeS_0009.wav,bonafide,hi-en,413057,mucs2021,none,clean,eval
${DATA_ROOT}/interim/rvc_gate/bonafide_source/445718_H6Z2BkcyVtiuiN7A_0009.wav,bonafide,hi-en,445718,mucs2021,none,clean,eval
${DATA_ROOT}/interim/rvc_gate/bonafide_source/457295_WgzliDtK6Htff0g2_0014.wav,bonafide,hi-en,457295,mucs2021,none,clean,eval
${DATA_ROOT}/interim/rvc_gate/bonafide_source/539226_vZGSoJPH1tbvsyCa_0009.wav,bonafide,hi-en,539226,mucs2021,none,clean,eval
${DATA_ROOT}/interim/rvc_gate/bonafide_source/539354_C3MtnFEDrRkWHSvJ_0009.wav,bonafide,hi-en,539354,mucs2021,none,clean,eval
${DATA_ROOT}/interim/rvc_gate/bonafide_source/541304_cyhxRWI0LoKYZvcw_0010.wav,bonafide,hi-en,541304,mucs2021,none,clean,eval
${DATA_ROOT}/interim/rvc_gate/bonafide_source/584991_1ijxO93RTIJh2Rzv_0009.wav,bonafide,hi-en,584991,mucs2021,none,clean,eval
${DATA_ROOT}/interim/rvc_gate/bonafide_source/634568_jCgweujQVV5haVF1_0011.wav,bonafide,hi-en,634568,mucs2021,none,clean,eval
${DATA_ROOT}/interim/rvc_gate/bonafide_source/705494_fZcxLszRnIHxmVQp_0009.wav,bonafide,hi-en,705494,mucs2021,none,clean,eval
${DATA_ROOT}/interim/rvc_gate/bonafide_source/797767_TRInoJRJxAX3qv5C_0009.wav,bonafide,hi-en,797767,mucs2021,none,clean,eval
${DATA_ROOT}/interim/rvc_gate/bonafide_source/870582_crdH0AI5aH25bEXe_0009.wav,bonafide,hi-en,870582,mucs2021,none,clean,eval
${DATA_ROOT}/interim/rvc_gate/bonafide_source/876898_RyQSvr4r4iAMTYXq_0009.wav,bonafide,hi-en,876898,mucs2021,none,clean,eval
${DATA_ROOT}/interim/rvc_gate/bonafide_source/893273_8xh3ZKpPy5YhAnKX_0012.wav,bonafide,hi-en,893273,mucs2021,none,clean,eval
${DATA_ROOT}/interim/rvc_gate/bonafide_source/903756_K3X6AGezGWAoDe1q_0013.wav,bonafide,hi-en,903756,mucs2021,none,clean,eval
${DATA_ROOT}/interim/rvc_gate/bonafide_source/912184_V11NDc0lxudGbWQU_0009.wav,bonafide,hi-en,912184,mucs2021,none,clean,eval
${DATA_ROOT}/interim/rvc_gate/bonafide_source/975912_1eNS3GaW1oHHurL4_0009.wav,bonafide,hi-en,975912,mucs2021,none,clean,eval
${DATA_ROOT}/interim/rvc_gate/bonafide_source/987461_LSRBJiHdUoHm4BTI_0009.wav,bonafide,hi-en,987461,mucs2021,none,clean,eval
${DATA_ROOT}/interim/rvc_gate/bonafide_source/996368_n4ACC4gnqW0IM1wW_0009.wav,bonafide,hi-en,996368,mucs2021,none,clean,eval
${DATA_ROOT}/interim/rvc_gate/bonafide_source/106718_vE1rhq3ojNKZvQNv_0011.wav,bonafide,hi-en,106718,mucs2021,none,clean,eval
${DATA_ROOT}/interim/rvc_gate/bonafide_source/142970_DP5j8CLDeL6HHHSX_0010.wav,bonafide,hi-en,142970,mucs2021,none,clean,eval
${DATA_ROOT}/interim/rvc_gate/bonafide_source/177570_jSNK2zDaIvyZsMZp_0012.wav,bonafide,hi-en,177570,mucs2021,none,clean,eval
${DATA_ROOT}/interim/rvc_gate/bonafide_source/186783_LFpbaXkb8HuQ6DnF_0010.wav,bonafide,hi-en,186783,mucs2021,none,clean,eval
${DATA_ROOT}/interim/rvc_gate/bonafide_source/205240_F4KjmwYhWvnpSE0m_0010.wav,bonafide,hi-en,205240,mucs2021,none,clean,eval
${DATA_ROOT}/interim/rvc_gate/bonafide_source/322882_XTscbPr78nzuHhuu_0012.wav,bonafide,hi-en,322882,mucs2021,none,clean,eval
${DATA_ROOT}/interim/rvc_gate/bonafide_source/413057_aKSsdMqkPfUWyYeS_0010.wav,bonafide,hi-en,413057,mucs2021,none,clean,eval
${DATA_ROOT}/interim/rvc_gate/bonafide_source/445718_H6Z2BkcyVtiuiN7A_0010.wav,bonafide,hi-en,445718,mucs2021,none,clean,eval
${DATA_ROOT}/interim/rvc_gate/bonafide_source/457295_WgzliDtK6Htff0g2_0015.wav,bonafide,hi-en,457295,mucs2021,none,clean,eval
${DATA_ROOT}/interim/rvc_gate/bonafide_source/539226_vZGSoJPH1tbvsyCa_0011.wav,bonafide,hi-en,539226,mucs2021,none,clean,eval
${DATA_ROOT}/interim/rvc_gate/bonafide_source/539354_C3MtnFEDrRkWHSvJ_0010.wav,bonafide,hi-en,539354,mucs2021,none,clean,eval
${DATA_ROOT}/interim/rvc_gate/bonafide_source/541304_cyhxRWI0LoKYZvcw_0011.wav,bonafide,hi-en,541304,mucs2021,none,clean,eval
${DATA_ROOT}/interim/rvc_gate/bonafide_source/584991_1ijxO93RTIJh2Rzv_0010.wav,bonafide,hi-en,584991,mucs2021,none,clean,eval
${DATA_ROOT}/interim/rvc_gate/bonafide_source/634568_jCgweujQVV5haVF1_0012.wav,bonafide,hi-en,634568,mucs2021,none,clean,eval
${DATA_ROOT}/interim/rvc_gate/bonafide_source/705494_fZcxLszRnIHxmVQp_0011.wav,bonafide,hi-en,705494,mucs2021,none,clean,eval
${DATA_ROOT}/interim/rvc_gate/bonafide_source/797767_TRInoJRJxAX3qv5C_0010.wav,bonafide,hi-en,797767,mucs2021,none,clean,eval
${DATA_ROOT}/interim/rvc_gate/bonafide_source/870582_crdH0AI5aH25bEXe_0010.wav,bonafide,hi-en,870582,mucs2021,none,clean,eval
${DATA_ROOT}/interim/rvc_gate/bonafide_source/876898_RyQSvr4r4iAMTYXq_0010.wav,bonafide,hi-en,876898,mucs2021,none,clean,eval
${DATA_ROOT}/interim/rvc_gate/bonafide_source/893273_8xh3ZKpPy5YhAnKX_0013.wav,bonafide,hi-en,893273,mucs2021,none,clean,eval
${DATA_ROOT}/interim/rvc_gate/bonafide_source/903756_K3X6AGezGWAoDe1q_0014.wav,bonafide,hi-en,903756,mucs2021,none,clean,eval
${DATA_ROOT}/interim/rvc_gate/bonafide_source/912184_V11NDc0lxudGbWQU_0010.wav,bonafide,hi-en,912184,mucs2021,none,clean,eval
${DATA_ROOT}/interim/rvc_gate/bonafide_source/975912_1eNS3GaW1oHHurL4_0010.wav,bonafide,hi-en,975912,mucs2021,none,clean,eval
${DATA_ROOT}/interim/rvc_gate/bonafide_source/987461_LSRBJiHdUoHm4BTI_0010.wav,bonafide,hi-en,987461,mucs2021,none,clean,eval
${DATA_ROOT}/interim/rvc_gate/bonafide_source/996368_n4ACC4gnqW0IM1wW_0010.wav,bonafide,hi-en,996368,mucs2021,none,clean,eval
${DATA_ROOT}/interim/rvc_gate/bonafide_source/106718_vE1rhq3ojNKZvQNv_0012.wav,bonafide,hi-en,106718,mucs2021,none,clean,eval
${DATA_ROOT}/interim/rvc_gate/bonafide_source/142970_DP5j8CLDeL6HHHSX_0011.wav,bonafide,hi-en,142970,mucs2021,none,clean,eval
${DATA_ROOT}/interim/rvc_gate/bonafide_source/177570_jSNK2zDaIvyZsMZp_0013.wav,bonafide,hi-en,177570,mucs2021,none,clean,eval
${DATA_ROOT}/interim/rvc_gate/bonafide_source/186783_LFpbaXkb8HuQ6DnF_0011.wav,bonafide,hi-en,186783,mucs2021,none,clean,eval
${DATA_ROOT}/interim/rvc_gate/bonafide_source/205240_F4KjmwYhWvnpSE0m_0011.wav,bonafide,hi-en,205240,mucs2021,none,clean,eval
${DATA_ROOT}/interim/rvc_gate/bonafide_source/322882_XTscbPr78nzuHhuu_0013.wav,bonafide,hi-en,322882,mucs2021,none,clean,eval
${DATA_ROOT}/interim/rvc_gate/bonafide_source/413057_aKSsdMqkPfUWyYeS_0011.wav,bonafide,hi-en,413057,mucs2021,none,clean,eval
${DATA_ROOT}/interim/rvc_gate/bonafide_source/445718_H6Z2BkcyVtiuiN7A_0011.wav,bonafide,hi-en,445718,mucs2021,none,clean,eval
${DATA_ROOT}/interim/rvc_gate/bonafide_source/457295_WgzliDtK6Htff0g2_0016.wav,bonafide,hi-en,457295,mucs2021,none,clean,eval
${DATA_ROOT}/interim/rvc_gate/bonafide_source/539226_vZGSoJPH1tbvsyCa_0012.wav,bonafide,hi-en,539226,mucs2021,none,clean,eval
${DATA_ROOT}/interim/rvc_gate/bonafide_source/539354_C3MtnFEDrRkWHSvJ_0011.wav,bonafide,hi-en,539354,mucs2021,none,clean,eval
${DATA_ROOT}/interim/rvc_gate/bonafide_source/541304_cyhxRWI0LoKYZvcw_0012.wav,bonafide,hi-en,541304,mucs2021,none,clean,eval
${DATA_ROOT}/interim/rvc_gate/bonafide_source/584991_1ijxO93RTIJh2Rzv_0011.wav,bonafide,hi-en,584991,mucs2021,none,clean,eval
${DATA_ROOT}/interim/rvc_gate/bonafide_source/634568_jCgweujQVV5haVF1_0013.wav,bonafide,hi-en,634568,mucs2021,none,clean,eval
${DATA_ROOT}/interim/rvc_gate/bonafide_source/705494_fZcxLszRnIHxmVQp_0012.wav,bonafide,hi-en,705494,mucs2021,none,clean,eval
${DATA_ROOT}/interim/rvc_gate/bonafide_source/797767_TRInoJRJxAX3qv5C_0011.wav,bonafide,hi-en,797767,mucs2021,none,clean,eval
${DATA_ROOT}/interim/rvc_gate/bonafide_source/870582_crdH0AI5aH25bEXe_0012.wav,bonafide,hi-en,870582,mucs2021,none,clean,eval
${DATA_ROOT}/interim/rvc_gate/bonafide_source/876898_RyQSvr4r4iAMTYXq_0011.wav,bonafide,hi-en,876898,mucs2021,none,clean,eval
${DATA_ROOT}/interim/rvc_gate/bonafide_source/893273_8xh3ZKpPy5YhAnKX_0014.wav,bonafide,hi-en,893273,mucs2021,none,clean,eval
${DATA_ROOT}/interim/rvc_gate/bonafide_source/903756_K3X6AGezGWAoDe1q_0015.wav,bonafide,hi-en,903756,mucs2021,none,clean,eval
${DATA_ROOT}/interim/rvc_gate/bonafide_source/912184_V11NDc0lxudGbWQU_0011.wav,bonafide,hi-en,912184,mucs2021,none,clean,eval
${DATA_ROOT}/interim/rvc_gate/bonafide_source/975912_1eNS3GaW1oHHurL4_0011.wav,bonafide,hi-en,975912,mucs2021,none,clean,eval
${DATA_ROOT}/interim/rvc_gate/bonafide_source/987461_LSRBJiHdUoHm4BTI_0011.wav,bonafide,hi-en,987461,mucs2021,none,clean,eval
${DATA_ROOT}/interim/rvc_gate/bonafide_source/996368_n4ACC4gnqW0IM1wW_0011.wav,bonafide,hi-en,996368,mucs2021,none,clean,eval
${DATA_ROOT}/interim/rvc_gate/bonafide_source/106718_vE1rhq3ojNKZvQNv_0013.wav,bonafide,hi-en,106718,mucs2021,none,clean,eval
${DATA_ROOT}/interim/rvc_gate/bonafide_source/142970_DP5j8CLDeL6HHHSX_0012.wav,bonafide,hi-en,142970,mucs2021,none,clean,eval
${DATA_ROOT}/interim/rvc_gate/bonafide_source/177570_jSNK2zDaIvyZsMZp_0014.wav,bonafide,hi-en,177570,mucs2021,none,clean,eval
${DATA_ROOT}/interim/rvc_gate/bonafide_source/186783_LFpbaXkb8HuQ6DnF_0012.wav,bonafide,hi-en,186783,mucs2021,none,clean,eval
${DATA_ROOT}/interim/rvc_gate/bonafide_source/205240_F4KjmwYhWvnpSE0m_0012.wav,bonafide,hi-en,205240,mucs2021,none,clean,eval
${DATA_ROOT}/interim/rvc_gate/bonafide_source/106718_vE1rhq3ojNKZvQNv_0015.wav,bonafide,hi-en,106718,mucs2021,none,clean,eval
${DATA_ROOT}/interim/rvc_gate/bonafide_source/142970_DP5j8CLDeL6HHHSX_0014.wav,bonafide,hi-en,142970,mucs2021,none,clean,eval
${DATA_ROOT}/interim/rvc_gate/bonafide_source/177570_jSNK2zDaIvyZsMZp_0016.wav,bonafide,hi-en,177570,mucs2021,none,clean,eval
${DATA_ROOT}/interim/rvc_gate/bonafide_source/186783_LFpbaXkb8HuQ6DnF_0014.wav,bonafide,hi-en,186783,mucs2021,none,clean,eval
${DATA_ROOT}/interim/rvc_gate/bonafide_source/205240_F4KjmwYhWvnpSE0m_0014.wav,bonafide,hi-en,205240,mucs2021,none,clean,eval
${DATA_ROOT}/interim/rvc_gate/bonafide_source/322882_XTscbPr78nzuHhuu_0016.wav,bonafide,hi-en,322882,mucs2021,none,clean,eval
${DATA_ROOT}/interim/rvc_gate/bonafide_source/413057_aKSsdMqkPfUWyYeS_0014.wav,bonafide,hi-en,413057,mucs2021,none,clean,eval
${DATA_ROOT}/interim/rvc_gate/bonafide_source/445718_H6Z2BkcyVtiuiN7A_0014.wav,bonafide,hi-en,445718,mucs2021,none,clean,eval
${DATA_ROOT}/interim/rvc_gate/bonafide_source/539226_vZGSoJPH1tbvsyCa_0015.wav,bonafide,hi-en,539226,mucs2021,none,clean,eval
${DATA_ROOT}/interim/rvc_gate/bonafide_source/539354_C3MtnFEDrRkWHSvJ_0015.wav,bonafide,hi-en,539354,mucs2021,none,clean,eval
${DATA_ROOT}/interim/rvc_gate/bonafide_source/541304_cyhxRWI0LoKYZvcw_0015.wav,bonafide,hi-en,541304,mucs2021,none,clean,eval
${DATA_ROOT}/interim/rvc_gate/bonafide_source/584991_1ijxO93RTIJh2Rzv_0015.wav,bonafide,hi-en,584991,mucs2021,none,clean,eval
${DATA_ROOT}/interim/rvc_gate/bonafide_source/634568_jCgweujQVV5haVF1_0016.wav,bonafide,hi-en,634568,mucs2021,none,clean,eval
${DATA_ROOT}/interim/rvc_gate/bonafide_source/705494_fZcxLszRnIHxmVQp_0015.wav,bonafide,hi-en,705494,mucs2021,none,clean,eval
${DATA_ROOT}/interim/rvc_gate/bonafide_source/797767_TRInoJRJxAX3qv5C_0014.wav,bonafide,hi-en,797767,mucs2021,none,clean,eval
${DATA_ROOT}/interim/rvc_gate/bonafide_source/850754_wOTMMvC3WQ5YQRAF_0015.wav,bonafide,hi-en,850754,mucs2021,none,clean,eval
${DATA_ROOT}/interim/rvc_gate/bonafide_source/870582_crdH0AI5aH25bEXe_0015.wav,bonafide,hi-en,870582,mucs2021,none,clean,eval
${DATA_ROOT}/interim/rvc_gate/bonafide_source/876898_RyQSvr4r4iAMTYXq_0014.wav,bonafide,hi-en,876898,mucs2021,none,clean,eval
${DATA_ROOT}/interim/rvc_gate/bonafide_source/893273_8xh3ZKpPy5YhAnKX_0017.wav,bonafide,hi-en,893273,mucs2021,none,clean,eval
${DATA_ROOT}/interim/rvc_gate/bonafide_source/903756_K3X6AGezGWAoDe1q_0018.wav,bonafide,hi-en,903756,mucs2021,none,clean,eval
${DATA_ROOT}/interim/rvc_gate/bonafide_source/912184_V11NDc0lxudGbWQU_0015.wav,bonafide,hi-en,912184,mucs2021,none,clean,eval
${DATA_ROOT}/interim/rvc_gate/bonafide_source/975912_1eNS3GaW1oHHurL4_0014.wav,bonafide,hi-en,975912,mucs2021,none,clean,eval
${DATA_ROOT}/interim/rvc_gate/bonafide_source/987461_LSRBJiHdUoHm4BTI_0014.wav,bonafide,hi-en,987461,mucs2021,none,clean,eval
${DATA_ROOT}/interim/rvc_gate/bonafide_source/996368_n4ACC4gnqW0IM1wW_0014.wav,bonafide,hi-en,996368,mucs2021,none,clean,eval
${DATA_ROOT}/interim/rvc_gate/bonafide_source/106718_vE1rhq3ojNKZvQNv_0016.wav,bonafide,hi-en,106718,mucs2021,none,clean,eval
${DATA_ROOT}/interim/rvc_gate/bonafide_source/142970_DP5j8CLDeL6HHHSX_0015.wav,bonafide,hi-en,142970,mucs2021,none,clean,eval
${DATA_ROOT}/interim/rvc_gate/bonafide_source/177570_jSNK2zDaIvyZsMZp_0017.wav,bonafide,hi-en,177570,mucs2021,none,clean,eval
${DATA_ROOT}/interim/rvc_gate/bonafide_source/186783_LFpbaXkb8HuQ6DnF_0015.wav,bonafide,hi-en,186783,mucs2021,none,clean,eval
${DATA_ROOT}/interim/rvc_gate/bonafide_source/205240_F4KjmwYhWvnpSE0m_0015.wav,bonafide,hi-en,205240,mucs2021,none,clean,eval
${DATA_ROOT}/interim/rvc_gate/bonafide_source/322882_XTscbPr78nzuHhuu_0017.wav,bonafide,hi-en,322882,mucs2021,none,clean,eval
${DATA_ROOT}/interim/rvc_gate/bonafide_source/413057_aKSsdMqkPfUWyYeS_0015.wav,bonafide,hi-en,413057,mucs2021,none,clean,eval
${DATA_ROOT}/interim/rvc_gate/bonafide_source/445718_H6Z2BkcyVtiuiN7A_0015.wav,bonafide,hi-en,445718,mucs2021,none,clean,eval
${DATA_ROOT}/interim/rvc_gate/bonafide_source/539226_vZGSoJPH1tbvsyCa_0016.wav,bonafide,hi-en,539226,mucs2021,none,clean,eval
${DATA_ROOT}/interim/rvc_gate/bonafide_source/539354_C3MtnFEDrRkWHSvJ_0016.wav,bonafide,hi-en,539354,mucs2021,none,clean,eval
${DATA_ROOT}/interim/rvc_gate/bonafide_source/541304_cyhxRWI0LoKYZvcw_0017.wav,bonafide,hi-en,541304,mucs2021,none,clean,eval
${DATA_ROOT}/interim/rvc_gate/bonafide_source/584991_1ijxO93RTIJh2Rzv_0016.wav,bonafide,hi-en,584991,mucs2021,none,clean,eval
${DATA_ROOT}/interim/rvc_gate/bonafide_source/634568_jCgweujQVV5haVF1_0017.wav,bonafide,hi-en,634568,mucs2021,none,clean,eval
${DATA_ROOT}/interim/rvc_gate/bonafide_source/705494_fZcxLszRnIHxmVQp_0016.wav,bonafide,hi-en,705494,mucs2021,none,clean,eval
${DATA_ROOT}/interim/rvc_gate/bonafide_source/797767_TRInoJRJxAX3qv5C_0015.wav,bonafide,hi-en,797767,mucs2021,none,clean,eval
${DATA_ROOT}/interim/rvc_gate/bonafide_source/850754_wOTMMvC3WQ5YQRAF_0017.wav,bonafide,hi-en,850754,mucs2021,none,clean,eval
${DATA_ROOT}/interim/rvc_gate/bonafide_source/870582_crdH0AI5aH25bEXe_0016.wav,bonafide,hi-en,870582,mucs2021,none,clean,eval
${DATA_ROOT}/interim/rvc_gate/bonafide_source/876898_RyQSvr4r4iAMTYXq_0015.wav,bonafide,hi-en,876898,mucs2021,none,clean,eval
${DATA_ROOT}/interim/rvc_gate/bonafide_source/893273_8xh3ZKpPy5YhAnKX_0018.wav,bonafide,hi-en,893273,mucs2021,none,clean,eval
${DATA_ROOT}/interim/rvc_gate/bonafide_source/903756_K3X6AGezGWAoDe1q_0019.wav,bonafide,hi-en,903756,mucs2021,none,clean,eval
${DATA_ROOT}/interim/rvc_gate/bonafide_source/912184_V11NDc0lxudGbWQU_0016.wav,bonafide,hi-en,912184,mucs2021,none,clean,eval
${DATA_ROOT}/interim/rvc_gate/bonafide_source/975912_1eNS3GaW1oHHurL4_0015.wav,bonafide,hi-en,975912,mucs2021,none,clean,eval
${DATA_ROOT}/interim/rvc_gate/bonafide_source/987461_LSRBJiHdUoHm4BTI_0015.wav,bonafide,hi-en,987461,mucs2021,none,clean,eval
${DATA_ROOT}/interim/rvc_gate/bonafide_source/996368_n4ACC4gnqW0IM1wW_0015.wav,bonafide,hi-en,996368,mucs2021,none,clean,eval
${DATA_ROOT}/interim/rvc_gate/bonafide_source/106718_vE1rhq3ojNKZvQNv_0017.wav,bonafide,hi-en,106718,mucs2021,none,clean,eval
${DATA_ROOT}/interim/rvc_gate/bonafide_source/142970_DP5j8CLDeL6HHHSX_0016.wav,bonafide,hi-en,142970,mucs2021,none,clean,eval
${DATA_ROOT}/interim/rvc_gate/bonafide_source/177570_jSNK2zDaIvyZsMZp_0018.wav,bonafide,hi-en,177570,mucs2021,none,clean,eval
${DATA_ROOT}/interim/rvc_gate/bonafide_source/186783_LFpbaXkb8HuQ6DnF_0016.wav,bonafide,hi-en,186783,mucs2021,none,clean,eval
${DATA_ROOT}/interim/rvc_gate/bonafide_source/205240_F4KjmwYhWvnpSE0m_0016.wav,bonafide,hi-en,205240,mucs2021,none,clean,eval
${DATA_ROOT}/interim/rvc_gate/bonafide_source/322882_XTscbPr78nzuHhuu_0018.wav,bonafide,hi-en,322882,mucs2021,none,clean,eval
${DATA_ROOT}/interim/rvc_gate/bonafide_source/413057_aKSsdMqkPfUWyYeS_0016.wav,bonafide,hi-en,413057,mucs2021,none,clean,eval
${DATA_ROOT}/interim/rvc_gate/bonafide_source/445718_H6Z2BkcyVtiuiN7A_0016.wav,bonafide,hi-en,445718,mucs2021,none,clean,eval
${DATA_ROOT}/interim/rvc_gate/bonafide_source/539226_vZGSoJPH1tbvsyCa_0017.wav,bonafide,hi-en,539226,mucs2021,none,clean,eval
${DATA_ROOT}/interim/rvc_gate/bonafide_source/539354_C3MtnFEDrRkWHSvJ_0017.wav,bonafide,hi-en,539354,mucs2021,none,clean,eval
${DATA_ROOT}/interim/rvc_gate/bonafide_source/541304_cyhxRWI0LoKYZvcw_0018.wav,bonafide,hi-en,541304,mucs2021,none,clean,eval
${DATA_ROOT}/interim/rvc_gate/bonafide_source/584991_1ijxO93RTIJh2Rzv_0017.wav,bonafide,hi-en,584991,mucs2021,none,clean,eval
${DATA_ROOT}/interim/rvc_gate/bonafide_source/634568_jCgweujQVV5haVF1_0018.wav,bonafide,hi-en,634568,mucs2021,none,clean,eval
${DATA_ROOT}/interim/rvc_gate/bonafide_source/705494_fZcxLszRnIHxmVQp_0017.wav,bonafide,hi-en,705494,mucs2021,none,clean,eval
${DATA_ROOT}/interim/rvc_gate/bonafide_source/797767_TRInoJRJxAX3qv5C_0016.wav,bonafide,hi-en,797767,mucs2021,none,clean,eval
${DATA_ROOT}/interim/rvc_gate/bonafide_source/850754_wOTMMvC3WQ5YQRAF_0018.wav,bonafide,hi-en,850754,mucs2021,none,clean,eval
${DATA_ROOT}/interim/rvc_gate/bonafide_source/870582_crdH0AI5aH25bEXe_0017.wav,bonafide,hi-en,870582,mucs2021,none,clean,eval
${DATA_ROOT}/interim/rvc_gate/bonafide_source/876898_RyQSvr4r4iAMTYXq_0016.wav,bonafide,hi-en,876898,mucs2021,none,clean,eval
${DATA_ROOT}/interim/rvc_gate/bonafide_source/893273_8xh3ZKpPy5YhAnKX_0019.wav,bonafide,hi-en,893273,mucs2021,none,clean,eval
${DATA_ROOT}/interim/rvc_gate/bonafide_source/903756_K3X6AGezGWAoDe1q_0020.wav,bonafide,hi-en,903756,mucs2021,none,clean,eval
${DATA_ROOT}/interim/rvc_gate/bonafide_source/912184_V11NDc0lxudGbWQU_0017.wav,bonafide,hi-en,912184,mucs2021,none,clean,eval
${DATA_ROOT}/interim/rvc_gate/bonafide_source/975912_1eNS3GaW1oHHurL4_0016.wav,bonafide,hi-en,975912,mucs2021,none,clean,eval
${DATA_ROOT}/interim/rvc_gate/bonafide_source/987461_LSRBJiHdUoHm4BTI_0016.wav,bonafide,hi-en,987461,mucs2021,none,clean,eval
${DATA_ROOT}/interim/rvc_gate/bonafide_source/996368_n4ACC4gnqW0IM1wW_0016.wav,bonafide,hi-en,996368,mucs2021,none,clean,eval
${DATA_ROOT}/interim/rvc_gate/bonafide_source/106718_vE1rhq3ojNKZvQNv_0018.wav,bonafide,hi-en,106718,mucs2021,none,clean,eval
${DATA_ROOT}/interim/rvc_gate/bonafide_source/142970_DP5j8CLDeL6HHHSX_0017.wav,bonafide,hi-en,142970,mucs2021,none,clean,eval
${DATA_ROOT}/interim/rvc_gate/bonafide_source/177570_jSNK2zDaIvyZsMZp_0019.wav,bonafide,hi-en,177570,mucs2021,none,clean,eval
${DATA_ROOT}/interim/rvc_gate/bonafide_source/186783_LFpbaXkb8HuQ6DnF_0017.wav,bonafide,hi-en,186783,mucs2021,none,clean,eval
${DATA_ROOT}/interim/rvc_gate/bonafide_source/205240_F4KjmwYhWvnpSE0m_0017.wav,bonafide,hi-en,205240,mucs2021,none,clean,eval
${DATA_ROOT}/interim/rvc_gate/bonafide_source/322882_XTscbPr78nzuHhuu_0019.wav,bonafide,hi-en,322882,mucs2021,none,clean,eval
${DATA_ROOT}/interim/rvc_gate/bonafide_source/413057_aKSsdMqkPfUWyYeS_0017.wav,bonafide,hi-en,413057,mucs2021,none,clean,eval
${DATA_ROOT}/interim/rvc_gate/bonafide_source/445718_H6Z2BkcyVtiuiN7A_0017.wav,bonafide,hi-en,445718,mucs2021,none,clean,eval
${DATA_ROOT}/interim/rvc_gate/bonafide_source/539226_vZGSoJPH1tbvsyCa_0018.wav,bonafide,hi-en,539226,mucs2021,none,clean,eval
${DATA_ROOT}/interim/rvc_gate/bonafide_source/539354_C3MtnFEDrRkWHSvJ_0018.wav,bonafide,hi-en,539354,mucs2021,none,clean,eval
${DATA_ROOT}/interim/rvc_gate/bonafide_source/541304_cyhxRWI0LoKYZvcw_0019.wav,bonafide,hi-en,541304,mucs2021,none,clean,eval
${DATA_ROOT}/interim/rvc_gate/bonafide_source/584991_1ijxO93RTIJh2Rzv_0018.wav,bonafide,hi-en,584991,mucs2021,none,clean,eval
${DATA_ROOT}/interim/rvc_gate/bonafide_source/634568_jCgweujQVV5haVF1_0019.wav,bonafide,hi-en,634568,mucs2021,none,clean,eval
${DATA_ROOT}/interim/rvc_gate/bonafide_source/705494_fZcxLszRnIHxmVQp_0018.wav,bonafide,hi-en,705494,mucs2021,none,clean,eval
${DATA_ROOT}/interim/rvc_gate/bonafide_source/797767_TRInoJRJxAX3qv5C_0017.wav,bonafide,hi-en,797767,mucs2021,none,clean,eval
${DATA_ROOT}/interim/rvc_gate/bonafide_source/850754_wOTMMvC3WQ5YQRAF_0020.wav,bonafide,hi-en,850754,mucs2021,none,clean,eval
${DATA_ROOT}/interim/rvc_gate/bonafide_source/870582_crdH0AI5aH25bEXe_0018.wav,bonafide,hi-en,870582,mucs2021,none,clean,eval
${DATA_ROOT}/interim/rvc_gate/bonafide_source/876898_RyQSvr4r4iAMTYXq_0017.wav,bonafide,hi-en,876898,mucs2021,none,clean,eval
${DATA_ROOT}/interim/rvc_gate/bonafide_source/893273_8xh3ZKpPy5YhAnKX_0020.wav,bonafide,hi-en,893273,mucs2021,none,clean,eval
${DATA_ROOT}/interim/rvc_gate/bonafide_source/903756_K3X6AGezGWAoDe1q_0021.wav,bonafide,hi-en,903756,mucs2021,none,clean,eval
${DATA_ROOT}/interim/rvc_gate/bonafide_source/912184_V11NDc0lxudGbWQU_0018.wav,bonafide,hi-en,912184,mucs2021,none,clean,eval
${DATA_ROOT}/interim/rvc_gate/bonafide_source/975912_1eNS3GaW1oHHurL4_0017.wav,bonafide,hi-en,975912,mucs2021,none,clean,eval
${DATA_ROOT}/interim/rvc_gate/bonafide_source/987461_LSRBJiHdUoHm4BTI_0017.wav,bonafide,hi-en,987461,mucs2021,none,clean,eval
${DATA_ROOT}/interim/rvc_gate/bonafide_source/996368_n4ACC4gnqW0IM1wW_0017.wav,bonafide,hi-en,996368,mucs2021,none,clean,eval
${DATA_ROOT}/interim/rvc_gate/bonafide_source/106718_vE1rhq3ojNKZvQNv_0019.wav,bonafide,hi-en,106718,mucs2021,none,clean,eval
${DATA_ROOT}/interim/rvc_gate/bonafide_source/142970_DP5j8CLDeL6HHHSX_0018.wav,bonafide,hi-en,142970,mucs2021,none,clean,eval
${DATA_ROOT}/interim/rvc_gate/bonafide_source/177570_jSNK2zDaIvyZsMZp_0020.wav,bonafide,hi-en,177570,mucs2021,none,clean,eval
${DATA_ROOT}/interim/rvc_gate/bonafide_source/186783_LFpbaXkb8HuQ6DnF_0018.wav,bonafide,hi-en,186783,mucs2021,none,clean,eval
${DATA_ROOT}/interim/rvc_gate/bonafide_source/205240_F4KjmwYhWvnpSE0m_0018.wav,bonafide,hi-en,205240,mucs2021,none,clean,eval
${DATA_ROOT}/interim/rvc_gate/bonafide_source/322882_XTscbPr78nzuHhuu_0021.wav,bonafide,hi-en,322882,mucs2021,none,clean,eval
${DATA_ROOT}/interim/rvc_gate/bonafide_source/413057_aKSsdMqkPfUWyYeS_0018.wav,bonafide,hi-en,413057,mucs2021,none,clean,eval
${DATA_ROOT}/interim/rvc_gate/bonafide_source/445718_H6Z2BkcyVtiuiN7A_0018.wav,bonafide,hi-en,445718,mucs2021,none,clean,eval
${DATA_ROOT}/interim/rvc_gate/bonafide_source/539226_vZGSoJPH1tbvsyCa_0019.wav,bonafide,hi-en,539226,mucs2021,none,clean,eval
${DATA_ROOT}/interim/rvc_gate/bonafide_source/539354_C3MtnFEDrRkWHSvJ_0019.wav,bonafide,hi-en,539354,mucs2021,none,clean,eval
${DATA_ROOT}/interim/rvc_gate/bonafide_source/541304_cyhxRWI0LoKYZvcw_0020.wav,bonafide,hi-en,541304,mucs2021,none,clean,eval
${DATA_ROOT}/interim/rvc_gate/bonafide_source/584991_1ijxO93RTIJh2Rzv_0019.wav,bonafide,hi-en,584991,mucs2021,none,clean,eval
${DATA_ROOT}/interim/rvc_gate/bonafide_source/634568_jCgweujQVV5haVF1_0020.wav,bonafide,hi-en,634568,mucs2021,none,clean,eval
${DATA_ROOT}/interim/rvc_gate/bonafide_source/705494_fZcxLszRnIHxmVQp_0019.wav,bonafide,hi-en,705494,mucs2021,none,clean,eval
${DATA_ROOT}/interim/rvc_gate/bonafide_source/797767_TRInoJRJxAX3qv5C_0018.wav,bonafide,hi-en,797767,mucs2021,none,clean,eval
${DATA_ROOT}/interim/rvc_gate/bonafide_source/850754_wOTMMvC3WQ5YQRAF_0021.wav,bonafide,hi-en,850754,mucs2021,none,clean,eval
${DATA_ROOT}/interim/rvc_gate/bonafide_source/870582_crdH0AI5aH25bEXe_0019.wav,bonafide,hi-en,870582,mucs2021,none,clean,eval
${DATA_ROOT}/interim/rvc_gate/bonafide_source/876898_RyQSvr4r4iAMTYXq_0018.wav,bonafide,hi-en,876898,mucs2021,none,clean,eval
${DATA_ROOT}/interim/rvc_gate/bonafide_source/893273_8xh3ZKpPy5YhAnKX_0021.wav,bonafide,hi-en,893273,mucs2021,none,clean,eval
${DATA_ROOT}/interim/rvc_gate/bonafide_source/903756_K3X6AGezGWAoDe1q_0022.wav,bonafide,hi-en,903756,mucs2021,none,clean,eval
${DATA_ROOT}/interim/rvc_gate/bonafide_source/912184_V11NDc0lxudGbWQU_0019.wav,bonafide,hi-en,912184,mucs2021,none,clean,eval
${DATA_ROOT}/interim/rvc_gate/bonafide_source/975912_1eNS3GaW1oHHurL4_0018.wav,bonafide,hi-en,975912,mucs2021,none,clean,eval
${DATA_ROOT}/interim/rvc_gate/bonafide_source/987461_LSRBJiHdUoHm4BTI_0019.wav,bonafide,hi-en,987461,mucs2021,none,clean,eval
${DATA_ROOT}/interim/rvc_gate/bonafide_source/996368_n4ACC4gnqW0IM1wW_0018.wav,bonafide,hi-en,996368,mucs2021,none,clean,eval
${DATA_ROOT}/interim/rvc_gate/bonafide_source/106718_vE1rhq3ojNKZvQNv_0020.wav,bonafide,hi-en,106718,mucs2021,none,clean,eval
${DATA_ROOT}/interim/rvc_gate/bonafide_source/142970_DP5j8CLDeL6HHHSX_0019.wav,bonafide,hi-en,142970,mucs2021,none,clean,eval
${DATA_ROOT}/interim/rvc_gate/bonafide_source/177570_jSNK2zDaIvyZsMZp_0021.wav,bonafide,hi-en,177570,mucs2021,none,clean,eval
${DATA_ROOT}/interim/rvc_gate/bonafide_source/186783_LFpbaXkb8HuQ6DnF_0021.wav,bonafide,hi-en,186783,mucs2021,none,clean,eval
${DATA_ROOT}/interim/rvc_gate/bonafide_source/205240_F4KjmwYhWvnpSE0m_0019.wav,bonafide,hi-en,205240,mucs2021,none,clean,eval
${DATA_ROOT}/interim/rvc_gate/bonafide_source/106718_vE1rhq3ojNKZvQNv_0023.wav,bonafide,hi-en,106718,mucs2021,none,clean,eval
${DATA_ROOT}/interim/rvc_gate/bonafide_source/142970_DP5j8CLDeL6HHHSX_0021.wav,bonafide,hi-en,142970,mucs2021,none,clean,eval
${DATA_ROOT}/interim/rvc_gate/bonafide_source/177570_jSNK2zDaIvyZsMZp_0023.wav,bonafide,hi-en,177570,mucs2021,none,clean,eval
${DATA_ROOT}/interim/rvc_gate/bonafide_source/186783_LFpbaXkb8HuQ6DnF_0023.wav,bonafide,hi-en,186783,mucs2021,none,clean,eval
${DATA_ROOT}/interim/rvc_gate/bonafide_source/205240_F4KjmwYhWvnpSE0m_0021.wav,bonafide,hi-en,205240,mucs2021,none,clean,eval
${DATA_ROOT}/interim/rvc_gate/bonafide_source/322882_XTscbPr78nzuHhuu_0024.wav,bonafide,hi-en,322882,mucs2021,none,clean,eval
${DATA_ROOT}/interim/rvc_gate/bonafide_source/413057_aKSsdMqkPfUWyYeS_0021.wav,bonafide,hi-en,413057,mucs2021,none,clean,eval
${DATA_ROOT}/interim/rvc_gate/bonafide_source/445718_H6Z2BkcyVtiuiN7A_0021.wav,bonafide,hi-en,445718,mucs2021,none,clean,eval
${DATA_ROOT}/interim/rvc_gate/bonafide_source/457295_WgzliDtK6Htff0g2_0029.wav,bonafide,hi-en,457295,mucs2021,none,clean,eval
${DATA_ROOT}/interim/rvc_gate/bonafide_source/539226_vZGSoJPH1tbvsyCa_0022.wav,bonafide,hi-en,539226,mucs2021,none,clean,eval
${DATA_ROOT}/interim/rvc_gate/bonafide_source/539354_C3MtnFEDrRkWHSvJ_0022.wav,bonafide,hi-en,539354,mucs2021,none,clean,eval
${DATA_ROOT}/interim/rvc_gate/bonafide_source/541304_cyhxRWI0LoKYZvcw_0023.wav,bonafide,hi-en,541304,mucs2021,none,clean,eval
${DATA_ROOT}/interim/rvc_gate/bonafide_source/584991_1ijxO93RTIJh2Rzv_0022.wav,bonafide,hi-en,584991,mucs2021,none,clean,eval
${DATA_ROOT}/interim/rvc_gate/bonafide_source/634568_jCgweujQVV5haVF1_0024.wav,bonafide,hi-en,634568,mucs2021,none,clean,eval
${DATA_ROOT}/interim/rvc_gate/bonafide_source/705494_fZcxLszRnIHxmVQp_0022.wav,bonafide,hi-en,705494,mucs2021,none,clean,eval
${DATA_ROOT}/interim/rvc_gate/bonafide_source/797767_TRInoJRJxAX3qv5C_0021.wav,bonafide,hi-en,797767,mucs2021,none,clean,eval
${DATA_ROOT}/interim/rvc_gate/bonafide_source/850754_wOTMMvC3WQ5YQRAF_0024.wav,bonafide,hi-en,850754,mucs2021,none,clean,eval
${DATA_ROOT}/interim/rvc_gate/bonafide_source/870582_crdH0AI5aH25bEXe_0022.wav,bonafide,hi-en,870582,mucs2021,none,clean,eval
${DATA_ROOT}/interim/rvc_gate/bonafide_source/876898_RyQSvr4r4iAMTYXq_0021.wav,bonafide,hi-en,876898,mucs2021,none,clean,eval
${DATA_ROOT}/interim/rvc_gate/bonafide_source/893273_8xh3ZKpPy5YhAnKX_0025.wav,bonafide,hi-en,893273,mucs2021,none,clean,eval
${DATA_ROOT}/interim/rvc_gate/bonafide_source/912184_V11NDc0lxudGbWQU_0022.wav,bonafide,hi-en,912184,mucs2021,none,clean,eval
${DATA_ROOT}/interim/rvc_gate/bonafide_source/975912_1eNS3GaW1oHHurL4_0021.wav,bonafide,hi-en,975912,mucs2021,none,clean,eval
${DATA_ROOT}/interim/rvc_gate/bonafide_source/987461_LSRBJiHdUoHm4BTI_0022.wav,bonafide,hi-en,987461,mucs2021,none,clean,eval
${DATA_ROOT}/interim/rvc_gate/bonafide_source/996368_n4ACC4gnqW0IM1wW_0021.wav,bonafide,hi-en,996368,mucs2021,none,clean,eval
${DATA_ROOT}/interim/rvc_gate/bonafide_source/106718_vE1rhq3ojNKZvQNv_0025.wav,bonafide,hi-en,106718,mucs2021,none,clean,eval
${DATA_ROOT}/interim/rvc_gate/bonafide_source/142970_DP5j8CLDeL6HHHSX_0022.wav,bonafide,hi-en,142970,mucs2021,none,clean,eval
${DATA_ROOT}/interim/rvc_gate/bonafide_source/177570_jSNK2zDaIvyZsMZp_0024.wav,bonafide,hi-en,177570,mucs2021,none,clean,eval
${DATA_ROOT}/interim/rvc_gate/bonafide_source/186783_LFpbaXkb8HuQ6DnF_0024.wav,bonafide,hi-en,186783,mucs2021,none,clean,eval
${DATA_ROOT}/interim/rvc_gate/bonafide_source/205240_F4KjmwYhWvnpSE0m_0022.wav,bonafide,hi-en,205240,mucs2021,none,clean,eval
${DATA_ROOT}/interim/rvc_gate/bonafide_source/322882_XTscbPr78nzuHhuu_0025.wav,bonafide,hi-en,322882,mucs2021,none,clean,eval
${DATA_ROOT}/interim/rvc_gate/bonafide_source/413057_aKSsdMqkPfUWyYeS_0022.wav,bonafide,hi-en,413057,mucs2021,none,clean,eval
${DATA_ROOT}/interim/rvc_gate/bonafide_source/445718_H6Z2BkcyVtiuiN7A_0023.wav,bonafide,hi-en,445718,mucs2021,none,clean,eval
${DATA_ROOT}/interim/rvc_gate/bonafide_source/457295_WgzliDtK6Htff0g2_0030.wav,bonafide,hi-en,457295,mucs2021,none,clean,eval
${DATA_ROOT}/interim/rvc_gate/bonafide_source/539226_vZGSoJPH1tbvsyCa_0023.wav,bonafide,hi-en,539226,mucs2021,none,clean,eval
${DATA_ROOT}/interim/rvc_gate/bonafide_source/539354_C3MtnFEDrRkWHSvJ_0023.wav,bonafide,hi-en,539354,mucs2021,none,clean,eval
${DATA_ROOT}/interim/rvc_gate/bonafide_source/541304_cyhxRWI0LoKYZvcw_0024.wav,bonafide,hi-en,541304,mucs2021,none,clean,eval
${DATA_ROOT}/interim/rvc_gate/bonafide_source/584991_1ijxO93RTIJh2Rzv_0023.wav,bonafide,hi-en,584991,mucs2021,none,clean,eval
${DATA_ROOT}/interim/rvc_gate/bonafide_source/634568_jCgweujQVV5haVF1_0025.wav,bonafide,hi-en,634568,mucs2021,none,clean,eval
${DATA_ROOT}/interim/rvc_gate/bonafide_source/705494_fZcxLszRnIHxmVQp_0023.wav,bonafide,hi-en,705494,mucs2021,none,clean,eval
${DATA_ROOT}/interim/rvc_gate/bonafide_source/797767_TRInoJRJxAX3qv5C_0022.wav,bonafide,hi-en,797767,mucs2021,none,clean,eval
${DATA_ROOT}/interim/rvc_gate/bonafide_source/850754_wOTMMvC3WQ5YQRAF_0025.wav,bonafide,hi-en,850754,mucs2021,none,clean,eval
${DATA_ROOT}/interim/rvc_gate/bonafide_source/870582_crdH0AI5aH25bEXe_0023.wav,bonafide,hi-en,870582,mucs2021,none,clean,eval
${DATA_ROOT}/interim/rvc_gate/bonafide_source/876898_RyQSvr4r4iAMTYXq_0022.wav,bonafide,hi-en,876898,mucs2021,none,clean,eval
${DATA_ROOT}/interim/rvc_gate/bonafide_source/893273_8xh3ZKpPy5YhAnKX_0026.wav,bonafide,hi-en,893273,mucs2021,none,clean,eval
${DATA_ROOT}/interim/rvc_gate/bonafide_source/912184_V11NDc0lxudGbWQU_0023.wav,bonafide,hi-en,912184,mucs2021,none,clean,eval
${DATA_ROOT}/interim/rvc_gate/bonafide_source/975912_1eNS3GaW1oHHurL4_0022.wav,bonafide,hi-en,975912,mucs2021,none,clean,eval
${DATA_ROOT}/interim/rvc_gate/bonafide_source/987461_LSRBJiHdUoHm4BTI_0023.wav,bonafide,hi-en,987461,mucs2021,none,clean,eval
${DATA_ROOT}/interim/rvc_gate/bonafide_source/996368_n4ACC4gnqW0IM1wW_0022.wav,bonafide,hi-en,996368,mucs2021,none,clean,eval
${DATA_ROOT}/interim/rvc_gate/bonafide_source/106718_vE1rhq3ojNKZvQNv_0026.wav,bonafide,hi-en,106718,mucs2021,none,clean,eval
${DATA_ROOT}/interim/rvc_gate/bonafide_source/142970_DP5j8CLDeL6HHHSX_0023.wav,bonafide,hi-en,142970,mucs2021,none,clean,eval
${DATA_ROOT}/interim/rvc_gate/bonafide_source/177570_jSNK2zDaIvyZsMZp_0025.wav,bonafide,hi-en,177570,mucs2021,none,clean,eval
${DATA_ROOT}/interim/rvc_gate/bonafide_source/186783_LFpbaXkb8HuQ6DnF_0025.wav,bonafide,hi-en,186783,mucs2021,none,clean,eval
${DATA_ROOT}/interim/rvc_gate/bonafide_source/205240_F4KjmwYhWvnpSE0m_0023.wav,bonafide,hi-en,205240,mucs2021,none,clean,eval
${DATA_ROOT}/interim/rvc_gate/bonafide_source/322882_XTscbPr78nzuHhuu_0026.wav,bonafide,hi-en,322882,mucs2021,none,clean,eval
${DATA_ROOT}/interim/rvc_gate/bonafide_source/413057_aKSsdMqkPfUWyYeS_0023.wav,bonafide,hi-en,413057,mucs2021,none,clean,eval
${DATA_ROOT}/interim/rvc_gate/bonafide_source/445718_H6Z2BkcyVtiuiN7A_0024.wav,bonafide,hi-en,445718,mucs2021,none,clean,eval
${DATA_ROOT}/interim/rvc_gate/bonafide_source/457295_WgzliDtK6Htff0g2_0031.wav,bonafide,hi-en,457295,mucs2021,none,clean,eval
${DATA_ROOT}/interim/rvc_gate/bonafide_source/539226_vZGSoJPH1tbvsyCa_0024.wav,bonafide,hi-en,539226,mucs2021,none,clean,eval
${DATA_ROOT}/interim/rvc_gate/bonafide_source/539354_C3MtnFEDrRkWHSvJ_0024.wav,bonafide,hi-en,539354,mucs2021,none,clean,eval
${DATA_ROOT}/interim/rvc_gate/bonafide_source/541304_cyhxRWI0LoKYZvcw_0025.wav,bonafide,hi-en,541304,mucs2021,none,clean,eval
${DATA_ROOT}/interim/rvc_gate/bonafide_source/584991_1ijxO93RTIJh2Rzv_0024.wav,bonafide,hi-en,584991,mucs2021,none,clean,eval
${DATA_ROOT}/interim/rvc_gate/bonafide_source/634568_jCgweujQVV5haVF1_0026.wav,bonafide,hi-en,634568,mucs2021,none,clean,eval
${DATA_ROOT}/interim/rvc_gate/bonafide_source/705494_fZcxLszRnIHxmVQp_0024.wav,bonafide,hi-en,705494,mucs2021,none,clean,eval
${DATA_ROOT}/interim/rvc_gate/bonafide_source/797767_TRInoJRJxAX3qv5C_0023.wav,bonafide,hi-en,797767,mucs2021,none,clean,eval
${DATA_ROOT}/interim/rvc_gate/bonafide_source/850754_wOTMMvC3WQ5YQRAF_0026.wav,bonafide,hi-en,850754,mucs2021,none,clean,eval
${DATA_ROOT}/interim/rvc_gate/bonafide_source/870582_crdH0AI5aH25bEXe_0024.wav,bonafide,hi-en,870582,mucs2021,none,clean,eval
${DATA_ROOT}/interim/rvc_gate/bonafide_source/876898_RyQSvr4r4iAMTYXq_0023.wav,bonafide,hi-en,876898,mucs2021,none,clean,eval
${DATA_ROOT}/interim/rvc_gate/bonafide_source/893273_8xh3ZKpPy5YhAnKX_0027.wav,bonafide,hi-en,893273,mucs2021,none,clean,eval
${DATA_ROOT}/interim/rvc_gate/bonafide_source/912184_V11NDc0lxudGbWQU_0024.wav,bonafide,hi-en,912184,mucs2021,none,clean,eval
${DATA_ROOT}/interim/rvc_gate/bonafide_source/975912_1eNS3GaW1oHHurL4_0023.wav,bonafide,hi-en,975912,mucs2021,none,clean,eval
${DATA_ROOT}/interim/rvc_gate/bonafide_source/987461_LSRBJiHdUoHm4BTI_0024.wav,bonafide,hi-en,987461,mucs2021,none,clean,eval
${DATA_ROOT}/interim/rvc_gate/bonafide_source/996368_n4ACC4gnqW0IM1wW_0023.wav,bonafide,hi-en,996368,mucs2021,none,clean,eval
${DATA_ROOT}/interim/rvc_gate/bonafide_source/106718_vE1rhq3ojNKZvQNv_0028.wav,bonafide,hi-en,106718,mucs2021,none,clean,eval
${DATA_ROOT}/interim/rvc_gate/bonafide_source/142970_DP5j8CLDeL6HHHSX_0024.wav,bonafide,hi-en,142970,mucs2021,none,clean,eval
${DATA_ROOT}/interim/rvc_gate/bonafide_source/177570_jSNK2zDaIvyZsMZp_0027.wav,bonafide,hi-en,177570,mucs2021,none,clean,eval
${DATA_ROOT}/interim/rvc_gate/bonafide_source/186783_LFpbaXkb8HuQ6DnF_0026.wav,bonafide,hi-en,186783,mucs2021,none,clean,eval
${DATA_ROOT}/interim/rvc_gate/bonafide_source/205240_F4KjmwYhWvnpSE0m_0025.wav,bonafide,hi-en,205240,mucs2021,none,clean,eval
${DATA_ROOT}/interim/rvc_gate/bonafide_source/322882_XTscbPr78nzuHhuu_0027.wav,bonafide,hi-en,322882,mucs2021,none,clean,eval
${DATA_ROOT}/interim/rvc_gate/bonafide_source/413057_aKSsdMqkPfUWyYeS_0024.wav,bonafide,hi-en,413057,mucs2021,none,clean,eval
${DATA_ROOT}/interim/rvc_gate/bonafide_source/445718_H6Z2BkcyVtiuiN7A_0025.wav,bonafide,hi-en,445718,mucs2021,none,clean,eval
${DATA_ROOT}/interim/rvc_gate/bonafide_source/457295_WgzliDtK6Htff0g2_0032.wav,bonafide,hi-en,457295,mucs2021,none,clean,eval
${DATA_ROOT}/interim/rvc_gate/bonafide_source/539226_vZGSoJPH1tbvsyCa_0025.wav,bonafide,hi-en,539226,mucs2021,none,clean,eval
${DATA_ROOT}/interim/rvc_gate/bonafide_source/539354_C3MtnFEDrRkWHSvJ_0025.wav,bonafide,hi-en,539354,mucs2021,none,clean,eval
${DATA_ROOT}/interim/rvc_gate/bonafide_source/541304_cyhxRWI0LoKYZvcw_0026.wav,bonafide,hi-en,541304,mucs2021,none,clean,eval
${DATA_ROOT}/interim/rvc_gate/bonafide_source/584991_1ijxO93RTIJh2Rzv_0025.wav,bonafide,hi-en,584991,mucs2021,none,clean,eval
${DATA_ROOT}/interim/rvc_gate/bonafide_source/634568_jCgweujQVV5haVF1_0027.wav,bonafide,hi-en,634568,mucs2021,none,clean,eval
${DATA_ROOT}/interim/rvc_gate/bonafide_source/705494_fZcxLszRnIHxmVQp_0025.wav,bonafide,hi-en,705494,mucs2021,none,clean,eval
${DATA_ROOT}/interim/rvc_gate/bonafide_source/797767_TRInoJRJxAX3qv5C_0024.wav,bonafide,hi-en,797767,mucs2021,none,clean,eval
${DATA_ROOT}/interim/rvc_gate/bonafide_source/850754_wOTMMvC3WQ5YQRAF_0027.wav,bonafide,hi-en,850754,mucs2021,none,clean,eval
${DATA_ROOT}/interim/rvc_gate/bonafide_source/870582_crdH0AI5aH25bEXe_0025.wav,bonafide,hi-en,870582,mucs2021,none,clean,eval
${DATA_ROOT}/interim/rvc_gate/bonafide_source/876898_RyQSvr4r4iAMTYXq_0024.wav,bonafide,hi-en,876898,mucs2021,none,clean,eval
${DATA_ROOT}/interim/rvc_gate/bonafide_source/893273_8xh3ZKpPy5YhAnKX_0028.wav,bonafide,hi-en,893273,mucs2021,none,clean,eval
${DATA_ROOT}/interim/rvc_gate/bonafide_source/912184_V11NDc0lxudGbWQU_0025.wav,bonafide,hi-en,912184,mucs2021,none,clean,eval
${DATA_ROOT}/interim/rvc_gate/bonafide_source/975912_1eNS3GaW1oHHurL4_0024.wav,bonafide,hi-en,975912,mucs2021,none,clean,eval
${DATA_ROOT}/interim/rvc_gate/bonafide_source/987461_LSRBJiHdUoHm4BTI_0025.wav,bonafide,hi-en,987461,mucs2021,none,clean,eval
${DATA_ROOT}/interim/rvc_gate/bonafide_source/996368_n4ACC4gnqW0IM1wW_0024.wav,bonafide,hi-en,996368,mucs2021,none,clean,eval
${DATA_ROOT}/interim/rvc_gate/bonafide_source/106718_vE1rhq3ojNKZvQNv_0029.wav,bonafide,hi-en,106718,mucs2021,none,clean,eval
${DATA_ROOT}/interim/rvc_gate/bonafide_source/142970_DP5j8CLDeL6HHHSX_0025.wav,bonafide,hi-en,142970,mucs2021,none,clean,eval
${DATA_ROOT}/interim/rvc_gate/bonafide_source/177570_jSNK2zDaIvyZsMZp_0028.wav,bonafide,hi-en,177570,mucs2021,none,clean,eval
${DATA_ROOT}/interim/rvc_gate/bonafide_source/186783_LFpbaXkb8HuQ6DnF_0028.wav,bonafide,hi-en,186783,mucs2021,none,clean,eval
${DATA_ROOT}/interim/rvc_gate/bonafide_source/205240_F4KjmwYhWvnpSE0m_0029.wav,bonafide,hi-en,205240,mucs2021,none,clean,eval
${DATA_ROOT}/interim/rvc_gate/bonafide_source/322882_XTscbPr78nzuHhuu_0028.wav,bonafide,hi-en,322882,mucs2021,none,clean,eval
${DATA_ROOT}/interim/rvc_gate/bonafide_source/413057_aKSsdMqkPfUWyYeS_0025.wav,bonafide,hi-en,413057,mucs2021,none,clean,eval
${DATA_ROOT}/interim/rvc_gate/bonafide_source/445718_H6Z2BkcyVtiuiN7A_0026.wav,bonafide,hi-en,445718,mucs2021,none,clean,eval
${DATA_ROOT}/interim/rvc_gate/bonafide_source/457295_WgzliDtK6Htff0g2_0033.wav,bonafide,hi-en,457295,mucs2021,none,clean,eval
${DATA_ROOT}/interim/rvc_gate/bonafide_source/539226_vZGSoJPH1tbvsyCa_0026.wav,bonafide,hi-en,539226,mucs2021,none,clean,eval
${DATA_ROOT}/interim/rvc_gate/bonafide_source/539354_C3MtnFEDrRkWHSvJ_0026.wav,bonafide,hi-en,539354,mucs2021,none,clean,eval
${DATA_ROOT}/interim/rvc_gate/bonafide_source/541304_cyhxRWI0LoKYZvcw_0027.wav,bonafide,hi-en,541304,mucs2021,none,clean,eval
${DATA_ROOT}/interim/rvc_gate/bonafide_source/584991_1ijxO93RTIJh2Rzv_0026.wav,bonafide,hi-en,584991,mucs2021,none,clean,eval
${DATA_ROOT}/interim/rvc_gate/bonafide_source/634568_jCgweujQVV5haVF1_0028.wav,bonafide,hi-en,634568,mucs2021,none,clean,eval
${DATA_ROOT}/interim/rvc_gate/bonafide_source/705494_fZcxLszRnIHxmVQp_0026.wav,bonafide,hi-en,705494,mucs2021,none,clean,eval
${DATA_ROOT}/interim/rvc_gate/bonafide_source/797767_TRInoJRJxAX3qv5C_0025.wav,bonafide,hi-en,797767,mucs2021,none,clean,eval
${DATA_ROOT}/interim/rvc_gate/bonafide_source/850754_wOTMMvC3WQ5YQRAF_0028.wav,bonafide,hi-en,850754,mucs2021,none,clean,eval
${DATA_ROOT}/interim/rvc_gate/bonafide_source/870582_crdH0AI5aH25bEXe_0026.wav,bonafide,hi-en,870582,mucs2021,none,clean,eval
${DATA_ROOT}/interim/rvc_gate/bonafide_source/876898_RyQSvr4r4iAMTYXq_0025.wav,bonafide,hi-en,876898,mucs2021,none,clean,eval
${DATA_ROOT}/interim/rvc_gate/bonafide_source/893273_8xh3ZKpPy5YhAnKX_0029.wav,bonafide,hi-en,893273,mucs2021,none,clean,eval
${DATA_ROOT}/interim/rvc_gate/bonafide_source/912184_V11NDc0lxudGbWQU_0026.wav,bonafide,hi-en,912184,mucs2021,none,clean,eval
${DATA_ROOT}/interim/rvc_gate/bonafide_source/975912_1eNS3GaW1oHHurL4_0025.wav,bonafide,hi-en,975912,mucs2021,none,clean,eval
${DATA_ROOT}/interim/rvc_gate/bonafide_source/987461_LSRBJiHdUoHm4BTI_0027.wav,bonafide,hi-en,987461,mucs2021,none,clean,eval
${DATA_ROOT}/interim/rvc_gate/bonafide_source/996368_n4ACC4gnqW0IM1wW_0025.wav,bonafide,hi-en,996368,mucs2021,none,clean,eval
${DATA_ROOT}/interim/rvc_gate/bonafide_source/106718_vE1rhq3ojNKZvQNv_0031.wav,bonafide,hi-en,106718,mucs2021,none,clean,eval
${DATA_ROOT}/interim/rvc_gate/bonafide_source/142970_DP5j8CLDeL6HHHSX_0026.wav,bonafide,hi-en,142970,mucs2021,none,clean,eval
${DATA_ROOT}/interim/rvc_gate/bonafide_source/177570_jSNK2zDaIvyZsMZp_0030.wav,bonafide,hi-en,177570,mucs2021,none,clean,eval
${DATA_ROOT}/interim/rvc_gate/bonafide_source/186783_LFpbaXkb8HuQ6DnF_0029.wav,bonafide,hi-en,186783,mucs2021,none,clean,eval
${DATA_ROOT}/interim/rvc_gate/bonafide_source/205240_F4KjmwYhWvnpSE0m_0030.wav,bonafide,hi-en,205240,mucs2021,none,clean,eval
${DATA_ROOT}/interim/rvc_gate/bonafide_source/106718_vE1rhq3ojNKZvQNv_0033.wav,bonafide,hi-en,106718,mucs2021,none,clean,eval
${DATA_ROOT}/interim/rvc_gate/bonafide_source/142970_DP5j8CLDeL6HHHSX_0028.wav,bonafide,hi-en,142970,mucs2021,none,clean,eval
${DATA_ROOT}/interim/rvc_gate/bonafide_source/177570_jSNK2zDaIvyZsMZp_0033.wav,bonafide,hi-en,177570,mucs2021,none,clean,eval
${DATA_ROOT}/interim/rvc_gate/bonafide_source/186783_LFpbaXkb8HuQ6DnF_0031.wav,bonafide,hi-en,186783,mucs2021,none,clean,eval
${DATA_ROOT}/interim/rvc_gate/bonafide_source/205240_F4KjmwYhWvnpSE0m_0032.wav,bonafide,hi-en,205240,mucs2021,none,clean,eval
${DATA_ROOT}/interim/rvc_gate/bonafide_source/413057_aKSsdMqkPfUWyYeS_0028.wav,bonafide,hi-en,413057,mucs2021,none,clean,eval
${DATA_ROOT}/interim/rvc_gate/bonafide_source/445718_H6Z2BkcyVtiuiN7A_0030.wav,bonafide,hi-en,445718,mucs2021,none,clean,eval
${DATA_ROOT}/interim/rvc_gate/bonafide_source/457295_WgzliDtK6Htff0g2_0037.wav,bonafide,hi-en,457295,mucs2021,none,clean,eval
${DATA_ROOT}/interim/rvc_gate/bonafide_source/539226_vZGSoJPH1tbvsyCa_0029.wav,bonafide,hi-en,539226,mucs2021,none,clean,eval
${DATA_ROOT}/interim/rvc_gate/bonafide_source/539354_C3MtnFEDrRkWHSvJ_0029.wav,bonafide,hi-en,539354,mucs2021,none,clean,eval
${DATA_ROOT}/interim/rvc_gate/bonafide_source/541304_cyhxRWI0LoKYZvcw_0030.wav,bonafide,hi-en,541304,mucs2021,none,clean,eval
${DATA_ROOT}/interim/rvc_gate/bonafide_source/584991_1ijxO93RTIJh2Rzv_0029.wav,bonafide,hi-en,584991,mucs2021,none,clean,eval
${DATA_ROOT}/interim/rvc_gate/bonafide_source/634568_jCgweujQVV5haVF1_0031.wav,bonafide,hi-en,634568,mucs2021,none,clean,eval
${DATA_ROOT}/interim/rvc_gate/bonafide_source/705494_fZcxLszRnIHxmVQp_0029.wav,bonafide,hi-en,705494,mucs2021,none,clean,eval
${DATA_ROOT}/interim/rvc_gate/bonafide_source/797767_TRInoJRJxAX3qv5C_0028.wav,bonafide,hi-en,797767,mucs2021,none,clean,eval
${DATA_ROOT}/interim/rvc_gate/bonafide_source/850754_wOTMMvC3WQ5YQRAF_0031.wav,bonafide,hi-en,850754,mucs2021,none,clean,eval
${DATA_ROOT}/interim/rvc_gate/bonafide_source/870582_crdH0AI5aH25bEXe_0030.wav,bonafide,hi-en,870582,mucs2021,none,clean,eval
${DATA_ROOT}/interim/rvc_gate/bonafide_source/876898_RyQSvr4r4iAMTYXq_0028.wav,bonafide,hi-en,876898,mucs2021,none,clean,eval
${DATA_ROOT}/interim/rvc_gate/bonafide_source/893273_8xh3ZKpPy5YhAnKX_0032.wav,bonafide,hi-en,893273,mucs2021,none,clean,eval
${DATA_ROOT}/interim/rvc_gate/bonafide_source/903756_K3X6AGezGWAoDe1q_0032.wav,bonafide,hi-en,903756,mucs2021,none,clean,eval
${DATA_ROOT}/interim/rvc_gate/bonafide_source/912184_V11NDc0lxudGbWQU_0029.wav,bonafide,hi-en,912184,mucs2021,none,clean,eval
${DATA_ROOT}/interim/rvc_gate/bonafide_source/975912_1eNS3GaW1oHHurL4_0028.wav,bonafide,hi-en,975912,mucs2021,none,clean,eval
${DATA_ROOT}/interim/rvc_gate/bonafide_source/987461_LSRBJiHdUoHm4BTI_0030.wav,bonafide,hi-en,987461,mucs2021,none,clean,eval
${DATA_ROOT}/interim/rvc_gate/bonafide_source/996368_n4ACC4gnqW0IM1wW_0028.wav,bonafide,hi-en,996368,mucs2021,none,clean,eval
${DATA_ROOT}/interim/rvc_gate/bonafide_source/106718_vE1rhq3ojNKZvQNv_0034.wav,bonafide,hi-en,106718,mucs2021,none,clean,eval
${DATA_ROOT}/interim/rvc_gate/bonafide_source/142970_DP5j8CLDeL6HHHSX_0029.wav,bonafide,hi-en,142970,mucs2021,none,clean,eval
${DATA_ROOT}/interim/rvc_gate/bonafide_source/177570_jSNK2zDaIvyZsMZp_0034.wav,bonafide,hi-en,177570,mucs2021,none,clean,eval
${DATA_ROOT}/interim/rvc_gate/bonafide_source/186783_LFpbaXkb8HuQ6DnF_0032.wav,bonafide,hi-en,186783,mucs2021,none,clean,eval
${DATA_ROOT}/interim/rvc_gate/bonafide_source/205240_F4KjmwYhWvnpSE0m_0033.wav,bonafide,hi-en,205240,mucs2021,none,clean,eval
${DATA_ROOT}/interim/rvc_gate/bonafide_source/413057_aKSsdMqkPfUWyYeS_0029.wav,bonafide,hi-en,413057,mucs2021,none,clean,eval
${DATA_ROOT}/interim/rvc_gate/bonafide_source/445718_H6Z2BkcyVtiuiN7A_0031.wav,bonafide,hi-en,445718,mucs2021,none,clean,eval
${DATA_ROOT}/interim/rvc_gate/bonafide_source/457295_WgzliDtK6Htff0g2_0038.wav,bonafide,hi-en,457295,mucs2021,none,clean,eval
${DATA_ROOT}/interim/rvc_gate/bonafide_source/539226_vZGSoJPH1tbvsyCa_0030.wav,bonafide,hi-en,539226,mucs2021,none,clean,eval
${DATA_ROOT}/interim/rvc_gate/bonafide_source/539354_C3MtnFEDrRkWHSvJ_0030.wav,bonafide,hi-en,539354,mucs2021,none,clean,eval
${DATA_ROOT}/interim/rvc_gate/bonafide_source/541304_cyhxRWI0LoKYZvcw_0031.wav,bonafide,hi-en,541304,mucs2021,none,clean,eval
${DATA_ROOT}/interim/rvc_gate/bonafide_source/584991_1ijxO93RTIJh2Rzv_0030.wav,bonafide,hi-en,584991,mucs2021,none,clean,eval
${DATA_ROOT}/interim/rvc_gate/bonafide_source/634568_jCgweujQVV5haVF1_0032.wav,bonafide,hi-en,634568,mucs2021,none,clean,eval
${DATA_ROOT}/interim/rvc_gate/bonafide_source/705494_fZcxLszRnIHxmVQp_0030.wav,bonafide,hi-en,705494,mucs2021,none,clean,eval
${DATA_ROOT}/interim/rvc_gate/bonafide_source/797767_TRInoJRJxAX3qv5C_0029.wav,bonafide,hi-en,797767,mucs2021,none,clean,eval
${DATA_ROOT}/interim/rvc_gate/bonafide_source/850754_wOTMMvC3WQ5YQRAF_0032.wav,bonafide,hi-en,850754,mucs2021,none,clean,eval
${DATA_ROOT}/interim/rvc_gate/bonafide_source/870582_crdH0AI5aH25bEXe_0033.wav,bonafide,hi-en,870582,mucs2021,none,clean,eval
${DATA_ROOT}/interim/rvc_gate/bonafide_source/876898_RyQSvr4r4iAMTYXq_0029.wav,bonafide,hi-en,876898,mucs2021,none,clean,eval
${DATA_ROOT}/interim/rvc_gate/bonafide_source/893273_8xh3ZKpPy5YhAnKX_0033.wav,bonafide,hi-en,893273,mucs2021,none,clean,eval
${DATA_ROOT}/interim/rvc_gate/bonafide_source/903756_K3X6AGezGWAoDe1q_0034.wav,bonafide,hi-en,903756,mucs2021,none,clean,eval
${DATA_ROOT}/interim/rvc_gate/bonafide_source/912184_V11NDc0lxudGbWQU_0030.wav,bonafide,hi-en,912184,mucs2021,none,clean,eval
${DATA_ROOT}/interim/rvc_gate/bonafide_source/975912_1eNS3GaW1oHHurL4_0029.wav,bonafide,hi-en,975912,mucs2021,none,clean,eval
${DATA_ROOT}/interim/rvc_gate/bonafide_source/987461_LSRBJiHdUoHm4BTI_0032.wav,bonafide,hi-en,987461,mucs2021,none,clean,eval
${DATA_ROOT}/interim/rvc_gate/bonafide_source/996368_n4ACC4gnqW0IM1wW_0029.wav,bonafide,hi-en,996368,mucs2021,none,clean,eval
${DATA_ROOT}/interim/rvc_gate/bonafide_source/106718_vE1rhq3ojNKZvQNv_0036.wav,bonafide,hi-en,106718,mucs2021,none,clean,eval
${DATA_ROOT}/interim/rvc_gate/bonafide_source/142970_DP5j8CLDeL6HHHSX_0030.wav,bonafide,hi-en,142970,mucs2021,none,clean,eval
${DATA_ROOT}/interim/rvc_gate/bonafide_source/177570_jSNK2zDaIvyZsMZp_0035.wav,bonafide,hi-en,177570,mucs2021,none,clean,eval
${DATA_ROOT}/interim/rvc_gate/bonafide_source/186783_LFpbaXkb8HuQ6DnF_0033.wav,bonafide,hi-en,186783,mucs2021,none,clean,eval
${DATA_ROOT}/interim/rvc_gate/bonafide_source/205240_F4KjmwYhWvnpSE0m_0034.wav,bonafide,hi-en,205240,mucs2021,none,clean,eval
${DATA_ROOT}/interim/rvc_gate/bonafide_source/413057_aKSsdMqkPfUWyYeS_0030.wav,bonafide,hi-en,413057,mucs2021,none,clean,eval
${DATA_ROOT}/interim/rvc_gate/bonafide_source/445718_H6Z2BkcyVtiuiN7A_0032.wav,bonafide,hi-en,445718,mucs2021,none,clean,eval
${DATA_ROOT}/interim/rvc_gate/bonafide_source/457295_WgzliDtK6Htff0g2_0039.wav,bonafide,hi-en,457295,mucs2021,none,clean,eval
${DATA_ROOT}/interim/rvc_gate/bonafide_source/539226_vZGSoJPH1tbvsyCa_0031.wav,bonafide,hi-en,539226,mucs2021,none,clean,eval
${DATA_ROOT}/interim/rvc_gate/bonafide_source/539354_C3MtnFEDrRkWHSvJ_0031.wav,bonafide,hi-en,539354,mucs2021,none,clean,eval
${DATA_ROOT}/interim/rvc_gate/bonafide_source/541304_cyhxRWI0LoKYZvcw_0032.wav,bonafide,hi-en,541304,mucs2021,none,clean,eval
${DATA_ROOT}/interim/rvc_gate/bonafide_source/584991_1ijxO93RTIJh2Rzv_0031.wav,bonafide,hi-en,584991,mucs2021,none,clean,eval
${DATA_ROOT}/interim/rvc_gate/bonafide_source/634568_jCgweujQVV5haVF1_0033.wav,bonafide,hi-en,634568,mucs2021,none,clean,eval
${DATA_ROOT}/interim/rvc_gate/bonafide_source/705494_fZcxLszRnIHxmVQp_0031.wav,bonafide,hi-en,705494,mucs2021,none,clean,eval
${DATA_ROOT}/interim/rvc_gate/bonafide_source/797767_TRInoJRJxAX3qv5C_0030.wav,bonafide,hi-en,797767,mucs2021,none,clean,eval
${DATA_ROOT}/interim/rvc_gate/bonafide_source/850754_wOTMMvC3WQ5YQRAF_0033.wav,bonafide,hi-en,850754,mucs2021,none,clean,eval
${DATA_ROOT}/interim/rvc_gate/bonafide_source/870582_crdH0AI5aH25bEXe_0034.wav,bonafide,hi-en,870582,mucs2021,none,clean,eval
${DATA_ROOT}/interim/rvc_gate/bonafide_source/876898_RyQSvr4r4iAMTYXq_0030.wav,bonafide,hi-en,876898,mucs2021,none,clean,eval
${DATA_ROOT}/interim/rvc_gate/bonafide_source/893273_8xh3ZKpPy5YhAnKX_0035.wav,bonafide,hi-en,893273,mucs2021,none,clean,eval
${DATA_ROOT}/interim/rvc_gate/bonafide_source/903756_K3X6AGezGWAoDe1q_0035.wav,bonafide,hi-en,903756,mucs2021,none,clean,eval
${DATA_ROOT}/interim/rvc_gate/bonafide_source/912184_V11NDc0lxudGbWQU_0031.wav,bonafide,hi-en,912184,mucs2021,none,clean,eval
${DATA_ROOT}/interim/rvc_gate/bonafide_source/975912_1eNS3GaW1oHHurL4_0031.wav,bonafide,hi-en,975912,mucs2021,none,clean,eval
${DATA_ROOT}/interim/rvc_gate/bonafide_source/987461_LSRBJiHdUoHm4BTI_0033.wav,bonafide,hi-en,987461,mucs2021,none,clean,eval
${DATA_ROOT}/interim/rvc_gate/bonafide_source/996368_n4ACC4gnqW0IM1wW_0030.wav,bonafide,hi-en,996368,mucs2021,none,clean,eval
${DATA_ROOT}/interim/rvc_gate/bonafide_source/106718_vE1rhq3ojNKZvQNv_0037.wav,bonafide,hi-en,106718,mucs2021,none,clean,eval
${DATA_ROOT}/interim/rvc_gate/bonafide_source/142970_DP5j8CLDeL6HHHSX_0031.wav,bonafide,hi-en,142970,mucs2021,none,clean,eval
${DATA_ROOT}/interim/rvc_gate/bonafide_source/177570_jSNK2zDaIvyZsMZp_0036.wav,bonafide,hi-en,177570,mucs2021,none,clean,eval
${DATA_ROOT}/interim/rvc_gate/bonafide_source/186783_LFpbaXkb8HuQ6DnF_0034.wav,bonafide,hi-en,186783,mucs2021,none,clean,eval
${DATA_ROOT}/interim/rvc_gate/bonafide_source/205240_F4KjmwYhWvnpSE0m_0035.wav,bonafide,hi-en,205240,mucs2021,none,clean,eval
${DATA_ROOT}/interim/rvc_gate/bonafide_source/413057_aKSsdMqkPfUWyYeS_0031.wav,bonafide,hi-en,413057,mucs2021,none,clean,eval
${DATA_ROOT}/interim/rvc_gate/bonafide_source/445718_H6Z2BkcyVtiuiN7A_0033.wav,bonafide,hi-en,445718,mucs2021,none,clean,eval
${DATA_ROOT}/interim/rvc_gate/bonafide_source/457295_WgzliDtK6Htff0g2_0040.wav,bonafide,hi-en,457295,mucs2021,none,clean,eval
${DATA_ROOT}/interim/rvc_gate/bonafide_source/539226_vZGSoJPH1tbvsyCa_0033.wav,bonafide,hi-en,539226,mucs2021,none,clean,eval
${DATA_ROOT}/interim/rvc_gate/bonafide_source/539354_C3MtnFEDrRkWHSvJ_0032.wav,bonafide,hi-en,539354,mucs2021,none,clean,eval
${DATA_ROOT}/interim/rvc_gate/bonafide_source/541304_cyhxRWI0LoKYZvcw_0033.wav,bonafide,hi-en,541304,mucs2021,none,clean,eval
${DATA_ROOT}/interim/rvc_gate/bonafide_source/584991_1ijxO93RTIJh2Rzv_0032.wav,bonafide,hi-en,584991,mucs2021,none,clean,eval
${DATA_ROOT}/interim/rvc_gate/bonafide_source/634568_jCgweujQVV5haVF1_0034.wav,bonafide,hi-en,634568,mucs2021,none,clean,eval
${DATA_ROOT}/interim/rvc_gate/bonafide_source/705494_fZcxLszRnIHxmVQp_0032.wav,bonafide,hi-en,705494,mucs2021,none,clean,eval
${DATA_ROOT}/interim/rvc_gate/bonafide_source/797767_TRInoJRJxAX3qv5C_0031.wav,bonafide,hi-en,797767,mucs2021,none,clean,eval
${DATA_ROOT}/interim/rvc_gate/bonafide_source/850754_wOTMMvC3WQ5YQRAF_0034.wav,bonafide,hi-en,850754,mucs2021,none,clean,eval
${DATA_ROOT}/interim/rvc_gate/bonafide_source/870582_crdH0AI5aH25bEXe_0035.wav,bonafide,hi-en,870582,mucs2021,none,clean,eval
${DATA_ROOT}/interim/rvc_gate/bonafide_source/876898_RyQSvr4r4iAMTYXq_0032.wav,bonafide,hi-en,876898,mucs2021,none,clean,eval
${DATA_ROOT}/interim/rvc_gate/bonafide_source/893273_8xh3ZKpPy5YhAnKX_0036.wav,bonafide,hi-en,893273,mucs2021,none,clean,eval
${DATA_ROOT}/interim/rvc_gate/bonafide_source/903756_K3X6AGezGWAoDe1q_0036.wav,bonafide,hi-en,903756,mucs2021,none,clean,eval
${DATA_ROOT}/interim/rvc_gate/bonafide_source/912184_V11NDc0lxudGbWQU_0032.wav,bonafide,hi-en,912184,mucs2021,none,clean,eval
${DATA_ROOT}/interim/rvc_gate/bonafide_source/975912_1eNS3GaW1oHHurL4_0032.wav,bonafide,hi-en,975912,mucs2021,none,clean,eval
${DATA_ROOT}/interim/rvc_gate/bonafide_source/987461_LSRBJiHdUoHm4BTI_0034.wav,bonafide,hi-en,987461,mucs2021,none,clean,eval
${DATA_ROOT}/interim/rvc_gate/bonafide_source/996368_n4ACC4gnqW0IM1wW_0031.wav,bonafide,hi-en,996368,mucs2021,none,clean,eval
${DATA_ROOT}/interim/rvc_gate/bonafide_source/106718_vE1rhq3ojNKZvQNv_0038.wav,bonafide,hi-en,106718,mucs2021,none,clean,eval
${DATA_ROOT}/interim/rvc_gate/bonafide_source/142970_DP5j8CLDeL6HHHSX_0032.wav,bonafide,hi-en,142970,mucs2021,none,clean,eval
${DATA_ROOT}/interim/rvc_gate/bonafide_source/177570_jSNK2zDaIvyZsMZp_0038.wav,bonafide,hi-en,177570,mucs2021,none,clean,eval
${DATA_ROOT}/interim/rvc_gate/bonafide_source/186783_LFpbaXkb8HuQ6DnF_0035.wav,bonafide,hi-en,186783,mucs2021,none,clean,eval
${DATA_ROOT}/interim/rvc_gate/bonafide_source/205240_F4KjmwYhWvnpSE0m_0036.wav,bonafide,hi-en,205240,mucs2021,none,clean,eval
${DATA_ROOT}/interim/rvc_gate/bonafide_source/413057_aKSsdMqkPfUWyYeS_0032.wav,bonafide,hi-en,413057,mucs2021,none,clean,eval
${DATA_ROOT}/interim/rvc_gate/bonafide_source/445718_H6Z2BkcyVtiuiN7A_0034.wav,bonafide,hi-en,445718,mucs2021,none,clean,eval
${DATA_ROOT}/interim/rvc_gate/bonafide_source/457295_WgzliDtK6Htff0g2_0041.wav,bonafide,hi-en,457295,mucs2021,none,clean,eval
${DATA_ROOT}/interim/rvc_gate/bonafide_source/539226_vZGSoJPH1tbvsyCa_0034.wav,bonafide,hi-en,539226,mucs2021,none,clean,eval
${DATA_ROOT}/interim/rvc_gate/bonafide_source/539354_C3MtnFEDrRkWHSvJ_0033.wav,bonafide,hi-en,539354,mucs2021,none,clean,eval
${DATA_ROOT}/interim/rvc_gate/bonafide_source/541304_cyhxRWI0LoKYZvcw_0034.wav,bonafide,hi-en,541304,mucs2021,none,clean,eval
${DATA_ROOT}/interim/rvc_gate/bonafide_source/584991_1ijxO93RTIJh2Rzv_0033.wav,bonafide,hi-en,584991,mucs2021,none,clean,eval
${DATA_ROOT}/interim/rvc_gate/bonafide_source/634568_jCgweujQVV5haVF1_0035.wav,bonafide,hi-en,634568,mucs2021,none,clean,eval
${DATA_ROOT}/interim/rvc_gate/bonafide_source/705494_fZcxLszRnIHxmVQp_0033.wav,bonafide,hi-en,705494,mucs2021,none,clean,eval
${DATA_ROOT}/interim/rvc_gate/bonafide_source/797767_TRInoJRJxAX3qv5C_0032.wav,bonafide,hi-en,797767,mucs2021,none,clean,eval
${DATA_ROOT}/interim/rvc_gate/bonafide_source/850754_wOTMMvC3WQ5YQRAF_0035.wav,bonafide,hi-en,850754,mucs2021,none,clean,eval
${DATA_ROOT}/interim/rvc_gate/bonafide_source/870582_crdH0AI5aH25bEXe_0036.wav,bonafide,hi-en,870582,mucs2021,none,clean,eval
${DATA_ROOT}/interim/rvc_gate/bonafide_source/876898_RyQSvr4r4iAMTYXq_0033.wav,bonafide,hi-en,876898,mucs2021,none,clean,eval
${DATA_ROOT}/interim/rvc_gate/bonafide_source/893273_8xh3ZKpPy5YhAnKX_0037.wav,bonafide,hi-en,893273,mucs2021,none,clean,eval
${DATA_ROOT}/interim/rvc_gate/bonafide_source/903756_K3X6AGezGWAoDe1q_0037.wav,bonafide,hi-en,903756,mucs2021,none,clean,eval
${DATA_ROOT}/interim/rvc_gate/bonafide_source/912184_V11NDc0lxudGbWQU_0033.wav,bonafide,hi-en,912184,mucs2021,none,clean,eval
${DATA_ROOT}/interim/rvc_gate/bonafide_source/975912_1eNS3GaW1oHHurL4_0033.wav,bonafide,hi-en,975912,mucs2021,none,clean,eval
${DATA_ROOT}/interim/rvc_gate/bonafide_source/987461_LSRBJiHdUoHm4BTI_0035.wav,bonafide,hi-en,987461,mucs2021,none,clean,eval
${DATA_ROOT}/interim/rvc_gate/bonafide_source/996368_n4ACC4gnqW0IM1wW_0032.wav,bonafide,hi-en,996368,mucs2021,none,clean,eval
${DATA_ROOT}/interim/rvc_gate/bonafide_source/106718_vE1rhq3ojNKZvQNv_0039.wav,bonafide,hi-en,106718,mucs2021,none,clean,eval
${DATA_ROOT}/interim/rvc_gate/bonafide_source/142970_DP5j8CLDeL6HHHSX_0033.wav,bonafide,hi-en,142970,mucs2021,none,clean,eval
${DATA_ROOT}/interim/rvc_gate/bonafide_source/177570_jSNK2zDaIvyZsMZp_0039.wav,bonafide,hi-en,177570,mucs2021,none,clean,eval
${DATA_ROOT}/interim/rvc_gate/bonafide_source/186783_LFpbaXkb8HuQ6DnF_0036.wav,bonafide,hi-en,186783,mucs2021,none,clean,eval
${DATA_ROOT}/interim/rvc_gate/bonafide_source/205240_F4KjmwYhWvnpSE0m_0037.wav,bonafide,hi-en,205240,mucs2021,none,clean,eval
${DATA_ROOT}/interim/rvc_gate/bonafide_source/106718_vE1rhq3ojNKZvQNv_0041.wav,bonafide,hi-en,106718,mucs2021,none,clean,eval
${DATA_ROOT}/interim/rvc_gate/bonafide_source/142970_DP5j8CLDeL6HHHSX_0035.wav,bonafide,hi-en,142970,mucs2021,none,clean,eval
${DATA_ROOT}/interim/rvc_gate/bonafide_source/177570_jSNK2zDaIvyZsMZp_0041.wav,bonafide,hi-en,177570,mucs2021,none,clean,eval
${DATA_ROOT}/interim/rvc_gate/bonafide_source/186783_LFpbaXkb8HuQ6DnF_0038.wav,bonafide,hi-en,186783,mucs2021,none,clean,eval
${DATA_ROOT}/interim/rvc_gate/bonafide_source/205240_F4KjmwYhWvnpSE0m_0039.wav,bonafide,hi-en,205240,mucs2021,none,clean,eval
${DATA_ROOT}/interim/rvc_gate/bonafide_source/322882_XTscbPr78nzuHhuu_0038.wav,bonafide,hi-en,322882,mucs2021,none,clean,eval
${DATA_ROOT}/interim/rvc_gate/bonafide_source/413057_aKSsdMqkPfUWyYeS_0035.wav,bonafide,hi-en,413057,mucs2021,none,clean,eval
${DATA_ROOT}/interim/rvc_gate/bonafide_source/445718_H6Z2BkcyVtiuiN7A_0037.wav,bonafide,hi-en,445718,mucs2021,none,clean,eval
${DATA_ROOT}/interim/rvc_gate/bonafide_source/457295_WgzliDtK6Htff0g2_0044.wav,bonafide,hi-en,457295,mucs2021,none,clean,eval
${DATA_ROOT}/interim/rvc_gate/bonafide_source/539226_vZGSoJPH1tbvsyCa_0037.wav,bonafide,hi-en,539226,mucs2021,none,clean,eval
${DATA_ROOT}/interim/rvc_gate/bonafide_source/539354_C3MtnFEDrRkWHSvJ_0036.wav,bonafide,hi-en,539354,mucs2021,none,clean,eval
${DATA_ROOT}/interim/rvc_gate/bonafide_source/541304_cyhxRWI0LoKYZvcw_0037.wav,bonafide,hi-en,541304,mucs2021,none,clean,eval
${DATA_ROOT}/interim/rvc_gate/bonafide_source/584991_1ijxO93RTIJh2Rzv_0036.wav,bonafide,hi-en,584991,mucs2021,none,clean,eval
${DATA_ROOT}/interim/rvc_gate/bonafide_source/634568_jCgweujQVV5haVF1_0038.wav,bonafide,hi-en,634568,mucs2021,none,clean,eval
${DATA_ROOT}/interim/rvc_gate/bonafide_source/705494_fZcxLszRnIHxmVQp_0036.wav,bonafide,hi-en,705494,mucs2021,none,clean,eval
${DATA_ROOT}/interim/rvc_gate/bonafide_source/797767_TRInoJRJxAX3qv5C_0035.wav,bonafide,hi-en,797767,mucs2021,none,clean,eval
${DATA_ROOT}/interim/rvc_gate/bonafide_source/850754_wOTMMvC3WQ5YQRAF_0038.wav,bonafide,hi-en,850754,mucs2021,none,clean,eval
${DATA_ROOT}/interim/rvc_gate/bonafide_source/870582_crdH0AI5aH25bEXe_0040.wav,bonafide,hi-en,870582,mucs2021,none,clean,eval
${DATA_ROOT}/interim/rvc_gate/bonafide_source/876898_RyQSvr4r4iAMTYXq_0036.wav,bonafide,hi-en,876898,mucs2021,none,clean,eval
${DATA_ROOT}/interim/rvc_gate/bonafide_source/893273_8xh3ZKpPy5YhAnKX_0040.wav,bonafide,hi-en,893273,mucs2021,none,clean,eval
${DATA_ROOT}/interim/rvc_gate/bonafide_source/903756_K3X6AGezGWAoDe1q_0040.wav,bonafide,hi-en,903756,mucs2021,none,clean,eval
${DATA_ROOT}/interim/rvc_gate/bonafide_source/912184_V11NDc0lxudGbWQU_0037.wav,bonafide,hi-en,912184,mucs2021,none,clean,eval
${DATA_ROOT}/interim/rvc_gate/bonafide_source/975912_1eNS3GaW1oHHurL4_0036.wav,bonafide,hi-en,975912,mucs2021,none,clean,eval
${DATA_ROOT}/interim/rvc_gate/bonafide_source/987461_LSRBJiHdUoHm4BTI_0039.wav,bonafide,hi-en,987461,mucs2021,none,clean,eval
${DATA_ROOT}/interim/rvc_gate/bonafide_source/106718_vE1rhq3ojNKZvQNv_0042.wav,bonafide,hi-en,106718,mucs2021,none,clean,eval
${DATA_ROOT}/interim/rvc_gate/bonafide_source/142970_DP5j8CLDeL6HHHSX_0036.wav,bonafide,hi-en,142970,mucs2021,none,clean,eval
${DATA_ROOT}/interim/rvc_gate/bonafide_source/177570_jSNK2zDaIvyZsMZp_0042.wav,bonafide,hi-en,177570,mucs2021,none,clean,eval
${DATA_ROOT}/interim/rvc_gate/bonafide_source/186783_LFpbaXkb8HuQ6DnF_0039.wav,bonafide,hi-en,186783,mucs2021,none,clean,eval
${DATA_ROOT}/interim/rvc_gate/bonafide_source/205240_F4KjmwYhWvnpSE0m_0040.wav,bonafide,hi-en,205240,mucs2021,none,clean,eval
${DATA_ROOT}/interim/rvc_gate/bonafide_source/322882_XTscbPr78nzuHhuu_0039.wav,bonafide,hi-en,322882,mucs2021,none,clean,eval
${DATA_ROOT}/interim/rvc_gate/bonafide_source/413057_aKSsdMqkPfUWyYeS_0036.wav,bonafide,hi-en,413057,mucs2021,none,clean,eval
${DATA_ROOT}/interim/rvc_gate/bonafide_source/445718_H6Z2BkcyVtiuiN7A_0038.wav,bonafide,hi-en,445718,mucs2021,none,clean,eval
${DATA_ROOT}/interim/rvc_gate/bonafide_source/457295_WgzliDtK6Htff0g2_0045.wav,bonafide,hi-en,457295,mucs2021,none,clean,eval
${DATA_ROOT}/interim/rvc_gate/bonafide_source/539226_vZGSoJPH1tbvsyCa_0038.wav,bonafide,hi-en,539226,mucs2021,none,clean,eval
${DATA_ROOT}/interim/rvc_gate/bonafide_source/539354_C3MtnFEDrRkWHSvJ_0037.wav,bonafide,hi-en,539354,mucs2021,none,clean,eval
${DATA_ROOT}/interim/rvc_gate/bonafide_source/541304_cyhxRWI0LoKYZvcw_0038.wav,bonafide,hi-en,541304,mucs2021,none,clean,eval
${DATA_ROOT}/interim/rvc_gate/bonafide_source/584991_1ijxO93RTIJh2Rzv_0037.wav,bonafide,hi-en,584991,mucs2021,none,clean,eval
${DATA_ROOT}/interim/rvc_gate/bonafide_source/634568_jCgweujQVV5haVF1_0039.wav,bonafide,hi-en,634568,mucs2021,none,clean,eval
${DATA_ROOT}/interim/rvc_gate/bonafide_source/705494_fZcxLszRnIHxmVQp_0037.wav,bonafide,hi-en,705494,mucs2021,none,clean,eval
${DATA_ROOT}/interim/rvc_gate/bonafide_source/797767_TRInoJRJxAX3qv5C_0036.wav,bonafide,hi-en,797767,mucs2021,none,clean,eval
${DATA_ROOT}/interim/rvc_gate/bonafide_source/850754_wOTMMvC3WQ5YQRAF_0039.wav,bonafide,hi-en,850754,mucs2021,none,clean,eval
${DATA_ROOT}/interim/rvc_gate/bonafide_source/870582_crdH0AI5aH25bEXe_0041.wav,bonafide,hi-en,870582,mucs2021,none,clean,eval
${DATA_ROOT}/interim/rvc_gate/bonafide_source/876898_RyQSvr4r4iAMTYXq_0037.wav,bonafide,hi-en,876898,mucs2021,none,clean,eval
${DATA_ROOT}/interim/rvc_gate/bonafide_source/893273_8xh3ZKpPy5YhAnKX_0041.wav,bonafide,hi-en,893273,mucs2021,none,clean,eval
${DATA_ROOT}/interim/rvc_gate/bonafide_source/903756_K3X6AGezGWAoDe1q_0041.wav,bonafide,hi-en,903756,mucs2021,none,clean,eval
${DATA_ROOT}/interim/rvc_gate/bonafide_source/912184_V11NDc0lxudGbWQU_0038.wav,bonafide,hi-en,912184,mucs2021,none,clean,eval
${DATA_ROOT}/interim/rvc_gate/bonafide_source/975912_1eNS3GaW1oHHurL4_0037.wav,bonafide,hi-en,975912,mucs2021,none,clean,eval
${DATA_ROOT}/interim/rvc_gate/bonafide_source/987461_LSRBJiHdUoHm4BTI_0040.wav,bonafide,hi-en,987461,mucs2021,none,clean,eval
${DATA_ROOT}/interim/rvc_gate/bonafide_source/106718_vE1rhq3ojNKZvQNv_0043.wav,bonafide,hi-en,106718,mucs2021,none,clean,eval
${DATA_ROOT}/interim/rvc_gate/bonafide_source/142970_DP5j8CLDeL6HHHSX_0037.wav,bonafide,hi-en,142970,mucs2021,none,clean,eval
${DATA_ROOT}/interim/rvc_gate/bonafide_source/177570_jSNK2zDaIvyZsMZp_0043.wav,bonafide,hi-en,177570,mucs2021,none,clean,eval
${DATA_ROOT}/interim/rvc_gate/bonafide_source/186783_LFpbaXkb8HuQ6DnF_0041.wav,bonafide,hi-en,186783,mucs2021,none,clean,eval
${DATA_ROOT}/interim/rvc_gate/bonafide_source/205240_F4KjmwYhWvnpSE0m_0041.wav,bonafide,hi-en,205240,mucs2021,none,clean,eval
${DATA_ROOT}/interim/rvc_gate/bonafide_source/322882_XTscbPr78nzuHhuu_0040.wav,bonafide,hi-en,322882,mucs2021,none,clean,eval
${DATA_ROOT}/interim/rvc_gate/bonafide_source/413057_aKSsdMqkPfUWyYeS_0037.wav,bonafide,hi-en,413057,mucs2021,none,clean,eval
${DATA_ROOT}/interim/rvc_gate/bonafide_source/445718_H6Z2BkcyVtiuiN7A_0039.wav,bonafide,hi-en,445718,mucs2021,none,clean,eval
${DATA_ROOT}/interim/rvc_gate/bonafide_source/457295_WgzliDtK6Htff0g2_0046.wav,bonafide,hi-en,457295,mucs2021,none,clean,eval
${DATA_ROOT}/interim/rvc_gate/bonafide_source/539226_vZGSoJPH1tbvsyCa_0039.wav,bonafide,hi-en,539226,mucs2021,none,clean,eval
${DATA_ROOT}/interim/rvc_gate/bonafide_source/539354_C3MtnFEDrRkWHSvJ_0038.wav,bonafide,hi-en,539354,mucs2021,none,clean,eval
${DATA_ROOT}/interim/rvc_gate/bonafide_source/541304_cyhxRWI0LoKYZvcw_0039.wav,bonafide,hi-en,541304,mucs2021,none,clean,eval
${DATA_ROOT}/interim/rvc_gate/bonafide_source/584991_1ijxO93RTIJh2Rzv_0038.wav,bonafide,hi-en,584991,mucs2021,none,clean,eval
${DATA_ROOT}/interim/rvc_gate/bonafide_source/634568_jCgweujQVV5haVF1_0041.wav,bonafide,hi-en,634568,mucs2021,none,clean,eval
${DATA_ROOT}/interim/rvc_gate/bonafide_source/705494_fZcxLszRnIHxmVQp_0038.wav,bonafide,hi-en,705494,mucs2021,none,clean,eval
${DATA_ROOT}/interim/rvc_gate/bonafide_source/797767_TRInoJRJxAX3qv5C_0037.wav,bonafide,hi-en,797767,mucs2021,none,clean,eval
${DATA_ROOT}/interim/rvc_gate/bonafide_source/850754_wOTMMvC3WQ5YQRAF_0040.wav,bonafide,hi-en,850754,mucs2021,none,clean,eval
${DATA_ROOT}/interim/rvc_gate/bonafide_source/870582_crdH0AI5aH25bEXe_0042.wav,bonafide,hi-en,870582,mucs2021,none,clean,eval
${DATA_ROOT}/interim/rvc_gate/bonafide_source/876898_RyQSvr4r4iAMTYXq_0038.wav,bonafide,hi-en,876898,mucs2021,none,clean,eval
${DATA_ROOT}/interim/rvc_gate/bonafide_source/893273_8xh3ZKpPy5YhAnKX_0042.wav,bonafide,hi-en,893273,mucs2021,none,clean,eval
${DATA_ROOT}/interim/rvc_gate/bonafide_source/903756_K3X6AGezGWAoDe1q_0042.wav,bonafide,hi-en,903756,mucs2021,none,clean,eval
${DATA_ROOT}/interim/rvc_gate/bonafide_source/912184_V11NDc0lxudGbWQU_0039.wav,bonafide,hi-en,912184,mucs2021,none,clean,eval
${DATA_ROOT}/interim/rvc_gate/bonafide_source/975912_1eNS3GaW1oHHurL4_0038.wav,bonafide,hi-en,975912,mucs2021,none,clean,eval
${DATA_ROOT}/interim/rvc_gate/bonafide_source/987461_LSRBJiHdUoHm4BTI_0041.wav,bonafide,hi-en,987461,mucs2021,none,clean,eval
${DATA_ROOT}/interim/rvc_gate/bonafide_source/106718_vE1rhq3ojNKZvQNv_0044.wav,bonafide,hi-en,106718,mucs2021,none,clean,eval
${DATA_ROOT}/interim/rvc_gate/bonafide_source/142970_DP5j8CLDeL6HHHSX_0039.wav,bonafide,hi-en,142970,mucs2021,none,clean,eval
${DATA_ROOT}/interim/rvc_gate/bonafide_source/177570_jSNK2zDaIvyZsMZp_0044.wav,bonafide,hi-en,177570,mucs2021,none,clean,eval
${DATA_ROOT}/interim/rvc_gate/bonafide_source/186783_LFpbaXkb8HuQ6DnF_0042.wav,bonafide,hi-en,186783,mucs2021,none,clean,eval
${DATA_ROOT}/interim/rvc_gate/bonafide_source/322882_XTscbPr78nzuHhuu_0042.wav,bonafide,hi-en,322882,mucs2021,none,clean,eval
${DATA_ROOT}/interim/rvc_gate/bonafide_source/413057_aKSsdMqkPfUWyYeS_0038.wav,bonafide,hi-en,413057,mucs2021,none,clean,eval
${DATA_ROOT}/interim/rvc_gate/bonafide_source/445718_H6Z2BkcyVtiuiN7A_0040.wav,bonafide,hi-en,445718,mucs2021,none,clean,eval
${DATA_ROOT}/interim/rvc_gate/bonafide_source/457295_WgzliDtK6Htff0g2_0047.wav,bonafide,hi-en,457295,mucs2021,none,clean,eval
${DATA_ROOT}/interim/rvc_gate/bonafide_source/539226_vZGSoJPH1tbvsyCa_0040.wav,bonafide,hi-en,539226,mucs2021,none,clean,eval
${DATA_ROOT}/interim/rvc_gate/bonafide_source/539354_C3MtnFEDrRkWHSvJ_0039.wav,bonafide,hi-en,539354,mucs2021,none,clean,eval
${DATA_ROOT}/interim/rvc_gate/bonafide_source/541304_cyhxRWI0LoKYZvcw_0040.wav,bonafide,hi-en,541304,mucs2021,none,clean,eval
${DATA_ROOT}/interim/rvc_gate/bonafide_source/584991_1ijxO93RTIJh2Rzv_0039.wav,bonafide,hi-en,584991,mucs2021,none,clean,eval
${DATA_ROOT}/interim/rvc_gate/bonafide_source/634568_jCgweujQVV5haVF1_0042.wav,bonafide,hi-en,634568,mucs2021,none,clean,eval
${DATA_ROOT}/interim/rvc_gate/bonafide_source/705494_fZcxLszRnIHxmVQp_0039.wav,bonafide,hi-en,705494,mucs2021,none,clean,eval
${DATA_ROOT}/interim/rvc_gate/bonafide_source/797767_TRInoJRJxAX3qv5C_0038.wav,bonafide,hi-en,797767,mucs2021,none,clean,eval
${DATA_ROOT}/interim/rvc_gate/bonafide_source/850754_wOTMMvC3WQ5YQRAF_0041.wav,bonafide,hi-en,850754,mucs2021,none,clean,eval
${DATA_ROOT}/interim/rvc_gate/bonafide_source/870582_crdH0AI5aH25bEXe_0044.wav,bonafide,hi-en,870582,mucs2021,none,clean,eval
${DATA_ROOT}/interim/rvc_gate/bonafide_source/876898_RyQSvr4r4iAMTYXq_0039.wav,bonafide,hi-en,876898,mucs2021,none,clean,eval
${DATA_ROOT}/interim/rvc_gate/bonafide_source/893273_8xh3ZKpPy5YhAnKX_0043.wav,bonafide,hi-en,893273,mucs2021,none,clean,eval
${DATA_ROOT}/interim/rvc_gate/bonafide_source/903756_K3X6AGezGWAoDe1q_0043.wav,bonafide,hi-en,903756,mucs2021,none,clean,eval
${DATA_ROOT}/interim/rvc_gate/bonafide_source/912184_V11NDc0lxudGbWQU_0040.wav,bonafide,hi-en,912184,mucs2021,none,clean,eval
${DATA_ROOT}/interim/rvc_gate/bonafide_source/975912_1eNS3GaW1oHHurL4_0039.wav,bonafide,hi-en,975912,mucs2021,none,clean,eval
${DATA_ROOT}/interim/rvc_gate/bonafide_source/987461_LSRBJiHdUoHm4BTI_0042.wav,bonafide,hi-en,987461,mucs2021,none,clean,eval
${DATA_ROOT}/interim/rvc_gate/bonafide_source/106718_vE1rhq3ojNKZvQNv_0046.wav,bonafide,hi-en,106718,mucs2021,none,clean,eval
${DATA_ROOT}/interim/rvc_gate/bonafide_source/142970_DP5j8CLDeL6HHHSX_0040.wav,bonafide,hi-en,142970,mucs2021,none,clean,eval
${DATA_ROOT}/interim/rvc_gate/bonafide_source/177570_jSNK2zDaIvyZsMZp_0045.wav,bonafide,hi-en,177570,mucs2021,none,clean,eval
${DATA_ROOT}/interim/rvc_gate/bonafide_source/186783_LFpbaXkb8HuQ6DnF_0043.wav,bonafide,hi-en,186783,mucs2021,none,clean,eval
${DATA_ROOT}/interim/rvc_gate/bonafide_source/322882_XTscbPr78nzuHhuu_0043.wav,bonafide,hi-en,322882,mucs2021,none,clean,eval
${DATA_ROOT}/interim/rvc_gate/bonafide_source/413057_aKSsdMqkPfUWyYeS_0039.wav,bonafide,hi-en,413057,mucs2021,none,clean,eval
${DATA_ROOT}/interim/rvc_gate/bonafide_source/445718_H6Z2BkcyVtiuiN7A_0041.wav,bonafide,hi-en,445718,mucs2021,none,clean,eval
${DATA_ROOT}/interim/rvc_gate/bonafide_source/457295_WgzliDtK6Htff0g2_0048.wav,bonafide,hi-en,457295,mucs2021,none,clean,eval
${DATA_ROOT}/interim/rvc_gate/bonafide_source/539354_C3MtnFEDrRkWHSvJ_0040.wav,bonafide,hi-en,539354,mucs2021,none,clean,eval
${DATA_ROOT}/interim/rvc_gate/bonafide_source/541304_cyhxRWI0LoKYZvcw_0041.wav,bonafide,hi-en,541304,mucs2021,none,clean,eval
${DATA_ROOT}/interim/rvc_gate/bonafide_source/584991_1ijxO93RTIJh2Rzv_0040.wav,bonafide,hi-en,584991,mucs2021,none,clean,eval
${DATA_ROOT}/interim/rvc_gate/bonafide_source/634568_jCgweujQVV5haVF1_0043.wav,bonafide,hi-en,634568,mucs2021,none,clean,eval
${DATA_ROOT}/interim/rvc_gate/bonafide_source/705494_fZcxLszRnIHxmVQp_0040.wav,bonafide,hi-en,705494,mucs2021,none,clean,eval
${DATA_ROOT}/interim/rvc_gate/bonafide_source/797767_TRInoJRJxAX3qv5C_0039.wav,bonafide,hi-en,797767,mucs2021,none,clean,eval
${DATA_ROOT}/interim/rvc_gate/bonafide_source/850754_wOTMMvC3WQ5YQRAF_0042.wav,bonafide,hi-en,850754,mucs2021,none,clean,eval
${DATA_ROOT}/interim/rvc_gate/bonafide_source/870582_crdH0AI5aH25bEXe_0046.wav,bonafide,hi-en,870582,mucs2021,none,clean,eval
${DATA_ROOT}/interim/rvc_gate/bonafide_source/876898_RyQSvr4r4iAMTYXq_0040.wav,bonafide,hi-en,876898,mucs2021,none,clean,eval
${DATA_ROOT}/interim/rvc_gate/bonafide_source/893273_8xh3ZKpPy5YhAnKX_0044.wav,bonafide,hi-en,893273,mucs2021,none,clean,eval
${DATA_ROOT}/interim/rvc_gate/bonafide_source/903756_K3X6AGezGWAoDe1q_0044.wav,bonafide,hi-en,903756,mucs2021,none,clean,eval
${DATA_ROOT}/interim/rvc_gate/bonafide_source/912184_V11NDc0lxudGbWQU_0041.wav,bonafide,hi-en,912184,mucs2021,none,clean,eval
${DATA_ROOT}/interim/rvc_gate/bonafide_source/975912_1eNS3GaW1oHHurL4_0040.wav,bonafide,hi-en,975912,mucs2021,none,clean,eval
${DATA_ROOT}/interim/rvc_gate/bonafide_source/987461_LSRBJiHdUoHm4BTI_0043.wav,bonafide,hi-en,987461,mucs2021,none,clean,eval
${DATA_ROOT}/interim/rvc_gate/bonafide_source/106718_vE1rhq3ojNKZvQNv_0047.wav,bonafide,hi-en,106718,mucs2021,none,clean,eval
${DATA_ROOT}/interim/rvc_gate/bonafide_source/142970_DP5j8CLDeL6HHHSX_0041.wav,bonafide,hi-en,142970,mucs2021,none,clean,eval
${DATA_ROOT}/interim/rvc_gate/bonafide_source/177570_jSNK2zDaIvyZsMZp_0046.wav,bonafide,hi-en,177570,mucs2021,none,clean,eval
${DATA_ROOT}/interim/rvc_gate/bonafide_source/186783_LFpbaXkb8HuQ6DnF_0044.wav,bonafide,hi-en,186783,mucs2021,none,clean,eval
${DATA_ROOT}/interim/rvc_gate/bonafide_source/142970_DP5j8CLDeL6HHHSX_0043.wav,bonafide,hi-en,142970,mucs2021,none,clean,eval
${DATA_ROOT}/interim/rvc_gate/bonafide_source/177570_jSNK2zDaIvyZsMZp_0048.wav,bonafide,hi-en,177570,mucs2021,none,clean,eval
${DATA_ROOT}/interim/rvc_gate/bonafide_source/186783_LFpbaXkb8HuQ6DnF_0047.wav,bonafide,hi-en,186783,mucs2021,none,clean,eval
${DATA_ROOT}/interim/rvc_gate/bonafide_source/322882_XTscbPr78nzuHhuu_0046.wav,bonafide,hi-en,322882,mucs2021,none,clean,eval
${DATA_ROOT}/interim/rvc_gate/bonafide_source/413057_aKSsdMqkPfUWyYeS_0042.wav,bonafide,hi-en,413057,mucs2021,none,clean,eval
${DATA_ROOT}/interim/rvc_gate/bonafide_source/445718_H6Z2BkcyVtiuiN7A_0044.wav,bonafide,hi-en,445718,mucs2021,none,clean,eval
${DATA_ROOT}/interim/rvc_gate/bonafide_source/457295_WgzliDtK6Htff0g2_0052.wav,bonafide,hi-en,457295,mucs2021,none,clean,eval
${DATA_ROOT}/interim/rvc_gate/bonafide_source/539354_C3MtnFEDrRkWHSvJ_0043.wav,bonafide,hi-en,539354,mucs2021,none,clean,eval
${DATA_ROOT}/interim/rvc_gate/bonafide_source/541304_cyhxRWI0LoKYZvcw_0044.wav,bonafide,hi-en,541304,mucs2021,none,clean,eval
${DATA_ROOT}/interim/rvc_gate/bonafide_source/584991_1ijxO93RTIJh2Rzv_0043.wav,bonafide,hi-en,584991,mucs2021,none,clean,eval
${DATA_ROOT}/interim/rvc_gate/bonafide_source/634568_jCgweujQVV5haVF1_0046.wav,bonafide,hi-en,634568,mucs2021,none,clean,eval
${DATA_ROOT}/interim/rvc_gate/bonafide_source/705494_fZcxLszRnIHxmVQp_0043.wav,bonafide,hi-en,705494,mucs2021,none,clean,eval
${DATA_ROOT}/interim/rvc_gate/bonafide_source/797767_TRInoJRJxAX3qv5C_0042.wav,bonafide,hi-en,797767,mucs2021,none,clean,eval
${DATA_ROOT}/interim/rvc_gate/bonafide_source/850754_wOTMMvC3WQ5YQRAF_0045.wav,bonafide,hi-en,850754,mucs2021,none,clean,eval
${DATA_ROOT}/interim/rvc_gate/bonafide_source/870582_crdH0AI5aH25bEXe_0049.wav,bonafide,hi-en,870582,mucs2021,none,clean,eval
${DATA_ROOT}/interim/rvc_gate/bonafide_source/876898_RyQSvr4r4iAMTYXq_0043.wav,bonafide,hi-en,876898,mucs2021,none,clean,eval
${DATA_ROOT}/interim/rvc_gate/bonafide_source/893273_8xh3ZKpPy5YhAnKX_0047.wav,bonafide,hi-en,893273,mucs2021,none,clean,eval
${DATA_ROOT}/interim/rvc_gate/bonafide_source/903756_K3X6AGezGWAoDe1q_0049.wav,bonafide,hi-en,903756,mucs2021,none,clean,eval
${DATA_ROOT}/interim/rvc_gate/bonafide_source/912184_V11NDc0lxudGbWQU_0044.wav,bonafide,hi-en,912184,mucs2021,none,clean,eval
${DATA_ROOT}/interim/rvc_gate/bonafide_source/975912_1eNS3GaW1oHHurL4_0043.wav,bonafide,hi-en,975912,mucs2021,none,clean,eval
${DATA_ROOT}/interim/rvc_gate/bonafide_source/987461_LSRBJiHdUoHm4BTI_0049.wav,bonafide,hi-en,987461,mucs2021,none,clean,eval
${DATA_ROOT}/interim/rvc_gate/bonafide_source/996368_n4ACC4gnqW0IM1wW_0042.wav,bonafide,hi-en,996368,mucs2021,none,clean,eval
${DATA_ROOT}/interim/rvc_gate/bonafide_source/142970_DP5j8CLDeL6HHHSX_0047.wav,bonafide,hi-en,142970,mucs2021,none,clean,eval
${DATA_ROOT}/interim/rvc_gate/bonafide_source/177570_jSNK2zDaIvyZsMZp_0049.wav,bonafide,hi-en,177570,mucs2021,none,clean,eval
${DATA_ROOT}/interim/rvc_gate/bonafide_source/186783_LFpbaXkb8HuQ6DnF_0048.wav,bonafide,hi-en,186783,mucs2021,none,clean,eval
${DATA_ROOT}/interim/rvc_gate/bonafide_source/322882_XTscbPr78nzuHhuu_0047.wav,bonafide,hi-en,322882,mucs2021,none,clean,eval
${DATA_ROOT}/interim/rvc_gate/bonafide_source/413057_aKSsdMqkPfUWyYeS_0043.wav,bonafide,hi-en,413057,mucs2021,none,clean,eval
${DATA_ROOT}/interim/rvc_gate/bonafide_source/445718_H6Z2BkcyVtiuiN7A_0045.wav,bonafide,hi-en,445718,mucs2021,none,clean,eval
${DATA_ROOT}/interim/rvc_gate/bonafide_source/457295_WgzliDtK6Htff0g2_0053.wav,bonafide,hi-en,457295,mucs2021,none,clean,eval
${DATA_ROOT}/interim/rvc_gate/bonafide_source/539354_C3MtnFEDrRkWHSvJ_0044.wav,bonafide,hi-en,539354,mucs2021,none,clean,eval
${DATA_ROOT}/interim/rvc_gate/bonafide_source/541304_cyhxRWI0LoKYZvcw_0045.wav,bonafide,hi-en,541304,mucs2021,none,clean,eval
${DATA_ROOT}/interim/rvc_gate/bonafide_source/584991_1ijxO93RTIJh2Rzv_0044.wav,bonafide,hi-en,584991,mucs2021,none,clean,eval
${DATA_ROOT}/interim/rvc_gate/bonafide_source/634568_jCgweujQVV5haVF1_0047.wav,bonafide,hi-en,634568,mucs2021,none,clean,eval
${DATA_ROOT}/interim/rvc_gate/bonafide_source/705494_fZcxLszRnIHxmVQp_0044.wav,bonafide,hi-en,705494,mucs2021,none,clean,eval
${DATA_ROOT}/interim/rvc_gate/bonafide_source/797767_TRInoJRJxAX3qv5C_0043.wav,bonafide,hi-en,797767,mucs2021,none,clean,eval
${DATA_ROOT}/interim/rvc_gate/bonafide_source/850754_wOTMMvC3WQ5YQRAF_0046.wav,bonafide,hi-en,850754,mucs2021,none,clean,eval
${DATA_ROOT}/interim/rvc_gate/bonafide_source/870582_crdH0AI5aH25bEXe_0050.wav,bonafide,hi-en,870582,mucs2021,none,clean,eval
${DATA_ROOT}/interim/rvc_gate/bonafide_source/876898_RyQSvr4r4iAMTYXq_0044.wav,bonafide,hi-en,876898,mucs2021,none,clean,eval
${DATA_ROOT}/interim/rvc_gate/bonafide_source/893273_8xh3ZKpPy5YhAnKX_0048.wav,bonafide,hi-en,893273,mucs2021,none,clean,eval
${DATA_ROOT}/interim/rvc_gate/bonafide_source/903756_K3X6AGezGWAoDe1q_0051.wav,bonafide,hi-en,903756,mucs2021,none,clean,eval
${DATA_ROOT}/interim/rvc_gate/bonafide_source/912184_V11NDc0lxudGbWQU_0045.wav,bonafide,hi-en,912184,mucs2021,none,clean,eval
${DATA_ROOT}/interim/rvc_gate/bonafide_source/975912_1eNS3GaW1oHHurL4_0044.wav,bonafide,hi-en,975912,mucs2021,none,clean,eval
${DATA_ROOT}/interim/rvc_gate/bonafide_source/987461_LSRBJiHdUoHm4BTI_0050.wav,bonafide,hi-en,987461,mucs2021,none,clean,eval
${DATA_ROOT}/interim/rvc_gate/bonafide_source/996368_n4ACC4gnqW0IM1wW_0043.wav,bonafide,hi-en,996368,mucs2021,none,clean,eval
${DATA_ROOT}/interim/rvc_gate/bonafide_source/142970_DP5j8CLDeL6HHHSX_0048.wav,bonafide,hi-en,142970,mucs2021,none,clean,eval
${DATA_ROOT}/interim/rvc_gate/bonafide_source/177570_jSNK2zDaIvyZsMZp_0050.wav,bonafide,hi-en,177570,mucs2021,none,clean,eval
${DATA_ROOT}/interim/rvc_gate/bonafide_source/186783_LFpbaXkb8HuQ6DnF_0049.wav,bonafide,hi-en,186783,mucs2021,none,clean,eval
${DATA_ROOT}/interim/rvc_gate/bonafide_source/205240_F4KjmwYhWvnpSE0m_0006.wav,bonafide,hi-en,205240,mucs2021,none,clean,eval
${DATA_ROOT}/interim/rvc_gate/bonafide_source/322882_XTscbPr78nzuHhuu_0048.wav,bonafide,hi-en,322882,mucs2021,none,clean,eval
${DATA_ROOT}/interim/rvc_gate/bonafide_source/413057_aKSsdMqkPfUWyYeS_0044.wav,bonafide,hi-en,413057,mucs2021,none,clean,eval
${DATA_ROOT}/interim/rvc_gate/bonafide_source/445718_H6Z2BkcyVtiuiN7A_0046.wav,bonafide,hi-en,445718,mucs2021,none,clean,eval
${DATA_ROOT}/interim/rvc_gate/bonafide_source/457295_WgzliDtK6Htff0g2_0054.wav,bonafide,hi-en,457295,mucs2021,none,clean,eval
${DATA_ROOT}/interim/rvc_gate/bonafide_source/539226_vZGSoJPH1tbvsyCa_0005.wav,bonafide,hi-en,539226,mucs2021,none,clean,eval
${DATA_ROOT}/interim/rvc_gate/bonafide_source/539354_C3MtnFEDrRkWHSvJ_0047.wav,bonafide,hi-en,539354,mucs2021,none,clean,eval
${DATA_ROOT}/interim/rvc_gate/bonafide_source/541304_cyhxRWI0LoKYZvcw_0046.wav,bonafide,hi-en,541304,mucs2021,none,clean,eval
${DATA_ROOT}/interim/rvc_gate/bonafide_source/584991_1ijxO93RTIJh2Rzv_0045.wav,bonafide,hi-en,584991,mucs2021,none,clean,eval
${DATA_ROOT}/interim/rvc_gate/bonafide_source/634568_jCgweujQVV5haVF1_0049.wav,bonafide,hi-en,634568,mucs2021,none,clean,eval
${DATA_ROOT}/interim/rvc_gate/bonafide_source/705494_fZcxLszRnIHxmVQp_0045.wav,bonafide,hi-en,705494,mucs2021,none,clean,eval
${DATA_ROOT}/interim/rvc_gate/bonafide_source/797767_TRInoJRJxAX3qv5C_0044.wav,bonafide,hi-en,797767,mucs2021,none,clean,eval
${DATA_ROOT}/interim/rvc_gate/bonafide_source/850754_wOTMMvC3WQ5YQRAF_0047.wav,bonafide,hi-en,850754,mucs2021,none,clean,eval
${DATA_ROOT}/interim/rvc_gate/bonafide_source/870582_crdH0AI5aH25bEXe_0051.wav,bonafide,hi-en,870582,mucs2021,none,clean,eval
${DATA_ROOT}/interim/rvc_gate/bonafide_source/876898_RyQSvr4r4iAMTYXq_0045.wav,bonafide,hi-en,876898,mucs2021,none,clean,eval
${DATA_ROOT}/interim/rvc_gate/bonafide_source/893273_8xh3ZKpPy5YhAnKX_0049.wav,bonafide,hi-en,893273,mucs2021,none,clean,eval
${DATA_ROOT}/interim/rvc_gate/bonafide_source/903756_K3X6AGezGWAoDe1q_0052.wav,bonafide,hi-en,903756,mucs2021,none,clean,eval
${DATA_ROOT}/interim/rvc_gate/bonafide_source/912184_V11NDc0lxudGbWQU_0046.wav,bonafide,hi-en,912184,mucs2021,none,clean,eval
${DATA_ROOT}/interim/rvc_gate/bonafide_source/975912_1eNS3GaW1oHHurL4_0045.wav,bonafide,hi-en,975912,mucs2021,none,clean,eval
${DATA_ROOT}/interim/rvc_gate/bonafide_source/987461_LSRBJiHdUoHm4BTI_0051.wav,bonafide,hi-en,987461,mucs2021,none,clean,eval
${DATA_ROOT}/interim/rvc_gate/bonafide_source/996368_n4ACC4gnqW0IM1wW_0044.wav,bonafide,hi-en,996368,mucs2021,none,clean,eval
${DATA_ROOT}/interim/rvc_gate/bonafide_source/142970_DP5j8CLDeL6HHHSX_0049.wav,bonafide,hi-en,142970,mucs2021,none,clean,eval
${DATA_ROOT}/interim/rvc_gate/bonafide_source/177570_jSNK2zDaIvyZsMZp_0051.wav,bonafide,hi-en,177570,mucs2021,none,clean,eval
${DATA_ROOT}/interim/rvc_gate/bonafide_source/186783_LFpbaXkb8HuQ6DnF_0050.wav,bonafide,hi-en,186783,mucs2021,none,clean,eval
${DATA_ROOT}/interim/rvc_gate/bonafide_source/322882_XTscbPr78nzuHhuu_0049.wav,bonafide,hi-en,322882,mucs2021,none,clean,eval
${DATA_ROOT}/interim/rvc_gate/bonafide_source/413057_aKSsdMqkPfUWyYeS_0045.wav,bonafide,hi-en,413057,mucs2021,none,clean,eval
${DATA_ROOT}/interim/rvc_gate/bonafide_source/445718_H6Z2BkcyVtiuiN7A_0047.wav,bonafide,hi-en,445718,mucs2021,none,clean,eval
${DATA_ROOT}/interim/rvc_gate/bonafide_source/457295_WgzliDtK6Htff0g2_0055.wav,bonafide,hi-en,457295,mucs2021,none,clean,eval
${DATA_ROOT}/interim/rvc_gate/bonafide_source/539226_vZGSoJPH1tbvsyCa_0006.wav,bonafide,hi-en,539226,mucs2021,none,clean,eval
${DATA_ROOT}/interim/rvc_gate/bonafide_source/539354_C3MtnFEDrRkWHSvJ_0048.wav,bonafide,hi-en,539354,mucs2021,none,clean,eval
${DATA_ROOT}/interim/rvc_gate/bonafide_source/541304_cyhxRWI0LoKYZvcw_0047.wav,bonafide,hi-en,541304,mucs2021,none,clean,eval
${DATA_ROOT}/interim/rvc_gate/bonafide_source/584991_1ijxO93RTIJh2Rzv_0046.wav,bonafide,hi-en,584991,mucs2021,none,clean,eval
${DATA_ROOT}/interim/rvc_gate/bonafide_source/634568_jCgweujQVV5haVF1_0050.wav,bonafide,hi-en,634568,mucs2021,none,clean,eval
${DATA_ROOT}/interim/rvc_gate/bonafide_source/705494_fZcxLszRnIHxmVQp_0047.wav,bonafide,hi-en,705494,mucs2021,none,clean,eval
${DATA_ROOT}/interim/rvc_gate/bonafide_source/797767_TRInoJRJxAX3qv5C_0045.wav,bonafide,hi-en,797767,mucs2021,none,clean,eval
${DATA_ROOT}/interim/rvc_gate/bonafide_source/850754_wOTMMvC3WQ5YQRAF_0048.wav,bonafide,hi-en,850754,mucs2021,none,clean,eval
${DATA_ROOT}/interim/rvc_gate/bonafide_source/870582_crdH0AI5aH25bEXe_0052.wav,bonafide,hi-en,870582,mucs2021,none,clean,eval
${DATA_ROOT}/interim/rvc_gate/bonafide_source/876898_RyQSvr4r4iAMTYXq_0046.wav,bonafide,hi-en,876898,mucs2021,none,clean,eval
${DATA_ROOT}/interim/rvc_gate/bonafide_source/893273_8xh3ZKpPy5YhAnKX_0050.wav,bonafide,hi-en,893273,mucs2021,none,clean,eval
${DATA_ROOT}/interim/rvc_gate/bonafide_source/903756_K3X6AGezGWAoDe1q_0053.wav,bonafide,hi-en,903756,mucs2021,none,clean,eval
${DATA_ROOT}/interim/rvc_gate/bonafide_source/912184_V11NDc0lxudGbWQU_0047.wav,bonafide,hi-en,912184,mucs2021,none,clean,eval
${DATA_ROOT}/interim/rvc_gate/bonafide_source/975912_1eNS3GaW1oHHurL4_0046.wav,bonafide,hi-en,975912,mucs2021,none,clean,eval
${DATA_ROOT}/interim/rvc_gate/bonafide_source/987461_LSRBJiHdUoHm4BTI_0052.wav,bonafide,hi-en,987461,mucs2021,none,clean,eval
${DATA_ROOT}/interim/rvc_gate/bonafide_source/996368_n4ACC4gnqW0IM1wW_0045.wav,bonafide,hi-en,996368,mucs2021,none,clean,eval
${DATA_ROOT}/interim/rvc_gate/bonafide_source/142970_DP5j8CLDeL6HHHSX_0051.wav,bonafide,hi-en,142970,mucs2021,none,clean,eval
${DATA_ROOT}/interim/rvc_gate/bonafide_source/177570_jSNK2zDaIvyZsMZp_0054.wav,bonafide,hi-en,177570,mucs2021,none,clean,eval
${DATA_ROOT}/interim/rvc_gate/bonafide_source/186783_LFpbaXkb8HuQ6DnF_0051.wav,bonafide,hi-en,186783,mucs2021,none,clean,eval
${DATA_ROOT}/interim/rvc_gate/bonafide_source/322882_XTscbPr78nzuHhuu_0050.wav,bonafide,hi-en,322882,mucs2021,none,clean,eval
${DATA_ROOT}/interim/rvc_gate/bonafide_source/413057_aKSsdMqkPfUWyYeS_0046.wav,bonafide,hi-en,413057,mucs2021,none,clean,eval
${DATA_ROOT}/interim/rvc_gate/bonafide_source/445718_H6Z2BkcyVtiuiN7A_0048.wav,bonafide,hi-en,445718,mucs2021,none,clean,eval
${DATA_ROOT}/interim/rvc_gate/bonafide_source/457295_WgzliDtK6Htff0g2_0056.wav,bonafide,hi-en,457295,mucs2021,none,clean,eval
${DATA_ROOT}/interim/rvc_gate/bonafide_source/539354_C3MtnFEDrRkWHSvJ_0049.wav,bonafide,hi-en,539354,mucs2021,none,clean,eval
${DATA_ROOT}/interim/rvc_gate/bonafide_source/541304_cyhxRWI0LoKYZvcw_0048.wav,bonafide,hi-en,541304,mucs2021,none,clean,eval
${DATA_ROOT}/interim/rvc_gate/bonafide_source/584991_1ijxO93RTIJh2Rzv_0047.wav,bonafide,hi-en,584991,mucs2021,none,clean,eval
${DATA_ROOT}/interim/rvc_gate/bonafide_source/634568_jCgweujQVV5haVF1_0051.wav,bonafide,hi-en,634568,mucs2021,none,clean,eval
${DATA_ROOT}/interim/rvc_gate/bonafide_source/705494_fZcxLszRnIHxmVQp_0048.wav,bonafide,hi-en,705494,mucs2021,none,clean,eval
${DATA_ROOT}/interim/rvc_gate/bonafide_source/797767_TRInoJRJxAX3qv5C_0046.wav,bonafide,hi-en,797767,mucs2021,none,clean,eval
${DATA_ROOT}/interim/rvc_gate/bonafide_source/850754_wOTMMvC3WQ5YQRAF_0049.wav,bonafide,hi-en,850754,mucs2021,none,clean,eval
${DATA_ROOT}/interim/rvc_gate/bonafide_source/870582_crdH0AI5aH25bEXe_0053.wav,bonafide,hi-en,870582,mucs2021,none,clean,eval
${DATA_ROOT}/interim/rvc_gate/bonafide_source/876898_RyQSvr4r4iAMTYXq_0047.wav,bonafide,hi-en,876898,mucs2021,none,clean,eval
${DATA_ROOT}/interim/rvc_gate/bonafide_source/893273_8xh3ZKpPy5YhAnKX_0052.wav,bonafide,hi-en,893273,mucs2021,none,clean,eval
${DATA_ROOT}/interim/rvc_gate/bonafide_source/903756_K3X6AGezGWAoDe1q_0054.wav,bonafide,hi-en,903756,mucs2021,none,clean,eval
${DATA_ROOT}/interim/rvc_gate/bonafide_source/912184_V11NDc0lxudGbWQU_0048.wav,bonafide,hi-en,912184,mucs2021,none,clean,eval
${DATA_ROOT}/interim/rvc_gate/bonafide_source/975912_1eNS3GaW1oHHurL4_0047.wav,bonafide,hi-en,975912,mucs2021,none,clean,eval
${DATA_ROOT}/interim/rvc_gate/bonafide_source/987461_LSRBJiHdUoHm4BTI_0053.wav,bonafide,hi-en,987461,mucs2021,none,clean,eval
${DATA_ROOT}/interim/rvc_gate/bonafide_source/996368_n4ACC4gnqW0IM1wW_0046.wav,bonafide,hi-en,996368,mucs2021,none,clean,eval
${DATA_ROOT}/interim/rvc_gate/bonafide_source/142970_DP5j8CLDeL6HHHSX_0052.wav,bonafide,hi-en,142970,mucs2021,none,clean,eval
${DATA_ROOT}/interim/rvc_gate/bonafide_source/177570_jSNK2zDaIvyZsMZp_0055.wav,bonafide,hi-en,177570,mucs2021,none,clean,eval
${DATA_ROOT}/interim/rvc_gate/bonafide_source/186783_LFpbaXkb8HuQ6DnF_0052.wav,bonafide,hi-en,186783,mucs2021,none,clean,eval
${DATA_ROOT}/interim/rvc_gate/bonafide_source/322882_XTscbPr78nzuHhuu_0051.wav,bonafide,hi-en,322882,mucs2021,none,clean,eval
${DATA_ROOT}/interim/rvc_gate/bonafide_source/106718_vE1rhq3ojNKZvQNv_0056.wav,bonafide,hi-en,106718,mucs2021,none,clean,eval
${DATA_ROOT}/interim/rvc_gate/bonafide_source/142970_DP5j8CLDeL6HHHSX_0054.wav,bonafide,hi-en,142970,mucs2021,none,clean,eval
${DATA_ROOT}/interim/rvc_gate/bonafide_source/186783_LFpbaXkb8HuQ6DnF_0055.wav,bonafide,hi-en,186783,mucs2021,none,clean,eval
${DATA_ROOT}/interim/rvc_gate/bonafide_source/322882_XTscbPr78nzuHhuu_0053.wav,bonafide,hi-en,322882,mucs2021,none,clean,eval
${DATA_ROOT}/interim/rvc_gate/bonafide_source/413057_aKSsdMqkPfUWyYeS_0049.wav,bonafide,hi-en,413057,mucs2021,none,clean,eval
${DATA_ROOT}/interim/rvc_gate/bonafide_source/445718_H6Z2BkcyVtiuiN7A_0051.wav,bonafide,hi-en,445718,mucs2021,none,clean,eval
${DATA_ROOT}/interim/rvc_gate/bonafide_source/457295_WgzliDtK6Htff0g2_0059.wav,bonafide,hi-en,457295,mucs2021,none,clean,eval
${DATA_ROOT}/interim/rvc_gate/bonafide_source/539354_C3MtnFEDrRkWHSvJ_0052.wav,bonafide,hi-en,539354,mucs2021,none,clean,eval
${DATA_ROOT}/interim/rvc_gate/bonafide_source/541304_cyhxRWI0LoKYZvcw_0051.wav,bonafide,hi-en,541304,mucs2021,none,clean,eval
${DATA_ROOT}/interim/rvc_gate/bonafide_source/584991_1ijxO93RTIJh2Rzv_0050.wav,bonafide,hi-en,584991,mucs2021,none,clean,eval
${DATA_ROOT}/interim/rvc_gate/bonafide_source/634568_jCgweujQVV5haVF1_0054.wav,bonafide,hi-en,634568,mucs2021,none,clean,eval
${DATA_ROOT}/interim/rvc_gate/bonafide_source/705494_fZcxLszRnIHxmVQp_0052.wav,bonafide,hi-en,705494,mucs2021,none,clean,eval
${DATA_ROOT}/interim/rvc_gate/bonafide_source/797767_TRInoJRJxAX3qv5C_0049.wav,bonafide,hi-en,797767,mucs2021,none,clean,eval
${DATA_ROOT}/interim/rvc_gate/bonafide_source/850754_wOTMMvC3WQ5YQRAF_0052.wav,bonafide,hi-en,850754,mucs2021,none,clean,eval
${DATA_ROOT}/interim/rvc_gate/bonafide_source/870582_crdH0AI5aH25bEXe_0057.wav,bonafide,hi-en,870582,mucs2021,none,clean,eval
${DATA_ROOT}/interim/rvc_gate/bonafide_source/876898_RyQSvr4r4iAMTYXq_0050.wav,bonafide,hi-en,876898,mucs2021,none,clean,eval
${DATA_ROOT}/interim/rvc_gate/bonafide_source/893273_8xh3ZKpPy5YhAnKX_0055.wav,bonafide,hi-en,893273,mucs2021,none,clean,eval
${DATA_ROOT}/interim/rvc_gate/bonafide_source/903756_K3X6AGezGWAoDe1q_0057.wav,bonafide,hi-en,903756,mucs2021,none,clean,eval
${DATA_ROOT}/interim/rvc_gate/bonafide_source/912184_V11NDc0lxudGbWQU_0051.wav,bonafide,hi-en,912184,mucs2021,none,clean,eval
${DATA_ROOT}/interim/rvc_gate/bonafide_source/975912_1eNS3GaW1oHHurL4_0050.wav,bonafide,hi-en,975912,mucs2021,none,clean,eval
${DATA_ROOT}/interim/rvc_gate/bonafide_source/987461_LSRBJiHdUoHm4BTI_0056.wav,bonafide,hi-en,987461,mucs2021,none,clean,eval
${DATA_ROOT}/interim/rvc_gate/bonafide_source/996368_n4ACC4gnqW0IM1wW_0049.wav,bonafide,hi-en,996368,mucs2021,none,clean,eval
${DATA_ROOT}/interim/rvc_gate/bonafide_source/106718_vE1rhq3ojNKZvQNv_0057.wav,bonafide,hi-en,106718,mucs2021,none,clean,eval
${DATA_ROOT}/interim/rvc_gate/bonafide_source/142970_DP5j8CLDeL6HHHSX_0055.wav,bonafide,hi-en,142970,mucs2021,none,clean,eval
${DATA_ROOT}/interim/rvc_gate/bonafide_source/186783_LFpbaXkb8HuQ6DnF_0057.wav,bonafide,hi-en,186783,mucs2021,none,clean,eval
${DATA_ROOT}/interim/rvc_gate/bonafide_source/322882_XTscbPr78nzuHhuu_0054.wav,bonafide,hi-en,322882,mucs2021,none,clean,eval
${DATA_ROOT}/interim/rvc_gate/bonafide_source/413057_aKSsdMqkPfUWyYeS_0050.wav,bonafide,hi-en,413057,mucs2021,none,clean,eval
${DATA_ROOT}/interim/rvc_gate/bonafide_source/445718_H6Z2BkcyVtiuiN7A_0053.wav,bonafide,hi-en,445718,mucs2021,none,clean,eval
${DATA_ROOT}/interim/rvc_gate/bonafide_source/457295_WgzliDtK6Htff0g2_0060.wav,bonafide,hi-en,457295,mucs2021,none,clean,eval
${DATA_ROOT}/interim/rvc_gate/bonafide_source/539354_C3MtnFEDrRkWHSvJ_0053.wav,bonafide,hi-en,539354,mucs2021,none,clean,eval
${DATA_ROOT}/interim/rvc_gate/bonafide_source/541304_cyhxRWI0LoKYZvcw_0052.wav,bonafide,hi-en,541304,mucs2021,none,clean,eval
${DATA_ROOT}/interim/rvc_gate/bonafide_source/584991_1ijxO93RTIJh2Rzv_0051.wav,bonafide,hi-en,584991,mucs2021,none,clean,eval
${DATA_ROOT}/interim/rvc_gate/bonafide_source/634568_jCgweujQVV5haVF1_0055.wav,bonafide,hi-en,634568,mucs2021,none,clean,eval
${DATA_ROOT}/interim/rvc_gate/bonafide_source/705494_fZcxLszRnIHxmVQp_0053.wav,bonafide,hi-en,705494,mucs2021,none,clean,eval
${DATA_ROOT}/interim/rvc_gate/bonafide_source/797767_TRInoJRJxAX3qv5C_0050.wav,bonafide,hi-en,797767,mucs2021,none,clean,eval
${DATA_ROOT}/interim/rvc_gate/bonafide_source/850754_wOTMMvC3WQ5YQRAF_0053.wav,bonafide,hi-en,850754,mucs2021,none,clean,eval
${DATA_ROOT}/interim/rvc_gate/bonafide_source/870582_crdH0AI5aH25bEXe_0058.wav,bonafide,hi-en,870582,mucs2021,none,clean,eval
${DATA_ROOT}/interim/rvc_gate/bonafide_source/876898_RyQSvr4r4iAMTYXq_0051.wav,bonafide,hi-en,876898,mucs2021,none,clean,eval
${DATA_ROOT}/interim/rvc_gate/bonafide_source/893273_8xh3ZKpPy5YhAnKX_0056.wav,bonafide,hi-en,893273,mucs2021,none,clean,eval
${DATA_ROOT}/interim/rvc_gate/bonafide_source/903756_K3X6AGezGWAoDe1q_0058.wav,bonafide,hi-en,903756,mucs2021,none,clean,eval
${DATA_ROOT}/interim/rvc_gate/bonafide_source/912184_V11NDc0lxudGbWQU_0052.wav,bonafide,hi-en,912184,mucs2021,none,clean,eval
${DATA_ROOT}/interim/rvc_gate/bonafide_source/975912_1eNS3GaW1oHHurL4_0051.wav,bonafide,hi-en,975912,mucs2021,none,clean,eval
${DATA_ROOT}/interim/rvc_gate/bonafide_source/987461_LSRBJiHdUoHm4BTI_0057.wav,bonafide,hi-en,987461,mucs2021,none,clean,eval
${DATA_ROOT}/interim/rvc_gate/bonafide_source/996368_n4ACC4gnqW0IM1wW_0050.wav,bonafide,hi-en,996368,mucs2021,none,clean,eval
${DATA_ROOT}/interim/rvc_gate/bonafide_source/106718_vE1rhq3ojNKZvQNv_0058.wav,bonafide,hi-en,106718,mucs2021,none,clean,eval
${DATA_ROOT}/interim/rvc_gate/bonafide_source/142970_DP5j8CLDeL6HHHSX_0056.wav,bonafide,hi-en,142970,mucs2021,none,clean,eval
${DATA_ROOT}/interim/rvc_gate/bonafide_source/186783_LFpbaXkb8HuQ6DnF_0058.wav,bonafide,hi-en,186783,mucs2021,none,clean,eval
${DATA_ROOT}/interim/rvc_gate/bonafide_source/205240_F4KjmwYhWvnpSE0m_0013.wav,bonafide,hi-en,205240,mucs2021,none,clean,eval
${DATA_ROOT}/interim/rvc_gate/bonafide_source/322882_XTscbPr78nzuHhuu_0055.wav,bonafide,hi-en,322882,mucs2021,none,clean,eval
${DATA_ROOT}/interim/rvc_gate/bonafide_source/413057_aKSsdMqkPfUWyYeS_0051.wav,bonafide,hi-en,413057,mucs2021,none,clean,eval
${DATA_ROOT}/interim/rvc_gate/bonafide_source/445718_H6Z2BkcyVtiuiN7A_0054.wav,bonafide,hi-en,445718,mucs2021,none,clean,eval
${DATA_ROOT}/interim/rvc_gate/bonafide_source/457295_WgzliDtK6Htff0g2_0062.wav,bonafide,hi-en,457295,mucs2021,none,clean,eval
${DATA_ROOT}/interim/rvc_gate/bonafide_source/539226_vZGSoJPH1tbvsyCa_0013.wav,bonafide,hi-en,539226,mucs2021,none,clean,eval
${DATA_ROOT}/interim/rvc_gate/bonafide_source/539354_C3MtnFEDrRkWHSvJ_0054.wav,bonafide,hi-en,539354,mucs2021,none,clean,eval
${DATA_ROOT}/interim/rvc_gate/bonafide_source/541304_cyhxRWI0LoKYZvcw_0053.wav,bonafide,hi-en,541304,mucs2021,none,clean,eval
${DATA_ROOT}/interim/rvc_gate/bonafide_source/584991_1ijxO93RTIJh2Rzv_0052.wav,bonafide,hi-en,584991,mucs2021,none,clean,eval
${DATA_ROOT}/interim/rvc_gate/bonafide_source/634568_jCgweujQVV5haVF1_0056.wav,bonafide,hi-en,634568,mucs2021,none,clean,eval
${DATA_ROOT}/interim/rvc_gate/bonafide_source/705494_fZcxLszRnIHxmVQp_0054.wav,bonafide,hi-en,705494,mucs2021,none,clean,eval
${DATA_ROOT}/interim/rvc_gate/bonafide_source/797767_TRInoJRJxAX3qv5C_0051.wav,bonafide,hi-en,797767,mucs2021,none,clean,eval
${DATA_ROOT}/interim/rvc_gate/bonafide_source/850754_wOTMMvC3WQ5YQRAF_0054.wav,bonafide,hi-en,850754,mucs2021,none,clean,eval
${DATA_ROOT}/interim/rvc_gate/bonafide_source/870582_crdH0AI5aH25bEXe_0059.wav,bonafide,hi-en,870582,mucs2021,none,clean,eval
${DATA_ROOT}/interim/rvc_gate/bonafide_source/876898_RyQSvr4r4iAMTYXq_0052.wav,bonafide,hi-en,876898,mucs2021,none,clean,eval
${DATA_ROOT}/interim/rvc_gate/bonafide_source/893273_8xh3ZKpPy5YhAnKX_0057.wav,bonafide,hi-en,893273,mucs2021,none,clean,eval
${DATA_ROOT}/interim/rvc_gate/bonafide_source/903756_K3X6AGezGWAoDe1q_0059.wav,bonafide,hi-en,903756,mucs2021,none,clean,eval
${DATA_ROOT}/interim/rvc_gate/bonafide_source/912184_V11NDc0lxudGbWQU_0053.wav,bonafide,hi-en,912184,mucs2021,none,clean,eval
${DATA_ROOT}/interim/rvc_gate/bonafide_source/975912_1eNS3GaW1oHHurL4_0052.wav,bonafide,hi-en,975912,mucs2021,none,clean,eval
${DATA_ROOT}/interim/rvc_gate/bonafide_source/996368_n4ACC4gnqW0IM1wW_0051.wav,bonafide,hi-en,996368,mucs2021,none,clean,eval
${DATA_ROOT}/interim/rvc_gate/bonafide_source/106718_vE1rhq3ojNKZvQNv_0059.wav,bonafide,hi-en,106718,mucs2021,none,clean,eval
${DATA_ROOT}/interim/rvc_gate/bonafide_source/142970_DP5j8CLDeL6HHHSX_0057.wav,bonafide,hi-en,142970,mucs2021,none,clean,eval
${DATA_ROOT}/interim/rvc_gate/bonafide_source/186783_LFpbaXkb8HuQ6DnF_0059.wav,bonafide,hi-en,186783,mucs2021,none,clean,eval
${DATA_ROOT}/interim/rvc_gate/bonafide_source/322882_XTscbPr78nzuHhuu_0056.wav,bonafide,hi-en,322882,mucs2021,none,clean,eval
${DATA_ROOT}/interim/rvc_gate/bonafide_source/413057_aKSsdMqkPfUWyYeS_0052.wav,bonafide,hi-en,413057,mucs2021,none,clean,eval
${DATA_ROOT}/interim/rvc_gate/bonafide_source/445718_H6Z2BkcyVtiuiN7A_0056.wav,bonafide,hi-en,445718,mucs2021,none,clean,eval
${DATA_ROOT}/interim/rvc_gate/bonafide_source/457295_WgzliDtK6Htff0g2_0063.wav,bonafide,hi-en,457295,mucs2021,none,clean,eval
${DATA_ROOT}/interim/rvc_gate/bonafide_source/539226_vZGSoJPH1tbvsyCa_0014.wav,bonafide,hi-en,539226,mucs2021,none,clean,eval
${DATA_ROOT}/interim/rvc_gate/bonafide_source/539354_C3MtnFEDrRkWHSvJ_0055.wav,bonafide,hi-en,539354,mucs2021,none,clean,eval
${DATA_ROOT}/interim/rvc_gate/bonafide_source/541304_cyhxRWI0LoKYZvcw_0054.wav,bonafide,hi-en,541304,mucs2021,none,clean,eval
${DATA_ROOT}/interim/rvc_gate/bonafide_source/584991_1ijxO93RTIJh2Rzv_0053.wav,bonafide,hi-en,584991,mucs2021,none,clean,eval
${DATA_ROOT}/interim/rvc_gate/bonafide_source/634568_jCgweujQVV5haVF1_0057.wav,bonafide,hi-en,634568,mucs2021,none,clean,eval
${DATA_ROOT}/interim/rvc_gate/bonafide_source/705494_fZcxLszRnIHxmVQp_0055.wav,bonafide,hi-en,705494,mucs2021,none,clean,eval
${DATA_ROOT}/interim/rvc_gate/bonafide_source/797767_TRInoJRJxAX3qv5C_0052.wav,bonafide,hi-en,797767,mucs2021,none,clean,eval
${DATA_ROOT}/interim/rvc_gate/bonafide_source/850754_wOTMMvC3WQ5YQRAF_0055.wav,bonafide,hi-en,850754,mucs2021,none,clean,eval
${DATA_ROOT}/interim/rvc_gate/bonafide_source/870582_crdH0AI5aH25bEXe_0060.wav,bonafide,hi-en,870582,mucs2021,none,clean,eval
${DATA_ROOT}/interim/rvc_gate/bonafide_source/876898_RyQSvr4r4iAMTYXq_0053.wav,bonafide,hi-en,876898,mucs2021,none,clean,eval
${DATA_ROOT}/interim/rvc_gate/bonafide_source/893273_8xh3ZKpPy5YhAnKX_0060.wav,bonafide,hi-en,893273,mucs2021,none,clean,eval
${DATA_ROOT}/interim/rvc_gate/bonafide_source/903756_K3X6AGezGWAoDe1q_0060.wav,bonafide,hi-en,903756,mucs2021,none,clean,eval
${DATA_ROOT}/interim/rvc_gate/bonafide_source/912184_V11NDc0lxudGbWQU_0055.wav,bonafide,hi-en,912184,mucs2021,none,clean,eval
${DATA_ROOT}/interim/rvc_gate/bonafide_source/975912_1eNS3GaW1oHHurL4_0053.wav,bonafide,hi-en,975912,mucs2021,none,clean,eval
${DATA_ROOT}/interim/rvc_gate/bonafide_source/996368_n4ACC4gnqW0IM1wW_0052.wav,bonafide,hi-en,996368,mucs2021,none,clean,eval
${DATA_ROOT}/interim/rvc_gate/bonafide_source/106718_vE1rhq3ojNKZvQNv_0060.wav,bonafide,hi-en,106718,mucs2021,none,clean,eval
${DATA_ROOT}/interim/rvc_gate/bonafide_source/142970_DP5j8CLDeL6HHHSX_0058.wav,bonafide,hi-en,142970,mucs2021,none,clean,eval
${DATA_ROOT}/interim/rvc_gate/bonafide_source/186783_LFpbaXkb8HuQ6DnF_0060.wav,bonafide,hi-en,186783,mucs2021,none,clean,eval
${DATA_ROOT}/interim/rvc_gate/bonafide_source/322882_XTscbPr78nzuHhuu_0057.wav,bonafide,hi-en,322882,mucs2021,none,clean,eval
${DATA_ROOT}/interim/rvc_gate/bonafide_source/413057_aKSsdMqkPfUWyYeS_0053.wav,bonafide,hi-en,413057,mucs2021,none,clean,eval
${DATA_ROOT}/interim/rvc_gate/bonafide_source/445718_H6Z2BkcyVtiuiN7A_0058.wav,bonafide,hi-en,445718,mucs2021,none,clean,eval
${DATA_ROOT}/interim/rvc_gate/bonafide_source/457295_WgzliDtK6Htff0g2_0064.wav,bonafide,hi-en,457295,mucs2021,none,clean,eval
${DATA_ROOT}/interim/rvc_gate/bonafide_source/539354_C3MtnFEDrRkWHSvJ_0056.wav,bonafide,hi-en,539354,mucs2021,none,clean,eval
${DATA_ROOT}/interim/rvc_gate/bonafide_source/541304_cyhxRWI0LoKYZvcw_0055.wav,bonafide,hi-en,541304,mucs2021,none,clean,eval
${DATA_ROOT}/interim/rvc_gate/bonafide_source/584991_1ijxO93RTIJh2Rzv_0054.wav,bonafide,hi-en,584991,mucs2021,none,clean,eval
${DATA_ROOT}/interim/rvc_gate/bonafide_source/634568_jCgweujQVV5haVF1_0058.wav,bonafide,hi-en,634568,mucs2021,none,clean,eval
${DATA_ROOT}/interim/rvc_gate/bonafide_source/705494_fZcxLszRnIHxmVQp_0056.wav,bonafide,hi-en,705494,mucs2021,none,clean,eval
${DATA_ROOT}/interim/rvc_gate/bonafide_source/797767_TRInoJRJxAX3qv5C_0053.wav,bonafide,hi-en,797767,mucs2021,none,clean,eval
${DATA_ROOT}/interim/rvc_gate/bonafide_source/850754_wOTMMvC3WQ5YQRAF_0056.wav,bonafide,hi-en,850754,mucs2021,none,clean,eval
${DATA_ROOT}/interim/rvc_gate/bonafide_source/870582_crdH0AI5aH25bEXe_0061.wav,bonafide,hi-en,870582,mucs2021,none,clean,eval
${DATA_ROOT}/interim/rvc_gate/bonafide_source/876898_RyQSvr4r4iAMTYXq_0054.wav,bonafide,hi-en,876898,mucs2021,none,clean,eval
${DATA_ROOT}/interim/rvc_gate/bonafide_source/893273_8xh3ZKpPy5YhAnKX_0061.wav,bonafide,hi-en,893273,mucs2021,none,clean,eval
${DATA_ROOT}/interim/rvc_gate/bonafide_source/903756_K3X6AGezGWAoDe1q_0061.wav,bonafide,hi-en,903756,mucs2021,none,clean,eval
${DATA_ROOT}/interim/rvc_gate/bonafide_source/912184_V11NDc0lxudGbWQU_0056.wav,bonafide,hi-en,912184,mucs2021,none,clean,eval
${DATA_ROOT}/interim/rvc_gate/bonafide_source/975912_1eNS3GaW1oHHurL4_0054.wav,bonafide,hi-en,975912,mucs2021,none,clean,eval
${DATA_ROOT}/interim/rvc_gate/bonafide_source/996368_n4ACC4gnqW0IM1wW_0053.wav,bonafide,hi-en,996368,mucs2021,none,clean,eval
${DATA_ROOT}/interim/rvc_gate/bonafide_source/106718_vE1rhq3ojNKZvQNv_0061.wav,bonafide,hi-en,106718,mucs2021,none,clean,eval
${DATA_ROOT}/interim/rvc_gate/bonafide_source/142970_DP5j8CLDeL6HHHSX_0059.wav,bonafide,hi-en,142970,mucs2021,none,clean,eval
${DATA_ROOT}/interim/rvc_gate/bonafide_source/186783_LFpbaXkb8HuQ6DnF_0061.wav,bonafide,hi-en,186783,mucs2021,none,clean,eval
${DATA_ROOT}/interim/rvc_gate/bonafide_source/322882_XTscbPr78nzuHhuu_0058.wav,bonafide,hi-en,322882,mucs2021,none,clean,eval
${DATA_ROOT}/interim/rvc_gate/bonafide_source/106718_vE1rhq3ojNKZvQNv_0063.wav,bonafide,hi-en,106718,mucs2021,none,clean,eval
${DATA_ROOT}/interim/rvc_gate/bonafide_source/142970_DP5j8CLDeL6HHHSX_0063.wav,bonafide,hi-en,142970,mucs2021,none,clean,eval
${DATA_ROOT}/interim/rvc_gate/bonafide_source/177570_jSNK2zDaIvyZsMZp_0066.wav,bonafide,hi-en,177570,mucs2021,none,clean,eval
${DATA_ROOT}/interim/rvc_gate/bonafide_source/186783_LFpbaXkb8HuQ6DnF_0063.wav,bonafide,hi-en,186783,mucs2021,none,clean,eval
${DATA_ROOT}/interim/rvc_gate/bonafide_source/322882_XTscbPr78nzuHhuu_0060.wav,bonafide,hi-en,322882,mucs2021,none,clean,eval
${DATA_ROOT}/interim/rvc_gate/bonafide_source/413057_aKSsdMqkPfUWyYeS_0056.wav,bonafide,hi-en,413057,mucs2021,none,clean,eval
${DATA_ROOT}/interim/rvc_gate/bonafide_source/445718_H6Z2BkcyVtiuiN7A_0063.wav,bonafide,hi-en,445718,mucs2021,none,clean,eval
${DATA_ROOT}/interim/rvc_gate/bonafide_source/457295_WgzliDtK6Htff0g2_0067.wav,bonafide,hi-en,457295,mucs2021,none,clean,eval
${DATA_ROOT}/interim/rvc_gate/bonafide_source/539354_C3MtnFEDrRkWHSvJ_0059.wav,bonafide,hi-en,539354,mucs2021,none,clean,eval
${DATA_ROOT}/interim/rvc_gate/bonafide_source/541304_cyhxRWI0LoKYZvcw_0058.wav,bonafide,hi-en,541304,mucs2021,none,clean,eval
${DATA_ROOT}/interim/rvc_gate/bonafide_source/634568_jCgweujQVV5haVF1_0061.wav,bonafide,hi-en,634568,mucs2021,none,clean,eval
${DATA_ROOT}/interim/rvc_gate/bonafide_source/705494_fZcxLszRnIHxmVQp_0060.wav,bonafide,hi-en,705494,mucs2021,none,clean,eval
${DATA_ROOT}/interim/rvc_gate/bonafide_source/797767_TRInoJRJxAX3qv5C_0056.wav,bonafide,hi-en,797767,mucs2021,none,clean,eval
${DATA_ROOT}/interim/rvc_gate/bonafide_source/850754_wOTMMvC3WQ5YQRAF_0059.wav,bonafide,hi-en,850754,mucs2021,none,clean,eval
${DATA_ROOT}/interim/rvc_gate/bonafide_source/870582_crdH0AI5aH25bEXe_0064.wav,bonafide,hi-en,870582,mucs2021,none,clean,eval
${DATA_ROOT}/interim/rvc_gate/bonafide_source/876898_RyQSvr4r4iAMTYXq_0058.wav,bonafide,hi-en,876898,mucs2021,none,clean,eval
${DATA_ROOT}/interim/rvc_gate/bonafide_source/893273_8xh3ZKpPy5YhAnKX_0064.wav,bonafide,hi-en,893273,mucs2021,none,clean,eval
${DATA_ROOT}/interim/rvc_gate/bonafide_source/903756_K3X6AGezGWAoDe1q_0064.wav,bonafide,hi-en,903756,mucs2021,none,clean,eval
${DATA_ROOT}/interim/rvc_gate/bonafide_source/912184_V11NDc0lxudGbWQU_0059.wav,bonafide,hi-en,912184,mucs2021,none,clean,eval
${DATA_ROOT}/interim/rvc_gate/bonafide_source/987461_LSRBJiHdUoHm4BTI_0005.wav,bonafide,hi-en,987461,mucs2021,none,clean,eval
${DATA_ROOT}/interim/rvc_gate/bonafide_source/996368_n4ACC4gnqW0IM1wW_0056.wav,bonafide,hi-en,996368,mucs2021,none,clean,eval
${DATA_ROOT}/interim/rvc_gate/bonafide_source/106718_vE1rhq3ojNKZvQNv_0065.wav,bonafide,hi-en,106718,mucs2021,none,clean,eval
${DATA_ROOT}/interim/rvc_gate/bonafide_source/142970_DP5j8CLDeL6HHHSX_0064.wav,bonafide,hi-en,142970,mucs2021,none,clean,eval
${DATA_ROOT}/interim/rvc_gate/bonafide_source/177570_jSNK2zDaIvyZsMZp_0067.wav,bonafide,hi-en,177570,mucs2021,none,clean,eval
${DATA_ROOT}/interim/rvc_gate/bonafide_source/186783_LFpbaXkb8HuQ6DnF_0064.wav,bonafide,hi-en,186783,mucs2021,none,clean,eval
${DATA_ROOT}/interim/rvc_gate/bonafide_source/322882_XTscbPr78nzuHhuu_0061.wav,bonafide,hi-en,322882,mucs2021,none,clean,eval
${DATA_ROOT}/interim/rvc_gate/bonafide_source/413057_aKSsdMqkPfUWyYeS_0057.wav,bonafide,hi-en,413057,mucs2021,none,clean,eval
${DATA_ROOT}/interim/rvc_gate/bonafide_source/445718_H6Z2BkcyVtiuiN7A_0064.wav,bonafide,hi-en,445718,mucs2021,none,clean,eval
${DATA_ROOT}/interim/rvc_gate/bonafide_source/457295_WgzliDtK6Htff0g2_0068.wav,bonafide,hi-en,457295,mucs2021,none,clean,eval
${DATA_ROOT}/interim/rvc_gate/bonafide_source/539354_C3MtnFEDrRkWHSvJ_0060.wav,bonafide,hi-en,539354,mucs2021,none,clean,eval
${DATA_ROOT}/interim/rvc_gate/bonafide_source/541304_cyhxRWI0LoKYZvcw_0059.wav,bonafide,hi-en,541304,mucs2021,none,clean,eval
${DATA_ROOT}/interim/rvc_gate/bonafide_source/634568_jCgweujQVV5haVF1_0062.wav,bonafide,hi-en,634568,mucs2021,none,clean,eval
${DATA_ROOT}/interim/rvc_gate/bonafide_source/705494_fZcxLszRnIHxmVQp_0061.wav,bonafide,hi-en,705494,mucs2021,none,clean,eval
${DATA_ROOT}/interim/rvc_gate/bonafide_source/797767_TRInoJRJxAX3qv5C_0057.wav,bonafide,hi-en,797767,mucs2021,none,clean,eval
${DATA_ROOT}/interim/rvc_gate/bonafide_source/850754_wOTMMvC3WQ5YQRAF_0060.wav,bonafide,hi-en,850754,mucs2021,none,clean,eval
${DATA_ROOT}/interim/rvc_gate/bonafide_source/870582_crdH0AI5aH25bEXe_0065.wav,bonafide,hi-en,870582,mucs2021,none,clean,eval
${DATA_ROOT}/interim/rvc_gate/bonafide_source/876898_RyQSvr4r4iAMTYXq_0059.wav,bonafide,hi-en,876898,mucs2021,none,clean,eval
${DATA_ROOT}/interim/rvc_gate/bonafide_source/893273_8xh3ZKpPy5YhAnKX_0065.wav,bonafide,hi-en,893273,mucs2021,none,clean,eval
${DATA_ROOT}/interim/rvc_gate/bonafide_source/903756_K3X6AGezGWAoDe1q_0066.wav,bonafide,hi-en,903756,mucs2021,none,clean,eval
${DATA_ROOT}/interim/rvc_gate/bonafide_source/912184_V11NDc0lxudGbWQU_0060.wav,bonafide,hi-en,912184,mucs2021,none,clean,eval
${DATA_ROOT}/interim/rvc_gate/bonafide_source/987461_LSRBJiHdUoHm4BTI_0006.wav,bonafide,hi-en,987461,mucs2021,none,clean,eval
${DATA_ROOT}/interim/rvc_gate/bonafide_source/996368_n4ACC4gnqW0IM1wW_0057.wav,bonafide,hi-en,996368,mucs2021,none,clean,eval
${DATA_ROOT}/interim/rvc_gate/bonafide_source/106718_vE1rhq3ojNKZvQNv_0066.wav,bonafide,hi-en,106718,mucs2021,none,clean,eval
${DATA_ROOT}/interim/rvc_gate/bonafide_source/142970_DP5j8CLDeL6HHHSX_0065.wav,bonafide,hi-en,142970,mucs2021,none,clean,eval
${DATA_ROOT}/interim/rvc_gate/bonafide_source/177570_jSNK2zDaIvyZsMZp_0068.wav,bonafide,hi-en,177570,mucs2021,none,clean,eval
${DATA_ROOT}/interim/rvc_gate/bonafide_source/186783_LFpbaXkb8HuQ6DnF_0065.wav,bonafide,hi-en,186783,mucs2021,none,clean,eval
${DATA_ROOT}/interim/rvc_gate/bonafide_source/205240_F4KjmwYhWvnpSE0m_0020.wav,bonafide,hi-en,205240,mucs2021,none,clean,eval
${DATA_ROOT}/interim/rvc_gate/bonafide_source/322882_XTscbPr78nzuHhuu_0062.wav,bonafide,hi-en,322882,mucs2021,none,clean,eval
${DATA_ROOT}/interim/rvc_gate/bonafide_source/413057_aKSsdMqkPfUWyYeS_0058.wav,bonafide,hi-en,413057,mucs2021,none,clean,eval
${DATA_ROOT}/interim/rvc_gate/bonafide_source/445718_H6Z2BkcyVtiuiN7A_0065.wav,bonafide,hi-en,445718,mucs2021,none,clean,eval
${DATA_ROOT}/interim/rvc_gate/bonafide_source/457295_WgzliDtK6Htff0g2_0069.wav,bonafide,hi-en,457295,mucs2021,none,clean,eval
${DATA_ROOT}/interim/rvc_gate/bonafide_source/539226_vZGSoJPH1tbvsyCa_0020.wav,bonafide,hi-en,539226,mucs2021,none,clean,eval
${DATA_ROOT}/interim/rvc_gate/bonafide_source/539354_C3MtnFEDrRkWHSvJ_0061.wav,bonafide,hi-en,539354,mucs2021,none,clean,eval
${DATA_ROOT}/interim/rvc_gate/bonafide_source/541304_cyhxRWI0LoKYZvcw_0060.wav,bonafide,hi-en,541304,mucs2021,none,clean,eval
${DATA_ROOT}/interim/rvc_gate/bonafide_source/634568_jCgweujQVV5haVF1_0063.wav,bonafide,hi-en,634568,mucs2021,none,clean,eval
${DATA_ROOT}/interim/rvc_gate/bonafide_source/705494_fZcxLszRnIHxmVQp_0062.wav,bonafide,hi-en,705494,mucs2021,none,clean,eval
${DATA_ROOT}/interim/rvc_gate/bonafide_source/797767_TRInoJRJxAX3qv5C_0058.wav,bonafide,hi-en,797767,mucs2021,none,clean,eval
${DATA_ROOT}/interim/rvc_gate/bonafide_source/850754_wOTMMvC3WQ5YQRAF_0062.wav,bonafide,hi-en,850754,mucs2021,none,clean,eval
${DATA_ROOT}/interim/rvc_gate/bonafide_source/870582_crdH0AI5aH25bEXe_0068.wav,bonafide,hi-en,870582,mucs2021,none,clean,eval
${DATA_ROOT}/interim/rvc_gate/bonafide_source/876898_RyQSvr4r4iAMTYXq_0060.wav,bonafide,hi-en,876898,mucs2021,none,clean,eval
${DATA_ROOT}/interim/rvc_gate/bonafide_source/903756_K3X6AGezGWAoDe1q_0067.wav,bonafide,hi-en,903756,mucs2021,none,clean,eval
${DATA_ROOT}/interim/rvc_gate/bonafide_source/912184_V11NDc0lxudGbWQU_0061.wav,bonafide,hi-en,912184,mucs2021,none,clean,eval
${DATA_ROOT}/interim/rvc_gate/bonafide_source/996368_n4ACC4gnqW0IM1wW_0058.wav,bonafide,hi-en,996368,mucs2021,none,clean,eval
${DATA_ROOT}/interim/rvc_gate/bonafide_source/106718_vE1rhq3ojNKZvQNv_0067.wav,bonafide,hi-en,106718,mucs2021,none,clean,eval
${DATA_ROOT}/interim/rvc_gate/bonafide_source/142970_DP5j8CLDeL6HHHSX_0066.wav,bonafide,hi-en,142970,mucs2021,none,clean,eval
${DATA_ROOT}/interim/rvc_gate/bonafide_source/177570_jSNK2zDaIvyZsMZp_0069.wav,bonafide,hi-en,177570,mucs2021,none,clean,eval
${DATA_ROOT}/interim/rvc_gate/bonafide_source/186783_LFpbaXkb8HuQ6DnF_0066.wav,bonafide,hi-en,186783,mucs2021,none,clean,eval
${DATA_ROOT}/interim/rvc_gate/bonafide_source/322882_XTscbPr78nzuHhuu_0063.wav,bonafide,hi-en,322882,mucs2021,none,clean,eval
${DATA_ROOT}/interim/rvc_gate/bonafide_source/413057_aKSsdMqkPfUWyYeS_0059.wav,bonafide,hi-en,413057,mucs2021,none,clean,eval
${DATA_ROOT}/interim/rvc_gate/bonafide_source/445718_H6Z2BkcyVtiuiN7A_0066.wav,bonafide,hi-en,445718,mucs2021,none,clean,eval
${DATA_ROOT}/interim/rvc_gate/bonafide_source/457295_WgzliDtK6Htff0g2_0070.wav,bonafide,hi-en,457295,mucs2021,none,clean,eval
${DATA_ROOT}/interim/rvc_gate/bonafide_source/539226_vZGSoJPH1tbvsyCa_0021.wav,bonafide,hi-en,539226,mucs2021,none,clean,eval
${DATA_ROOT}/interim/rvc_gate/bonafide_source/539354_C3MtnFEDrRkWHSvJ_0062.wav,bonafide,hi-en,539354,mucs2021,none,clean,eval
${DATA_ROOT}/interim/rvc_gate/bonafide_source/541304_cyhxRWI0LoKYZvcw_0061.wav,bonafide,hi-en,541304,mucs2021,none,clean,eval
${DATA_ROOT}/interim/rvc_gate/bonafide_source/634568_jCgweujQVV5haVF1_0064.wav,bonafide,hi-en,634568,mucs2021,none,clean,eval
${DATA_ROOT}/interim/rvc_gate/bonafide_source/705494_fZcxLszRnIHxmVQp_0063.wav,bonafide,hi-en,705494,mucs2021,none,clean,eval
${DATA_ROOT}/interim/rvc_gate/bonafide_source/797767_TRInoJRJxAX3qv5C_0059.wav,bonafide,hi-en,797767,mucs2021,none,clean,eval
${DATA_ROOT}/interim/rvc_gate/bonafide_source/850754_wOTMMvC3WQ5YQRAF_0063.wav,bonafide,hi-en,850754,mucs2021,none,clean,eval
${DATA_ROOT}/interim/rvc_gate/bonafide_source/870582_crdH0AI5aH25bEXe_0069.wav,bonafide,hi-en,870582,mucs2021,none,clean,eval
${DATA_ROOT}/interim/rvc_gate/bonafide_source/876898_RyQSvr4r4iAMTYXq_0061.wav,bonafide,hi-en,876898,mucs2021,none,clean,eval
${DATA_ROOT}/interim/rvc_gate/bonafide_source/903756_K3X6AGezGWAoDe1q_0068.wav,bonafide,hi-en,903756,mucs2021,none,clean,eval
${DATA_ROOT}/interim/rvc_gate/bonafide_source/912184_V11NDc0lxudGbWQU_0062.wav,bonafide,hi-en,912184,mucs2021,none,clean,eval
${DATA_ROOT}/interim/rvc_gate/bonafide_source/996368_n4ACC4gnqW0IM1wW_0059.wav,bonafide,hi-en,996368,mucs2021,none,clean,eval
${DATA_ROOT}/interim/rvc_gate/bonafide_source/106718_vE1rhq3ojNKZvQNv_0068.wav,bonafide,hi-en,106718,mucs2021,none,clean,eval
${DATA_ROOT}/interim/rvc_gate/bonafide_source/142970_DP5j8CLDeL6HHHSX_0068.wav,bonafide,hi-en,142970,mucs2021,none,clean,eval
${DATA_ROOT}/interim/rvc_gate/bonafide_source/177570_jSNK2zDaIvyZsMZp_0070.wav,bonafide,hi-en,177570,mucs2021,none,clean,eval
${DATA_ROOT}/interim/rvc_gate/bonafide_source/186783_LFpbaXkb8HuQ6DnF_0067.wav,bonafide,hi-en,186783,mucs2021,none,clean,eval
${DATA_ROOT}/interim/rvc_gate/bonafide_source/322882_XTscbPr78nzuHhuu_0064.wav,bonafide,hi-en,322882,mucs2021,none,clean,eval
${DATA_ROOT}/interim/rvc_gate/bonafide_source/413057_aKSsdMqkPfUWyYeS_0060.wav,bonafide,hi-en,413057,mucs2021,none,clean,eval
${DATA_ROOT}/interim/rvc_gate/bonafide_source/445718_H6Z2BkcyVtiuiN7A_0067.wav,bonafide,hi-en,445718,mucs2021,none,clean,eval
${DATA_ROOT}/interim/rvc_gate/bonafide_source/457295_WgzliDtK6Htff0g2_0071.wav,bonafide,hi-en,457295,mucs2021,none,clean,eval
${DATA_ROOT}/interim/rvc_gate/bonafide_source/539354_C3MtnFEDrRkWHSvJ_0063.wav,bonafide,hi-en,539354,mucs2021,none,clean,eval
${DATA_ROOT}/interim/rvc_gate/bonafide_source/541304_cyhxRWI0LoKYZvcw_0062.wav,bonafide,hi-en,541304,mucs2021,none,clean,eval
${DATA_ROOT}/interim/rvc_gate/bonafide_source/634568_jCgweujQVV5haVF1_0065.wav,bonafide,hi-en,634568,mucs2021,none,clean,eval
${DATA_ROOT}/interim/rvc_gate/bonafide_source/705494_fZcxLszRnIHxmVQp_0064.wav,bonafide,hi-en,705494,mucs2021,none,clean,eval
${DATA_ROOT}/interim/rvc_gate/bonafide_source/797767_TRInoJRJxAX3qv5C_0060.wav,bonafide,hi-en,797767,mucs2021,none,clean,eval
${DATA_ROOT}/interim/rvc_gate/bonafide_source/850754_wOTMMvC3WQ5YQRAF_0064.wav,bonafide,hi-en,850754,mucs2021,none,clean,eval
${DATA_ROOT}/interim/rvc_gate/bonafide_source/870582_crdH0AI5aH25bEXe_0072.wav,bonafide,hi-en,870582,mucs2021,none,clean,eval
${DATA_ROOT}/interim/rvc_gate/bonafide_source/876898_RyQSvr4r4iAMTYXq_0062.wav,bonafide,hi-en,876898,mucs2021,none,clean,eval
${DATA_ROOT}/interim/rvc_gate/bonafide_source/903756_K3X6AGezGWAoDe1q_0069.wav,bonafide,hi-en,903756,mucs2021,none,clean,eval
${DATA_ROOT}/interim/rvc_gate/bonafide_source/912184_V11NDc0lxudGbWQU_0063.wav,bonafide,hi-en,912184,mucs2021,none,clean,eval
${DATA_ROOT}/interim/rvc_gate/bonafide_source/975912_1eNS3GaW1oHHurL4_0005.wav,bonafide,hi-en,975912,mucs2021,none,clean,eval
${DATA_ROOT}/interim/rvc_gate/bonafide_source/996368_n4ACC4gnqW0IM1wW_0060.wav,bonafide,hi-en,996368,mucs2021,none,clean,eval
${DATA_ROOT}/interim/rvc_gate/bonafide_source/106718_vE1rhq3ojNKZvQNv_0069.wav,bonafide,hi-en,106718,mucs2021,none,clean,eval
${DATA_ROOT}/interim/rvc_gate/bonafide_source/142970_DP5j8CLDeL6HHHSX_0069.wav,bonafide,hi-en,142970,mucs2021,none,clean,eval
${DATA_ROOT}/interim/rvc_gate/bonafide_source/177570_jSNK2zDaIvyZsMZp_0071.wav,bonafide,hi-en,177570,mucs2021,none,clean,eval
${DATA_ROOT}/interim/rvc_gate/bonafide_source/106718_vE1rhq3ojNKZvQNv_0071.wav,bonafide,hi-en,106718,mucs2021,none,clean,eval
${DATA_ROOT}/interim/rvc_gate/bonafide_source/142970_DP5j8CLDeL6HHHSX_0071.wav,bonafide,hi-en,142970,mucs2021,none,clean,eval
${DATA_ROOT}/interim/rvc_gate/bonafide_source/177570_jSNK2zDaIvyZsMZp_0073.wav,bonafide,hi-en,177570,mucs2021,none,clean,eval
${DATA_ROOT}/interim/rvc_gate/bonafide_source/322882_XTscbPr78nzuHhuu_0067.wav,bonafide,hi-en,322882,mucs2021,none,clean,eval
${DATA_ROOT}/interim/rvc_gate/bonafide_source/413057_aKSsdMqkPfUWyYeS_0063.wav,bonafide,hi-en,413057,mucs2021,none,clean,eval
${DATA_ROOT}/interim/rvc_gate/bonafide_source/445718_H6Z2BkcyVtiuiN7A_0071.wav,bonafide,hi-en,445718,mucs2021,none,clean,eval
${DATA_ROOT}/interim/rvc_gate/bonafide_source/457295_WgzliDtK6Htff0g2_0074.wav,bonafide,hi-en,457295,mucs2021,none,clean,eval
${DATA_ROOT}/interim/rvc_gate/bonafide_source/539354_C3MtnFEDrRkWHSvJ_0066.wav,bonafide,hi-en,539354,mucs2021,none,clean,eval
${DATA_ROOT}/interim/rvc_gate/bonafide_source/584991_1ijxO93RTIJh2Rzv_0064.wav,bonafide,hi-en,584991,mucs2021,none,clean,eval
${DATA_ROOT}/interim/rvc_gate/bonafide_source/634568_jCgweujQVV5haVF1_0070.wav,bonafide,hi-en,634568,mucs2021,none,clean,eval
${DATA_ROOT}/interim/rvc_gate/bonafide_source/705494_fZcxLszRnIHxmVQp_0067.wav,bonafide,hi-en,705494,mucs2021,none,clean,eval
${DATA_ROOT}/interim/rvc_gate/bonafide_source/797767_TRInoJRJxAX3qv5C_0063.wav,bonafide,hi-en,797767,mucs2021,none,clean,eval
${DATA_ROOT}/interim/rvc_gate/bonafide_source/850754_wOTMMvC3WQ5YQRAF_0067.wav,bonafide,hi-en,850754,mucs2021,none,clean,eval
${DATA_ROOT}/interim/rvc_gate/bonafide_source/870582_crdH0AI5aH25bEXe_0075.wav,bonafide,hi-en,870582,mucs2021,none,clean,eval
${DATA_ROOT}/interim/rvc_gate/bonafide_source/876898_RyQSvr4r4iAMTYXq_0065.wav,bonafide,hi-en,876898,mucs2021,none,clean,eval
${DATA_ROOT}/interim/rvc_gate/bonafide_source/893273_8xh3ZKpPy5YhAnKX_0006.wav,bonafide,hi-en,893273,mucs2021,none,clean,eval
${DATA_ROOT}/interim/rvc_gate/bonafide_source/903756_K3X6AGezGWAoDe1q_0072.wav,bonafide,hi-en,903756,mucs2021,none,clean,eval
${DATA_ROOT}/interim/rvc_gate/bonafide_source/912184_V11NDc0lxudGbWQU_0067.wav,bonafide,hi-en,912184,mucs2021,none,clean,eval
${DATA_ROOT}/interim/rvc_gate/bonafide_source/987461_LSRBJiHdUoHm4BTI_0012.wav,bonafide,hi-en,987461,mucs2021,none,clean,eval
${DATA_ROOT}/interim/rvc_gate/bonafide_source/996368_n4ACC4gnqW0IM1wW_0063.wav,bonafide,hi-en,996368,mucs2021,none,clean,eval
${DATA_ROOT}/interim/rvc_gate/bonafide_source/106718_vE1rhq3ojNKZvQNv_0072.wav,bonafide,hi-en,106718,mucs2021,none,clean,eval
${DATA_ROOT}/interim/rvc_gate/bonafide_source/142970_DP5j8CLDeL6HHHSX_0072.wav,bonafide,hi-en,142970,mucs2021,none,clean,eval
${DATA_ROOT}/interim/rvc_gate/bonafide_source/177570_jSNK2zDaIvyZsMZp_0074.wav,bonafide,hi-en,177570,mucs2021,none,clean,eval
${DATA_ROOT}/interim/rvc_gate/bonafide_source/322882_XTscbPr78nzuHhuu_0069.wav,bonafide,hi-en,322882,mucs2021,none,clean,eval
${DATA_ROOT}/interim/rvc_gate/bonafide_source/413057_aKSsdMqkPfUWyYeS_0064.wav,bonafide,hi-en,413057,mucs2021,none,clean,eval
${DATA_ROOT}/interim/rvc_gate/bonafide_source/445718_H6Z2BkcyVtiuiN7A_0072.wav,bonafide,hi-en,445718,mucs2021,none,clean,eval
${DATA_ROOT}/interim/rvc_gate/bonafide_source/457295_WgzliDtK6Htff0g2_0075.wav,bonafide,hi-en,457295,mucs2021,none,clean,eval
${DATA_ROOT}/interim/rvc_gate/bonafide_source/539354_C3MtnFEDrRkWHSvJ_0067.wav,bonafide,hi-en,539354,mucs2021,none,clean,eval
${DATA_ROOT}/interim/rvc_gate/bonafide_source/584991_1ijxO93RTIJh2Rzv_0065.wav,bonafide,hi-en,584991,mucs2021,none,clean,eval
${DATA_ROOT}/interim/rvc_gate/bonafide_source/634568_jCgweujQVV5haVF1_0071.wav,bonafide,hi-en,634568,mucs2021,none,clean,eval
${DATA_ROOT}/interim/rvc_gate/bonafide_source/705494_fZcxLszRnIHxmVQp_0068.wav,bonafide,hi-en,705494,mucs2021,none,clean,eval
${DATA_ROOT}/interim/rvc_gate/bonafide_source/797767_TRInoJRJxAX3qv5C_0064.wav,bonafide,hi-en,797767,mucs2021,none,clean,eval
${DATA_ROOT}/interim/rvc_gate/bonafide_source/850754_wOTMMvC3WQ5YQRAF_0068.wav,bonafide,hi-en,850754,mucs2021,none,clean,eval
${DATA_ROOT}/interim/rvc_gate/bonafide_source/870582_crdH0AI5aH25bEXe_0076.wav,bonafide,hi-en,870582,mucs2021,none,clean,eval
${DATA_ROOT}/interim/rvc_gate/bonafide_source/876898_RyQSvr4r4iAMTYXq_0067.wav,bonafide,hi-en,876898,mucs2021,none,clean,eval
${DATA_ROOT}/interim/rvc_gate/bonafide_source/893273_8xh3ZKpPy5YhAnKX_0007.wav,bonafide,hi-en,893273,mucs2021,none,clean,eval
${DATA_ROOT}/interim/rvc_gate/bonafide_source/903756_K3X6AGezGWAoDe1q_0073.wav,bonafide,hi-en,903756,mucs2021,none,clean,eval
${DATA_ROOT}/interim/rvc_gate/bonafide_source/912184_V11NDc0lxudGbWQU_0068.wav,bonafide,hi-en,912184,mucs2021,none,clean,eval
${DATA_ROOT}/interim/rvc_gate/bonafide_source/987461_LSRBJiHdUoHm4BTI_0013.wav,bonafide,hi-en,987461,mucs2021,none,clean,eval
${DATA_ROOT}/interim/rvc_gate/bonafide_source/996368_n4ACC4gnqW0IM1wW_0064.wav,bonafide,hi-en,996368,mucs2021,none,clean,eval
${DATA_ROOT}/interim/rvc_gate/bonafide_source/106718_vE1rhq3ojNKZvQNv_0073.wav,bonafide,hi-en,106718,mucs2021,none,clean,eval
${DATA_ROOT}/interim/rvc_gate/bonafide_source/142970_DP5j8CLDeL6HHHSX_0073.wav,bonafide,hi-en,142970,mucs2021,none,clean,eval
${DATA_ROOT}/interim/rvc_gate/bonafide_source/177570_jSNK2zDaIvyZsMZp_0075.wav,bonafide,hi-en,177570,mucs2021,none,clean,eval
${DATA_ROOT}/interim/rvc_gate/bonafide_source/205240_F4KjmwYhWvnpSE0m_0031.wav,bonafide,hi-en,205240,mucs2021,none,clean,eval
${DATA_ROOT}/interim/rvc_gate/bonafide_source/322882_XTscbPr78nzuHhuu_0070.wav,bonafide,hi-en,322882,mucs2021,none,clean,eval
${DATA_ROOT}/interim/rvc_gate/bonafide_source/413057_aKSsdMqkPfUWyYeS_0065.wav,bonafide,hi-en,413057,mucs2021,none,clean,eval
${DATA_ROOT}/interim/rvc_gate/bonafide_source/445718_H6Z2BkcyVtiuiN7A_0074.wav,bonafide,hi-en,445718,mucs2021,none,clean,eval
${DATA_ROOT}/interim/rvc_gate/bonafide_source/457295_WgzliDtK6Htff0g2_0076.wav,bonafide,hi-en,457295,mucs2021,none,clean,eval
${DATA_ROOT}/interim/rvc_gate/bonafide_source/539226_vZGSoJPH1tbvsyCa_0027.wav,bonafide,hi-en,539226,mucs2021,none,clean,eval
${DATA_ROOT}/interim/rvc_gate/bonafide_source/539354_C3MtnFEDrRkWHSvJ_0068.wav,bonafide,hi-en,539354,mucs2021,none,clean,eval
${DATA_ROOT}/interim/rvc_gate/bonafide_source/584991_1ijxO93RTIJh2Rzv_0066.wav,bonafide,hi-en,584991,mucs2021,none,clean,eval
${DATA_ROOT}/interim/rvc_gate/bonafide_source/634568_jCgweujQVV5haVF1_0072.wav,bonafide,hi-en,634568,mucs2021,none,clean,eval
${DATA_ROOT}/interim/rvc_gate/bonafide_source/705494_fZcxLszRnIHxmVQp_0069.wav,bonafide,hi-en,705494,mucs2021,none,clean,eval
${DATA_ROOT}/interim/rvc_gate/bonafide_source/797767_TRInoJRJxAX3qv5C_0065.wav,bonafide,hi-en,797767,mucs2021,none,clean,eval
${DATA_ROOT}/interim/rvc_gate/bonafide_source/850754_wOTMMvC3WQ5YQRAF_0069.wav,bonafide,hi-en,850754,mucs2021,none,clean,eval
${DATA_ROOT}/interim/rvc_gate/bonafide_source/870582_crdH0AI5aH25bEXe_0077.wav,bonafide,hi-en,870582,mucs2021,none,clean,eval
${DATA_ROOT}/interim/rvc_gate/bonafide_source/876898_RyQSvr4r4iAMTYXq_0068.wav,bonafide,hi-en,876898,mucs2021,none,clean,eval
${DATA_ROOT}/interim/rvc_gate/bonafide_source/903756_K3X6AGezGWAoDe1q_0075.wav,bonafide,hi-en,903756,mucs2021,none,clean,eval
${DATA_ROOT}/interim/rvc_gate/bonafide_source/912184_V11NDc0lxudGbWQU_0069.wav,bonafide,hi-en,912184,mucs2021,none,clean,eval
${DATA_ROOT}/interim/rvc_gate/bonafide_source/996368_n4ACC4gnqW0IM1wW_0065.wav,bonafide,hi-en,996368,mucs2021,none,clean,eval
${DATA_ROOT}/interim/rvc_gate/bonafide_source/106718_vE1rhq3ojNKZvQNv_0074.wav,bonafide,hi-en,106718,mucs2021,none,clean,eval
${DATA_ROOT}/interim/rvc_gate/bonafide_source/142970_DP5j8CLDeL6HHHSX_0076.wav,bonafide,hi-en,142970,mucs2021,none,clean,eval
${DATA_ROOT}/interim/rvc_gate/bonafide_source/177570_jSNK2zDaIvyZsMZp_0076.wav,bonafide,hi-en,177570,mucs2021,none,clean,eval
${DATA_ROOT}/interim/rvc_gate/bonafide_source/322882_XTscbPr78nzuHhuu_0071.wav,bonafide,hi-en,322882,mucs2021,none,clean,eval
${DATA_ROOT}/interim/rvc_gate/bonafide_source/413057_aKSsdMqkPfUWyYeS_0066.wav,bonafide,hi-en,413057,mucs2021,none,clean,eval
${DATA_ROOT}/interim/rvc_gate/bonafide_source/445718_H6Z2BkcyVtiuiN7A_0075.wav,bonafide,hi-en,445718,mucs2021,none,clean,eval
${DATA_ROOT}/interim/rvc_gate/bonafide_source/457295_WgzliDtK6Htff0g2_0077.wav,bonafide,hi-en,457295,mucs2021,none,clean,eval
${DATA_ROOT}/interim/rvc_gate/bonafide_source/539226_vZGSoJPH1tbvsyCa_0028.wav,bonafide,hi-en,539226,mucs2021,none,clean,eval
${DATA_ROOT}/interim/rvc_gate/bonafide_source/539354_C3MtnFEDrRkWHSvJ_0069.wav,bonafide,hi-en,539354,mucs2021,none,clean,eval
${DATA_ROOT}/interim/rvc_gate/bonafide_source/584991_1ijxO93RTIJh2Rzv_0067.wav,bonafide,hi-en,584991,mucs2021,none,clean,eval
${DATA_ROOT}/interim/rvc_gate/bonafide_source/634568_jCgweujQVV5haVF1_0073.wav,bonafide,hi-en,634568,mucs2021,none,clean,eval
${DATA_ROOT}/interim/rvc_gate/bonafide_source/705494_fZcxLszRnIHxmVQp_0070.wav,bonafide,hi-en,705494,mucs2021,none,clean,eval
${DATA_ROOT}/interim/rvc_gate/bonafide_source/797767_TRInoJRJxAX3qv5C_0066.wav,bonafide,hi-en,797767,mucs2021,none,clean,eval
${DATA_ROOT}/interim/rvc_gate/bonafide_source/850754_wOTMMvC3WQ5YQRAF_0070.wav,bonafide,hi-en,850754,mucs2021,none,clean,eval
${DATA_ROOT}/interim/rvc_gate/bonafide_source/870582_crdH0AI5aH25bEXe_0079.wav,bonafide,hi-en,870582,mucs2021,none,clean,eval
${DATA_ROOT}/interim/rvc_gate/bonafide_source/876898_RyQSvr4r4iAMTYXq_0069.wav,bonafide,hi-en,876898,mucs2021,none,clean,eval
${DATA_ROOT}/interim/rvc_gate/bonafide_source/903756_K3X6AGezGWAoDe1q_0076.wav,bonafide,hi-en,903756,mucs2021,none,clean,eval
${DATA_ROOT}/interim/rvc_gate/bonafide_source/912184_V11NDc0lxudGbWQU_0070.wav,bonafide,hi-en,912184,mucs2021,none,clean,eval
${DATA_ROOT}/interim/rvc_gate/bonafide_source/996368_n4ACC4gnqW0IM1wW_0066.wav,bonafide,hi-en,996368,mucs2021,none,clean,eval
${DATA_ROOT}/interim/rvc_gate/bonafide_source/106718_vE1rhq3ojNKZvQNv_0075.wav,bonafide,hi-en,106718,mucs2021,none,clean,eval
${DATA_ROOT}/interim/rvc_gate/bonafide_source/142970_DP5j8CLDeL6HHHSX_0077.wav,bonafide,hi-en,142970,mucs2021,none,clean,eval
${DATA_ROOT}/interim/rvc_gate/bonafide_source/177570_jSNK2zDaIvyZsMZp_0077.wav,bonafide,hi-en,177570,mucs2021,none,clean,eval
${DATA_ROOT}/interim/rvc_gate/bonafide_source/186783_LFpbaXkb8HuQ6DnF_0006.wav,bonafide,hi-en,186783,mucs2021,none,clean,eval
${DATA_ROOT}/interim/rvc_gate/bonafide_source/322882_XTscbPr78nzuHhuu_0072.wav,bonafide,hi-en,322882,mucs2021,none,clean,eval
${DATA_ROOT}/interim/rvc_gate/bonafide_source/413057_aKSsdMqkPfUWyYeS_0067.wav,bonafide,hi-en,413057,mucs2021,none,clean,eval
${DATA_ROOT}/interim/rvc_gate/bonafide_source/445718_H6Z2BkcyVtiuiN7A_0076.wav,bonafide,hi-en,445718,mucs2021,none,clean,eval
${DATA_ROOT}/interim/rvc_gate/bonafide_source/457295_WgzliDtK6Htff0g2_0078.wav,bonafide,hi-en,457295,mucs2021,none,clean,eval
${DATA_ROOT}/interim/rvc_gate/bonafide_source/539354_C3MtnFEDrRkWHSvJ_0070.wav,bonafide,hi-en,539354,mucs2021,none,clean,eval
${DATA_ROOT}/interim/rvc_gate/bonafide_source/584991_1ijxO93RTIJh2Rzv_0068.wav,bonafide,hi-en,584991,mucs2021,none,clean,eval
${DATA_ROOT}/interim/rvc_gate/bonafide_source/634568_jCgweujQVV5haVF1_0074.wav,bonafide,hi-en,634568,mucs2021,none,clean,eval
${DATA_ROOT}/interim/rvc_gate/bonafide_source/705494_fZcxLszRnIHxmVQp_0071.wav,bonafide,hi-en,705494,mucs2021,none,clean,eval
${DATA_ROOT}/interim/rvc_gate/bonafide_source/797767_TRInoJRJxAX3qv5C_0067.wav,bonafide,hi-en,797767,mucs2021,none,clean,eval
${DATA_ROOT}/interim/rvc_gate/bonafide_source/850754_wOTMMvC3WQ5YQRAF_0071.wav,bonafide,hi-en,850754,mucs2021,none,clean,eval
${DATA_ROOT}/interim/rvc_gate/bonafide_source/870582_crdH0AI5aH25bEXe_0080.wav,bonafide,hi-en,870582,mucs2021,none,clean,eval
${DATA_ROOT}/interim/rvc_gate/bonafide_source/876898_RyQSvr4r4iAMTYXq_0070.wav,bonafide,hi-en,876898,mucs2021,none,clean,eval
${DATA_ROOT}/interim/rvc_gate/bonafide_source/903756_K3X6AGezGWAoDe1q_0077.wav,bonafide,hi-en,903756,mucs2021,none,clean,eval
${DATA_ROOT}/interim/rvc_gate/bonafide_source/912184_V11NDc0lxudGbWQU_0071.wav,bonafide,hi-en,912184,mucs2021,none,clean,eval
${DATA_ROOT}/interim/rvc_gate/bonafide_source/975912_1eNS3GaW1oHHurL4_0012.wav,bonafide,hi-en,975912,mucs2021,none,clean,eval
${DATA_ROOT}/interim/rvc_gate/bonafide_source/996368_n4ACC4gnqW0IM1wW_0067.wav,bonafide,hi-en,996368,mucs2021,none,clean,eval
${DATA_ROOT}/interim/rvc_gate/bonafide_source/106718_vE1rhq3ojNKZvQNv_0076.wav,bonafide,hi-en,106718,mucs2021,none,clean,eval
${DATA_ROOT}/interim/rvc_gate/bonafide_source/142970_DP5j8CLDeL6HHHSX_0078.wav,bonafide,hi-en,142970,mucs2021,none,clean,eval
${DATA_ROOT}/interim/rvc_gate/bonafide_source/177570_jSNK2zDaIvyZsMZp_0078.wav,bonafide,hi-en,177570,mucs2021,none,clean,eval
${DATA_ROOT}/interim/rvc_gate/bonafide_source/106718_vE1rhq3ojNKZvQNv_0079.wav,bonafide,hi-en,106718,mucs2021,none,clean,eval
${DATA_ROOT}/interim/rvc_gate/bonafide_source/142970_DP5j8CLDeL6HHHSX_0080.wav,bonafide,hi-en,142970,mucs2021,none,clean,eval
${DATA_ROOT}/interim/rvc_gate/bonafide_source/177570_jSNK2zDaIvyZsMZp_0080.wav,bonafide,hi-en,177570,mucs2021,none,clean,eval
${DATA_ROOT}/interim/rvc_gate/bonafide_source/322882_XTscbPr78nzuHhuu_0075.wav,bonafide,hi-en,322882,mucs2021,none,clean,eval
${DATA_ROOT}/interim/rvc_gate/bonafide_source/413057_aKSsdMqkPfUWyYeS_0070.wav,bonafide,hi-en,413057,mucs2021,none,clean,eval
${DATA_ROOT}/interim/rvc_gate/bonafide_source/445718_H6Z2BkcyVtiuiN7A_0079.wav,bonafide,hi-en,445718,mucs2021,none,clean,eval
${DATA_ROOT}/interim/rvc_gate/bonafide_source/457295_WgzliDtK6Htff0g2_0082.wav,bonafide,hi-en,457295,mucs2021,none,clean,eval
${DATA_ROOT}/interim/rvc_gate/bonafide_source/539354_C3MtnFEDrRkWHSvJ_0073.wav,bonafide,hi-en,539354,mucs2021,none,clean,eval
${DATA_ROOT}/interim/rvc_gate/bonafide_source/541304_cyhxRWI0LoKYZvcw_0073.wav,bonafide,hi-en,541304,mucs2021,none,clean,eval
${DATA_ROOT}/interim/rvc_gate/bonafide_source/584991_1ijxO93RTIJh2Rzv_0071.wav,bonafide,hi-en,584991,mucs2021,none,clean,eval
${DATA_ROOT}/interim/rvc_gate/bonafide_source/634568_jCgweujQVV5haVF1_0079.wav,bonafide,hi-en,634568,mucs2021,none,clean,eval
${DATA_ROOT}/interim/rvc_gate/bonafide_source/705494_fZcxLszRnIHxmVQp_0074.wav,bonafide,hi-en,705494,mucs2021,none,clean,eval
${DATA_ROOT}/interim/rvc_gate/bonafide_source/797767_TRInoJRJxAX3qv5C_0070.wav,bonafide,hi-en,797767,mucs2021,none,clean,eval
${DATA_ROOT}/interim/rvc_gate/bonafide_source/850754_wOTMMvC3WQ5YQRAF_0074.wav,bonafide,hi-en,850754,mucs2021,none,clean,eval
${DATA_ROOT}/interim/rvc_gate/bonafide_source/893273_8xh3ZKpPy5YhAnKX_0015.wav,bonafide,hi-en,893273,mucs2021,none,clean,eval
${DATA_ROOT}/interim/rvc_gate/bonafide_source/903756_K3X6AGezGWAoDe1q_0081.wav,bonafide,hi-en,903756,mucs2021,none,clean,eval
${DATA_ROOT}/interim/rvc_gate/bonafide_source/912184_V11NDc0lxudGbWQU_0074.wav,bonafide,hi-en,912184,mucs2021,none,clean,eval
${DATA_ROOT}/interim/rvc_gate/bonafide_source/987461_LSRBJiHdUoHm4BTI_0020.wav,bonafide,hi-en,987461,mucs2021,none,clean,eval
${DATA_ROOT}/interim/rvc_gate/bonafide_source/996368_n4ACC4gnqW0IM1wW_0070.wav,bonafide,hi-en,996368,mucs2021,none,clean,eval
${DATA_ROOT}/interim/rvc_gate/bonafide_source/106718_vE1rhq3ojNKZvQNv_0080.wav,bonafide,hi-en,106718,mucs2021,none,clean,eval
${DATA_ROOT}/interim/rvc_gate/bonafide_source/142970_DP5j8CLDeL6HHHSX_0081.wav,bonafide,hi-en,142970,mucs2021,none,clean,eval
${DATA_ROOT}/interim/rvc_gate/bonafide_source/177570_jSNK2zDaIvyZsMZp_0081.wav,bonafide,hi-en,177570,mucs2021,none,clean,eval
${DATA_ROOT}/interim/rvc_gate/bonafide_source/322882_XTscbPr78nzuHhuu_0076.wav,bonafide,hi-en,322882,mucs2021,none,clean,eval
${DATA_ROOT}/interim/rvc_gate/bonafide_source/445718_H6Z2BkcyVtiuiN7A_0080.wav,bonafide,hi-en,445718,mucs2021,none,clean,eval
${DATA_ROOT}/interim/rvc_gate/bonafide_source/457295_WgzliDtK6Htff0g2_0083.wav,bonafide,hi-en,457295,mucs2021,none,clean,eval
${DATA_ROOT}/interim/rvc_gate/bonafide_source/539354_C3MtnFEDrRkWHSvJ_0074.wav,bonafide,hi-en,539354,mucs2021,none,clean,eval
${DATA_ROOT}/interim/rvc_gate/bonafide_source/541304_cyhxRWI0LoKYZvcw_0074.wav,bonafide,hi-en,541304,mucs2021,none,clean,eval
${DATA_ROOT}/interim/rvc_gate/bonafide_source/584991_1ijxO93RTIJh2Rzv_0072.wav,bonafide,hi-en,584991,mucs2021,none,clean,eval
${DATA_ROOT}/interim/rvc_gate/bonafide_source/634568_jCgweujQVV5haVF1_0080.wav,bonafide,hi-en,634568,mucs2021,none,clean,eval
${DATA_ROOT}/interim/rvc_gate/bonafide_source/705494_fZcxLszRnIHxmVQp_0075.wav,bonafide,hi-en,705494,mucs2021,none,clean,eval
${DATA_ROOT}/interim/rvc_gate/bonafide_source/850754_wOTMMvC3WQ5YQRAF_0075.wav,bonafide,hi-en,850754,mucs2021,none,clean,eval
${DATA_ROOT}/interim/rvc_gate/bonafide_source/893273_8xh3ZKpPy5YhAnKX_0016.wav,bonafide,hi-en,893273,mucs2021,none,clean,eval
${DATA_ROOT}/interim/rvc_gate/bonafide_source/903756_K3X6AGezGWAoDe1q_0083.wav,bonafide,hi-en,903756,mucs2021,none,clean,eval
${DATA_ROOT}/interim/rvc_gate/bonafide_source/987461_LSRBJiHdUoHm4BTI_0021.wav,bonafide,hi-en,987461,mucs2021,none,clean,eval
${DATA_ROOT}/interim/rvc_gate/bonafide_source/996368_n4ACC4gnqW0IM1wW_0071.wav,bonafide,hi-en,996368,mucs2021,none,clean,eval
${DATA_ROOT}/interim/rvc_gate/bonafide_source/106718_vE1rhq3ojNKZvQNv_0081.wav,bonafide,hi-en,106718,mucs2021,none,clean,eval
${DATA_ROOT}/interim/rvc_gate/bonafide_source/142970_DP5j8CLDeL6HHHSX_0082.wav,bonafide,hi-en,142970,mucs2021,none,clean,eval
${DATA_ROOT}/interim/rvc_gate/bonafide_source/177570_jSNK2zDaIvyZsMZp_0082.wav,bonafide,hi-en,177570,mucs2021,none,clean,eval
${DATA_ROOT}/interim/rvc_gate/bonafide_source/205240_F4KjmwYhWvnpSE0m_0038.wav,bonafide,hi-en,205240,mucs2021,none,clean,eval
${DATA_ROOT}/interim/rvc_gate/bonafide_source/322882_XTscbPr78nzuHhuu_0077.wav,bonafide,hi-en,322882,mucs2021,none,clean,eval
${DATA_ROOT}/interim/rvc_gate/bonafide_source/445718_H6Z2BkcyVtiuiN7A_0081.wav,bonafide,hi-en,445718,mucs2021,none,clean,eval
${DATA_ROOT}/interim/rvc_gate/bonafide_source/457295_WgzliDtK6Htff0g2_0084.wav,bonafide,hi-en,457295,mucs2021,none,clean,eval
${DATA_ROOT}/interim/rvc_gate/bonafide_source/539226_vZGSoJPH1tbvsyCa_0035.wav,bonafide,hi-en,539226,mucs2021,none,clean,eval
${DATA_ROOT}/interim/rvc_gate/bonafide_source/539354_C3MtnFEDrRkWHSvJ_0075.wav,bonafide,hi-en,539354,mucs2021,none,clean,eval
${DATA_ROOT}/interim/rvc_gate/bonafide_source/541304_cyhxRWI0LoKYZvcw_0075.wav,bonafide,hi-en,541304,mucs2021,none,clean,eval
${DATA_ROOT}/interim/rvc_gate/bonafide_source/584991_1ijxO93RTIJh2Rzv_0073.wav,bonafide,hi-en,584991,mucs2021,none,clean,eval
${DATA_ROOT}/interim/rvc_gate/bonafide_source/634568_jCgweujQVV5haVF1_0081.wav,bonafide,hi-en,634568,mucs2021,none,clean,eval
${DATA_ROOT}/interim/rvc_gate/bonafide_source/705494_fZcxLszRnIHxmVQp_0076.wav,bonafide,hi-en,705494,mucs2021,none,clean,eval
${DATA_ROOT}/interim/rvc_gate/bonafide_source/850754_wOTMMvC3WQ5YQRAF_0076.wav,bonafide,hi-en,850754,mucs2021,none,clean,eval
${DATA_ROOT}/interim/rvc_gate/bonafide_source/903756_K3X6AGezGWAoDe1q_0085.wav,bonafide,hi-en,903756,mucs2021,none,clean,eval
${DATA_ROOT}/interim/rvc_gate/bonafide_source/996368_n4ACC4gnqW0IM1wW_0072.wav,bonafide,hi-en,996368,mucs2021,none,clean,eval
${DATA_ROOT}/interim/rvc_gate/bonafide_source/106718_vE1rhq3ojNKZvQNv_0082.wav,bonafide,hi-en,106718,mucs2021,none,clean,eval
${DATA_ROOT}/interim/rvc_gate/bonafide_source/142970_DP5j8CLDeL6HHHSX_0084.wav,bonafide,hi-en,142970,mucs2021,none,clean,eval
${DATA_ROOT}/interim/rvc_gate/bonafide_source/177570_jSNK2zDaIvyZsMZp_0083.wav,bonafide,hi-en,177570,mucs2021,none,clean,eval
${DATA_ROOT}/interim/rvc_gate/bonafide_source/322882_XTscbPr78nzuHhuu_0078.wav,bonafide,hi-en,322882,mucs2021,none,clean,eval
${DATA_ROOT}/interim/rvc_gate/bonafide_source/445718_H6Z2BkcyVtiuiN7A_0082.wav,bonafide,hi-en,445718,mucs2021,none,clean,eval
${DATA_ROOT}/interim/rvc_gate/bonafide_source/457295_WgzliDtK6Htff0g2_0085.wav,bonafide,hi-en,457295,mucs2021,none,clean,eval
${DATA_ROOT}/interim/rvc_gate/bonafide_source/539226_vZGSoJPH1tbvsyCa_0036.wav,bonafide,hi-en,539226,mucs2021,none,clean,eval
${DATA_ROOT}/interim/rvc_gate/bonafide_source/539354_C3MtnFEDrRkWHSvJ_0076.wav,bonafide,hi-en,539354,mucs2021,none,clean,eval
${DATA_ROOT}/interim/rvc_gate/bonafide_source/541304_cyhxRWI0LoKYZvcw_0076.wav,bonafide,hi-en,541304,mucs2021,none,clean,eval
${DATA_ROOT}/interim/rvc_gate/bonafide_source/584991_1ijxO93RTIJh2Rzv_0074.wav,bonafide,hi-en,584991,mucs2021,none,clean,eval
${DATA_ROOT}/interim/rvc_gate/bonafide_source/634568_jCgweujQVV5haVF1_0082.wav,bonafide,hi-en,634568,mucs2021,none,clean,eval
${DATA_ROOT}/interim/rvc_gate/bonafide_source/705494_fZcxLszRnIHxmVQp_0077.wav,bonafide,hi-en,705494,mucs2021,none,clean,eval
${DATA_ROOT}/interim/rvc_gate/bonafide_source/850754_wOTMMvC3WQ5YQRAF_0077.wav,bonafide,hi-en,850754,mucs2021,none,clean,eval
${DATA_ROOT}/interim/rvc_gate/bonafide_source/903756_K3X6AGezGWAoDe1q_0086.wav,bonafide,hi-en,903756,mucs2021,none,clean,eval
${DATA_ROOT}/interim/rvc_gate/bonafide_source/996368_n4ACC4gnqW0IM1wW_0073.wav,bonafide,hi-en,996368,mucs2021,none,clean,eval
${DATA_ROOT}/interim/rvc_gate/bonafide_source/106718_vE1rhq3ojNKZvQNv_0083.wav,bonafide,hi-en,106718,mucs2021,none,clean,eval
${DATA_ROOT}/interim/rvc_gate/bonafide_source/142970_DP5j8CLDeL6HHHSX_0085.wav,bonafide,hi-en,142970,mucs2021,none,clean,eval
${DATA_ROOT}/interim/rvc_gate/bonafide_source/177570_jSNK2zDaIvyZsMZp_0084.wav,bonafide,hi-en,177570,mucs2021,none,clean,eval
${DATA_ROOT}/interim/rvc_gate/bonafide_source/186783_LFpbaXkb8HuQ6DnF_0013.wav,bonafide,hi-en,186783,mucs2021,none,clean,eval
${DATA_ROOT}/interim/rvc_gate/bonafide_source/322882_XTscbPr78nzuHhuu_0079.wav,bonafide,hi-en,322882,mucs2021,none,clean,eval
${DATA_ROOT}/interim/rvc_gate/bonafide_source/445718_H6Z2BkcyVtiuiN7A_0083.wav,bonafide,hi-en,445718,mucs2021,none,clean,eval
${DATA_ROOT}/interim/rvc_gate/bonafide_source/457295_WgzliDtK6Htff0g2_0086.wav,bonafide,hi-en,457295,mucs2021,none,clean,eval
${DATA_ROOT}/interim/rvc_gate/bonafide_source/539354_C3MtnFEDrRkWHSvJ_0077.wav,bonafide,hi-en,539354,mucs2021,none,clean,eval
${DATA_ROOT}/interim/rvc_gate/bonafide_source/541304_cyhxRWI0LoKYZvcw_0077.wav,bonafide,hi-en,541304,mucs2021,none,clean,eval
${DATA_ROOT}/interim/rvc_gate/bonafide_source/584991_1ijxO93RTIJh2Rzv_0075.wav,bonafide,hi-en,584991,mucs2021,none,clean,eval
${DATA_ROOT}/interim/rvc_gate/bonafide_source/634568_jCgweujQVV5haVF1_0083.wav,bonafide,hi-en,634568,mucs2021,none,clean,eval
${DATA_ROOT}/interim/rvc_gate/bonafide_source/705494_fZcxLszRnIHxmVQp_0078.wav,bonafide,hi-en,705494,mucs2021,none,clean,eval
${DATA_ROOT}/interim/rvc_gate/bonafide_source/850754_wOTMMvC3WQ5YQRAF_0078.wav,bonafide,hi-en,850754,mucs2021,none,clean,eval
${DATA_ROOT}/interim/rvc_gate/bonafide_source/903756_K3X6AGezGWAoDe1q_0087.wav,bonafide,hi-en,903756,mucs2021,none,clean,eval
${DATA_ROOT}/interim/rvc_gate/bonafide_source/975912_1eNS3GaW1oHHurL4_0019.wav,bonafide,hi-en,975912,mucs2021,none,clean,eval
${DATA_ROOT}/interim/rvc_gate/bonafide_source/996368_n4ACC4gnqW0IM1wW_0074.wav,bonafide,hi-en,996368,mucs2021,none,clean,eval
${DATA_ROOT}/interim/rvc_gate/bonafide_source/106718_vE1rhq3ojNKZvQNv_0084.wav,bonafide,hi-en,106718,mucs2021,none,clean,eval
${DATA_ROOT}/interim/rvc_gate/bonafide_source/142970_DP5j8CLDeL6HHHSX_0086.wav,bonafide,hi-en,142970,mucs2021,none,clean,eval
${DATA_ROOT}/interim/rvc_gate/bonafide_source/177570_jSNK2zDaIvyZsMZp_0085.wav,bonafide,hi-en,177570,mucs2021,none,clean,eval
${DATA_ROOT}/interim/rvc_gate/bonafide_source/106718_vE1rhq3ojNKZvQNv_0087.wav,bonafide,hi-en,106718,mucs2021,none,clean,eval
${DATA_ROOT}/interim/rvc_gate/bonafide_source/142970_DP5j8CLDeL6HHHSX_0088.wav,bonafide,hi-en,142970,mucs2021,none,clean,eval
${DATA_ROOT}/interim/rvc_gate/bonafide_source/177570_jSNK2zDaIvyZsMZp_0088.wav,bonafide,hi-en,177570,mucs2021,none,clean,eval
${DATA_ROOT}/interim/rvc_gate/bonafide_source/322882_XTscbPr78nzuHhuu_0082.wav,bonafide,hi-en,322882,mucs2021,none,clean,eval
${DATA_ROOT}/interim/rvc_gate/bonafide_source/413057_aKSsdMqkPfUWyYeS_0006.wav,bonafide,hi-en,413057,mucs2021,none,clean,eval
${DATA_ROOT}/interim/rvc_gate/bonafide_source/445718_H6Z2BkcyVtiuiN7A_0086.wav,bonafide,hi-en,445718,mucs2021,none,clean,eval
${DATA_ROOT}/interim/rvc_gate/bonafide_source/457295_WgzliDtK6Htff0g2_0090.wav,bonafide,hi-en,457295,mucs2021,none,clean,eval
${DATA_ROOT}/interim/rvc_gate/bonafide_source/541304_cyhxRWI0LoKYZvcw_0080.wav,bonafide,hi-en,541304,mucs2021,none,clean,eval
${DATA_ROOT}/interim/rvc_gate/bonafide_source/584991_1ijxO93RTIJh2Rzv_0078.wav,bonafide,hi-en,584991,mucs2021,none,clean,eval
${DATA_ROOT}/interim/rvc_gate/bonafide_source/634568_jCgweujQVV5haVF1_0086.wav,bonafide,hi-en,634568,mucs2021,none,clean,eval
${DATA_ROOT}/interim/rvc_gate/bonafide_source/797767_TRInoJRJxAX3qv5C_0006.wav,bonafide,hi-en,797767,mucs2021,none,clean,eval
${DATA_ROOT}/interim/rvc_gate/bonafide_source/850754_wOTMMvC3WQ5YQRAF_0081.wav,bonafide,hi-en,850754,mucs2021,none,clean,eval
${DATA_ROOT}/interim/rvc_gate/bonafide_source/876898_RyQSvr4r4iAMTYXq_0080.wav,bonafide,hi-en,876898,mucs2021,none,clean,eval
${DATA_ROOT}/interim/rvc_gate/bonafide_source/893273_8xh3ZKpPy5YhAnKX_0022.wav,bonafide,hi-en,893273,mucs2021,none,clean,eval
${DATA_ROOT}/interim/rvc_gate/bonafide_source/903756_K3X6AGezGWAoDe1q_0090.wav,bonafide,hi-en,903756,mucs2021,none,clean,eval
${DATA_ROOT}/interim/rvc_gate/bonafide_source/912184_V11NDc0lxudGbWQU_0006.wav,bonafide,hi-en,912184,mucs2021,none,clean,eval
${DATA_ROOT}/interim/rvc_gate/bonafide_source/987461_LSRBJiHdUoHm4BTI_0028.wav,bonafide,hi-en,987461,mucs2021,none,clean,eval
${DATA_ROOT}/interim/rvc_gate/bonafide_source/996368_n4ACC4gnqW0IM1wW_0077.wav,bonafide,hi-en,996368,mucs2021,none,clean,eval
${DATA_ROOT}/interim/rvc_gate/bonafide_source/106718_vE1rhq3ojNKZvQNv_0088.wav,bonafide,hi-en,106718,mucs2021,none,clean,eval
${DATA_ROOT}/interim/rvc_gate/bonafide_source/142970_DP5j8CLDeL6HHHSX_0089.wav,bonafide,hi-en,142970,mucs2021,none,clean,eval
${DATA_ROOT}/interim/rvc_gate/bonafide_source/177570_jSNK2zDaIvyZsMZp_0089.wav,bonafide,hi-en,177570,mucs2021,none,clean,eval
${DATA_ROOT}/interim/rvc_gate/bonafide_source/322882_XTscbPr78nzuHhuu_0085.wav,bonafide,hi-en,322882,mucs2021,none,clean,eval
${DATA_ROOT}/interim/rvc_gate/bonafide_source/445718_H6Z2BkcyVtiuiN7A_0087.wav,bonafide,hi-en,445718,mucs2021,none,clean,eval
${DATA_ROOT}/interim/rvc_gate/bonafide_source/457295_WgzliDtK6Htff0g2_0091.wav,bonafide,hi-en,457295,mucs2021,none,clean,eval
${DATA_ROOT}/interim/rvc_gate/bonafide_source/541304_cyhxRWI0LoKYZvcw_0081.wav,bonafide,hi-en,541304,mucs2021,none,clean,eval
${DATA_ROOT}/interim/rvc_gate/bonafide_source/584991_1ijxO93RTIJh2Rzv_0079.wav,bonafide,hi-en,584991,mucs2021,none,clean,eval
${DATA_ROOT}/interim/rvc_gate/bonafide_source/634568_jCgweujQVV5haVF1_0087.wav,bonafide,hi-en,634568,mucs2021,none,clean,eval
${DATA_ROOT}/interim/rvc_gate/bonafide_source/850754_wOTMMvC3WQ5YQRAF_0082.wav,bonafide,hi-en,850754,mucs2021,none,clean,eval
${DATA_ROOT}/interim/rvc_gate/bonafide_source/876898_RyQSvr4r4iAMTYXq_0081.wav,bonafide,hi-en,876898,mucs2021,none,clean,eval
${DATA_ROOT}/interim/rvc_gate/bonafide_source/893273_8xh3ZKpPy5YhAnKX_0024.wav,bonafide,hi-en,893273,mucs2021,none,clean,eval
${DATA_ROOT}/interim/rvc_gate/bonafide_source/903756_K3X6AGezGWAoDe1q_0091.wav,bonafide,hi-en,903756,mucs2021,none,clean,eval
${DATA_ROOT}/interim/rvc_gate/bonafide_source/987461_LSRBJiHdUoHm4BTI_0029.wav,bonafide,hi-en,987461,mucs2021,none,clean,eval
${DATA_ROOT}/interim/rvc_gate/bonafide_source/996368_n4ACC4gnqW0IM1wW_0078.wav,bonafide,hi-en,996368,mucs2021,none,clean,eval
${DATA_ROOT}/interim/rvc_gate/bonafide_source/106718_vE1rhq3ojNKZvQNv_0089.wav,bonafide,hi-en,106718,mucs2021,none,clean,eval
${DATA_ROOT}/interim/rvc_gate/bonafide_source/142970_DP5j8CLDeL6HHHSX_0090.wav,bonafide,hi-en,142970,mucs2021,none,clean,eval
${DATA_ROOT}/interim/rvc_gate/bonafide_source/177570_jSNK2zDaIvyZsMZp_0090.wav,bonafide,hi-en,177570,mucs2021,none,clean,eval
${DATA_ROOT}/interim/rvc_gate/bonafide_source/322882_XTscbPr78nzuHhuu_0087.wav,bonafide,hi-en,322882,mucs2021,none,clean,eval
${DATA_ROOT}/interim/rvc_gate/bonafide_source/445718_H6Z2BkcyVtiuiN7A_0088.wav,bonafide,hi-en,445718,mucs2021,none,clean,eval
${DATA_ROOT}/interim/rvc_gate/bonafide_source/457295_WgzliDtK6Htff0g2_0092.wav,bonafide,hi-en,457295,mucs2021,none,clean,eval
${DATA_ROOT}/interim/rvc_gate/bonafide_source/584991_1ijxO93RTIJh2Rzv_0080.wav,bonafide,hi-en,584991,mucs2021,none,clean,eval
${DATA_ROOT}/interim/rvc_gate/bonafide_source/634568_jCgweujQVV5haVF1_0088.wav,bonafide,hi-en,634568,mucs2021,none,clean,eval
${DATA_ROOT}/interim/rvc_gate/bonafide_source/850754_wOTMMvC3WQ5YQRAF_0083.wav,bonafide,hi-en,850754,mucs2021,none,clean,eval
${DATA_ROOT}/interim/rvc_gate/bonafide_source/876898_RyQSvr4r4iAMTYXq_0082.wav,bonafide,hi-en,876898,mucs2021,none,clean,eval
${DATA_ROOT}/interim/rvc_gate/bonafide_source/903756_K3X6AGezGWAoDe1q_0092.wav,bonafide,hi-en,903756,mucs2021,none,clean,eval
${DATA_ROOT}/interim/rvc_gate/bonafide_source/996368_n4ACC4gnqW0IM1wW_0079.wav,bonafide,hi-en,996368,mucs2021,none,clean,eval
${DATA_ROOT}/interim/rvc_gate/bonafide_source/106718_vE1rhq3ojNKZvQNv_0090.wav,bonafide,hi-en,106718,mucs2021,none,clean,eval
${DATA_ROOT}/interim/rvc_gate/bonafide_source/142970_DP5j8CLDeL6HHHSX_0091.wav,bonafide,hi-en,142970,mucs2021,none,clean,eval
${DATA_ROOT}/interim/rvc_gate/bonafide_source/177570_jSNK2zDaIvyZsMZp_0091.wav,bonafide,hi-en,177570,mucs2021,none,clean,eval
${DATA_ROOT}/interim/rvc_gate/bonafide_source/322882_XTscbPr78nzuHhuu_0088.wav,bonafide,hi-en,322882,mucs2021,none,clean,eval
${DATA_ROOT}/interim/rvc_gate/bonafide_source/445718_H6Z2BkcyVtiuiN7A_0089.wav,bonafide,hi-en,445718,mucs2021,none,clean,eval
${DATA_ROOT}/interim/rvc_gate/bonafide_source/457295_WgzliDtK6Htff0g2_0093.wav,bonafide,hi-en,457295,mucs2021,none,clean,eval
${DATA_ROOT}/interim/rvc_gate/bonafide_source/584991_1ijxO93RTIJh2Rzv_0081.wav,bonafide,hi-en,584991,mucs2021,none,clean,eval
${DATA_ROOT}/interim/rvc_gate/bonafide_source/634568_jCgweujQVV5haVF1_0089.wav,bonafide,hi-en,634568,mucs2021,none,clean,eval
${DATA_ROOT}/interim/rvc_gate/bonafide_source/850754_wOTMMvC3WQ5YQRAF_0084.wav,bonafide,hi-en,850754,mucs2021,none,clean,eval
${DATA_ROOT}/interim/rvc_gate/bonafide_source/876898_RyQSvr4r4iAMTYXq_0084.wav,bonafide,hi-en,876898,mucs2021,none,clean,eval
${DATA_ROOT}/interim/rvc_gate/bonafide_source/903756_K3X6AGezGWAoDe1q_0093.wav,bonafide,hi-en,903756,mucs2021,none,clean,eval
${DATA_ROOT}/interim/rvc_gate/bonafide_source/996368_n4ACC4gnqW0IM1wW_0080.wav,bonafide,hi-en,996368,mucs2021,none,clean,eval
${DATA_ROOT}/interim/rvc_gate/bonafide_source/106718_vE1rhq3ojNKZvQNv_0091.wav,bonafide,hi-en,106718,mucs2021,none,clean,eval
${DATA_ROOT}/interim/rvc_gate/bonafide_source/142970_DP5j8CLDeL6HHHSX_0092.wav,bonafide,hi-en,142970,mucs2021,none,clean,eval
${DATA_ROOT}/interim/rvc_gate/bonafide_source/177570_jSNK2zDaIvyZsMZp_0094.wav,bonafide,hi-en,177570,mucs2021,none,clean,eval
${DATA_ROOT}/interim/rvc_gate/bonafide_source/186783_LFpbaXkb8HuQ6DnF_0022.wav,bonafide,hi-en,186783,mucs2021,none,clean,eval
${DATA_ROOT}/interim/rvc_gate/bonafide_source/322882_XTscbPr78nzuHhuu_0089.wav,bonafide,hi-en,322882,mucs2021,none,clean,eval
${DATA_ROOT}/interim/rvc_gate/bonafide_source/445718_H6Z2BkcyVtiuiN7A_0090.wav,bonafide,hi-en,445718,mucs2021,none,clean,eval
${DATA_ROOT}/interim/rvc_gate/bonafide_source/457295_WgzliDtK6Htff0g2_0094.wav,bonafide,hi-en,457295,mucs2021,none,clean,eval
${DATA_ROOT}/interim/rvc_gate/bonafide_source/584991_1ijxO93RTIJh2Rzv_0082.wav,bonafide,hi-en,584991,mucs2021,none,clean,eval
${DATA_ROOT}/interim/rvc_gate/bonafide_source/634568_jCgweujQVV5haVF1_0090.wav,bonafide,hi-en,634568,mucs2021,none,clean,eval
${DATA_ROOT}/interim/rvc_gate/bonafide_source/705494_fZcxLszRnIHxmVQp_0005.wav,bonafide,hi-en,705494,mucs2021,none,clean,eval
${DATA_ROOT}/interim/rvc_gate/bonafide_source/850754_wOTMMvC3WQ5YQRAF_0085.wav,bonafide,hi-en,850754,mucs2021,none,clean,eval
${DATA_ROOT}/interim/rvc_gate/bonafide_source/876898_RyQSvr4r4iAMTYXq_0085.wav,bonafide,hi-en,876898,mucs2021,none,clean,eval
${DATA_ROOT}/interim/rvc_gate/bonafide_source/903756_K3X6AGezGWAoDe1q_0096.wav,bonafide,hi-en,903756,mucs2021,none,clean,eval
${DATA_ROOT}/interim/rvc_gate/bonafide_source/975912_1eNS3GaW1oHHurL4_0026.wav,bonafide,hi-en,975912,mucs2021,none,clean,eval
${DATA_ROOT}/interim/rvc_gate/bonafide_source/996368_n4ACC4gnqW0IM1wW_0081.wav,bonafide,hi-en,996368,mucs2021,none,clean,eval
${DATA_ROOT}/interim/rvc_gate/bonafide_source/106718_vE1rhq3ojNKZvQNv_0092.wav,bonafide,hi-en,106718,mucs2021,none,clean,eval
${DATA_ROOT}/interim/rvc_gate/bonafide_source/142970_DP5j8CLDeL6HHHSX_0093.wav,bonafide,hi-en,142970,mucs2021,none,clean,eval
${DATA_ROOT}/interim/rvc_gate/bonafide_source/177570_jSNK2zDaIvyZsMZp_0095.wav,bonafide,hi-en,177570,mucs2021,none,clean,eval
${DATA_ROOT}/rvc_cm02/rvc_converted_wavs/rvc_outputs/rvc_445718_00001.wav,spoof,hi-en,445718,cm02,rvc,clean,eval
${DATA_ROOT}/rvc_cm02/rvc_converted_wavs/rvc_outputs/rvc_445718_00002.wav,spoof,hi-en,445718,cm02,rvc,clean,eval
${DATA_ROOT}/rvc_cm02/rvc_converted_wavs/rvc_outputs/rvc_445718_00003.wav,spoof,hi-en,445718,cm02,rvc,clean,eval
${DATA_ROOT}/rvc_cm02/rvc_converted_wavs/rvc_outputs/rvc_445718_00005.wav,spoof,hi-en,445718,cm02,rvc,clean,eval
${DATA_ROOT}/rvc_cm02/rvc_converted_wavs/rvc_outputs/rvc_445718_00006.wav,spoof,hi-en,445718,cm02,rvc,clean,eval
${DATA_ROOT}/rvc_cm02/rvc_converted_wavs/rvc_outputs/rvc_445718_00007.wav,spoof,hi-en,445718,cm02,rvc,clean,eval
${DATA_ROOT}/rvc_cm02/rvc_converted_wavs/rvc_outputs/rvc_445718_00008.wav,spoof,hi-en,445718,cm02,rvc,clean,eval
${DATA_ROOT}/rvc_cm02/rvc_converted_wavs/rvc_outputs/rvc_445718_00009.wav,spoof,hi-en,445718,cm02,rvc,clean,eval
${DATA_ROOT}/rvc_cm02/rvc_converted_wavs/rvc_outputs/rvc_445718_00010.wav,spoof,hi-en,445718,cm02,rvc,clean,eval
${DATA_ROOT}/rvc_cm02/rvc_converted_wavs/rvc_outputs/rvc_445718_00011.wav,spoof,hi-en,445718,cm02,rvc,clean,eval
${DATA_ROOT}/rvc_cm02/rvc_converted_wavs/rvc_outputs/rvc_445718_00012.wav,spoof,hi-en,445718,cm02,rvc,clean,eval
${DATA_ROOT}/rvc_cm02/rvc_converted_wavs/rvc_outputs/rvc_445718_00013.wav,spoof,hi-en,445718,cm02,rvc,clean,eval
${DATA_ROOT}/rvc_cm02/rvc_converted_wavs/rvc_outputs/rvc_445718_00014.wav,spoof,hi-en,445718,cm02,rvc,clean,eval
${DATA_ROOT}/rvc_cm02/rvc_converted_wavs/rvc_outputs/rvc_445718_00015.wav,spoof,hi-en,445718,cm02,rvc,clean,eval
${DATA_ROOT}/rvc_cm02/rvc_converted_wavs/rvc_outputs/rvc_445718_00016.wav,spoof,hi-en,445718,cm02,rvc,clean,eval
${DATA_ROOT}/rvc_cm02/rvc_converted_wavs/rvc_outputs/rvc_445718_00017.wav,spoof,hi-en,445718,cm02,rvc,clean,eval
${DATA_ROOT}/rvc_cm02/rvc_converted_wavs/rvc_outputs/rvc_445718_00018.wav,spoof,hi-en,445718,cm02,rvc,clean,eval
${DATA_ROOT}/rvc_cm02/rvc_converted_wavs/rvc_outputs/rvc_445718_00019.wav,spoof,hi-en,445718,cm02,rvc,clean,eval
${DATA_ROOT}/rvc_cm02/rvc_converted_wavs/rvc_outputs/rvc_445718_00020.wav,spoof,hi-en,445718,cm02,rvc,clean,eval
${DATA_ROOT}/rvc_cm02/rvc_converted_wavs/rvc_outputs/rvc_445718_00021.wav,spoof,hi-en,445718,cm02,rvc,clean,eval
${DATA_ROOT}/rvc_cm02/rvc_converted_wavs/rvc_outputs/rvc_445718_00022.wav,spoof,hi-en,445718,cm02,rvc,clean,eval
${DATA_ROOT}/rvc_cm02/rvc_converted_wavs/rvc_outputs/rvc_445718_00023.wav,spoof,hi-en,445718,cm02,rvc,clean,eval
${DATA_ROOT}/rvc_cm02/rvc_converted_wavs/rvc_outputs/rvc_445718_00024.wav,spoof,hi-en,445718,cm02,rvc,clean,eval
${DATA_ROOT}/rvc_cm02/rvc_converted_wavs/rvc_outputs/rvc_445718_00025.wav,spoof,hi-en,445718,cm02,rvc,clean,eval
${DATA_ROOT}/rvc_cm02/rvc_converted_wavs/rvc_outputs/rvc_445718_00026.wav,spoof,hi-en,445718,cm02,rvc,clean,eval
${DATA_ROOT}/rvc_cm02/rvc_converted_wavs/rvc_outputs/rvc_445718_00027.wav,spoof,hi-en,445718,cm02,rvc,clean,eval
${DATA_ROOT}/rvc_cm02/rvc_converted_wavs/rvc_outputs/rvc_445718_00028.wav,spoof,hi-en,445718,cm02,rvc,clean,eval
${DATA_ROOT}/rvc_cm02/rvc_converted_wavs/rvc_outputs/rvc_445718_00029.wav,spoof,hi-en,445718,cm02,rvc,clean,eval
${DATA_ROOT}/rvc_cm02/rvc_converted_wavs/rvc_outputs/rvc_445718_00030.wav,spoof,hi-en,445718,cm02,rvc,clean,eval
${DATA_ROOT}/rvc_cm02/rvc_converted_wavs/rvc_outputs/rvc_445718_00031.wav,spoof,hi-en,445718,cm02,rvc,clean,eval
${DATA_ROOT}/rvc_cm02/rvc_converted_wavs/rvc_outputs/rvc_445718_00032.wav,spoof,hi-en,445718,cm02,rvc,clean,eval
${DATA_ROOT}/rvc_cm02/rvc_converted_wavs/rvc_outputs/rvc_445718_00033.wav,spoof,hi-en,445718,cm02,rvc,clean,eval
${DATA_ROOT}/rvc_cm02/rvc_converted_wavs/rvc_outputs/rvc_445718_00034.wav,spoof,hi-en,445718,cm02,rvc,clean,eval
${DATA_ROOT}/rvc_cm02/rvc_converted_wavs/rvc_outputs/rvc_445718_00035.wav,spoof,hi-en,445718,cm02,rvc,clean,eval
${DATA_ROOT}/rvc_cm02/rvc_converted_wavs/rvc_outputs/rvc_445718_00036.wav,spoof,hi-en,445718,cm02,rvc,clean,eval
${DATA_ROOT}/rvc_cm02/rvc_converted_wavs/rvc_outputs/rvc_445718_00037.wav,spoof,hi-en,445718,cm02,rvc,clean,eval
${DATA_ROOT}/rvc_cm02/rvc_converted_wavs/rvc_outputs/rvc_445718_00038.wav,spoof,hi-en,445718,cm02,rvc,clean,eval
${DATA_ROOT}/rvc_cm02/rvc_converted_wavs/rvc_outputs/rvc_445718_00039.wav,spoof,hi-en,445718,cm02,rvc,clean,eval
${DATA_ROOT}/rvc_cm02/rvc_converted_wavs/rvc_outputs/rvc_445718_00040.wav,spoof,hi-en,445718,cm02,rvc,clean,eval
${DATA_ROOT}/rvc_cm02/rvc_converted_wavs/rvc_outputs/rvc_445718_00041.wav,spoof,hi-en,445718,cm02,rvc,clean,eval
${DATA_ROOT}/rvc_cm02/rvc_converted_wavs/rvc_outputs/rvc_445718_00042.wav,spoof,hi-en,445718,cm02,rvc,clean,eval
${DATA_ROOT}/rvc_cm02/rvc_converted_wavs/rvc_outputs/rvc_445718_00043.wav,spoof,hi-en,445718,cm02,rvc,clean,eval
${DATA_ROOT}/rvc_cm02/rvc_converted_wavs/rvc_outputs/rvc_445718_00044.wav,spoof,hi-en,445718,cm02,rvc,clean,eval
${DATA_ROOT}/rvc_cm02/rvc_converted_wavs/rvc_outputs/rvc_445718_00045.wav,spoof,hi-en,445718,cm02,rvc,clean,eval
${DATA_ROOT}/rvc_cm02/rvc_converted_wavs/rvc_outputs/rvc_445718_00046.wav,spoof,hi-en,445718,cm02,rvc,clean,eval
${DATA_ROOT}/rvc_cm02/rvc_converted_wavs/rvc_outputs/rvc_445718_00047.wav,spoof,hi-en,445718,cm02,rvc,clean,eval
${DATA_ROOT}/rvc_cm02/rvc_converted_wavs/rvc_outputs/rvc_445718_00048.wav,spoof,hi-en,445718,cm02,rvc,clean,eval
${DATA_ROOT}/rvc_cm02/rvc_converted_wavs/rvc_outputs/rvc_445718_00049.wav,spoof,hi-en,445718,cm02,rvc,clean,eval
${DATA_ROOT}/rvc_cm02/rvc_converted_wavs/rvc_outputs/rvc_445718_00050.wav,spoof,hi-en,445718,cm02,rvc,clean,eval
${DATA_ROOT}/rvc_cm02/rvc_converted_wavs/rvc_outputs/rvc_445718_00051.wav,spoof,hi-en,445718,cm02,rvc,clean,eval
${DATA_ROOT}/rvc_cm02/rvc_converted_wavs/rvc_outputs/rvc_445718_00052.wav,spoof,hi-en,445718,cm02,rvc,clean,eval
${DATA_ROOT}/rvc_cm02/rvc_converted_wavs/rvc_outputs/rvc_445718_00053.wav,spoof,hi-en,445718,cm02,rvc,clean,eval
${DATA_ROOT}/rvc_cm02/rvc_converted_wavs/rvc_outputs/rvc_445718_00054.wav,spoof,hi-en,445718,cm02,rvc,clean,eval
${DATA_ROOT}/rvc_cm02/rvc_converted_wavs/rvc_outputs/rvc_445718_00055.wav,spoof,hi-en,445718,cm02,rvc,clean,eval
${DATA_ROOT}/rvc_cm02/rvc_converted_wavs/rvc_outputs/rvc_445718_00056.wav,spoof,hi-en,445718,cm02,rvc,clean,eval
${DATA_ROOT}/rvc_cm02/rvc_converted_wavs/rvc_outputs/rvc_445718_00057.wav,spoof,hi-en,445718,cm02,rvc,clean,eval
${DATA_ROOT}/rvc_cm02/rvc_converted_wavs/rvc_outputs/rvc_445718_00058.wav,spoof,hi-en,445718,cm02,rvc,clean,eval
${DATA_ROOT}/rvc_cm02/rvc_converted_wavs/rvc_outputs/rvc_445718_00059.wav,spoof,hi-en,445718,cm02,rvc,clean,eval
${DATA_ROOT}/rvc_cm02/rvc_converted_wavs/rvc_outputs/rvc_445718_00060.wav,spoof,hi-en,445718,cm02,rvc,clean,eval
${DATA_ROOT}/rvc_cm02/rvc_converted_wavs/rvc_outputs/rvc_445718_00061.wav,spoof,hi-en,445718,cm02,rvc,clean,eval
${DATA_ROOT}/rvc_cm02/rvc_converted_wavs/rvc_outputs/rvc_445718_00062.wav,spoof,hi-en,445718,cm02,rvc,clean,eval
${DATA_ROOT}/rvc_cm02/rvc_converted_wavs/rvc_outputs/rvc_445718_00063.wav,spoof,hi-en,445718,cm02,rvc,clean,eval
${DATA_ROOT}/rvc_cm02/rvc_converted_wavs/rvc_outputs/rvc_445718_00064.wav,spoof,hi-en,445718,cm02,rvc,clean,eval
${DATA_ROOT}/rvc_cm02/rvc_converted_wavs/rvc_outputs/rvc_445718_00065.wav,spoof,hi-en,445718,cm02,rvc,clean,eval
${DATA_ROOT}/rvc_cm02/rvc_converted_wavs/rvc_outputs/rvc_445718_00066.wav,spoof,hi-en,445718,cm02,rvc,clean,eval
${DATA_ROOT}/rvc_cm02/rvc_converted_wavs/rvc_outputs/rvc_445718_00067.wav,spoof,hi-en,445718,cm02,rvc,clean,eval
${DATA_ROOT}/rvc_cm02/rvc_converted_wavs/rvc_outputs/rvc_445718_00068.wav,spoof,hi-en,445718,cm02,rvc,clean,eval
${DATA_ROOT}/rvc_cm02/rvc_converted_wavs/rvc_outputs/rvc_445718_00070.wav,spoof,hi-en,445718,cm02,rvc,clean,eval
${DATA_ROOT}/rvc_cm02/rvc_converted_wavs/rvc_outputs/rvc_445718_00071.wav,spoof,hi-en,445718,cm02,rvc,clean,eval
${DATA_ROOT}/rvc_cm02/rvc_converted_wavs/rvc_outputs/rvc_445718_00072.wav,spoof,hi-en,445718,cm02,rvc,clean,eval
${DATA_ROOT}/rvc_cm02/rvc_converted_wavs/rvc_outputs/rvc_445718_00073.wav,spoof,hi-en,445718,cm02,rvc,clean,eval
${DATA_ROOT}/rvc_cm02/rvc_converted_wavs/rvc_outputs/rvc_445718_00074.wav,spoof,hi-en,445718,cm02,rvc,clean,eval
${DATA_ROOT}/rvc_cm02/rvc_converted_wavs/rvc_outputs/rvc_445718_00075.wav,spoof,hi-en,445718,cm02,rvc,clean,eval
${DATA_ROOT}/rvc_cm02/rvc_converted_wavs/rvc_outputs/rvc_445718_00076.wav,spoof,hi-en,445718,cm02,rvc,clean,eval
${DATA_ROOT}/rvc_cm02/rvc_converted_wavs/rvc_outputs/rvc_445718_00077.wav,spoof,hi-en,445718,cm02,rvc,clean,eval
${DATA_ROOT}/rvc_cm02/rvc_converted_wavs/rvc_outputs/rvc_445718_00078.wav,spoof,hi-en,445718,cm02,rvc,clean,eval
${DATA_ROOT}/rvc_cm02/rvc_converted_wavs/rvc_outputs/rvc_445718_00079.wav,spoof,hi-en,445718,cm02,rvc,clean,eval
${DATA_ROOT}/rvc_cm02/rvc_converted_wavs/rvc_outputs/rvc_445718_00080.wav,spoof,hi-en,445718,cm02,rvc,clean,eval
${DATA_ROOT}/rvc_cm02/rvc_converted_wavs/rvc_outputs/rvc_445718_00081.wav,spoof,hi-en,445718,cm02,rvc,clean,eval
${DATA_ROOT}/rvc_cm02/rvc_converted_wavs/rvc_outputs/rvc_445718_00083.wav,spoof,hi-en,445718,cm02,rvc,clean,eval
${DATA_ROOT}/rvc_cm02/rvc_converted_wavs/rvc_outputs/rvc_445718_00084.wav,spoof,hi-en,445718,cm02,rvc,clean,eval
${DATA_ROOT}/rvc_cm02/rvc_converted_wavs/rvc_outputs/rvc_445718_00085.wav,spoof,hi-en,445718,cm02,rvc,clean,eval
${DATA_ROOT}/rvc_cm02/rvc_converted_wavs/rvc_outputs/rvc_445718_00086.wav,spoof,hi-en,445718,cm02,rvc,clean,eval
${DATA_ROOT}/rvc_cm02/rvc_converted_wavs/rvc_outputs/rvc_445718_00087.wav,spoof,hi-en,445718,cm02,rvc,clean,eval
${DATA_ROOT}/rvc_cm02/rvc_converted_wavs/rvc_outputs/rvc_445718_00088.wav,spoof,hi-en,445718,cm02,rvc,clean,eval
${DATA_ROOT}/rvc_cm02/rvc_converted_wavs/rvc_outputs/rvc_445718_00089.wav,spoof,hi-en,445718,cm02,rvc,clean,eval
${DATA_ROOT}/rvc_cm02/rvc_converted_wavs/rvc_outputs/rvc_445718_00090.wav,spoof,hi-en,445718,cm02,rvc,clean,eval
${DATA_ROOT}/rvc_cm02/rvc_converted_wavs/rvc_outputs/rvc_445718_00091.wav,spoof,hi-en,445718,cm02,rvc,clean,eval
${DATA_ROOT}/rvc_cm02/rvc_converted_wavs/rvc_outputs/rvc_445718_00092.wav,spoof,hi-en,445718,cm02,rvc,clean,eval
${DATA_ROOT}/rvc_cm02/rvc_converted_wavs/rvc_outputs/rvc_445718_00093.wav,spoof,hi-en,445718,cm02,rvc,clean,eval
${DATA_ROOT}/rvc_cm02/rvc_converted_wavs/rvc_outputs/rvc_445718_00094.wav,spoof,hi-en,445718,cm02,rvc,clean,eval
${DATA_ROOT}/rvc_cm02/rvc_converted_wavs/rvc_outputs/rvc_445718_00095.wav,spoof,hi-en,445718,cm02,rvc,clean,eval
${DATA_ROOT}/rvc_cm02/rvc_converted_wavs/rvc_outputs/rvc_445718_00096.wav,spoof,hi-en,445718,cm02,rvc,clean,eval
${DATA_ROOT}/rvc_cm02/rvc_converted_wavs/rvc_outputs/rvc_445718_00097.wav,spoof,hi-en,445718,cm02,rvc,clean,eval
${DATA_ROOT}/rvc_cm02/rvc_converted_wavs/rvc_outputs/rvc_445718_00098.wav,spoof,hi-en,445718,cm02,rvc,clean,eval
${DATA_ROOT}/rvc_cm02/rvc_converted_wavs/rvc_outputs/rvc_445718_00099.wav,spoof,hi-en,445718,cm02,rvc,clean,eval
${DATA_ROOT}/rvc_cm02/rvc_converted_wavs/rvc_outputs/rvc_445718_00100.wav,spoof,hi-en,445718,cm02,rvc,clean,eval
${DATA_ROOT}/rvc_cm02/rvc_converted_wavs/rvc_outputs/rvc_445718_00101.wav,spoof,hi-en,445718,cm02,rvc,clean,eval
${DATA_ROOT}/rvc_cm02/rvc_converted_wavs/rvc_outputs/rvc_445718_00102.wav,spoof,hi-en,445718,cm02,rvc,clean,eval
${DATA_ROOT}/rvc_cm02/rvc_converted_wavs/rvc_outputs/rvc_445718_00103.wav,spoof,hi-en,445718,cm02,rvc,clean,eval
${DATA_ROOT}/rvc_cm02/rvc_converted_wavs/rvc_outputs/rvc_445718_00104.wav,spoof,hi-en,445718,cm02,rvc,clean,eval
${DATA_ROOT}/rvc_cm02/rvc_converted_wavs/rvc_outputs/rvc_445718_00105.wav,spoof,hi-en,445718,cm02,rvc,clean,eval
${DATA_ROOT}/rvc_cm02/rvc_converted_wavs/rvc_outputs/rvc_445718_00106.wav,spoof,hi-en,445718,cm02,rvc,clean,eval
${DATA_ROOT}/rvc_cm02/rvc_converted_wavs/rvc_outputs/rvc_445718_00107.wav,spoof,hi-en,445718,cm02,rvc,clean,eval
${DATA_ROOT}/rvc_cm02/rvc_converted_wavs/rvc_outputs/rvc_445718_00108.wav,spoof,hi-en,445718,cm02,rvc,clean,eval
${DATA_ROOT}/rvc_cm02/rvc_converted_wavs/rvc_outputs/rvc_445718_00110.wav,spoof,hi-en,445718,cm02,rvc,clean,eval
${DATA_ROOT}/rvc_cm02/rvc_converted_wavs/rvc_outputs/rvc_445718_00111.wav,spoof,hi-en,445718,cm02,rvc,clean,eval
${DATA_ROOT}/rvc_cm02/rvc_converted_wavs/rvc_outputs/rvc_445718_00112.wav,spoof,hi-en,445718,cm02,rvc,clean,eval
${DATA_ROOT}/rvc_cm02/rvc_converted_wavs/rvc_outputs/rvc_445718_00113.wav,spoof,hi-en,445718,cm02,rvc,clean,eval
${DATA_ROOT}/rvc_cm02/rvc_converted_wavs/rvc_outputs/rvc_445718_00114.wav,spoof,hi-en,445718,cm02,rvc,clean,eval
${DATA_ROOT}/rvc_cm02/rvc_converted_wavs/rvc_outputs/rvc_445718_00115.wav,spoof,hi-en,445718,cm02,rvc,clean,eval
${DATA_ROOT}/rvc_cm02/rvc_converted_wavs/rvc_outputs/rvc_445718_00116.wav,spoof,hi-en,445718,cm02,rvc,clean,eval
${DATA_ROOT}/rvc_cm02/rvc_converted_wavs/rvc_outputs/rvc_445718_00117.wav,spoof,hi-en,445718,cm02,rvc,clean,eval
${DATA_ROOT}/rvc_cm02/rvc_converted_wavs/rvc_outputs/rvc_445718_00118.wav,spoof,hi-en,445718,cm02,rvc,clean,eval
${DATA_ROOT}/rvc_cm02/rvc_converted_wavs/rvc_outputs/rvc_445718_00120.wav,spoof,hi-en,445718,cm02,rvc,clean,eval
${DATA_ROOT}/rvc_cm02/rvc_converted_wavs/rvc_outputs/rvc_445718_00121.wav,spoof,hi-en,445718,cm02,rvc,clean,eval
${DATA_ROOT}/rvc_cm02/rvc_converted_wavs/rvc_outputs/rvc_445718_00122.wav,spoof,hi-en,445718,cm02,rvc,clean,eval
${DATA_ROOT}/rvc_cm02/rvc_converted_wavs/rvc_outputs/rvc_445718_00124.wav,spoof,hi-en,445718,cm02,rvc,clean,eval
${DATA_ROOT}/rvc_cm02/rvc_converted_wavs/rvc_outputs/rvc_445718_00125.wav,spoof,hi-en,445718,cm02,rvc,clean,eval
${DATA_ROOT}/rvc_cm02/rvc_converted_wavs/rvc_outputs/rvc_850754_00126.wav,spoof,hi-en,850754,cm02,rvc,clean,eval
${DATA_ROOT}/rvc_cm02/rvc_converted_wavs/rvc_outputs/rvc_850754_00127.wav,spoof,hi-en,850754,cm02,rvc,clean,eval
${DATA_ROOT}/rvc_cm02/rvc_converted_wavs/rvc_outputs/rvc_850754_00128.wav,spoof,hi-en,850754,cm02,rvc,clean,eval
${DATA_ROOT}/rvc_cm02/rvc_converted_wavs/rvc_outputs/rvc_850754_00129.wav,spoof,hi-en,850754,cm02,rvc,clean,eval
${DATA_ROOT}/rvc_cm02/rvc_converted_wavs/rvc_outputs/rvc_850754_00130.wav,spoof,hi-en,850754,cm02,rvc,clean,eval
${DATA_ROOT}/rvc_cm02/rvc_converted_wavs/rvc_outputs/rvc_850754_00131.wav,spoof,hi-en,850754,cm02,rvc,clean,eval
${DATA_ROOT}/rvc_cm02/rvc_converted_wavs/rvc_outputs/rvc_850754_00132.wav,spoof,hi-en,850754,cm02,rvc,clean,eval
${DATA_ROOT}/rvc_cm02/rvc_converted_wavs/rvc_outputs/rvc_850754_00133.wav,spoof,hi-en,850754,cm02,rvc,clean,eval
${DATA_ROOT}/rvc_cm02/rvc_converted_wavs/rvc_outputs/rvc_850754_00134.wav,spoof,hi-en,850754,cm02,rvc,clean,eval
${DATA_ROOT}/rvc_cm02/rvc_converted_wavs/rvc_outputs/rvc_850754_00135.wav,spoof,hi-en,850754,cm02,rvc,clean,eval
${DATA_ROOT}/rvc_cm02/rvc_converted_wavs/rvc_outputs/rvc_850754_00136.wav,spoof,hi-en,850754,cm02,rvc,clean,eval
${DATA_ROOT}/rvc_cm02/rvc_converted_wavs/rvc_outputs/rvc_850754_00137.wav,spoof,hi-en,850754,cm02,rvc,clean,eval
${DATA_ROOT}/rvc_cm02/rvc_converted_wavs/rvc_outputs/rvc_850754_00138.wav,spoof,hi-en,850754,cm02,rvc,clean,eval
${DATA_ROOT}/rvc_cm02/rvc_converted_wavs/rvc_outputs/rvc_850754_00139.wav,spoof,hi-en,850754,cm02,rvc,clean,eval
${DATA_ROOT}/rvc_cm02/rvc_converted_wavs/rvc_outputs/rvc_850754_00140.wav,spoof,hi-en,850754,cm02,rvc,clean,eval
${DATA_ROOT}/rvc_cm02/rvc_converted_wavs/rvc_outputs/rvc_850754_00141.wav,spoof,hi-en,850754,cm02,rvc,clean,eval
${DATA_ROOT}/rvc_cm02/rvc_converted_wavs/rvc_outputs/rvc_850754_00142.wav,spoof,hi-en,850754,cm02,rvc,clean,eval
${DATA_ROOT}/rvc_cm02/rvc_converted_wavs/rvc_outputs/rvc_850754_00143.wav,spoof,hi-en,850754,cm02,rvc,clean,eval
${DATA_ROOT}/rvc_cm02/rvc_converted_wavs/rvc_outputs/rvc_850754_00144.wav,spoof,hi-en,850754,cm02,rvc,clean,eval
${DATA_ROOT}/rvc_cm02/rvc_converted_wavs/rvc_outputs/rvc_850754_00145.wav,spoof,hi-en,850754,cm02,rvc,clean,eval
${DATA_ROOT}/rvc_cm02/rvc_converted_wavs/rvc_outputs/rvc_850754_00146.wav,spoof,hi-en,850754,cm02,rvc,clean,eval
${DATA_ROOT}/rvc_cm02/rvc_converted_wavs/rvc_outputs/rvc_850754_00147.wav,spoof,hi-en,850754,cm02,rvc,clean,eval
${DATA_ROOT}/rvc_cm02/rvc_converted_wavs/rvc_outputs/rvc_850754_00148.wav,spoof,hi-en,850754,cm02,rvc,clean,eval
${DATA_ROOT}/rvc_cm02/rvc_converted_wavs/rvc_outputs/rvc_850754_00149.wav,spoof,hi-en,850754,cm02,rvc,clean,eval
${DATA_ROOT}/rvc_cm02/rvc_converted_wavs/rvc_outputs/rvc_850754_00150.wav,spoof,hi-en,850754,cm02,rvc,clean,eval
${DATA_ROOT}/rvc_cm02/rvc_converted_wavs/rvc_outputs/rvc_850754_00151.wav,spoof,hi-en,850754,cm02,rvc,clean,eval
${DATA_ROOT}/rvc_cm02/rvc_converted_wavs/rvc_outputs/rvc_850754_00152.wav,spoof,hi-en,850754,cm02,rvc,clean,eval
${DATA_ROOT}/rvc_cm02/rvc_converted_wavs/rvc_outputs/rvc_850754_00153.wav,spoof,hi-en,850754,cm02,rvc,clean,eval
${DATA_ROOT}/rvc_cm02/rvc_converted_wavs/rvc_outputs/rvc_850754_00154.wav,spoof,hi-en,850754,cm02,rvc,clean,eval
${DATA_ROOT}/rvc_cm02/rvc_converted_wavs/rvc_outputs/rvc_850754_00155.wav,spoof,hi-en,850754,cm02,rvc,clean,eval
${DATA_ROOT}/rvc_cm02/rvc_converted_wavs/rvc_outputs/rvc_850754_00156.wav,spoof,hi-en,850754,cm02,rvc,clean,eval
${DATA_ROOT}/rvc_cm02/rvc_converted_wavs/rvc_outputs/rvc_850754_00157.wav,spoof,hi-en,850754,cm02,rvc,clean,eval
${DATA_ROOT}/rvc_cm02/rvc_converted_wavs/rvc_outputs/rvc_850754_00158.wav,spoof,hi-en,850754,cm02,rvc,clean,eval
${DATA_ROOT}/rvc_cm02/rvc_converted_wavs/rvc_outputs/rvc_850754_00159.wav,spoof,hi-en,850754,cm02,rvc,clean,eval
${DATA_ROOT}/rvc_cm02/rvc_converted_wavs/rvc_outputs/rvc_850754_00160.wav,spoof,hi-en,850754,cm02,rvc,clean,eval
${DATA_ROOT}/rvc_cm02/rvc_converted_wavs/rvc_outputs/rvc_850754_00161.wav,spoof,hi-en,850754,cm02,rvc,clean,eval
${DATA_ROOT}/rvc_cm02/rvc_converted_wavs/rvc_outputs/rvc_850754_00162.wav,spoof,hi-en,850754,cm02,rvc,clean,eval
${DATA_ROOT}/rvc_cm02/rvc_converted_wavs/rvc_outputs/rvc_850754_00163.wav,spoof,hi-en,850754,cm02,rvc,clean,eval
${DATA_ROOT}/rvc_cm02/rvc_converted_wavs/rvc_outputs/rvc_850754_00164.wav,spoof,hi-en,850754,cm02,rvc,clean,eval
${DATA_ROOT}/rvc_cm02/rvc_converted_wavs/rvc_outputs/rvc_850754_00166.wav,spoof,hi-en,850754,cm02,rvc,clean,eval
${DATA_ROOT}/rvc_cm02/rvc_converted_wavs/rvc_outputs/rvc_850754_00167.wav,spoof,hi-en,850754,cm02,rvc,clean,eval
${DATA_ROOT}/rvc_cm02/rvc_converted_wavs/rvc_outputs/rvc_850754_00168.wav,spoof,hi-en,850754,cm02,rvc,clean,eval
${DATA_ROOT}/rvc_cm02/rvc_converted_wavs/rvc_outputs/rvc_850754_00169.wav,spoof,hi-en,850754,cm02,rvc,clean,eval
${DATA_ROOT}/rvc_cm02/rvc_converted_wavs/rvc_outputs/rvc_850754_00171.wav,spoof,hi-en,850754,cm02,rvc,clean,eval
${DATA_ROOT}/rvc_cm02/rvc_converted_wavs/rvc_outputs/rvc_850754_00172.wav,spoof,hi-en,850754,cm02,rvc,clean,eval
${DATA_ROOT}/rvc_cm02/rvc_converted_wavs/rvc_outputs/rvc_850754_00174.wav,spoof,hi-en,850754,cm02,rvc,clean,eval
${DATA_ROOT}/rvc_cm02/rvc_converted_wavs/rvc_outputs/rvc_850754_00175.wav,spoof,hi-en,850754,cm02,rvc,clean,eval
${DATA_ROOT}/rvc_cm02/rvc_converted_wavs/rvc_outputs/rvc_850754_00176.wav,spoof,hi-en,850754,cm02,rvc,clean,eval
${DATA_ROOT}/rvc_cm02/rvc_converted_wavs/rvc_outputs/rvc_850754_00177.wav,spoof,hi-en,850754,cm02,rvc,clean,eval
${DATA_ROOT}/rvc_cm02/rvc_converted_wavs/rvc_outputs/rvc_850754_00179.wav,spoof,hi-en,850754,cm02,rvc,clean,eval
${DATA_ROOT}/rvc_cm02/rvc_converted_wavs/rvc_outputs/rvc_850754_00180.wav,spoof,hi-en,850754,cm02,rvc,clean,eval
${DATA_ROOT}/rvc_cm02/rvc_converted_wavs/rvc_outputs/rvc_850754_00181.wav,spoof,hi-en,850754,cm02,rvc,clean,eval
${DATA_ROOT}/rvc_cm02/rvc_converted_wavs/rvc_outputs/rvc_850754_00182.wav,spoof,hi-en,850754,cm02,rvc,clean,eval
${DATA_ROOT}/rvc_cm02/rvc_converted_wavs/rvc_outputs/rvc_850754_00183.wav,spoof,hi-en,850754,cm02,rvc,clean,eval
${DATA_ROOT}/rvc_cm02/rvc_converted_wavs/rvc_outputs/rvc_850754_00184.wav,spoof,hi-en,850754,cm02,rvc,clean,eval
${DATA_ROOT}/rvc_cm02/rvc_converted_wavs/rvc_outputs/rvc_850754_00185.wav,spoof,hi-en,850754,cm02,rvc,clean,eval
${DATA_ROOT}/rvc_cm02/rvc_converted_wavs/rvc_outputs/rvc_850754_00186.wav,spoof,hi-en,850754,cm02,rvc,clean,eval
${DATA_ROOT}/rvc_cm02/rvc_converted_wavs/rvc_outputs/rvc_850754_00187.wav,spoof,hi-en,850754,cm02,rvc,clean,eval
${DATA_ROOT}/rvc_cm02/rvc_converted_wavs/rvc_outputs/rvc_850754_00188.wav,spoof,hi-en,850754,cm02,rvc,clean,eval
${DATA_ROOT}/rvc_cm02/rvc_converted_wavs/rvc_outputs/rvc_850754_00189.wav,spoof,hi-en,850754,cm02,rvc,clean,eval
${DATA_ROOT}/rvc_cm02/rvc_converted_wavs/rvc_outputs/rvc_850754_00190.wav,spoof,hi-en,850754,cm02,rvc,clean,eval
${DATA_ROOT}/rvc_cm02/rvc_converted_wavs/rvc_outputs/rvc_850754_00191.wav,spoof,hi-en,850754,cm02,rvc,clean,eval
${DATA_ROOT}/rvc_cm02/rvc_converted_wavs/rvc_outputs/rvc_850754_00192.wav,spoof,hi-en,850754,cm02,rvc,clean,eval
${DATA_ROOT}/rvc_cm02/rvc_converted_wavs/rvc_outputs/rvc_850754_00193.wav,spoof,hi-en,850754,cm02,rvc,clean,eval
${DATA_ROOT}/rvc_cm02/rvc_converted_wavs/rvc_outputs/rvc_850754_00194.wav,spoof,hi-en,850754,cm02,rvc,clean,eval
${DATA_ROOT}/rvc_cm02/rvc_converted_wavs/rvc_outputs/rvc_850754_00195.wav,spoof,hi-en,850754,cm02,rvc,clean,eval
${DATA_ROOT}/rvc_cm02/rvc_converted_wavs/rvc_outputs/rvc_850754_00196.wav,spoof,hi-en,850754,cm02,rvc,clean,eval
${DATA_ROOT}/rvc_cm02/rvc_converted_wavs/rvc_outputs/rvc_850754_00197.wav,spoof,hi-en,850754,cm02,rvc,clean,eval
${DATA_ROOT}/rvc_cm02/rvc_converted_wavs/rvc_outputs/rvc_850754_00198.wav,spoof,hi-en,850754,cm02,rvc,clean,eval
${DATA_ROOT}/rvc_cm02/rvc_converted_wavs/rvc_outputs/rvc_850754_00199.wav,spoof,hi-en,850754,cm02,rvc,clean,eval
${DATA_ROOT}/rvc_cm02/rvc_converted_wavs/rvc_outputs/rvc_850754_00200.wav,spoof,hi-en,850754,cm02,rvc,clean,eval
${DATA_ROOT}/rvc_cm02/rvc_converted_wavs/rvc_outputs/rvc_850754_00201.wav,spoof,hi-en,850754,cm02,rvc,clean,eval
${DATA_ROOT}/rvc_cm02/rvc_converted_wavs/rvc_outputs/rvc_850754_00202.wav,spoof,hi-en,850754,cm02,rvc,clean,eval
${DATA_ROOT}/rvc_cm02/rvc_converted_wavs/rvc_outputs/rvc_850754_00203.wav,spoof,hi-en,850754,cm02,rvc,clean,eval
${DATA_ROOT}/rvc_cm02/rvc_converted_wavs/rvc_outputs/rvc_850754_00204.wav,spoof,hi-en,850754,cm02,rvc,clean,eval
${DATA_ROOT}/rvc_cm02/rvc_converted_wavs/rvc_outputs/rvc_850754_00205.wav,spoof,hi-en,850754,cm02,rvc,clean,eval
${DATA_ROOT}/rvc_cm02/rvc_converted_wavs/rvc_outputs/rvc_850754_00206.wav,spoof,hi-en,850754,cm02,rvc,clean,eval
${DATA_ROOT}/rvc_cm02/rvc_converted_wavs/rvc_outputs/rvc_850754_00207.wav,spoof,hi-en,850754,cm02,rvc,clean,eval
${DATA_ROOT}/rvc_cm02/rvc_converted_wavs/rvc_outputs/rvc_850754_00208.wav,spoof,hi-en,850754,cm02,rvc,clean,eval
${DATA_ROOT}/rvc_cm02/rvc_converted_wavs/rvc_outputs/rvc_850754_00209.wav,spoof,hi-en,850754,cm02,rvc,clean,eval
${DATA_ROOT}/rvc_cm02/rvc_converted_wavs/rvc_outputs/rvc_850754_00210.wav,spoof,hi-en,850754,cm02,rvc,clean,eval
${DATA_ROOT}/rvc_cm02/rvc_converted_wavs/rvc_outputs/rvc_850754_00211.wav,spoof,hi-en,850754,cm02,rvc,clean,eval
${DATA_ROOT}/rvc_cm02/rvc_converted_wavs/rvc_outputs/rvc_850754_00212.wav,spoof,hi-en,850754,cm02,rvc,clean,eval
${DATA_ROOT}/rvc_cm02/rvc_converted_wavs/rvc_outputs/rvc_850754_00213.wav,spoof,hi-en,850754,cm02,rvc,clean,eval
${DATA_ROOT}/rvc_cm02/rvc_converted_wavs/rvc_outputs/rvc_850754_00214.wav,spoof,hi-en,850754,cm02,rvc,clean,eval
${DATA_ROOT}/rvc_cm02/rvc_converted_wavs/rvc_outputs/rvc_850754_00215.wav,spoof,hi-en,850754,cm02,rvc,clean,eval
${DATA_ROOT}/rvc_cm02/rvc_converted_wavs/rvc_outputs/rvc_850754_00217.wav,spoof,hi-en,850754,cm02,rvc,clean,eval
${DATA_ROOT}/rvc_cm02/rvc_converted_wavs/rvc_outputs/rvc_850754_00219.wav,spoof,hi-en,850754,cm02,rvc,clean,eval
${DATA_ROOT}/rvc_cm02/rvc_converted_wavs/rvc_outputs/rvc_850754_00220.wav,spoof,hi-en,850754,cm02,rvc,clean,eval
${DATA_ROOT}/rvc_cm02/rvc_converted_wavs/rvc_outputs/rvc_850754_00221.wav,spoof,hi-en,850754,cm02,rvc,clean,eval
${DATA_ROOT}/rvc_cm02/rvc_converted_wavs/rvc_outputs/rvc_850754_00222.wav,spoof,hi-en,850754,cm02,rvc,clean,eval
${DATA_ROOT}/rvc_cm02/rvc_converted_wavs/rvc_outputs/rvc_850754_00223.wav,spoof,hi-en,850754,cm02,rvc,clean,eval
${DATA_ROOT}/rvc_cm02/rvc_converted_wavs/rvc_outputs/rvc_850754_00224.wav,spoof,hi-en,850754,cm02,rvc,clean,eval
${DATA_ROOT}/rvc_cm02/rvc_converted_wavs/rvc_outputs/rvc_850754_00225.wav,spoof,hi-en,850754,cm02,rvc,clean,eval
${DATA_ROOT}/rvc_cm02/rvc_converted_wavs/rvc_outputs/rvc_850754_00226.wav,spoof,hi-en,850754,cm02,rvc,clean,eval
${DATA_ROOT}/rvc_cm02/rvc_converted_wavs/rvc_outputs/rvc_850754_00227.wav,spoof,hi-en,850754,cm02,rvc,clean,eval
${DATA_ROOT}/rvc_cm02/rvc_converted_wavs/rvc_outputs/rvc_850754_00229.wav,spoof,hi-en,850754,cm02,rvc,clean,eval
${DATA_ROOT}/rvc_cm02/rvc_converted_wavs/rvc_outputs/rvc_850754_00230.wav,spoof,hi-en,850754,cm02,rvc,clean,eval
${DATA_ROOT}/rvc_cm02/rvc_converted_wavs/rvc_outputs/rvc_850754_00231.wav,spoof,hi-en,850754,cm02,rvc,clean,eval
${DATA_ROOT}/rvc_cm02/rvc_converted_wavs/rvc_outputs/rvc_850754_00232.wav,spoof,hi-en,850754,cm02,rvc,clean,eval
${DATA_ROOT}/rvc_cm02/rvc_converted_wavs/rvc_outputs/rvc_850754_00233.wav,spoof,hi-en,850754,cm02,rvc,clean,eval
${DATA_ROOT}/rvc_cm02/rvc_converted_wavs/rvc_outputs/rvc_850754_00234.wav,spoof,hi-en,850754,cm02,rvc,clean,eval
${DATA_ROOT}/rvc_cm02/rvc_converted_wavs/rvc_outputs/rvc_850754_00235.wav,spoof,hi-en,850754,cm02,rvc,clean,eval
${DATA_ROOT}/rvc_cm02/rvc_converted_wavs/rvc_outputs/rvc_850754_00236.wav,spoof,hi-en,850754,cm02,rvc,clean,eval
${DATA_ROOT}/rvc_cm02/rvc_converted_wavs/rvc_outputs/rvc_850754_00238.wav,spoof,hi-en,850754,cm02,rvc,clean,eval
${DATA_ROOT}/rvc_cm02/rvc_converted_wavs/rvc_outputs/rvc_850754_00239.wav,spoof,hi-en,850754,cm02,rvc,clean,eval
${DATA_ROOT}/rvc_cm02/rvc_converted_wavs/rvc_outputs/rvc_850754_00240.wav,spoof,hi-en,850754,cm02,rvc,clean,eval
${DATA_ROOT}/rvc_cm02/rvc_converted_wavs/rvc_outputs/rvc_850754_00241.wav,spoof,hi-en,850754,cm02,rvc,clean,eval
${DATA_ROOT}/rvc_cm02/rvc_converted_wavs/rvc_outputs/rvc_850754_00242.wav,spoof,hi-en,850754,cm02,rvc,clean,eval
${DATA_ROOT}/rvc_cm02/rvc_converted_wavs/rvc_outputs/rvc_850754_00243.wav,spoof,hi-en,850754,cm02,rvc,clean,eval
${DATA_ROOT}/rvc_cm02/rvc_converted_wavs/rvc_outputs/rvc_850754_00244.wav,spoof,hi-en,850754,cm02,rvc,clean,eval
${DATA_ROOT}/rvc_cm02/rvc_converted_wavs/rvc_outputs/rvc_850754_00245.wav,spoof,hi-en,850754,cm02,rvc,clean,eval
${DATA_ROOT}/rvc_cm02/rvc_converted_wavs/rvc_outputs/rvc_850754_00246.wav,spoof,hi-en,850754,cm02,rvc,clean,eval
${DATA_ROOT}/rvc_cm02/rvc_converted_wavs/rvc_outputs/rvc_850754_00247.wav,spoof,hi-en,850754,cm02,rvc,clean,eval
${DATA_ROOT}/rvc_cm02/rvc_converted_wavs/rvc_outputs/rvc_850754_00248.wav,spoof,hi-en,850754,cm02,rvc,clean,eval
${DATA_ROOT}/rvc_cm02/rvc_converted_wavs/rvc_outputs/rvc_850754_00249.wav,spoof,hi-en,850754,cm02,rvc,clean,eval
${DATA_ROOT}/rvc_cm02/rvc_converted_wavs/rvc_outputs/rvc_850754_00250.wav,spoof,hi-en,850754,cm02,rvc,clean,eval
${DATA_ROOT}/rvc_cm02/rvc_converted_wavs/rvc_outputs/rvc_457295_00251.wav,spoof,hi-en,457295,cm02,rvc,clean,eval
${DATA_ROOT}/rvc_cm02/rvc_converted_wavs/rvc_outputs/rvc_457295_00252.wav,spoof,hi-en,457295,cm02,rvc,clean,eval
${DATA_ROOT}/rvc_cm02/rvc_converted_wavs/rvc_outputs/rvc_457295_00254.wav,spoof,hi-en,457295,cm02,rvc,clean,eval
${DATA_ROOT}/rvc_cm02/rvc_converted_wavs/rvc_outputs/rvc_457295_00256.wav,spoof,hi-en,457295,cm02,rvc,clean,eval
${DATA_ROOT}/rvc_cm02/rvc_converted_wavs/rvc_outputs/rvc_457295_00257.wav,spoof,hi-en,457295,cm02,rvc,clean,eval
${DATA_ROOT}/rvc_cm02/rvc_converted_wavs/rvc_outputs/rvc_457295_00258.wav,spoof,hi-en,457295,cm02,rvc,clean,eval
${DATA_ROOT}/rvc_cm02/rvc_converted_wavs/rvc_outputs/rvc_457295_00259.wav,spoof,hi-en,457295,cm02,rvc,clean,eval
${DATA_ROOT}/rvc_cm02/rvc_converted_wavs/rvc_outputs/rvc_457295_00260.wav,spoof,hi-en,457295,cm02,rvc,clean,eval
${DATA_ROOT}/rvc_cm02/rvc_converted_wavs/rvc_outputs/rvc_457295_00261.wav,spoof,hi-en,457295,cm02,rvc,clean,eval
${DATA_ROOT}/rvc_cm02/rvc_converted_wavs/rvc_outputs/rvc_457295_00262.wav,spoof,hi-en,457295,cm02,rvc,clean,eval
${DATA_ROOT}/rvc_cm02/rvc_converted_wavs/rvc_outputs/rvc_457295_00263.wav,spoof,hi-en,457295,cm02,rvc,clean,eval
${DATA_ROOT}/rvc_cm02/rvc_converted_wavs/rvc_outputs/rvc_457295_00264.wav,spoof,hi-en,457295,cm02,rvc,clean,eval
${DATA_ROOT}/rvc_cm02/rvc_converted_wavs/rvc_outputs/rvc_457295_00265.wav,spoof,hi-en,457295,cm02,rvc,clean,eval
${DATA_ROOT}/rvc_cm02/rvc_converted_wavs/rvc_outputs/rvc_457295_00266.wav,spoof,hi-en,457295,cm02,rvc,clean,eval
${DATA_ROOT}/rvc_cm02/rvc_converted_wavs/rvc_outputs/rvc_457295_00267.wav,spoof,hi-en,457295,cm02,rvc,clean,eval
${DATA_ROOT}/rvc_cm02/rvc_converted_wavs/rvc_outputs/rvc_457295_00268.wav,spoof,hi-en,457295,cm02,rvc,clean,eval
${DATA_ROOT}/rvc_cm02/rvc_converted_wavs/rvc_outputs/rvc_457295_00269.wav,spoof,hi-en,457295,cm02,rvc,clean,eval
${DATA_ROOT}/rvc_cm02/rvc_converted_wavs/rvc_outputs/rvc_457295_00271.wav,spoof,hi-en,457295,cm02,rvc,clean,eval
${DATA_ROOT}/rvc_cm02/rvc_converted_wavs/rvc_outputs/rvc_457295_00272.wav,spoof,hi-en,457295,cm02,rvc,clean,eval
${DATA_ROOT}/rvc_cm02/rvc_converted_wavs/rvc_outputs/rvc_457295_00273.wav,spoof,hi-en,457295,cm02,rvc,clean,eval
${DATA_ROOT}/rvc_cm02/rvc_converted_wavs/rvc_outputs/rvc_457295_00274.wav,spoof,hi-en,457295,cm02,rvc,clean,eval
${DATA_ROOT}/rvc_cm02/rvc_converted_wavs/rvc_outputs/rvc_457295_00275.wav,spoof,hi-en,457295,cm02,rvc,clean,eval
${DATA_ROOT}/rvc_cm02/rvc_converted_wavs/rvc_outputs/rvc_457295_00276.wav,spoof,hi-en,457295,cm02,rvc,clean,eval
${DATA_ROOT}/rvc_cm02/rvc_converted_wavs/rvc_outputs/rvc_457295_00277.wav,spoof,hi-en,457295,cm02,rvc,clean,eval
${DATA_ROOT}/rvc_cm02/rvc_converted_wavs/rvc_outputs/rvc_457295_00279.wav,spoof,hi-en,457295,cm02,rvc,clean,eval
${DATA_ROOT}/rvc_cm02/rvc_converted_wavs/rvc_outputs/rvc_457295_00280.wav,spoof,hi-en,457295,cm02,rvc,clean,eval
${DATA_ROOT}/rvc_cm02/rvc_converted_wavs/rvc_outputs/rvc_457295_00281.wav,spoof,hi-en,457295,cm02,rvc,clean,eval
${DATA_ROOT}/rvc_cm02/rvc_converted_wavs/rvc_outputs/rvc_457295_00282.wav,spoof,hi-en,457295,cm02,rvc,clean,eval
${DATA_ROOT}/rvc_cm02/rvc_converted_wavs/rvc_outputs/rvc_457295_00283.wav,spoof,hi-en,457295,cm02,rvc,clean,eval
${DATA_ROOT}/rvc_cm02/rvc_converted_wavs/rvc_outputs/rvc_457295_00284.wav,spoof,hi-en,457295,cm02,rvc,clean,eval
${DATA_ROOT}/rvc_cm02/rvc_converted_wavs/rvc_outputs/rvc_457295_00285.wav,spoof,hi-en,457295,cm02,rvc,clean,eval
${DATA_ROOT}/rvc_cm02/rvc_converted_wavs/rvc_outputs/rvc_457295_00286.wav,spoof,hi-en,457295,cm02,rvc,clean,eval
${DATA_ROOT}/rvc_cm02/rvc_converted_wavs/rvc_outputs/rvc_457295_00287.wav,spoof,hi-en,457295,cm02,rvc,clean,eval
${DATA_ROOT}/rvc_cm02/rvc_converted_wavs/rvc_outputs/rvc_457295_00288.wav,spoof,hi-en,457295,cm02,rvc,clean,eval
${DATA_ROOT}/rvc_cm02/rvc_converted_wavs/rvc_outputs/rvc_457295_00289.wav,spoof,hi-en,457295,cm02,rvc,clean,eval
${DATA_ROOT}/rvc_cm02/rvc_converted_wavs/rvc_outputs/rvc_457295_00290.wav,spoof,hi-en,457295,cm02,rvc,clean,eval
${DATA_ROOT}/rvc_cm02/rvc_converted_wavs/rvc_outputs/rvc_457295_00291.wav,spoof,hi-en,457295,cm02,rvc,clean,eval
${DATA_ROOT}/rvc_cm02/rvc_converted_wavs/rvc_outputs/rvc_457295_00292.wav,spoof,hi-en,457295,cm02,rvc,clean,eval
${DATA_ROOT}/rvc_cm02/rvc_converted_wavs/rvc_outputs/rvc_457295_00293.wav,spoof,hi-en,457295,cm02,rvc,clean,eval
${DATA_ROOT}/rvc_cm02/rvc_converted_wavs/rvc_outputs/rvc_457295_00295.wav,spoof,hi-en,457295,cm02,rvc,clean,eval
${DATA_ROOT}/rvc_cm02/rvc_converted_wavs/rvc_outputs/rvc_457295_00296.wav,spoof,hi-en,457295,cm02,rvc,clean,eval
${DATA_ROOT}/rvc_cm02/rvc_converted_wavs/rvc_outputs/rvc_457295_00297.wav,spoof,hi-en,457295,cm02,rvc,clean,eval
${DATA_ROOT}/rvc_cm02/rvc_converted_wavs/rvc_outputs/rvc_457295_00298.wav,spoof,hi-en,457295,cm02,rvc,clean,eval
${DATA_ROOT}/rvc_cm02/rvc_converted_wavs/rvc_outputs/rvc_457295_00299.wav,spoof,hi-en,457295,cm02,rvc,clean,eval
${DATA_ROOT}/rvc_cm02/rvc_converted_wavs/rvc_outputs/rvc_457295_00300.wav,spoof,hi-en,457295,cm02,rvc,clean,eval
${DATA_ROOT}/rvc_cm02/rvc_converted_wavs/rvc_outputs/rvc_457295_00302.wav,spoof,hi-en,457295,cm02,rvc,clean,eval
${DATA_ROOT}/rvc_cm02/rvc_converted_wavs/rvc_outputs/rvc_457295_00303.wav,spoof,hi-en,457295,cm02,rvc,clean,eval
${DATA_ROOT}/rvc_cm02/rvc_converted_wavs/rvc_outputs/rvc_457295_00304.wav,spoof,hi-en,457295,cm02,rvc,clean,eval
${DATA_ROOT}/rvc_cm02/rvc_converted_wavs/rvc_outputs/rvc_457295_00305.wav,spoof,hi-en,457295,cm02,rvc,clean,eval
${DATA_ROOT}/rvc_cm02/rvc_converted_wavs/rvc_outputs/rvc_457295_00306.wav,spoof,hi-en,457295,cm02,rvc,clean,eval
${DATA_ROOT}/rvc_cm02/rvc_converted_wavs/rvc_outputs/rvc_457295_00307.wav,spoof,hi-en,457295,cm02,rvc,clean,eval
${DATA_ROOT}/rvc_cm02/rvc_converted_wavs/rvc_outputs/rvc_457295_00308.wav,spoof,hi-en,457295,cm02,rvc,clean,eval
${DATA_ROOT}/rvc_cm02/rvc_converted_wavs/rvc_outputs/rvc_457295_00309.wav,spoof,hi-en,457295,cm02,rvc,clean,eval
${DATA_ROOT}/rvc_cm02/rvc_converted_wavs/rvc_outputs/rvc_457295_00310.wav,spoof,hi-en,457295,cm02,rvc,clean,eval
${DATA_ROOT}/rvc_cm02/rvc_converted_wavs/rvc_outputs/rvc_457295_00311.wav,spoof,hi-en,457295,cm02,rvc,clean,eval
${DATA_ROOT}/rvc_cm02/rvc_converted_wavs/rvc_outputs/rvc_457295_00312.wav,spoof,hi-en,457295,cm02,rvc,clean,eval
${DATA_ROOT}/rvc_cm02/rvc_converted_wavs/rvc_outputs/rvc_457295_00313.wav,spoof,hi-en,457295,cm02,rvc,clean,eval
${DATA_ROOT}/rvc_cm02/rvc_converted_wavs/rvc_outputs/rvc_457295_00314.wav,spoof,hi-en,457295,cm02,rvc,clean,eval
${DATA_ROOT}/rvc_cm02/rvc_converted_wavs/rvc_outputs/rvc_457295_00315.wav,spoof,hi-en,457295,cm02,rvc,clean,eval
${DATA_ROOT}/rvc_cm02/rvc_converted_wavs/rvc_outputs/rvc_457295_00316.wav,spoof,hi-en,457295,cm02,rvc,clean,eval
${DATA_ROOT}/rvc_cm02/rvc_converted_wavs/rvc_outputs/rvc_457295_00317.wav,spoof,hi-en,457295,cm02,rvc,clean,eval
${DATA_ROOT}/rvc_cm02/rvc_converted_wavs/rvc_outputs/rvc_457295_00319.wav,spoof,hi-en,457295,cm02,rvc,clean,eval
${DATA_ROOT}/rvc_cm02/rvc_converted_wavs/rvc_outputs/rvc_457295_00320.wav,spoof,hi-en,457295,cm02,rvc,clean,eval
${DATA_ROOT}/rvc_cm02/rvc_converted_wavs/rvc_outputs/rvc_457295_00321.wav,spoof,hi-en,457295,cm02,rvc,clean,eval
${DATA_ROOT}/rvc_cm02/rvc_converted_wavs/rvc_outputs/rvc_457295_00323.wav,spoof,hi-en,457295,cm02,rvc,clean,eval
${DATA_ROOT}/rvc_cm02/rvc_converted_wavs/rvc_outputs/rvc_457295_00324.wav,spoof,hi-en,457295,cm02,rvc,clean,eval
${DATA_ROOT}/rvc_cm02/rvc_converted_wavs/rvc_outputs/rvc_457295_00325.wav,spoof,hi-en,457295,cm02,rvc,clean,eval
${DATA_ROOT}/rvc_cm02/rvc_converted_wavs/rvc_outputs/rvc_457295_00326.wav,spoof,hi-en,457295,cm02,rvc,clean,eval
${DATA_ROOT}/rvc_cm02/rvc_converted_wavs/rvc_outputs/rvc_457295_00327.wav,spoof,hi-en,457295,cm02,rvc,clean,eval
${DATA_ROOT}/rvc_cm02/rvc_converted_wavs/rvc_outputs/rvc_457295_00328.wav,spoof,hi-en,457295,cm02,rvc,clean,eval
${DATA_ROOT}/rvc_cm02/rvc_converted_wavs/rvc_outputs/rvc_457295_00329.wav,spoof,hi-en,457295,cm02,rvc,clean,eval
${DATA_ROOT}/rvc_cm02/rvc_converted_wavs/rvc_outputs/rvc_457295_00330.wav,spoof,hi-en,457295,cm02,rvc,clean,eval
${DATA_ROOT}/rvc_cm02/rvc_converted_wavs/rvc_outputs/rvc_457295_00331.wav,spoof,hi-en,457295,cm02,rvc,clean,eval
${DATA_ROOT}/rvc_cm02/rvc_converted_wavs/rvc_outputs/rvc_457295_00332.wav,spoof,hi-en,457295,cm02,rvc,clean,eval
${DATA_ROOT}/rvc_cm02/rvc_converted_wavs/rvc_outputs/rvc_457295_00333.wav,spoof,hi-en,457295,cm02,rvc,clean,eval
${DATA_ROOT}/rvc_cm02/rvc_converted_wavs/rvc_outputs/rvc_457295_00334.wav,spoof,hi-en,457295,cm02,rvc,clean,eval
${DATA_ROOT}/rvc_cm02/rvc_converted_wavs/rvc_outputs/rvc_457295_00336.wav,spoof,hi-en,457295,cm02,rvc,clean,eval
${DATA_ROOT}/rvc_cm02/rvc_converted_wavs/rvc_outputs/rvc_457295_00337.wav,spoof,hi-en,457295,cm02,rvc,clean,eval
${DATA_ROOT}/rvc_cm02/rvc_converted_wavs/rvc_outputs/rvc_457295_00338.wav,spoof,hi-en,457295,cm02,rvc,clean,eval
${DATA_ROOT}/rvc_cm02/rvc_converted_wavs/rvc_outputs/rvc_457295_00339.wav,spoof,hi-en,457295,cm02,rvc,clean,eval
${DATA_ROOT}/rvc_cm02/rvc_converted_wavs/rvc_outputs/rvc_457295_00340.wav,spoof,hi-en,457295,cm02,rvc,clean,eval
${DATA_ROOT}/rvc_cm02/rvc_converted_wavs/rvc_outputs/rvc_457295_00341.wav,spoof,hi-en,457295,cm02,rvc,clean,eval
${DATA_ROOT}/rvc_cm02/rvc_converted_wavs/rvc_outputs/rvc_457295_00342.wav,spoof,hi-en,457295,cm02,rvc,clean,eval
${DATA_ROOT}/rvc_cm02/rvc_converted_wavs/rvc_outputs/rvc_457295_00343.wav,spoof,hi-en,457295,cm02,rvc,clean,eval
${DATA_ROOT}/rvc_cm02/rvc_converted_wavs/rvc_outputs/rvc_457295_00344.wav,spoof,hi-en,457295,cm02,rvc,clean,eval
${DATA_ROOT}/rvc_cm02/rvc_converted_wavs/rvc_outputs/rvc_457295_00345.wav,spoof,hi-en,457295,cm02,rvc,clean,eval
${DATA_ROOT}/rvc_cm02/rvc_converted_wavs/rvc_outputs/rvc_457295_00346.wav,spoof,hi-en,457295,cm02,rvc,clean,eval
${DATA_ROOT}/rvc_cm02/rvc_converted_wavs/rvc_outputs/rvc_457295_00347.wav,spoof,hi-en,457295,cm02,rvc,clean,eval
${DATA_ROOT}/rvc_cm02/rvc_converted_wavs/rvc_outputs/rvc_457295_00348.wav,spoof,hi-en,457295,cm02,rvc,clean,eval
${DATA_ROOT}/rvc_cm02/rvc_converted_wavs/rvc_outputs/rvc_457295_00349.wav,spoof,hi-en,457295,cm02,rvc,clean,eval
${DATA_ROOT}/rvc_cm02/rvc_converted_wavs/rvc_outputs/rvc_457295_00350.wav,spoof,hi-en,457295,cm02,rvc,clean,eval
${DATA_ROOT}/rvc_cm02/rvc_converted_wavs/rvc_outputs/rvc_457295_00352.wav,spoof,hi-en,457295,cm02,rvc,clean,eval
${DATA_ROOT}/rvc_cm02/rvc_converted_wavs/rvc_outputs/rvc_457295_00353.wav,spoof,hi-en,457295,cm02,rvc,clean,eval
${DATA_ROOT}/rvc_cm02/rvc_converted_wavs/rvc_outputs/rvc_457295_00354.wav,spoof,hi-en,457295,cm02,rvc,clean,eval
${DATA_ROOT}/rvc_cm02/rvc_converted_wavs/rvc_outputs/rvc_457295_00355.wav,spoof,hi-en,457295,cm02,rvc,clean,eval
${DATA_ROOT}/rvc_cm02/rvc_converted_wavs/rvc_outputs/rvc_457295_00356.wav,spoof,hi-en,457295,cm02,rvc,clean,eval
${DATA_ROOT}/rvc_cm02/rvc_converted_wavs/rvc_outputs/rvc_457295_00357.wav,spoof,hi-en,457295,cm02,rvc,clean,eval
${DATA_ROOT}/rvc_cm02/rvc_converted_wavs/rvc_outputs/rvc_457295_00358.wav,spoof,hi-en,457295,cm02,rvc,clean,eval
${DATA_ROOT}/rvc_cm02/rvc_converted_wavs/rvc_outputs/rvc_457295_00359.wav,spoof,hi-en,457295,cm02,rvc,clean,eval
${DATA_ROOT}/rvc_cm02/rvc_converted_wavs/rvc_outputs/rvc_457295_00360.wav,spoof,hi-en,457295,cm02,rvc,clean,eval
${DATA_ROOT}/rvc_cm02/rvc_converted_wavs/rvc_outputs/rvc_457295_00361.wav,spoof,hi-en,457295,cm02,rvc,clean,eval
${DATA_ROOT}/rvc_cm02/rvc_converted_wavs/rvc_outputs/rvc_457295_00362.wav,spoof,hi-en,457295,cm02,rvc,clean,eval
${DATA_ROOT}/rvc_cm02/rvc_converted_wavs/rvc_outputs/rvc_457295_00364.wav,spoof,hi-en,457295,cm02,rvc,clean,eval
${DATA_ROOT}/rvc_cm02/rvc_converted_wavs/rvc_outputs/rvc_457295_00365.wav,spoof,hi-en,457295,cm02,rvc,clean,eval
${DATA_ROOT}/rvc_cm02/rvc_converted_wavs/rvc_outputs/rvc_457295_00366.wav,spoof,hi-en,457295,cm02,rvc,clean,eval
${DATA_ROOT}/rvc_cm02/rvc_converted_wavs/rvc_outputs/rvc_457295_00367.wav,spoof,hi-en,457295,cm02,rvc,clean,eval
${DATA_ROOT}/rvc_cm02/rvc_converted_wavs/rvc_outputs/rvc_457295_00368.wav,spoof,hi-en,457295,cm02,rvc,clean,eval
${DATA_ROOT}/rvc_cm02/rvc_converted_wavs/rvc_outputs/rvc_457295_00369.wav,spoof,hi-en,457295,cm02,rvc,clean,eval
${DATA_ROOT}/rvc_cm02/rvc_converted_wavs/rvc_outputs/rvc_457295_00370.wav,spoof,hi-en,457295,cm02,rvc,clean,eval
${DATA_ROOT}/rvc_cm02/rvc_converted_wavs/rvc_outputs/rvc_457295_00371.wav,spoof,hi-en,457295,cm02,rvc,clean,eval
${DATA_ROOT}/rvc_cm02/rvc_converted_wavs/rvc_outputs/rvc_457295_00372.wav,spoof,hi-en,457295,cm02,rvc,clean,eval
${DATA_ROOT}/rvc_cm02/rvc_converted_wavs/rvc_outputs/rvc_457295_00373.wav,spoof,hi-en,457295,cm02,rvc,clean,eval
${DATA_ROOT}/rvc_cm02/rvc_converted_wavs/rvc_outputs/rvc_457295_00374.wav,spoof,hi-en,457295,cm02,rvc,clean,eval
${DATA_ROOT}/rvc_cm02/rvc_converted_wavs/rvc_outputs/rvc_457295_00375.wav,spoof,hi-en,457295,cm02,rvc,clean,eval
${DATA_ROOT}/rvc_cm02/rvc_converted_wavs/rvc_outputs/rvc_903756_00376.wav,spoof,hi-en,903756,cm02,rvc,clean,eval
${DATA_ROOT}/rvc_cm02/rvc_converted_wavs/rvc_outputs/rvc_903756_00377.wav,spoof,hi-en,903756,cm02,rvc,clean,eval
${DATA_ROOT}/rvc_cm02/rvc_converted_wavs/rvc_outputs/rvc_903756_00378.wav,spoof,hi-en,903756,cm02,rvc,clean,eval
${DATA_ROOT}/rvc_cm02/rvc_converted_wavs/rvc_outputs/rvc_903756_00379.wav,spoof,hi-en,903756,cm02,rvc,clean,eval
${DATA_ROOT}/rvc_cm02/rvc_converted_wavs/rvc_outputs/rvc_903756_00380.wav,spoof,hi-en,903756,cm02,rvc,clean,eval
${DATA_ROOT}/rvc_cm02/rvc_converted_wavs/rvc_outputs/rvc_903756_00381.wav,spoof,hi-en,903756,cm02,rvc,clean,eval
${DATA_ROOT}/rvc_cm02/rvc_converted_wavs/rvc_outputs/rvc_903756_00382.wav,spoof,hi-en,903756,cm02,rvc,clean,eval
${DATA_ROOT}/rvc_cm02/rvc_converted_wavs/rvc_outputs/rvc_903756_00383.wav,spoof,hi-en,903756,cm02,rvc,clean,eval
${DATA_ROOT}/rvc_cm02/rvc_converted_wavs/rvc_outputs/rvc_903756_00384.wav,spoof,hi-en,903756,cm02,rvc,clean,eval
${DATA_ROOT}/rvc_cm02/rvc_converted_wavs/rvc_outputs/rvc_903756_00385.wav,spoof,hi-en,903756,cm02,rvc,clean,eval
${DATA_ROOT}/rvc_cm02/rvc_converted_wavs/rvc_outputs/rvc_903756_00386.wav,spoof,hi-en,903756,cm02,rvc,clean,eval
${DATA_ROOT}/rvc_cm02/rvc_converted_wavs/rvc_outputs/rvc_903756_00387.wav,spoof,hi-en,903756,cm02,rvc,clean,eval
${DATA_ROOT}/rvc_cm02/rvc_converted_wavs/rvc_outputs/rvc_903756_00388.wav,spoof,hi-en,903756,cm02,rvc,clean,eval
${DATA_ROOT}/rvc_cm02/rvc_converted_wavs/rvc_outputs/rvc_903756_00389.wav,spoof,hi-en,903756,cm02,rvc,clean,eval
${DATA_ROOT}/rvc_cm02/rvc_converted_wavs/rvc_outputs/rvc_903756_00390.wav,spoof,hi-en,903756,cm02,rvc,clean,eval
${DATA_ROOT}/rvc_cm02/rvc_converted_wavs/rvc_outputs/rvc_903756_00391.wav,spoof,hi-en,903756,cm02,rvc,clean,eval
${DATA_ROOT}/rvc_cm02/rvc_converted_wavs/rvc_outputs/rvc_903756_00392.wav,spoof,hi-en,903756,cm02,rvc,clean,eval
${DATA_ROOT}/rvc_cm02/rvc_converted_wavs/rvc_outputs/rvc_903756_00393.wav,spoof,hi-en,903756,cm02,rvc,clean,eval
${DATA_ROOT}/rvc_cm02/rvc_converted_wavs/rvc_outputs/rvc_903756_00394.wav,spoof,hi-en,903756,cm02,rvc,clean,eval
${DATA_ROOT}/rvc_cm02/rvc_converted_wavs/rvc_outputs/rvc_903756_00395.wav,spoof,hi-en,903756,cm02,rvc,clean,eval
${DATA_ROOT}/rvc_cm02/rvc_converted_wavs/rvc_outputs/rvc_903756_00396.wav,spoof,hi-en,903756,cm02,rvc,clean,eval
${DATA_ROOT}/rvc_cm02/rvc_converted_wavs/rvc_outputs/rvc_903756_00397.wav,spoof,hi-en,903756,cm02,rvc,clean,eval
${DATA_ROOT}/rvc_cm02/rvc_converted_wavs/rvc_outputs/rvc_903756_00398.wav,spoof,hi-en,903756,cm02,rvc,clean,eval
${DATA_ROOT}/rvc_cm02/rvc_converted_wavs/rvc_outputs/rvc_903756_00399.wav,spoof,hi-en,903756,cm02,rvc,clean,eval
${DATA_ROOT}/rvc_cm02/rvc_converted_wavs/rvc_outputs/rvc_903756_00400.wav,spoof,hi-en,903756,cm02,rvc,clean,eval
${DATA_ROOT}/rvc_cm02/rvc_converted_wavs/rvc_outputs/rvc_903756_00401.wav,spoof,hi-en,903756,cm02,rvc,clean,eval
${DATA_ROOT}/rvc_cm02/rvc_converted_wavs/rvc_outputs/rvc_903756_00402.wav,spoof,hi-en,903756,cm02,rvc,clean,eval
${DATA_ROOT}/rvc_cm02/rvc_converted_wavs/rvc_outputs/rvc_903756_00403.wav,spoof,hi-en,903756,cm02,rvc,clean,eval
${DATA_ROOT}/rvc_cm02/rvc_converted_wavs/rvc_outputs/rvc_903756_00405.wav,spoof,hi-en,903756,cm02,rvc,clean,eval
${DATA_ROOT}/rvc_cm02/rvc_converted_wavs/rvc_outputs/rvc_903756_00406.wav,spoof,hi-en,903756,cm02,rvc,clean,eval
${DATA_ROOT}/rvc_cm02/rvc_converted_wavs/rvc_outputs/rvc_903756_00407.wav,spoof,hi-en,903756,cm02,rvc,clean,eval
${DATA_ROOT}/rvc_cm02/rvc_converted_wavs/rvc_outputs/rvc_903756_00408.wav,spoof,hi-en,903756,cm02,rvc,clean,eval
${DATA_ROOT}/rvc_cm02/rvc_converted_wavs/rvc_outputs/rvc_903756_00409.wav,spoof,hi-en,903756,cm02,rvc,clean,eval
${DATA_ROOT}/rvc_cm02/rvc_converted_wavs/rvc_outputs/rvc_903756_00410.wav,spoof,hi-en,903756,cm02,rvc,clean,eval
${DATA_ROOT}/rvc_cm02/rvc_converted_wavs/rvc_outputs/rvc_903756_00411.wav,spoof,hi-en,903756,cm02,rvc,clean,eval
${DATA_ROOT}/rvc_cm02/rvc_converted_wavs/rvc_outputs/rvc_903756_00412.wav,spoof,hi-en,903756,cm02,rvc,clean,eval
${DATA_ROOT}/rvc_cm02/rvc_converted_wavs/rvc_outputs/rvc_903756_00413.wav,spoof,hi-en,903756,cm02,rvc,clean,eval
${DATA_ROOT}/rvc_cm02/rvc_converted_wavs/rvc_outputs/rvc_903756_00414.wav,spoof,hi-en,903756,cm02,rvc,clean,eval
${DATA_ROOT}/rvc_cm02/rvc_converted_wavs/rvc_outputs/rvc_903756_00415.wav,spoof,hi-en,903756,cm02,rvc,clean,eval
${DATA_ROOT}/rvc_cm02/rvc_converted_wavs/rvc_outputs/rvc_903756_00416.wav,spoof,hi-en,903756,cm02,rvc,clean,eval
${DATA_ROOT}/rvc_cm02/rvc_converted_wavs/rvc_outputs/rvc_903756_00417.wav,spoof,hi-en,903756,cm02,rvc,clean,eval
${DATA_ROOT}/rvc_cm02/rvc_converted_wavs/rvc_outputs/rvc_903756_00418.wav,spoof,hi-en,903756,cm02,rvc,clean,eval
${DATA_ROOT}/rvc_cm02/rvc_converted_wavs/rvc_outputs/rvc_903756_00419.wav,spoof,hi-en,903756,cm02,rvc,clean,eval
${DATA_ROOT}/rvc_cm02/rvc_converted_wavs/rvc_outputs/rvc_903756_00420.wav,spoof,hi-en,903756,cm02,rvc,clean,eval
${DATA_ROOT}/rvc_cm02/rvc_converted_wavs/rvc_outputs/rvc_903756_00421.wav,spoof,hi-en,903756,cm02,rvc,clean,eval
${DATA_ROOT}/rvc_cm02/rvc_converted_wavs/rvc_outputs/rvc_903756_00422.wav,spoof,hi-en,903756,cm02,rvc,clean,eval
${DATA_ROOT}/rvc_cm02/rvc_converted_wavs/rvc_outputs/rvc_903756_00423.wav,spoof,hi-en,903756,cm02,rvc,clean,eval
${DATA_ROOT}/rvc_cm02/rvc_converted_wavs/rvc_outputs/rvc_903756_00424.wav,spoof,hi-en,903756,cm02,rvc,clean,eval
${DATA_ROOT}/rvc_cm02/rvc_converted_wavs/rvc_outputs/rvc_903756_00425.wav,spoof,hi-en,903756,cm02,rvc,clean,eval
${DATA_ROOT}/rvc_cm02/rvc_converted_wavs/rvc_outputs/rvc_903756_00426.wav,spoof,hi-en,903756,cm02,rvc,clean,eval
${DATA_ROOT}/rvc_cm02/rvc_converted_wavs/rvc_outputs/rvc_903756_00427.wav,spoof,hi-en,903756,cm02,rvc,clean,eval
${DATA_ROOT}/rvc_cm02/rvc_converted_wavs/rvc_outputs/rvc_903756_00428.wav,spoof,hi-en,903756,cm02,rvc,clean,eval
${DATA_ROOT}/rvc_cm02/rvc_converted_wavs/rvc_outputs/rvc_903756_00429.wav,spoof,hi-en,903756,cm02,rvc,clean,eval
${DATA_ROOT}/rvc_cm02/rvc_converted_wavs/rvc_outputs/rvc_903756_00430.wav,spoof,hi-en,903756,cm02,rvc,clean,eval
${DATA_ROOT}/rvc_cm02/rvc_converted_wavs/rvc_outputs/rvc_903756_00431.wav,spoof,hi-en,903756,cm02,rvc,clean,eval
${DATA_ROOT}/rvc_cm02/rvc_converted_wavs/rvc_outputs/rvc_903756_00432.wav,spoof,hi-en,903756,cm02,rvc,clean,eval
${DATA_ROOT}/rvc_cm02/rvc_converted_wavs/rvc_outputs/rvc_903756_00433.wav,spoof,hi-en,903756,cm02,rvc,clean,eval
${DATA_ROOT}/rvc_cm02/rvc_converted_wavs/rvc_outputs/rvc_903756_00434.wav,spoof,hi-en,903756,cm02,rvc,clean,eval
${DATA_ROOT}/rvc_cm02/rvc_converted_wavs/rvc_outputs/rvc_903756_00435.wav,spoof,hi-en,903756,cm02,rvc,clean,eval
${DATA_ROOT}/rvc_cm02/rvc_converted_wavs/rvc_outputs/rvc_903756_00436.wav,spoof,hi-en,903756,cm02,rvc,clean,eval
${DATA_ROOT}/rvc_cm02/rvc_converted_wavs/rvc_outputs/rvc_903756_00437.wav,spoof,hi-en,903756,cm02,rvc,clean,eval
${DATA_ROOT}/rvc_cm02/rvc_converted_wavs/rvc_outputs/rvc_903756_00438.wav,spoof,hi-en,903756,cm02,rvc,clean,eval
${DATA_ROOT}/rvc_cm02/rvc_converted_wavs/rvc_outputs/rvc_903756_00439.wav,spoof,hi-en,903756,cm02,rvc,clean,eval
${DATA_ROOT}/rvc_cm02/rvc_converted_wavs/rvc_outputs/rvc_903756_00440.wav,spoof,hi-en,903756,cm02,rvc,clean,eval
${DATA_ROOT}/rvc_cm02/rvc_converted_wavs/rvc_outputs/rvc_903756_00441.wav,spoof,hi-en,903756,cm02,rvc,clean,eval
${DATA_ROOT}/rvc_cm02/rvc_converted_wavs/rvc_outputs/rvc_903756_00442.wav,spoof,hi-en,903756,cm02,rvc,clean,eval
${DATA_ROOT}/rvc_cm02/rvc_converted_wavs/rvc_outputs/rvc_903756_00443.wav,spoof,hi-en,903756,cm02,rvc,clean,eval
${DATA_ROOT}/rvc_cm02/rvc_converted_wavs/rvc_outputs/rvc_903756_00444.wav,spoof,hi-en,903756,cm02,rvc,clean,eval
${DATA_ROOT}/rvc_cm02/rvc_converted_wavs/rvc_outputs/rvc_903756_00446.wav,spoof,hi-en,903756,cm02,rvc,clean,eval
${DATA_ROOT}/rvc_cm02/rvc_converted_wavs/rvc_outputs/rvc_903756_00447.wav,spoof,hi-en,903756,cm02,rvc,clean,eval
${DATA_ROOT}/rvc_cm02/rvc_converted_wavs/rvc_outputs/rvc_903756_00448.wav,spoof,hi-en,903756,cm02,rvc,clean,eval
${DATA_ROOT}/rvc_cm02/rvc_converted_wavs/rvc_outputs/rvc_903756_00449.wav,spoof,hi-en,903756,cm02,rvc,clean,eval
${DATA_ROOT}/rvc_cm02/rvc_converted_wavs/rvc_outputs/rvc_903756_00450.wav,spoof,hi-en,903756,cm02,rvc,clean,eval
${DATA_ROOT}/rvc_cm02/rvc_converted_wavs/rvc_outputs/rvc_903756_00451.wav,spoof,hi-en,903756,cm02,rvc,clean,eval
${DATA_ROOT}/rvc_cm02/rvc_converted_wavs/rvc_outputs/rvc_903756_00452.wav,spoof,hi-en,903756,cm02,rvc,clean,eval
${DATA_ROOT}/rvc_cm02/rvc_converted_wavs/rvc_outputs/rvc_903756_00453.wav,spoof,hi-en,903756,cm02,rvc,clean,eval
${DATA_ROOT}/rvc_cm02/rvc_converted_wavs/rvc_outputs/rvc_903756_00454.wav,spoof,hi-en,903756,cm02,rvc,clean,eval
${DATA_ROOT}/rvc_cm02/rvc_converted_wavs/rvc_outputs/rvc_903756_00455.wav,spoof,hi-en,903756,cm02,rvc,clean,eval
${DATA_ROOT}/rvc_cm02/rvc_converted_wavs/rvc_outputs/rvc_903756_00456.wav,spoof,hi-en,903756,cm02,rvc,clean,eval
${DATA_ROOT}/rvc_cm02/rvc_converted_wavs/rvc_outputs/rvc_903756_00457.wav,spoof,hi-en,903756,cm02,rvc,clean,eval
${DATA_ROOT}/rvc_cm02/rvc_converted_wavs/rvc_outputs/rvc_903756_00458.wav,spoof,hi-en,903756,cm02,rvc,clean,eval
${DATA_ROOT}/rvc_cm02/rvc_converted_wavs/rvc_outputs/rvc_903756_00459.wav,spoof,hi-en,903756,cm02,rvc,clean,eval
${DATA_ROOT}/rvc_cm02/rvc_converted_wavs/rvc_outputs/rvc_903756_00460.wav,spoof,hi-en,903756,cm02,rvc,clean,eval
${DATA_ROOT}/rvc_cm02/rvc_converted_wavs/rvc_outputs/rvc_903756_00461.wav,spoof,hi-en,903756,cm02,rvc,clean,eval
${DATA_ROOT}/rvc_cm02/rvc_converted_wavs/rvc_outputs/rvc_903756_00462.wav,spoof,hi-en,903756,cm02,rvc,clean,eval
${DATA_ROOT}/rvc_cm02/rvc_converted_wavs/rvc_outputs/rvc_903756_00463.wav,spoof,hi-en,903756,cm02,rvc,clean,eval
${DATA_ROOT}/rvc_cm02/rvc_converted_wavs/rvc_outputs/rvc_903756_00464.wav,spoof,hi-en,903756,cm02,rvc,clean,eval
${DATA_ROOT}/rvc_cm02/rvc_converted_wavs/rvc_outputs/rvc_903756_00465.wav,spoof,hi-en,903756,cm02,rvc,clean,eval
${DATA_ROOT}/rvc_cm02/rvc_converted_wavs/rvc_outputs/rvc_903756_00466.wav,spoof,hi-en,903756,cm02,rvc,clean,eval
${DATA_ROOT}/rvc_cm02/rvc_converted_wavs/rvc_outputs/rvc_903756_00467.wav,spoof,hi-en,903756,cm02,rvc,clean,eval
${DATA_ROOT}/rvc_cm02/rvc_converted_wavs/rvc_outputs/rvc_903756_00468.wav,spoof,hi-en,903756,cm02,rvc,clean,eval
${DATA_ROOT}/rvc_cm02/rvc_converted_wavs/rvc_outputs/rvc_903756_00469.wav,spoof,hi-en,903756,cm02,rvc,clean,eval
${DATA_ROOT}/rvc_cm02/rvc_converted_wavs/rvc_outputs/rvc_903756_00470.wav,spoof,hi-en,903756,cm02,rvc,clean,eval
${DATA_ROOT}/rvc_cm02/rvc_converted_wavs/rvc_outputs/rvc_903756_00471.wav,spoof,hi-en,903756,cm02,rvc,clean,eval
${DATA_ROOT}/rvc_cm02/rvc_converted_wavs/rvc_outputs/rvc_903756_00472.wav,spoof,hi-en,903756,cm02,rvc,clean,eval
${DATA_ROOT}/rvc_cm02/rvc_converted_wavs/rvc_outputs/rvc_903756_00473.wav,spoof,hi-en,903756,cm02,rvc,clean,eval
${DATA_ROOT}/rvc_cm02/rvc_converted_wavs/rvc_outputs/rvc_903756_00475.wav,spoof,hi-en,903756,cm02,rvc,clean,eval
${DATA_ROOT}/rvc_cm02/rvc_converted_wavs/rvc_outputs/rvc_903756_00476.wav,spoof,hi-en,903756,cm02,rvc,clean,eval
${DATA_ROOT}/rvc_cm02/rvc_converted_wavs/rvc_outputs/rvc_903756_00477.wav,spoof,hi-en,903756,cm02,rvc,clean,eval
${DATA_ROOT}/rvc_cm02/rvc_converted_wavs/rvc_outputs/rvc_903756_00478.wav,spoof,hi-en,903756,cm02,rvc,clean,eval
${DATA_ROOT}/rvc_cm02/rvc_converted_wavs/rvc_outputs/rvc_903756_00479.wav,spoof,hi-en,903756,cm02,rvc,clean,eval
${DATA_ROOT}/rvc_cm02/rvc_converted_wavs/rvc_outputs/rvc_903756_00480.wav,spoof,hi-en,903756,cm02,rvc,clean,eval
${DATA_ROOT}/rvc_cm02/rvc_converted_wavs/rvc_outputs/rvc_903756_00481.wav,spoof,hi-en,903756,cm02,rvc,clean,eval
${DATA_ROOT}/rvc_cm02/rvc_converted_wavs/rvc_outputs/rvc_903756_00482.wav,spoof,hi-en,903756,cm02,rvc,clean,eval
${DATA_ROOT}/rvc_cm02/rvc_converted_wavs/rvc_outputs/rvc_903756_00483.wav,spoof,hi-en,903756,cm02,rvc,clean,eval
${DATA_ROOT}/rvc_cm02/rvc_converted_wavs/rvc_outputs/rvc_903756_00484.wav,spoof,hi-en,903756,cm02,rvc,clean,eval
${DATA_ROOT}/rvc_cm02/rvc_converted_wavs/rvc_outputs/rvc_903756_00485.wav,spoof,hi-en,903756,cm02,rvc,clean,eval
${DATA_ROOT}/rvc_cm02/rvc_converted_wavs/rvc_outputs/rvc_903756_00486.wav,spoof,hi-en,903756,cm02,rvc,clean,eval
${DATA_ROOT}/rvc_cm02/rvc_converted_wavs/rvc_outputs/rvc_903756_00487.wav,spoof,hi-en,903756,cm02,rvc,clean,eval
${DATA_ROOT}/rvc_cm02/rvc_converted_wavs/rvc_outputs/rvc_903756_00488.wav,spoof,hi-en,903756,cm02,rvc,clean,eval
${DATA_ROOT}/rvc_cm02/rvc_converted_wavs/rvc_outputs/rvc_903756_00489.wav,spoof,hi-en,903756,cm02,rvc,clean,eval
${DATA_ROOT}/rvc_cm02/rvc_converted_wavs/rvc_outputs/rvc_903756_00490.wav,spoof,hi-en,903756,cm02,rvc,clean,eval
${DATA_ROOT}/rvc_cm02/rvc_converted_wavs/rvc_outputs/rvc_903756_00491.wav,spoof,hi-en,903756,cm02,rvc,clean,eval
${DATA_ROOT}/rvc_cm02/rvc_converted_wavs/rvc_outputs/rvc_903756_00492.wav,spoof,hi-en,903756,cm02,rvc,clean,eval
${DATA_ROOT}/rvc_cm02/rvc_converted_wavs/rvc_outputs/rvc_903756_00494.wav,spoof,hi-en,903756,cm02,rvc,clean,eval
${DATA_ROOT}/rvc_cm02/rvc_converted_wavs/rvc_outputs/rvc_903756_00495.wav,spoof,hi-en,903756,cm02,rvc,clean,eval
${DATA_ROOT}/rvc_cm02/rvc_converted_wavs/rvc_outputs/rvc_903756_00496.wav,spoof,hi-en,903756,cm02,rvc,clean,eval
${DATA_ROOT}/rvc_cm02/rvc_converted_wavs/rvc_outputs/rvc_903756_00497.wav,spoof,hi-en,903756,cm02,rvc,clean,eval
${DATA_ROOT}/rvc_cm02/rvc_converted_wavs/rvc_outputs/rvc_903756_00498.wav,spoof,hi-en,903756,cm02,rvc,clean,eval
${DATA_ROOT}/rvc_cm02/rvc_converted_wavs/rvc_outputs/rvc_903756_00499.wav,spoof,hi-en,903756,cm02,rvc,clean,eval
${DATA_ROOT}/rvc_cm02/rvc_converted_wavs/rvc_outputs/rvc_903756_00500.wav,spoof,hi-en,903756,cm02,rvc,clean,eval
${DATA_ROOT}/rvc_cm02/rvc_converted_wavs/rvc_outputs/rvc_322882_00501.wav,spoof,hi-en,322882,cm02,rvc,clean,eval
${DATA_ROOT}/rvc_cm02/rvc_converted_wavs/rvc_outputs/rvc_322882_00502.wav,spoof,hi-en,322882,cm02,rvc,clean,eval
${DATA_ROOT}/rvc_cm02/rvc_converted_wavs/rvc_outputs/rvc_322882_00503.wav,spoof,hi-en,322882,cm02,rvc,clean,eval
${DATA_ROOT}/rvc_cm02/rvc_converted_wavs/rvc_outputs/rvc_322882_00504.wav,spoof,hi-en,322882,cm02,rvc,clean,eval
${DATA_ROOT}/rvc_cm02/rvc_converted_wavs/rvc_outputs/rvc_322882_00505.wav,spoof,hi-en,322882,cm02,rvc,clean,eval
${DATA_ROOT}/rvc_cm02/rvc_converted_wavs/rvc_outputs/rvc_322882_00506.wav,spoof,hi-en,322882,cm02,rvc,clean,eval
${DATA_ROOT}/rvc_cm02/rvc_converted_wavs/rvc_outputs/rvc_322882_00508.wav,spoof,hi-en,322882,cm02,rvc,clean,eval
${DATA_ROOT}/rvc_cm02/rvc_converted_wavs/rvc_outputs/rvc_322882_00509.wav,spoof,hi-en,322882,cm02,rvc,clean,eval
${DATA_ROOT}/rvc_cm02/rvc_converted_wavs/rvc_outputs/rvc_322882_00510.wav,spoof,hi-en,322882,cm02,rvc,clean,eval
${DATA_ROOT}/rvc_cm02/rvc_converted_wavs/rvc_outputs/rvc_322882_00511.wav,spoof,hi-en,322882,cm02,rvc,clean,eval
${DATA_ROOT}/rvc_cm02/rvc_converted_wavs/rvc_outputs/rvc_322882_00512.wav,spoof,hi-en,322882,cm02,rvc,clean,eval
${DATA_ROOT}/rvc_cm02/rvc_converted_wavs/rvc_outputs/rvc_322882_00513.wav,spoof,hi-en,322882,cm02,rvc,clean,eval
${DATA_ROOT}/rvc_cm02/rvc_converted_wavs/rvc_outputs/rvc_322882_00514.wav,spoof,hi-en,322882,cm02,rvc,clean,eval
${DATA_ROOT}/rvc_cm02/rvc_converted_wavs/rvc_outputs/rvc_322882_00515.wav,spoof,hi-en,322882,cm02,rvc,clean,eval
${DATA_ROOT}/rvc_cm02/rvc_converted_wavs/rvc_outputs/rvc_322882_00516.wav,spoof,hi-en,322882,cm02,rvc,clean,eval
${DATA_ROOT}/rvc_cm02/rvc_converted_wavs/rvc_outputs/rvc_322882_00517.wav,spoof,hi-en,322882,cm02,rvc,clean,eval
${DATA_ROOT}/rvc_cm02/rvc_converted_wavs/rvc_outputs/rvc_322882_00518.wav,spoof,hi-en,322882,cm02,rvc,clean,eval
${DATA_ROOT}/rvc_cm02/rvc_converted_wavs/rvc_outputs/rvc_322882_00519.wav,spoof,hi-en,322882,cm02,rvc,clean,eval
${DATA_ROOT}/rvc_cm02/rvc_converted_wavs/rvc_outputs/rvc_322882_00521.wav,spoof,hi-en,322882,cm02,rvc,clean,eval
${DATA_ROOT}/rvc_cm02/rvc_converted_wavs/rvc_outputs/rvc_322882_00522.wav,spoof,hi-en,322882,cm02,rvc,clean,eval
${DATA_ROOT}/rvc_cm02/rvc_converted_wavs/rvc_outputs/rvc_322882_00523.wav,spoof,hi-en,322882,cm02,rvc,clean,eval
${DATA_ROOT}/rvc_cm02/rvc_converted_wavs/rvc_outputs/rvc_322882_00524.wav,spoof,hi-en,322882,cm02,rvc,clean,eval
${DATA_ROOT}/rvc_cm02/rvc_converted_wavs/rvc_outputs/rvc_322882_00525.wav,spoof,hi-en,322882,cm02,rvc,clean,eval
${DATA_ROOT}/rvc_cm02/rvc_converted_wavs/rvc_outputs/rvc_322882_00526.wav,spoof,hi-en,322882,cm02,rvc,clean,eval
${DATA_ROOT}/rvc_cm02/rvc_converted_wavs/rvc_outputs/rvc_322882_00527.wav,spoof,hi-en,322882,cm02,rvc,clean,eval
${DATA_ROOT}/rvc_cm02/rvc_converted_wavs/rvc_outputs/rvc_322882_00528.wav,spoof,hi-en,322882,cm02,rvc,clean,eval
${DATA_ROOT}/rvc_cm02/rvc_converted_wavs/rvc_outputs/rvc_322882_00529.wav,spoof,hi-en,322882,cm02,rvc,clean,eval
${DATA_ROOT}/rvc_cm02/rvc_converted_wavs/rvc_outputs/rvc_322882_00530.wav,spoof,hi-en,322882,cm02,rvc,clean,eval
${DATA_ROOT}/rvc_cm02/rvc_converted_wavs/rvc_outputs/rvc_322882_00533.wav,spoof,hi-en,322882,cm02,rvc,clean,eval
${DATA_ROOT}/rvc_cm02/rvc_converted_wavs/rvc_outputs/rvc_322882_00534.wav,spoof,hi-en,322882,cm02,rvc,clean,eval
${DATA_ROOT}/rvc_cm02/rvc_converted_wavs/rvc_outputs/rvc_322882_00536.wav,spoof,hi-en,322882,cm02,rvc,clean,eval
${DATA_ROOT}/rvc_cm02/rvc_converted_wavs/rvc_outputs/rvc_322882_00537.wav,spoof,hi-en,322882,cm02,rvc,clean,eval
${DATA_ROOT}/rvc_cm02/rvc_converted_wavs/rvc_outputs/rvc_322882_00538.wav,spoof,hi-en,322882,cm02,rvc,clean,eval
${DATA_ROOT}/rvc_cm02/rvc_converted_wavs/rvc_outputs/rvc_322882_00539.wav,spoof,hi-en,322882,cm02,rvc,clean,eval
${DATA_ROOT}/rvc_cm02/rvc_converted_wavs/rvc_outputs/rvc_322882_00540.wav,spoof,hi-en,322882,cm02,rvc,clean,eval
${DATA_ROOT}/rvc_cm02/rvc_converted_wavs/rvc_outputs/rvc_322882_00541.wav,spoof,hi-en,322882,cm02,rvc,clean,eval
${DATA_ROOT}/rvc_cm02/rvc_converted_wavs/rvc_outputs/rvc_322882_00543.wav,spoof,hi-en,322882,cm02,rvc,clean,eval
${DATA_ROOT}/rvc_cm02/rvc_converted_wavs/rvc_outputs/rvc_322882_00545.wav,spoof,hi-en,322882,cm02,rvc,clean,eval
${DATA_ROOT}/rvc_cm02/rvc_converted_wavs/rvc_outputs/rvc_322882_00546.wav,spoof,hi-en,322882,cm02,rvc,clean,eval
${DATA_ROOT}/rvc_cm02/rvc_converted_wavs/rvc_outputs/rvc_322882_00547.wav,spoof,hi-en,322882,cm02,rvc,clean,eval
${DATA_ROOT}/rvc_cm02/rvc_converted_wavs/rvc_outputs/rvc_322882_00549.wav,spoof,hi-en,322882,cm02,rvc,clean,eval
${DATA_ROOT}/rvc_cm02/rvc_converted_wavs/rvc_outputs/rvc_322882_00550.wav,spoof,hi-en,322882,cm02,rvc,clean,eval
${DATA_ROOT}/rvc_cm02/rvc_converted_wavs/rvc_outputs/rvc_322882_00551.wav,spoof,hi-en,322882,cm02,rvc,clean,eval
${DATA_ROOT}/rvc_cm02/rvc_converted_wavs/rvc_outputs/rvc_322882_00552.wav,spoof,hi-en,322882,cm02,rvc,clean,eval
${DATA_ROOT}/rvc_cm02/rvc_converted_wavs/rvc_outputs/rvc_322882_00553.wav,spoof,hi-en,322882,cm02,rvc,clean,eval
${DATA_ROOT}/rvc_cm02/rvc_converted_wavs/rvc_outputs/rvc_322882_00554.wav,spoof,hi-en,322882,cm02,rvc,clean,eval
${DATA_ROOT}/rvc_cm02/rvc_converted_wavs/rvc_outputs/rvc_322882_00555.wav,spoof,hi-en,322882,cm02,rvc,clean,eval
${DATA_ROOT}/rvc_cm02/rvc_converted_wavs/rvc_outputs/rvc_322882_00556.wav,spoof,hi-en,322882,cm02,rvc,clean,eval
${DATA_ROOT}/rvc_cm02/rvc_converted_wavs/rvc_outputs/rvc_322882_00557.wav,spoof,hi-en,322882,cm02,rvc,clean,eval
${DATA_ROOT}/rvc_cm02/rvc_converted_wavs/rvc_outputs/rvc_322882_00558.wav,spoof,hi-en,322882,cm02,rvc,clean,eval
${DATA_ROOT}/rvc_cm02/rvc_converted_wavs/rvc_outputs/rvc_322882_00559.wav,spoof,hi-en,322882,cm02,rvc,clean,eval
${DATA_ROOT}/rvc_cm02/rvc_converted_wavs/rvc_outputs/rvc_322882_00561.wav,spoof,hi-en,322882,cm02,rvc,clean,eval
${DATA_ROOT}/rvc_cm02/rvc_converted_wavs/rvc_outputs/rvc_322882_00562.wav,spoof,hi-en,322882,cm02,rvc,clean,eval
${DATA_ROOT}/rvc_cm02/rvc_converted_wavs/rvc_outputs/rvc_322882_00563.wav,spoof,hi-en,322882,cm02,rvc,clean,eval
${DATA_ROOT}/rvc_cm02/rvc_converted_wavs/rvc_outputs/rvc_322882_00564.wav,spoof,hi-en,322882,cm02,rvc,clean,eval
${DATA_ROOT}/rvc_cm02/rvc_converted_wavs/rvc_outputs/rvc_322882_00565.wav,spoof,hi-en,322882,cm02,rvc,clean,eval
${DATA_ROOT}/rvc_cm02/rvc_converted_wavs/rvc_outputs/rvc_322882_00566.wav,spoof,hi-en,322882,cm02,rvc,clean,eval
${DATA_ROOT}/rvc_cm02/rvc_converted_wavs/rvc_outputs/rvc_322882_00568.wav,spoof,hi-en,322882,cm02,rvc,clean,eval
${DATA_ROOT}/rvc_cm02/rvc_converted_wavs/rvc_outputs/rvc_322882_00570.wav,spoof,hi-en,322882,cm02,rvc,clean,eval
${DATA_ROOT}/rvc_cm02/rvc_converted_wavs/rvc_outputs/rvc_322882_00571.wav,spoof,hi-en,322882,cm02,rvc,clean,eval
${DATA_ROOT}/rvc_cm02/rvc_converted_wavs/rvc_outputs/rvc_322882_00572.wav,spoof,hi-en,322882,cm02,rvc,clean,eval
${DATA_ROOT}/rvc_cm02/rvc_converted_wavs/rvc_outputs/rvc_322882_00573.wav,spoof,hi-en,322882,cm02,rvc,clean,eval
${DATA_ROOT}/rvc_cm02/rvc_converted_wavs/rvc_outputs/rvc_322882_00574.wav,spoof,hi-en,322882,cm02,rvc,clean,eval
${DATA_ROOT}/rvc_cm02/rvc_converted_wavs/rvc_outputs/rvc_322882_00575.wav,spoof,hi-en,322882,cm02,rvc,clean,eval
${DATA_ROOT}/rvc_cm02/rvc_converted_wavs/rvc_outputs/rvc_322882_00576.wav,spoof,hi-en,322882,cm02,rvc,clean,eval
${DATA_ROOT}/rvc_cm02/rvc_converted_wavs/rvc_outputs/rvc_322882_00577.wav,spoof,hi-en,322882,cm02,rvc,clean,eval
${DATA_ROOT}/rvc_cm02/rvc_converted_wavs/rvc_outputs/rvc_322882_00578.wav,spoof,hi-en,322882,cm02,rvc,clean,eval
${DATA_ROOT}/rvc_cm02/rvc_converted_wavs/rvc_outputs/rvc_322882_00579.wav,spoof,hi-en,322882,cm02,rvc,clean,eval
${DATA_ROOT}/rvc_cm02/rvc_converted_wavs/rvc_outputs/rvc_322882_00580.wav,spoof,hi-en,322882,cm02,rvc,clean,eval
${DATA_ROOT}/rvc_cm02/rvc_converted_wavs/rvc_outputs/rvc_322882_00581.wav,spoof,hi-en,322882,cm02,rvc,clean,eval
${DATA_ROOT}/rvc_cm02/rvc_converted_wavs/rvc_outputs/rvc_322882_00582.wav,spoof,hi-en,322882,cm02,rvc,clean,eval
${DATA_ROOT}/rvc_cm02/rvc_converted_wavs/rvc_outputs/rvc_322882_00583.wav,spoof,hi-en,322882,cm02,rvc,clean,eval
${DATA_ROOT}/rvc_cm02/rvc_converted_wavs/rvc_outputs/rvc_322882_00584.wav,spoof,hi-en,322882,cm02,rvc,clean,eval
${DATA_ROOT}/rvc_cm02/rvc_converted_wavs/rvc_outputs/rvc_322882_00585.wav,spoof,hi-en,322882,cm02,rvc,clean,eval
${DATA_ROOT}/rvc_cm02/rvc_converted_wavs/rvc_outputs/rvc_322882_00586.wav,spoof,hi-en,322882,cm02,rvc,clean,eval
${DATA_ROOT}/rvc_cm02/rvc_converted_wavs/rvc_outputs/rvc_322882_00587.wav,spoof,hi-en,322882,cm02,rvc,clean,eval
${DATA_ROOT}/rvc_cm02/rvc_converted_wavs/rvc_outputs/rvc_322882_00588.wav,spoof,hi-en,322882,cm02,rvc,clean,eval
${DATA_ROOT}/rvc_cm02/rvc_converted_wavs/rvc_outputs/rvc_322882_00589.wav,spoof,hi-en,322882,cm02,rvc,clean,eval
${DATA_ROOT}/rvc_cm02/rvc_converted_wavs/rvc_outputs/rvc_322882_00590.wav,spoof,hi-en,322882,cm02,rvc,clean,eval
${DATA_ROOT}/rvc_cm02/rvc_converted_wavs/rvc_outputs/rvc_322882_00591.wav,spoof,hi-en,322882,cm02,rvc,clean,eval
${DATA_ROOT}/rvc_cm02/rvc_converted_wavs/rvc_outputs/rvc_322882_00592.wav,spoof,hi-en,322882,cm02,rvc,clean,eval
${DATA_ROOT}/rvc_cm02/rvc_converted_wavs/rvc_outputs/rvc_322882_00593.wav,spoof,hi-en,322882,cm02,rvc,clean,eval
${DATA_ROOT}/rvc_cm02/rvc_converted_wavs/rvc_outputs/rvc_322882_00594.wav,spoof,hi-en,322882,cm02,rvc,clean,eval
${DATA_ROOT}/rvc_cm02/rvc_converted_wavs/rvc_outputs/rvc_322882_00595.wav,spoof,hi-en,322882,cm02,rvc,clean,eval
${DATA_ROOT}/rvc_cm02/rvc_converted_wavs/rvc_outputs/rvc_322882_00596.wav,spoof,hi-en,322882,cm02,rvc,clean,eval
${DATA_ROOT}/rvc_cm02/rvc_converted_wavs/rvc_outputs/rvc_322882_00597.wav,spoof,hi-en,322882,cm02,rvc,clean,eval
${DATA_ROOT}/rvc_cm02/rvc_converted_wavs/rvc_outputs/rvc_322882_00598.wav,spoof,hi-en,322882,cm02,rvc,clean,eval
${DATA_ROOT}/rvc_cm02/rvc_converted_wavs/rvc_outputs/rvc_322882_00599.wav,spoof,hi-en,322882,cm02,rvc,clean,eval
${DATA_ROOT}/rvc_cm02/rvc_converted_wavs/rvc_outputs/rvc_322882_00600.wav,spoof,hi-en,322882,cm02,rvc,clean,eval
${DATA_ROOT}/rvc_cm02/rvc_converted_wavs/rvc_outputs/rvc_322882_00601.wav,spoof,hi-en,322882,cm02,rvc,clean,eval
${DATA_ROOT}/rvc_cm02/rvc_converted_wavs/rvc_outputs/rvc_322882_00602.wav,spoof,hi-en,322882,cm02,rvc,clean,eval
${DATA_ROOT}/rvc_cm02/rvc_converted_wavs/rvc_outputs/rvc_322882_00603.wav,spoof,hi-en,322882,cm02,rvc,clean,eval
${DATA_ROOT}/rvc_cm02/rvc_converted_wavs/rvc_outputs/rvc_322882_00604.wav,spoof,hi-en,322882,cm02,rvc,clean,eval
${DATA_ROOT}/rvc_cm02/rvc_converted_wavs/rvc_outputs/rvc_322882_00605.wav,spoof,hi-en,322882,cm02,rvc,clean,eval
${DATA_ROOT}/rvc_cm02/rvc_converted_wavs/rvc_outputs/rvc_322882_00606.wav,spoof,hi-en,322882,cm02,rvc,clean,eval
${DATA_ROOT}/rvc_cm02/rvc_converted_wavs/rvc_outputs/rvc_322882_00607.wav,spoof,hi-en,322882,cm02,rvc,clean,eval
${DATA_ROOT}/rvc_cm02/rvc_converted_wavs/rvc_outputs/rvc_322882_00608.wav,spoof,hi-en,322882,cm02,rvc,clean,eval
${DATA_ROOT}/rvc_cm02/rvc_converted_wavs/rvc_outputs/rvc_322882_00609.wav,spoof,hi-en,322882,cm02,rvc,clean,eval
${DATA_ROOT}/rvc_cm02/rvc_converted_wavs/rvc_outputs/rvc_322882_00610.wav,spoof,hi-en,322882,cm02,rvc,clean,eval
${DATA_ROOT}/rvc_cm02/rvc_converted_wavs/rvc_outputs/rvc_322882_00611.wav,spoof,hi-en,322882,cm02,rvc,clean,eval
${DATA_ROOT}/rvc_cm02/rvc_converted_wavs/rvc_outputs/rvc_322882_00612.wav,spoof,hi-en,322882,cm02,rvc,clean,eval
${DATA_ROOT}/rvc_cm02/rvc_converted_wavs/rvc_outputs/rvc_322882_00613.wav,spoof,hi-en,322882,cm02,rvc,clean,eval
${DATA_ROOT}/rvc_cm02/rvc_converted_wavs/rvc_outputs/rvc_322882_00614.wav,spoof,hi-en,322882,cm02,rvc,clean,eval
${DATA_ROOT}/rvc_cm02/rvc_converted_wavs/rvc_outputs/rvc_322882_00615.wav,spoof,hi-en,322882,cm02,rvc,clean,eval
${DATA_ROOT}/rvc_cm02/rvc_converted_wavs/rvc_outputs/rvc_322882_00616.wav,spoof,hi-en,322882,cm02,rvc,clean,eval
${DATA_ROOT}/rvc_cm02/rvc_converted_wavs/rvc_outputs/rvc_322882_00617.wav,spoof,hi-en,322882,cm02,rvc,clean,eval
${DATA_ROOT}/rvc_cm02/rvc_converted_wavs/rvc_outputs/rvc_322882_00618.wav,spoof,hi-en,322882,cm02,rvc,clean,eval
${DATA_ROOT}/rvc_cm02/rvc_converted_wavs/rvc_outputs/rvc_322882_00619.wav,spoof,hi-en,322882,cm02,rvc,clean,eval
${DATA_ROOT}/rvc_cm02/rvc_converted_wavs/rvc_outputs/rvc_322882_00620.wav,spoof,hi-en,322882,cm02,rvc,clean,eval
${DATA_ROOT}/rvc_cm02/rvc_converted_wavs/rvc_outputs/rvc_322882_00621.wav,spoof,hi-en,322882,cm02,rvc,clean,eval
${DATA_ROOT}/rvc_cm02/rvc_converted_wavs/rvc_outputs/rvc_322882_00622.wav,spoof,hi-en,322882,cm02,rvc,clean,eval
${DATA_ROOT}/rvc_cm02/rvc_converted_wavs/rvc_outputs/rvc_322882_00624.wav,spoof,hi-en,322882,cm02,rvc,clean,eval
${DATA_ROOT}/rvc_cm02/rvc_converted_wavs/rvc_outputs/rvc_322882_00625.wav,spoof,hi-en,322882,cm02,rvc,clean,eval
${DATA_ROOT}/rvc_cm02/rvc_converted_wavs/rvc_outputs/rvc_996368_00626.wav,spoof,hi-en,996368,cm02,rvc,clean,eval
${DATA_ROOT}/rvc_cm02/rvc_converted_wavs/rvc_outputs/rvc_996368_00627.wav,spoof,hi-en,996368,cm02,rvc,clean,eval
${DATA_ROOT}/rvc_cm02/rvc_converted_wavs/rvc_outputs/rvc_996368_00628.wav,spoof,hi-en,996368,cm02,rvc,clean,eval
${DATA_ROOT}/rvc_cm02/rvc_converted_wavs/rvc_outputs/rvc_996368_00629.wav,spoof,hi-en,996368,cm02,rvc,clean,eval
${DATA_ROOT}/rvc_cm02/rvc_converted_wavs/rvc_outputs/rvc_996368_00630.wav,spoof,hi-en,996368,cm02,rvc,clean,eval
${DATA_ROOT}/rvc_cm02/rvc_converted_wavs/rvc_outputs/rvc_996368_00631.wav,spoof,hi-en,996368,cm02,rvc,clean,eval
${DATA_ROOT}/rvc_cm02/rvc_converted_wavs/rvc_outputs/rvc_996368_00632.wav,spoof,hi-en,996368,cm02,rvc,clean,eval
${DATA_ROOT}/rvc_cm02/rvc_converted_wavs/rvc_outputs/rvc_996368_00633.wav,spoof,hi-en,996368,cm02,rvc,clean,eval
${DATA_ROOT}/rvc_cm02/rvc_converted_wavs/rvc_outputs/rvc_996368_00634.wav,spoof,hi-en,996368,cm02,rvc,clean,eval
${DATA_ROOT}/rvc_cm02/rvc_converted_wavs/rvc_outputs/rvc_996368_00635.wav,spoof,hi-en,996368,cm02,rvc,clean,eval
${DATA_ROOT}/rvc_cm02/rvc_converted_wavs/rvc_outputs/rvc_996368_00636.wav,spoof,hi-en,996368,cm02,rvc,clean,eval
${DATA_ROOT}/rvc_cm02/rvc_converted_wavs/rvc_outputs/rvc_996368_00637.wav,spoof,hi-en,996368,cm02,rvc,clean,eval
${DATA_ROOT}/rvc_cm02/rvc_converted_wavs/rvc_outputs/rvc_996368_00639.wav,spoof,hi-en,996368,cm02,rvc,clean,eval
${DATA_ROOT}/rvc_cm02/rvc_converted_wavs/rvc_outputs/rvc_996368_00640.wav,spoof,hi-en,996368,cm02,rvc,clean,eval
${DATA_ROOT}/rvc_cm02/rvc_converted_wavs/rvc_outputs/rvc_996368_00641.wav,spoof,hi-en,996368,cm02,rvc,clean,eval
${DATA_ROOT}/rvc_cm02/rvc_converted_wavs/rvc_outputs/rvc_996368_00642.wav,spoof,hi-en,996368,cm02,rvc,clean,eval
${DATA_ROOT}/rvc_cm02/rvc_converted_wavs/rvc_outputs/rvc_996368_00643.wav,spoof,hi-en,996368,cm02,rvc,clean,eval
${DATA_ROOT}/rvc_cm02/rvc_converted_wavs/rvc_outputs/rvc_996368_00644.wav,spoof,hi-en,996368,cm02,rvc,clean,eval
${DATA_ROOT}/rvc_cm02/rvc_converted_wavs/rvc_outputs/rvc_996368_00645.wav,spoof,hi-en,996368,cm02,rvc,clean,eval
${DATA_ROOT}/rvc_cm02/rvc_converted_wavs/rvc_outputs/rvc_996368_00647.wav,spoof,hi-en,996368,cm02,rvc,clean,eval
${DATA_ROOT}/rvc_cm02/rvc_converted_wavs/rvc_outputs/rvc_996368_00648.wav,spoof,hi-en,996368,cm02,rvc,clean,eval
${DATA_ROOT}/rvc_cm02/rvc_converted_wavs/rvc_outputs/rvc_996368_00649.wav,spoof,hi-en,996368,cm02,rvc,clean,eval
${DATA_ROOT}/rvc_cm02/rvc_converted_wavs/rvc_outputs/rvc_996368_00650.wav,spoof,hi-en,996368,cm02,rvc,clean,eval
${DATA_ROOT}/rvc_cm02/rvc_converted_wavs/rvc_outputs/rvc_996368_00651.wav,spoof,hi-en,996368,cm02,rvc,clean,eval
${DATA_ROOT}/rvc_cm02/rvc_converted_wavs/rvc_outputs/rvc_996368_00652.wav,spoof,hi-en,996368,cm02,rvc,clean,eval
${DATA_ROOT}/rvc_cm02/rvc_converted_wavs/rvc_outputs/rvc_996368_00653.wav,spoof,hi-en,996368,cm02,rvc,clean,eval
${DATA_ROOT}/rvc_cm02/rvc_converted_wavs/rvc_outputs/rvc_996368_00654.wav,spoof,hi-en,996368,cm02,rvc,clean,eval
${DATA_ROOT}/rvc_cm02/rvc_converted_wavs/rvc_outputs/rvc_996368_00655.wav,spoof,hi-en,996368,cm02,rvc,clean,eval
${DATA_ROOT}/rvc_cm02/rvc_converted_wavs/rvc_outputs/rvc_996368_00656.wav,spoof,hi-en,996368,cm02,rvc,clean,eval
${DATA_ROOT}/rvc_cm02/rvc_converted_wavs/rvc_outputs/rvc_996368_00657.wav,spoof,hi-en,996368,cm02,rvc,clean,eval
${DATA_ROOT}/rvc_cm02/rvc_converted_wavs/rvc_outputs/rvc_996368_00658.wav,spoof,hi-en,996368,cm02,rvc,clean,eval
${DATA_ROOT}/rvc_cm02/rvc_converted_wavs/rvc_outputs/rvc_996368_00659.wav,spoof,hi-en,996368,cm02,rvc,clean,eval
${DATA_ROOT}/rvc_cm02/rvc_converted_wavs/rvc_outputs/rvc_996368_00660.wav,spoof,hi-en,996368,cm02,rvc,clean,eval
${DATA_ROOT}/rvc_cm02/rvc_converted_wavs/rvc_outputs/rvc_996368_00661.wav,spoof,hi-en,996368,cm02,rvc,clean,eval
${DATA_ROOT}/rvc_cm02/rvc_converted_wavs/rvc_outputs/rvc_996368_00662.wav,spoof,hi-en,996368,cm02,rvc,clean,eval
${DATA_ROOT}/rvc_cm02/rvc_converted_wavs/rvc_outputs/rvc_996368_00663.wav,spoof,hi-en,996368,cm02,rvc,clean,eval
${DATA_ROOT}/rvc_cm02/rvc_converted_wavs/rvc_outputs/rvc_996368_00664.wav,spoof,hi-en,996368,cm02,rvc,clean,eval
${DATA_ROOT}/rvc_cm02/rvc_converted_wavs/rvc_outputs/rvc_996368_00665.wav,spoof,hi-en,996368,cm02,rvc,clean,eval
${DATA_ROOT}/rvc_cm02/rvc_converted_wavs/rvc_outputs/rvc_996368_00666.wav,spoof,hi-en,996368,cm02,rvc,clean,eval
${DATA_ROOT}/rvc_cm02/rvc_converted_wavs/rvc_outputs/rvc_996368_00667.wav,spoof,hi-en,996368,cm02,rvc,clean,eval
${DATA_ROOT}/rvc_cm02/rvc_converted_wavs/rvc_outputs/rvc_996368_00668.wav,spoof,hi-en,996368,cm02,rvc,clean,eval
${DATA_ROOT}/rvc_cm02/rvc_converted_wavs/rvc_outputs/rvc_996368_00669.wav,spoof,hi-en,996368,cm02,rvc,clean,eval
${DATA_ROOT}/rvc_cm02/rvc_converted_wavs/rvc_outputs/rvc_996368_00670.wav,spoof,hi-en,996368,cm02,rvc,clean,eval
${DATA_ROOT}/rvc_cm02/rvc_converted_wavs/rvc_outputs/rvc_996368_00671.wav,spoof,hi-en,996368,cm02,rvc,clean,eval
${DATA_ROOT}/rvc_cm02/rvc_converted_wavs/rvc_outputs/rvc_996368_00672.wav,spoof,hi-en,996368,cm02,rvc,clean,eval
${DATA_ROOT}/rvc_cm02/rvc_converted_wavs/rvc_outputs/rvc_996368_00673.wav,spoof,hi-en,996368,cm02,rvc,clean,eval
${DATA_ROOT}/rvc_cm02/rvc_converted_wavs/rvc_outputs/rvc_996368_00674.wav,spoof,hi-en,996368,cm02,rvc,clean,eval
${DATA_ROOT}/rvc_cm02/rvc_converted_wavs/rvc_outputs/rvc_996368_00676.wav,spoof,hi-en,996368,cm02,rvc,clean,eval
${DATA_ROOT}/rvc_cm02/rvc_converted_wavs/rvc_outputs/rvc_996368_00677.wav,spoof,hi-en,996368,cm02,rvc,clean,eval
${DATA_ROOT}/rvc_cm02/rvc_converted_wavs/rvc_outputs/rvc_996368_00678.wav,spoof,hi-en,996368,cm02,rvc,clean,eval
${DATA_ROOT}/rvc_cm02/rvc_converted_wavs/rvc_outputs/rvc_996368_00679.wav,spoof,hi-en,996368,cm02,rvc,clean,eval
${DATA_ROOT}/rvc_cm02/rvc_converted_wavs/rvc_outputs/rvc_996368_00680.wav,spoof,hi-en,996368,cm02,rvc,clean,eval
${DATA_ROOT}/rvc_cm02/rvc_converted_wavs/rvc_outputs/rvc_996368_00681.wav,spoof,hi-en,996368,cm02,rvc,clean,eval
${DATA_ROOT}/rvc_cm02/rvc_converted_wavs/rvc_outputs/rvc_996368_00682.wav,spoof,hi-en,996368,cm02,rvc,clean,eval
${DATA_ROOT}/rvc_cm02/rvc_converted_wavs/rvc_outputs/rvc_996368_00683.wav,spoof,hi-en,996368,cm02,rvc,clean,eval
${DATA_ROOT}/rvc_cm02/rvc_converted_wavs/rvc_outputs/rvc_996368_00684.wav,spoof,hi-en,996368,cm02,rvc,clean,eval
${DATA_ROOT}/rvc_cm02/rvc_converted_wavs/rvc_outputs/rvc_996368_00685.wav,spoof,hi-en,996368,cm02,rvc,clean,eval
${DATA_ROOT}/rvc_cm02/rvc_converted_wavs/rvc_outputs/rvc_996368_00686.wav,spoof,hi-en,996368,cm02,rvc,clean,eval
${DATA_ROOT}/rvc_cm02/rvc_converted_wavs/rvc_outputs/rvc_996368_00687.wav,spoof,hi-en,996368,cm02,rvc,clean,eval
${DATA_ROOT}/rvc_cm02/rvc_converted_wavs/rvc_outputs/rvc_996368_00688.wav,spoof,hi-en,996368,cm02,rvc,clean,eval
${DATA_ROOT}/rvc_cm02/rvc_converted_wavs/rvc_outputs/rvc_996368_00689.wav,spoof,hi-en,996368,cm02,rvc,clean,eval
${DATA_ROOT}/rvc_cm02/rvc_converted_wavs/rvc_outputs/rvc_996368_00690.wav,spoof,hi-en,996368,cm02,rvc,clean,eval
${DATA_ROOT}/rvc_cm02/rvc_converted_wavs/rvc_outputs/rvc_996368_00691.wav,spoof,hi-en,996368,cm02,rvc,clean,eval
${DATA_ROOT}/rvc_cm02/rvc_converted_wavs/rvc_outputs/rvc_996368_00692.wav,spoof,hi-en,996368,cm02,rvc,clean,eval
${DATA_ROOT}/rvc_cm02/rvc_converted_wavs/rvc_outputs/rvc_996368_00693.wav,spoof,hi-en,996368,cm02,rvc,clean,eval
${DATA_ROOT}/rvc_cm02/rvc_converted_wavs/rvc_outputs/rvc_996368_00694.wav,spoof,hi-en,996368,cm02,rvc,clean,eval
${DATA_ROOT}/rvc_cm02/rvc_converted_wavs/rvc_outputs/rvc_996368_00695.wav,spoof,hi-en,996368,cm02,rvc,clean,eval
${DATA_ROOT}/rvc_cm02/rvc_converted_wavs/rvc_outputs/rvc_996368_00696.wav,spoof,hi-en,996368,cm02,rvc,clean,eval
${DATA_ROOT}/rvc_cm02/rvc_converted_wavs/rvc_outputs/rvc_996368_00697.wav,spoof,hi-en,996368,cm02,rvc,clean,eval
${DATA_ROOT}/rvc_cm02/rvc_converted_wavs/rvc_outputs/rvc_996368_00698.wav,spoof,hi-en,996368,cm02,rvc,clean,eval
${DATA_ROOT}/rvc_cm02/rvc_converted_wavs/rvc_outputs/rvc_996368_00699.wav,spoof,hi-en,996368,cm02,rvc,clean,eval
${DATA_ROOT}/rvc_cm02/rvc_converted_wavs/rvc_outputs/rvc_996368_00701.wav,spoof,hi-en,996368,cm02,rvc,clean,eval
${DATA_ROOT}/rvc_cm02/rvc_converted_wavs/rvc_outputs/rvc_996368_00702.wav,spoof,hi-en,996368,cm02,rvc,clean,eval
${DATA_ROOT}/rvc_cm02/rvc_converted_wavs/rvc_outputs/rvc_996368_00703.wav,spoof,hi-en,996368,cm02,rvc,clean,eval
${DATA_ROOT}/rvc_cm02/rvc_converted_wavs/rvc_outputs/rvc_996368_00704.wav,spoof,hi-en,996368,cm02,rvc,clean,eval
${DATA_ROOT}/rvc_cm02/rvc_converted_wavs/rvc_outputs/rvc_996368_00706.wav,spoof,hi-en,996368,cm02,rvc,clean,eval
${DATA_ROOT}/rvc_cm02/rvc_converted_wavs/rvc_outputs/rvc_996368_00708.wav,spoof,hi-en,996368,cm02,rvc,clean,eval
${DATA_ROOT}/rvc_cm02/rvc_converted_wavs/rvc_outputs/rvc_996368_00709.wav,spoof,hi-en,996368,cm02,rvc,clean,eval
${DATA_ROOT}/rvc_cm02/rvc_converted_wavs/rvc_outputs/rvc_996368_00710.wav,spoof,hi-en,996368,cm02,rvc,clean,eval
${DATA_ROOT}/rvc_cm02/rvc_converted_wavs/rvc_outputs/rvc_996368_00711.wav,spoof,hi-en,996368,cm02,rvc,clean,eval
${DATA_ROOT}/rvc_cm02/rvc_converted_wavs/rvc_outputs/rvc_996368_00712.wav,spoof,hi-en,996368,cm02,rvc,clean,eval
${DATA_ROOT}/rvc_cm02/rvc_converted_wavs/rvc_outputs/rvc_996368_00713.wav,spoof,hi-en,996368,cm02,rvc,clean,eval
${DATA_ROOT}/rvc_cm02/rvc_converted_wavs/rvc_outputs/rvc_996368_00714.wav,spoof,hi-en,996368,cm02,rvc,clean,eval
${DATA_ROOT}/rvc_cm02/rvc_converted_wavs/rvc_outputs/rvc_996368_00716.wav,spoof,hi-en,996368,cm02,rvc,clean,eval
${DATA_ROOT}/rvc_cm02/rvc_converted_wavs/rvc_outputs/rvc_996368_00717.wav,spoof,hi-en,996368,cm02,rvc,clean,eval
${DATA_ROOT}/rvc_cm02/rvc_converted_wavs/rvc_outputs/rvc_996368_00718.wav,spoof,hi-en,996368,cm02,rvc,clean,eval
${DATA_ROOT}/rvc_cm02/rvc_converted_wavs/rvc_outputs/rvc_996368_00719.wav,spoof,hi-en,996368,cm02,rvc,clean,eval
${DATA_ROOT}/rvc_cm02/rvc_converted_wavs/rvc_outputs/rvc_996368_00720.wav,spoof,hi-en,996368,cm02,rvc,clean,eval
${DATA_ROOT}/rvc_cm02/rvc_converted_wavs/rvc_outputs/rvc_996368_00721.wav,spoof,hi-en,996368,cm02,rvc,clean,eval
${DATA_ROOT}/rvc_cm02/rvc_converted_wavs/rvc_outputs/rvc_996368_00722.wav,spoof,hi-en,996368,cm02,rvc,clean,eval
${DATA_ROOT}/rvc_cm02/rvc_converted_wavs/rvc_outputs/rvc_996368_00723.wav,spoof,hi-en,996368,cm02,rvc,clean,eval
${DATA_ROOT}/rvc_cm02/rvc_converted_wavs/rvc_outputs/rvc_996368_00724.wav,spoof,hi-en,996368,cm02,rvc,clean,eval
${DATA_ROOT}/rvc_cm02/rvc_converted_wavs/rvc_outputs/rvc_996368_00725.wav,spoof,hi-en,996368,cm02,rvc,clean,eval
${DATA_ROOT}/rvc_cm02/rvc_converted_wavs/rvc_outputs/rvc_996368_00726.wav,spoof,hi-en,996368,cm02,rvc,clean,eval
${DATA_ROOT}/rvc_cm02/rvc_converted_wavs/rvc_outputs/rvc_996368_00727.wav,spoof,hi-en,996368,cm02,rvc,clean,eval
${DATA_ROOT}/rvc_cm02/rvc_converted_wavs/rvc_outputs/rvc_996368_00728.wav,spoof,hi-en,996368,cm02,rvc,clean,eval
${DATA_ROOT}/rvc_cm02/rvc_converted_wavs/rvc_outputs/rvc_996368_00729.wav,spoof,hi-en,996368,cm02,rvc,clean,eval
${DATA_ROOT}/rvc_cm02/rvc_converted_wavs/rvc_outputs/rvc_996368_00730.wav,spoof,hi-en,996368,cm02,rvc,clean,eval
${DATA_ROOT}/rvc_cm02/rvc_converted_wavs/rvc_outputs/rvc_996368_00731.wav,spoof,hi-en,996368,cm02,rvc,clean,eval
${DATA_ROOT}/rvc_cm02/rvc_converted_wavs/rvc_outputs/rvc_996368_00732.wav,spoof,hi-en,996368,cm02,rvc,clean,eval
${DATA_ROOT}/rvc_cm02/rvc_converted_wavs/rvc_outputs/rvc_996368_00733.wav,spoof,hi-en,996368,cm02,rvc,clean,eval
${DATA_ROOT}/rvc_cm02/rvc_converted_wavs/rvc_outputs/rvc_996368_00734.wav,spoof,hi-en,996368,cm02,rvc,clean,eval
${DATA_ROOT}/rvc_cm02/rvc_converted_wavs/rvc_outputs/rvc_996368_00735.wav,spoof,hi-en,996368,cm02,rvc,clean,eval
${DATA_ROOT}/rvc_cm02/rvc_converted_wavs/rvc_outputs/rvc_996368_00736.wav,spoof,hi-en,996368,cm02,rvc,clean,eval
${DATA_ROOT}/rvc_cm02/rvc_converted_wavs/rvc_outputs/rvc_996368_00737.wav,spoof,hi-en,996368,cm02,rvc,clean,eval
${DATA_ROOT}/rvc_cm02/rvc_converted_wavs/rvc_outputs/rvc_996368_00738.wav,spoof,hi-en,996368,cm02,rvc,clean,eval
${DATA_ROOT}/rvc_cm02/rvc_converted_wavs/rvc_outputs/rvc_996368_00739.wav,spoof,hi-en,996368,cm02,rvc,clean,eval
${DATA_ROOT}/rvc_cm02/rvc_converted_wavs/rvc_outputs/rvc_996368_00740.wav,spoof,hi-en,996368,cm02,rvc,clean,eval
${DATA_ROOT}/rvc_cm02/rvc_converted_wavs/rvc_outputs/rvc_996368_00741.wav,spoof,hi-en,996368,cm02,rvc,clean,eval
${DATA_ROOT}/rvc_cm02/rvc_converted_wavs/rvc_outputs/rvc_996368_00742.wav,spoof,hi-en,996368,cm02,rvc,clean,eval
${DATA_ROOT}/rvc_cm02/rvc_converted_wavs/rvc_outputs/rvc_996368_00743.wav,spoof,hi-en,996368,cm02,rvc,clean,eval
${DATA_ROOT}/rvc_cm02/rvc_converted_wavs/rvc_outputs/rvc_996368_00744.wav,spoof,hi-en,996368,cm02,rvc,clean,eval
${DATA_ROOT}/rvc_cm02/rvc_converted_wavs/rvc_outputs/rvc_996368_00746.wav,spoof,hi-en,996368,cm02,rvc,clean,eval
${DATA_ROOT}/rvc_cm02/rvc_converted_wavs/rvc_outputs/rvc_996368_00747.wav,spoof,hi-en,996368,cm02,rvc,clean,eval
${DATA_ROOT}/rvc_cm02/rvc_converted_wavs/rvc_outputs/rvc_996368_00748.wav,spoof,hi-en,996368,cm02,rvc,clean,eval
${DATA_ROOT}/rvc_cm02/rvc_converted_wavs/rvc_outputs/rvc_996368_00750.wav,spoof,hi-en,996368,cm02,rvc,clean,eval
${DATA_ROOT}/rvc_cm02/rvc_converted_wavs/rvc_outputs/rvc_106718_00751.wav,spoof,hi-en,106718,cm02,rvc,clean,eval
${DATA_ROOT}/rvc_cm02/rvc_converted_wavs/rvc_outputs/rvc_106718_00752.wav,spoof,hi-en,106718,cm02,rvc,clean,eval
${DATA_ROOT}/rvc_cm02/rvc_converted_wavs/rvc_outputs/rvc_106718_00753.wav,spoof,hi-en,106718,cm02,rvc,clean,eval
${DATA_ROOT}/rvc_cm02/rvc_converted_wavs/rvc_outputs/rvc_106718_00754.wav,spoof,hi-en,106718,cm02,rvc,clean,eval
${DATA_ROOT}/rvc_cm02/rvc_converted_wavs/rvc_outputs/rvc_106718_00755.wav,spoof,hi-en,106718,cm02,rvc,clean,eval
${DATA_ROOT}/rvc_cm02/rvc_converted_wavs/rvc_outputs/rvc_106718_00756.wav,spoof,hi-en,106718,cm02,rvc,clean,eval
${DATA_ROOT}/rvc_cm02/rvc_converted_wavs/rvc_outputs/rvc_106718_00758.wav,spoof,hi-en,106718,cm02,rvc,clean,eval
${DATA_ROOT}/rvc_cm02/rvc_converted_wavs/rvc_outputs/rvc_106718_00759.wav,spoof,hi-en,106718,cm02,rvc,clean,eval
${DATA_ROOT}/rvc_cm02/rvc_converted_wavs/rvc_outputs/rvc_106718_00760.wav,spoof,hi-en,106718,cm02,rvc,clean,eval
${DATA_ROOT}/rvc_cm02/rvc_converted_wavs/rvc_outputs/rvc_106718_00761.wav,spoof,hi-en,106718,cm02,rvc,clean,eval
${DATA_ROOT}/rvc_cm02/rvc_converted_wavs/rvc_outputs/rvc_106718_00762.wav,spoof,hi-en,106718,cm02,rvc,clean,eval
${DATA_ROOT}/rvc_cm02/rvc_converted_wavs/rvc_outputs/rvc_106718_00763.wav,spoof,hi-en,106718,cm02,rvc,clean,eval
${DATA_ROOT}/rvc_cm02/rvc_converted_wavs/rvc_outputs/rvc_106718_00764.wav,spoof,hi-en,106718,cm02,rvc,clean,eval
${DATA_ROOT}/rvc_cm02/rvc_converted_wavs/rvc_outputs/rvc_106718_00765.wav,spoof,hi-en,106718,cm02,rvc,clean,eval
${DATA_ROOT}/rvc_cm02/rvc_converted_wavs/rvc_outputs/rvc_106718_00766.wav,spoof,hi-en,106718,cm02,rvc,clean,eval
${DATA_ROOT}/rvc_cm02/rvc_converted_wavs/rvc_outputs/rvc_106718_00767.wav,spoof,hi-en,106718,cm02,rvc,clean,eval
${DATA_ROOT}/rvc_cm02/rvc_converted_wavs/rvc_outputs/rvc_106718_00768.wav,spoof,hi-en,106718,cm02,rvc,clean,eval
${DATA_ROOT}/rvc_cm02/rvc_converted_wavs/rvc_outputs/rvc_106718_00769.wav,spoof,hi-en,106718,cm02,rvc,clean,eval
${DATA_ROOT}/rvc_cm02/rvc_converted_wavs/rvc_outputs/rvc_106718_00770.wav,spoof,hi-en,106718,cm02,rvc,clean,eval
${DATA_ROOT}/rvc_cm02/rvc_converted_wavs/rvc_outputs/rvc_106718_00771.wav,spoof,hi-en,106718,cm02,rvc,clean,eval
${DATA_ROOT}/rvc_cm02/rvc_converted_wavs/rvc_outputs/rvc_106718_00772.wav,spoof,hi-en,106718,cm02,rvc,clean,eval
${DATA_ROOT}/rvc_cm02/rvc_converted_wavs/rvc_outputs/rvc_106718_00773.wav,spoof,hi-en,106718,cm02,rvc,clean,eval
${DATA_ROOT}/rvc_cm02/rvc_converted_wavs/rvc_outputs/rvc_106718_00774.wav,spoof,hi-en,106718,cm02,rvc,clean,eval
${DATA_ROOT}/rvc_cm02/rvc_converted_wavs/rvc_outputs/rvc_106718_00775.wav,spoof,hi-en,106718,cm02,rvc,clean,eval
${DATA_ROOT}/rvc_cm02/rvc_converted_wavs/rvc_outputs/rvc_106718_00776.wav,spoof,hi-en,106718,cm02,rvc,clean,eval
${DATA_ROOT}/rvc_cm02/rvc_converted_wavs/rvc_outputs/rvc_106718_00777.wav,spoof,hi-en,106718,cm02,rvc,clean,eval
${DATA_ROOT}/rvc_cm02/rvc_converted_wavs/rvc_outputs/rvc_106718_00778.wav,spoof,hi-en,106718,cm02,rvc,clean,eval
${DATA_ROOT}/rvc_cm02/rvc_converted_wavs/rvc_outputs/rvc_106718_00779.wav,spoof,hi-en,106718,cm02,rvc,clean,eval
${DATA_ROOT}/rvc_cm02/rvc_converted_wavs/rvc_outputs/rvc_106718_00781.wav,spoof,hi-en,106718,cm02,rvc,clean,eval
${DATA_ROOT}/rvc_cm02/rvc_converted_wavs/rvc_outputs/rvc_106718_00782.wav,spoof,hi-en,106718,cm02,rvc,clean,eval
${DATA_ROOT}/rvc_cm02/rvc_converted_wavs/rvc_outputs/rvc_106718_00783.wav,spoof,hi-en,106718,cm02,rvc,clean,eval
${DATA_ROOT}/rvc_cm02/rvc_converted_wavs/rvc_outputs/rvc_106718_00784.wav,spoof,hi-en,106718,cm02,rvc,clean,eval
${DATA_ROOT}/rvc_cm02/rvc_converted_wavs/rvc_outputs/rvc_106718_00785.wav,spoof,hi-en,106718,cm02,rvc,clean,eval
${DATA_ROOT}/rvc_cm02/rvc_converted_wavs/rvc_outputs/rvc_106718_00786.wav,spoof,hi-en,106718,cm02,rvc,clean,eval
${DATA_ROOT}/rvc_cm02/rvc_converted_wavs/rvc_outputs/rvc_106718_00787.wav,spoof,hi-en,106718,cm02,rvc,clean,eval
${DATA_ROOT}/rvc_cm02/rvc_converted_wavs/rvc_outputs/rvc_106718_00788.wav,spoof,hi-en,106718,cm02,rvc,clean,eval
${DATA_ROOT}/rvc_cm02/rvc_converted_wavs/rvc_outputs/rvc_106718_00789.wav,spoof,hi-en,106718,cm02,rvc,clean,eval
${DATA_ROOT}/rvc_cm02/rvc_converted_wavs/rvc_outputs/rvc_106718_00790.wav,spoof,hi-en,106718,cm02,rvc,clean,eval
${DATA_ROOT}/rvc_cm02/rvc_converted_wavs/rvc_outputs/rvc_106718_00791.wav,spoof,hi-en,106718,cm02,rvc,clean,eval
${DATA_ROOT}/rvc_cm02/rvc_converted_wavs/rvc_outputs/rvc_106718_00792.wav,spoof,hi-en,106718,cm02,rvc,clean,eval
${DATA_ROOT}/rvc_cm02/rvc_converted_wavs/rvc_outputs/rvc_106718_00793.wav,spoof,hi-en,106718,cm02,rvc,clean,eval
${DATA_ROOT}/rvc_cm02/rvc_converted_wavs/rvc_outputs/rvc_106718_00794.wav,spoof,hi-en,106718,cm02,rvc,clean,eval
${DATA_ROOT}/rvc_cm02/rvc_converted_wavs/rvc_outputs/rvc_106718_00795.wav,spoof,hi-en,106718,cm02,rvc,clean,eval
${DATA_ROOT}/rvc_cm02/rvc_converted_wavs/rvc_outputs/rvc_106718_00796.wav,spoof,hi-en,106718,cm02,rvc,clean,eval
${DATA_ROOT}/rvc_cm02/rvc_converted_wavs/rvc_outputs/rvc_106718_00797.wav,spoof,hi-en,106718,cm02,rvc,clean,eval
${DATA_ROOT}/rvc_cm02/rvc_converted_wavs/rvc_outputs/rvc_106718_00799.wav,spoof,hi-en,106718,cm02,rvc,clean,eval
${DATA_ROOT}/rvc_cm02/rvc_converted_wavs/rvc_outputs/rvc_106718_00800.wav,spoof,hi-en,106718,cm02,rvc,clean,eval
${DATA_ROOT}/rvc_cm02/rvc_converted_wavs/rvc_outputs/rvc_106718_00801.wav,spoof,hi-en,106718,cm02,rvc,clean,eval
${DATA_ROOT}/rvc_cm02/rvc_converted_wavs/rvc_outputs/rvc_106718_00802.wav,spoof,hi-en,106718,cm02,rvc,clean,eval
${DATA_ROOT}/rvc_cm02/rvc_converted_wavs/rvc_outputs/rvc_106718_00803.wav,spoof,hi-en,106718,cm02,rvc,clean,eval
${DATA_ROOT}/rvc_cm02/rvc_converted_wavs/rvc_outputs/rvc_106718_00804.wav,spoof,hi-en,106718,cm02,rvc,clean,eval
${DATA_ROOT}/rvc_cm02/rvc_converted_wavs/rvc_outputs/rvc_106718_00805.wav,spoof,hi-en,106718,cm02,rvc,clean,eval
${DATA_ROOT}/rvc_cm02/rvc_converted_wavs/rvc_outputs/rvc_106718_00807.wav,spoof,hi-en,106718,cm02,rvc,clean,eval
${DATA_ROOT}/rvc_cm02/rvc_converted_wavs/rvc_outputs/rvc_106718_00809.wav,spoof,hi-en,106718,cm02,rvc,clean,eval
${DATA_ROOT}/rvc_cm02/rvc_converted_wavs/rvc_outputs/rvc_106718_00810.wav,spoof,hi-en,106718,cm02,rvc,clean,eval
${DATA_ROOT}/rvc_cm02/rvc_converted_wavs/rvc_outputs/rvc_106718_00811.wav,spoof,hi-en,106718,cm02,rvc,clean,eval
${DATA_ROOT}/rvc_cm02/rvc_converted_wavs/rvc_outputs/rvc_106718_00812.wav,spoof,hi-en,106718,cm02,rvc,clean,eval
${DATA_ROOT}/rvc_cm02/rvc_converted_wavs/rvc_outputs/rvc_106718_00813.wav,spoof,hi-en,106718,cm02,rvc,clean,eval
${DATA_ROOT}/rvc_cm02/rvc_converted_wavs/rvc_outputs/rvc_106718_00814.wav,spoof,hi-en,106718,cm02,rvc,clean,eval
${DATA_ROOT}/rvc_cm02/rvc_converted_wavs/rvc_outputs/rvc_106718_00815.wav,spoof,hi-en,106718,cm02,rvc,clean,eval
${DATA_ROOT}/rvc_cm02/rvc_converted_wavs/rvc_outputs/rvc_106718_00816.wav,spoof,hi-en,106718,cm02,rvc,clean,eval
${DATA_ROOT}/rvc_cm02/rvc_converted_wavs/rvc_outputs/rvc_106718_00818.wav,spoof,hi-en,106718,cm02,rvc,clean,eval
${DATA_ROOT}/rvc_cm02/rvc_converted_wavs/rvc_outputs/rvc_106718_00819.wav,spoof,hi-en,106718,cm02,rvc,clean,eval
${DATA_ROOT}/rvc_cm02/rvc_converted_wavs/rvc_outputs/rvc_106718_00820.wav,spoof,hi-en,106718,cm02,rvc,clean,eval
${DATA_ROOT}/rvc_cm02/rvc_converted_wavs/rvc_outputs/rvc_106718_00821.wav,spoof,hi-en,106718,cm02,rvc,clean,eval
${DATA_ROOT}/rvc_cm02/rvc_converted_wavs/rvc_outputs/rvc_106718_00822.wav,spoof,hi-en,106718,cm02,rvc,clean,eval
${DATA_ROOT}/rvc_cm02/rvc_converted_wavs/rvc_outputs/rvc_106718_00823.wav,spoof,hi-en,106718,cm02,rvc,clean,eval
${DATA_ROOT}/rvc_cm02/rvc_converted_wavs/rvc_outputs/rvc_106718_00824.wav,spoof,hi-en,106718,cm02,rvc,clean,eval
${DATA_ROOT}/rvc_cm02/rvc_converted_wavs/rvc_outputs/rvc_106718_00825.wav,spoof,hi-en,106718,cm02,rvc,clean,eval
${DATA_ROOT}/rvc_cm02/rvc_converted_wavs/rvc_outputs/rvc_106718_00826.wav,spoof,hi-en,106718,cm02,rvc,clean,eval
${DATA_ROOT}/rvc_cm02/rvc_converted_wavs/rvc_outputs/rvc_106718_00827.wav,spoof,hi-en,106718,cm02,rvc,clean,eval
${DATA_ROOT}/rvc_cm02/rvc_converted_wavs/rvc_outputs/rvc_106718_00828.wav,spoof,hi-en,106718,cm02,rvc,clean,eval
${DATA_ROOT}/rvc_cm02/rvc_converted_wavs/rvc_outputs/rvc_106718_00829.wav,spoof,hi-en,106718,cm02,rvc,clean,eval
${DATA_ROOT}/rvc_cm02/rvc_converted_wavs/rvc_outputs/rvc_106718_00830.wav,spoof,hi-en,106718,cm02,rvc,clean,eval
${DATA_ROOT}/rvc_cm02/rvc_converted_wavs/rvc_outputs/rvc_106718_00831.wav,spoof,hi-en,106718,cm02,rvc,clean,eval
${DATA_ROOT}/rvc_cm02/rvc_converted_wavs/rvc_outputs/rvc_106718_00832.wav,spoof,hi-en,106718,cm02,rvc,clean,eval
${DATA_ROOT}/rvc_cm02/rvc_converted_wavs/rvc_outputs/rvc_106718_00833.wav,spoof,hi-en,106718,cm02,rvc,clean,eval
${DATA_ROOT}/rvc_cm02/rvc_converted_wavs/rvc_outputs/rvc_106718_00834.wav,spoof,hi-en,106718,cm02,rvc,clean,eval
${DATA_ROOT}/rvc_cm02/rvc_converted_wavs/rvc_outputs/rvc_106718_00835.wav,spoof,hi-en,106718,cm02,rvc,clean,eval
${DATA_ROOT}/rvc_cm02/rvc_converted_wavs/rvc_outputs/rvc_106718_00836.wav,spoof,hi-en,106718,cm02,rvc,clean,eval
${DATA_ROOT}/rvc_cm02/rvc_converted_wavs/rvc_outputs/rvc_106718_00837.wav,spoof,hi-en,106718,cm02,rvc,clean,eval
${DATA_ROOT}/rvc_cm02/rvc_converted_wavs/rvc_outputs/rvc_106718_00838.wav,spoof,hi-en,106718,cm02,rvc,clean,eval
${DATA_ROOT}/rvc_cm02/rvc_converted_wavs/rvc_outputs/rvc_106718_00839.wav,spoof,hi-en,106718,cm02,rvc,clean,eval
${DATA_ROOT}/rvc_cm02/rvc_converted_wavs/rvc_outputs/rvc_106718_00840.wav,spoof,hi-en,106718,cm02,rvc,clean,eval
${DATA_ROOT}/rvc_cm02/rvc_converted_wavs/rvc_outputs/rvc_106718_00841.wav,spoof,hi-en,106718,cm02,rvc,clean,eval
${DATA_ROOT}/rvc_cm02/rvc_converted_wavs/rvc_outputs/rvc_106718_00842.wav,spoof,hi-en,106718,cm02,rvc,clean,eval
${DATA_ROOT}/rvc_cm02/rvc_converted_wavs/rvc_outputs/rvc_106718_00843.wav,spoof,hi-en,106718,cm02,rvc,clean,eval
${DATA_ROOT}/rvc_cm02/rvc_converted_wavs/rvc_outputs/rvc_106718_00844.wav,spoof,hi-en,106718,cm02,rvc,clean,eval
${DATA_ROOT}/rvc_cm02/rvc_converted_wavs/rvc_outputs/rvc_106718_00845.wav,spoof,hi-en,106718,cm02,rvc,clean,eval
${DATA_ROOT}/rvc_cm02/rvc_converted_wavs/rvc_outputs/rvc_106718_00846.wav,spoof,hi-en,106718,cm02,rvc,clean,eval
${DATA_ROOT}/rvc_cm02/rvc_converted_wavs/rvc_outputs/rvc_106718_00847.wav,spoof,hi-en,106718,cm02,rvc,clean,eval
${DATA_ROOT}/rvc_cm02/rvc_converted_wavs/rvc_outputs/rvc_106718_00849.wav,spoof,hi-en,106718,cm02,rvc,clean,eval
${DATA_ROOT}/rvc_cm02/rvc_converted_wavs/rvc_outputs/rvc_106718_00850.wav,spoof,hi-en,106718,cm02,rvc,clean,eval
${DATA_ROOT}/rvc_cm02/rvc_converted_wavs/rvc_outputs/rvc_106718_00851.wav,spoof,hi-en,106718,cm02,rvc,clean,eval
${DATA_ROOT}/rvc_cm02/rvc_converted_wavs/rvc_outputs/rvc_106718_00852.wav,spoof,hi-en,106718,cm02,rvc,clean,eval
${DATA_ROOT}/rvc_cm02/rvc_converted_wavs/rvc_outputs/rvc_106718_00853.wav,spoof,hi-en,106718,cm02,rvc,clean,eval
${DATA_ROOT}/rvc_cm02/rvc_converted_wavs/rvc_outputs/rvc_106718_00854.wav,spoof,hi-en,106718,cm02,rvc,clean,eval
${DATA_ROOT}/rvc_cm02/rvc_converted_wavs/rvc_outputs/rvc_106718_00855.wav,spoof,hi-en,106718,cm02,rvc,clean,eval
${DATA_ROOT}/rvc_cm02/rvc_converted_wavs/rvc_outputs/rvc_106718_00856.wav,spoof,hi-en,106718,cm02,rvc,clean,eval
${DATA_ROOT}/rvc_cm02/rvc_converted_wavs/rvc_outputs/rvc_106718_00857.wav,spoof,hi-en,106718,cm02,rvc,clean,eval
${DATA_ROOT}/rvc_cm02/rvc_converted_wavs/rvc_outputs/rvc_106718_00858.wav,spoof,hi-en,106718,cm02,rvc,clean,eval
${DATA_ROOT}/rvc_cm02/rvc_converted_wavs/rvc_outputs/rvc_106718_00859.wav,spoof,hi-en,106718,cm02,rvc,clean,eval
${DATA_ROOT}/rvc_cm02/rvc_converted_wavs/rvc_outputs/rvc_106718_00860.wav,spoof,hi-en,106718,cm02,rvc,clean,eval
${DATA_ROOT}/rvc_cm02/rvc_converted_wavs/rvc_outputs/rvc_106718_00861.wav,spoof,hi-en,106718,cm02,rvc,clean,eval
${DATA_ROOT}/rvc_cm02/rvc_converted_wavs/rvc_outputs/rvc_106718_00862.wav,spoof,hi-en,106718,cm02,rvc,clean,eval
${DATA_ROOT}/rvc_cm02/rvc_converted_wavs/rvc_outputs/rvc_106718_00863.wav,spoof,hi-en,106718,cm02,rvc,clean,eval
${DATA_ROOT}/rvc_cm02/rvc_converted_wavs/rvc_outputs/rvc_106718_00864.wav,spoof,hi-en,106718,cm02,rvc,clean,eval
${DATA_ROOT}/rvc_cm02/rvc_converted_wavs/rvc_outputs/rvc_106718_00865.wav,spoof,hi-en,106718,cm02,rvc,clean,eval
${DATA_ROOT}/rvc_cm02/rvc_converted_wavs/rvc_outputs/rvc_106718_00867.wav,spoof,hi-en,106718,cm02,rvc,clean,eval
${DATA_ROOT}/rvc_cm02/rvc_converted_wavs/rvc_outputs/rvc_106718_00868.wav,spoof,hi-en,106718,cm02,rvc,clean,eval
${DATA_ROOT}/rvc_cm02/rvc_converted_wavs/rvc_outputs/rvc_106718_00869.wav,spoof,hi-en,106718,cm02,rvc,clean,eval
${DATA_ROOT}/rvc_cm02/rvc_converted_wavs/rvc_outputs/rvc_106718_00870.wav,spoof,hi-en,106718,cm02,rvc,clean,eval
${DATA_ROOT}/rvc_cm02/rvc_converted_wavs/rvc_outputs/rvc_106718_00871.wav,spoof,hi-en,106718,cm02,rvc,clean,eval
${DATA_ROOT}/rvc_cm02/rvc_converted_wavs/rvc_outputs/rvc_106718_00872.wav,spoof,hi-en,106718,cm02,rvc,clean,eval
${DATA_ROOT}/rvc_cm02/rvc_converted_wavs/rvc_outputs/rvc_106718_00873.wav,spoof,hi-en,106718,cm02,rvc,clean,eval
${DATA_ROOT}/rvc_cm02/rvc_converted_wavs/rvc_outputs/rvc_106718_00875.wav,spoof,hi-en,106718,cm02,rvc,clean,eval
${DATA_ROOT}/rvc_cm02/rvc_converted_wavs/rvc_outputs/rvc_177570_00876.wav,spoof,hi-en,177570,cm02,rvc,clean,eval
${DATA_ROOT}/rvc_cm02/rvc_converted_wavs/rvc_outputs/rvc_177570_00877.wav,spoof,hi-en,177570,cm02,rvc,clean,eval
${DATA_ROOT}/rvc_cm02/rvc_converted_wavs/rvc_outputs/rvc_177570_00878.wav,spoof,hi-en,177570,cm02,rvc,clean,eval
${DATA_ROOT}/rvc_cm02/rvc_converted_wavs/rvc_outputs/rvc_177570_00879.wav,spoof,hi-en,177570,cm02,rvc,clean,eval
${DATA_ROOT}/rvc_cm02/rvc_converted_wavs/rvc_outputs/rvc_177570_00880.wav,spoof,hi-en,177570,cm02,rvc,clean,eval
${DATA_ROOT}/rvc_cm02/rvc_converted_wavs/rvc_outputs/rvc_177570_00881.wav,spoof,hi-en,177570,cm02,rvc,clean,eval
${DATA_ROOT}/rvc_cm02/rvc_converted_wavs/rvc_outputs/rvc_177570_00882.wav,spoof,hi-en,177570,cm02,rvc,clean,eval
${DATA_ROOT}/rvc_cm02/rvc_converted_wavs/rvc_outputs/rvc_177570_00883.wav,spoof,hi-en,177570,cm02,rvc,clean,eval
${DATA_ROOT}/rvc_cm02/rvc_converted_wavs/rvc_outputs/rvc_177570_00884.wav,spoof,hi-en,177570,cm02,rvc,clean,eval
${DATA_ROOT}/rvc_cm02/rvc_converted_wavs/rvc_outputs/rvc_177570_00886.wav,spoof,hi-en,177570,cm02,rvc,clean,eval
${DATA_ROOT}/rvc_cm02/rvc_converted_wavs/rvc_outputs/rvc_177570_00887.wav,spoof,hi-en,177570,cm02,rvc,clean,eval
${DATA_ROOT}/rvc_cm02/rvc_converted_wavs/rvc_outputs/rvc_177570_00888.wav,spoof,hi-en,177570,cm02,rvc,clean,eval
${DATA_ROOT}/rvc_cm02/rvc_converted_wavs/rvc_outputs/rvc_177570_00890.wav,spoof,hi-en,177570,cm02,rvc,clean,eval
${DATA_ROOT}/rvc_cm02/rvc_converted_wavs/rvc_outputs/rvc_177570_00891.wav,spoof,hi-en,177570,cm02,rvc,clean,eval
${DATA_ROOT}/rvc_cm02/rvc_converted_wavs/rvc_outputs/rvc_177570_00892.wav,spoof,hi-en,177570,cm02,rvc,clean,eval
${DATA_ROOT}/rvc_cm02/rvc_converted_wavs/rvc_outputs/rvc_177570_00893.wav,spoof,hi-en,177570,cm02,rvc,clean,eval
${DATA_ROOT}/rvc_cm02/rvc_converted_wavs/rvc_outputs/rvc_177570_00894.wav,spoof,hi-en,177570,cm02,rvc,clean,eval
${DATA_ROOT}/rvc_cm02/rvc_converted_wavs/rvc_outputs/rvc_177570_00895.wav,spoof,hi-en,177570,cm02,rvc,clean,eval
${DATA_ROOT}/rvc_cm02/rvc_converted_wavs/rvc_outputs/rvc_177570_00896.wav,spoof,hi-en,177570,cm02,rvc,clean,eval
${DATA_ROOT}/rvc_cm02/rvc_converted_wavs/rvc_outputs/rvc_177570_00897.wav,spoof,hi-en,177570,cm02,rvc,clean,eval
${DATA_ROOT}/rvc_cm02/rvc_converted_wavs/rvc_outputs/rvc_177570_00898.wav,spoof,hi-en,177570,cm02,rvc,clean,eval
${DATA_ROOT}/rvc_cm02/rvc_converted_wavs/rvc_outputs/rvc_177570_00899.wav,spoof,hi-en,177570,cm02,rvc,clean,eval
${DATA_ROOT}/rvc_cm02/rvc_converted_wavs/rvc_outputs/rvc_177570_00900.wav,spoof,hi-en,177570,cm02,rvc,clean,eval
${DATA_ROOT}/rvc_cm02/rvc_converted_wavs/rvc_outputs/rvc_177570_00901.wav,spoof,hi-en,177570,cm02,rvc,clean,eval
${DATA_ROOT}/rvc_cm02/rvc_converted_wavs/rvc_outputs/rvc_177570_00902.wav,spoof,hi-en,177570,cm02,rvc,clean,eval
${DATA_ROOT}/rvc_cm02/rvc_converted_wavs/rvc_outputs/rvc_177570_00903.wav,spoof,hi-en,177570,cm02,rvc,clean,eval
${DATA_ROOT}/rvc_cm02/rvc_converted_wavs/rvc_outputs/rvc_177570_00904.wav,spoof,hi-en,177570,cm02,rvc,clean,eval
${DATA_ROOT}/rvc_cm02/rvc_converted_wavs/rvc_outputs/rvc_177570_00905.wav,spoof,hi-en,177570,cm02,rvc,clean,eval
${DATA_ROOT}/rvc_cm02/rvc_converted_wavs/rvc_outputs/rvc_177570_00906.wav,spoof,hi-en,177570,cm02,rvc,clean,eval
${DATA_ROOT}/rvc_cm02/rvc_converted_wavs/rvc_outputs/rvc_177570_00907.wav,spoof,hi-en,177570,cm02,rvc,clean,eval
${DATA_ROOT}/rvc_cm02/rvc_converted_wavs/rvc_outputs/rvc_177570_00908.wav,spoof,hi-en,177570,cm02,rvc,clean,eval
${DATA_ROOT}/rvc_cm02/rvc_converted_wavs/rvc_outputs/rvc_177570_00909.wav,spoof,hi-en,177570,cm02,rvc,clean,eval
${DATA_ROOT}/rvc_cm02/rvc_converted_wavs/rvc_outputs/rvc_177570_00910.wav,spoof,hi-en,177570,cm02,rvc,clean,eval
${DATA_ROOT}/rvc_cm02/rvc_converted_wavs/rvc_outputs/rvc_177570_00911.wav,spoof,hi-en,177570,cm02,rvc,clean,eval
${DATA_ROOT}/rvc_cm02/rvc_converted_wavs/rvc_outputs/rvc_177570_00912.wav,spoof,hi-en,177570,cm02,rvc,clean,eval
${DATA_ROOT}/rvc_cm02/rvc_converted_wavs/rvc_outputs/rvc_177570_00913.wav,spoof,hi-en,177570,cm02,rvc,clean,eval
${DATA_ROOT}/rvc_cm02/rvc_converted_wavs/rvc_outputs/rvc_177570_00914.wav,spoof,hi-en,177570,cm02,rvc,clean,eval
${DATA_ROOT}/rvc_cm02/rvc_converted_wavs/rvc_outputs/rvc_177570_00915.wav,spoof,hi-en,177570,cm02,rvc,clean,eval
${DATA_ROOT}/rvc_cm02/rvc_converted_wavs/rvc_outputs/rvc_177570_00916.wav,spoof,hi-en,177570,cm02,rvc,clean,eval
${DATA_ROOT}/rvc_cm02/rvc_converted_wavs/rvc_outputs/rvc_177570_00917.wav,spoof,hi-en,177570,cm02,rvc,clean,eval
${DATA_ROOT}/rvc_cm02/rvc_converted_wavs/rvc_outputs/rvc_177570_00918.wav,spoof,hi-en,177570,cm02,rvc,clean,eval
${DATA_ROOT}/rvc_cm02/rvc_converted_wavs/rvc_outputs/rvc_177570_00919.wav,spoof,hi-en,177570,cm02,rvc,clean,eval
${DATA_ROOT}/rvc_cm02/rvc_converted_wavs/rvc_outputs/rvc_177570_00920.wav,spoof,hi-en,177570,cm02,rvc,clean,eval
${DATA_ROOT}/rvc_cm02/rvc_converted_wavs/rvc_outputs/rvc_177570_00921.wav,spoof,hi-en,177570,cm02,rvc,clean,eval
${DATA_ROOT}/rvc_cm02/rvc_converted_wavs/rvc_outputs/rvc_177570_00922.wav,spoof,hi-en,177570,cm02,rvc,clean,eval
${DATA_ROOT}/rvc_cm02/rvc_converted_wavs/rvc_outputs/rvc_177570_00923.wav,spoof,hi-en,177570,cm02,rvc,clean,eval
${DATA_ROOT}/rvc_cm02/rvc_converted_wavs/rvc_outputs/rvc_177570_00924.wav,spoof,hi-en,177570,cm02,rvc,clean,eval
${DATA_ROOT}/rvc_cm02/rvc_converted_wavs/rvc_outputs/rvc_177570_00925.wav,spoof,hi-en,177570,cm02,rvc,clean,eval
${DATA_ROOT}/rvc_cm02/rvc_converted_wavs/rvc_outputs/rvc_177570_00926.wav,spoof,hi-en,177570,cm02,rvc,clean,eval
${DATA_ROOT}/rvc_cm02/rvc_converted_wavs/rvc_outputs/rvc_177570_00927.wav,spoof,hi-en,177570,cm02,rvc,clean,eval
${DATA_ROOT}/rvc_cm02/rvc_converted_wavs/rvc_outputs/rvc_177570_00928.wav,spoof,hi-en,177570,cm02,rvc,clean,eval
${DATA_ROOT}/rvc_cm02/rvc_converted_wavs/rvc_outputs/rvc_177570_00929.wav,spoof,hi-en,177570,cm02,rvc,clean,eval
${DATA_ROOT}/rvc_cm02/rvc_converted_wavs/rvc_outputs/rvc_177570_00930.wav,spoof,hi-en,177570,cm02,rvc,clean,eval
${DATA_ROOT}/rvc_cm02/rvc_converted_wavs/rvc_outputs/rvc_177570_00931.wav,spoof,hi-en,177570,cm02,rvc,clean,eval
${DATA_ROOT}/rvc_cm02/rvc_converted_wavs/rvc_outputs/rvc_177570_00932.wav,spoof,hi-en,177570,cm02,rvc,clean,eval
${DATA_ROOT}/rvc_cm02/rvc_converted_wavs/rvc_outputs/rvc_177570_00933.wav,spoof,hi-en,177570,cm02,rvc,clean,eval
${DATA_ROOT}/rvc_cm02/rvc_converted_wavs/rvc_outputs/rvc_177570_00934.wav,spoof,hi-en,177570,cm02,rvc,clean,eval
${DATA_ROOT}/rvc_cm02/rvc_converted_wavs/rvc_outputs/rvc_177570_00935.wav,spoof,hi-en,177570,cm02,rvc,clean,eval
${DATA_ROOT}/rvc_cm02/rvc_converted_wavs/rvc_outputs/rvc_177570_00936.wav,spoof,hi-en,177570,cm02,rvc,clean,eval
${DATA_ROOT}/rvc_cm02/rvc_converted_wavs/rvc_outputs/rvc_177570_00937.wav,spoof,hi-en,177570,cm02,rvc,clean,eval
${DATA_ROOT}/rvc_cm02/rvc_converted_wavs/rvc_outputs/rvc_177570_00938.wav,spoof,hi-en,177570,cm02,rvc,clean,eval
${DATA_ROOT}/rvc_cm02/rvc_converted_wavs/rvc_outputs/rvc_177570_00939.wav,spoof,hi-en,177570,cm02,rvc,clean,eval
${DATA_ROOT}/rvc_cm02/rvc_converted_wavs/rvc_outputs/rvc_177570_00940.wav,spoof,hi-en,177570,cm02,rvc,clean,eval
${DATA_ROOT}/rvc_cm02/rvc_converted_wavs/rvc_outputs/rvc_177570_00941.wav,spoof,hi-en,177570,cm02,rvc,clean,eval
${DATA_ROOT}/rvc_cm02/rvc_converted_wavs/rvc_outputs/rvc_177570_00942.wav,spoof,hi-en,177570,cm02,rvc,clean,eval
${DATA_ROOT}/rvc_cm02/rvc_converted_wavs/rvc_outputs/rvc_177570_00943.wav,spoof,hi-en,177570,cm02,rvc,clean,eval
${DATA_ROOT}/rvc_cm02/rvc_converted_wavs/rvc_outputs/rvc_177570_00944.wav,spoof,hi-en,177570,cm02,rvc,clean,eval
${DATA_ROOT}/rvc_cm02/rvc_converted_wavs/rvc_outputs/rvc_177570_00945.wav,spoof,hi-en,177570,cm02,rvc,clean,eval
${DATA_ROOT}/rvc_cm02/rvc_converted_wavs/rvc_outputs/rvc_177570_00946.wav,spoof,hi-en,177570,cm02,rvc,clean,eval
${DATA_ROOT}/rvc_cm02/rvc_converted_wavs/rvc_outputs/rvc_177570_00947.wav,spoof,hi-en,177570,cm02,rvc,clean,eval
${DATA_ROOT}/rvc_cm02/rvc_converted_wavs/rvc_outputs/rvc_177570_00949.wav,spoof,hi-en,177570,cm02,rvc,clean,eval
${DATA_ROOT}/rvc_cm02/rvc_converted_wavs/rvc_outputs/rvc_177570_00950.wav,spoof,hi-en,177570,cm02,rvc,clean,eval
${DATA_ROOT}/rvc_cm02/rvc_converted_wavs/rvc_outputs/rvc_177570_00952.wav,spoof,hi-en,177570,cm02,rvc,clean,eval
${DATA_ROOT}/rvc_cm02/rvc_converted_wavs/rvc_outputs/rvc_177570_00953.wav,spoof,hi-en,177570,cm02,rvc,clean,eval
${DATA_ROOT}/rvc_cm02/rvc_converted_wavs/rvc_outputs/rvc_177570_00954.wav,spoof,hi-en,177570,cm02,rvc,clean,eval
${DATA_ROOT}/rvc_cm02/rvc_converted_wavs/rvc_outputs/rvc_177570_00955.wav,spoof,hi-en,177570,cm02,rvc,clean,eval
${DATA_ROOT}/rvc_cm02/rvc_converted_wavs/rvc_outputs/rvc_177570_00956.wav,spoof,hi-en,177570,cm02,rvc,clean,eval
${DATA_ROOT}/rvc_cm02/rvc_converted_wavs/rvc_outputs/rvc_177570_00957.wav,spoof,hi-en,177570,cm02,rvc,clean,eval
${DATA_ROOT}/rvc_cm02/rvc_converted_wavs/rvc_outputs/rvc_177570_00958.wav,spoof,hi-en,177570,cm02,rvc,clean,eval
${DATA_ROOT}/rvc_cm02/rvc_converted_wavs/rvc_outputs/rvc_177570_00959.wav,spoof,hi-en,177570,cm02,rvc,clean,eval
${DATA_ROOT}/rvc_cm02/rvc_converted_wavs/rvc_outputs/rvc_177570_00960.wav,spoof,hi-en,177570,cm02,rvc,clean,eval
${DATA_ROOT}/rvc_cm02/rvc_converted_wavs/rvc_outputs/rvc_177570_00961.wav,spoof,hi-en,177570,cm02,rvc,clean,eval
${DATA_ROOT}/rvc_cm02/rvc_converted_wavs/rvc_outputs/rvc_177570_00962.wav,spoof,hi-en,177570,cm02,rvc,clean,eval
${DATA_ROOT}/rvc_cm02/rvc_converted_wavs/rvc_outputs/rvc_177570_00963.wav,spoof,hi-en,177570,cm02,rvc,clean,eval
${DATA_ROOT}/rvc_cm02/rvc_converted_wavs/rvc_outputs/rvc_177570_00964.wav,spoof,hi-en,177570,cm02,rvc,clean,eval
${DATA_ROOT}/rvc_cm02/rvc_converted_wavs/rvc_outputs/rvc_177570_00965.wav,spoof,hi-en,177570,cm02,rvc,clean,eval
${DATA_ROOT}/rvc_cm02/rvc_converted_wavs/rvc_outputs/rvc_177570_00966.wav,spoof,hi-en,177570,cm02,rvc,clean,eval
${DATA_ROOT}/rvc_cm02/rvc_converted_wavs/rvc_outputs/rvc_177570_00967.wav,spoof,hi-en,177570,cm02,rvc,clean,eval
${DATA_ROOT}/rvc_cm02/rvc_converted_wavs/rvc_outputs/rvc_177570_00968.wav,spoof,hi-en,177570,cm02,rvc,clean,eval
${DATA_ROOT}/rvc_cm02/rvc_converted_wavs/rvc_outputs/rvc_177570_00969.wav,spoof,hi-en,177570,cm02,rvc,clean,eval
${DATA_ROOT}/rvc_cm02/rvc_converted_wavs/rvc_outputs/rvc_177570_00970.wav,spoof,hi-en,177570,cm02,rvc,clean,eval
${DATA_ROOT}/rvc_cm02/rvc_converted_wavs/rvc_outputs/rvc_177570_00971.wav,spoof,hi-en,177570,cm02,rvc,clean,eval
${DATA_ROOT}/rvc_cm02/rvc_converted_wavs/rvc_outputs/rvc_177570_00972.wav,spoof,hi-en,177570,cm02,rvc,clean,eval
${DATA_ROOT}/rvc_cm02/rvc_converted_wavs/rvc_outputs/rvc_177570_00973.wav,spoof,hi-en,177570,cm02,rvc,clean,eval
${DATA_ROOT}/rvc_cm02/rvc_converted_wavs/rvc_outputs/rvc_177570_00974.wav,spoof,hi-en,177570,cm02,rvc,clean,eval
${DATA_ROOT}/rvc_cm02/rvc_converted_wavs/rvc_outputs/rvc_177570_00975.wav,spoof,hi-en,177570,cm02,rvc,clean,eval
${DATA_ROOT}/rvc_cm02/rvc_converted_wavs/rvc_outputs/rvc_177570_00976.wav,spoof,hi-en,177570,cm02,rvc,clean,eval
${DATA_ROOT}/rvc_cm02/rvc_converted_wavs/rvc_outputs/rvc_177570_00977.wav,spoof,hi-en,177570,cm02,rvc,clean,eval
${DATA_ROOT}/rvc_cm02/rvc_converted_wavs/rvc_outputs/rvc_177570_00978.wav,spoof,hi-en,177570,cm02,rvc,clean,eval
${DATA_ROOT}/rvc_cm02/rvc_converted_wavs/rvc_outputs/rvc_177570_00980.wav,spoof,hi-en,177570,cm02,rvc,clean,eval
${DATA_ROOT}/rvc_cm02/rvc_converted_wavs/rvc_outputs/rvc_177570_00981.wav,spoof,hi-en,177570,cm02,rvc,clean,eval
${DATA_ROOT}/rvc_cm02/rvc_converted_wavs/rvc_outputs/rvc_177570_00982.wav,spoof,hi-en,177570,cm02,rvc,clean,eval
${DATA_ROOT}/rvc_cm02/rvc_converted_wavs/rvc_outputs/rvc_177570_00983.wav,spoof,hi-en,177570,cm02,rvc,clean,eval
${DATA_ROOT}/rvc_cm02/rvc_converted_wavs/rvc_outputs/rvc_177570_00984.wav,spoof,hi-en,177570,cm02,rvc,clean,eval
${DATA_ROOT}/rvc_cm02/rvc_converted_wavs/rvc_outputs/rvc_177570_00985.wav,spoof,hi-en,177570,cm02,rvc,clean,eval
${DATA_ROOT}/rvc_cm02/rvc_converted_wavs/rvc_outputs/rvc_177570_00986.wav,spoof,hi-en,177570,cm02,rvc,clean,eval
${DATA_ROOT}/rvc_cm02/rvc_converted_wavs/rvc_outputs/rvc_177570_00987.wav,spoof,hi-en,177570,cm02,rvc,clean,eval
${DATA_ROOT}/rvc_cm02/rvc_converted_wavs/rvc_outputs/rvc_177570_00988.wav,spoof,hi-en,177570,cm02,rvc,clean,eval
${DATA_ROOT}/rvc_cm02/rvc_converted_wavs/rvc_outputs/rvc_177570_00989.wav,spoof,hi-en,177570,cm02,rvc,clean,eval
${DATA_ROOT}/rvc_cm02/rvc_converted_wavs/rvc_outputs/rvc_177570_00990.wav,spoof,hi-en,177570,cm02,rvc,clean,eval
${DATA_ROOT}/rvc_cm02/rvc_converted_wavs/rvc_outputs/rvc_177570_00991.wav,spoof,hi-en,177570,cm02,rvc,clean,eval
${DATA_ROOT}/rvc_cm02/rvc_converted_wavs/rvc_outputs/rvc_177570_00992.wav,spoof,hi-en,177570,cm02,rvc,clean,eval
${DATA_ROOT}/rvc_cm02/rvc_converted_wavs/rvc_outputs/rvc_177570_00993.wav,spoof,hi-en,177570,cm02,rvc,clean,eval
${DATA_ROOT}/rvc_cm02/rvc_converted_wavs/rvc_outputs/rvc_177570_00994.wav,spoof,hi-en,177570,cm02,rvc,clean,eval
${DATA_ROOT}/rvc_cm02/rvc_converted_wavs/rvc_outputs/rvc_177570_00995.wav,spoof,hi-en,177570,cm02,rvc,clean,eval
${DATA_ROOT}/rvc_cm02/rvc_converted_wavs/rvc_outputs/rvc_177570_00997.wav,spoof,hi-en,177570,cm02,rvc,clean,eval
${DATA_ROOT}/rvc_cm02/rvc_converted_wavs/rvc_outputs/rvc_177570_00998.wav,spoof,hi-en,177570,cm02,rvc,clean,eval
${DATA_ROOT}/rvc_cm02/rvc_converted_wavs/rvc_outputs/rvc_177570_00999.wav,spoof,hi-en,177570,cm02,rvc,clean,eval
${DATA_ROOT}/rvc_cm02/rvc_converted_wavs/rvc_outputs/rvc_177570_01000.wav,spoof,hi-en,177570,cm02,rvc,clean,eval
${DATA_ROOT}/rvc_cm02/rvc_converted_wavs/rvc_outputs/rvc_584991_01001.wav,spoof,hi-en,584991,cm02,rvc,clean,eval
${DATA_ROOT}/rvc_cm02/rvc_converted_wavs/rvc_outputs/rvc_584991_01002.wav,spoof,hi-en,584991,cm02,rvc,clean,eval
${DATA_ROOT}/rvc_cm02/rvc_converted_wavs/rvc_outputs/rvc_584991_01003.wav,spoof,hi-en,584991,cm02,rvc,clean,eval
${DATA_ROOT}/rvc_cm02/rvc_converted_wavs/rvc_outputs/rvc_584991_01004.wav,spoof,hi-en,584991,cm02,rvc,clean,eval
${DATA_ROOT}/rvc_cm02/rvc_converted_wavs/rvc_outputs/rvc_584991_01006.wav,spoof,hi-en,584991,cm02,rvc,clean,eval
${DATA_ROOT}/rvc_cm02/rvc_converted_wavs/rvc_outputs/rvc_584991_01007.wav,spoof,hi-en,584991,cm02,rvc,clean,eval
${DATA_ROOT}/rvc_cm02/rvc_converted_wavs/rvc_outputs/rvc_584991_01008.wav,spoof,hi-en,584991,cm02,rvc,clean,eval
${DATA_ROOT}/rvc_cm02/rvc_converted_wavs/rvc_outputs/rvc_584991_01009.wav,spoof,hi-en,584991,cm02,rvc,clean,eval
${DATA_ROOT}/rvc_cm02/rvc_converted_wavs/rvc_outputs/rvc_584991_01010.wav,spoof,hi-en,584991,cm02,rvc,clean,eval
${DATA_ROOT}/rvc_cm02/rvc_converted_wavs/rvc_outputs/rvc_584991_01011.wav,spoof,hi-en,584991,cm02,rvc,clean,eval
${DATA_ROOT}/rvc_cm02/rvc_converted_wavs/rvc_outputs/rvc_584991_01012.wav,spoof,hi-en,584991,cm02,rvc,clean,eval
${DATA_ROOT}/rvc_cm02/rvc_converted_wavs/rvc_outputs/rvc_584991_01013.wav,spoof,hi-en,584991,cm02,rvc,clean,eval
${DATA_ROOT}/rvc_cm02/rvc_converted_wavs/rvc_outputs/rvc_584991_01014.wav,spoof,hi-en,584991,cm02,rvc,clean,eval
${DATA_ROOT}/rvc_cm02/rvc_converted_wavs/rvc_outputs/rvc_584991_01015.wav,spoof,hi-en,584991,cm02,rvc,clean,eval
${DATA_ROOT}/rvc_cm02/rvc_converted_wavs/rvc_outputs/rvc_584991_01016.wav,spoof,hi-en,584991,cm02,rvc,clean,eval
${DATA_ROOT}/rvc_cm02/rvc_converted_wavs/rvc_outputs/rvc_584991_01017.wav,spoof,hi-en,584991,cm02,rvc,clean,eval
${DATA_ROOT}/rvc_cm02/rvc_converted_wavs/rvc_outputs/rvc_584991_01018.wav,spoof,hi-en,584991,cm02,rvc,clean,eval
${DATA_ROOT}/rvc_cm02/rvc_converted_wavs/rvc_outputs/rvc_584991_01021.wav,spoof,hi-en,584991,cm02,rvc,clean,eval
${DATA_ROOT}/rvc_cm02/rvc_converted_wavs/rvc_outputs/rvc_584991_01022.wav,spoof,hi-en,584991,cm02,rvc,clean,eval
${DATA_ROOT}/rvc_cm02/rvc_converted_wavs/rvc_outputs/rvc_584991_01023.wav,spoof,hi-en,584991,cm02,rvc,clean,eval
${DATA_ROOT}/rvc_cm02/rvc_converted_wavs/rvc_outputs/rvc_584991_01024.wav,spoof,hi-en,584991,cm02,rvc,clean,eval
${DATA_ROOT}/rvc_cm02/rvc_converted_wavs/rvc_outputs/rvc_584991_01025.wav,spoof,hi-en,584991,cm02,rvc,clean,eval
${DATA_ROOT}/rvc_cm02/rvc_converted_wavs/rvc_outputs/rvc_584991_01026.wav,spoof,hi-en,584991,cm02,rvc,clean,eval
${DATA_ROOT}/rvc_cm02/rvc_converted_wavs/rvc_outputs/rvc_584991_01027.wav,spoof,hi-en,584991,cm02,rvc,clean,eval
${DATA_ROOT}/rvc_cm02/rvc_converted_wavs/rvc_outputs/rvc_584991_01028.wav,spoof,hi-en,584991,cm02,rvc,clean,eval
${DATA_ROOT}/rvc_cm02/rvc_converted_wavs/rvc_outputs/rvc_584991_01029.wav,spoof,hi-en,584991,cm02,rvc,clean,eval
${DATA_ROOT}/rvc_cm02/rvc_converted_wavs/rvc_outputs/rvc_584991_01030.wav,spoof,hi-en,584991,cm02,rvc,clean,eval
${DATA_ROOT}/rvc_cm02/rvc_converted_wavs/rvc_outputs/rvc_584991_01031.wav,spoof,hi-en,584991,cm02,rvc,clean,eval
${DATA_ROOT}/rvc_cm02/rvc_converted_wavs/rvc_outputs/rvc_584991_01032.wav,spoof,hi-en,584991,cm02,rvc,clean,eval
${DATA_ROOT}/rvc_cm02/rvc_converted_wavs/rvc_outputs/rvc_584991_01033.wav,spoof,hi-en,584991,cm02,rvc,clean,eval
${DATA_ROOT}/rvc_cm02/rvc_converted_wavs/rvc_outputs/rvc_584991_01034.wav,spoof,hi-en,584991,cm02,rvc,clean,eval
${DATA_ROOT}/rvc_cm02/rvc_converted_wavs/rvc_outputs/rvc_584991_01035.wav,spoof,hi-en,584991,cm02,rvc,clean,eval
${DATA_ROOT}/rvc_cm02/rvc_converted_wavs/rvc_outputs/rvc_584991_01036.wav,spoof,hi-en,584991,cm02,rvc,clean,eval
${DATA_ROOT}/rvc_cm02/rvc_converted_wavs/rvc_outputs/rvc_584991_01037.wav,spoof,hi-en,584991,cm02,rvc,clean,eval
${DATA_ROOT}/rvc_cm02/rvc_converted_wavs/rvc_outputs/rvc_584991_01038.wav,spoof,hi-en,584991,cm02,rvc,clean,eval
${DATA_ROOT}/rvc_cm02/rvc_converted_wavs/rvc_outputs/rvc_584991_01039.wav,spoof,hi-en,584991,cm02,rvc,clean,eval
${DATA_ROOT}/rvc_cm02/rvc_converted_wavs/rvc_outputs/rvc_584991_01040.wav,spoof,hi-en,584991,cm02,rvc,clean,eval
${DATA_ROOT}/rvc_cm02/rvc_converted_wavs/rvc_outputs/rvc_584991_01041.wav,spoof,hi-en,584991,cm02,rvc,clean,eval
${DATA_ROOT}/rvc_cm02/rvc_converted_wavs/rvc_outputs/rvc_584991_01042.wav,spoof,hi-en,584991,cm02,rvc,clean,eval
${DATA_ROOT}/rvc_cm02/rvc_converted_wavs/rvc_outputs/rvc_584991_01043.wav,spoof,hi-en,584991,cm02,rvc,clean,eval
${DATA_ROOT}/rvc_cm02/rvc_converted_wavs/rvc_outputs/rvc_584991_01044.wav,spoof,hi-en,584991,cm02,rvc,clean,eval
${DATA_ROOT}/rvc_cm02/rvc_converted_wavs/rvc_outputs/rvc_584991_01045.wav,spoof,hi-en,584991,cm02,rvc,clean,eval
${DATA_ROOT}/rvc_cm02/rvc_converted_wavs/rvc_outputs/rvc_584991_01046.wav,spoof,hi-en,584991,cm02,rvc,clean,eval
${DATA_ROOT}/rvc_cm02/rvc_converted_wavs/rvc_outputs/rvc_584991_01047.wav,spoof,hi-en,584991,cm02,rvc,clean,eval
${DATA_ROOT}/rvc_cm02/rvc_converted_wavs/rvc_outputs/rvc_584991_01049.wav,spoof,hi-en,584991,cm02,rvc,clean,eval
${DATA_ROOT}/rvc_cm02/rvc_converted_wavs/rvc_outputs/rvc_584991_01050.wav,spoof,hi-en,584991,cm02,rvc,clean,eval
${DATA_ROOT}/rvc_cm02/rvc_converted_wavs/rvc_outputs/rvc_584991_01051.wav,spoof,hi-en,584991,cm02,rvc,clean,eval
${DATA_ROOT}/rvc_cm02/rvc_converted_wavs/rvc_outputs/rvc_584991_01052.wav,spoof,hi-en,584991,cm02,rvc,clean,eval
${DATA_ROOT}/rvc_cm02/rvc_converted_wavs/rvc_outputs/rvc_584991_01053.wav,spoof,hi-en,584991,cm02,rvc,clean,eval
${DATA_ROOT}/rvc_cm02/rvc_converted_wavs/rvc_outputs/rvc_584991_01054.wav,spoof,hi-en,584991,cm02,rvc,clean,eval
${DATA_ROOT}/rvc_cm02/rvc_converted_wavs/rvc_outputs/rvc_584991_01055.wav,spoof,hi-en,584991,cm02,rvc,clean,eval
${DATA_ROOT}/rvc_cm02/rvc_converted_wavs/rvc_outputs/rvc_584991_01056.wav,spoof,hi-en,584991,cm02,rvc,clean,eval
${DATA_ROOT}/rvc_cm02/rvc_converted_wavs/rvc_outputs/rvc_584991_01057.wav,spoof,hi-en,584991,cm02,rvc,clean,eval
${DATA_ROOT}/rvc_cm02/rvc_converted_wavs/rvc_outputs/rvc_584991_01058.wav,spoof,hi-en,584991,cm02,rvc,clean,eval
${DATA_ROOT}/rvc_cm02/rvc_converted_wavs/rvc_outputs/rvc_584991_01059.wav,spoof,hi-en,584991,cm02,rvc,clean,eval
${DATA_ROOT}/rvc_cm02/rvc_converted_wavs/rvc_outputs/rvc_584991_01060.wav,spoof,hi-en,584991,cm02,rvc,clean,eval
${DATA_ROOT}/rvc_cm02/rvc_converted_wavs/rvc_outputs/rvc_584991_01061.wav,spoof,hi-en,584991,cm02,rvc,clean,eval
${DATA_ROOT}/rvc_cm02/rvc_converted_wavs/rvc_outputs/rvc_584991_01062.wav,spoof,hi-en,584991,cm02,rvc,clean,eval
${DATA_ROOT}/rvc_cm02/rvc_converted_wavs/rvc_outputs/rvc_584991_01063.wav,spoof,hi-en,584991,cm02,rvc,clean,eval
${DATA_ROOT}/rvc_cm02/rvc_converted_wavs/rvc_outputs/rvc_584991_01064.wav,spoof,hi-en,584991,cm02,rvc,clean,eval
${DATA_ROOT}/rvc_cm02/rvc_converted_wavs/rvc_outputs/rvc_584991_01065.wav,spoof,hi-en,584991,cm02,rvc,clean,eval
${DATA_ROOT}/rvc_cm02/rvc_converted_wavs/rvc_outputs/rvc_584991_01066.wav,spoof,hi-en,584991,cm02,rvc,clean,eval
${DATA_ROOT}/rvc_cm02/rvc_converted_wavs/rvc_outputs/rvc_584991_01067.wav,spoof,hi-en,584991,cm02,rvc,clean,eval
${DATA_ROOT}/rvc_cm02/rvc_converted_wavs/rvc_outputs/rvc_584991_01068.wav,spoof,hi-en,584991,cm02,rvc,clean,eval
${DATA_ROOT}/rvc_cm02/rvc_converted_wavs/rvc_outputs/rvc_584991_01069.wav,spoof,hi-en,584991,cm02,rvc,clean,eval
${DATA_ROOT}/rvc_cm02/rvc_converted_wavs/rvc_outputs/rvc_584991_01070.wav,spoof,hi-en,584991,cm02,rvc,clean,eval
${DATA_ROOT}/rvc_cm02/rvc_converted_wavs/rvc_outputs/rvc_584991_01071.wav,spoof,hi-en,584991,cm02,rvc,clean,eval
${DATA_ROOT}/rvc_cm02/rvc_converted_wavs/rvc_outputs/rvc_584991_01072.wav,spoof,hi-en,584991,cm02,rvc,clean,eval
${DATA_ROOT}/rvc_cm02/rvc_converted_wavs/rvc_outputs/rvc_584991_01073.wav,spoof,hi-en,584991,cm02,rvc,clean,eval
${DATA_ROOT}/rvc_cm02/rvc_converted_wavs/rvc_outputs/rvc_584991_01074.wav,spoof,hi-en,584991,cm02,rvc,clean,eval
${DATA_ROOT}/rvc_cm02/rvc_converted_wavs/rvc_outputs/rvc_584991_01075.wav,spoof,hi-en,584991,cm02,rvc,clean,eval
${DATA_ROOT}/rvc_cm02/rvc_converted_wavs/rvc_outputs/rvc_584991_01076.wav,spoof,hi-en,584991,cm02,rvc,clean,eval
${DATA_ROOT}/rvc_cm02/rvc_converted_wavs/rvc_outputs/rvc_584991_01077.wav,spoof,hi-en,584991,cm02,rvc,clean,eval
${DATA_ROOT}/rvc_cm02/rvc_converted_wavs/rvc_outputs/rvc_584991_01078.wav,spoof,hi-en,584991,cm02,rvc,clean,eval
${DATA_ROOT}/rvc_cm02/rvc_converted_wavs/rvc_outputs/rvc_584991_01079.wav,spoof,hi-en,584991,cm02,rvc,clean,eval
${DATA_ROOT}/rvc_cm02/rvc_converted_wavs/rvc_outputs/rvc_584991_01080.wav,spoof,hi-en,584991,cm02,rvc,clean,eval
${DATA_ROOT}/rvc_cm02/rvc_converted_wavs/rvc_outputs/rvc_584991_01081.wav,spoof,hi-en,584991,cm02,rvc,clean,eval
${DATA_ROOT}/rvc_cm02/rvc_converted_wavs/rvc_outputs/rvc_584991_01082.wav,spoof,hi-en,584991,cm02,rvc,clean,eval
${DATA_ROOT}/rvc_cm02/rvc_converted_wavs/rvc_outputs/rvc_584991_01083.wav,spoof,hi-en,584991,cm02,rvc,clean,eval
${DATA_ROOT}/rvc_cm02/rvc_converted_wavs/rvc_outputs/rvc_584991_01084.wav,spoof,hi-en,584991,cm02,rvc,clean,eval
${DATA_ROOT}/rvc_cm02/rvc_converted_wavs/rvc_outputs/rvc_584991_01085.wav,spoof,hi-en,584991,cm02,rvc,clean,eval
${DATA_ROOT}/rvc_cm02/rvc_converted_wavs/rvc_outputs/rvc_584991_01086.wav,spoof,hi-en,584991,cm02,rvc,clean,eval
${DATA_ROOT}/rvc_cm02/rvc_converted_wavs/rvc_outputs/rvc_584991_01088.wav,spoof,hi-en,584991,cm02,rvc,clean,eval
${DATA_ROOT}/rvc_cm02/rvc_converted_wavs/rvc_outputs/rvc_584991_01089.wav,spoof,hi-en,584991,cm02,rvc,clean,eval
${DATA_ROOT}/rvc_cm02/rvc_converted_wavs/rvc_outputs/rvc_584991_01090.wav,spoof,hi-en,584991,cm02,rvc,clean,eval
${DATA_ROOT}/rvc_cm02/rvc_converted_wavs/rvc_outputs/rvc_584991_01091.wav,spoof,hi-en,584991,cm02,rvc,clean,eval
${DATA_ROOT}/rvc_cm02/rvc_converted_wavs/rvc_outputs/rvc_584991_01092.wav,spoof,hi-en,584991,cm02,rvc,clean,eval
${DATA_ROOT}/rvc_cm02/rvc_converted_wavs/rvc_outputs/rvc_584991_01093.wav,spoof,hi-en,584991,cm02,rvc,clean,eval
${DATA_ROOT}/rvc_cm02/rvc_converted_wavs/rvc_outputs/rvc_584991_01094.wav,spoof,hi-en,584991,cm02,rvc,clean,eval
${DATA_ROOT}/rvc_cm02/rvc_converted_wavs/rvc_outputs/rvc_584991_01095.wav,spoof,hi-en,584991,cm02,rvc,clean,eval
${DATA_ROOT}/rvc_cm02/rvc_converted_wavs/rvc_outputs/rvc_584991_01096.wav,spoof,hi-en,584991,cm02,rvc,clean,eval
${DATA_ROOT}/rvc_cm02/rvc_converted_wavs/rvc_outputs/rvc_584991_01097.wav,spoof,hi-en,584991,cm02,rvc,clean,eval
${DATA_ROOT}/rvc_cm02/rvc_converted_wavs/rvc_outputs/rvc_584991_01098.wav,spoof,hi-en,584991,cm02,rvc,clean,eval
${DATA_ROOT}/rvc_cm02/rvc_converted_wavs/rvc_outputs/rvc_584991_01099.wav,spoof,hi-en,584991,cm02,rvc,clean,eval
${DATA_ROOT}/rvc_cm02/rvc_converted_wavs/rvc_outputs/rvc_584991_01100.wav,spoof,hi-en,584991,cm02,rvc,clean,eval
${DATA_ROOT}/rvc_cm02/rvc_converted_wavs/rvc_outputs/rvc_584991_01102.wav,spoof,hi-en,584991,cm02,rvc,clean,eval
${DATA_ROOT}/rvc_cm02/rvc_converted_wavs/rvc_outputs/rvc_584991_01103.wav,spoof,hi-en,584991,cm02,rvc,clean,eval
${DATA_ROOT}/rvc_cm02/rvc_converted_wavs/rvc_outputs/rvc_584991_01104.wav,spoof,hi-en,584991,cm02,rvc,clean,eval
${DATA_ROOT}/rvc_cm02/rvc_converted_wavs/rvc_outputs/rvc_584991_01105.wav,spoof,hi-en,584991,cm02,rvc,clean,eval
${DATA_ROOT}/rvc_cm02/rvc_converted_wavs/rvc_outputs/rvc_584991_01106.wav,spoof,hi-en,584991,cm02,rvc,clean,eval
${DATA_ROOT}/rvc_cm02/rvc_converted_wavs/rvc_outputs/rvc_584991_01107.wav,spoof,hi-en,584991,cm02,rvc,clean,eval
${DATA_ROOT}/rvc_cm02/rvc_converted_wavs/rvc_outputs/rvc_584991_01108.wav,spoof,hi-en,584991,cm02,rvc,clean,eval
${DATA_ROOT}/rvc_cm02/rvc_converted_wavs/rvc_outputs/rvc_584991_01109.wav,spoof,hi-en,584991,cm02,rvc,clean,eval
${DATA_ROOT}/rvc_cm02/rvc_converted_wavs/rvc_outputs/rvc_584991_01110.wav,spoof,hi-en,584991,cm02,rvc,clean,eval
${DATA_ROOT}/rvc_cm02/rvc_converted_wavs/rvc_outputs/rvc_584991_01112.wav,spoof,hi-en,584991,cm02,rvc,clean,eval
${DATA_ROOT}/rvc_cm02/rvc_converted_wavs/rvc_outputs/rvc_584991_01113.wav,spoof,hi-en,584991,cm02,rvc,clean,eval
${DATA_ROOT}/rvc_cm02/rvc_converted_wavs/rvc_outputs/rvc_584991_01114.wav,spoof,hi-en,584991,cm02,rvc,clean,eval
${DATA_ROOT}/rvc_cm02/rvc_converted_wavs/rvc_outputs/rvc_584991_01115.wav,spoof,hi-en,584991,cm02,rvc,clean,eval
${DATA_ROOT}/rvc_cm02/rvc_converted_wavs/rvc_outputs/rvc_584991_01116.wav,spoof,hi-en,584991,cm02,rvc,clean,eval
${DATA_ROOT}/rvc_cm02/rvc_converted_wavs/rvc_outputs/rvc_584991_01117.wav,spoof,hi-en,584991,cm02,rvc,clean,eval
${DATA_ROOT}/rvc_cm02/rvc_converted_wavs/rvc_outputs/rvc_584991_01118.wav,spoof,hi-en,584991,cm02,rvc,clean,eval
${DATA_ROOT}/rvc_cm02/rvc_converted_wavs/rvc_outputs/rvc_584991_01119.wav,spoof,hi-en,584991,cm02,rvc,clean,eval
${DATA_ROOT}/rvc_cm02/rvc_converted_wavs/rvc_outputs/rvc_584991_01120.wav,spoof,hi-en,584991,cm02,rvc,clean,eval
${DATA_ROOT}/rvc_cm02/rvc_converted_wavs/rvc_outputs/rvc_584991_01121.wav,spoof,hi-en,584991,cm02,rvc,clean,eval
${DATA_ROOT}/rvc_cm02/rvc_converted_wavs/rvc_outputs/rvc_584991_01122.wav,spoof,hi-en,584991,cm02,rvc,clean,eval
${DATA_ROOT}/rvc_cm02/rvc_converted_wavs/rvc_outputs/rvc_584991_01123.wav,spoof,hi-en,584991,cm02,rvc,clean,eval
${DATA_ROOT}/rvc_cm02/rvc_converted_wavs/rvc_outputs/rvc_584991_01125.wav,spoof,hi-en,584991,cm02,rvc,clean,eval
${DATA_ROOT}/rvc_cm02/rvc_converted_wavs/rvc_outputs/rvc_541304_01126.wav,spoof,hi-en,541304,cm02,rvc,clean,eval
${DATA_ROOT}/rvc_cm02/rvc_converted_wavs/rvc_outputs/rvc_541304_01127.wav,spoof,hi-en,541304,cm02,rvc,clean,eval
${DATA_ROOT}/rvc_cm02/rvc_converted_wavs/rvc_outputs/rvc_541304_01128.wav,spoof,hi-en,541304,cm02,rvc,clean,eval
${DATA_ROOT}/rvc_cm02/rvc_converted_wavs/rvc_outputs/rvc_541304_01129.wav,spoof,hi-en,541304,cm02,rvc,clean,eval
${DATA_ROOT}/rvc_cm02/rvc_converted_wavs/rvc_outputs/rvc_541304_01130.wav,spoof,hi-en,541304,cm02,rvc,clean,eval
${DATA_ROOT}/rvc_cm02/rvc_converted_wavs/rvc_outputs/rvc_541304_01131.wav,spoof,hi-en,541304,cm02,rvc,clean,eval
${DATA_ROOT}/rvc_cm02/rvc_converted_wavs/rvc_outputs/rvc_541304_01132.wav,spoof,hi-en,541304,cm02,rvc,clean,eval
${DATA_ROOT}/rvc_cm02/rvc_converted_wavs/rvc_outputs/rvc_541304_01133.wav,spoof,hi-en,541304,cm02,rvc,clean,eval
${DATA_ROOT}/rvc_cm02/rvc_converted_wavs/rvc_outputs/rvc_541304_01134.wav,spoof,hi-en,541304,cm02,rvc,clean,eval
${DATA_ROOT}/rvc_cm02/rvc_converted_wavs/rvc_outputs/rvc_541304_01135.wav,spoof,hi-en,541304,cm02,rvc,clean,eval
${DATA_ROOT}/rvc_cm02/rvc_converted_wavs/rvc_outputs/rvc_541304_01136.wav,spoof,hi-en,541304,cm02,rvc,clean,eval
${DATA_ROOT}/rvc_cm02/rvc_converted_wavs/rvc_outputs/rvc_541304_01137.wav,spoof,hi-en,541304,cm02,rvc,clean,eval
${DATA_ROOT}/rvc_cm02/rvc_converted_wavs/rvc_outputs/rvc_541304_01138.wav,spoof,hi-en,541304,cm02,rvc,clean,eval
${DATA_ROOT}/rvc_cm02/rvc_converted_wavs/rvc_outputs/rvc_541304_01139.wav,spoof,hi-en,541304,cm02,rvc,clean,eval
${DATA_ROOT}/rvc_cm02/rvc_converted_wavs/rvc_outputs/rvc_541304_01140.wav,spoof,hi-en,541304,cm02,rvc,clean,eval
${DATA_ROOT}/rvc_cm02/rvc_converted_wavs/rvc_outputs/rvc_541304_01141.wav,spoof,hi-en,541304,cm02,rvc,clean,eval
${DATA_ROOT}/rvc_cm02/rvc_converted_wavs/rvc_outputs/rvc_541304_01142.wav,spoof,hi-en,541304,cm02,rvc,clean,eval
${DATA_ROOT}/rvc_cm02/rvc_converted_wavs/rvc_outputs/rvc_541304_01143.wav,spoof,hi-en,541304,cm02,rvc,clean,eval
${DATA_ROOT}/rvc_cm02/rvc_converted_wavs/rvc_outputs/rvc_541304_01144.wav,spoof,hi-en,541304,cm02,rvc,clean,eval
${DATA_ROOT}/rvc_cm02/rvc_converted_wavs/rvc_outputs/rvc_541304_01145.wav,spoof,hi-en,541304,cm02,rvc,clean,eval
${DATA_ROOT}/rvc_cm02/rvc_converted_wavs/rvc_outputs/rvc_541304_01146.wav,spoof,hi-en,541304,cm02,rvc,clean,eval
${DATA_ROOT}/rvc_cm02/rvc_converted_wavs/rvc_outputs/rvc_541304_01147.wav,spoof,hi-en,541304,cm02,rvc,clean,eval
${DATA_ROOT}/rvc_cm02/rvc_converted_wavs/rvc_outputs/rvc_541304_01148.wav,spoof,hi-en,541304,cm02,rvc,clean,eval
${DATA_ROOT}/rvc_cm02/rvc_converted_wavs/rvc_outputs/rvc_541304_01149.wav,spoof,hi-en,541304,cm02,rvc,clean,eval
${DATA_ROOT}/rvc_cm02/rvc_converted_wavs/rvc_outputs/rvc_541304_01150.wav,spoof,hi-en,541304,cm02,rvc,clean,eval
${DATA_ROOT}/rvc_cm02/rvc_converted_wavs/rvc_outputs/rvc_541304_01151.wav,spoof,hi-en,541304,cm02,rvc,clean,eval
${DATA_ROOT}/rvc_cm02/rvc_converted_wavs/rvc_outputs/rvc_541304_01152.wav,spoof,hi-en,541304,cm02,rvc,clean,eval
${DATA_ROOT}/rvc_cm02/rvc_converted_wavs/rvc_outputs/rvc_541304_01153.wav,spoof,hi-en,541304,cm02,rvc,clean,eval
${DATA_ROOT}/rvc_cm02/rvc_converted_wavs/rvc_outputs/rvc_541304_01154.wav,spoof,hi-en,541304,cm02,rvc,clean,eval
${DATA_ROOT}/rvc_cm02/rvc_converted_wavs/rvc_outputs/rvc_541304_01155.wav,spoof,hi-en,541304,cm02,rvc,clean,eval
${DATA_ROOT}/rvc_cm02/rvc_converted_wavs/rvc_outputs/rvc_541304_01156.wav,spoof,hi-en,541304,cm02,rvc,clean,eval
${DATA_ROOT}/rvc_cm02/rvc_converted_wavs/rvc_outputs/rvc_541304_01157.wav,spoof,hi-en,541304,cm02,rvc,clean,eval
${DATA_ROOT}/rvc_cm02/rvc_converted_wavs/rvc_outputs/rvc_541304_01158.wav,spoof,hi-en,541304,cm02,rvc,clean,eval
${DATA_ROOT}/rvc_cm02/rvc_converted_wavs/rvc_outputs/rvc_541304_01159.wav,spoof,hi-en,541304,cm02,rvc,clean,eval
${DATA_ROOT}/rvc_cm02/rvc_converted_wavs/rvc_outputs/rvc_541304_01160.wav,spoof,hi-en,541304,cm02,rvc,clean,eval
${DATA_ROOT}/rvc_cm02/rvc_converted_wavs/rvc_outputs/rvc_541304_01161.wav,spoof,hi-en,541304,cm02,rvc,clean,eval
${DATA_ROOT}/rvc_cm02/rvc_converted_wavs/rvc_outputs/rvc_541304_01162.wav,spoof,hi-en,541304,cm02,rvc,clean,eval
${DATA_ROOT}/rvc_cm02/rvc_converted_wavs/rvc_outputs/rvc_541304_01163.wav,spoof,hi-en,541304,cm02,rvc,clean,eval
${DATA_ROOT}/rvc_cm02/rvc_converted_wavs/rvc_outputs/rvc_541304_01164.wav,spoof,hi-en,541304,cm02,rvc,clean,eval
${DATA_ROOT}/rvc_cm02/rvc_converted_wavs/rvc_outputs/rvc_541304_01165.wav,spoof,hi-en,541304,cm02,rvc,clean,eval
${DATA_ROOT}/rvc_cm02/rvc_converted_wavs/rvc_outputs/rvc_541304_01166.wav,spoof,hi-en,541304,cm02,rvc,clean,eval
${DATA_ROOT}/rvc_cm02/rvc_converted_wavs/rvc_outputs/rvc_541304_01167.wav,spoof,hi-en,541304,cm02,rvc,clean,eval
${DATA_ROOT}/rvc_cm02/rvc_converted_wavs/rvc_outputs/rvc_541304_01168.wav,spoof,hi-en,541304,cm02,rvc,clean,eval
${DATA_ROOT}/rvc_cm02/rvc_converted_wavs/rvc_outputs/rvc_541304_01169.wav,spoof,hi-en,541304,cm02,rvc,clean,eval
${DATA_ROOT}/rvc_cm02/rvc_converted_wavs/rvc_outputs/rvc_541304_01170.wav,spoof,hi-en,541304,cm02,rvc,clean,eval
${DATA_ROOT}/rvc_cm02/rvc_converted_wavs/rvc_outputs/rvc_541304_01171.wav,spoof,hi-en,541304,cm02,rvc,clean,eval
${DATA_ROOT}/rvc_cm02/rvc_converted_wavs/rvc_outputs/rvc_541304_01172.wav,spoof,hi-en,541304,cm02,rvc,clean,eval
${DATA_ROOT}/rvc_cm02/rvc_converted_wavs/rvc_outputs/rvc_541304_01173.wav,spoof,hi-en,541304,cm02,rvc,clean,eval
${DATA_ROOT}/rvc_cm02/rvc_converted_wavs/rvc_outputs/rvc_541304_01174.wav,spoof,hi-en,541304,cm02,rvc,clean,eval
${DATA_ROOT}/rvc_cm02/rvc_converted_wavs/rvc_outputs/rvc_541304_01175.wav,spoof,hi-en,541304,cm02,rvc,clean,eval
${DATA_ROOT}/rvc_cm02/rvc_converted_wavs/rvc_outputs/rvc_541304_01177.wav,spoof,hi-en,541304,cm02,rvc,clean,eval
${DATA_ROOT}/rvc_cm02/rvc_converted_wavs/rvc_outputs/rvc_541304_01178.wav,spoof,hi-en,541304,cm02,rvc,clean,eval
${DATA_ROOT}/rvc_cm02/rvc_converted_wavs/rvc_outputs/rvc_541304_01179.wav,spoof,hi-en,541304,cm02,rvc,clean,eval
${DATA_ROOT}/rvc_cm02/rvc_converted_wavs/rvc_outputs/rvc_541304_01180.wav,spoof,hi-en,541304,cm02,rvc,clean,eval
${DATA_ROOT}/rvc_cm02/rvc_converted_wavs/rvc_outputs/rvc_541304_01181.wav,spoof,hi-en,541304,cm02,rvc,clean,eval
${DATA_ROOT}/rvc_cm02/rvc_converted_wavs/rvc_outputs/rvc_541304_01182.wav,spoof,hi-en,541304,cm02,rvc,clean,eval
${DATA_ROOT}/rvc_cm02/rvc_converted_wavs/rvc_outputs/rvc_541304_01183.wav,spoof,hi-en,541304,cm02,rvc,clean,eval
${DATA_ROOT}/rvc_cm02/rvc_converted_wavs/rvc_outputs/rvc_541304_01184.wav,spoof,hi-en,541304,cm02,rvc,clean,eval
${DATA_ROOT}/rvc_cm02/rvc_converted_wavs/rvc_outputs/rvc_541304_01186.wav,spoof,hi-en,541304,cm02,rvc,clean,eval
${DATA_ROOT}/rvc_cm02/rvc_converted_wavs/rvc_outputs/rvc_541304_01187.wav,spoof,hi-en,541304,cm02,rvc,clean,eval
${DATA_ROOT}/rvc_cm02/rvc_converted_wavs/rvc_outputs/rvc_541304_01188.wav,spoof,hi-en,541304,cm02,rvc,clean,eval
${DATA_ROOT}/rvc_cm02/rvc_converted_wavs/rvc_outputs/rvc_541304_01189.wav,spoof,hi-en,541304,cm02,rvc,clean,eval
${DATA_ROOT}/rvc_cm02/rvc_converted_wavs/rvc_outputs/rvc_541304_01190.wav,spoof,hi-en,541304,cm02,rvc,clean,eval
${DATA_ROOT}/rvc_cm02/rvc_converted_wavs/rvc_outputs/rvc_541304_01191.wav,spoof,hi-en,541304,cm02,rvc,clean,eval
${DATA_ROOT}/rvc_cm02/rvc_converted_wavs/rvc_outputs/rvc_541304_01192.wav,spoof,hi-en,541304,cm02,rvc,clean,eval
${DATA_ROOT}/rvc_cm02/rvc_converted_wavs/rvc_outputs/rvc_541304_01194.wav,spoof,hi-en,541304,cm02,rvc,clean,eval
${DATA_ROOT}/rvc_cm02/rvc_converted_wavs/rvc_outputs/rvc_541304_01195.wav,spoof,hi-en,541304,cm02,rvc,clean,eval
${DATA_ROOT}/rvc_cm02/rvc_converted_wavs/rvc_outputs/rvc_541304_01196.wav,spoof,hi-en,541304,cm02,rvc,clean,eval
${DATA_ROOT}/rvc_cm02/rvc_converted_wavs/rvc_outputs/rvc_541304_01197.wav,spoof,hi-en,541304,cm02,rvc,clean,eval
${DATA_ROOT}/rvc_cm02/rvc_converted_wavs/rvc_outputs/rvc_541304_01198.wav,spoof,hi-en,541304,cm02,rvc,clean,eval
${DATA_ROOT}/rvc_cm02/rvc_converted_wavs/rvc_outputs/rvc_541304_01199.wav,spoof,hi-en,541304,cm02,rvc,clean,eval
${DATA_ROOT}/rvc_cm02/rvc_converted_wavs/rvc_outputs/rvc_541304_01200.wav,spoof,hi-en,541304,cm02,rvc,clean,eval
${DATA_ROOT}/rvc_cm02/rvc_converted_wavs/rvc_outputs/rvc_541304_01201.wav,spoof,hi-en,541304,cm02,rvc,clean,eval
${DATA_ROOT}/rvc_cm02/rvc_converted_wavs/rvc_outputs/rvc_541304_01202.wav,spoof,hi-en,541304,cm02,rvc,clean,eval
${DATA_ROOT}/rvc_cm02/rvc_converted_wavs/rvc_outputs/rvc_541304_01203.wav,spoof,hi-en,541304,cm02,rvc,clean,eval
${DATA_ROOT}/rvc_cm02/rvc_converted_wavs/rvc_outputs/rvc_541304_01204.wav,spoof,hi-en,541304,cm02,rvc,clean,eval
${DATA_ROOT}/rvc_cm02/rvc_converted_wavs/rvc_outputs/rvc_541304_01205.wav,spoof,hi-en,541304,cm02,rvc,clean,eval
${DATA_ROOT}/rvc_cm02/rvc_converted_wavs/rvc_outputs/rvc_541304_01206.wav,spoof,hi-en,541304,cm02,rvc,clean,eval
${DATA_ROOT}/rvc_cm02/rvc_converted_wavs/rvc_outputs/rvc_541304_01207.wav,spoof,hi-en,541304,cm02,rvc,clean,eval
${DATA_ROOT}/rvc_cm02/rvc_converted_wavs/rvc_outputs/rvc_541304_01208.wav,spoof,hi-en,541304,cm02,rvc,clean,eval
${DATA_ROOT}/rvc_cm02/rvc_converted_wavs/rvc_outputs/rvc_541304_01209.wav,spoof,hi-en,541304,cm02,rvc,clean,eval
${DATA_ROOT}/rvc_cm02/rvc_converted_wavs/rvc_outputs/rvc_541304_01210.wav,spoof,hi-en,541304,cm02,rvc,clean,eval
${DATA_ROOT}/rvc_cm02/rvc_converted_wavs/rvc_outputs/rvc_541304_01211.wav,spoof,hi-en,541304,cm02,rvc,clean,eval
${DATA_ROOT}/rvc_cm02/rvc_converted_wavs/rvc_outputs/rvc_541304_01212.wav,spoof,hi-en,541304,cm02,rvc,clean,eval
${DATA_ROOT}/rvc_cm02/rvc_converted_wavs/rvc_outputs/rvc_541304_01213.wav,spoof,hi-en,541304,cm02,rvc,clean,eval
${DATA_ROOT}/rvc_cm02/rvc_converted_wavs/rvc_outputs/rvc_541304_01214.wav,spoof,hi-en,541304,cm02,rvc,clean,eval
${DATA_ROOT}/rvc_cm02/rvc_converted_wavs/rvc_outputs/rvc_541304_01215.wav,spoof,hi-en,541304,cm02,rvc,clean,eval
${DATA_ROOT}/rvc_cm02/rvc_converted_wavs/rvc_outputs/rvc_541304_01216.wav,spoof,hi-en,541304,cm02,rvc,clean,eval
${DATA_ROOT}/rvc_cm02/rvc_converted_wavs/rvc_outputs/rvc_541304_01218.wav,spoof,hi-en,541304,cm02,rvc,clean,eval
${DATA_ROOT}/rvc_cm02/rvc_converted_wavs/rvc_outputs/rvc_541304_01219.wav,spoof,hi-en,541304,cm02,rvc,clean,eval
${DATA_ROOT}/rvc_cm02/rvc_converted_wavs/rvc_outputs/rvc_541304_01220.wav,spoof,hi-en,541304,cm02,rvc,clean,eval
${DATA_ROOT}/rvc_cm02/rvc_converted_wavs/rvc_outputs/rvc_541304_01221.wav,spoof,hi-en,541304,cm02,rvc,clean,eval
${DATA_ROOT}/rvc_cm02/rvc_converted_wavs/rvc_outputs/rvc_541304_01222.wav,spoof,hi-en,541304,cm02,rvc,clean,eval
${DATA_ROOT}/rvc_cm02/rvc_converted_wavs/rvc_outputs/rvc_541304_01223.wav,spoof,hi-en,541304,cm02,rvc,clean,eval
${DATA_ROOT}/rvc_cm02/rvc_converted_wavs/rvc_outputs/rvc_541304_01224.wav,spoof,hi-en,541304,cm02,rvc,clean,eval
${DATA_ROOT}/rvc_cm02/rvc_converted_wavs/rvc_outputs/rvc_541304_01225.wav,spoof,hi-en,541304,cm02,rvc,clean,eval
${DATA_ROOT}/rvc_cm02/rvc_converted_wavs/rvc_outputs/rvc_541304_01226.wav,spoof,hi-en,541304,cm02,rvc,clean,eval
${DATA_ROOT}/rvc_cm02/rvc_converted_wavs/rvc_outputs/rvc_541304_01227.wav,spoof,hi-en,541304,cm02,rvc,clean,eval
${DATA_ROOT}/rvc_cm02/rvc_converted_wavs/rvc_outputs/rvc_541304_01228.wav,spoof,hi-en,541304,cm02,rvc,clean,eval
${DATA_ROOT}/rvc_cm02/rvc_converted_wavs/rvc_outputs/rvc_541304_01229.wav,spoof,hi-en,541304,cm02,rvc,clean,eval
${DATA_ROOT}/rvc_cm02/rvc_converted_wavs/rvc_outputs/rvc_541304_01230.wav,spoof,hi-en,541304,cm02,rvc,clean,eval
${DATA_ROOT}/rvc_cm02/rvc_converted_wavs/rvc_outputs/rvc_541304_01231.wav,spoof,hi-en,541304,cm02,rvc,clean,eval
${DATA_ROOT}/rvc_cm02/rvc_converted_wavs/rvc_outputs/rvc_541304_01232.wav,spoof,hi-en,541304,cm02,rvc,clean,eval
${DATA_ROOT}/rvc_cm02/rvc_converted_wavs/rvc_outputs/rvc_541304_01233.wav,spoof,hi-en,541304,cm02,rvc,clean,eval
${DATA_ROOT}/rvc_cm02/rvc_converted_wavs/rvc_outputs/rvc_541304_01234.wav,spoof,hi-en,541304,cm02,rvc,clean,eval
${DATA_ROOT}/rvc_cm02/rvc_converted_wavs/rvc_outputs/rvc_541304_01235.wav,spoof,hi-en,541304,cm02,rvc,clean,eval
${DATA_ROOT}/rvc_cm02/rvc_converted_wavs/rvc_outputs/rvc_541304_01236.wav,spoof,hi-en,541304,cm02,rvc,clean,eval
${DATA_ROOT}/rvc_cm02/rvc_converted_wavs/rvc_outputs/rvc_541304_01237.wav,spoof,hi-en,541304,cm02,rvc,clean,eval
${DATA_ROOT}/rvc_cm02/rvc_converted_wavs/rvc_outputs/rvc_541304_01238.wav,spoof,hi-en,541304,cm02,rvc,clean,eval
${DATA_ROOT}/rvc_cm02/rvc_converted_wavs/rvc_outputs/rvc_541304_01239.wav,spoof,hi-en,541304,cm02,rvc,clean,eval
${DATA_ROOT}/rvc_cm02/rvc_converted_wavs/rvc_outputs/rvc_541304_01240.wav,spoof,hi-en,541304,cm02,rvc,clean,eval
${DATA_ROOT}/rvc_cm02/rvc_converted_wavs/rvc_outputs/rvc_541304_01242.wav,spoof,hi-en,541304,cm02,rvc,clean,eval
${DATA_ROOT}/rvc_cm02/rvc_converted_wavs/rvc_outputs/rvc_541304_01243.wav,spoof,hi-en,541304,cm02,rvc,clean,eval
${DATA_ROOT}/rvc_cm02/rvc_converted_wavs/rvc_outputs/rvc_541304_01244.wav,spoof,hi-en,541304,cm02,rvc,clean,eval
${DATA_ROOT}/rvc_cm02/rvc_converted_wavs/rvc_outputs/rvc_541304_01245.wav,spoof,hi-en,541304,cm02,rvc,clean,eval
${DATA_ROOT}/rvc_cm02/rvc_converted_wavs/rvc_outputs/rvc_541304_01246.wav,spoof,hi-en,541304,cm02,rvc,clean,eval
${DATA_ROOT}/rvc_cm02/rvc_converted_wavs/rvc_outputs/rvc_541304_01247.wav,spoof,hi-en,541304,cm02,rvc,clean,eval
${DATA_ROOT}/rvc_cm02/rvc_converted_wavs/rvc_outputs/rvc_541304_01248.wav,spoof,hi-en,541304,cm02,rvc,clean,eval
${DATA_ROOT}/rvc_cm02/rvc_converted_wavs/rvc_outputs/rvc_541304_01249.wav,spoof,hi-en,541304,cm02,rvc,clean,eval
${DATA_ROOT}/rvc_cm02/rvc_converted_wavs/rvc_outputs/rvc_541304_01250.wav,spoof,hi-en,541304,cm02,rvc,clean,eval
${DATA_ROOT}/rvc_cm02/rvc_converted_wavs/rvc_outputs/rvc_876898_01251.wav,spoof,hi-en,876898,cm02,rvc,clean,eval
${DATA_ROOT}/rvc_cm02/rvc_converted_wavs/rvc_outputs/rvc_876898_01252.wav,spoof,hi-en,876898,cm02,rvc,clean,eval
${DATA_ROOT}/rvc_cm02/rvc_converted_wavs/rvc_outputs/rvc_876898_01253.wav,spoof,hi-en,876898,cm02,rvc,clean,eval
${DATA_ROOT}/rvc_cm02/rvc_converted_wavs/rvc_outputs/rvc_876898_01254.wav,spoof,hi-en,876898,cm02,rvc,clean,eval
${DATA_ROOT}/rvc_cm02/rvc_converted_wavs/rvc_outputs/rvc_876898_01255.wav,spoof,hi-en,876898,cm02,rvc,clean,eval
${DATA_ROOT}/rvc_cm02/rvc_converted_wavs/rvc_outputs/rvc_876898_01256.wav,spoof,hi-en,876898,cm02,rvc,clean,eval
${DATA_ROOT}/rvc_cm02/rvc_converted_wavs/rvc_outputs/rvc_876898_01257.wav,spoof,hi-en,876898,cm02,rvc,clean,eval
${DATA_ROOT}/rvc_cm02/rvc_converted_wavs/rvc_outputs/rvc_876898_01258.wav,spoof,hi-en,876898,cm02,rvc,clean,eval
${DATA_ROOT}/rvc_cm02/rvc_converted_wavs/rvc_outputs/rvc_876898_01259.wav,spoof,hi-en,876898,cm02,rvc,clean,eval
${DATA_ROOT}/rvc_cm02/rvc_converted_wavs/rvc_outputs/rvc_876898_01260.wav,spoof,hi-en,876898,cm02,rvc,clean,eval
${DATA_ROOT}/rvc_cm02/rvc_converted_wavs/rvc_outputs/rvc_876898_01261.wav,spoof,hi-en,876898,cm02,rvc,clean,eval
${DATA_ROOT}/rvc_cm02/rvc_converted_wavs/rvc_outputs/rvc_876898_01262.wav,spoof,hi-en,876898,cm02,rvc,clean,eval
${DATA_ROOT}/rvc_cm02/rvc_converted_wavs/rvc_outputs/rvc_876898_01263.wav,spoof,hi-en,876898,cm02,rvc,clean,eval
${DATA_ROOT}/rvc_cm02/rvc_converted_wavs/rvc_outputs/rvc_876898_01264.wav,spoof,hi-en,876898,cm02,rvc,clean,eval
${DATA_ROOT}/rvc_cm02/rvc_converted_wavs/rvc_outputs/rvc_876898_01265.wav,spoof,hi-en,876898,cm02,rvc,clean,eval
${DATA_ROOT}/rvc_cm02/rvc_converted_wavs/rvc_outputs/rvc_876898_01266.wav,spoof,hi-en,876898,cm02,rvc,clean,eval
${DATA_ROOT}/rvc_cm02/rvc_converted_wavs/rvc_outputs/rvc_876898_01267.wav,spoof,hi-en,876898,cm02,rvc,clean,eval
${DATA_ROOT}/rvc_cm02/rvc_converted_wavs/rvc_outputs/rvc_876898_01268.wav,spoof,hi-en,876898,cm02,rvc,clean,eval
${DATA_ROOT}/rvc_cm02/rvc_converted_wavs/rvc_outputs/rvc_876898_01269.wav,spoof,hi-en,876898,cm02,rvc,clean,eval
${DATA_ROOT}/rvc_cm02/rvc_converted_wavs/rvc_outputs/rvc_876898_01270.wav,spoof,hi-en,876898,cm02,rvc,clean,eval
${DATA_ROOT}/rvc_cm02/rvc_converted_wavs/rvc_outputs/rvc_876898_01271.wav,spoof,hi-en,876898,cm02,rvc,clean,eval
${DATA_ROOT}/rvc_cm02/rvc_converted_wavs/rvc_outputs/rvc_876898_01272.wav,spoof,hi-en,876898,cm02,rvc,clean,eval
${DATA_ROOT}/rvc_cm02/rvc_converted_wavs/rvc_outputs/rvc_876898_01273.wav,spoof,hi-en,876898,cm02,rvc,clean,eval
${DATA_ROOT}/rvc_cm02/rvc_converted_wavs/rvc_outputs/rvc_876898_01274.wav,spoof,hi-en,876898,cm02,rvc,clean,eval
${DATA_ROOT}/rvc_cm02/rvc_converted_wavs/rvc_outputs/rvc_876898_01275.wav,spoof,hi-en,876898,cm02,rvc,clean,eval
${DATA_ROOT}/rvc_cm02/rvc_converted_wavs/rvc_outputs/rvc_876898_01277.wav,spoof,hi-en,876898,cm02,rvc,clean,eval
${DATA_ROOT}/rvc_cm02/rvc_converted_wavs/rvc_outputs/rvc_876898_01278.wav,spoof,hi-en,876898,cm02,rvc,clean,eval
${DATA_ROOT}/rvc_cm02/rvc_converted_wavs/rvc_outputs/rvc_876898_01279.wav,spoof,hi-en,876898,cm02,rvc,clean,eval
${DATA_ROOT}/rvc_cm02/rvc_converted_wavs/rvc_outputs/rvc_876898_01280.wav,spoof,hi-en,876898,cm02,rvc,clean,eval
${DATA_ROOT}/rvc_cm02/rvc_converted_wavs/rvc_outputs/rvc_876898_01281.wav,spoof,hi-en,876898,cm02,rvc,clean,eval
${DATA_ROOT}/rvc_cm02/rvc_converted_wavs/rvc_outputs/rvc_876898_01282.wav,spoof,hi-en,876898,cm02,rvc,clean,eval
${DATA_ROOT}/rvc_cm02/rvc_converted_wavs/rvc_outputs/rvc_876898_01283.wav,spoof,hi-en,876898,cm02,rvc,clean,eval
${DATA_ROOT}/rvc_cm02/rvc_converted_wavs/rvc_outputs/rvc_876898_01284.wav,spoof,hi-en,876898,cm02,rvc,clean,eval
${DATA_ROOT}/rvc_cm02/rvc_converted_wavs/rvc_outputs/rvc_876898_01285.wav,spoof,hi-en,876898,cm02,rvc,clean,eval
${DATA_ROOT}/rvc_cm02/rvc_converted_wavs/rvc_outputs/rvc_876898_01286.wav,spoof,hi-en,876898,cm02,rvc,clean,eval
${DATA_ROOT}/rvc_cm02/rvc_converted_wavs/rvc_outputs/rvc_876898_01287.wav,spoof,hi-en,876898,cm02,rvc,clean,eval
${DATA_ROOT}/rvc_cm02/rvc_converted_wavs/rvc_outputs/rvc_876898_01289.wav,spoof,hi-en,876898,cm02,rvc,clean,eval
${DATA_ROOT}/rvc_cm02/rvc_converted_wavs/rvc_outputs/rvc_876898_01290.wav,spoof,hi-en,876898,cm02,rvc,clean,eval
${DATA_ROOT}/rvc_cm02/rvc_converted_wavs/rvc_outputs/rvc_876898_01291.wav,spoof,hi-en,876898,cm02,rvc,clean,eval
${DATA_ROOT}/rvc_cm02/rvc_converted_wavs/rvc_outputs/rvc_876898_01292.wav,spoof,hi-en,876898,cm02,rvc,clean,eval
${DATA_ROOT}/rvc_cm02/rvc_converted_wavs/rvc_outputs/rvc_876898_01293.wav,spoof,hi-en,876898,cm02,rvc,clean,eval
${DATA_ROOT}/rvc_cm02/rvc_converted_wavs/rvc_outputs/rvc_876898_01294.wav,spoof,hi-en,876898,cm02,rvc,clean,eval
${DATA_ROOT}/rvc_cm02/rvc_converted_wavs/rvc_outputs/rvc_876898_01295.wav,spoof,hi-en,876898,cm02,rvc,clean,eval
${DATA_ROOT}/rvc_cm02/rvc_converted_wavs/rvc_outputs/rvc_876898_01296.wav,spoof,hi-en,876898,cm02,rvc,clean,eval
${DATA_ROOT}/rvc_cm02/rvc_converted_wavs/rvc_outputs/rvc_876898_01297.wav,spoof,hi-en,876898,cm02,rvc,clean,eval
${DATA_ROOT}/rvc_cm02/rvc_converted_wavs/rvc_outputs/rvc_876898_01298.wav,spoof,hi-en,876898,cm02,rvc,clean,eval
${DATA_ROOT}/rvc_cm02/rvc_converted_wavs/rvc_outputs/rvc_876898_01299.wav,spoof,hi-en,876898,cm02,rvc,clean,eval
${DATA_ROOT}/rvc_cm02/rvc_converted_wavs/rvc_outputs/rvc_876898_01301.wav,spoof,hi-en,876898,cm02,rvc,clean,eval
${DATA_ROOT}/rvc_cm02/rvc_converted_wavs/rvc_outputs/rvc_876898_01302.wav,spoof,hi-en,876898,cm02,rvc,clean,eval
${DATA_ROOT}/rvc_cm02/rvc_converted_wavs/rvc_outputs/rvc_876898_01303.wav,spoof,hi-en,876898,cm02,rvc,clean,eval
${DATA_ROOT}/rvc_cm02/rvc_converted_wavs/rvc_outputs/rvc_876898_01304.wav,spoof,hi-en,876898,cm02,rvc,clean,eval
${DATA_ROOT}/rvc_cm02/rvc_converted_wavs/rvc_outputs/rvc_876898_01305.wav,spoof,hi-en,876898,cm02,rvc,clean,eval
${DATA_ROOT}/rvc_cm02/rvc_converted_wavs/rvc_outputs/rvc_876898_01306.wav,spoof,hi-en,876898,cm02,rvc,clean,eval
${DATA_ROOT}/rvc_cm02/rvc_converted_wavs/rvc_outputs/rvc_876898_01307.wav,spoof,hi-en,876898,cm02,rvc,clean,eval
${DATA_ROOT}/rvc_cm02/rvc_converted_wavs/rvc_outputs/rvc_876898_01308.wav,spoof,hi-en,876898,cm02,rvc,clean,eval
${DATA_ROOT}/rvc_cm02/rvc_converted_wavs/rvc_outputs/rvc_876898_01309.wav,spoof,hi-en,876898,cm02,rvc,clean,eval
${DATA_ROOT}/rvc_cm02/rvc_converted_wavs/rvc_outputs/rvc_876898_01310.wav,spoof,hi-en,876898,cm02,rvc,clean,eval
${DATA_ROOT}/rvc_cm02/rvc_converted_wavs/rvc_outputs/rvc_876898_01311.wav,spoof,hi-en,876898,cm02,rvc,clean,eval
${DATA_ROOT}/rvc_cm02/rvc_converted_wavs/rvc_outputs/rvc_876898_01312.wav,spoof,hi-en,876898,cm02,rvc,clean,eval
${DATA_ROOT}/rvc_cm02/rvc_converted_wavs/rvc_outputs/rvc_876898_01313.wav,spoof,hi-en,876898,cm02,rvc,clean,eval
${DATA_ROOT}/rvc_cm02/rvc_converted_wavs/rvc_outputs/rvc_876898_01314.wav,spoof,hi-en,876898,cm02,rvc,clean,eval
${DATA_ROOT}/rvc_cm02/rvc_converted_wavs/rvc_outputs/rvc_876898_01315.wav,spoof,hi-en,876898,cm02,rvc,clean,eval
${DATA_ROOT}/rvc_cm02/rvc_converted_wavs/rvc_outputs/rvc_876898_01316.wav,spoof,hi-en,876898,cm02,rvc,clean,eval
${DATA_ROOT}/rvc_cm02/rvc_converted_wavs/rvc_outputs/rvc_876898_01317.wav,spoof,hi-en,876898,cm02,rvc,clean,eval
${DATA_ROOT}/rvc_cm02/rvc_converted_wavs/rvc_outputs/rvc_876898_01318.wav,spoof,hi-en,876898,cm02,rvc,clean,eval
${DATA_ROOT}/rvc_cm02/rvc_converted_wavs/rvc_outputs/rvc_876898_01319.wav,spoof,hi-en,876898,cm02,rvc,clean,eval
${DATA_ROOT}/rvc_cm02/rvc_converted_wavs/rvc_outputs/rvc_876898_01320.wav,spoof,hi-en,876898,cm02,rvc,clean,eval
${DATA_ROOT}/rvc_cm02/rvc_converted_wavs/rvc_outputs/rvc_876898_01321.wav,spoof,hi-en,876898,cm02,rvc,clean,eval
${DATA_ROOT}/rvc_cm02/rvc_converted_wavs/rvc_outputs/rvc_876898_01322.wav,spoof,hi-en,876898,cm02,rvc,clean,eval
${DATA_ROOT}/rvc_cm02/rvc_converted_wavs/rvc_outputs/rvc_876898_01323.wav,spoof,hi-en,876898,cm02,rvc,clean,eval
${DATA_ROOT}/rvc_cm02/rvc_converted_wavs/rvc_outputs/rvc_876898_01324.wav,spoof,hi-en,876898,cm02,rvc,clean,eval
${DATA_ROOT}/rvc_cm02/rvc_converted_wavs/rvc_outputs/rvc_876898_01325.wav,spoof,hi-en,876898,cm02,rvc,clean,eval
${DATA_ROOT}/rvc_cm02/rvc_converted_wavs/rvc_outputs/rvc_876898_01326.wav,spoof,hi-en,876898,cm02,rvc,clean,eval
${DATA_ROOT}/rvc_cm02/rvc_converted_wavs/rvc_outputs/rvc_876898_01327.wav,spoof,hi-en,876898,cm02,rvc,clean,eval
${DATA_ROOT}/rvc_cm02/rvc_converted_wavs/rvc_outputs/rvc_876898_01328.wav,spoof,hi-en,876898,cm02,rvc,clean,eval
${DATA_ROOT}/rvc_cm02/rvc_converted_wavs/rvc_outputs/rvc_876898_01329.wav,spoof,hi-en,876898,cm02,rvc,clean,eval
${DATA_ROOT}/rvc_cm02/rvc_converted_wavs/rvc_outputs/rvc_876898_01331.wav,spoof,hi-en,876898,cm02,rvc,clean,eval
${DATA_ROOT}/rvc_cm02/rvc_converted_wavs/rvc_outputs/rvc_876898_01332.wav,spoof,hi-en,876898,cm02,rvc,clean,eval
${DATA_ROOT}/rvc_cm02/rvc_converted_wavs/rvc_outputs/rvc_876898_01333.wav,spoof,hi-en,876898,cm02,rvc,clean,eval
${DATA_ROOT}/rvc_cm02/rvc_converted_wavs/rvc_outputs/rvc_876898_01334.wav,spoof,hi-en,876898,cm02,rvc,clean,eval
${DATA_ROOT}/rvc_cm02/rvc_converted_wavs/rvc_outputs/rvc_876898_01335.wav,spoof,hi-en,876898,cm02,rvc,clean,eval
${DATA_ROOT}/rvc_cm02/rvc_converted_wavs/rvc_outputs/rvc_876898_01336.wav,spoof,hi-en,876898,cm02,rvc,clean,eval
${DATA_ROOT}/rvc_cm02/rvc_converted_wavs/rvc_outputs/rvc_876898_01337.wav,spoof,hi-en,876898,cm02,rvc,clean,eval
${DATA_ROOT}/rvc_cm02/rvc_converted_wavs/rvc_outputs/rvc_876898_01338.wav,spoof,hi-en,876898,cm02,rvc,clean,eval
${DATA_ROOT}/rvc_cm02/rvc_converted_wavs/rvc_outputs/rvc_876898_01339.wav,spoof,hi-en,876898,cm02,rvc,clean,eval
${DATA_ROOT}/rvc_cm02/rvc_converted_wavs/rvc_outputs/rvc_876898_01340.wav,spoof,hi-en,876898,cm02,rvc,clean,eval
${DATA_ROOT}/rvc_cm02/rvc_converted_wavs/rvc_outputs/rvc_876898_01341.wav,spoof,hi-en,876898,cm02,rvc,clean,eval
${DATA_ROOT}/rvc_cm02/rvc_converted_wavs/rvc_outputs/rvc_876898_01342.wav,spoof,hi-en,876898,cm02,rvc,clean,eval
${DATA_ROOT}/rvc_cm02/rvc_converted_wavs/rvc_outputs/rvc_876898_01344.wav,spoof,hi-en,876898,cm02,rvc,clean,eval
${DATA_ROOT}/rvc_cm02/rvc_converted_wavs/rvc_outputs/rvc_876898_01345.wav,spoof,hi-en,876898,cm02,rvc,clean,eval
${DATA_ROOT}/rvc_cm02/rvc_converted_wavs/rvc_outputs/rvc_876898_01346.wav,spoof,hi-en,876898,cm02,rvc,clean,eval
${DATA_ROOT}/rvc_cm02/rvc_converted_wavs/rvc_outputs/rvc_876898_01347.wav,spoof,hi-en,876898,cm02,rvc,clean,eval
${DATA_ROOT}/rvc_cm02/rvc_converted_wavs/rvc_outputs/rvc_876898_01348.wav,spoof,hi-en,876898,cm02,rvc,clean,eval
${DATA_ROOT}/rvc_cm02/rvc_converted_wavs/rvc_outputs/rvc_876898_01349.wav,spoof,hi-en,876898,cm02,rvc,clean,eval
${DATA_ROOT}/rvc_cm02/rvc_converted_wavs/rvc_outputs/rvc_876898_01351.wav,spoof,hi-en,876898,cm02,rvc,clean,eval
${DATA_ROOT}/rvc_cm02/rvc_converted_wavs/rvc_outputs/rvc_876898_01352.wav,spoof,hi-en,876898,cm02,rvc,clean,eval
${DATA_ROOT}/rvc_cm02/rvc_converted_wavs/rvc_outputs/rvc_876898_01353.wav,spoof,hi-en,876898,cm02,rvc,clean,eval
${DATA_ROOT}/rvc_cm02/rvc_converted_wavs/rvc_outputs/rvc_876898_01354.wav,spoof,hi-en,876898,cm02,rvc,clean,eval
${DATA_ROOT}/rvc_cm02/rvc_converted_wavs/rvc_outputs/rvc_876898_01355.wav,spoof,hi-en,876898,cm02,rvc,clean,eval
${DATA_ROOT}/rvc_cm02/rvc_converted_wavs/rvc_outputs/rvc_876898_01356.wav,spoof,hi-en,876898,cm02,rvc,clean,eval
${DATA_ROOT}/rvc_cm02/rvc_converted_wavs/rvc_outputs/rvc_876898_01357.wav,spoof,hi-en,876898,cm02,rvc,clean,eval
${DATA_ROOT}/rvc_cm02/rvc_converted_wavs/rvc_outputs/rvc_876898_01358.wav,spoof,hi-en,876898,cm02,rvc,clean,eval
${DATA_ROOT}/rvc_cm02/rvc_converted_wavs/rvc_outputs/rvc_876898_01359.wav,spoof,hi-en,876898,cm02,rvc,clean,eval
${DATA_ROOT}/rvc_cm02/rvc_converted_wavs/rvc_outputs/rvc_876898_01360.wav,spoof,hi-en,876898,cm02,rvc,clean,eval
${DATA_ROOT}/rvc_cm02/rvc_converted_wavs/rvc_outputs/rvc_876898_01362.wav,spoof,hi-en,876898,cm02,rvc,clean,eval
${DATA_ROOT}/rvc_cm02/rvc_converted_wavs/rvc_outputs/rvc_876898_01363.wav,spoof,hi-en,876898,cm02,rvc,clean,eval
${DATA_ROOT}/rvc_cm02/rvc_converted_wavs/rvc_outputs/rvc_876898_01364.wav,spoof,hi-en,876898,cm02,rvc,clean,eval
${DATA_ROOT}/rvc_cm02/rvc_converted_wavs/rvc_outputs/rvc_876898_01365.wav,spoof,hi-en,876898,cm02,rvc,clean,eval
${DATA_ROOT}/rvc_cm02/rvc_converted_wavs/rvc_outputs/rvc_876898_01366.wav,spoof,hi-en,876898,cm02,rvc,clean,eval
${DATA_ROOT}/rvc_cm02/rvc_converted_wavs/rvc_outputs/rvc_876898_01367.wav,spoof,hi-en,876898,cm02,rvc,clean,eval
${DATA_ROOT}/rvc_cm02/rvc_converted_wavs/rvc_outputs/rvc_876898_01368.wav,spoof,hi-en,876898,cm02,rvc,clean,eval
${DATA_ROOT}/rvc_cm02/rvc_converted_wavs/rvc_outputs/rvc_876898_01369.wav,spoof,hi-en,876898,cm02,rvc,clean,eval
${DATA_ROOT}/rvc_cm02/rvc_converted_wavs/rvc_outputs/rvc_876898_01370.wav,spoof,hi-en,876898,cm02,rvc,clean,eval
${DATA_ROOT}/rvc_cm02/rvc_converted_wavs/rvc_outputs/rvc_876898_01371.wav,spoof,hi-en,876898,cm02,rvc,clean,eval
${DATA_ROOT}/rvc_cm02/rvc_converted_wavs/rvc_outputs/rvc_876898_01372.wav,spoof,hi-en,876898,cm02,rvc,clean,eval
${DATA_ROOT}/rvc_cm02/rvc_converted_wavs/rvc_outputs/rvc_876898_01373.wav,spoof,hi-en,876898,cm02,rvc,clean,eval
${DATA_ROOT}/rvc_cm02/rvc_converted_wavs/rvc_outputs/rvc_876898_01374.wav,spoof,hi-en,876898,cm02,rvc,clean,eval
${DATA_ROOT}/rvc_cm02/rvc_converted_wavs/rvc_outputs/rvc_876898_01375.wav,spoof,hi-en,876898,cm02,rvc,clean,eval
${DATA_ROOT}/rvc_cm02/rvc_converted_wavs/rvc_outputs/rvc_539354_01376.wav,spoof,hi-en,539354,cm02,rvc,clean,eval
${DATA_ROOT}/rvc_cm02/rvc_converted_wavs/rvc_outputs/rvc_539354_01377.wav,spoof,hi-en,539354,cm02,rvc,clean,eval
${DATA_ROOT}/rvc_cm02/rvc_converted_wavs/rvc_outputs/rvc_539354_01378.wav,spoof,hi-en,539354,cm02,rvc,clean,eval
${DATA_ROOT}/rvc_cm02/rvc_converted_wavs/rvc_outputs/rvc_539354_01379.wav,spoof,hi-en,539354,cm02,rvc,clean,eval
${DATA_ROOT}/rvc_cm02/rvc_converted_wavs/rvc_outputs/rvc_539354_01380.wav,spoof,hi-en,539354,cm02,rvc,clean,eval
${DATA_ROOT}/rvc_cm02/rvc_converted_wavs/rvc_outputs/rvc_539354_01381.wav,spoof,hi-en,539354,cm02,rvc,clean,eval
${DATA_ROOT}/rvc_cm02/rvc_converted_wavs/rvc_outputs/rvc_539354_01382.wav,spoof,hi-en,539354,cm02,rvc,clean,eval
${DATA_ROOT}/rvc_cm02/rvc_converted_wavs/rvc_outputs/rvc_539354_01383.wav,spoof,hi-en,539354,cm02,rvc,clean,eval
${DATA_ROOT}/rvc_cm02/rvc_converted_wavs/rvc_outputs/rvc_539354_01384.wav,spoof,hi-en,539354,cm02,rvc,clean,eval
${DATA_ROOT}/rvc_cm02/rvc_converted_wavs/rvc_outputs/rvc_539354_01386.wav,spoof,hi-en,539354,cm02,rvc,clean,eval
${DATA_ROOT}/rvc_cm02/rvc_converted_wavs/rvc_outputs/rvc_539354_01387.wav,spoof,hi-en,539354,cm02,rvc,clean,eval
${DATA_ROOT}/rvc_cm02/rvc_converted_wavs/rvc_outputs/rvc_539354_01388.wav,spoof,hi-en,539354,cm02,rvc,clean,eval
${DATA_ROOT}/rvc_cm02/rvc_converted_wavs/rvc_outputs/rvc_539354_01389.wav,spoof,hi-en,539354,cm02,rvc,clean,eval
${DATA_ROOT}/rvc_cm02/rvc_converted_wavs/rvc_outputs/rvc_539354_01390.wav,spoof,hi-en,539354,cm02,rvc,clean,eval
${DATA_ROOT}/rvc_cm02/rvc_converted_wavs/rvc_outputs/rvc_539354_01391.wav,spoof,hi-en,539354,cm02,rvc,clean,eval
${DATA_ROOT}/rvc_cm02/rvc_converted_wavs/rvc_outputs/rvc_539354_01392.wav,spoof,hi-en,539354,cm02,rvc,clean,eval
${DATA_ROOT}/rvc_cm02/rvc_converted_wavs/rvc_outputs/rvc_539354_01393.wav,spoof,hi-en,539354,cm02,rvc,clean,eval
${DATA_ROOT}/rvc_cm02/rvc_converted_wavs/rvc_outputs/rvc_539354_01394.wav,spoof,hi-en,539354,cm02,rvc,clean,eval
${DATA_ROOT}/rvc_cm02/rvc_converted_wavs/rvc_outputs/rvc_539354_01396.wav,spoof,hi-en,539354,cm02,rvc,clean,eval
${DATA_ROOT}/rvc_cm02/rvc_converted_wavs/rvc_outputs/rvc_539354_01397.wav,spoof,hi-en,539354,cm02,rvc,clean,eval
${DATA_ROOT}/rvc_cm02/rvc_converted_wavs/rvc_outputs/rvc_539354_01398.wav,spoof,hi-en,539354,cm02,rvc,clean,eval
${DATA_ROOT}/rvc_cm02/rvc_converted_wavs/rvc_outputs/rvc_539354_01399.wav,spoof,hi-en,539354,cm02,rvc,clean,eval
${DATA_ROOT}/rvc_cm02/rvc_converted_wavs/rvc_outputs/rvc_539354_01400.wav,spoof,hi-en,539354,cm02,rvc,clean,eval
${DATA_ROOT}/rvc_cm02/rvc_converted_wavs/rvc_outputs/rvc_539354_01401.wav,spoof,hi-en,539354,cm02,rvc,clean,eval
${DATA_ROOT}/rvc_cm02/rvc_converted_wavs/rvc_outputs/rvc_539354_01402.wav,spoof,hi-en,539354,cm02,rvc,clean,eval
${DATA_ROOT}/rvc_cm02/rvc_converted_wavs/rvc_outputs/rvc_539354_01403.wav,spoof,hi-en,539354,cm02,rvc,clean,eval
${DATA_ROOT}/rvc_cm02/rvc_converted_wavs/rvc_outputs/rvc_539354_01404.wav,spoof,hi-en,539354,cm02,rvc,clean,eval
${DATA_ROOT}/rvc_cm02/rvc_converted_wavs/rvc_outputs/rvc_539354_01405.wav,spoof,hi-en,539354,cm02,rvc,clean,eval
${DATA_ROOT}/rvc_cm02/rvc_converted_wavs/rvc_outputs/rvc_539354_01406.wav,spoof,hi-en,539354,cm02,rvc,clean,eval
${DATA_ROOT}/rvc_cm02/rvc_converted_wavs/rvc_outputs/rvc_539354_01407.wav,spoof,hi-en,539354,cm02,rvc,clean,eval
${DATA_ROOT}/rvc_cm02/rvc_converted_wavs/rvc_outputs/rvc_539354_01408.wav,spoof,hi-en,539354,cm02,rvc,clean,eval
${DATA_ROOT}/rvc_cm02/rvc_converted_wavs/rvc_outputs/rvc_539354_01409.wav,spoof,hi-en,539354,cm02,rvc,clean,eval
${DATA_ROOT}/rvc_cm02/rvc_converted_wavs/rvc_outputs/rvc_539354_01410.wav,spoof,hi-en,539354,cm02,rvc,clean,eval
${DATA_ROOT}/rvc_cm02/rvc_converted_wavs/rvc_outputs/rvc_539354_01411.wav,spoof,hi-en,539354,cm02,rvc,clean,eval
${DATA_ROOT}/rvc_cm02/rvc_converted_wavs/rvc_outputs/rvc_539354_01412.wav,spoof,hi-en,539354,cm02,rvc,clean,eval
${DATA_ROOT}/rvc_cm02/rvc_converted_wavs/rvc_outputs/rvc_539354_01413.wav,spoof,hi-en,539354,cm02,rvc,clean,eval
${DATA_ROOT}/rvc_cm02/rvc_converted_wavs/rvc_outputs/rvc_539354_01414.wav,spoof,hi-en,539354,cm02,rvc,clean,eval
${DATA_ROOT}/rvc_cm02/rvc_converted_wavs/rvc_outputs/rvc_539354_01415.wav,spoof,hi-en,539354,cm02,rvc,clean,eval
${DATA_ROOT}/rvc_cm02/rvc_converted_wavs/rvc_outputs/rvc_539354_01416.wav,spoof,hi-en,539354,cm02,rvc,clean,eval
${DATA_ROOT}/rvc_cm02/rvc_converted_wavs/rvc_outputs/rvc_539354_01418.wav,spoof,hi-en,539354,cm02,rvc,clean,eval
${DATA_ROOT}/rvc_cm02/rvc_converted_wavs/rvc_outputs/rvc_539354_01419.wav,spoof,hi-en,539354,cm02,rvc,clean,eval
${DATA_ROOT}/rvc_cm02/rvc_converted_wavs/rvc_outputs/rvc_539354_01420.wav,spoof,hi-en,539354,cm02,rvc,clean,eval
${DATA_ROOT}/rvc_cm02/rvc_converted_wavs/rvc_outputs/rvc_539354_01422.wav,spoof,hi-en,539354,cm02,rvc,clean,eval
${DATA_ROOT}/rvc_cm02/rvc_converted_wavs/rvc_outputs/rvc_539354_01424.wav,spoof,hi-en,539354,cm02,rvc,clean,eval
${DATA_ROOT}/rvc_cm02/rvc_converted_wavs/rvc_outputs/rvc_539354_01425.wav,spoof,hi-en,539354,cm02,rvc,clean,eval
${DATA_ROOT}/rvc_cm02/rvc_converted_wavs/rvc_outputs/rvc_539354_01426.wav,spoof,hi-en,539354,cm02,rvc,clean,eval
${DATA_ROOT}/rvc_cm02/rvc_converted_wavs/rvc_outputs/rvc_539354_01427.wav,spoof,hi-en,539354,cm02,rvc,clean,eval
${DATA_ROOT}/rvc_cm02/rvc_converted_wavs/rvc_outputs/rvc_539354_01428.wav,spoof,hi-en,539354,cm02,rvc,clean,eval
${DATA_ROOT}/rvc_cm02/rvc_converted_wavs/rvc_outputs/rvc_539354_01429.wav,spoof,hi-en,539354,cm02,rvc,clean,eval
${DATA_ROOT}/rvc_cm02/rvc_converted_wavs/rvc_outputs/rvc_539354_01430.wav,spoof,hi-en,539354,cm02,rvc,clean,eval
${DATA_ROOT}/rvc_cm02/rvc_converted_wavs/rvc_outputs/rvc_539354_01432.wav,spoof,hi-en,539354,cm02,rvc,clean,eval
${DATA_ROOT}/rvc_cm02/rvc_converted_wavs/rvc_outputs/rvc_539354_01433.wav,spoof,hi-en,539354,cm02,rvc,clean,eval
${DATA_ROOT}/rvc_cm02/rvc_converted_wavs/rvc_outputs/rvc_539354_01434.wav,spoof,hi-en,539354,cm02,rvc,clean,eval
${DATA_ROOT}/rvc_cm02/rvc_converted_wavs/rvc_outputs/rvc_539354_01435.wav,spoof,hi-en,539354,cm02,rvc,clean,eval
${DATA_ROOT}/rvc_cm02/rvc_converted_wavs/rvc_outputs/rvc_539354_01436.wav,spoof,hi-en,539354,cm02,rvc,clean,eval
${DATA_ROOT}/rvc_cm02/rvc_converted_wavs/rvc_outputs/rvc_539354_01437.wav,spoof,hi-en,539354,cm02,rvc,clean,eval
${DATA_ROOT}/rvc_cm02/rvc_converted_wavs/rvc_outputs/rvc_539354_01439.wav,spoof,hi-en,539354,cm02,rvc,clean,eval
${DATA_ROOT}/rvc_cm02/rvc_converted_wavs/rvc_outputs/rvc_539354_01440.wav,spoof,hi-en,539354,cm02,rvc,clean,eval
${DATA_ROOT}/rvc_cm02/rvc_converted_wavs/rvc_outputs/rvc_539354_01441.wav,spoof,hi-en,539354,cm02,rvc,clean,eval
${DATA_ROOT}/rvc_cm02/rvc_converted_wavs/rvc_outputs/rvc_539354_01442.wav,spoof,hi-en,539354,cm02,rvc,clean,eval
${DATA_ROOT}/rvc_cm02/rvc_converted_wavs/rvc_outputs/rvc_539354_01443.wav,spoof,hi-en,539354,cm02,rvc,clean,eval
${DATA_ROOT}/rvc_cm02/rvc_converted_wavs/rvc_outputs/rvc_539354_01445.wav,spoof,hi-en,539354,cm02,rvc,clean,eval
${DATA_ROOT}/rvc_cm02/rvc_converted_wavs/rvc_outputs/rvc_539354_01446.wav,spoof,hi-en,539354,cm02,rvc,clean,eval
${DATA_ROOT}/rvc_cm02/rvc_converted_wavs/rvc_outputs/rvc_539354_01448.wav,spoof,hi-en,539354,cm02,rvc,clean,eval
${DATA_ROOT}/rvc_cm02/rvc_converted_wavs/rvc_outputs/rvc_539354_01449.wav,spoof,hi-en,539354,cm02,rvc,clean,eval
${DATA_ROOT}/rvc_cm02/rvc_converted_wavs/rvc_outputs/rvc_539354_01450.wav,spoof,hi-en,539354,cm02,rvc,clean,eval
${DATA_ROOT}/rvc_cm02/rvc_converted_wavs/rvc_outputs/rvc_539354_01451.wav,spoof,hi-en,539354,cm02,rvc,clean,eval
${DATA_ROOT}/rvc_cm02/rvc_converted_wavs/rvc_outputs/rvc_539354_01452.wav,spoof,hi-en,539354,cm02,rvc,clean,eval
${DATA_ROOT}/rvc_cm02/rvc_converted_wavs/rvc_outputs/rvc_539354_01453.wav,spoof,hi-en,539354,cm02,rvc,clean,eval
${DATA_ROOT}/rvc_cm02/rvc_converted_wavs/rvc_outputs/rvc_539354_01454.wav,spoof,hi-en,539354,cm02,rvc,clean,eval
${DATA_ROOT}/rvc_cm02/rvc_converted_wavs/rvc_outputs/rvc_539354_01455.wav,spoof,hi-en,539354,cm02,rvc,clean,eval
${DATA_ROOT}/rvc_cm02/rvc_converted_wavs/rvc_outputs/rvc_539354_01456.wav,spoof,hi-en,539354,cm02,rvc,clean,eval
${DATA_ROOT}/rvc_cm02/rvc_converted_wavs/rvc_outputs/rvc_539354_01457.wav,spoof,hi-en,539354,cm02,rvc,clean,eval
${DATA_ROOT}/rvc_cm02/rvc_converted_wavs/rvc_outputs/rvc_539354_01458.wav,spoof,hi-en,539354,cm02,rvc,clean,eval
${DATA_ROOT}/rvc_cm02/rvc_converted_wavs/rvc_outputs/rvc_539354_01459.wav,spoof,hi-en,539354,cm02,rvc,clean,eval
${DATA_ROOT}/rvc_cm02/rvc_converted_wavs/rvc_outputs/rvc_539354_01460.wav,spoof,hi-en,539354,cm02,rvc,clean,eval
${DATA_ROOT}/rvc_cm02/rvc_converted_wavs/rvc_outputs/rvc_539354_01461.wav,spoof,hi-en,539354,cm02,rvc,clean,eval
${DATA_ROOT}/rvc_cm02/rvc_converted_wavs/rvc_outputs/rvc_539354_01462.wav,spoof,hi-en,539354,cm02,rvc,clean,eval
${DATA_ROOT}/rvc_cm02/rvc_converted_wavs/rvc_outputs/rvc_539354_01463.wav,spoof,hi-en,539354,cm02,rvc,clean,eval
${DATA_ROOT}/rvc_cm02/rvc_converted_wavs/rvc_outputs/rvc_539354_01464.wav,spoof,hi-en,539354,cm02,rvc,clean,eval
${DATA_ROOT}/rvc_cm02/rvc_converted_wavs/rvc_outputs/rvc_539354_01465.wav,spoof,hi-en,539354,cm02,rvc,clean,eval
${DATA_ROOT}/rvc_cm02/rvc_converted_wavs/rvc_outputs/rvc_539354_01466.wav,spoof,hi-en,539354,cm02,rvc,clean,eval
${DATA_ROOT}/rvc_cm02/rvc_converted_wavs/rvc_outputs/rvc_539354_01467.wav,spoof,hi-en,539354,cm02,rvc,clean,eval
${DATA_ROOT}/rvc_cm02/rvc_converted_wavs/rvc_outputs/rvc_539354_01468.wav,spoof,hi-en,539354,cm02,rvc,clean,eval
${DATA_ROOT}/rvc_cm02/rvc_converted_wavs/rvc_outputs/rvc_539354_01470.wav,spoof,hi-en,539354,cm02,rvc,clean,eval
${DATA_ROOT}/rvc_cm02/rvc_converted_wavs/rvc_outputs/rvc_539354_01471.wav,spoof,hi-en,539354,cm02,rvc,clean,eval
${DATA_ROOT}/rvc_cm02/rvc_converted_wavs/rvc_outputs/rvc_539354_01472.wav,spoof,hi-en,539354,cm02,rvc,clean,eval
${DATA_ROOT}/rvc_cm02/rvc_converted_wavs/rvc_outputs/rvc_539354_01473.wav,spoof,hi-en,539354,cm02,rvc,clean,eval
${DATA_ROOT}/rvc_cm02/rvc_converted_wavs/rvc_outputs/rvc_539354_01474.wav,spoof,hi-en,539354,cm02,rvc,clean,eval
${DATA_ROOT}/rvc_cm02/rvc_converted_wavs/rvc_outputs/rvc_539354_01475.wav,spoof,hi-en,539354,cm02,rvc,clean,eval
${DATA_ROOT}/rvc_cm02/rvc_converted_wavs/rvc_outputs/rvc_539354_01476.wav,spoof,hi-en,539354,cm02,rvc,clean,eval
${DATA_ROOT}/rvc_cm02/rvc_converted_wavs/rvc_outputs/rvc_539354_01477.wav,spoof,hi-en,539354,cm02,rvc,clean,eval
${DATA_ROOT}/rvc_cm02/rvc_converted_wavs/rvc_outputs/rvc_539354_01478.wav,spoof,hi-en,539354,cm02,rvc,clean,eval
${DATA_ROOT}/rvc_cm02/rvc_converted_wavs/rvc_outputs/rvc_539354_01479.wav,spoof,hi-en,539354,cm02,rvc,clean,eval
${DATA_ROOT}/rvc_cm02/rvc_converted_wavs/rvc_outputs/rvc_539354_01480.wav,spoof,hi-en,539354,cm02,rvc,clean,eval
${DATA_ROOT}/rvc_cm02/rvc_converted_wavs/rvc_outputs/rvc_539354_01481.wav,spoof,hi-en,539354,cm02,rvc,clean,eval
${DATA_ROOT}/rvc_cm02/rvc_converted_wavs/rvc_outputs/rvc_539354_01482.wav,spoof,hi-en,539354,cm02,rvc,clean,eval
${DATA_ROOT}/rvc_cm02/rvc_converted_wavs/rvc_outputs/rvc_539354_01483.wav,spoof,hi-en,539354,cm02,rvc,clean,eval
${DATA_ROOT}/rvc_cm02/rvc_converted_wavs/rvc_outputs/rvc_539354_01484.wav,spoof,hi-en,539354,cm02,rvc,clean,eval
${DATA_ROOT}/rvc_cm02/rvc_converted_wavs/rvc_outputs/rvc_539354_01485.wav,spoof,hi-en,539354,cm02,rvc,clean,eval
${DATA_ROOT}/rvc_cm02/rvc_converted_wavs/rvc_outputs/rvc_539354_01486.wav,spoof,hi-en,539354,cm02,rvc,clean,eval
${DATA_ROOT}/rvc_cm02/rvc_converted_wavs/rvc_outputs/rvc_539354_01487.wav,spoof,hi-en,539354,cm02,rvc,clean,eval
${DATA_ROOT}/rvc_cm02/rvc_converted_wavs/rvc_outputs/rvc_539354_01488.wav,spoof,hi-en,539354,cm02,rvc,clean,eval
${DATA_ROOT}/rvc_cm02/rvc_converted_wavs/rvc_outputs/rvc_539354_01489.wav,spoof,hi-en,539354,cm02,rvc,clean,eval
${DATA_ROOT}/rvc_cm02/rvc_converted_wavs/rvc_outputs/rvc_539354_01490.wav,spoof,hi-en,539354,cm02,rvc,clean,eval
${DATA_ROOT}/rvc_cm02/rvc_converted_wavs/rvc_outputs/rvc_539354_01491.wav,spoof,hi-en,539354,cm02,rvc,clean,eval
${DATA_ROOT}/rvc_cm02/rvc_converted_wavs/rvc_outputs/rvc_539354_01493.wav,spoof,hi-en,539354,cm02,rvc,clean,eval
${DATA_ROOT}/rvc_cm02/rvc_converted_wavs/rvc_outputs/rvc_539354_01494.wav,spoof,hi-en,539354,cm02,rvc,clean,eval
${DATA_ROOT}/rvc_cm02/rvc_converted_wavs/rvc_outputs/rvc_539354_01495.wav,spoof,hi-en,539354,cm02,rvc,clean,eval
${DATA_ROOT}/rvc_cm02/rvc_converted_wavs/rvc_outputs/rvc_539354_01496.wav,spoof,hi-en,539354,cm02,rvc,clean,eval
${DATA_ROOT}/rvc_cm02/rvc_converted_wavs/rvc_outputs/rvc_539354_01497.wav,spoof,hi-en,539354,cm02,rvc,clean,eval
${DATA_ROOT}/rvc_cm02/rvc_converted_wavs/rvc_outputs/rvc_539354_01498.wav,spoof,hi-en,539354,cm02,rvc,clean,eval
${DATA_ROOT}/rvc_cm02/rvc_converted_wavs/rvc_outputs/rvc_539354_01499.wav,spoof,hi-en,539354,cm02,rvc,clean,eval
${DATA_ROOT}/rvc_cm02/rvc_converted_wavs/rvc_outputs/rvc_539354_01500.wav,spoof,hi-en,539354,cm02,rvc,clean,eval
