filepath,label,language,speaker,source,tool,condition,split
${DATA_ROOT}/clips/111627_bYPRSx2sjXooUdv8_0000.wav,bonafide,hi-en,111627,mucs2021,none,channel_g711_20db,eval
${DATA_ROOT}/clips/111627_bYPRSx2sjXooUdv8_0001.wav,bonafide,hi-en,111627,mucs2021,none,channel_g711_20db,eval
${DATA_ROOT}/clips/111627_bYPRSx2sjXooUdv8_0002.wav,bonafide,hi-en,111627,mucs2021,none,channel_g711_20db,eval
${DATA_ROOT}/clips/111627_bYPRSx2sjXooUdv8_0003.wav,bonafide,hi-en,111627,mucs2021,none,channel_g711_20db,eval
${DATA_ROOT}/clips/111627_bYPRSx2sjXooUdv8_0004.wav,bonafide,hi-en,111627,mucs2021,none,channel_g711_20db,eval
${DATA_ROOT}/clips/111627_bYPRSx2sjXooUdv8_0005.wav,bonafide,hi-en,111627,mucs2021,none,channel_g711_20db,eval
${DATA_ROOT}/clips/111627_bYPRSx2sjXooUdv8_0006.wav,bonafide,hi-en,111627,mucs2021,none,channel_g711_20db,eval
${DATA_ROOT}/clips/111627_bYPRSx2sjXooUdv8_0007.wav,bonafide,hi-en,111627,mucs2021,none,channel_g711_20db,eval
${DATA_ROOT}/clips/111627_bYPRSx2sjXooUdv8_0008.wav,bonafide,hi-en,111627,mucs2021,none,channel_g711_20db,eval
${DATA_ROOT}/clips/111627_bYPRSx2sjXooUdv8_0009.wav,bonafide,hi-en,111627,mucs2021,none,channel_g711_20db,eval
${DATA_ROOT}/clips/111627_bYPRSx2sjXooUdv8_0010.wav,bonafide,hi-en,111627,mucs2021,none,channel_g711_20db,eval
${DATA_ROOT}/clips/111627_bYPRSx2sjXooUdv8_0011.wav,bonafide,hi-en,111627,mucs2021,none,channel_g711_20db,eval
${DATA_ROOT}/clips/111627_bYPRSx2sjXooUdv8_0012.wav,bonafide,hi-en,111627,mucs2021,none,channel_g711_20db,eval
${DATA_ROOT}/clips/111627_bYPRSx2sjXooUdv8_0013.wav,bonafide,hi-en,111627,mucs2021,none,channel_g711_20db,eval
${DATA_ROOT}/clips/111627_bYPRSx2sjXooUdv8_0014.wav,bonafide,hi-en,111627,mucs2021,none,channel_g711_20db,eval
${DATA_ROOT}/clips/111627_bYPRSx2sjXooUdv8_0015.wav,bonafide,hi-en,111627,mucs2021,none,channel_g711_20db,eval
${DATA_ROOT}/clips/111627_bYPRSx2sjXooUdv8_0016.wav,bonafide,hi-en,111627,mucs2021,none,channel_g711_20db,eval
${DATA_ROOT}/clips/111627_bYPRSx2sjXooUdv8_0017.wav,bonafide,hi-en,111627,mucs2021,none,channel_g711_20db,eval
${DATA_ROOT}/clips/111627_bYPRSx2sjXooUdv8_0018.wav,bonafide,hi-en,111627,mucs2021,none,channel_g711_20db,eval
${DATA_ROOT}/clips/111627_bYPRSx2sjXooUdv8_0019.wav,bonafide,hi-en,111627,mucs2021,none,channel_g711_20db,eval
${DATA_ROOT}/clips/111627_bYPRSx2sjXooUdv8_0020.wav,bonafide,hi-en,111627,mucs2021,none,channel_g711_20db,eval
${DATA_ROOT}/clips/111627_bYPRSx2sjXooUdv8_0021.wav,bonafide,hi-en,111627,mucs2021,none,channel_g711_20db,eval
${DATA_ROOT}/clips/111627_bYPRSx2sjXooUdv8_0022.wav,bonafide,hi-en,111627,mucs2021,none,channel_g711_20db,eval
${DATA_ROOT}/clips/111627_bYPRSx2sjXooUdv8_0023.wav,bonafide,hi-en,111627,mucs2021,none,channel_g711_20db,eval
${DATA_ROOT}/clips/111627_bYPRSx2sjXooUdv8_0024.wav,bonafide,hi-en,111627,mucs2021,none,channel_g711_20db,eval
${DATA_ROOT}/clips/111627_bYPRSx2sjXooUdv8_0025.wav,bonafide,hi-en,111627,mucs2021,none,channel_g711_20db,eval
${DATA_ROOT}/clips/111627_bYPRSx2sjXooUdv8_0026.wav,bonafide,hi-en,111627,mucs2021,none,channel_g711_20db,eval
${DATA_ROOT}/clips/111627_bYPRSx2sjXooUdv8_0027.wav,bonafide,hi-en,111627,mucs2021,none,channel_g711_20db,eval
${DATA_ROOT}/clips/111627_bYPRSx2sjXooUdv8_0028.wav,bonafide,hi-en,111627,mucs2021,none,channel_g711_20db,eval
${DATA_ROOT}/clips/111627_bYPRSx2sjXooUdv8_0029.wav,bonafide,hi-en,111627,mucs2021,none,channel_g711_20db,eval
${DATA_ROOT}/clips/111627_bYPRSx2sjXooUdv8_0030.wav,bonafide,hi-en,111627,mucs2021,none,channel_g711_20db,eval
${DATA_ROOT}/clips/111627_bYPRSx2sjXooUdv8_0031.wav,bonafide,hi-en,111627,mucs2021,none,channel_g711_20db,eval
${DATA_ROOT}/clips/111627_bYPRSx2sjXooUdv8_0032.wav,bonafide,hi-en,111627,mucs2021,none,channel_g711_20db,eval
${DATA_ROOT}/clips/111627_bYPRSx2sjXooUdv8_0033.wav,bonafide,hi-en,111627,mucs2021,none,channel_g711_20db,eval
${DATA_ROOT}/clips/111627_bYPRSx2sjXooUdv8_0034.wav,bonafide,hi-en,111627,mucs2021,none,channel_g711_20db,eval
${DATA_ROOT}/clips/111627_bYPRSx2sjXooUdv8_0035.wav,bonafide,hi-en,111627,mucs2021,none,channel_g711_20db,eval
${DATA_ROOT}/clips/111627_bYPRSx2sjXooUdv8_0036.wav,bonafide,hi-en,111627,mucs2021,none,channel_g711_20db,eval
${DATA_ROOT}/clips/111627_bYPRSx2sjXooUdv8_0037.wav,bonafide,hi-en,111627,mucs2021,none,channel_g711_20db,eval
${DATA_ROOT}/clips/111627_bYPRSx2sjXooUdv8_0038.wav,bonafide,hi-en,111627,mucs2021,none,channel_g711_20db,eval
${DATA_ROOT}/clips/111627_bYPRSx2sjXooUdv8_0039.wav,bonafide,hi-en,111627,mucs2021,none,channel_g711_20db,eval
${DATA_ROOT}/clips/111627_bYPRSx2sjXooUdv8_0040.wav,bonafide,hi-en,111627,mucs2021,none,channel_g711_20db,eval
${DATA_ROOT}/clips/111627_bYPRSx2sjXooUdv8_0041.wav,bonafide,hi-en,111627,mucs2021,none,channel_g711_20db,eval
${DATA_ROOT}/clips/111627_bYPRSx2sjXooUdv8_0042.wav,bonafide,hi-en,111627,mucs2021,none,channel_g711_20db,eval
${DATA_ROOT}/clips/111627_bYPRSx2sjXooUdv8_0043.wav,bonafide,hi-en,111627,mucs2021,none,channel_g711_20db,eval
${DATA_ROOT}/clips/111627_bYPRSx2sjXooUdv8_0044.wav,bonafide,hi-en,111627,mucs2021,none,channel_g711_20db,eval
${DATA_ROOT}/clips/111627_bYPRSx2sjXooUdv8_0045.wav,bonafide,hi-en,111627,mucs2021,none,channel_g711_20db,eval
${DATA_ROOT}/clips/111627_bYPRSx2sjXooUdv8_0046.wav,bonafide,hi-en,111627,mucs2021,none,channel_g711_20db,eval
${DATA_ROOT}/clips/111627_bYPRSx2sjXooUdv8_0047.wav,bonafide,hi-en,111627,mucs2021,none,channel_g711_20db,eval
${DATA_ROOT}/clips/111627_bYPRSx2sjXooUdv8_0048.wav,bonafide,hi-en,111627,mucs2021,none,channel_g711_20db,eval
${DATA_ROOT}/clips/111627_bYPRSx2sjXooUdv8_0049.wav,bonafide,hi-en,111627,mucs2021,none,channel_g711_20db,eval
${DATA_ROOT}/clips/111627_bYPRSx2sjXooUdv8_0050.wav,bonafide,hi-en,111627,mucs2021,none,channel_g711_20db,eval
${DATA_ROOT}/clips/111627_bYPRSx2sjXooUdv8_0051.wav,bonafide,hi-en,111627,mucs2021,none,channel_g711_20db,eval
${DATA_ROOT}/clips/111627_bYPRSx2sjXooUdv8_0052.wav,bonafide,hi-en,111627,mucs2021,none,channel_g711_20db,eval
${DATA_ROOT}/clips/111627_bYPRSx2sjXooUdv8_0053.wav,bonafide,hi-en,111627,mucs2021,none,channel_g711_20db,eval
${DATA_ROOT}/clips/111627_bYPRSx2sjXooUdv8_0054.wav,bonafide,hi-en,111627,mucs2021,none,channel_g711_20db,eval
${DATA_ROOT}/clips/111627_bYPRSx2sjXooUdv8_0055.wav,bonafide,hi-en,111627,mucs2021,none,channel_g711_20db,eval
${DATA_ROOT}/clips/111627_bYPRSx2sjXooUdv8_0056.wav,bonafide,hi-en,111627,mucs2021,none,channel_g711_20db,eval
${DATA_ROOT}/clips/111627_bYPRSx2sjXooUdv8_0057.wav,bonafide,hi-en,111627,mucs2021,none,channel_g711_20db,eval
${DATA_ROOT}/clips/111627_bYPRSx2sjXooUdv8_0058.wav,bonafide,hi-en,111627,mucs2021,none,channel_g711_20db,eval
${DATA_ROOT}/clips/111627_bYPRSx2sjXooUdv8_0059.wav,bonafide,hi-en,111627,mucs2021,none,channel_g711_20db,eval
${DATA_ROOT}/clips/111627_bYPRSx2sjXooUdv8_0060.wav,bonafide,hi-en,111627,mucs2021,none,channel_g711_20db,eval
${DATA_ROOT}/clips/111627_bYPRSx2sjXooUdv8_0061.wav,bonafide,hi-en,111627,mucs2021,none,channel_g711_20db,eval
${DATA_ROOT}/clips/111627_bYPRSx2sjXooUdv8_0062.wav,bonafide,hi-en,111627,mucs2021,none,channel_g711_20db,eval
${DATA_ROOT}/clips/111627_bYPRSx2sjXooUdv8_0063.wav,bonafide,hi-en,111627,mucs2021,none,channel_g711_20db,eval
${DATA_ROOT}/clips/111627_bYPRSx2sjXooUdv8_0064.wav,bonafide,hi-en,111627,mucs2021,none,channel_g711_20db,eval
${DATA_ROOT}/clips/111627_bYPRSx2sjXooUdv8_0065.wav,bonafide,hi-en,111627,mucs2021,none,channel_g711_20db,eval
${DATA_ROOT}/clips/111627_bYPRSx2sjXooUdv8_0066.wav,bonafide,hi-en,111627,mucs2021,none,channel_g711_20db,eval
${DATA_ROOT}/clips/111627_bYPRSx2sjXooUdv8_0067.wav,bonafide,hi-en,111627,mucs2021,none,channel_g711_20db,eval
${DATA_ROOT}/clips/111627_bYPRSx2sjXooUdv8_0068.wav,bonafide,hi-en,111627,mucs2021,none,channel_g711_20db,eval
${DATA_ROOT}/clips/111627_bYPRSx2sjXooUdv8_0069.wav,bonafide,hi-en,111627,mucs2021,none,channel_g711_20db,eval
${DATA_ROOT}/clips/111627_bYPRSx2sjXooUdv8_0070.wav,bonafide,hi-en,111627,mucs2021,none,channel_g711_20db,eval
${DATA_ROOT}/clips/111627_bYPRSx2sjXooUdv8_0071.wav,bonafide,hi-en,111627,mucs2021,none,channel_g711_20db,eval
${DATA_ROOT}/clips/111627_bYPRSx2sjXooUdv8_0072.wav,bonafide,hi-en,111627,mucs2021,none,channel_g711_20db,eval
${DATA_ROOT}/clips/111627_bYPRSx2sjXooUdv8_0073.wav,bonafide,hi-en,111627,mucs2021,none,channel_g711_20db,eval
${DATA_ROOT}/clips/111627_bYPRSx2sjXooUdv8_0074.wav,bonafide,hi-en,111627,mucs2021,none,channel_g711_20db,eval
${DATA_ROOT}/clips/111627_bYPRSx2sjXooUdv8_0075.wav,bonafide,hi-en,111627,mucs2021,none,channel_g711_20db,eval
${DATA_ROOT}/clips/111627_bYPRSx2sjXooUdv8_0076.wav,bonafide,hi-en,111627,mucs2021,none,channel_g711_20db,eval
${DATA_ROOT}/clips/111627_bYPRSx2sjXooUdv8_0077.wav,bonafide,hi-en,111627,mucs2021,none,channel_g711_20db,eval
${DATA_ROOT}/clips/111627_bYPRSx2sjXooUdv8_0078.wav,bonafide,hi-en,111627,mucs2021,none,channel_g711_20db,eval
${DATA_ROOT}/clips/111627_bYPRSx2sjXooUdv8_0079.wav,bonafide,hi-en,111627,mucs2021,none,channel_g711_20db,eval
${DATA_ROOT}/clips/111627_bYPRSx2sjXooUdv8_0080.wav,bonafide,hi-en,111627,mucs2021,none,channel_g711_20db,eval
${DATA_ROOT}/clips/111627_bYPRSx2sjXooUdv8_0081.wav,bonafide,hi-en,111627,mucs2021,none,channel_g711_20db,eval
${DATA_ROOT}/clips/111627_bYPRSx2sjXooUdv8_0082.wav,bonafide,hi-en,111627,mucs2021,none,channel_g711_20db,eval
${DATA_ROOT}/clips/111627_bYPRSx2sjXooUdv8_0083.wav,bonafide,hi-en,111627,mucs2021,none,channel_g711_20db,eval
${DATA_ROOT}/clips/111627_bYPRSx2sjXooUdv8_0084.wav,bonafide,hi-en,111627,mucs2021,none,channel_g711_20db,eval
${DATA_ROOT}/clips/111627_bYPRSx2sjXooUdv8_0085.wav,bonafide,hi-en,111627,mucs2021,none,channel_g711_20db,eval
${DATA_ROOT}/clips/111627_bYPRSx2sjXooUdv8_0086.wav,bonafide,hi-en,111627,mucs2021,none,channel_g711_20db,eval
${DATA_ROOT}/clips/111627_bYPRSx2sjXooUdv8_0087.wav,bonafide,hi-en,111627,mucs2021,none,channel_g711_20db,eval
${DATA_ROOT}/clips/111627_bYPRSx2sjXooUdv8_0088.wav,bonafide,hi-en,111627,mucs2021,none,channel_g711_20db,eval
${DATA_ROOT}/clips/111627_bYPRSx2sjXooUdv8_0089.wav,bonafide,hi-en,111627,mucs2021,none,channel_g711_20db,eval
${DATA_ROOT}/clips/111627_bYPRSx2sjXooUdv8_0090.wav,bonafide,hi-en,111627,mucs2021,none,channel_g711_20db,eval
${DATA_ROOT}/clips/111627_bYPRSx2sjXooUdv8_0091.wav,bonafide,hi-en,111627,mucs2021,none,channel_g711_20db,eval
${DATA_ROOT}/clips/111627_bYPRSx2sjXooUdv8_0092.wav,bonafide,hi-en,111627,mucs2021,none,channel_g711_20db,eval
${DATA_ROOT}/clips/111627_bYPRSx2sjXooUdv8_0093.wav,bonafide,hi-en,111627,mucs2021,none,channel_g711_20db,eval
${DATA_ROOT}/clips/111627_bYPRSx2sjXooUdv8_0094.wav,bonafide,hi-en,111627,mucs2021,none,channel_g711_20db,eval
${DATA_ROOT}/clips/111627_bYPRSx2sjXooUdv8_0095.wav,bonafide,hi-en,111627,mucs2021,none,channel_g711_20db,eval
${DATA_ROOT}/clips/111627_bYPRSx2sjXooUdv8_0096.wav,bonafide,hi-en,111627,mucs2021,none,channel_g711_20db,eval
${DATA_ROOT}/clips/111627_bYPRSx2sjXooUdv8_0097.wav,bonafide,hi-en,111627,mucs2021,none,channel_g711_20db,eval
${DATA_ROOT}/clips/111627_bYPRSx2sjXooUdv8_0098.wav,bonafide,hi-en,111627,mucs2021,none,channel_g711_20db,eval
${DATA_ROOT}/clips/111627_bYPRSx2sjXooUdv8_0099.wav,bonafide,hi-en,111627,mucs2021,none,channel_g711_20db,eval
${DATA_ROOT}/clips/111627_bYPRSx2sjXooUdv8_0100.wav,bonafide,hi-en,111627,mucs2021,none,channel_g711_20db,eval
${DATA_ROOT}/clips/111627_bYPRSx2sjXooUdv8_0101.wav,bonafide,hi-en,111627,mucs2021,none,channel_g711_20db,eval
${DATA_ROOT}/clips/111627_bYPRSx2sjXooUdv8_0102.wav,bonafide,hi-en,111627,mucs2021,none,channel_g711_20db,eval
${DATA_ROOT}/clips/111627_bYPRSx2sjXooUdv8_0103.wav,bonafide,hi-en,111627,mucs2021,none,channel_g711_20db,eval
${DATA_ROOT}/clips/111627_bYPRSx2sjXooUdv8_0104.wav,bonafide,hi-en,111627,mucs2021,none,channel_g711_20db,eval
${DATA_ROOT}/clips/111627_bYPRSx2sjXooUdv8_0105.wav,bonafide,hi-en,111627,mucs2021,none,channel_g711_20db,eval
${DATA_ROOT}/clips/111627_bYPRSx2sjXooUdv8_0106.wav,bonafide,hi-en,111627,mucs2021,none,channel_g711_20db,eval
${DATA_ROOT}/clips/111627_bYPRSx2sjXooUdv8_0107.wav,bonafide,hi-en,111627,mucs2021,none,channel_g711_20db,eval
${DATA_ROOT}/clips/111627_bYPRSx2sjXooUdv8_0108.wav,bonafide,hi-en,111627,mucs2021,none,channel_g711_20db,eval
${DATA_ROOT}/clips/111627_bYPRSx2sjXooUdv8_0109.wav,bonafide,hi-en,111627,mucs2021,none,channel_g711_20db,eval
${DATA_ROOT}/clips/111627_bYPRSx2sjXooUdv8_0110.wav,bonafide,hi-en,111627,mucs2021,none,channel_g711_20db,eval
${DATA_ROOT}/clips/111627_bYPRSx2sjXooUdv8_0111.wav,bonafide,hi-en,111627,mucs2021,none,channel_g711_20db,eval
${DATA_ROOT}/clips/111627_bYPRSx2sjXooUdv8_0112.wav,bonafide,hi-en,111627,mucs2021,none,channel_g711_20db,eval
${DATA_ROOT}/clips/111627_bYPRSx2sjXooUdv8_0113.wav,bonafide,hi-en,111627,mucs2021,none,channel_g711_20db,eval
${DATA_ROOT}/clips/111627_bYPRSx2sjXooUdv8_0114.wav,bonafide,hi-en,111627,mucs2021,none,channel_g711_20db,eval
${DATA_ROOT}/clips/111627_bYPRSx2sjXooUdv8_0115.wav,bonafide,hi-en,111627,mucs2021,none,channel_g711_20db,eval
${DATA_ROOT}/clips/111627_bYPRSx2sjXooUdv8_0116.wav,bonafide,hi-en,111627,mucs2021,none,channel_g711_20db,eval
${DATA_ROOT}/clips/111627_bYPRSx2sjXooUdv8_0117.wav,bonafide,hi-en,111627,mucs2021,none,channel_g711_20db,eval
${DATA_ROOT}/clips/111627_bYPRSx2sjXooUdv8_0118.wav,bonafide,hi-en,111627,mucs2021,none,channel_g711_20db,eval
${DATA_ROOT}/clips/111627_bYPRSx2sjXooUdv8_0119.wav,bonafide,hi-en,111627,mucs2021,none,channel_g711_20db,eval
${DATA_ROOT}/clips/111627_bYPRSx2sjXooUdv8_0120.wav,bonafide,hi-en,111627,mucs2021,none,channel_g711_20db,eval
${DATA_ROOT}/clips/111627_bYPRSx2sjXooUdv8_0121.wav,bonafide,hi-en,111627,mucs2021,none,channel_g711_20db,eval
${DATA_ROOT}/clips/111627_bYPRSx2sjXooUdv8_0122.wav,bonafide,hi-en,111627,mucs2021,none,channel_g711_20db,eval
${DATA_ROOT}/clips/111627_bYPRSx2sjXooUdv8_0123.wav,bonafide,hi-en,111627,mucs2021,none,channel_g711_20db,eval
${DATA_ROOT}/clips/111627_bYPRSx2sjXooUdv8_0124.wav,bonafide,hi-en,111627,mucs2021,none,channel_g711_20db,eval
${DATA_ROOT}/clips/111627_bYPRSx2sjXooUdv8_0125.wav,bonafide,hi-en,111627,mucs2021,none,channel_g711_20db,eval
${DATA_ROOT}/clips/111627_bYPRSx2sjXooUdv8_0126.wav,bonafide,hi-en,111627,mucs2021,none,channel_g711_20db,eval
${DATA_ROOT}/clips/136325_9qNmHPrUpNLAykHf_0000.wav,bonafide,hi-en,136325,mucs2021,none,channel_g711_20db,eval
${DATA_ROOT}/clips/136325_9qNmHPrUpNLAykHf_0001.wav,bonafide,hi-en,136325,mucs2021,none,channel_g711_20db,eval
${DATA_ROOT}/clips/136325_9qNmHPrUpNLAykHf_0002.wav,bonafide,hi-en,136325,mucs2021,none,channel_g711_20db,eval
${DATA_ROOT}/clips/136325_9qNmHPrUpNLAykHf_0003.wav,bonafide,hi-en,136325,mucs2021,none,channel_g711_20db,eval
${DATA_ROOT}/clips/136325_9qNmHPrUpNLAykHf_0004.wav,bonafide,hi-en,136325,mucs2021,none,channel_g711_20db,eval
${DATA_ROOT}/clips/136325_9qNmHPrUpNLAykHf_0005.wav,bonafide,hi-en,136325,mucs2021,none,channel_g711_20db,eval
${DATA_ROOT}/clips/136325_9qNmHPrUpNLAykHf_0006.wav,bonafide,hi-en,136325,mucs2021,none,channel_g711_20db,eval
${DATA_ROOT}/clips/136325_9qNmHPrUpNLAykHf_0007.wav,bonafide,hi-en,136325,mucs2021,none,channel_g711_20db,eval
${DATA_ROOT}/clips/136325_9qNmHPrUpNLAykHf_0008.wav,bonafide,hi-en,136325,mucs2021,none,channel_g711_20db,eval
${DATA_ROOT}/clips/136325_9qNmHPrUpNLAykHf_0009.wav,bonafide,hi-en,136325,mucs2021,none,channel_g711_20db,eval
${DATA_ROOT}/clips/136325_9qNmHPrUpNLAykHf_0010.wav,bonafide,hi-en,136325,mucs2021,none,channel_g711_20db,eval
${DATA_ROOT}/clips/136325_9qNmHPrUpNLAykHf_0011.wav,bonafide,hi-en,136325,mucs2021,none,channel_g711_20db,eval
${DATA_ROOT}/clips/136325_9qNmHPrUpNLAykHf_0012.wav,bonafide,hi-en,136325,mucs2021,none,channel_g711_20db,eval
${DATA_ROOT}/clips/136325_9qNmHPrUpNLAykHf_0013.wav,bonafide,hi-en,136325,mucs2021,none,channel_g711_20db,eval
${DATA_ROOT}/clips/136325_9qNmHPrUpNLAykHf_0014.wav,bonafide,hi-en,136325,mucs2021,none,channel_g711_20db,eval
${DATA_ROOT}/clips/136325_9qNmHPrUpNLAykHf_0015.wav,bonafide,hi-en,136325,mucs2021,none,channel_g711_20db,eval
${DATA_ROOT}/clips/136325_9qNmHPrUpNLAykHf_0016.wav,bonafide,hi-en,136325,mucs2021,none,channel_g711_20db,eval
${DATA_ROOT}/clips/136325_9qNmHPrUpNLAykHf_0017.wav,bonafide,hi-en,136325,mucs2021,none,channel_g711_20db,eval
${DATA_ROOT}/clips/136325_9qNmHPrUpNLAykHf_0018.wav,bonafide,hi-en,136325,mucs2021,none,channel_g711_20db,eval
${DATA_ROOT}/clips/136325_9qNmHPrUpNLAykHf_0019.wav,bonafide,hi-en,136325,mucs2021,none,channel_g711_20db,eval
${DATA_ROOT}/clips/136325_9qNmHPrUpNLAykHf_0020.wav,bonafide,hi-en,136325,mucs2021,none,channel_g711_20db,eval
${DATA_ROOT}/clips/136325_9qNmHPrUpNLAykHf_0021.wav,bonafide,hi-en,136325,mucs2021,none,channel_g711_20db,eval
${DATA_ROOT}/clips/136325_9qNmHPrUpNLAykHf_0022.wav,bonafide,hi-en,136325,mucs2021,none,channel_g711_20db,eval
${DATA_ROOT}/clips/136325_9qNmHPrUpNLAykHf_0023.wav,bonafide,hi-en,136325,mucs2021,none,channel_g711_20db,eval
${DATA_ROOT}/clips/136325_9qNmHPrUpNLAykHf_0024.wav,bonafide,hi-en,136325,mucs2021,none,channel_g711_20db,eval
${DATA_ROOT}/clips/136325_9qNmHPrUpNLAykHf_0025.wav,bonafide,hi-en,136325,mucs2021,none,channel_g711_20db,eval
${DATA_ROOT}/clips/136325_9qNmHPrUpNLAykHf_0026.wav,bonafide,hi-en,136325,mucs2021,none,channel_g711_20db,eval
${DATA_ROOT}/clips/136325_9qNmHPrUpNLAykHf_0027.wav,bonafide,hi-en,136325,mucs2021,none,channel_g711_20db,eval
${DATA_ROOT}/clips/136325_9qNmHPrUpNLAykHf_0028.wav,bonafide,hi-en,136325,mucs2021,none,channel_g711_20db,eval
${DATA_ROOT}/clips/136325_9qNmHPrUpNLAykHf_0029.wav,bonafide,hi-en,136325,mucs2021,none,channel_g711_20db,eval
${DATA_ROOT}/clips/136325_9qNmHPrUpNLAykHf_0030.wav,bonafide,hi-en,136325,mucs2021,none,channel_g711_20db,eval
${DATA_ROOT}/clips/136325_9qNmHPrUpNLAykHf_0031.wav,bonafide,hi-en,136325,mucs2021,none,channel_g711_20db,eval
${DATA_ROOT}/clips/136325_9qNmHPrUpNLAykHf_0032.wav,bonafide,hi-en,136325,mucs2021,none,channel_g711_20db,eval
${DATA_ROOT}/clips/136325_9qNmHPrUpNLAykHf_0033.wav,bonafide,hi-en,136325,mucs2021,none,channel_g711_20db,eval
${DATA_ROOT}/clips/136325_9qNmHPrUpNLAykHf_0034.wav,bonafide,hi-en,136325,mucs2021,none,channel_g711_20db,eval
${DATA_ROOT}/clips/136325_9qNmHPrUpNLAykHf_0035.wav,bonafide,hi-en,136325,mucs2021,none,channel_g711_20db,eval
${DATA_ROOT}/clips/136325_9qNmHPrUpNLAykHf_0036.wav,bonafide,hi-en,136325,mucs2021,none,channel_g711_20db,eval
${DATA_ROOT}/clips/136325_9qNmHPrUpNLAykHf_0037.wav,bonafide,hi-en,136325,mucs2021,none,channel_g711_20db,eval
${DATA_ROOT}/clips/136325_9qNmHPrUpNLAykHf_0038.wav,bonafide,hi-en,136325,mucs2021,none,channel_g711_20db,eval
${DATA_ROOT}/clips/136325_9qNmHPrUpNLAykHf_0039.wav,bonafide,hi-en,136325,mucs2021,none,channel_g711_20db,eval
${DATA_ROOT}/clips/136325_9qNmHPrUpNLAykHf_0040.wav,bonafide,hi-en,136325,mucs2021,none,channel_g711_20db,eval
${DATA_ROOT}/clips/136325_9qNmHPrUpNLAykHf_0041.wav,bonafide,hi-en,136325,mucs2021,none,channel_g711_20db,eval
${DATA_ROOT}/clips/136325_9qNmHPrUpNLAykHf_0042.wav,bonafide,hi-en,136325,mucs2021,none,channel_g711_20db,eval
${DATA_ROOT}/clips/136325_9qNmHPrUpNLAykHf_0043.wav,bonafide,hi-en,136325,mucs2021,none,channel_g711_20db,eval
${DATA_ROOT}/clips/136325_9qNmHPrUpNLAykHf_0044.wav,bonafide,hi-en,136325,mucs2021,none,channel_g711_20db,eval
${DATA_ROOT}/clips/136325_9qNmHPrUpNLAykHf_0045.wav,bonafide,hi-en,136325,mucs2021,none,channel_g711_20db,eval
${DATA_ROOT}/clips/136325_9qNmHPrUpNLAykHf_0046.wav,bonafide,hi-en,136325,mucs2021,none,channel_g711_20db,eval
${DATA_ROOT}/clips/136325_9qNmHPrUpNLAykHf_0047.wav,bonafide,hi-en,136325,mucs2021,none,channel_g711_20db,eval
${DATA_ROOT}/clips/136325_9qNmHPrUpNLAykHf_0048.wav,bonafide,hi-en,136325,mucs2021,none,channel_g711_20db,eval
${DATA_ROOT}/clips/136325_9qNmHPrUpNLAykHf_0049.wav,bonafide,hi-en,136325,mucs2021,none,channel_g711_20db,eval
${DATA_ROOT}/clips/136325_9qNmHPrUpNLAykHf_0050.wav,bonafide,hi-en,136325,mucs2021,none,channel_g711_20db,eval
${DATA_ROOT}/clips/136325_9qNmHPrUpNLAykHf_0051.wav,bonafide,hi-en,136325,mucs2021,none,channel_g711_20db,eval
${DATA_ROOT}/clips/136325_9qNmHPrUpNLAykHf_0052.wav,bonafide,hi-en,136325,mucs2021,none,channel_g711_20db,eval
${DATA_ROOT}/clips/136325_9qNmHPrUpNLAykHf_0053.wav,bonafide,hi-en,136325,mucs2021,none,channel_g711_20db,eval
${DATA_ROOT}/clips/136325_9qNmHPrUpNLAykHf_0054.wav,bonafide,hi-en,136325,mucs2021,none,channel_g711_20db,eval
${DATA_ROOT}/clips/136325_9qNmHPrUpNLAykHf_0055.wav,bonafide,hi-en,136325,mucs2021,none,channel_g711_20db,eval
${DATA_ROOT}/clips/136325_9qNmHPrUpNLAykHf_0056.wav,bonafide,hi-en,136325,mucs2021,none,channel_g711_20db,eval
${DATA_ROOT}/clips/136325_9qNmHPrUpNLAykHf_0057.wav,bonafide,hi-en,136325,mucs2021,none,channel_g711_20db,eval
${DATA_ROOT}/clips/136325_9qNmHPrUpNLAykHf_0058.wav,bonafide,hi-en,136325,mucs2021,none,channel_g711_20db,eval
${DATA_ROOT}/clips/136325_9qNmHPrUpNLAykHf_0059.wav,bonafide,hi-en,136325,mucs2021,none,channel_g711_20db,eval
${DATA_ROOT}/clips/136325_9qNmHPrUpNLAykHf_0060.wav,bonafide,hi-en,136325,mucs2021,none,channel_g711_20db,eval
${DATA_ROOT}/clips/136325_9qNmHPrUpNLAykHf_0061.wav,bonafide,hi-en,136325,mucs2021,none,channel_g711_20db,eval
${DATA_ROOT}/clips/136325_9qNmHPrUpNLAykHf_0062.wav,bonafide,hi-en,136325,mucs2021,none,channel_g711_20db,eval
${DATA_ROOT}/clips/136325_9qNmHPrUpNLAykHf_0063.wav,bonafide,hi-en,136325,mucs2021,none,channel_g711_20db,eval
${DATA_ROOT}/clips/136325_9qNmHPrUpNLAykHf_0064.wav,bonafide,hi-en,136325,mucs2021,none,channel_g711_20db,eval
${DATA_ROOT}/clips/136325_9qNmHPrUpNLAykHf_0065.wav,bonafide,hi-en,136325,mucs2021,none,channel_g711_20db,eval
${DATA_ROOT}/clips/136325_9qNmHPrUpNLAykHf_0066.wav,bonafide,hi-en,136325,mucs2021,none,channel_g711_20db,eval
${DATA_ROOT}/clips/136325_9qNmHPrUpNLAykHf_0067.wav,bonafide,hi-en,136325,mucs2021,none,channel_g711_20db,eval
${DATA_ROOT}/clips/136325_9qNmHPrUpNLAykHf_0068.wav,bonafide,hi-en,136325,mucs2021,none,channel_g711_20db,eval
${DATA_ROOT}/clips/136325_9qNmHPrUpNLAykHf_0069.wav,bonafide,hi-en,136325,mucs2021,none,channel_g711_20db,eval
${DATA_ROOT}/clips/136325_9qNmHPrUpNLAykHf_0070.wav,bonafide,hi-en,136325,mucs2021,none,channel_g711_20db,eval
${DATA_ROOT}/clips/136325_9qNmHPrUpNLAykHf_0071.wav,bonafide,hi-en,136325,mucs2021,none,channel_g711_20db,eval
${DATA_ROOT}/clips/136325_9qNmHPrUpNLAykHf_0072.wav,bonafide,hi-en,136325,mucs2021,none,channel_g711_20db,eval
${DATA_ROOT}/clips/136325_9qNmHPrUpNLAykHf_0073.wav,bonafide,hi-en,136325,mucs2021,none,channel_g711_20db,eval
${DATA_ROOT}/clips/136325_9qNmHPrUpNLAykHf_0074.wav,bonafide,hi-en,136325,mucs2021,none,channel_g711_20db,eval
${DATA_ROOT}/clips/136325_9qNmHPrUpNLAykHf_0075.wav,bonafide,hi-en,136325,mucs2021,none,channel_g711_20db,eval
${DATA_ROOT}/clips/136325_9qNmHPrUpNLAykHf_0076.wav,bonafide,hi-en,136325,mucs2021,none,channel_g711_20db,eval
${DATA_ROOT}/clips/136325_9qNmHPrUpNLAykHf_0077.wav,bonafide,hi-en,136325,mucs2021,none,channel_g711_20db,eval
${DATA_ROOT}/clips/136325_9qNmHPrUpNLAykHf_0078.wav,bonafide,hi-en,136325,mucs2021,none,channel_g711_20db,eval
${DATA_ROOT}/clips/136325_9qNmHPrUpNLAykHf_0079.wav,bonafide,hi-en,136325,mucs2021,none,channel_g711_20db,eval
${DATA_ROOT}/clips/136325_9qNmHPrUpNLAykHf_0080.wav,bonafide,hi-en,136325,mucs2021,none,channel_g711_20db,eval
${DATA_ROOT}/clips/136325_9qNmHPrUpNLAykHf_0081.wav,bonafide,hi-en,136325,mucs2021,none,channel_g711_20db,eval
${DATA_ROOT}/clips/136325_9qNmHPrUpNLAykHf_0082.wav,bonafide,hi-en,136325,mucs2021,none,channel_g711_20db,eval
${DATA_ROOT}/clips/136325_9qNmHPrUpNLAykHf_0083.wav,bonafide,hi-en,136325,mucs2021,none,channel_g711_20db,eval
${DATA_ROOT}/clips/136325_9qNmHPrUpNLAykHf_0084.wav,bonafide,hi-en,136325,mucs2021,none,channel_g711_20db,eval
${DATA_ROOT}/clips/136325_9qNmHPrUpNLAykHf_0085.wav,bonafide,hi-en,136325,mucs2021,none,channel_g711_20db,eval
${DATA_ROOT}/clips/136325_9qNmHPrUpNLAykHf_0086.wav,bonafide,hi-en,136325,mucs2021,none,channel_g711_20db,eval
${DATA_ROOT}/clips/136325_9qNmHPrUpNLAykHf_0087.wav,bonafide,hi-en,136325,mucs2021,none,channel_g711_20db,eval
${DATA_ROOT}/clips/136325_9qNmHPrUpNLAykHf_0088.wav,bonafide,hi-en,136325,mucs2021,none,channel_g711_20db,eval
${DATA_ROOT}/clips/136325_9qNmHPrUpNLAykHf_0089.wav,bonafide,hi-en,136325,mucs2021,none,channel_g711_20db,eval
${DATA_ROOT}/clips/136325_9qNmHPrUpNLAykHf_0090.wav,bonafide,hi-en,136325,mucs2021,none,channel_g711_20db,eval
${DATA_ROOT}/clips/136325_9qNmHPrUpNLAykHf_0091.wav,bonafide,hi-en,136325,mucs2021,none,channel_g711_20db,eval
${DATA_ROOT}/clips/136325_9qNmHPrUpNLAykHf_0092.wav,bonafide,hi-en,136325,mucs2021,none,channel_g711_20db,eval
${DATA_ROOT}/clips/136325_9qNmHPrUpNLAykHf_0093.wav,bonafide,hi-en,136325,mucs2021,none,channel_g711_20db,eval
${DATA_ROOT}/clips/136325_9qNmHPrUpNLAykHf_0094.wav,bonafide,hi-en,136325,mucs2021,none,channel_g711_20db,eval
${DATA_ROOT}/clips/136325_9qNmHPrUpNLAykHf_0095.wav,bonafide,hi-en,136325,mucs2021,none,channel_g711_20db,eval
${DATA_ROOT}/clips/136325_9qNmHPrUpNLAykHf_0096.wav,bonafide,hi-en,136325,mucs2021,none,channel_g711_20db,eval
${DATA_ROOT}/clips/136325_9qNmHPrUpNLAykHf_0097.wav,bonafide,hi-en,136325,mucs2021,none,channel_g711_20db,eval
${DATA_ROOT}/clips/136325_9qNmHPrUpNLAykHf_0098.wav,bonafide,hi-en,136325,mucs2021,none,channel_g711_20db,eval
${DATA_ROOT}/clips/136325_9qNmHPrUpNLAykHf_0099.wav,bonafide,hi-en,136325,mucs2021,none,channel_g711_20db,eval
${DATA_ROOT}/clips/136325_9qNmHPrUpNLAykHf_0100.wav,bonafide,hi-en,136325,mucs2021,none,channel_g711_20db,eval
${DATA_ROOT}/clips/136325_9qNmHPrUpNLAykHf_0101.wav,bonafide,hi-en,136325,mucs2021,none,channel_g711_20db,eval
${DATA_ROOT}/clips/165325_4r0Tic1Kpymq5vvC_0000.wav,bonafide,hi-en,165325,mucs2021,none,channel_g711_20db,eval
${DATA_ROOT}/clips/165325_4r0Tic1Kpymq5vvC_0001.wav,bonafide,hi-en,165325,mucs2021,none,channel_g711_20db,eval
${DATA_ROOT}/clips/165325_4r0Tic1Kpymq5vvC_0002.wav,bonafide,hi-en,165325,mucs2021,none,channel_g711_20db,eval
${DATA_ROOT}/clips/165325_4r0Tic1Kpymq5vvC_0003.wav,bonafide,hi-en,165325,mucs2021,none,channel_g711_20db,eval
${DATA_ROOT}/clips/165325_4r0Tic1Kpymq5vvC_0004.wav,bonafide,hi-en,165325,mucs2021,none,channel_g711_20db,eval
${DATA_ROOT}/clips/165325_4r0Tic1Kpymq5vvC_0005.wav,bonafide,hi-en,165325,mucs2021,none,channel_g711_20db,eval
${DATA_ROOT}/clips/165325_4r0Tic1Kpymq5vvC_0006.wav,bonafide,hi-en,165325,mucs2021,none,channel_g711_20db,eval
${DATA_ROOT}/clips/165325_4r0Tic1Kpymq5vvC_0007.wav,bonafide,hi-en,165325,mucs2021,none,channel_g711_20db,eval
${DATA_ROOT}/clips/165325_4r0Tic1Kpymq5vvC_0008.wav,bonafide,hi-en,165325,mucs2021,none,channel_g711_20db,eval
${DATA_ROOT}/clips/165325_4r0Tic1Kpymq5vvC_0009.wav,bonafide,hi-en,165325,mucs2021,none,channel_g711_20db,eval
${DATA_ROOT}/clips/165325_4r0Tic1Kpymq5vvC_0010.wav,bonafide,hi-en,165325,mucs2021,none,channel_g711_20db,eval
${DATA_ROOT}/clips/165325_4r0Tic1Kpymq5vvC_0011.wav,bonafide,hi-en,165325,mucs2021,none,channel_g711_20db,eval
${DATA_ROOT}/clips/165325_4r0Tic1Kpymq5vvC_0012.wav,bonafide,hi-en,165325,mucs2021,none,channel_g711_20db,eval
${DATA_ROOT}/clips/165325_4r0Tic1Kpymq5vvC_0013.wav,bonafide,hi-en,165325,mucs2021,none,channel_g711_20db,eval
${DATA_ROOT}/clips/165325_4r0Tic1Kpymq5vvC_0014.wav,bonafide,hi-en,165325,mucs2021,none,channel_g711_20db,eval
${DATA_ROOT}/clips/165325_4r0Tic1Kpymq5vvC_0015.wav,bonafide,hi-en,165325,mucs2021,none,channel_g711_20db,eval
${DATA_ROOT}/clips/165325_4r0Tic1Kpymq5vvC_0016.wav,bonafide,hi-en,165325,mucs2021,none,channel_g711_20db,eval
${DATA_ROOT}/clips/165325_4r0Tic1Kpymq5vvC_0017.wav,bonafide,hi-en,165325,mucs2021,none,channel_g711_20db,eval
${DATA_ROOT}/clips/165325_4r0Tic1Kpymq5vvC_0018.wav,bonafide,hi-en,165325,mucs2021,none,channel_g711_20db,eval
${DATA_ROOT}/clips/165325_4r0Tic1Kpymq5vvC_0019.wav,bonafide,hi-en,165325,mucs2021,none,channel_g711_20db,eval
${DATA_ROOT}/clips/165325_4r0Tic1Kpymq5vvC_0020.wav,bonafide,hi-en,165325,mucs2021,none,channel_g711_20db,eval
${DATA_ROOT}/clips/165325_4r0Tic1Kpymq5vvC_0021.wav,bonafide,hi-en,165325,mucs2021,none,channel_g711_20db,eval
${DATA_ROOT}/clips/165325_4r0Tic1Kpymq5vvC_0022.wav,bonafide,hi-en,165325,mucs2021,none,channel_g711_20db,eval
${DATA_ROOT}/clips/165325_4r0Tic1Kpymq5vvC_0023.wav,bonafide,hi-en,165325,mucs2021,none,channel_g711_20db,eval
${DATA_ROOT}/clips/165325_4r0Tic1Kpymq5vvC_0024.wav,bonafide,hi-en,165325,mucs2021,none,channel_g711_20db,eval
${DATA_ROOT}/clips/165325_4r0Tic1Kpymq5vvC_0025.wav,bonafide,hi-en,165325,mucs2021,none,channel_g711_20db,eval
${DATA_ROOT}/clips/165325_4r0Tic1Kpymq5vvC_0026.wav,bonafide,hi-en,165325,mucs2021,none,channel_g711_20db,eval
${DATA_ROOT}/clips/165325_4r0Tic1Kpymq5vvC_0027.wav,bonafide,hi-en,165325,mucs2021,none,channel_g711_20db,eval
${DATA_ROOT}/clips/165325_4r0Tic1Kpymq5vvC_0028.wav,bonafide,hi-en,165325,mucs2021,none,channel_g711_20db,eval
${DATA_ROOT}/clips/165325_4r0Tic1Kpymq5vvC_0029.wav,bonafide,hi-en,165325,mucs2021,none,channel_g711_20db,eval
${DATA_ROOT}/clips/165325_4r0Tic1Kpymq5vvC_0030.wav,bonafide,hi-en,165325,mucs2021,none,channel_g711_20db,eval
${DATA_ROOT}/clips/165325_4r0Tic1Kpymq5vvC_0031.wav,bonafide,hi-en,165325,mucs2021,none,channel_g711_20db,eval
${DATA_ROOT}/clips/165325_4r0Tic1Kpymq5vvC_0032.wav,bonafide,hi-en,165325,mucs2021,none,channel_g711_20db,eval
${DATA_ROOT}/clips/165325_4r0Tic1Kpymq5vvC_0033.wav,bonafide,hi-en,165325,mucs2021,none,channel_g711_20db,eval
${DATA_ROOT}/clips/165325_4r0Tic1Kpymq5vvC_0034.wav,bonafide,hi-en,165325,mucs2021,none,channel_g711_20db,eval
${DATA_ROOT}/clips/165325_4r0Tic1Kpymq5vvC_0035.wav,bonafide,hi-en,165325,mucs2021,none,channel_g711_20db,eval
${DATA_ROOT}/clips/165325_4r0Tic1Kpymq5vvC_0036.wav,bonafide,hi-en,165325,mucs2021,none,channel_g711_20db,eval
${DATA_ROOT}/clips/165325_4r0Tic1Kpymq5vvC_0037.wav,bonafide,hi-en,165325,mucs2021,none,channel_g711_20db,eval
${DATA_ROOT}/clips/165325_4r0Tic1Kpymq5vvC_0038.wav,bonafide,hi-en,165325,mucs2021,none,channel_g711_20db,eval
${DATA_ROOT}/clips/165325_4r0Tic1Kpymq5vvC_0039.wav,bonafide,hi-en,165325,mucs2021,none,channel_g711_20db,eval
${DATA_ROOT}/clips/165325_4r0Tic1Kpymq5vvC_0040.wav,bonafide,hi-en,165325,mucs2021,none,channel_g711_20db,eval
${DATA_ROOT}/clips/165325_4r0Tic1Kpymq5vvC_0041.wav,bonafide,hi-en,165325,mucs2021,none,channel_g711_20db,eval
${DATA_ROOT}/clips/165325_4r0Tic1Kpymq5vvC_0042.wav,bonafide,hi-en,165325,mucs2021,none,channel_g711_20db,eval
${DATA_ROOT}/clips/165325_4r0Tic1Kpymq5vvC_0043.wav,bonafide,hi-en,165325,mucs2021,none,channel_g711_20db,eval
${DATA_ROOT}/clips/165325_4r0Tic1Kpymq5vvC_0044.wav,bonafide,hi-en,165325,mucs2021,none,channel_g711_20db,eval
${DATA_ROOT}/clips/165325_4r0Tic1Kpymq5vvC_0045.wav,bonafide,hi-en,165325,mucs2021,none,channel_g711_20db,eval
${DATA_ROOT}/clips/165325_4r0Tic1Kpymq5vvC_0046.wav,bonafide,hi-en,165325,mucs2021,none,channel_g711_20db,eval
${DATA_ROOT}/clips/165325_4r0Tic1Kpymq5vvC_0047.wav,bonafide,hi-en,165325,mucs2021,none,channel_g711_20db,eval
${DATA_ROOT}/clips/165325_4r0Tic1Kpymq5vvC_0048.wav,bonafide,hi-en,165325,mucs2021,none,channel_g711_20db,eval
${DATA_ROOT}/clips/165325_4r0Tic1Kpymq5vvC_0049.wav,bonafide,hi-en,165325,mucs2021,none,channel_g711_20db,eval
${DATA_ROOT}/clips/165325_4r0Tic1Kpymq5vvC_0050.wav,bonafide,hi-en,165325,mucs2021,none,channel_g711_20db,eval
${DATA_ROOT}/clips/165325_4r0Tic1Kpymq5vvC_0051.wav,bonafide,hi-en,165325,mucs2021,none,channel_g711_20db,eval
${DATA_ROOT}/clips/165325_4r0Tic1Kpymq5vvC_0052.wav,bonafide,hi-en,165325,mucs2021,none,channel_g711_20db,eval
${DATA_ROOT}/clips/165325_4r0Tic1Kpymq5vvC_0053.wav,bonafide,hi-en,165325,mucs2021,none,channel_g711_20db,eval
${DATA_ROOT}/clips/165325_4r0Tic1Kpymq5vvC_0054.wav,bonafide,hi-en,165325,mucs2021,none,channel_g711_20db,eval
${DATA_ROOT}/clips/165325_4r0Tic1Kpymq5vvC_0055.wav,bonafide,hi-en,165325,mucs2021,none,channel_g711_20db,eval
${DATA_ROOT}/clips/165325_4r0Tic1Kpymq5vvC_0056.wav,bonafide,hi-en,165325,mucs2021,none,channel_g711_20db,eval
${DATA_ROOT}/clips/165325_4r0Tic1Kpymq5vvC_0057.wav,bonafide,hi-en,165325,mucs2021,none,channel_g711_20db,eval
${DATA_ROOT}/clips/165325_4r0Tic1Kpymq5vvC_0058.wav,bonafide,hi-en,165325,mucs2021,none,channel_g711_20db,eval
${DATA_ROOT}/clips/165325_4r0Tic1Kpymq5vvC_0059.wav,bonafide,hi-en,165325,mucs2021,none,channel_g711_20db,eval
${DATA_ROOT}/clips/165325_4r0Tic1Kpymq5vvC_0060.wav,bonafide,hi-en,165325,mucs2021,none,channel_g711_20db,eval
${DATA_ROOT}/clips/165325_4r0Tic1Kpymq5vvC_0061.wav,bonafide,hi-en,165325,mucs2021,none,channel_g711_20db,eval
${DATA_ROOT}/clips/165325_4r0Tic1Kpymq5vvC_0062.wav,bonafide,hi-en,165325,mucs2021,none,channel_g711_20db,eval
${DATA_ROOT}/clips/165325_4r0Tic1Kpymq5vvC_0063.wav,bonafide,hi-en,165325,mucs2021,none,channel_g711_20db,eval
${DATA_ROOT}/clips/165325_4r0Tic1Kpymq5vvC_0064.wav,bonafide,hi-en,165325,mucs2021,none,channel_g711_20db,eval
${DATA_ROOT}/clips/165325_4r0Tic1Kpymq5vvC_0065.wav,bonafide,hi-en,165325,mucs2021,none,channel_g711_20db,eval
${DATA_ROOT}/clips/165325_4r0Tic1Kpymq5vvC_0066.wav,bonafide,hi-en,165325,mucs2021,none,channel_g711_20db,eval
${DATA_ROOT}/clips/165325_4r0Tic1Kpymq5vvC_0067.wav,bonafide,hi-en,165325,mucs2021,none,channel_g711_20db,eval
${DATA_ROOT}/clips/165325_4r0Tic1Kpymq5vvC_0068.wav,bonafide,hi-en,165325,mucs2021,none,channel_g711_20db,eval
${DATA_ROOT}/clips/165325_4r0Tic1Kpymq5vvC_0069.wav,bonafide,hi-en,165325,mucs2021,none,channel_g711_20db,eval
${DATA_ROOT}/clips/165325_4r0Tic1Kpymq5vvC_0070.wav,bonafide,hi-en,165325,mucs2021,none,channel_g711_20db,eval
${DATA_ROOT}/clips/165325_4r0Tic1Kpymq5vvC_0071.wav,bonafide,hi-en,165325,mucs2021,none,channel_g711_20db,eval
${DATA_ROOT}/clips/165325_4r0Tic1Kpymq5vvC_0072.wav,bonafide,hi-en,165325,mucs2021,none,channel_g711_20db,eval
${DATA_ROOT}/clips/165325_4r0Tic1Kpymq5vvC_0073.wav,bonafide,hi-en,165325,mucs2021,none,channel_g711_20db,eval
${DATA_ROOT}/clips/165325_4r0Tic1Kpymq5vvC_0074.wav,bonafide,hi-en,165325,mucs2021,none,channel_g711_20db,eval
${DATA_ROOT}/clips/165325_4r0Tic1Kpymq5vvC_0075.wav,bonafide,hi-en,165325,mucs2021,none,channel_g711_20db,eval
${DATA_ROOT}/clips/165325_4r0Tic1Kpymq5vvC_0076.wav,bonafide,hi-en,165325,mucs2021,none,channel_g711_20db,eval
${DATA_ROOT}/clips/165325_4r0Tic1Kpymq5vvC_0077.wav,bonafide,hi-en,165325,mucs2021,none,channel_g711_20db,eval
${DATA_ROOT}/clips/232748_sKqPXTyNgbuqBiCf_0000.wav,bonafide,hi-en,232748,mucs2021,none,channel_g711_20db,eval
${DATA_ROOT}/clips/232748_sKqPXTyNgbuqBiCf_0001.wav,bonafide,hi-en,232748,mucs2021,none,channel_g711_20db,eval
${DATA_ROOT}/clips/232748_sKqPXTyNgbuqBiCf_0002.wav,bonafide,hi-en,232748,mucs2021,none,channel_g711_20db,eval
${DATA_ROOT}/clips/232748_sKqPXTyNgbuqBiCf_0003.wav,bonafide,hi-en,232748,mucs2021,none,channel_g711_20db,eval
${DATA_ROOT}/clips/232748_sKqPXTyNgbuqBiCf_0004.wav,bonafide,hi-en,232748,mucs2021,none,channel_g711_20db,eval
${DATA_ROOT}/clips/232748_sKqPXTyNgbuqBiCf_0005.wav,bonafide,hi-en,232748,mucs2021,none,channel_g711_20db,eval
${DATA_ROOT}/clips/232748_sKqPXTyNgbuqBiCf_0006.wav,bonafide,hi-en,232748,mucs2021,none,channel_g711_20db,eval
${DATA_ROOT}/clips/232748_sKqPXTyNgbuqBiCf_0007.wav,bonafide,hi-en,232748,mucs2021,none,channel_g711_20db,eval
${DATA_ROOT}/clips/232748_sKqPXTyNgbuqBiCf_0008.wav,bonafide,hi-en,232748,mucs2021,none,channel_g711_20db,eval
${DATA_ROOT}/clips/232748_sKqPXTyNgbuqBiCf_0009.wav,bonafide,hi-en,232748,mucs2021,none,channel_g711_20db,eval
${DATA_ROOT}/clips/232748_sKqPXTyNgbuqBiCf_0010.wav,bonafide,hi-en,232748,mucs2021,none,channel_g711_20db,eval
${DATA_ROOT}/clips/232748_sKqPXTyNgbuqBiCf_0011.wav,bonafide,hi-en,232748,mucs2021,none,channel_g711_20db,eval
${DATA_ROOT}/clips/232748_sKqPXTyNgbuqBiCf_0012.wav,bonafide,hi-en,232748,mucs2021,none,channel_g711_20db,eval
${DATA_ROOT}/clips/232748_sKqPXTyNgbuqBiCf_0013.wav,bonafide,hi-en,232748,mucs2021,none,channel_g711_20db,eval
${DATA_ROOT}/clips/232748_sKqPXTyNgbuqBiCf_0014.wav,bonafide,hi-en,232748,mucs2021,none,channel_g711_20db,eval
${DATA_ROOT}/clips/232748_sKqPXTyNgbuqBiCf_0015.wav,bonafide,hi-en,232748,mucs2021,none,channel_g711_20db,eval
${DATA_ROOT}/clips/232748_sKqPXTyNgbuqBiCf_0016.wav,bonafide,hi-en,232748,mucs2021,none,channel_g711_20db,eval
${DATA_ROOT}/clips/232748_sKqPXTyNgbuqBiCf_0017.wav,bonafide,hi-en,232748,mucs2021,none,channel_g711_20db,eval
${DATA_ROOT}/clips/232748_sKqPXTyNgbuqBiCf_0018.wav,bonafide,hi-en,232748,mucs2021,none,channel_g711_20db,eval
${DATA_ROOT}/clips/232748_sKqPXTyNgbuqBiCf_0019.wav,bonafide,hi-en,232748,mucs2021,none,channel_g711_20db,eval
${DATA_ROOT}/clips/232748_sKqPXTyNgbuqBiCf_0020.wav,bonafide,hi-en,232748,mucs2021,none,channel_g711_20db,eval
${DATA_ROOT}/clips/232748_sKqPXTyNgbuqBiCf_0021.wav,bonafide,hi-en,232748,mucs2021,none,channel_g711_20db,eval
${DATA_ROOT}/clips/232748_sKqPXTyNgbuqBiCf_0022.wav,bonafide,hi-en,232748,mucs2021,none,channel_g711_20db,eval
${DATA_ROOT}/clips/232748_sKqPXTyNgbuqBiCf_0023.wav,bonafide,hi-en,232748,mucs2021,none,channel_g711_20db,eval
${DATA_ROOT}/clips/232748_sKqPXTyNgbuqBiCf_0024.wav,bonafide,hi-en,232748,mucs2021,none,channel_g711_20db,eval
${DATA_ROOT}/clips/232748_sKqPXTyNgbuqBiCf_0025.wav,bonafide,hi-en,232748,mucs2021,none,channel_g711_20db,eval
${DATA_ROOT}/clips/232748_sKqPXTyNgbuqBiCf_0026.wav,bonafide,hi-en,232748,mucs2021,none,channel_g711_20db,eval
${DATA_ROOT}/clips/232748_sKqPXTyNgbuqBiCf_0027.wav,bonafide,hi-en,232748,mucs2021,none,channel_g711_20db,eval
${DATA_ROOT}/clips/232748_sKqPXTyNgbuqBiCf_0028.wav,bonafide,hi-en,232748,mucs2021,none,channel_g711_20db,eval
${DATA_ROOT}/clips/232748_sKqPXTyNgbuqBiCf_0029.wav,bonafide,hi-en,232748,mucs2021,none,channel_g711_20db,eval
${DATA_ROOT}/clips/232748_sKqPXTyNgbuqBiCf_0030.wav,bonafide,hi-en,232748,mucs2021,none,channel_g711_20db,eval
${DATA_ROOT}/clips/232748_sKqPXTyNgbuqBiCf_0031.wav,bonafide,hi-en,232748,mucs2021,none,channel_g711_20db,eval
${DATA_ROOT}/clips/232748_sKqPXTyNgbuqBiCf_0032.wav,bonafide,hi-en,232748,mucs2021,none,channel_g711_20db,eval
${DATA_ROOT}/clips/232748_sKqPXTyNgbuqBiCf_0033.wav,bonafide,hi-en,232748,mucs2021,none,channel_g711_20db,eval
${DATA_ROOT}/clips/232748_sKqPXTyNgbuqBiCf_0034.wav,bonafide,hi-en,232748,mucs2021,none,channel_g711_20db,eval
${DATA_ROOT}/clips/232748_sKqPXTyNgbuqBiCf_0035.wav,bonafide,hi-en,232748,mucs2021,none,channel_g711_20db,eval
${DATA_ROOT}/clips/232748_sKqPXTyNgbuqBiCf_0036.wav,bonafide,hi-en,232748,mucs2021,none,channel_g711_20db,eval
${DATA_ROOT}/clips/232748_sKqPXTyNgbuqBiCf_0037.wav,bonafide,hi-en,232748,mucs2021,none,channel_g711_20db,eval
${DATA_ROOT}/clips/232748_sKqPXTyNgbuqBiCf_0038.wav,bonafide,hi-en,232748,mucs2021,none,channel_g711_20db,eval
${DATA_ROOT}/clips/232748_sKqPXTyNgbuqBiCf_0039.wav,bonafide,hi-en,232748,mucs2021,none,channel_g711_20db,eval
${DATA_ROOT}/clips/232748_sKqPXTyNgbuqBiCf_0040.wav,bonafide,hi-en,232748,mucs2021,none,channel_g711_20db,eval
${DATA_ROOT}/clips/232748_sKqPXTyNgbuqBiCf_0041.wav,bonafide,hi-en,232748,mucs2021,none,channel_g711_20db,eval
${DATA_ROOT}/clips/232748_sKqPXTyNgbuqBiCf_0042.wav,bonafide,hi-en,232748,mucs2021,none,channel_g711_20db,eval
${DATA_ROOT}/clips/232748_sKqPXTyNgbuqBiCf_0043.wav,bonafide,hi-en,232748,mucs2021,none,channel_g711_20db,eval
${DATA_ROOT}/clips/232748_sKqPXTyNgbuqBiCf_0044.wav,bonafide,hi-en,232748,mucs2021,none,channel_g711_20db,eval
${DATA_ROOT}/clips/232748_sKqPXTyNgbuqBiCf_0045.wav,bonafide,hi-en,232748,mucs2021,none,channel_g711_20db,eval
${DATA_ROOT}/clips/232748_sKqPXTyNgbuqBiCf_0046.wav,bonafide,hi-en,232748,mucs2021,none,channel_g711_20db,eval
${DATA_ROOT}/clips/232748_sKqPXTyNgbuqBiCf_0047.wav,bonafide,hi-en,232748,mucs2021,none,channel_g711_20db,eval
${DATA_ROOT}/clips/232748_sKqPXTyNgbuqBiCf_0048.wav,bonafide,hi-en,232748,mucs2021,none,channel_g711_20db,eval
${DATA_ROOT}/clips/232748_sKqPXTyNgbuqBiCf_0049.wav,bonafide,hi-en,232748,mucs2021,none,channel_g711_20db,eval
${DATA_ROOT}/clips/232748_sKqPXTyNgbuqBiCf_0050.wav,bonafide,hi-en,232748,mucs2021,none,channel_g711_20db,eval
${DATA_ROOT}/clips/232748_sKqPXTyNgbuqBiCf_0051.wav,bonafide,hi-en,232748,mucs2021,none,channel_g711_20db,eval
${DATA_ROOT}/clips/232748_sKqPXTyNgbuqBiCf_0052.wav,bonafide,hi-en,232748,mucs2021,none,channel_g711_20db,eval
${DATA_ROOT}/clips/232748_sKqPXTyNgbuqBiCf_0053.wav,bonafide,hi-en,232748,mucs2021,none,channel_g711_20db,eval
${DATA_ROOT}/clips/232748_sKqPXTyNgbuqBiCf_0054.wav,bonafide,hi-en,232748,mucs2021,none,channel_g711_20db,eval
${DATA_ROOT}/clips/232748_sKqPXTyNgbuqBiCf_0055.wav,bonafide,hi-en,232748,mucs2021,none,channel_g711_20db,eval
${DATA_ROOT}/clips/232748_sKqPXTyNgbuqBiCf_0056.wav,bonafide,hi-en,232748,mucs2021,none,channel_g711_20db,eval
${DATA_ROOT}/clips/232748_sKqPXTyNgbuqBiCf_0057.wav,bonafide,hi-en,232748,mucs2021,none,channel_g711_20db,eval
${DATA_ROOT}/clips/232748_sKqPXTyNgbuqBiCf_0058.wav,bonafide,hi-en,232748,mucs2021,none,channel_g711_20db,eval
${DATA_ROOT}/clips/232748_sKqPXTyNgbuqBiCf_0059.wav,bonafide,hi-en,232748,mucs2021,none,channel_g711_20db,eval
${DATA_ROOT}/clips/232748_sKqPXTyNgbuqBiCf_0060.wav,bonafide,hi-en,232748,mucs2021,none,channel_g711_20db,eval
${DATA_ROOT}/clips/232748_sKqPXTyNgbuqBiCf_0061.wav,bonafide,hi-en,232748,mucs2021,none,channel_g711_20db,eval
${DATA_ROOT}/clips/232748_sKqPXTyNgbuqBiCf_0062.wav,bonafide,hi-en,232748,mucs2021,none,channel_g711_20db,eval
${DATA_ROOT}/clips/232748_sKqPXTyNgbuqBiCf_0063.wav,bonafide,hi-en,232748,mucs2021,none,channel_g711_20db,eval
${DATA_ROOT}/clips/232748_sKqPXTyNgbuqBiCf_0064.wav,bonafide,hi-en,232748,mucs2021,none,channel_g711_20db,eval
${DATA_ROOT}/clips/232748_sKqPXTyNgbuqBiCf_0065.wav,bonafide,hi-en,232748,mucs2021,none,channel_g711_20db,eval
${DATA_ROOT}/clips/232748_sKqPXTyNgbuqBiCf_0066.wav,bonafide,hi-en,232748,mucs2021,none,channel_g711_20db,eval
${DATA_ROOT}/clips/232748_sKqPXTyNgbuqBiCf_0067.wav,bonafide,hi-en,232748,mucs2021,none,channel_g711_20db,eval
${DATA_ROOT}/clips/232748_sKqPXTyNgbuqBiCf_0068.wav,bonafide,hi-en,232748,mucs2021,none,channel_g711_20db,eval
${DATA_ROOT}/clips/232748_sKqPXTyNgbuqBiCf_0069.wav,bonafide,hi-en,232748,mucs2021,none,channel_g711_20db,eval
${DATA_ROOT}/clips/232748_sKqPXTyNgbuqBiCf_0070.wav,bonafide,hi-en,232748,mucs2021,none,channel_g711_20db,eval
${DATA_ROOT}/clips/232748_sKqPXTyNgbuqBiCf_0071.wav,bonafide,hi-en,232748,mucs2021,none,channel_g711_20db,eval
${DATA_ROOT}/clips/232748_sKqPXTyNgbuqBiCf_0072.wav,bonafide,hi-en,232748,mucs2021,none,channel_g711_20db,eval
${DATA_ROOT}/clips/232748_sKqPXTyNgbuqBiCf_0073.wav,bonafide,hi-en,232748,mucs2021,none,channel_g711_20db,eval
${DATA_ROOT}/clips/232748_sKqPXTyNgbuqBiCf_0074.wav,bonafide,hi-en,232748,mucs2021,none,channel_g711_20db,eval
${DATA_ROOT}/clips/232748_sKqPXTyNgbuqBiCf_0075.wav,bonafide,hi-en,232748,mucs2021,none,channel_g711_20db,eval
${DATA_ROOT}/clips/232748_sKqPXTyNgbuqBiCf_0076.wav,bonafide,hi-en,232748,mucs2021,none,channel_g711_20db,eval
${DATA_ROOT}/clips/232748_sKqPXTyNgbuqBiCf_0077.wav,bonafide,hi-en,232748,mucs2021,none,channel_g711_20db,eval
${DATA_ROOT}/clips/232748_sKqPXTyNgbuqBiCf_0078.wav,bonafide,hi-en,232748,mucs2021,none,channel_g711_20db,eval
${DATA_ROOT}/clips/232748_sKqPXTyNgbuqBiCf_0079.wav,bonafide,hi-en,232748,mucs2021,none,channel_g711_20db,eval
${DATA_ROOT}/clips/232748_sKqPXTyNgbuqBiCf_0080.wav,bonafide,hi-en,232748,mucs2021,none,channel_g711_20db,eval
${DATA_ROOT}/clips/232748_sKqPXTyNgbuqBiCf_0081.wav,bonafide,hi-en,232748,mucs2021,none,channel_g711_20db,eval
${DATA_ROOT}/clips/232748_sKqPXTyNgbuqBiCf_0082.wav,bonafide,hi-en,232748,mucs2021,none,channel_g711_20db,eval
${DATA_ROOT}/clips/232748_sKqPXTyNgbuqBiCf_0083.wav,bonafide,hi-en,232748,mucs2021,none,channel_g711_20db,eval
${DATA_ROOT}/clips/232748_sKqPXTyNgbuqBiCf_0084.wav,bonafide,hi-en,232748,mucs2021,none,channel_g711_20db,eval
${DATA_ROOT}/clips/232748_sKqPXTyNgbuqBiCf_0085.wav,bonafide,hi-en,232748,mucs2021,none,channel_g711_20db,eval
${DATA_ROOT}/clips/232748_sKqPXTyNgbuqBiCf_0086.wav,bonafide,hi-en,232748,mucs2021,none,channel_g711_20db,eval
${DATA_ROOT}/clips/232748_sKqPXTyNgbuqBiCf_0087.wav,bonafide,hi-en,232748,mucs2021,none,channel_g711_20db,eval
${DATA_ROOT}/clips/386410_gNJ4JccADvXplv9k_0000.wav,bonafide,hi-en,386410,mucs2021,none,channel_g711_20db,eval
${DATA_ROOT}/clips/386410_gNJ4JccADvXplv9k_0001.wav,bonafide,hi-en,386410,mucs2021,none,channel_g711_20db,eval
${DATA_ROOT}/clips/386410_gNJ4JccADvXplv9k_0002.wav,bonafide,hi-en,386410,mucs2021,none,channel_g711_20db,eval
${DATA_ROOT}/clips/386410_gNJ4JccADvXplv9k_0003.wav,bonafide,hi-en,386410,mucs2021,none,channel_g711_20db,eval
${DATA_ROOT}/clips/386410_gNJ4JccADvXplv9k_0004.wav,bonafide,hi-en,386410,mucs2021,none,channel_g711_20db,eval
${DATA_ROOT}/clips/386410_gNJ4JccADvXplv9k_0005.wav,bonafide,hi-en,386410,mucs2021,none,channel_g711_20db,eval
${DATA_ROOT}/clips/386410_gNJ4JccADvXplv9k_0006.wav,bonafide,hi-en,386410,mucs2021,none,channel_g711_20db,eval
${DATA_ROOT}/clips/386410_gNJ4JccADvXplv9k_0007.wav,bonafide,hi-en,386410,mucs2021,none,channel_g711_20db,eval
${DATA_ROOT}/clips/386410_gNJ4JccADvXplv9k_0008.wav,bonafide,hi-en,386410,mucs2021,none,channel_g711_20db,eval
${DATA_ROOT}/clips/386410_gNJ4JccADvXplv9k_0009.wav,bonafide,hi-en,386410,mucs2021,none,channel_g711_20db,eval
${DATA_ROOT}/clips/386410_gNJ4JccADvXplv9k_0010.wav,bonafide,hi-en,386410,mucs2021,none,channel_g711_20db,eval
${DATA_ROOT}/clips/386410_gNJ4JccADvXplv9k_0011.wav,bonafide,hi-en,386410,mucs2021,none,channel_g711_20db,eval
${DATA_ROOT}/clips/386410_gNJ4JccADvXplv9k_0012.wav,bonafide,hi-en,386410,mucs2021,none,channel_g711_20db,eval
${DATA_ROOT}/clips/386410_gNJ4JccADvXplv9k_0013.wav,bonafide,hi-en,386410,mucs2021,none,channel_g711_20db,eval
${DATA_ROOT}/clips/386410_gNJ4JccADvXplv9k_0014.wav,bonafide,hi-en,386410,mucs2021,none,channel_g711_20db,eval
${DATA_ROOT}/clips/386410_gNJ4JccADvXplv9k_0015.wav,bonafide,hi-en,386410,mucs2021,none,channel_g711_20db,eval
${DATA_ROOT}/clips/386410_gNJ4JccADvXplv9k_0016.wav,bonafide,hi-en,386410,mucs2021,none,channel_g711_20db,eval
${DATA_ROOT}/clips/386410_gNJ4JccADvXplv9k_0017.wav,bonafide,hi-en,386410,mucs2021,none,channel_g711_20db,eval
${DATA_ROOT}/clips/386410_gNJ4JccADvXplv9k_0018.wav,bonafide,hi-en,386410,mucs2021,none,channel_g711_20db,eval
${DATA_ROOT}/clips/386410_gNJ4JccADvXplv9k_0019.wav,bonafide,hi-en,386410,mucs2021,none,channel_g711_20db,eval
${DATA_ROOT}/clips/386410_gNJ4JccADvXplv9k_0020.wav,bonafide,hi-en,386410,mucs2021,none,channel_g711_20db,eval
${DATA_ROOT}/clips/386410_gNJ4JccADvXplv9k_0021.wav,bonafide,hi-en,386410,mucs2021,none,channel_g711_20db,eval
${DATA_ROOT}/clips/386410_gNJ4JccADvXplv9k_0022.wav,bonafide,hi-en,386410,mucs2021,none,channel_g711_20db,eval
${DATA_ROOT}/clips/386410_gNJ4JccADvXplv9k_0023.wav,bonafide,hi-en,386410,mucs2021,none,channel_g711_20db,eval
${DATA_ROOT}/clips/386410_gNJ4JccADvXplv9k_0024.wav,bonafide,hi-en,386410,mucs2021,none,channel_g711_20db,eval
${DATA_ROOT}/clips/386410_gNJ4JccADvXplv9k_0025.wav,bonafide,hi-en,386410,mucs2021,none,channel_g711_20db,eval
${DATA_ROOT}/clips/386410_gNJ4JccADvXplv9k_0026.wav,bonafide,hi-en,386410,mucs2021,none,channel_g711_20db,eval
${DATA_ROOT}/clips/386410_gNJ4JccADvXplv9k_0027.wav,bonafide,hi-en,386410,mucs2021,none,channel_g711_20db,eval
${DATA_ROOT}/clips/386410_gNJ4JccADvXplv9k_0028.wav,bonafide,hi-en,386410,mucs2021,none,channel_g711_20db,eval
${DATA_ROOT}/clips/386410_gNJ4JccADvXplv9k_0029.wav,bonafide,hi-en,386410,mucs2021,none,channel_g711_20db,eval
${DATA_ROOT}/clips/386410_gNJ4JccADvXplv9k_0030.wav,bonafide,hi-en,386410,mucs2021,none,channel_g711_20db,eval
${DATA_ROOT}/clips/386410_gNJ4JccADvXplv9k_0031.wav,bonafide,hi-en,386410,mucs2021,none,channel_g711_20db,eval
${DATA_ROOT}/clips/386410_gNJ4JccADvXplv9k_0032.wav,bonafide,hi-en,386410,mucs2021,none,channel_g711_20db,eval
${DATA_ROOT}/clips/386410_gNJ4JccADvXplv9k_0033.wav,bonafide,hi-en,386410,mucs2021,none,channel_g711_20db,eval
${DATA_ROOT}/clips/386410_gNJ4JccADvXplv9k_0034.wav,bonafide,hi-en,386410,mucs2021,none,channel_g711_20db,eval
${DATA_ROOT}/clips/386410_gNJ4JccADvXplv9k_0035.wav,bonafide,hi-en,386410,mucs2021,none,channel_g711_20db,eval
${DATA_ROOT}/clips/386410_gNJ4JccADvXplv9k_0036.wav,bonafide,hi-en,386410,mucs2021,none,channel_g711_20db,eval
${DATA_ROOT}/clips/386410_gNJ4JccADvXplv9k_0037.wav,bonafide,hi-en,386410,mucs2021,none,channel_g711_20db,eval
${DATA_ROOT}/clips/386410_gNJ4JccADvXplv9k_0038.wav,bonafide,hi-en,386410,mucs2021,none,channel_g711_20db,eval
${DATA_ROOT}/clips/386410_gNJ4JccADvXplv9k_0039.wav,bonafide,hi-en,386410,mucs2021,none,channel_g711_20db,eval
${DATA_ROOT}/clips/386410_gNJ4JccADvXplv9k_0040.wav,bonafide,hi-en,386410,mucs2021,none,channel_g711_20db,eval
${DATA_ROOT}/clips/386410_gNJ4JccADvXplv9k_0041.wav,bonafide,hi-en,386410,mucs2021,none,channel_g711_20db,eval
${DATA_ROOT}/clips/386410_gNJ4JccADvXplv9k_0042.wav,bonafide,hi-en,386410,mucs2021,none,channel_g711_20db,eval
${DATA_ROOT}/clips/386410_gNJ4JccADvXplv9k_0043.wav,bonafide,hi-en,386410,mucs2021,none,channel_g711_20db,eval
${DATA_ROOT}/clips/386410_gNJ4JccADvXplv9k_0044.wav,bonafide,hi-en,386410,mucs2021,none,channel_g711_20db,eval
${DATA_ROOT}/clips/386410_gNJ4JccADvXplv9k_0045.wav,bonafide,hi-en,386410,mucs2021,none,channel_g711_20db,eval
${DATA_ROOT}/clips/386410_gNJ4JccADvXplv9k_0046.wav,bonafide,hi-en,386410,mucs2021,none,channel_g711_20db,eval
${DATA_ROOT}/clips/386410_gNJ4JccADvXplv9k_0047.wav,bonafide,hi-en,386410,mucs2021,none,channel_g711_20db,eval
${DATA_ROOT}/clips/386410_gNJ4JccADvXplv9k_0048.wav,bonafide,hi-en,386410,mucs2021,none,channel_g711_20db,eval
${DATA_ROOT}/clips/386410_gNJ4JccADvXplv9k_0049.wav,bonafide,hi-en,386410,mucs2021,none,channel_g711_20db,eval
${DATA_ROOT}/clips/386410_gNJ4JccADvXplv9k_0050.wav,bonafide,hi-en,386410,mucs2021,none,channel_g711_20db,eval
${DATA_ROOT}/clips/386410_gNJ4JccADvXplv9k_0051.wav,bonafide,hi-en,386410,mucs2021,none,channel_g711_20db,eval
${DATA_ROOT}/clips/386410_gNJ4JccADvXplv9k_0052.wav,bonafide,hi-en,386410,mucs2021,none,channel_g711_20db,eval
${DATA_ROOT}/clips/386410_gNJ4JccADvXplv9k_0053.wav,bonafide,hi-en,386410,mucs2021,none,channel_g711_20db,eval
${DATA_ROOT}/clips/386410_gNJ4JccADvXplv9k_0054.wav,bonafide,hi-en,386410,mucs2021,none,channel_g711_20db,eval
${DATA_ROOT}/clips/386410_gNJ4JccADvXplv9k_0055.wav,bonafide,hi-en,386410,mucs2021,none,channel_g711_20db,eval
${DATA_ROOT}/clips/386410_gNJ4JccADvXplv9k_0056.wav,bonafide,hi-en,386410,mucs2021,none,channel_g711_20db,eval
${DATA_ROOT}/clips/386410_gNJ4JccADvXplv9k_0057.wav,bonafide,hi-en,386410,mucs2021,none,channel_g711_20db,eval
${DATA_ROOT}/clips/386410_gNJ4JccADvXplv9k_0058.wav,bonafide,hi-en,386410,mucs2021,none,channel_g711_20db,eval
${DATA_ROOT}/clips/386410_gNJ4JccADvXplv9k_0059.wav,bonafide,hi-en,386410,mucs2021,none,channel_g711_20db,eval
${DATA_ROOT}/clips/386410_gNJ4JccADvXplv9k_0060.wav,bonafide,hi-en,386410,mucs2021,none,channel_g711_20db,eval
${DATA_ROOT}/clips/386410_gNJ4JccADvXplv9k_0061.wav,bonafide,hi-en,386410,mucs2021,none,channel_g711_20db,eval
${DATA_ROOT}/clips/386410_gNJ4JccADvXplv9k_0062.wav,bonafide,hi-en,386410,mucs2021,none,channel_g711_20db,eval
${DATA_ROOT}/clips/386410_gNJ4JccADvXplv9k_0063.wav,bonafide,hi-en,386410,mucs2021,none,channel_g711_20db,eval
${DATA_ROOT}/clips/386410_gNJ4JccADvXplv9k_0064.wav,bonafide,hi-en,386410,mucs2021,none,channel_g711_20db,eval
${DATA_ROOT}/clips/386410_gNJ4JccADvXplv9k_0065.wav,bonafide,hi-en,386410,mucs2021,none,channel_g711_20db,eval
${DATA_ROOT}/clips/386410_gNJ4JccADvXplv9k_0066.wav,bonafide,hi-en,386410,mucs2021,none,channel_g711_20db,eval
${DATA_ROOT}/clips/386410_gNJ4JccADvXplv9k_0067.wav,bonafide,hi-en,386410,mucs2021,none,channel_g711_20db,eval
${DATA_ROOT}/clips/386410_gNJ4JccADvXplv9k_0068.wav,bonafide,hi-en,386410,mucs2021,none,channel_g711_20db,eval
${DATA_ROOT}/clips/386410_gNJ4JccADvXplv9k_0069.wav,bonafide,hi-en,386410,mucs2021,none,channel_g711_20db,eval
${DATA_ROOT}/clips/386410_gNJ4JccADvXplv9k_0070.wav,bonafide,hi-en,386410,mucs2021,none,channel_g711_20db,eval
${DATA_ROOT}/clips/386410_gNJ4JccADvXplv9k_0071.wav,bonafide,hi-en,386410,mucs2021,none,channel_g711_20db,eval
${DATA_ROOT}/clips/386410_gNJ4JccADvXplv9k_0072.wav,bonafide,hi-en,386410,mucs2021,none,channel_g711_20db,eval
${DATA_ROOT}/clips/386410_gNJ4JccADvXplv9k_0073.wav,bonafide,hi-en,386410,mucs2021,none,channel_g711_20db,eval
${DATA_ROOT}/clips/386410_gNJ4JccADvXplv9k_0074.wav,bonafide,hi-en,386410,mucs2021,none,channel_g711_20db,eval
${DATA_ROOT}/clips/386410_gNJ4JccADvXplv9k_0075.wav,bonafide,hi-en,386410,mucs2021,none,channel_g711_20db,eval
${DATA_ROOT}/clips/386410_gNJ4JccADvXplv9k_0076.wav,bonafide,hi-en,386410,mucs2021,none,channel_g711_20db,eval
${DATA_ROOT}/clips/386410_gNJ4JccADvXplv9k_0077.wav,bonafide,hi-en,386410,mucs2021,none,channel_g711_20db,eval
${DATA_ROOT}/clips/577537_1Kbig1mC99YUhdCX_0000.wav,bonafide,hi-en,577537,mucs2021,none,channel_g711_20db,eval
${DATA_ROOT}/clips/577537_1Kbig1mC99YUhdCX_0001.wav,bonafide,hi-en,577537,mucs2021,none,channel_g711_20db,eval
${DATA_ROOT}/clips/577537_1Kbig1mC99YUhdCX_0002.wav,bonafide,hi-en,577537,mucs2021,none,channel_g711_20db,eval
${DATA_ROOT}/clips/577537_1Kbig1mC99YUhdCX_0003.wav,bonafide,hi-en,577537,mucs2021,none,channel_g711_20db,eval
${DATA_ROOT}/clips/577537_1Kbig1mC99YUhdCX_0004.wav,bonafide,hi-en,577537,mucs2021,none,channel_g711_20db,eval
${DATA_ROOT}/clips/577537_1Kbig1mC99YUhdCX_0005.wav,bonafide,hi-en,577537,mucs2021,none,channel_g711_20db,eval
${DATA_ROOT}/clips/577537_1Kbig1mC99YUhdCX_0006.wav,bonafide,hi-en,577537,mucs2021,none,channel_g711_20db,eval
${DATA_ROOT}/clips/577537_1Kbig1mC99YUhdCX_0007.wav,bonafide,hi-en,577537,mucs2021,none,channel_g711_20db,eval
${DATA_ROOT}/clips/577537_1Kbig1mC99YUhdCX_0008.wav,bonafide,hi-en,577537,mucs2021,none,channel_g711_20db,eval
${DATA_ROOT}/clips/577537_1Kbig1mC99YUhdCX_0009.wav,bonafide,hi-en,577537,mucs2021,none,channel_g711_20db,eval
${DATA_ROOT}/clips/577537_1Kbig1mC99YUhdCX_0010.wav,bonafide,hi-en,577537,mucs2021,none,channel_g711_20db,eval
${DATA_ROOT}/clips/577537_1Kbig1mC99YUhdCX_0011.wav,bonafide,hi-en,577537,mucs2021,none,channel_g711_20db,eval
${DATA_ROOT}/clips/577537_1Kbig1mC99YUhdCX_0012.wav,bonafide,hi-en,577537,mucs2021,none,channel_g711_20db,eval
${DATA_ROOT}/clips/577537_1Kbig1mC99YUhdCX_0013.wav,bonafide,hi-en,577537,mucs2021,none,channel_g711_20db,eval
${DATA_ROOT}/clips/577537_1Kbig1mC99YUhdCX_0014.wav,bonafide,hi-en,577537,mucs2021,none,channel_g711_20db,eval
${DATA_ROOT}/clips/577537_1Kbig1mC99YUhdCX_0015.wav,bonafide,hi-en,577537,mucs2021,none,channel_g711_20db,eval
${DATA_ROOT}/clips/577537_1Kbig1mC99YUhdCX_0016.wav,bonafide,hi-en,577537,mucs2021,none,channel_g711_20db,eval
${DATA_ROOT}/clips/577537_1Kbig1mC99YUhdCX_0017.wav,bonafide,hi-en,577537,mucs2021,none,channel_g711_20db,eval
${DATA_ROOT}/clips/577537_1Kbig1mC99YUhdCX_0018.wav,bonafide,hi-en,577537,mucs2021,none,channel_g711_20db,eval
${DATA_ROOT}/clips/577537_1Kbig1mC99YUhdCX_0019.wav,bonafide,hi-en,577537,mucs2021,none,channel_g711_20db,eval
${DATA_ROOT}/clips/577537_1Kbig1mC99YUhdCX_0020.wav,bonafide,hi-en,577537,mucs2021,none,channel_g711_20db,eval
${DATA_ROOT}/clips/577537_1Kbig1mC99YUhdCX_0021.wav,bonafide,hi-en,577537,mucs2021,none,channel_g711_20db,eval
${DATA_ROOT}/clips/577537_1Kbig1mC99YUhdCX_0022.wav,bonafide,hi-en,577537,mucs2021,none,channel_g711_20db,eval
${DATA_ROOT}/clips/577537_1Kbig1mC99YUhdCX_0023.wav,bonafide,hi-en,577537,mucs2021,none,channel_g711_20db,eval
${DATA_ROOT}/clips/577537_1Kbig1mC99YUhdCX_0024.wav,bonafide,hi-en,577537,mucs2021,none,channel_g711_20db,eval
${DATA_ROOT}/clips/577537_1Kbig1mC99YUhdCX_0025.wav,bonafide,hi-en,577537,mucs2021,none,channel_g711_20db,eval
${DATA_ROOT}/clips/577537_1Kbig1mC99YUhdCX_0026.wav,bonafide,hi-en,577537,mucs2021,none,channel_g711_20db,eval
${DATA_ROOT}/clips/577537_1Kbig1mC99YUhdCX_0027.wav,bonafide,hi-en,577537,mucs2021,none,channel_g711_20db,eval
${DATA_ROOT}/clips/577537_1Kbig1mC99YUhdCX_0028.wav,bonafide,hi-en,577537,mucs2021,none,channel_g711_20db,eval
${DATA_ROOT}/clips/577537_1Kbig1mC99YUhdCX_0029.wav,bonafide,hi-en,577537,mucs2021,none,channel_g711_20db,eval
${DATA_ROOT}/clips/577537_1Kbig1mC99YUhdCX_0030.wav,bonafide,hi-en,577537,mucs2021,none,channel_g711_20db,eval
${DATA_ROOT}/clips/577537_1Kbig1mC99YUhdCX_0031.wav,bonafide,hi-en,577537,mucs2021,none,channel_g711_20db,eval
${DATA_ROOT}/clips/577537_1Kbig1mC99YUhdCX_0032.wav,bonafide,hi-en,577537,mucs2021,none,channel_g711_20db,eval
${DATA_ROOT}/clips/577537_1Kbig1mC99YUhdCX_0033.wav,bonafide,hi-en,577537,mucs2021,none,channel_g711_20db,eval
${DATA_ROOT}/clips/577537_1Kbig1mC99YUhdCX_0034.wav,bonafide,hi-en,577537,mucs2021,none,channel_g711_20db,eval
${DATA_ROOT}/clips/577537_1Kbig1mC99YUhdCX_0035.wav,bonafide,hi-en,577537,mucs2021,none,channel_g711_20db,eval
${DATA_ROOT}/clips/577537_1Kbig1mC99YUhdCX_0036.wav,bonafide,hi-en,577537,mucs2021,none,channel_g711_20db,eval
${DATA_ROOT}/clips/577537_1Kbig1mC99YUhdCX_0037.wav,bonafide,hi-en,577537,mucs2021,none,channel_g711_20db,eval
${DATA_ROOT}/clips/577537_1Kbig1mC99YUhdCX_0038.wav,bonafide,hi-en,577537,mucs2021,none,channel_g711_20db,eval
${DATA_ROOT}/clips/577537_1Kbig1mC99YUhdCX_0039.wav,bonafide,hi-en,577537,mucs2021,none,channel_g711_20db,eval
${DATA_ROOT}/clips/577537_1Kbig1mC99YUhdCX_0040.wav,bonafide,hi-en,577537,mucs2021,none,channel_g711_20db,eval
${DATA_ROOT}/clips/577537_1Kbig1mC99YUhdCX_0041.wav,bonafide,hi-en,577537,mucs2021,none,channel_g711_20db,eval
${DATA_ROOT}/clips/577537_1Kbig1mC99YUhdCX_0042.wav,bonafide,hi-en,577537,mucs2021,none,channel_g711_20db,eval
${DATA_ROOT}/clips/577537_1Kbig1mC99YUhdCX_0043.wav,bonafide,hi-en,577537,mucs2021,none,channel_g711_20db,eval
${DATA_ROOT}/clips/577537_1Kbig1mC99YUhdCX_0044.wav,bonafide,hi-en,577537,mucs2021,none,channel_g711_20db,eval
${DATA_ROOT}/clips/577537_1Kbig1mC99YUhdCX_0045.wav,bonafide,hi-en,577537,mucs2021,none,channel_g711_20db,eval
${DATA_ROOT}/clips/577537_1Kbig1mC99YUhdCX_0046.wav,bonafide,hi-en,577537,mucs2021,none,channel_g711_20db,eval
${DATA_ROOT}/clips/577537_1Kbig1mC99YUhdCX_0047.wav,bonafide,hi-en,577537,mucs2021,none,channel_g711_20db,eval
${DATA_ROOT}/clips/577537_1Kbig1mC99YUhdCX_0048.wav,bonafide,hi-en,577537,mucs2021,none,channel_g711_20db,eval
${DATA_ROOT}/clips/577537_1Kbig1mC99YUhdCX_0049.wav,bonafide,hi-en,577537,mucs2021,none,channel_g711_20db,eval
${DATA_ROOT}/clips/577537_1Kbig1mC99YUhdCX_0050.wav,bonafide,hi-en,577537,mucs2021,none,channel_g711_20db,eval
${DATA_ROOT}/clips/577537_1Kbig1mC99YUhdCX_0051.wav,bonafide,hi-en,577537,mucs2021,none,channel_g711_20db,eval
${DATA_ROOT}/clips/577537_1Kbig1mC99YUhdCX_0052.wav,bonafide,hi-en,577537,mucs2021,none,channel_g711_20db,eval
${DATA_ROOT}/clips/577537_1Kbig1mC99YUhdCX_0053.wav,bonafide,hi-en,577537,mucs2021,none,channel_g711_20db,eval
${DATA_ROOT}/clips/577537_1Kbig1mC99YUhdCX_0054.wav,bonafide,hi-en,577537,mucs2021,none,channel_g711_20db,eval
${DATA_ROOT}/clips/577537_1Kbig1mC99YUhdCX_0055.wav,bonafide,hi-en,577537,mucs2021,none,channel_g711_20db,eval
${DATA_ROOT}/clips/577537_1Kbig1mC99YUhdCX_0056.wav,bonafide,hi-en,577537,mucs2021,none,channel_g711_20db,eval
${DATA_ROOT}/clips/577537_1Kbig1mC99YUhdCX_0057.wav,bonafide,hi-en,577537,mucs2021,none,channel_g711_20db,eval
${DATA_ROOT}/clips/577537_1Kbig1mC99YUhdCX_0058.wav,bonafide,hi-en,577537,mucs2021,none,channel_g711_20db,eval
${DATA_ROOT}/clips/577537_1Kbig1mC99YUhdCX_0059.wav,bonafide,hi-en,577537,mucs2021,none,channel_g711_20db,eval
${DATA_ROOT}/clips/577537_1Kbig1mC99YUhdCX_0060.wav,bonafide,hi-en,577537,mucs2021,none,channel_g711_20db,eval
${DATA_ROOT}/clips/577537_1Kbig1mC99YUhdCX_0061.wav,bonafide,hi-en,577537,mucs2021,none,channel_g711_20db,eval
${DATA_ROOT}/clips/577537_1Kbig1mC99YUhdCX_0062.wav,bonafide,hi-en,577537,mucs2021,none,channel_g711_20db,eval
${DATA_ROOT}/clips/577537_1Kbig1mC99YUhdCX_0063.wav,bonafide,hi-en,577537,mucs2021,none,channel_g711_20db,eval
${DATA_ROOT}/clips/577537_1Kbig1mC99YUhdCX_0064.wav,bonafide,hi-en,577537,mucs2021,none,channel_g711_20db,eval
${DATA_ROOT}/clips/577537_1Kbig1mC99YUhdCX_0065.wav,bonafide,hi-en,577537,mucs2021,none,channel_g711_20db,eval
${DATA_ROOT}/clips/577537_1Kbig1mC99YUhdCX_0066.wav,bonafide,hi-en,577537,mucs2021,none,channel_g711_20db,eval
${DATA_ROOT}/clips/577537_1Kbig1mC99YUhdCX_0067.wav,bonafide,hi-en,577537,mucs2021,none,channel_g711_20db,eval
${DATA_ROOT}/clips/577537_1Kbig1mC99YUhdCX_0068.wav,bonafide,hi-en,577537,mucs2021,none,channel_g711_20db,eval
${DATA_ROOT}/clips/577537_1Kbig1mC99YUhdCX_0069.wav,bonafide,hi-en,577537,mucs2021,none,channel_g711_20db,eval
${DATA_ROOT}/clips/577537_1Kbig1mC99YUhdCX_0070.wav,bonafide,hi-en,577537,mucs2021,none,channel_g711_20db,eval
${DATA_ROOT}/clips/577537_1Kbig1mC99YUhdCX_0071.wav,bonafide,hi-en,577537,mucs2021,none,channel_g711_20db,eval
${DATA_ROOT}/clips/577537_1Kbig1mC99YUhdCX_0072.wav,bonafide,hi-en,577537,mucs2021,none,channel_g711_20db,eval
${DATA_ROOT}/clips/577537_1Kbig1mC99YUhdCX_0073.wav,bonafide,hi-en,577537,mucs2021,none,channel_g711_20db,eval
${DATA_ROOT}/clips/577537_1Kbig1mC99YUhdCX_0074.wav,bonafide,hi-en,577537,mucs2021,none,channel_g711_20db,eval
${DATA_ROOT}/clips/596505_mSiZUO1cgwb8nNpA_0000.wav,bonafide,hi-en,596505,mucs2021,none,channel_g711_20db,eval
${DATA_ROOT}/clips/596505_mSiZUO1cgwb8nNpA_0001.wav,bonafide,hi-en,596505,mucs2021,none,channel_g711_20db,eval
${DATA_ROOT}/clips/596505_mSiZUO1cgwb8nNpA_0002.wav,bonafide,hi-en,596505,mucs2021,none,channel_g711_20db,eval
${DATA_ROOT}/clips/596505_mSiZUO1cgwb8nNpA_0003.wav,bonafide,hi-en,596505,mucs2021,none,channel_g711_20db,eval
${DATA_ROOT}/clips/596505_mSiZUO1cgwb8nNpA_0004.wav,bonafide,hi-en,596505,mucs2021,none,channel_g711_20db,eval
${DATA_ROOT}/clips/596505_mSiZUO1cgwb8nNpA_0005.wav,bonafide,hi-en,596505,mucs2021,none,channel_g711_20db,eval
${DATA_ROOT}/clips/596505_mSiZUO1cgwb8nNpA_0006.wav,bonafide,hi-en,596505,mucs2021,none,channel_g711_20db,eval
${DATA_ROOT}/clips/596505_mSiZUO1cgwb8nNpA_0007.wav,bonafide,hi-en,596505,mucs2021,none,channel_g711_20db,eval
${DATA_ROOT}/clips/596505_mSiZUO1cgwb8nNpA_0008.wav,bonafide,hi-en,596505,mucs2021,none,channel_g711_20db,eval
${DATA_ROOT}/clips/596505_mSiZUO1cgwb8nNpA_0009.wav,bonafide,hi-en,596505,mucs2021,none,channel_g711_20db,eval
${DATA_ROOT}/clips/596505_mSiZUO1cgwb8nNpA_0010.wav,bonafide,hi-en,596505,mucs2021,none,channel_g711_20db,eval
${DATA_ROOT}/clips/596505_mSiZUO1cgwb8nNpA_0011.wav,bonafide,hi-en,596505,mucs2021,none,channel_g711_20db,eval
${DATA_ROOT}/clips/596505_mSiZUO1cgwb8nNpA_0012.wav,bonafide,hi-en,596505,mucs2021,none,channel_g711_20db,eval
${DATA_ROOT}/clips/596505_mSiZUO1cgwb8nNpA_0013.wav,bonafide,hi-en,596505,mucs2021,none,channel_g711_20db,eval
${DATA_ROOT}/clips/596505_mSiZUO1cgwb8nNpA_0014.wav,bonafide,hi-en,596505,mucs2021,none,channel_g711_20db,eval
${DATA_ROOT}/clips/596505_mSiZUO1cgwb8nNpA_0015.wav,bonafide,hi-en,596505,mucs2021,none,channel_g711_20db,eval
${DATA_ROOT}/clips/596505_mSiZUO1cgwb8nNpA_0016.wav,bonafide,hi-en,596505,mucs2021,none,channel_g711_20db,eval
${DATA_ROOT}/clips/596505_mSiZUO1cgwb8nNpA_0017.wav,bonafide,hi-en,596505,mucs2021,none,channel_g711_20db,eval
${DATA_ROOT}/clips/596505_mSiZUO1cgwb8nNpA_0018.wav,bonafide,hi-en,596505,mucs2021,none,channel_g711_20db,eval
${DATA_ROOT}/clips/596505_mSiZUO1cgwb8nNpA_0019.wav,bonafide,hi-en,596505,mucs2021,none,channel_g711_20db,eval
${DATA_ROOT}/clips/596505_mSiZUO1cgwb8nNpA_0020.wav,bonafide,hi-en,596505,mucs2021,none,channel_g711_20db,eval
${DATA_ROOT}/clips/596505_mSiZUO1cgwb8nNpA_0021.wav,bonafide,hi-en,596505,mucs2021,none,channel_g711_20db,eval
${DATA_ROOT}/clips/596505_mSiZUO1cgwb8nNpA_0022.wav,bonafide,hi-en,596505,mucs2021,none,channel_g711_20db,eval
${DATA_ROOT}/clips/596505_mSiZUO1cgwb8nNpA_0023.wav,bonafide,hi-en,596505,mucs2021,none,channel_g711_20db,eval
${DATA_ROOT}/clips/596505_mSiZUO1cgwb8nNpA_0024.wav,bonafide,hi-en,596505,mucs2021,none,channel_g711_20db,eval
${DATA_ROOT}/clips/596505_mSiZUO1cgwb8nNpA_0025.wav,bonafide,hi-en,596505,mucs2021,none,channel_g711_20db,eval
${DATA_ROOT}/clips/596505_mSiZUO1cgwb8nNpA_0026.wav,bonafide,hi-en,596505,mucs2021,none,channel_g711_20db,eval
${DATA_ROOT}/clips/596505_mSiZUO1cgwb8nNpA_0027.wav,bonafide,hi-en,596505,mucs2021,none,channel_g711_20db,eval
${DATA_ROOT}/clips/596505_mSiZUO1cgwb8nNpA_0028.wav,bonafide,hi-en,596505,mucs2021,none,channel_g711_20db,eval
${DATA_ROOT}/clips/596505_mSiZUO1cgwb8nNpA_0029.wav,bonafide,hi-en,596505,mucs2021,none,channel_g711_20db,eval
${DATA_ROOT}/clips/596505_mSiZUO1cgwb8nNpA_0030.wav,bonafide,hi-en,596505,mucs2021,none,channel_g711_20db,eval
${DATA_ROOT}/clips/596505_mSiZUO1cgwb8nNpA_0031.wav,bonafide,hi-en,596505,mucs2021,none,channel_g711_20db,eval
${DATA_ROOT}/clips/596505_mSiZUO1cgwb8nNpA_0032.wav,bonafide,hi-en,596505,mucs2021,none,channel_g711_20db,eval
${DATA_ROOT}/clips/596505_mSiZUO1cgwb8nNpA_0033.wav,bonafide,hi-en,596505,mucs2021,none,channel_g711_20db,eval
${DATA_ROOT}/clips/596505_mSiZUO1cgwb8nNpA_0034.wav,bonafide,hi-en,596505,mucs2021,none,channel_g711_20db,eval
${DATA_ROOT}/clips/596505_mSiZUO1cgwb8nNpA_0035.wav,bonafide,hi-en,596505,mucs2021,none,channel_g711_20db,eval
${DATA_ROOT}/clips/596505_mSiZUO1cgwb8nNpA_0036.wav,bonafide,hi-en,596505,mucs2021,none,channel_g711_20db,eval
${DATA_ROOT}/clips/596505_mSiZUO1cgwb8nNpA_0037.wav,bonafide,hi-en,596505,mucs2021,none,channel_g711_20db,eval
${DATA_ROOT}/clips/596505_mSiZUO1cgwb8nNpA_0038.wav,bonafide,hi-en,596505,mucs2021,none,channel_g711_20db,eval
${DATA_ROOT}/clips/596505_mSiZUO1cgwb8nNpA_0039.wav,bonafide,hi-en,596505,mucs2021,none,channel_g711_20db,eval
${DATA_ROOT}/clips/596505_mSiZUO1cgwb8nNpA_0040.wav,bonafide,hi-en,596505,mucs2021,none,channel_g711_20db,eval
${DATA_ROOT}/clips/596505_mSiZUO1cgwb8nNpA_0041.wav,bonafide,hi-en,596505,mucs2021,none,channel_g711_20db,eval
${DATA_ROOT}/clips/596505_mSiZUO1cgwb8nNpA_0042.wav,bonafide,hi-en,596505,mucs2021,none,channel_g711_20db,eval
${DATA_ROOT}/clips/596505_mSiZUO1cgwb8nNpA_0043.wav,bonafide,hi-en,596505,mucs2021,none,channel_g711_20db,eval
${DATA_ROOT}/clips/596505_mSiZUO1cgwb8nNpA_0044.wav,bonafide,hi-en,596505,mucs2021,none,channel_g711_20db,eval
${DATA_ROOT}/clips/596505_mSiZUO1cgwb8nNpA_0045.wav,bonafide,hi-en,596505,mucs2021,none,channel_g711_20db,eval
${DATA_ROOT}/clips/596505_mSiZUO1cgwb8nNpA_0046.wav,bonafide,hi-en,596505,mucs2021,none,channel_g711_20db,eval
${DATA_ROOT}/clips/596505_mSiZUO1cgwb8nNpA_0047.wav,bonafide,hi-en,596505,mucs2021,none,channel_g711_20db,eval
${DATA_ROOT}/clips/596505_mSiZUO1cgwb8nNpA_0048.wav,bonafide,hi-en,596505,mucs2021,none,channel_g711_20db,eval
${DATA_ROOT}/clips/596505_mSiZUO1cgwb8nNpA_0049.wav,bonafide,hi-en,596505,mucs2021,none,channel_g711_20db,eval
${DATA_ROOT}/clips/596505_mSiZUO1cgwb8nNpA_0050.wav,bonafide,hi-en,596505,mucs2021,none,channel_g711_20db,eval
${DATA_ROOT}/clips/596505_mSiZUO1cgwb8nNpA_0051.wav,bonafide,hi-en,596505,mucs2021,none,channel_g711_20db,eval
${DATA_ROOT}/clips/596505_mSiZUO1cgwb8nNpA_0052.wav,bonafide,hi-en,596505,mucs2021,none,channel_g711_20db,eval
${DATA_ROOT}/clips/596505_mSiZUO1cgwb8nNpA_0053.wav,bonafide,hi-en,596505,mucs2021,none,channel_g711_20db,eval
${DATA_ROOT}/clips/596505_mSiZUO1cgwb8nNpA_0054.wav,bonafide,hi-en,596505,mucs2021,none,channel_g711_20db,eval
${DATA_ROOT}/clips/596505_mSiZUO1cgwb8nNpA_0055.wav,bonafide,hi-en,596505,mucs2021,none,channel_g711_20db,eval
${DATA_ROOT}/clips/596505_mSiZUO1cgwb8nNpA_0056.wav,bonafide,hi-en,596505,mucs2021,none,channel_g711_20db,eval
${DATA_ROOT}/clips/596505_mSiZUO1cgwb8nNpA_0057.wav,bonafide,hi-en,596505,mucs2021,none,channel_g711_20db,eval
${DATA_ROOT}/clips/596505_mSiZUO1cgwb8nNpA_0058.wav,bonafide,hi-en,596505,mucs2021,none,channel_g711_20db,eval
${DATA_ROOT}/clips/596505_mSiZUO1cgwb8nNpA_0059.wav,bonafide,hi-en,596505,mucs2021,none,channel_g711_20db,eval
${DATA_ROOT}/clips/596505_mSiZUO1cgwb8nNpA_0060.wav,bonafide,hi-en,596505,mucs2021,none,channel_g711_20db,eval
${DATA_ROOT}/clips/596505_mSiZUO1cgwb8nNpA_0061.wav,bonafide,hi-en,596505,mucs2021,none,channel_g711_20db,eval
${DATA_ROOT}/clips/596505_mSiZUO1cgwb8nNpA_0062.wav,bonafide,hi-en,596505,mucs2021,none,channel_g711_20db,eval
${DATA_ROOT}/clips/596505_mSiZUO1cgwb8nNpA_0063.wav,bonafide,hi-en,596505,mucs2021,none,channel_g711_20db,eval
${DATA_ROOT}/clips/596505_mSiZUO1cgwb8nNpA_0064.wav,bonafide,hi-en,596505,mucs2021,none,channel_g711_20db,eval
${DATA_ROOT}/clips/596505_mSiZUO1cgwb8nNpA_0065.wav,bonafide,hi-en,596505,mucs2021,none,channel_g711_20db,eval
${DATA_ROOT}/clips/596505_mSiZUO1cgwb8nNpA_0066.wav,bonafide,hi-en,596505,mucs2021,none,channel_g711_20db,eval
${DATA_ROOT}/clips/596505_mSiZUO1cgwb8nNpA_0067.wav,bonafide,hi-en,596505,mucs2021,none,channel_g711_20db,eval
${DATA_ROOT}/clips/596505_mSiZUO1cgwb8nNpA_0068.wav,bonafide,hi-en,596505,mucs2021,none,channel_g711_20db,eval
${DATA_ROOT}/clips/596505_mSiZUO1cgwb8nNpA_0069.wav,bonafide,hi-en,596505,mucs2021,none,channel_g711_20db,eval
${DATA_ROOT}/clips/596505_mSiZUO1cgwb8nNpA_0070.wav,bonafide,hi-en,596505,mucs2021,none,channel_g711_20db,eval
${DATA_ROOT}/clips/596505_mSiZUO1cgwb8nNpA_0071.wav,bonafide,hi-en,596505,mucs2021,none,channel_g711_20db,eval
${DATA_ROOT}/clips/596505_mSiZUO1cgwb8nNpA_0072.wav,bonafide,hi-en,596505,mucs2021,none,channel_g711_20db,eval
${DATA_ROOT}/clips/596505_mSiZUO1cgwb8nNpA_0073.wav,bonafide,hi-en,596505,mucs2021,none,channel_g711_20db,eval
${DATA_ROOT}/clips/596505_mSiZUO1cgwb8nNpA_0074.wav,bonafide,hi-en,596505,mucs2021,none,channel_g711_20db,eval
${DATA_ROOT}/clips/596505_mSiZUO1cgwb8nNpA_0075.wav,bonafide,hi-en,596505,mucs2021,none,channel_g711_20db,eval
${DATA_ROOT}/clips/596505_mSiZUO1cgwb8nNpA_0076.wav,bonafide,hi-en,596505,mucs2021,none,channel_g711_20db,eval
${DATA_ROOT}/clips/596505_mSiZUO1cgwb8nNpA_0077.wav,bonafide,hi-en,596505,mucs2021,none,channel_g711_20db,eval
${DATA_ROOT}/clips/596505_mSiZUO1cgwb8nNpA_0078.wav,bonafide,hi-en,596505,mucs2021,none,channel_g711_20db,eval
${DATA_ROOT}/clips/596505_mSiZUO1cgwb8nNpA_0079.wav,bonafide,hi-en,596505,mucs2021,none,channel_g711_20db,eval
${DATA_ROOT}/clips/596505_mSiZUO1cgwb8nNpA_0080.wav,bonafide,hi-en,596505,mucs2021,none,channel_g711_20db,eval
${DATA_ROOT}/clips/596505_mSiZUO1cgwb8nNpA_0081.wav,bonafide,hi-en,596505,mucs2021,none,channel_g711_20db,eval
${DATA_ROOT}/clips/596505_mSiZUO1cgwb8nNpA_0082.wav,bonafide,hi-en,596505,mucs2021,none,channel_g711_20db,eval
${DATA_ROOT}/clips/596505_mSiZUO1cgwb8nNpA_0083.wav,bonafide,hi-en,596505,mucs2021,none,channel_g711_20db,eval
${DATA_ROOT}/clips/596505_mSiZUO1cgwb8nNpA_0084.wav,bonafide,hi-en,596505,mucs2021,none,channel_g711_20db,eval
${DATA_ROOT}/clips/596505_mSiZUO1cgwb8nNpA_0085.wav,bonafide,hi-en,596505,mucs2021,none,channel_g711_20db,eval
${DATA_ROOT}/clips/596505_mSiZUO1cgwb8nNpA_0086.wav,bonafide,hi-en,596505,mucs2021,none,channel_g711_20db,eval
${DATA_ROOT}/clips/596505_mSiZUO1cgwb8nNpA_0087.wav,bonafide,hi-en,596505,mucs2021,none,channel_g711_20db,eval
${DATA_ROOT}/clips/596505_mSiZUO1cgwb8nNpA_0088.wav,bonafide,hi-en,596505,mucs2021,none,channel_g711_20db,eval
${DATA_ROOT}/clips/596505_mSiZUO1cgwb8nNpA_0089.wav,bonafide,hi-en,596505,mucs2021,none,channel_g711_20db,eval
${DATA_ROOT}/clips/596505_mSiZUO1cgwb8nNpA_0090.wav,bonafide,hi-en,596505,mucs2021,none,channel_g711_20db,eval
${DATA_ROOT}/clips/596505_mSiZUO1cgwb8nNpA_0091.wav,bonafide,hi-en,596505,mucs2021,none,channel_g711_20db,eval
${DATA_ROOT}/clips/596505_mSiZUO1cgwb8nNpA_0092.wav,bonafide,hi-en,596505,mucs2021,none,channel_g711_20db,eval
${DATA_ROOT}/clips/596505_mSiZUO1cgwb8nNpA_0093.wav,bonafide,hi-en,596505,mucs2021,none,channel_g711_20db,eval
${DATA_ROOT}/clips/596505_mSiZUO1cgwb8nNpA_0094.wav,bonafide,hi-en,596505,mucs2021,none,channel_g711_20db,eval
${DATA_ROOT}/clips/596505_mSiZUO1cgwb8nNpA_0095.wav,bonafide,hi-en,596505,mucs2021,none,channel_g711_20db,eval
${DATA_ROOT}/clips/596505_mSiZUO1cgwb8nNpA_0096.wav,bonafide,hi-en,596505,mucs2021,none,channel_g711_20db,eval
${DATA_ROOT}/clips/596505_mSiZUO1cgwb8nNpA_0097.wav,bonafide,hi-en,596505,mucs2021,none,channel_g711_20db,eval
${DATA_ROOT}/clips/596505_mSiZUO1cgwb8nNpA_0098.wav,bonafide,hi-en,596505,mucs2021,none,channel_g711_20db,eval
${DATA_ROOT}/clips/596505_mSiZUO1cgwb8nNpA_0099.wav,bonafide,hi-en,596505,mucs2021,none,channel_g711_20db,eval
${DATA_ROOT}/clips/596505_mSiZUO1cgwb8nNpA_0100.wav,bonafide,hi-en,596505,mucs2021,none,channel_g711_20db,eval
${DATA_ROOT}/clips/596505_mSiZUO1cgwb8nNpA_0101.wav,bonafide,hi-en,596505,mucs2021,none,channel_g711_20db,eval
${DATA_ROOT}/clips/596505_mSiZUO1cgwb8nNpA_0102.wav,bonafide,hi-en,596505,mucs2021,none,channel_g711_20db,eval
${DATA_ROOT}/clips/596505_mSiZUO1cgwb8nNpA_0103.wav,bonafide,hi-en,596505,mucs2021,none,channel_g711_20db,eval
${DATA_ROOT}/clips/596505_mSiZUO1cgwb8nNpA_0104.wav,bonafide,hi-en,596505,mucs2021,none,channel_g711_20db,eval
${DATA_ROOT}/clips/596505_mSiZUO1cgwb8nNpA_0105.wav,bonafide,hi-en,596505,mucs2021,none,channel_g711_20db,eval
${DATA_ROOT}/clips/596505_mSiZUO1cgwb8nNpA_0106.wav,bonafide,hi-en,596505,mucs2021,none,channel_g711_20db,eval
${DATA_ROOT}/clips/596505_mSiZUO1cgwb8nNpA_0107.wav,bonafide,hi-en,596505,mucs2021,none,channel_g711_20db,eval
${DATA_ROOT}/clips/596505_mSiZUO1cgwb8nNpA_0108.wav,bonafide,hi-en,596505,mucs2021,none,channel_g711_20db,eval
${DATA_ROOT}/clips/596505_mSiZUO1cgwb8nNpA_0109.wav,bonafide,hi-en,596505,mucs2021,none,channel_g711_20db,eval
${DATA_ROOT}/clips/596505_mSiZUO1cgwb8nNpA_0110.wav,bonafide,hi-en,596505,mucs2021,none,channel_g711_20db,eval
${DATA_ROOT}/clips/596505_mSiZUO1cgwb8nNpA_0111.wav,bonafide,hi-en,596505,mucs2021,none,channel_g711_20db,eval
${DATA_ROOT}/clips/596505_mSiZUO1cgwb8nNpA_0112.wav,bonafide,hi-en,596505,mucs2021,none,channel_g711_20db,eval
${DATA_ROOT}/clips/596505_mSiZUO1cgwb8nNpA_0113.wav,bonafide,hi-en,596505,mucs2021,none,channel_g711_20db,eval
${DATA_ROOT}/clips/596505_mSiZUO1cgwb8nNpA_0114.wav,bonafide,hi-en,596505,mucs2021,none,channel_g711_20db,eval
${DATA_ROOT}/clips/596505_mSiZUO1cgwb8nNpA_0115.wav,bonafide,hi-en,596505,mucs2021,none,channel_g711_20db,eval
${DATA_ROOT}/clips/596505_mSiZUO1cgwb8nNpA_0116.wav,bonafide,hi-en,596505,mucs2021,none,channel_g711_20db,eval
${DATA_ROOT}/clips/596505_mSiZUO1cgwb8nNpA_0117.wav,bonafide,hi-en,596505,mucs2021,none,channel_g711_20db,eval
${DATA_ROOT}/clips/596505_mSiZUO1cgwb8nNpA_0118.wav,bonafide,hi-en,596505,mucs2021,none,channel_g711_20db,eval
${DATA_ROOT}/clips/596505_mSiZUO1cgwb8nNpA_0119.wav,bonafide,hi-en,596505,mucs2021,none,channel_g711_20db,eval
${DATA_ROOT}/clips/596505_mSiZUO1cgwb8nNpA_0120.wav,bonafide,hi-en,596505,mucs2021,none,channel_g711_20db,eval
${DATA_ROOT}/clips/596505_mSiZUO1cgwb8nNpA_0121.wav,bonafide,hi-en,596505,mucs2021,none,channel_g711_20db,eval
${DATA_ROOT}/clips/596505_mSiZUO1cgwb8nNpA_0122.wav,bonafide,hi-en,596505,mucs2021,none,channel_g711_20db,eval
${DATA_ROOT}/clips/596505_mSiZUO1cgwb8nNpA_0123.wav,bonafide,hi-en,596505,mucs2021,none,channel_g711_20db,eval
${DATA_ROOT}/clips/596505_mSiZUO1cgwb8nNpA_0124.wav,bonafide,hi-en,596505,mucs2021,none,channel_g711_20db,eval
${DATA_ROOT}/clips/596505_mSiZUO1cgwb8nNpA_0125.wav,bonafide,hi-en,596505,mucs2021,none,channel_g711_20db,eval
${DATA_ROOT}/clips/596505_mSiZUO1cgwb8nNpA_0126.wav,bonafide,hi-en,596505,mucs2021,none,channel_g711_20db,eval
${DATA_ROOT}/clips/596505_mSiZUO1cgwb8nNpA_0127.wav,bonafide,hi-en,596505,mucs2021,none,channel_g711_20db,eval
${DATA_ROOT}/clips/596505_mSiZUO1cgwb8nNpA_0128.wav,bonafide,hi-en,596505,mucs2021,none,channel_g711_20db,eval
${DATA_ROOT}/clips/596505_mSiZUO1cgwb8nNpA_0129.wav,bonafide,hi-en,596505,mucs2021,none,channel_g711_20db,eval
${DATA_ROOT}/clips/596505_mSiZUO1cgwb8nNpA_0130.wav,bonafide,hi-en,596505,mucs2021,none,channel_g711_20db,eval
${DATA_ROOT}/clips/596505_mSiZUO1cgwb8nNpA_0131.wav,bonafide,hi-en,596505,mucs2021,none,channel_g711_20db,eval
${DATA_ROOT}/clips/596505_mSiZUO1cgwb8nNpA_0132.wav,bonafide,hi-en,596505,mucs2021,none,channel_g711_20db,eval
${DATA_ROOT}/clips/596505_mSiZUO1cgwb8nNpA_0133.wav,bonafide,hi-en,596505,mucs2021,none,channel_g711_20db,eval
${DATA_ROOT}/clips/596505_mSiZUO1cgwb8nNpA_0134.wav,bonafide,hi-en,596505,mucs2021,none,channel_g711_20db,eval
${DATA_ROOT}/clips/596505_mSiZUO1cgwb8nNpA_0135.wav,bonafide,hi-en,596505,mucs2021,none,channel_g711_20db,eval
${DATA_ROOT}/clips/596505_mSiZUO1cgwb8nNpA_0136.wav,bonafide,hi-en,596505,mucs2021,none,channel_g711_20db,eval
${DATA_ROOT}/clips/596505_mSiZUO1cgwb8nNpA_0137.wav,bonafide,hi-en,596505,mucs2021,none,channel_g711_20db,eval
${DATA_ROOT}/clips/596505_mSiZUO1cgwb8nNpA_0138.wav,bonafide,hi-en,596505,mucs2021,none,channel_g711_20db,eval
${DATA_ROOT}/clips/596505_mSiZUO1cgwb8nNpA_0139.wav,bonafide,hi-en,596505,mucs2021,none,channel_g711_20db,eval
${DATA_ROOT}/clips/596505_mSiZUO1cgwb8nNpA_0140.wav,bonafide,hi-en,596505,mucs2021,none,channel_g711_20db,eval
${DATA_ROOT}/clips/596505_mSiZUO1cgwb8nNpA_0141.wav,bonafide,hi-en,596505,mucs2021,none,channel_g711_20db,eval
${DATA_ROOT}/clips/596505_mSiZUO1cgwb8nNpA_0142.wav,bonafide,hi-en,596505,mucs2021,none,channel_g711_20db,eval
${DATA_ROOT}/clips/596505_mSiZUO1cgwb8nNpA_0143.wav,bonafide,hi-en,596505,mucs2021,none,channel_g711_20db,eval
${DATA_ROOT}/clips/596505_mSiZUO1cgwb8nNpA_0144.wav,bonafide,hi-en,596505,mucs2021,none,channel_g711_20db,eval
${DATA_ROOT}/clips/596505_mSiZUO1cgwb8nNpA_0145.wav,bonafide,hi-en,596505,mucs2021,none,channel_g711_20db,eval
${DATA_ROOT}/clips/596505_mSiZUO1cgwb8nNpA_0146.wav,bonafide,hi-en,596505,mucs2021,none,channel_g711_20db,eval
${DATA_ROOT}/clips/596505_mSiZUO1cgwb8nNpA_0147.wav,bonafide,hi-en,596505,mucs2021,none,channel_g711_20db,eval
${DATA_ROOT}/clips/596505_mSiZUO1cgwb8nNpA_0148.wav,bonafide,hi-en,596505,mucs2021,none,channel_g711_20db,eval
${DATA_ROOT}/clips/596505_mSiZUO1cgwb8nNpA_0149.wav,bonafide,hi-en,596505,mucs2021,none,channel_g711_20db,eval
${DATA_ROOT}/clips/596505_mSiZUO1cgwb8nNpA_0150.wav,bonafide,hi-en,596505,mucs2021,none,channel_g711_20db,eval
${DATA_ROOT}/clips/596505_mSiZUO1cgwb8nNpA_0151.wav,bonafide,hi-en,596505,mucs2021,none,channel_g711_20db,eval
${DATA_ROOT}/clips/596505_mSiZUO1cgwb8nNpA_0152.wav,bonafide,hi-en,596505,mucs2021,none,channel_g711_20db,eval
${DATA_ROOT}/clips/596505_mSiZUO1cgwb8nNpA_0153.wav,bonafide,hi-en,596505,mucs2021,none,channel_g711_20db,eval
${DATA_ROOT}/clips/596505_mSiZUO1cgwb8nNpA_0154.wav,bonafide,hi-en,596505,mucs2021,none,channel_g711_20db,eval
${DATA_ROOT}/clips/596505_mSiZUO1cgwb8nNpA_0155.wav,bonafide,hi-en,596505,mucs2021,none,channel_g711_20db,eval
${DATA_ROOT}/clips/596505_mSiZUO1cgwb8nNpA_0156.wav,bonafide,hi-en,596505,mucs2021,none,channel_g711_20db,eval
${DATA_ROOT}/clips/596505_mSiZUO1cgwb8nNpA_0157.wav,bonafide,hi-en,596505,mucs2021,none,channel_g711_20db,eval
${DATA_ROOT}/clips/596505_mSiZUO1cgwb8nNpA_0158.wav,bonafide,hi-en,596505,mucs2021,none,channel_g711_20db,eval
${DATA_ROOT}/clips/596505_mSiZUO1cgwb8nNpA_0159.wav,bonafide,hi-en,596505,mucs2021,none,channel_g711_20db,eval
${DATA_ROOT}/clips/596505_mSiZUO1cgwb8nNpA_0160.wav,bonafide,hi-en,596505,mucs2021,none,channel_g711_20db,eval
${DATA_ROOT}/clips/596505_mSiZUO1cgwb8nNpA_0161.wav,bonafide,hi-en,596505,mucs2021,none,channel_g711_20db,eval
${DATA_ROOT}/clips/596505_mSiZUO1cgwb8nNpA_0162.wav,bonafide,hi-en,596505,mucs2021,none,channel_g711_20db,eval
${DATA_ROOT}/clips/596505_mSiZUO1cgwb8nNpA_0163.wav,bonafide,hi-en,596505,mucs2021,none,channel_g711_20db,eval
${DATA_ROOT}/clips/596505_mSiZUO1cgwb8nNpA_0164.wav,bonafide,hi-en,596505,mucs2021,none,channel_g711_20db,eval
${DATA_ROOT}/clips/596505_mSiZUO1cgwb8nNpA_0165.wav,bonafide,hi-en,596505,mucs2021,none,channel_g711_20db,eval
${DATA_ROOT}/clips/596505_mSiZUO1cgwb8nNpA_0166.wav,bonafide,hi-en,596505,mucs2021,none,channel_g711_20db,eval
${DATA_ROOT}/clips/596505_mSiZUO1cgwb8nNpA_0167.wav,bonafide,hi-en,596505,mucs2021,none,channel_g711_20db,eval
${DATA_ROOT}/clips/596505_mSiZUO1cgwb8nNpA_0168.wav,bonafide,hi-en,596505,mucs2021,none,channel_g711_20db,eval
${DATA_ROOT}/clips/596505_mSiZUO1cgwb8nNpA_0169.wav,bonafide,hi-en,596505,mucs2021,none,channel_g711_20db,eval
${DATA_ROOT}/clips/596505_mSiZUO1cgwb8nNpA_0170.wav,bonafide,hi-en,596505,mucs2021,none,channel_g711_20db,eval
${DATA_ROOT}/clips/596505_mSiZUO1cgwb8nNpA_0171.wav,bonafide,hi-en,596505,mucs2021,none,channel_g711_20db,eval
${DATA_ROOT}/clips/596505_mSiZUO1cgwb8nNpA_0172.wav,bonafide,hi-en,596505,mucs2021,none,channel_g711_20db,eval
${DATA_ROOT}/clips/596505_mSiZUO1cgwb8nNpA_0173.wav,bonafide,hi-en,596505,mucs2021,none,channel_g711_20db,eval
${DATA_ROOT}/clips/596505_mSiZUO1cgwb8nNpA_0174.wav,bonafide,hi-en,596505,mucs2021,none,channel_g711_20db,eval
${DATA_ROOT}/clips/596505_mSiZUO1cgwb8nNpA_0175.wav,bonafide,hi-en,596505,mucs2021,none,channel_g711_20db,eval
${DATA_ROOT}/clips/596505_mSiZUO1cgwb8nNpA_0176.wav,bonafide,hi-en,596505,mucs2021,none,channel_g711_20db,eval
${DATA_ROOT}/clips/596505_mSiZUO1cgwb8nNpA_0177.wav,bonafide,hi-en,596505,mucs2021,none,channel_g711_20db,eval
${DATA_ROOT}/clips/596505_mSiZUO1cgwb8nNpA_0178.wav,bonafide,hi-en,596505,mucs2021,none,channel_g711_20db,eval
${DATA_ROOT}/clips/596505_mSiZUO1cgwb8nNpA_0179.wav,bonafide,hi-en,596505,mucs2021,none,channel_g711_20db,eval
${DATA_ROOT}/clips/596505_mSiZUO1cgwb8nNpA_0180.wav,bonafide,hi-en,596505,mucs2021,none,channel_g711_20db,eval
${DATA_ROOT}/clips/596505_mSiZUO1cgwb8nNpA_0181.wav,bonafide,hi-en,596505,mucs2021,none,channel_g711_20db,eval
${DATA_ROOT}/clips/976811_t4ui2WmNjBa2OlEW_0000.wav,bonafide,hi-en,976811,mucs2021,none,channel_g711_20db,eval
${DATA_ROOT}/clips/976811_t4ui2WmNjBa2OlEW_0001.wav,bonafide,hi-en,976811,mucs2021,none,channel_g711_20db,eval
${DATA_ROOT}/clips/976811_t4ui2WmNjBa2OlEW_0002.wav,bonafide,hi-en,976811,mucs2021,none,channel_g711_20db,eval
${DATA_ROOT}/clips/976811_t4ui2WmNjBa2OlEW_0003.wav,bonafide,hi-en,976811,mucs2021,none,channel_g711_20db,eval
${DATA_ROOT}/clips/976811_t4ui2WmNjBa2OlEW_0004.wav,bonafide,hi-en,976811,mucs2021,none,channel_g711_20db,eval
${DATA_ROOT}/clips/976811_t4ui2WmNjBa2OlEW_0005.wav,bonafide,hi-en,976811,mucs2021,none,channel_g711_20db,eval
${DATA_ROOT}/clips/976811_t4ui2WmNjBa2OlEW_0006.wav,bonafide,hi-en,976811,mucs2021,none,channel_g711_20db,eval
${DATA_ROOT}/clips/976811_t4ui2WmNjBa2OlEW_0007.wav,bonafide,hi-en,976811,mucs2021,none,channel_g711_20db,eval
${DATA_ROOT}/clips/976811_t4ui2WmNjBa2OlEW_0008.wav,bonafide,hi-en,976811,mucs2021,none,channel_g711_20db,eval
${DATA_ROOT}/clips/976811_t4ui2WmNjBa2OlEW_0009.wav,bonafide,hi-en,976811,mucs2021,none,channel_g711_20db,eval
${DATA_ROOT}/clips/976811_t4ui2WmNjBa2OlEW_0010.wav,bonafide,hi-en,976811,mucs2021,none,channel_g711_20db,eval
${DATA_ROOT}/clips/976811_t4ui2WmNjBa2OlEW_0011.wav,bonafide,hi-en,976811,mucs2021,none,channel_g711_20db,eval
${DATA_ROOT}/clips/976811_t4ui2WmNjBa2OlEW_0012.wav,bonafide,hi-en,976811,mucs2021,none,channel_g711_20db,eval
${DATA_ROOT}/clips/976811_t4ui2WmNjBa2OlEW_0013.wav,bonafide,hi-en,976811,mucs2021,none,channel_g711_20db,eval
${DATA_ROOT}/clips/976811_t4ui2WmNjBa2OlEW_0014.wav,bonafide,hi-en,976811,mucs2021,none,channel_g711_20db,eval
${DATA_ROOT}/clips/976811_t4ui2WmNjBa2OlEW_0015.wav,bonafide,hi-en,976811,mucs2021,none,channel_g711_20db,eval
${DATA_ROOT}/clips/976811_t4ui2WmNjBa2OlEW_0016.wav,bonafide,hi-en,976811,mucs2021,none,channel_g711_20db,eval
${DATA_ROOT}/clips/976811_t4ui2WmNjBa2OlEW_0017.wav,bonafide,hi-en,976811,mucs2021,none,channel_g711_20db,eval
${DATA_ROOT}/clips/976811_t4ui2WmNjBa2OlEW_0018.wav,bonafide,hi-en,976811,mucs2021,none,channel_g711_20db,eval
${DATA_ROOT}/clips/976811_t4ui2WmNjBa2OlEW_0019.wav,bonafide,hi-en,976811,mucs2021,none,channel_g711_20db,eval
${DATA_ROOT}/clips/976811_t4ui2WmNjBa2OlEW_0020.wav,bonafide,hi-en,976811,mucs2021,none,channel_g711_20db,eval
${DATA_ROOT}/clips/976811_t4ui2WmNjBa2OlEW_0021.wav,bonafide,hi-en,976811,mucs2021,none,channel_g711_20db,eval
${DATA_ROOT}/clips/976811_t4ui2WmNjBa2OlEW_0022.wav,bonafide,hi-en,976811,mucs2021,none,channel_g711_20db,eval
${DATA_ROOT}/clips/976811_t4ui2WmNjBa2OlEW_0023.wav,bonafide,hi-en,976811,mucs2021,none,channel_g711_20db,eval
${DATA_ROOT}/clips/976811_t4ui2WmNjBa2OlEW_0024.wav,bonafide,hi-en,976811,mucs2021,none,channel_g711_20db,eval
${DATA_ROOT}/clips/976811_t4ui2WmNjBa2OlEW_0025.wav,bonafide,hi-en,976811,mucs2021,none,channel_g711_20db,eval
${DATA_ROOT}/clips/976811_t4ui2WmNjBa2OlEW_0026.wav,bonafide,hi-en,976811,mucs2021,none,channel_g711_20db,eval
${DATA_ROOT}/clips/976811_t4ui2WmNjBa2OlEW_0027.wav,bonafide,hi-en,976811,mucs2021,none,channel_g711_20db,eval
${DATA_ROOT}/clips/976811_t4ui2WmNjBa2OlEW_0028.wav,bonafide,hi-en,976811,mucs2021,none,channel_g711_20db,eval
${DATA_ROOT}/clips/976811_t4ui2WmNjBa2OlEW_0029.wav,bonafide,hi-en,976811,mucs2021,none,channel_g711_20db,eval
${DATA_ROOT}/clips/976811_t4ui2WmNjBa2OlEW_0030.wav,bonafide,hi-en,976811,mucs2021,none,channel_g711_20db,eval
${DATA_ROOT}/clips/976811_t4ui2WmNjBa2OlEW_0031.wav,bonafide,hi-en,976811,mucs2021,none,channel_g711_20db,eval
${DATA_ROOT}/clips/976811_t4ui2WmNjBa2OlEW_0032.wav,bonafide,hi-en,976811,mucs2021,none,channel_g711_20db,eval
${DATA_ROOT}/clips/976811_t4ui2WmNjBa2OlEW_0033.wav,bonafide,hi-en,976811,mucs2021,none,channel_g711_20db,eval
${DATA_ROOT}/clips/976811_t4ui2WmNjBa2OlEW_0034.wav,bonafide,hi-en,976811,mucs2021,none,channel_g711_20db,eval
${DATA_ROOT}/clips/976811_t4ui2WmNjBa2OlEW_0035.wav,bonafide,hi-en,976811,mucs2021,none,channel_g711_20db,eval
${DATA_ROOT}/clips/976811_t4ui2WmNjBa2OlEW_0036.wav,bonafide,hi-en,976811,mucs2021,none,channel_g711_20db,eval
${DATA_ROOT}/clips/976811_t4ui2WmNjBa2OlEW_0037.wav,bonafide,hi-en,976811,mucs2021,none,channel_g711_20db,eval
${DATA_ROOT}/clips/976811_t4ui2WmNjBa2OlEW_0038.wav,bonafide,hi-en,976811,mucs2021,none,channel_g711_20db,eval
${DATA_ROOT}/clips/976811_t4ui2WmNjBa2OlEW_0039.wav,bonafide,hi-en,976811,mucs2021,none,channel_g711_20db,eval
${DATA_ROOT}/clips/976811_t4ui2WmNjBa2OlEW_0040.wav,bonafide,hi-en,976811,mucs2021,none,channel_g711_20db,eval
${DATA_ROOT}/clips/976811_t4ui2WmNjBa2OlEW_0041.wav,bonafide,hi-en,976811,mucs2021,none,channel_g711_20db,eval
${DATA_ROOT}/clips/976811_t4ui2WmNjBa2OlEW_0042.wav,bonafide,hi-en,976811,mucs2021,none,channel_g711_20db,eval
${DATA_ROOT}/clips/976811_t4ui2WmNjBa2OlEW_0043.wav,bonafide,hi-en,976811,mucs2021,none,channel_g711_20db,eval
${DATA_ROOT}/clips/976811_t4ui2WmNjBa2OlEW_0044.wav,bonafide,hi-en,976811,mucs2021,none,channel_g711_20db,eval
${DATA_ROOT}/clips/976811_t4ui2WmNjBa2OlEW_0045.wav,bonafide,hi-en,976811,mucs2021,none,channel_g711_20db,eval
${DATA_ROOT}/clips/976811_t4ui2WmNjBa2OlEW_0046.wav,bonafide,hi-en,976811,mucs2021,none,channel_g711_20db,eval
${DATA_ROOT}/clips/976811_t4ui2WmNjBa2OlEW_0047.wav,bonafide,hi-en,976811,mucs2021,none,channel_g711_20db,eval
${DATA_ROOT}/clips/976811_t4ui2WmNjBa2OlEW_0048.wav,bonafide,hi-en,976811,mucs2021,none,channel_g711_20db,eval
${DATA_ROOT}/clips/976811_t4ui2WmNjBa2OlEW_0049.wav,bonafide,hi-en,976811,mucs2021,none,channel_g711_20db,eval
${DATA_ROOT}/clips/976811_t4ui2WmNjBa2OlEW_0050.wav,bonafide,hi-en,976811,mucs2021,none,channel_g711_20db,eval
${DATA_ROOT}/clips/976811_t4ui2WmNjBa2OlEW_0051.wav,bonafide,hi-en,976811,mucs2021,none,channel_g711_20db,eval
${DATA_ROOT}/clips/976811_t4ui2WmNjBa2OlEW_0052.wav,bonafide,hi-en,976811,mucs2021,none,channel_g711_20db,eval
${DATA_ROOT}/clips/976811_t4ui2WmNjBa2OlEW_0053.wav,bonafide,hi-en,976811,mucs2021,none,channel_g711_20db,eval
${DATA_ROOT}/clips/976811_t4ui2WmNjBa2OlEW_0054.wav,bonafide,hi-en,976811,mucs2021,none,channel_g711_20db,eval
${DATA_ROOT}/clips/976811_t4ui2WmNjBa2OlEW_0055.wav,bonafide,hi-en,976811,mucs2021,none,channel_g711_20db,eval
${DATA_ROOT}/clips/976811_t4ui2WmNjBa2OlEW_0056.wav,bonafide,hi-en,976811,mucs2021,none,channel_g711_20db,eval
${DATA_ROOT}/clips/976811_t4ui2WmNjBa2OlEW_0057.wav,bonafide,hi-en,976811,mucs2021,none,channel_g711_20db,eval
${DATA_ROOT}/clips/976811_t4ui2WmNjBa2OlEW_0058.wav,bonafide,hi-en,976811,mucs2021,none,channel_g711_20db,eval
${DATA_ROOT}/clips/976811_t4ui2WmNjBa2OlEW_0059.wav,bonafide,hi-en,976811,mucs2021,none,channel_g711_20db,eval
${DATA_ROOT}/clips/976811_t4ui2WmNjBa2OlEW_0060.wav,bonafide,hi-en,976811,mucs2021,none,channel_g711_20db,eval
${DATA_ROOT}/clips/976811_t4ui2WmNjBa2OlEW_0061.wav,bonafide,hi-en,976811,mucs2021,none,channel_g711_20db,eval
${DATA_ROOT}/clips/976811_t4ui2WmNjBa2OlEW_0062.wav,bonafide,hi-en,976811,mucs2021,none,channel_g711_20db,eval
${DATA_ROOT}/clips/976811_t4ui2WmNjBa2OlEW_0063.wav,bonafide,hi-en,976811,mucs2021,none,channel_g711_20db,eval
${DATA_ROOT}/clips/976811_t4ui2WmNjBa2OlEW_0064.wav,bonafide,hi-en,976811,mucs2021,none,channel_g711_20db,eval
${DATA_ROOT}/clips/976811_t4ui2WmNjBa2OlEW_0065.wav,bonafide,hi-en,976811,mucs2021,none,channel_g711_20db,eval
${DATA_ROOT}/clips/976811_t4ui2WmNjBa2OlEW_0066.wav,bonafide,hi-en,976811,mucs2021,none,channel_g711_20db,eval
${DATA_ROOT}/clips/976811_t4ui2WmNjBa2OlEW_0067.wav,bonafide,hi-en,976811,mucs2021,none,channel_g711_20db,eval
${DATA_ROOT}/clips/976811_t4ui2WmNjBa2OlEW_0068.wav,bonafide,hi-en,976811,mucs2021,none,channel_g711_20db,eval
${DATA_ROOT}/clips/976811_t4ui2WmNjBa2OlEW_0069.wav,bonafide,hi-en,976811,mucs2021,none,channel_g711_20db,eval
${DATA_ROOT}/clips/976811_t4ui2WmNjBa2OlEW_0070.wav,bonafide,hi-en,976811,mucs2021,none,channel_g711_20db,eval
${DATA_ROOT}/clips/976811_t4ui2WmNjBa2OlEW_0071.wav,bonafide,hi-en,976811,mucs2021,none,channel_g711_20db,eval
${DATA_ROOT}/clips/976811_t4ui2WmNjBa2OlEW_0072.wav,bonafide,hi-en,976811,mucs2021,none,channel_g711_20db,eval
${DATA_ROOT}/clips/976811_t4ui2WmNjBa2OlEW_0073.wav,bonafide,hi-en,976811,mucs2021,none,channel_g711_20db,eval
${DATA_ROOT}/clips/976811_t4ui2WmNjBa2OlEW_0074.wav,bonafide,hi-en,976811,mucs2021,none,channel_g711_20db,eval
${DATA_ROOT}/clips/976811_t4ui2WmNjBa2OlEW_0075.wav,bonafide,hi-en,976811,mucs2021,none,channel_g711_20db,eval
${DATA_ROOT}/clips/976811_t4ui2WmNjBa2OlEW_0076.wav,bonafide,hi-en,976811,mucs2021,none,channel_g711_20db,eval
${DATA_ROOT}/clips/976811_t4ui2WmNjBa2OlEW_0077.wav,bonafide,hi-en,976811,mucs2021,none,channel_g711_20db,eval
${DATA_ROOT}/clips/976811_t4ui2WmNjBa2OlEW_0078.wav,bonafide,hi-en,976811,mucs2021,none,channel_g711_20db,eval
${DATA_ROOT}/clips/976811_t4ui2WmNjBa2OlEW_0079.wav,bonafide,hi-en,976811,mucs2021,none,channel_g711_20db,eval
${DATA_ROOT}/clips/976811_t4ui2WmNjBa2OlEW_0080.wav,bonafide,hi-en,976811,mucs2021,none,channel_g711_20db,eval
${DATA_ROOT}/clips/976811_t4ui2WmNjBa2OlEW_0081.wav,bonafide,hi-en,976811,mucs2021,none,channel_g711_20db,eval
${DATA_ROOT}/clips/976811_t4ui2WmNjBa2OlEW_0082.wav,bonafide,hi-en,976811,mucs2021,none,channel_g711_20db,eval
${DATA_ROOT}/clips/976811_t4ui2WmNjBa2OlEW_0083.wav,bonafide,hi-en,976811,mucs2021,none,channel_g711_20db,eval
${DATA_ROOT}/clips/976811_t4ui2WmNjBa2OlEW_0084.wav,bonafide,hi-en,976811,mucs2021,none,channel_g711_20db,eval
${DATA_ROOT}/clips/976811_t4ui2WmNjBa2OlEW_0085.wav,bonafide,hi-en,976811,mucs2021,none,channel_g711_20db,eval
${DATA_ROOT}/clips/976811_t4ui2WmNjBa2OlEW_0086.wav,bonafide,hi-en,976811,mucs2021,none,channel_g711_20db,eval
${DATA_ROOT}/clips/976811_t4ui2WmNjBa2OlEW_0087.wav,bonafide,hi-en,976811,mucs2021,none,channel_g711_20db,eval
${DATA_ROOT}/clips/976811_t4ui2WmNjBa2OlEW_0088.wav,bonafide,hi-en,976811,mucs2021,none,channel_g711_20db,eval
${DATA_ROOT}/clips/976811_t4ui2WmNjBa2OlEW_0089.wav,bonafide,hi-en,976811,mucs2021,none,channel_g711_20db,eval
${DATA_ROOT}/clips/976811_t4ui2WmNjBa2OlEW_0090.wav,bonafide,hi-en,976811,mucs2021,none,channel_g711_20db,eval
${DATA_ROOT}/clips/976811_t4ui2WmNjBa2OlEW_0091.wav,bonafide,hi-en,976811,mucs2021,none,channel_g711_20db,eval
${DATA_ROOT}/clips/976811_t4ui2WmNjBa2OlEW_0092.wav,bonafide,hi-en,976811,mucs2021,none,channel_g711_20db,eval
${DATA_ROOT}/clips/976811_t4ui2WmNjBa2OlEW_0093.wav,bonafide,hi-en,976811,mucs2021,none,channel_g711_20db,eval
${DATA_ROOT}/clips/976811_t4ui2WmNjBa2OlEW_0094.wav,bonafide,hi-en,976811,mucs2021,none,channel_g711_20db,eval
${DATA_ROOT}/clips/976811_t4ui2WmNjBa2OlEW_0095.wav,bonafide,hi-en,976811,mucs2021,none,channel_g711_20db,eval
${DATA_ROOT}/clips/976811_t4ui2WmNjBa2OlEW_0096.wav,bonafide,hi-en,976811,mucs2021,none,channel_g711_20db,eval
${DATA_ROOT}/clips/976811_t4ui2WmNjBa2OlEW_0097.wav,bonafide,hi-en,976811,mucs2021,none,channel_g711_20db,eval
${DATA_ROOT}/clips/976811_t4ui2WmNjBa2OlEW_0098.wav,bonafide,hi-en,976811,mucs2021,none,channel_g711_20db,eval
${DATA_ROOT}/clips/tortoise_111627_00001.wav,spoof,hi-en,111627,cm04,tortoise,channel_g711_20db,eval
${DATA_ROOT}/clips/tortoise_136325_00003.wav,spoof,hi-en,136325,cm04,tortoise,channel_g711_20db,eval
${DATA_ROOT}/clips/tortoise_165325_00005.wav,spoof,hi-en,165325,cm04,tortoise,channel_g711_20db,eval
${DATA_ROOT}/clips/tortoise_232748_00007.wav,spoof,hi-en,232748,cm04,tortoise,channel_g711_20db,eval
${DATA_ROOT}/clips/tortoise_386410_00009.wav,spoof,hi-en,386410,cm04,tortoise,channel_g711_20db,eval
${DATA_ROOT}/clips/tortoise_577537_00011.wav,spoof,hi-en,577537,cm04,tortoise,channel_g711_20db,eval
${DATA_ROOT}/clips/tortoise_596505_00013.wav,spoof,hi-en,596505,cm04,tortoise,channel_g711_20db,eval
${DATA_ROOT}/clips/tortoise_976811_00015.wav,spoof,hi-en,976811,cm04,tortoise,channel_g711_20db,eval
${DATA_ROOT}/clips/tortoise_111627_00016.wav,spoof,hi-en,111627,cm04,tortoise,channel_g711_20db,eval
${DATA_ROOT}/clips/tortoise_165325_00020.wav,spoof,hi-en,165325,cm04,tortoise,channel_g711_20db,eval
${DATA_ROOT}/clips/tortoise_232748_00022.wav,spoof,hi-en,232748,cm04,tortoise,channel_g711_20db,eval
${DATA_ROOT}/clips/tortoise_386410_00024.wav,spoof,hi-en,386410,cm04,tortoise,channel_g711_20db,eval
${DATA_ROOT}/clips/tortoise_577537_00026.wav,spoof,hi-en,577537,cm04,tortoise,channel_g711_20db,eval
${DATA_ROOT}/clips/tortoise_596505_00028.wav,spoof,hi-en,596505,cm04,tortoise,channel_g711_20db,eval
${DATA_ROOT}/clips/tortoise_976811_00030.wav,spoof,hi-en,976811,cm04,tortoise,channel_g711_20db,eval
${DATA_ROOT}/clips/tortoise_111627_00031.wav,spoof,hi-en,111627,cm04,tortoise,channel_g711_20db,eval
${DATA_ROOT}/clips/tortoise_165325_00035.wav,spoof,hi-en,165325,cm04,tortoise,channel_g711_20db,eval
${DATA_ROOT}/clips/tortoise_232748_00037.wav,spoof,hi-en,232748,cm04,tortoise,channel_g711_20db,eval
${DATA_ROOT}/clips/tortoise_386410_00039.wav,spoof,hi-en,386410,cm04,tortoise,channel_g711_20db,eval
${DATA_ROOT}/clips/tortoise_577537_00041.wav,spoof,hi-en,577537,cm04,tortoise,channel_g711_20db,eval
${DATA_ROOT}/clips/tortoise_596505_00043.wav,spoof,hi-en,596505,cm04,tortoise,channel_g711_20db,eval
${DATA_ROOT}/clips/tortoise_976811_00045.wav,spoof,hi-en,976811,cm04,tortoise,channel_g711_20db,eval
${DATA_ROOT}/clips/tortoise_111627_00046.wav,spoof,hi-en,111627,cm04,tortoise,channel_g711_20db,eval
${DATA_ROOT}/clips/tortoise_136325_00048.wav,spoof,hi-en,136325,cm04,tortoise,channel_g711_20db,eval
${DATA_ROOT}/clips/tortoise_165325_00050.wav,spoof,hi-en,165325,cm04,tortoise,channel_g711_20db,eval
${DATA_ROOT}/clips/tortoise_232748_00052.wav,spoof,hi-en,232748,cm04,tortoise,channel_g711_20db,eval
${DATA_ROOT}/clips/tortoise_386410_00054.wav,spoof,hi-en,386410,cm04,tortoise,channel_g711_20db,eval
${DATA_ROOT}/clips/tortoise_577537_00056.wav,spoof,hi-en,577537,cm04,tortoise,channel_g711_20db,eval
${DATA_ROOT}/clips/tortoise_596505_00058.wav,spoof,hi-en,596505,cm04,tortoise,channel_g711_20db,eval
${DATA_ROOT}/clips/tortoise_976811_00060.wav,spoof,hi-en,976811,cm04,tortoise,channel_g711_20db,eval
${DATA_ROOT}/clips/tortoise_111627_00061.wav,spoof,hi-en,111627,cm04,tortoise,channel_g711_20db,eval
${DATA_ROOT}/clips/tortoise_136325_00063.wav,spoof,hi-en,136325,cm04,tortoise,channel_g711_20db,eval
${DATA_ROOT}/clips/tortoise_165325_00065.wav,spoof,hi-en,165325,cm04,tortoise,channel_g711_20db,eval
${DATA_ROOT}/clips/tortoise_232748_00067.wav,spoof,hi-en,232748,cm04,tortoise,channel_g711_20db,eval
${DATA_ROOT}/clips/tortoise_386410_00069.wav,spoof,hi-en,386410,cm04,tortoise,channel_g711_20db,eval
${DATA_ROOT}/clips/tortoise_577537_00071.wav,spoof,hi-en,577537,cm04,tortoise,channel_g711_20db,eval
${DATA_ROOT}/clips/tortoise_596505_00073.wav,spoof,hi-en,596505,cm04,tortoise,channel_g711_20db,eval
${DATA_ROOT}/clips/tortoise_976811_00075.wav,spoof,hi-en,976811,cm04,tortoise,channel_g711_20db,eval
${DATA_ROOT}/clips/tortoise_111627_00076.wav,spoof,hi-en,111627,cm04,tortoise,channel_g711_20db,eval
${DATA_ROOT}/clips/tortoise_165325_00080.wav,spoof,hi-en,165325,cm04,tortoise,channel_g711_20db,eval
${DATA_ROOT}/clips/tortoise_232748_00082.wav,spoof,hi-en,232748,cm04,tortoise,channel_g711_20db,eval
${DATA_ROOT}/clips/tortoise_386410_00084.wav,spoof,hi-en,386410,cm04,tortoise,channel_g711_20db,eval
${DATA_ROOT}/clips/tortoise_577537_00086.wav,spoof,hi-en,577537,cm04,tortoise,channel_g711_20db,eval
${DATA_ROOT}/clips/tortoise_596505_00088.wav,spoof,hi-en,596505,cm04,tortoise,channel_g711_20db,eval
${DATA_ROOT}/clips/tortoise_976811_00090.wav,spoof,hi-en,976811,cm04,tortoise,channel_g711_20db,eval
${DATA_ROOT}/clips/tortoise_111627_00091.wav,spoof,hi-en,111627,cm04,tortoise,channel_g711_20db,eval
${DATA_ROOT}/clips/tortoise_165325_00095.wav,spoof,hi-en,165325,cm04,tortoise,channel_g711_20db,eval
${DATA_ROOT}/clips/tortoise_232748_00097.wav,spoof,hi-en,232748,cm04,tortoise,channel_g711_20db,eval
${DATA_ROOT}/clips/tortoise_386410_00099.wav,spoof,hi-en,386410,cm04,tortoise,channel_g711_20db,eval
${DATA_ROOT}/clips/tortoise_577537_00101.wav,spoof,hi-en,577537,cm04,tortoise,channel_g711_20db,eval
${DATA_ROOT}/clips/tortoise_596505_00103.wav,spoof,hi-en,596505,cm04,tortoise,channel_g711_20db,eval
${DATA_ROOT}/clips/tortoise_976811_00105.wav,spoof,hi-en,976811,cm04,tortoise,channel_g711_20db,eval
${DATA_ROOT}/clips/tortoise_111627_00106.wav,spoof,hi-en,111627,cm04,tortoise,channel_g711_20db,eval
${DATA_ROOT}/clips/tortoise_165325_00110.wav,spoof,hi-en,165325,cm04,tortoise,channel_g711_20db,eval
${DATA_ROOT}/clips/tortoise_232748_00112.wav,spoof,hi-en,232748,cm04,tortoise,channel_g711_20db,eval
${DATA_ROOT}/clips/tortoise_386410_00114.wav,spoof,hi-en,386410,cm04,tortoise,channel_g711_20db,eval
${DATA_ROOT}/clips/tortoise_577537_00116.wav,spoof,hi-en,577537,cm04,tortoise,channel_g711_20db,eval
${DATA_ROOT}/clips/tortoise_596505_00118.wav,spoof,hi-en,596505,cm04,tortoise,channel_g711_20db,eval
${DATA_ROOT}/clips/tortoise_976811_00120.wav,spoof,hi-en,976811,cm04,tortoise,channel_g711_20db,eval
${DATA_ROOT}/clips/tortoise_111627_00121.wav,spoof,hi-en,111627,cm04,tortoise,channel_g711_20db,eval
${DATA_ROOT}/clips/tortoise_165325_00125.wav,spoof,hi-en,165325,cm04,tortoise,channel_g711_20db,eval
${DATA_ROOT}/clips/tortoise_232748_00127.wav,spoof,hi-en,232748,cm04,tortoise,channel_g711_20db,eval
${DATA_ROOT}/clips/tortoise_386410_00129.wav,spoof,hi-en,386410,cm04,tortoise,channel_g711_20db,eval
${DATA_ROOT}/clips/tortoise_577537_00131.wav,spoof,hi-en,577537,cm04,tortoise,channel_g711_20db,eval
${DATA_ROOT}/clips/tortoise_596505_00133.wav,spoof,hi-en,596505,cm04,tortoise,channel_g711_20db,eval
${DATA_ROOT}/clips/tortoise_976811_00135.wav,spoof,hi-en,976811,cm04,tortoise,channel_g711_20db,eval
${DATA_ROOT}/clips/tortoise_111627_00136.wav,spoof,hi-en,111627,cm04,tortoise,channel_g711_20db,eval
${DATA_ROOT}/clips/tortoise_136325_00138.wav,spoof,hi-en,136325,cm04,tortoise,channel_g711_20db,eval
${DATA_ROOT}/clips/tortoise_165325_00140.wav,spoof,hi-en,165325,cm04,tortoise,channel_g711_20db,eval
${DATA_ROOT}/clips/tortoise_232748_00142.wav,spoof,hi-en,232748,cm04,tortoise,channel_g711_20db,eval
${DATA_ROOT}/clips/tortoise_386410_00144.wav,spoof,hi-en,386410,cm04,tortoise,channel_g711_20db,eval
${DATA_ROOT}/clips/tortoise_577537_00146.wav,spoof,hi-en,577537,cm04,tortoise,channel_g711_20db,eval
${DATA_ROOT}/clips/tortoise_596505_00148.wav,spoof,hi-en,596505,cm04,tortoise,channel_g711_20db,eval
${DATA_ROOT}/clips/tortoise_976811_00150.wav,spoof,hi-en,976811,cm04,tortoise,channel_g711_20db,eval
${DATA_ROOT}/clips/tortoise_111627_00151.wav,spoof,hi-en,111627,cm04,tortoise,channel_g711_20db,eval
${DATA_ROOT}/clips/tortoise_136325_00153.wav,spoof,hi-en,136325,cm04,tortoise,channel_g711_20db,eval
${DATA_ROOT}/clips/tortoise_165325_00155.wav,spoof,hi-en,165325,cm04,tortoise,channel_g711_20db,eval
${DATA_ROOT}/clips/tortoise_232748_00157.wav,spoof,hi-en,232748,cm04,tortoise,channel_g711_20db,eval
${DATA_ROOT}/clips/tortoise_386410_00159.wav,spoof,hi-en,386410,cm04,tortoise,channel_g711_20db,eval
${DATA_ROOT}/clips/tortoise_577537_00161.wav,spoof,hi-en,577537,cm04,tortoise,channel_g711_20db,eval
${DATA_ROOT}/clips/tortoise_596505_00163.wav,spoof,hi-en,596505,cm04,tortoise,channel_g711_20db,eval
${DATA_ROOT}/clips/tortoise_976811_00165.wav,spoof,hi-en,976811,cm04,tortoise,channel_g711_20db,eval
${DATA_ROOT}/clips/tortoise_111627_00166.wav,spoof,hi-en,111627,cm04,tortoise,channel_g711_20db,eval
${DATA_ROOT}/clips/tortoise_136325_00168.wav,spoof,hi-en,136325,cm04,tortoise,channel_g711_20db,eval
${DATA_ROOT}/clips/tortoise_165325_00170.wav,spoof,hi-en,165325,cm04,tortoise,channel_g711_20db,eval
${DATA_ROOT}/clips/tortoise_232748_00172.wav,spoof,hi-en,232748,cm04,tortoise,channel_g711_20db,eval
${DATA_ROOT}/clips/tortoise_386410_00174.wav,spoof,hi-en,386410,cm04,tortoise,channel_g711_20db,eval
${DATA_ROOT}/clips/tortoise_577537_00176.wav,spoof,hi-en,577537,cm04,tortoise,channel_g711_20db,eval
${DATA_ROOT}/clips/tortoise_596505_00178.wav,spoof,hi-en,596505,cm04,tortoise,channel_g711_20db,eval
${DATA_ROOT}/clips/tortoise_976811_00180.wav,spoof,hi-en,976811,cm04,tortoise,channel_g711_20db,eval
${DATA_ROOT}/clips/tortoise_111627_00181.wav,spoof,hi-en,111627,cm04,tortoise,channel_g711_20db,eval
${DATA_ROOT}/clips/tortoise_136325_00183.wav,spoof,hi-en,136325,cm04,tortoise,channel_g711_20db,eval
${DATA_ROOT}/clips/tortoise_165325_00185.wav,spoof,hi-en,165325,cm04,tortoise,channel_g711_20db,eval
${DATA_ROOT}/clips/tortoise_232748_00187.wav,spoof,hi-en,232748,cm04,tortoise,channel_g711_20db,eval
${DATA_ROOT}/clips/tortoise_596505_00193.wav,spoof,hi-en,596505,cm04,tortoise,channel_g711_20db,eval
${DATA_ROOT}/clips/tortoise_976811_00195.wav,spoof,hi-en,976811,cm04,tortoise,channel_g711_20db,eval
${DATA_ROOT}/clips/tortoise_136325_00198.wav,spoof,hi-en,136325,cm04,tortoise,channel_g711_20db,eval
${DATA_ROOT}/clips/tortoise_165325_00200.wav,spoof,hi-en,165325,cm04,tortoise,channel_g711_20db,eval
${DATA_ROOT}/clips/tortoise_232748_00202.wav,spoof,hi-en,232748,cm04,tortoise,channel_g711_20db,eval
${DATA_ROOT}/clips/tortoise_386410_00204.wav,spoof,hi-en,386410,cm04,tortoise,channel_g711_20db,eval
${DATA_ROOT}/clips/tortoise_577537_00206.wav,spoof,hi-en,577537,cm04,tortoise,channel_g711_20db,eval
${DATA_ROOT}/clips/tortoise_596505_00208.wav,spoof,hi-en,596505,cm04,tortoise,channel_g711_20db,eval
${DATA_ROOT}/clips/tortoise_976811_00210.wav,spoof,hi-en,976811,cm04,tortoise,channel_g711_20db,eval
${DATA_ROOT}/clips/tortoise_111627_00211.wav,spoof,hi-en,111627,cm04,tortoise,channel_g711_20db,eval
${DATA_ROOT}/clips/tortoise_165325_00215.wav,spoof,hi-en,165325,cm04,tortoise,channel_g711_20db,eval
${DATA_ROOT}/clips/tortoise_232748_00217.wav,spoof,hi-en,232748,cm04,tortoise,channel_g711_20db,eval
${DATA_ROOT}/clips/tortoise_386410_00219.wav,spoof,hi-en,386410,cm04,tortoise,channel_g711_20db,eval
${DATA_ROOT}/clips/tortoise_577537_00221.wav,spoof,hi-en,577537,cm04,tortoise,channel_g711_20db,eval
${DATA_ROOT}/clips/tortoise_596505_00223.wav,spoof,hi-en,596505,cm04,tortoise,channel_g711_20db,eval
${DATA_ROOT}/clips/tortoise_976811_00225.wav,spoof,hi-en,976811,cm04,tortoise,channel_g711_20db,eval
${DATA_ROOT}/clips/tortoise_111627_00226.wav,spoof,hi-en,111627,cm04,tortoise,channel_g711_20db,eval
${DATA_ROOT}/clips/tortoise_136325_00228.wav,spoof,hi-en,136325,cm04,tortoise,channel_g711_20db,eval
${DATA_ROOT}/clips/tortoise_165325_00230.wav,spoof,hi-en,165325,cm04,tortoise,channel_g711_20db,eval
${DATA_ROOT}/clips/tortoise_232748_00232.wav,spoof,hi-en,232748,cm04,tortoise,channel_g711_20db,eval
${DATA_ROOT}/clips/tortoise_386410_00234.wav,spoof,hi-en,386410,cm04,tortoise,channel_g711_20db,eval
${DATA_ROOT}/clips/tortoise_577537_00236.wav,spoof,hi-en,577537,cm04,tortoise,channel_g711_20db,eval
${DATA_ROOT}/clips/tortoise_596505_00238.wav,spoof,hi-en,596505,cm04,tortoise,channel_g711_20db,eval
${DATA_ROOT}/clips/tortoise_976811_00240.wav,spoof,hi-en,976811,cm04,tortoise,channel_g711_20db,eval
${DATA_ROOT}/clips/tortoise_111627_00241.wav,spoof,hi-en,111627,cm04,tortoise,channel_g711_20db,eval
${DATA_ROOT}/clips/tortoise_165325_00245.wav,spoof,hi-en,165325,cm04,tortoise,channel_g711_20db,eval
${DATA_ROOT}/clips/tortoise_232748_00247.wav,spoof,hi-en,232748,cm04,tortoise,channel_g711_20db,eval
${DATA_ROOT}/clips/tortoise_386410_00249.wav,spoof,hi-en,386410,cm04,tortoise,channel_g711_20db,eval
${DATA_ROOT}/clips/tortoise_577537_00251.wav,spoof,hi-en,577537,cm04,tortoise,channel_g711_20db,eval
${DATA_ROOT}/clips/tortoise_596505_00253.wav,spoof,hi-en,596505,cm04,tortoise,channel_g711_20db,eval
${DATA_ROOT}/clips/tortoise_976811_00255.wav,spoof,hi-en,976811,cm04,tortoise,channel_g711_20db,eval
${DATA_ROOT}/clips/tortoise_111627_00256.wav,spoof,hi-en,111627,cm04,tortoise,channel_g711_20db,eval
${DATA_ROOT}/clips/tortoise_165325_00260.wav,spoof,hi-en,165325,cm04,tortoise,channel_g711_20db,eval
${DATA_ROOT}/clips/tortoise_232748_00262.wav,spoof,hi-en,232748,cm04,tortoise,channel_g711_20db,eval
${DATA_ROOT}/clips/tortoise_386410_00264.wav,spoof,hi-en,386410,cm04,tortoise,channel_g711_20db,eval
${DATA_ROOT}/clips/tortoise_577537_00266.wav,spoof,hi-en,577537,cm04,tortoise,channel_g711_20db,eval
${DATA_ROOT}/clips/tortoise_596505_00268.wav,spoof,hi-en,596505,cm04,tortoise,channel_g711_20db,eval
${DATA_ROOT}/clips/tortoise_976811_00270.wav,spoof,hi-en,976811,cm04,tortoise,channel_g711_20db,eval
${DATA_ROOT}/clips/tortoise_165325_00275.wav,spoof,hi-en,165325,cm04,tortoise,channel_g711_20db,eval
${DATA_ROOT}/clips/tortoise_232748_00277.wav,spoof,hi-en,232748,cm04,tortoise,channel_g711_20db,eval
${DATA_ROOT}/clips/tortoise_386410_00279.wav,spoof,hi-en,386410,cm04,tortoise,channel_g711_20db,eval
${DATA_ROOT}/clips/tortoise_577537_00281.wav,spoof,hi-en,577537,cm04,tortoise,channel_g711_20db,eval
${DATA_ROOT}/clips/tortoise_596505_00283.wav,spoof,hi-en,596505,cm04,tortoise,channel_g711_20db,eval
${DATA_ROOT}/clips/tortoise_976811_00285.wav,spoof,hi-en,976811,cm04,tortoise,channel_g711_20db,eval
${DATA_ROOT}/clips/tortoise_111627_00286.wav,spoof,hi-en,111627,cm04,tortoise,channel_g711_20db,eval
${DATA_ROOT}/clips/tortoise_136325_00288.wav,spoof,hi-en,136325,cm04,tortoise,channel_g711_20db,eval
${DATA_ROOT}/clips/tortoise_165325_00290.wav,spoof,hi-en,165325,cm04,tortoise,channel_g711_20db,eval
${DATA_ROOT}/clips/tortoise_232748_00292.wav,spoof,hi-en,232748,cm04,tortoise,channel_g711_20db,eval
${DATA_ROOT}/clips/tortoise_386410_00294.wav,spoof,hi-en,386410,cm04,tortoise,channel_g711_20db,eval
${DATA_ROOT}/clips/tortoise_577537_00296.wav,spoof,hi-en,577537,cm04,tortoise,channel_g711_20db,eval
${DATA_ROOT}/clips/tortoise_596505_00298.wav,spoof,hi-en,596505,cm04,tortoise,channel_g711_20db,eval
${DATA_ROOT}/clips/tortoise_976811_00300.wav,spoof,hi-en,976811,cm04,tortoise,channel_g711_20db,eval
${DATA_ROOT}/clips/tortoise_111627_00301.wav,spoof,hi-en,111627,cm04,tortoise,channel_g711_20db,eval
${DATA_ROOT}/clips/tortoise_136325_00303.wav,spoof,hi-en,136325,cm04,tortoise,channel_g711_20db,eval
${DATA_ROOT}/clips/tortoise_165325_00305.wav,spoof,hi-en,165325,cm04,tortoise,channel_g711_20db,eval
${DATA_ROOT}/clips/tortoise_232748_00307.wav,spoof,hi-en,232748,cm04,tortoise,channel_g711_20db,eval
${DATA_ROOT}/clips/tortoise_386410_00309.wav,spoof,hi-en,386410,cm04,tortoise,channel_g711_20db,eval
${DATA_ROOT}/clips/tortoise_577537_00311.wav,spoof,hi-en,577537,cm04,tortoise,channel_g711_20db,eval
${DATA_ROOT}/clips/tortoise_596505_00313.wav,spoof,hi-en,596505,cm04,tortoise,channel_g711_20db,eval
${DATA_ROOT}/clips/tortoise_976811_00315.wav,spoof,hi-en,976811,cm04,tortoise,channel_g711_20db,eval
${DATA_ROOT}/clips/tortoise_111627_00316.wav,spoof,hi-en,111627,cm04,tortoise,channel_g711_20db,eval
${DATA_ROOT}/clips/tortoise_136325_00318.wav,spoof,hi-en,136325,cm04,tortoise,channel_g711_20db,eval
${DATA_ROOT}/clips/tortoise_165325_00320.wav,spoof,hi-en,165325,cm04,tortoise,channel_g711_20db,eval
${DATA_ROOT}/clips/tortoise_386410_00324.wav,spoof,hi-en,386410,cm04,tortoise,channel_g711_20db,eval
${DATA_ROOT}/clips/tortoise_577537_00326.wav,spoof,hi-en,577537,cm04,tortoise,channel_g711_20db,eval
${DATA_ROOT}/clips/tortoise_596505_00328.wav,spoof,hi-en,596505,cm04,tortoise,channel_g711_20db,eval
${DATA_ROOT}/clips/tortoise_976811_00330.wav,spoof,hi-en,976811,cm04,tortoise,channel_g711_20db,eval
${DATA_ROOT}/clips/tortoise_111627_00331.wav,spoof,hi-en,111627,cm04,tortoise,channel_g711_20db,eval
${DATA_ROOT}/clips/tortoise_165325_00335.wav,spoof,hi-en,165325,cm04,tortoise,channel_g711_20db,eval
${DATA_ROOT}/clips/tortoise_232748_00337.wav,spoof,hi-en,232748,cm04,tortoise,channel_g711_20db,eval
${DATA_ROOT}/clips/tortoise_386410_00339.wav,spoof,hi-en,386410,cm04,tortoise,channel_g711_20db,eval
${DATA_ROOT}/clips/tortoise_577537_00341.wav,spoof,hi-en,577537,cm04,tortoise,channel_g711_20db,eval
${DATA_ROOT}/clips/tortoise_976811_00345.wav,spoof,hi-en,976811,cm04,tortoise,channel_g711_20db,eval
${DATA_ROOT}/clips/tortoise_111627_00346.wav,spoof,hi-en,111627,cm04,tortoise,channel_g711_20db,eval
${DATA_ROOT}/clips/tortoise_136325_00348.wav,spoof,hi-en,136325,cm04,tortoise,channel_g711_20db,eval
${DATA_ROOT}/clips/tortoise_232748_00352.wav,spoof,hi-en,232748,cm04,tortoise,channel_g711_20db,eval
${DATA_ROOT}/clips/tortoise_386410_00354.wav,spoof,hi-en,386410,cm04,tortoise,channel_g711_20db,eval
${DATA_ROOT}/clips/tortoise_577537_00356.wav,spoof,hi-en,577537,cm04,tortoise,channel_g711_20db,eval
${DATA_ROOT}/clips/tortoise_596505_00358.wav,spoof,hi-en,596505,cm04,tortoise,channel_g711_20db,eval
${DATA_ROOT}/clips/tortoise_976811_00360.wav,spoof,hi-en,976811,cm04,tortoise,channel_g711_20db,eval
${DATA_ROOT}/clips/tortoise_111627_00361.wav,spoof,hi-en,111627,cm04,tortoise,channel_g711_20db,eval
${DATA_ROOT}/clips/tortoise_165325_00365.wav,spoof,hi-en,165325,cm04,tortoise,channel_g711_20db,eval
${DATA_ROOT}/clips/tortoise_232748_00367.wav,spoof,hi-en,232748,cm04,tortoise,channel_g711_20db,eval
${DATA_ROOT}/clips/tortoise_386410_00369.wav,spoof,hi-en,386410,cm04,tortoise,channel_g711_20db,eval
${DATA_ROOT}/clips/tortoise_577537_00371.wav,spoof,hi-en,577537,cm04,tortoise,channel_g711_20db,eval
${DATA_ROOT}/clips/tortoise_596505_00373.wav,spoof,hi-en,596505,cm04,tortoise,channel_g711_20db,eval
${DATA_ROOT}/clips/tortoise_976811_00375.wav,spoof,hi-en,976811,cm04,tortoise,channel_g711_20db,eval
${DATA_ROOT}/clips/tortoise_111627_00376.wav,spoof,hi-en,111627,cm04,tortoise,channel_g711_20db,eval
${DATA_ROOT}/clips/tortoise_165325_00380.wav,spoof,hi-en,165325,cm04,tortoise,channel_g711_20db,eval
${DATA_ROOT}/clips/tortoise_232748_00382.wav,spoof,hi-en,232748,cm04,tortoise,channel_g711_20db,eval
${DATA_ROOT}/clips/tortoise_386410_00384.wav,spoof,hi-en,386410,cm04,tortoise,channel_g711_20db,eval
${DATA_ROOT}/clips/tortoise_577537_00386.wav,spoof,hi-en,577537,cm04,tortoise,channel_g711_20db,eval
${DATA_ROOT}/clips/tortoise_596505_00388.wav,spoof,hi-en,596505,cm04,tortoise,channel_g711_20db,eval
${DATA_ROOT}/clips/tortoise_976811_00390.wav,spoof,hi-en,976811,cm04,tortoise,channel_g711_20db,eval
${DATA_ROOT}/clips/tortoise_111627_00391.wav,spoof,hi-en,111627,cm04,tortoise,channel_g711_20db,eval
${DATA_ROOT}/clips/tortoise_165325_00395.wav,spoof,hi-en,165325,cm04,tortoise,channel_g711_20db,eval
${DATA_ROOT}/clips/tortoise_232748_00397.wav,spoof,hi-en,232748,cm04,tortoise,channel_g711_20db,eval
${DATA_ROOT}/clips/tortoise_386410_00399.wav,spoof,hi-en,386410,cm04,tortoise,channel_g711_20db,eval
${DATA_ROOT}/clips/tortoise_577537_00401.wav,spoof,hi-en,577537,cm04,tortoise,channel_g711_20db,eval
${DATA_ROOT}/clips/tortoise_596505_00403.wav,spoof,hi-en,596505,cm04,tortoise,channel_g711_20db,eval
${DATA_ROOT}/clips/tortoise_976811_00405.wav,spoof,hi-en,976811,cm04,tortoise,channel_g711_20db,eval
${DATA_ROOT}/clips/tortoise_111627_00406.wav,spoof,hi-en,111627,cm04,tortoise,channel_g711_20db,eval
${DATA_ROOT}/clips/tortoise_136325_00408.wav,spoof,hi-en,136325,cm04,tortoise,channel_g711_20db,eval
${DATA_ROOT}/clips/tortoise_165325_00410.wav,spoof,hi-en,165325,cm04,tortoise,channel_g711_20db,eval
${DATA_ROOT}/clips/tortoise_232748_00412.wav,spoof,hi-en,232748,cm04,tortoise,channel_g711_20db,eval
${DATA_ROOT}/clips/tortoise_386410_00414.wav,spoof,hi-en,386410,cm04,tortoise,channel_g711_20db,eval
${DATA_ROOT}/clips/tortoise_577537_00416.wav,spoof,hi-en,577537,cm04,tortoise,channel_g711_20db,eval
${DATA_ROOT}/clips/tortoise_596505_00418.wav,spoof,hi-en,596505,cm04,tortoise,channel_g711_20db,eval
${DATA_ROOT}/clips/tortoise_976811_00420.wav,spoof,hi-en,976811,cm04,tortoise,channel_g711_20db,eval
${DATA_ROOT}/clips/tortoise_111627_00421.wav,spoof,hi-en,111627,cm04,tortoise,channel_g711_20db,eval
${DATA_ROOT}/clips/tortoise_165325_00425.wav,spoof,hi-en,165325,cm04,tortoise,channel_g711_20db,eval
${DATA_ROOT}/clips/tortoise_232748_00427.wav,spoof,hi-en,232748,cm04,tortoise,channel_g711_20db,eval
${DATA_ROOT}/clips/tortoise_386410_00429.wav,spoof,hi-en,386410,cm04,tortoise,channel_g711_20db,eval
${DATA_ROOT}/clips/tortoise_577537_00431.wav,spoof,hi-en,577537,cm04,tortoise,channel_g711_20db,eval
${DATA_ROOT}/clips/tortoise_596505_00433.wav,spoof,hi-en,596505,cm04,tortoise,channel_g711_20db,eval
${DATA_ROOT}/clips/tortoise_976811_00435.wav,spoof,hi-en,976811,cm04,tortoise,channel_g711_20db,eval
${DATA_ROOT}/clips/tortoise_111627_00436.wav,spoof,hi-en,111627,cm04,tortoise,channel_g711_20db,eval
${DATA_ROOT}/clips/tortoise_136325_00438.wav,spoof,hi-en,136325,cm04,tortoise,channel_g711_20db,eval
${DATA_ROOT}/clips/tortoise_165325_00440.wav,spoof,hi-en,165325,cm04,tortoise,channel_g711_20db,eval
${DATA_ROOT}/clips/tortoise_232748_00442.wav,spoof,hi-en,232748,cm04,tortoise,channel_g711_20db,eval
${DATA_ROOT}/clips/tortoise_386410_00444.wav,spoof,hi-en,386410,cm04,tortoise,channel_g711_20db,eval
${DATA_ROOT}/clips/tortoise_577537_00446.wav,spoof,hi-en,577537,cm04,tortoise,channel_g711_20db,eval
${DATA_ROOT}/clips/tortoise_596505_00448.wav,spoof,hi-en,596505,cm04,tortoise,channel_g711_20db,eval
${DATA_ROOT}/clips/tortoise_976811_00450.wav,spoof,hi-en,976811,cm04,tortoise,channel_g711_20db,eval
${DATA_ROOT}/clips/tortoise_165325_00455.wav,spoof,hi-en,165325,cm04,tortoise,channel_g711_20db,eval
${DATA_ROOT}/clips/tortoise_386410_00459.wav,spoof,hi-en,386410,cm04,tortoise,channel_g711_20db,eval
${DATA_ROOT}/clips/tortoise_577537_00461.wav,spoof,hi-en,577537,cm04,tortoise,channel_g711_20db,eval
${DATA_ROOT}/clips/tortoise_596505_00463.wav,spoof,hi-en,596505,cm04,tortoise,channel_g711_20db,eval
${DATA_ROOT}/clips/tortoise_111627_00466.wav,spoof,hi-en,111627,cm04,tortoise,channel_g711_20db,eval
${DATA_ROOT}/clips/tortoise_165325_00470.wav,spoof,hi-en,165325,cm04,tortoise,channel_g711_20db,eval
${DATA_ROOT}/clips/tortoise_232748_00472.wav,spoof,hi-en,232748,cm04,tortoise,channel_g711_20db,eval
${DATA_ROOT}/clips/tortoise_386410_00474.wav,spoof,hi-en,386410,cm04,tortoise,channel_g711_20db,eval
${DATA_ROOT}/clips/tortoise_577537_00476.wav,spoof,hi-en,577537,cm04,tortoise,channel_g711_20db,eval
${DATA_ROOT}/clips/tortoise_596505_00478.wav,spoof,hi-en,596505,cm04,tortoise,channel_g711_20db,eval
${DATA_ROOT}/clips/tortoise_976811_00480.wav,spoof,hi-en,976811,cm04,tortoise,channel_g711_20db,eval
${DATA_ROOT}/clips/tortoise_111627_00481.wav,spoof,hi-en,111627,cm04,tortoise,channel_g711_20db,eval
${DATA_ROOT}/clips/tortoise_165325_00485.wav,spoof,hi-en,165325,cm04,tortoise,channel_g711_20db,eval
${DATA_ROOT}/clips/tortoise_232748_00487.wav,spoof,hi-en,232748,cm04,tortoise,channel_g711_20db,eval
${DATA_ROOT}/clips/tortoise_577537_00491.wav,spoof,hi-en,577537,cm04,tortoise,channel_g711_20db,eval
${DATA_ROOT}/clips/tortoise_596505_00493.wav,spoof,hi-en,596505,cm04,tortoise,channel_g711_20db,eval
${DATA_ROOT}/clips/tortoise_976811_00495.wav,spoof,hi-en,976811,cm04,tortoise,channel_g711_20db,eval
${DATA_ROOT}/clips/tortoise_111627_00496.wav,spoof,hi-en,111627,cm04,tortoise,channel_g711_20db,eval
${DATA_ROOT}/clips/tortoise_165325_00500.wav,spoof,hi-en,165325,cm04,tortoise,channel_g711_20db,eval
