filepath,label,language,speaker,source,tool,condition,split,score
${DATA_ROOT}/clips/111627_bYPRSx2sjXooUdv8_0000.wav,bonafide,hi-en,111627,mucs2021,none,clean,eval,0.9998083710670471
${DATA_ROOT}/clips/111627_bYPRSx2sjXooUdv8_0001.wav,bonafide,hi-en,111627,mucs2021,none,clean,eval,0.9998390674591064
${DATA_ROOT}/clips/111627_bYPRSx2sjXooUdv8_0002.wav,bonafide,hi-en,111627,mucs2021,none,clean,eval,0.9997417330741882
${DATA_ROOT}/clips/111627_bYPRSx2sjXooUdv8_0003.wav,bonafide,hi-en,111627,mucs2021,none,clean,eval,0.9997872710227966
${DATA_ROOT}/clips/111627_bYPRSx2sjXooUdv8_0004.wav,bonafide,hi-en,111627,mucs2021,none,clean,eval,0.999836802482605
${DATA_ROOT}/clips/111627_bYPRSx2sjXooUdv8_0005.wav,bonafide,hi-en,111627,mucs2021,none,clean,eval,0.9997530579566956
${DATA_ROOT}/clips/111627_bYPRSx2sjXooUdv8_0006.wav,bonafide,hi-en,111627,mucs2021,none,clean,eval,0.9997560381889343
${DATA_ROOT}/clips/111627_bYPRSx2sjXooUdv8_0007.wav,bonafide,hi-en,111627,mucs2021,none,clean,eval,0.9995985627174377
${DATA_ROOT}/clips/111627_bYPRSx2sjXooUdv8_0008.wav,bonafide,hi-en,111627,mucs2021,none,clean,eval,0.9997079968452454
${DATA_ROOT}/clips/111627_bYPRSx2sjXooUdv8_0009.wav,bonafide,hi-en,111627,mucs2021,none,clean,eval,0.9995787739753723
${DATA_ROOT}/clips/111627_bYPRSx2sjXooUdv8_0010.wav,bonafide,hi-en,111627,mucs2021,none,clean,eval,0.9998461008071899
${DATA_ROOT}/clips/111627_bYPRSx2sjXooUdv8_0011.wav,bonafide,hi-en,111627,mucs2021,none,clean,eval,0.9998761415481567
${DATA_ROOT}/clips/111627_bYPRSx2sjXooUdv8_0012.wav,bonafide,hi-en,111627,mucs2021,none,clean,eval,0.9996533393859863
${DATA_ROOT}/clips/111627_bYPRSx2sjXooUdv8_0013.wav,bonafide,hi-en,111627,mucs2021,none,clean,eval,0.9998049139976501
${DATA_ROOT}/clips/111627_bYPRSx2sjXooUdv8_0014.wav,bonafide,hi-en,111627,mucs2021,none,clean,eval,0.9995965361595154
${DATA_ROOT}/clips/111627_bYPRSx2sjXooUdv8_0015.wav,bonafide,hi-en,111627,mucs2021,none,clean,eval,0.999785840511322
${DATA_ROOT}/clips/111627_bYPRSx2sjXooUdv8_0016.wav,bonafide,hi-en,111627,mucs2021,none,clean,eval,0.999739944934845
${DATA_ROOT}/clips/111627_bYPRSx2sjXooUdv8_0017.wav,bonafide,hi-en,111627,mucs2021,none,clean,eval,0.9996769428253174
${DATA_ROOT}/clips/111627_bYPRSx2sjXooUdv8_0018.wav,bonafide,hi-en,111627,mucs2021,none,clean,eval,0.99960857629776
${DATA_ROOT}/clips/111627_bYPRSx2sjXooUdv8_0019.wav,bonafide,hi-en,111627,mucs2021,none,clean,eval,0.9996802806854248
${DATA_ROOT}/clips/111627_bYPRSx2sjXooUdv8_0020.wav,bonafide,hi-en,111627,mucs2021,none,clean,eval,0.9997169375419617
${DATA_ROOT}/clips/111627_bYPRSx2sjXooUdv8_0021.wav,bonafide,hi-en,111627,mucs2021,none,clean,eval,0.999806821346283
${DATA_ROOT}/clips/111627_bYPRSx2sjXooUdv8_0022.wav,bonafide,hi-en,111627,mucs2021,none,clean,eval,0.999738872051239
${DATA_ROOT}/clips/111627_bYPRSx2sjXooUdv8_0023.wav,bonafide,hi-en,111627,mucs2021,none,clean,eval,0.9997302889823914
${DATA_ROOT}/clips/111627_bYPRSx2sjXooUdv8_0024.wav,bonafide,hi-en,111627,mucs2021,none,clean,eval,0.9994113445281982
${DATA_ROOT}/clips/111627_bYPRSx2sjXooUdv8_0025.wav,bonafide,hi-en,111627,mucs2021,none,clean,eval,0.9994230270385742
${DATA_ROOT}/clips/111627_bYPRSx2sjXooUdv8_0026.wav,bonafide,hi-en,111627,mucs2021,none,clean,eval,0.9998375177383423
${DATA_ROOT}/clips/111627_bYPRSx2sjXooUdv8_0027.wav,bonafide,hi-en,111627,mucs2021,none,clean,eval,0.9996744394302368
${DATA_ROOT}/clips/111627_bYPRSx2sjXooUdv8_0028.wav,bonafide,hi-en,111627,mucs2021,none,clean,eval,0.9993870258331299
${DATA_ROOT}/clips/111627_bYPRSx2sjXooUdv8_0029.wav,bonafide,hi-en,111627,mucs2021,none,clean,eval,0.9994232654571533
${DATA_ROOT}/clips/111627_bYPRSx2sjXooUdv8_0030.wav,bonafide,hi-en,111627,mucs2021,none,clean,eval,0.9987209439277649
${DATA_ROOT}/clips/111627_bYPRSx2sjXooUdv8_0031.wav,bonafide,hi-en,111627,mucs2021,none,clean,eval,0.9996222257614136
${DATA_ROOT}/clips/111627_bYPRSx2sjXooUdv8_0032.wav,bonafide,hi-en,111627,mucs2021,none,clean,eval,0.999529242515564
${DATA_ROOT}/clips/111627_bYPRSx2sjXooUdv8_0033.wav,bonafide,hi-en,111627,mucs2021,none,clean,eval,0.9995427131652832
${DATA_ROOT}/clips/111627_bYPRSx2sjXooUdv8_0034.wav,bonafide,hi-en,111627,mucs2021,none,clean,eval,0.9996989965438843
${DATA_ROOT}/clips/111627_bYPRSx2sjXooUdv8_0035.wav,bonafide,hi-en,111627,mucs2021,none,clean,eval,0.9997974038124084
${DATA_ROOT}/clips/111627_bYPRSx2sjXooUdv8_0036.wav,bonafide,hi-en,111627,mucs2021,none,clean,eval,0.9995099306106567
${DATA_ROOT}/clips/111627_bYPRSx2sjXooUdv8_0037.wav,bonafide,hi-en,111627,mucs2021,none,clean,eval,0.9991076588630676
${DATA_ROOT}/clips/111627_bYPRSx2sjXooUdv8_0038.wav,bonafide,hi-en,111627,mucs2021,none,clean,eval,0.9998310804367065
${DATA_ROOT}/clips/111627_bYPRSx2sjXooUdv8_0039.wav,bonafide,hi-en,111627,mucs2021,none,clean,eval,0.999777615070343
${DATA_ROOT}/clips/111627_bYPRSx2sjXooUdv8_0040.wav,bonafide,hi-en,111627,mucs2021,none,clean,eval,0.9997853636741638
${DATA_ROOT}/clips/111627_bYPRSx2sjXooUdv8_0041.wav,bonafide,hi-en,111627,mucs2021,none,clean,eval,0.9998636245727539
${DATA_ROOT}/clips/111627_bYPRSx2sjXooUdv8_0042.wav,bonafide,hi-en,111627,mucs2021,none,clean,eval,0.9984122514724731
${DATA_ROOT}/clips/111627_bYPRSx2sjXooUdv8_0043.wav,bonafide,hi-en,111627,mucs2021,none,clean,eval,0.99964439868927
${DATA_ROOT}/clips/111627_bYPRSx2sjXooUdv8_0044.wav,bonafide,hi-en,111627,mucs2021,none,clean,eval,0.9996219873428345
${DATA_ROOT}/clips/111627_bYPRSx2sjXooUdv8_0045.wav,bonafide,hi-en,111627,mucs2021,none,clean,eval,0.9998061060905457
${DATA_ROOT}/clips/111627_bYPRSx2sjXooUdv8_0046.wav,bonafide,hi-en,111627,mucs2021,none,clean,eval,0.9998038411140442
${DATA_ROOT}/clips/111627_bYPRSx2sjXooUdv8_0047.wav,bonafide,hi-en,111627,mucs2021,none,clean,eval,0.9996976852416992
${DATA_ROOT}/clips/111627_bYPRSx2sjXooUdv8_0048.wav,bonafide,hi-en,111627,mucs2021,none,clean,eval,0.9997475743293762
${DATA_ROOT}/clips/111627_bYPRSx2sjXooUdv8_0049.wav,bonafide,hi-en,111627,mucs2021,none,clean,eval,0.9997373223304749
${DATA_ROOT}/clips/111627_bYPRSx2sjXooUdv8_0050.wav,bonafide,hi-en,111627,mucs2021,none,clean,eval,0.9998136162757874
${DATA_ROOT}/clips/111627_bYPRSx2sjXooUdv8_0051.wav,bonafide,hi-en,111627,mucs2021,none,clean,eval,0.9996119141578674
${DATA_ROOT}/clips/111627_bYPRSx2sjXooUdv8_0052.wav,bonafide,hi-en,111627,mucs2021,none,clean,eval,0.9997946619987488
${DATA_ROOT}/clips/111627_bYPRSx2sjXooUdv8_0053.wav,bonafide,hi-en,111627,mucs2021,none,clean,eval,0.9996453523635864
${DATA_ROOT}/clips/111627_bYPRSx2sjXooUdv8_0054.wav,bonafide,hi-en,111627,mucs2021,none,clean,eval,0.9998825788497925
${DATA_ROOT}/clips/111627_bYPRSx2sjXooUdv8_0055.wav,bonafide,hi-en,111627,mucs2021,none,clean,eval,0.9996945858001709
${DATA_ROOT}/clips/111627_bYPRSx2sjXooUdv8_0056.wav,bonafide,hi-en,111627,mucs2021,none,clean,eval,0.9997100234031677
${DATA_ROOT}/clips/111627_bYPRSx2sjXooUdv8_0057.wav,bonafide,hi-en,111627,mucs2021,none,clean,eval,0.9997578263282776
${DATA_ROOT}/clips/111627_bYPRSx2sjXooUdv8_0058.wav,bonafide,hi-en,111627,mucs2021,none,clean,eval,0.9995278120040894
${DATA_ROOT}/clips/111627_bYPRSx2sjXooUdv8_0059.wav,bonafide,hi-en,111627,mucs2021,none,clean,eval,0.9997518658638
${DATA_ROOT}/clips/111627_bYPRSx2sjXooUdv8_0060.wav,bonafide,hi-en,111627,mucs2021,none,clean,eval,0.9998012185096741
${DATA_ROOT}/clips/111627_bYPRSx2sjXooUdv8_0061.wav,bonafide,hi-en,111627,mucs2021,none,clean,eval,0.9998331069946289
${DATA_ROOT}/clips/111627_bYPRSx2sjXooUdv8_0062.wav,bonafide,hi-en,111627,mucs2021,none,clean,eval,0.9997512698173523
${DATA_ROOT}/clips/111627_bYPRSx2sjXooUdv8_0063.wav,bonafide,hi-en,111627,mucs2021,none,clean,eval,0.999845027923584
${DATA_ROOT}/clips/111627_bYPRSx2sjXooUdv8_0064.wav,bonafide,hi-en,111627,mucs2021,none,clean,eval,0.9995130300521851
${DATA_ROOT}/clips/111627_bYPRSx2sjXooUdv8_0065.wav,bonafide,hi-en,111627,mucs2021,none,clean,eval,0.9996844530105591
${DATA_ROOT}/clips/111627_bYPRSx2sjXooUdv8_0066.wav,bonafide,hi-en,111627,mucs2021,none,clean,eval,0.9997140765190125
${DATA_ROOT}/clips/111627_bYPRSx2sjXooUdv8_0067.wav,bonafide,hi-en,111627,mucs2021,none,clean,eval,0.9995217323303223
${DATA_ROOT}/clips/111627_bYPRSx2sjXooUdv8_0068.wav,bonafide,hi-en,111627,mucs2021,none,clean,eval,0.9996848106384277
${DATA_ROOT}/clips/111627_bYPRSx2sjXooUdv8_0069.wav,bonafide,hi-en,111627,mucs2021,none,clean,eval,0.9997441172599792
${DATA_ROOT}/clips/111627_bYPRSx2sjXooUdv8_0070.wav,bonafide,hi-en,111627,mucs2021,none,clean,eval,0.9996840953826904
${DATA_ROOT}/clips/111627_bYPRSx2sjXooUdv8_0071.wav,bonafide,hi-en,111627,mucs2021,none,clean,eval,0.9998992681503296
${DATA_ROOT}/clips/111627_bYPRSx2sjXooUdv8_0072.wav,bonafide,hi-en,111627,mucs2021,none,clean,eval,0.9999024868011475
${DATA_ROOT}/clips/111627_bYPRSx2sjXooUdv8_0073.wav,bonafide,hi-en,111627,mucs2021,none,clean,eval,0.9996089339256287
${DATA_ROOT}/clips/111627_bYPRSx2sjXooUdv8_0074.wav,bonafide,hi-en,111627,mucs2021,none,clean,eval,0.9997468590736389
${DATA_ROOT}/clips/111627_bYPRSx2sjXooUdv8_0075.wav,bonafide,hi-en,111627,mucs2021,none,clean,eval,0.9994731545448303
${DATA_ROOT}/clips/111627_bYPRSx2sjXooUdv8_0076.wav,bonafide,hi-en,111627,mucs2021,none,clean,eval,0.9997660517692566
${DATA_ROOT}/clips/111627_bYPRSx2sjXooUdv8_0077.wav,bonafide,hi-en,111627,mucs2021,none,clean,eval,0.9997718930244446
${DATA_ROOT}/clips/111627_bYPRSx2sjXooUdv8_0078.wav,bonafide,hi-en,111627,mucs2021,none,clean,eval,0.999657154083252
${DATA_ROOT}/clips/111627_bYPRSx2sjXooUdv8_0079.wav,bonafide,hi-en,111627,mucs2021,none,clean,eval,0.9996695518493652
${DATA_ROOT}/clips/111627_bYPRSx2sjXooUdv8_0080.wav,bonafide,hi-en,111627,mucs2021,none,clean,eval,0.999420166015625
${DATA_ROOT}/clips/111627_bYPRSx2sjXooUdv8_0081.wav,bonafide,hi-en,111627,mucs2021,none,clean,eval,0.9998317956924438
${DATA_ROOT}/clips/111627_bYPRSx2sjXooUdv8_0082.wav,bonafide,hi-en,111627,mucs2021,none,clean,eval,0.9998464584350586
${DATA_ROOT}/clips/111627_bYPRSx2sjXooUdv8_0083.wav,bonafide,hi-en,111627,mucs2021,none,clean,eval,0.9997382760047913
${DATA_ROOT}/clips/111627_bYPRSx2sjXooUdv8_0084.wav,bonafide,hi-en,111627,mucs2021,none,clean,eval,0.999518632888794
${DATA_ROOT}/clips/111627_bYPRSx2sjXooUdv8_0085.wav,bonafide,hi-en,111627,mucs2021,none,clean,eval,0.38306725025177
${DATA_ROOT}/clips/111627_bYPRSx2sjXooUdv8_0086.wav,bonafide,hi-en,111627,mucs2021,none,clean,eval,0.9996898174285889
${DATA_ROOT}/clips/111627_bYPRSx2sjXooUdv8_0087.wav,bonafide,hi-en,111627,mucs2021,none,clean,eval,0.9998063445091248
${DATA_ROOT}/clips/111627_bYPRSx2sjXooUdv8_0088.wav,bonafide,hi-en,111627,mucs2021,none,clean,eval,0.9998080134391785
${DATA_ROOT}/clips/111627_bYPRSx2sjXooUdv8_0089.wav,bonafide,hi-en,111627,mucs2021,none,clean,eval,0.9997813105583191
${DATA_ROOT}/clips/111627_bYPRSx2sjXooUdv8_0090.wav,bonafide,hi-en,111627,mucs2021,none,clean,eval,0.9997027516365051
${DATA_ROOT}/clips/111627_bYPRSx2sjXooUdv8_0091.wav,bonafide,hi-en,111627,mucs2021,none,clean,eval,0.9997506737709045
${DATA_ROOT}/clips/111627_bYPRSx2sjXooUdv8_0092.wav,bonafide,hi-en,111627,mucs2021,none,clean,eval,0.9996129870414734
${DATA_ROOT}/clips/111627_bYPRSx2sjXooUdv8_0093.wav,bonafide,hi-en,111627,mucs2021,none,clean,eval,0.9997026324272156
${DATA_ROOT}/clips/111627_bYPRSx2sjXooUdv8_0094.wav,bonafide,hi-en,111627,mucs2021,none,clean,eval,0.999736487865448
${DATA_ROOT}/clips/111627_bYPRSx2sjXooUdv8_0095.wav,bonafide,hi-en,111627,mucs2021,none,clean,eval,0.9997062087059021
${DATA_ROOT}/clips/111627_bYPRSx2sjXooUdv8_0096.wav,bonafide,hi-en,111627,mucs2021,none,clean,eval,0.9997614026069641
${DATA_ROOT}/clips/111627_bYPRSx2sjXooUdv8_0097.wav,bonafide,hi-en,111627,mucs2021,none,clean,eval,0.99973064661026
${DATA_ROOT}/clips/111627_bYPRSx2sjXooUdv8_0098.wav,bonafide,hi-en,111627,mucs2021,none,clean,eval,0.9997677206993103
${DATA_ROOT}/clips/111627_bYPRSx2sjXooUdv8_0099.wav,bonafide,hi-en,111627,mucs2021,none,clean,eval,0.999588668346405
${DATA_ROOT}/clips/111627_bYPRSx2sjXooUdv8_0100.wav,bonafide,hi-en,111627,mucs2021,none,clean,eval,0.9997009038925171
${DATA_ROOT}/clips/111627_bYPRSx2sjXooUdv8_0101.wav,bonafide,hi-en,111627,mucs2021,none,clean,eval,0.9997342228889465
${DATA_ROOT}/clips/111627_bYPRSx2sjXooUdv8_0102.wav,bonafide,hi-en,111627,mucs2021,none,clean,eval,0.9997524619102478
${DATA_ROOT}/clips/111627_bYPRSx2sjXooUdv8_0103.wav,bonafide,hi-en,111627,mucs2021,none,clean,eval,0.9997828602790833
${DATA_ROOT}/clips/111627_bYPRSx2sjXooUdv8_0104.wav,bonafide,hi-en,111627,mucs2021,none,clean,eval,0.9997461438179016
${DATA_ROOT}/clips/111627_bYPRSx2sjXooUdv8_0105.wav,bonafide,hi-en,111627,mucs2021,none,clean,eval,0.9997639060020447
${DATA_ROOT}/clips/111627_bYPRSx2sjXooUdv8_0106.wav,bonafide,hi-en,111627,mucs2021,none,clean,eval,0.9997697472572327
${DATA_ROOT}/clips/111627_bYPRSx2sjXooUdv8_0107.wav,bonafide,hi-en,111627,mucs2021,none,clean,eval,0.9995996356010437
${DATA_ROOT}/clips/111627_bYPRSx2sjXooUdv8_0108.wav,bonafide,hi-en,111627,mucs2021,none,clean,eval,0.999115526676178
${DATA_ROOT}/clips/111627_bYPRSx2sjXooUdv8_0109.wav,bonafide,hi-en,111627,mucs2021,none,clean,eval,0.9998202919960022
${DATA_ROOT}/clips/111627_bYPRSx2sjXooUdv8_0110.wav,bonafide,hi-en,111627,mucs2021,none,clean,eval,0.9998929500579834
${DATA_ROOT}/clips/111627_bYPRSx2sjXooUdv8_0111.wav,bonafide,hi-en,111627,mucs2021,none,clean,eval,0.9995248317718506
${DATA_ROOT}/clips/111627_bYPRSx2sjXooUdv8_0112.wav,bonafide,hi-en,111627,mucs2021,none,clean,eval,0.999927282333374
${DATA_ROOT}/clips/111627_bYPRSx2sjXooUdv8_0113.wav,bonafide,hi-en,111627,mucs2021,none,clean,eval,0.9997115731239319
${DATA_ROOT}/clips/111627_bYPRSx2sjXooUdv8_0114.wav,bonafide,hi-en,111627,mucs2021,none,clean,eval,0.9998327493667603
${DATA_ROOT}/clips/111627_bYPRSx2sjXooUdv8_0115.wav,bonafide,hi-en,111627,mucs2021,none,clean,eval,0.9996786117553711
${DATA_ROOT}/clips/111627_bYPRSx2sjXooUdv8_0116.wav,bonafide,hi-en,111627,mucs2021,none,clean,eval,0.9946664571762085
${DATA_ROOT}/clips/111627_bYPRSx2sjXooUdv8_0117.wav,bonafide,hi-en,111627,mucs2021,none,clean,eval,0.9997122883796692
${DATA_ROOT}/clips/111627_bYPRSx2sjXooUdv8_0118.wav,bonafide,hi-en,111627,mucs2021,none,clean,eval,0.9994636178016663
${DATA_ROOT}/clips/111627_bYPRSx2sjXooUdv8_0119.wav,bonafide,hi-en,111627,mucs2021,none,clean,eval,0.3056991398334503
${DATA_ROOT}/clips/111627_bYPRSx2sjXooUdv8_0120.wav,bonafide,hi-en,111627,mucs2021,none,clean,eval,0.9995310306549072
${DATA_ROOT}/clips/111627_bYPRSx2sjXooUdv8_0121.wav,bonafide,hi-en,111627,mucs2021,none,clean,eval,0.9997910857200623
${DATA_ROOT}/clips/111627_bYPRSx2sjXooUdv8_0122.wav,bonafide,hi-en,111627,mucs2021,none,clean,eval,0.9997521042823792
${DATA_ROOT}/clips/111627_bYPRSx2sjXooUdv8_0123.wav,bonafide,hi-en,111627,mucs2021,none,clean,eval,0.9999282360076904
${DATA_ROOT}/clips/111627_bYPRSx2sjXooUdv8_0124.wav,bonafide,hi-en,111627,mucs2021,none,clean,eval,0.9991082549095154
${DATA_ROOT}/clips/111627_bYPRSx2sjXooUdv8_0125.wav,bonafide,hi-en,111627,mucs2021,none,clean,eval,0.9998548030853271
${DATA_ROOT}/clips/111627_bYPRSx2sjXooUdv8_0126.wav,bonafide,hi-en,111627,mucs2021,none,clean,eval,0.9997398257255554
${DATA_ROOT}/clips/121073_hhahrO4yUEy8GC5n_0000.wav,bonafide,hi-en,121073,mucs2021,none,clean,eval,0.9998823404312134
${DATA_ROOT}/clips/121073_hhahrO4yUEy8GC5n_0001.wav,bonafide,hi-en,121073,mucs2021,none,clean,eval,0.9998940229415894
${DATA_ROOT}/clips/121073_hhahrO4yUEy8GC5n_0002.wav,bonafide,hi-en,121073,mucs2021,none,clean,eval,0.9998335838317871
${DATA_ROOT}/clips/121073_hhahrO4yUEy8GC5n_0003.wav,bonafide,hi-en,121073,mucs2021,none,clean,eval,0.9997702240943909
${DATA_ROOT}/clips/121073_hhahrO4yUEy8GC5n_0004.wav,bonafide,hi-en,121073,mucs2021,none,clean,eval,0.9998051524162292
${DATA_ROOT}/clips/121073_hhahrO4yUEy8GC5n_0005.wav,bonafide,hi-en,121073,mucs2021,none,clean,eval,0.99992835521698
${DATA_ROOT}/clips/121073_hhahrO4yUEy8GC5n_0006.wav,bonafide,hi-en,121073,mucs2021,none,clean,eval,0.9997730851173401
${DATA_ROOT}/clips/121073_hhahrO4yUEy8GC5n_0007.wav,bonafide,hi-en,121073,mucs2021,none,clean,eval,0.9998337030410767
${DATA_ROOT}/clips/121073_hhahrO4yUEy8GC5n_0008.wav,bonafide,hi-en,121073,mucs2021,none,clean,eval,0.9998852014541626
${DATA_ROOT}/clips/121073_hhahrO4yUEy8GC5n_0009.wav,bonafide,hi-en,121073,mucs2021,none,clean,eval,0.9998441934585571
${DATA_ROOT}/clips/121073_hhahrO4yUEy8GC5n_0010.wav,bonafide,hi-en,121073,mucs2021,none,clean,eval,0.9997881054878235
${DATA_ROOT}/clips/121073_hhahrO4yUEy8GC5n_0011.wav,bonafide,hi-en,121073,mucs2021,none,clean,eval,0.9995997548103333
${DATA_ROOT}/clips/121073_hhahrO4yUEy8GC5n_0012.wav,bonafide,hi-en,121073,mucs2021,none,clean,eval,0.9998038411140442
${DATA_ROOT}/clips/121073_hhahrO4yUEy8GC5n_0013.wav,bonafide,hi-en,121073,mucs2021,none,clean,eval,0.9998262524604797
${DATA_ROOT}/clips/121073_hhahrO4yUEy8GC5n_0014.wav,bonafide,hi-en,121073,mucs2021,none,clean,eval,0.9998551607131958
${DATA_ROOT}/clips/121073_hhahrO4yUEy8GC5n_0015.wav,bonafide,hi-en,121073,mucs2021,none,clean,eval,0.9998692274093628
${DATA_ROOT}/clips/121073_hhahrO4yUEy8GC5n_0016.wav,bonafide,hi-en,121073,mucs2021,none,clean,eval,0.9997268319129944
${DATA_ROOT}/clips/121073_hhahrO4yUEy8GC5n_0017.wav,bonafide,hi-en,121073,mucs2021,none,clean,eval,0.9686927795410156
${DATA_ROOT}/clips/121073_hhahrO4yUEy8GC5n_0018.wav,bonafide,hi-en,121073,mucs2021,none,clean,eval,0.9997249245643616
${DATA_ROOT}/clips/121073_hhahrO4yUEy8GC5n_0019.wav,bonafide,hi-en,121073,mucs2021,none,clean,eval,0.9998888969421387
${DATA_ROOT}/clips/121073_hhahrO4yUEy8GC5n_0020.wav,bonafide,hi-en,121073,mucs2021,none,clean,eval,0.9997338652610779
${DATA_ROOT}/clips/121073_hhahrO4yUEy8GC5n_0021.wav,bonafide,hi-en,121073,mucs2021,none,clean,eval,0.999776303768158
${DATA_ROOT}/clips/121073_hhahrO4yUEy8GC5n_0022.wav,bonafide,hi-en,121073,mucs2021,none,clean,eval,0.9997765421867371
${DATA_ROOT}/clips/121073_hhahrO4yUEy8GC5n_0023.wav,bonafide,hi-en,121073,mucs2021,none,clean,eval,0.9997401833534241
${DATA_ROOT}/clips/121073_hhahrO4yUEy8GC5n_0024.wav,bonafide,hi-en,121073,mucs2021,none,clean,eval,0.9970352649688721
${DATA_ROOT}/clips/121073_hhahrO4yUEy8GC5n_0025.wav,bonafide,hi-en,121073,mucs2021,none,clean,eval,0.9996575117111206
${DATA_ROOT}/clips/121073_hhahrO4yUEy8GC5n_0026.wav,bonafide,hi-en,121073,mucs2021,none,clean,eval,0.9996577501296997
${DATA_ROOT}/clips/121073_hhahrO4yUEy8GC5n_0027.wav,bonafide,hi-en,121073,mucs2021,none,clean,eval,0.9997335076332092
${DATA_ROOT}/clips/121073_hhahrO4yUEy8GC5n_0028.wav,bonafide,hi-en,121073,mucs2021,none,clean,eval,0.9996429681777954
${DATA_ROOT}/clips/121073_hhahrO4yUEy8GC5n_0029.wav,bonafide,hi-en,121073,mucs2021,none,clean,eval,0.9996898174285889
${DATA_ROOT}/clips/121073_hhahrO4yUEy8GC5n_0030.wav,bonafide,hi-en,121073,mucs2021,none,clean,eval,0.999692440032959
${DATA_ROOT}/clips/121073_hhahrO4yUEy8GC5n_0031.wav,bonafide,hi-en,121073,mucs2021,none,clean,eval,0.999695897102356
${DATA_ROOT}/clips/121073_hhahrO4yUEy8GC5n_0032.wav,bonafide,hi-en,121073,mucs2021,none,clean,eval,0.9997192025184631
${DATA_ROOT}/clips/121073_hhahrO4yUEy8GC5n_0033.wav,bonafide,hi-en,121073,mucs2021,none,clean,eval,0.9996925592422485
${DATA_ROOT}/clips/121073_hhahrO4yUEy8GC5n_0034.wav,bonafide,hi-en,121073,mucs2021,none,clean,eval,0.9998053908348083
${DATA_ROOT}/clips/121073_hhahrO4yUEy8GC5n_0035.wav,bonafide,hi-en,121073,mucs2021,none,clean,eval,0.9997105002403259
${DATA_ROOT}/clips/121073_hhahrO4yUEy8GC5n_0036.wav,bonafide,hi-en,121073,mucs2021,none,clean,eval,0.9997027516365051
${DATA_ROOT}/clips/121073_hhahrO4yUEy8GC5n_0037.wav,bonafide,hi-en,121073,mucs2021,none,clean,eval,0.999887228012085
${DATA_ROOT}/clips/121073_hhahrO4yUEy8GC5n_0038.wav,bonafide,hi-en,121073,mucs2021,none,clean,eval,0.9998053908348083
${DATA_ROOT}/clips/121073_hhahrO4yUEy8GC5n_0039.wav,bonafide,hi-en,121073,mucs2021,none,clean,eval,0.9997962117195129
${DATA_ROOT}/clips/121073_hhahrO4yUEy8GC5n_0040.wav,bonafide,hi-en,121073,mucs2021,none,clean,eval,0.9997598528862
${DATA_ROOT}/clips/121073_hhahrO4yUEy8GC5n_0041.wav,bonafide,hi-en,121073,mucs2021,none,clean,eval,0.9997264742851257
${DATA_ROOT}/clips/121073_hhahrO4yUEy8GC5n_0042.wav,bonafide,hi-en,121073,mucs2021,none,clean,eval,0.9998231530189514
${DATA_ROOT}/clips/121073_hhahrO4yUEy8GC5n_0043.wav,bonafide,hi-en,121073,mucs2021,none,clean,eval,0.9996011853218079
${DATA_ROOT}/clips/121073_hhahrO4yUEy8GC5n_0044.wav,bonafide,hi-en,121073,mucs2021,none,clean,eval,0.9998512268066406
${DATA_ROOT}/clips/121073_hhahrO4yUEy8GC5n_0045.wav,bonafide,hi-en,121073,mucs2021,none,clean,eval,0.9997760653495789
${DATA_ROOT}/clips/121073_hhahrO4yUEy8GC5n_0046.wav,bonafide,hi-en,121073,mucs2021,none,clean,eval,0.9997757077217102
${DATA_ROOT}/clips/121073_hhahrO4yUEy8GC5n_0047.wav,bonafide,hi-en,121073,mucs2021,none,clean,eval,0.9997522234916687
${DATA_ROOT}/clips/121073_hhahrO4yUEy8GC5n_0048.wav,bonafide,hi-en,121073,mucs2021,none,clean,eval,0.9995653033256531
${DATA_ROOT}/clips/121073_hhahrO4yUEy8GC5n_0049.wav,bonafide,hi-en,121073,mucs2021,none,clean,eval,0.999749481678009
${DATA_ROOT}/clips/121073_hhahrO4yUEy8GC5n_0050.wav,bonafide,hi-en,121073,mucs2021,none,clean,eval,0.9997358918190002
${DATA_ROOT}/clips/121073_hhahrO4yUEy8GC5n_0051.wav,bonafide,hi-en,121073,mucs2021,none,clean,eval,0.9997983574867249
${DATA_ROOT}/clips/121073_hhahrO4yUEy8GC5n_0052.wav,bonafide,hi-en,121073,mucs2021,none,clean,eval,0.9997351765632629
${DATA_ROOT}/clips/121073_hhahrO4yUEy8GC5n_0053.wav,bonafide,hi-en,121073,mucs2021,none,clean,eval,0.9997624754905701
${DATA_ROOT}/clips/121073_hhahrO4yUEy8GC5n_0054.wav,bonafide,hi-en,121073,mucs2021,none,clean,eval,0.9997525811195374
${DATA_ROOT}/clips/121073_hhahrO4yUEy8GC5n_0055.wav,bonafide,hi-en,121073,mucs2021,none,clean,eval,0.999665379524231
${DATA_ROOT}/clips/121073_hhahrO4yUEy8GC5n_0056.wav,bonafide,hi-en,121073,mucs2021,none,clean,eval,0.999822199344635
${DATA_ROOT}/clips/121073_hhahrO4yUEy8GC5n_0057.wav,bonafide,hi-en,121073,mucs2021,none,clean,eval,0.9997963309288025
${DATA_ROOT}/clips/121073_hhahrO4yUEy8GC5n_0058.wav,bonafide,hi-en,121073,mucs2021,none,clean,eval,0.9997813105583191
${DATA_ROOT}/clips/121073_hhahrO4yUEy8GC5n_0059.wav,bonafide,hi-en,121073,mucs2021,none,clean,eval,0.9995759129524231
${DATA_ROOT}/clips/121073_hhahrO4yUEy8GC5n_0060.wav,bonafide,hi-en,121073,mucs2021,none,clean,eval,0.999688982963562
${DATA_ROOT}/clips/121073_hhahrO4yUEy8GC5n_0061.wav,bonafide,hi-en,121073,mucs2021,none,clean,eval,0.9997449517250061
${DATA_ROOT}/clips/121073_hhahrO4yUEy8GC5n_0062.wav,bonafide,hi-en,121073,mucs2021,none,clean,eval,0.9997819066047668
${DATA_ROOT}/clips/121073_hhahrO4yUEy8GC5n_0063.wav,bonafide,hi-en,121073,mucs2021,none,clean,eval,0.9998244643211365
${DATA_ROOT}/clips/121073_hhahrO4yUEy8GC5n_0064.wav,bonafide,hi-en,121073,mucs2021,none,clean,eval,0.9996286630630493
${DATA_ROOT}/clips/121073_hhahrO4yUEy8GC5n_0065.wav,bonafide,hi-en,121073,mucs2021,none,clean,eval,0.9998940229415894
${DATA_ROOT}/clips/121073_hhahrO4yUEy8GC5n_0066.wav,bonafide,hi-en,121073,mucs2021,none,clean,eval,0.9996572732925415
${DATA_ROOT}/clips/121073_hhahrO4yUEy8GC5n_0067.wav,bonafide,hi-en,121073,mucs2021,none,clean,eval,0.9997182488441467
${DATA_ROOT}/clips/121073_hhahrO4yUEy8GC5n_0068.wav,bonafide,hi-en,121073,mucs2021,none,clean,eval,0.9998003840446472
${DATA_ROOT}/clips/121073_hhahrO4yUEy8GC5n_0069.wav,bonafide,hi-en,121073,mucs2021,none,clean,eval,0.9998188614845276
${DATA_ROOT}/clips/121073_hhahrO4yUEy8GC5n_0070.wav,bonafide,hi-en,121073,mucs2021,none,clean,eval,0.9867699146270752
${DATA_ROOT}/clips/121073_hhahrO4yUEy8GC5n_0071.wav,bonafide,hi-en,121073,mucs2021,none,clean,eval,0.9997691512107849
${DATA_ROOT}/clips/121073_hhahrO4yUEy8GC5n_0072.wav,bonafide,hi-en,121073,mucs2021,none,clean,eval,0.9998451471328735
${DATA_ROOT}/clips/121073_hhahrO4yUEy8GC5n_0073.wav,bonafide,hi-en,121073,mucs2021,none,clean,eval,0.9998488426208496
${DATA_ROOT}/clips/121073_hhahrO4yUEy8GC5n_0074.wav,bonafide,hi-en,121073,mucs2021,none,clean,eval,0.9996461868286133
${DATA_ROOT}/clips/121073_hhahrO4yUEy8GC5n_0075.wav,bonafide,hi-en,121073,mucs2021,none,clean,eval,0.9996985197067261
${DATA_ROOT}/clips/121073_hhahrO4yUEy8GC5n_0076.wav,bonafide,hi-en,121073,mucs2021,none,clean,eval,0.9998853206634521
${DATA_ROOT}/clips/121073_hhahrO4yUEy8GC5n_0077.wav,bonafide,hi-en,121073,mucs2021,none,clean,eval,0.9998123049736023
${DATA_ROOT}/clips/121073_hhahrO4yUEy8GC5n_0078.wav,bonafide,hi-en,121073,mucs2021,none,clean,eval,0.9997182488441467
${DATA_ROOT}/clips/136325_9qNmHPrUpNLAykHf_0000.wav,bonafide,hi-en,136325,mucs2021,none,clean,eval,0.9998972415924072
${DATA_ROOT}/clips/136325_9qNmHPrUpNLAykHf_0001.wav,bonafide,hi-en,136325,mucs2021,none,clean,eval,0.9998748302459717
${DATA_ROOT}/clips/136325_9qNmHPrUpNLAykHf_0002.wav,bonafide,hi-en,136325,mucs2021,none,clean,eval,0.999853253364563
${DATA_ROOT}/clips/136325_9qNmHPrUpNLAykHf_0003.wav,bonafide,hi-en,136325,mucs2021,none,clean,eval,0.9999397993087769
${DATA_ROOT}/clips/136325_9qNmHPrUpNLAykHf_0004.wav,bonafide,hi-en,136325,mucs2021,none,clean,eval,0.9998642206192017
${DATA_ROOT}/clips/136325_9qNmHPrUpNLAykHf_0005.wav,bonafide,hi-en,136325,mucs2021,none,clean,eval,0.9998791217803955
${DATA_ROOT}/clips/136325_9qNmHPrUpNLAykHf_0006.wav,bonafide,hi-en,136325,mucs2021,none,clean,eval,0.9998595714569092
${DATA_ROOT}/clips/136325_9qNmHPrUpNLAykHf_0007.wav,bonafide,hi-en,136325,mucs2021,none,clean,eval,0.9998773336410522
${DATA_ROOT}/clips/136325_9qNmHPrUpNLAykHf_0008.wav,bonafide,hi-en,136325,mucs2021,none,clean,eval,0.9998186230659485
${DATA_ROOT}/clips/136325_9qNmHPrUpNLAykHf_0009.wav,bonafide,hi-en,136325,mucs2021,none,clean,eval,0.9998514652252197
${DATA_ROOT}/clips/136325_9qNmHPrUpNLAykHf_0010.wav,bonafide,hi-en,136325,mucs2021,none,clean,eval,0.9999157190322876
${DATA_ROOT}/clips/136325_9qNmHPrUpNLAykHf_0011.wav,bonafide,hi-en,136325,mucs2021,none,clean,eval,0.9998797178268433
${DATA_ROOT}/clips/136325_9qNmHPrUpNLAykHf_0012.wav,bonafide,hi-en,136325,mucs2021,none,clean,eval,0.9998132586479187
${DATA_ROOT}/clips/136325_9qNmHPrUpNLAykHf_0013.wav,bonafide,hi-en,136325,mucs2021,none,clean,eval,0.9999040365219116
${DATA_ROOT}/clips/136325_9qNmHPrUpNLAykHf_0014.wav,bonafide,hi-en,136325,mucs2021,none,clean,eval,0.9998076558113098
${DATA_ROOT}/clips/136325_9qNmHPrUpNLAykHf_0015.wav,bonafide,hi-en,136325,mucs2021,none,clean,eval,0.999915361404419
${DATA_ROOT}/clips/136325_9qNmHPrUpNLAykHf_0016.wav,bonafide,hi-en,136325,mucs2021,none,clean,eval,0.9999016523361206
${DATA_ROOT}/clips/136325_9qNmHPrUpNLAykHf_0017.wav,bonafide,hi-en,136325,mucs2021,none,clean,eval,0.999906063079834
${DATA_ROOT}/clips/136325_9qNmHPrUpNLAykHf_0018.wav,bonafide,hi-en,136325,mucs2021,none,clean,eval,0.9998620748519897
${DATA_ROOT}/clips/136325_9qNmHPrUpNLAykHf_0019.wav,bonafide,hi-en,136325,mucs2021,none,clean,eval,0.9999027252197266
${DATA_ROOT}/clips/136325_9qNmHPrUpNLAykHf_0020.wav,bonafide,hi-en,136325,mucs2021,none,clean,eval,0.9998766183853149
${DATA_ROOT}/clips/136325_9qNmHPrUpNLAykHf_0021.wav,bonafide,hi-en,136325,mucs2021,none,clean,eval,0.9999316930770874
${DATA_ROOT}/clips/136325_9qNmHPrUpNLAykHf_0022.wav,bonafide,hi-en,136325,mucs2021,none,clean,eval,0.9999327659606934
${DATA_ROOT}/clips/136325_9qNmHPrUpNLAykHf_0023.wav,bonafide,hi-en,136325,mucs2021,none,clean,eval,0.9999065399169922
${DATA_ROOT}/clips/136325_9qNmHPrUpNLAykHf_0024.wav,bonafide,hi-en,136325,mucs2021,none,clean,eval,0.9999257326126099
${DATA_ROOT}/clips/136325_9qNmHPrUpNLAykHf_0025.wav,bonafide,hi-en,136325,mucs2021,none,clean,eval,0.9999247789382935
${DATA_ROOT}/clips/136325_9qNmHPrUpNLAykHf_0026.wav,bonafide,hi-en,136325,mucs2021,none,clean,eval,0.9999276399612427
${DATA_ROOT}/clips/136325_9qNmHPrUpNLAykHf_0027.wav,bonafide,hi-en,136325,mucs2021,none,clean,eval,0.9998724460601807
${DATA_ROOT}/clips/136325_9qNmHPrUpNLAykHf_0028.wav,bonafide,hi-en,136325,mucs2021,none,clean,eval,0.9998072981834412
${DATA_ROOT}/clips/136325_9qNmHPrUpNLAykHf_0029.wav,bonafide,hi-en,136325,mucs2021,none,clean,eval,0.9998067021369934
${DATA_ROOT}/clips/136325_9qNmHPrUpNLAykHf_0030.wav,bonafide,hi-en,136325,mucs2021,none,clean,eval,0.9998737573623657
${DATA_ROOT}/clips/136325_9qNmHPrUpNLAykHf_0031.wav,bonafide,hi-en,136325,mucs2021,none,clean,eval,0.9999467134475708
${DATA_ROOT}/clips/136325_9qNmHPrUpNLAykHf_0032.wav,bonafide,hi-en,136325,mucs2021,none,clean,eval,0.9999071359634399
${DATA_ROOT}/clips/136325_9qNmHPrUpNLAykHf_0033.wav,bonafide,hi-en,136325,mucs2021,none,clean,eval,0.9998966455459595
${DATA_ROOT}/clips/136325_9qNmHPrUpNLAykHf_0034.wav,bonafide,hi-en,136325,mucs2021,none,clean,eval,0.9997720122337341
${DATA_ROOT}/clips/136325_9qNmHPrUpNLAykHf_0035.wav,bonafide,hi-en,136325,mucs2021,none,clean,eval,0.9998834133148193
${DATA_ROOT}/clips/136325_9qNmHPrUpNLAykHf_0036.wav,bonafide,hi-en,136325,mucs2021,none,clean,eval,0.9999271631240845
${DATA_ROOT}/clips/136325_9qNmHPrUpNLAykHf_0037.wav,bonafide,hi-en,136325,mucs2021,none,clean,eval,0.9998846054077148
${DATA_ROOT}/clips/136325_9qNmHPrUpNLAykHf_0038.wav,bonafide,hi-en,136325,mucs2021,none,clean,eval,0.9997759461402893
${DATA_ROOT}/clips/136325_9qNmHPrUpNLAykHf_0039.wav,bonafide,hi-en,136325,mucs2021,none,clean,eval,0.9998935461044312
${DATA_ROOT}/clips/136325_9qNmHPrUpNLAykHf_0040.wav,bonafide,hi-en,136325,mucs2021,none,clean,eval,0.9998886585235596
${DATA_ROOT}/clips/136325_9qNmHPrUpNLAykHf_0041.wav,bonafide,hi-en,136325,mucs2021,none,clean,eval,0.9998701810836792
${DATA_ROOT}/clips/136325_9qNmHPrUpNLAykHf_0042.wav,bonafide,hi-en,136325,mucs2021,none,clean,eval,0.9999065399169922
${DATA_ROOT}/clips/136325_9qNmHPrUpNLAykHf_0043.wav,bonafide,hi-en,136325,mucs2021,none,clean,eval,0.9998739957809448
${DATA_ROOT}/clips/136325_9qNmHPrUpNLAykHf_0044.wav,bonafide,hi-en,136325,mucs2021,none,clean,eval,0.9998732805252075
${DATA_ROOT}/clips/136325_9qNmHPrUpNLAykHf_0045.wav,bonafide,hi-en,136325,mucs2021,none,clean,eval,0.999922513961792
${DATA_ROOT}/clips/136325_9qNmHPrUpNLAykHf_0046.wav,bonafide,hi-en,136325,mucs2021,none,clean,eval,0.9998797178268433
${DATA_ROOT}/clips/136325_9qNmHPrUpNLAykHf_0047.wav,bonafide,hi-en,136325,mucs2021,none,clean,eval,0.9999288320541382
${DATA_ROOT}/clips/136325_9qNmHPrUpNLAykHf_0048.wav,bonafide,hi-en,136325,mucs2021,none,clean,eval,0.9998637437820435
${DATA_ROOT}/clips/136325_9qNmHPrUpNLAykHf_0049.wav,bonafide,hi-en,136325,mucs2021,none,clean,eval,0.9997325539588928
${DATA_ROOT}/clips/136325_9qNmHPrUpNLAykHf_0050.wav,bonafide,hi-en,136325,mucs2021,none,clean,eval,0.9998137354850769
${DATA_ROOT}/clips/136325_9qNmHPrUpNLAykHf_0051.wav,bonafide,hi-en,136325,mucs2021,none,clean,eval,0.9998630285263062
${DATA_ROOT}/clips/136325_9qNmHPrUpNLAykHf_0052.wav,bonafide,hi-en,136325,mucs2021,none,clean,eval,0.9999103546142578
${DATA_ROOT}/clips/136325_9qNmHPrUpNLAykHf_0053.wav,bonafide,hi-en,136325,mucs2021,none,clean,eval,0.9999135732650757
${DATA_ROOT}/clips/136325_9qNmHPrUpNLAykHf_0054.wav,bonafide,hi-en,136325,mucs2021,none,clean,eval,0.999903678894043
${DATA_ROOT}/clips/136325_9qNmHPrUpNLAykHf_0055.wav,bonafide,hi-en,136325,mucs2021,none,clean,eval,0.9999405145645142
${DATA_ROOT}/clips/136325_9qNmHPrUpNLAykHf_0056.wav,bonafide,hi-en,136325,mucs2021,none,clean,eval,0.9999191761016846
${DATA_ROOT}/clips/136325_9qNmHPrUpNLAykHf_0057.wav,bonafide,hi-en,136325,mucs2021,none,clean,eval,0.9998618364334106
${DATA_ROOT}/clips/136325_9qNmHPrUpNLAykHf_0058.wav,bonafide,hi-en,136325,mucs2021,none,clean,eval,0.9998034834861755
${DATA_ROOT}/clips/136325_9qNmHPrUpNLAykHf_0059.wav,bonafide,hi-en,136325,mucs2021,none,clean,eval,0.9998906850814819
${DATA_ROOT}/clips/136325_9qNmHPrUpNLAykHf_0060.wav,bonafide,hi-en,136325,mucs2021,none,clean,eval,0.9998351335525513
${DATA_ROOT}/clips/136325_9qNmHPrUpNLAykHf_0061.wav,bonafide,hi-en,136325,mucs2021,none,clean,eval,0.999842643737793
${DATA_ROOT}/clips/136325_9qNmHPrUpNLAykHf_0062.wav,bonafide,hi-en,136325,mucs2021,none,clean,eval,0.9999115467071533
${DATA_ROOT}/clips/136325_9qNmHPrUpNLAykHf_0063.wav,bonafide,hi-en,136325,mucs2021,none,clean,eval,0.999919056892395
${DATA_ROOT}/clips/136325_9qNmHPrUpNLAykHf_0064.wav,bonafide,hi-en,136325,mucs2021,none,clean,eval,0.9999380111694336
${DATA_ROOT}/clips/136325_9qNmHPrUpNLAykHf_0065.wav,bonafide,hi-en,136325,mucs2021,none,clean,eval,0.9999191761016846
${DATA_ROOT}/clips/136325_9qNmHPrUpNLAykHf_0066.wav,bonafide,hi-en,136325,mucs2021,none,clean,eval,0.9998546838760376
${DATA_ROOT}/clips/136325_9qNmHPrUpNLAykHf_0067.wav,bonafide,hi-en,136325,mucs2021,none,clean,eval,0.9999229907989502
${DATA_ROOT}/clips/136325_9qNmHPrUpNLAykHf_0068.wav,bonafide,hi-en,136325,mucs2021,none,clean,eval,0.9997090697288513
${DATA_ROOT}/clips/136325_9qNmHPrUpNLAykHf_0069.wav,bonafide,hi-en,136325,mucs2021,none,clean,eval,0.9999127388000488
${DATA_ROOT}/clips/136325_9qNmHPrUpNLAykHf_0070.wav,bonafide,hi-en,136325,mucs2021,none,clean,eval,0.9998605251312256
${DATA_ROOT}/clips/136325_9qNmHPrUpNLAykHf_0071.wav,bonafide,hi-en,136325,mucs2021,none,clean,eval,0.9996974468231201
${DATA_ROOT}/clips/136325_9qNmHPrUpNLAykHf_0072.wav,bonafide,hi-en,136325,mucs2021,none,clean,eval,0.9999092817306519
${DATA_ROOT}/clips/136325_9qNmHPrUpNLAykHf_0073.wav,bonafide,hi-en,136325,mucs2021,none,clean,eval,0.9998856782913208
${DATA_ROOT}/clips/136325_9qNmHPrUpNLAykHf_0074.wav,bonafide,hi-en,136325,mucs2021,none,clean,eval,0.9999290704727173
${DATA_ROOT}/clips/136325_9qNmHPrUpNLAykHf_0075.wav,bonafide,hi-en,136325,mucs2021,none,clean,eval,0.9999107122421265
${DATA_ROOT}/clips/136325_9qNmHPrUpNLAykHf_0076.wav,bonafide,hi-en,136325,mucs2021,none,clean,eval,0.9998557567596436
${DATA_ROOT}/clips/136325_9qNmHPrUpNLAykHf_0077.wav,bonafide,hi-en,136325,mucs2021,none,clean,eval,0.9997724890708923
${DATA_ROOT}/clips/136325_9qNmHPrUpNLAykHf_0078.wav,bonafide,hi-en,136325,mucs2021,none,clean,eval,0.9999207258224487
${DATA_ROOT}/clips/136325_9qNmHPrUpNLAykHf_0079.wav,bonafide,hi-en,136325,mucs2021,none,clean,eval,0.9998455047607422
${DATA_ROOT}/clips/136325_9qNmHPrUpNLAykHf_0080.wav,bonafide,hi-en,136325,mucs2021,none,clean,eval,0.9991655349731445
${DATA_ROOT}/clips/136325_9qNmHPrUpNLAykHf_0081.wav,bonafide,hi-en,136325,mucs2021,none,clean,eval,0.9998956918716431
${DATA_ROOT}/clips/136325_9qNmHPrUpNLAykHf_0082.wav,bonafide,hi-en,136325,mucs2021,none,clean,eval,0.9998481273651123
${DATA_ROOT}/clips/136325_9qNmHPrUpNLAykHf_0083.wav,bonafide,hi-en,136325,mucs2021,none,clean,eval,0.9998949766159058
${DATA_ROOT}/clips/136325_9qNmHPrUpNLAykHf_0084.wav,bonafide,hi-en,136325,mucs2021,none,clean,eval,0.999901533126831
${DATA_ROOT}/clips/136325_9qNmHPrUpNLAykHf_0085.wav,bonafide,hi-en,136325,mucs2021,none,clean,eval,0.9998632669448853
${DATA_ROOT}/clips/136325_9qNmHPrUpNLAykHf_0086.wav,bonafide,hi-en,136325,mucs2021,none,clean,eval,0.9998914003372192
${DATA_ROOT}/clips/136325_9qNmHPrUpNLAykHf_0087.wav,bonafide,hi-en,136325,mucs2021,none,clean,eval,0.9997685551643372
${DATA_ROOT}/clips/136325_9qNmHPrUpNLAykHf_0088.wav,bonafide,hi-en,136325,mucs2021,none,clean,eval,0.9998327493667603
${DATA_ROOT}/clips/136325_9qNmHPrUpNLAykHf_0089.wav,bonafide,hi-en,136325,mucs2021,none,clean,eval,0.9998589754104614
${DATA_ROOT}/clips/136325_9qNmHPrUpNLAykHf_0090.wav,bonafide,hi-en,136325,mucs2021,none,clean,eval,0.9998773336410522
${DATA_ROOT}/clips/136325_9qNmHPrUpNLAykHf_0091.wav,bonafide,hi-en,136325,mucs2021,none,clean,eval,0.999833345413208
${DATA_ROOT}/clips/136325_9qNmHPrUpNLAykHf_0092.wav,bonafide,hi-en,136325,mucs2021,none,clean,eval,0.9998499155044556
${DATA_ROOT}/clips/136325_9qNmHPrUpNLAykHf_0093.wav,bonafide,hi-en,136325,mucs2021,none,clean,eval,0.9998108744621277
${DATA_ROOT}/clips/136325_9qNmHPrUpNLAykHf_0094.wav,bonafide,hi-en,136325,mucs2021,none,clean,eval,0.9998113512992859
${DATA_ROOT}/clips/136325_9qNmHPrUpNLAykHf_0095.wav,bonafide,hi-en,136325,mucs2021,none,clean,eval,0.9997790455818176
${DATA_ROOT}/clips/136325_9qNmHPrUpNLAykHf_0096.wav,bonafide,hi-en,136325,mucs2021,none,clean,eval,0.9999263286590576
${DATA_ROOT}/clips/136325_9qNmHPrUpNLAykHf_0097.wav,bonafide,hi-en,136325,mucs2021,none,clean,eval,0.9999024868011475
${DATA_ROOT}/clips/136325_9qNmHPrUpNLAykHf_0098.wav,bonafide,hi-en,136325,mucs2021,none,clean,eval,0.9998331069946289
${DATA_ROOT}/clips/136325_9qNmHPrUpNLAykHf_0099.wav,bonafide,hi-en,136325,mucs2021,none,clean,eval,0.9998319149017334
${DATA_ROOT}/clips/136325_9qNmHPrUpNLAykHf_0100.wav,bonafide,hi-en,136325,mucs2021,none,clean,eval,0.9999301433563232
${DATA_ROOT}/clips/136325_9qNmHPrUpNLAykHf_0101.wav,bonafide,hi-en,136325,mucs2021,none,clean,eval,0.9999451637268066
${DATA_ROOT}/clips/146859_PmtkP19rpHKX5Ue1_0000.wav,bonafide,hi-en,146859,mucs2021,none,clean,eval,0.9998134970664978
${DATA_ROOT}/clips/146859_PmtkP19rpHKX5Ue1_0001.wav,bonafide,hi-en,146859,mucs2021,none,clean,eval,0.9998001456260681
${DATA_ROOT}/clips/146859_PmtkP19rpHKX5Ue1_0002.wav,bonafide,hi-en,146859,mucs2021,none,clean,eval,0.9998099207878113
${DATA_ROOT}/clips/146859_PmtkP19rpHKX5Ue1_0003.wav,bonafide,hi-en,146859,mucs2021,none,clean,eval,0.9997628331184387
${DATA_ROOT}/clips/146859_PmtkP19rpHKX5Ue1_0004.wav,bonafide,hi-en,146859,mucs2021,none,clean,eval,0.9998530149459839
${DATA_ROOT}/clips/146859_PmtkP19rpHKX5Ue1_0005.wav,bonafide,hi-en,146859,mucs2021,none,clean,eval,0.9998393058776855
${DATA_ROOT}/clips/146859_PmtkP19rpHKX5Ue1_0006.wav,bonafide,hi-en,146859,mucs2021,none,clean,eval,0.9998452663421631
${DATA_ROOT}/clips/146859_PmtkP19rpHKX5Ue1_0007.wav,bonafide,hi-en,146859,mucs2021,none,clean,eval,0.9998480081558228
${DATA_ROOT}/clips/146859_PmtkP19rpHKX5Ue1_0008.wav,bonafide,hi-en,146859,mucs2021,none,clean,eval,0.9998160004615784
${DATA_ROOT}/clips/146859_PmtkP19rpHKX5Ue1_0009.wav,bonafide,hi-en,146859,mucs2021,none,clean,eval,0.9998175501823425
${DATA_ROOT}/clips/146859_PmtkP19rpHKX5Ue1_0010.wav,bonafide,hi-en,146859,mucs2021,none,clean,eval,0.9998335838317871
${DATA_ROOT}/clips/146859_PmtkP19rpHKX5Ue1_0011.wav,bonafide,hi-en,146859,mucs2021,none,clean,eval,0.9998519420623779
${DATA_ROOT}/clips/146859_PmtkP19rpHKX5Ue1_0012.wav,bonafide,hi-en,146859,mucs2021,none,clean,eval,0.9998196959495544
${DATA_ROOT}/clips/146859_PmtkP19rpHKX5Ue1_0013.wav,bonafide,hi-en,146859,mucs2021,none,clean,eval,0.9998088479042053
${DATA_ROOT}/clips/146859_PmtkP19rpHKX5Ue1_0014.wav,bonafide,hi-en,146859,mucs2021,none,clean,eval,0.9998471736907959
${DATA_ROOT}/clips/146859_PmtkP19rpHKX5Ue1_0015.wav,bonafide,hi-en,146859,mucs2021,none,clean,eval,0.9998606443405151
${DATA_ROOT}/clips/146859_PmtkP19rpHKX5Ue1_0016.wav,bonafide,hi-en,146859,mucs2021,none,clean,eval,0.9998323917388916
${DATA_ROOT}/clips/146859_PmtkP19rpHKX5Ue1_0017.wav,bonafide,hi-en,146859,mucs2021,none,clean,eval,0.9998272061347961
${DATA_ROOT}/clips/146859_PmtkP19rpHKX5Ue1_0018.wav,bonafide,hi-en,146859,mucs2021,none,clean,eval,0.9998348951339722
${DATA_ROOT}/clips/146859_PmtkP19rpHKX5Ue1_0019.wav,bonafide,hi-en,146859,mucs2021,none,clean,eval,0.9998394250869751
${DATA_ROOT}/clips/146859_PmtkP19rpHKX5Ue1_0020.wav,bonafide,hi-en,146859,mucs2021,none,clean,eval,0.9998270869255066
${DATA_ROOT}/clips/146859_PmtkP19rpHKX5Ue1_0021.wav,bonafide,hi-en,146859,mucs2021,none,clean,eval,0.9998407363891602
${DATA_ROOT}/clips/146859_PmtkP19rpHKX5Ue1_0022.wav,bonafide,hi-en,146859,mucs2021,none,clean,eval,0.9998125433921814
${DATA_ROOT}/clips/146859_PmtkP19rpHKX5Ue1_0023.wav,bonafide,hi-en,146859,mucs2021,none,clean,eval,0.9997931122779846
${DATA_ROOT}/clips/146859_PmtkP19rpHKX5Ue1_0024.wav,bonafide,hi-en,146859,mucs2021,none,clean,eval,0.9997588992118835
${DATA_ROOT}/clips/146859_PmtkP19rpHKX5Ue1_0025.wav,bonafide,hi-en,146859,mucs2021,none,clean,eval,0.9998480081558228
${DATA_ROOT}/clips/146859_PmtkP19rpHKX5Ue1_0026.wav,bonafide,hi-en,146859,mucs2021,none,clean,eval,0.9998347759246826
${DATA_ROOT}/clips/146859_PmtkP19rpHKX5Ue1_0027.wav,bonafide,hi-en,146859,mucs2021,none,clean,eval,0.9998617172241211
${DATA_ROOT}/clips/146859_PmtkP19rpHKX5Ue1_0028.wav,bonafide,hi-en,146859,mucs2021,none,clean,eval,0.9998290538787842
${DATA_ROOT}/clips/146859_PmtkP19rpHKX5Ue1_0029.wav,bonafide,hi-en,146859,mucs2021,none,clean,eval,0.9997467398643494
${DATA_ROOT}/clips/146859_PmtkP19rpHKX5Ue1_0030.wav,bonafide,hi-en,146859,mucs2021,none,clean,eval,0.999876856803894
${DATA_ROOT}/clips/146859_PmtkP19rpHKX5Ue1_0031.wav,bonafide,hi-en,146859,mucs2021,none,clean,eval,0.999840497970581
${DATA_ROOT}/clips/146859_PmtkP19rpHKX5Ue1_0032.wav,bonafide,hi-en,146859,mucs2021,none,clean,eval,0.9998195767402649
${DATA_ROOT}/clips/146859_PmtkP19rpHKX5Ue1_0033.wav,bonafide,hi-en,146859,mucs2021,none,clean,eval,0.9998210072517395
${DATA_ROOT}/clips/146859_PmtkP19rpHKX5Ue1_0034.wav,bonafide,hi-en,146859,mucs2021,none,clean,eval,0.999808132648468
${DATA_ROOT}/clips/146859_PmtkP19rpHKX5Ue1_0035.wav,bonafide,hi-en,146859,mucs2021,none,clean,eval,0.9998076558113098
${DATA_ROOT}/clips/146859_PmtkP19rpHKX5Ue1_0036.wav,bonafide,hi-en,146859,mucs2021,none,clean,eval,0.999702513217926
${DATA_ROOT}/clips/146859_PmtkP19rpHKX5Ue1_0037.wav,bonafide,hi-en,146859,mucs2021,none,clean,eval,0.9998499155044556
${DATA_ROOT}/clips/146859_PmtkP19rpHKX5Ue1_0038.wav,bonafide,hi-en,146859,mucs2021,none,clean,eval,0.999777615070343
${DATA_ROOT}/clips/146859_PmtkP19rpHKX5Ue1_0039.wav,bonafide,hi-en,146859,mucs2021,none,clean,eval,0.9998703002929688
${DATA_ROOT}/clips/146859_PmtkP19rpHKX5Ue1_0040.wav,bonafide,hi-en,146859,mucs2021,none,clean,eval,0.999772846698761
${DATA_ROOT}/clips/146859_PmtkP19rpHKX5Ue1_0041.wav,bonafide,hi-en,146859,mucs2021,none,clean,eval,0.9998550415039062
${DATA_ROOT}/clips/146859_PmtkP19rpHKX5Ue1_0042.wav,bonafide,hi-en,146859,mucs2021,none,clean,eval,0.999868631362915
${DATA_ROOT}/clips/146859_PmtkP19rpHKX5Ue1_0043.wav,bonafide,hi-en,146859,mucs2021,none,clean,eval,0.9998377561569214
${DATA_ROOT}/clips/146859_PmtkP19rpHKX5Ue1_0044.wav,bonafide,hi-en,146859,mucs2021,none,clean,eval,0.9998823404312134
${DATA_ROOT}/clips/146859_PmtkP19rpHKX5Ue1_0045.wav,bonafide,hi-en,146859,mucs2021,none,clean,eval,0.9997621178627014
${DATA_ROOT}/clips/146859_PmtkP19rpHKX5Ue1_0046.wav,bonafide,hi-en,146859,mucs2021,none,clean,eval,0.9998525381088257
${DATA_ROOT}/clips/146859_PmtkP19rpHKX5Ue1_0047.wav,bonafide,hi-en,146859,mucs2021,none,clean,eval,0.9998223185539246
${DATA_ROOT}/clips/146859_PmtkP19rpHKX5Ue1_0048.wav,bonafide,hi-en,146859,mucs2021,none,clean,eval,0.9996209144592285
${DATA_ROOT}/clips/146859_PmtkP19rpHKX5Ue1_0049.wav,bonafide,hi-en,146859,mucs2021,none,clean,eval,0.9997374415397644
${DATA_ROOT}/clips/146859_PmtkP19rpHKX5Ue1_0050.wav,bonafide,hi-en,146859,mucs2021,none,clean,eval,0.9996127486228943
${DATA_ROOT}/clips/146859_PmtkP19rpHKX5Ue1_0051.wav,bonafide,hi-en,146859,mucs2021,none,clean,eval,0.9997568726539612
${DATA_ROOT}/clips/146859_PmtkP19rpHKX5Ue1_0052.wav,bonafide,hi-en,146859,mucs2021,none,clean,eval,0.9998132586479187
${DATA_ROOT}/clips/146859_PmtkP19rpHKX5Ue1_0053.wav,bonafide,hi-en,146859,mucs2021,none,clean,eval,0.9999003410339355
${DATA_ROOT}/clips/146859_PmtkP19rpHKX5Ue1_0054.wav,bonafide,hi-en,146859,mucs2021,none,clean,eval,0.9998632669448853
${DATA_ROOT}/clips/146859_PmtkP19rpHKX5Ue1_0055.wav,bonafide,hi-en,146859,mucs2021,none,clean,eval,0.9998348951339722
${DATA_ROOT}/clips/146859_PmtkP19rpHKX5Ue1_0056.wav,bonafide,hi-en,146859,mucs2021,none,clean,eval,0.9997918009757996
${DATA_ROOT}/clips/146859_PmtkP19rpHKX5Ue1_0057.wav,bonafide,hi-en,146859,mucs2021,none,clean,eval,0.9997802376747131
${DATA_ROOT}/clips/146859_PmtkP19rpHKX5Ue1_0058.wav,bonafide,hi-en,146859,mucs2021,none,clean,eval,0.9998503923416138
${DATA_ROOT}/clips/146859_PmtkP19rpHKX5Ue1_0059.wav,bonafide,hi-en,146859,mucs2021,none,clean,eval,0.9998490810394287
${DATA_ROOT}/clips/146859_PmtkP19rpHKX5Ue1_0060.wav,bonafide,hi-en,146859,mucs2021,none,clean,eval,0.999803364276886
${DATA_ROOT}/clips/146859_PmtkP19rpHKX5Ue1_0061.wav,bonafide,hi-en,146859,mucs2021,none,clean,eval,0.9997949004173279
${DATA_ROOT}/clips/146859_PmtkP19rpHKX5Ue1_0062.wav,bonafide,hi-en,146859,mucs2021,none,clean,eval,0.9998291730880737
${DATA_ROOT}/clips/146859_PmtkP19rpHKX5Ue1_0063.wav,bonafide,hi-en,146859,mucs2021,none,clean,eval,0.9998643398284912
${DATA_ROOT}/clips/146859_PmtkP19rpHKX5Ue1_0064.wav,bonafide,hi-en,146859,mucs2021,none,clean,eval,0.9998630285263062
${DATA_ROOT}/clips/146859_PmtkP19rpHKX5Ue1_0065.wav,bonafide,hi-en,146859,mucs2021,none,clean,eval,0.999874472618103
${DATA_ROOT}/clips/146859_PmtkP19rpHKX5Ue1_0066.wav,bonafide,hi-en,146859,mucs2021,none,clean,eval,0.9998157620429993
${DATA_ROOT}/clips/146859_PmtkP19rpHKX5Ue1_0067.wav,bonafide,hi-en,146859,mucs2021,none,clean,eval,0.9997836947441101
${DATA_ROOT}/clips/146859_PmtkP19rpHKX5Ue1_0068.wav,bonafide,hi-en,146859,mucs2021,none,clean,eval,0.999785840511322
${DATA_ROOT}/clips/146859_PmtkP19rpHKX5Ue1_0069.wav,bonafide,hi-en,146859,mucs2021,none,clean,eval,0.999811589717865
${DATA_ROOT}/clips/146859_PmtkP19rpHKX5Ue1_0070.wav,bonafide,hi-en,146859,mucs2021,none,clean,eval,0.9997648596763611
${DATA_ROOT}/clips/146859_PmtkP19rpHKX5Ue1_0071.wav,bonafide,hi-en,146859,mucs2021,none,clean,eval,0.9998167157173157
${DATA_ROOT}/clips/146859_PmtkP19rpHKX5Ue1_0072.wav,bonafide,hi-en,146859,mucs2021,none,clean,eval,0.9998263716697693
${DATA_ROOT}/clips/146859_PmtkP19rpHKX5Ue1_0073.wav,bonafide,hi-en,146859,mucs2021,none,clean,eval,0.9998294115066528
${DATA_ROOT}/clips/146859_PmtkP19rpHKX5Ue1_0074.wav,bonafide,hi-en,146859,mucs2021,none,clean,eval,0.9998610019683838
${DATA_ROOT}/clips/146859_PmtkP19rpHKX5Ue1_0075.wav,bonafide,hi-en,146859,mucs2021,none,clean,eval,0.9998359680175781
${DATA_ROOT}/clips/146859_PmtkP19rpHKX5Ue1_0076.wav,bonafide,hi-en,146859,mucs2021,none,clean,eval,0.999880313873291
${DATA_ROOT}/clips/146859_PmtkP19rpHKX5Ue1_0077.wav,bonafide,hi-en,146859,mucs2021,none,clean,eval,0.9997909665107727
${DATA_ROOT}/clips/146859_PmtkP19rpHKX5Ue1_0078.wav,bonafide,hi-en,146859,mucs2021,none,clean,eval,0.9995688796043396
${DATA_ROOT}/clips/146859_PmtkP19rpHKX5Ue1_0079.wav,bonafide,hi-en,146859,mucs2021,none,clean,eval,0.9998112320899963
${DATA_ROOT}/clips/146859_PmtkP19rpHKX5Ue1_0080.wav,bonafide,hi-en,146859,mucs2021,none,clean,eval,0.9998335838317871
${DATA_ROOT}/clips/146859_PmtkP19rpHKX5Ue1_0081.wav,bonafide,hi-en,146859,mucs2021,none,clean,eval,0.9997639060020447
${DATA_ROOT}/clips/146859_PmtkP19rpHKX5Ue1_0082.wav,bonafide,hi-en,146859,mucs2021,none,clean,eval,0.999796450138092
${DATA_ROOT}/clips/146859_PmtkP19rpHKX5Ue1_0083.wav,bonafide,hi-en,146859,mucs2021,none,clean,eval,0.9998112320899963
${DATA_ROOT}/clips/146859_PmtkP19rpHKX5Ue1_0084.wav,bonafide,hi-en,146859,mucs2021,none,clean,eval,0.9998241066932678
${DATA_ROOT}/clips/146859_PmtkP19rpHKX5Ue1_0085.wav,bonafide,hi-en,146859,mucs2021,none,clean,eval,0.9998185038566589
${DATA_ROOT}/clips/146859_PmtkP19rpHKX5Ue1_0086.wav,bonafide,hi-en,146859,mucs2021,none,clean,eval,0.9997698664665222
${DATA_ROOT}/clips/146859_PmtkP19rpHKX5Ue1_0087.wav,bonafide,hi-en,146859,mucs2021,none,clean,eval,0.9998218417167664
${DATA_ROOT}/clips/146859_PmtkP19rpHKX5Ue1_0088.wav,bonafide,hi-en,146859,mucs2021,none,clean,eval,0.9997356534004211
${DATA_ROOT}/clips/146859_PmtkP19rpHKX5Ue1_0089.wav,bonafide,hi-en,146859,mucs2021,none,clean,eval,0.999850869178772
${DATA_ROOT}/clips/146859_PmtkP19rpHKX5Ue1_0090.wav,bonafide,hi-en,146859,mucs2021,none,clean,eval,0.9998375177383423
${DATA_ROOT}/clips/146859_PmtkP19rpHKX5Ue1_0091.wav,bonafide,hi-en,146859,mucs2021,none,clean,eval,0.9998403787612915
${DATA_ROOT}/clips/146859_PmtkP19rpHKX5Ue1_0092.wav,bonafide,hi-en,146859,mucs2021,none,clean,eval,0.9998223185539246
${DATA_ROOT}/clips/146859_PmtkP19rpHKX5Ue1_0093.wav,bonafide,hi-en,146859,mucs2021,none,clean,eval,0.9998314380645752
${DATA_ROOT}/clips/146859_PmtkP19rpHKX5Ue1_0094.wav,bonafide,hi-en,146859,mucs2021,none,clean,eval,0.9997811913490295
${DATA_ROOT}/clips/146859_PmtkP19rpHKX5Ue1_0095.wav,bonafide,hi-en,146859,mucs2021,none,clean,eval,0.9998157620429993
${DATA_ROOT}/clips/146859_PmtkP19rpHKX5Ue1_0096.wav,bonafide,hi-en,146859,mucs2021,none,clean,eval,0.9998449087142944
${DATA_ROOT}/clips/146859_PmtkP19rpHKX5Ue1_0097.wav,bonafide,hi-en,146859,mucs2021,none,clean,eval,0.9998830556869507
${DATA_ROOT}/clips/146859_PmtkP19rpHKX5Ue1_0098.wav,bonafide,hi-en,146859,mucs2021,none,clean,eval,0.9998700618743896
${DATA_ROOT}/clips/146859_PmtkP19rpHKX5Ue1_0099.wav,bonafide,hi-en,146859,mucs2021,none,clean,eval,0.9997584223747253
${DATA_ROOT}/clips/146859_PmtkP19rpHKX5Ue1_0100.wav,bonafide,hi-en,146859,mucs2021,none,clean,eval,0.999806821346283
${DATA_ROOT}/clips/146859_PmtkP19rpHKX5Ue1_0101.wav,bonafide,hi-en,146859,mucs2021,none,clean,eval,0.9998581409454346
${DATA_ROOT}/clips/146859_PmtkP19rpHKX5Ue1_0102.wav,bonafide,hi-en,146859,mucs2021,none,clean,eval,0.9997643828392029
${DATA_ROOT}/clips/146859_PmtkP19rpHKX5Ue1_0103.wav,bonafide,hi-en,146859,mucs2021,none,clean,eval,0.999790608882904
${DATA_ROOT}/clips/146859_PmtkP19rpHKX5Ue1_0104.wav,bonafide,hi-en,146859,mucs2021,none,clean,eval,0.9998002648353577
${DATA_ROOT}/clips/146859_PmtkP19rpHKX5Ue1_0105.wav,bonafide,hi-en,146859,mucs2021,none,clean,eval,0.9998356103897095
${DATA_ROOT}/clips/146859_PmtkP19rpHKX5Ue1_0106.wav,bonafide,hi-en,146859,mucs2021,none,clean,eval,0.9998414516448975
${DATA_ROOT}/clips/146859_PmtkP19rpHKX5Ue1_0107.wav,bonafide,hi-en,146859,mucs2021,none,clean,eval,0.9998558759689331
${DATA_ROOT}/clips/146859_PmtkP19rpHKX5Ue1_0108.wav,bonafide,hi-en,146859,mucs2021,none,clean,eval,0.9998302459716797
${DATA_ROOT}/clips/146859_PmtkP19rpHKX5Ue1_0109.wav,bonafide,hi-en,146859,mucs2021,none,clean,eval,0.9997561573982239
${DATA_ROOT}/clips/146859_PmtkP19rpHKX5Ue1_0110.wav,bonafide,hi-en,146859,mucs2021,none,clean,eval,0.9997624754905701
${DATA_ROOT}/clips/146859_PmtkP19rpHKX5Ue1_0111.wav,bonafide,hi-en,146859,mucs2021,none,clean,eval,0.9997178912162781
${DATA_ROOT}/clips/146859_PmtkP19rpHKX5Ue1_0112.wav,bonafide,hi-en,146859,mucs2021,none,clean,eval,0.9998329877853394
${DATA_ROOT}/clips/146859_PmtkP19rpHKX5Ue1_0113.wav,bonafide,hi-en,146859,mucs2021,none,clean,eval,0.9998160004615784
${DATA_ROOT}/clips/146859_PmtkP19rpHKX5Ue1_0114.wav,bonafide,hi-en,146859,mucs2021,none,clean,eval,0.9997673630714417
${DATA_ROOT}/clips/146859_PmtkP19rpHKX5Ue1_0115.wav,bonafide,hi-en,146859,mucs2021,none,clean,eval,0.9998507499694824
${DATA_ROOT}/clips/146859_PmtkP19rpHKX5Ue1_0116.wav,bonafide,hi-en,146859,mucs2021,none,clean,eval,0.9998294115066528
${DATA_ROOT}/clips/146859_PmtkP19rpHKX5Ue1_0117.wav,bonafide,hi-en,146859,mucs2021,none,clean,eval,0.9998396635055542
${DATA_ROOT}/clips/146859_PmtkP19rpHKX5Ue1_0118.wav,bonafide,hi-en,146859,mucs2021,none,clean,eval,0.999777615070343
${DATA_ROOT}/clips/146859_PmtkP19rpHKX5Ue1_0119.wav,bonafide,hi-en,146859,mucs2021,none,clean,eval,0.9997482895851135
${DATA_ROOT}/clips/146859_PmtkP19rpHKX5Ue1_0120.wav,bonafide,hi-en,146859,mucs2021,none,clean,eval,0.9998261332511902
${DATA_ROOT}/clips/146859_PmtkP19rpHKX5Ue1_0121.wav,bonafide,hi-en,146859,mucs2021,none,clean,eval,0.9997784495353699
${DATA_ROOT}/clips/146859_PmtkP19rpHKX5Ue1_0122.wav,bonafide,hi-en,146859,mucs2021,none,clean,eval,0.9997674822807312
${DATA_ROOT}/clips/146859_PmtkP19rpHKX5Ue1_0123.wav,bonafide,hi-en,146859,mucs2021,none,clean,eval,0.9998323917388916
${DATA_ROOT}/clips/146859_PmtkP19rpHKX5Ue1_0124.wav,bonafide,hi-en,146859,mucs2021,none,clean,eval,0.9998288154602051
${DATA_ROOT}/clips/146859_PmtkP19rpHKX5Ue1_0125.wav,bonafide,hi-en,146859,mucs2021,none,clean,eval,0.9997150301933289
${DATA_ROOT}/clips/146859_PmtkP19rpHKX5Ue1_0126.wav,bonafide,hi-en,146859,mucs2021,none,clean,eval,0.9998220801353455
${DATA_ROOT}/clips/146859_PmtkP19rpHKX5Ue1_0127.wav,bonafide,hi-en,146859,mucs2021,none,clean,eval,0.9983687996864319
${DATA_ROOT}/clips/146859_PmtkP19rpHKX5Ue1_0128.wav,bonafide,hi-en,146859,mucs2021,none,clean,eval,0.9997535347938538
${DATA_ROOT}/clips/146859_PmtkP19rpHKX5Ue1_0129.wav,bonafide,hi-en,146859,mucs2021,none,clean,eval,0.9998400211334229
${DATA_ROOT}/clips/146859_PmtkP19rpHKX5Ue1_0130.wav,bonafide,hi-en,146859,mucs2021,none,clean,eval,0.9997972846031189
${DATA_ROOT}/clips/146859_PmtkP19rpHKX5Ue1_0131.wav,bonafide,hi-en,146859,mucs2021,none,clean,eval,0.9995707869529724
${DATA_ROOT}/clips/146859_PmtkP19rpHKX5Ue1_0132.wav,bonafide,hi-en,146859,mucs2021,none,clean,eval,0.999854326248169
${DATA_ROOT}/clips/146859_PmtkP19rpHKX5Ue1_0133.wav,bonafide,hi-en,146859,mucs2021,none,clean,eval,0.9998176693916321
${DATA_ROOT}/clips/146859_PmtkP19rpHKX5Ue1_0134.wav,bonafide,hi-en,146859,mucs2021,none,clean,eval,0.9998204112052917
${DATA_ROOT}/clips/146859_PmtkP19rpHKX5Ue1_0135.wav,bonafide,hi-en,146859,mucs2021,none,clean,eval,0.9998438358306885
${DATA_ROOT}/clips/146859_PmtkP19rpHKX5Ue1_0136.wav,bonafide,hi-en,146859,mucs2021,none,clean,eval,0.9998390674591064
${DATA_ROOT}/clips/146859_PmtkP19rpHKX5Ue1_0137.wav,bonafide,hi-en,146859,mucs2021,none,clean,eval,0.9998319149017334
${DATA_ROOT}/clips/146859_PmtkP19rpHKX5Ue1_0138.wav,bonafide,hi-en,146859,mucs2021,none,clean,eval,0.9998303651809692
${DATA_ROOT}/clips/146859_PmtkP19rpHKX5Ue1_0139.wav,bonafide,hi-en,146859,mucs2021,none,clean,eval,0.999757707118988
${DATA_ROOT}/clips/165325_4r0Tic1Kpymq5vvC_0000.wav,bonafide,hi-en,165325,mucs2021,none,clean,eval,0.9997592568397522
${DATA_ROOT}/clips/165325_4r0Tic1Kpymq5vvC_0001.wav,bonafide,hi-en,165325,mucs2021,none,clean,eval,0.9997677206993103
${DATA_ROOT}/clips/165325_4r0Tic1Kpymq5vvC_0002.wav,bonafide,hi-en,165325,mucs2021,none,clean,eval,0.9998592138290405
${DATA_ROOT}/clips/165325_4r0Tic1Kpymq5vvC_0003.wav,bonafide,hi-en,165325,mucs2021,none,clean,eval,0.9997994303703308
${DATA_ROOT}/clips/165325_4r0Tic1Kpymq5vvC_0004.wav,bonafide,hi-en,165325,mucs2021,none,clean,eval,0.9998414516448975
${DATA_ROOT}/clips/165325_4r0Tic1Kpymq5vvC_0005.wav,bonafide,hi-en,165325,mucs2021,none,clean,eval,0.9996235370635986
${DATA_ROOT}/clips/165325_4r0Tic1Kpymq5vvC_0006.wav,bonafide,hi-en,165325,mucs2021,none,clean,eval,0.999727189540863
${DATA_ROOT}/clips/165325_4r0Tic1Kpymq5vvC_0007.wav,bonafide,hi-en,165325,mucs2021,none,clean,eval,0.9997584223747253
${DATA_ROOT}/clips/165325_4r0Tic1Kpymq5vvC_0008.wav,bonafide,hi-en,165325,mucs2021,none,clean,eval,0.9996054768562317
${DATA_ROOT}/clips/165325_4r0Tic1Kpymq5vvC_0009.wav,bonafide,hi-en,165325,mucs2021,none,clean,eval,0.9995908141136169
${DATA_ROOT}/clips/165325_4r0Tic1Kpymq5vvC_0010.wav,bonafide,hi-en,165325,mucs2021,none,clean,eval,0.9997119307518005
${DATA_ROOT}/clips/165325_4r0Tic1Kpymq5vvC_0011.wav,bonafide,hi-en,165325,mucs2021,none,clean,eval,0.999789297580719
${DATA_ROOT}/clips/165325_4r0Tic1Kpymq5vvC_0012.wav,bonafide,hi-en,165325,mucs2021,none,clean,eval,0.9997873902320862
${DATA_ROOT}/clips/165325_4r0Tic1Kpymq5vvC_0013.wav,bonafide,hi-en,165325,mucs2021,none,clean,eval,0.9996451139450073
${DATA_ROOT}/clips/165325_4r0Tic1Kpymq5vvC_0014.wav,bonafide,hi-en,165325,mucs2021,none,clean,eval,0.9996098875999451
${DATA_ROOT}/clips/165325_4r0Tic1Kpymq5vvC_0015.wav,bonafide,hi-en,165325,mucs2021,none,clean,eval,0.9997461438179016
${DATA_ROOT}/clips/165325_4r0Tic1Kpymq5vvC_0016.wav,bonafide,hi-en,165325,mucs2021,none,clean,eval,0.9998020529747009
${DATA_ROOT}/clips/165325_4r0Tic1Kpymq5vvC_0017.wav,bonafide,hi-en,165325,mucs2021,none,clean,eval,0.99982750415802
${DATA_ROOT}/clips/165325_4r0Tic1Kpymq5vvC_0018.wav,bonafide,hi-en,165325,mucs2021,none,clean,eval,0.9997031092643738
${DATA_ROOT}/clips/165325_4r0Tic1Kpymq5vvC_0019.wav,bonafide,hi-en,165325,mucs2021,none,clean,eval,0.9997161030769348
${DATA_ROOT}/clips/165325_4r0Tic1Kpymq5vvC_0020.wav,bonafide,hi-en,165325,mucs2021,none,clean,eval,0.9997914433479309
${DATA_ROOT}/clips/165325_4r0Tic1Kpymq5vvC_0021.wav,bonafide,hi-en,165325,mucs2021,none,clean,eval,0.9996067881584167
${DATA_ROOT}/clips/165325_4r0Tic1Kpymq5vvC_0022.wav,bonafide,hi-en,165325,mucs2021,none,clean,eval,0.9998186230659485
${DATA_ROOT}/clips/165325_4r0Tic1Kpymq5vvC_0023.wav,bonafide,hi-en,165325,mucs2021,none,clean,eval,0.9998130202293396
${DATA_ROOT}/clips/165325_4r0Tic1Kpymq5vvC_0024.wav,bonafide,hi-en,165325,mucs2021,none,clean,eval,0.9997050166130066
${DATA_ROOT}/clips/165325_4r0Tic1Kpymq5vvC_0025.wav,bonafide,hi-en,165325,mucs2021,none,clean,eval,0.9997346997261047
${DATA_ROOT}/clips/165325_4r0Tic1Kpymq5vvC_0026.wav,bonafide,hi-en,165325,mucs2021,none,clean,eval,0.9991655349731445
${DATA_ROOT}/clips/165325_4r0Tic1Kpymq5vvC_0027.wav,bonafide,hi-en,165325,mucs2021,none,clean,eval,0.9997816681861877
${DATA_ROOT}/clips/165325_4r0Tic1Kpymq5vvC_0028.wav,bonafide,hi-en,165325,mucs2021,none,clean,eval,0.9997969269752502
${DATA_ROOT}/clips/165325_4r0Tic1Kpymq5vvC_0029.wav,bonafide,hi-en,165325,mucs2021,none,clean,eval,0.9994907379150391
${DATA_ROOT}/clips/165325_4r0Tic1Kpymq5vvC_0030.wav,bonafide,hi-en,165325,mucs2021,none,clean,eval,0.9996060729026794
${DATA_ROOT}/clips/165325_4r0Tic1Kpymq5vvC_0031.wav,bonafide,hi-en,165325,mucs2021,none,clean,eval,0.9997017979621887
${DATA_ROOT}/clips/165325_4r0Tic1Kpymq5vvC_0032.wav,bonafide,hi-en,165325,mucs2021,none,clean,eval,0.9997547268867493
${DATA_ROOT}/clips/165325_4r0Tic1Kpymq5vvC_0033.wav,bonafide,hi-en,165325,mucs2021,none,clean,eval,0.9998672008514404
${DATA_ROOT}/clips/165325_4r0Tic1Kpymq5vvC_0034.wav,bonafide,hi-en,165325,mucs2021,none,clean,eval,0.9997970461845398
${DATA_ROOT}/clips/165325_4r0Tic1Kpymq5vvC_0035.wav,bonafide,hi-en,165325,mucs2021,none,clean,eval,0.9995730519294739
${DATA_ROOT}/clips/165325_4r0Tic1Kpymq5vvC_0036.wav,bonafide,hi-en,165325,mucs2021,none,clean,eval,0.9996165037155151
${DATA_ROOT}/clips/165325_4r0Tic1Kpymq5vvC_0037.wav,bonafide,hi-en,165325,mucs2021,none,clean,eval,0.99986732006073
${DATA_ROOT}/clips/165325_4r0Tic1Kpymq5vvC_0038.wav,bonafide,hi-en,165325,mucs2021,none,clean,eval,0.9998018145561218
${DATA_ROOT}/clips/165325_4r0Tic1Kpymq5vvC_0039.wav,bonafide,hi-en,165325,mucs2021,none,clean,eval,0.9995442032814026
${DATA_ROOT}/clips/165325_4r0Tic1Kpymq5vvC_0040.wav,bonafide,hi-en,165325,mucs2021,none,clean,eval,0.9998425245285034
${DATA_ROOT}/clips/165325_4r0Tic1Kpymq5vvC_0041.wav,bonafide,hi-en,165325,mucs2021,none,clean,eval,0.9998395442962646
${DATA_ROOT}/clips/165325_4r0Tic1Kpymq5vvC_0042.wav,bonafide,hi-en,165325,mucs2021,none,clean,eval,0.9997246861457825
${DATA_ROOT}/clips/165325_4r0Tic1Kpymq5vvC_0043.wav,bonafide,hi-en,165325,mucs2021,none,clean,eval,0.9997043013572693
${DATA_ROOT}/clips/165325_4r0Tic1Kpymq5vvC_0044.wav,bonafide,hi-en,165325,mucs2021,none,clean,eval,0.9996252059936523
${DATA_ROOT}/clips/165325_4r0Tic1Kpymq5vvC_0045.wav,bonafide,hi-en,165325,mucs2021,none,clean,eval,0.9997565150260925
${DATA_ROOT}/clips/165325_4r0Tic1Kpymq5vvC_0046.wav,bonafide,hi-en,165325,mucs2021,none,clean,eval,0.9998119473457336
${DATA_ROOT}/clips/165325_4r0Tic1Kpymq5vvC_0047.wav,bonafide,hi-en,165325,mucs2021,none,clean,eval,0.9997671246528625
${DATA_ROOT}/clips/165325_4r0Tic1Kpymq5vvC_0048.wav,bonafide,hi-en,165325,mucs2021,none,clean,eval,0.9984708428382874
${DATA_ROOT}/clips/165325_4r0Tic1Kpymq5vvC_0049.wav,bonafide,hi-en,165325,mucs2021,none,clean,eval,0.9998039603233337
${DATA_ROOT}/clips/165325_4r0Tic1Kpymq5vvC_0050.wav,bonafide,hi-en,165325,mucs2021,none,clean,eval,0.9958553910255432
${DATA_ROOT}/clips/165325_4r0Tic1Kpymq5vvC_0051.wav,bonafide,hi-en,165325,mucs2021,none,clean,eval,0.9996337890625
${DATA_ROOT}/clips/165325_4r0Tic1Kpymq5vvC_0052.wav,bonafide,hi-en,165325,mucs2021,none,clean,eval,0.9986757636070251
${DATA_ROOT}/clips/165325_4r0Tic1Kpymq5vvC_0053.wav,bonafide,hi-en,165325,mucs2021,none,clean,eval,0.9996552467346191
${DATA_ROOT}/clips/165325_4r0Tic1Kpymq5vvC_0054.wav,bonafide,hi-en,165325,mucs2021,none,clean,eval,0.9997828602790833
${DATA_ROOT}/clips/165325_4r0Tic1Kpymq5vvC_0055.wav,bonafide,hi-en,165325,mucs2021,none,clean,eval,0.9998034834861755
${DATA_ROOT}/clips/165325_4r0Tic1Kpymq5vvC_0056.wav,bonafide,hi-en,165325,mucs2021,none,clean,eval,0.9998430013656616
${DATA_ROOT}/clips/165325_4r0Tic1Kpymq5vvC_0057.wav,bonafide,hi-en,165325,mucs2021,none,clean,eval,0.9996861219406128
${DATA_ROOT}/clips/165325_4r0Tic1Kpymq5vvC_0058.wav,bonafide,hi-en,165325,mucs2021,none,clean,eval,0.9998227953910828
${DATA_ROOT}/clips/165325_4r0Tic1Kpymq5vvC_0059.wav,bonafide,hi-en,165325,mucs2021,none,clean,eval,0.9998040795326233
${DATA_ROOT}/clips/165325_4r0Tic1Kpymq5vvC_0060.wav,bonafide,hi-en,165325,mucs2021,none,clean,eval,0.999848484992981
${DATA_ROOT}/clips/165325_4r0Tic1Kpymq5vvC_0061.wav,bonafide,hi-en,165325,mucs2021,none,clean,eval,0.9991449117660522
${DATA_ROOT}/clips/165325_4r0Tic1Kpymq5vvC_0062.wav,bonafide,hi-en,165325,mucs2021,none,clean,eval,0.9996243715286255
${DATA_ROOT}/clips/165325_4r0Tic1Kpymq5vvC_0063.wav,bonafide,hi-en,165325,mucs2021,none,clean,eval,0.9995139837265015
${DATA_ROOT}/clips/165325_4r0Tic1Kpymq5vvC_0064.wav,bonafide,hi-en,165325,mucs2021,none,clean,eval,0.999796450138092
${DATA_ROOT}/clips/165325_4r0Tic1Kpymq5vvC_0065.wav,bonafide,hi-en,165325,mucs2021,none,clean,eval,0.9997523427009583
${DATA_ROOT}/clips/165325_4r0Tic1Kpymq5vvC_0066.wav,bonafide,hi-en,165325,mucs2021,none,clean,eval,0.9996997117996216
${DATA_ROOT}/clips/165325_4r0Tic1Kpymq5vvC_0067.wav,bonafide,hi-en,165325,mucs2021,none,clean,eval,0.9997524619102478
${DATA_ROOT}/clips/165325_4r0Tic1Kpymq5vvC_0068.wav,bonafide,hi-en,165325,mucs2021,none,clean,eval,0.9997784495353699
${DATA_ROOT}/clips/165325_4r0Tic1Kpymq5vvC_0069.wav,bonafide,hi-en,165325,mucs2021,none,clean,eval,0.9704983234405518
${DATA_ROOT}/clips/165325_4r0Tic1Kpymq5vvC_0070.wav,bonafide,hi-en,165325,mucs2021,none,clean,eval,0.9970518350601196
${DATA_ROOT}/clips/165325_4r0Tic1Kpymq5vvC_0071.wav,bonafide,hi-en,165325,mucs2021,none,clean,eval,0.9997072815895081
${DATA_ROOT}/clips/165325_4r0Tic1Kpymq5vvC_0072.wav,bonafide,hi-en,165325,mucs2021,none,clean,eval,0.9997723698616028
${DATA_ROOT}/clips/165325_4r0Tic1Kpymq5vvC_0073.wav,bonafide,hi-en,165325,mucs2021,none,clean,eval,0.9997461438179016
${DATA_ROOT}/clips/165325_4r0Tic1Kpymq5vvC_0074.wav,bonafide,hi-en,165325,mucs2021,none,clean,eval,0.9998414516448975
${DATA_ROOT}/clips/165325_4r0Tic1Kpymq5vvC_0075.wav,bonafide,hi-en,165325,mucs2021,none,clean,eval,0.9997709393501282
${DATA_ROOT}/clips/165325_4r0Tic1Kpymq5vvC_0076.wav,bonafide,hi-en,165325,mucs2021,none,clean,eval,0.9997132420539856
${DATA_ROOT}/clips/165325_4r0Tic1Kpymq5vvC_0077.wav,bonafide,hi-en,165325,mucs2021,none,clean,eval,0.9997492432594299
${DATA_ROOT}/clips/175522_7Hz37FoUWV3ZFiMU_0000.wav,bonafide,hi-en,175522,mucs2021,none,clean,eval,0.9998385906219482
${DATA_ROOT}/clips/175522_7Hz37FoUWV3ZFiMU_0001.wav,bonafide,hi-en,175522,mucs2021,none,clean,eval,0.9995984435081482
${DATA_ROOT}/clips/175522_7Hz37FoUWV3ZFiMU_0002.wav,bonafide,hi-en,175522,mucs2021,none,clean,eval,0.9996991157531738
${DATA_ROOT}/clips/175522_7Hz37FoUWV3ZFiMU_0003.wav,bonafide,hi-en,175522,mucs2021,none,clean,eval,0.9997462630271912
${DATA_ROOT}/clips/175522_7Hz37FoUWV3ZFiMU_0004.wav,bonafide,hi-en,175522,mucs2021,none,clean,eval,0.9998286962509155
${DATA_ROOT}/clips/175522_7Hz37FoUWV3ZFiMU_0005.wav,bonafide,hi-en,175522,mucs2021,none,clean,eval,0.9998486042022705
${DATA_ROOT}/clips/175522_7Hz37FoUWV3ZFiMU_0006.wav,bonafide,hi-en,175522,mucs2021,none,clean,eval,0.9997554421424866
${DATA_ROOT}/clips/175522_7Hz37FoUWV3ZFiMU_0007.wav,bonafide,hi-en,175522,mucs2021,none,clean,eval,0.999649167060852
${DATA_ROOT}/clips/175522_7Hz37FoUWV3ZFiMU_0008.wav,bonafide,hi-en,175522,mucs2021,none,clean,eval,0.9996277093887329
${DATA_ROOT}/clips/175522_7Hz37FoUWV3ZFiMU_0009.wav,bonafide,hi-en,175522,mucs2021,none,clean,eval,0.9997618794441223
${DATA_ROOT}/clips/175522_7Hz37FoUWV3ZFiMU_0010.wav,bonafide,hi-en,175522,mucs2021,none,clean,eval,0.9997721314430237
${DATA_ROOT}/clips/175522_7Hz37FoUWV3ZFiMU_0011.wav,bonafide,hi-en,175522,mucs2021,none,clean,eval,0.9997513890266418
${DATA_ROOT}/clips/175522_7Hz37FoUWV3ZFiMU_0012.wav,bonafide,hi-en,175522,mucs2021,none,clean,eval,0.9996254444122314
${DATA_ROOT}/clips/175522_7Hz37FoUWV3ZFiMU_0013.wav,bonafide,hi-en,175522,mucs2021,none,clean,eval,0.999803364276886
${DATA_ROOT}/clips/175522_7Hz37FoUWV3ZFiMU_0014.wav,bonafide,hi-en,175522,mucs2021,none,clean,eval,0.9997952580451965
${DATA_ROOT}/clips/175522_7Hz37FoUWV3ZFiMU_0015.wav,bonafide,hi-en,175522,mucs2021,none,clean,eval,0.9997087121009827
${DATA_ROOT}/clips/175522_7Hz37FoUWV3ZFiMU_0016.wav,bonafide,hi-en,175522,mucs2021,none,clean,eval,0.9997052550315857
${DATA_ROOT}/clips/175522_7Hz37FoUWV3ZFiMU_0017.wav,bonafide,hi-en,175522,mucs2021,none,clean,eval,0.9998452663421631
${DATA_ROOT}/clips/175522_7Hz37FoUWV3ZFiMU_0018.wav,bonafide,hi-en,175522,mucs2021,none,clean,eval,0.9996521472930908
${DATA_ROOT}/clips/175522_7Hz37FoUWV3ZFiMU_0019.wav,bonafide,hi-en,175522,mucs2021,none,clean,eval,0.999632716178894
${DATA_ROOT}/clips/175522_7Hz37FoUWV3ZFiMU_0020.wav,bonafide,hi-en,175522,mucs2021,none,clean,eval,0.9996590614318848
${DATA_ROOT}/clips/175522_7Hz37FoUWV3ZFiMU_0021.wav,bonafide,hi-en,175522,mucs2021,none,clean,eval,0.9998406171798706
${DATA_ROOT}/clips/175522_7Hz37FoUWV3ZFiMU_0022.wav,bonafide,hi-en,175522,mucs2021,none,clean,eval,0.9996806383132935
${DATA_ROOT}/clips/175522_7Hz37FoUWV3ZFiMU_0023.wav,bonafide,hi-en,175522,mucs2021,none,clean,eval,0.9995521903038025
${DATA_ROOT}/clips/175522_7Hz37FoUWV3ZFiMU_0024.wav,bonafide,hi-en,175522,mucs2021,none,clean,eval,0.9997668862342834
${DATA_ROOT}/clips/175522_7Hz37FoUWV3ZFiMU_0025.wav,bonafide,hi-en,175522,mucs2021,none,clean,eval,0.999832034111023
${DATA_ROOT}/clips/175522_7Hz37FoUWV3ZFiMU_0026.wav,bonafide,hi-en,175522,mucs2021,none,clean,eval,0.999796450138092
${DATA_ROOT}/clips/175522_7Hz37FoUWV3ZFiMU_0027.wav,bonafide,hi-en,175522,mucs2021,none,clean,eval,0.9997246861457825
${DATA_ROOT}/clips/175522_7Hz37FoUWV3ZFiMU_0028.wav,bonafide,hi-en,175522,mucs2021,none,clean,eval,0.9997343420982361
${DATA_ROOT}/clips/175522_7Hz37FoUWV3ZFiMU_0029.wav,bonafide,hi-en,175522,mucs2021,none,clean,eval,0.9997357726097107
${DATA_ROOT}/clips/175522_7Hz37FoUWV3ZFiMU_0030.wav,bonafide,hi-en,175522,mucs2021,none,clean,eval,0.9997726082801819
${DATA_ROOT}/clips/175522_7Hz37FoUWV3ZFiMU_0031.wav,bonafide,hi-en,175522,mucs2021,none,clean,eval,0.9997703433036804
${DATA_ROOT}/clips/175522_7Hz37FoUWV3ZFiMU_0032.wav,bonafide,hi-en,175522,mucs2021,none,clean,eval,0.9997714161872864
${DATA_ROOT}/clips/175522_7Hz37FoUWV3ZFiMU_0033.wav,bonafide,hi-en,175522,mucs2021,none,clean,eval,0.9998167157173157
${DATA_ROOT}/clips/175522_7Hz37FoUWV3ZFiMU_0034.wav,bonafide,hi-en,175522,mucs2021,none,clean,eval,0.9998557567596436
${DATA_ROOT}/clips/175522_7Hz37FoUWV3ZFiMU_0035.wav,bonafide,hi-en,175522,mucs2021,none,clean,eval,0.9997605681419373
${DATA_ROOT}/clips/175522_7Hz37FoUWV3ZFiMU_0036.wav,bonafide,hi-en,175522,mucs2021,none,clean,eval,0.9997320771217346
${DATA_ROOT}/clips/175522_7Hz37FoUWV3ZFiMU_0037.wav,bonafide,hi-en,175522,mucs2021,none,clean,eval,0.9996850490570068
${DATA_ROOT}/clips/175522_7Hz37FoUWV3ZFiMU_0038.wav,bonafide,hi-en,175522,mucs2021,none,clean,eval,0.9997820258140564
${DATA_ROOT}/clips/175522_7Hz37FoUWV3ZFiMU_0039.wav,bonafide,hi-en,175522,mucs2021,none,clean,eval,0.9998043179512024
${DATA_ROOT}/clips/175522_7Hz37FoUWV3ZFiMU_0040.wav,bonafide,hi-en,175522,mucs2021,none,clean,eval,0.9997305274009705
${DATA_ROOT}/clips/175522_7Hz37FoUWV3ZFiMU_0041.wav,bonafide,hi-en,175522,mucs2021,none,clean,eval,0.9997614026069641
${DATA_ROOT}/clips/175522_7Hz37FoUWV3ZFiMU_0042.wav,bonafide,hi-en,175522,mucs2021,none,clean,eval,0.999642014503479
${DATA_ROOT}/clips/175522_7Hz37FoUWV3ZFiMU_0043.wav,bonafide,hi-en,175522,mucs2021,none,clean,eval,0.999866247177124
${DATA_ROOT}/clips/175522_7Hz37FoUWV3ZFiMU_0044.wav,bonafide,hi-en,175522,mucs2021,none,clean,eval,0.9998962879180908
${DATA_ROOT}/clips/175522_7Hz37FoUWV3ZFiMU_0045.wav,bonafide,hi-en,175522,mucs2021,none,clean,eval,0.9998366832733154
${DATA_ROOT}/clips/175522_7Hz37FoUWV3ZFiMU_0046.wav,bonafide,hi-en,175522,mucs2021,none,clean,eval,0.9998095631599426
${DATA_ROOT}/clips/175522_7Hz37FoUWV3ZFiMU_0047.wav,bonafide,hi-en,175522,mucs2021,none,clean,eval,0.9998258948326111
${DATA_ROOT}/clips/175522_7Hz37FoUWV3ZFiMU_0048.wav,bonafide,hi-en,175522,mucs2021,none,clean,eval,0.9998350143432617
${DATA_ROOT}/clips/175522_7Hz37FoUWV3ZFiMU_0049.wav,bonafide,hi-en,175522,mucs2021,none,clean,eval,0.9998699426651001
${DATA_ROOT}/clips/175522_7Hz37FoUWV3ZFiMU_0050.wav,bonafide,hi-en,175522,mucs2021,none,clean,eval,0.999700665473938
${DATA_ROOT}/clips/175522_7Hz37FoUWV3ZFiMU_0051.wav,bonafide,hi-en,175522,mucs2021,none,clean,eval,0.9997610449790955
${DATA_ROOT}/clips/175522_7Hz37FoUWV3ZFiMU_0052.wav,bonafide,hi-en,175522,mucs2021,none,clean,eval,0.9997267127037048
${DATA_ROOT}/clips/175522_7Hz37FoUWV3ZFiMU_0053.wav,bonafide,hi-en,175522,mucs2021,none,clean,eval,0.9997690320014954
${DATA_ROOT}/clips/175522_7Hz37FoUWV3ZFiMU_0054.wav,bonafide,hi-en,175522,mucs2021,none,clean,eval,0.9998133778572083
${DATA_ROOT}/clips/175522_7Hz37FoUWV3ZFiMU_0055.wav,bonafide,hi-en,175522,mucs2021,none,clean,eval,0.9996949434280396
${DATA_ROOT}/clips/175522_7Hz37FoUWV3ZFiMU_0056.wav,bonafide,hi-en,175522,mucs2021,none,clean,eval,0.9998738765716553
${DATA_ROOT}/clips/175522_7Hz37FoUWV3ZFiMU_0057.wav,bonafide,hi-en,175522,mucs2021,none,clean,eval,0.9997817873954773
${DATA_ROOT}/clips/175522_7Hz37FoUWV3ZFiMU_0058.wav,bonafide,hi-en,175522,mucs2021,none,clean,eval,0.997259259223938
${DATA_ROOT}/clips/175522_7Hz37FoUWV3ZFiMU_0059.wav,bonafide,hi-en,175522,mucs2021,none,clean,eval,0.9998229146003723
${DATA_ROOT}/clips/175522_7Hz37FoUWV3ZFiMU_0060.wav,bonafide,hi-en,175522,mucs2021,none,clean,eval,0.9996939897537231
${DATA_ROOT}/clips/175522_7Hz37FoUWV3ZFiMU_0061.wav,bonafide,hi-en,175522,mucs2021,none,clean,eval,0.9998785257339478
${DATA_ROOT}/clips/175522_7Hz37FoUWV3ZFiMU_0062.wav,bonafide,hi-en,175522,mucs2021,none,clean,eval,0.9996139407157898
${DATA_ROOT}/clips/175522_7Hz37FoUWV3ZFiMU_0063.wav,bonafide,hi-en,175522,mucs2021,none,clean,eval,0.9997552037239075
${DATA_ROOT}/clips/175522_7Hz37FoUWV3ZFiMU_0064.wav,bonafide,hi-en,175522,mucs2021,none,clean,eval,0.9988313317298889
${DATA_ROOT}/clips/175522_7Hz37FoUWV3ZFiMU_0065.wav,bonafide,hi-en,175522,mucs2021,none,clean,eval,0.9996070265769958
${DATA_ROOT}/clips/175522_7Hz37FoUWV3ZFiMU_0066.wav,bonafide,hi-en,175522,mucs2021,none,clean,eval,0.9997715353965759
${DATA_ROOT}/clips/175522_7Hz37FoUWV3ZFiMU_0067.wav,bonafide,hi-en,175522,mucs2021,none,clean,eval,0.9993513226509094
${DATA_ROOT}/clips/175522_7Hz37FoUWV3ZFiMU_0068.wav,bonafide,hi-en,175522,mucs2021,none,clean,eval,0.9997468590736389
${DATA_ROOT}/clips/175522_7Hz37FoUWV3ZFiMU_0069.wav,bonafide,hi-en,175522,mucs2021,none,clean,eval,0.9997146725654602
${DATA_ROOT}/clips/175522_7Hz37FoUWV3ZFiMU_0070.wav,bonafide,hi-en,175522,mucs2021,none,clean,eval,0.999783456325531
${DATA_ROOT}/clips/175522_7Hz37FoUWV3ZFiMU_0071.wav,bonafide,hi-en,175522,mucs2021,none,clean,eval,0.9998140931129456
${DATA_ROOT}/clips/175522_7Hz37FoUWV3ZFiMU_0072.wav,bonafide,hi-en,175522,mucs2021,none,clean,eval,0.9997866749763489
${DATA_ROOT}/clips/175522_7Hz37FoUWV3ZFiMU_0073.wav,bonafide,hi-en,175522,mucs2021,none,clean,eval,0.9996676445007324
${DATA_ROOT}/clips/175522_7Hz37FoUWV3ZFiMU_0074.wav,bonafide,hi-en,175522,mucs2021,none,clean,eval,0.9998074173927307
${DATA_ROOT}/clips/175522_7Hz37FoUWV3ZFiMU_0075.wav,bonafide,hi-en,175522,mucs2021,none,clean,eval,0.9997864365577698
${DATA_ROOT}/clips/175522_7Hz37FoUWV3ZFiMU_0076.wav,bonafide,hi-en,175522,mucs2021,none,clean,eval,0.9998487234115601
${DATA_ROOT}/clips/175522_7Hz37FoUWV3ZFiMU_0077.wav,bonafide,hi-en,175522,mucs2021,none,clean,eval,0.9996681213378906
${DATA_ROOT}/clips/175522_7Hz37FoUWV3ZFiMU_0078.wav,bonafide,hi-en,175522,mucs2021,none,clean,eval,0.9997132420539856
${DATA_ROOT}/clips/175522_7Hz37FoUWV3ZFiMU_0079.wav,bonafide,hi-en,175522,mucs2021,none,clean,eval,0.9999022483825684
${DATA_ROOT}/clips/175522_7Hz37FoUWV3ZFiMU_0080.wav,bonafide,hi-en,175522,mucs2021,none,clean,eval,0.9998601675033569
${DATA_ROOT}/clips/175522_7Hz37FoUWV3ZFiMU_0081.wav,bonafide,hi-en,175522,mucs2021,none,clean,eval,0.9997530579566956
${DATA_ROOT}/clips/175522_7Hz37FoUWV3ZFiMU_0082.wav,bonafide,hi-en,175522,mucs2021,none,clean,eval,0.9990612864494324
${DATA_ROOT}/clips/175522_7Hz37FoUWV3ZFiMU_0083.wav,bonafide,hi-en,175522,mucs2021,none,clean,eval,0.9997636675834656
${DATA_ROOT}/clips/175522_7Hz37FoUWV3ZFiMU_0084.wav,bonafide,hi-en,175522,mucs2021,none,clean,eval,0.9997391104698181
${DATA_ROOT}/clips/175522_7Hz37FoUWV3ZFiMU_0085.wav,bonafide,hi-en,175522,mucs2021,none,clean,eval,0.9999042749404907
${DATA_ROOT}/clips/175522_7Hz37FoUWV3ZFiMU_0086.wav,bonafide,hi-en,175522,mucs2021,none,clean,eval,0.9997822642326355
${DATA_ROOT}/clips/175522_7Hz37FoUWV3ZFiMU_0087.wav,bonafide,hi-en,175522,mucs2021,none,clean,eval,0.9997356534004211
${DATA_ROOT}/clips/175522_7Hz37FoUWV3ZFiMU_0088.wav,bonafide,hi-en,175522,mucs2021,none,clean,eval,0.999764621257782
${DATA_ROOT}/clips/175522_7Hz37FoUWV3ZFiMU_0089.wav,bonafide,hi-en,175522,mucs2021,none,clean,eval,0.9998902082443237
${DATA_ROOT}/clips/175522_7Hz37FoUWV3ZFiMU_0090.wav,bonafide,hi-en,175522,mucs2021,none,clean,eval,0.9998679161071777
${DATA_ROOT}/clips/175522_7Hz37FoUWV3ZFiMU_0091.wav,bonafide,hi-en,175522,mucs2021,none,clean,eval,0.9991969466209412
${DATA_ROOT}/clips/175522_7Hz37FoUWV3ZFiMU_0092.wav,bonafide,hi-en,175522,mucs2021,none,clean,eval,0.9996399879455566
${DATA_ROOT}/clips/175522_7Hz37FoUWV3ZFiMU_0093.wav,bonafide,hi-en,175522,mucs2021,none,clean,eval,0.999824583530426
${DATA_ROOT}/clips/175522_7Hz37FoUWV3ZFiMU_0094.wav,bonafide,hi-en,175522,mucs2021,none,clean,eval,0.9997381567955017
${DATA_ROOT}/clips/175522_7Hz37FoUWV3ZFiMU_0095.wav,bonafide,hi-en,175522,mucs2021,none,clean,eval,0.9997977614402771
${DATA_ROOT}/clips/175522_7Hz37FoUWV3ZFiMU_0096.wav,bonafide,hi-en,175522,mucs2021,none,clean,eval,0.9998314380645752
${DATA_ROOT}/clips/175522_7Hz37FoUWV3ZFiMU_0097.wav,bonafide,hi-en,175522,mucs2021,none,clean,eval,0.9997876286506653
${DATA_ROOT}/clips/175522_7Hz37FoUWV3ZFiMU_0098.wav,bonafide,hi-en,175522,mucs2021,none,clean,eval,0.9998441934585571
${DATA_ROOT}/clips/175522_7Hz37FoUWV3ZFiMU_0099.wav,bonafide,hi-en,175522,mucs2021,none,clean,eval,0.9997757077217102
${DATA_ROOT}/clips/175522_7Hz37FoUWV3ZFiMU_0100.wav,bonafide,hi-en,175522,mucs2021,none,clean,eval,0.9998582601547241
${DATA_ROOT}/clips/175522_7Hz37FoUWV3ZFiMU_0101.wav,bonafide,hi-en,175522,mucs2021,none,clean,eval,0.9998737573623657
${DATA_ROOT}/clips/232748_sKqPXTyNgbuqBiCf_0000.wav,bonafide,hi-en,232748,mucs2021,none,clean,eval,0.9997349381446838
${DATA_ROOT}/clips/232748_sKqPXTyNgbuqBiCf_0001.wav,bonafide,hi-en,232748,mucs2021,none,clean,eval,0.999576985836029
${DATA_ROOT}/clips/232748_sKqPXTyNgbuqBiCf_0002.wav,bonafide,hi-en,232748,mucs2021,none,clean,eval,0.9997950196266174
${DATA_ROOT}/clips/232748_sKqPXTyNgbuqBiCf_0003.wav,bonafide,hi-en,232748,mucs2021,none,clean,eval,0.9996285438537598
${DATA_ROOT}/clips/232748_sKqPXTyNgbuqBiCf_0004.wav,bonafide,hi-en,232748,mucs2021,none,clean,eval,0.9998065829277039
${DATA_ROOT}/clips/232748_sKqPXTyNgbuqBiCf_0005.wav,bonafide,hi-en,232748,mucs2021,none,clean,eval,0.9997050166130066
${DATA_ROOT}/clips/232748_sKqPXTyNgbuqBiCf_0006.wav,bonafide,hi-en,232748,mucs2021,none,clean,eval,0.9996964931488037
${DATA_ROOT}/clips/232748_sKqPXTyNgbuqBiCf_0007.wav,bonafide,hi-en,232748,mucs2021,none,clean,eval,0.9997825026512146
${DATA_ROOT}/clips/232748_sKqPXTyNgbuqBiCf_0008.wav,bonafide,hi-en,232748,mucs2021,none,clean,eval,0.9992941617965698
${DATA_ROOT}/clips/232748_sKqPXTyNgbuqBiCf_0009.wav,bonafide,hi-en,232748,mucs2021,none,clean,eval,0.9995868802070618
${DATA_ROOT}/clips/232748_sKqPXTyNgbuqBiCf_0010.wav,bonafide,hi-en,232748,mucs2021,none,clean,eval,0.9997439980506897
${DATA_ROOT}/clips/232748_sKqPXTyNgbuqBiCf_0011.wav,bonafide,hi-en,232748,mucs2021,none,clean,eval,0.9997732043266296
${DATA_ROOT}/clips/232748_sKqPXTyNgbuqBiCf_0012.wav,bonafide,hi-en,232748,mucs2021,none,clean,eval,0.9998231530189514
${DATA_ROOT}/clips/232748_sKqPXTyNgbuqBiCf_0013.wav,bonafide,hi-en,232748,mucs2021,none,clean,eval,0.9997187256813049
${DATA_ROOT}/clips/232748_sKqPXTyNgbuqBiCf_0014.wav,bonafide,hi-en,232748,mucs2021,none,clean,eval,0.9997348189353943
${DATA_ROOT}/clips/232748_sKqPXTyNgbuqBiCf_0015.wav,bonafide,hi-en,232748,mucs2021,none,clean,eval,0.9998334646224976
${DATA_ROOT}/clips/232748_sKqPXTyNgbuqBiCf_0016.wav,bonafide,hi-en,232748,mucs2021,none,clean,eval,0.9890841841697693
${DATA_ROOT}/clips/232748_sKqPXTyNgbuqBiCf_0017.wav,bonafide,hi-en,232748,mucs2021,none,clean,eval,0.9997842907905579
${DATA_ROOT}/clips/232748_sKqPXTyNgbuqBiCf_0018.wav,bonafide,hi-en,232748,mucs2021,none,clean,eval,0.999862551689148
${DATA_ROOT}/clips/232748_sKqPXTyNgbuqBiCf_0019.wav,bonafide,hi-en,232748,mucs2021,none,clean,eval,0.9995121955871582
${DATA_ROOT}/clips/232748_sKqPXTyNgbuqBiCf_0020.wav,bonafide,hi-en,232748,mucs2021,none,clean,eval,0.9997660517692566
${DATA_ROOT}/clips/232748_sKqPXTyNgbuqBiCf_0021.wav,bonafide,hi-en,232748,mucs2021,none,clean,eval,0.9998527765274048
${DATA_ROOT}/clips/232748_sKqPXTyNgbuqBiCf_0022.wav,bonafide,hi-en,232748,mucs2021,none,clean,eval,0.9996812343597412
${DATA_ROOT}/clips/232748_sKqPXTyNgbuqBiCf_0023.wav,bonafide,hi-en,232748,mucs2021,none,clean,eval,0.9991796612739563
${DATA_ROOT}/clips/232748_sKqPXTyNgbuqBiCf_0024.wav,bonafide,hi-en,232748,mucs2021,none,clean,eval,0.9986149072647095
${DATA_ROOT}/clips/232748_sKqPXTyNgbuqBiCf_0025.wav,bonafide,hi-en,232748,mucs2021,none,clean,eval,0.9998193383216858
${DATA_ROOT}/clips/232748_sKqPXTyNgbuqBiCf_0026.wav,bonafide,hi-en,232748,mucs2021,none,clean,eval,0.9996864795684814
${DATA_ROOT}/clips/232748_sKqPXTyNgbuqBiCf_0027.wav,bonafide,hi-en,232748,mucs2021,none,clean,eval,0.9998323917388916
${DATA_ROOT}/clips/232748_sKqPXTyNgbuqBiCf_0028.wav,bonafide,hi-en,232748,mucs2021,none,clean,eval,0.999903678894043
${DATA_ROOT}/clips/232748_sKqPXTyNgbuqBiCf_0029.wav,bonafide,hi-en,232748,mucs2021,none,clean,eval,0.9199247360229492
${DATA_ROOT}/clips/232748_sKqPXTyNgbuqBiCf_0030.wav,bonafide,hi-en,232748,mucs2021,none,clean,eval,0.9996546506881714
${DATA_ROOT}/clips/232748_sKqPXTyNgbuqBiCf_0031.wav,bonafide,hi-en,232748,mucs2021,none,clean,eval,0.999761164188385
${DATA_ROOT}/clips/232748_sKqPXTyNgbuqBiCf_0032.wav,bonafide,hi-en,232748,mucs2021,none,clean,eval,0.9998892545700073
${DATA_ROOT}/clips/232748_sKqPXTyNgbuqBiCf_0033.wav,bonafide,hi-en,232748,mucs2021,none,clean,eval,0.9994398951530457
${DATA_ROOT}/clips/232748_sKqPXTyNgbuqBiCf_0034.wav,bonafide,hi-en,232748,mucs2021,none,clean,eval,0.9998230338096619
${DATA_ROOT}/clips/232748_sKqPXTyNgbuqBiCf_0035.wav,bonafide,hi-en,232748,mucs2021,none,clean,eval,0.9997512698173523
${DATA_ROOT}/clips/232748_sKqPXTyNgbuqBiCf_0036.wav,bonafide,hi-en,232748,mucs2021,none,clean,eval,0.9998515844345093
${DATA_ROOT}/clips/232748_sKqPXTyNgbuqBiCf_0037.wav,bonafide,hi-en,232748,mucs2021,none,clean,eval,0.9996824264526367
${DATA_ROOT}/clips/232748_sKqPXTyNgbuqBiCf_0038.wav,bonafide,hi-en,232748,mucs2021,none,clean,eval,0.9998114705085754
${DATA_ROOT}/clips/232748_sKqPXTyNgbuqBiCf_0039.wav,bonafide,hi-en,232748,mucs2021,none,clean,eval,0.9996920824050903
${DATA_ROOT}/clips/232748_sKqPXTyNgbuqBiCf_0040.wav,bonafide,hi-en,232748,mucs2021,none,clean,eval,0.9997778534889221
${DATA_ROOT}/clips/232748_sKqPXTyNgbuqBiCf_0041.wav,bonafide,hi-en,232748,mucs2021,none,clean,eval,0.9997331500053406
${DATA_ROOT}/clips/232748_sKqPXTyNgbuqBiCf_0042.wav,bonafide,hi-en,232748,mucs2021,none,clean,eval,0.9998112320899963
${DATA_ROOT}/clips/232748_sKqPXTyNgbuqBiCf_0043.wav,bonafide,hi-en,232748,mucs2021,none,clean,eval,0.9993557333946228
${DATA_ROOT}/clips/232748_sKqPXTyNgbuqBiCf_0044.wav,bonafide,hi-en,232748,mucs2021,none,clean,eval,0.9996631145477295
${DATA_ROOT}/clips/232748_sKqPXTyNgbuqBiCf_0045.wav,bonafide,hi-en,232748,mucs2021,none,clean,eval,0.9995237588882446
${DATA_ROOT}/clips/232748_sKqPXTyNgbuqBiCf_0046.wav,bonafide,hi-en,232748,mucs2021,none,clean,eval,0.998189389705658
${DATA_ROOT}/clips/232748_sKqPXTyNgbuqBiCf_0047.wav,bonafide,hi-en,232748,mucs2021,none,clean,eval,0.9997093081474304
${DATA_ROOT}/clips/232748_sKqPXTyNgbuqBiCf_0048.wav,bonafide,hi-en,232748,mucs2021,none,clean,eval,0.9996950626373291
${DATA_ROOT}/clips/232748_sKqPXTyNgbuqBiCf_0049.wav,bonafide,hi-en,232748,mucs2021,none,clean,eval,0.9998553991317749
${DATA_ROOT}/clips/232748_sKqPXTyNgbuqBiCf_0050.wav,bonafide,hi-en,232748,mucs2021,none,clean,eval,0.9996808767318726
${DATA_ROOT}/clips/232748_sKqPXTyNgbuqBiCf_0051.wav,bonafide,hi-en,232748,mucs2021,none,clean,eval,0.9996516704559326
${DATA_ROOT}/clips/232748_sKqPXTyNgbuqBiCf_0052.wav,bonafide,hi-en,232748,mucs2021,none,clean,eval,0.9998493194580078
${DATA_ROOT}/clips/232748_sKqPXTyNgbuqBiCf_0053.wav,bonafide,hi-en,232748,mucs2021,none,clean,eval,0.9994472861289978
${DATA_ROOT}/clips/232748_sKqPXTyNgbuqBiCf_0054.wav,bonafide,hi-en,232748,mucs2021,none,clean,eval,0.9997627139091492
${DATA_ROOT}/clips/232748_sKqPXTyNgbuqBiCf_0055.wav,bonafide,hi-en,232748,mucs2021,none,clean,eval,0.9998120665550232
${DATA_ROOT}/clips/232748_sKqPXTyNgbuqBiCf_0056.wav,bonafide,hi-en,232748,mucs2021,none,clean,eval,0.9898200631141663
${DATA_ROOT}/clips/232748_sKqPXTyNgbuqBiCf_0057.wav,bonafide,hi-en,232748,mucs2021,none,clean,eval,0.9997158646583557
${DATA_ROOT}/clips/232748_sKqPXTyNgbuqBiCf_0058.wav,bonafide,hi-en,232748,mucs2021,none,clean,eval,0.9996768236160278
${DATA_ROOT}/clips/232748_sKqPXTyNgbuqBiCf_0059.wav,bonafide,hi-en,232748,mucs2021,none,clean,eval,0.9998098015785217
${DATA_ROOT}/clips/232748_sKqPXTyNgbuqBiCf_0060.wav,bonafide,hi-en,232748,mucs2021,none,clean,eval,0.9996708631515503
${DATA_ROOT}/clips/232748_sKqPXTyNgbuqBiCf_0061.wav,bonafide,hi-en,232748,mucs2021,none,clean,eval,0.9997891783714294
${DATA_ROOT}/clips/232748_sKqPXTyNgbuqBiCf_0062.wav,bonafide,hi-en,232748,mucs2021,none,clean,eval,0.9998631477355957
${DATA_ROOT}/clips/232748_sKqPXTyNgbuqBiCf_0063.wav,bonafide,hi-en,232748,mucs2021,none,clean,eval,0.999717652797699
${DATA_ROOT}/clips/232748_sKqPXTyNgbuqBiCf_0064.wav,bonafide,hi-en,232748,mucs2021,none,clean,eval,0.9998201727867126
${DATA_ROOT}/clips/232748_sKqPXTyNgbuqBiCf_0065.wav,bonafide,hi-en,232748,mucs2021,none,clean,eval,0.9996466636657715
${DATA_ROOT}/clips/232748_sKqPXTyNgbuqBiCf_0066.wav,bonafide,hi-en,232748,mucs2021,none,clean,eval,0.9996432065963745
${DATA_ROOT}/clips/232748_sKqPXTyNgbuqBiCf_0067.wav,bonafide,hi-en,232748,mucs2021,none,clean,eval,0.9996745586395264
${DATA_ROOT}/clips/232748_sKqPXTyNgbuqBiCf_0068.wav,bonafide,hi-en,232748,mucs2021,none,clean,eval,0.9998668432235718
${DATA_ROOT}/clips/232748_sKqPXTyNgbuqBiCf_0069.wav,bonafide,hi-en,232748,mucs2021,none,clean,eval,0.9990946054458618
${DATA_ROOT}/clips/232748_sKqPXTyNgbuqBiCf_0070.wav,bonafide,hi-en,232748,mucs2021,none,clean,eval,0.9997816681861877
${DATA_ROOT}/clips/232748_sKqPXTyNgbuqBiCf_0071.wav,bonafide,hi-en,232748,mucs2021,none,clean,eval,0.9997828602790833
${DATA_ROOT}/clips/232748_sKqPXTyNgbuqBiCf_0072.wav,bonafide,hi-en,232748,mucs2021,none,clean,eval,0.9998056292533875
${DATA_ROOT}/clips/232748_sKqPXTyNgbuqBiCf_0073.wav,bonafide,hi-en,232748,mucs2021,none,clean,eval,0.9997090697288513
${DATA_ROOT}/clips/232748_sKqPXTyNgbuqBiCf_0074.wav,bonafide,hi-en,232748,mucs2021,none,clean,eval,0.9997718930244446
${DATA_ROOT}/clips/232748_sKqPXTyNgbuqBiCf_0075.wav,bonafide,hi-en,232748,mucs2021,none,clean,eval,0.9996925592422485
${DATA_ROOT}/clips/232748_sKqPXTyNgbuqBiCf_0076.wav,bonafide,hi-en,232748,mucs2021,none,clean,eval,0.9998670816421509
${DATA_ROOT}/clips/232748_sKqPXTyNgbuqBiCf_0077.wav,bonafide,hi-en,232748,mucs2021,none,clean,eval,0.9996967315673828
${DATA_ROOT}/clips/232748_sKqPXTyNgbuqBiCf_0078.wav,bonafide,hi-en,232748,mucs2021,none,clean,eval,0.999862790107727
${DATA_ROOT}/clips/232748_sKqPXTyNgbuqBiCf_0079.wav,bonafide,hi-en,232748,mucs2021,none,clean,eval,0.9997015595436096
${DATA_ROOT}/clips/232748_sKqPXTyNgbuqBiCf_0080.wav,bonafide,hi-en,232748,mucs2021,none,clean,eval,0.987656831741333
${DATA_ROOT}/clips/232748_sKqPXTyNgbuqBiCf_0081.wav,bonafide,hi-en,232748,mucs2021,none,clean,eval,0.9997979998588562
${DATA_ROOT}/clips/232748_sKqPXTyNgbuqBiCf_0082.wav,bonafide,hi-en,232748,mucs2021,none,clean,eval,0.9986097812652588
${DATA_ROOT}/clips/232748_sKqPXTyNgbuqBiCf_0083.wav,bonafide,hi-en,232748,mucs2021,none,clean,eval,0.9996628761291504
${DATA_ROOT}/clips/232748_sKqPXTyNgbuqBiCf_0084.wav,bonafide,hi-en,232748,mucs2021,none,clean,eval,0.9996861219406128
${DATA_ROOT}/clips/232748_sKqPXTyNgbuqBiCf_0085.wav,bonafide,hi-en,232748,mucs2021,none,clean,eval,0.9997442364692688
${DATA_ROOT}/clips/232748_sKqPXTyNgbuqBiCf_0086.wav,bonafide,hi-en,232748,mucs2021,none,clean,eval,0.9988248944282532
${DATA_ROOT}/clips/232748_sKqPXTyNgbuqBiCf_0087.wav,bonafide,hi-en,232748,mucs2021,none,clean,eval,0.9988088607788086
${DATA_ROOT}/clips/238121_Vwrx3NuWik2VD2MU_0000.wav,bonafide,hi-en,238121,mucs2021,none,clean,eval,0.9998005032539368
${DATA_ROOT}/clips/238121_Vwrx3NuWik2VD2MU_0001.wav,bonafide,hi-en,238121,mucs2021,none,clean,eval,0.9951604008674622
${DATA_ROOT}/clips/238121_Vwrx3NuWik2VD2MU_0002.wav,bonafide,hi-en,238121,mucs2021,none,clean,eval,0.9997901320457458
${DATA_ROOT}/clips/238121_Vwrx3NuWik2VD2MU_0003.wav,bonafide,hi-en,238121,mucs2021,none,clean,eval,0.999534010887146
${DATA_ROOT}/clips/238121_Vwrx3NuWik2VD2MU_0004.wav,bonafide,hi-en,238121,mucs2021,none,clean,eval,0.9992546439170837
${DATA_ROOT}/clips/238121_Vwrx3NuWik2VD2MU_0005.wav,bonafide,hi-en,238121,mucs2021,none,clean,eval,0.9997509121894836
${DATA_ROOT}/clips/238121_Vwrx3NuWik2VD2MU_0006.wav,bonafide,hi-en,238121,mucs2021,none,clean,eval,0.99982088804245
${DATA_ROOT}/clips/238121_Vwrx3NuWik2VD2MU_0007.wav,bonafide,hi-en,238121,mucs2021,none,clean,eval,0.9993947744369507
${DATA_ROOT}/clips/238121_Vwrx3NuWik2VD2MU_0008.wav,bonafide,hi-en,238121,mucs2021,none,clean,eval,0.9997149109840393
${DATA_ROOT}/clips/238121_Vwrx3NuWik2VD2MU_0009.wav,bonafide,hi-en,238121,mucs2021,none,clean,eval,0.9998713731765747
${DATA_ROOT}/clips/238121_Vwrx3NuWik2VD2MU_0010.wav,bonafide,hi-en,238121,mucs2021,none,clean,eval,0.9998283386230469
${DATA_ROOT}/clips/238121_Vwrx3NuWik2VD2MU_0011.wav,bonafide,hi-en,238121,mucs2021,none,clean,eval,0.99974125623703
${DATA_ROOT}/clips/238121_Vwrx3NuWik2VD2MU_0012.wav,bonafide,hi-en,238121,mucs2021,none,clean,eval,0.9993219375610352
${DATA_ROOT}/clips/238121_Vwrx3NuWik2VD2MU_0013.wav,bonafide,hi-en,238121,mucs2021,none,clean,eval,0.996862530708313
${DATA_ROOT}/clips/238121_Vwrx3NuWik2VD2MU_0014.wav,bonafide,hi-en,238121,mucs2021,none,clean,eval,0.9997276663780212
${DATA_ROOT}/clips/238121_Vwrx3NuWik2VD2MU_0015.wav,bonafide,hi-en,238121,mucs2021,none,clean,eval,0.9991899132728577
${DATA_ROOT}/clips/238121_Vwrx3NuWik2VD2MU_0016.wav,bonafide,hi-en,238121,mucs2021,none,clean,eval,0.9997987151145935
${DATA_ROOT}/clips/238121_Vwrx3NuWik2VD2MU_0017.wav,bonafide,hi-en,238121,mucs2021,none,clean,eval,0.9996663331985474
${DATA_ROOT}/clips/238121_Vwrx3NuWik2VD2MU_0018.wav,bonafide,hi-en,238121,mucs2021,none,clean,eval,0.9998038411140442
${DATA_ROOT}/clips/238121_Vwrx3NuWik2VD2MU_0019.wav,bonafide,hi-en,238121,mucs2021,none,clean,eval,0.9996908903121948
${DATA_ROOT}/clips/238121_Vwrx3NuWik2VD2MU_0020.wav,bonafide,hi-en,238121,mucs2021,none,clean,eval,0.9484359622001648
${DATA_ROOT}/clips/238121_Vwrx3NuWik2VD2MU_0021.wav,bonafide,hi-en,238121,mucs2021,none,clean,eval,0.9995918869972229
${DATA_ROOT}/clips/238121_Vwrx3NuWik2VD2MU_0022.wav,bonafide,hi-en,238121,mucs2021,none,clean,eval,0.9999326467514038
${DATA_ROOT}/clips/238121_Vwrx3NuWik2VD2MU_0023.wav,bonafide,hi-en,238121,mucs2021,none,clean,eval,0.996167004108429
${DATA_ROOT}/clips/238121_Vwrx3NuWik2VD2MU_0024.wav,bonafide,hi-en,238121,mucs2021,none,clean,eval,0.9991124272346497
${DATA_ROOT}/clips/238121_Vwrx3NuWik2VD2MU_0025.wav,bonafide,hi-en,238121,mucs2021,none,clean,eval,0.9998682737350464
${DATA_ROOT}/clips/238121_Vwrx3NuWik2VD2MU_0026.wav,bonafide,hi-en,238121,mucs2021,none,clean,eval,0.9998626708984375
${DATA_ROOT}/clips/238121_Vwrx3NuWik2VD2MU_0027.wav,bonafide,hi-en,238121,mucs2021,none,clean,eval,0.9995620846748352
${DATA_ROOT}/clips/238121_Vwrx3NuWik2VD2MU_0028.wav,bonafide,hi-en,238121,mucs2021,none,clean,eval,0.9998321533203125
${DATA_ROOT}/clips/238121_Vwrx3NuWik2VD2MU_0029.wav,bonafide,hi-en,238121,mucs2021,none,clean,eval,0.999427080154419
${DATA_ROOT}/clips/238121_Vwrx3NuWik2VD2MU_0030.wav,bonafide,hi-en,238121,mucs2021,none,clean,eval,0.9996393918991089
${DATA_ROOT}/clips/238121_Vwrx3NuWik2VD2MU_0031.wav,bonafide,hi-en,238121,mucs2021,none,clean,eval,0.9997392296791077
${DATA_ROOT}/clips/238121_Vwrx3NuWik2VD2MU_0032.wav,bonafide,hi-en,238121,mucs2021,none,clean,eval,0.9998210072517395
${DATA_ROOT}/clips/238121_Vwrx3NuWik2VD2MU_0033.wav,bonafide,hi-en,238121,mucs2021,none,clean,eval,0.9998571872711182
${DATA_ROOT}/clips/238121_Vwrx3NuWik2VD2MU_0034.wav,bonafide,hi-en,238121,mucs2021,none,clean,eval,0.9989765882492065
${DATA_ROOT}/clips/238121_Vwrx3NuWik2VD2MU_0035.wav,bonafide,hi-en,238121,mucs2021,none,clean,eval,0.999864935874939
${DATA_ROOT}/clips/238121_Vwrx3NuWik2VD2MU_0036.wav,bonafide,hi-en,238121,mucs2021,none,clean,eval,0.9996851682662964
${DATA_ROOT}/clips/238121_Vwrx3NuWik2VD2MU_0037.wav,bonafide,hi-en,238121,mucs2021,none,clean,eval,0.9999028444290161
${DATA_ROOT}/clips/238121_Vwrx3NuWik2VD2MU_0038.wav,bonafide,hi-en,238121,mucs2021,none,clean,eval,0.9997833371162415
${DATA_ROOT}/clips/238121_Vwrx3NuWik2VD2MU_0039.wav,bonafide,hi-en,238121,mucs2021,none,clean,eval,0.9997718930244446
${DATA_ROOT}/clips/238121_Vwrx3NuWik2VD2MU_0040.wav,bonafide,hi-en,238121,mucs2021,none,clean,eval,0.998971700668335
${DATA_ROOT}/clips/238121_Vwrx3NuWik2VD2MU_0041.wav,bonafide,hi-en,238121,mucs2021,none,clean,eval,0.9998231530189514
${DATA_ROOT}/clips/238121_Vwrx3NuWik2VD2MU_0042.wav,bonafide,hi-en,238121,mucs2021,none,clean,eval,0.9998757839202881
${DATA_ROOT}/clips/238121_Vwrx3NuWik2VD2MU_0043.wav,bonafide,hi-en,238121,mucs2021,none,clean,eval,0.9998888969421387
${DATA_ROOT}/clips/238121_Vwrx3NuWik2VD2MU_0044.wav,bonafide,hi-en,238121,mucs2021,none,clean,eval,0.9998722076416016
${DATA_ROOT}/clips/238121_Vwrx3NuWik2VD2MU_0045.wav,bonafide,hi-en,238121,mucs2021,none,clean,eval,0.9996664524078369
${DATA_ROOT}/clips/238121_Vwrx3NuWik2VD2MU_0046.wav,bonafide,hi-en,238121,mucs2021,none,clean,eval,0.9995152950286865
${DATA_ROOT}/clips/238121_Vwrx3NuWik2VD2MU_0047.wav,bonafide,hi-en,238121,mucs2021,none,clean,eval,0.9980878233909607
${DATA_ROOT}/clips/238121_Vwrx3NuWik2VD2MU_0048.wav,bonafide,hi-en,238121,mucs2021,none,clean,eval,0.9999061822891235
${DATA_ROOT}/clips/238121_Vwrx3NuWik2VD2MU_0049.wav,bonafide,hi-en,238121,mucs2021,none,clean,eval,0.9975722432136536
${DATA_ROOT}/clips/238121_Vwrx3NuWik2VD2MU_0050.wav,bonafide,hi-en,238121,mucs2021,none,clean,eval,0.9996440410614014
${DATA_ROOT}/clips/238121_Vwrx3NuWik2VD2MU_0051.wav,bonafide,hi-en,238121,mucs2021,none,clean,eval,0.9994747042655945
${DATA_ROOT}/clips/238121_Vwrx3NuWik2VD2MU_0052.wav,bonafide,hi-en,238121,mucs2021,none,clean,eval,0.997637152671814
${DATA_ROOT}/clips/238121_Vwrx3NuWik2VD2MU_0053.wav,bonafide,hi-en,238121,mucs2021,none,clean,eval,0.9996030926704407
${DATA_ROOT}/clips/238121_Vwrx3NuWik2VD2MU_0054.wav,bonafide,hi-en,238121,mucs2021,none,clean,eval,0.9998227953910828
${DATA_ROOT}/clips/238121_Vwrx3NuWik2VD2MU_0055.wav,bonafide,hi-en,238121,mucs2021,none,clean,eval,0.9991205334663391
${DATA_ROOT}/clips/238121_Vwrx3NuWik2VD2MU_0056.wav,bonafide,hi-en,238121,mucs2021,none,clean,eval,0.984870195388794
${DATA_ROOT}/clips/238121_Vwrx3NuWik2VD2MU_0057.wav,bonafide,hi-en,238121,mucs2021,none,clean,eval,0.999806821346283
${DATA_ROOT}/clips/238121_Vwrx3NuWik2VD2MU_0058.wav,bonafide,hi-en,238121,mucs2021,none,clean,eval,0.9995089769363403
${DATA_ROOT}/clips/238121_Vwrx3NuWik2VD2MU_0059.wav,bonafide,hi-en,238121,mucs2021,none,clean,eval,0.8718104362487793
${DATA_ROOT}/clips/238121_Vwrx3NuWik2VD2MU_0060.wav,bonafide,hi-en,238121,mucs2021,none,clean,eval,0.9998072981834412
${DATA_ROOT}/clips/238121_Vwrx3NuWik2VD2MU_0061.wav,bonafide,hi-en,238121,mucs2021,none,clean,eval,0.9995593428611755
${DATA_ROOT}/clips/238121_Vwrx3NuWik2VD2MU_0062.wav,bonafide,hi-en,238121,mucs2021,none,clean,eval,0.9997784495353699
${DATA_ROOT}/clips/238121_Vwrx3NuWik2VD2MU_0063.wav,bonafide,hi-en,238121,mucs2021,none,clean,eval,0.9998941421508789
${DATA_ROOT}/clips/238121_Vwrx3NuWik2VD2MU_0064.wav,bonafide,hi-en,238121,mucs2021,none,clean,eval,0.9999088048934937
${DATA_ROOT}/clips/238121_Vwrx3NuWik2VD2MU_0065.wav,bonafide,hi-en,238121,mucs2021,none,clean,eval,0.9998414516448975
${DATA_ROOT}/clips/238121_Vwrx3NuWik2VD2MU_0066.wav,bonafide,hi-en,238121,mucs2021,none,clean,eval,0.9998480081558228
${DATA_ROOT}/clips/238121_Vwrx3NuWik2VD2MU_0067.wav,bonafide,hi-en,238121,mucs2021,none,clean,eval,0.9998568296432495
${DATA_ROOT}/clips/238121_Vwrx3NuWik2VD2MU_0068.wav,bonafide,hi-en,238121,mucs2021,none,clean,eval,0.9998193383216858
${DATA_ROOT}/clips/238121_Vwrx3NuWik2VD2MU_0069.wav,bonafide,hi-en,238121,mucs2021,none,clean,eval,0.9998407363891602
${DATA_ROOT}/clips/238121_Vwrx3NuWik2VD2MU_0070.wav,bonafide,hi-en,238121,mucs2021,none,clean,eval,0.9997603297233582
${DATA_ROOT}/clips/238121_Vwrx3NuWik2VD2MU_0071.wav,bonafide,hi-en,238121,mucs2021,none,clean,eval,0.9997707009315491
${DATA_ROOT}/clips/238121_Vwrx3NuWik2VD2MU_0072.wav,bonafide,hi-en,238121,mucs2021,none,clean,eval,0.9998012185096741
${DATA_ROOT}/clips/238121_Vwrx3NuWik2VD2MU_0073.wav,bonafide,hi-en,238121,mucs2021,none,clean,eval,0.9998238682746887
${DATA_ROOT}/clips/238121_Vwrx3NuWik2VD2MU_0074.wav,bonafide,hi-en,238121,mucs2021,none,clean,eval,0.9997112154960632
${DATA_ROOT}/clips/238121_Vwrx3NuWik2VD2MU_0075.wav,bonafide,hi-en,238121,mucs2021,none,clean,eval,0.9997121691703796
${DATA_ROOT}/clips/238121_Vwrx3NuWik2VD2MU_0076.wav,bonafide,hi-en,238121,mucs2021,none,clean,eval,0.9997250437736511
${DATA_ROOT}/clips/238121_Vwrx3NuWik2VD2MU_0077.wav,bonafide,hi-en,238121,mucs2021,none,clean,eval,0.9996028542518616
${DATA_ROOT}/clips/238121_Vwrx3NuWik2VD2MU_0078.wav,bonafide,hi-en,238121,mucs2021,none,clean,eval,0.9992377758026123
${DATA_ROOT}/clips/238121_Vwrx3NuWik2VD2MU_0079.wav,bonafide,hi-en,238121,mucs2021,none,clean,eval,0.9992892742156982
${DATA_ROOT}/clips/238121_Vwrx3NuWik2VD2MU_0080.wav,bonafide,hi-en,238121,mucs2021,none,clean,eval,0.9998538494110107
${DATA_ROOT}/clips/238121_Vwrx3NuWik2VD2MU_0081.wav,bonafide,hi-en,238121,mucs2021,none,clean,eval,0.9994520545005798
${DATA_ROOT}/clips/238121_Vwrx3NuWik2VD2MU_0082.wav,bonafide,hi-en,238121,mucs2021,none,clean,eval,0.999264657497406
${DATA_ROOT}/clips/238121_Vwrx3NuWik2VD2MU_0083.wav,bonafide,hi-en,238121,mucs2021,none,clean,eval,0.9997673630714417
${DATA_ROOT}/clips/238121_Vwrx3NuWik2VD2MU_0084.wav,bonafide,hi-en,238121,mucs2021,none,clean,eval,0.9996351003646851
${DATA_ROOT}/clips/238121_Vwrx3NuWik2VD2MU_0085.wav,bonafide,hi-en,238121,mucs2021,none,clean,eval,0.9994737505912781
${DATA_ROOT}/clips/238121_Vwrx3NuWik2VD2MU_0086.wav,bonafide,hi-en,238121,mucs2021,none,clean,eval,0.9996148347854614
${DATA_ROOT}/clips/238121_Vwrx3NuWik2VD2MU_0087.wav,bonafide,hi-en,238121,mucs2021,none,clean,eval,0.9995582699775696
${DATA_ROOT}/clips/238121_Vwrx3NuWik2VD2MU_0088.wav,bonafide,hi-en,238121,mucs2021,none,clean,eval,0.9991742968559265
${DATA_ROOT}/clips/238121_Vwrx3NuWik2VD2MU_0089.wav,bonafide,hi-en,238121,mucs2021,none,clean,eval,0.9996516704559326
${DATA_ROOT}/clips/238121_Vwrx3NuWik2VD2MU_0090.wav,bonafide,hi-en,238121,mucs2021,none,clean,eval,0.99922776222229
${DATA_ROOT}/clips/238121_Vwrx3NuWik2VD2MU_0091.wav,bonafide,hi-en,238121,mucs2021,none,clean,eval,0.9997456669807434
${DATA_ROOT}/clips/386410_gNJ4JccADvXplv9k_0000.wav,bonafide,hi-en,386410,mucs2021,none,clean,eval,0.999861478805542
${DATA_ROOT}/clips/386410_gNJ4JccADvXplv9k_0001.wav,bonafide,hi-en,386410,mucs2021,none,clean,eval,0.9996486902236938
${DATA_ROOT}/clips/386410_gNJ4JccADvXplv9k_0002.wav,bonafide,hi-en,386410,mucs2021,none,clean,eval,0.9997243285179138
${DATA_ROOT}/clips/386410_gNJ4JccADvXplv9k_0003.wav,bonafide,hi-en,386410,mucs2021,none,clean,eval,0.9997367262840271
${DATA_ROOT}/clips/386410_gNJ4JccADvXplv9k_0004.wav,bonafide,hi-en,386410,mucs2021,none,clean,eval,0.9990749359130859
${DATA_ROOT}/clips/386410_gNJ4JccADvXplv9k_0005.wav,bonafide,hi-en,386410,mucs2021,none,clean,eval,0.9998414516448975
${DATA_ROOT}/clips/386410_gNJ4JccADvXplv9k_0006.wav,bonafide,hi-en,386410,mucs2021,none,clean,eval,0.999090313911438
${DATA_ROOT}/clips/386410_gNJ4JccADvXplv9k_0007.wav,bonafide,hi-en,386410,mucs2021,none,clean,eval,0.999783456325531
${DATA_ROOT}/clips/386410_gNJ4JccADvXplv9k_0008.wav,bonafide,hi-en,386410,mucs2021,none,clean,eval,0.9990733861923218
${DATA_ROOT}/clips/386410_gNJ4JccADvXplv9k_0009.wav,bonafide,hi-en,386410,mucs2021,none,clean,eval,0.9996800422668457
${DATA_ROOT}/clips/386410_gNJ4JccADvXplv9k_0010.wav,bonafide,hi-en,386410,mucs2021,none,clean,eval,0.9996784925460815
${DATA_ROOT}/clips/386410_gNJ4JccADvXplv9k_0011.wav,bonafide,hi-en,386410,mucs2021,none,clean,eval,0.9992061257362366
${DATA_ROOT}/clips/386410_gNJ4JccADvXplv9k_0012.wav,bonafide,hi-en,386410,mucs2021,none,clean,eval,0.9998906850814819
${DATA_ROOT}/clips/386410_gNJ4JccADvXplv9k_0013.wav,bonafide,hi-en,386410,mucs2021,none,clean,eval,0.9998278617858887
${DATA_ROOT}/clips/386410_gNJ4JccADvXplv9k_0014.wav,bonafide,hi-en,386410,mucs2021,none,clean,eval,0.999808132648468
${DATA_ROOT}/clips/386410_gNJ4JccADvXplv9k_0015.wav,bonafide,hi-en,386410,mucs2021,none,clean,eval,0.9999291896820068
${DATA_ROOT}/clips/386410_gNJ4JccADvXplv9k_0016.wav,bonafide,hi-en,386410,mucs2021,none,clean,eval,0.9997499585151672
${DATA_ROOT}/clips/386410_gNJ4JccADvXplv9k_0017.wav,bonafide,hi-en,386410,mucs2021,none,clean,eval,0.9996688365936279
${DATA_ROOT}/clips/386410_gNJ4JccADvXplv9k_0018.wav,bonafide,hi-en,386410,mucs2021,none,clean,eval,0.9997352957725525
${DATA_ROOT}/clips/386410_gNJ4JccADvXplv9k_0019.wav,bonafide,hi-en,386410,mucs2021,none,clean,eval,0.9995675683021545
${DATA_ROOT}/clips/386410_gNJ4JccADvXplv9k_0020.wav,bonafide,hi-en,386410,mucs2021,none,clean,eval,0.999923825263977
${DATA_ROOT}/clips/386410_gNJ4JccADvXplv9k_0021.wav,bonafide,hi-en,386410,mucs2021,none,clean,eval,0.9997181296348572
${DATA_ROOT}/clips/386410_gNJ4JccADvXplv9k_0022.wav,bonafide,hi-en,386410,mucs2021,none,clean,eval,0.9997956156730652
${DATA_ROOT}/clips/386410_gNJ4JccADvXplv9k_0023.wav,bonafide,hi-en,386410,mucs2021,none,clean,eval,0.9996906518936157
${DATA_ROOT}/clips/386410_gNJ4JccADvXplv9k_0024.wav,bonafide,hi-en,386410,mucs2021,none,clean,eval,0.9994848966598511
${DATA_ROOT}/clips/386410_gNJ4JccADvXplv9k_0025.wav,bonafide,hi-en,386410,mucs2021,none,clean,eval,0.9998773336410522
${DATA_ROOT}/clips/386410_gNJ4JccADvXplv9k_0026.wav,bonafide,hi-en,386410,mucs2021,none,clean,eval,0.9998520612716675
${DATA_ROOT}/clips/386410_gNJ4JccADvXplv9k_0027.wav,bonafide,hi-en,386410,mucs2021,none,clean,eval,0.9997556805610657
${DATA_ROOT}/clips/386410_gNJ4JccADvXplv9k_0028.wav,bonafide,hi-en,386410,mucs2021,none,clean,eval,0.9993588328361511
${DATA_ROOT}/clips/386410_gNJ4JccADvXplv9k_0029.wav,bonafide,hi-en,386410,mucs2021,none,clean,eval,0.9997261166572571
${DATA_ROOT}/clips/386410_gNJ4JccADvXplv9k_0030.wav,bonafide,hi-en,386410,mucs2021,none,clean,eval,0.9998601675033569
${DATA_ROOT}/clips/386410_gNJ4JccADvXplv9k_0031.wav,bonafide,hi-en,386410,mucs2021,none,clean,eval,0.9998459815979004
${DATA_ROOT}/clips/386410_gNJ4JccADvXplv9k_0032.wav,bonafide,hi-en,386410,mucs2021,none,clean,eval,0.9997548460960388
${DATA_ROOT}/clips/386410_gNJ4JccADvXplv9k_0033.wav,bonafide,hi-en,386410,mucs2021,none,clean,eval,0.9993897676467896
${DATA_ROOT}/clips/386410_gNJ4JccADvXplv9k_0034.wav,bonafide,hi-en,386410,mucs2021,none,clean,eval,0.9999163150787354
${DATA_ROOT}/clips/386410_gNJ4JccADvXplv9k_0035.wav,bonafide,hi-en,386410,mucs2021,none,clean,eval,0.999579131603241
${DATA_ROOT}/clips/386410_gNJ4JccADvXplv9k_0036.wav,bonafide,hi-en,386410,mucs2021,none,clean,eval,0.9997544884681702
${DATA_ROOT}/clips/386410_gNJ4JccADvXplv9k_0037.wav,bonafide,hi-en,386410,mucs2021,none,clean,eval,0.9995794892311096
${DATA_ROOT}/clips/386410_gNJ4JccADvXplv9k_0038.wav,bonafide,hi-en,386410,mucs2021,none,clean,eval,0.9996906518936157
${DATA_ROOT}/clips/386410_gNJ4JccADvXplv9k_0039.wav,bonafide,hi-en,386410,mucs2021,none,clean,eval,0.9998847246170044
${DATA_ROOT}/clips/386410_gNJ4JccADvXplv9k_0040.wav,bonafide,hi-en,386410,mucs2021,none,clean,eval,0.9997277855873108
${DATA_ROOT}/clips/386410_gNJ4JccADvXplv9k_0041.wav,bonafide,hi-en,386410,mucs2021,none,clean,eval,0.9996703863143921
${DATA_ROOT}/clips/386410_gNJ4JccADvXplv9k_0042.wav,bonafide,hi-en,386410,mucs2021,none,clean,eval,0.9997856020927429
${DATA_ROOT}/clips/386410_gNJ4JccADvXplv9k_0043.wav,bonafide,hi-en,386410,mucs2021,none,clean,eval,0.9999279975891113
${DATA_ROOT}/clips/386410_gNJ4JccADvXplv9k_0044.wav,bonafide,hi-en,386410,mucs2021,none,clean,eval,0.9998394250869751
${DATA_ROOT}/clips/386410_gNJ4JccADvXplv9k_0045.wav,bonafide,hi-en,386410,mucs2021,none,clean,eval,0.999747097492218
${DATA_ROOT}/clips/386410_gNJ4JccADvXplv9k_0046.wav,bonafide,hi-en,386410,mucs2021,none,clean,eval,0.99964439868927
${DATA_ROOT}/clips/386410_gNJ4JccADvXplv9k_0047.wav,bonafide,hi-en,386410,mucs2021,none,clean,eval,0.9998250603675842
${DATA_ROOT}/clips/386410_gNJ4JccADvXplv9k_0048.wav,bonafide,hi-en,386410,mucs2021,none,clean,eval,0.9998047947883606
${DATA_ROOT}/clips/386410_gNJ4JccADvXplv9k_0049.wav,bonafide,hi-en,386410,mucs2021,none,clean,eval,0.9998026490211487
${DATA_ROOT}/clips/386410_gNJ4JccADvXplv9k_0050.wav,bonafide,hi-en,386410,mucs2021,none,clean,eval,0.9998534917831421
${DATA_ROOT}/clips/386410_gNJ4JccADvXplv9k_0051.wav,bonafide,hi-en,386410,mucs2021,none,clean,eval,0.9997014403343201
${DATA_ROOT}/clips/386410_gNJ4JccADvXplv9k_0052.wav,bonafide,hi-en,386410,mucs2021,none,clean,eval,0.9997977614402771
${DATA_ROOT}/clips/386410_gNJ4JccADvXplv9k_0053.wav,bonafide,hi-en,386410,mucs2021,none,clean,eval,0.9997531771659851
${DATA_ROOT}/clips/386410_gNJ4JccADvXplv9k_0054.wav,bonafide,hi-en,386410,mucs2021,none,clean,eval,0.9997552037239075
${DATA_ROOT}/clips/386410_gNJ4JccADvXplv9k_0055.wav,bonafide,hi-en,386410,mucs2021,none,clean,eval,0.9998151659965515
${DATA_ROOT}/clips/386410_gNJ4JccADvXplv9k_0056.wav,bonafide,hi-en,386410,mucs2021,none,clean,eval,0.999875545501709
${DATA_ROOT}/clips/386410_gNJ4JccADvXplv9k_0057.wav,bonafide,hi-en,386410,mucs2021,none,clean,eval,0.9998413324356079
${DATA_ROOT}/clips/386410_gNJ4JccADvXplv9k_0058.wav,bonafide,hi-en,386410,mucs2021,none,clean,eval,0.9999213218688965
${DATA_ROOT}/clips/386410_gNJ4JccADvXplv9k_0059.wav,bonafide,hi-en,386410,mucs2021,none,clean,eval,0.9994955062866211
${DATA_ROOT}/clips/386410_gNJ4JccADvXplv9k_0060.wav,bonafide,hi-en,386410,mucs2021,none,clean,eval,0.9998345375061035
${DATA_ROOT}/clips/386410_gNJ4JccADvXplv9k_0061.wav,bonafide,hi-en,386410,mucs2021,none,clean,eval,0.9997716546058655
${DATA_ROOT}/clips/386410_gNJ4JccADvXplv9k_0062.wav,bonafide,hi-en,386410,mucs2021,none,clean,eval,0.9996939897537231
${DATA_ROOT}/clips/386410_gNJ4JccADvXplv9k_0063.wav,bonafide,hi-en,386410,mucs2021,none,clean,eval,0.9998910427093506
${DATA_ROOT}/clips/386410_gNJ4JccADvXplv9k_0064.wav,bonafide,hi-en,386410,mucs2021,none,clean,eval,0.9996899366378784
${DATA_ROOT}/clips/386410_gNJ4JccADvXplv9k_0065.wav,bonafide,hi-en,386410,mucs2021,none,clean,eval,0.9998106360435486
${DATA_ROOT}/clips/386410_gNJ4JccADvXplv9k_0066.wav,bonafide,hi-en,386410,mucs2021,none,clean,eval,0.9997113347053528
${DATA_ROOT}/clips/386410_gNJ4JccADvXplv9k_0067.wav,bonafide,hi-en,386410,mucs2021,none,clean,eval,0.9999200105667114
${DATA_ROOT}/clips/386410_gNJ4JccADvXplv9k_0068.wav,bonafide,hi-en,386410,mucs2021,none,clean,eval,0.9997652173042297
${DATA_ROOT}/clips/386410_gNJ4JccADvXplv9k_0069.wav,bonafide,hi-en,386410,mucs2021,none,clean,eval,0.999744713306427
${DATA_ROOT}/clips/386410_gNJ4JccADvXplv9k_0070.wav,bonafide,hi-en,386410,mucs2021,none,clean,eval,0.999915599822998
${DATA_ROOT}/clips/386410_gNJ4JccADvXplv9k_0071.wav,bonafide,hi-en,386410,mucs2021,none,clean,eval,0.9997321963310242
${DATA_ROOT}/clips/386410_gNJ4JccADvXplv9k_0072.wav,bonafide,hi-en,386410,mucs2021,none,clean,eval,0.9998095631599426
${DATA_ROOT}/clips/386410_gNJ4JccADvXplv9k_0073.wav,bonafide,hi-en,386410,mucs2021,none,clean,eval,0.9975144863128662
${DATA_ROOT}/clips/386410_gNJ4JccADvXplv9k_0074.wav,bonafide,hi-en,386410,mucs2021,none,clean,eval,0.9997391104698181
${DATA_ROOT}/clips/386410_gNJ4JccADvXplv9k_0075.wav,bonafide,hi-en,386410,mucs2021,none,clean,eval,0.9996575117111206
${DATA_ROOT}/clips/386410_gNJ4JccADvXplv9k_0076.wav,bonafide,hi-en,386410,mucs2021,none,clean,eval,0.9998853206634521
${DATA_ROOT}/clips/386410_gNJ4JccADvXplv9k_0077.wav,bonafide,hi-en,386410,mucs2021,none,clean,eval,0.9879369139671326
${DATA_ROOT}/clips/541916_5DpOB0LmjVO8tse5_0000.wav,bonafide,hi-en,541916,mucs2021,none,clean,eval,0.9998539686203003
${DATA_ROOT}/clips/541916_5DpOB0LmjVO8tse5_0001.wav,bonafide,hi-en,541916,mucs2021,none,clean,eval,0.9998565912246704
${DATA_ROOT}/clips/541916_5DpOB0LmjVO8tse5_0002.wav,bonafide,hi-en,541916,mucs2021,none,clean,eval,0.9994888305664062
${DATA_ROOT}/clips/541916_5DpOB0LmjVO8tse5_0003.wav,bonafide,hi-en,541916,mucs2021,none,clean,eval,0.9998743534088135
${DATA_ROOT}/clips/541916_5DpOB0LmjVO8tse5_0004.wav,bonafide,hi-en,541916,mucs2021,none,clean,eval,0.9998606443405151
${DATA_ROOT}/clips/541916_5DpOB0LmjVO8tse5_0005.wav,bonafide,hi-en,541916,mucs2021,none,clean,eval,0.9998007416725159
${DATA_ROOT}/clips/541916_5DpOB0LmjVO8tse5_0006.wav,bonafide,hi-en,541916,mucs2021,none,clean,eval,0.9998764991760254
${DATA_ROOT}/clips/541916_5DpOB0LmjVO8tse5_0007.wav,bonafide,hi-en,541916,mucs2021,none,clean,eval,0.9998617172241211
${DATA_ROOT}/clips/541916_5DpOB0LmjVO8tse5_0008.wav,bonafide,hi-en,541916,mucs2021,none,clean,eval,0.9999181032180786
${DATA_ROOT}/clips/541916_5DpOB0LmjVO8tse5_0009.wav,bonafide,hi-en,541916,mucs2021,none,clean,eval,0.9998078942298889
${DATA_ROOT}/clips/541916_5DpOB0LmjVO8tse5_0010.wav,bonafide,hi-en,541916,mucs2021,none,clean,eval,0.9998156428337097
${DATA_ROOT}/clips/541916_5DpOB0LmjVO8tse5_0011.wav,bonafide,hi-en,541916,mucs2021,none,clean,eval,0.9996424913406372
${DATA_ROOT}/clips/541916_5DpOB0LmjVO8tse5_0012.wav,bonafide,hi-en,541916,mucs2021,none,clean,eval,0.9998866319656372
${DATA_ROOT}/clips/541916_5DpOB0LmjVO8tse5_0013.wav,bonafide,hi-en,541916,mucs2021,none,clean,eval,0.9998730421066284
${DATA_ROOT}/clips/541916_5DpOB0LmjVO8tse5_0014.wav,bonafide,hi-en,541916,mucs2021,none,clean,eval,0.9998518228530884
${DATA_ROOT}/clips/541916_5DpOB0LmjVO8tse5_0015.wav,bonafide,hi-en,541916,mucs2021,none,clean,eval,0.999862551689148
${DATA_ROOT}/clips/541916_5DpOB0LmjVO8tse5_0016.wav,bonafide,hi-en,541916,mucs2021,none,clean,eval,0.9996970891952515
${DATA_ROOT}/clips/541916_5DpOB0LmjVO8tse5_0017.wav,bonafide,hi-en,541916,mucs2021,none,clean,eval,0.9998579025268555
${DATA_ROOT}/clips/541916_5DpOB0LmjVO8tse5_0018.wav,bonafide,hi-en,541916,mucs2021,none,clean,eval,0.9998569488525391
${DATA_ROOT}/clips/541916_5DpOB0LmjVO8tse5_0019.wav,bonafide,hi-en,541916,mucs2021,none,clean,eval,0.999864935874939
${DATA_ROOT}/clips/541916_5DpOB0LmjVO8tse5_0020.wav,bonafide,hi-en,541916,mucs2021,none,clean,eval,0.9998910427093506
${DATA_ROOT}/clips/541916_5DpOB0LmjVO8tse5_0021.wav,bonafide,hi-en,541916,mucs2021,none,clean,eval,0.999813973903656
${DATA_ROOT}/clips/541916_5DpOB0LmjVO8tse5_0022.wav,bonafide,hi-en,541916,mucs2021,none,clean,eval,0.9999120235443115
${DATA_ROOT}/clips/541916_5DpOB0LmjVO8tse5_0023.wav,bonafide,hi-en,541916,mucs2021,none,clean,eval,0.9999222755432129
${DATA_ROOT}/clips/541916_5DpOB0LmjVO8tse5_0024.wav,bonafide,hi-en,541916,mucs2021,none,clean,eval,0.999873161315918
${DATA_ROOT}/clips/541916_5DpOB0LmjVO8tse5_0025.wav,bonafide,hi-en,541916,mucs2021,none,clean,eval,0.9998863935470581
${DATA_ROOT}/clips/541916_5DpOB0LmjVO8tse5_0026.wav,bonafide,hi-en,541916,mucs2021,none,clean,eval,0.9998331069946289
${DATA_ROOT}/clips/541916_5DpOB0LmjVO8tse5_0027.wav,bonafide,hi-en,541916,mucs2021,none,clean,eval,0.9998667240142822
${DATA_ROOT}/clips/541916_5DpOB0LmjVO8tse5_0028.wav,bonafide,hi-en,541916,mucs2021,none,clean,eval,0.9999053478240967
${DATA_ROOT}/clips/541916_5DpOB0LmjVO8tse5_0029.wav,bonafide,hi-en,541916,mucs2021,none,clean,eval,0.9998136162757874
${DATA_ROOT}/clips/541916_5DpOB0LmjVO8tse5_0030.wav,bonafide,hi-en,541916,mucs2021,none,clean,eval,0.9998652935028076
${DATA_ROOT}/clips/541916_5DpOB0LmjVO8tse5_0031.wav,bonafide,hi-en,541916,mucs2021,none,clean,eval,0.9998390674591064
${DATA_ROOT}/clips/541916_5DpOB0LmjVO8tse5_0032.wav,bonafide,hi-en,541916,mucs2021,none,clean,eval,0.9998507499694824
${DATA_ROOT}/clips/541916_5DpOB0LmjVO8tse5_0033.wav,bonafide,hi-en,541916,mucs2021,none,clean,eval,0.9998219609260559
${DATA_ROOT}/clips/541916_5DpOB0LmjVO8tse5_0034.wav,bonafide,hi-en,541916,mucs2021,none,clean,eval,0.9998251795768738
${DATA_ROOT}/clips/541916_5DpOB0LmjVO8tse5_0035.wav,bonafide,hi-en,541916,mucs2021,none,clean,eval,0.9998877048492432
${DATA_ROOT}/clips/541916_5DpOB0LmjVO8tse5_0036.wav,bonafide,hi-en,541916,mucs2021,none,clean,eval,0.9998365640640259
${DATA_ROOT}/clips/541916_5DpOB0LmjVO8tse5_0037.wav,bonafide,hi-en,541916,mucs2021,none,clean,eval,0.9998156428337097
${DATA_ROOT}/clips/541916_5DpOB0LmjVO8tse5_0038.wav,bonafide,hi-en,541916,mucs2021,none,clean,eval,0.9995346069335938
${DATA_ROOT}/clips/541916_5DpOB0LmjVO8tse5_0039.wav,bonafide,hi-en,541916,mucs2021,none,clean,eval,0.9998760223388672
${DATA_ROOT}/clips/541916_5DpOB0LmjVO8tse5_0040.wav,bonafide,hi-en,541916,mucs2021,none,clean,eval,0.99982750415802
${DATA_ROOT}/clips/541916_5DpOB0LmjVO8tse5_0041.wav,bonafide,hi-en,541916,mucs2021,none,clean,eval,0.9997145533561707
${DATA_ROOT}/clips/541916_5DpOB0LmjVO8tse5_0042.wav,bonafide,hi-en,541916,mucs2021,none,clean,eval,0.9998655319213867
${DATA_ROOT}/clips/541916_5DpOB0LmjVO8tse5_0043.wav,bonafide,hi-en,541916,mucs2021,none,clean,eval,0.9998756647109985
${DATA_ROOT}/clips/541916_5DpOB0LmjVO8tse5_0044.wav,bonafide,hi-en,541916,mucs2021,none,clean,eval,0.9998095631599426
${DATA_ROOT}/clips/541916_5DpOB0LmjVO8tse5_0045.wav,bonafide,hi-en,541916,mucs2021,none,clean,eval,0.9998757839202881
${DATA_ROOT}/clips/541916_5DpOB0LmjVO8tse5_0046.wav,bonafide,hi-en,541916,mucs2021,none,clean,eval,0.9998589754104614
${DATA_ROOT}/clips/541916_5DpOB0LmjVO8tse5_0047.wav,bonafide,hi-en,541916,mucs2021,none,clean,eval,0.9998021721839905
${DATA_ROOT}/clips/541916_5DpOB0LmjVO8tse5_0048.wav,bonafide,hi-en,541916,mucs2021,none,clean,eval,0.9997954964637756
${DATA_ROOT}/clips/541916_5DpOB0LmjVO8tse5_0049.wav,bonafide,hi-en,541916,mucs2021,none,clean,eval,0.9998462200164795
${DATA_ROOT}/clips/541916_5DpOB0LmjVO8tse5_0050.wav,bonafide,hi-en,541916,mucs2021,none,clean,eval,0.9998363256454468
${DATA_ROOT}/clips/541916_5DpOB0LmjVO8tse5_0051.wav,bonafide,hi-en,541916,mucs2021,none,clean,eval,0.9998365640640259
${DATA_ROOT}/clips/541916_5DpOB0LmjVO8tse5_0052.wav,bonafide,hi-en,541916,mucs2021,none,clean,eval,0.9998822212219238
${DATA_ROOT}/clips/541916_5DpOB0LmjVO8tse5_0053.wav,bonafide,hi-en,541916,mucs2021,none,clean,eval,0.9998407363891602
${DATA_ROOT}/clips/541916_5DpOB0LmjVO8tse5_0054.wav,bonafide,hi-en,541916,mucs2021,none,clean,eval,0.9998503923416138
${DATA_ROOT}/clips/541916_5DpOB0LmjVO8tse5_0055.wav,bonafide,hi-en,541916,mucs2021,none,clean,eval,0.99979168176651
${DATA_ROOT}/clips/541916_5DpOB0LmjVO8tse5_0056.wav,bonafide,hi-en,541916,mucs2021,none,clean,eval,0.9998301267623901
${DATA_ROOT}/clips/541916_5DpOB0LmjVO8tse5_0057.wav,bonafide,hi-en,541916,mucs2021,none,clean,eval,0.9998961687088013
${DATA_ROOT}/clips/541916_5DpOB0LmjVO8tse5_0058.wav,bonafide,hi-en,541916,mucs2021,none,clean,eval,0.9998520612716675
${DATA_ROOT}/clips/541916_5DpOB0LmjVO8tse5_0059.wav,bonafide,hi-en,541916,mucs2021,none,clean,eval,0.9998034834861755
${DATA_ROOT}/clips/541916_5DpOB0LmjVO8tse5_0060.wav,bonafide,hi-en,541916,mucs2021,none,clean,eval,0.9998751878738403
${DATA_ROOT}/clips/541916_5DpOB0LmjVO8tse5_0061.wav,bonafide,hi-en,541916,mucs2021,none,clean,eval,0.9998276233673096
${DATA_ROOT}/clips/541916_5DpOB0LmjVO8tse5_0062.wav,bonafide,hi-en,541916,mucs2021,none,clean,eval,0.9998447895050049
${DATA_ROOT}/clips/541916_5DpOB0LmjVO8tse5_0063.wav,bonafide,hi-en,541916,mucs2021,none,clean,eval,0.9998832941055298
${DATA_ROOT}/clips/541916_5DpOB0LmjVO8tse5_0064.wav,bonafide,hi-en,541916,mucs2021,none,clean,eval,0.9998522996902466
${DATA_ROOT}/clips/541916_5DpOB0LmjVO8tse5_0065.wav,bonafide,hi-en,541916,mucs2021,none,clean,eval,0.999893307685852
${DATA_ROOT}/clips/541916_5DpOB0LmjVO8tse5_0066.wav,bonafide,hi-en,541916,mucs2021,none,clean,eval,0.999828577041626
${DATA_ROOT}/clips/541916_5DpOB0LmjVO8tse5_0067.wav,bonafide,hi-en,541916,mucs2021,none,clean,eval,0.9998593330383301
${DATA_ROOT}/clips/541916_5DpOB0LmjVO8tse5_0068.wav,bonafide,hi-en,541916,mucs2021,none,clean,eval,0.9999055862426758
${DATA_ROOT}/clips/541916_5DpOB0LmjVO8tse5_0069.wav,bonafide,hi-en,541916,mucs2021,none,clean,eval,0.9997527003288269
${DATA_ROOT}/clips/541916_5DpOB0LmjVO8tse5_0070.wav,bonafide,hi-en,541916,mucs2021,none,clean,eval,0.9998563528060913
${DATA_ROOT}/clips/541916_5DpOB0LmjVO8tse5_0071.wav,bonafide,hi-en,541916,mucs2021,none,clean,eval,0.9998077750205994
${DATA_ROOT}/clips/541916_5DpOB0LmjVO8tse5_0072.wav,bonafide,hi-en,541916,mucs2021,none,clean,eval,0.9998606443405151
${DATA_ROOT}/clips/541916_5DpOB0LmjVO8tse5_0073.wav,bonafide,hi-en,541916,mucs2021,none,clean,eval,0.9999028444290161
${DATA_ROOT}/clips/541916_5DpOB0LmjVO8tse5_0074.wav,bonafide,hi-en,541916,mucs2021,none,clean,eval,0.9998435974121094
${DATA_ROOT}/clips/541916_5DpOB0LmjVO8tse5_0075.wav,bonafide,hi-en,541916,mucs2021,none,clean,eval,0.9998214840888977
${DATA_ROOT}/clips/541916_5DpOB0LmjVO8tse5_0076.wav,bonafide,hi-en,541916,mucs2021,none,clean,eval,0.999871015548706
${DATA_ROOT}/clips/541916_5DpOB0LmjVO8tse5_0077.wav,bonafide,hi-en,541916,mucs2021,none,clean,eval,0.9998873472213745
${DATA_ROOT}/clips/541916_5DpOB0LmjVO8tse5_0078.wav,bonafide,hi-en,541916,mucs2021,none,clean,eval,0.9998894929885864
${DATA_ROOT}/clips/541916_5DpOB0LmjVO8tse5_0079.wav,bonafide,hi-en,541916,mucs2021,none,clean,eval,0.9998934268951416
${DATA_ROOT}/clips/541916_5DpOB0LmjVO8tse5_0080.wav,bonafide,hi-en,541916,mucs2021,none,clean,eval,0.9998528957366943
${DATA_ROOT}/clips/541916_5DpOB0LmjVO8tse5_0081.wav,bonafide,hi-en,541916,mucs2021,none,clean,eval,0.999861478805542
${DATA_ROOT}/clips/541916_5DpOB0LmjVO8tse5_0082.wav,bonafide,hi-en,541916,mucs2021,none,clean,eval,0.9998026490211487
${DATA_ROOT}/clips/541916_5DpOB0LmjVO8tse5_0083.wav,bonafide,hi-en,541916,mucs2021,none,clean,eval,0.9998258948326111
${DATA_ROOT}/clips/541916_5DpOB0LmjVO8tse5_0084.wav,bonafide,hi-en,541916,mucs2021,none,clean,eval,0.9998733997344971
${DATA_ROOT}/clips/541916_5DpOB0LmjVO8tse5_0085.wav,bonafide,hi-en,541916,mucs2021,none,clean,eval,0.9998650550842285
${DATA_ROOT}/clips/541916_5DpOB0LmjVO8tse5_0086.wav,bonafide,hi-en,541916,mucs2021,none,clean,eval,0.9998868703842163
${DATA_ROOT}/clips/541916_5DpOB0LmjVO8tse5_0087.wav,bonafide,hi-en,541916,mucs2021,none,clean,eval,0.9998905658721924
${DATA_ROOT}/clips/541916_5DpOB0LmjVO8tse5_0088.wav,bonafide,hi-en,541916,mucs2021,none,clean,eval,0.9998190999031067
${DATA_ROOT}/clips/541916_5DpOB0LmjVO8tse5_0089.wav,bonafide,hi-en,541916,mucs2021,none,clean,eval,0.999852180480957
${DATA_ROOT}/clips/541916_5DpOB0LmjVO8tse5_0090.wav,bonafide,hi-en,541916,mucs2021,none,clean,eval,0.9998693466186523
${DATA_ROOT}/clips/541916_5DpOB0LmjVO8tse5_0091.wav,bonafide,hi-en,541916,mucs2021,none,clean,eval,0.9998602867126465
${DATA_ROOT}/clips/541916_5DpOB0LmjVO8tse5_0092.wav,bonafide,hi-en,541916,mucs2021,none,clean,eval,0.9998143315315247
${DATA_ROOT}/clips/541916_5DpOB0LmjVO8tse5_0093.wav,bonafide,hi-en,541916,mucs2021,none,clean,eval,0.9998716115951538
${DATA_ROOT}/clips/541916_5DpOB0LmjVO8tse5_0094.wav,bonafide,hi-en,541916,mucs2021,none,clean,eval,0.9998552799224854
${DATA_ROOT}/clips/541916_5DpOB0LmjVO8tse5_0095.wav,bonafide,hi-en,541916,mucs2021,none,clean,eval,0.9998472929000854
${DATA_ROOT}/clips/541916_5DpOB0LmjVO8tse5_0096.wav,bonafide,hi-en,541916,mucs2021,none,clean,eval,0.9998365640640259
${DATA_ROOT}/clips/541916_5DpOB0LmjVO8tse5_0097.wav,bonafide,hi-en,541916,mucs2021,none,clean,eval,0.9998408555984497
${DATA_ROOT}/clips/541916_5DpOB0LmjVO8tse5_0098.wav,bonafide,hi-en,541916,mucs2021,none,clean,eval,0.9998680353164673
${DATA_ROOT}/clips/541916_5DpOB0LmjVO8tse5_0099.wav,bonafide,hi-en,541916,mucs2021,none,clean,eval,0.9997119307518005
${DATA_ROOT}/clips/541916_5DpOB0LmjVO8tse5_0100.wav,bonafide,hi-en,541916,mucs2021,none,clean,eval,0.9998347759246826
${DATA_ROOT}/clips/541916_5DpOB0LmjVO8tse5_0101.wav,bonafide,hi-en,541916,mucs2021,none,clean,eval,0.999803364276886
${DATA_ROOT}/clips/541916_5DpOB0LmjVO8tse5_0102.wav,bonafide,hi-en,541916,mucs2021,none,clean,eval,0.9997939467430115
${DATA_ROOT}/clips/541916_5DpOB0LmjVO8tse5_0103.wav,bonafide,hi-en,541916,mucs2021,none,clean,eval,0.9997469782829285
${DATA_ROOT}/clips/541916_5DpOB0LmjVO8tse5_0104.wav,bonafide,hi-en,541916,mucs2021,none,clean,eval,0.9998083710670471
${DATA_ROOT}/clips/541916_5DpOB0LmjVO8tse5_0105.wav,bonafide,hi-en,541916,mucs2021,none,clean,eval,0.9998519420623779
${DATA_ROOT}/clips/541916_5DpOB0LmjVO8tse5_0106.wav,bonafide,hi-en,541916,mucs2021,none,clean,eval,0.9998549222946167
${DATA_ROOT}/clips/541916_5DpOB0LmjVO8tse5_0107.wav,bonafide,hi-en,541916,mucs2021,none,clean,eval,0.9998376369476318
${DATA_ROOT}/clips/541916_5DpOB0LmjVO8tse5_0108.wav,bonafide,hi-en,541916,mucs2021,none,clean,eval,0.999850869178772
${DATA_ROOT}/clips/577537_1Kbig1mC99YUhdCX_0000.wav,bonafide,hi-en,577537,mucs2021,none,clean,eval,0.999700665473938
${DATA_ROOT}/clips/577537_1Kbig1mC99YUhdCX_0001.wav,bonafide,hi-en,577537,mucs2021,none,clean,eval,0.9995445609092712
${DATA_ROOT}/clips/577537_1Kbig1mC99YUhdCX_0002.wav,bonafide,hi-en,577537,mucs2021,none,clean,eval,0.9997976422309875
${DATA_ROOT}/clips/577537_1Kbig1mC99YUhdCX_0003.wav,bonafide,hi-en,577537,mucs2021,none,clean,eval,0.9997043013572693
${DATA_ROOT}/clips/577537_1Kbig1mC99YUhdCX_0004.wav,bonafide,hi-en,577537,mucs2021,none,clean,eval,0.9998595714569092
${DATA_ROOT}/clips/577537_1Kbig1mC99YUhdCX_0005.wav,bonafide,hi-en,577537,mucs2021,none,clean,eval,0.9997439980506897
${DATA_ROOT}/clips/577537_1Kbig1mC99YUhdCX_0006.wav,bonafide,hi-en,577537,mucs2021,none,clean,eval,0.9997220635414124
${DATA_ROOT}/clips/577537_1Kbig1mC99YUhdCX_0007.wav,bonafide,hi-en,577537,mucs2021,none,clean,eval,0.99977046251297
${DATA_ROOT}/clips/577537_1Kbig1mC99YUhdCX_0008.wav,bonafide,hi-en,577537,mucs2021,none,clean,eval,0.9998797178268433
${DATA_ROOT}/clips/577537_1Kbig1mC99YUhdCX_0009.wav,bonafide,hi-en,577537,mucs2021,none,clean,eval,0.9996976852416992
${DATA_ROOT}/clips/577537_1Kbig1mC99YUhdCX_0010.wav,bonafide,hi-en,577537,mucs2021,none,clean,eval,0.9997124075889587
${DATA_ROOT}/clips/577537_1Kbig1mC99YUhdCX_0011.wav,bonafide,hi-en,577537,mucs2021,none,clean,eval,0.9982976317405701
${DATA_ROOT}/clips/577537_1Kbig1mC99YUhdCX_0012.wav,bonafide,hi-en,577537,mucs2021,none,clean,eval,0.9998161196708679
${DATA_ROOT}/clips/577537_1Kbig1mC99YUhdCX_0013.wav,bonafide,hi-en,577537,mucs2021,none,clean,eval,0.9997900128364563
${DATA_ROOT}/clips/577537_1Kbig1mC99YUhdCX_0014.wav,bonafide,hi-en,577537,mucs2021,none,clean,eval,0.9997718930244446
${DATA_ROOT}/clips/577537_1Kbig1mC99YUhdCX_0015.wav,bonafide,hi-en,577537,mucs2021,none,clean,eval,0.9996659755706787
${DATA_ROOT}/clips/577537_1Kbig1mC99YUhdCX_0016.wav,bonafide,hi-en,577537,mucs2021,none,clean,eval,0.7054328918457031
${DATA_ROOT}/clips/577537_1Kbig1mC99YUhdCX_0017.wav,bonafide,hi-en,577537,mucs2021,none,clean,eval,0.9998190999031067
${DATA_ROOT}/clips/577537_1Kbig1mC99YUhdCX_0018.wav,bonafide,hi-en,577537,mucs2021,none,clean,eval,0.9998962879180908
${DATA_ROOT}/clips/577537_1Kbig1mC99YUhdCX_0019.wav,bonafide,hi-en,577537,mucs2021,none,clean,eval,0.9998095631599426
${DATA_ROOT}/clips/577537_1Kbig1mC99YUhdCX_0020.wav,bonafide,hi-en,577537,mucs2021,none,clean,eval,0.9997764229774475
${DATA_ROOT}/clips/577537_1Kbig1mC99YUhdCX_0021.wav,bonafide,hi-en,577537,mucs2021,none,clean,eval,0.999729573726654
${DATA_ROOT}/clips/577537_1Kbig1mC99YUhdCX_0022.wav,bonafide,hi-en,577537,mucs2021,none,clean,eval,0.999893307685852
${DATA_ROOT}/clips/577537_1Kbig1mC99YUhdCX_0023.wav,bonafide,hi-en,577537,mucs2021,none,clean,eval,0.9997263550758362
${DATA_ROOT}/clips/577537_1Kbig1mC99YUhdCX_0024.wav,bonafide,hi-en,577537,mucs2021,none,clean,eval,0.9996141195297241
${DATA_ROOT}/clips/577537_1Kbig1mC99YUhdCX_0025.wav,bonafide,hi-en,577537,mucs2021,none,clean,eval,0.9997588992118835
${DATA_ROOT}/clips/577537_1Kbig1mC99YUhdCX_0026.wav,bonafide,hi-en,577537,mucs2021,none,clean,eval,0.999804675579071
${DATA_ROOT}/clips/577537_1Kbig1mC99YUhdCX_0027.wav,bonafide,hi-en,577537,mucs2021,none,clean,eval,0.9996786117553711
${DATA_ROOT}/clips/577537_1Kbig1mC99YUhdCX_0028.wav,bonafide,hi-en,577537,mucs2021,none,clean,eval,0.9997649788856506
${DATA_ROOT}/clips/577537_1Kbig1mC99YUhdCX_0029.wav,bonafide,hi-en,577537,mucs2021,none,clean,eval,0.999896764755249
${DATA_ROOT}/clips/577537_1Kbig1mC99YUhdCX_0030.wav,bonafide,hi-en,577537,mucs2021,none,clean,eval,0.9996821880340576
${DATA_ROOT}/clips/577537_1Kbig1mC99YUhdCX_0031.wav,bonafide,hi-en,577537,mucs2021,none,clean,eval,0.9998605251312256
${DATA_ROOT}/clips/577537_1Kbig1mC99YUhdCX_0032.wav,bonafide,hi-en,577537,mucs2021,none,clean,eval,0.6785258054733276
${DATA_ROOT}/clips/577537_1Kbig1mC99YUhdCX_0033.wav,bonafide,hi-en,577537,mucs2021,none,clean,eval,0.9998218417167664
${DATA_ROOT}/clips/577537_1Kbig1mC99YUhdCX_0034.wav,bonafide,hi-en,577537,mucs2021,none,clean,eval,0.9994625449180603
${DATA_ROOT}/clips/577537_1Kbig1mC99YUhdCX_0035.wav,bonafide,hi-en,577537,mucs2021,none,clean,eval,0.9998071789741516
${DATA_ROOT}/clips/577537_1Kbig1mC99YUhdCX_0036.wav,bonafide,hi-en,577537,mucs2021,none,clean,eval,0.9997884631156921
${DATA_ROOT}/clips/577537_1Kbig1mC99YUhdCX_0037.wav,bonafide,hi-en,577537,mucs2021,none,clean,eval,0.9998146891593933
${DATA_ROOT}/clips/577537_1Kbig1mC99YUhdCX_0038.wav,bonafide,hi-en,577537,mucs2021,none,clean,eval,0.9997751116752625
${DATA_ROOT}/clips/577537_1Kbig1mC99YUhdCX_0039.wav,bonafide,hi-en,577537,mucs2021,none,clean,eval,0.9995811581611633
${DATA_ROOT}/clips/577537_1Kbig1mC99YUhdCX_0040.wav,bonafide,hi-en,577537,mucs2021,none,clean,eval,0.9998455047607422
${DATA_ROOT}/clips/577537_1Kbig1mC99YUhdCX_0041.wav,bonafide,hi-en,577537,mucs2021,none,clean,eval,0.9997462630271912
${DATA_ROOT}/clips/577537_1Kbig1mC99YUhdCX_0042.wav,bonafide,hi-en,577537,mucs2021,none,clean,eval,0.999679684638977
${DATA_ROOT}/clips/577537_1Kbig1mC99YUhdCX_0043.wav,bonafide,hi-en,577537,mucs2021,none,clean,eval,0.9997492432594299
${DATA_ROOT}/clips/577537_1Kbig1mC99YUhdCX_0044.wav,bonafide,hi-en,577537,mucs2021,none,clean,eval,0.9995061159133911
${DATA_ROOT}/clips/577537_1Kbig1mC99YUhdCX_0045.wav,bonafide,hi-en,577537,mucs2021,none,clean,eval,0.99981290102005
${DATA_ROOT}/clips/577537_1Kbig1mC99YUhdCX_0046.wav,bonafide,hi-en,577537,mucs2021,none,clean,eval,0.7875682711601257
${DATA_ROOT}/clips/577537_1Kbig1mC99YUhdCX_0047.wav,bonafide,hi-en,577537,mucs2021,none,clean,eval,0.9995937943458557
${DATA_ROOT}/clips/577537_1Kbig1mC99YUhdCX_0048.wav,bonafide,hi-en,577537,mucs2021,none,clean,eval,0.9996830224990845
${DATA_ROOT}/clips/577537_1Kbig1mC99YUhdCX_0049.wav,bonafide,hi-en,577537,mucs2021,none,clean,eval,0.9997124075889587
${DATA_ROOT}/clips/577537_1Kbig1mC99YUhdCX_0050.wav,bonafide,hi-en,577537,mucs2021,none,clean,eval,0.9700950384140015
${DATA_ROOT}/clips/577537_1Kbig1mC99YUhdCX_0051.wav,bonafide,hi-en,577537,mucs2021,none,clean,eval,0.6238420605659485
${DATA_ROOT}/clips/577537_1Kbig1mC99YUhdCX_0052.wav,bonafide,hi-en,577537,mucs2021,none,clean,eval,0.9997749924659729
${DATA_ROOT}/clips/577537_1Kbig1mC99YUhdCX_0053.wav,bonafide,hi-en,577537,mucs2021,none,clean,eval,0.9997201561927795
${DATA_ROOT}/clips/577537_1Kbig1mC99YUhdCX_0054.wav,bonafide,hi-en,577537,mucs2021,none,clean,eval,0.9998735189437866
${DATA_ROOT}/clips/577537_1Kbig1mC99YUhdCX_0055.wav,bonafide,hi-en,577537,mucs2021,none,clean,eval,0.972294270992279
${DATA_ROOT}/clips/577537_1Kbig1mC99YUhdCX_0056.wav,bonafide,hi-en,577537,mucs2021,none,clean,eval,0.9994725584983826
${DATA_ROOT}/clips/577537_1Kbig1mC99YUhdCX_0057.wav,bonafide,hi-en,577537,mucs2021,none,clean,eval,0.9994497895240784
${DATA_ROOT}/clips/577537_1Kbig1mC99YUhdCX_0058.wav,bonafide,hi-en,577537,mucs2021,none,clean,eval,0.9996833801269531
${DATA_ROOT}/clips/577537_1Kbig1mC99YUhdCX_0059.wav,bonafide,hi-en,577537,mucs2021,none,clean,eval,0.9957202076911926
${DATA_ROOT}/clips/577537_1Kbig1mC99YUhdCX_0060.wav,bonafide,hi-en,577537,mucs2021,none,clean,eval,0.9997547268867493
${DATA_ROOT}/clips/577537_1Kbig1mC99YUhdCX_0061.wav,bonafide,hi-en,577537,mucs2021,none,clean,eval,0.9996780157089233
${DATA_ROOT}/clips/577537_1Kbig1mC99YUhdCX_0062.wav,bonafide,hi-en,577537,mucs2021,none,clean,eval,0.9997283816337585
${DATA_ROOT}/clips/577537_1Kbig1mC99YUhdCX_0063.wav,bonafide,hi-en,577537,mucs2021,none,clean,eval,0.9998005032539368
${DATA_ROOT}/clips/577537_1Kbig1mC99YUhdCX_0064.wav,bonafide,hi-en,577537,mucs2021,none,clean,eval,0.9997313618659973
${DATA_ROOT}/clips/577537_1Kbig1mC99YUhdCX_0065.wav,bonafide,hi-en,577537,mucs2021,none,clean,eval,0.9998026490211487
${DATA_ROOT}/clips/577537_1Kbig1mC99YUhdCX_0066.wav,bonafide,hi-en,577537,mucs2021,none,clean,eval,0.9982277750968933
${DATA_ROOT}/clips/577537_1Kbig1mC99YUhdCX_0067.wav,bonafide,hi-en,577537,mucs2021,none,clean,eval,0.7591754794120789
${DATA_ROOT}/clips/577537_1Kbig1mC99YUhdCX_0068.wav,bonafide,hi-en,577537,mucs2021,none,clean,eval,0.9997596144676208
${DATA_ROOT}/clips/577537_1Kbig1mC99YUhdCX_0069.wav,bonafide,hi-en,577537,mucs2021,none,clean,eval,0.9997794032096863
${DATA_ROOT}/clips/577537_1Kbig1mC99YUhdCX_0070.wav,bonafide,hi-en,577537,mucs2021,none,clean,eval,0.9716606736183167
${DATA_ROOT}/clips/577537_1Kbig1mC99YUhdCX_0071.wav,bonafide,hi-en,577537,mucs2021,none,clean,eval,0.9998156428337097
${DATA_ROOT}/clips/577537_1Kbig1mC99YUhdCX_0072.wav,bonafide,hi-en,577537,mucs2021,none,clean,eval,0.9998461008071899
${DATA_ROOT}/clips/577537_1Kbig1mC99YUhdCX_0073.wav,bonafide,hi-en,577537,mucs2021,none,clean,eval,0.9997019171714783
${DATA_ROOT}/clips/577537_1Kbig1mC99YUhdCX_0074.wav,bonafide,hi-en,577537,mucs2021,none,clean,eval,0.9998364448547363
${DATA_ROOT}/clips/581145_vYm2PLAczomJ79qg_0000.wav,bonafide,hi-en,581145,mucs2021,none,clean,eval,0.9995506405830383
${DATA_ROOT}/clips/581145_vYm2PLAczomJ79qg_0001.wav,bonafide,hi-en,581145,mucs2021,none,clean,eval,0.9970760345458984
${DATA_ROOT}/clips/581145_vYm2PLAczomJ79qg_0002.wav,bonafide,hi-en,581145,mucs2021,none,clean,eval,0.999735414981842
${DATA_ROOT}/clips/581145_vYm2PLAczomJ79qg_0003.wav,bonafide,hi-en,581145,mucs2021,none,clean,eval,0.9997451901435852
${DATA_ROOT}/clips/581145_vYm2PLAczomJ79qg_0004.wav,bonafide,hi-en,581145,mucs2021,none,clean,eval,0.9997177720069885
${DATA_ROOT}/clips/581145_vYm2PLAczomJ79qg_0005.wav,bonafide,hi-en,581145,mucs2021,none,clean,eval,0.9998528957366943
${DATA_ROOT}/clips/581145_vYm2PLAczomJ79qg_0006.wav,bonafide,hi-en,581145,mucs2021,none,clean,eval,0.9990625977516174
${DATA_ROOT}/clips/581145_vYm2PLAczomJ79qg_0007.wav,bonafide,hi-en,581145,mucs2021,none,clean,eval,0.9996447563171387
${DATA_ROOT}/clips/581145_vYm2PLAczomJ79qg_0008.wav,bonafide,hi-en,581145,mucs2021,none,clean,eval,0.999421238899231
${DATA_ROOT}/clips/581145_vYm2PLAczomJ79qg_0009.wav,bonafide,hi-en,581145,mucs2021,none,clean,eval,0.9997338652610779
${DATA_ROOT}/clips/581145_vYm2PLAczomJ79qg_0010.wav,bonafide,hi-en,581145,mucs2021,none,clean,eval,0.9997559189796448
${DATA_ROOT}/clips/581145_vYm2PLAczomJ79qg_0011.wav,bonafide,hi-en,581145,mucs2021,none,clean,eval,0.9996907711029053
${DATA_ROOT}/clips/581145_vYm2PLAczomJ79qg_0012.wav,bonafide,hi-en,581145,mucs2021,none,clean,eval,0.9998605251312256
${DATA_ROOT}/clips/581145_vYm2PLAczomJ79qg_0013.wav,bonafide,hi-en,581145,mucs2021,none,clean,eval,0.9994627833366394
${DATA_ROOT}/clips/581145_vYm2PLAczomJ79qg_0014.wav,bonafide,hi-en,581145,mucs2021,none,clean,eval,0.9996985197067261
${DATA_ROOT}/clips/581145_vYm2PLAczomJ79qg_0015.wav,bonafide,hi-en,581145,mucs2021,none,clean,eval,0.999854564666748
${DATA_ROOT}/clips/581145_vYm2PLAczomJ79qg_0016.wav,bonafide,hi-en,581145,mucs2021,none,clean,eval,0.9995436072349548
${DATA_ROOT}/clips/581145_vYm2PLAczomJ79qg_0017.wav,bonafide,hi-en,581145,mucs2021,none,clean,eval,0.9996328353881836
${DATA_ROOT}/clips/581145_vYm2PLAczomJ79qg_0018.wav,bonafide,hi-en,581145,mucs2021,none,clean,eval,0.999749481678009
${DATA_ROOT}/clips/581145_vYm2PLAczomJ79qg_0019.wav,bonafide,hi-en,581145,mucs2021,none,clean,eval,0.9997805953025818
${DATA_ROOT}/clips/581145_vYm2PLAczomJ79qg_0020.wav,bonafide,hi-en,581145,mucs2021,none,clean,eval,0.9994696974754333
${DATA_ROOT}/clips/581145_vYm2PLAczomJ79qg_0021.wav,bonafide,hi-en,581145,mucs2021,none,clean,eval,0.9998925924301147
${DATA_ROOT}/clips/581145_vYm2PLAczomJ79qg_0022.wav,bonafide,hi-en,581145,mucs2021,none,clean,eval,0.9998477697372437
${DATA_ROOT}/clips/581145_vYm2PLAczomJ79qg_0023.wav,bonafide,hi-en,581145,mucs2021,none,clean,eval,0.9997337460517883
${DATA_ROOT}/clips/581145_vYm2PLAczomJ79qg_0024.wav,bonafide,hi-en,581145,mucs2021,none,clean,eval,0.9998817443847656
${DATA_ROOT}/clips/581145_vYm2PLAczomJ79qg_0025.wav,bonafide,hi-en,581145,mucs2021,none,clean,eval,0.9996166229248047
${DATA_ROOT}/clips/581145_vYm2PLAczomJ79qg_0026.wav,bonafide,hi-en,581145,mucs2021,none,clean,eval,0.9997616410255432
${DATA_ROOT}/clips/581145_vYm2PLAczomJ79qg_0027.wav,bonafide,hi-en,581145,mucs2021,none,clean,eval,0.9999097585678101
${DATA_ROOT}/clips/581145_vYm2PLAczomJ79qg_0028.wav,bonafide,hi-en,581145,mucs2021,none,clean,eval,0.9999140501022339
${DATA_ROOT}/clips/581145_vYm2PLAczomJ79qg_0029.wav,bonafide,hi-en,581145,mucs2021,none,clean,eval,0.9998370409011841
${DATA_ROOT}/clips/581145_vYm2PLAczomJ79qg_0030.wav,bonafide,hi-en,581145,mucs2021,none,clean,eval,0.9998373985290527
${DATA_ROOT}/clips/581145_vYm2PLAczomJ79qg_0031.wav,bonafide,hi-en,581145,mucs2021,none,clean,eval,0.9999077320098877
${DATA_ROOT}/clips/581145_vYm2PLAczomJ79qg_0032.wav,bonafide,hi-en,581145,mucs2021,none,clean,eval,0.9998025298118591
${DATA_ROOT}/clips/581145_vYm2PLAczomJ79qg_0033.wav,bonafide,hi-en,581145,mucs2021,none,clean,eval,0.9995836615562439
${DATA_ROOT}/clips/581145_vYm2PLAczomJ79qg_0034.wav,bonafide,hi-en,581145,mucs2021,none,clean,eval,0.999915599822998
${DATA_ROOT}/clips/581145_vYm2PLAczomJ79qg_0035.wav,bonafide,hi-en,581145,mucs2021,none,clean,eval,0.9999251365661621
${DATA_ROOT}/clips/581145_vYm2PLAczomJ79qg_0036.wav,bonafide,hi-en,581145,mucs2021,none,clean,eval,0.9998373985290527
${DATA_ROOT}/clips/581145_vYm2PLAczomJ79qg_0037.wav,bonafide,hi-en,581145,mucs2021,none,clean,eval,0.9997960925102234
${DATA_ROOT}/clips/581145_vYm2PLAczomJ79qg_0038.wav,bonafide,hi-en,581145,mucs2021,none,clean,eval,0.9997939467430115
${DATA_ROOT}/clips/581145_vYm2PLAczomJ79qg_0039.wav,bonafide,hi-en,581145,mucs2021,none,clean,eval,0.9998807907104492
${DATA_ROOT}/clips/581145_vYm2PLAczomJ79qg_0040.wav,bonafide,hi-en,581145,mucs2021,none,clean,eval,0.9998935461044312
${DATA_ROOT}/clips/581145_vYm2PLAczomJ79qg_0041.wav,bonafide,hi-en,581145,mucs2021,none,clean,eval,0.9996829032897949
${DATA_ROOT}/clips/581145_vYm2PLAczomJ79qg_0042.wav,bonafide,hi-en,581145,mucs2021,none,clean,eval,0.9995385408401489
${DATA_ROOT}/clips/581145_vYm2PLAczomJ79qg_0043.wav,bonafide,hi-en,581145,mucs2021,none,clean,eval,0.9998637437820435
${DATA_ROOT}/clips/581145_vYm2PLAczomJ79qg_0044.wav,bonafide,hi-en,581145,mucs2021,none,clean,eval,0.9998446702957153
${DATA_ROOT}/clips/581145_vYm2PLAczomJ79qg_0045.wav,bonafide,hi-en,581145,mucs2021,none,clean,eval,0.9988328814506531
${DATA_ROOT}/clips/581145_vYm2PLAczomJ79qg_0046.wav,bonafide,hi-en,581145,mucs2021,none,clean,eval,0.9997089505195618
${DATA_ROOT}/clips/581145_vYm2PLAczomJ79qg_0047.wav,bonafide,hi-en,581145,mucs2021,none,clean,eval,0.9997316002845764
${DATA_ROOT}/clips/581145_vYm2PLAczomJ79qg_0048.wav,bonafide,hi-en,581145,mucs2021,none,clean,eval,0.9998362064361572
${DATA_ROOT}/clips/581145_vYm2PLAczomJ79qg_0049.wav,bonafide,hi-en,581145,mucs2021,none,clean,eval,0.9996210336685181
${DATA_ROOT}/clips/581145_vYm2PLAczomJ79qg_0050.wav,bonafide,hi-en,581145,mucs2021,none,clean,eval,0.9999175071716309
${DATA_ROOT}/clips/581145_vYm2PLAczomJ79qg_0051.wav,bonafide,hi-en,581145,mucs2021,none,clean,eval,0.9998688697814941
${DATA_ROOT}/clips/581145_vYm2PLAczomJ79qg_0052.wav,bonafide,hi-en,581145,mucs2021,none,clean,eval,0.9998577833175659
${DATA_ROOT}/clips/581145_vYm2PLAczomJ79qg_0053.wav,bonafide,hi-en,581145,mucs2021,none,clean,eval,0.99980229139328
${DATA_ROOT}/clips/581145_vYm2PLAczomJ79qg_0054.wav,bonafide,hi-en,581145,mucs2021,none,clean,eval,0.9997988343238831
${DATA_ROOT}/clips/581145_vYm2PLAczomJ79qg_0055.wav,bonafide,hi-en,581145,mucs2021,none,clean,eval,0.9997615218162537
${DATA_ROOT}/clips/581145_vYm2PLAczomJ79qg_0056.wav,bonafide,hi-en,581145,mucs2021,none,clean,eval,0.9998992681503296
${DATA_ROOT}/clips/581145_vYm2PLAczomJ79qg_0057.wav,bonafide,hi-en,581145,mucs2021,none,clean,eval,0.9979298114776611
${DATA_ROOT}/clips/581145_vYm2PLAczomJ79qg_0058.wav,bonafide,hi-en,581145,mucs2021,none,clean,eval,0.9999065399169922
${DATA_ROOT}/clips/581145_vYm2PLAczomJ79qg_0059.wav,bonafide,hi-en,581145,mucs2021,none,clean,eval,0.999735414981842
${DATA_ROOT}/clips/581145_vYm2PLAczomJ79qg_0060.wav,bonafide,hi-en,581145,mucs2021,none,clean,eval,0.9999314546585083
${DATA_ROOT}/clips/581145_vYm2PLAczomJ79qg_0061.wav,bonafide,hi-en,581145,mucs2021,none,clean,eval,0.9998636245727539
${DATA_ROOT}/clips/581145_vYm2PLAczomJ79qg_0062.wav,bonafide,hi-en,581145,mucs2021,none,clean,eval,0.9996641874313354
${DATA_ROOT}/clips/581145_vYm2PLAczomJ79qg_0063.wav,bonafide,hi-en,581145,mucs2021,none,clean,eval,0.9997493624687195
${DATA_ROOT}/clips/581145_vYm2PLAczomJ79qg_0064.wav,bonafide,hi-en,581145,mucs2021,none,clean,eval,0.9994447827339172
${DATA_ROOT}/clips/581145_vYm2PLAczomJ79qg_0065.wav,bonafide,hi-en,581145,mucs2021,none,clean,eval,0.9998704195022583
${DATA_ROOT}/clips/581145_vYm2PLAczomJ79qg_0066.wav,bonafide,hi-en,581145,mucs2021,none,clean,eval,0.9998317956924438
${DATA_ROOT}/clips/581145_vYm2PLAczomJ79qg_0067.wav,bonafide,hi-en,581145,mucs2021,none,clean,eval,0.9995995163917542
${DATA_ROOT}/clips/581145_vYm2PLAczomJ79qg_0068.wav,bonafide,hi-en,581145,mucs2021,none,clean,eval,0.9997132420539856
${DATA_ROOT}/clips/581145_vYm2PLAczomJ79qg_0069.wav,bonafide,hi-en,581145,mucs2021,none,clean,eval,0.9995912909507751
${DATA_ROOT}/clips/581145_vYm2PLAczomJ79qg_0070.wav,bonafide,hi-en,581145,mucs2021,none,clean,eval,0.9996802806854248
${DATA_ROOT}/clips/581145_vYm2PLAczomJ79qg_0071.wav,bonafide,hi-en,581145,mucs2021,none,clean,eval,0.9997316002845764
${DATA_ROOT}/clips/581145_vYm2PLAczomJ79qg_0072.wav,bonafide,hi-en,581145,mucs2021,none,clean,eval,0.9999164342880249
${DATA_ROOT}/clips/581145_vYm2PLAczomJ79qg_0073.wav,bonafide,hi-en,581145,mucs2021,none,clean,eval,0.9999269247055054
${DATA_ROOT}/clips/581145_vYm2PLAczomJ79qg_0074.wav,bonafide,hi-en,581145,mucs2021,none,clean,eval,0.9998304843902588
${DATA_ROOT}/clips/581145_vYm2PLAczomJ79qg_0075.wav,bonafide,hi-en,581145,mucs2021,none,clean,eval,0.9998464584350586
${DATA_ROOT}/clips/581145_vYm2PLAczomJ79qg_0076.wav,bonafide,hi-en,581145,mucs2021,none,clean,eval,0.9998897314071655
${DATA_ROOT}/clips/581145_vYm2PLAczomJ79qg_0077.wav,bonafide,hi-en,581145,mucs2021,none,clean,eval,0.9994506239891052
${DATA_ROOT}/clips/596505_mSiZUO1cgwb8nNpA_0000.wav,bonafide,hi-en,596505,mucs2021,none,clean,eval,0.9997370839118958
${DATA_ROOT}/clips/596505_mSiZUO1cgwb8nNpA_0001.wav,bonafide,hi-en,596505,mucs2021,none,clean,eval,0.9997244477272034
${DATA_ROOT}/clips/596505_mSiZUO1cgwb8nNpA_0002.wav,bonafide,hi-en,596505,mucs2021,none,clean,eval,0.9994310736656189
${DATA_ROOT}/clips/596505_mSiZUO1cgwb8nNpA_0003.wav,bonafide,hi-en,596505,mucs2021,none,clean,eval,0.9995063543319702
${DATA_ROOT}/clips/596505_mSiZUO1cgwb8nNpA_0004.wav,bonafide,hi-en,596505,mucs2021,none,clean,eval,0.9995606541633606
${DATA_ROOT}/clips/596505_mSiZUO1cgwb8nNpA_0005.wav,bonafide,hi-en,596505,mucs2021,none,clean,eval,0.9998167157173157
${DATA_ROOT}/clips/596505_mSiZUO1cgwb8nNpA_0006.wav,bonafide,hi-en,596505,mucs2021,none,clean,eval,0.9996143579483032
${DATA_ROOT}/clips/596505_mSiZUO1cgwb8nNpA_0007.wav,bonafide,hi-en,596505,mucs2021,none,clean,eval,0.9997480511665344
${DATA_ROOT}/clips/596505_mSiZUO1cgwb8nNpA_0008.wav,bonafide,hi-en,596505,mucs2021,none,clean,eval,0.9994437098503113
${DATA_ROOT}/clips/596505_mSiZUO1cgwb8nNpA_0009.wav,bonafide,hi-en,596505,mucs2021,none,clean,eval,0.9990251064300537
${DATA_ROOT}/clips/596505_mSiZUO1cgwb8nNpA_0010.wav,bonafide,hi-en,596505,mucs2021,none,clean,eval,0.9998472929000854
${DATA_ROOT}/clips/596505_mSiZUO1cgwb8nNpA_0011.wav,bonafide,hi-en,596505,mucs2021,none,clean,eval,0.99935382604599
${DATA_ROOT}/clips/596505_mSiZUO1cgwb8nNpA_0012.wav,bonafide,hi-en,596505,mucs2021,none,clean,eval,0.9998210072517395
${DATA_ROOT}/clips/596505_mSiZUO1cgwb8nNpA_0013.wav,bonafide,hi-en,596505,mucs2021,none,clean,eval,0.9995695948600769
${DATA_ROOT}/clips/596505_mSiZUO1cgwb8nNpA_0014.wav,bonafide,hi-en,596505,mucs2021,none,clean,eval,0.9996097683906555
${DATA_ROOT}/clips/596505_mSiZUO1cgwb8nNpA_0015.wav,bonafide,hi-en,596505,mucs2021,none,clean,eval,0.9997263550758362
${DATA_ROOT}/clips/596505_mSiZUO1cgwb8nNpA_0016.wav,bonafide,hi-en,596505,mucs2021,none,clean,eval,0.9996497631072998
${DATA_ROOT}/clips/596505_mSiZUO1cgwb8nNpA_0017.wav,bonafide,hi-en,596505,mucs2021,none,clean,eval,0.9996665716171265
${DATA_ROOT}/clips/596505_mSiZUO1cgwb8nNpA_0018.wav,bonafide,hi-en,596505,mucs2021,none,clean,eval,0.999458372592926
${DATA_ROOT}/clips/596505_mSiZUO1cgwb8nNpA_0019.wav,bonafide,hi-en,596505,mucs2021,none,clean,eval,0.9996713399887085
${DATA_ROOT}/clips/596505_mSiZUO1cgwb8nNpA_0020.wav,bonafide,hi-en,596505,mucs2021,none,clean,eval,0.9996334314346313
${DATA_ROOT}/clips/596505_mSiZUO1cgwb8nNpA_0021.wav,bonafide,hi-en,596505,mucs2021,none,clean,eval,0.9995653033256531
${DATA_ROOT}/clips/596505_mSiZUO1cgwb8nNpA_0022.wav,bonafide,hi-en,596505,mucs2021,none,clean,eval,0.9996157884597778
${DATA_ROOT}/clips/596505_mSiZUO1cgwb8nNpA_0023.wav,bonafide,hi-en,596505,mucs2021,none,clean,eval,0.9997710585594177
${DATA_ROOT}/clips/596505_mSiZUO1cgwb8nNpA_0024.wav,bonafide,hi-en,596505,mucs2021,none,clean,eval,0.9995748400688171
${DATA_ROOT}/clips/596505_mSiZUO1cgwb8nNpA_0025.wav,bonafide,hi-en,596505,mucs2021,none,clean,eval,0.9998007416725159
${DATA_ROOT}/clips/596505_mSiZUO1cgwb8nNpA_0026.wav,bonafide,hi-en,596505,mucs2021,none,clean,eval,0.9997307658195496
${DATA_ROOT}/clips/596505_mSiZUO1cgwb8nNpA_0027.wav,bonafide,hi-en,596505,mucs2021,none,clean,eval,0.9997428059577942
${DATA_ROOT}/clips/596505_mSiZUO1cgwb8nNpA_0028.wav,bonafide,hi-en,596505,mucs2021,none,clean,eval,0.9998987913131714
${DATA_ROOT}/clips/596505_mSiZUO1cgwb8nNpA_0029.wav,bonafide,hi-en,596505,mucs2021,none,clean,eval,0.9996731281280518
${DATA_ROOT}/clips/596505_mSiZUO1cgwb8nNpA_0030.wav,bonafide,hi-en,596505,mucs2021,none,clean,eval,0.9998276233673096
${DATA_ROOT}/clips/596505_mSiZUO1cgwb8nNpA_0031.wav,bonafide,hi-en,596505,mucs2021,none,clean,eval,0.999794065952301
${DATA_ROOT}/clips/596505_mSiZUO1cgwb8nNpA_0032.wav,bonafide,hi-en,596505,mucs2021,none,clean,eval,0.9997532963752747
${DATA_ROOT}/clips/596505_mSiZUO1cgwb8nNpA_0033.wav,bonafide,hi-en,596505,mucs2021,none,clean,eval,0.9997912049293518
${DATA_ROOT}/clips/596505_mSiZUO1cgwb8nNpA_0034.wav,bonafide,hi-en,596505,mucs2021,none,clean,eval,0.9997511506080627
${DATA_ROOT}/clips/596505_mSiZUO1cgwb8nNpA_0035.wav,bonafide,hi-en,596505,mucs2021,none,clean,eval,0.9995788931846619
${DATA_ROOT}/clips/596505_mSiZUO1cgwb8nNpA_0036.wav,bonafide,hi-en,596505,mucs2021,none,clean,eval,0.9993873834609985
${DATA_ROOT}/clips/596505_mSiZUO1cgwb8nNpA_0037.wav,bonafide,hi-en,596505,mucs2021,none,clean,eval,0.9997637867927551
${DATA_ROOT}/clips/596505_mSiZUO1cgwb8nNpA_0038.wav,bonafide,hi-en,596505,mucs2021,none,clean,eval,0.9993485808372498
${DATA_ROOT}/clips/596505_mSiZUO1cgwb8nNpA_0039.wav,bonafide,hi-en,596505,mucs2021,none,clean,eval,0.9996819496154785
${DATA_ROOT}/clips/596505_mSiZUO1cgwb8nNpA_0040.wav,bonafide,hi-en,596505,mucs2021,none,clean,eval,0.9997816681861877
${DATA_ROOT}/clips/596505_mSiZUO1cgwb8nNpA_0041.wav,bonafide,hi-en,596505,mucs2021,none,clean,eval,0.9997486472129822
${DATA_ROOT}/clips/596505_mSiZUO1cgwb8nNpA_0042.wav,bonafide,hi-en,596505,mucs2021,none,clean,eval,0.99967360496521
${DATA_ROOT}/clips/596505_mSiZUO1cgwb8nNpA_0043.wav,bonafide,hi-en,596505,mucs2021,none,clean,eval,0.9996974468231201
${DATA_ROOT}/clips/596505_mSiZUO1cgwb8nNpA_0044.wav,bonafide,hi-en,596505,mucs2021,none,clean,eval,0.9995508790016174
${DATA_ROOT}/clips/596505_mSiZUO1cgwb8nNpA_0045.wav,bonafide,hi-en,596505,mucs2021,none,clean,eval,0.9991220831871033
${DATA_ROOT}/clips/596505_mSiZUO1cgwb8nNpA_0046.wav,bonafide,hi-en,596505,mucs2021,none,clean,eval,0.999690055847168
${DATA_ROOT}/clips/596505_mSiZUO1cgwb8nNpA_0047.wav,bonafide,hi-en,596505,mucs2021,none,clean,eval,0.999748170375824
${DATA_ROOT}/clips/596505_mSiZUO1cgwb8nNpA_0048.wav,bonafide,hi-en,596505,mucs2021,none,clean,eval,0.9996510744094849
${DATA_ROOT}/clips/596505_mSiZUO1cgwb8nNpA_0049.wav,bonafide,hi-en,596505,mucs2021,none,clean,eval,0.9997509121894836
${DATA_ROOT}/clips/596505_mSiZUO1cgwb8nNpA_0050.wav,bonafide,hi-en,596505,mucs2021,none,clean,eval,0.9996355772018433
${DATA_ROOT}/clips/596505_mSiZUO1cgwb8nNpA_0051.wav,bonafide,hi-en,596505,mucs2021,none,clean,eval,0.999824583530426
${DATA_ROOT}/clips/596505_mSiZUO1cgwb8nNpA_0052.wav,bonafide,hi-en,596505,mucs2021,none,clean,eval,0.9998432397842407
${DATA_ROOT}/clips/596505_mSiZUO1cgwb8nNpA_0053.wav,bonafide,hi-en,596505,mucs2021,none,clean,eval,0.999823272228241
${DATA_ROOT}/clips/596505_mSiZUO1cgwb8nNpA_0054.wav,bonafide,hi-en,596505,mucs2021,none,clean,eval,0.9998005032539368
${DATA_ROOT}/clips/596505_mSiZUO1cgwb8nNpA_0055.wav,bonafide,hi-en,596505,mucs2021,none,clean,eval,0.9997007846832275
${DATA_ROOT}/clips/596505_mSiZUO1cgwb8nNpA_0056.wav,bonafide,hi-en,596505,mucs2021,none,clean,eval,0.9996089339256287
${DATA_ROOT}/clips/596505_mSiZUO1cgwb8nNpA_0057.wav,bonafide,hi-en,596505,mucs2021,none,clean,eval,0.9984158277511597
${DATA_ROOT}/clips/596505_mSiZUO1cgwb8nNpA_0058.wav,bonafide,hi-en,596505,mucs2021,none,clean,eval,0.9999123811721802
${DATA_ROOT}/clips/596505_mSiZUO1cgwb8nNpA_0059.wav,bonafide,hi-en,596505,mucs2021,none,clean,eval,0.9997072815895081
${DATA_ROOT}/clips/596505_mSiZUO1cgwb8nNpA_0060.wav,bonafide,hi-en,596505,mucs2021,none,clean,eval,0.9997103810310364
${DATA_ROOT}/clips/596505_mSiZUO1cgwb8nNpA_0061.wav,bonafide,hi-en,596505,mucs2021,none,clean,eval,0.9998268485069275
${DATA_ROOT}/clips/596505_mSiZUO1cgwb8nNpA_0062.wav,bonafide,hi-en,596505,mucs2021,none,clean,eval,0.9996269941329956
${DATA_ROOT}/clips/596505_mSiZUO1cgwb8nNpA_0063.wav,bonafide,hi-en,596505,mucs2021,none,clean,eval,0.9997566342353821
${DATA_ROOT}/clips/596505_mSiZUO1cgwb8nNpA_0064.wav,bonafide,hi-en,596505,mucs2021,none,clean,eval,0.9996961355209351
${DATA_ROOT}/clips/596505_mSiZUO1cgwb8nNpA_0065.wav,bonafide,hi-en,596505,mucs2021,none,clean,eval,0.9995864033699036
${DATA_ROOT}/clips/596505_mSiZUO1cgwb8nNpA_0066.wav,bonafide,hi-en,596505,mucs2021,none,clean,eval,0.9997866749763489
${DATA_ROOT}/clips/596505_mSiZUO1cgwb8nNpA_0067.wav,bonafide,hi-en,596505,mucs2021,none,clean,eval,0.9994694590568542
${DATA_ROOT}/clips/596505_mSiZUO1cgwb8nNpA_0068.wav,bonafide,hi-en,596505,mucs2021,none,clean,eval,0.9998878240585327
${DATA_ROOT}/clips/596505_mSiZUO1cgwb8nNpA_0069.wav,bonafide,hi-en,596505,mucs2021,none,clean,eval,0.9998879432678223
${DATA_ROOT}/clips/596505_mSiZUO1cgwb8nNpA_0070.wav,bonafide,hi-en,596505,mucs2021,none,clean,eval,0.9997279047966003
${DATA_ROOT}/clips/596505_mSiZUO1cgwb8nNpA_0071.wav,bonafide,hi-en,596505,mucs2021,none,clean,eval,0.9994354844093323
${DATA_ROOT}/clips/596505_mSiZUO1cgwb8nNpA_0072.wav,bonafide,hi-en,596505,mucs2021,none,clean,eval,0.9995238780975342
${DATA_ROOT}/clips/596505_mSiZUO1cgwb8nNpA_0073.wav,bonafide,hi-en,596505,mucs2021,none,clean,eval,0.9998098015785217
${DATA_ROOT}/clips/596505_mSiZUO1cgwb8nNpA_0074.wav,bonafide,hi-en,596505,mucs2021,none,clean,eval,0.9998093247413635
${DATA_ROOT}/clips/596505_mSiZUO1cgwb8nNpA_0075.wav,bonafide,hi-en,596505,mucs2021,none,clean,eval,0.9998020529747009
${DATA_ROOT}/clips/596505_mSiZUO1cgwb8nNpA_0076.wav,bonafide,hi-en,596505,mucs2021,none,clean,eval,0.9994727969169617
${DATA_ROOT}/clips/596505_mSiZUO1cgwb8nNpA_0077.wav,bonafide,hi-en,596505,mucs2021,none,clean,eval,0.9998915195465088
${DATA_ROOT}/clips/596505_mSiZUO1cgwb8nNpA_0078.wav,bonafide,hi-en,596505,mucs2021,none,clean,eval,0.9995743632316589
${DATA_ROOT}/clips/596505_mSiZUO1cgwb8nNpA_0079.wav,bonafide,hi-en,596505,mucs2021,none,clean,eval,0.9996416568756104
${DATA_ROOT}/clips/596505_mSiZUO1cgwb8nNpA_0080.wav,bonafide,hi-en,596505,mucs2021,none,clean,eval,0.9998061060905457
${DATA_ROOT}/clips/596505_mSiZUO1cgwb8nNpA_0081.wav,bonafide,hi-en,596505,mucs2021,none,clean,eval,0.9998200535774231
${DATA_ROOT}/clips/596505_mSiZUO1cgwb8nNpA_0082.wav,bonafide,hi-en,596505,mucs2021,none,clean,eval,0.9994947910308838
${DATA_ROOT}/clips/596505_mSiZUO1cgwb8nNpA_0083.wav,bonafide,hi-en,596505,mucs2021,none,clean,eval,0.999894380569458
${DATA_ROOT}/clips/596505_mSiZUO1cgwb8nNpA_0084.wav,bonafide,hi-en,596505,mucs2021,none,clean,eval,0.9998692274093628
${DATA_ROOT}/clips/596505_mSiZUO1cgwb8nNpA_0085.wav,bonafide,hi-en,596505,mucs2021,none,clean,eval,0.9997448325157166
${DATA_ROOT}/clips/596505_mSiZUO1cgwb8nNpA_0086.wav,bonafide,hi-en,596505,mucs2021,none,clean,eval,0.9997738003730774
${DATA_ROOT}/clips/596505_mSiZUO1cgwb8nNpA_0087.wav,bonafide,hi-en,596505,mucs2021,none,clean,eval,0.9997300505638123
${DATA_ROOT}/clips/596505_mSiZUO1cgwb8nNpA_0088.wav,bonafide,hi-en,596505,mucs2021,none,clean,eval,0.9998464584350586
${DATA_ROOT}/clips/596505_mSiZUO1cgwb8nNpA_0089.wav,bonafide,hi-en,596505,mucs2021,none,clean,eval,0.9998346567153931
${DATA_ROOT}/clips/596505_mSiZUO1cgwb8nNpA_0090.wav,bonafide,hi-en,596505,mucs2021,none,clean,eval,0.9997640252113342
${DATA_ROOT}/clips/596505_mSiZUO1cgwb8nNpA_0091.wav,bonafide,hi-en,596505,mucs2021,none,clean,eval,0.9996683597564697
${DATA_ROOT}/clips/596505_mSiZUO1cgwb8nNpA_0092.wav,bonafide,hi-en,596505,mucs2021,none,clean,eval,0.9999052286148071
${DATA_ROOT}/clips/596505_mSiZUO1cgwb8nNpA_0093.wav,bonafide,hi-en,596505,mucs2021,none,clean,eval,0.9997854828834534
${DATA_ROOT}/clips/596505_mSiZUO1cgwb8nNpA_0094.wav,bonafide,hi-en,596505,mucs2021,none,clean,eval,0.9997877478599548
${DATA_ROOT}/clips/596505_mSiZUO1cgwb8nNpA_0095.wav,bonafide,hi-en,596505,mucs2021,none,clean,eval,0.9998503923416138
${DATA_ROOT}/clips/596505_mSiZUO1cgwb8nNpA_0096.wav,bonafide,hi-en,596505,mucs2021,none,clean,eval,0.9998648166656494
${DATA_ROOT}/clips/596505_mSiZUO1cgwb8nNpA_0097.wav,bonafide,hi-en,596505,mucs2021,none,clean,eval,0.9997352957725525
${DATA_ROOT}/clips/596505_mSiZUO1cgwb8nNpA_0098.wav,bonafide,hi-en,596505,mucs2021,none,clean,eval,0.9997785687446594
${DATA_ROOT}/clips/596505_mSiZUO1cgwb8nNpA_0099.wav,bonafide,hi-en,596505,mucs2021,none,clean,eval,0.9989185333251953
${DATA_ROOT}/clips/596505_mSiZUO1cgwb8nNpA_0100.wav,bonafide,hi-en,596505,mucs2021,none,clean,eval,0.9997227787971497
${DATA_ROOT}/clips/596505_mSiZUO1cgwb8nNpA_0101.wav,bonafide,hi-en,596505,mucs2021,none,clean,eval,0.9997711777687073
${DATA_ROOT}/clips/596505_mSiZUO1cgwb8nNpA_0102.wav,bonafide,hi-en,596505,mucs2021,none,clean,eval,0.9998223185539246
${DATA_ROOT}/clips/596505_mSiZUO1cgwb8nNpA_0103.wav,bonafide,hi-en,596505,mucs2021,none,clean,eval,0.9995971322059631
${DATA_ROOT}/clips/596505_mSiZUO1cgwb8nNpA_0104.wav,bonafide,hi-en,596505,mucs2021,none,clean,eval,0.9997592568397522
${DATA_ROOT}/clips/596505_mSiZUO1cgwb8nNpA_0105.wav,bonafide,hi-en,596505,mucs2021,none,clean,eval,0.9987278580665588
${DATA_ROOT}/clips/596505_mSiZUO1cgwb8nNpA_0106.wav,bonafide,hi-en,596505,mucs2021,none,clean,eval,0.9995390176773071
${DATA_ROOT}/clips/596505_mSiZUO1cgwb8nNpA_0107.wav,bonafide,hi-en,596505,mucs2021,none,clean,eval,0.9998385906219482
${DATA_ROOT}/clips/596505_mSiZUO1cgwb8nNpA_0108.wav,bonafide,hi-en,596505,mucs2021,none,clean,eval,0.9995799660682678
${DATA_ROOT}/clips/596505_mSiZUO1cgwb8nNpA_0109.wav,bonafide,hi-en,596505,mucs2021,none,clean,eval,0.9995936751365662
${DATA_ROOT}/clips/596505_mSiZUO1cgwb8nNpA_0110.wav,bonafide,hi-en,596505,mucs2021,none,clean,eval,0.9996782541275024
${DATA_ROOT}/clips/596505_mSiZUO1cgwb8nNpA_0111.wav,bonafide,hi-en,596505,mucs2021,none,clean,eval,0.9996451139450073
${DATA_ROOT}/clips/596505_mSiZUO1cgwb8nNpA_0112.wav,bonafide,hi-en,596505,mucs2021,none,clean,eval,0.9997913241386414
${DATA_ROOT}/clips/596505_mSiZUO1cgwb8nNpA_0113.wav,bonafide,hi-en,596505,mucs2021,none,clean,eval,0.9998682737350464
${DATA_ROOT}/clips/596505_mSiZUO1cgwb8nNpA_0114.wav,bonafide,hi-en,596505,mucs2021,none,clean,eval,0.9997250437736511
${DATA_ROOT}/clips/596505_mSiZUO1cgwb8nNpA_0115.wav,bonafide,hi-en,596505,mucs2021,none,clean,eval,0.999614953994751
${DATA_ROOT}/clips/596505_mSiZUO1cgwb8nNpA_0116.wav,bonafide,hi-en,596505,mucs2021,none,clean,eval,0.9996417760848999
${DATA_ROOT}/clips/596505_mSiZUO1cgwb8nNpA_0117.wav,bonafide,hi-en,596505,mucs2021,none,clean,eval,0.9995179176330566
${DATA_ROOT}/clips/596505_mSiZUO1cgwb8nNpA_0118.wav,bonafide,hi-en,596505,mucs2021,none,clean,eval,0.9996899366378784
${DATA_ROOT}/clips/596505_mSiZUO1cgwb8nNpA_0119.wav,bonafide,hi-en,596505,mucs2021,none,clean,eval,0.9995089769363403
${DATA_ROOT}/clips/596505_mSiZUO1cgwb8nNpA_0120.wav,bonafide,hi-en,596505,mucs2021,none,clean,eval,0.999821126461029
${DATA_ROOT}/clips/596505_mSiZUO1cgwb8nNpA_0121.wav,bonafide,hi-en,596505,mucs2021,none,clean,eval,0.9999306201934814
${DATA_ROOT}/clips/596505_mSiZUO1cgwb8nNpA_0122.wav,bonafide,hi-en,596505,mucs2021,none,clean,eval,0.9998927116394043
${DATA_ROOT}/clips/596505_mSiZUO1cgwb8nNpA_0123.wav,bonafide,hi-en,596505,mucs2021,none,clean,eval,0.9998650550842285
${DATA_ROOT}/clips/596505_mSiZUO1cgwb8nNpA_0124.wav,bonafide,hi-en,596505,mucs2021,none,clean,eval,0.999842643737793
${DATA_ROOT}/clips/596505_mSiZUO1cgwb8nNpA_0125.wav,bonafide,hi-en,596505,mucs2021,none,clean,eval,0.9990591406822205
${DATA_ROOT}/clips/596505_mSiZUO1cgwb8nNpA_0126.wav,bonafide,hi-en,596505,mucs2021,none,clean,eval,0.9995829463005066
${DATA_ROOT}/clips/596505_mSiZUO1cgwb8nNpA_0127.wav,bonafide,hi-en,596505,mucs2021,none,clean,eval,0.9991058707237244
${DATA_ROOT}/clips/596505_mSiZUO1cgwb8nNpA_0128.wav,bonafide,hi-en,596505,mucs2021,none,clean,eval,0.9999006986618042
${DATA_ROOT}/clips/596505_mSiZUO1cgwb8nNpA_0129.wav,bonafide,hi-en,596505,mucs2021,none,clean,eval,0.9995085000991821
${DATA_ROOT}/clips/596505_mSiZUO1cgwb8nNpA_0130.wav,bonafide,hi-en,596505,mucs2021,none,clean,eval,0.9997416138648987
${DATA_ROOT}/clips/596505_mSiZUO1cgwb8nNpA_0131.wav,bonafide,hi-en,596505,mucs2021,none,clean,eval,0.9996864795684814
${DATA_ROOT}/clips/596505_mSiZUO1cgwb8nNpA_0132.wav,bonafide,hi-en,596505,mucs2021,none,clean,eval,0.9996856451034546
${DATA_ROOT}/clips/596505_mSiZUO1cgwb8nNpA_0133.wav,bonafide,hi-en,596505,mucs2021,none,clean,eval,0.9996985197067261
${DATA_ROOT}/clips/596505_mSiZUO1cgwb8nNpA_0134.wav,bonafide,hi-en,596505,mucs2021,none,clean,eval,0.9998407363891602
${DATA_ROOT}/clips/596505_mSiZUO1cgwb8nNpA_0135.wav,bonafide,hi-en,596505,mucs2021,none,clean,eval,0.9998071789741516
${DATA_ROOT}/clips/596505_mSiZUO1cgwb8nNpA_0136.wav,bonafide,hi-en,596505,mucs2021,none,clean,eval,0.999561607837677
${DATA_ROOT}/clips/596505_mSiZUO1cgwb8nNpA_0137.wav,bonafide,hi-en,596505,mucs2021,none,clean,eval,0.9997544884681702
${DATA_ROOT}/clips/596505_mSiZUO1cgwb8nNpA_0138.wav,bonafide,hi-en,596505,mucs2021,none,clean,eval,0.9997039437294006
${DATA_ROOT}/clips/596505_mSiZUO1cgwb8nNpA_0139.wav,bonafide,hi-en,596505,mucs2021,none,clean,eval,0.999687910079956
${DATA_ROOT}/clips/596505_mSiZUO1cgwb8nNpA_0140.wav,bonafide,hi-en,596505,mucs2021,none,clean,eval,0.9998966455459595
${DATA_ROOT}/clips/596505_mSiZUO1cgwb8nNpA_0141.wav,bonafide,hi-en,596505,mucs2021,none,clean,eval,0.9997879862785339
${DATA_ROOT}/clips/596505_mSiZUO1cgwb8nNpA_0142.wav,bonafide,hi-en,596505,mucs2021,none,clean,eval,0.9996140599250793
${DATA_ROOT}/clips/596505_mSiZUO1cgwb8nNpA_0143.wav,bonafide,hi-en,596505,mucs2021,none,clean,eval,0.9995986819267273
${DATA_ROOT}/clips/596505_mSiZUO1cgwb8nNpA_0144.wav,bonafide,hi-en,596505,mucs2021,none,clean,eval,0.9996719360351562
${DATA_ROOT}/clips/596505_mSiZUO1cgwb8nNpA_0145.wav,bonafide,hi-en,596505,mucs2021,none,clean,eval,0.9997559189796448
${DATA_ROOT}/clips/596505_mSiZUO1cgwb8nNpA_0146.wav,bonafide,hi-en,596505,mucs2021,none,clean,eval,0.9998626708984375
${DATA_ROOT}/clips/596505_mSiZUO1cgwb8nNpA_0147.wav,bonafide,hi-en,596505,mucs2021,none,clean,eval,0.9997827410697937
${DATA_ROOT}/clips/596505_mSiZUO1cgwb8nNpA_0148.wav,bonafide,hi-en,596505,mucs2021,none,clean,eval,0.9995044469833374
${DATA_ROOT}/clips/596505_mSiZUO1cgwb8nNpA_0149.wav,bonafide,hi-en,596505,mucs2021,none,clean,eval,0.9979884624481201
${DATA_ROOT}/clips/596505_mSiZUO1cgwb8nNpA_0150.wav,bonafide,hi-en,596505,mucs2021,none,clean,eval,0.9998396635055542
${DATA_ROOT}/clips/596505_mSiZUO1cgwb8nNpA_0151.wav,bonafide,hi-en,596505,mucs2021,none,clean,eval,0.9996700286865234
${DATA_ROOT}/clips/596505_mSiZUO1cgwb8nNpA_0152.wav,bonafide,hi-en,596505,mucs2021,none,clean,eval,0.9997796416282654
${DATA_ROOT}/clips/596505_mSiZUO1cgwb8nNpA_0153.wav,bonafide,hi-en,596505,mucs2021,none,clean,eval,0.9997431635856628
${DATA_ROOT}/clips/596505_mSiZUO1cgwb8nNpA_0154.wav,bonafide,hi-en,596505,mucs2021,none,clean,eval,0.9996423721313477
${DATA_ROOT}/clips/596505_mSiZUO1cgwb8nNpA_0155.wav,bonafide,hi-en,596505,mucs2021,none,clean,eval,0.9994683861732483
${DATA_ROOT}/clips/596505_mSiZUO1cgwb8nNpA_0156.wav,bonafide,hi-en,596505,mucs2021,none,clean,eval,0.9998732805252075
${DATA_ROOT}/clips/596505_mSiZUO1cgwb8nNpA_0157.wav,bonafide,hi-en,596505,mucs2021,none,clean,eval,0.9997277855873108
${DATA_ROOT}/clips/596505_mSiZUO1cgwb8nNpA_0158.wav,bonafide,hi-en,596505,mucs2021,none,clean,eval,0.9997915625572205
${DATA_ROOT}/clips/596505_mSiZUO1cgwb8nNpA_0159.wav,bonafide,hi-en,596505,mucs2021,none,clean,eval,0.9997876286506653
${DATA_ROOT}/clips/596505_mSiZUO1cgwb8nNpA_0160.wav,bonafide,hi-en,596505,mucs2021,none,clean,eval,0.9994775652885437
${DATA_ROOT}/clips/596505_mSiZUO1cgwb8nNpA_0161.wav,bonafide,hi-en,596505,mucs2021,none,clean,eval,0.999805748462677
${DATA_ROOT}/clips/596505_mSiZUO1cgwb8nNpA_0162.wav,bonafide,hi-en,596505,mucs2021,none,clean,eval,0.9996782541275024
${DATA_ROOT}/clips/596505_mSiZUO1cgwb8nNpA_0163.wav,bonafide,hi-en,596505,mucs2021,none,clean,eval,0.9990236759185791
${DATA_ROOT}/clips/596505_mSiZUO1cgwb8nNpA_0164.wav,bonafide,hi-en,596505,mucs2021,none,clean,eval,0.9993902444839478
${DATA_ROOT}/clips/596505_mSiZUO1cgwb8nNpA_0165.wav,bonafide,hi-en,596505,mucs2021,none,clean,eval,0.9994916915893555
${DATA_ROOT}/clips/596505_mSiZUO1cgwb8nNpA_0166.wav,bonafide,hi-en,596505,mucs2021,none,clean,eval,0.9997076392173767
${DATA_ROOT}/clips/596505_mSiZUO1cgwb8nNpA_0167.wav,bonafide,hi-en,596505,mucs2021,none,clean,eval,0.999239444732666
${DATA_ROOT}/clips/596505_mSiZUO1cgwb8nNpA_0168.wav,bonafide,hi-en,596505,mucs2021,none,clean,eval,0.999517560005188
${DATA_ROOT}/clips/596505_mSiZUO1cgwb8nNpA_0169.wav,bonafide,hi-en,596505,mucs2021,none,clean,eval,0.9996547698974609
${DATA_ROOT}/clips/596505_mSiZUO1cgwb8nNpA_0170.wav,bonafide,hi-en,596505,mucs2021,none,clean,eval,0.999799907207489
${DATA_ROOT}/clips/596505_mSiZUO1cgwb8nNpA_0171.wav,bonafide,hi-en,596505,mucs2021,none,clean,eval,0.9994994401931763
${DATA_ROOT}/clips/596505_mSiZUO1cgwb8nNpA_0172.wav,bonafide,hi-en,596505,mucs2021,none,clean,eval,0.9991979002952576
${DATA_ROOT}/clips/596505_mSiZUO1cgwb8nNpA_0173.wav,bonafide,hi-en,596505,mucs2021,none,clean,eval,0.9998515844345093
${DATA_ROOT}/clips/596505_mSiZUO1cgwb8nNpA_0174.wav,bonafide,hi-en,596505,mucs2021,none,clean,eval,0.9994090795516968
${DATA_ROOT}/clips/596505_mSiZUO1cgwb8nNpA_0175.wav,bonafide,hi-en,596505,mucs2021,none,clean,eval,0.9996664524078369
${DATA_ROOT}/clips/596505_mSiZUO1cgwb8nNpA_0176.wav,bonafide,hi-en,596505,mucs2021,none,clean,eval,0.9996840953826904
${DATA_ROOT}/clips/596505_mSiZUO1cgwb8nNpA_0177.wav,bonafide,hi-en,596505,mucs2021,none,clean,eval,0.9997918009757996
${DATA_ROOT}/clips/596505_mSiZUO1cgwb8nNpA_0178.wav,bonafide,hi-en,596505,mucs2021,none,clean,eval,0.9997542500495911
${DATA_ROOT}/clips/596505_mSiZUO1cgwb8nNpA_0179.wav,bonafide,hi-en,596505,mucs2021,none,clean,eval,0.9998490810394287
${DATA_ROOT}/clips/596505_mSiZUO1cgwb8nNpA_0180.wav,bonafide,hi-en,596505,mucs2021,none,clean,eval,0.9996504783630371
${DATA_ROOT}/clips/596505_mSiZUO1cgwb8nNpA_0181.wav,bonafide,hi-en,596505,mucs2021,none,clean,eval,0.999833345413208
${DATA_ROOT}/clips/945728_DBI6HIgiBL3G9iFP_0000.wav,bonafide,hi-en,945728,mucs2021,none,clean,eval,0.999846339225769
${DATA_ROOT}/clips/945728_DBI6HIgiBL3G9iFP_0001.wav,bonafide,hi-en,945728,mucs2021,none,clean,eval,0.9993088245391846
${DATA_ROOT}/clips/945728_DBI6HIgiBL3G9iFP_0002.wav,bonafide,hi-en,945728,mucs2021,none,clean,eval,0.17588599026203156
${DATA_ROOT}/clips/945728_DBI6HIgiBL3G9iFP_0003.wav,bonafide,hi-en,945728,mucs2021,none,clean,eval,0.9995991587638855
${DATA_ROOT}/clips/945728_DBI6HIgiBL3G9iFP_0004.wav,bonafide,hi-en,945728,mucs2021,none,clean,eval,0.9590403437614441
${DATA_ROOT}/clips/945728_DBI6HIgiBL3G9iFP_0005.wav,bonafide,hi-en,945728,mucs2021,none,clean,eval,0.9977916479110718
${DATA_ROOT}/clips/945728_DBI6HIgiBL3G9iFP_0006.wav,bonafide,hi-en,945728,mucs2021,none,clean,eval,0.9997488856315613
${DATA_ROOT}/clips/945728_DBI6HIgiBL3G9iFP_0007.wav,bonafide,hi-en,945728,mucs2021,none,clean,eval,0.9998055100440979
${DATA_ROOT}/clips/945728_DBI6HIgiBL3G9iFP_0008.wav,bonafide,hi-en,945728,mucs2021,none,clean,eval,0.9997404217720032
${DATA_ROOT}/clips/945728_DBI6HIgiBL3G9iFP_0009.wav,bonafide,hi-en,945728,mucs2021,none,clean,eval,0.9998316764831543
${DATA_ROOT}/clips/945728_DBI6HIgiBL3G9iFP_0010.wav,bonafide,hi-en,945728,mucs2021,none,clean,eval,0.9988495111465454
${DATA_ROOT}/clips/945728_DBI6HIgiBL3G9iFP_0011.wav,bonafide,hi-en,945728,mucs2021,none,clean,eval,0.9998793601989746
${DATA_ROOT}/clips/945728_DBI6HIgiBL3G9iFP_0012.wav,bonafide,hi-en,945728,mucs2021,none,clean,eval,0.9998470544815063
${DATA_ROOT}/clips/945728_DBI6HIgiBL3G9iFP_0013.wav,bonafide,hi-en,945728,mucs2021,none,clean,eval,0.9998102784156799
${DATA_ROOT}/clips/945728_DBI6HIgiBL3G9iFP_0014.wav,bonafide,hi-en,945728,mucs2021,none,clean,eval,0.9998106360435486
${DATA_ROOT}/clips/945728_DBI6HIgiBL3G9iFP_0015.wav,bonafide,hi-en,945728,mucs2021,none,clean,eval,0.999757707118988
${DATA_ROOT}/clips/945728_DBI6HIgiBL3G9iFP_0016.wav,bonafide,hi-en,945728,mucs2021,none,clean,eval,0.9998675584793091
${DATA_ROOT}/clips/945728_DBI6HIgiBL3G9iFP_0017.wav,bonafide,hi-en,945728,mucs2021,none,clean,eval,0.9997335076332092
${DATA_ROOT}/clips/945728_DBI6HIgiBL3G9iFP_0018.wav,bonafide,hi-en,945728,mucs2021,none,clean,eval,0.9995610117912292
${DATA_ROOT}/clips/945728_DBI6HIgiBL3G9iFP_0019.wav,bonafide,hi-en,945728,mucs2021,none,clean,eval,0.9995102882385254
${DATA_ROOT}/clips/945728_DBI6HIgiBL3G9iFP_0020.wav,bonafide,hi-en,945728,mucs2021,none,clean,eval,0.999667763710022
${DATA_ROOT}/clips/945728_DBI6HIgiBL3G9iFP_0021.wav,bonafide,hi-en,945728,mucs2021,none,clean,eval,0.999779999256134
${DATA_ROOT}/clips/945728_DBI6HIgiBL3G9iFP_0022.wav,bonafide,hi-en,945728,mucs2021,none,clean,eval,0.9997536540031433
${DATA_ROOT}/clips/945728_DBI6HIgiBL3G9iFP_0023.wav,bonafide,hi-en,945728,mucs2021,none,clean,eval,0.9996140599250793
${DATA_ROOT}/clips/945728_DBI6HIgiBL3G9iFP_0024.wav,bonafide,hi-en,945728,mucs2021,none,clean,eval,0.9993759989738464
${DATA_ROOT}/clips/945728_DBI6HIgiBL3G9iFP_0025.wav,bonafide,hi-en,945728,mucs2021,none,clean,eval,0.9899128675460815
${DATA_ROOT}/clips/945728_DBI6HIgiBL3G9iFP_0026.wav,bonafide,hi-en,945728,mucs2021,none,clean,eval,0.9994206428527832
${DATA_ROOT}/clips/945728_DBI6HIgiBL3G9iFP_0027.wav,bonafide,hi-en,945728,mucs2021,none,clean,eval,0.9995470643043518
${DATA_ROOT}/clips/945728_DBI6HIgiBL3G9iFP_0028.wav,bonafide,hi-en,945728,mucs2021,none,clean,eval,0.9996117949485779
${DATA_ROOT}/clips/945728_DBI6HIgiBL3G9iFP_0029.wav,bonafide,hi-en,945728,mucs2021,none,clean,eval,0.9997872710227966
${DATA_ROOT}/clips/945728_DBI6HIgiBL3G9iFP_0030.wav,bonafide,hi-en,945728,mucs2021,none,clean,eval,0.9997745156288147
${DATA_ROOT}/clips/945728_DBI6HIgiBL3G9iFP_0031.wav,bonafide,hi-en,945728,mucs2021,none,clean,eval,0.9996069073677063
${DATA_ROOT}/clips/945728_DBI6HIgiBL3G9iFP_0032.wav,bonafide,hi-en,945728,mucs2021,none,clean,eval,0.9998748302459717
${DATA_ROOT}/clips/945728_DBI6HIgiBL3G9iFP_0033.wav,bonafide,hi-en,945728,mucs2021,none,clean,eval,0.9995624423027039
${DATA_ROOT}/clips/945728_DBI6HIgiBL3G9iFP_0034.wav,bonafide,hi-en,945728,mucs2021,none,clean,eval,0.9985355138778687
${DATA_ROOT}/clips/945728_DBI6HIgiBL3G9iFP_0035.wav,bonafide,hi-en,945728,mucs2021,none,clean,eval,0.9997794032096863
${DATA_ROOT}/clips/945728_DBI6HIgiBL3G9iFP_0036.wav,bonafide,hi-en,945728,mucs2021,none,clean,eval,0.9998025298118591
${DATA_ROOT}/clips/945728_DBI6HIgiBL3G9iFP_0037.wav,bonafide,hi-en,945728,mucs2021,none,clean,eval,0.9997794032096863
${DATA_ROOT}/clips/945728_DBI6HIgiBL3G9iFP_0038.wav,bonafide,hi-en,945728,mucs2021,none,clean,eval,0.9993489384651184
${DATA_ROOT}/clips/945728_DBI6HIgiBL3G9iFP_0039.wav,bonafide,hi-en,945728,mucs2021,none,clean,eval,0.9998654127120972
${DATA_ROOT}/clips/945728_DBI6HIgiBL3G9iFP_0040.wav,bonafide,hi-en,945728,mucs2021,none,clean,eval,0.9914748668670654
${DATA_ROOT}/clips/945728_DBI6HIgiBL3G9iFP_0041.wav,bonafide,hi-en,945728,mucs2021,none,clean,eval,0.9992792010307312
${DATA_ROOT}/clips/945728_DBI6HIgiBL3G9iFP_0042.wav,bonafide,hi-en,945728,mucs2021,none,clean,eval,0.999697208404541
${DATA_ROOT}/clips/945728_DBI6HIgiBL3G9iFP_0043.wav,bonafide,hi-en,945728,mucs2021,none,clean,eval,0.9996532201766968
${DATA_ROOT}/clips/945728_DBI6HIgiBL3G9iFP_0044.wav,bonafide,hi-en,945728,mucs2021,none,clean,eval,0.9996192455291748
${DATA_ROOT}/clips/945728_DBI6HIgiBL3G9iFP_0045.wav,bonafide,hi-en,945728,mucs2021,none,clean,eval,0.9997534155845642
${DATA_ROOT}/clips/945728_DBI6HIgiBL3G9iFP_0046.wav,bonafide,hi-en,945728,mucs2021,none,clean,eval,0.9997207522392273
${DATA_ROOT}/clips/945728_DBI6HIgiBL3G9iFP_0047.wav,bonafide,hi-en,945728,mucs2021,none,clean,eval,0.9998276233673096
${DATA_ROOT}/clips/945728_DBI6HIgiBL3G9iFP_0048.wav,bonafide,hi-en,945728,mucs2021,none,clean,eval,0.9996539354324341
${DATA_ROOT}/clips/945728_DBI6HIgiBL3G9iFP_0049.wav,bonafide,hi-en,945728,mucs2021,none,clean,eval,0.9996066689491272
${DATA_ROOT}/clips/945728_DBI6HIgiBL3G9iFP_0050.wav,bonafide,hi-en,945728,mucs2021,none,clean,eval,0.9989884495735168
${DATA_ROOT}/clips/945728_DBI6HIgiBL3G9iFP_0051.wav,bonafide,hi-en,945728,mucs2021,none,clean,eval,0.9998173117637634
${DATA_ROOT}/clips/945728_DBI6HIgiBL3G9iFP_0052.wav,bonafide,hi-en,945728,mucs2021,none,clean,eval,0.999855637550354
${DATA_ROOT}/clips/945728_DBI6HIgiBL3G9iFP_0053.wav,bonafide,hi-en,945728,mucs2021,none,clean,eval,0.9993736147880554
${DATA_ROOT}/clips/945728_DBI6HIgiBL3G9iFP_0054.wav,bonafide,hi-en,945728,mucs2021,none,clean,eval,0.9998619556427002
${DATA_ROOT}/clips/945728_DBI6HIgiBL3G9iFP_0055.wav,bonafide,hi-en,945728,mucs2021,none,clean,eval,0.9996825456619263
${DATA_ROOT}/clips/945728_DBI6HIgiBL3G9iFP_0056.wav,bonafide,hi-en,945728,mucs2021,none,clean,eval,0.9998552799224854
${DATA_ROOT}/clips/945728_DBI6HIgiBL3G9iFP_0057.wav,bonafide,hi-en,945728,mucs2021,none,clean,eval,0.9998654127120972
${DATA_ROOT}/clips/945728_DBI6HIgiBL3G9iFP_0058.wav,bonafide,hi-en,945728,mucs2021,none,clean,eval,0.9998132586479187
${DATA_ROOT}/clips/945728_DBI6HIgiBL3G9iFP_0059.wav,bonafide,hi-en,945728,mucs2021,none,clean,eval,0.9993502497673035
${DATA_ROOT}/clips/945728_DBI6HIgiBL3G9iFP_0060.wav,bonafide,hi-en,945728,mucs2021,none,clean,eval,0.9997519850730896
${DATA_ROOT}/clips/945728_DBI6HIgiBL3G9iFP_0061.wav,bonafide,hi-en,945728,mucs2021,none,clean,eval,0.9995834231376648
${DATA_ROOT}/clips/945728_DBI6HIgiBL3G9iFP_0062.wav,bonafide,hi-en,945728,mucs2021,none,clean,eval,0.9993627667427063
${DATA_ROOT}/clips/945728_DBI6HIgiBL3G9iFP_0063.wav,bonafide,hi-en,945728,mucs2021,none,clean,eval,0.9993804693222046
${DATA_ROOT}/clips/945728_DBI6HIgiBL3G9iFP_0064.wav,bonafide,hi-en,945728,mucs2021,none,clean,eval,0.9978548884391785
${DATA_ROOT}/clips/945728_DBI6HIgiBL3G9iFP_0065.wav,bonafide,hi-en,945728,mucs2021,none,clean,eval,0.9997822642326355
${DATA_ROOT}/clips/945728_DBI6HIgiBL3G9iFP_0066.wav,bonafide,hi-en,945728,mucs2021,none,clean,eval,0.9998138546943665
${DATA_ROOT}/clips/945728_DBI6HIgiBL3G9iFP_0067.wav,bonafide,hi-en,945728,mucs2021,none,clean,eval,0.9997217059135437
${DATA_ROOT}/clips/945728_DBI6HIgiBL3G9iFP_0068.wav,bonafide,hi-en,945728,mucs2021,none,clean,eval,0.9997099041938782
${DATA_ROOT}/clips/945728_DBI6HIgiBL3G9iFP_0069.wav,bonafide,hi-en,945728,mucs2021,none,clean,eval,0.999840259552002
${DATA_ROOT}/clips/945728_DBI6HIgiBL3G9iFP_0070.wav,bonafide,hi-en,945728,mucs2021,none,clean,eval,0.9997795224189758
${DATA_ROOT}/clips/945728_DBI6HIgiBL3G9iFP_0071.wav,bonafide,hi-en,945728,mucs2021,none,clean,eval,0.9994970560073853
${DATA_ROOT}/clips/945728_DBI6HIgiBL3G9iFP_0072.wav,bonafide,hi-en,945728,mucs2021,none,clean,eval,0.999760091304779
${DATA_ROOT}/clips/945728_DBI6HIgiBL3G9iFP_0073.wav,bonafide,hi-en,945728,mucs2021,none,clean,eval,0.9997747540473938
${DATA_ROOT}/clips/945728_DBI6HIgiBL3G9iFP_0074.wav,bonafide,hi-en,945728,mucs2021,none,clean,eval,0.9998412132263184
${DATA_ROOT}/clips/945728_DBI6HIgiBL3G9iFP_0075.wav,bonafide,hi-en,945728,mucs2021,none,clean,eval,0.99978107213974
${DATA_ROOT}/clips/945728_DBI6HIgiBL3G9iFP_0076.wav,bonafide,hi-en,945728,mucs2021,none,clean,eval,0.9987333416938782
${DATA_ROOT}/clips/945728_DBI6HIgiBL3G9iFP_0077.wav,bonafide,hi-en,945728,mucs2021,none,clean,eval,0.9998156428337097
${DATA_ROOT}/clips/945728_DBI6HIgiBL3G9iFP_0078.wav,bonafide,hi-en,945728,mucs2021,none,clean,eval,0.9997729659080505
${DATA_ROOT}/clips/945728_DBI6HIgiBL3G9iFP_0079.wav,bonafide,hi-en,945728,mucs2021,none,clean,eval,0.999769389629364
${DATA_ROOT}/clips/945728_DBI6HIgiBL3G9iFP_0080.wav,bonafide,hi-en,945728,mucs2021,none,clean,eval,0.9997729659080505
${DATA_ROOT}/clips/945728_DBI6HIgiBL3G9iFP_0081.wav,bonafide,hi-en,945728,mucs2021,none,clean,eval,0.99982088804245
${DATA_ROOT}/clips/945728_DBI6HIgiBL3G9iFP_0082.wav,bonafide,hi-en,945728,mucs2021,none,clean,eval,0.9997411370277405
${DATA_ROOT}/clips/945728_DBI6HIgiBL3G9iFP_0083.wav,bonafide,hi-en,945728,mucs2021,none,clean,eval,0.9998102784156799
${DATA_ROOT}/clips/945728_DBI6HIgiBL3G9iFP_0084.wav,bonafide,hi-en,945728,mucs2021,none,clean,eval,0.9996167421340942
${DATA_ROOT}/clips/945728_DBI6HIgiBL3G9iFP_0085.wav,bonafide,hi-en,945728,mucs2021,none,clean,eval,0.9998261332511902
${DATA_ROOT}/clips/945728_DBI6HIgiBL3G9iFP_0086.wav,bonafide,hi-en,945728,mucs2021,none,clean,eval,0.9997493624687195
${DATA_ROOT}/clips/945728_DBI6HIgiBL3G9iFP_0087.wav,bonafide,hi-en,945728,mucs2021,none,clean,eval,0.9998162388801575
${DATA_ROOT}/clips/945728_DBI6HIgiBL3G9iFP_0088.wav,bonafide,hi-en,945728,mucs2021,none,clean,eval,0.997251570224762
${DATA_ROOT}/clips/945728_DBI6HIgiBL3G9iFP_0089.wav,bonafide,hi-en,945728,mucs2021,none,clean,eval,0.9996730089187622
${DATA_ROOT}/clips/945728_DBI6HIgiBL3G9iFP_0090.wav,bonafide,hi-en,945728,mucs2021,none,clean,eval,0.9998051524162292
${DATA_ROOT}/clips/945728_DBI6HIgiBL3G9iFP_0091.wav,bonafide,hi-en,945728,mucs2021,none,clean,eval,0.9998182654380798
${DATA_ROOT}/clips/945728_DBI6HIgiBL3G9iFP_0092.wav,bonafide,hi-en,945728,mucs2021,none,clean,eval,0.9995664954185486
${DATA_ROOT}/clips/945728_DBI6HIgiBL3G9iFP_0093.wav,bonafide,hi-en,945728,mucs2021,none,clean,eval,0.9996880292892456
${DATA_ROOT}/clips/945728_DBI6HIgiBL3G9iFP_0094.wav,bonafide,hi-en,945728,mucs2021,none,clean,eval,0.999660849571228
${DATA_ROOT}/clips/945728_DBI6HIgiBL3G9iFP_0095.wav,bonafide,hi-en,945728,mucs2021,none,clean,eval,0.9998295307159424
${DATA_ROOT}/clips/945728_DBI6HIgiBL3G9iFP_0096.wav,bonafide,hi-en,945728,mucs2021,none,clean,eval,0.999692440032959
${DATA_ROOT}/clips/945728_DBI6HIgiBL3G9iFP_0097.wav,bonafide,hi-en,945728,mucs2021,none,clean,eval,0.9998655319213867
${DATA_ROOT}/clips/945728_DBI6HIgiBL3G9iFP_0098.wav,bonafide,hi-en,945728,mucs2021,none,clean,eval,0.9992086291313171
${DATA_ROOT}/clips/945728_DBI6HIgiBL3G9iFP_0099.wav,bonafide,hi-en,945728,mucs2021,none,clean,eval,0.9987061023712158
${DATA_ROOT}/clips/945728_DBI6HIgiBL3G9iFP_0100.wav,bonafide,hi-en,945728,mucs2021,none,clean,eval,0.9998399019241333
${DATA_ROOT}/clips/945728_DBI6HIgiBL3G9iFP_0101.wav,bonafide,hi-en,945728,mucs2021,none,clean,eval,0.9996833801269531
${DATA_ROOT}/clips/945728_DBI6HIgiBL3G9iFP_0102.wav,bonafide,hi-en,945728,mucs2021,none,clean,eval,0.9998432397842407
${DATA_ROOT}/clips/945728_DBI6HIgiBL3G9iFP_0103.wav,bonafide,hi-en,945728,mucs2021,none,clean,eval,0.999852180480957
${DATA_ROOT}/clips/945728_DBI6HIgiBL3G9iFP_0104.wav,bonafide,hi-en,945728,mucs2021,none,clean,eval,0.9998036026954651
${DATA_ROOT}/clips/945728_DBI6HIgiBL3G9iFP_0105.wav,bonafide,hi-en,945728,mucs2021,none,clean,eval,0.9998611211776733
${DATA_ROOT}/clips/945728_DBI6HIgiBL3G9iFP_0106.wav,bonafide,hi-en,945728,mucs2021,none,clean,eval,0.9998602867126465
${DATA_ROOT}/clips/945728_DBI6HIgiBL3G9iFP_0107.wav,bonafide,hi-en,945728,mucs2021,none,clean,eval,0.9996881484985352
${DATA_ROOT}/clips/945728_DBI6HIgiBL3G9iFP_0108.wav,bonafide,hi-en,945728,mucs2021,none,clean,eval,0.9997795224189758
${DATA_ROOT}/clips/945728_DBI6HIgiBL3G9iFP_0109.wav,bonafide,hi-en,945728,mucs2021,none,clean,eval,0.9997856020927429
${DATA_ROOT}/clips/945728_DBI6HIgiBL3G9iFP_0110.wav,bonafide,hi-en,945728,mucs2021,none,clean,eval,0.9997766613960266
${DATA_ROOT}/clips/945728_DBI6HIgiBL3G9iFP_0111.wav,bonafide,hi-en,945728,mucs2021,none,clean,eval,0.9998325109481812
${DATA_ROOT}/clips/945728_DBI6HIgiBL3G9iFP_0112.wav,bonafide,hi-en,945728,mucs2021,none,clean,eval,0.9998602867126465
${DATA_ROOT}/clips/945728_DBI6HIgiBL3G9iFP_0113.wav,bonafide,hi-en,945728,mucs2021,none,clean,eval,0.999811589717865
${DATA_ROOT}/clips/945728_DBI6HIgiBL3G9iFP_0114.wav,bonafide,hi-en,945728,mucs2021,none,clean,eval,0.045217014849185944
${DATA_ROOT}/clips/945728_DBI6HIgiBL3G9iFP_0115.wav,bonafide,hi-en,945728,mucs2021,none,clean,eval,0.9992515444755554
${DATA_ROOT}/clips/945728_DBI6HIgiBL3G9iFP_0116.wav,bonafide,hi-en,945728,mucs2021,none,clean,eval,0.9996997117996216
${DATA_ROOT}/clips/945728_DBI6HIgiBL3G9iFP_0117.wav,bonafide,hi-en,945728,mucs2021,none,clean,eval,0.9998683929443359
${DATA_ROOT}/clips/945728_DBI6HIgiBL3G9iFP_0118.wav,bonafide,hi-en,945728,mucs2021,none,clean,eval,0.9989848732948303
${DATA_ROOT}/clips/945728_DBI6HIgiBL3G9iFP_0119.wav,bonafide,hi-en,945728,mucs2021,none,clean,eval,0.9991845488548279
${DATA_ROOT}/clips/945728_DBI6HIgiBL3G9iFP_0120.wav,bonafide,hi-en,945728,mucs2021,none,clean,eval,0.9973133206367493
${DATA_ROOT}/clips/945728_DBI6HIgiBL3G9iFP_0121.wav,bonafide,hi-en,945728,mucs2021,none,clean,eval,0.9994257688522339
${DATA_ROOT}/clips/945728_DBI6HIgiBL3G9iFP_0122.wav,bonafide,hi-en,945728,mucs2021,none,clean,eval,0.9994497895240784
${DATA_ROOT}/clips/945728_DBI6HIgiBL3G9iFP_0123.wav,bonafide,hi-en,945728,mucs2021,none,clean,eval,0.9990547299385071
${DATA_ROOT}/clips/945728_DBI6HIgiBL3G9iFP_0124.wav,bonafide,hi-en,945728,mucs2021,none,clean,eval,0.9998360872268677
${DATA_ROOT}/clips/945728_DBI6HIgiBL3G9iFP_0125.wav,bonafide,hi-en,945728,mucs2021,none,clean,eval,0.9998878240585327
${DATA_ROOT}/clips/945728_DBI6HIgiBL3G9iFP_0126.wav,bonafide,hi-en,945728,mucs2021,none,clean,eval,0.9998286962509155
${DATA_ROOT}/clips/945728_DBI6HIgiBL3G9iFP_0127.wav,bonafide,hi-en,945728,mucs2021,none,clean,eval,0.9998199343681335
${DATA_ROOT}/clips/945728_DBI6HIgiBL3G9iFP_0128.wav,bonafide,hi-en,945728,mucs2021,none,clean,eval,0.9995962977409363
${DATA_ROOT}/clips/945728_DBI6HIgiBL3G9iFP_0129.wav,bonafide,hi-en,945728,mucs2021,none,clean,eval,0.9998348951339722
${DATA_ROOT}/clips/945728_DBI6HIgiBL3G9iFP_0130.wav,bonafide,hi-en,945728,mucs2021,none,clean,eval,0.9994093179702759
${DATA_ROOT}/clips/945728_DBI6HIgiBL3G9iFP_0131.wav,bonafide,hi-en,945728,mucs2021,none,clean,eval,0.9997672438621521
${DATA_ROOT}/clips/945728_DBI6HIgiBL3G9iFP_0132.wav,bonafide,hi-en,945728,mucs2021,none,clean,eval,0.999887228012085
${DATA_ROOT}/clips/945728_DBI6HIgiBL3G9iFP_0133.wav,bonafide,hi-en,945728,mucs2021,none,clean,eval,0.9998230338096619
${DATA_ROOT}/clips/945728_DBI6HIgiBL3G9iFP_0134.wav,bonafide,hi-en,945728,mucs2021,none,clean,eval,0.9997690320014954
${DATA_ROOT}/clips/945728_DBI6HIgiBL3G9iFP_0135.wav,bonafide,hi-en,945728,mucs2021,none,clean,eval,0.9996868371963501
${DATA_ROOT}/clips/945728_DBI6HIgiBL3G9iFP_0136.wav,bonafide,hi-en,945728,mucs2021,none,clean,eval,0.9994927644729614
${DATA_ROOT}/clips/976811_t4ui2WmNjBa2OlEW_0000.wav,bonafide,hi-en,976811,mucs2021,none,clean,eval,0.9993767142295837
${DATA_ROOT}/clips/976811_t4ui2WmNjBa2OlEW_0001.wav,bonafide,hi-en,976811,mucs2021,none,clean,eval,0.9993857145309448
${DATA_ROOT}/clips/976811_t4ui2WmNjBa2OlEW_0002.wav,bonafide,hi-en,976811,mucs2021,none,clean,eval,0.9996055960655212
${DATA_ROOT}/clips/976811_t4ui2WmNjBa2OlEW_0003.wav,bonafide,hi-en,976811,mucs2021,none,clean,eval,0.9996121525764465
${DATA_ROOT}/clips/976811_t4ui2WmNjBa2OlEW_0004.wav,bonafide,hi-en,976811,mucs2021,none,clean,eval,0.9994003772735596
${DATA_ROOT}/clips/976811_t4ui2WmNjBa2OlEW_0005.wav,bonafide,hi-en,976811,mucs2021,none,clean,eval,0.995564877986908
${DATA_ROOT}/clips/976811_t4ui2WmNjBa2OlEW_0006.wav,bonafide,hi-en,976811,mucs2021,none,clean,eval,0.9992020726203918
${DATA_ROOT}/clips/976811_t4ui2WmNjBa2OlEW_0007.wav,bonafide,hi-en,976811,mucs2021,none,clean,eval,0.9997473359107971
${DATA_ROOT}/clips/976811_t4ui2WmNjBa2OlEW_0008.wav,bonafide,hi-en,976811,mucs2021,none,clean,eval,0.9996030926704407
${DATA_ROOT}/clips/976811_t4ui2WmNjBa2OlEW_0009.wav,bonafide,hi-en,976811,mucs2021,none,clean,eval,0.9995716214179993
${DATA_ROOT}/clips/976811_t4ui2WmNjBa2OlEW_0010.wav,bonafide,hi-en,976811,mucs2021,none,clean,eval,0.9983495473861694
${DATA_ROOT}/clips/976811_t4ui2WmNjBa2OlEW_0011.wav,bonafide,hi-en,976811,mucs2021,none,clean,eval,0.999708354473114
${DATA_ROOT}/clips/976811_t4ui2WmNjBa2OlEW_0012.wav,bonafide,hi-en,976811,mucs2021,none,clean,eval,0.9910318851470947
${DATA_ROOT}/clips/976811_t4ui2WmNjBa2OlEW_0013.wav,bonafide,hi-en,976811,mucs2021,none,clean,eval,0.9993630051612854
${DATA_ROOT}/clips/976811_t4ui2WmNjBa2OlEW_0014.wav,bonafide,hi-en,976811,mucs2021,none,clean,eval,0.9997938275337219
${DATA_ROOT}/clips/976811_t4ui2WmNjBa2OlEW_0015.wav,bonafide,hi-en,976811,mucs2021,none,clean,eval,0.9995848536491394
${DATA_ROOT}/clips/976811_t4ui2WmNjBa2OlEW_0016.wav,bonafide,hi-en,976811,mucs2021,none,clean,eval,0.9996192455291748
${DATA_ROOT}/clips/976811_t4ui2WmNjBa2OlEW_0017.wav,bonafide,hi-en,976811,mucs2021,none,clean,eval,0.9995137453079224
${DATA_ROOT}/clips/976811_t4ui2WmNjBa2OlEW_0018.wav,bonafide,hi-en,976811,mucs2021,none,clean,eval,0.9986341595649719
${DATA_ROOT}/clips/976811_t4ui2WmNjBa2OlEW_0019.wav,bonafide,hi-en,976811,mucs2021,none,clean,eval,0.9993869066238403
${DATA_ROOT}/clips/976811_t4ui2WmNjBa2OlEW_0020.wav,bonafide,hi-en,976811,mucs2021,none,clean,eval,0.9995425939559937
${DATA_ROOT}/clips/976811_t4ui2WmNjBa2OlEW_0021.wav,bonafide,hi-en,976811,mucs2021,none,clean,eval,0.9859288334846497
${DATA_ROOT}/clips/976811_t4ui2WmNjBa2OlEW_0022.wav,bonafide,hi-en,976811,mucs2021,none,clean,eval,0.9997633099555969
${DATA_ROOT}/clips/976811_t4ui2WmNjBa2OlEW_0023.wav,bonafide,hi-en,976811,mucs2021,none,clean,eval,0.9996680021286011
${DATA_ROOT}/clips/976811_t4ui2WmNjBa2OlEW_0024.wav,bonafide,hi-en,976811,mucs2021,none,clean,eval,0.9995856881141663
${DATA_ROOT}/clips/976811_t4ui2WmNjBa2OlEW_0025.wav,bonafide,hi-en,976811,mucs2021,none,clean,eval,0.4671936333179474
${DATA_ROOT}/clips/976811_t4ui2WmNjBa2OlEW_0026.wav,bonafide,hi-en,976811,mucs2021,none,clean,eval,0.999704897403717
${DATA_ROOT}/clips/976811_t4ui2WmNjBa2OlEW_0027.wav,bonafide,hi-en,976811,mucs2021,none,clean,eval,0.999665379524231
${DATA_ROOT}/clips/976811_t4ui2WmNjBa2OlEW_0028.wav,bonafide,hi-en,976811,mucs2021,none,clean,eval,0.9835125803947449
${DATA_ROOT}/clips/976811_t4ui2WmNjBa2OlEW_0029.wav,bonafide,hi-en,976811,mucs2021,none,clean,eval,0.999211311340332
${DATA_ROOT}/clips/976811_t4ui2WmNjBa2OlEW_0030.wav,bonafide,hi-en,976811,mucs2021,none,clean,eval,0.999276340007782
${DATA_ROOT}/clips/976811_t4ui2WmNjBa2OlEW_0031.wav,bonafide,hi-en,976811,mucs2021,none,clean,eval,0.9990485310554504
${DATA_ROOT}/clips/976811_t4ui2WmNjBa2OlEW_0032.wav,bonafide,hi-en,976811,mucs2021,none,clean,eval,0.9997877478599548
${DATA_ROOT}/clips/976811_t4ui2WmNjBa2OlEW_0033.wav,bonafide,hi-en,976811,mucs2021,none,clean,eval,0.9996094107627869
${DATA_ROOT}/clips/976811_t4ui2WmNjBa2OlEW_0034.wav,bonafide,hi-en,976811,mucs2021,none,clean,eval,0.9995414018630981
${DATA_ROOT}/clips/976811_t4ui2WmNjBa2OlEW_0035.wav,bonafide,hi-en,976811,mucs2021,none,clean,eval,0.9996139407157898
${DATA_ROOT}/clips/976811_t4ui2WmNjBa2OlEW_0036.wav,bonafide,hi-en,976811,mucs2021,none,clean,eval,0.9994717240333557
${DATA_ROOT}/clips/976811_t4ui2WmNjBa2OlEW_0037.wav,bonafide,hi-en,976811,mucs2021,none,clean,eval,0.9990414977073669
${DATA_ROOT}/clips/976811_t4ui2WmNjBa2OlEW_0038.wav,bonafide,hi-en,976811,mucs2021,none,clean,eval,0.9998167157173157
${DATA_ROOT}/clips/976811_t4ui2WmNjBa2OlEW_0039.wav,bonafide,hi-en,976811,mucs2021,none,clean,eval,0.9996267557144165
${DATA_ROOT}/clips/976811_t4ui2WmNjBa2OlEW_0040.wav,bonafide,hi-en,976811,mucs2021,none,clean,eval,0.9995797276496887
${DATA_ROOT}/clips/976811_t4ui2WmNjBa2OlEW_0041.wav,bonafide,hi-en,976811,mucs2021,none,clean,eval,0.9995808005332947
${DATA_ROOT}/clips/976811_t4ui2WmNjBa2OlEW_0042.wav,bonafide,hi-en,976811,mucs2021,none,clean,eval,0.9959477782249451
${DATA_ROOT}/clips/976811_t4ui2WmNjBa2OlEW_0043.wav,bonafide,hi-en,976811,mucs2021,none,clean,eval,0.9995648264884949
${DATA_ROOT}/clips/976811_t4ui2WmNjBa2OlEW_0044.wav,bonafide,hi-en,976811,mucs2021,none,clean,eval,0.998160183429718
${DATA_ROOT}/clips/976811_t4ui2WmNjBa2OlEW_0045.wav,bonafide,hi-en,976811,mucs2021,none,clean,eval,0.9997783303260803
${DATA_ROOT}/clips/976811_t4ui2WmNjBa2OlEW_0046.wav,bonafide,hi-en,976811,mucs2021,none,clean,eval,0.992613673210144
${DATA_ROOT}/clips/976811_t4ui2WmNjBa2OlEW_0047.wav,bonafide,hi-en,976811,mucs2021,none,clean,eval,0.9996466636657715
${DATA_ROOT}/clips/976811_t4ui2WmNjBa2OlEW_0048.wav,bonafide,hi-en,976811,mucs2021,none,clean,eval,0.9991305470466614
${DATA_ROOT}/clips/976811_t4ui2WmNjBa2OlEW_0049.wav,bonafide,hi-en,976811,mucs2021,none,clean,eval,0.9996302127838135
${DATA_ROOT}/clips/976811_t4ui2WmNjBa2OlEW_0050.wav,bonafide,hi-en,976811,mucs2021,none,clean,eval,0.9993987083435059
${DATA_ROOT}/clips/976811_t4ui2WmNjBa2OlEW_0051.wav,bonafide,hi-en,976811,mucs2021,none,clean,eval,0.9991025924682617
${DATA_ROOT}/clips/976811_t4ui2WmNjBa2OlEW_0052.wav,bonafide,hi-en,976811,mucs2021,none,clean,eval,0.9429875612258911
${DATA_ROOT}/clips/976811_t4ui2WmNjBa2OlEW_0053.wav,bonafide,hi-en,976811,mucs2021,none,clean,eval,0.9992501139640808
${DATA_ROOT}/clips/976811_t4ui2WmNjBa2OlEW_0054.wav,bonafide,hi-en,976811,mucs2021,none,clean,eval,0.9996305704116821
${DATA_ROOT}/clips/976811_t4ui2WmNjBa2OlEW_0055.wav,bonafide,hi-en,976811,mucs2021,none,clean,eval,0.9996330738067627
${DATA_ROOT}/clips/976811_t4ui2WmNjBa2OlEW_0056.wav,bonafide,hi-en,976811,mucs2021,none,clean,eval,0.9995369911193848
${DATA_ROOT}/clips/976811_t4ui2WmNjBa2OlEW_0057.wav,bonafide,hi-en,976811,mucs2021,none,clean,eval,0.9989398121833801
${DATA_ROOT}/clips/976811_t4ui2WmNjBa2OlEW_0058.wav,bonafide,hi-en,976811,mucs2021,none,clean,eval,0.9994480013847351
${DATA_ROOT}/clips/976811_t4ui2WmNjBa2OlEW_0059.wav,bonafide,hi-en,976811,mucs2021,none,clean,eval,0.9994533658027649
${DATA_ROOT}/clips/976811_t4ui2WmNjBa2OlEW_0060.wav,bonafide,hi-en,976811,mucs2021,none,clean,eval,0.9987737536430359
${DATA_ROOT}/clips/976811_t4ui2WmNjBa2OlEW_0061.wav,bonafide,hi-en,976811,mucs2021,none,clean,eval,0.9996851682662964
${DATA_ROOT}/clips/976811_t4ui2WmNjBa2OlEW_0062.wav,bonafide,hi-en,976811,mucs2021,none,clean,eval,0.9996405839920044
${DATA_ROOT}/clips/976811_t4ui2WmNjBa2OlEW_0063.wav,bonafide,hi-en,976811,mucs2021,none,clean,eval,0.9993461966514587
${DATA_ROOT}/clips/976811_t4ui2WmNjBa2OlEW_0064.wav,bonafide,hi-en,976811,mucs2021,none,clean,eval,0.999667763710022
${DATA_ROOT}/clips/976811_t4ui2WmNjBa2OlEW_0065.wav,bonafide,hi-en,976811,mucs2021,none,clean,eval,0.9997178912162781
${DATA_ROOT}/clips/976811_t4ui2WmNjBa2OlEW_0066.wav,bonafide,hi-en,976811,mucs2021,none,clean,eval,0.9994760155677795
${DATA_ROOT}/clips/976811_t4ui2WmNjBa2OlEW_0067.wav,bonafide,hi-en,976811,mucs2021,none,clean,eval,0.9996652603149414
${DATA_ROOT}/clips/976811_t4ui2WmNjBa2OlEW_0068.wav,bonafide,hi-en,976811,mucs2021,none,clean,eval,0.9969846606254578
${DATA_ROOT}/clips/976811_t4ui2WmNjBa2OlEW_0069.wav,bonafide,hi-en,976811,mucs2021,none,clean,eval,0.999479353427887
${DATA_ROOT}/clips/976811_t4ui2WmNjBa2OlEW_0070.wav,bonafide,hi-en,976811,mucs2021,none,clean,eval,0.9996647834777832
${DATA_ROOT}/clips/976811_t4ui2WmNjBa2OlEW_0071.wav,bonafide,hi-en,976811,mucs2021,none,clean,eval,0.9992979764938354
${DATA_ROOT}/clips/976811_t4ui2WmNjBa2OlEW_0072.wav,bonafide,hi-en,976811,mucs2021,none,clean,eval,0.9995760321617126
${DATA_ROOT}/clips/976811_t4ui2WmNjBa2OlEW_0073.wav,bonafide,hi-en,976811,mucs2021,none,clean,eval,0.999721109867096
${DATA_ROOT}/clips/976811_t4ui2WmNjBa2OlEW_0074.wav,bonafide,hi-en,976811,mucs2021,none,clean,eval,0.9996579885482788
${DATA_ROOT}/clips/976811_t4ui2WmNjBa2OlEW_0075.wav,bonafide,hi-en,976811,mucs2021,none,clean,eval,0.9995916485786438
${DATA_ROOT}/clips/976811_t4ui2WmNjBa2OlEW_0076.wav,bonafide,hi-en,976811,mucs2021,none,clean,eval,0.9970206618309021
${DATA_ROOT}/clips/976811_t4ui2WmNjBa2OlEW_0077.wav,bonafide,hi-en,976811,mucs2021,none,clean,eval,0.9992737174034119
${DATA_ROOT}/clips/976811_t4ui2WmNjBa2OlEW_0078.wav,bonafide,hi-en,976811,mucs2021,none,clean,eval,0.9993982315063477
${DATA_ROOT}/clips/976811_t4ui2WmNjBa2OlEW_0079.wav,bonafide,hi-en,976811,mucs2021,none,clean,eval,0.9994602799415588
${DATA_ROOT}/clips/976811_t4ui2WmNjBa2OlEW_0080.wav,bonafide,hi-en,976811,mucs2021,none,clean,eval,0.999426007270813
${DATA_ROOT}/clips/976811_t4ui2WmNjBa2OlEW_0081.wav,bonafide,hi-en,976811,mucs2021,none,clean,eval,0.9995662569999695
${DATA_ROOT}/clips/976811_t4ui2WmNjBa2OlEW_0082.wav,bonafide,hi-en,976811,mucs2021,none,clean,eval,0.9996719360351562
${DATA_ROOT}/clips/976811_t4ui2WmNjBa2OlEW_0083.wav,bonafide,hi-en,976811,mucs2021,none,clean,eval,0.9982548356056213
${DATA_ROOT}/clips/976811_t4ui2WmNjBa2OlEW_0084.wav,bonafide,hi-en,976811,mucs2021,none,clean,eval,0.9993401169776917
${DATA_ROOT}/clips/976811_t4ui2WmNjBa2OlEW_0085.wav,bonafide,hi-en,976811,mucs2021,none,clean,eval,0.9993932247161865
${DATA_ROOT}/clips/976811_t4ui2WmNjBa2OlEW_0086.wav,bonafide,hi-en,976811,mucs2021,none,clean,eval,0.9995383024215698
${DATA_ROOT}/clips/976811_t4ui2WmNjBa2OlEW_0087.wav,bonafide,hi-en,976811,mucs2021,none,clean,eval,0.9997133612632751
${DATA_ROOT}/clips/976811_t4ui2WmNjBa2OlEW_0088.wav,bonafide,hi-en,976811,mucs2021,none,clean,eval,0.032450176775455475
${DATA_ROOT}/clips/976811_t4ui2WmNjBa2OlEW_0089.wav,bonafide,hi-en,976811,mucs2021,none,clean,eval,0.9995170831680298
${DATA_ROOT}/clips/976811_t4ui2WmNjBa2OlEW_0090.wav,bonafide,hi-en,976811,mucs2021,none,clean,eval,0.9992720484733582
${DATA_ROOT}/clips/976811_t4ui2WmNjBa2OlEW_0091.wav,bonafide,hi-en,976811,mucs2021,none,clean,eval,0.9987779259681702
${DATA_ROOT}/clips/976811_t4ui2WmNjBa2OlEW_0092.wav,bonafide,hi-en,976811,mucs2021,none,clean,eval,0.1912752389907837
${DATA_ROOT}/clips/976811_t4ui2WmNjBa2OlEW_0093.wav,bonafide,hi-en,976811,mucs2021,none,clean,eval,0.9990181922912598
${DATA_ROOT}/clips/976811_t4ui2WmNjBa2OlEW_0094.wav,bonafide,hi-en,976811,mucs2021,none,clean,eval,0.999536395072937
${DATA_ROOT}/clips/976811_t4ui2WmNjBa2OlEW_0095.wav,bonafide,hi-en,976811,mucs2021,none,clean,eval,0.9992609620094299
${DATA_ROOT}/clips/976811_t4ui2WmNjBa2OlEW_0096.wav,bonafide,hi-en,976811,mucs2021,none,clean,eval,0.8407597541809082
${DATA_ROOT}/clips/976811_t4ui2WmNjBa2OlEW_0097.wav,bonafide,hi-en,976811,mucs2021,none,clean,eval,0.9759750366210938
${DATA_ROOT}/clips/976811_t4ui2WmNjBa2OlEW_0098.wav,bonafide,hi-en,976811,mucs2021,none,clean,eval,0.9989091157913208
${DATA_ROOT}/cm04/cm04_outputs/tortoise_111627_00001.wav,spoof,hi-en,111627,cm04,tortoise,clean,eval,0.9975013136863708
${DATA_ROOT}/cm04/cm04_outputs/tortoise_121073_00002.wav,spoof,hi-en,121073,cm04,tortoise,clean,eval,0.9992610812187195
${DATA_ROOT}/cm04/cm04_outputs/tortoise_136325_00003.wav,spoof,hi-en,136325,cm04,tortoise,clean,eval,0.9998469352722168
${DATA_ROOT}/cm04/cm04_outputs/tortoise_146859_00004.wav,spoof,hi-en,146859,cm04,tortoise,clean,eval,0.0009955704445019364
${DATA_ROOT}/cm04/cm04_outputs/tortoise_165325_00005.wav,spoof,hi-en,165325,cm04,tortoise,clean,eval,0.9973728656768799
${DATA_ROOT}/cm04/cm04_outputs/tortoise_175522_00006.wav,spoof,hi-en,175522,cm04,tortoise,clean,eval,0.9995280504226685
${DATA_ROOT}/cm04/cm04_outputs/tortoise_232748_00007.wav,spoof,hi-en,232748,cm04,tortoise,clean,eval,0.9988038539886475
${DATA_ROOT}/cm04/cm04_outputs/tortoise_238121_00008.wav,spoof,hi-en,238121,cm04,tortoise,clean,eval,0.9996587038040161
${DATA_ROOT}/cm04/cm04_outputs/tortoise_386410_00009.wav,spoof,hi-en,386410,cm04,tortoise,clean,eval,0.9989583492279053
${DATA_ROOT}/cm04/cm04_outputs/tortoise_541916_00010.wav,spoof,hi-en,541916,cm04,tortoise,clean,eval,0.9972948431968689
${DATA_ROOT}/cm04/cm04_outputs/tortoise_577537_00011.wav,spoof,hi-en,577537,cm04,tortoise,clean,eval,0.9849119186401367
${DATA_ROOT}/cm04/cm04_outputs/tortoise_581145_00012.wav,spoof,hi-en,581145,cm04,tortoise,clean,eval,0.989081621170044
${DATA_ROOT}/cm04/cm04_outputs/tortoise_596505_00013.wav,spoof,hi-en,596505,cm04,tortoise,clean,eval,0.9987607002258301
${DATA_ROOT}/cm04/cm04_outputs/tortoise_945728_00014.wav,spoof,hi-en,945728,cm04,tortoise,clean,eval,0.9979670643806458
${DATA_ROOT}/cm04/cm04_outputs/tortoise_976811_00015.wav,spoof,hi-en,976811,cm04,tortoise,clean,eval,0.9964104294776917
${DATA_ROOT}/cm04/cm04_outputs/tortoise_111627_00016.wav,spoof,hi-en,111627,cm04,tortoise,clean,eval,0.9986388087272644
${DATA_ROOT}/cm04/cm04_outputs/tortoise_121073_00017.wav,spoof,hi-en,121073,cm04,tortoise,clean,eval,0.999638557434082
${DATA_ROOT}/cm04/cm04_outputs/tortoise_146859_00019.wav,spoof,hi-en,146859,cm04,tortoise,clean,eval,0.9986286163330078
${DATA_ROOT}/cm04/cm04_outputs/tortoise_165325_00020.wav,spoof,hi-en,165325,cm04,tortoise,clean,eval,0.9912458062171936
${DATA_ROOT}/cm04/cm04_outputs/tortoise_175522_00021.wav,spoof,hi-en,175522,cm04,tortoise,clean,eval,0.927510678768158
${DATA_ROOT}/cm04/cm04_outputs/tortoise_232748_00022.wav,spoof,hi-en,232748,cm04,tortoise,clean,eval,0.998785674571991
${DATA_ROOT}/cm04/cm04_outputs/tortoise_238121_00023.wav,spoof,hi-en,238121,cm04,tortoise,clean,eval,0.04773208126425743
${DATA_ROOT}/cm04/cm04_outputs/tortoise_386410_00024.wav,spoof,hi-en,386410,cm04,tortoise,clean,eval,0.9947433471679688
${DATA_ROOT}/cm04/cm04_outputs/tortoise_541916_00025.wav,spoof,hi-en,541916,cm04,tortoise,clean,eval,0.6127598881721497
${DATA_ROOT}/cm04/cm04_outputs/tortoise_577537_00026.wav,spoof,hi-en,577537,cm04,tortoise,clean,eval,0.9979386925697327
${DATA_ROOT}/cm04/cm04_outputs/tortoise_581145_00027.wav,spoof,hi-en,581145,cm04,tortoise,clean,eval,0.9711406230926514
${DATA_ROOT}/cm04/cm04_outputs/tortoise_596505_00028.wav,spoof,hi-en,596505,cm04,tortoise,clean,eval,0.998257577419281
${DATA_ROOT}/cm04/cm04_outputs/tortoise_945728_00029.wav,spoof,hi-en,945728,cm04,tortoise,clean,eval,0.3360212445259094
${DATA_ROOT}/cm04/cm04_outputs/tortoise_976811_00030.wav,spoof,hi-en,976811,cm04,tortoise,clean,eval,0.0015410645864903927
${DATA_ROOT}/cm04/cm04_outputs/tortoise_111627_00031.wav,spoof,hi-en,111627,cm04,tortoise,clean,eval,0.995376467704773
${DATA_ROOT}/cm04/cm04_outputs/tortoise_121073_00032.wav,spoof,hi-en,121073,cm04,tortoise,clean,eval,0.9989466071128845
${DATA_ROOT}/cm04/cm04_outputs/tortoise_146859_00034.wav,spoof,hi-en,146859,cm04,tortoise,clean,eval,0.014190993271768093
${DATA_ROOT}/cm04/cm04_outputs/tortoise_165325_00035.wav,spoof,hi-en,165325,cm04,tortoise,clean,eval,0.9751359224319458
${DATA_ROOT}/cm04/cm04_outputs/tortoise_175522_00036.wav,spoof,hi-en,175522,cm04,tortoise,clean,eval,0.9980985522270203
${DATA_ROOT}/cm04/cm04_outputs/tortoise_232748_00037.wav,spoof,hi-en,232748,cm04,tortoise,clean,eval,0.9956146478652954
${DATA_ROOT}/cm04/cm04_outputs/tortoise_238121_00038.wav,spoof,hi-en,238121,cm04,tortoise,clean,eval,0.9992117881774902
${DATA_ROOT}/cm04/cm04_outputs/tortoise_386410_00039.wav,spoof,hi-en,386410,cm04,tortoise,clean,eval,0.9971994161605835
${DATA_ROOT}/cm04/cm04_outputs/tortoise_577537_00041.wav,spoof,hi-en,577537,cm04,tortoise,clean,eval,0.9994390606880188
${DATA_ROOT}/cm04/cm04_outputs/tortoise_596505_00043.wav,spoof,hi-en,596505,cm04,tortoise,clean,eval,0.9993459582328796
${DATA_ROOT}/cm04/cm04_outputs/tortoise_945728_00044.wav,spoof,hi-en,945728,cm04,tortoise,clean,eval,0.9893640279769897
${DATA_ROOT}/cm04/cm04_outputs/tortoise_976811_00045.wav,spoof,hi-en,976811,cm04,tortoise,clean,eval,0.9994237422943115
${DATA_ROOT}/cm04/cm04_outputs/tortoise_111627_00046.wav,spoof,hi-en,111627,cm04,tortoise,clean,eval,0.9985771179199219
${DATA_ROOT}/cm04/cm04_outputs/tortoise_121073_00047.wav,spoof,hi-en,121073,cm04,tortoise,clean,eval,0.9986991882324219
${DATA_ROOT}/cm04/cm04_outputs/tortoise_136325_00048.wav,spoof,hi-en,136325,cm04,tortoise,clean,eval,0.9979159235954285
${DATA_ROOT}/cm04/cm04_outputs/tortoise_146859_00049.wav,spoof,hi-en,146859,cm04,tortoise,clean,eval,0.8023733496665955
${DATA_ROOT}/cm04/cm04_outputs/tortoise_165325_00050.wav,spoof,hi-en,165325,cm04,tortoise,clean,eval,0.9985670447349548
${DATA_ROOT}/cm04/cm04_outputs/tortoise_175522_00051.wav,spoof,hi-en,175522,cm04,tortoise,clean,eval,0.9994008541107178
${DATA_ROOT}/cm04/cm04_outputs/tortoise_232748_00052.wav,spoof,hi-en,232748,cm04,tortoise,clean,eval,0.9959855675697327
${DATA_ROOT}/cm04/cm04_outputs/tortoise_238121_00053.wav,spoof,hi-en,238121,cm04,tortoise,clean,eval,0.014040248468518257
${DATA_ROOT}/cm04/cm04_outputs/tortoise_386410_00054.wav,spoof,hi-en,386410,cm04,tortoise,clean,eval,0.001573600573465228
${DATA_ROOT}/cm04/cm04_outputs/tortoise_541916_00055.wav,spoof,hi-en,541916,cm04,tortoise,clean,eval,0.9924598336219788
${DATA_ROOT}/cm04/cm04_outputs/tortoise_577537_00056.wav,spoof,hi-en,577537,cm04,tortoise,clean,eval,0.9988699555397034
${DATA_ROOT}/cm04/cm04_outputs/tortoise_581145_00057.wav,spoof,hi-en,581145,cm04,tortoise,clean,eval,0.9955096244812012
${DATA_ROOT}/cm04/cm04_outputs/tortoise_596505_00058.wav,spoof,hi-en,596505,cm04,tortoise,clean,eval,0.9897812604904175
${DATA_ROOT}/cm04/cm04_outputs/tortoise_945728_00059.wav,spoof,hi-en,945728,cm04,tortoise,clean,eval,0.9791499972343445
${DATA_ROOT}/cm04/cm04_outputs/tortoise_976811_00060.wav,spoof,hi-en,976811,cm04,tortoise,clean,eval,0.9989142417907715
${DATA_ROOT}/cm04/cm04_outputs/tortoise_111627_00061.wav,spoof,hi-en,111627,cm04,tortoise,clean,eval,0.9981766939163208
${DATA_ROOT}/cm04/cm04_outputs/tortoise_121073_00062.wav,spoof,hi-en,121073,cm04,tortoise,clean,eval,0.998700737953186
${DATA_ROOT}/cm04/cm04_outputs/tortoise_136325_00063.wav,spoof,hi-en,136325,cm04,tortoise,clean,eval,0.9995514750480652
${DATA_ROOT}/cm04/cm04_outputs/tortoise_146859_00064.wav,spoof,hi-en,146859,cm04,tortoise,clean,eval,0.009452098049223423
${DATA_ROOT}/cm04/cm04_outputs/tortoise_165325_00065.wav,spoof,hi-en,165325,cm04,tortoise,clean,eval,0.9988020658493042
${DATA_ROOT}/cm04/cm04_outputs/tortoise_175522_00066.wav,spoof,hi-en,175522,cm04,tortoise,clean,eval,0.999151349067688
${DATA_ROOT}/cm04/cm04_outputs/tortoise_232748_00067.wav,spoof,hi-en,232748,cm04,tortoise,clean,eval,0.3147731423377991
${DATA_ROOT}/cm04/cm04_outputs/tortoise_238121_00068.wav,spoof,hi-en,238121,cm04,tortoise,clean,eval,0.9962185025215149
${DATA_ROOT}/cm04/cm04_outputs/tortoise_386410_00069.wav,spoof,hi-en,386410,cm04,tortoise,clean,eval,0.9961268305778503
${DATA_ROOT}/cm04/cm04_outputs/tortoise_541916_00070.wav,spoof,hi-en,541916,cm04,tortoise,clean,eval,0.029298407956957817
${DATA_ROOT}/cm04/cm04_outputs/tortoise_577537_00071.wav,spoof,hi-en,577537,cm04,tortoise,clean,eval,0.9980353713035583
${DATA_ROOT}/cm04/cm04_outputs/tortoise_581145_00072.wav,spoof,hi-en,581145,cm04,tortoise,clean,eval,0.9995111227035522
${DATA_ROOT}/cm04/cm04_outputs/tortoise_596505_00073.wav,spoof,hi-en,596505,cm04,tortoise,clean,eval,0.9987363219261169
${DATA_ROOT}/cm04/cm04_outputs/tortoise_945728_00074.wav,spoof,hi-en,945728,cm04,tortoise,clean,eval,0.9908902049064636
${DATA_ROOT}/cm04/cm04_outputs/tortoise_976811_00075.wav,spoof,hi-en,976811,cm04,tortoise,clean,eval,0.9938459992408752
${DATA_ROOT}/cm04/cm04_outputs/tortoise_111627_00076.wav,spoof,hi-en,111627,cm04,tortoise,clean,eval,0.000829782395157963
${DATA_ROOT}/cm04/cm04_outputs/tortoise_121073_00077.wav,spoof,hi-en,121073,cm04,tortoise,clean,eval,0.9994919300079346
${DATA_ROOT}/cm04/cm04_outputs/tortoise_146859_00079.wav,spoof,hi-en,146859,cm04,tortoise,clean,eval,0.8621929287910461
${DATA_ROOT}/cm04/cm04_outputs/tortoise_165325_00080.wav,spoof,hi-en,165325,cm04,tortoise,clean,eval,0.0009132013656198978
${DATA_ROOT}/cm04/cm04_outputs/tortoise_175522_00081.wav,spoof,hi-en,175522,cm04,tortoise,clean,eval,0.9991481304168701
${DATA_ROOT}/cm04/cm04_outputs/tortoise_232748_00082.wav,spoof,hi-en,232748,cm04,tortoise,clean,eval,0.9987416863441467
${DATA_ROOT}/cm04/cm04_outputs/tortoise_238121_00083.wav,spoof,hi-en,238121,cm04,tortoise,clean,eval,0.9987046718597412
${DATA_ROOT}/cm04/cm04_outputs/tortoise_386410_00084.wav,spoof,hi-en,386410,cm04,tortoise,clean,eval,0.9989423155784607
${DATA_ROOT}/cm04/cm04_outputs/tortoise_541916_00085.wav,spoof,hi-en,541916,cm04,tortoise,clean,eval,0.9989532232284546
${DATA_ROOT}/cm04/cm04_outputs/tortoise_577537_00086.wav,spoof,hi-en,577537,cm04,tortoise,clean,eval,0.9986464381217957
${DATA_ROOT}/cm04/cm04_outputs/tortoise_581145_00087.wav,spoof,hi-en,581145,cm04,tortoise,clean,eval,0.9992462396621704
${DATA_ROOT}/cm04/cm04_outputs/tortoise_596505_00088.wav,spoof,hi-en,596505,cm04,tortoise,clean,eval,0.9986544847488403
${DATA_ROOT}/cm04/cm04_outputs/tortoise_945728_00089.wav,spoof,hi-en,945728,cm04,tortoise,clean,eval,0.000836519873701036
${DATA_ROOT}/cm04/cm04_outputs/tortoise_976811_00090.wav,spoof,hi-en,976811,cm04,tortoise,clean,eval,0.9955501556396484
${DATA_ROOT}/cm04/cm04_outputs/tortoise_111627_00091.wav,spoof,hi-en,111627,cm04,tortoise,clean,eval,0.9959480166435242
${DATA_ROOT}/cm04/cm04_outputs/tortoise_121073_00092.wav,spoof,hi-en,121073,cm04,tortoise,clean,eval,0.9995524287223816
${DATA_ROOT}/cm04/cm04_outputs/tortoise_146859_00094.wav,spoof,hi-en,146859,cm04,tortoise,clean,eval,0.9369640350341797
${DATA_ROOT}/cm04/cm04_outputs/tortoise_165325_00095.wav,spoof,hi-en,165325,cm04,tortoise,clean,eval,0.9991716146469116
${DATA_ROOT}/cm04/cm04_outputs/tortoise_175522_00096.wav,spoof,hi-en,175522,cm04,tortoise,clean,eval,0.9981901049613953
${DATA_ROOT}/cm04/cm04_outputs/tortoise_232748_00097.wav,spoof,hi-en,232748,cm04,tortoise,clean,eval,0.9976546168327332
${DATA_ROOT}/cm04/cm04_outputs/tortoise_238121_00098.wav,spoof,hi-en,238121,cm04,tortoise,clean,eval,0.9978341460227966
${DATA_ROOT}/cm04/cm04_outputs/tortoise_386410_00099.wav,spoof,hi-en,386410,cm04,tortoise,clean,eval,0.9957513809204102
${DATA_ROOT}/cm04/cm04_outputs/tortoise_541916_00100.wav,spoof,hi-en,541916,cm04,tortoise,clean,eval,0.17518119513988495
${DATA_ROOT}/cm04/cm04_outputs/tortoise_577537_00101.wav,spoof,hi-en,577537,cm04,tortoise,clean,eval,0.9986488223075867
${DATA_ROOT}/cm04/cm04_outputs/tortoise_581145_00102.wav,spoof,hi-en,581145,cm04,tortoise,clean,eval,0.9988976716995239
${DATA_ROOT}/cm04/cm04_outputs/tortoise_596505_00103.wav,spoof,hi-en,596505,cm04,tortoise,clean,eval,0.9978318810462952
${DATA_ROOT}/cm04/cm04_outputs/tortoise_945728_00104.wav,spoof,hi-en,945728,cm04,tortoise,clean,eval,0.9988705515861511
${DATA_ROOT}/cm04/cm04_outputs/tortoise_976811_00105.wav,spoof,hi-en,976811,cm04,tortoise,clean,eval,0.9855535626411438
${DATA_ROOT}/cm04/cm04_outputs/tortoise_111627_00106.wav,spoof,hi-en,111627,cm04,tortoise,clean,eval,0.9995194673538208
${DATA_ROOT}/cm04/cm04_outputs/tortoise_121073_00107.wav,spoof,hi-en,121073,cm04,tortoise,clean,eval,0.9995571970939636
${DATA_ROOT}/cm04/cm04_outputs/tortoise_146859_00109.wav,spoof,hi-en,146859,cm04,tortoise,clean,eval,0.0013331319205462933
${DATA_ROOT}/cm04/cm04_outputs/tortoise_165325_00110.wav,spoof,hi-en,165325,cm04,tortoise,clean,eval,0.8718267679214478
${DATA_ROOT}/cm04/cm04_outputs/tortoise_175522_00111.wav,spoof,hi-en,175522,cm04,tortoise,clean,eval,0.9995285272598267
${DATA_ROOT}/cm04/cm04_outputs/tortoise_232748_00112.wav,spoof,hi-en,232748,cm04,tortoise,clean,eval,0.9993940591812134
${DATA_ROOT}/cm04/cm04_outputs/tortoise_386410_00114.wav,spoof,hi-en,386410,cm04,tortoise,clean,eval,0.998112678527832
${DATA_ROOT}/cm04/cm04_outputs/tortoise_541916_00115.wav,spoof,hi-en,541916,cm04,tortoise,clean,eval,0.9987578392028809
${DATA_ROOT}/cm04/cm04_outputs/tortoise_577537_00116.wav,spoof,hi-en,577537,cm04,tortoise,clean,eval,0.06443201005458832
${DATA_ROOT}/cm04/cm04_outputs/tortoise_581145_00117.wav,spoof,hi-en,581145,cm04,tortoise,clean,eval,0.999214768409729
${DATA_ROOT}/cm04/cm04_outputs/tortoise_596505_00118.wav,spoof,hi-en,596505,cm04,tortoise,clean,eval,0.9984190464019775
${DATA_ROOT}/cm04/cm04_outputs/tortoise_945728_00119.wav,spoof,hi-en,945728,cm04,tortoise,clean,eval,0.996880292892456
${DATA_ROOT}/cm04/cm04_outputs/tortoise_976811_00120.wav,spoof,hi-en,976811,cm04,tortoise,clean,eval,0.9881229996681213
${DATA_ROOT}/cm04/cm04_outputs/tortoise_111627_00121.wav,spoof,hi-en,111627,cm04,tortoise,clean,eval,0.9990788698196411
${DATA_ROOT}/cm04/cm04_outputs/tortoise_121073_00122.wav,spoof,hi-en,121073,cm04,tortoise,clean,eval,0.9996379613876343
${DATA_ROOT}/cm04/cm04_outputs/tortoise_146859_00124.wav,spoof,hi-en,146859,cm04,tortoise,clean,eval,0.9973733425140381
${DATA_ROOT}/cm04/cm04_outputs/tortoise_165325_00125.wav,spoof,hi-en,165325,cm04,tortoise,clean,eval,0.9889623522758484
${DATA_ROOT}/cm04/cm04_outputs/tortoise_175522_00126.wav,spoof,hi-en,175522,cm04,tortoise,clean,eval,0.9994062185287476
${DATA_ROOT}/cm04/cm04_outputs/tortoise_232748_00127.wav,spoof,hi-en,232748,cm04,tortoise,clean,eval,0.9983293414115906
${DATA_ROOT}/cm04/cm04_outputs/tortoise_238121_00128.wav,spoof,hi-en,238121,cm04,tortoise,clean,eval,0.0010107066482305527
${DATA_ROOT}/cm04/cm04_outputs/tortoise_386410_00129.wav,spoof,hi-en,386410,cm04,tortoise,clean,eval,0.02629416435956955
${DATA_ROOT}/cm04/cm04_outputs/tortoise_541916_00130.wav,spoof,hi-en,541916,cm04,tortoise,clean,eval,0.9981721639633179
${DATA_ROOT}/cm04/cm04_outputs/tortoise_577537_00131.wav,spoof,hi-en,577537,cm04,tortoise,clean,eval,0.9983680844306946
${DATA_ROOT}/cm04/cm04_outputs/tortoise_581145_00132.wav,spoof,hi-en,581145,cm04,tortoise,clean,eval,0.9498132467269897
${DATA_ROOT}/cm04/cm04_outputs/tortoise_596505_00133.wav,spoof,hi-en,596505,cm04,tortoise,clean,eval,0.998381495475769
${DATA_ROOT}/cm04/cm04_outputs/tortoise_945728_00134.wav,spoof,hi-en,945728,cm04,tortoise,clean,eval,0.7597886323928833
${DATA_ROOT}/cm04/cm04_outputs/tortoise_976811_00135.wav,spoof,hi-en,976811,cm04,tortoise,clean,eval,0.9964317083358765
${DATA_ROOT}/cm04/cm04_outputs/tortoise_111627_00136.wav,spoof,hi-en,111627,cm04,tortoise,clean,eval,0.0003468648064881563
${DATA_ROOT}/cm04/cm04_outputs/tortoise_121073_00137.wav,spoof,hi-en,121073,cm04,tortoise,clean,eval,0.9995226860046387
${DATA_ROOT}/cm04/cm04_outputs/tortoise_136325_00138.wav,spoof,hi-en,136325,cm04,tortoise,clean,eval,0.9992191791534424
${DATA_ROOT}/cm04/cm04_outputs/tortoise_146859_00139.wav,spoof,hi-en,146859,cm04,tortoise,clean,eval,0.9952693581581116
${DATA_ROOT}/cm04/cm04_outputs/tortoise_165325_00140.wav,spoof,hi-en,165325,cm04,tortoise,clean,eval,0.010737071745097637
${DATA_ROOT}/cm04/cm04_outputs/tortoise_175522_00141.wav,spoof,hi-en,175522,cm04,tortoise,clean,eval,0.9942514896392822
${DATA_ROOT}/cm04/cm04_outputs/tortoise_232748_00142.wav,spoof,hi-en,232748,cm04,tortoise,clean,eval,0.9906264543533325
${DATA_ROOT}/cm04/cm04_outputs/tortoise_238121_00143.wav,spoof,hi-en,238121,cm04,tortoise,clean,eval,0.0012005228782072663
${DATA_ROOT}/cm04/cm04_outputs/tortoise_386410_00144.wav,spoof,hi-en,386410,cm04,tortoise,clean,eval,0.9995241165161133
${DATA_ROOT}/cm04/cm04_outputs/tortoise_541916_00145.wav,spoof,hi-en,541916,cm04,tortoise,clean,eval,0.9897017478942871
${DATA_ROOT}/cm04/cm04_outputs/tortoise_577537_00146.wav,spoof,hi-en,577537,cm04,tortoise,clean,eval,0.9971736669540405
${DATA_ROOT}/cm04/cm04_outputs/tortoise_581145_00147.wav,spoof,hi-en,581145,cm04,tortoise,clean,eval,0.011604622937738895
${DATA_ROOT}/cm04/cm04_outputs/tortoise_596505_00148.wav,spoof,hi-en,596505,cm04,tortoise,clean,eval,0.9698118567466736
${DATA_ROOT}/cm04/cm04_outputs/tortoise_945728_00149.wav,spoof,hi-en,945728,cm04,tortoise,clean,eval,0.9975783228874207
${DATA_ROOT}/cm04/cm04_outputs/tortoise_976811_00150.wav,spoof,hi-en,976811,cm04,tortoise,clean,eval,0.9980207681655884
${DATA_ROOT}/cm04/cm04_outputs/tortoise_111627_00151.wav,spoof,hi-en,111627,cm04,tortoise,clean,eval,0.9997629523277283
${DATA_ROOT}/cm04/cm04_outputs/tortoise_121073_00152.wav,spoof,hi-en,121073,cm04,tortoise,clean,eval,0.9994320273399353
${DATA_ROOT}/cm04/cm04_outputs/tortoise_136325_00153.wav,spoof,hi-en,136325,cm04,tortoise,clean,eval,0.761734664440155
${DATA_ROOT}/cm04/cm04_outputs/tortoise_146859_00154.wav,spoof,hi-en,146859,cm04,tortoise,clean,eval,0.0003896118432749063
${DATA_ROOT}/cm04/cm04_outputs/tortoise_165325_00155.wav,spoof,hi-en,165325,cm04,tortoise,clean,eval,0.00034974736627191305
${DATA_ROOT}/cm04/cm04_outputs/tortoise_175522_00156.wav,spoof,hi-en,175522,cm04,tortoise,clean,eval,0.9990335702896118
${DATA_ROOT}/cm04/cm04_outputs/tortoise_232748_00157.wav,spoof,hi-en,232748,cm04,tortoise,clean,eval,0.9987379908561707
${DATA_ROOT}/cm04/cm04_outputs/tortoise_238121_00158.wav,spoof,hi-en,238121,cm04,tortoise,clean,eval,0.15021714568138123
${DATA_ROOT}/cm04/cm04_outputs/tortoise_386410_00159.wav,spoof,hi-en,386410,cm04,tortoise,clean,eval,0.9967945218086243
${DATA_ROOT}/cm04/cm04_outputs/tortoise_541916_00160.wav,spoof,hi-en,541916,cm04,tortoise,clean,eval,0.5969703197479248
${DATA_ROOT}/cm04/cm04_outputs/tortoise_577537_00161.wav,spoof,hi-en,577537,cm04,tortoise,clean,eval,0.9992159605026245
${DATA_ROOT}/cm04/cm04_outputs/tortoise_596505_00163.wav,spoof,hi-en,596505,cm04,tortoise,clean,eval,0.9995670914649963
${DATA_ROOT}/cm04/cm04_outputs/tortoise_945728_00164.wav,spoof,hi-en,945728,cm04,tortoise,clean,eval,0.0003823664446827024
${DATA_ROOT}/cm04/cm04_outputs/tortoise_976811_00165.wav,spoof,hi-en,976811,cm04,tortoise,clean,eval,0.0071726832538843155
${DATA_ROOT}/cm04/cm04_outputs/tortoise_111627_00166.wav,spoof,hi-en,111627,cm04,tortoise,clean,eval,0.9993091821670532
${DATA_ROOT}/cm04/cm04_outputs/tortoise_121073_00167.wav,spoof,hi-en,121073,cm04,tortoise,clean,eval,0.9997770190238953
${DATA_ROOT}/cm04/cm04_outputs/tortoise_136325_00168.wav,spoof,hi-en,136325,cm04,tortoise,clean,eval,0.9962654709815979
${DATA_ROOT}/cm04/cm04_outputs/tortoise_146859_00169.wav,spoof,hi-en,146859,cm04,tortoise,clean,eval,0.8313658833503723
${DATA_ROOT}/cm04/cm04_outputs/tortoise_165325_00170.wav,spoof,hi-en,165325,cm04,tortoise,clean,eval,0.8573649525642395
${DATA_ROOT}/cm04/cm04_outputs/tortoise_175522_00171.wav,spoof,hi-en,175522,cm04,tortoise,clean,eval,0.9976033568382263
${DATA_ROOT}/cm04/cm04_outputs/tortoise_232748_00172.wav,spoof,hi-en,232748,cm04,tortoise,clean,eval,0.9928265810012817
${DATA_ROOT}/cm04/cm04_outputs/tortoise_238121_00173.wav,spoof,hi-en,238121,cm04,tortoise,clean,eval,0.9989088773727417
${DATA_ROOT}/cm04/cm04_outputs/tortoise_386410_00174.wav,spoof,hi-en,386410,cm04,tortoise,clean,eval,0.9990531802177429
${DATA_ROOT}/cm04/cm04_outputs/tortoise_541916_00175.wav,spoof,hi-en,541916,cm04,tortoise,clean,eval,0.7979862689971924
${DATA_ROOT}/cm04/cm04_outputs/tortoise_577537_00176.wav,spoof,hi-en,577537,cm04,tortoise,clean,eval,0.9979977011680603
${DATA_ROOT}/cm04/cm04_outputs/tortoise_581145_00177.wav,spoof,hi-en,581145,cm04,tortoise,clean,eval,0.9990100860595703
${DATA_ROOT}/cm04/cm04_outputs/tortoise_596505_00178.wav,spoof,hi-en,596505,cm04,tortoise,clean,eval,0.9962871074676514
${DATA_ROOT}/cm04/cm04_outputs/tortoise_945728_00179.wav,spoof,hi-en,945728,cm04,tortoise,clean,eval,0.9960147142410278
${DATA_ROOT}/cm04/cm04_outputs/tortoise_976811_00180.wav,spoof,hi-en,976811,cm04,tortoise,clean,eval,0.9805566072463989
${DATA_ROOT}/cm04/cm04_outputs/tortoise_111627_00181.wav,spoof,hi-en,111627,cm04,tortoise,clean,eval,0.7995103597640991
${DATA_ROOT}/cm04/cm04_outputs/tortoise_121073_00182.wav,spoof,hi-en,121073,cm04,tortoise,clean,eval,0.0006682465318590403
${DATA_ROOT}/cm04/cm04_outputs/tortoise_136325_00183.wav,spoof,hi-en,136325,cm04,tortoise,clean,eval,0.9994961023330688
${DATA_ROOT}/cm04/cm04_outputs/tortoise_146859_00184.wav,spoof,hi-en,146859,cm04,tortoise,clean,eval,0.000838609179481864
${DATA_ROOT}/cm04/cm04_outputs/tortoise_165325_00185.wav,spoof,hi-en,165325,cm04,tortoise,clean,eval,0.20538786053657532
${DATA_ROOT}/cm04/cm04_outputs/tortoise_175522_00186.wav,spoof,hi-en,175522,cm04,tortoise,clean,eval,0.9991306662559509
${DATA_ROOT}/cm04/cm04_outputs/tortoise_232748_00187.wav,spoof,hi-en,232748,cm04,tortoise,clean,eval,0.9981817007064819
${DATA_ROOT}/cm04/cm04_outputs/tortoise_238121_00188.wav,spoof,hi-en,238121,cm04,tortoise,clean,eval,0.999622106552124
${DATA_ROOT}/cm04/cm04_outputs/tortoise_541916_00190.wav,spoof,hi-en,541916,cm04,tortoise,clean,eval,0.6363552212715149
${DATA_ROOT}/cm04/cm04_outputs/tortoise_596505_00193.wav,spoof,hi-en,596505,cm04,tortoise,clean,eval,0.998029887676239
${DATA_ROOT}/cm04/cm04_outputs/tortoise_945728_00194.wav,spoof,hi-en,945728,cm04,tortoise,clean,eval,0.0003869228239636868
${DATA_ROOT}/cm04/cm04_outputs/tortoise_976811_00195.wav,spoof,hi-en,976811,cm04,tortoise,clean,eval,0.9913262724876404
${DATA_ROOT}/cm04/cm04_outputs/tortoise_121073_00197.wav,spoof,hi-en,121073,cm04,tortoise,clean,eval,0.99952232837677
${DATA_ROOT}/cm04/cm04_outputs/tortoise_136325_00198.wav,spoof,hi-en,136325,cm04,tortoise,clean,eval,0.010974234901368618
${DATA_ROOT}/cm04/cm04_outputs/tortoise_146859_00199.wav,spoof,hi-en,146859,cm04,tortoise,clean,eval,0.0005298099131323397
${DATA_ROOT}/cm04/cm04_outputs/tortoise_165325_00200.wav,spoof,hi-en,165325,cm04,tortoise,clean,eval,0.9993283748626709
${DATA_ROOT}/cm04/cm04_outputs/tortoise_175522_00201.wav,spoof,hi-en,175522,cm04,tortoise,clean,eval,0.9994625449180603
${DATA_ROOT}/cm04/cm04_outputs/tortoise_232748_00202.wav,spoof,hi-en,232748,cm04,tortoise,clean,eval,0.9990057349205017
${DATA_ROOT}/cm04/cm04_outputs/tortoise_238121_00203.wav,spoof,hi-en,238121,cm04,tortoise,clean,eval,0.9973909258842468
${DATA_ROOT}/cm04/cm04_outputs/tortoise_386410_00204.wav,spoof,hi-en,386410,cm04,tortoise,clean,eval,0.9993942975997925
${DATA_ROOT}/cm04/cm04_outputs/tortoise_541916_00205.wav,spoof,hi-en,541916,cm04,tortoise,clean,eval,0.9994478821754456
${DATA_ROOT}/cm04/cm04_outputs/tortoise_577537_00206.wav,spoof,hi-en,577537,cm04,tortoise,clean,eval,0.9933685660362244
${DATA_ROOT}/cm04/cm04_outputs/tortoise_581145_00207.wav,spoof,hi-en,581145,cm04,tortoise,clean,eval,0.9807022213935852
${DATA_ROOT}/cm04/cm04_outputs/tortoise_596505_00208.wav,spoof,hi-en,596505,cm04,tortoise,clean,eval,0.0012118222657591105
${DATA_ROOT}/cm04/cm04_outputs/tortoise_945728_00209.wav,spoof,hi-en,945728,cm04,tortoise,clean,eval,0.998555600643158
${DATA_ROOT}/cm04/cm04_outputs/tortoise_976811_00210.wav,spoof,hi-en,976811,cm04,tortoise,clean,eval,0.9947898387908936
${DATA_ROOT}/cm04/cm04_outputs/tortoise_111627_00211.wav,spoof,hi-en,111627,cm04,tortoise,clean,eval,0.766751766204834
${DATA_ROOT}/cm04/cm04_outputs/tortoise_121073_00212.wav,spoof,hi-en,121073,cm04,tortoise,clean,eval,0.9376434087753296
${DATA_ROOT}/cm04/cm04_outputs/tortoise_146859_00214.wav,spoof,hi-en,146859,cm04,tortoise,clean,eval,0.0007880845805630088
${DATA_ROOT}/cm04/cm04_outputs/tortoise_165325_00215.wav,spoof,hi-en,165325,cm04,tortoise,clean,eval,0.010448182001709938
${DATA_ROOT}/cm04/cm04_outputs/tortoise_175522_00216.wav,spoof,hi-en,175522,cm04,tortoise,clean,eval,0.9210271835327148
${DATA_ROOT}/cm04/cm04_outputs/tortoise_232748_00217.wav,spoof,hi-en,232748,cm04,tortoise,clean,eval,0.9978273510932922
${DATA_ROOT}/cm04/cm04_outputs/tortoise_238121_00218.wav,spoof,hi-en,238121,cm04,tortoise,clean,eval,0.9448090195655823
${DATA_ROOT}/cm04/cm04_outputs/tortoise_386410_00219.wav,spoof,hi-en,386410,cm04,tortoise,clean,eval,0.9983626008033752
${DATA_ROOT}/cm04/cm04_outputs/tortoise_541916_00220.wav,spoof,hi-en,541916,cm04,tortoise,clean,eval,0.9989423155784607
${DATA_ROOT}/cm04/cm04_outputs/tortoise_577537_00221.wav,spoof,hi-en,577537,cm04,tortoise,clean,eval,0.984850287437439
${DATA_ROOT}/cm04/cm04_outputs/tortoise_581145_00222.wav,spoof,hi-en,581145,cm04,tortoise,clean,eval,0.998666524887085
${DATA_ROOT}/cm04/cm04_outputs/tortoise_596505_00223.wav,spoof,hi-en,596505,cm04,tortoise,clean,eval,0.9990801811218262
${DATA_ROOT}/cm04/cm04_outputs/tortoise_976811_00225.wav,spoof,hi-en,976811,cm04,tortoise,clean,eval,0.9199328422546387
${DATA_ROOT}/cm04/cm04_outputs/tortoise_111627_00226.wav,spoof,hi-en,111627,cm04,tortoise,clean,eval,0.9974278807640076
${DATA_ROOT}/cm04/cm04_outputs/tortoise_121073_00227.wav,spoof,hi-en,121073,cm04,tortoise,clean,eval,0.9986631870269775
${DATA_ROOT}/cm04/cm04_outputs/tortoise_136325_00228.wav,spoof,hi-en,136325,cm04,tortoise,clean,eval,0.9996910095214844
${DATA_ROOT}/cm04/cm04_outputs/tortoise_146859_00229.wav,spoof,hi-en,146859,cm04,tortoise,clean,eval,0.9969182014465332
${DATA_ROOT}/cm04/cm04_outputs/tortoise_165325_00230.wav,spoof,hi-en,165325,cm04,tortoise,clean,eval,0.9939098358154297
${DATA_ROOT}/cm04/cm04_outputs/tortoise_175522_00231.wav,spoof,hi-en,175522,cm04,tortoise,clean,eval,0.9996613264083862
${DATA_ROOT}/cm04/cm04_outputs/tortoise_232748_00232.wav,spoof,hi-en,232748,cm04,tortoise,clean,eval,0.9993769526481628
${DATA_ROOT}/cm04/cm04_outputs/tortoise_238121_00233.wav,spoof,hi-en,238121,cm04,tortoise,clean,eval,0.959961473941803
${DATA_ROOT}/cm04/cm04_outputs/tortoise_386410_00234.wav,spoof,hi-en,386410,cm04,tortoise,clean,eval,0.4054214060306549
${DATA_ROOT}/cm04/cm04_outputs/tortoise_541916_00235.wav,spoof,hi-en,541916,cm04,tortoise,clean,eval,0.07104647159576416
${DATA_ROOT}/cm04/cm04_outputs/tortoise_577537_00236.wav,spoof,hi-en,577537,cm04,tortoise,clean,eval,0.8485957384109497
${DATA_ROOT}/cm04/cm04_outputs/tortoise_581145_00237.wav,spoof,hi-en,581145,cm04,tortoise,clean,eval,0.0009749012533575296
${DATA_ROOT}/cm04/cm04_outputs/tortoise_596505_00238.wav,spoof,hi-en,596505,cm04,tortoise,clean,eval,0.9991477727890015
${DATA_ROOT}/cm04/cm04_outputs/tortoise_976811_00240.wav,spoof,hi-en,976811,cm04,tortoise,clean,eval,0.9889822602272034
${DATA_ROOT}/cm04/cm04_outputs/tortoise_111627_00241.wav,spoof,hi-en,111627,cm04,tortoise,clean,eval,0.9841271042823792
${DATA_ROOT}/cm04/cm04_outputs/tortoise_121073_00242.wav,spoof,hi-en,121073,cm04,tortoise,clean,eval,0.9994662404060364
${DATA_ROOT}/cm04/cm04_outputs/tortoise_146859_00244.wav,spoof,hi-en,146859,cm04,tortoise,clean,eval,0.0005066678277216852
${DATA_ROOT}/cm04/cm04_outputs/tortoise_165325_00245.wav,spoof,hi-en,165325,cm04,tortoise,clean,eval,0.0017867626156657934
${DATA_ROOT}/cm04/cm04_outputs/tortoise_175522_00246.wav,spoof,hi-en,175522,cm04,tortoise,clean,eval,0.9995163679122925
${DATA_ROOT}/cm04/cm04_outputs/tortoise_232748_00247.wav,spoof,hi-en,232748,cm04,tortoise,clean,eval,0.997495710849762
${DATA_ROOT}/cm04/cm04_outputs/tortoise_238121_00248.wav,spoof,hi-en,238121,cm04,tortoise,clean,eval,0.23917536437511444
${DATA_ROOT}/cm04/cm04_outputs/tortoise_386410_00249.wav,spoof,hi-en,386410,cm04,tortoise,clean,eval,0.9995248317718506
${DATA_ROOT}/cm04/cm04_outputs/tortoise_541916_00250.wav,spoof,hi-en,541916,cm04,tortoise,clean,eval,0.0004630379262380302
${DATA_ROOT}/cm04/cm04_outputs/tortoise_577537_00251.wav,spoof,hi-en,577537,cm04,tortoise,clean,eval,0.9978927969932556
${DATA_ROOT}/cm04/cm04_outputs/tortoise_581145_00252.wav,spoof,hi-en,581145,cm04,tortoise,clean,eval,0.9994107484817505
${DATA_ROOT}/cm04/cm04_outputs/tortoise_596505_00253.wav,spoof,hi-en,596505,cm04,tortoise,clean,eval,0.9367250800132751
${DATA_ROOT}/cm04/cm04_outputs/tortoise_945728_00254.wav,spoof,hi-en,945728,cm04,tortoise,clean,eval,0.00040352559881284833
${DATA_ROOT}/cm04/cm04_outputs/tortoise_976811_00255.wav,spoof,hi-en,976811,cm04,tortoise,clean,eval,0.9968305230140686
${DATA_ROOT}/cm04/cm04_outputs/tortoise_111627_00256.wav,spoof,hi-en,111627,cm04,tortoise,clean,eval,0.5229701995849609
${DATA_ROOT}/cm04/cm04_outputs/tortoise_121073_00257.wav,spoof,hi-en,121073,cm04,tortoise,clean,eval,0.999495267868042
${DATA_ROOT}/cm04/cm04_outputs/tortoise_165325_00260.wav,spoof,hi-en,165325,cm04,tortoise,clean,eval,0.0006515588029287755
${DATA_ROOT}/cm04/cm04_outputs/tortoise_175522_00261.wav,spoof,hi-en,175522,cm04,tortoise,clean,eval,0.03481687977910042
${DATA_ROOT}/cm04/cm04_outputs/tortoise_232748_00262.wav,spoof,hi-en,232748,cm04,tortoise,clean,eval,0.9992319345474243
${DATA_ROOT}/cm04/cm04_outputs/tortoise_238121_00263.wav,spoof,hi-en,238121,cm04,tortoise,clean,eval,0.4079606235027313
${DATA_ROOT}/cm04/cm04_outputs/tortoise_386410_00264.wav,spoof,hi-en,386410,cm04,tortoise,clean,eval,0.999568521976471
${DATA_ROOT}/cm04/cm04_outputs/tortoise_541916_00265.wav,spoof,hi-en,541916,cm04,tortoise,clean,eval,0.9797396063804626
${DATA_ROOT}/cm04/cm04_outputs/tortoise_577537_00266.wav,spoof,hi-en,577537,cm04,tortoise,clean,eval,0.9975090026855469
${DATA_ROOT}/cm04/cm04_outputs/tortoise_581145_00267.wav,spoof,hi-en,581145,cm04,tortoise,clean,eval,0.963798463344574
${DATA_ROOT}/cm04/cm04_outputs/tortoise_596505_00268.wav,spoof,hi-en,596505,cm04,tortoise,clean,eval,0.9988664388656616
${DATA_ROOT}/cm04/cm04_outputs/tortoise_945728_00269.wav,spoof,hi-en,945728,cm04,tortoise,clean,eval,0.9964351654052734
${DATA_ROOT}/cm04/cm04_outputs/tortoise_976811_00270.wav,spoof,hi-en,976811,cm04,tortoise,clean,eval,0.9945586323738098
${DATA_ROOT}/cm04/cm04_outputs/tortoise_121073_00272.wav,spoof,hi-en,121073,cm04,tortoise,clean,eval,0.9989257454872131
${DATA_ROOT}/cm04/cm04_outputs/tortoise_146859_00274.wav,spoof,hi-en,146859,cm04,tortoise,clean,eval,0.0012259345967322588
${DATA_ROOT}/cm04/cm04_outputs/tortoise_165325_00275.wav,spoof,hi-en,165325,cm04,tortoise,clean,eval,0.9676668643951416
${DATA_ROOT}/cm04/cm04_outputs/tortoise_175522_00276.wav,spoof,hi-en,175522,cm04,tortoise,clean,eval,0.9996023774147034
${DATA_ROOT}/cm04/cm04_outputs/tortoise_232748_00277.wav,spoof,hi-en,232748,cm04,tortoise,clean,eval,0.9992696642875671
${DATA_ROOT}/cm04/cm04_outputs/tortoise_238121_00278.wav,spoof,hi-en,238121,cm04,tortoise,clean,eval,0.8865754008293152
${DATA_ROOT}/cm04/cm04_outputs/tortoise_386410_00279.wav,spoof,hi-en,386410,cm04,tortoise,clean,eval,0.9885026216506958
${DATA_ROOT}/cm04/cm04_outputs/tortoise_541916_00280.wav,spoof,hi-en,541916,cm04,tortoise,clean,eval,0.9992942810058594
${DATA_ROOT}/cm04/cm04_outputs/tortoise_577537_00281.wav,spoof,hi-en,577537,cm04,tortoise,clean,eval,0.9992733597755432
${DATA_ROOT}/cm04/cm04_outputs/tortoise_581145_00282.wav,spoof,hi-en,581145,cm04,tortoise,clean,eval,0.01968737691640854
${DATA_ROOT}/cm04/cm04_outputs/tortoise_596505_00283.wav,spoof,hi-en,596505,cm04,tortoise,clean,eval,0.9988200068473816
${DATA_ROOT}/cm04/cm04_outputs/tortoise_945728_00284.wav,spoof,hi-en,945728,cm04,tortoise,clean,eval,0.0003718675870914012
${DATA_ROOT}/cm04/cm04_outputs/tortoise_976811_00285.wav,spoof,hi-en,976811,cm04,tortoise,clean,eval,0.9816479682922363
${DATA_ROOT}/cm04/cm04_outputs/tortoise_111627_00286.wav,spoof,hi-en,111627,cm04,tortoise,clean,eval,0.9983792304992676
${DATA_ROOT}/cm04/cm04_outputs/tortoise_121073_00287.wav,spoof,hi-en,121073,cm04,tortoise,clean,eval,0.9992192983627319
${DATA_ROOT}/cm04/cm04_outputs/tortoise_136325_00288.wav,spoof,hi-en,136325,cm04,tortoise,clean,eval,0.9961665272712708
${DATA_ROOT}/cm04/cm04_outputs/tortoise_146859_00289.wav,spoof,hi-en,146859,cm04,tortoise,clean,eval,0.5559391975402832
${DATA_ROOT}/cm04/cm04_outputs/tortoise_165325_00290.wav,spoof,hi-en,165325,cm04,tortoise,clean,eval,0.9961835741996765
${DATA_ROOT}/cm04/cm04_outputs/tortoise_175522_00291.wav,spoof,hi-en,175522,cm04,tortoise,clean,eval,0.9945893287658691
${DATA_ROOT}/cm04/cm04_outputs/tortoise_232748_00292.wav,spoof,hi-en,232748,cm04,tortoise,clean,eval,0.8853060007095337
${DATA_ROOT}/cm04/cm04_outputs/tortoise_238121_00293.wav,spoof,hi-en,238121,cm04,tortoise,clean,eval,0.0005358252092264593
${DATA_ROOT}/cm04/cm04_outputs/tortoise_386410_00294.wav,spoof,hi-en,386410,cm04,tortoise,clean,eval,0.9997130036354065
${DATA_ROOT}/cm04/cm04_outputs/tortoise_541916_00295.wav,spoof,hi-en,541916,cm04,tortoise,clean,eval,0.957012951374054
${DATA_ROOT}/cm04/cm04_outputs/tortoise_577537_00296.wav,spoof,hi-en,577537,cm04,tortoise,clean,eval,0.9984795451164246
${DATA_ROOT}/cm04/cm04_outputs/tortoise_581145_00297.wav,spoof,hi-en,581145,cm04,tortoise,clean,eval,0.9941018223762512
${DATA_ROOT}/cm04/cm04_outputs/tortoise_596505_00298.wav,spoof,hi-en,596505,cm04,tortoise,clean,eval,0.9973727464675903
${DATA_ROOT}/cm04/cm04_outputs/tortoise_945728_00299.wav,spoof,hi-en,945728,cm04,tortoise,clean,eval,0.9962324500083923
${DATA_ROOT}/cm04/cm04_outputs/tortoise_976811_00300.wav,spoof,hi-en,976811,cm04,tortoise,clean,eval,0.9979841709136963
${DATA_ROOT}/cm04/cm04_outputs/tortoise_111627_00301.wav,spoof,hi-en,111627,cm04,tortoise,clean,eval,0.9998766183853149
${DATA_ROOT}/cm04/cm04_outputs/tortoise_121073_00302.wav,spoof,hi-en,121073,cm04,tortoise,clean,eval,0.9993308782577515
${DATA_ROOT}/cm04/cm04_outputs/tortoise_136325_00303.wav,spoof,hi-en,136325,cm04,tortoise,clean,eval,0.9996455907821655
${DATA_ROOT}/cm04/cm04_outputs/tortoise_146859_00304.wav,spoof,hi-en,146859,cm04,tortoise,clean,eval,0.012331947684288025
${DATA_ROOT}/cm04/cm04_outputs/tortoise_165325_00305.wav,spoof,hi-en,165325,cm04,tortoise,clean,eval,0.002318721730262041
${DATA_ROOT}/cm04/cm04_outputs/tortoise_175522_00306.wav,spoof,hi-en,175522,cm04,tortoise,clean,eval,0.999372661113739
${DATA_ROOT}/cm04/cm04_outputs/tortoise_232748_00307.wav,spoof,hi-en,232748,cm04,tortoise,clean,eval,0.9982602000236511
${DATA_ROOT}/cm04/cm04_outputs/tortoise_238121_00308.wav,spoof,hi-en,238121,cm04,tortoise,clean,eval,0.0005166484043002129
${DATA_ROOT}/cm04/cm04_outputs/tortoise_386410_00309.wav,spoof,hi-en,386410,cm04,tortoise,clean,eval,0.9848204255104065
${DATA_ROOT}/cm04/cm04_outputs/tortoise_541916_00310.wav,spoof,hi-en,541916,cm04,tortoise,clean,eval,0.9197454452514648
${DATA_ROOT}/cm04/cm04_outputs/tortoise_577537_00311.wav,spoof,hi-en,577537,cm04,tortoise,clean,eval,0.9980120658874512
${DATA_ROOT}/cm04/cm04_outputs/tortoise_581145_00312.wav,spoof,hi-en,581145,cm04,tortoise,clean,eval,0.010327251628041267
${DATA_ROOT}/cm04/cm04_outputs/tortoise_596505_00313.wav,spoof,hi-en,596505,cm04,tortoise,clean,eval,0.9965144991874695
${DATA_ROOT}/cm04/cm04_outputs/tortoise_945728_00314.wav,spoof,hi-en,945728,cm04,tortoise,clean,eval,0.5129780173301697
${DATA_ROOT}/cm04/cm04_outputs/tortoise_976811_00315.wav,spoof,hi-en,976811,cm04,tortoise,clean,eval,0.9911321997642517
${DATA_ROOT}/cm04/cm04_outputs/tortoise_111627_00316.wav,spoof,hi-en,111627,cm04,tortoise,clean,eval,0.11151468008756638
${DATA_ROOT}/cm04/cm04_outputs/tortoise_121073_00317.wav,spoof,hi-en,121073,cm04,tortoise,clean,eval,0.9956661462783813
${DATA_ROOT}/cm04/cm04_outputs/tortoise_136325_00318.wav,spoof,hi-en,136325,cm04,tortoise,clean,eval,0.3999861478805542
${DATA_ROOT}/cm04/cm04_outputs/tortoise_146859_00319.wav,spoof,hi-en,146859,cm04,tortoise,clean,eval,0.0005128492484800518
${DATA_ROOT}/cm04/cm04_outputs/tortoise_165325_00320.wav,spoof,hi-en,165325,cm04,tortoise,clean,eval,0.19742992520332336
${DATA_ROOT}/cm04/cm04_outputs/tortoise_175522_00321.wav,spoof,hi-en,175522,cm04,tortoise,clean,eval,0.9977244734764099
${DATA_ROOT}/cm04/cm04_outputs/tortoise_386410_00324.wav,spoof,hi-en,386410,cm04,tortoise,clean,eval,0.9656638503074646
${DATA_ROOT}/cm04/cm04_outputs/tortoise_541916_00325.wav,spoof,hi-en,541916,cm04,tortoise,clean,eval,0.9993184804916382
${DATA_ROOT}/cm04/cm04_outputs/tortoise_577537_00326.wav,spoof,hi-en,577537,cm04,tortoise,clean,eval,0.9975911378860474
${DATA_ROOT}/cm04/cm04_outputs/tortoise_581145_00327.wav,spoof,hi-en,581145,cm04,tortoise,clean,eval,0.0003576346789486706
${DATA_ROOT}/cm04/cm04_outputs/tortoise_596505_00328.wav,spoof,hi-en,596505,cm04,tortoise,clean,eval,0.99812251329422
${DATA_ROOT}/cm04/cm04_outputs/tortoise_945728_00329.wav,spoof,hi-en,945728,cm04,tortoise,clean,eval,0.13803215324878693
${DATA_ROOT}/cm04/cm04_outputs/tortoise_976811_00330.wav,spoof,hi-en,976811,cm04,tortoise,clean,eval,0.9959796667098999
${DATA_ROOT}/cm04/cm04_outputs/tortoise_111627_00331.wav,spoof,hi-en,111627,cm04,tortoise,clean,eval,0.9967744946479797
${DATA_ROOT}/cm04/cm04_outputs/tortoise_146859_00334.wav,spoof,hi-en,146859,cm04,tortoise,clean,eval,0.9939715266227722
${DATA_ROOT}/cm04/cm04_outputs/tortoise_165325_00335.wav,spoof,hi-en,165325,cm04,tortoise,clean,eval,0.9981878399848938
${DATA_ROOT}/cm04/cm04_outputs/tortoise_175522_00336.wav,spoof,hi-en,175522,cm04,tortoise,clean,eval,0.9986944794654846
${DATA_ROOT}/cm04/cm04_outputs/tortoise_232748_00337.wav,spoof,hi-en,232748,cm04,tortoise,clean,eval,0.9949295520782471
${DATA_ROOT}/cm04/cm04_outputs/tortoise_238121_00338.wav,spoof,hi-en,238121,cm04,tortoise,clean,eval,0.01946561597287655
${DATA_ROOT}/cm04/cm04_outputs/tortoise_386410_00339.wav,spoof,hi-en,386410,cm04,tortoise,clean,eval,0.9998465776443481
${DATA_ROOT}/cm04/cm04_outputs/tortoise_577537_00341.wav,spoof,hi-en,577537,cm04,tortoise,clean,eval,0.9958963394165039
${DATA_ROOT}/cm04/cm04_outputs/tortoise_581145_00342.wav,spoof,hi-en,581145,cm04,tortoise,clean,eval,0.979832112789154
${DATA_ROOT}/cm04/cm04_outputs/tortoise_945728_00344.wav,spoof,hi-en,945728,cm04,tortoise,clean,eval,0.00047906540567055345
${DATA_ROOT}/cm04/cm04_outputs/tortoise_976811_00345.wav,spoof,hi-en,976811,cm04,tortoise,clean,eval,0.9802082180976868
${DATA_ROOT}/cm04/cm04_outputs/tortoise_111627_00346.wav,spoof,hi-en,111627,cm04,tortoise,clean,eval,0.9996875524520874
${DATA_ROOT}/cm04/cm04_outputs/tortoise_121073_00347.wav,spoof,hi-en,121073,cm04,tortoise,clean,eval,0.9953463673591614
${DATA_ROOT}/cm04/cm04_outputs/tortoise_136325_00348.wav,spoof,hi-en,136325,cm04,tortoise,clean,eval,0.995263934135437
${DATA_ROOT}/cm04/cm04_outputs/tortoise_146859_00349.wav,spoof,hi-en,146859,cm04,tortoise,clean,eval,0.9238186478614807
${DATA_ROOT}/cm04/cm04_outputs/tortoise_175522_00351.wav,spoof,hi-en,175522,cm04,tortoise,clean,eval,0.996970534324646
${DATA_ROOT}/cm04/cm04_outputs/tortoise_232748_00352.wav,spoof,hi-en,232748,cm04,tortoise,clean,eval,0.5915923118591309
${DATA_ROOT}/cm04/cm04_outputs/tortoise_238121_00353.wav,spoof,hi-en,238121,cm04,tortoise,clean,eval,0.4691404402256012
${DATA_ROOT}/cm04/cm04_outputs/tortoise_386410_00354.wav,spoof,hi-en,386410,cm04,tortoise,clean,eval,0.9980707764625549
${DATA_ROOT}/cm04/cm04_outputs/tortoise_541916_00355.wav,spoof,hi-en,541916,cm04,tortoise,clean,eval,0.9643692970275879
${DATA_ROOT}/cm04/cm04_outputs/tortoise_577537_00356.wav,spoof,hi-en,577537,cm04,tortoise,clean,eval,0.999294638633728
${DATA_ROOT}/cm04/cm04_outputs/tortoise_581145_00357.wav,spoof,hi-en,581145,cm04,tortoise,clean,eval,0.6337136030197144
${DATA_ROOT}/cm04/cm04_outputs/tortoise_596505_00358.wav,spoof,hi-en,596505,cm04,tortoise,clean,eval,0.9921339750289917
${DATA_ROOT}/cm04/cm04_outputs/tortoise_945728_00359.wav,spoof,hi-en,945728,cm04,tortoise,clean,eval,0.7844107151031494
${DATA_ROOT}/cm04/cm04_outputs/tortoise_976811_00360.wav,spoof,hi-en,976811,cm04,tortoise,clean,eval,0.9987545013427734
${DATA_ROOT}/cm04/cm04_outputs/tortoise_111627_00361.wav,spoof,hi-en,111627,cm04,tortoise,clean,eval,0.9948902130126953
${DATA_ROOT}/cm04/cm04_outputs/tortoise_121073_00362.wav,spoof,hi-en,121073,cm04,tortoise,clean,eval,0.9970799088478088
${DATA_ROOT}/cm04/cm04_outputs/tortoise_146859_00364.wav,spoof,hi-en,146859,cm04,tortoise,clean,eval,0.0005748409894295037
${DATA_ROOT}/cm04/cm04_outputs/tortoise_165325_00365.wav,spoof,hi-en,165325,cm04,tortoise,clean,eval,0.0004552870523184538
${DATA_ROOT}/cm04/cm04_outputs/tortoise_175522_00366.wav,spoof,hi-en,175522,cm04,tortoise,clean,eval,0.998439371585846
${DATA_ROOT}/cm04/cm04_outputs/tortoise_232748_00367.wav,spoof,hi-en,232748,cm04,tortoise,clean,eval,0.998508870601654
${DATA_ROOT}/cm04/cm04_outputs/tortoise_238121_00368.wav,spoof,hi-en,238121,cm04,tortoise,clean,eval,0.5895953178405762
${DATA_ROOT}/cm04/cm04_outputs/tortoise_386410_00369.wav,spoof,hi-en,386410,cm04,tortoise,clean,eval,0.9976067543029785
${DATA_ROOT}/cm04/cm04_outputs/tortoise_541916_00370.wav,spoof,hi-en,541916,cm04,tortoise,clean,eval,0.9996438026428223
${DATA_ROOT}/cm04/cm04_outputs/tortoise_577537_00371.wav,spoof,hi-en,577537,cm04,tortoise,clean,eval,0.9977071285247803
${DATA_ROOT}/cm04/cm04_outputs/tortoise_581145_00372.wav,spoof,hi-en,581145,cm04,tortoise,clean,eval,0.992681086063385
${DATA_ROOT}/cm04/cm04_outputs/tortoise_596505_00373.wav,spoof,hi-en,596505,cm04,tortoise,clean,eval,0.9954303503036499
${DATA_ROOT}/cm04/cm04_outputs/tortoise_945728_00374.wav,spoof,hi-en,945728,cm04,tortoise,clean,eval,0.9960808157920837
${DATA_ROOT}/cm04/cm04_outputs/tortoise_976811_00375.wav,spoof,hi-en,976811,cm04,tortoise,clean,eval,0.9996224641799927
${DATA_ROOT}/cm04/cm04_outputs/tortoise_111627_00376.wav,spoof,hi-en,111627,cm04,tortoise,clean,eval,0.0226760171353817
${DATA_ROOT}/cm04/cm04_outputs/tortoise_121073_00377.wav,spoof,hi-en,121073,cm04,tortoise,clean,eval,0.9998906850814819
${DATA_ROOT}/cm04/cm04_outputs/tortoise_165325_00380.wav,spoof,hi-en,165325,cm04,tortoise,clean,eval,0.9996029734611511
${DATA_ROOT}/cm04/cm04_outputs/tortoise_175522_00381.wav,spoof,hi-en,175522,cm04,tortoise,clean,eval,0.9995104074478149
${DATA_ROOT}/cm04/cm04_outputs/tortoise_232748_00382.wav,spoof,hi-en,232748,cm04,tortoise,clean,eval,0.999387264251709
${DATA_ROOT}/cm04/cm04_outputs/tortoise_238121_00383.wav,spoof,hi-en,238121,cm04,tortoise,clean,eval,0.934392511844635
${DATA_ROOT}/cm04/cm04_outputs/tortoise_386410_00384.wav,spoof,hi-en,386410,cm04,tortoise,clean,eval,0.9986889958381653
${DATA_ROOT}/cm04/cm04_outputs/tortoise_541916_00385.wav,spoof,hi-en,541916,cm04,tortoise,clean,eval,0.9920058846473694
${DATA_ROOT}/cm04/cm04_outputs/tortoise_577537_00386.wav,spoof,hi-en,577537,cm04,tortoise,clean,eval,0.9968559741973877
${DATA_ROOT}/cm04/cm04_outputs/tortoise_581145_00387.wav,spoof,hi-en,581145,cm04,tortoise,clean,eval,0.054534655064344406
${DATA_ROOT}/cm04/cm04_outputs/tortoise_596505_00388.wav,spoof,hi-en,596505,cm04,tortoise,clean,eval,0.9976605176925659
${DATA_ROOT}/cm04/cm04_outputs/tortoise_945728_00389.wav,spoof,hi-en,945728,cm04,tortoise,clean,eval,0.8219608068466187
${DATA_ROOT}/cm04/cm04_outputs/tortoise_976811_00390.wav,spoof,hi-en,976811,cm04,tortoise,clean,eval,0.9823529124259949
${DATA_ROOT}/cm04/cm04_outputs/tortoise_111627_00391.wav,spoof,hi-en,111627,cm04,tortoise,clean,eval,0.9975312948226929
${DATA_ROOT}/cm04/cm04_outputs/tortoise_121073_00392.wav,spoof,hi-en,121073,cm04,tortoise,clean,eval,0.9989748001098633
${DATA_ROOT}/cm04/cm04_outputs/tortoise_146859_00394.wav,spoof,hi-en,146859,cm04,tortoise,clean,eval,0.0009389485348947346
${DATA_ROOT}/cm04/cm04_outputs/tortoise_165325_00395.wav,spoof,hi-en,165325,cm04,tortoise,clean,eval,0.9942238926887512
${DATA_ROOT}/cm04/cm04_outputs/tortoise_175522_00396.wav,spoof,hi-en,175522,cm04,tortoise,clean,eval,0.9995773434638977
${DATA_ROOT}/cm04/cm04_outputs/tortoise_232748_00397.wav,spoof,hi-en,232748,cm04,tortoise,clean,eval,0.9984424710273743
${DATA_ROOT}/cm04/cm04_outputs/tortoise_238121_00398.wav,spoof,hi-en,238121,cm04,tortoise,clean,eval,0.998611569404602
${DATA_ROOT}/cm04/cm04_outputs/tortoise_386410_00399.wav,spoof,hi-en,386410,cm04,tortoise,clean,eval,0.8902990818023682
${DATA_ROOT}/cm04/cm04_outputs/tortoise_541916_00400.wav,spoof,hi-en,541916,cm04,tortoise,clean,eval,0.9996572732925415
${DATA_ROOT}/cm04/cm04_outputs/tortoise_577537_00401.wav,spoof,hi-en,577537,cm04,tortoise,clean,eval,0.16238920390605927
${DATA_ROOT}/cm04/cm04_outputs/tortoise_581145_00402.wav,spoof,hi-en,581145,cm04,tortoise,clean,eval,0.18680208921432495
${DATA_ROOT}/cm04/cm04_outputs/tortoise_596505_00403.wav,spoof,hi-en,596505,cm04,tortoise,clean,eval,0.9985999464988708
${DATA_ROOT}/cm04/cm04_outputs/tortoise_945728_00404.wav,spoof,hi-en,945728,cm04,tortoise,clean,eval,0.00037216729833744466
${DATA_ROOT}/cm04/cm04_outputs/tortoise_976811_00405.wav,spoof,hi-en,976811,cm04,tortoise,clean,eval,0.988461971282959
${DATA_ROOT}/cm04/cm04_outputs/tortoise_111627_00406.wav,spoof,hi-en,111627,cm04,tortoise,clean,eval,0.9953771829605103
${DATA_ROOT}/cm04/cm04_outputs/tortoise_121073_00407.wav,spoof,hi-en,121073,cm04,tortoise,clean,eval,0.9995291233062744
${DATA_ROOT}/cm04/cm04_outputs/tortoise_136325_00408.wav,spoof,hi-en,136325,cm04,tortoise,clean,eval,0.9991798996925354
${DATA_ROOT}/cm04/cm04_outputs/tortoise_146859_00409.wav,spoof,hi-en,146859,cm04,tortoise,clean,eval,0.966210663318634
${DATA_ROOT}/cm04/cm04_outputs/tortoise_165325_00410.wav,spoof,hi-en,165325,cm04,tortoise,clean,eval,0.9994245767593384
${DATA_ROOT}/cm04/cm04_outputs/tortoise_175522_00411.wav,spoof,hi-en,175522,cm04,tortoise,clean,eval,0.7577593326568604
${DATA_ROOT}/cm04/cm04_outputs/tortoise_232748_00412.wav,spoof,hi-en,232748,cm04,tortoise,clean,eval,0.9980981945991516
${DATA_ROOT}/cm04/cm04_outputs/tortoise_238121_00413.wav,spoof,hi-en,238121,cm04,tortoise,clean,eval,0.9975255131721497
${DATA_ROOT}/cm04/cm04_outputs/tortoise_386410_00414.wav,spoof,hi-en,386410,cm04,tortoise,clean,eval,0.9994125366210938
${DATA_ROOT}/cm04/cm04_outputs/tortoise_541916_00415.wav,spoof,hi-en,541916,cm04,tortoise,clean,eval,0.9962426424026489
${DATA_ROOT}/cm04/cm04_outputs/tortoise_577537_00416.wav,spoof,hi-en,577537,cm04,tortoise,clean,eval,0.9969856142997742
${DATA_ROOT}/cm04/cm04_outputs/tortoise_581145_00417.wav,spoof,hi-en,581145,cm04,tortoise,clean,eval,0.1576029360294342
${DATA_ROOT}/cm04/cm04_outputs/tortoise_596505_00418.wav,spoof,hi-en,596505,cm04,tortoise,clean,eval,0.9838640689849854
${DATA_ROOT}/cm04/cm04_outputs/tortoise_945728_00419.wav,spoof,hi-en,945728,cm04,tortoise,clean,eval,0.9987083673477173
${DATA_ROOT}/cm04/cm04_outputs/tortoise_976811_00420.wav,spoof,hi-en,976811,cm04,tortoise,clean,eval,0.9996767044067383
${DATA_ROOT}/cm04/cm04_outputs/tortoise_111627_00421.wav,spoof,hi-en,111627,cm04,tortoise,clean,eval,0.9984883069992065
${DATA_ROOT}/cm04/cm04_outputs/tortoise_121073_00422.wav,spoof,hi-en,121073,cm04,tortoise,clean,eval,0.9932922124862671
${DATA_ROOT}/cm04/cm04_outputs/tortoise_146859_00424.wav,spoof,hi-en,146859,cm04,tortoise,clean,eval,0.028921475633978844
${DATA_ROOT}/cm04/cm04_outputs/tortoise_165325_00425.wav,spoof,hi-en,165325,cm04,tortoise,clean,eval,0.9983742237091064
${DATA_ROOT}/cm04/cm04_outputs/tortoise_175522_00426.wav,spoof,hi-en,175522,cm04,tortoise,clean,eval,0.13205741345882416
${DATA_ROOT}/cm04/cm04_outputs/tortoise_232748_00427.wav,spoof,hi-en,232748,cm04,tortoise,clean,eval,0.9857720732688904
${DATA_ROOT}/cm04/cm04_outputs/tortoise_238121_00428.wav,spoof,hi-en,238121,cm04,tortoise,clean,eval,0.7897331118583679
${DATA_ROOT}/cm04/cm04_outputs/tortoise_386410_00429.wav,spoof,hi-en,386410,cm04,tortoise,clean,eval,0.9997150301933289
${DATA_ROOT}/cm04/cm04_outputs/tortoise_541916_00430.wav,spoof,hi-en,541916,cm04,tortoise,clean,eval,0.008471925742924213
${DATA_ROOT}/cm04/cm04_outputs/tortoise_577537_00431.wav,spoof,hi-en,577537,cm04,tortoise,clean,eval,0.9971399307250977
${DATA_ROOT}/cm04/cm04_outputs/tortoise_581145_00432.wav,spoof,hi-en,581145,cm04,tortoise,clean,eval,0.997297465801239
${DATA_ROOT}/cm04/cm04_outputs/tortoise_596505_00433.wav,spoof,hi-en,596505,cm04,tortoise,clean,eval,0.9974989295005798
${DATA_ROOT}/cm04/cm04_outputs/tortoise_945728_00434.wav,spoof,hi-en,945728,cm04,tortoise,clean,eval,0.9980744123458862
${DATA_ROOT}/cm04/cm04_outputs/tortoise_976811_00435.wav,spoof,hi-en,976811,cm04,tortoise,clean,eval,0.9991375207901001
${DATA_ROOT}/cm04/cm04_outputs/tortoise_111627_00436.wav,spoof,hi-en,111627,cm04,tortoise,clean,eval,0.0007618121453560889
${DATA_ROOT}/cm04/cm04_outputs/tortoise_121073_00437.wav,spoof,hi-en,121073,cm04,tortoise,clean,eval,0.9983093738555908
${DATA_ROOT}/cm04/cm04_outputs/tortoise_136325_00438.wav,spoof,hi-en,136325,cm04,tortoise,clean,eval,0.9996627569198608
${DATA_ROOT}/cm04/cm04_outputs/tortoise_146859_00439.wav,spoof,hi-en,146859,cm04,tortoise,clean,eval,0.8896220922470093
${DATA_ROOT}/cm04/cm04_outputs/tortoise_165325_00440.wav,spoof,hi-en,165325,cm04,tortoise,clean,eval,0.9992685914039612
${DATA_ROOT}/cm04/cm04_outputs/tortoise_175522_00441.wav,spoof,hi-en,175522,cm04,tortoise,clean,eval,0.9994274377822876
${DATA_ROOT}/cm04/cm04_outputs/tortoise_232748_00442.wav,spoof,hi-en,232748,cm04,tortoise,clean,eval,0.9968722462654114
${DATA_ROOT}/cm04/cm04_outputs/tortoise_238121_00443.wav,spoof,hi-en,238121,cm04,tortoise,clean,eval,0.1306757628917694
${DATA_ROOT}/cm04/cm04_outputs/tortoise_386410_00444.wav,spoof,hi-en,386410,cm04,tortoise,clean,eval,0.9995537400245667
${DATA_ROOT}/cm04/cm04_outputs/tortoise_541916_00445.wav,spoof,hi-en,541916,cm04,tortoise,clean,eval,0.9104249477386475
${DATA_ROOT}/cm04/cm04_outputs/tortoise_577537_00446.wav,spoof,hi-en,577537,cm04,tortoise,clean,eval,0.9994837045669556
${DATA_ROOT}/cm04/cm04_outputs/tortoise_581145_00447.wav,spoof,hi-en,581145,cm04,tortoise,clean,eval,0.9990915060043335
${DATA_ROOT}/cm04/cm04_outputs/tortoise_596505_00448.wav,spoof,hi-en,596505,cm04,tortoise,clean,eval,0.9990540146827698
${DATA_ROOT}/cm04/cm04_outputs/tortoise_945728_00449.wav,spoof,hi-en,945728,cm04,tortoise,clean,eval,0.12650439143180847
${DATA_ROOT}/cm04/cm04_outputs/tortoise_976811_00450.wav,spoof,hi-en,976811,cm04,tortoise,clean,eval,0.99885094165802
${DATA_ROOT}/cm04/cm04_outputs/tortoise_121073_00452.wav,spoof,hi-en,121073,cm04,tortoise,clean,eval,0.9996731281280518
${DATA_ROOT}/cm04/cm04_outputs/tortoise_146859_00454.wav,spoof,hi-en,146859,cm04,tortoise,clean,eval,0.0006290561868809164
${DATA_ROOT}/cm04/cm04_outputs/tortoise_165325_00455.wav,spoof,hi-en,165325,cm04,tortoise,clean,eval,0.10129649192094803
${DATA_ROOT}/cm04/cm04_outputs/tortoise_175522_00456.wav,spoof,hi-en,175522,cm04,tortoise,clean,eval,0.9995315074920654
${DATA_ROOT}/cm04/cm04_outputs/tortoise_238121_00458.wav,spoof,hi-en,238121,cm04,tortoise,clean,eval,0.8360421061515808
${DATA_ROOT}/cm04/cm04_outputs/tortoise_386410_00459.wav,spoof,hi-en,386410,cm04,tortoise,clean,eval,0.9995111227035522
${DATA_ROOT}/cm04/cm04_outputs/tortoise_541916_00460.wav,spoof,hi-en,541916,cm04,tortoise,clean,eval,0.9991174340248108
${DATA_ROOT}/cm04/cm04_outputs/tortoise_577537_00461.wav,spoof,hi-en,577537,cm04,tortoise,clean,eval,0.9969313144683838
${DATA_ROOT}/cm04/cm04_outputs/tortoise_581145_00462.wav,spoof,hi-en,581145,cm04,tortoise,clean,eval,0.9449485540390015
${DATA_ROOT}/cm04/cm04_outputs/tortoise_596505_00463.wav,spoof,hi-en,596505,cm04,tortoise,clean,eval,0.9977582097053528
${DATA_ROOT}/cm04/cm04_outputs/tortoise_945728_00464.wav,spoof,hi-en,945728,cm04,tortoise,clean,eval,0.0006733833579346538
${DATA_ROOT}/cm04/cm04_outputs/tortoise_111627_00466.wav,spoof,hi-en,111627,cm04,tortoise,clean,eval,0.9965817332267761
${DATA_ROOT}/cm04/cm04_outputs/tortoise_121073_00467.wav,spoof,hi-en,121073,cm04,tortoise,clean,eval,0.9995100498199463
${DATA_ROOT}/cm04/cm04_outputs/tortoise_146859_00469.wav,spoof,hi-en,146859,cm04,tortoise,clean,eval,0.2227233499288559
${DATA_ROOT}/cm04/cm04_outputs/tortoise_165325_00470.wav,spoof,hi-en,165325,cm04,tortoise,clean,eval,0.005044588353484869
${DATA_ROOT}/cm04/cm04_outputs/tortoise_175522_00471.wav,spoof,hi-en,175522,cm04,tortoise,clean,eval,0.9994977712631226
${DATA_ROOT}/cm04/cm04_outputs/tortoise_232748_00472.wav,spoof,hi-en,232748,cm04,tortoise,clean,eval,0.9986667633056641
${DATA_ROOT}/cm04/cm04_outputs/tortoise_238121_00473.wav,spoof,hi-en,238121,cm04,tortoise,clean,eval,0.9989238381385803
${DATA_ROOT}/cm04/cm04_outputs/tortoise_386410_00474.wav,spoof,hi-en,386410,cm04,tortoise,clean,eval,0.9832131266593933
${DATA_ROOT}/cm04/cm04_outputs/tortoise_541916_00475.wav,spoof,hi-en,541916,cm04,tortoise,clean,eval,0.9990465044975281
${DATA_ROOT}/cm04/cm04_outputs/tortoise_577537_00476.wav,spoof,hi-en,577537,cm04,tortoise,clean,eval,0.9981173276901245
${DATA_ROOT}/cm04/cm04_outputs/tortoise_581145_00477.wav,spoof,hi-en,581145,cm04,tortoise,clean,eval,0.9960507750511169
${DATA_ROOT}/cm04/cm04_outputs/tortoise_596505_00478.wav,spoof,hi-en,596505,cm04,tortoise,clean,eval,0.9986045956611633
${DATA_ROOT}/cm04/cm04_outputs/tortoise_945728_00479.wav,spoof,hi-en,945728,cm04,tortoise,clean,eval,0.99610435962677
${DATA_ROOT}/cm04/cm04_outputs/tortoise_976811_00480.wav,spoof,hi-en,976811,cm04,tortoise,clean,eval,0.9953985810279846
${DATA_ROOT}/cm04/cm04_outputs/tortoise_111627_00481.wav,spoof,hi-en,111627,cm04,tortoise,clean,eval,0.5797085165977478
${DATA_ROOT}/cm04/cm04_outputs/tortoise_121073_00482.wav,spoof,hi-en,121073,cm04,tortoise,clean,eval,0.9991495609283447
${DATA_ROOT}/cm04/cm04_outputs/tortoise_146859_00484.wav,spoof,hi-en,146859,cm04,tortoise,clean,eval,0.007104529999196529
${DATA_ROOT}/cm04/cm04_outputs/tortoise_165325_00485.wav,spoof,hi-en,165325,cm04,tortoise,clean,eval,0.05475849658250809
${DATA_ROOT}/cm04/cm04_outputs/tortoise_175522_00486.wav,spoof,hi-en,175522,cm04,tortoise,clean,eval,0.999496340751648
${DATA_ROOT}/cm04/cm04_outputs/tortoise_232748_00487.wav,spoof,hi-en,232748,cm04,tortoise,clean,eval,0.00047232734505087137
${DATA_ROOT}/cm04/cm04_outputs/tortoise_238121_00488.wav,spoof,hi-en,238121,cm04,tortoise,clean,eval,0.998023509979248
${DATA_ROOT}/cm04/cm04_outputs/tortoise_541916_00490.wav,spoof,hi-en,541916,cm04,tortoise,clean,eval,0.958042323589325
${DATA_ROOT}/cm04/cm04_outputs/tortoise_577537_00491.wav,spoof,hi-en,577537,cm04,tortoise,clean,eval,0.9980802536010742
${DATA_ROOT}/cm04/cm04_outputs/tortoise_581145_00492.wav,spoof,hi-en,581145,cm04,tortoise,clean,eval,0.9991455078125
${DATA_ROOT}/cm04/cm04_outputs/tortoise_596505_00493.wav,spoof,hi-en,596505,cm04,tortoise,clean,eval,0.9835789799690247
${DATA_ROOT}/cm04/cm04_outputs/tortoise_945728_00494.wav,spoof,hi-en,945728,cm04,tortoise,clean,eval,0.9971837401390076
${DATA_ROOT}/cm04/cm04_outputs/tortoise_976811_00495.wav,spoof,hi-en,976811,cm04,tortoise,clean,eval,0.9919662475585938
${DATA_ROOT}/cm04/cm04_outputs/tortoise_111627_00496.wav,spoof,hi-en,111627,cm04,tortoise,clean,eval,0.9837101697921753
${DATA_ROOT}/cm04/cm04_outputs/tortoise_121073_00497.wav,spoof,hi-en,121073,cm04,tortoise,clean,eval,0.999687910079956
${DATA_ROOT}/cm04/cm04_outputs/tortoise_146859_00499.wav,spoof,hi-en,146859,cm04,tortoise,clean,eval,0.9832331538200378
${DATA_ROOT}/cm04/cm04_outputs/tortoise_165325_00500.wav,spoof,hi-en,165325,cm04,tortoise,clean,eval,0.829258143901825
