filepath,label,language,speaker,source,tool,condition,split,score
${DATA_ROOT}/interim/rvc_gate/bonafide_source/106718_vE1rhq3ojNKZvQNv_0000.wav,bonafide,hi-en,106718,mucs2021,none,clean,eval,0.9997439980506897
${DATA_ROOT}/interim/rvc_gate/bonafide_source/142970_DP5j8CLDeL6HHHSX_0000.wav,bonafide,hi-en,142970,mucs2021,none,clean,eval,0.9995433688163757
${DATA_ROOT}/interim/rvc_gate/bonafide_source/177570_jSNK2zDaIvyZsMZp_0000.wav,bonafide,hi-en,177570,mucs2021,none,clean,eval,0.9953728318214417
${DATA_ROOT}/interim/rvc_gate/bonafide_source/186783_LFpbaXkb8HuQ6DnF_0000.wav,bonafide,hi-en,186783,mucs2021,none,clean,eval,0.999821126461029
${DATA_ROOT}/interim/rvc_gate/bonafide_source/205240_F4KjmwYhWvnpSE0m_0000.wav,bonafide,hi-en,205240,mucs2021,none,clean,eval,0.9995594620704651
${DATA_ROOT}/interim/rvc_gate/bonafide_source/322882_XTscbPr78nzuHhuu_0000.wav,bonafide,hi-en,322882,mucs2021,none,clean,eval,0.9998124241828918
${DATA_ROOT}/interim/rvc_gate/bonafide_source/413057_aKSsdMqkPfUWyYeS_0000.wav,bonafide,hi-en,413057,mucs2021,none,clean,eval,0.9997909665107727
${DATA_ROOT}/interim/rvc_gate/bonafide_source/457295_WgzliDtK6Htff0g2_0000.wav,bonafide,hi-en,457295,mucs2021,none,clean,eval,0.99985671043396
${DATA_ROOT}/interim/rvc_gate/bonafide_source/539226_vZGSoJPH1tbvsyCa_0000.wav,bonafide,hi-en,539226,mucs2021,none,clean,eval,0.9996054768562317
${DATA_ROOT}/interim/rvc_gate/bonafide_source/539354_C3MtnFEDrRkWHSvJ_0000.wav,bonafide,hi-en,539354,mucs2021,none,clean,eval,0.9997549653053284
${DATA_ROOT}/interim/rvc_gate/bonafide_source/541304_cyhxRWI0LoKYZvcw_0000.wav,bonafide,hi-en,541304,mucs2021,none,clean,eval,0.9998160004615784
${DATA_ROOT}/interim/rvc_gate/bonafide_source/584991_1ijxO93RTIJh2Rzv_0000.wav,bonafide,hi-en,584991,mucs2021,none,clean,eval,0.9997588992118835
${DATA_ROOT}/interim/rvc_gate/bonafide_source/634568_jCgweujQVV5haVF1_0000.wav,bonafide,hi-en,634568,mucs2021,none,clean,eval,0.9996631145477295
${DATA_ROOT}/interim/rvc_gate/bonafide_source/705494_fZcxLszRnIHxmVQp_0000.wav,bonafide,hi-en,705494,mucs2021,none,clean,eval,0.9998949766159058
${DATA_ROOT}/interim/rvc_gate/bonafide_source/797767_TRInoJRJxAX3qv5C_0000.wav,bonafide,hi-en,797767,mucs2021,none,clean,eval,0.9997573494911194
${DATA_ROOT}/interim/rvc_gate/bonafide_source/850754_wOTMMvC3WQ5YQRAF_0000.wav,bonafide,hi-en,850754,mucs2021,none,clean,eval,0.9996923208236694
${DATA_ROOT}/interim/rvc_gate/bonafide_source/870582_crdH0AI5aH25bEXe_0000.wav,bonafide,hi-en,870582,mucs2021,none,clean,eval,0.9997544884681702
${DATA_ROOT}/interim/rvc_gate/bonafide_source/876898_RyQSvr4r4iAMTYXq_0000.wav,bonafide,hi-en,876898,mucs2021,none,clean,eval,0.9997122883796692
${DATA_ROOT}/interim/rvc_gate/bonafide_source/893273_8xh3ZKpPy5YhAnKX_0000.wav,bonafide,hi-en,893273,mucs2021,none,clean,eval,0.9998160004615784
${DATA_ROOT}/interim/rvc_gate/bonafide_source/903756_K3X6AGezGWAoDe1q_0000.wav,bonafide,hi-en,903756,mucs2021,none,clean,eval,0.9997648596763611
${DATA_ROOT}/interim/rvc_gate/bonafide_source/912184_V11NDc0lxudGbWQU_0000.wav,bonafide,hi-en,912184,mucs2021,none,clean,eval,0.9993909597396851
${DATA_ROOT}/interim/rvc_gate/bonafide_source/975912_1eNS3GaW1oHHurL4_0000.wav,bonafide,hi-en,975912,mucs2021,none,clean,eval,0.9996861219406128
${DATA_ROOT}/interim/rvc_gate/bonafide_source/987461_LSRBJiHdUoHm4BTI_0000.wav,bonafide,hi-en,987461,mucs2021,none,clean,eval,0.9997503161430359
${DATA_ROOT}/interim/rvc_gate/bonafide_source/996368_n4ACC4gnqW0IM1wW_0000.wav,bonafide,hi-en,996368,mucs2021,none,clean,eval,0.9996360540390015
${DATA_ROOT}/interim/rvc_gate/bonafide_source/106718_vE1rhq3ojNKZvQNv_0001.wav,bonafide,hi-en,106718,mucs2021,none,clean,eval,0.999690055847168
${DATA_ROOT}/interim/rvc_gate/bonafide_source/142970_DP5j8CLDeL6HHHSX_0001.wav,bonafide,hi-en,142970,mucs2021,none,clean,eval,0.9993878602981567
${DATA_ROOT}/interim/rvc_gate/bonafide_source/177570_jSNK2zDaIvyZsMZp_0001.wav,bonafide,hi-en,177570,mucs2021,none,clean,eval,0.9983245730400085
${DATA_ROOT}/interim/rvc_gate/bonafide_source/186783_LFpbaXkb8HuQ6DnF_0001.wav,bonafide,hi-en,186783,mucs2021,none,clean,eval,0.9996957778930664
${DATA_ROOT}/interim/rvc_gate/bonafide_source/205240_F4KjmwYhWvnpSE0m_0001.wav,bonafide,hi-en,205240,mucs2021,none,clean,eval,0.999708354473114
${DATA_ROOT}/interim/rvc_gate/bonafide_source/322882_XTscbPr78nzuHhuu_0001.wav,bonafide,hi-en,322882,mucs2021,none,clean,eval,0.9997438788414001
${DATA_ROOT}/interim/rvc_gate/bonafide_source/413057_aKSsdMqkPfUWyYeS_0001.wav,bonafide,hi-en,413057,mucs2021,none,clean,eval,0.9996755123138428
${DATA_ROOT}/interim/rvc_gate/bonafide_source/457295_WgzliDtK6Htff0g2_0002.wav,bonafide,hi-en,457295,mucs2021,none,clean,eval,0.9996383190155029
${DATA_ROOT}/interim/rvc_gate/bonafide_source/539226_vZGSoJPH1tbvsyCa_0001.wav,bonafide,hi-en,539226,mucs2021,none,clean,eval,0.9997342228889465
${DATA_ROOT}/interim/rvc_gate/bonafide_source/539354_C3MtnFEDrRkWHSvJ_0001.wav,bonafide,hi-en,539354,mucs2021,none,clean,eval,0.9998071789741516
${DATA_ROOT}/interim/rvc_gate/bonafide_source/541304_cyhxRWI0LoKYZvcw_0001.wav,bonafide,hi-en,541304,mucs2021,none,clean,eval,0.9996065497398376
${DATA_ROOT}/interim/rvc_gate/bonafide_source/584991_1ijxO93RTIJh2Rzv_0001.wav,bonafide,hi-en,584991,mucs2021,none,clean,eval,0.9996175765991211
${DATA_ROOT}/interim/rvc_gate/bonafide_source/634568_jCgweujQVV5haVF1_0001.wav,bonafide,hi-en,634568,mucs2021,none,clean,eval,0.9996844530105591
${DATA_ROOT}/interim/rvc_gate/bonafide_source/705494_fZcxLszRnIHxmVQp_0001.wav,bonafide,hi-en,705494,mucs2021,none,clean,eval,0.9996287822723389
${DATA_ROOT}/interim/rvc_gate/bonafide_source/797767_TRInoJRJxAX3qv5C_0001.wav,bonafide,hi-en,797767,mucs2021,none,clean,eval,0.9996687173843384
${DATA_ROOT}/interim/rvc_gate/bonafide_source/850754_wOTMMvC3WQ5YQRAF_0002.wav,bonafide,hi-en,850754,mucs2021,none,clean,eval,0.9998807907104492
${DATA_ROOT}/interim/rvc_gate/bonafide_source/870582_crdH0AI5aH25bEXe_0001.wav,bonafide,hi-en,870582,mucs2021,none,clean,eval,0.9995980858802795
${DATA_ROOT}/interim/rvc_gate/bonafide_source/876898_RyQSvr4r4iAMTYXq_0001.wav,bonafide,hi-en,876898,mucs2021,none,clean,eval,0.999685525894165
${DATA_ROOT}/interim/rvc_gate/bonafide_source/893273_8xh3ZKpPy5YhAnKX_0001.wav,bonafide,hi-en,893273,mucs2021,none,clean,eval,0.9997536540031433
${DATA_ROOT}/interim/rvc_gate/bonafide_source/903756_K3X6AGezGWAoDe1q_0001.wav,bonafide,hi-en,903756,mucs2021,none,clean,eval,0.9997223019599915
${DATA_ROOT}/interim/rvc_gate/bonafide_source/912184_V11NDc0lxudGbWQU_0001.wav,bonafide,hi-en,912184,mucs2021,none,clean,eval,0.9969011545181274
${DATA_ROOT}/interim/rvc_gate/bonafide_source/975912_1eNS3GaW1oHHurL4_0001.wav,bonafide,hi-en,975912,mucs2021,none,clean,eval,0.9990192651748657
${DATA_ROOT}/interim/rvc_gate/bonafide_source/987461_LSRBJiHdUoHm4BTI_0001.wav,bonafide,hi-en,987461,mucs2021,none,clean,eval,0.9995995163917542
${DATA_ROOT}/interim/rvc_gate/bonafide_source/996368_n4ACC4gnqW0IM1wW_0001.wav,bonafide,hi-en,996368,mucs2021,none,clean,eval,0.99968421459198
${DATA_ROOT}/interim/rvc_gate/bonafide_source/106718_vE1rhq3ojNKZvQNv_0002.wav,bonafide,hi-en,106718,mucs2021,none,clean,eval,0.9995450377464294
${DATA_ROOT}/interim/rvc_gate/bonafide_source/142970_DP5j8CLDeL6HHHSX_0002.wav,bonafide,hi-en,142970,mucs2021,none,clean,eval,0.9992283582687378
${DATA_ROOT}/interim/rvc_gate/bonafide_source/177570_jSNK2zDaIvyZsMZp_0004.wav,bonafide,hi-en,177570,mucs2021,none,clean,eval,0.9991996884346008
${DATA_ROOT}/interim/rvc_gate/bonafide_source/186783_LFpbaXkb8HuQ6DnF_0002.wav,bonafide,hi-en,186783,mucs2021,none,clean,eval,0.9997414946556091
${DATA_ROOT}/interim/rvc_gate/bonafide_source/205240_F4KjmwYhWvnpSE0m_0002.wav,bonafide,hi-en,205240,mucs2021,none,clean,eval,0.9997449517250061
${DATA_ROOT}/interim/rvc_gate/bonafide_source/322882_XTscbPr78nzuHhuu_0004.wav,bonafide,hi-en,322882,mucs2021,none,clean,eval,0.9996751546859741
${DATA_ROOT}/interim/rvc_gate/bonafide_source/413057_aKSsdMqkPfUWyYeS_0002.wav,bonafide,hi-en,413057,mucs2021,none,clean,eval,0.9997326731681824
${DATA_ROOT}/interim/rvc_gate/bonafide_source/457295_WgzliDtK6Htff0g2_0003.wav,bonafide,hi-en,457295,mucs2021,none,clean,eval,0.9996821880340576
${DATA_ROOT}/interim/rvc_gate/bonafide_source/539226_vZGSoJPH1tbvsyCa_0002.wav,bonafide,hi-en,539226,mucs2021,none,clean,eval,0.9998290538787842
${DATA_ROOT}/interim/rvc_gate/bonafide_source/539354_C3MtnFEDrRkWHSvJ_0002.wav,bonafide,hi-en,539354,mucs2021,none,clean,eval,0.9997096657752991
${DATA_ROOT}/interim/rvc_gate/bonafide_source/541304_cyhxRWI0LoKYZvcw_0002.wav,bonafide,hi-en,541304,mucs2021,none,clean,eval,0.9998295307159424
${DATA_ROOT}/interim/rvc_gate/bonafide_source/584991_1ijxO93RTIJh2Rzv_0002.wav,bonafide,hi-en,584991,mucs2021,none,clean,eval,0.9996757507324219
${DATA_ROOT}/interim/rvc_gate/bonafide_source/634568_jCgweujQVV5haVF1_0003.wav,bonafide,hi-en,634568,mucs2021,none,clean,eval,0.9993970394134521
${DATA_ROOT}/interim/rvc_gate/bonafide_source/705494_fZcxLszRnIHxmVQp_0002.wav,bonafide,hi-en,705494,mucs2021,none,clean,eval,0.9997236132621765
${DATA_ROOT}/interim/rvc_gate/bonafide_source/797767_TRInoJRJxAX3qv5C_0002.wav,bonafide,hi-en,797767,mucs2021,none,clean,eval,0.9997372031211853
${DATA_ROOT}/interim/rvc_gate/bonafide_source/850754_wOTMMvC3WQ5YQRAF_0003.wav,bonafide,hi-en,850754,mucs2021,none,clean,eval,0.9996941089630127
${DATA_ROOT}/interim/rvc_gate/bonafide_source/870582_crdH0AI5aH25bEXe_0002.wav,bonafide,hi-en,870582,mucs2021,none,clean,eval,0.9997276663780212
${DATA_ROOT}/interim/rvc_gate/bonafide_source/876898_RyQSvr4r4iAMTYXq_0002.wav,bonafide,hi-en,876898,mucs2021,none,clean,eval,0.9996873140335083
${DATA_ROOT}/interim/rvc_gate/bonafide_source/893273_8xh3ZKpPy5YhAnKX_0002.wav,bonafide,hi-en,893273,mucs2021,none,clean,eval,0.9996843338012695
${DATA_ROOT}/interim/rvc_gate/bonafide_source/903756_K3X6AGezGWAoDe1q_0002.wav,bonafide,hi-en,903756,mucs2021,none,clean,eval,0.999693751335144
${DATA_ROOT}/interim/rvc_gate/bonafide_source/912184_V11NDc0lxudGbWQU_0002.wav,bonafide,hi-en,912184,mucs2021,none,clean,eval,0.9979921579360962
${DATA_ROOT}/interim/rvc_gate/bonafide_source/975912_1eNS3GaW1oHHurL4_0002.wav,bonafide,hi-en,975912,mucs2021,none,clean,eval,0.9997745156288147
${DATA_ROOT}/interim/rvc_gate/bonafide_source/987461_LSRBJiHdUoHm4BTI_0002.wav,bonafide,hi-en,987461,mucs2021,none,clean,eval,0.999619722366333
${DATA_ROOT}/interim/rvc_gate/bonafide_source/996368_n4ACC4gnqW0IM1wW_0002.wav,bonafide,hi-en,996368,mucs2021,none,clean,eval,0.9997062087059021
${DATA_ROOT}/interim/rvc_gate/bonafide_source/106718_vE1rhq3ojNKZvQNv_0003.wav,bonafide,hi-en,106718,mucs2021,none,clean,eval,0.9996994733810425
${DATA_ROOT}/interim/rvc_gate/bonafide_source/142970_DP5j8CLDeL6HHHSX_0003.wav,bonafide,hi-en,142970,mucs2021,none,clean,eval,0.9980150461196899
${DATA_ROOT}/interim/rvc_gate/bonafide_source/177570_jSNK2zDaIvyZsMZp_0005.wav,bonafide,hi-en,177570,mucs2021,none,clean,eval,0.9988293051719666
${DATA_ROOT}/interim/rvc_gate/bonafide_source/186783_LFpbaXkb8HuQ6DnF_0003.wav,bonafide,hi-en,186783,mucs2021,none,clean,eval,0.9997585415840149
${DATA_ROOT}/interim/rvc_gate/bonafide_source/205240_F4KjmwYhWvnpSE0m_0003.wav,bonafide,hi-en,205240,mucs2021,none,clean,eval,0.999840259552002
${DATA_ROOT}/interim/rvc_gate/bonafide_source/322882_XTscbPr78nzuHhuu_0005.wav,bonafide,hi-en,322882,mucs2021,none,clean,eval,0.9998218417167664
${DATA_ROOT}/interim/rvc_gate/bonafide_source/413057_aKSsdMqkPfUWyYeS_0003.wav,bonafide,hi-en,413057,mucs2021,none,clean,eval,0.9996365308761597
${DATA_ROOT}/interim/rvc_gate/bonafide_source/457295_WgzliDtK6Htff0g2_0007.wav,bonafide,hi-en,457295,mucs2021,none,clean,eval,0.999749481678009
${DATA_ROOT}/interim/rvc_gate/bonafide_source/539226_vZGSoJPH1tbvsyCa_0003.wav,bonafide,hi-en,539226,mucs2021,none,clean,eval,0.9995796084403992
${DATA_ROOT}/interim/rvc_gate/bonafide_source/539354_C3MtnFEDrRkWHSvJ_0003.wav,bonafide,hi-en,539354,mucs2021,none,clean,eval,0.9997323155403137
${DATA_ROOT}/interim/rvc_gate/bonafide_source/541304_cyhxRWI0LoKYZvcw_0004.wav,bonafide,hi-en,541304,mucs2021,none,clean,eval,0.9998102784156799
${DATA_ROOT}/interim/rvc_gate/bonafide_source/584991_1ijxO93RTIJh2Rzv_0003.wav,bonafide,hi-en,584991,mucs2021,none,clean,eval,0.9994250535964966
${DATA_ROOT}/interim/rvc_gate/bonafide_source/634568_jCgweujQVV5haVF1_0004.wav,bonafide,hi-en,634568,mucs2021,none,clean,eval,0.9995948672294617
${DATA_ROOT}/interim/rvc_gate/bonafide_source/705494_fZcxLszRnIHxmVQp_0003.wav,bonafide,hi-en,705494,mucs2021,none,clean,eval,0.9996358156204224
${DATA_ROOT}/interim/rvc_gate/bonafide_source/797767_TRInoJRJxAX3qv5C_0003.wav,bonafide,hi-en,797767,mucs2021,none,clean,eval,0.9995021820068359
${DATA_ROOT}/interim/rvc_gate/bonafide_source/850754_wOTMMvC3WQ5YQRAF_0004.wav,bonafide,hi-en,850754,mucs2021,none,clean,eval,0.999798595905304
${DATA_ROOT}/interim/rvc_gate/bonafide_source/870582_crdH0AI5aH25bEXe_0003.wav,bonafide,hi-en,870582,mucs2021,none,clean,eval,0.9985129237174988
${DATA_ROOT}/interim/rvc_gate/bonafide_source/876898_RyQSvr4r4iAMTYXq_0003.wav,bonafide,hi-en,876898,mucs2021,none,clean,eval,0.9992306232452393
${DATA_ROOT}/interim/rvc_gate/bonafide_source/893273_8xh3ZKpPy5YhAnKX_0003.wav,bonafide,hi-en,893273,mucs2021,none,clean,eval,0.9997387528419495
${DATA_ROOT}/interim/rvc_gate/bonafide_source/903756_K3X6AGezGWAoDe1q_0007.wav,bonafide,hi-en,903756,mucs2021,none,clean,eval,0.999744713306427
${DATA_ROOT}/interim/rvc_gate/bonafide_source/912184_V11NDc0lxudGbWQU_0003.wav,bonafide,hi-en,912184,mucs2021,none,clean,eval,0.9959646463394165
${DATA_ROOT}/interim/rvc_gate/bonafide_source/975912_1eNS3GaW1oHHurL4_0003.wav,bonafide,hi-en,975912,mucs2021,none,clean,eval,0.9997835755348206
${DATA_ROOT}/interim/rvc_gate/bonafide_source/987461_LSRBJiHdUoHm4BTI_0003.wav,bonafide,hi-en,987461,mucs2021,none,clean,eval,0.9995424747467041
${DATA_ROOT}/interim/rvc_gate/bonafide_source/996368_n4ACC4gnqW0IM1wW_0003.wav,bonafide,hi-en,996368,mucs2021,none,clean,eval,0.9997410178184509
${DATA_ROOT}/interim/rvc_gate/bonafide_source/106718_vE1rhq3ojNKZvQNv_0004.wav,bonafide,hi-en,106718,mucs2021,none,clean,eval,0.9997168183326721
${DATA_ROOT}/interim/rvc_gate/bonafide_source/142970_DP5j8CLDeL6HHHSX_0004.wav,bonafide,hi-en,142970,mucs2021,none,clean,eval,0.9994704127311707
${DATA_ROOT}/interim/rvc_gate/bonafide_source/177570_jSNK2zDaIvyZsMZp_0006.wav,bonafide,hi-en,177570,mucs2021,none,clean,eval,0.9994472861289978
${DATA_ROOT}/interim/rvc_gate/bonafide_source/186783_LFpbaXkb8HuQ6DnF_0004.wav,bonafide,hi-en,186783,mucs2021,none,clean,eval,0.9997385144233704
${DATA_ROOT}/interim/rvc_gate/bonafide_source/205240_F4KjmwYhWvnpSE0m_0004.wav,bonafide,hi-en,205240,mucs2021,none,clean,eval,0.9994107484817505
${DATA_ROOT}/interim/rvc_gate/bonafide_source/322882_XTscbPr78nzuHhuu_0006.wav,bonafide,hi-en,322882,mucs2021,none,clean,eval,0.9994445443153381
${DATA_ROOT}/interim/rvc_gate/bonafide_source/413057_aKSsdMqkPfUWyYeS_0004.wav,bonafide,hi-en,413057,mucs2021,none,clean,eval,0.9998874664306641
${DATA_ROOT}/interim/rvc_gate/bonafide_source/457295_WgzliDtK6Htff0g2_0008.wav,bonafide,hi-en,457295,mucs2021,none,clean,eval,0.9996681213378906
${DATA_ROOT}/interim/rvc_gate/bonafide_source/539226_vZGSoJPH1tbvsyCa_0004.wav,bonafide,hi-en,539226,mucs2021,none,clean,eval,0.9995385408401489
${DATA_ROOT}/interim/rvc_gate/bonafide_source/539354_C3MtnFEDrRkWHSvJ_0004.wav,bonafide,hi-en,539354,mucs2021,none,clean,eval,0.9997668862342834
${DATA_ROOT}/interim/rvc_gate/bonafide_source/541304_cyhxRWI0LoKYZvcw_0005.wav,bonafide,hi-en,541304,mucs2021,none,clean,eval,0.9997840523719788
${DATA_ROOT}/interim/rvc_gate/bonafide_source/584991_1ijxO93RTIJh2Rzv_0004.wav,bonafide,hi-en,584991,mucs2021,none,clean,eval,0.9995419979095459
${DATA_ROOT}/interim/rvc_gate/bonafide_source/634568_jCgweujQVV5haVF1_0005.wav,bonafide,hi-en,634568,mucs2021,none,clean,eval,0.9997978806495667
${DATA_ROOT}/interim/rvc_gate/bonafide_source/705494_fZcxLszRnIHxmVQp_0004.wav,bonafide,hi-en,705494,mucs2021,none,clean,eval,0.9995480179786682
${DATA_ROOT}/interim/rvc_gate/bonafide_source/797767_TRInoJRJxAX3qv5C_0004.wav,bonafide,hi-en,797767,mucs2021,none,clean,eval,0.9996235370635986
${DATA_ROOT}/interim/rvc_gate/bonafide_source/850754_wOTMMvC3WQ5YQRAF_0005.wav,bonafide,hi-en,850754,mucs2021,none,clean,eval,0.9992936849594116
${DATA_ROOT}/interim/rvc_gate/bonafide_source/870582_crdH0AI5aH25bEXe_0004.wav,bonafide,hi-en,870582,mucs2021,none,clean,eval,0.8881478309631348
${DATA_ROOT}/interim/rvc_gate/bonafide_source/876898_RyQSvr4r4iAMTYXq_0004.wav,bonafide,hi-en,876898,mucs2021,none,clean,eval,0.999524712562561
${DATA_ROOT}/interim/rvc_gate/bonafide_source/893273_8xh3ZKpPy5YhAnKX_0004.wav,bonafide,hi-en,893273,mucs2021,none,clean,eval,0.9997263550758362
${DATA_ROOT}/interim/rvc_gate/bonafide_source/903756_K3X6AGezGWAoDe1q_0008.wav,bonafide,hi-en,903756,mucs2021,none,clean,eval,0.9998384714126587
${DATA_ROOT}/interim/rvc_gate/bonafide_source/912184_V11NDc0lxudGbWQU_0004.wav,bonafide,hi-en,912184,mucs2021,none,clean,eval,0.9995275735855103
${DATA_ROOT}/interim/rvc_gate/bonafide_source/975912_1eNS3GaW1oHHurL4_0004.wav,bonafide,hi-en,975912,mucs2021,none,clean,eval,0.9995144605636597
${DATA_ROOT}/interim/rvc_gate/bonafide_source/987461_LSRBJiHdUoHm4BTI_0004.wav,bonafide,hi-en,987461,mucs2021,none,clean,eval,0.9997020363807678
${DATA_ROOT}/interim/rvc_gate/bonafide_source/996368_n4ACC4gnqW0IM1wW_0004.wav,bonafide,hi-en,996368,mucs2021,none,clean,eval,0.9996702671051025
${DATA_ROOT}/interim/rvc_gate/bonafide_source/106718_vE1rhq3ojNKZvQNv_0005.wav,bonafide,hi-en,106718,mucs2021,none,clean,eval,0.9996577501296997
${DATA_ROOT}/interim/rvc_gate/bonafide_source/142970_DP5j8CLDeL6HHHSX_0005.wav,bonafide,hi-en,142970,mucs2021,none,clean,eval,0.9996495246887207
${DATA_ROOT}/interim/rvc_gate/bonafide_source/177570_jSNK2zDaIvyZsMZp_0007.wav,bonafide,hi-en,177570,mucs2021,none,clean,eval,0.9996203184127808
${DATA_ROOT}/interim/rvc_gate/bonafide_source/186783_LFpbaXkb8HuQ6DnF_0005.wav,bonafide,hi-en,186783,mucs2021,none,clean,eval,0.9996379613876343
${DATA_ROOT}/interim/rvc_gate/bonafide_source/205240_F4KjmwYhWvnpSE0m_0005.wav,bonafide,hi-en,205240,mucs2021,none,clean,eval,0.999514102935791
${DATA_ROOT}/interim/rvc_gate/bonafide_source/106718_vE1rhq3ojNKZvQNv_0008.wav,bonafide,hi-en,106718,mucs2021,none,clean,eval,0.9995829463005066
${DATA_ROOT}/interim/rvc_gate/bonafide_source/142970_DP5j8CLDeL6HHHSX_0007.wav,bonafide,hi-en,142970,mucs2021,none,clean,eval,0.999666690826416
${DATA_ROOT}/interim/rvc_gate/bonafide_source/177570_jSNK2zDaIvyZsMZp_0009.wav,bonafide,hi-en,177570,mucs2021,none,clean,eval,0.9988207221031189
${DATA_ROOT}/interim/rvc_gate/bonafide_source/186783_LFpbaXkb8HuQ6DnF_0007.wav,bonafide,hi-en,186783,mucs2021,none,clean,eval,0.9994939565658569
${DATA_ROOT}/interim/rvc_gate/bonafide_source/205240_F4KjmwYhWvnpSE0m_0007.wav,bonafide,hi-en,205240,mucs2021,none,clean,eval,0.9995402097702026
${DATA_ROOT}/interim/rvc_gate/bonafide_source/322882_XTscbPr78nzuHhuu_0009.wav,bonafide,hi-en,322882,mucs2021,none,clean,eval,0.9995365142822266
${DATA_ROOT}/interim/rvc_gate/bonafide_source/413057_aKSsdMqkPfUWyYeS_0007.wav,bonafide,hi-en,413057,mucs2021,none,clean,eval,0.9997655749320984
${DATA_ROOT}/interim/rvc_gate/bonafide_source/445718_H6Z2BkcyVtiuiN7A_0007.wav,bonafide,hi-en,445718,mucs2021,none,clean,eval,0.9995408058166504
${DATA_ROOT}/interim/rvc_gate/bonafide_source/457295_WgzliDtK6Htff0g2_0012.wav,bonafide,hi-en,457295,mucs2021,none,clean,eval,0.9997045397758484
${DATA_ROOT}/interim/rvc_gate/bonafide_source/539226_vZGSoJPH1tbvsyCa_0007.wav,bonafide,hi-en,539226,mucs2021,none,clean,eval,0.9995192289352417
${DATA_ROOT}/interim/rvc_gate/bonafide_source/539354_C3MtnFEDrRkWHSvJ_0007.wav,bonafide,hi-en,539354,mucs2021,none,clean,eval,0.9998055100440979
${DATA_ROOT}/interim/rvc_gate/bonafide_source/541304_cyhxRWI0LoKYZvcw_0008.wav,bonafide,hi-en,541304,mucs2021,none,clean,eval,0.9994145631790161
${DATA_ROOT}/interim/rvc_gate/bonafide_source/584991_1ijxO93RTIJh2Rzv_0007.wav,bonafide,hi-en,584991,mucs2021,none,clean,eval,0.9998143315315247
${DATA_ROOT}/interim/rvc_gate/bonafide_source/634568_jCgweujQVV5haVF1_0009.wav,bonafide,hi-en,634568,mucs2021,none,clean,eval,0.9998738765716553
${DATA_ROOT}/interim/rvc_gate/bonafide_source/705494_fZcxLszRnIHxmVQp_0007.wav,bonafide,hi-en,705494,mucs2021,none,clean,eval,0.9997692704200745
${DATA_ROOT}/interim/rvc_gate/bonafide_source/797767_TRInoJRJxAX3qv5C_0007.wav,bonafide,hi-en,797767,mucs2021,none,clean,eval,0.9998008608818054
${DATA_ROOT}/interim/rvc_gate/bonafide_source/870582_crdH0AI5aH25bEXe_0007.wav,bonafide,hi-en,870582,mucs2021,none,clean,eval,0.9997640252113342
${DATA_ROOT}/interim/rvc_gate/bonafide_source/876898_RyQSvr4r4iAMTYXq_0007.wav,bonafide,hi-en,876898,mucs2021,none,clean,eval,0.999359667301178
${DATA_ROOT}/interim/rvc_gate/bonafide_source/893273_8xh3ZKpPy5YhAnKX_0009.wav,bonafide,hi-en,893273,mucs2021,none,clean,eval,0.9997424483299255
${DATA_ROOT}/interim/rvc_gate/bonafide_source/903756_K3X6AGezGWAoDe1q_0011.wav,bonafide,hi-en,903756,mucs2021,none,clean,eval,0.9997357726097107
${DATA_ROOT}/interim/rvc_gate/bonafide_source/912184_V11NDc0lxudGbWQU_0007.wav,bonafide,hi-en,912184,mucs2021,none,clean,eval,0.9998284578323364
${DATA_ROOT}/interim/rvc_gate/bonafide_source/975912_1eNS3GaW1oHHurL4_0007.wav,bonafide,hi-en,975912,mucs2021,none,clean,eval,0.9993129968643188
${DATA_ROOT}/interim/rvc_gate/bonafide_source/987461_LSRBJiHdUoHm4BTI_0007.wav,bonafide,hi-en,987461,mucs2021,none,clean,eval,0.9994433522224426
${DATA_ROOT}/interim/rvc_gate/bonafide_source/996368_n4ACC4gnqW0IM1wW_0007.wav,bonafide,hi-en,996368,mucs2021,none,clean,eval,0.9997194409370422
${DATA_ROOT}/interim/rvc_gate/bonafide_source/106718_vE1rhq3ojNKZvQNv_0009.wav,bonafide,hi-en,106718,mucs2021,none,clean,eval,0.9998186230659485
${DATA_ROOT}/interim/rvc_gate/bonafide_source/142970_DP5j8CLDeL6HHHSX_0008.wav,bonafide,hi-en,142970,mucs2021,none,clean,eval,0.9996084570884705
${DATA_ROOT}/interim/rvc_gate/bonafide_source/177570_jSNK2zDaIvyZsMZp_0010.wav,bonafide,hi-en,177570,mucs2021,none,clean,eval,0.9994432330131531
${DATA_ROOT}/interim/rvc_gate/bonafide_source/186783_LFpbaXkb8HuQ6DnF_0008.wav,bonafide,hi-en,186783,mucs2021,none,clean,eval,0.9997548460960388
${DATA_ROOT}/interim/rvc_gate/bonafide_source/205240_F4KjmwYhWvnpSE0m_0008.wav,bonafide,hi-en,205240,mucs2021,none,clean,eval,0.9996789693832397
${DATA_ROOT}/interim/rvc_gate/bonafide_source/322882_XTscbPr78nzuHhuu_0010.wav,bonafide,hi-en,322882,mucs2021,none,clean,eval,0.9997044205665588
${DATA_ROOT}/interim/rvc_gate/bonafide_source/413057_aKSsdMqkPfUWyYeS_0008.wav,bonafide,hi-en,413057,mucs2021,none,clean,eval,0.9994811415672302
${DATA_ROOT}/interim/rvc_gate/bonafide_source/445718_H6Z2BkcyVtiuiN7A_0008.wav,bonafide,hi-en,445718,mucs2021,none,clean,eval,0.9996057152748108
${DATA_ROOT}/interim/rvc_gate/bonafide_source/457295_WgzliDtK6Htff0g2_0013.wav,bonafide,hi-en,457295,mucs2021,none,clean,eval,0.9994850158691406
${DATA_ROOT}/interim/rvc_gate/bonafide_source/539226_vZGSoJPH1tbvsyCa_0008.wav,bonafide,hi-en,539226,mucs2021,none,clean,eval,0.9993757605552673
${DATA_ROOT}/interim/rvc_gate/bonafide_source/539354_C3MtnFEDrRkWHSvJ_0008.wav,bonafide,hi-en,539354,mucs2021,none,clean,eval,0.9996546506881714
${DATA_ROOT}/interim/rvc_gate/bonafide_source/541304_cyhxRWI0LoKYZvcw_0009.wav,bonafide,hi-en,541304,mucs2021,none,clean,eval,0.9998384714126587
${DATA_ROOT}/interim/rvc_gate/bonafide_source/584991_1ijxO93RTIJh2Rzv_0008.wav,bonafide,hi-en,584991,mucs2021,none,clean,eval,0.9995498061180115
${DATA_ROOT}/interim/rvc_gate/bonafide_source/634568_jCgweujQVV5haVF1_0010.wav,bonafide,hi-en,634568,mucs2021,none,clean,eval,0.9995890259742737
${DATA_ROOT}/interim/rvc_gate/bonafide_source/705494_fZcxLszRnIHxmVQp_0008.wav,bonafide,hi-en,705494,mucs2021,none,clean,eval,0.9995657801628113
${DATA_ROOT}/interim/rvc_gate/bonafide_source/797767_TRInoJRJxAX3qv5C_0008.wav,bonafide,hi-en,797767,mucs2021,none,clean,eval,0.9997004270553589
${DATA_ROOT}/interim/rvc_gate/bonafide_source/870582_crdH0AI5aH25bEXe_0008.wav,bonafide,hi-en,870582,mucs2021,none,clean,eval,0.9996544122695923
${DATA_ROOT}/interim/rvc_gate/bonafide_source/876898_RyQSvr4r4iAMTYXq_0008.wav,bonafide,hi-en,876898,mucs2021,none,clean,eval,0.9992823004722595
${DATA_ROOT}/interim/rvc_gate/bonafide_source/893273_8xh3ZKpPy5YhAnKX_0010.wav,bonafide,hi-en,893273,mucs2021,none,clean,eval,0.99959796667099
${DATA_ROOT}/interim/rvc_gate/bonafide_source/903756_K3X6AGezGWAoDe1q_0012.wav,bonafide,hi-en,903756,mucs2021,none,clean,eval,0.9996222257614136
${DATA_ROOT}/interim/rvc_gate/bonafide_source/912184_V11NDc0lxudGbWQU_0008.wav,bonafide,hi-en,912184,mucs2021,none,clean,eval,0.999816358089447
${DATA_ROOT}/interim/rvc_gate/bonafide_source/975912_1eNS3GaW1oHHurL4_0008.wav,bonafide,hi-en,975912,mucs2021,none,clean,eval,0.9994814991950989
${DATA_ROOT}/interim/rvc_gate/bonafide_source/987461_LSRBJiHdUoHm4BTI_0008.wav,bonafide,hi-en,987461,mucs2021,none,clean,eval,0.99957674741745
${DATA_ROOT}/interim/rvc_gate/bonafide_source/996368_n4ACC4gnqW0IM1wW_0008.wav,bonafide,hi-en,996368,mucs2021,none,clean,eval,0.9992990493774414
${DATA_ROOT}/interim/rvc_gate/bonafide_source/106718_vE1rhq3ojNKZvQNv_0010.wav,bonafide,hi-en,106718,mucs2021,none,clean,eval,0.9995623230934143
${DATA_ROOT}/interim/rvc_gate/bonafide_source/142970_DP5j8CLDeL6HHHSX_0009.wav,bonafide,hi-en,142970,mucs2021,none,clean,eval,0.9993783235549927
${DATA_ROOT}/interim/rvc_gate/bonafide_source/177570_jSNK2zDaIvyZsMZp_0011.wav,bonafide,hi-en,177570,mucs2021,none,clean,eval,0.999303936958313
${DATA_ROOT}/interim/rvc_gate/bonafide_source/186783_LFpbaXkb8HuQ6DnF_0009.wav,bonafide,hi-en,186783,mucs2021,none,clean,eval,0.9981765747070312
${DATA_ROOT}/interim/rvc_gate/bonafide_source/205240_F4KjmwYhWvnpSE0m_0009.wav,bonafide,hi-en,205240,mucs2021,none,clean,eval,0.9995259046554565
${DATA_ROOT}/interim/rvc_gate/bonafide_source/322882_XTscbPr78nzuHhuu_0011.wav,bonafide,hi-en,322882,mucs2021,none,clean,eval,0.9997230172157288
${DATA_ROOT}/interim/rvc_gate/bonafide_source/413057_aKSsdMqkPfUWyYeS_0009.wav,bonafide,hi-en,413057,mucs2021,none,clean,eval,0.9995003938674927
${DATA_ROOT}/interim/rvc_gate/bonafide_source/445718_H6Z2BkcyVtiuiN7A_0009.wav,bonafide,hi-en,445718,mucs2021,none,clean,eval,0.9995347261428833
${DATA_ROOT}/interim/rvc_gate/bonafide_source/457295_WgzliDtK6Htff0g2_0014.wav,bonafide,hi-en,457295,mucs2021,none,clean,eval,0.9995850920677185
${DATA_ROOT}/interim/rvc_gate/bonafide_source/539226_vZGSoJPH1tbvsyCa_0009.wav,bonafide,hi-en,539226,mucs2021,none,clean,eval,0.9996422529220581
${DATA_ROOT}/interim/rvc_gate/bonafide_source/539354_C3MtnFEDrRkWHSvJ_0009.wav,bonafide,hi-en,539354,mucs2021,none,clean,eval,0.9997180104255676
${DATA_ROOT}/interim/rvc_gate/bonafide_source/541304_cyhxRWI0LoKYZvcw_0010.wav,bonafide,hi-en,541304,mucs2021,none,clean,eval,0.9996169805526733
${DATA_ROOT}/interim/rvc_gate/bonafide_source/584991_1ijxO93RTIJh2Rzv_0009.wav,bonafide,hi-en,584991,mucs2021,none,clean,eval,0.9997389912605286
${DATA_ROOT}/interim/rvc_gate/bonafide_source/634568_jCgweujQVV5haVF1_0011.wav,bonafide,hi-en,634568,mucs2021,none,clean,eval,0.9996974468231201
${DATA_ROOT}/interim/rvc_gate/bonafide_source/705494_fZcxLszRnIHxmVQp_0009.wav,bonafide,hi-en,705494,mucs2021,none,clean,eval,0.9994931221008301
${DATA_ROOT}/interim/rvc_gate/bonafide_source/797767_TRInoJRJxAX3qv5C_0009.wav,bonafide,hi-en,797767,mucs2021,none,clean,eval,0.9997870326042175
${DATA_ROOT}/interim/rvc_gate/bonafide_source/870582_crdH0AI5aH25bEXe_0009.wav,bonafide,hi-en,870582,mucs2021,none,clean,eval,0.9989582300186157
${DATA_ROOT}/interim/rvc_gate/bonafide_source/876898_RyQSvr4r4iAMTYXq_0009.wav,bonafide,hi-en,876898,mucs2021,none,clean,eval,0.9995953440666199
${DATA_ROOT}/interim/rvc_gate/bonafide_source/893273_8xh3ZKpPy5YhAnKX_0012.wav,bonafide,hi-en,893273,mucs2021,none,clean,eval,0.9996776580810547
${DATA_ROOT}/interim/rvc_gate/bonafide_source/903756_K3X6AGezGWAoDe1q_0013.wav,bonafide,hi-en,903756,mucs2021,none,clean,eval,0.9995399713516235
${DATA_ROOT}/interim/rvc_gate/bonafide_source/912184_V11NDc0lxudGbWQU_0009.wav,bonafide,hi-en,912184,mucs2021,none,clean,eval,0.9992554783821106
${DATA_ROOT}/interim/rvc_gate/bonafide_source/975912_1eNS3GaW1oHHurL4_0009.wav,bonafide,hi-en,975912,mucs2021,none,clean,eval,0.9994534850120544
${DATA_ROOT}/interim/rvc_gate/bonafide_source/987461_LSRBJiHdUoHm4BTI_0009.wav,bonafide,hi-en,987461,mucs2021,none,clean,eval,0.9997302889823914
${DATA_ROOT}/interim/rvc_gate/bonafide_source/996368_n4ACC4gnqW0IM1wW_0009.wav,bonafide,hi-en,996368,mucs2021,none,clean,eval,0.9997307658195496
${DATA_ROOT}/interim/rvc_gate/bonafide_source/106718_vE1rhq3ojNKZvQNv_0011.wav,bonafide,hi-en,106718,mucs2021,none,clean,eval,0.9997908473014832
${DATA_ROOT}/interim/rvc_gate/bonafide_source/142970_DP5j8CLDeL6HHHSX_0010.wav,bonafide,hi-en,142970,mucs2021,none,clean,eval,0.9995670914649963
${DATA_ROOT}/interim/rvc_gate/bonafide_source/177570_jSNK2zDaIvyZsMZp_0012.wav,bonafide,hi-en,177570,mucs2021,none,clean,eval,0.999381422996521
${DATA_ROOT}/interim/rvc_gate/bonafide_source/186783_LFpbaXkb8HuQ6DnF_0010.wav,bonafide,hi-en,186783,mucs2021,none,clean,eval,0.999525785446167
${DATA_ROOT}/interim/rvc_gate/bonafide_source/205240_F4KjmwYhWvnpSE0m_0010.wav,bonafide,hi-en,205240,mucs2021,none,clean,eval,0.9998466968536377
${DATA_ROOT}/interim/rvc_gate/bonafide_source/322882_XTscbPr78nzuHhuu_0012.wav,bonafide,hi-en,322882,mucs2021,none,clean,eval,0.99934321641922
${DATA_ROOT}/interim/rvc_gate/bonafide_source/413057_aKSsdMqkPfUWyYeS_0010.wav,bonafide,hi-en,413057,mucs2021,none,clean,eval,0.9996764659881592
${DATA_ROOT}/interim/rvc_gate/bonafide_source/445718_H6Z2BkcyVtiuiN7A_0010.wav,bonafide,hi-en,445718,mucs2021,none,clean,eval,0.9997637867927551
${DATA_ROOT}/interim/rvc_gate/bonafide_source/457295_WgzliDtK6Htff0g2_0015.wav,bonafide,hi-en,457295,mucs2021,none,clean,eval,0.999804675579071
${DATA_ROOT}/interim/rvc_gate/bonafide_source/539226_vZGSoJPH1tbvsyCa_0011.wav,bonafide,hi-en,539226,mucs2021,none,clean,eval,0.9803581237792969
${DATA_ROOT}/interim/rvc_gate/bonafide_source/539354_C3MtnFEDrRkWHSvJ_0010.wav,bonafide,hi-en,539354,mucs2021,none,clean,eval,0.9996007084846497
${DATA_ROOT}/interim/rvc_gate/bonafide_source/541304_cyhxRWI0LoKYZvcw_0011.wav,bonafide,hi-en,541304,mucs2021,none,clean,eval,0.9995964169502258
${DATA_ROOT}/interim/rvc_gate/bonafide_source/584991_1ijxO93RTIJh2Rzv_0010.wav,bonafide,hi-en,584991,mucs2021,none,clean,eval,0.9997231364250183
${DATA_ROOT}/interim/rvc_gate/bonafide_source/634568_jCgweujQVV5haVF1_0012.wav,bonafide,hi-en,634568,mucs2021,none,clean,eval,0.9996829032897949
${DATA_ROOT}/interim/rvc_gate/bonafide_source/705494_fZcxLszRnIHxmVQp_0011.wav,bonafide,hi-en,705494,mucs2021,none,clean,eval,0.9995666146278381
${DATA_ROOT}/interim/rvc_gate/bonafide_source/797767_TRInoJRJxAX3qv5C_0010.wav,bonafide,hi-en,797767,mucs2021,none,clean,eval,0.9997163414955139
${DATA_ROOT}/interim/rvc_gate/bonafide_source/870582_crdH0AI5aH25bEXe_0010.wav,bonafide,hi-en,870582,mucs2021,none,clean,eval,0.9994614720344543
${DATA_ROOT}/interim/rvc_gate/bonafide_source/876898_RyQSvr4r4iAMTYXq_0010.wav,bonafide,hi-en,876898,mucs2021,none,clean,eval,0.9995344877243042
${DATA_ROOT}/interim/rvc_gate/bonafide_source/893273_8xh3ZKpPy5YhAnKX_0013.wav,bonafide,hi-en,893273,mucs2021,none,clean,eval,0.9996711015701294
${DATA_ROOT}/interim/rvc_gate/bonafide_source/903756_K3X6AGezGWAoDe1q_0014.wav,bonafide,hi-en,903756,mucs2021,none,clean,eval,0.9996405839920044
${DATA_ROOT}/interim/rvc_gate/bonafide_source/912184_V11NDc0lxudGbWQU_0010.wav,bonafide,hi-en,912184,mucs2021,none,clean,eval,0.9997724890708923
${DATA_ROOT}/interim/rvc_gate/bonafide_source/975912_1eNS3GaW1oHHurL4_0010.wav,bonafide,hi-en,975912,mucs2021,none,clean,eval,0.9995703101158142
${DATA_ROOT}/interim/rvc_gate/bonafide_source/987461_LSRBJiHdUoHm4BTI_0010.wav,bonafide,hi-en,987461,mucs2021,none,clean,eval,0.9994997978210449
${DATA_ROOT}/interim/rvc_gate/bonafide_source/996368_n4ACC4gnqW0IM1wW_0010.wav,bonafide,hi-en,996368,mucs2021,none,clean,eval,0.9996732473373413
${DATA_ROOT}/interim/rvc_gate/bonafide_source/106718_vE1rhq3ojNKZvQNv_0012.wav,bonafide,hi-en,106718,mucs2021,none,clean,eval,0.9997778534889221
${DATA_ROOT}/interim/rvc_gate/bonafide_source/142970_DP5j8CLDeL6HHHSX_0011.wav,bonafide,hi-en,142970,mucs2021,none,clean,eval,0.9991921782493591
${DATA_ROOT}/interim/rvc_gate/bonafide_source/177570_jSNK2zDaIvyZsMZp_0013.wav,bonafide,hi-en,177570,mucs2021,none,clean,eval,0.9992793202400208
${DATA_ROOT}/interim/rvc_gate/bonafide_source/186783_LFpbaXkb8HuQ6DnF_0011.wav,bonafide,hi-en,186783,mucs2021,none,clean,eval,0.9996798038482666
${DATA_ROOT}/interim/rvc_gate/bonafide_source/205240_F4KjmwYhWvnpSE0m_0011.wav,bonafide,hi-en,205240,mucs2021,none,clean,eval,0.9996532201766968
${DATA_ROOT}/interim/rvc_gate/bonafide_source/322882_XTscbPr78nzuHhuu_0013.wav,bonafide,hi-en,322882,mucs2021,none,clean,eval,0.9996346235275269
${DATA_ROOT}/interim/rvc_gate/bonafide_source/413057_aKSsdMqkPfUWyYeS_0011.wav,bonafide,hi-en,413057,mucs2021,none,clean,eval,0.9959490299224854
${DATA_ROOT}/interim/rvc_gate/bonafide_source/445718_H6Z2BkcyVtiuiN7A_0011.wav,bonafide,hi-en,445718,mucs2021,none,clean,eval,0.9998364448547363
${DATA_ROOT}/interim/rvc_gate/bonafide_source/457295_WgzliDtK6Htff0g2_0016.wav,bonafide,hi-en,457295,mucs2021,none,clean,eval,0.9998660087585449
${DATA_ROOT}/interim/rvc_gate/bonafide_source/539226_vZGSoJPH1tbvsyCa_0012.wav,bonafide,hi-en,539226,mucs2021,none,clean,eval,0.9994120597839355
${DATA_ROOT}/interim/rvc_gate/bonafide_source/539354_C3MtnFEDrRkWHSvJ_0011.wav,bonafide,hi-en,539354,mucs2021,none,clean,eval,0.9998594522476196
${DATA_ROOT}/interim/rvc_gate/bonafide_source/541304_cyhxRWI0LoKYZvcw_0012.wav,bonafide,hi-en,541304,mucs2021,none,clean,eval,0.9996979236602783
${DATA_ROOT}/interim/rvc_gate/bonafide_source/584991_1ijxO93RTIJh2Rzv_0011.wav,bonafide,hi-en,584991,mucs2021,none,clean,eval,0.9995624423027039
${DATA_ROOT}/interim/rvc_gate/bonafide_source/634568_jCgweujQVV5haVF1_0013.wav,bonafide,hi-en,634568,mucs2021,none,clean,eval,0.999588668346405
${DATA_ROOT}/interim/rvc_gate/bonafide_source/705494_fZcxLszRnIHxmVQp_0012.wav,bonafide,hi-en,705494,mucs2021,none,clean,eval,0.9996237754821777
${DATA_ROOT}/interim/rvc_gate/bonafide_source/797767_TRInoJRJxAX3qv5C_0011.wav,bonafide,hi-en,797767,mucs2021,none,clean,eval,0.9998206496238708
${DATA_ROOT}/interim/rvc_gate/bonafide_source/870582_crdH0AI5aH25bEXe_0012.wav,bonafide,hi-en,870582,mucs2021,none,clean,eval,0.9988940358161926
${DATA_ROOT}/interim/rvc_gate/bonafide_source/876898_RyQSvr4r4iAMTYXq_0011.wav,bonafide,hi-en,876898,mucs2021,none,clean,eval,0.9997133612632751
${DATA_ROOT}/interim/rvc_gate/bonafide_source/893273_8xh3ZKpPy5YhAnKX_0014.wav,bonafide,hi-en,893273,mucs2021,none,clean,eval,0.999610960483551
${DATA_ROOT}/interim/rvc_gate/bonafide_source/903756_K3X6AGezGWAoDe1q_0015.wav,bonafide,hi-en,903756,mucs2021,none,clean,eval,0.9996832609176636
${DATA_ROOT}/interim/rvc_gate/bonafide_source/912184_V11NDc0lxudGbWQU_0011.wav,bonafide,hi-en,912184,mucs2021,none,clean,eval,0.9998764991760254
${DATA_ROOT}/interim/rvc_gate/bonafide_source/975912_1eNS3GaW1oHHurL4_0011.wav,bonafide,hi-en,975912,mucs2021,none,clean,eval,0.9997164607048035
${DATA_ROOT}/interim/rvc_gate/bonafide_source/987461_LSRBJiHdUoHm4BTI_0011.wav,bonafide,hi-en,987461,mucs2021,none,clean,eval,0.9997350573539734
${DATA_ROOT}/interim/rvc_gate/bonafide_source/996368_n4ACC4gnqW0IM1wW_0011.wav,bonafide,hi-en,996368,mucs2021,none,clean,eval,0.9996539354324341
${DATA_ROOT}/interim/rvc_gate/bonafide_source/106718_vE1rhq3ojNKZvQNv_0013.wav,bonafide,hi-en,106718,mucs2021,none,clean,eval,0.9997190833091736
${DATA_ROOT}/interim/rvc_gate/bonafide_source/142970_DP5j8CLDeL6HHHSX_0012.wav,bonafide,hi-en,142970,mucs2021,none,clean,eval,0.9995941519737244
${DATA_ROOT}/interim/rvc_gate/bonafide_source/177570_jSNK2zDaIvyZsMZp_0014.wav,bonafide,hi-en,177570,mucs2021,none,clean,eval,0.9991133809089661
${DATA_ROOT}/interim/rvc_gate/bonafide_source/186783_LFpbaXkb8HuQ6DnF_0012.wav,bonafide,hi-en,186783,mucs2021,none,clean,eval,0.9995465874671936
${DATA_ROOT}/interim/rvc_gate/bonafide_source/205240_F4KjmwYhWvnpSE0m_0012.wav,bonafide,hi-en,205240,mucs2021,none,clean,eval,0.999734103679657
${DATA_ROOT}/interim/rvc_gate/bonafide_source/106718_vE1rhq3ojNKZvQNv_0015.wav,bonafide,hi-en,106718,mucs2021,none,clean,eval,0.9997642636299133
${DATA_ROOT}/interim/rvc_gate/bonafide_source/142970_DP5j8CLDeL6HHHSX_0014.wav,bonafide,hi-en,142970,mucs2021,none,clean,eval,0.9989311099052429
${DATA_ROOT}/interim/rvc_gate/bonafide_source/177570_jSNK2zDaIvyZsMZp_0016.wav,bonafide,hi-en,177570,mucs2021,none,clean,eval,0.9993471503257751
${DATA_ROOT}/interim/rvc_gate/bonafide_source/186783_LFpbaXkb8HuQ6DnF_0014.wav,bonafide,hi-en,186783,mucs2021,none,clean,eval,0.9997393488883972
${DATA_ROOT}/interim/rvc_gate/bonafide_source/205240_F4KjmwYhWvnpSE0m_0014.wav,bonafide,hi-en,205240,mucs2021,none,clean,eval,0.9996311664581299
${DATA_ROOT}/interim/rvc_gate/bonafide_source/322882_XTscbPr78nzuHhuu_0016.wav,bonafide,hi-en,322882,mucs2021,none,clean,eval,0.9995477795600891
${DATA_ROOT}/interim/rvc_gate/bonafide_source/413057_aKSsdMqkPfUWyYeS_0014.wav,bonafide,hi-en,413057,mucs2021,none,clean,eval,0.9995899796485901
${DATA_ROOT}/interim/rvc_gate/bonafide_source/445718_H6Z2BkcyVtiuiN7A_0014.wav,bonafide,hi-en,445718,mucs2021,none,clean,eval,0.999380350112915
${DATA_ROOT}/interim/rvc_gate/bonafide_source/539226_vZGSoJPH1tbvsyCa_0015.wav,bonafide,hi-en,539226,mucs2021,none,clean,eval,0.9996777772903442
${DATA_ROOT}/interim/rvc_gate/bonafide_source/539354_C3MtnFEDrRkWHSvJ_0015.wav,bonafide,hi-en,539354,mucs2021,none,clean,eval,0.999053418636322
${DATA_ROOT}/interim/rvc_gate/bonafide_source/541304_cyhxRWI0LoKYZvcw_0015.wav,bonafide,hi-en,541304,mucs2021,none,clean,eval,0.9996191263198853
${DATA_ROOT}/interim/rvc_gate/bonafide_source/584991_1ijxO93RTIJh2Rzv_0015.wav,bonafide,hi-en,584991,mucs2021,none,clean,eval,0.999620795249939
${DATA_ROOT}/interim/rvc_gate/bonafide_source/634568_jCgweujQVV5haVF1_0016.wav,bonafide,hi-en,634568,mucs2021,none,clean,eval,0.9996640682220459
${DATA_ROOT}/interim/rvc_gate/bonafide_source/705494_fZcxLszRnIHxmVQp_0015.wav,bonafide,hi-en,705494,mucs2021,none,clean,eval,0.9993744492530823
${DATA_ROOT}/interim/rvc_gate/bonafide_source/797767_TRInoJRJxAX3qv5C_0014.wav,bonafide,hi-en,797767,mucs2021,none,clean,eval,0.9995937943458557
${DATA_ROOT}/interim/rvc_gate/bonafide_source/850754_wOTMMvC3WQ5YQRAF_0015.wav,bonafide,hi-en,850754,mucs2021,none,clean,eval,0.9998290538787842
${DATA_ROOT}/interim/rvc_gate/bonafide_source/870582_crdH0AI5aH25bEXe_0015.wav,bonafide,hi-en,870582,mucs2021,none,clean,eval,0.999457061290741
${DATA_ROOT}/interim/rvc_gate/bonafide_source/876898_RyQSvr4r4iAMTYXq_0014.wav,bonafide,hi-en,876898,mucs2021,none,clean,eval,0.9998161196708679
${DATA_ROOT}/interim/rvc_gate/bonafide_source/893273_8xh3ZKpPy5YhAnKX_0017.wav,bonafide,hi-en,893273,mucs2021,none,clean,eval,0.9997158646583557
${DATA_ROOT}/interim/rvc_gate/bonafide_source/903756_K3X6AGezGWAoDe1q_0018.wav,bonafide,hi-en,903756,mucs2021,none,clean,eval,0.9991222023963928
${DATA_ROOT}/interim/rvc_gate/bonafide_source/912184_V11NDc0lxudGbWQU_0015.wav,bonafide,hi-en,912184,mucs2021,none,clean,eval,0.9996575117111206
${DATA_ROOT}/interim/rvc_gate/bonafide_source/975912_1eNS3GaW1oHHurL4_0014.wav,bonafide,hi-en,975912,mucs2021,none,clean,eval,0.9994884729385376
${DATA_ROOT}/interim/rvc_gate/bonafide_source/987461_LSRBJiHdUoHm4BTI_0014.wav,bonafide,hi-en,987461,mucs2021,none,clean,eval,0.9995678067207336
${DATA_ROOT}/interim/rvc_gate/bonafide_source/996368_n4ACC4gnqW0IM1wW_0014.wav,bonafide,hi-en,996368,mucs2021,none,clean,eval,0.9998151659965515
${DATA_ROOT}/interim/rvc_gate/bonafide_source/106718_vE1rhq3ojNKZvQNv_0016.wav,bonafide,hi-en,106718,mucs2021,none,clean,eval,0.9996811151504517
${DATA_ROOT}/interim/rvc_gate/bonafide_source/142970_DP5j8CLDeL6HHHSX_0015.wav,bonafide,hi-en,142970,mucs2021,none,clean,eval,0.9995008707046509
${DATA_ROOT}/interim/rvc_gate/bonafide_source/177570_jSNK2zDaIvyZsMZp_0017.wav,bonafide,hi-en,177570,mucs2021,none,clean,eval,0.9992716908454895
${DATA_ROOT}/interim/rvc_gate/bonafide_source/186783_LFpbaXkb8HuQ6DnF_0015.wav,bonafide,hi-en,186783,mucs2021,none,clean,eval,0.9997745156288147
${DATA_ROOT}/interim/rvc_gate/bonafide_source/205240_F4KjmwYhWvnpSE0m_0015.wav,bonafide,hi-en,205240,mucs2021,none,clean,eval,0.9987810254096985
${DATA_ROOT}/interim/rvc_gate/bonafide_source/322882_XTscbPr78nzuHhuu_0017.wav,bonafide,hi-en,322882,mucs2021,none,clean,eval,0.9995638728141785
${DATA_ROOT}/interim/rvc_gate/bonafide_source/413057_aKSsdMqkPfUWyYeS_0015.wav,bonafide,hi-en,413057,mucs2021,none,clean,eval,0.9995658993721008
${DATA_ROOT}/interim/rvc_gate/bonafide_source/445718_H6Z2BkcyVtiuiN7A_0015.wav,bonafide,hi-en,445718,mucs2021,none,clean,eval,0.9996229410171509
${DATA_ROOT}/interim/rvc_gate/bonafide_source/539226_vZGSoJPH1tbvsyCa_0016.wav,bonafide,hi-en,539226,mucs2021,none,clean,eval,0.9995574355125427
${DATA_ROOT}/interim/rvc_gate/bonafide_source/539354_C3MtnFEDrRkWHSvJ_0016.wav,bonafide,hi-en,539354,mucs2021,none,clean,eval,0.9997753500938416
${DATA_ROOT}/interim/rvc_gate/bonafide_source/541304_cyhxRWI0LoKYZvcw_0017.wav,bonafide,hi-en,541304,mucs2021,none,clean,eval,0.999769389629364
${DATA_ROOT}/interim/rvc_gate/bonafide_source/584991_1ijxO93RTIJh2Rzv_0016.wav,bonafide,hi-en,584991,mucs2021,none,clean,eval,0.9997314810752869
${DATA_ROOT}/interim/rvc_gate/bonafide_source/634568_jCgweujQVV5haVF1_0017.wav,bonafide,hi-en,634568,mucs2021,none,clean,eval,0.9997308850288391
${DATA_ROOT}/interim/rvc_gate/bonafide_source/705494_fZcxLszRnIHxmVQp_0016.wav,bonafide,hi-en,705494,mucs2021,none,clean,eval,0.9996700286865234
${DATA_ROOT}/interim/rvc_gate/bonafide_source/797767_TRInoJRJxAX3qv5C_0015.wav,bonafide,hi-en,797767,mucs2021,none,clean,eval,0.9995607733726501
${DATA_ROOT}/interim/rvc_gate/bonafide_source/850754_wOTMMvC3WQ5YQRAF_0017.wav,bonafide,hi-en,850754,mucs2021,none,clean,eval,0.9994899034500122
${DATA_ROOT}/interim/rvc_gate/bonafide_source/870582_crdH0AI5aH25bEXe_0016.wav,bonafide,hi-en,870582,mucs2021,none,clean,eval,0.9992992877960205
${DATA_ROOT}/interim/rvc_gate/bonafide_source/876898_RyQSvr4r4iAMTYXq_0015.wav,bonafide,hi-en,876898,mucs2021,none,clean,eval,0.9996067881584167
${DATA_ROOT}/interim/rvc_gate/bonafide_source/893273_8xh3ZKpPy5YhAnKX_0018.wav,bonafide,hi-en,893273,mucs2021,none,clean,eval,0.9996517896652222
${DATA_ROOT}/interim/rvc_gate/bonafide_source/903756_K3X6AGezGWAoDe1q_0019.wav,bonafide,hi-en,903756,mucs2021,none,clean,eval,0.9996699094772339
${DATA_ROOT}/interim/rvc_gate/bonafide_source/912184_V11NDc0lxudGbWQU_0016.wav,bonafide,hi-en,912184,mucs2021,none,clean,eval,0.9983944296836853
${DATA_ROOT}/interim/rvc_gate/bonafide_source/975912_1eNS3GaW1oHHurL4_0015.wav,bonafide,hi-en,975912,mucs2021,none,clean,eval,0.9995793700218201
${DATA_ROOT}/interim/rvc_gate/bonafide_source/987461_LSRBJiHdUoHm4BTI_0015.wav,bonafide,hi-en,987461,mucs2021,none,clean,eval,0.999683141708374
${DATA_ROOT}/interim/rvc_gate/bonafide_source/996368_n4ACC4gnqW0IM1wW_0015.wav,bonafide,hi-en,996368,mucs2021,none,clean,eval,0.9998611211776733
${DATA_ROOT}/interim/rvc_gate/bonafide_source/106718_vE1rhq3ojNKZvQNv_0017.wav,bonafide,hi-en,106718,mucs2021,none,clean,eval,0.9996914863586426
${DATA_ROOT}/interim/rvc_gate/bonafide_source/142970_DP5j8CLDeL6HHHSX_0016.wav,bonafide,hi-en,142970,mucs2021,none,clean,eval,0.998236894607544
${DATA_ROOT}/interim/rvc_gate/bonafide_source/177570_jSNK2zDaIvyZsMZp_0018.wav,bonafide,hi-en,177570,mucs2021,none,clean,eval,0.9994250535964966
${DATA_ROOT}/interim/rvc_gate/bonafide_source/186783_LFpbaXkb8HuQ6DnF_0016.wav,bonafide,hi-en,186783,mucs2021,none,clean,eval,0.9995304346084595
${DATA_ROOT}/interim/rvc_gate/bonafide_source/205240_F4KjmwYhWvnpSE0m_0016.wav,bonafide,hi-en,205240,mucs2021,none,clean,eval,0.9996274709701538
${DATA_ROOT}/interim/rvc_gate/bonafide_source/322882_XTscbPr78nzuHhuu_0018.wav,bonafide,hi-en,322882,mucs2021,none,clean,eval,0.9996438026428223
${DATA_ROOT}/interim/rvc_gate/bonafide_source/413057_aKSsdMqkPfUWyYeS_0016.wav,bonafide,hi-en,413057,mucs2021,none,clean,eval,0.9998526573181152
${DATA_ROOT}/interim/rvc_gate/bonafide_source/445718_H6Z2BkcyVtiuiN7A_0016.wav,bonafide,hi-en,445718,mucs2021,none,clean,eval,0.999574601650238
${DATA_ROOT}/interim/rvc_gate/bonafide_source/539226_vZGSoJPH1tbvsyCa_0017.wav,bonafide,hi-en,539226,mucs2021,none,clean,eval,0.9996980428695679
${DATA_ROOT}/interim/rvc_gate/bonafide_source/539354_C3MtnFEDrRkWHSvJ_0017.wav,bonafide,hi-en,539354,mucs2021,none,clean,eval,0.9998038411140442
${DATA_ROOT}/interim/rvc_gate/bonafide_source/541304_cyhxRWI0LoKYZvcw_0018.wav,bonafide,hi-en,541304,mucs2021,none,clean,eval,0.999702513217926
${DATA_ROOT}/interim/rvc_gate/bonafide_source/584991_1ijxO93RTIJh2Rzv_0017.wav,bonafide,hi-en,584991,mucs2021,none,clean,eval,0.9996814727783203
${DATA_ROOT}/interim/rvc_gate/bonafide_source/634568_jCgweujQVV5haVF1_0018.wav,bonafide,hi-en,634568,mucs2021,none,clean,eval,0.9997852444648743
${DATA_ROOT}/interim/rvc_gate/bonafide_source/705494_fZcxLszRnIHxmVQp_0017.wav,bonafide,hi-en,705494,mucs2021,none,clean,eval,0.999758780002594
${DATA_ROOT}/interim/rvc_gate/bonafide_source/797767_TRInoJRJxAX3qv5C_0016.wav,bonafide,hi-en,797767,mucs2021,none,clean,eval,0.9996238946914673
${DATA_ROOT}/interim/rvc_gate/bonafide_source/850754_wOTMMvC3WQ5YQRAF_0018.wav,bonafide,hi-en,850754,mucs2021,none,clean,eval,0.9996826648712158
${DATA_ROOT}/interim/rvc_gate/bonafide_source/870582_crdH0AI5aH25bEXe_0017.wav,bonafide,hi-en,870582,mucs2021,none,clean,eval,0.9993865489959717
${DATA_ROOT}/interim/rvc_gate/bonafide_source/876898_RyQSvr4r4iAMTYXq_0016.wav,bonafide,hi-en,876898,mucs2021,none,clean,eval,0.99983811378479
${DATA_ROOT}/interim/rvc_gate/bonafide_source/893273_8xh3ZKpPy5YhAnKX_0019.wav,bonafide,hi-en,893273,mucs2021,none,clean,eval,0.9996662139892578
${DATA_ROOT}/interim/rvc_gate/bonafide_source/903756_K3X6AGezGWAoDe1q_0020.wav,bonafide,hi-en,903756,mucs2021,none,clean,eval,0.9998942613601685
${DATA_ROOT}/interim/rvc_gate/bonafide_source/912184_V11NDc0lxudGbWQU_0017.wav,bonafide,hi-en,912184,mucs2021,none,clean,eval,0.9928638935089111
${DATA_ROOT}/interim/rvc_gate/bonafide_source/975912_1eNS3GaW1oHHurL4_0016.wav,bonafide,hi-en,975912,mucs2021,none,clean,eval,0.9994930028915405
${DATA_ROOT}/interim/rvc_gate/bonafide_source/987461_LSRBJiHdUoHm4BTI_0016.wav,bonafide,hi-en,987461,mucs2021,none,clean,eval,0.9995502829551697
${DATA_ROOT}/interim/rvc_gate/bonafide_source/996368_n4ACC4gnqW0IM1wW_0016.wav,bonafide,hi-en,996368,mucs2021,none,clean,eval,0.9997665286064148
${DATA_ROOT}/interim/rvc_gate/bonafide_source/106718_vE1rhq3ojNKZvQNv_0018.wav,bonafide,hi-en,106718,mucs2021,none,clean,eval,0.9995993971824646
${DATA_ROOT}/interim/rvc_gate/bonafide_source/142970_DP5j8CLDeL6HHHSX_0017.wav,bonafide,hi-en,142970,mucs2021,none,clean,eval,0.9985384941101074
${DATA_ROOT}/interim/rvc_gate/bonafide_source/177570_jSNK2zDaIvyZsMZp_0019.wav,bonafide,hi-en,177570,mucs2021,none,clean,eval,0.9995829463005066
${DATA_ROOT}/interim/rvc_gate/bonafide_source/186783_LFpbaXkb8HuQ6DnF_0017.wav,bonafide,hi-en,186783,mucs2021,none,clean,eval,0.9997685551643372
${DATA_ROOT}/interim/rvc_gate/bonafide_source/205240_F4KjmwYhWvnpSE0m_0017.wav,bonafide,hi-en,205240,mucs2021,none,clean,eval,0.9992864727973938
${DATA_ROOT}/interim/rvc_gate/bonafide_source/322882_XTscbPr78nzuHhuu_0019.wav,bonafide,hi-en,322882,mucs2021,none,clean,eval,0.9997298121452332
${DATA_ROOT}/interim/rvc_gate/bonafide_source/413057_aKSsdMqkPfUWyYeS_0017.wav,bonafide,hi-en,413057,mucs2021,none,clean,eval,0.9996485710144043
${DATA_ROOT}/interim/rvc_gate/bonafide_source/445718_H6Z2BkcyVtiuiN7A_0017.wav,bonafide,hi-en,445718,mucs2021,none,clean,eval,0.999548614025116
${DATA_ROOT}/interim/rvc_gate/bonafide_source/539226_vZGSoJPH1tbvsyCa_0018.wav,bonafide,hi-en,539226,mucs2021,none,clean,eval,0.9995560050010681
${DATA_ROOT}/interim/rvc_gate/bonafide_source/539354_C3MtnFEDrRkWHSvJ_0018.wav,bonafide,hi-en,539354,mucs2021,none,clean,eval,0.9996148347854614
${DATA_ROOT}/interim/rvc_gate/bonafide_source/541304_cyhxRWI0LoKYZvcw_0019.wav,bonafide,hi-en,541304,mucs2021,none,clean,eval,0.9994854927062988
${DATA_ROOT}/interim/rvc_gate/bonafide_source/584991_1ijxO93RTIJh2Rzv_0018.wav,bonafide,hi-en,584991,mucs2021,none,clean,eval,0.999632716178894
${DATA_ROOT}/interim/rvc_gate/bonafide_source/634568_jCgweujQVV5haVF1_0019.wav,bonafide,hi-en,634568,mucs2021,none,clean,eval,0.9986498951911926
${DATA_ROOT}/interim/rvc_gate/bonafide_source/705494_fZcxLszRnIHxmVQp_0018.wav,bonafide,hi-en,705494,mucs2021,none,clean,eval,0.9996390342712402
${DATA_ROOT}/interim/rvc_gate/bonafide_source/797767_TRInoJRJxAX3qv5C_0017.wav,bonafide,hi-en,797767,mucs2021,none,clean,eval,0.9996102452278137
${DATA_ROOT}/interim/rvc_gate/bonafide_source/850754_wOTMMvC3WQ5YQRAF_0020.wav,bonafide,hi-en,850754,mucs2021,none,clean,eval,0.9996742010116577
${DATA_ROOT}/interim/rvc_gate/bonafide_source/870582_crdH0AI5aH25bEXe_0018.wav,bonafide,hi-en,870582,mucs2021,none,clean,eval,0.9996751546859741
${DATA_ROOT}/interim/rvc_gate/bonafide_source/876898_RyQSvr4r4iAMTYXq_0017.wav,bonafide,hi-en,876898,mucs2021,none,clean,eval,0.9997923970222473
${DATA_ROOT}/interim/rvc_gate/bonafide_source/893273_8xh3ZKpPy5YhAnKX_0020.wav,bonafide,hi-en,893273,mucs2021,none,clean,eval,0.9994051456451416
${DATA_ROOT}/interim/rvc_gate/bonafide_source/903756_K3X6AGezGWAoDe1q_0021.wav,bonafide,hi-en,903756,mucs2021,none,clean,eval,0.9997485280036926
${DATA_ROOT}/interim/rvc_gate/bonafide_source/912184_V11NDc0lxudGbWQU_0018.wav,bonafide,hi-en,912184,mucs2021,none,clean,eval,0.9995296001434326
${DATA_ROOT}/interim/rvc_gate/bonafide_source/975912_1eNS3GaW1oHHurL4_0017.wav,bonafide,hi-en,975912,mucs2021,none,clean,eval,0.9995018243789673
${DATA_ROOT}/interim/rvc_gate/bonafide_source/987461_LSRBJiHdUoHm4BTI_0017.wav,bonafide,hi-en,987461,mucs2021,none,clean,eval,0.9997404217720032
${DATA_ROOT}/interim/rvc_gate/bonafide_source/996368_n4ACC4gnqW0IM1wW_0017.wav,bonafide,hi-en,996368,mucs2021,none,clean,eval,0.9996658563613892
${DATA_ROOT}/interim/rvc_gate/bonafide_source/106718_vE1rhq3ojNKZvQNv_0019.wav,bonafide,hi-en,106718,mucs2021,none,clean,eval,0.9996460676193237
${DATA_ROOT}/interim/rvc_gate/bonafide_source/142970_DP5j8CLDeL6HHHSX_0018.wav,bonafide,hi-en,142970,mucs2021,none,clean,eval,0.974175214767456
${DATA_ROOT}/interim/rvc_gate/bonafide_source/177570_jSNK2zDaIvyZsMZp_0020.wav,bonafide,hi-en,177570,mucs2021,none,clean,eval,0.9985834360122681
${DATA_ROOT}/interim/rvc_gate/bonafide_source/186783_LFpbaXkb8HuQ6DnF_0018.wav,bonafide,hi-en,186783,mucs2021,none,clean,eval,0.9996448755264282
${DATA_ROOT}/interim/rvc_gate/bonafide_source/205240_F4KjmwYhWvnpSE0m_0018.wav,bonafide,hi-en,205240,mucs2021,none,clean,eval,0.9996135830879211
${DATA_ROOT}/interim/rvc_gate/bonafide_source/322882_XTscbPr78nzuHhuu_0021.wav,bonafide,hi-en,322882,mucs2021,none,clean,eval,0.9995823502540588
${DATA_ROOT}/interim/rvc_gate/bonafide_source/413057_aKSsdMqkPfUWyYeS_0018.wav,bonafide,hi-en,413057,mucs2021,none,clean,eval,0.9997859597206116
${DATA_ROOT}/interim/rvc_gate/bonafide_source/445718_H6Z2BkcyVtiuiN7A_0018.wav,bonafide,hi-en,445718,mucs2021,none,clean,eval,0.999562680721283
${DATA_ROOT}/interim/rvc_gate/bonafide_source/539226_vZGSoJPH1tbvsyCa_0019.wav,bonafide,hi-en,539226,mucs2021,none,clean,eval,0.9994651675224304
${DATA_ROOT}/interim/rvc_gate/bonafide_source/539354_C3MtnFEDrRkWHSvJ_0019.wav,bonafide,hi-en,539354,mucs2021,none,clean,eval,0.999716579914093
${DATA_ROOT}/interim/rvc_gate/bonafide_source/541304_cyhxRWI0LoKYZvcw_0020.wav,bonafide,hi-en,541304,mucs2021,none,clean,eval,0.9998706579208374
${DATA_ROOT}/interim/rvc_gate/bonafide_source/584991_1ijxO93RTIJh2Rzv_0019.wav,bonafide,hi-en,584991,mucs2021,none,clean,eval,0.9994899034500122
${DATA_ROOT}/interim/rvc_gate/bonafide_source/634568_jCgweujQVV5haVF1_0020.wav,bonafide,hi-en,634568,mucs2021,none,clean,eval,0.9995943903923035
${DATA_ROOT}/interim/rvc_gate/bonafide_source/705494_fZcxLszRnIHxmVQp_0019.wav,bonafide,hi-en,705494,mucs2021,none,clean,eval,0.9997273087501526
${DATA_ROOT}/interim/rvc_gate/bonafide_source/797767_TRInoJRJxAX3qv5C_0018.wav,bonafide,hi-en,797767,mucs2021,none,clean,eval,0.9998687505722046
${DATA_ROOT}/interim/rvc_gate/bonafide_source/850754_wOTMMvC3WQ5YQRAF_0021.wav,bonafide,hi-en,850754,mucs2021,none,clean,eval,0.9991176724433899
${DATA_ROOT}/interim/rvc_gate/bonafide_source/870582_crdH0AI5aH25bEXe_0019.wav,bonafide,hi-en,870582,mucs2021,none,clean,eval,0.9996336698532104
${DATA_ROOT}/interim/rvc_gate/bonafide_source/876898_RyQSvr4r4iAMTYXq_0018.wav,bonafide,hi-en,876898,mucs2021,none,clean,eval,0.9995273351669312
${DATA_ROOT}/interim/rvc_gate/bonafide_source/893273_8xh3ZKpPy5YhAnKX_0021.wav,bonafide,hi-en,893273,mucs2021,none,clean,eval,0.9995418787002563
${DATA_ROOT}/interim/rvc_gate/bonafide_source/903756_K3X6AGezGWAoDe1q_0022.wav,bonafide,hi-en,903756,mucs2021,none,clean,eval,0.9997106194496155
${DATA_ROOT}/interim/rvc_gate/bonafide_source/912184_V11NDc0lxudGbWQU_0019.wav,bonafide,hi-en,912184,mucs2021,none,clean,eval,0.9996305704116821
${DATA_ROOT}/interim/rvc_gate/bonafide_source/975912_1eNS3GaW1oHHurL4_0018.wav,bonafide,hi-en,975912,mucs2021,none,clean,eval,0.9996230602264404
${DATA_ROOT}/interim/rvc_gate/bonafide_source/987461_LSRBJiHdUoHm4BTI_0019.wav,bonafide,hi-en,987461,mucs2021,none,clean,eval,0.9996107220649719
${DATA_ROOT}/interim/rvc_gate/bonafide_source/996368_n4ACC4gnqW0IM1wW_0018.wav,bonafide,hi-en,996368,mucs2021,none,clean,eval,0.999821126461029
${DATA_ROOT}/interim/rvc_gate/bonafide_source/106718_vE1rhq3ojNKZvQNv_0020.wav,bonafide,hi-en,106718,mucs2021,none,clean,eval,0.9994391798973083
${DATA_ROOT}/interim/rvc_gate/bonafide_source/142970_DP5j8CLDeL6HHHSX_0019.wav,bonafide,hi-en,142970,mucs2021,none,clean,eval,0.9741681814193726
${DATA_ROOT}/interim/rvc_gate/bonafide_source/177570_jSNK2zDaIvyZsMZp_0021.wav,bonafide,hi-en,177570,mucs2021,none,clean,eval,0.9994138479232788
${DATA_ROOT}/interim/rvc_gate/bonafide_source/186783_LFpbaXkb8HuQ6DnF_0021.wav,bonafide,hi-en,186783,mucs2021,none,clean,eval,0.9996637105941772
${DATA_ROOT}/interim/rvc_gate/bonafide_source/205240_F4KjmwYhWvnpSE0m_0019.wav,bonafide,hi-en,205240,mucs2021,none,clean,eval,0.999309778213501
${DATA_ROOT}/interim/rvc_gate/bonafide_source/106718_vE1rhq3ojNKZvQNv_0023.wav,bonafide,hi-en,106718,mucs2021,none,clean,eval,0.9998188614845276
${DATA_ROOT}/interim/rvc_gate/bonafide_source/142970_DP5j8CLDeL6HHHSX_0021.wav,bonafide,hi-en,142970,mucs2021,none,clean,eval,0.9992257356643677
${DATA_ROOT}/interim/rvc_gate/bonafide_source/177570_jSNK2zDaIvyZsMZp_0023.wav,bonafide,hi-en,177570,mucs2021,none,clean,eval,0.9988760352134705
${DATA_ROOT}/interim/rvc_gate/bonafide_source/186783_LFpbaXkb8HuQ6DnF_0023.wav,bonafide,hi-en,186783,mucs2021,none,clean,eval,0.9997139573097229
${DATA_ROOT}/interim/rvc_gate/bonafide_source/205240_F4KjmwYhWvnpSE0m_0021.wav,bonafide,hi-en,205240,mucs2021,none,clean,eval,0.9994826316833496
${DATA_ROOT}/interim/rvc_gate/bonafide_source/322882_XTscbPr78nzuHhuu_0024.wav,bonafide,hi-en,322882,mucs2021,none,clean,eval,0.9996792078018188
${DATA_ROOT}/interim/rvc_gate/bonafide_source/413057_aKSsdMqkPfUWyYeS_0021.wav,bonafide,hi-en,413057,mucs2021,none,clean,eval,0.9996615648269653
${DATA_ROOT}/interim/rvc_gate/bonafide_source/445718_H6Z2BkcyVtiuiN7A_0021.wav,bonafide,hi-en,445718,mucs2021,none,clean,eval,0.9997609257698059
${DATA_ROOT}/interim/rvc_gate/bonafide_source/457295_WgzliDtK6Htff0g2_0029.wav,bonafide,hi-en,457295,mucs2021,none,clean,eval,0.9997511506080627
${DATA_ROOT}/interim/rvc_gate/bonafide_source/539226_vZGSoJPH1tbvsyCa_0022.wav,bonafide,hi-en,539226,mucs2021,none,clean,eval,0.9995408058166504
${DATA_ROOT}/interim/rvc_gate/bonafide_source/539354_C3MtnFEDrRkWHSvJ_0022.wav,bonafide,hi-en,539354,mucs2021,none,clean,eval,0.9996232986450195
${DATA_ROOT}/interim/rvc_gate/bonafide_source/541304_cyhxRWI0LoKYZvcw_0023.wav,bonafide,hi-en,541304,mucs2021,none,clean,eval,0.9998137354850769
${DATA_ROOT}/interim/rvc_gate/bonafide_source/584991_1ijxO93RTIJh2Rzv_0022.wav,bonafide,hi-en,584991,mucs2021,none,clean,eval,0.9996432065963745
${DATA_ROOT}/interim/rvc_gate/bonafide_source/634568_jCgweujQVV5haVF1_0024.wav,bonafide,hi-en,634568,mucs2021,none,clean,eval,0.9997991919517517
${DATA_ROOT}/interim/rvc_gate/bonafide_source/705494_fZcxLszRnIHxmVQp_0022.wav,bonafide,hi-en,705494,mucs2021,none,clean,eval,0.9997835755348206
${DATA_ROOT}/interim/rvc_gate/bonafide_source/797767_TRInoJRJxAX3qv5C_0021.wav,bonafide,hi-en,797767,mucs2021,none,clean,eval,0.999723494052887
${DATA_ROOT}/interim/rvc_gate/bonafide_source/850754_wOTMMvC3WQ5YQRAF_0024.wav,bonafide,hi-en,850754,mucs2021,none,clean,eval,0.9992272853851318
${DATA_ROOT}/interim/rvc_gate/bonafide_source/870582_crdH0AI5aH25bEXe_0022.wav,bonafide,hi-en,870582,mucs2021,none,clean,eval,0.9984444975852966
${DATA_ROOT}/interim/rvc_gate/bonafide_source/876898_RyQSvr4r4iAMTYXq_0021.wav,bonafide,hi-en,876898,mucs2021,none,clean,eval,0.9995299577713013
${DATA_ROOT}/interim/rvc_gate/bonafide_source/893273_8xh3ZKpPy5YhAnKX_0025.wav,bonafide,hi-en,893273,mucs2021,none,clean,eval,0.9998475313186646
${DATA_ROOT}/interim/rvc_gate/bonafide_source/912184_V11NDc0lxudGbWQU_0022.wav,bonafide,hi-en,912184,mucs2021,none,clean,eval,0.9997896552085876
${DATA_ROOT}/interim/rvc_gate/bonafide_source/975912_1eNS3GaW1oHHurL4_0021.wav,bonafide,hi-en,975912,mucs2021,none,clean,eval,0.9993833303451538
${DATA_ROOT}/interim/rvc_gate/bonafide_source/987461_LSRBJiHdUoHm4BTI_0022.wav,bonafide,hi-en,987461,mucs2021,none,clean,eval,0.9996975660324097
${DATA_ROOT}/interim/rvc_gate/bonafide_source/996368_n4ACC4gnqW0IM1wW_0021.wav,bonafide,hi-en,996368,mucs2021,none,clean,eval,0.9994950294494629
${DATA_ROOT}/interim/rvc_gate/bonafide_source/106718_vE1rhq3ojNKZvQNv_0025.wav,bonafide,hi-en,106718,mucs2021,none,clean,eval,0.9996916055679321
${DATA_ROOT}/interim/rvc_gate/bonafide_source/142970_DP5j8CLDeL6HHHSX_0022.wav,bonafide,hi-en,142970,mucs2021,none,clean,eval,0.06114849075675011
${DATA_ROOT}/interim/rvc_gate/bonafide_source/177570_jSNK2zDaIvyZsMZp_0024.wav,bonafide,hi-en,177570,mucs2021,none,clean,eval,0.9992836117744446
${DATA_ROOT}/interim/rvc_gate/bonafide_source/186783_LFpbaXkb8HuQ6DnF_0024.wav,bonafide,hi-en,186783,mucs2021,none,clean,eval,0.9996911287307739
${DATA_ROOT}/interim/rvc_gate/bonafide_source/205240_F4KjmwYhWvnpSE0m_0022.wav,bonafide,hi-en,205240,mucs2021,none,clean,eval,0.9997935891151428
${DATA_ROOT}/interim/rvc_gate/bonafide_source/322882_XTscbPr78nzuHhuu_0025.wav,bonafide,hi-en,322882,mucs2021,none,clean,eval,0.9997448325157166
${DATA_ROOT}/interim/rvc_gate/bonafide_source/413057_aKSsdMqkPfUWyYeS_0022.wav,bonafide,hi-en,413057,mucs2021,none,clean,eval,0.9996618032455444
${DATA_ROOT}/interim/rvc_gate/bonafide_source/445718_H6Z2BkcyVtiuiN7A_0023.wav,bonafide,hi-en,445718,mucs2021,none,clean,eval,0.999607503414154
${DATA_ROOT}/interim/rvc_gate/bonafide_source/457295_WgzliDtK6Htff0g2_0030.wav,bonafide,hi-en,457295,mucs2021,none,clean,eval,0.9998393058776855
${DATA_ROOT}/interim/rvc_gate/bonafide_source/539226_vZGSoJPH1tbvsyCa_0023.wav,bonafide,hi-en,539226,mucs2021,none,clean,eval,0.9994164705276489
${DATA_ROOT}/interim/rvc_gate/bonafide_source/539354_C3MtnFEDrRkWHSvJ_0023.wav,bonafide,hi-en,539354,mucs2021,none,clean,eval,0.9997052550315857
${DATA_ROOT}/interim/rvc_gate/bonafide_source/541304_cyhxRWI0LoKYZvcw_0024.wav,bonafide,hi-en,541304,mucs2021,none,clean,eval,0.999755322933197
${DATA_ROOT}/interim/rvc_gate/bonafide_source/584991_1ijxO93RTIJh2Rzv_0023.wav,bonafide,hi-en,584991,mucs2021,none,clean,eval,0.9996084570884705
${DATA_ROOT}/interim/rvc_gate/bonafide_source/634568_jCgweujQVV5haVF1_0025.wav,bonafide,hi-en,634568,mucs2021,none,clean,eval,0.9998034834861755
${DATA_ROOT}/interim/rvc_gate/bonafide_source/705494_fZcxLszRnIHxmVQp_0023.wav,bonafide,hi-en,705494,mucs2021,none,clean,eval,0.9997841715812683
${DATA_ROOT}/interim/rvc_gate/bonafide_source/797767_TRInoJRJxAX3qv5C_0022.wav,bonafide,hi-en,797767,mucs2021,none,clean,eval,0.9996108412742615
${DATA_ROOT}/interim/rvc_gate/bonafide_source/850754_wOTMMvC3WQ5YQRAF_0025.wav,bonafide,hi-en,850754,mucs2021,none,clean,eval,0.9997854828834534
${DATA_ROOT}/interim/rvc_gate/bonafide_source/870582_crdH0AI5aH25bEXe_0023.wav,bonafide,hi-en,870582,mucs2021,none,clean,eval,0.9997960925102234
${DATA_ROOT}/interim/rvc_gate/bonafide_source/876898_RyQSvr4r4iAMTYXq_0022.wav,bonafide,hi-en,876898,mucs2021,none,clean,eval,0.9996501207351685
${DATA_ROOT}/interim/rvc_gate/bonafide_source/893273_8xh3ZKpPy5YhAnKX_0026.wav,bonafide,hi-en,893273,mucs2021,none,clean,eval,0.999693751335144
${DATA_ROOT}/interim/rvc_gate/bonafide_source/912184_V11NDc0lxudGbWQU_0023.wav,bonafide,hi-en,912184,mucs2021,none,clean,eval,0.9978985786437988
${DATA_ROOT}/interim/rvc_gate/bonafide_source/975912_1eNS3GaW1oHHurL4_0022.wav,bonafide,hi-en,975912,mucs2021,none,clean,eval,0.9997054934501648
${DATA_ROOT}/interim/rvc_gate/bonafide_source/987461_LSRBJiHdUoHm4BTI_0023.wav,bonafide,hi-en,987461,mucs2021,none,clean,eval,0.9996522665023804
${DATA_ROOT}/interim/rvc_gate/bonafide_source/996368_n4ACC4gnqW0IM1wW_0022.wav,bonafide,hi-en,996368,mucs2021,none,clean,eval,0.9998165965080261
${DATA_ROOT}/interim/rvc_gate/bonafide_source/106718_vE1rhq3ojNKZvQNv_0026.wav,bonafide,hi-en,106718,mucs2021,none,clean,eval,0.9998175501823425
${DATA_ROOT}/interim/rvc_gate/bonafide_source/142970_DP5j8CLDeL6HHHSX_0023.wav,bonafide,hi-en,142970,mucs2021,none,clean,eval,0.9976909160614014
${DATA_ROOT}/interim/rvc_gate/bonafide_source/177570_jSNK2zDaIvyZsMZp_0025.wav,bonafide,hi-en,177570,mucs2021,none,clean,eval,0.9995555281639099
${DATA_ROOT}/interim/rvc_gate/bonafide_source/186783_LFpbaXkb8HuQ6DnF_0025.wav,bonafide,hi-en,186783,mucs2021,none,clean,eval,0.9998183846473694
${DATA_ROOT}/interim/rvc_gate/bonafide_source/205240_F4KjmwYhWvnpSE0m_0023.wav,bonafide,hi-en,205240,mucs2021,none,clean,eval,0.9993680119514465
${DATA_ROOT}/interim/rvc_gate/bonafide_source/322882_XTscbPr78nzuHhuu_0026.wav,bonafide,hi-en,322882,mucs2021,none,clean,eval,0.999679446220398
${DATA_ROOT}/interim/rvc_gate/bonafide_source/413057_aKSsdMqkPfUWyYeS_0023.wav,bonafide,hi-en,413057,mucs2021,none,clean,eval,0.999180257320404
${DATA_ROOT}/interim/rvc_gate/bonafide_source/445718_H6Z2BkcyVtiuiN7A_0024.wav,bonafide,hi-en,445718,mucs2021,none,clean,eval,0.9995803236961365
${DATA_ROOT}/interim/rvc_gate/bonafide_source/457295_WgzliDtK6Htff0g2_0031.wav,bonafide,hi-en,457295,mucs2021,none,clean,eval,0.9996360540390015
${DATA_ROOT}/interim/rvc_gate/bonafide_source/539226_vZGSoJPH1tbvsyCa_0024.wav,bonafide,hi-en,539226,mucs2021,none,clean,eval,0.9995822310447693
${DATA_ROOT}/interim/rvc_gate/bonafide_source/539354_C3MtnFEDrRkWHSvJ_0024.wav,bonafide,hi-en,539354,mucs2021,none,clean,eval,0.999342143535614
${DATA_ROOT}/interim/rvc_gate/bonafide_source/541304_cyhxRWI0LoKYZvcw_0025.wav,bonafide,hi-en,541304,mucs2021,none,clean,eval,0.9989354014396667
${DATA_ROOT}/interim/rvc_gate/bonafide_source/584991_1ijxO93RTIJh2Rzv_0024.wav,bonafide,hi-en,584991,mucs2021,none,clean,eval,0.9997312426567078
${DATA_ROOT}/interim/rvc_gate/bonafide_source/634568_jCgweujQVV5haVF1_0026.wav,bonafide,hi-en,634568,mucs2021,none,clean,eval,0.9996918439865112
${DATA_ROOT}/interim/rvc_gate/bonafide_source/705494_fZcxLszRnIHxmVQp_0024.wav,bonafide,hi-en,705494,mucs2021,none,clean,eval,0.9997119307518005
${DATA_ROOT}/interim/rvc_gate/bonafide_source/797767_TRInoJRJxAX3qv5C_0023.wav,bonafide,hi-en,797767,mucs2021,none,clean,eval,0.9996756315231323
${DATA_ROOT}/interim/rvc_gate/bonafide_source/850754_wOTMMvC3WQ5YQRAF_0026.wav,bonafide,hi-en,850754,mucs2021,none,clean,eval,0.9996024966239929
${DATA_ROOT}/interim/rvc_gate/bonafide_source/870582_crdH0AI5aH25bEXe_0024.wav,bonafide,hi-en,870582,mucs2021,none,clean,eval,0.9993098974227905
${DATA_ROOT}/interim/rvc_gate/bonafide_source/876898_RyQSvr4r4iAMTYXq_0023.wav,bonafide,hi-en,876898,mucs2021,none,clean,eval,0.9996533393859863
${DATA_ROOT}/interim/rvc_gate/bonafide_source/893273_8xh3ZKpPy5YhAnKX_0027.wav,bonafide,hi-en,893273,mucs2021,none,clean,eval,0.9997934699058533
${DATA_ROOT}/interim/rvc_gate/bonafide_source/912184_V11NDc0lxudGbWQU_0024.wav,bonafide,hi-en,912184,mucs2021,none,clean,eval,0.9993434548377991
${DATA_ROOT}/interim/rvc_gate/bonafide_source/975912_1eNS3GaW1oHHurL4_0023.wav,bonafide,hi-en,975912,mucs2021,none,clean,eval,0.9996485710144043
${DATA_ROOT}/interim/rvc_gate/bonafide_source/987461_LSRBJiHdUoHm4BTI_0024.wav,bonafide,hi-en,987461,mucs2021,none,clean,eval,0.999541163444519
${DATA_ROOT}/interim/rvc_gate/bonafide_source/996368_n4ACC4gnqW0IM1wW_0023.wav,bonafide,hi-en,996368,mucs2021,none,clean,eval,0.9997636675834656
${DATA_ROOT}/interim/rvc_gate/bonafide_source/106718_vE1rhq3ojNKZvQNv_0028.wav,bonafide,hi-en,106718,mucs2021,none,clean,eval,0.999659538269043
${DATA_ROOT}/interim/rvc_gate/bonafide_source/142970_DP5j8CLDeL6HHHSX_0024.wav,bonafide,hi-en,142970,mucs2021,none,clean,eval,0.9991869330406189
${DATA_ROOT}/interim/rvc_gate/bonafide_source/177570_jSNK2zDaIvyZsMZp_0027.wav,bonafide,hi-en,177570,mucs2021,none,clean,eval,0.9990697503089905
${DATA_ROOT}/interim/rvc_gate/bonafide_source/186783_LFpbaXkb8HuQ6DnF_0026.wav,bonafide,hi-en,186783,mucs2021,none,clean,eval,0.9996873140335083
${DATA_ROOT}/interim/rvc_gate/bonafide_source/205240_F4KjmwYhWvnpSE0m_0025.wav,bonafide,hi-en,205240,mucs2021,none,clean,eval,0.9985641837120056
${DATA_ROOT}/interim/rvc_gate/bonafide_source/322882_XTscbPr78nzuHhuu_0027.wav,bonafide,hi-en,322882,mucs2021,none,clean,eval,0.9997155070304871
${DATA_ROOT}/interim/rvc_gate/bonafide_source/413057_aKSsdMqkPfUWyYeS_0024.wav,bonafide,hi-en,413057,mucs2021,none,clean,eval,0.9998656511306763
${DATA_ROOT}/interim/rvc_gate/bonafide_source/445718_H6Z2BkcyVtiuiN7A_0025.wav,bonafide,hi-en,445718,mucs2021,none,clean,eval,0.9995262622833252
${DATA_ROOT}/interim/rvc_gate/bonafide_source/457295_WgzliDtK6Htff0g2_0032.wav,bonafide,hi-en,457295,mucs2021,none,clean,eval,0.9996308088302612
${DATA_ROOT}/interim/rvc_gate/bonafide_source/539226_vZGSoJPH1tbvsyCa_0025.wav,bonafide,hi-en,539226,mucs2021,none,clean,eval,0.9995213747024536
${DATA_ROOT}/interim/rvc_gate/bonafide_source/539354_C3MtnFEDrRkWHSvJ_0025.wav,bonafide,hi-en,539354,mucs2021,none,clean,eval,0.9992413520812988
${DATA_ROOT}/interim/rvc_gate/bonafide_source/541304_cyhxRWI0LoKYZvcw_0026.wav,bonafide,hi-en,541304,mucs2021,none,clean,eval,0.9998773336410522
${DATA_ROOT}/interim/rvc_gate/bonafide_source/584991_1ijxO93RTIJh2Rzv_0025.wav,bonafide,hi-en,584991,mucs2021,none,clean,eval,0.9996108412742615
${DATA_ROOT}/interim/rvc_gate/bonafide_source/634568_jCgweujQVV5haVF1_0027.wav,bonafide,hi-en,634568,mucs2021,none,clean,eval,0.9994111061096191
${DATA_ROOT}/interim/rvc_gate/bonafide_source/705494_fZcxLszRnIHxmVQp_0025.wav,bonafide,hi-en,705494,mucs2021,none,clean,eval,0.9994114637374878
${DATA_ROOT}/interim/rvc_gate/bonafide_source/797767_TRInoJRJxAX3qv5C_0024.wav,bonafide,hi-en,797767,mucs2021,none,clean,eval,0.9997343420982361
${DATA_ROOT}/interim/rvc_gate/bonafide_source/850754_wOTMMvC3WQ5YQRAF_0027.wav,bonafide,hi-en,850754,mucs2021,none,clean,eval,0.9996040463447571
${DATA_ROOT}/interim/rvc_gate/bonafide_source/870582_crdH0AI5aH25bEXe_0025.wav,bonafide,hi-en,870582,mucs2021,none,clean,eval,0.9998407363891602
${DATA_ROOT}/interim/rvc_gate/bonafide_source/876898_RyQSvr4r4iAMTYXq_0024.wav,bonafide,hi-en,876898,mucs2021,none,clean,eval,0.9987848401069641
${DATA_ROOT}/interim/rvc_gate/bonafide_source/893273_8xh3ZKpPy5YhAnKX_0028.wav,bonafide,hi-en,893273,mucs2021,none,clean,eval,0.9996035695075989
${DATA_ROOT}/interim/rvc_gate/bonafide_source/912184_V11NDc0lxudGbWQU_0025.wav,bonafide,hi-en,912184,mucs2021,none,clean,eval,0.9992573857307434
${DATA_ROOT}/interim/rvc_gate/bonafide_source/975912_1eNS3GaW1oHHurL4_0024.wav,bonafide,hi-en,975912,mucs2021,none,clean,eval,0.999268114566803
${DATA_ROOT}/interim/rvc_gate/bonafide_source/987461_LSRBJiHdUoHm4BTI_0025.wav,bonafide,hi-en,987461,mucs2021,none,clean,eval,0.9995818734169006
${DATA_ROOT}/interim/rvc_gate/bonafide_source/996368_n4ACC4gnqW0IM1wW_0024.wav,bonafide,hi-en,996368,mucs2021,none,clean,eval,0.9996275901794434
${DATA_ROOT}/interim/rvc_gate/bonafide_source/106718_vE1rhq3ojNKZvQNv_0029.wav,bonafide,hi-en,106718,mucs2021,none,clean,eval,0.9996505975723267
${DATA_ROOT}/interim/rvc_gate/bonafide_source/142970_DP5j8CLDeL6HHHSX_0025.wav,bonafide,hi-en,142970,mucs2021,none,clean,eval,0.9972743391990662
${DATA_ROOT}/interim/rvc_gate/bonafide_source/177570_jSNK2zDaIvyZsMZp_0028.wav,bonafide,hi-en,177570,mucs2021,none,clean,eval,0.9995195865631104
${DATA_ROOT}/interim/rvc_gate/bonafide_source/186783_LFpbaXkb8HuQ6DnF_0028.wav,bonafide,hi-en,186783,mucs2021,none,clean,eval,0.9997598528862
${DATA_ROOT}/interim/rvc_gate/bonafide_source/205240_F4KjmwYhWvnpSE0m_0029.wav,bonafide,hi-en,205240,mucs2021,none,clean,eval,0.9997206330299377
${DATA_ROOT}/interim/rvc_gate/bonafide_source/322882_XTscbPr78nzuHhuu_0028.wav,bonafide,hi-en,322882,mucs2021,none,clean,eval,0.999695897102356
${DATA_ROOT}/interim/rvc_gate/bonafide_source/413057_aKSsdMqkPfUWyYeS_0025.wav,bonafide,hi-en,413057,mucs2021,none,clean,eval,0.9998385906219482
${DATA_ROOT}/interim/rvc_gate/bonafide_source/445718_H6Z2BkcyVtiuiN7A_0026.wav,bonafide,hi-en,445718,mucs2021,none,clean,eval,0.9998037219047546
${DATA_ROOT}/interim/rvc_gate/bonafide_source/457295_WgzliDtK6Htff0g2_0033.wav,bonafide,hi-en,457295,mucs2021,none,clean,eval,0.9996873140335083
${DATA_ROOT}/interim/rvc_gate/bonafide_source/539226_vZGSoJPH1tbvsyCa_0026.wav,bonafide,hi-en,539226,mucs2021,none,clean,eval,0.9996306896209717
${DATA_ROOT}/interim/rvc_gate/bonafide_source/539354_C3MtnFEDrRkWHSvJ_0026.wav,bonafide,hi-en,539354,mucs2021,none,clean,eval,0.9991685152053833
${DATA_ROOT}/interim/rvc_gate/bonafide_source/541304_cyhxRWI0LoKYZvcw_0027.wav,bonafide,hi-en,541304,mucs2021,none,clean,eval,0.999693751335144
${DATA_ROOT}/interim/rvc_gate/bonafide_source/584991_1ijxO93RTIJh2Rzv_0026.wav,bonafide,hi-en,584991,mucs2021,none,clean,eval,0.9995763897895813
${DATA_ROOT}/interim/rvc_gate/bonafide_source/634568_jCgweujQVV5haVF1_0028.wav,bonafide,hi-en,634568,mucs2021,none,clean,eval,0.9997976422309875
${DATA_ROOT}/interim/rvc_gate/bonafide_source/705494_fZcxLszRnIHxmVQp_0026.wav,bonafide,hi-en,705494,mucs2021,none,clean,eval,0.9998169541358948
${DATA_ROOT}/interim/rvc_gate/bonafide_source/797767_TRInoJRJxAX3qv5C_0025.wav,bonafide,hi-en,797767,mucs2021,none,clean,eval,0.9997743964195251
${DATA_ROOT}/interim/rvc_gate/bonafide_source/850754_wOTMMvC3WQ5YQRAF_0028.wav,bonafide,hi-en,850754,mucs2021,none,clean,eval,0.9997754693031311
${DATA_ROOT}/interim/rvc_gate/bonafide_source/870582_crdH0AI5aH25bEXe_0026.wav,bonafide,hi-en,870582,mucs2021,none,clean,eval,0.044455237686634064
${DATA_ROOT}/interim/rvc_gate/bonafide_source/876898_RyQSvr4r4iAMTYXq_0025.wav,bonafide,hi-en,876898,mucs2021,none,clean,eval,0.9997439980506897
${DATA_ROOT}/interim/rvc_gate/bonafide_source/893273_8xh3ZKpPy5YhAnKX_0029.wav,bonafide,hi-en,893273,mucs2021,none,clean,eval,0.9996931552886963
${DATA_ROOT}/interim/rvc_gate/bonafide_source/912184_V11NDc0lxudGbWQU_0026.wav,bonafide,hi-en,912184,mucs2021,none,clean,eval,0.9994416832923889
${DATA_ROOT}/interim/rvc_gate/bonafide_source/975912_1eNS3GaW1oHHurL4_0025.wav,bonafide,hi-en,975912,mucs2021,none,clean,eval,0.9994352459907532
${DATA_ROOT}/interim/rvc_gate/bonafide_source/987461_LSRBJiHdUoHm4BTI_0027.wav,bonafide,hi-en,987461,mucs2021,none,clean,eval,0.9997615218162537
${DATA_ROOT}/interim/rvc_gate/bonafide_source/996368_n4ACC4gnqW0IM1wW_0025.wav,bonafide,hi-en,996368,mucs2021,none,clean,eval,0.9993243217468262
${DATA_ROOT}/interim/rvc_gate/bonafide_source/106718_vE1rhq3ojNKZvQNv_0031.wav,bonafide,hi-en,106718,mucs2021,none,clean,eval,0.99958735704422
${DATA_ROOT}/interim/rvc_gate/bonafide_source/142970_DP5j8CLDeL6HHHSX_0026.wav,bonafide,hi-en,142970,mucs2021,none,clean,eval,0.9774587750434875
${DATA_ROOT}/interim/rvc_gate/bonafide_source/177570_jSNK2zDaIvyZsMZp_0030.wav,bonafide,hi-en,177570,mucs2021,none,clean,eval,0.9994122982025146
${DATA_ROOT}/interim/rvc_gate/bonafide_source/186783_LFpbaXkb8HuQ6DnF_0029.wav,bonafide,hi-en,186783,mucs2021,none,clean,eval,0.9997132420539856
${DATA_ROOT}/interim/rvc_gate/bonafide_source/205240_F4KjmwYhWvnpSE0m_0030.wav,bonafide,hi-en,205240,mucs2021,none,clean,eval,0.999657154083252
${DATA_ROOT}/interim/rvc_gate/bonafide_source/106718_vE1rhq3ojNKZvQNv_0033.wav,bonafide,hi-en,106718,mucs2021,none,clean,eval,0.9997300505638123
${DATA_ROOT}/interim/rvc_gate/bonafide_source/142970_DP5j8CLDeL6HHHSX_0028.wav,bonafide,hi-en,142970,mucs2021,none,clean,eval,0.9994367957115173
${DATA_ROOT}/interim/rvc_gate/bonafide_source/177570_jSNK2zDaIvyZsMZp_0033.wav,bonafide,hi-en,177570,mucs2021,none,clean,eval,0.9988577365875244
${DATA_ROOT}/interim/rvc_gate/bonafide_source/186783_LFpbaXkb8HuQ6DnF_0031.wav,bonafide,hi-en,186783,mucs2021,none,clean,eval,0.9996697902679443
${DATA_ROOT}/interim/rvc_gate/bonafide_source/205240_F4KjmwYhWvnpSE0m_0032.wav,bonafide,hi-en,205240,mucs2021,none,clean,eval,0.9996398687362671
${DATA_ROOT}/interim/rvc_gate/bonafide_source/413057_aKSsdMqkPfUWyYeS_0028.wav,bonafide,hi-en,413057,mucs2021,none,clean,eval,0.9997510313987732
${DATA_ROOT}/interim/rvc_gate/bonafide_source/445718_H6Z2BkcyVtiuiN7A_0030.wav,bonafide,hi-en,445718,mucs2021,none,clean,eval,0.9987611770629883
${DATA_ROOT}/interim/rvc_gate/bonafide_source/457295_WgzliDtK6Htff0g2_0037.wav,bonafide,hi-en,457295,mucs2021,none,clean,eval,0.9996028542518616
${DATA_ROOT}/interim/rvc_gate/bonafide_source/539226_vZGSoJPH1tbvsyCa_0029.wav,bonafide,hi-en,539226,mucs2021,none,clean,eval,0.9997360110282898
${DATA_ROOT}/interim/rvc_gate/bonafide_source/539354_C3MtnFEDrRkWHSvJ_0029.wav,bonafide,hi-en,539354,mucs2021,none,clean,eval,0.9997321963310242
${DATA_ROOT}/interim/rvc_gate/bonafide_source/541304_cyhxRWI0LoKYZvcw_0030.wav,bonafide,hi-en,541304,mucs2021,none,clean,eval,0.9995775818824768
${DATA_ROOT}/interim/rvc_gate/bonafide_source/584991_1ijxO93RTIJh2Rzv_0029.wav,bonafide,hi-en,584991,mucs2021,none,clean,eval,0.999489426612854
${DATA_ROOT}/interim/rvc_gate/bonafide_source/634568_jCgweujQVV5haVF1_0031.wav,bonafide,hi-en,634568,mucs2021,none,clean,eval,0.9997411370277405
${DATA_ROOT}/interim/rvc_gate/bonafide_source/705494_fZcxLszRnIHxmVQp_0029.wav,bonafide,hi-en,705494,mucs2021,none,clean,eval,0.9996213912963867
${DATA_ROOT}/interim/rvc_gate/bonafide_source/797767_TRInoJRJxAX3qv5C_0028.wav,bonafide,hi-en,797767,mucs2021,none,clean,eval,0.9997598528862
${DATA_ROOT}/interim/rvc_gate/bonafide_source/850754_wOTMMvC3WQ5YQRAF_0031.wav,bonafide,hi-en,850754,mucs2021,none,clean,eval,0.9997039437294006
${DATA_ROOT}/interim/rvc_gate/bonafide_source/870582_crdH0AI5aH25bEXe_0030.wav,bonafide,hi-en,870582,mucs2021,none,clean,eval,0.9996174573898315
${DATA_ROOT}/interim/rvc_gate/bonafide_source/876898_RyQSvr4r4iAMTYXq_0028.wav,bonafide,hi-en,876898,mucs2021,none,clean,eval,0.9993938207626343
${DATA_ROOT}/interim/rvc_gate/bonafide_source/893273_8xh3ZKpPy5YhAnKX_0032.wav,bonafide,hi-en,893273,mucs2021,none,clean,eval,0.9996330738067627
${DATA_ROOT}/interim/rvc_gate/bonafide_source/903756_K3X6AGezGWAoDe1q_0032.wav,bonafide,hi-en,903756,mucs2021,none,clean,eval,0.9996517896652222
${DATA_ROOT}/interim/rvc_gate/bonafide_source/912184_V11NDc0lxudGbWQU_0029.wav,bonafide,hi-en,912184,mucs2021,none,clean,eval,0.9994181394577026
${DATA_ROOT}/interim/rvc_gate/bonafide_source/975912_1eNS3GaW1oHHurL4_0028.wav,bonafide,hi-en,975912,mucs2021,none,clean,eval,0.9992212057113647
${DATA_ROOT}/interim/rvc_gate/bonafide_source/987461_LSRBJiHdUoHm4BTI_0030.wav,bonafide,hi-en,987461,mucs2021,none,clean,eval,0.9994750618934631
${DATA_ROOT}/interim/rvc_gate/bonafide_source/996368_n4ACC4gnqW0IM1wW_0028.wav,bonafide,hi-en,996368,mucs2021,none,clean,eval,0.9997656941413879
${DATA_ROOT}/interim/rvc_gate/bonafide_source/106718_vE1rhq3ojNKZvQNv_0034.wav,bonafide,hi-en,106718,mucs2021,none,clean,eval,0.9998989105224609
${DATA_ROOT}/interim/rvc_gate/bonafide_source/142970_DP5j8CLDeL6HHHSX_0029.wav,bonafide,hi-en,142970,mucs2021,none,clean,eval,0.9990378618240356
${DATA_ROOT}/interim/rvc_gate/bonafide_source/177570_jSNK2zDaIvyZsMZp_0034.wav,bonafide,hi-en,177570,mucs2021,none,clean,eval,0.9986067414283752
${DATA_ROOT}/interim/rvc_gate/bonafide_source/186783_LFpbaXkb8HuQ6DnF_0032.wav,bonafide,hi-en,186783,mucs2021,none,clean,eval,0.999717652797699
${DATA_ROOT}/interim/rvc_gate/bonafide_source/205240_F4KjmwYhWvnpSE0m_0033.wav,bonafide,hi-en,205240,mucs2021,none,clean,eval,0.9993742108345032
${DATA_ROOT}/interim/rvc_gate/bonafide_source/413057_aKSsdMqkPfUWyYeS_0029.wav,bonafide,hi-en,413057,mucs2021,none,clean,eval,0.9998109936714172
${DATA_ROOT}/interim/rvc_gate/bonafide_source/445718_H6Z2BkcyVtiuiN7A_0031.wav,bonafide,hi-en,445718,mucs2021,none,clean,eval,0.9997873902320862
${DATA_ROOT}/interim/rvc_gate/bonafide_source/457295_WgzliDtK6Htff0g2_0038.wav,bonafide,hi-en,457295,mucs2021,none,clean,eval,0.9995331764221191
${DATA_ROOT}/interim/rvc_gate/bonafide_source/539226_vZGSoJPH1tbvsyCa_0030.wav,bonafide,hi-en,539226,mucs2021,none,clean,eval,0.9997567534446716
${DATA_ROOT}/interim/rvc_gate/bonafide_source/539354_C3MtnFEDrRkWHSvJ_0030.wav,bonafide,hi-en,539354,mucs2021,none,clean,eval,0.9993938207626343
${DATA_ROOT}/interim/rvc_gate/bonafide_source/541304_cyhxRWI0LoKYZvcw_0031.wav,bonafide,hi-en,541304,mucs2021,none,clean,eval,0.9996461868286133
${DATA_ROOT}/interim/rvc_gate/bonafide_source/584991_1ijxO93RTIJh2Rzv_0030.wav,bonafide,hi-en,584991,mucs2021,none,clean,eval,0.9996722936630249
${DATA_ROOT}/interim/rvc_gate/bonafide_source/634568_jCgweujQVV5haVF1_0032.wav,bonafide,hi-en,634568,mucs2021,none,clean,eval,0.9995075464248657
${DATA_ROOT}/interim/rvc_gate/bonafide_source/705494_fZcxLszRnIHxmVQp_0030.wav,bonafide,hi-en,705494,mucs2021,none,clean,eval,0.9997085928916931
${DATA_ROOT}/interim/rvc_gate/bonafide_source/797767_TRInoJRJxAX3qv5C_0029.wav,bonafide,hi-en,797767,mucs2021,none,clean,eval,0.9998494386672974
${DATA_ROOT}/interim/rvc_gate/bonafide_source/850754_wOTMMvC3WQ5YQRAF_0032.wav,bonafide,hi-en,850754,mucs2021,none,clean,eval,0.9992461204528809
${DATA_ROOT}/interim/rvc_gate/bonafide_source/870582_crdH0AI5aH25bEXe_0033.wav,bonafide,hi-en,870582,mucs2021,none,clean,eval,0.9990732669830322
${DATA_ROOT}/interim/rvc_gate/bonafide_source/876898_RyQSvr4r4iAMTYXq_0029.wav,bonafide,hi-en,876898,mucs2021,none,clean,eval,0.9996984004974365
${DATA_ROOT}/interim/rvc_gate/bonafide_source/893273_8xh3ZKpPy5YhAnKX_0033.wav,bonafide,hi-en,893273,mucs2021,none,clean,eval,0.9997114539146423
${DATA_ROOT}/interim/rvc_gate/bonafide_source/903756_K3X6AGezGWAoDe1q_0034.wav,bonafide,hi-en,903756,mucs2021,none,clean,eval,0.9995848536491394
${DATA_ROOT}/interim/rvc_gate/bonafide_source/912184_V11NDc0lxudGbWQU_0030.wav,bonafide,hi-en,912184,mucs2021,none,clean,eval,0.9994603991508484
${DATA_ROOT}/interim/rvc_gate/bonafide_source/975912_1eNS3GaW1oHHurL4_0029.wav,bonafide,hi-en,975912,mucs2021,none,clean,eval,0.9990359544754028
${DATA_ROOT}/interim/rvc_gate/bonafide_source/987461_LSRBJiHdUoHm4BTI_0032.wav,bonafide,hi-en,987461,mucs2021,none,clean,eval,0.9997081160545349
${DATA_ROOT}/interim/rvc_gate/bonafide_source/996368_n4ACC4gnqW0IM1wW_0029.wav,bonafide,hi-en,996368,mucs2021,none,clean,eval,0.999647855758667
${DATA_ROOT}/interim/rvc_gate/bonafide_source/106718_vE1rhq3ojNKZvQNv_0036.wav,bonafide,hi-en,106718,mucs2021,none,clean,eval,0.9997044205665588
${DATA_ROOT}/interim/rvc_gate/bonafide_source/142970_DP5j8CLDeL6HHHSX_0030.wav,bonafide,hi-en,142970,mucs2021,none,clean,eval,0.9994980096817017
${DATA_ROOT}/interim/rvc_gate/bonafide_source/177570_jSNK2zDaIvyZsMZp_0035.wav,bonafide,hi-en,177570,mucs2021,none,clean,eval,0.9990764856338501
${DATA_ROOT}/interim/rvc_gate/bonafide_source/186783_LFpbaXkb8HuQ6DnF_0033.wav,bonafide,hi-en,186783,mucs2021,none,clean,eval,0.9997100234031677
${DATA_ROOT}/interim/rvc_gate/bonafide_source/205240_F4KjmwYhWvnpSE0m_0034.wav,bonafide,hi-en,205240,mucs2021,none,clean,eval,0.9995349645614624
${DATA_ROOT}/interim/rvc_gate/bonafide_source/413057_aKSsdMqkPfUWyYeS_0030.wav,bonafide,hi-en,413057,mucs2021,none,clean,eval,0.9996426105499268
${DATA_ROOT}/interim/rvc_gate/bonafide_source/445718_H6Z2BkcyVtiuiN7A_0032.wav,bonafide,hi-en,445718,mucs2021,none,clean,eval,0.9995375871658325
${DATA_ROOT}/interim/rvc_gate/bonafide_source/457295_WgzliDtK6Htff0g2_0039.wav,bonafide,hi-en,457295,mucs2021,none,clean,eval,0.9996026158332825
${DATA_ROOT}/interim/rvc_gate/bonafide_source/539226_vZGSoJPH1tbvsyCa_0031.wav,bonafide,hi-en,539226,mucs2021,none,clean,eval,0.9995157718658447
${DATA_ROOT}/interim/rvc_gate/bonafide_source/539354_C3MtnFEDrRkWHSvJ_0031.wav,bonafide,hi-en,539354,mucs2021,none,clean,eval,0.9904766082763672
${DATA_ROOT}/interim/rvc_gate/bonafide_source/541304_cyhxRWI0LoKYZvcw_0032.wav,bonafide,hi-en,541304,mucs2021,none,clean,eval,0.9997052550315857
${DATA_ROOT}/interim/rvc_gate/bonafide_source/584991_1ijxO93RTIJh2Rzv_0031.wav,bonafide,hi-en,584991,mucs2021,none,clean,eval,0.9993991851806641
${DATA_ROOT}/interim/rvc_gate/bonafide_source/634568_jCgweujQVV5haVF1_0033.wav,bonafide,hi-en,634568,mucs2021,none,clean,eval,0.999599277973175
${DATA_ROOT}/interim/rvc_gate/bonafide_source/705494_fZcxLszRnIHxmVQp_0031.wav,bonafide,hi-en,705494,mucs2021,none,clean,eval,0.9996825456619263
${DATA_ROOT}/interim/rvc_gate/bonafide_source/797767_TRInoJRJxAX3qv5C_0030.wav,bonafide,hi-en,797767,mucs2021,none,clean,eval,0.9995661377906799
${DATA_ROOT}/interim/rvc_gate/bonafide_source/850754_wOTMMvC3WQ5YQRAF_0033.wav,bonafide,hi-en,850754,mucs2021,none,clean,eval,0.9996715784072876
${DATA_ROOT}/interim/rvc_gate/bonafide_source/870582_crdH0AI5aH25bEXe_0034.wav,bonafide,hi-en,870582,mucs2021,none,clean,eval,0.0026898945216089487
${DATA_ROOT}/interim/rvc_gate/bonafide_source/876898_RyQSvr4r4iAMTYXq_0030.wav,bonafide,hi-en,876898,mucs2021,none,clean,eval,0.9003819227218628
${DATA_ROOT}/interim/rvc_gate/bonafide_source/893273_8xh3ZKpPy5YhAnKX_0035.wav,bonafide,hi-en,893273,mucs2021,none,clean,eval,0.999679684638977
${DATA_ROOT}/interim/rvc_gate/bonafide_source/903756_K3X6AGezGWAoDe1q_0035.wav,bonafide,hi-en,903756,mucs2021,none,clean,eval,0.9998200535774231
${DATA_ROOT}/interim/rvc_gate/bonafide_source/912184_V11NDc0lxudGbWQU_0031.wav,bonafide,hi-en,912184,mucs2021,none,clean,eval,0.9994000196456909
${DATA_ROOT}/interim/rvc_gate/bonafide_source/975912_1eNS3GaW1oHHurL4_0031.wav,bonafide,hi-en,975912,mucs2021,none,clean,eval,0.9984513521194458
${DATA_ROOT}/interim/rvc_gate/bonafide_source/987461_LSRBJiHdUoHm4BTI_0033.wav,bonafide,hi-en,987461,mucs2021,none,clean,eval,0.9995545744895935
${DATA_ROOT}/interim/rvc_gate/bonafide_source/996368_n4ACC4gnqW0IM1wW_0030.wav,bonafide,hi-en,996368,mucs2021,none,clean,eval,0.9997541308403015
${DATA_ROOT}/interim/rvc_gate/bonafide_source/106718_vE1rhq3ojNKZvQNv_0037.wav,bonafide,hi-en,106718,mucs2021,none,clean,eval,0.9994518160820007
${DATA_ROOT}/interim/rvc_gate/bonafide_source/142970_DP5j8CLDeL6HHHSX_0031.wav,bonafide,hi-en,142970,mucs2021,none,clean,eval,0.9995836615562439
${DATA_ROOT}/interim/rvc_gate/bonafide_source/177570_jSNK2zDaIvyZsMZp_0036.wav,bonafide,hi-en,177570,mucs2021,none,clean,eval,0.9995375871658325
${DATA_ROOT}/interim/rvc_gate/bonafide_source/186783_LFpbaXkb8HuQ6DnF_0034.wav,bonafide,hi-en,186783,mucs2021,none,clean,eval,0.9996935129165649
${DATA_ROOT}/interim/rvc_gate/bonafide_source/205240_F4KjmwYhWvnpSE0m_0035.wav,bonafide,hi-en,205240,mucs2021,none,clean,eval,0.9996098875999451
${DATA_ROOT}/interim/rvc_gate/bonafide_source/413057_aKSsdMqkPfUWyYeS_0031.wav,bonafide,hi-en,413057,mucs2021,none,clean,eval,0.9997391104698181
${DATA_ROOT}/interim/rvc_gate/bonafide_source/445718_H6Z2BkcyVtiuiN7A_0033.wav,bonafide,hi-en,445718,mucs2021,none,clean,eval,0.9997214674949646
${DATA_ROOT}/interim/rvc_gate/bonafide_source/457295_WgzliDtK6Htff0g2_0040.wav,bonafide,hi-en,457295,mucs2021,none,clean,eval,0.9995781779289246
${DATA_ROOT}/interim/rvc_gate/bonafide_source/539226_vZGSoJPH1tbvsyCa_0033.wav,bonafide,hi-en,539226,mucs2021,none,clean,eval,0.9995555281639099
${DATA_ROOT}/interim/rvc_gate/bonafide_source/539354_C3MtnFEDrRkWHSvJ_0032.wav,bonafide,hi-en,539354,mucs2021,none,clean,eval,0.9996685981750488
${DATA_ROOT}/interim/rvc_gate/bonafide_source/541304_cyhxRWI0LoKYZvcw_0033.wav,bonafide,hi-en,541304,mucs2021,none,clean,eval,0.9997708201408386
${DATA_ROOT}/interim/rvc_gate/bonafide_source/584991_1ijxO93RTIJh2Rzv_0032.wav,bonafide,hi-en,584991,mucs2021,none,clean,eval,0.9996298551559448
${DATA_ROOT}/interim/rvc_gate/bonafide_source/634568_jCgweujQVV5haVF1_0034.wav,bonafide,hi-en,634568,mucs2021,none,clean,eval,0.9997705817222595
${DATA_ROOT}/interim/rvc_gate/bonafide_source/705494_fZcxLszRnIHxmVQp_0032.wav,bonafide,hi-en,705494,mucs2021,none,clean,eval,0.9996929168701172
${DATA_ROOT}/interim/rvc_gate/bonafide_source/797767_TRInoJRJxAX3qv5C_0031.wav,bonafide,hi-en,797767,mucs2021,none,clean,eval,0.9997333884239197
${DATA_ROOT}/interim/rvc_gate/bonafide_source/850754_wOTMMvC3WQ5YQRAF_0034.wav,bonafide,hi-en,850754,mucs2021,none,clean,eval,0.9997218251228333
${DATA_ROOT}/interim/rvc_gate/bonafide_source/870582_crdH0AI5aH25bEXe_0035.wav,bonafide,hi-en,870582,mucs2021,none,clean,eval,0.9980170726776123
${DATA_ROOT}/interim/rvc_gate/bonafide_source/876898_RyQSvr4r4iAMTYXq_0032.wav,bonafide,hi-en,876898,mucs2021,none,clean,eval,0.9991067051887512
${DATA_ROOT}/interim/rvc_gate/bonafide_source/893273_8xh3ZKpPy5YhAnKX_0036.wav,bonafide,hi-en,893273,mucs2021,none,clean,eval,0.9998177886009216
${DATA_ROOT}/interim/rvc_gate/bonafide_source/903756_K3X6AGezGWAoDe1q_0036.wav,bonafide,hi-en,903756,mucs2021,none,clean,eval,0.9996802806854248
${DATA_ROOT}/interim/rvc_gate/bonafide_source/912184_V11NDc0lxudGbWQU_0032.wav,bonafide,hi-en,912184,mucs2021,none,clean,eval,0.0012505452614277601
${DATA_ROOT}/interim/rvc_gate/bonafide_source/975912_1eNS3GaW1oHHurL4_0032.wav,bonafide,hi-en,975912,mucs2021,none,clean,eval,0.9995689988136292
${DATA_ROOT}/interim/rvc_gate/bonafide_source/987461_LSRBJiHdUoHm4BTI_0034.wav,bonafide,hi-en,987461,mucs2021,none,clean,eval,0.9995730519294739
${DATA_ROOT}/interim/rvc_gate/bonafide_source/996368_n4ACC4gnqW0IM1wW_0031.wav,bonafide,hi-en,996368,mucs2021,none,clean,eval,0.999725878238678
${DATA_ROOT}/interim/rvc_gate/bonafide_source/106718_vE1rhq3ojNKZvQNv_0038.wav,bonafide,hi-en,106718,mucs2021,none,clean,eval,0.9998047947883606
${DATA_ROOT}/interim/rvc_gate/bonafide_source/142970_DP5j8CLDeL6HHHSX_0032.wav,bonafide,hi-en,142970,mucs2021,none,clean,eval,0.9998433589935303
${DATA_ROOT}/interim/rvc_gate/bonafide_source/177570_jSNK2zDaIvyZsMZp_0038.wav,bonafide,hi-en,177570,mucs2021,none,clean,eval,0.9994471669197083
${DATA_ROOT}/interim/rvc_gate/bonafide_source/186783_LFpbaXkb8HuQ6DnF_0035.wav,bonafide,hi-en,186783,mucs2021,none,clean,eval,0.9996273517608643
${DATA_ROOT}/interim/rvc_gate/bonafide_source/205240_F4KjmwYhWvnpSE0m_0036.wav,bonafide,hi-en,205240,mucs2021,none,clean,eval,0.9994425177574158
${DATA_ROOT}/interim/rvc_gate/bonafide_source/413057_aKSsdMqkPfUWyYeS_0032.wav,bonafide,hi-en,413057,mucs2021,none,clean,eval,0.9997153878211975
${DATA_ROOT}/interim/rvc_gate/bonafide_source/445718_H6Z2BkcyVtiuiN7A_0034.wav,bonafide,hi-en,445718,mucs2021,none,clean,eval,0.9996809959411621
${DATA_ROOT}/interim/rvc_gate/bonafide_source/457295_WgzliDtK6Htff0g2_0041.wav,bonafide,hi-en,457295,mucs2021,none,clean,eval,0.9997884631156921
${DATA_ROOT}/interim/rvc_gate/bonafide_source/539226_vZGSoJPH1tbvsyCa_0034.wav,bonafide,hi-en,539226,mucs2021,none,clean,eval,0.9997286200523376
${DATA_ROOT}/interim/rvc_gate/bonafide_source/539354_C3MtnFEDrRkWHSvJ_0033.wav,bonafide,hi-en,539354,mucs2021,none,clean,eval,0.9994940757751465
${DATA_ROOT}/interim/rvc_gate/bonafide_source/541304_cyhxRWI0LoKYZvcw_0034.wav,bonafide,hi-en,541304,mucs2021,none,clean,eval,0.9996576309204102
${DATA_ROOT}/interim/rvc_gate/bonafide_source/584991_1ijxO93RTIJh2Rzv_0033.wav,bonafide,hi-en,584991,mucs2021,none,clean,eval,0.9994832277297974
${DATA_ROOT}/interim/rvc_gate/bonafide_source/634568_jCgweujQVV5haVF1_0035.wav,bonafide,hi-en,634568,mucs2021,none,clean,eval,0.9997431635856628
${DATA_ROOT}/interim/rvc_gate/bonafide_source/705494_fZcxLszRnIHxmVQp_0033.wav,bonafide,hi-en,705494,mucs2021,none,clean,eval,0.9997324347496033
${DATA_ROOT}/interim/rvc_gate/bonafide_source/797767_TRInoJRJxAX3qv5C_0032.wav,bonafide,hi-en,797767,mucs2021,none,clean,eval,0.9995773434638977
${DATA_ROOT}/interim/rvc_gate/bonafide_source/850754_wOTMMvC3WQ5YQRAF_0035.wav,bonafide,hi-en,850754,mucs2021,none,clean,eval,0.9996505975723267
${DATA_ROOT}/interim/rvc_gate/bonafide_source/870582_crdH0AI5aH25bEXe_0036.wav,bonafide,hi-en,870582,mucs2021,none,clean,eval,0.9997523427009583
${DATA_ROOT}/interim/rvc_gate/bonafide_source/876898_RyQSvr4r4iAMTYXq_0033.wav,bonafide,hi-en,876898,mucs2021,none,clean,eval,0.9989810585975647
${DATA_ROOT}/interim/rvc_gate/bonafide_source/893273_8xh3ZKpPy5YhAnKX_0037.wav,bonafide,hi-en,893273,mucs2021,none,clean,eval,0.9994304776191711
${DATA_ROOT}/interim/rvc_gate/bonafide_source/903756_K3X6AGezGWAoDe1q_0037.wav,bonafide,hi-en,903756,mucs2021,none,clean,eval,0.9997391104698181
${DATA_ROOT}/interim/rvc_gate/bonafide_source/912184_V11NDc0lxudGbWQU_0033.wav,bonafide,hi-en,912184,mucs2021,none,clean,eval,0.9996230602264404
${DATA_ROOT}/interim/rvc_gate/bonafide_source/975912_1eNS3GaW1oHHurL4_0033.wav,bonafide,hi-en,975912,mucs2021,none,clean,eval,0.9991981387138367
${DATA_ROOT}/interim/rvc_gate/bonafide_source/987461_LSRBJiHdUoHm4BTI_0035.wav,bonafide,hi-en,987461,mucs2021,none,clean,eval,0.9996379613876343
${DATA_ROOT}/interim/rvc_gate/bonafide_source/996368_n4ACC4gnqW0IM1wW_0032.wav,bonafide,hi-en,996368,mucs2021,none,clean,eval,0.9996694326400757
${DATA_ROOT}/interim/rvc_gate/bonafide_source/106718_vE1rhq3ojNKZvQNv_0039.wav,bonafide,hi-en,106718,mucs2021,none,clean,eval,0.9996273517608643
${DATA_ROOT}/interim/rvc_gate/bonafide_source/142970_DP5j8CLDeL6HHHSX_0033.wav,bonafide,hi-en,142970,mucs2021,none,clean,eval,0.8638684153556824
${DATA_ROOT}/interim/rvc_gate/bonafide_source/177570_jSNK2zDaIvyZsMZp_0039.wav,bonafide,hi-en,177570,mucs2021,none,clean,eval,0.9996352195739746
${DATA_ROOT}/interim/rvc_gate/bonafide_source/186783_LFpbaXkb8HuQ6DnF_0036.wav,bonafide,hi-en,186783,mucs2021,none,clean,eval,0.99954754114151
${DATA_ROOT}/interim/rvc_gate/bonafide_source/205240_F4KjmwYhWvnpSE0m_0037.wav,bonafide,hi-en,205240,mucs2021,none,clean,eval,0.9997026324272156
${DATA_ROOT}/interim/rvc_gate/bonafide_source/106718_vE1rhq3ojNKZvQNv_0041.wav,bonafide,hi-en,106718,mucs2021,none,clean,eval,0.999803364276886
${DATA_ROOT}/interim/rvc_gate/bonafide_source/142970_DP5j8CLDeL6HHHSX_0035.wav,bonafide,hi-en,142970,mucs2021,none,clean,eval,0.9992713332176208
${DATA_ROOT}/interim/rvc_gate/bonafide_source/177570_jSNK2zDaIvyZsMZp_0041.wav,bonafide,hi-en,177570,mucs2021,none,clean,eval,0.9991637468338013
${DATA_ROOT}/interim/rvc_gate/bonafide_source/186783_LFpbaXkb8HuQ6DnF_0038.wav,bonafide,hi-en,186783,mucs2021,none,clean,eval,0.9996675252914429
${DATA_ROOT}/interim/rvc_gate/bonafide_source/205240_F4KjmwYhWvnpSE0m_0039.wav,bonafide,hi-en,205240,mucs2021,none,clean,eval,0.999660849571228
${DATA_ROOT}/interim/rvc_gate/bonafide_source/322882_XTscbPr78nzuHhuu_0038.wav,bonafide,hi-en,322882,mucs2021,none,clean,eval,0.9998002648353577
${DATA_ROOT}/interim/rvc_gate/bonafide_source/413057_aKSsdMqkPfUWyYeS_0035.wav,bonafide,hi-en,413057,mucs2021,none,clean,eval,0.9996819496154785
${DATA_ROOT}/interim/rvc_gate/bonafide_source/445718_H6Z2BkcyVtiuiN7A_0037.wav,bonafide,hi-en,445718,mucs2021,none,clean,eval,0.9981720447540283
${DATA_ROOT}/interim/rvc_gate/bonafide_source/457295_WgzliDtK6Htff0g2_0044.wav,bonafide,hi-en,457295,mucs2021,none,clean,eval,0.999700665473938
${DATA_ROOT}/interim/rvc_gate/bonafide_source/539226_vZGSoJPH1tbvsyCa_0037.wav,bonafide,hi-en,539226,mucs2021,none,clean,eval,0.999602735042572
${DATA_ROOT}/interim/rvc_gate/bonafide_source/539354_C3MtnFEDrRkWHSvJ_0036.wav,bonafide,hi-en,539354,mucs2021,none,clean,eval,0.9997201561927795
${DATA_ROOT}/interim/rvc_gate/bonafide_source/541304_cyhxRWI0LoKYZvcw_0037.wav,bonafide,hi-en,541304,mucs2021,none,clean,eval,0.9998118281364441
${DATA_ROOT}/interim/rvc_gate/bonafide_source/584991_1ijxO93RTIJh2Rzv_0036.wav,bonafide,hi-en,584991,mucs2021,none,clean,eval,0.999738872051239
${DATA_ROOT}/interim/rvc_gate/bonafide_source/634568_jCgweujQVV5haVF1_0038.wav,bonafide,hi-en,634568,mucs2021,none,clean,eval,0.9996811151504517
${DATA_ROOT}/interim/rvc_gate/bonafide_source/705494_fZcxLszRnIHxmVQp_0036.wav,bonafide,hi-en,705494,mucs2021,none,clean,eval,0.9997772574424744
${DATA_ROOT}/interim/rvc_gate/bonafide_source/797767_TRInoJRJxAX3qv5C_0035.wav,bonafide,hi-en,797767,mucs2021,none,clean,eval,0.9997881054878235
${DATA_ROOT}/interim/rvc_gate/bonafide_source/850754_wOTMMvC3WQ5YQRAF_0038.wav,bonafide,hi-en,850754,mucs2021,none,clean,eval,0.9997240900993347
${DATA_ROOT}/interim/rvc_gate/bonafide_source/870582_crdH0AI5aH25bEXe_0040.wav,bonafide,hi-en,870582,mucs2021,none,clean,eval,0.9994553923606873
${DATA_ROOT}/interim/rvc_gate/bonafide_source/876898_RyQSvr4r4iAMTYXq_0036.wav,bonafide,hi-en,876898,mucs2021,none,clean,eval,0.9927116632461548
${DATA_ROOT}/interim/rvc_gate/bonafide_source/893273_8xh3ZKpPy5YhAnKX_0040.wav,bonafide,hi-en,893273,mucs2021,none,clean,eval,0.9996520280838013
${DATA_ROOT}/interim/rvc_gate/bonafide_source/903756_K3X6AGezGWAoDe1q_0040.wav,bonafide,hi-en,903756,mucs2021,none,clean,eval,0.9996308088302612
${DATA_ROOT}/interim/rvc_gate/bonafide_source/912184_V11NDc0lxudGbWQU_0037.wav,bonafide,hi-en,912184,mucs2021,none,clean,eval,0.9995203018188477
${DATA_ROOT}/interim/rvc_gate/bonafide_source/975912_1eNS3GaW1oHHurL4_0036.wav,bonafide,hi-en,975912,mucs2021,none,clean,eval,0.9995662569999695
${DATA_ROOT}/interim/rvc_gate/bonafide_source/987461_LSRBJiHdUoHm4BTI_0039.wav,bonafide,hi-en,987461,mucs2021,none,clean,eval,0.9994816184043884
${DATA_ROOT}/interim/rvc_gate/bonafide_source/106718_vE1rhq3ojNKZvQNv_0042.wav,bonafide,hi-en,106718,mucs2021,none,clean,eval,0.9996401071548462
${DATA_ROOT}/interim/rvc_gate/bonafide_source/142970_DP5j8CLDeL6HHHSX_0036.wav,bonafide,hi-en,142970,mucs2021,none,clean,eval,0.9991681575775146
${DATA_ROOT}/interim/rvc_gate/bonafide_source/177570_jSNK2zDaIvyZsMZp_0042.wav,bonafide,hi-en,177570,mucs2021,none,clean,eval,0.9925768971443176
${DATA_ROOT}/interim/rvc_gate/bonafide_source/186783_LFpbaXkb8HuQ6DnF_0039.wav,bonafide,hi-en,186783,mucs2021,none,clean,eval,0.9996730089187622
${DATA_ROOT}/interim/rvc_gate/bonafide_source/205240_F4KjmwYhWvnpSE0m_0040.wav,bonafide,hi-en,205240,mucs2021,none,clean,eval,0.9996353387832642
${DATA_ROOT}/interim/rvc_gate/bonafide_source/322882_XTscbPr78nzuHhuu_0039.wav,bonafide,hi-en,322882,mucs2021,none,clean,eval,0.9995081424713135
${DATA_ROOT}/interim/rvc_gate/bonafide_source/413057_aKSsdMqkPfUWyYeS_0036.wav,bonafide,hi-en,413057,mucs2021,none,clean,eval,0.9997277855873108
${DATA_ROOT}/interim/rvc_gate/bonafide_source/445718_H6Z2BkcyVtiuiN7A_0038.wav,bonafide,hi-en,445718,mucs2021,none,clean,eval,0.9997109770774841
${DATA_ROOT}/interim/rvc_gate/bonafide_source/457295_WgzliDtK6Htff0g2_0045.wav,bonafide,hi-en,457295,mucs2021,none,clean,eval,0.9996539354324341
${DATA_ROOT}/interim/rvc_gate/bonafide_source/539226_vZGSoJPH1tbvsyCa_0038.wav,bonafide,hi-en,539226,mucs2021,none,clean,eval,0.9995218515396118
${DATA_ROOT}/interim/rvc_gate/bonafide_source/539354_C3MtnFEDrRkWHSvJ_0037.wav,bonafide,hi-en,539354,mucs2021,none,clean,eval,0.9994181394577026
${DATA_ROOT}/interim/rvc_gate/bonafide_source/541304_cyhxRWI0LoKYZvcw_0038.wav,bonafide,hi-en,541304,mucs2021,none,clean,eval,0.9995595812797546
${DATA_ROOT}/interim/rvc_gate/bonafide_source/584991_1ijxO93RTIJh2Rzv_0037.wav,bonafide,hi-en,584991,mucs2021,none,clean,eval,0.9996341466903687
${DATA_ROOT}/interim/rvc_gate/bonafide_source/634568_jCgweujQVV5haVF1_0039.wav,bonafide,hi-en,634568,mucs2021,none,clean,eval,0.9995495676994324
${DATA_ROOT}/interim/rvc_gate/bonafide_source/705494_fZcxLszRnIHxmVQp_0037.wav,bonafide,hi-en,705494,mucs2021,none,clean,eval,0.999593198299408
${DATA_ROOT}/interim/rvc_gate/bonafide_source/797767_TRInoJRJxAX3qv5C_0036.wav,bonafide,hi-en,797767,mucs2021,none,clean,eval,0.9996902942657471
${DATA_ROOT}/interim/rvc_gate/bonafide_source/850754_wOTMMvC3WQ5YQRAF_0039.wav,bonafide,hi-en,850754,mucs2021,none,clean,eval,0.9998630285263062
${DATA_ROOT}/interim/rvc_gate/bonafide_source/870582_crdH0AI5aH25bEXe_0041.wav,bonafide,hi-en,870582,mucs2021,none,clean,eval,0.9995742440223694
${DATA_ROOT}/interim/rvc_gate/bonafide_source/876898_RyQSvr4r4iAMTYXq_0037.wav,bonafide,hi-en,876898,mucs2021,none,clean,eval,0.9985204339027405
${DATA_ROOT}/interim/rvc_gate/bonafide_source/893273_8xh3ZKpPy5YhAnKX_0041.wav,bonafide,hi-en,893273,mucs2021,none,clean,eval,0.9994415640830994
${DATA_ROOT}/interim/rvc_gate/bonafide_source/903756_K3X6AGezGWAoDe1q_0041.wav,bonafide,hi-en,903756,mucs2021,none,clean,eval,0.9997063279151917
${DATA_ROOT}/interim/rvc_gate/bonafide_source/912184_V11NDc0lxudGbWQU_0038.wav,bonafide,hi-en,912184,mucs2021,none,clean,eval,0.9979859590530396
${DATA_ROOT}/interim/rvc_gate/bonafide_source/975912_1eNS3GaW1oHHurL4_0037.wav,bonafide,hi-en,975912,mucs2021,none,clean,eval,0.9997474551200867
${DATA_ROOT}/interim/rvc_gate/bonafide_source/987461_LSRBJiHdUoHm4BTI_0040.wav,bonafide,hi-en,987461,mucs2021,none,clean,eval,0.999677300453186
${DATA_ROOT}/interim/rvc_gate/bonafide_source/106718_vE1rhq3ojNKZvQNv_0043.wav,bonafide,hi-en,106718,mucs2021,none,clean,eval,0.9998364448547363
${DATA_ROOT}/interim/rvc_gate/bonafide_source/142970_DP5j8CLDeL6HHHSX_0037.wav,bonafide,hi-en,142970,mucs2021,none,clean,eval,0.6746712923049927
${DATA_ROOT}/interim/rvc_gate/bonafide_source/177570_jSNK2zDaIvyZsMZp_0043.wav,bonafide,hi-en,177570,mucs2021,none,clean,eval,0.9994019269943237
${DATA_ROOT}/interim/rvc_gate/bonafide_source/186783_LFpbaXkb8HuQ6DnF_0041.wav,bonafide,hi-en,186783,mucs2021,none,clean,eval,0.9994328618049622
${DATA_ROOT}/interim/rvc_gate/bonafide_source/205240_F4KjmwYhWvnpSE0m_0041.wav,bonafide,hi-en,205240,mucs2021,none,clean,eval,0.9996505975723267
${DATA_ROOT}/interim/rvc_gate/bonafide_source/322882_XTscbPr78nzuHhuu_0040.wav,bonafide,hi-en,322882,mucs2021,none,clean,eval,0.9997263550758362
${DATA_ROOT}/interim/rvc_gate/bonafide_source/413057_aKSsdMqkPfUWyYeS_0037.wav,bonafide,hi-en,413057,mucs2021,none,clean,eval,0.9996545314788818
${DATA_ROOT}/interim/rvc_gate/bonafide_source/445718_H6Z2BkcyVtiuiN7A_0039.wav,bonafide,hi-en,445718,mucs2021,none,clean,eval,0.999602735042572
${DATA_ROOT}/interim/rvc_gate/bonafide_source/457295_WgzliDtK6Htff0g2_0046.wav,bonafide,hi-en,457295,mucs2021,none,clean,eval,0.999705970287323
${DATA_ROOT}/interim/rvc_gate/bonafide_source/539226_vZGSoJPH1tbvsyCa_0039.wav,bonafide,hi-en,539226,mucs2021,none,clean,eval,0.9995961785316467
${DATA_ROOT}/interim/rvc_gate/bonafide_source/539354_C3MtnFEDrRkWHSvJ_0038.wav,bonafide,hi-en,539354,mucs2021,none,clean,eval,0.9996840953826904
${DATA_ROOT}/interim/rvc_gate/bonafide_source/541304_cyhxRWI0LoKYZvcw_0039.wav,bonafide,hi-en,541304,mucs2021,none,clean,eval,0.9996306896209717
${DATA_ROOT}/interim/rvc_gate/bonafide_source/584991_1ijxO93RTIJh2Rzv_0038.wav,bonafide,hi-en,584991,mucs2021,none,clean,eval,0.999624490737915
${DATA_ROOT}/interim/rvc_gate/bonafide_source/634568_jCgweujQVV5haVF1_0041.wav,bonafide,hi-en,634568,mucs2021,none,clean,eval,0.999559223651886
${DATA_ROOT}/interim/rvc_gate/bonafide_source/705494_fZcxLszRnIHxmVQp_0038.wav,bonafide,hi-en,705494,mucs2021,none,clean,eval,0.9996556043624878
${DATA_ROOT}/interim/rvc_gate/bonafide_source/797767_TRInoJRJxAX3qv5C_0037.wav,bonafide,hi-en,797767,mucs2021,none,clean,eval,0.999665379524231
${DATA_ROOT}/interim/rvc_gate/bonafide_source/850754_wOTMMvC3WQ5YQRAF_0040.wav,bonafide,hi-en,850754,mucs2021,none,clean,eval,0.9994256496429443
${DATA_ROOT}/interim/rvc_gate/bonafide_source/870582_crdH0AI5aH25bEXe_0042.wav,bonafide,hi-en,870582,mucs2021,none,clean,eval,0.9987449645996094
${DATA_ROOT}/interim/rvc_gate/bonafide_source/876898_RyQSvr4r4iAMTYXq_0038.wav,bonafide,hi-en,876898,mucs2021,none,clean,eval,0.9992979764938354
${DATA_ROOT}/interim/rvc_gate/bonafide_source/893273_8xh3ZKpPy5YhAnKX_0042.wav,bonafide,hi-en,893273,mucs2021,none,clean,eval,0.9998292922973633
${DATA_ROOT}/interim/rvc_gate/bonafide_source/903756_K3X6AGezGWAoDe1q_0042.wav,bonafide,hi-en,903756,mucs2021,none,clean,eval,0.9995959401130676
${DATA_ROOT}/interim/rvc_gate/bonafide_source/912184_V11NDc0lxudGbWQU_0039.wav,bonafide,hi-en,912184,mucs2021,none,clean,eval,0.9731631278991699
${DATA_ROOT}/interim/rvc_gate/bonafide_source/975912_1eNS3GaW1oHHurL4_0038.wav,bonafide,hi-en,975912,mucs2021,none,clean,eval,0.999382734298706
${DATA_ROOT}/interim/rvc_gate/bonafide_source/987461_LSRBJiHdUoHm4BTI_0041.wav,bonafide,hi-en,987461,mucs2021,none,clean,eval,0.9993364214897156
${DATA_ROOT}/interim/rvc_gate/bonafide_source/106718_vE1rhq3ojNKZvQNv_0044.wav,bonafide,hi-en,106718,mucs2021,none,clean,eval,0.9996442794799805
${DATA_ROOT}/interim/rvc_gate/bonafide_source/142970_DP5j8CLDeL6HHHSX_0039.wav,bonafide,hi-en,142970,mucs2021,none,clean,eval,0.9994906187057495
${DATA_ROOT}/interim/rvc_gate/bonafide_source/177570_jSNK2zDaIvyZsMZp_0044.wav,bonafide,hi-en,177570,mucs2021,none,clean,eval,0.9996172189712524
${DATA_ROOT}/interim/rvc_gate/bonafide_source/186783_LFpbaXkb8HuQ6DnF_0042.wav,bonafide,hi-en,186783,mucs2021,none,clean,eval,0.9997684359550476
${DATA_ROOT}/interim/rvc_gate/bonafide_source/322882_XTscbPr78nzuHhuu_0042.wav,bonafide,hi-en,322882,mucs2021,none,clean,eval,0.9995983242988586
${DATA_ROOT}/interim/rvc_gate/bonafide_source/413057_aKSsdMqkPfUWyYeS_0038.wav,bonafide,hi-en,413057,mucs2021,none,clean,eval,0.9991616010665894
${DATA_ROOT}/interim/rvc_gate/bonafide_source/445718_H6Z2BkcyVtiuiN7A_0040.wav,bonafide,hi-en,445718,mucs2021,none,clean,eval,0.9998137354850769
${DATA_ROOT}/interim/rvc_gate/bonafide_source/457295_WgzliDtK6Htff0g2_0047.wav,bonafide,hi-en,457295,mucs2021,none,clean,eval,0.9993207454681396
${DATA_ROOT}/interim/rvc_gate/bonafide_source/539226_vZGSoJPH1tbvsyCa_0040.wav,bonafide,hi-en,539226,mucs2021,none,clean,eval,0.9995986819267273
${DATA_ROOT}/interim/rvc_gate/bonafide_source/539354_C3MtnFEDrRkWHSvJ_0039.wav,bonafide,hi-en,539354,mucs2021,none,clean,eval,0.999677300453186
${DATA_ROOT}/interim/rvc_gate/bonafide_source/541304_cyhxRWI0LoKYZvcw_0040.wav,bonafide,hi-en,541304,mucs2021,none,clean,eval,0.999934196472168
${DATA_ROOT}/interim/rvc_gate/bonafide_source/584991_1ijxO93RTIJh2Rzv_0039.wav,bonafide,hi-en,584991,mucs2021,none,clean,eval,0.9995812773704529
${DATA_ROOT}/interim/rvc_gate/bonafide_source/634568_jCgweujQVV5haVF1_0042.wav,bonafide,hi-en,634568,mucs2021,none,clean,eval,0.9997665286064148
${DATA_ROOT}/interim/rvc_gate/bonafide_source/705494_fZcxLszRnIHxmVQp_0039.wav,bonafide,hi-en,705494,mucs2021,none,clean,eval,0.9993222951889038
${DATA_ROOT}/interim/rvc_gate/bonafide_source/797767_TRInoJRJxAX3qv5C_0038.wav,bonafide,hi-en,797767,mucs2021,none,clean,eval,0.9996635913848877
${DATA_ROOT}/interim/rvc_gate/bonafide_source/850754_wOTMMvC3WQ5YQRAF_0041.wav,bonafide,hi-en,850754,mucs2021,none,clean,eval,0.9996628761291504
${DATA_ROOT}/interim/rvc_gate/bonafide_source/870582_crdH0AI5aH25bEXe_0044.wav,bonafide,hi-en,870582,mucs2021,none,clean,eval,0.9994820952415466
${DATA_ROOT}/interim/rvc_gate/bonafide_source/876898_RyQSvr4r4iAMTYXq_0039.wav,bonafide,hi-en,876898,mucs2021,none,clean,eval,0.9993890523910522
${DATA_ROOT}/interim/rvc_gate/bonafide_source/893273_8xh3ZKpPy5YhAnKX_0043.wav,bonafide,hi-en,893273,mucs2021,none,clean,eval,0.9997013211250305
${DATA_ROOT}/interim/rvc_gate/bonafide_source/903756_K3X6AGezGWAoDe1q_0043.wav,bonafide,hi-en,903756,mucs2021,none,clean,eval,0.9996886253356934
${DATA_ROOT}/interim/rvc_gate/bonafide_source/912184_V11NDc0lxudGbWQU_0040.wav,bonafide,hi-en,912184,mucs2021,none,clean,eval,0.9368399977684021
${DATA_ROOT}/interim/rvc_gate/bonafide_source/975912_1eNS3GaW1oHHurL4_0039.wav,bonafide,hi-en,975912,mucs2021,none,clean,eval,0.9996554851531982
${DATA_ROOT}/interim/rvc_gate/bonafide_source/987461_LSRBJiHdUoHm4BTI_0042.wav,bonafide,hi-en,987461,mucs2021,none,clean,eval,0.9994294047355652
${DATA_ROOT}/interim/rvc_gate/bonafide_source/106718_vE1rhq3ojNKZvQNv_0046.wav,bonafide,hi-en,106718,mucs2021,none,clean,eval,0.9997696280479431
${DATA_ROOT}/interim/rvc_gate/bonafide_source/142970_DP5j8CLDeL6HHHSX_0040.wav,bonafide,hi-en,142970,mucs2021,none,clean,eval,0.9994776844978333
${DATA_ROOT}/interim/rvc_gate/bonafide_source/177570_jSNK2zDaIvyZsMZp_0045.wav,bonafide,hi-en,177570,mucs2021,none,clean,eval,0.9841326475143433
${DATA_ROOT}/interim/rvc_gate/bonafide_source/186783_LFpbaXkb8HuQ6DnF_0043.wav,bonafide,hi-en,186783,mucs2021,none,clean,eval,0.9995704293251038
${DATA_ROOT}/interim/rvc_gate/bonafide_source/322882_XTscbPr78nzuHhuu_0043.wav,bonafide,hi-en,322882,mucs2021,none,clean,eval,0.999632716178894
${DATA_ROOT}/interim/rvc_gate/bonafide_source/413057_aKSsdMqkPfUWyYeS_0039.wav,bonafide,hi-en,413057,mucs2021,none,clean,eval,0.9997910857200623
${DATA_ROOT}/interim/rvc_gate/bonafide_source/445718_H6Z2BkcyVtiuiN7A_0041.wav,bonafide,hi-en,445718,mucs2021,none,clean,eval,0.9997093081474304
${DATA_ROOT}/interim/rvc_gate/bonafide_source/457295_WgzliDtK6Htff0g2_0048.wav,bonafide,hi-en,457295,mucs2021,none,clean,eval,0.9998136162757874
${DATA_ROOT}/interim/rvc_gate/bonafide_source/539354_C3MtnFEDrRkWHSvJ_0040.wav,bonafide,hi-en,539354,mucs2021,none,clean,eval,0.9990059733390808
${DATA_ROOT}/interim/rvc_gate/bonafide_source/541304_cyhxRWI0LoKYZvcw_0041.wav,bonafide,hi-en,541304,mucs2021,none,clean,eval,0.9997356534004211
${DATA_ROOT}/interim/rvc_gate/bonafide_source/584991_1ijxO93RTIJh2Rzv_0040.wav,bonafide,hi-en,584991,mucs2021,none,clean,eval,0.9997332692146301
${DATA_ROOT}/interim/rvc_gate/bonafide_source/634568_jCgweujQVV5haVF1_0043.wav,bonafide,hi-en,634568,mucs2021,none,clean,eval,0.9996645450592041
${DATA_ROOT}/interim/rvc_gate/bonafide_source/705494_fZcxLszRnIHxmVQp_0040.wav,bonafide,hi-en,705494,mucs2021,none,clean,eval,0.9994674324989319
${DATA_ROOT}/interim/rvc_gate/bonafide_source/797767_TRInoJRJxAX3qv5C_0039.wav,bonafide,hi-en,797767,mucs2021,none,clean,eval,0.9997301697731018
${DATA_ROOT}/interim/rvc_gate/bonafide_source/850754_wOTMMvC3WQ5YQRAF_0042.wav,bonafide,hi-en,850754,mucs2021,none,clean,eval,0.9999148845672607
${DATA_ROOT}/interim/rvc_gate/bonafide_source/870582_crdH0AI5aH25bEXe_0046.wav,bonafide,hi-en,870582,mucs2021,none,clean,eval,0.9996745586395264
${DATA_ROOT}/interim/rvc_gate/bonafide_source/876898_RyQSvr4r4iAMTYXq_0040.wav,bonafide,hi-en,876898,mucs2021,none,clean,eval,0.994962215423584
${DATA_ROOT}/interim/rvc_gate/bonafide_source/893273_8xh3ZKpPy5YhAnKX_0044.wav,bonafide,hi-en,893273,mucs2021,none,clean,eval,0.9996365308761597
${DATA_ROOT}/interim/rvc_gate/bonafide_source/903756_K3X6AGezGWAoDe1q_0044.wav,bonafide,hi-en,903756,mucs2021,none,clean,eval,0.999660849571228
${DATA_ROOT}/interim/rvc_gate/bonafide_source/912184_V11NDc0lxudGbWQU_0041.wav,bonafide,hi-en,912184,mucs2021,none,clean,eval,0.999184787273407
${DATA_ROOT}/interim/rvc_gate/bonafide_source/975912_1eNS3GaW1oHHurL4_0040.wav,bonafide,hi-en,975912,mucs2021,none,clean,eval,0.9997497200965881
${DATA_ROOT}/interim/rvc_gate/bonafide_source/987461_LSRBJiHdUoHm4BTI_0043.wav,bonafide,hi-en,987461,mucs2021,none,clean,eval,0.9997182488441467
${DATA_ROOT}/interim/rvc_gate/bonafide_source/106718_vE1rhq3ojNKZvQNv_0047.wav,bonafide,hi-en,106718,mucs2021,none,clean,eval,0.9997820258140564
${DATA_ROOT}/interim/rvc_gate/bonafide_source/142970_DP5j8CLDeL6HHHSX_0041.wav,bonafide,hi-en,142970,mucs2021,none,clean,eval,0.9912727475166321
${DATA_ROOT}/interim/rvc_gate/bonafide_source/177570_jSNK2zDaIvyZsMZp_0046.wav,bonafide,hi-en,177570,mucs2021,none,clean,eval,0.9996825456619263
${DATA_ROOT}/interim/rvc_gate/bonafide_source/186783_LFpbaXkb8HuQ6DnF_0044.wav,bonafide,hi-en,186783,mucs2021,none,clean,eval,0.9991387128829956
${DATA_ROOT}/interim/rvc_gate/bonafide_source/142970_DP5j8CLDeL6HHHSX_0043.wav,bonafide,hi-en,142970,mucs2021,none,clean,eval,0.9992285966873169
${DATA_ROOT}/interim/rvc_gate/bonafide_source/177570_jSNK2zDaIvyZsMZp_0048.wav,bonafide,hi-en,177570,mucs2021,none,clean,eval,0.9992988109588623
${DATA_ROOT}/interim/rvc_gate/bonafide_source/186783_LFpbaXkb8HuQ6DnF_0047.wav,bonafide,hi-en,186783,mucs2021,none,clean,eval,0.9995546936988831
${DATA_ROOT}/interim/rvc_gate/bonafide_source/322882_XTscbPr78nzuHhuu_0046.wav,bonafide,hi-en,322882,mucs2021,none,clean,eval,0.999556839466095
${DATA_ROOT}/interim/rvc_gate/bonafide_source/413057_aKSsdMqkPfUWyYeS_0042.wav,bonafide,hi-en,413057,mucs2021,none,clean,eval,0.9997658133506775
${DATA_ROOT}/interim/rvc_gate/bonafide_source/445718_H6Z2BkcyVtiuiN7A_0044.wav,bonafide,hi-en,445718,mucs2021,none,clean,eval,0.9997233748435974
${DATA_ROOT}/interim/rvc_gate/bonafide_source/457295_WgzliDtK6Htff0g2_0052.wav,bonafide,hi-en,457295,mucs2021,none,clean,eval,0.9996756315231323
${DATA_ROOT}/interim/rvc_gate/bonafide_source/539354_C3MtnFEDrRkWHSvJ_0043.wav,bonafide,hi-en,539354,mucs2021,none,clean,eval,0.9997453093528748
${DATA_ROOT}/interim/rvc_gate/bonafide_source/541304_cyhxRWI0LoKYZvcw_0044.wav,bonafide,hi-en,541304,mucs2021,none,clean,eval,0.9996277093887329
${DATA_ROOT}/interim/rvc_gate/bonafide_source/584991_1ijxO93RTIJh2Rzv_0043.wav,bonafide,hi-en,584991,mucs2021,none,clean,eval,0.9997420907020569
${DATA_ROOT}/interim/rvc_gate/bonafide_source/634568_jCgweujQVV5haVF1_0046.wav,bonafide,hi-en,634568,mucs2021,none,clean,eval,0.9996968507766724
${DATA_ROOT}/interim/rvc_gate/bonafide_source/705494_fZcxLszRnIHxmVQp_0043.wav,bonafide,hi-en,705494,mucs2021,none,clean,eval,0.9995081424713135
${DATA_ROOT}/interim/rvc_gate/bonafide_source/797767_TRInoJRJxAX3qv5C_0042.wav,bonafide,hi-en,797767,mucs2021,none,clean,eval,0.9996101260185242
${DATA_ROOT}/interim/rvc_gate/bonafide_source/850754_wOTMMvC3WQ5YQRAF_0045.wav,bonafide,hi-en,850754,mucs2021,none,clean,eval,0.9994041919708252
${DATA_ROOT}/interim/rvc_gate/bonafide_source/870582_crdH0AI5aH25bEXe_0049.wav,bonafide,hi-en,870582,mucs2021,none,clean,eval,0.9987108707427979
${DATA_ROOT}/interim/rvc_gate/bonafide_source/876898_RyQSvr4r4iAMTYXq_0043.wav,bonafide,hi-en,876898,mucs2021,none,clean,eval,0.9994328618049622
${DATA_ROOT}/interim/rvc_gate/bonafide_source/893273_8xh3ZKpPy5YhAnKX_0047.wav,bonafide,hi-en,893273,mucs2021,none,clean,eval,0.9997442364692688
${DATA_ROOT}/interim/rvc_gate/bonafide_source/903756_K3X6AGezGWAoDe1q_0049.wav,bonafide,hi-en,903756,mucs2021,none,clean,eval,0.9997119307518005
${DATA_ROOT}/interim/rvc_gate/bonafide_source/912184_V11NDc0lxudGbWQU_0044.wav,bonafide,hi-en,912184,mucs2021,none,clean,eval,0.7690190076828003
${DATA_ROOT}/interim/rvc_gate/bonafide_source/975912_1eNS3GaW1oHHurL4_0043.wav,bonafide,hi-en,975912,mucs2021,none,clean,eval,0.9990629553794861
${DATA_ROOT}/interim/rvc_gate/bonafide_source/987461_LSRBJiHdUoHm4BTI_0049.wav,bonafide,hi-en,987461,mucs2021,none,clean,eval,0.9996302127838135
${DATA_ROOT}/interim/rvc_gate/bonafide_source/996368_n4ACC4gnqW0IM1wW_0042.wav,bonafide,hi-en,996368,mucs2021,none,clean,eval,0.9998595714569092
${DATA_ROOT}/interim/rvc_gate/bonafide_source/142970_DP5j8CLDeL6HHHSX_0047.wav,bonafide,hi-en,142970,mucs2021,none,clean,eval,0.0471053272485733
${DATA_ROOT}/interim/rvc_gate/bonafide_source/177570_jSNK2zDaIvyZsMZp_0049.wav,bonafide,hi-en,177570,mucs2021,none,clean,eval,0.9989898800849915
${DATA_ROOT}/interim/rvc_gate/bonafide_source/186783_LFpbaXkb8HuQ6DnF_0048.wav,bonafide,hi-en,186783,mucs2021,none,clean,eval,0.999702513217926
${DATA_ROOT}/interim/rvc_gate/bonafide_source/322882_XTscbPr78nzuHhuu_0047.wav,bonafide,hi-en,322882,mucs2021,none,clean,eval,0.99972003698349
${DATA_ROOT}/interim/rvc_gate/bonafide_source/413057_aKSsdMqkPfUWyYeS_0043.wav,bonafide,hi-en,413057,mucs2021,none,clean,eval,0.9941757917404175
${DATA_ROOT}/interim/rvc_gate/bonafide_source/445718_H6Z2BkcyVtiuiN7A_0045.wav,bonafide,hi-en,445718,mucs2021,none,clean,eval,0.9996758699417114
${DATA_ROOT}/interim/rvc_gate/bonafide_source/457295_WgzliDtK6Htff0g2_0053.wav,bonafide,hi-en,457295,mucs2021,none,clean,eval,0.9997138381004333
${DATA_ROOT}/interim/rvc_gate/bonafide_source/539354_C3MtnFEDrRkWHSvJ_0044.wav,bonafide,hi-en,539354,mucs2021,none,clean,eval,0.9993658661842346
${DATA_ROOT}/interim/rvc_gate/bonafide_source/541304_cyhxRWI0LoKYZvcw_0045.wav,bonafide,hi-en,541304,mucs2021,none,clean,eval,0.999392032623291
${DATA_ROOT}/interim/rvc_gate/bonafide_source/584991_1ijxO93RTIJh2Rzv_0044.wav,bonafide,hi-en,584991,mucs2021,none,clean,eval,0.999624490737915
${DATA_ROOT}/interim/rvc_gate/bonafide_source/634568_jCgweujQVV5haVF1_0047.wav,bonafide,hi-en,634568,mucs2021,none,clean,eval,0.9997103810310364
${DATA_ROOT}/interim/rvc_gate/bonafide_source/705494_fZcxLszRnIHxmVQp_0044.wav,bonafide,hi-en,705494,mucs2021,none,clean,eval,0.9995032548904419
${DATA_ROOT}/interim/rvc_gate/bonafide_source/797767_TRInoJRJxAX3qv5C_0043.wav,bonafide,hi-en,797767,mucs2021,none,clean,eval,0.9996678829193115
${DATA_ROOT}/interim/rvc_gate/bonafide_source/850754_wOTMMvC3WQ5YQRAF_0046.wav,bonafide,hi-en,850754,mucs2021,none,clean,eval,0.9984379410743713
${DATA_ROOT}/interim/rvc_gate/bonafide_source/870582_crdH0AI5aH25bEXe_0050.wav,bonafide,hi-en,870582,mucs2021,none,clean,eval,0.9988576173782349
${DATA_ROOT}/interim/rvc_gate/bonafide_source/876898_RyQSvr4r4iAMTYXq_0044.wav,bonafide,hi-en,876898,mucs2021,none,clean,eval,0.9996225833892822
${DATA_ROOT}/interim/rvc_gate/bonafide_source/893273_8xh3ZKpPy5YhAnKX_0048.wav,bonafide,hi-en,893273,mucs2021,none,clean,eval,0.9995589852333069
${DATA_ROOT}/interim/rvc_gate/bonafide_source/903756_K3X6AGezGWAoDe1q_0051.wav,bonafide,hi-en,903756,mucs2021,none,clean,eval,0.9995747208595276
${DATA_ROOT}/interim/rvc_gate/bonafide_source/912184_V11NDc0lxudGbWQU_0045.wav,bonafide,hi-en,912184,mucs2021,none,clean,eval,0.9918975830078125
${DATA_ROOT}/interim/rvc_gate/bonafide_source/975912_1eNS3GaW1oHHurL4_0044.wav,bonafide,hi-en,975912,mucs2021,none,clean,eval,0.9993414282798767
${DATA_ROOT}/interim/rvc_gate/bonafide_source/987461_LSRBJiHdUoHm4BTI_0050.wav,bonafide,hi-en,987461,mucs2021,none,clean,eval,0.9995231628417969
${DATA_ROOT}/interim/rvc_gate/bonafide_source/996368_n4ACC4gnqW0IM1wW_0043.wav,bonafide,hi-en,996368,mucs2021,none,clean,eval,0.9995189905166626
${DATA_ROOT}/interim/rvc_gate/bonafide_source/142970_DP5j8CLDeL6HHHSX_0048.wav,bonafide,hi-en,142970,mucs2021,none,clean,eval,0.0018644077936187387
${DATA_ROOT}/interim/rvc_gate/bonafide_source/177570_jSNK2zDaIvyZsMZp_0050.wav,bonafide,hi-en,177570,mucs2021,none,clean,eval,0.9992836117744446
${DATA_ROOT}/interim/rvc_gate/bonafide_source/186783_LFpbaXkb8HuQ6DnF_0049.wav,bonafide,hi-en,186783,mucs2021,none,clean,eval,0.9996602535247803
${DATA_ROOT}/interim/rvc_gate/bonafide_source/205240_F4KjmwYhWvnpSE0m_0006.wav,bonafide,hi-en,205240,mucs2021,none,clean,eval,0.9997394680976868
${DATA_ROOT}/interim/rvc_gate/bonafide_source/322882_XTscbPr78nzuHhuu_0048.wav,bonafide,hi-en,322882,mucs2021,none,clean,eval,0.9996776580810547
${DATA_ROOT}/interim/rvc_gate/bonafide_source/413057_aKSsdMqkPfUWyYeS_0044.wav,bonafide,hi-en,413057,mucs2021,none,clean,eval,0.9996414184570312
${DATA_ROOT}/interim/rvc_gate/bonafide_source/445718_H6Z2BkcyVtiuiN7A_0046.wav,bonafide,hi-en,445718,mucs2021,none,clean,eval,0.9996373653411865
${DATA_ROOT}/interim/rvc_gate/bonafide_source/457295_WgzliDtK6Htff0g2_0054.wav,bonafide,hi-en,457295,mucs2021,none,clean,eval,0.9994972944259644
${DATA_ROOT}/interim/rvc_gate/bonafide_source/539226_vZGSoJPH1tbvsyCa_0005.wav,bonafide,hi-en,539226,mucs2021,none,clean,eval,0.9993957281112671
${DATA_ROOT}/interim/rvc_gate/bonafide_source/539354_C3MtnFEDrRkWHSvJ_0047.wav,bonafide,hi-en,539354,mucs2021,none,clean,eval,0.9994261264801025
${DATA_ROOT}/interim/rvc_gate/bonafide_source/541304_cyhxRWI0LoKYZvcw_0046.wav,bonafide,hi-en,541304,mucs2021,none,clean,eval,0.9996962547302246
${DATA_ROOT}/interim/rvc_gate/bonafide_source/584991_1ijxO93RTIJh2Rzv_0045.wav,bonafide,hi-en,584991,mucs2021,none,clean,eval,0.9997778534889221
${DATA_ROOT}/interim/rvc_gate/bonafide_source/634568_jCgweujQVV5haVF1_0049.wav,bonafide,hi-en,634568,mucs2021,none,clean,eval,0.9995291233062744
${DATA_ROOT}/interim/rvc_gate/bonafide_source/705494_fZcxLszRnIHxmVQp_0045.wav,bonafide,hi-en,705494,mucs2021,none,clean,eval,0.9995263814926147
${DATA_ROOT}/interim/rvc_gate/bonafide_source/797767_TRInoJRJxAX3qv5C_0044.wav,bonafide,hi-en,797767,mucs2021,none,clean,eval,0.9997380375862122
${DATA_ROOT}/interim/rvc_gate/bonafide_source/850754_wOTMMvC3WQ5YQRAF_0047.wav,bonafide,hi-en,850754,mucs2021,none,clean,eval,0.999607264995575
${DATA_ROOT}/interim/rvc_gate/bonafide_source/870582_crdH0AI5aH25bEXe_0051.wav,bonafide,hi-en,870582,mucs2021,none,clean,eval,0.9960474371910095
${DATA_ROOT}/interim/rvc_gate/bonafide_source/876898_RyQSvr4r4iAMTYXq_0045.wav,bonafide,hi-en,876898,mucs2021,none,clean,eval,0.9996757507324219
${DATA_ROOT}/interim/rvc_gate/bonafide_source/893273_8xh3ZKpPy5YhAnKX_0049.wav,bonafide,hi-en,893273,mucs2021,none,clean,eval,0.9906677603721619
${DATA_ROOT}/interim/rvc_gate/bonafide_source/903756_K3X6AGezGWAoDe1q_0052.wav,bonafide,hi-en,903756,mucs2021,none,clean,eval,0.9997318387031555
${DATA_ROOT}/interim/rvc_gate/bonafide_source/912184_V11NDc0lxudGbWQU_0046.wav,bonafide,hi-en,912184,mucs2021,none,clean,eval,0.9989418387413025
${DATA_ROOT}/interim/rvc_gate/bonafide_source/975912_1eNS3GaW1oHHurL4_0045.wav,bonafide,hi-en,975912,mucs2021,none,clean,eval,0.9996854066848755
${DATA_ROOT}/interim/rvc_gate/bonafide_source/987461_LSRBJiHdUoHm4BTI_0051.wav,bonafide,hi-en,987461,mucs2021,none,clean,eval,0.9994146823883057
${DATA_ROOT}/interim/rvc_gate/bonafide_source/996368_n4ACC4gnqW0IM1wW_0044.wav,bonafide,hi-en,996368,mucs2021,none,clean,eval,0.9997548460960388
${DATA_ROOT}/interim/rvc_gate/bonafide_source/142970_DP5j8CLDeL6HHHSX_0049.wav,bonafide,hi-en,142970,mucs2021,none,clean,eval,0.998325765132904
${DATA_ROOT}/interim/rvc_gate/bonafide_source/177570_jSNK2zDaIvyZsMZp_0051.wav,bonafide,hi-en,177570,mucs2021,none,clean,eval,0.999525785446167
${DATA_ROOT}/interim/rvc_gate/bonafide_source/186783_LFpbaXkb8HuQ6DnF_0050.wav,bonafide,hi-en,186783,mucs2021,none,clean,eval,0.9996140599250793
${DATA_ROOT}/interim/rvc_gate/bonafide_source/322882_XTscbPr78nzuHhuu_0049.wav,bonafide,hi-en,322882,mucs2021,none,clean,eval,0.9995133876800537
${DATA_ROOT}/interim/rvc_gate/bonafide_source/413057_aKSsdMqkPfUWyYeS_0045.wav,bonafide,hi-en,413057,mucs2021,none,clean,eval,0.9996297359466553
${DATA_ROOT}/interim/rvc_gate/bonafide_source/445718_H6Z2BkcyVtiuiN7A_0047.wav,bonafide,hi-en,445718,mucs2021,none,clean,eval,0.9996347427368164
${DATA_ROOT}/interim/rvc_gate/bonafide_source/457295_WgzliDtK6Htff0g2_0055.wav,bonafide,hi-en,457295,mucs2021,none,clean,eval,0.9998080134391785
${DATA_ROOT}/interim/rvc_gate/bonafide_source/539226_vZGSoJPH1tbvsyCa_0006.wav,bonafide,hi-en,539226,mucs2021,none,clean,eval,0.9936962723731995
${DATA_ROOT}/interim/rvc_gate/bonafide_source/539354_C3MtnFEDrRkWHSvJ_0048.wav,bonafide,hi-en,539354,mucs2021,none,clean,eval,0.9993348717689514
${DATA_ROOT}/interim/rvc_gate/bonafide_source/541304_cyhxRWI0LoKYZvcw_0047.wav,bonafide,hi-en,541304,mucs2021,none,clean,eval,0.9998268485069275
${DATA_ROOT}/interim/rvc_gate/bonafide_source/584991_1ijxO93RTIJh2Rzv_0046.wav,bonafide,hi-en,584991,mucs2021,none,clean,eval,0.9994955062866211
${DATA_ROOT}/interim/rvc_gate/bonafide_source/634568_jCgweujQVV5haVF1_0050.wav,bonafide,hi-en,634568,mucs2021,none,clean,eval,0.99965500831604
${DATA_ROOT}/interim/rvc_gate/bonafide_source/705494_fZcxLszRnIHxmVQp_0047.wav,bonafide,hi-en,705494,mucs2021,none,clean,eval,0.9995549321174622
${DATA_ROOT}/interim/rvc_gate/bonafide_source/797767_TRInoJRJxAX3qv5C_0045.wav,bonafide,hi-en,797767,mucs2021,none,clean,eval,0.999757707118988
${DATA_ROOT}/interim/rvc_gate/bonafide_source/850754_wOTMMvC3WQ5YQRAF_0048.wav,bonafide,hi-en,850754,mucs2021,none,clean,eval,0.9997110962867737
${DATA_ROOT}/interim/rvc_gate/bonafide_source/870582_crdH0AI5aH25bEXe_0052.wav,bonafide,hi-en,870582,mucs2021,none,clean,eval,0.999092698097229
${DATA_ROOT}/interim/rvc_gate/bonafide_source/876898_RyQSvr4r4iAMTYXq_0046.wav,bonafide,hi-en,876898,mucs2021,none,clean,eval,0.9628498554229736
${DATA_ROOT}/interim/rvc_gate/bonafide_source/893273_8xh3ZKpPy5YhAnKX_0050.wav,bonafide,hi-en,893273,mucs2021,none,clean,eval,0.9996435642242432
${DATA_ROOT}/interim/rvc_gate/bonafide_source/903756_K3X6AGezGWAoDe1q_0053.wav,bonafide,hi-en,903756,mucs2021,none,clean,eval,0.9996646642684937
${DATA_ROOT}/interim/rvc_gate/bonafide_source/912184_V11NDc0lxudGbWQU_0047.wav,bonafide,hi-en,912184,mucs2021,none,clean,eval,0.9991320967674255
${DATA_ROOT}/interim/rvc_gate/bonafide_source/975912_1eNS3GaW1oHHurL4_0046.wav,bonafide,hi-en,975912,mucs2021,none,clean,eval,0.9981824159622192
${DATA_ROOT}/interim/rvc_gate/bonafide_source/987461_LSRBJiHdUoHm4BTI_0052.wav,bonafide,hi-en,987461,mucs2021,none,clean,eval,0.9995086193084717
${DATA_ROOT}/interim/rvc_gate/bonafide_source/996368_n4ACC4gnqW0IM1wW_0045.wav,bonafide,hi-en,996368,mucs2021,none,clean,eval,0.9994553923606873
${DATA_ROOT}/interim/rvc_gate/bonafide_source/142970_DP5j8CLDeL6HHHSX_0051.wav,bonafide,hi-en,142970,mucs2021,none,clean,eval,0.9994974136352539
${DATA_ROOT}/interim/rvc_gate/bonafide_source/177570_jSNK2zDaIvyZsMZp_0054.wav,bonafide,hi-en,177570,mucs2021,none,clean,eval,0.9995953440666199
${DATA_ROOT}/interim/rvc_gate/bonafide_source/186783_LFpbaXkb8HuQ6DnF_0051.wav,bonafide,hi-en,186783,mucs2021,none,clean,eval,0.9996730089187622
${DATA_ROOT}/interim/rvc_gate/bonafide_source/322882_XTscbPr78nzuHhuu_0050.wav,bonafide,hi-en,322882,mucs2021,none,clean,eval,0.9993847608566284
${DATA_ROOT}/interim/rvc_gate/bonafide_source/413057_aKSsdMqkPfUWyYeS_0046.wav,bonafide,hi-en,413057,mucs2021,none,clean,eval,0.9997461438179016
${DATA_ROOT}/interim/rvc_gate/bonafide_source/445718_H6Z2BkcyVtiuiN7A_0048.wav,bonafide,hi-en,445718,mucs2021,none,clean,eval,0.9997057318687439
${DATA_ROOT}/interim/rvc_gate/bonafide_source/457295_WgzliDtK6Htff0g2_0056.wav,bonafide,hi-en,457295,mucs2021,none,clean,eval,0.9994712471961975
${DATA_ROOT}/interim/rvc_gate/bonafide_source/539354_C3MtnFEDrRkWHSvJ_0049.wav,bonafide,hi-en,539354,mucs2021,none,clean,eval,0.9995315074920654
${DATA_ROOT}/interim/rvc_gate/bonafide_source/541304_cyhxRWI0LoKYZvcw_0048.wav,bonafide,hi-en,541304,mucs2021,none,clean,eval,0.999439537525177
${DATA_ROOT}/interim/rvc_gate/bonafide_source/584991_1ijxO93RTIJh2Rzv_0047.wav,bonafide,hi-en,584991,mucs2021,none,clean,eval,0.99956876039505
${DATA_ROOT}/interim/rvc_gate/bonafide_source/634568_jCgweujQVV5haVF1_0051.wav,bonafide,hi-en,634568,mucs2021,none,clean,eval,0.9996104836463928
${DATA_ROOT}/interim/rvc_gate/bonafide_source/705494_fZcxLszRnIHxmVQp_0048.wav,bonafide,hi-en,705494,mucs2021,none,clean,eval,0.999545156955719
${DATA_ROOT}/interim/rvc_gate/bonafide_source/797767_TRInoJRJxAX3qv5C_0046.wav,bonafide,hi-en,797767,mucs2021,none,clean,eval,0.9996021389961243
${DATA_ROOT}/interim/rvc_gate/bonafide_source/850754_wOTMMvC3WQ5YQRAF_0049.wav,bonafide,hi-en,850754,mucs2021,none,clean,eval,0.9996175765991211
${DATA_ROOT}/interim/rvc_gate/bonafide_source/870582_crdH0AI5aH25bEXe_0053.wav,bonafide,hi-en,870582,mucs2021,none,clean,eval,0.9995424747467041
${DATA_ROOT}/interim/rvc_gate/bonafide_source/876898_RyQSvr4r4iAMTYXq_0047.wav,bonafide,hi-en,876898,mucs2021,none,clean,eval,0.0030635830480605364
${DATA_ROOT}/interim/rvc_gate/bonafide_source/893273_8xh3ZKpPy5YhAnKX_0052.wav,bonafide,hi-en,893273,mucs2021,none,clean,eval,0.9996364116668701
${DATA_ROOT}/interim/rvc_gate/bonafide_source/903756_K3X6AGezGWAoDe1q_0054.wav,bonafide,hi-en,903756,mucs2021,none,clean,eval,0.9998007416725159
${DATA_ROOT}/interim/rvc_gate/bonafide_source/912184_V11NDc0lxudGbWQU_0048.wav,bonafide,hi-en,912184,mucs2021,none,clean,eval,0.9932541251182556
${DATA_ROOT}/interim/rvc_gate/bonafide_source/975912_1eNS3GaW1oHHurL4_0047.wav,bonafide,hi-en,975912,mucs2021,none,clean,eval,0.99955815076828
${DATA_ROOT}/interim/rvc_gate/bonafide_source/987461_LSRBJiHdUoHm4BTI_0053.wav,bonafide,hi-en,987461,mucs2021,none,clean,eval,0.9995193481445312
${DATA_ROOT}/interim/rvc_gate/bonafide_source/996368_n4ACC4gnqW0IM1wW_0046.wav,bonafide,hi-en,996368,mucs2021,none,clean,eval,0.9997016787528992
${DATA_ROOT}/interim/rvc_gate/bonafide_source/142970_DP5j8CLDeL6HHHSX_0052.wav,bonafide,hi-en,142970,mucs2021,none,clean,eval,0.992592990398407
${DATA_ROOT}/interim/rvc_gate/bonafide_source/177570_jSNK2zDaIvyZsMZp_0055.wav,bonafide,hi-en,177570,mucs2021,none,clean,eval,0.9996113181114197
${DATA_ROOT}/interim/rvc_gate/bonafide_source/186783_LFpbaXkb8HuQ6DnF_0052.wav,bonafide,hi-en,186783,mucs2021,none,clean,eval,0.9997270703315735
${DATA_ROOT}/interim/rvc_gate/bonafide_source/322882_XTscbPr78nzuHhuu_0051.wav,bonafide,hi-en,322882,mucs2021,none,clean,eval,0.998752236366272
${DATA_ROOT}/interim/rvc_gate/bonafide_source/106718_vE1rhq3ojNKZvQNv_0056.wav,bonafide,hi-en,106718,mucs2021,none,clean,eval,0.9997088313102722
${DATA_ROOT}/interim/rvc_gate/bonafide_source/142970_DP5j8CLDeL6HHHSX_0054.wav,bonafide,hi-en,142970,mucs2021,none,clean,eval,0.9994872808456421
${DATA_ROOT}/interim/rvc_gate/bonafide_source/186783_LFpbaXkb8HuQ6DnF_0055.wav,bonafide,hi-en,186783,mucs2021,none,clean,eval,0.9996343851089478
${DATA_ROOT}/interim/rvc_gate/bonafide_source/322882_XTscbPr78nzuHhuu_0053.wav,bonafide,hi-en,322882,mucs2021,none,clean,eval,0.9998478889465332
${DATA_ROOT}/interim/rvc_gate/bonafide_source/413057_aKSsdMqkPfUWyYeS_0049.wav,bonafide,hi-en,413057,mucs2021,none,clean,eval,0.9996210336685181
${DATA_ROOT}/interim/rvc_gate/bonafide_source/445718_H6Z2BkcyVtiuiN7A_0051.wav,bonafide,hi-en,445718,mucs2021,none,clean,eval,0.9995501637458801
${DATA_ROOT}/interim/rvc_gate/bonafide_source/457295_WgzliDtK6Htff0g2_0059.wav,bonafide,hi-en,457295,mucs2021,none,clean,eval,0.9997212290763855
${DATA_ROOT}/interim/rvc_gate/bonafide_source/539354_C3MtnFEDrRkWHSvJ_0052.wav,bonafide,hi-en,539354,mucs2021,none,clean,eval,0.9980003237724304
${DATA_ROOT}/interim/rvc_gate/bonafide_source/541304_cyhxRWI0LoKYZvcw_0051.wav,bonafide,hi-en,541304,mucs2021,none,clean,eval,0.9997190833091736
${DATA_ROOT}/interim/rvc_gate/bonafide_source/584991_1ijxO93RTIJh2Rzv_0050.wav,bonafide,hi-en,584991,mucs2021,none,clean,eval,0.9996417760848999
${DATA_ROOT}/interim/rvc_gate/bonafide_source/634568_jCgweujQVV5haVF1_0054.wav,bonafide,hi-en,634568,mucs2021,none,clean,eval,0.9997178912162781
${DATA_ROOT}/interim/rvc_gate/bonafide_source/705494_fZcxLszRnIHxmVQp_0052.wav,bonafide,hi-en,705494,mucs2021,none,clean,eval,0.999524712562561
${DATA_ROOT}/interim/rvc_gate/bonafide_source/797767_TRInoJRJxAX3qv5C_0049.wav,bonafide,hi-en,797767,mucs2021,none,clean,eval,0.999723494052887
${DATA_ROOT}/interim/rvc_gate/bonafide_source/850754_wOTMMvC3WQ5YQRAF_0052.wav,bonafide,hi-en,850754,mucs2021,none,clean,eval,0.9995168447494507
${DATA_ROOT}/interim/rvc_gate/bonafide_source/870582_crdH0AI5aH25bEXe_0057.wav,bonafide,hi-en,870582,mucs2021,none,clean,eval,0.999037504196167
${DATA_ROOT}/interim/rvc_gate/bonafide_source/876898_RyQSvr4r4iAMTYXq_0050.wav,bonafide,hi-en,876898,mucs2021,none,clean,eval,0.0011999866692349315
${DATA_ROOT}/interim/rvc_gate/bonafide_source/893273_8xh3ZKpPy5YhAnKX_0055.wav,bonafide,hi-en,893273,mucs2021,none,clean,eval,0.9996790885925293
${DATA_ROOT}/interim/rvc_gate/bonafide_source/903756_K3X6AGezGWAoDe1q_0057.wav,bonafide,hi-en,903756,mucs2021,none,clean,eval,0.9998311996459961
${DATA_ROOT}/interim/rvc_gate/bonafide_source/912184_V11NDc0lxudGbWQU_0051.wav,bonafide,hi-en,912184,mucs2021,none,clean,eval,0.9994798302650452
${DATA_ROOT}/interim/rvc_gate/bonafide_source/975912_1eNS3GaW1oHHurL4_0050.wav,bonafide,hi-en,975912,mucs2021,none,clean,eval,0.9997754693031311
${DATA_ROOT}/interim/rvc_gate/bonafide_source/987461_LSRBJiHdUoHm4BTI_0056.wav,bonafide,hi-en,987461,mucs2021,none,clean,eval,0.9995459914207458
${DATA_ROOT}/interim/rvc_gate/bonafide_source/996368_n4ACC4gnqW0IM1wW_0049.wav,bonafide,hi-en,996368,mucs2021,none,clean,eval,0.9994946718215942
${DATA_ROOT}/interim/rvc_gate/bonafide_source/106718_vE1rhq3ojNKZvQNv_0057.wav,bonafide,hi-en,106718,mucs2021,none,clean,eval,0.9996607303619385
${DATA_ROOT}/interim/rvc_gate/bonafide_source/142970_DP5j8CLDeL6HHHSX_0055.wav,bonafide,hi-en,142970,mucs2021,none,clean,eval,0.992900013923645
${DATA_ROOT}/interim/rvc_gate/bonafide_source/186783_LFpbaXkb8HuQ6DnF_0057.wav,bonafide,hi-en,186783,mucs2021,none,clean,eval,0.9997074007987976
${DATA_ROOT}/interim/rvc_gate/bonafide_source/322882_XTscbPr78nzuHhuu_0054.wav,bonafide,hi-en,322882,mucs2021,none,clean,eval,0.9998378753662109
${DATA_ROOT}/interim/rvc_gate/bonafide_source/413057_aKSsdMqkPfUWyYeS_0050.wav,bonafide,hi-en,413057,mucs2021,none,clean,eval,0.9996899366378784
${DATA_ROOT}/interim/rvc_gate/bonafide_source/445718_H6Z2BkcyVtiuiN7A_0053.wav,bonafide,hi-en,445718,mucs2021,none,clean,eval,0.9995587468147278
${DATA_ROOT}/interim/rvc_gate/bonafide_source/457295_WgzliDtK6Htff0g2_0060.wav,bonafide,hi-en,457295,mucs2021,none,clean,eval,0.9996600151062012
${DATA_ROOT}/interim/rvc_gate/bonafide_source/539354_C3MtnFEDrRkWHSvJ_0053.wav,bonafide,hi-en,539354,mucs2021,none,clean,eval,0.9997476935386658
${DATA_ROOT}/interim/rvc_gate/bonafide_source/541304_cyhxRWI0LoKYZvcw_0052.wav,bonafide,hi-en,541304,mucs2021,none,clean,eval,0.999292254447937
${DATA_ROOT}/interim/rvc_gate/bonafide_source/584991_1ijxO93RTIJh2Rzv_0051.wav,bonafide,hi-en,584991,mucs2021,none,clean,eval,0.9992751479148865
${DATA_ROOT}/interim/rvc_gate/bonafide_source/634568_jCgweujQVV5haVF1_0055.wav,bonafide,hi-en,634568,mucs2021,none,clean,eval,0.9996381998062134
${DATA_ROOT}/interim/rvc_gate/bonafide_source/705494_fZcxLszRnIHxmVQp_0053.wav,bonafide,hi-en,705494,mucs2021,none,clean,eval,0.9995842576026917
${DATA_ROOT}/interim/rvc_gate/bonafide_source/797767_TRInoJRJxAX3qv5C_0050.wav,bonafide,hi-en,797767,mucs2021,none,clean,eval,0.999670147895813
${DATA_ROOT}/interim/rvc_gate/bonafide_source/850754_wOTMMvC3WQ5YQRAF_0053.wav,bonafide,hi-en,850754,mucs2021,none,clean,eval,0.9993599057197571
${DATA_ROOT}/interim/rvc_gate/bonafide_source/870582_crdH0AI5aH25bEXe_0058.wav,bonafide,hi-en,870582,mucs2021,none,clean,eval,0.9995836615562439
${DATA_ROOT}/interim/rvc_gate/bonafide_source/876898_RyQSvr4r4iAMTYXq_0051.wav,bonafide,hi-en,876898,mucs2021,none,clean,eval,0.999337375164032
${DATA_ROOT}/interim/rvc_gate/bonafide_source/893273_8xh3ZKpPy5YhAnKX_0056.wav,bonafide,hi-en,893273,mucs2021,none,clean,eval,0.9996205568313599
${DATA_ROOT}/interim/rvc_gate/bonafide_source/903756_K3X6AGezGWAoDe1q_0058.wav,bonafide,hi-en,903756,mucs2021,none,clean,eval,0.9997449517250061
${DATA_ROOT}/interim/rvc_gate/bonafide_source/912184_V11NDc0lxudGbWQU_0052.wav,bonafide,hi-en,912184,mucs2021,none,clean,eval,0.9990050196647644
${DATA_ROOT}/interim/rvc_gate/bonafide_source/975912_1eNS3GaW1oHHurL4_0051.wav,bonafide,hi-en,975912,mucs2021,none,clean,eval,0.999625563621521
${DATA_ROOT}/interim/rvc_gate/bonafide_source/987461_LSRBJiHdUoHm4BTI_0057.wav,bonafide,hi-en,987461,mucs2021,none,clean,eval,0.9996412992477417
${DATA_ROOT}/interim/rvc_gate/bonafide_source/996368_n4ACC4gnqW0IM1wW_0050.wav,bonafide,hi-en,996368,mucs2021,none,clean,eval,0.9997771382331848
${DATA_ROOT}/interim/rvc_gate/bonafide_source/106718_vE1rhq3ojNKZvQNv_0058.wav,bonafide,hi-en,106718,mucs2021,none,clean,eval,0.999675989151001
${DATA_ROOT}/interim/rvc_gate/bonafide_source/142970_DP5j8CLDeL6HHHSX_0056.wav,bonafide,hi-en,142970,mucs2021,none,clean,eval,0.9962738752365112
${DATA_ROOT}/interim/rvc_gate/bonafide_source/186783_LFpbaXkb8HuQ6DnF_0058.wav,bonafide,hi-en,186783,mucs2021,none,clean,eval,0.9996870756149292
${DATA_ROOT}/interim/rvc_gate/bonafide_source/205240_F4KjmwYhWvnpSE0m_0013.wav,bonafide,hi-en,205240,mucs2021,none,clean,eval,0.9993889331817627
${DATA_ROOT}/interim/rvc_gate/bonafide_source/322882_XTscbPr78nzuHhuu_0055.wav,bonafide,hi-en,322882,mucs2021,none,clean,eval,0.9996609687805176
${DATA_ROOT}/interim/rvc_gate/bonafide_source/413057_aKSsdMqkPfUWyYeS_0051.wav,bonafide,hi-en,413057,mucs2021,none,clean,eval,0.9996203184127808
${DATA_ROOT}/interim/rvc_gate/bonafide_source/445718_H6Z2BkcyVtiuiN7A_0054.wav,bonafide,hi-en,445718,mucs2021,none,clean,eval,0.9998238682746887
${DATA_ROOT}/interim/rvc_gate/bonafide_source/457295_WgzliDtK6Htff0g2_0062.wav,bonafide,hi-en,457295,mucs2021,none,clean,eval,0.9997482895851135
${DATA_ROOT}/interim/rvc_gate/bonafide_source/539226_vZGSoJPH1tbvsyCa_0013.wav,bonafide,hi-en,539226,mucs2021,none,clean,eval,0.999427080154419
${DATA_ROOT}/interim/rvc_gate/bonafide_source/539354_C3MtnFEDrRkWHSvJ_0054.wav,bonafide,hi-en,539354,mucs2021,none,clean,eval,0.9979388117790222
${DATA_ROOT}/interim/rvc_gate/bonafide_source/541304_cyhxRWI0LoKYZvcw_0053.wav,bonafide,hi-en,541304,mucs2021,none,clean,eval,0.99982088804245
${DATA_ROOT}/interim/rvc_gate/bonafide_source/584991_1ijxO93RTIJh2Rzv_0052.wav,bonafide,hi-en,584991,mucs2021,none,clean,eval,0.9995508790016174
${DATA_ROOT}/interim/rvc_gate/bonafide_source/634568_jCgweujQVV5haVF1_0056.wav,bonafide,hi-en,634568,mucs2021,none,clean,eval,0.9996500015258789
${DATA_ROOT}/interim/rvc_gate/bonafide_source/705494_fZcxLszRnIHxmVQp_0054.wav,bonafide,hi-en,705494,mucs2021,none,clean,eval,0.999723494052887
${DATA_ROOT}/interim/rvc_gate/bonafide_source/797767_TRInoJRJxAX3qv5C_0051.wav,bonafide,hi-en,797767,mucs2021,none,clean,eval,0.9995245933532715
${DATA_ROOT}/interim/rvc_gate/bonafide_source/850754_wOTMMvC3WQ5YQRAF_0054.wav,bonafide,hi-en,850754,mucs2021,none,clean,eval,0.9997672438621521
${DATA_ROOT}/interim/rvc_gate/bonafide_source/870582_crdH0AI5aH25bEXe_0059.wav,bonafide,hi-en,870582,mucs2021,none,clean,eval,0.9968234300613403
${DATA_ROOT}/interim/rvc_gate/bonafide_source/876898_RyQSvr4r4iAMTYXq_0052.wav,bonafide,hi-en,876898,mucs2021,none,clean,eval,0.9989550113677979
${DATA_ROOT}/interim/rvc_gate/bonafide_source/893273_8xh3ZKpPy5YhAnKX_0057.wav,bonafide,hi-en,893273,mucs2021,none,clean,eval,0.9995949864387512
${DATA_ROOT}/interim/rvc_gate/bonafide_source/903756_K3X6AGezGWAoDe1q_0059.wav,bonafide,hi-en,903756,mucs2021,none,clean,eval,0.9997100234031677
${DATA_ROOT}/interim/rvc_gate/bonafide_source/912184_V11NDc0lxudGbWQU_0053.wav,bonafide,hi-en,912184,mucs2021,none,clean,eval,0.0012581953778862953
${DATA_ROOT}/interim/rvc_gate/bonafide_source/975912_1eNS3GaW1oHHurL4_0052.wav,bonafide,hi-en,975912,mucs2021,none,clean,eval,0.9996730089187622
${DATA_ROOT}/interim/rvc_gate/bonafide_source/996368_n4ACC4gnqW0IM1wW_0051.wav,bonafide,hi-en,996368,mucs2021,none,clean,eval,0.9998212456703186
${DATA_ROOT}/interim/rvc_gate/bonafide_source/106718_vE1rhq3ojNKZvQNv_0059.wav,bonafide,hi-en,106718,mucs2021,none,clean,eval,0.9996743202209473
${DATA_ROOT}/interim/rvc_gate/bonafide_source/142970_DP5j8CLDeL6HHHSX_0057.wav,bonafide,hi-en,142970,mucs2021,none,clean,eval,0.9994425177574158
${DATA_ROOT}/interim/rvc_gate/bonafide_source/186783_LFpbaXkb8HuQ6DnF_0059.wav,bonafide,hi-en,186783,mucs2021,none,clean,eval,0.9998180270195007
${DATA_ROOT}/interim/rvc_gate/bonafide_source/322882_XTscbPr78nzuHhuu_0056.wav,bonafide,hi-en,322882,mucs2021,none,clean,eval,0.9996004700660706
${DATA_ROOT}/interim/rvc_gate/bonafide_source/413057_aKSsdMqkPfUWyYeS_0052.wav,bonafide,hi-en,413057,mucs2021,none,clean,eval,0.9996747970581055
${DATA_ROOT}/interim/rvc_gate/bonafide_source/445718_H6Z2BkcyVtiuiN7A_0056.wav,bonafide,hi-en,445718,mucs2021,none,clean,eval,0.9996565580368042
${DATA_ROOT}/interim/rvc_gate/bonafide_source/457295_WgzliDtK6Htff0g2_0063.wav,bonafide,hi-en,457295,mucs2021,none,clean,eval,0.999601423740387
${DATA_ROOT}/interim/rvc_gate/bonafide_source/539226_vZGSoJPH1tbvsyCa_0014.wav,bonafide,hi-en,539226,mucs2021,none,clean,eval,0.9996645450592041
${DATA_ROOT}/interim/rvc_gate/bonafide_source/539354_C3MtnFEDrRkWHSvJ_0055.wav,bonafide,hi-en,539354,mucs2021,none,clean,eval,0.9996750354766846
${DATA_ROOT}/interim/rvc_gate/bonafide_source/541304_cyhxRWI0LoKYZvcw_0054.wav,bonafide,hi-en,541304,mucs2021,none,clean,eval,0.9997426867485046
${DATA_ROOT}/interim/rvc_gate/bonafide_source/584991_1ijxO93RTIJh2Rzv_0053.wav,bonafide,hi-en,584991,mucs2021,none,clean,eval,0.999492883682251
${DATA_ROOT}/interim/rvc_gate/bonafide_source/634568_jCgweujQVV5haVF1_0057.wav,bonafide,hi-en,634568,mucs2021,none,clean,eval,0.9997972846031189
${DATA_ROOT}/interim/rvc_gate/bonafide_source/705494_fZcxLszRnIHxmVQp_0055.wav,bonafide,hi-en,705494,mucs2021,none,clean,eval,0.9997559189796448
${DATA_ROOT}/interim/rvc_gate/bonafide_source/797767_TRInoJRJxAX3qv5C_0052.wav,bonafide,hi-en,797767,mucs2021,none,clean,eval,0.9997431635856628
${DATA_ROOT}/interim/rvc_gate/bonafide_source/850754_wOTMMvC3WQ5YQRAF_0055.wav,bonafide,hi-en,850754,mucs2021,none,clean,eval,0.999738872051239
${DATA_ROOT}/interim/rvc_gate/bonafide_source/870582_crdH0AI5aH25bEXe_0060.wav,bonafide,hi-en,870582,mucs2021,none,clean,eval,0.9994025230407715
${DATA_ROOT}/interim/rvc_gate/bonafide_source/876898_RyQSvr4r4iAMTYXq_0053.wav,bonafide,hi-en,876898,mucs2021,none,clean,eval,0.998213529586792
${DATA_ROOT}/interim/rvc_gate/bonafide_source/893273_8xh3ZKpPy5YhAnKX_0060.wav,bonafide,hi-en,893273,mucs2021,none,clean,eval,0.999772846698761
${DATA_ROOT}/interim/rvc_gate/bonafide_source/903756_K3X6AGezGWAoDe1q_0060.wav,bonafide,hi-en,903756,mucs2021,none,clean,eval,0.9996764659881592
${DATA_ROOT}/interim/rvc_gate/bonafide_source/912184_V11NDc0lxudGbWQU_0055.wav,bonafide,hi-en,912184,mucs2021,none,clean,eval,0.998134970664978
${DATA_ROOT}/interim/rvc_gate/bonafide_source/975912_1eNS3GaW1oHHurL4_0053.wav,bonafide,hi-en,975912,mucs2021,none,clean,eval,0.9994356036186218
${DATA_ROOT}/interim/rvc_gate/bonafide_source/996368_n4ACC4gnqW0IM1wW_0052.wav,bonafide,hi-en,996368,mucs2021,none,clean,eval,0.9998087286949158
${DATA_ROOT}/interim/rvc_gate/bonafide_source/106718_vE1rhq3ojNKZvQNv_0060.wav,bonafide,hi-en,106718,mucs2021,none,clean,eval,0.9996954202651978
${DATA_ROOT}/interim/rvc_gate/bonafide_source/142970_DP5j8CLDeL6HHHSX_0058.wav,bonafide,hi-en,142970,mucs2021,none,clean,eval,0.9990173578262329
${DATA_ROOT}/interim/rvc_gate/bonafide_source/186783_LFpbaXkb8HuQ6DnF_0060.wav,bonafide,hi-en,186783,mucs2021,none,clean,eval,0.9998294115066528
${DATA_ROOT}/interim/rvc_gate/bonafide_source/322882_XTscbPr78nzuHhuu_0057.wav,bonafide,hi-en,322882,mucs2021,none,clean,eval,0.9996803998947144
${DATA_ROOT}/interim/rvc_gate/bonafide_source/413057_aKSsdMqkPfUWyYeS_0053.wav,bonafide,hi-en,413057,mucs2021,none,clean,eval,0.9997699856758118
${DATA_ROOT}/interim/rvc_gate/bonafide_source/445718_H6Z2BkcyVtiuiN7A_0058.wav,bonafide,hi-en,445718,mucs2021,none,clean,eval,0.9995114803314209
${DATA_ROOT}/interim/rvc_gate/bonafide_source/457295_WgzliDtK6Htff0g2_0064.wav,bonafide,hi-en,457295,mucs2021,none,clean,eval,0.9998175501823425
${DATA_ROOT}/interim/rvc_gate/bonafide_source/539354_C3MtnFEDrRkWHSvJ_0056.wav,bonafide,hi-en,539354,mucs2021,none,clean,eval,0.9996495246887207
${DATA_ROOT}/interim/rvc_gate/bonafide_source/541304_cyhxRWI0LoKYZvcw_0055.wav,bonafide,hi-en,541304,mucs2021,none,clean,eval,0.9998493194580078
${DATA_ROOT}/interim/rvc_gate/bonafide_source/584991_1ijxO93RTIJh2Rzv_0054.wav,bonafide,hi-en,584991,mucs2021,none,clean,eval,0.9995736479759216
${DATA_ROOT}/interim/rvc_gate/bonafide_source/634568_jCgweujQVV5haVF1_0058.wav,bonafide,hi-en,634568,mucs2021,none,clean,eval,0.9996545314788818
${DATA_ROOT}/interim/rvc_gate/bonafide_source/705494_fZcxLszRnIHxmVQp_0056.wav,bonafide,hi-en,705494,mucs2021,none,clean,eval,0.9997101426124573
${DATA_ROOT}/interim/rvc_gate/bonafide_source/797767_TRInoJRJxAX3qv5C_0053.wav,bonafide,hi-en,797767,mucs2021,none,clean,eval,0.9997478127479553
${DATA_ROOT}/interim/rvc_gate/bonafide_source/850754_wOTMMvC3WQ5YQRAF_0056.wav,bonafide,hi-en,850754,mucs2021,none,clean,eval,0.9996525049209595
${DATA_ROOT}/interim/rvc_gate/bonafide_source/870582_crdH0AI5aH25bEXe_0061.wav,bonafide,hi-en,870582,mucs2021,none,clean,eval,0.997441291809082
${DATA_ROOT}/interim/rvc_gate/bonafide_source/876898_RyQSvr4r4iAMTYXq_0054.wav,bonafide,hi-en,876898,mucs2021,none,clean,eval,0.9993911981582642
${DATA_ROOT}/interim/rvc_gate/bonafide_source/893273_8xh3ZKpPy5YhAnKX_0061.wav,bonafide,hi-en,893273,mucs2021,none,clean,eval,0.9996641874313354
${DATA_ROOT}/interim/rvc_gate/bonafide_source/903756_K3X6AGezGWAoDe1q_0061.wav,bonafide,hi-en,903756,mucs2021,none,clean,eval,0.9996501207351685
${DATA_ROOT}/interim/rvc_gate/bonafide_source/912184_V11NDc0lxudGbWQU_0056.wav,bonafide,hi-en,912184,mucs2021,none,clean,eval,0.0009173889993689954
${DATA_ROOT}/interim/rvc_gate/bonafide_source/975912_1eNS3GaW1oHHurL4_0054.wav,bonafide,hi-en,975912,mucs2021,none,clean,eval,0.9995076656341553
${DATA_ROOT}/interim/rvc_gate/bonafide_source/996368_n4ACC4gnqW0IM1wW_0053.wav,bonafide,hi-en,996368,mucs2021,none,clean,eval,0.9996720552444458
${DATA_ROOT}/interim/rvc_gate/bonafide_source/106718_vE1rhq3ojNKZvQNv_0061.wav,bonafide,hi-en,106718,mucs2021,none,clean,eval,0.9997398257255554
${DATA_ROOT}/interim/rvc_gate/bonafide_source/142970_DP5j8CLDeL6HHHSX_0059.wav,bonafide,hi-en,142970,mucs2021,none,clean,eval,0.9992780089378357
${DATA_ROOT}/interim/rvc_gate/bonafide_source/186783_LFpbaXkb8HuQ6DnF_0061.wav,bonafide,hi-en,186783,mucs2021,none,clean,eval,0.9994655251502991
${DATA_ROOT}/interim/rvc_gate/bonafide_source/322882_XTscbPr78nzuHhuu_0058.wav,bonafide,hi-en,322882,mucs2021,none,clean,eval,0.9995742440223694
${DATA_ROOT}/interim/rvc_gate/bonafide_source/106718_vE1rhq3ojNKZvQNv_0063.wav,bonafide,hi-en,106718,mucs2021,none,clean,eval,0.9997503161430359
${DATA_ROOT}/interim/rvc_gate/bonafide_source/142970_DP5j8CLDeL6HHHSX_0063.wav,bonafide,hi-en,142970,mucs2021,none,clean,eval,0.999555766582489
${DATA_ROOT}/interim/rvc_gate/bonafide_source/177570_jSNK2zDaIvyZsMZp_0066.wav,bonafide,hi-en,177570,mucs2021,none,clean,eval,0.9992050528526306
${DATA_ROOT}/interim/rvc_gate/bonafide_source/186783_LFpbaXkb8HuQ6DnF_0063.wav,bonafide,hi-en,186783,mucs2021,none,clean,eval,0.9995811581611633
${DATA_ROOT}/interim/rvc_gate/bonafide_source/322882_XTscbPr78nzuHhuu_0060.wav,bonafide,hi-en,322882,mucs2021,none,clean,eval,0.9996696710586548
${DATA_ROOT}/interim/rvc_gate/bonafide_source/413057_aKSsdMqkPfUWyYeS_0056.wav,bonafide,hi-en,413057,mucs2021,none,clean,eval,0.9997538924217224
${DATA_ROOT}/interim/rvc_gate/bonafide_source/445718_H6Z2BkcyVtiuiN7A_0063.wav,bonafide,hi-en,445718,mucs2021,none,clean,eval,0.9997184872627258
${DATA_ROOT}/interim/rvc_gate/bonafide_source/457295_WgzliDtK6Htff0g2_0067.wav,bonafide,hi-en,457295,mucs2021,none,clean,eval,0.999778687953949
${DATA_ROOT}/interim/rvc_gate/bonafide_source/539354_C3MtnFEDrRkWHSvJ_0059.wav,bonafide,hi-en,539354,mucs2021,none,clean,eval,0.9997532963752747
${DATA_ROOT}/interim/rvc_gate/bonafide_source/541304_cyhxRWI0LoKYZvcw_0058.wav,bonafide,hi-en,541304,mucs2021,none,clean,eval,0.9997305274009705
${DATA_ROOT}/interim/rvc_gate/bonafide_source/634568_jCgweujQVV5haVF1_0061.wav,bonafide,hi-en,634568,mucs2021,none,clean,eval,0.9995261430740356
${DATA_ROOT}/interim/rvc_gate/bonafide_source/705494_fZcxLszRnIHxmVQp_0060.wav,bonafide,hi-en,705494,mucs2021,none,clean,eval,0.9997891783714294
${DATA_ROOT}/interim/rvc_gate/bonafide_source/797767_TRInoJRJxAX3qv5C_0056.wav,bonafide,hi-en,797767,mucs2021,none,clean,eval,0.9996019005775452
${DATA_ROOT}/interim/rvc_gate/bonafide_source/850754_wOTMMvC3WQ5YQRAF_0059.wav,bonafide,hi-en,850754,mucs2021,none,clean,eval,0.9996936321258545
${DATA_ROOT}/interim/rvc_gate/bonafide_source/870582_crdH0AI5aH25bEXe_0064.wav,bonafide,hi-en,870582,mucs2021,none,clean,eval,0.9888235926628113
${DATA_ROOT}/interim/rvc_gate/bonafide_source/876898_RyQSvr4r4iAMTYXq_0058.wav,bonafide,hi-en,876898,mucs2021,none,clean,eval,0.9998877048492432
${DATA_ROOT}/interim/rvc_gate/bonafide_source/893273_8xh3ZKpPy5YhAnKX_0064.wav,bonafide,hi-en,893273,mucs2021,none,clean,eval,0.9997686743736267
${DATA_ROOT}/interim/rvc_gate/bonafide_source/903756_K3X6AGezGWAoDe1q_0064.wav,bonafide,hi-en,903756,mucs2021,none,clean,eval,0.9997419714927673
${DATA_ROOT}/interim/rvc_gate/bonafide_source/912184_V11NDc0lxudGbWQU_0059.wav,bonafide,hi-en,912184,mucs2021,none,clean,eval,0.9992440938949585
${DATA_ROOT}/interim/rvc_gate/bonafide_source/987461_LSRBJiHdUoHm4BTI_0005.wav,bonafide,hi-en,987461,mucs2021,none,clean,eval,0.9996637105941772
${DATA_ROOT}/interim/rvc_gate/bonafide_source/996368_n4ACC4gnqW0IM1wW_0056.wav,bonafide,hi-en,996368,mucs2021,none,clean,eval,0.999672532081604
${DATA_ROOT}/interim/rvc_gate/bonafide_source/106718_vE1rhq3ojNKZvQNv_0065.wav,bonafide,hi-en,106718,mucs2021,none,clean,eval,0.9997866749763489
${DATA_ROOT}/interim/rvc_gate/bonafide_source/142970_DP5j8CLDeL6HHHSX_0064.wav,bonafide,hi-en,142970,mucs2021,none,clean,eval,0.9992484450340271
${DATA_ROOT}/interim/rvc_gate/bonafide_source/177570_jSNK2zDaIvyZsMZp_0067.wav,bonafide,hi-en,177570,mucs2021,none,clean,eval,0.9995524287223816
${DATA_ROOT}/interim/rvc_gate/bonafide_source/186783_LFpbaXkb8HuQ6DnF_0064.wav,bonafide,hi-en,186783,mucs2021,none,clean,eval,0.9995496869087219
${DATA_ROOT}/interim/rvc_gate/bonafide_source/322882_XTscbPr78nzuHhuu_0061.wav,bonafide,hi-en,322882,mucs2021,none,clean,eval,0.9996057152748108
${DATA_ROOT}/interim/rvc_gate/bonafide_source/413057_aKSsdMqkPfUWyYeS_0057.wav,bonafide,hi-en,413057,mucs2021,none,clean,eval,0.9997326731681824
${DATA_ROOT}/interim/rvc_gate/bonafide_source/445718_H6Z2BkcyVtiuiN7A_0064.wav,bonafide,hi-en,445718,mucs2021,none,clean,eval,0.9997655749320984
${DATA_ROOT}/interim/rvc_gate/bonafide_source/457295_WgzliDtK6Htff0g2_0068.wav,bonafide,hi-en,457295,mucs2021,none,clean,eval,0.9997863173484802
${DATA_ROOT}/interim/rvc_gate/bonafide_source/539354_C3MtnFEDrRkWHSvJ_0060.wav,bonafide,hi-en,539354,mucs2021,none,clean,eval,0.9996602535247803
${DATA_ROOT}/interim/rvc_gate/bonafide_source/541304_cyhxRWI0LoKYZvcw_0059.wav,bonafide,hi-en,541304,mucs2021,none,clean,eval,0.99973064661026
${DATA_ROOT}/interim/rvc_gate/bonafide_source/634568_jCgweujQVV5haVF1_0062.wav,bonafide,hi-en,634568,mucs2021,none,clean,eval,0.9996905326843262
${DATA_ROOT}/interim/rvc_gate/bonafide_source/705494_fZcxLszRnIHxmVQp_0061.wav,bonafide,hi-en,705494,mucs2021,none,clean,eval,0.9997079968452454
${DATA_ROOT}/interim/rvc_gate/bonafide_source/797767_TRInoJRJxAX3qv5C_0057.wav,bonafide,hi-en,797767,mucs2021,none,clean,eval,0.9997513890266418
${DATA_ROOT}/interim/rvc_gate/bonafide_source/850754_wOTMMvC3WQ5YQRAF_0060.wav,bonafide,hi-en,850754,mucs2021,none,clean,eval,0.9998670816421509
${DATA_ROOT}/interim/rvc_gate/bonafide_source/870582_crdH0AI5aH25bEXe_0065.wav,bonafide,hi-en,870582,mucs2021,none,clean,eval,0.9998252987861633
${DATA_ROOT}/interim/rvc_gate/bonafide_source/876898_RyQSvr4r4iAMTYXq_0059.wav,bonafide,hi-en,876898,mucs2021,none,clean,eval,0.9994543194770813
${DATA_ROOT}/interim/rvc_gate/bonafide_source/893273_8xh3ZKpPy5YhAnKX_0065.wav,bonafide,hi-en,893273,mucs2021,none,clean,eval,0.9996652603149414
${DATA_ROOT}/interim/rvc_gate/bonafide_source/903756_K3X6AGezGWAoDe1q_0066.wav,bonafide,hi-en,903756,mucs2021,none,clean,eval,0.9997573494911194
${DATA_ROOT}/interim/rvc_gate/bonafide_source/912184_V11NDc0lxudGbWQU_0060.wav,bonafide,hi-en,912184,mucs2021,none,clean,eval,0.9995705485343933
${DATA_ROOT}/interim/rvc_gate/bonafide_source/987461_LSRBJiHdUoHm4BTI_0006.wav,bonafide,hi-en,987461,mucs2021,none,clean,eval,0.9997401833534241
${DATA_ROOT}/interim/rvc_gate/bonafide_source/996368_n4ACC4gnqW0IM1wW_0057.wav,bonafide,hi-en,996368,mucs2021,none,clean,eval,0.9995110034942627
${DATA_ROOT}/interim/rvc_gate/bonafide_source/106718_vE1rhq3ojNKZvQNv_0066.wav,bonafide,hi-en,106718,mucs2021,none,clean,eval,0.9996306896209717
${DATA_ROOT}/interim/rvc_gate/bonafide_source/142970_DP5j8CLDeL6HHHSX_0065.wav,bonafide,hi-en,142970,mucs2021,none,clean,eval,0.9024831652641296
${DATA_ROOT}/interim/rvc_gate/bonafide_source/177570_jSNK2zDaIvyZsMZp_0068.wav,bonafide,hi-en,177570,mucs2021,none,clean,eval,0.9993564486503601
${DATA_ROOT}/interim/rvc_gate/bonafide_source/186783_LFpbaXkb8HuQ6DnF_0065.wav,bonafide,hi-en,186783,mucs2021,none,clean,eval,0.9997476935386658
${DATA_ROOT}/interim/rvc_gate/bonafide_source/205240_F4KjmwYhWvnpSE0m_0020.wav,bonafide,hi-en,205240,mucs2021,none,clean,eval,0.9989050626754761
${DATA_ROOT}/interim/rvc_gate/bonafide_source/322882_XTscbPr78nzuHhuu_0062.wav,bonafide,hi-en,322882,mucs2021,none,clean,eval,0.9997853636741638
${DATA_ROOT}/interim/rvc_gate/bonafide_source/413057_aKSsdMqkPfUWyYeS_0058.wav,bonafide,hi-en,413057,mucs2021,none,clean,eval,0.9997039437294006
${DATA_ROOT}/interim/rvc_gate/bonafide_source/445718_H6Z2BkcyVtiuiN7A_0065.wav,bonafide,hi-en,445718,mucs2021,none,clean,eval,0.9995947480201721
${DATA_ROOT}/interim/rvc_gate/bonafide_source/457295_WgzliDtK6Htff0g2_0069.wav,bonafide,hi-en,457295,mucs2021,none,clean,eval,0.9996656179428101
${DATA_ROOT}/interim/rvc_gate/bonafide_source/539226_vZGSoJPH1tbvsyCa_0020.wav,bonafide,hi-en,539226,mucs2021,none,clean,eval,0.9986456036567688
${DATA_ROOT}/interim/rvc_gate/bonafide_source/539354_C3MtnFEDrRkWHSvJ_0061.wav,bonafide,hi-en,539354,mucs2021,none,clean,eval,0.9989976286888123
${DATA_ROOT}/interim/rvc_gate/bonafide_source/541304_cyhxRWI0LoKYZvcw_0060.wav,bonafide,hi-en,541304,mucs2021,none,clean,eval,0.9989162683486938
${DATA_ROOT}/interim/rvc_gate/bonafide_source/634568_jCgweujQVV5haVF1_0063.wav,bonafide,hi-en,634568,mucs2021,none,clean,eval,0.9994599223136902
${DATA_ROOT}/interim/rvc_gate/bonafide_source/705494_fZcxLszRnIHxmVQp_0062.wav,bonafide,hi-en,705494,mucs2021,none,clean,eval,0.9995799660682678
${DATA_ROOT}/interim/rvc_gate/bonafide_source/797767_TRInoJRJxAX3qv5C_0058.wav,bonafide,hi-en,797767,mucs2021,none,clean,eval,0.9996727705001831
${DATA_ROOT}/interim/rvc_gate/bonafide_source/850754_wOTMMvC3WQ5YQRAF_0062.wav,bonafide,hi-en,850754,mucs2021,none,clean,eval,0.999563992023468
${DATA_ROOT}/interim/rvc_gate/bonafide_source/870582_crdH0AI5aH25bEXe_0068.wav,bonafide,hi-en,870582,mucs2021,none,clean,eval,0.9994093179702759
${DATA_ROOT}/interim/rvc_gate/bonafide_source/876898_RyQSvr4r4iAMTYXq_0060.wav,bonafide,hi-en,876898,mucs2021,none,clean,eval,0.9991095662117004
${DATA_ROOT}/interim/rvc_gate/bonafide_source/903756_K3X6AGezGWAoDe1q_0067.wav,bonafide,hi-en,903756,mucs2021,none,clean,eval,0.9996371269226074
${DATA_ROOT}/interim/rvc_gate/bonafide_source/912184_V11NDc0lxudGbWQU_0061.wav,bonafide,hi-en,912184,mucs2021,none,clean,eval,0.9990139007568359
${DATA_ROOT}/interim/rvc_gate/bonafide_source/996368_n4ACC4gnqW0IM1wW_0058.wav,bonafide,hi-en,996368,mucs2021,none,clean,eval,0.9997484087944031
${DATA_ROOT}/interim/rvc_gate/bonafide_source/106718_vE1rhq3ojNKZvQNv_0067.wav,bonafide,hi-en,106718,mucs2021,none,clean,eval,0.9993999004364014
${DATA_ROOT}/interim/rvc_gate/bonafide_source/142970_DP5j8CLDeL6HHHSX_0066.wav,bonafide,hi-en,142970,mucs2021,none,clean,eval,0.9955845475196838
${DATA_ROOT}/interim/rvc_gate/bonafide_source/177570_jSNK2zDaIvyZsMZp_0069.wav,bonafide,hi-en,177570,mucs2021,none,clean,eval,0.9990513920783997
${DATA_ROOT}/interim/rvc_gate/bonafide_source/186783_LFpbaXkb8HuQ6DnF_0066.wav,bonafide,hi-en,186783,mucs2021,none,clean,eval,0.9997842907905579
${DATA_ROOT}/interim/rvc_gate/bonafide_source/322882_XTscbPr78nzuHhuu_0063.wav,bonafide,hi-en,322882,mucs2021,none,clean,eval,0.9997088313102722
${DATA_ROOT}/interim/rvc_gate/bonafide_source/413057_aKSsdMqkPfUWyYeS_0059.wav,bonafide,hi-en,413057,mucs2021,none,clean,eval,0.9996691942214966
${DATA_ROOT}/interim/rvc_gate/bonafide_source/445718_H6Z2BkcyVtiuiN7A_0066.wav,bonafide,hi-en,445718,mucs2021,none,clean,eval,0.9997307658195496
${DATA_ROOT}/interim/rvc_gate/bonafide_source/457295_WgzliDtK6Htff0g2_0070.wav,bonafide,hi-en,457295,mucs2021,none,clean,eval,0.9996401071548462
${DATA_ROOT}/interim/rvc_gate/bonafide_source/539226_vZGSoJPH1tbvsyCa_0021.wav,bonafide,hi-en,539226,mucs2021,none,clean,eval,0.9993743300437927
${DATA_ROOT}/interim/rvc_gate/bonafide_source/539354_C3MtnFEDrRkWHSvJ_0062.wav,bonafide,hi-en,539354,mucs2021,none,clean,eval,0.9992440938949585
${DATA_ROOT}/interim/rvc_gate/bonafide_source/541304_cyhxRWI0LoKYZvcw_0061.wav,bonafide,hi-en,541304,mucs2021,none,clean,eval,0.9996336698532104
${DATA_ROOT}/interim/rvc_gate/bonafide_source/634568_jCgweujQVV5haVF1_0064.wav,bonafide,hi-en,634568,mucs2021,none,clean,eval,0.9995129108428955
${DATA_ROOT}/interim/rvc_gate/bonafide_source/705494_fZcxLszRnIHxmVQp_0063.wav,bonafide,hi-en,705494,mucs2021,none,clean,eval,0.9996474981307983
${DATA_ROOT}/interim/rvc_gate/bonafide_source/797767_TRInoJRJxAX3qv5C_0059.wav,bonafide,hi-en,797767,mucs2021,none,clean,eval,0.9997257590293884
${DATA_ROOT}/interim/rvc_gate/bonafide_source/850754_wOTMMvC3WQ5YQRAF_0063.wav,bonafide,hi-en,850754,mucs2021,none,clean,eval,0.9997608065605164
${DATA_ROOT}/interim/rvc_gate/bonafide_source/870582_crdH0AI5aH25bEXe_0069.wav,bonafide,hi-en,870582,mucs2021,none,clean,eval,0.9905793070793152
${DATA_ROOT}/interim/rvc_gate/bonafide_source/876898_RyQSvr4r4iAMTYXq_0061.wav,bonafide,hi-en,876898,mucs2021,none,clean,eval,0.998460054397583
${DATA_ROOT}/interim/rvc_gate/bonafide_source/903756_K3X6AGezGWAoDe1q_0068.wav,bonafide,hi-en,903756,mucs2021,none,clean,eval,0.9997783303260803
${DATA_ROOT}/interim/rvc_gate/bonafide_source/912184_V11NDc0lxudGbWQU_0062.wav,bonafide,hi-en,912184,mucs2021,none,clean,eval,0.9994291663169861
${DATA_ROOT}/interim/rvc_gate/bonafide_source/996368_n4ACC4gnqW0IM1wW_0059.wav,bonafide,hi-en,996368,mucs2021,none,clean,eval,0.9997690320014954
${DATA_ROOT}/interim/rvc_gate/bonafide_source/106718_vE1rhq3ojNKZvQNv_0068.wav,bonafide,hi-en,106718,mucs2021,none,clean,eval,0.9997393488883972
${DATA_ROOT}/interim/rvc_gate/bonafide_source/142970_DP5j8CLDeL6HHHSX_0068.wav,bonafide,hi-en,142970,mucs2021,none,clean,eval,0.7581997513771057
${DATA_ROOT}/interim/rvc_gate/bonafide_source/177570_jSNK2zDaIvyZsMZp_0070.wav,bonafide,hi-en,177570,mucs2021,none,clean,eval,0.9994408488273621
${DATA_ROOT}/interim/rvc_gate/bonafide_source/186783_LFpbaXkb8HuQ6DnF_0067.wav,bonafide,hi-en,186783,mucs2021,none,clean,eval,0.9995670914649963
${DATA_ROOT}/interim/rvc_gate/bonafide_source/322882_XTscbPr78nzuHhuu_0064.wav,bonafide,hi-en,322882,mucs2021,none,clean,eval,0.9997705817222595
${DATA_ROOT}/interim/rvc_gate/bonafide_source/413057_aKSsdMqkPfUWyYeS_0060.wav,bonafide,hi-en,413057,mucs2021,none,clean,eval,0.9995954632759094
${DATA_ROOT}/interim/rvc_gate/bonafide_source/445718_H6Z2BkcyVtiuiN7A_0067.wav,bonafide,hi-en,445718,mucs2021,none,clean,eval,0.9996349811553955
${DATA_ROOT}/interim/rvc_gate/bonafide_source/457295_WgzliDtK6Htff0g2_0071.wav,bonafide,hi-en,457295,mucs2021,none,clean,eval,0.9997544884681702
${DATA_ROOT}/interim/rvc_gate/bonafide_source/539354_C3MtnFEDrRkWHSvJ_0063.wav,bonafide,hi-en,539354,mucs2021,none,clean,eval,0.9994401335716248
${DATA_ROOT}/interim/rvc_gate/bonafide_source/541304_cyhxRWI0LoKYZvcw_0062.wav,bonafide,hi-en,541304,mucs2021,none,clean,eval,0.9996775388717651
${DATA_ROOT}/interim/rvc_gate/bonafide_source/634568_jCgweujQVV5haVF1_0065.wav,bonafide,hi-en,634568,mucs2021,none,clean,eval,0.9997424483299255
${DATA_ROOT}/interim/rvc_gate/bonafide_source/705494_fZcxLszRnIHxmVQp_0064.wav,bonafide,hi-en,705494,mucs2021,none,clean,eval,0.9997615218162537
${DATA_ROOT}/interim/rvc_gate/bonafide_source/797767_TRInoJRJxAX3qv5C_0060.wav,bonafide,hi-en,797767,mucs2021,none,clean,eval,0.9993389248847961
${DATA_ROOT}/interim/rvc_gate/bonafide_source/850754_wOTMMvC3WQ5YQRAF_0064.wav,bonafide,hi-en,850754,mucs2021,none,clean,eval,0.9998170733451843
${DATA_ROOT}/interim/rvc_gate/bonafide_source/870582_crdH0AI5aH25bEXe_0072.wav,bonafide,hi-en,870582,mucs2021,none,clean,eval,0.9996039271354675
${DATA_ROOT}/interim/rvc_gate/bonafide_source/876898_RyQSvr4r4iAMTYXq_0062.wav,bonafide,hi-en,876898,mucs2021,none,clean,eval,0.9997636675834656
${DATA_ROOT}/interim/rvc_gate/bonafide_source/903756_K3X6AGezGWAoDe1q_0069.wav,bonafide,hi-en,903756,mucs2021,none,clean,eval,0.9996064305305481
${DATA_ROOT}/interim/rvc_gate/bonafide_source/912184_V11NDc0lxudGbWQU_0063.wav,bonafide,hi-en,912184,mucs2021,none,clean,eval,0.9989122152328491
${DATA_ROOT}/interim/rvc_gate/bonafide_source/975912_1eNS3GaW1oHHurL4_0005.wav,bonafide,hi-en,975912,mucs2021,none,clean,eval,0.9996644258499146
${DATA_ROOT}/interim/rvc_gate/bonafide_source/996368_n4ACC4gnqW0IM1wW_0060.wav,bonafide,hi-en,996368,mucs2021,none,clean,eval,0.9998064637184143
${DATA_ROOT}/interim/rvc_gate/bonafide_source/106718_vE1rhq3ojNKZvQNv_0069.wav,bonafide,hi-en,106718,mucs2021,none,clean,eval,0.9997088313102722
${DATA_ROOT}/interim/rvc_gate/bonafide_source/142970_DP5j8CLDeL6HHHSX_0069.wav,bonafide,hi-en,142970,mucs2021,none,clean,eval,0.9984763264656067
${DATA_ROOT}/interim/rvc_gate/bonafide_source/177570_jSNK2zDaIvyZsMZp_0071.wav,bonafide,hi-en,177570,mucs2021,none,clean,eval,0.9988717436790466
${DATA_ROOT}/interim/rvc_gate/bonafide_source/106718_vE1rhq3ojNKZvQNv_0071.wav,bonafide,hi-en,106718,mucs2021,none,clean,eval,0.9997026324272156
${DATA_ROOT}/interim/rvc_gate/bonafide_source/142970_DP5j8CLDeL6HHHSX_0071.wav,bonafide,hi-en,142970,mucs2021,none,clean,eval,0.9992977380752563
${DATA_ROOT}/interim/rvc_gate/bonafide_source/177570_jSNK2zDaIvyZsMZp_0073.wav,bonafide,hi-en,177570,mucs2021,none,clean,eval,0.9996935129165649
${DATA_ROOT}/interim/rvc_gate/bonafide_source/322882_XTscbPr78nzuHhuu_0067.wav,bonafide,hi-en,322882,mucs2021,none,clean,eval,0.9997408986091614
${DATA_ROOT}/interim/rvc_gate/bonafide_source/413057_aKSsdMqkPfUWyYeS_0063.wav,bonafide,hi-en,413057,mucs2021,none,clean,eval,0.9996053576469421
${DATA_ROOT}/interim/rvc_gate/bonafide_source/445718_H6Z2BkcyVtiuiN7A_0071.wav,bonafide,hi-en,445718,mucs2021,none,clean,eval,0.9997808337211609
${DATA_ROOT}/interim/rvc_gate/bonafide_source/457295_WgzliDtK6Htff0g2_0074.wav,bonafide,hi-en,457295,mucs2021,none,clean,eval,0.9997867941856384
${DATA_ROOT}/interim/rvc_gate/bonafide_source/539354_C3MtnFEDrRkWHSvJ_0066.wav,bonafide,hi-en,539354,mucs2021,none,clean,eval,0.9996384382247925
${DATA_ROOT}/interim/rvc_gate/bonafide_source/584991_1ijxO93RTIJh2Rzv_0064.wav,bonafide,hi-en,584991,mucs2021,none,clean,eval,0.9998327493667603
${DATA_ROOT}/interim/rvc_gate/bonafide_source/634568_jCgweujQVV5haVF1_0070.wav,bonafide,hi-en,634568,mucs2021,none,clean,eval,0.9995675683021545
${DATA_ROOT}/interim/rvc_gate/bonafide_source/705494_fZcxLszRnIHxmVQp_0067.wav,bonafide,hi-en,705494,mucs2021,none,clean,eval,0.9996461868286133
${DATA_ROOT}/interim/rvc_gate/bonafide_source/797767_TRInoJRJxAX3qv5C_0063.wav,bonafide,hi-en,797767,mucs2021,none,clean,eval,0.999546229839325
${DATA_ROOT}/interim/rvc_gate/bonafide_source/850754_wOTMMvC3WQ5YQRAF_0067.wav,bonafide,hi-en,850754,mucs2021,none,clean,eval,0.9997476935386658
${DATA_ROOT}/interim/rvc_gate/bonafide_source/870582_crdH0AI5aH25bEXe_0075.wav,bonafide,hi-en,870582,mucs2021,none,clean,eval,0.7072462439537048
${DATA_ROOT}/interim/rvc_gate/bonafide_source/876898_RyQSvr4r4iAMTYXq_0065.wav,bonafide,hi-en,876898,mucs2021,none,clean,eval,0.9991583824157715
${DATA_ROOT}/interim/rvc_gate/bonafide_source/893273_8xh3ZKpPy5YhAnKX_0006.wav,bonafide,hi-en,893273,mucs2021,none,clean,eval,0.9996325969696045
${DATA_ROOT}/interim/rvc_gate/bonafide_source/903756_K3X6AGezGWAoDe1q_0072.wav,bonafide,hi-en,903756,mucs2021,none,clean,eval,0.9997548460960388
${DATA_ROOT}/interim/rvc_gate/bonafide_source/912184_V11NDc0lxudGbWQU_0067.wav,bonafide,hi-en,912184,mucs2021,none,clean,eval,0.0007710503414273262
${DATA_ROOT}/interim/rvc_gate/bonafide_source/987461_LSRBJiHdUoHm4BTI_0012.wav,bonafide,hi-en,987461,mucs2021,none,clean,eval,0.9994949102401733
${DATA_ROOT}/interim/rvc_gate/bonafide_source/996368_n4ACC4gnqW0IM1wW_0063.wav,bonafide,hi-en,996368,mucs2021,none,clean,eval,0.9996647834777832
${DATA_ROOT}/interim/rvc_gate/bonafide_source/106718_vE1rhq3ojNKZvQNv_0072.wav,bonafide,hi-en,106718,mucs2021,none,clean,eval,0.999738872051239
${DATA_ROOT}/interim/rvc_gate/bonafide_source/142970_DP5j8CLDeL6HHHSX_0072.wav,bonafide,hi-en,142970,mucs2021,none,clean,eval,0.006745545659214258
${DATA_ROOT}/interim/rvc_gate/bonafide_source/177570_jSNK2zDaIvyZsMZp_0074.wav,bonafide,hi-en,177570,mucs2021,none,clean,eval,0.9994032382965088
${DATA_ROOT}/interim/rvc_gate/bonafide_source/322882_XTscbPr78nzuHhuu_0069.wav,bonafide,hi-en,322882,mucs2021,none,clean,eval,0.9997323155403137
${DATA_ROOT}/interim/rvc_gate/bonafide_source/413057_aKSsdMqkPfUWyYeS_0064.wav,bonafide,hi-en,413057,mucs2021,none,clean,eval,0.9997878670692444
${DATA_ROOT}/interim/rvc_gate/bonafide_source/445718_H6Z2BkcyVtiuiN7A_0072.wav,bonafide,hi-en,445718,mucs2021,none,clean,eval,0.9998607635498047
${DATA_ROOT}/interim/rvc_gate/bonafide_source/457295_WgzliDtK6Htff0g2_0075.wav,bonafide,hi-en,457295,mucs2021,none,clean,eval,0.9996181726455688
${DATA_ROOT}/interim/rvc_gate/bonafide_source/539354_C3MtnFEDrRkWHSvJ_0067.wav,bonafide,hi-en,539354,mucs2021,none,clean,eval,0.9997681975364685
${DATA_ROOT}/interim/rvc_gate/bonafide_source/584991_1ijxO93RTIJh2Rzv_0065.wav,bonafide,hi-en,584991,mucs2021,none,clean,eval,0.999734103679657
${DATA_ROOT}/interim/rvc_gate/bonafide_source/634568_jCgweujQVV5haVF1_0071.wav,bonafide,hi-en,634568,mucs2021,none,clean,eval,0.9995874762535095
${DATA_ROOT}/interim/rvc_gate/bonafide_source/705494_fZcxLszRnIHxmVQp_0068.wav,bonafide,hi-en,705494,mucs2021,none,clean,eval,0.9997518658638
${DATA_ROOT}/interim/rvc_gate/bonafide_source/797767_TRInoJRJxAX3qv5C_0064.wav,bonafide,hi-en,797767,mucs2021,none,clean,eval,0.9997625946998596
${DATA_ROOT}/interim/rvc_gate/bonafide_source/850754_wOTMMvC3WQ5YQRAF_0068.wav,bonafide,hi-en,850754,mucs2021,none,clean,eval,0.9995124340057373
${DATA_ROOT}/interim/rvc_gate/bonafide_source/870582_crdH0AI5aH25bEXe_0076.wav,bonafide,hi-en,870582,mucs2021,none,clean,eval,0.9997408986091614
${DATA_ROOT}/interim/rvc_gate/bonafide_source/876898_RyQSvr4r4iAMTYXq_0067.wav,bonafide,hi-en,876898,mucs2021,none,clean,eval,0.997407853603363
${DATA_ROOT}/interim/rvc_gate/bonafide_source/893273_8xh3ZKpPy5YhAnKX_0007.wav,bonafide,hi-en,893273,mucs2021,none,clean,eval,0.9996744394302368
${DATA_ROOT}/interim/rvc_gate/bonafide_source/903756_K3X6AGezGWAoDe1q_0073.wav,bonafide,hi-en,903756,mucs2021,none,clean,eval,0.9996281862258911
${DATA_ROOT}/interim/rvc_gate/bonafide_source/912184_V11NDc0lxudGbWQU_0068.wav,bonafide,hi-en,912184,mucs2021,none,clean,eval,0.9995864033699036
${DATA_ROOT}/interim/rvc_gate/bonafide_source/987461_LSRBJiHdUoHm4BTI_0013.wav,bonafide,hi-en,987461,mucs2021,none,clean,eval,0.9998252987861633
${DATA_ROOT}/interim/rvc_gate/bonafide_source/996368_n4ACC4gnqW0IM1wW_0064.wav,bonafide,hi-en,996368,mucs2021,none,clean,eval,0.9996064305305481
${DATA_ROOT}/interim/rvc_gate/bonafide_source/106718_vE1rhq3ojNKZvQNv_0073.wav,bonafide,hi-en,106718,mucs2021,none,clean,eval,0.9996737241744995
${DATA_ROOT}/interim/rvc_gate/bonafide_source/142970_DP5j8CLDeL6HHHSX_0073.wav,bonafide,hi-en,142970,mucs2021,none,clean,eval,0.9992675185203552
${DATA_ROOT}/interim/rvc_gate/bonafide_source/177570_jSNK2zDaIvyZsMZp_0075.wav,bonafide,hi-en,177570,mucs2021,none,clean,eval,0.9995380640029907
${DATA_ROOT}/interim/rvc_gate/bonafide_source/205240_F4KjmwYhWvnpSE0m_0031.wav,bonafide,hi-en,205240,mucs2021,none,clean,eval,0.999535083770752
${DATA_ROOT}/interim/rvc_gate/bonafide_source/322882_XTscbPr78nzuHhuu_0070.wav,bonafide,hi-en,322882,mucs2021,none,clean,eval,0.9995194673538208
${DATA_ROOT}/interim/rvc_gate/bonafide_source/413057_aKSsdMqkPfUWyYeS_0065.wav,bonafide,hi-en,413057,mucs2021,none,clean,eval,0.9997301697731018
${DATA_ROOT}/interim/rvc_gate/bonafide_source/445718_H6Z2BkcyVtiuiN7A_0074.wav,bonafide,hi-en,445718,mucs2021,none,clean,eval,0.9994608759880066
${DATA_ROOT}/interim/rvc_gate/bonafide_source/457295_WgzliDtK6Htff0g2_0076.wav,bonafide,hi-en,457295,mucs2021,none,clean,eval,0.9997233748435974
${DATA_ROOT}/interim/rvc_gate/bonafide_source/539226_vZGSoJPH1tbvsyCa_0027.wav,bonafide,hi-en,539226,mucs2021,none,clean,eval,0.9975900650024414
${DATA_ROOT}/interim/rvc_gate/bonafide_source/539354_C3MtnFEDrRkWHSvJ_0068.wav,bonafide,hi-en,539354,mucs2021,none,clean,eval,0.9997954964637756
${DATA_ROOT}/interim/rvc_gate/bonafide_source/584991_1ijxO93RTIJh2Rzv_0066.wav,bonafide,hi-en,584991,mucs2021,none,clean,eval,0.999714195728302
${DATA_ROOT}/interim/rvc_gate/bonafide_source/634568_jCgweujQVV5haVF1_0072.wav,bonafide,hi-en,634568,mucs2021,none,clean,eval,0.999804675579071
${DATA_ROOT}/interim/rvc_gate/bonafide_source/705494_fZcxLszRnIHxmVQp_0069.wav,bonafide,hi-en,705494,mucs2021,none,clean,eval,0.9996508359909058
${DATA_ROOT}/interim/rvc_gate/bonafide_source/797767_TRInoJRJxAX3qv5C_0065.wav,bonafide,hi-en,797767,mucs2021,none,clean,eval,0.9997645020484924
${DATA_ROOT}/interim/rvc_gate/bonafide_source/850754_wOTMMvC3WQ5YQRAF_0069.wav,bonafide,hi-en,850754,mucs2021,none,clean,eval,0.9998797178268433
${DATA_ROOT}/interim/rvc_gate/bonafide_source/870582_crdH0AI5aH25bEXe_0077.wav,bonafide,hi-en,870582,mucs2021,none,clean,eval,0.98139888048172
${DATA_ROOT}/interim/rvc_gate/bonafide_source/876898_RyQSvr4r4iAMTYXq_0068.wav,bonafide,hi-en,876898,mucs2021,none,clean,eval,0.9930304884910583
${DATA_ROOT}/interim/rvc_gate/bonafide_source/903756_K3X6AGezGWAoDe1q_0075.wav,bonafide,hi-en,903756,mucs2021,none,clean,eval,0.9996552467346191
${DATA_ROOT}/interim/rvc_gate/bonafide_source/912184_V11NDc0lxudGbWQU_0069.wav,bonafide,hi-en,912184,mucs2021,none,clean,eval,0.9864470958709717
${DATA_ROOT}/interim/rvc_gate/bonafide_source/996368_n4ACC4gnqW0IM1wW_0065.wav,bonafide,hi-en,996368,mucs2021,none,clean,eval,0.9997385144233704
${DATA_ROOT}/interim/rvc_gate/bonafide_source/106718_vE1rhq3ojNKZvQNv_0074.wav,bonafide,hi-en,106718,mucs2021,none,clean,eval,0.9997133612632751
${DATA_ROOT}/interim/rvc_gate/bonafide_source/142970_DP5j8CLDeL6HHHSX_0076.wav,bonafide,hi-en,142970,mucs2021,none,clean,eval,0.9986088871955872
${DATA_ROOT}/interim/rvc_gate/bonafide_source/177570_jSNK2zDaIvyZsMZp_0076.wav,bonafide,hi-en,177570,mucs2021,none,clean,eval,0.9940014481544495
${DATA_ROOT}/interim/rvc_gate/bonafide_source/322882_XTscbPr78nzuHhuu_0071.wav,bonafide,hi-en,322882,mucs2021,none,clean,eval,0.9995728135108948
${DATA_ROOT}/interim/rvc_gate/bonafide_source/413057_aKSsdMqkPfUWyYeS_0066.wav,bonafide,hi-en,413057,mucs2021,none,clean,eval,0.99973064661026
${DATA_ROOT}/interim/rvc_gate/bonafide_source/445718_H6Z2BkcyVtiuiN7A_0075.wav,bonafide,hi-en,445718,mucs2021,none,clean,eval,0.999544084072113
${DATA_ROOT}/interim/rvc_gate/bonafide_source/457295_WgzliDtK6Htff0g2_0077.wav,bonafide,hi-en,457295,mucs2021,none,clean,eval,0.9996515512466431
${DATA_ROOT}/interim/rvc_gate/bonafide_source/539226_vZGSoJPH1tbvsyCa_0028.wav,bonafide,hi-en,539226,mucs2021,none,clean,eval,0.9996285438537598
${DATA_ROOT}/interim/rvc_gate/bonafide_source/539354_C3MtnFEDrRkWHSvJ_0069.wav,bonafide,hi-en,539354,mucs2021,none,clean,eval,0.9996715784072876
${DATA_ROOT}/interim/rvc_gate/bonafide_source/584991_1ijxO93RTIJh2Rzv_0067.wav,bonafide,hi-en,584991,mucs2021,none,clean,eval,0.9995827078819275
${DATA_ROOT}/interim/rvc_gate/bonafide_source/634568_jCgweujQVV5haVF1_0073.wav,bonafide,hi-en,634568,mucs2021,none,clean,eval,0.999147891998291
${DATA_ROOT}/interim/rvc_gate/bonafide_source/705494_fZcxLszRnIHxmVQp_0070.wav,bonafide,hi-en,705494,mucs2021,none,clean,eval,0.9992976188659668
${DATA_ROOT}/interim/rvc_gate/bonafide_source/797767_TRInoJRJxAX3qv5C_0066.wav,bonafide,hi-en,797767,mucs2021,none,clean,eval,0.9997586607933044
${DATA_ROOT}/interim/rvc_gate/bonafide_source/850754_wOTMMvC3WQ5YQRAF_0070.wav,bonafide,hi-en,850754,mucs2021,none,clean,eval,0.999790370464325
${DATA_ROOT}/interim/rvc_gate/bonafide_source/870582_crdH0AI5aH25bEXe_0079.wav,bonafide,hi-en,870582,mucs2021,none,clean,eval,0.9984631538391113
${DATA_ROOT}/interim/rvc_gate/bonafide_source/876898_RyQSvr4r4iAMTYXq_0069.wav,bonafide,hi-en,876898,mucs2021,none,clean,eval,0.9990087151527405
${DATA_ROOT}/interim/rvc_gate/bonafide_source/903756_K3X6AGezGWAoDe1q_0076.wav,bonafide,hi-en,903756,mucs2021,none,clean,eval,0.9998660087585449
${DATA_ROOT}/interim/rvc_gate/bonafide_source/912184_V11NDc0lxudGbWQU_0070.wav,bonafide,hi-en,912184,mucs2021,none,clean,eval,0.0007737346459180117
${DATA_ROOT}/interim/rvc_gate/bonafide_source/996368_n4ACC4gnqW0IM1wW_0066.wav,bonafide,hi-en,996368,mucs2021,none,clean,eval,0.9996389150619507
${DATA_ROOT}/interim/rvc_gate/bonafide_source/106718_vE1rhq3ojNKZvQNv_0075.wav,bonafide,hi-en,106718,mucs2021,none,clean,eval,0.9995782971382141
${DATA_ROOT}/interim/rvc_gate/bonafide_source/142970_DP5j8CLDeL6HHHSX_0077.wav,bonafide,hi-en,142970,mucs2021,none,clean,eval,0.9993913173675537
${DATA_ROOT}/interim/rvc_gate/bonafide_source/177570_jSNK2zDaIvyZsMZp_0077.wav,bonafide,hi-en,177570,mucs2021,none,clean,eval,0.9952459931373596
${DATA_ROOT}/interim/rvc_gate/bonafide_source/186783_LFpbaXkb8HuQ6DnF_0006.wav,bonafide,hi-en,186783,mucs2021,none,clean,eval,0.9994727969169617
${DATA_ROOT}/interim/rvc_gate/bonafide_source/322882_XTscbPr78nzuHhuu_0072.wav,bonafide,hi-en,322882,mucs2021,none,clean,eval,0.9995187520980835
${DATA_ROOT}/interim/rvc_gate/bonafide_source/413057_aKSsdMqkPfUWyYeS_0067.wav,bonafide,hi-en,413057,mucs2021,none,clean,eval,0.9997366070747375
${DATA_ROOT}/interim/rvc_gate/bonafide_source/445718_H6Z2BkcyVtiuiN7A_0076.wav,bonafide,hi-en,445718,mucs2021,none,clean,eval,0.9996216297149658
${DATA_ROOT}/interim/rvc_gate/bonafide_source/457295_WgzliDtK6Htff0g2_0078.wav,bonafide,hi-en,457295,mucs2021,none,clean,eval,0.9997574687004089
${DATA_ROOT}/interim/rvc_gate/bonafide_source/539354_C3MtnFEDrRkWHSvJ_0070.wav,bonafide,hi-en,539354,mucs2021,none,clean,eval,0.9994316697120667
${DATA_ROOT}/interim/rvc_gate/bonafide_source/584991_1ijxO93RTIJh2Rzv_0068.wav,bonafide,hi-en,584991,mucs2021,none,clean,eval,0.9996125102043152
${DATA_ROOT}/interim/rvc_gate/bonafide_source/634568_jCgweujQVV5haVF1_0074.wav,bonafide,hi-en,634568,mucs2021,none,clean,eval,0.9996882677078247
${DATA_ROOT}/interim/rvc_gate/bonafide_source/705494_fZcxLszRnIHxmVQp_0071.wav,bonafide,hi-en,705494,mucs2021,none,clean,eval,0.9996708631515503
${DATA_ROOT}/interim/rvc_gate/bonafide_source/797767_TRInoJRJxAX3qv5C_0067.wav,bonafide,hi-en,797767,mucs2021,none,clean,eval,0.9998070597648621
${DATA_ROOT}/interim/rvc_gate/bonafide_source/850754_wOTMMvC3WQ5YQRAF_0071.wav,bonafide,hi-en,850754,mucs2021,none,clean,eval,0.9997920393943787
${DATA_ROOT}/interim/rvc_gate/bonafide_source/870582_crdH0AI5aH25bEXe_0080.wav,bonafide,hi-en,870582,mucs2021,none,clean,eval,0.9987252354621887
${DATA_ROOT}/interim/rvc_gate/bonafide_source/876898_RyQSvr4r4iAMTYXq_0070.wav,bonafide,hi-en,876898,mucs2021,none,clean,eval,0.9990027546882629
${DATA_ROOT}/interim/rvc_gate/bonafide_source/903756_K3X6AGezGWAoDe1q_0077.wav,bonafide,hi-en,903756,mucs2021,none,clean,eval,0.9997016787528992
${DATA_ROOT}/interim/rvc_gate/bonafide_source/912184_V11NDc0lxudGbWQU_0071.wav,bonafide,hi-en,912184,mucs2021,none,clean,eval,0.9985595345497131
${DATA_ROOT}/interim/rvc_gate/bonafide_source/975912_1eNS3GaW1oHHurL4_0012.wav,bonafide,hi-en,975912,mucs2021,none,clean,eval,0.9995922446250916
${DATA_ROOT}/interim/rvc_gate/bonafide_source/996368_n4ACC4gnqW0IM1wW_0067.wav,bonafide,hi-en,996368,mucs2021,none,clean,eval,0.999548614025116
${DATA_ROOT}/interim/rvc_gate/bonafide_source/106718_vE1rhq3ojNKZvQNv_0076.wav,bonafide,hi-en,106718,mucs2021,none,clean,eval,0.9997608065605164
${DATA_ROOT}/interim/rvc_gate/bonafide_source/142970_DP5j8CLDeL6HHHSX_0078.wav,bonafide,hi-en,142970,mucs2021,none,clean,eval,0.0015255480539053679
${DATA_ROOT}/interim/rvc_gate/bonafide_source/177570_jSNK2zDaIvyZsMZp_0078.wav,bonafide,hi-en,177570,mucs2021,none,clean,eval,0.9995761513710022
${DATA_ROOT}/interim/rvc_gate/bonafide_source/106718_vE1rhq3ojNKZvQNv_0079.wav,bonafide,hi-en,106718,mucs2021,none,clean,eval,0.9997106194496155
${DATA_ROOT}/interim/rvc_gate/bonafide_source/142970_DP5j8CLDeL6HHHSX_0080.wav,bonafide,hi-en,142970,mucs2021,none,clean,eval,0.9726903438568115
${DATA_ROOT}/interim/rvc_gate/bonafide_source/177570_jSNK2zDaIvyZsMZp_0080.wav,bonafide,hi-en,177570,mucs2021,none,clean,eval,0.9991199374198914
${DATA_ROOT}/interim/rvc_gate/bonafide_source/322882_XTscbPr78nzuHhuu_0075.wav,bonafide,hi-en,322882,mucs2021,none,clean,eval,0.9996132254600525
${DATA_ROOT}/interim/rvc_gate/bonafide_source/413057_aKSsdMqkPfUWyYeS_0070.wav,bonafide,hi-en,413057,mucs2021,none,clean,eval,0.9994887113571167
${DATA_ROOT}/interim/rvc_gate/bonafide_source/445718_H6Z2BkcyVtiuiN7A_0079.wav,bonafide,hi-en,445718,mucs2021,none,clean,eval,0.9996500015258789
${DATA_ROOT}/interim/rvc_gate/bonafide_source/457295_WgzliDtK6Htff0g2_0082.wav,bonafide,hi-en,457295,mucs2021,none,clean,eval,0.9996473789215088
${DATA_ROOT}/interim/rvc_gate/bonafide_source/539354_C3MtnFEDrRkWHSvJ_0073.wav,bonafide,hi-en,539354,mucs2021,none,clean,eval,0.9995414018630981
${DATA_ROOT}/interim/rvc_gate/bonafide_source/541304_cyhxRWI0LoKYZvcw_0073.wav,bonafide,hi-en,541304,mucs2021,none,clean,eval,0.9996750354766846
${DATA_ROOT}/interim/rvc_gate/bonafide_source/584991_1ijxO93RTIJh2Rzv_0071.wav,bonafide,hi-en,584991,mucs2021,none,clean,eval,0.9996992349624634
${DATA_ROOT}/interim/rvc_gate/bonafide_source/634568_jCgweujQVV5haVF1_0079.wav,bonafide,hi-en,634568,mucs2021,none,clean,eval,0.9995695948600769
${DATA_ROOT}/interim/rvc_gate/bonafide_source/705494_fZcxLszRnIHxmVQp_0074.wav,bonafide,hi-en,705494,mucs2021,none,clean,eval,0.9996397495269775
${DATA_ROOT}/interim/rvc_gate/bonafide_source/797767_TRInoJRJxAX3qv5C_0070.wav,bonafide,hi-en,797767,mucs2021,none,clean,eval,0.9997196793556213
${DATA_ROOT}/interim/rvc_gate/bonafide_source/850754_wOTMMvC3WQ5YQRAF_0074.wav,bonafide,hi-en,850754,mucs2021,none,clean,eval,0.9995829463005066
${DATA_ROOT}/interim/rvc_gate/bonafide_source/893273_8xh3ZKpPy5YhAnKX_0015.wav,bonafide,hi-en,893273,mucs2021,none,clean,eval,0.999563992023468
${DATA_ROOT}/interim/rvc_gate/bonafide_source/903756_K3X6AGezGWAoDe1q_0081.wav,bonafide,hi-en,903756,mucs2021,none,clean,eval,0.9997381567955017
${DATA_ROOT}/interim/rvc_gate/bonafide_source/912184_V11NDc0lxudGbWQU_0074.wav,bonafide,hi-en,912184,mucs2021,none,clean,eval,0.9997941851615906
${DATA_ROOT}/interim/rvc_gate/bonafide_source/987461_LSRBJiHdUoHm4BTI_0020.wav,bonafide,hi-en,987461,mucs2021,none,clean,eval,0.9996620416641235
${DATA_ROOT}/interim/rvc_gate/bonafide_source/996368_n4ACC4gnqW0IM1wW_0070.wav,bonafide,hi-en,996368,mucs2021,none,clean,eval,0.9996706247329712
${DATA_ROOT}/interim/rvc_gate/bonafide_source/106718_vE1rhq3ojNKZvQNv_0080.wav,bonafide,hi-en,106718,mucs2021,none,clean,eval,0.9998089671134949
${DATA_ROOT}/interim/rvc_gate/bonafide_source/142970_DP5j8CLDeL6HHHSX_0081.wav,bonafide,hi-en,142970,mucs2021,none,clean,eval,0.9971036314964294
${DATA_ROOT}/interim/rvc_gate/bonafide_source/177570_jSNK2zDaIvyZsMZp_0081.wav,bonafide,hi-en,177570,mucs2021,none,clean,eval,0.9994692206382751
${DATA_ROOT}/interim/rvc_gate/bonafide_source/322882_XTscbPr78nzuHhuu_0076.wav,bonafide,hi-en,322882,mucs2021,none,clean,eval,0.9995750784873962
${DATA_ROOT}/interim/rvc_gate/bonafide_source/445718_H6Z2BkcyVtiuiN7A_0080.wav,bonafide,hi-en,445718,mucs2021,none,clean,eval,0.999471127986908
${DATA_ROOT}/interim/rvc_gate/bonafide_source/457295_WgzliDtK6Htff0g2_0083.wav,bonafide,hi-en,457295,mucs2021,none,clean,eval,0.999467670917511
${DATA_ROOT}/interim/rvc_gate/bonafide_source/539354_C3MtnFEDrRkWHSvJ_0074.wav,bonafide,hi-en,539354,mucs2021,none,clean,eval,0.9990986585617065
${DATA_ROOT}/interim/rvc_gate/bonafide_source/541304_cyhxRWI0LoKYZvcw_0074.wav,bonafide,hi-en,541304,mucs2021,none,clean,eval,0.9998751878738403
${DATA_ROOT}/interim/rvc_gate/bonafide_source/584991_1ijxO93RTIJh2Rzv_0072.wav,bonafide,hi-en,584991,mucs2021,none,clean,eval,0.9996107220649719
${DATA_ROOT}/interim/rvc_gate/bonafide_source/634568_jCgweujQVV5haVF1_0080.wav,bonafide,hi-en,634568,mucs2021,none,clean,eval,0.9996256828308105
${DATA_ROOT}/interim/rvc_gate/bonafide_source/705494_fZcxLszRnIHxmVQp_0075.wav,bonafide,hi-en,705494,mucs2021,none,clean,eval,0.9996408224105835
${DATA_ROOT}/interim/rvc_gate/bonafide_source/850754_wOTMMvC3WQ5YQRAF_0075.wav,bonafide,hi-en,850754,mucs2021,none,clean,eval,0.9998592138290405
${DATA_ROOT}/interim/rvc_gate/bonafide_source/893273_8xh3ZKpPy5YhAnKX_0016.wav,bonafide,hi-en,893273,mucs2021,none,clean,eval,0.9995355606079102
${DATA_ROOT}/interim/rvc_gate/bonafide_source/903756_K3X6AGezGWAoDe1q_0083.wav,bonafide,hi-en,903756,mucs2021,none,clean,eval,0.9995012283325195
${DATA_ROOT}/interim/rvc_gate/bonafide_source/987461_LSRBJiHdUoHm4BTI_0021.wav,bonafide,hi-en,987461,mucs2021,none,clean,eval,0.9995361566543579
${DATA_ROOT}/interim/rvc_gate/bonafide_source/996368_n4ACC4gnqW0IM1wW_0071.wav,bonafide,hi-en,996368,mucs2021,none,clean,eval,0.9996763467788696
${DATA_ROOT}/interim/rvc_gate/bonafide_source/106718_vE1rhq3ojNKZvQNv_0081.wav,bonafide,hi-en,106718,mucs2021,none,clean,eval,0.9997535347938538
${DATA_ROOT}/interim/rvc_gate/bonafide_source/142970_DP5j8CLDeL6HHHSX_0082.wav,bonafide,hi-en,142970,mucs2021,none,clean,eval,0.9987323880195618
${DATA_ROOT}/interim/rvc_gate/bonafide_source/177570_jSNK2zDaIvyZsMZp_0082.wav,bonafide,hi-en,177570,mucs2021,none,clean,eval,0.9987905621528625
${DATA_ROOT}/interim/rvc_gate/bonafide_source/205240_F4KjmwYhWvnpSE0m_0038.wav,bonafide,hi-en,205240,mucs2021,none,clean,eval,0.9996864795684814
${DATA_ROOT}/interim/rvc_gate/bonafide_source/322882_XTscbPr78nzuHhuu_0077.wav,bonafide,hi-en,322882,mucs2021,none,clean,eval,0.999736487865448
${DATA_ROOT}/interim/rvc_gate/bonafide_source/445718_H6Z2BkcyVtiuiN7A_0081.wav,bonafide,hi-en,445718,mucs2021,none,clean,eval,0.9996863603591919
${DATA_ROOT}/interim/rvc_gate/bonafide_source/457295_WgzliDtK6Htff0g2_0084.wav,bonafide,hi-en,457295,mucs2021,none,clean,eval,0.9997674822807312
${DATA_ROOT}/interim/rvc_gate/bonafide_source/539226_vZGSoJPH1tbvsyCa_0035.wav,bonafide,hi-en,539226,mucs2021,none,clean,eval,0.9995077848434448
${DATA_ROOT}/interim/rvc_gate/bonafide_source/539354_C3MtnFEDrRkWHSvJ_0075.wav,bonafide,hi-en,539354,mucs2021,none,clean,eval,0.9996309280395508
${DATA_ROOT}/interim/rvc_gate/bonafide_source/541304_cyhxRWI0LoKYZvcw_0075.wav,bonafide,hi-en,541304,mucs2021,none,clean,eval,0.999858021736145
${DATA_ROOT}/interim/rvc_gate/bonafide_source/584991_1ijxO93RTIJh2Rzv_0073.wav,bonafide,hi-en,584991,mucs2021,none,clean,eval,0.9998014569282532
${DATA_ROOT}/interim/rvc_gate/bonafide_source/634568_jCgweujQVV5haVF1_0081.wav,bonafide,hi-en,634568,mucs2021,none,clean,eval,0.9996527433395386
${DATA_ROOT}/interim/rvc_gate/bonafide_source/705494_fZcxLszRnIHxmVQp_0076.wav,bonafide,hi-en,705494,mucs2021,none,clean,eval,0.9996448755264282
${DATA_ROOT}/interim/rvc_gate/bonafide_source/850754_wOTMMvC3WQ5YQRAF_0076.wav,bonafide,hi-en,850754,mucs2021,none,clean,eval,0.9997370839118958
${DATA_ROOT}/interim/rvc_gate/bonafide_source/903756_K3X6AGezGWAoDe1q_0085.wav,bonafide,hi-en,903756,mucs2021,none,clean,eval,0.999849796295166
${DATA_ROOT}/interim/rvc_gate/bonafide_source/996368_n4ACC4gnqW0IM1wW_0072.wav,bonafide,hi-en,996368,mucs2021,none,clean,eval,0.9996923208236694
${DATA_ROOT}/interim/rvc_gate/bonafide_source/106718_vE1rhq3ojNKZvQNv_0082.wav,bonafide,hi-en,106718,mucs2021,none,clean,eval,0.9996851682662964
${DATA_ROOT}/interim/rvc_gate/bonafide_source/142970_DP5j8CLDeL6HHHSX_0084.wav,bonafide,hi-en,142970,mucs2021,none,clean,eval,0.9994725584983826
${DATA_ROOT}/interim/rvc_gate/bonafide_source/177570_jSNK2zDaIvyZsMZp_0083.wav,bonafide,hi-en,177570,mucs2021,none,clean,eval,0.9972156286239624
${DATA_ROOT}/interim/rvc_gate/bonafide_source/322882_XTscbPr78nzuHhuu_0078.wav,bonafide,hi-en,322882,mucs2021,none,clean,eval,0.999700665473938
${DATA_ROOT}/interim/rvc_gate/bonafide_source/445718_H6Z2BkcyVtiuiN7A_0082.wav,bonafide,hi-en,445718,mucs2021,none,clean,eval,0.9996819496154785
${DATA_ROOT}/interim/rvc_gate/bonafide_source/457295_WgzliDtK6Htff0g2_0085.wav,bonafide,hi-en,457295,mucs2021,none,clean,eval,0.9998075366020203
${DATA_ROOT}/interim/rvc_gate/bonafide_source/539226_vZGSoJPH1tbvsyCa_0036.wav,bonafide,hi-en,539226,mucs2021,none,clean,eval,0.9994301199913025
${DATA_ROOT}/interim/rvc_gate/bonafide_source/539354_C3MtnFEDrRkWHSvJ_0076.wav,bonafide,hi-en,539354,mucs2021,none,clean,eval,0.9995274543762207
${DATA_ROOT}/interim/rvc_gate/bonafide_source/541304_cyhxRWI0LoKYZvcw_0076.wav,bonafide,hi-en,541304,mucs2021,none,clean,eval,0.999648928642273
${DATA_ROOT}/interim/rvc_gate/bonafide_source/584991_1ijxO93RTIJh2Rzv_0074.wav,bonafide,hi-en,584991,mucs2021,none,clean,eval,0.9995618462562561
${DATA_ROOT}/interim/rvc_gate/bonafide_source/634568_jCgweujQVV5haVF1_0082.wav,bonafide,hi-en,634568,mucs2021,none,clean,eval,0.999653697013855
${DATA_ROOT}/interim/rvc_gate/bonafide_source/705494_fZcxLszRnIHxmVQp_0077.wav,bonafide,hi-en,705494,mucs2021,none,clean,eval,0.9995772242546082
${DATA_ROOT}/interim/rvc_gate/bonafide_source/850754_wOTMMvC3WQ5YQRAF_0077.wav,bonafide,hi-en,850754,mucs2021,none,clean,eval,0.9995792508125305
${DATA_ROOT}/interim/rvc_gate/bonafide_source/903756_K3X6AGezGWAoDe1q_0086.wav,bonafide,hi-en,903756,mucs2021,none,clean,eval,0.9996101260185242
${DATA_ROOT}/interim/rvc_gate/bonafide_source/996368_n4ACC4gnqW0IM1wW_0073.wav,bonafide,hi-en,996368,mucs2021,none,clean,eval,0.9995208978652954
${DATA_ROOT}/interim/rvc_gate/bonafide_source/106718_vE1rhq3ojNKZvQNv_0083.wav,bonafide,hi-en,106718,mucs2021,none,clean,eval,0.9997549653053284
${DATA_ROOT}/interim/rvc_gate/bonafide_source/142970_DP5j8CLDeL6HHHSX_0085.wav,bonafide,hi-en,142970,mucs2021,none,clean,eval,0.9992407560348511
${DATA_ROOT}/interim/rvc_gate/bonafide_source/177570_jSNK2zDaIvyZsMZp_0084.wav,bonafide,hi-en,177570,mucs2021,none,clean,eval,0.9968839287757874
${DATA_ROOT}/interim/rvc_gate/bonafide_source/186783_LFpbaXkb8HuQ6DnF_0013.wav,bonafide,hi-en,186783,mucs2021,none,clean,eval,0.9996034502983093
${DATA_ROOT}/interim/rvc_gate/bonafide_source/322882_XTscbPr78nzuHhuu_0079.wav,bonafide,hi-en,322882,mucs2021,none,clean,eval,0.9996343851089478
${DATA_ROOT}/interim/rvc_gate/bonafide_source/445718_H6Z2BkcyVtiuiN7A_0083.wav,bonafide,hi-en,445718,mucs2021,none,clean,eval,0.9995425939559937
${DATA_ROOT}/interim/rvc_gate/bonafide_source/457295_WgzliDtK6Htff0g2_0086.wav,bonafide,hi-en,457295,mucs2021,none,clean,eval,0.9994124174118042
${DATA_ROOT}/interim/rvc_gate/bonafide_source/539354_C3MtnFEDrRkWHSvJ_0077.wav,bonafide,hi-en,539354,mucs2021,none,clean,eval,0.9993671774864197
${DATA_ROOT}/interim/rvc_gate/bonafide_source/541304_cyhxRWI0LoKYZvcw_0077.wav,bonafide,hi-en,541304,mucs2021,none,clean,eval,0.999923586845398
${DATA_ROOT}/interim/rvc_gate/bonafide_source/584991_1ijxO93RTIJh2Rzv_0075.wav,bonafide,hi-en,584991,mucs2021,none,clean,eval,0.9997895359992981
${DATA_ROOT}/interim/rvc_gate/bonafide_source/634568_jCgweujQVV5haVF1_0083.wav,bonafide,hi-en,634568,mucs2021,none,clean,eval,0.999772846698761
${DATA_ROOT}/interim/rvc_gate/bonafide_source/705494_fZcxLszRnIHxmVQp_0078.wav,bonafide,hi-en,705494,mucs2021,none,clean,eval,0.9997544884681702
${DATA_ROOT}/interim/rvc_gate/bonafide_source/850754_wOTMMvC3WQ5YQRAF_0078.wav,bonafide,hi-en,850754,mucs2021,none,clean,eval,0.9997056126594543
${DATA_ROOT}/interim/rvc_gate/bonafide_source/903756_K3X6AGezGWAoDe1q_0087.wav,bonafide,hi-en,903756,mucs2021,none,clean,eval,0.9996806383132935
${DATA_ROOT}/interim/rvc_gate/bonafide_source/975912_1eNS3GaW1oHHurL4_0019.wav,bonafide,hi-en,975912,mucs2021,none,clean,eval,0.9981516003608704
${DATA_ROOT}/interim/rvc_gate/bonafide_source/996368_n4ACC4gnqW0IM1wW_0074.wav,bonafide,hi-en,996368,mucs2021,none,clean,eval,0.9997063279151917
${DATA_ROOT}/interim/rvc_gate/bonafide_source/106718_vE1rhq3ojNKZvQNv_0084.wav,bonafide,hi-en,106718,mucs2021,none,clean,eval,0.9997628331184387
${DATA_ROOT}/interim/rvc_gate/bonafide_source/142970_DP5j8CLDeL6HHHSX_0086.wav,bonafide,hi-en,142970,mucs2021,none,clean,eval,0.9994809031486511
${DATA_ROOT}/interim/rvc_gate/bonafide_source/177570_jSNK2zDaIvyZsMZp_0085.wav,bonafide,hi-en,177570,mucs2021,none,clean,eval,0.9995506405830383
${DATA_ROOT}/interim/rvc_gate/bonafide_source/106718_vE1rhq3ojNKZvQNv_0087.wav,bonafide,hi-en,106718,mucs2021,none,clean,eval,0.9996135830879211
${DATA_ROOT}/interim/rvc_gate/bonafide_source/142970_DP5j8CLDeL6HHHSX_0088.wav,bonafide,hi-en,142970,mucs2021,none,clean,eval,0.9992628693580627
${DATA_ROOT}/interim/rvc_gate/bonafide_source/177570_jSNK2zDaIvyZsMZp_0088.wav,bonafide,hi-en,177570,mucs2021,none,clean,eval,0.9992278814315796
${DATA_ROOT}/interim/rvc_gate/bonafide_source/322882_XTscbPr78nzuHhuu_0082.wav,bonafide,hi-en,322882,mucs2021,none,clean,eval,0.9997579455375671
${DATA_ROOT}/interim/rvc_gate/bonafide_source/413057_aKSsdMqkPfUWyYeS_0006.wav,bonafide,hi-en,413057,mucs2021,none,clean,eval,0.9997090697288513
${DATA_ROOT}/interim/rvc_gate/bonafide_source/445718_H6Z2BkcyVtiuiN7A_0086.wav,bonafide,hi-en,445718,mucs2021,none,clean,eval,0.9997381567955017
${DATA_ROOT}/interim/rvc_gate/bonafide_source/457295_WgzliDtK6Htff0g2_0090.wav,bonafide,hi-en,457295,mucs2021,none,clean,eval,0.9997074007987976
${DATA_ROOT}/interim/rvc_gate/bonafide_source/541304_cyhxRWI0LoKYZvcw_0080.wav,bonafide,hi-en,541304,mucs2021,none,clean,eval,0.9998040795326233
${DATA_ROOT}/interim/rvc_gate/bonafide_source/584991_1ijxO93RTIJh2Rzv_0078.wav,bonafide,hi-en,584991,mucs2021,none,clean,eval,0.9996681213378906
${DATA_ROOT}/interim/rvc_gate/bonafide_source/634568_jCgweujQVV5haVF1_0086.wav,bonafide,hi-en,634568,mucs2021,none,clean,eval,0.9997227787971497
${DATA_ROOT}/interim/rvc_gate/bonafide_source/797767_TRInoJRJxAX3qv5C_0006.wav,bonafide,hi-en,797767,mucs2021,none,clean,eval,0.9997556805610657
${DATA_ROOT}/interim/rvc_gate/bonafide_source/850754_wOTMMvC3WQ5YQRAF_0081.wav,bonafide,hi-en,850754,mucs2021,none,clean,eval,0.999284565448761
${DATA_ROOT}/interim/rvc_gate/bonafide_source/876898_RyQSvr4r4iAMTYXq_0080.wav,bonafide,hi-en,876898,mucs2021,none,clean,eval,0.9994872808456421
${DATA_ROOT}/interim/rvc_gate/bonafide_source/893273_8xh3ZKpPy5YhAnKX_0022.wav,bonafide,hi-en,893273,mucs2021,none,clean,eval,0.9995279312133789
${DATA_ROOT}/interim/rvc_gate/bonafide_source/903756_K3X6AGezGWAoDe1q_0090.wav,bonafide,hi-en,903756,mucs2021,none,clean,eval,0.999855637550354
${DATA_ROOT}/interim/rvc_gate/bonafide_source/912184_V11NDc0lxudGbWQU_0006.wav,bonafide,hi-en,912184,mucs2021,none,clean,eval,0.999546229839325
${DATA_ROOT}/interim/rvc_gate/bonafide_source/987461_LSRBJiHdUoHm4BTI_0028.wav,bonafide,hi-en,987461,mucs2021,none,clean,eval,0.9996927976608276
${DATA_ROOT}/interim/rvc_gate/bonafide_source/996368_n4ACC4gnqW0IM1wW_0077.wav,bonafide,hi-en,996368,mucs2021,none,clean,eval,0.9996145963668823
${DATA_ROOT}/interim/rvc_gate/bonafide_source/106718_vE1rhq3ojNKZvQNv_0088.wav,bonafide,hi-en,106718,mucs2021,none,clean,eval,0.9995653033256531
${DATA_ROOT}/interim/rvc_gate/bonafide_source/142970_DP5j8CLDeL6HHHSX_0089.wav,bonafide,hi-en,142970,mucs2021,none,clean,eval,0.9998331069946289
${DATA_ROOT}/interim/rvc_gate/bonafide_source/177570_jSNK2zDaIvyZsMZp_0089.wav,bonafide,hi-en,177570,mucs2021,none,clean,eval,0.9992843270301819
${DATA_ROOT}/interim/rvc_gate/bonafide_source/322882_XTscbPr78nzuHhuu_0085.wav,bonafide,hi-en,322882,mucs2021,none,clean,eval,0.999539852142334
${DATA_ROOT}/interim/rvc_gate/bonafide_source/445718_H6Z2BkcyVtiuiN7A_0087.wav,bonafide,hi-en,445718,mucs2021,none,clean,eval,0.9998345375061035
${DATA_ROOT}/interim/rvc_gate/bonafide_source/457295_WgzliDtK6Htff0g2_0091.wav,bonafide,hi-en,457295,mucs2021,none,clean,eval,0.9995904564857483
${DATA_ROOT}/interim/rvc_gate/bonafide_source/541304_cyhxRWI0LoKYZvcw_0081.wav,bonafide,hi-en,541304,mucs2021,none,clean,eval,0.9997664093971252
${DATA_ROOT}/interim/rvc_gate/bonafide_source/584991_1ijxO93RTIJh2Rzv_0079.wav,bonafide,hi-en,584991,mucs2021,none,clean,eval,0.9996204376220703
${DATA_ROOT}/interim/rvc_gate/bonafide_source/634568_jCgweujQVV5haVF1_0087.wav,bonafide,hi-en,634568,mucs2021,none,clean,eval,0.9996660947799683
${DATA_ROOT}/interim/rvc_gate/bonafide_source/850754_wOTMMvC3WQ5YQRAF_0082.wav,bonafide,hi-en,850754,mucs2021,none,clean,eval,0.9995391368865967
${DATA_ROOT}/interim/rvc_gate/bonafide_source/876898_RyQSvr4r4iAMTYXq_0081.wav,bonafide,hi-en,876898,mucs2021,none,clean,eval,0.9990202188491821
${DATA_ROOT}/interim/rvc_gate/bonafide_source/893273_8xh3ZKpPy5YhAnKX_0024.wav,bonafide,hi-en,893273,mucs2021,none,clean,eval,0.9996458292007446
${DATA_ROOT}/interim/rvc_gate/bonafide_source/903756_K3X6AGezGWAoDe1q_0091.wav,bonafide,hi-en,903756,mucs2021,none,clean,eval,0.9995896220207214
${DATA_ROOT}/interim/rvc_gate/bonafide_source/987461_LSRBJiHdUoHm4BTI_0029.wav,bonafide,hi-en,987461,mucs2021,none,clean,eval,0.9997047781944275
${DATA_ROOT}/interim/rvc_gate/bonafide_source/996368_n4ACC4gnqW0IM1wW_0078.wav,bonafide,hi-en,996368,mucs2021,none,clean,eval,0.9997552037239075
${DATA_ROOT}/interim/rvc_gate/bonafide_source/106718_vE1rhq3ojNKZvQNv_0089.wav,bonafide,hi-en,106718,mucs2021,none,clean,eval,0.9997254014015198
${DATA_ROOT}/interim/rvc_gate/bonafide_source/142970_DP5j8CLDeL6HHHSX_0090.wav,bonafide,hi-en,142970,mucs2021,none,clean,eval,0.9995112419128418
${DATA_ROOT}/interim/rvc_gate/bonafide_source/177570_jSNK2zDaIvyZsMZp_0090.wav,bonafide,hi-en,177570,mucs2021,none,clean,eval,0.9995670914649963
${DATA_ROOT}/interim/rvc_gate/bonafide_source/322882_XTscbPr78nzuHhuu_0087.wav,bonafide,hi-en,322882,mucs2021,none,clean,eval,0.9996569156646729
${DATA_ROOT}/interim/rvc_gate/bonafide_source/445718_H6Z2BkcyVtiuiN7A_0088.wav,bonafide,hi-en,445718,mucs2021,none,clean,eval,0.9997478127479553
${DATA_ROOT}/interim/rvc_gate/bonafide_source/457295_WgzliDtK6Htff0g2_0092.wav,bonafide,hi-en,457295,mucs2021,none,clean,eval,0.9997662901878357
${DATA_ROOT}/interim/rvc_gate/bonafide_source/584991_1ijxO93RTIJh2Rzv_0080.wav,bonafide,hi-en,584991,mucs2021,none,clean,eval,0.9994520545005798
${DATA_ROOT}/interim/rvc_gate/bonafide_source/634568_jCgweujQVV5haVF1_0088.wav,bonafide,hi-en,634568,mucs2021,none,clean,eval,0.999674916267395
${DATA_ROOT}/interim/rvc_gate/bonafide_source/850754_wOTMMvC3WQ5YQRAF_0083.wav,bonafide,hi-en,850754,mucs2021,none,clean,eval,0.9993903636932373
${DATA_ROOT}/interim/rvc_gate/bonafide_source/876898_RyQSvr4r4iAMTYXq_0082.wav,bonafide,hi-en,876898,mucs2021,none,clean,eval,0.9996464252471924
${DATA_ROOT}/interim/rvc_gate/bonafide_source/903756_K3X6AGezGWAoDe1q_0092.wav,bonafide,hi-en,903756,mucs2021,none,clean,eval,0.9998070597648621
${DATA_ROOT}/interim/rvc_gate/bonafide_source/996368_n4ACC4gnqW0IM1wW_0079.wav,bonafide,hi-en,996368,mucs2021,none,clean,eval,0.9996500015258789
${DATA_ROOT}/interim/rvc_gate/bonafide_source/106718_vE1rhq3ojNKZvQNv_0090.wav,bonafide,hi-en,106718,mucs2021,none,clean,eval,0.9993744492530823
${DATA_ROOT}/interim/rvc_gate/bonafide_source/142970_DP5j8CLDeL6HHHSX_0091.wav,bonafide,hi-en,142970,mucs2021,none,clean,eval,0.9997273087501526
${DATA_ROOT}/interim/rvc_gate/bonafide_source/177570_jSNK2zDaIvyZsMZp_0091.wav,bonafide,hi-en,177570,mucs2021,none,clean,eval,0.9996538162231445
${DATA_ROOT}/interim/rvc_gate/bonafide_source/322882_XTscbPr78nzuHhuu_0088.wav,bonafide,hi-en,322882,mucs2021,none,clean,eval,0.9997342228889465
${DATA_ROOT}/interim/rvc_gate/bonafide_source/445718_H6Z2BkcyVtiuiN7A_0089.wav,bonafide,hi-en,445718,mucs2021,none,clean,eval,0.9996275901794434
${DATA_ROOT}/interim/rvc_gate/bonafide_source/457295_WgzliDtK6Htff0g2_0093.wav,bonafide,hi-en,457295,mucs2021,none,clean,eval,0.999757707118988
${DATA_ROOT}/interim/rvc_gate/bonafide_source/584991_1ijxO93RTIJh2Rzv_0081.wav,bonafide,hi-en,584991,mucs2021,none,clean,eval,0.9997472167015076
${DATA_ROOT}/interim/rvc_gate/bonafide_source/634568_jCgweujQVV5haVF1_0089.wav,bonafide,hi-en,634568,mucs2021,none,clean,eval,0.9997227787971497
${DATA_ROOT}/interim/rvc_gate/bonafide_source/850754_wOTMMvC3WQ5YQRAF_0084.wav,bonafide,hi-en,850754,mucs2021,none,clean,eval,0.999849796295166
${DATA_ROOT}/interim/rvc_gate/bonafide_source/876898_RyQSvr4r4iAMTYXq_0084.wav,bonafide,hi-en,876898,mucs2021,none,clean,eval,0.9997007846832275
${DATA_ROOT}/interim/rvc_gate/bonafide_source/903756_K3X6AGezGWAoDe1q_0093.wav,bonafide,hi-en,903756,mucs2021,none,clean,eval,0.9996610879898071
${DATA_ROOT}/interim/rvc_gate/bonafide_source/996368_n4ACC4gnqW0IM1wW_0080.wav,bonafide,hi-en,996368,mucs2021,none,clean,eval,0.9996994733810425
${DATA_ROOT}/interim/rvc_gate/bonafide_source/106718_vE1rhq3ojNKZvQNv_0091.wav,bonafide,hi-en,106718,mucs2021,none,clean,eval,0.99959796667099
${DATA_ROOT}/interim/rvc_gate/bonafide_source/142970_DP5j8CLDeL6HHHSX_0092.wav,bonafide,hi-en,142970,mucs2021,none,clean,eval,0.9991961121559143
${DATA_ROOT}/interim/rvc_gate/bonafide_source/177570_jSNK2zDaIvyZsMZp_0094.wav,bonafide,hi-en,177570,mucs2021,none,clean,eval,0.9995438456535339
${DATA_ROOT}/interim/rvc_gate/bonafide_source/186783_LFpbaXkb8HuQ6DnF_0022.wav,bonafide,hi-en,186783,mucs2021,none,clean,eval,0.9998552799224854
${DATA_ROOT}/interim/rvc_gate/bonafide_source/322882_XTscbPr78nzuHhuu_0089.wav,bonafide,hi-en,322882,mucs2021,none,clean,eval,0.9996280670166016
${DATA_ROOT}/interim/rvc_gate/bonafide_source/445718_H6Z2BkcyVtiuiN7A_0090.wav,bonafide,hi-en,445718,mucs2021,none,clean,eval,0.999652624130249
${DATA_ROOT}/interim/rvc_gate/bonafide_source/457295_WgzliDtK6Htff0g2_0094.wav,bonafide,hi-en,457295,mucs2021,none,clean,eval,0.9996881484985352
${DATA_ROOT}/interim/rvc_gate/bonafide_source/584991_1ijxO93RTIJh2Rzv_0082.wav,bonafide,hi-en,584991,mucs2021,none,clean,eval,0.9989959597587585
${DATA_ROOT}/interim/rvc_gate/bonafide_source/634568_jCgweujQVV5haVF1_0090.wav,bonafide,hi-en,634568,mucs2021,none,clean,eval,0.9996531009674072
${DATA_ROOT}/interim/rvc_gate/bonafide_source/705494_fZcxLszRnIHxmVQp_0005.wav,bonafide,hi-en,705494,mucs2021,none,clean,eval,0.9996380805969238
${DATA_ROOT}/interim/rvc_gate/bonafide_source/850754_wOTMMvC3WQ5YQRAF_0085.wav,bonafide,hi-en,850754,mucs2021,none,clean,eval,0.9998677968978882
${DATA_ROOT}/interim/rvc_gate/bonafide_source/876898_RyQSvr4r4iAMTYXq_0085.wav,bonafide,hi-en,876898,mucs2021,none,clean,eval,0.9994004964828491
${DATA_ROOT}/interim/rvc_gate/bonafide_source/903756_K3X6AGezGWAoDe1q_0096.wav,bonafide,hi-en,903756,mucs2021,none,clean,eval,0.999677300453186
${DATA_ROOT}/interim/rvc_gate/bonafide_source/975912_1eNS3GaW1oHHurL4_0026.wav,bonafide,hi-en,975912,mucs2021,none,clean,eval,0.9996670484542847
${DATA_ROOT}/interim/rvc_gate/bonafide_source/996368_n4ACC4gnqW0IM1wW_0081.wav,bonafide,hi-en,996368,mucs2021,none,clean,eval,0.999758780002594
${DATA_ROOT}/interim/rvc_gate/bonafide_source/106718_vE1rhq3ojNKZvQNv_0092.wav,bonafide,hi-en,106718,mucs2021,none,clean,eval,0.9998005032539368
${DATA_ROOT}/interim/rvc_gate/bonafide_source/142970_DP5j8CLDeL6HHHSX_0093.wav,bonafide,hi-en,142970,mucs2021,none,clean,eval,0.9991268515586853
${DATA_ROOT}/interim/rvc_gate/bonafide_source/177570_jSNK2zDaIvyZsMZp_0095.wav,bonafide,hi-en,177570,mucs2021,none,clean,eval,0.9994643330574036
${DATA_ROOT}/rvc_cm02/rvc_converted_wavs/rvc_outputs/rvc_445718_00001.wav,spoof,hi-en,445718,cm02,rvc,clean,eval,0.9992256164550781
${DATA_ROOT}/rvc_cm02/rvc_converted_wavs/rvc_outputs/rvc_445718_00002.wav,spoof,hi-en,445718,cm02,rvc,clean,eval,0.9995207786560059
${DATA_ROOT}/rvc_cm02/rvc_converted_wavs/rvc_outputs/rvc_445718_00003.wav,spoof,hi-en,445718,cm02,rvc,clean,eval,0.9990712404251099
${DATA_ROOT}/rvc_cm02/rvc_converted_wavs/rvc_outputs/rvc_445718_00005.wav,spoof,hi-en,445718,cm02,rvc,clean,eval,0.9980372786521912
${DATA_ROOT}/rvc_cm02/rvc_converted_wavs/rvc_outputs/rvc_445718_00006.wav,spoof,hi-en,445718,cm02,rvc,clean,eval,0.9997496008872986
${DATA_ROOT}/rvc_cm02/rvc_converted_wavs/rvc_outputs/rvc_445718_00007.wav,spoof,hi-en,445718,cm02,rvc,clean,eval,0.9994944334030151
${DATA_ROOT}/rvc_cm02/rvc_converted_wavs/rvc_outputs/rvc_445718_00008.wav,spoof,hi-en,445718,cm02,rvc,clean,eval,0.9996169805526733
${DATA_ROOT}/rvc_cm02/rvc_converted_wavs/rvc_outputs/rvc_445718_00009.wav,spoof,hi-en,445718,cm02,rvc,clean,eval,0.9997361302375793
${DATA_ROOT}/rvc_cm02/rvc_converted_wavs/rvc_outputs/rvc_445718_00010.wav,spoof,hi-en,445718,cm02,rvc,clean,eval,0.998195230960846
${DATA_ROOT}/rvc_cm02/rvc_converted_wavs/rvc_outputs/rvc_445718_00011.wav,spoof,hi-en,445718,cm02,rvc,clean,eval,0.999834418296814
${DATA_ROOT}/rvc_cm02/rvc_converted_wavs/rvc_outputs/rvc_445718_00012.wav,spoof,hi-en,445718,cm02,rvc,clean,eval,0.9995782971382141
${DATA_ROOT}/rvc_cm02/rvc_converted_wavs/rvc_outputs/rvc_445718_00013.wav,spoof,hi-en,445718,cm02,rvc,clean,eval,0.9997251629829407
${DATA_ROOT}/rvc_cm02/rvc_converted_wavs/rvc_outputs/rvc_445718_00014.wav,spoof,hi-en,445718,cm02,rvc,clean,eval,0.9997432827949524
${DATA_ROOT}/rvc_cm02/rvc_converted_wavs/rvc_outputs/rvc_445718_00015.wav,spoof,hi-en,445718,cm02,rvc,clean,eval,0.9994630217552185
${DATA_ROOT}/rvc_cm02/rvc_converted_wavs/rvc_outputs/rvc_445718_00016.wav,spoof,hi-en,445718,cm02,rvc,clean,eval,0.9990832805633545
${DATA_ROOT}/rvc_cm02/rvc_converted_wavs/rvc_outputs/rvc_445718_00017.wav,spoof,hi-en,445718,cm02,rvc,clean,eval,0.999653697013855
${DATA_ROOT}/rvc_cm02/rvc_converted_wavs/rvc_outputs/rvc_445718_00018.wav,spoof,hi-en,445718,cm02,rvc,clean,eval,0.9993287324905396
${DATA_ROOT}/rvc_cm02/rvc_converted_wavs/rvc_outputs/rvc_445718_00019.wav,spoof,hi-en,445718,cm02,rvc,clean,eval,0.9993436932563782
${DATA_ROOT}/rvc_cm02/rvc_converted_wavs/rvc_outputs/rvc_445718_00020.wav,spoof,hi-en,445718,cm02,rvc,clean,eval,0.9996562004089355
${DATA_ROOT}/rvc_cm02/rvc_converted_wavs/rvc_outputs/rvc_445718_00021.wav,spoof,hi-en,445718,cm02,rvc,clean,eval,0.9994204044342041
${DATA_ROOT}/rvc_cm02/rvc_converted_wavs/rvc_outputs/rvc_445718_00022.wav,spoof,hi-en,445718,cm02,rvc,clean,eval,0.9998469352722168
${DATA_ROOT}/rvc_cm02/rvc_converted_wavs/rvc_outputs/rvc_445718_00023.wav,spoof,hi-en,445718,cm02,rvc,clean,eval,0.9995909333229065
${DATA_ROOT}/rvc_cm02/rvc_converted_wavs/rvc_outputs/rvc_445718_00024.wav,spoof,hi-en,445718,cm02,rvc,clean,eval,0.003016949398443103
${DATA_ROOT}/rvc_cm02/rvc_converted_wavs/rvc_outputs/rvc_445718_00025.wav,spoof,hi-en,445718,cm02,rvc,clean,eval,0.9992185831069946
${DATA_ROOT}/rvc_cm02/rvc_converted_wavs/rvc_outputs/rvc_445718_00026.wav,spoof,hi-en,445718,cm02,rvc,clean,eval,0.9993115663528442
${DATA_ROOT}/rvc_cm02/rvc_converted_wavs/rvc_outputs/rvc_445718_00027.wav,spoof,hi-en,445718,cm02,rvc,clean,eval,0.9992851614952087
${DATA_ROOT}/rvc_cm02/rvc_converted_wavs/rvc_outputs/rvc_445718_00028.wav,spoof,hi-en,445718,cm02,rvc,clean,eval,0.9991078972816467
${DATA_ROOT}/rvc_cm02/rvc_converted_wavs/rvc_outputs/rvc_445718_00029.wav,spoof,hi-en,445718,cm02,rvc,clean,eval,0.9994029998779297
${DATA_ROOT}/rvc_cm02/rvc_converted_wavs/rvc_outputs/rvc_445718_00030.wav,spoof,hi-en,445718,cm02,rvc,clean,eval,0.999482274055481
${DATA_ROOT}/rvc_cm02/rvc_converted_wavs/rvc_outputs/rvc_445718_00031.wav,spoof,hi-en,445718,cm02,rvc,clean,eval,0.9995405673980713
${DATA_ROOT}/rvc_cm02/rvc_converted_wavs/rvc_outputs/rvc_445718_00032.wav,spoof,hi-en,445718,cm02,rvc,clean,eval,0.9996902942657471
${DATA_ROOT}/rvc_cm02/rvc_converted_wavs/rvc_outputs/rvc_445718_00033.wav,spoof,hi-en,445718,cm02,rvc,clean,eval,0.9996145963668823
${DATA_ROOT}/rvc_cm02/rvc_converted_wavs/rvc_outputs/rvc_445718_00034.wav,spoof,hi-en,445718,cm02,rvc,clean,eval,0.9986448884010315
${DATA_ROOT}/rvc_cm02/rvc_converted_wavs/rvc_outputs/rvc_445718_00035.wav,spoof,hi-en,445718,cm02,rvc,clean,eval,0.9986088871955872
${DATA_ROOT}/rvc_cm02/rvc_converted_wavs/rvc_outputs/rvc_445718_00036.wav,spoof,hi-en,445718,cm02,rvc,clean,eval,0.9995371103286743
${DATA_ROOT}/rvc_cm02/rvc_converted_wavs/rvc_outputs/rvc_445718_00037.wav,spoof,hi-en,445718,cm02,rvc,clean,eval,0.9996544122695923
${DATA_ROOT}/rvc_cm02/rvc_converted_wavs/rvc_outputs/rvc_445718_00038.wav,spoof,hi-en,445718,cm02,rvc,clean,eval,0.999479353427887
${DATA_ROOT}/rvc_cm02/rvc_converted_wavs/rvc_outputs/rvc_445718_00039.wav,spoof,hi-en,445718,cm02,rvc,clean,eval,0.999256432056427
${DATA_ROOT}/rvc_cm02/rvc_converted_wavs/rvc_outputs/rvc_445718_00040.wav,spoof,hi-en,445718,cm02,rvc,clean,eval,0.999677300453186
${DATA_ROOT}/rvc_cm02/rvc_converted_wavs/rvc_outputs/rvc_445718_00041.wav,spoof,hi-en,445718,cm02,rvc,clean,eval,0.9995571970939636
${DATA_ROOT}/rvc_cm02/rvc_converted_wavs/rvc_outputs/rvc_445718_00042.wav,spoof,hi-en,445718,cm02,rvc,clean,eval,0.9992337226867676
${DATA_ROOT}/rvc_cm02/rvc_converted_wavs/rvc_outputs/rvc_445718_00043.wav,spoof,hi-en,445718,cm02,rvc,clean,eval,0.9997326731681824
${DATA_ROOT}/rvc_cm02/rvc_converted_wavs/rvc_outputs/rvc_445718_00044.wav,spoof,hi-en,445718,cm02,rvc,clean,eval,0.9993820190429688
${DATA_ROOT}/rvc_cm02/rvc_converted_wavs/rvc_outputs/rvc_445718_00045.wav,spoof,hi-en,445718,cm02,rvc,clean,eval,0.999528169631958
${DATA_ROOT}/rvc_cm02/rvc_converted_wavs/rvc_outputs/rvc_445718_00046.wav,spoof,hi-en,445718,cm02,rvc,clean,eval,0.9974831938743591
${DATA_ROOT}/rvc_cm02/rvc_converted_wavs/rvc_outputs/rvc_445718_00047.wav,spoof,hi-en,445718,cm02,rvc,clean,eval,0.9993419051170349
${DATA_ROOT}/rvc_cm02/rvc_converted_wavs/rvc_outputs/rvc_445718_00048.wav,spoof,hi-en,445718,cm02,rvc,clean,eval,0.9986587762832642
${DATA_ROOT}/rvc_cm02/rvc_converted_wavs/rvc_outputs/rvc_445718_00049.wav,spoof,hi-en,445718,cm02,rvc,clean,eval,0.9983068704605103
${DATA_ROOT}/rvc_cm02/rvc_converted_wavs/rvc_outputs/rvc_445718_00050.wav,spoof,hi-en,445718,cm02,rvc,clean,eval,0.9994279742240906
${DATA_ROOT}/rvc_cm02/rvc_converted_wavs/rvc_outputs/rvc_445718_00051.wav,spoof,hi-en,445718,cm02,rvc,clean,eval,0.9990381002426147
${DATA_ROOT}/rvc_cm02/rvc_converted_wavs/rvc_outputs/rvc_445718_00052.wav,spoof,hi-en,445718,cm02,rvc,clean,eval,0.9995972514152527
${DATA_ROOT}/rvc_cm02/rvc_converted_wavs/rvc_outputs/rvc_445718_00053.wav,spoof,hi-en,445718,cm02,rvc,clean,eval,0.9995998740196228
${DATA_ROOT}/rvc_cm02/rvc_converted_wavs/rvc_outputs/rvc_445718_00054.wav,spoof,hi-en,445718,cm02,rvc,clean,eval,0.9995265007019043
${DATA_ROOT}/rvc_cm02/rvc_converted_wavs/rvc_outputs/rvc_445718_00055.wav,spoof,hi-en,445718,cm02,rvc,clean,eval,0.9995344877243042
${DATA_ROOT}/rvc_cm02/rvc_converted_wavs/rvc_outputs/rvc_445718_00056.wav,spoof,hi-en,445718,cm02,rvc,clean,eval,0.9995301961898804
${DATA_ROOT}/rvc_cm02/rvc_converted_wavs/rvc_outputs/rvc_445718_00057.wav,spoof,hi-en,445718,cm02,rvc,clean,eval,0.9994853734970093
${DATA_ROOT}/rvc_cm02/rvc_converted_wavs/rvc_outputs/rvc_445718_00058.wav,spoof,hi-en,445718,cm02,rvc,clean,eval,0.999140739440918
${DATA_ROOT}/rvc_cm02/rvc_converted_wavs/rvc_outputs/rvc_445718_00059.wav,spoof,hi-en,445718,cm02,rvc,clean,eval,0.9996976852416992
${DATA_ROOT}/rvc_cm02/rvc_converted_wavs/rvc_outputs/rvc_445718_00060.wav,spoof,hi-en,445718,cm02,rvc,clean,eval,0.9996640682220459
${DATA_ROOT}/rvc_cm02/rvc_converted_wavs/rvc_outputs/rvc_445718_00061.wav,spoof,hi-en,445718,cm02,rvc,clean,eval,0.9989398121833801
${DATA_ROOT}/rvc_cm02/rvc_converted_wavs/rvc_outputs/rvc_445718_00062.wav,spoof,hi-en,445718,cm02,rvc,clean,eval,0.9996511936187744
${DATA_ROOT}/rvc_cm02/rvc_converted_wavs/rvc_outputs/rvc_445718_00063.wav,spoof,hi-en,445718,cm02,rvc,clean,eval,0.9995986819267273
${DATA_ROOT}/rvc_cm02/rvc_converted_wavs/rvc_outputs/rvc_445718_00064.wav,spoof,hi-en,445718,cm02,rvc,clean,eval,0.9994747042655945
${DATA_ROOT}/rvc_cm02/rvc_converted_wavs/rvc_outputs/rvc_445718_00065.wav,spoof,hi-en,445718,cm02,rvc,clean,eval,0.9997573494911194
${DATA_ROOT}/rvc_cm02/rvc_converted_wavs/rvc_outputs/rvc_445718_00066.wav,spoof,hi-en,445718,cm02,rvc,clean,eval,0.999640941619873
${DATA_ROOT}/rvc_cm02/rvc_converted_wavs/rvc_outputs/rvc_445718_00067.wav,spoof,hi-en,445718,cm02,rvc,clean,eval,0.9994633793830872
${DATA_ROOT}/rvc_cm02/rvc_converted_wavs/rvc_outputs/rvc_445718_00068.wav,spoof,hi-en,445718,cm02,rvc,clean,eval,0.9996265172958374
${DATA_ROOT}/rvc_cm02/rvc_converted_wavs/rvc_outputs/rvc_445718_00070.wav,spoof,hi-en,445718,cm02,rvc,clean,eval,0.999721109867096
${DATA_ROOT}/rvc_cm02/rvc_converted_wavs/rvc_outputs/rvc_445718_00071.wav,spoof,hi-en,445718,cm02,rvc,clean,eval,0.9994866847991943
${DATA_ROOT}/rvc_cm02/rvc_converted_wavs/rvc_outputs/rvc_445718_00072.wav,spoof,hi-en,445718,cm02,rvc,clean,eval,0.9992167949676514
${DATA_ROOT}/rvc_cm02/rvc_converted_wavs/rvc_outputs/rvc_445718_00073.wav,spoof,hi-en,445718,cm02,rvc,clean,eval,0.9992522597312927
${DATA_ROOT}/rvc_cm02/rvc_converted_wavs/rvc_outputs/rvc_445718_00074.wav,spoof,hi-en,445718,cm02,rvc,clean,eval,0.999363362789154
${DATA_ROOT}/rvc_cm02/rvc_converted_wavs/rvc_outputs/rvc_445718_00075.wav,spoof,hi-en,445718,cm02,rvc,clean,eval,0.9990471005439758
${DATA_ROOT}/rvc_cm02/rvc_converted_wavs/rvc_outputs/rvc_445718_00076.wav,spoof,hi-en,445718,cm02,rvc,clean,eval,0.9996935129165649
${DATA_ROOT}/rvc_cm02/rvc_converted_wavs/rvc_outputs/rvc_445718_00077.wav,spoof,hi-en,445718,cm02,rvc,clean,eval,0.9996252059936523
${DATA_ROOT}/rvc_cm02/rvc_converted_wavs/rvc_outputs/rvc_445718_00078.wav,spoof,hi-en,445718,cm02,rvc,clean,eval,0.9993343949317932
${DATA_ROOT}/rvc_cm02/rvc_converted_wavs/rvc_outputs/rvc_445718_00079.wav,spoof,hi-en,445718,cm02,rvc,clean,eval,0.999646782875061
${DATA_ROOT}/rvc_cm02/rvc_converted_wavs/rvc_outputs/rvc_445718_00080.wav,spoof,hi-en,445718,cm02,rvc,clean,eval,0.9996756315231323
${DATA_ROOT}/rvc_cm02/rvc_converted_wavs/rvc_outputs/rvc_445718_00081.wav,spoof,hi-en,445718,cm02,rvc,clean,eval,0.999051034450531
${DATA_ROOT}/rvc_cm02/rvc_converted_wavs/rvc_outputs/rvc_445718_00083.wav,spoof,hi-en,445718,cm02,rvc,clean,eval,0.9996172189712524
${DATA_ROOT}/rvc_cm02/rvc_converted_wavs/rvc_outputs/rvc_445718_00084.wav,spoof,hi-en,445718,cm02,rvc,clean,eval,0.9990711212158203
${DATA_ROOT}/rvc_cm02/rvc_converted_wavs/rvc_outputs/rvc_445718_00085.wav,spoof,hi-en,445718,cm02,rvc,clean,eval,0.9994133710861206
${DATA_ROOT}/rvc_cm02/rvc_converted_wavs/rvc_outputs/rvc_445718_00086.wav,spoof,hi-en,445718,cm02,rvc,clean,eval,0.9996541738510132
${DATA_ROOT}/rvc_cm02/rvc_converted_wavs/rvc_outputs/rvc_445718_00087.wav,spoof,hi-en,445718,cm02,rvc,clean,eval,0.999656081199646
${DATA_ROOT}/rvc_cm02/rvc_converted_wavs/rvc_outputs/rvc_445718_00088.wav,spoof,hi-en,445718,cm02,rvc,clean,eval,0.9994940757751465
${DATA_ROOT}/rvc_cm02/rvc_converted_wavs/rvc_outputs/rvc_445718_00089.wav,spoof,hi-en,445718,cm02,rvc,clean,eval,0.9993107318878174
${DATA_ROOT}/rvc_cm02/rvc_converted_wavs/rvc_outputs/rvc_445718_00090.wav,spoof,hi-en,445718,cm02,rvc,clean,eval,0.9993170499801636
${DATA_ROOT}/rvc_cm02/rvc_converted_wavs/rvc_outputs/rvc_445718_00091.wav,spoof,hi-en,445718,cm02,rvc,clean,eval,0.9994449019432068
${DATA_ROOT}/rvc_cm02/rvc_converted_wavs/rvc_outputs/rvc_445718_00092.wav,spoof,hi-en,445718,cm02,rvc,clean,eval,0.9994288086891174
${DATA_ROOT}/rvc_cm02/rvc_converted_wavs/rvc_outputs/rvc_445718_00093.wav,spoof,hi-en,445718,cm02,rvc,clean,eval,0.9991205334663391
${DATA_ROOT}/rvc_cm02/rvc_converted_wavs/rvc_outputs/rvc_445718_00094.wav,spoof,hi-en,445718,cm02,rvc,clean,eval,0.9996675252914429
${DATA_ROOT}/rvc_cm02/rvc_converted_wavs/rvc_outputs/rvc_445718_00095.wav,spoof,hi-en,445718,cm02,rvc,clean,eval,0.9991043210029602
${DATA_ROOT}/rvc_cm02/rvc_converted_wavs/rvc_outputs/rvc_445718_00096.wav,spoof,hi-en,445718,cm02,rvc,clean,eval,0.9947177767753601
${DATA_ROOT}/rvc_cm02/rvc_converted_wavs/rvc_outputs/rvc_445718_00097.wav,spoof,hi-en,445718,cm02,rvc,clean,eval,0.9992534518241882
${DATA_ROOT}/rvc_cm02/rvc_converted_wavs/rvc_outputs/rvc_445718_00098.wav,spoof,hi-en,445718,cm02,rvc,clean,eval,0.9992357492446899
${DATA_ROOT}/rvc_cm02/rvc_converted_wavs/rvc_outputs/rvc_445718_00099.wav,spoof,hi-en,445718,cm02,rvc,clean,eval,0.9993705153465271
${DATA_ROOT}/rvc_cm02/rvc_converted_wavs/rvc_outputs/rvc_445718_00100.wav,spoof,hi-en,445718,cm02,rvc,clean,eval,0.9996131062507629
${DATA_ROOT}/rvc_cm02/rvc_converted_wavs/rvc_outputs/rvc_445718_00101.wav,spoof,hi-en,445718,cm02,rvc,clean,eval,0.9989424347877502
${DATA_ROOT}/rvc_cm02/rvc_converted_wavs/rvc_outputs/rvc_445718_00102.wav,spoof,hi-en,445718,cm02,rvc,clean,eval,0.9988705515861511
${DATA_ROOT}/rvc_cm02/rvc_converted_wavs/rvc_outputs/rvc_445718_00103.wav,spoof,hi-en,445718,cm02,rvc,clean,eval,0.9996809959411621
${DATA_ROOT}/rvc_cm02/rvc_converted_wavs/rvc_outputs/rvc_445718_00104.wav,spoof,hi-en,445718,cm02,rvc,clean,eval,0.999601423740387
${DATA_ROOT}/rvc_cm02/rvc_converted_wavs/rvc_outputs/rvc_445718_00105.wav,spoof,hi-en,445718,cm02,rvc,clean,eval,0.9992689490318298
${DATA_ROOT}/rvc_cm02/rvc_converted_wavs/rvc_outputs/rvc_445718_00106.wav,spoof,hi-en,445718,cm02,rvc,clean,eval,0.9989011287689209
${DATA_ROOT}/rvc_cm02/rvc_converted_wavs/rvc_outputs/rvc_445718_00107.wav,spoof,hi-en,445718,cm02,rvc,clean,eval,0.9997397065162659
${DATA_ROOT}/rvc_cm02/rvc_converted_wavs/rvc_outputs/rvc_445718_00108.wav,spoof,hi-en,445718,cm02,rvc,clean,eval,0.9991000890731812
${DATA_ROOT}/rvc_cm02/rvc_converted_wavs/rvc_outputs/rvc_445718_00110.wav,spoof,hi-en,445718,cm02,rvc,clean,eval,0.9994568228721619
${DATA_ROOT}/rvc_cm02/rvc_converted_wavs/rvc_outputs/rvc_445718_00111.wav,spoof,hi-en,445718,cm02,rvc,clean,eval,0.999504566192627
${DATA_ROOT}/rvc_cm02/rvc_converted_wavs/rvc_outputs/rvc_445718_00112.wav,spoof,hi-en,445718,cm02,rvc,clean,eval,0.9965478777885437
${DATA_ROOT}/rvc_cm02/rvc_converted_wavs/rvc_outputs/rvc_445718_00113.wav,spoof,hi-en,445718,cm02,rvc,clean,eval,0.9992232322692871
${DATA_ROOT}/rvc_cm02/rvc_converted_wavs/rvc_outputs/rvc_445718_00114.wav,spoof,hi-en,445718,cm02,rvc,clean,eval,0.9993459582328796
${DATA_ROOT}/rvc_cm02/rvc_converted_wavs/rvc_outputs/rvc_445718_00115.wav,spoof,hi-en,445718,cm02,rvc,clean,eval,0.9996916055679321
${DATA_ROOT}/rvc_cm02/rvc_converted_wavs/rvc_outputs/rvc_445718_00116.wav,spoof,hi-en,445718,cm02,rvc,clean,eval,0.9996289014816284
${DATA_ROOT}/rvc_cm02/rvc_converted_wavs/rvc_outputs/rvc_445718_00117.wav,spoof,hi-en,445718,cm02,rvc,clean,eval,0.9995193481445312
${DATA_ROOT}/rvc_cm02/rvc_converted_wavs/rvc_outputs/rvc_445718_00118.wav,spoof,hi-en,445718,cm02,rvc,clean,eval,0.9995064735412598
${DATA_ROOT}/rvc_cm02/rvc_converted_wavs/rvc_outputs/rvc_445718_00120.wav,spoof,hi-en,445718,cm02,rvc,clean,eval,0.998863935470581
${DATA_ROOT}/rvc_cm02/rvc_converted_wavs/rvc_outputs/rvc_445718_00121.wav,spoof,hi-en,445718,cm02,rvc,clean,eval,0.9992052912712097
${DATA_ROOT}/rvc_cm02/rvc_converted_wavs/rvc_outputs/rvc_445718_00122.wav,spoof,hi-en,445718,cm02,rvc,clean,eval,0.9996151924133301
${DATA_ROOT}/rvc_cm02/rvc_converted_wavs/rvc_outputs/rvc_445718_00124.wav,spoof,hi-en,445718,cm02,rvc,clean,eval,0.9994175434112549
${DATA_ROOT}/rvc_cm02/rvc_converted_wavs/rvc_outputs/rvc_445718_00125.wav,spoof,hi-en,445718,cm02,rvc,clean,eval,0.9991673231124878
${DATA_ROOT}/rvc_cm02/rvc_converted_wavs/rvc_outputs/rvc_850754_00126.wav,spoof,hi-en,850754,cm02,rvc,clean,eval,0.1463409662246704
${DATA_ROOT}/rvc_cm02/rvc_converted_wavs/rvc_outputs/rvc_850754_00127.wav,spoof,hi-en,850754,cm02,rvc,clean,eval,0.9995424747467041
${DATA_ROOT}/rvc_cm02/rvc_converted_wavs/rvc_outputs/rvc_850754_00128.wav,spoof,hi-en,850754,cm02,rvc,clean,eval,0.004351130221039057
${DATA_ROOT}/rvc_cm02/rvc_converted_wavs/rvc_outputs/rvc_850754_00129.wav,spoof,hi-en,850754,cm02,rvc,clean,eval,0.9992209672927856
${DATA_ROOT}/rvc_cm02/rvc_converted_wavs/rvc_outputs/rvc_850754_00130.wav,spoof,hi-en,850754,cm02,rvc,clean,eval,0.9997125267982483
${DATA_ROOT}/rvc_cm02/rvc_converted_wavs/rvc_outputs/rvc_850754_00131.wav,spoof,hi-en,850754,cm02,rvc,clean,eval,0.008600231260061264
${DATA_ROOT}/rvc_cm02/rvc_converted_wavs/rvc_outputs/rvc_850754_00132.wav,spoof,hi-en,850754,cm02,rvc,clean,eval,0.9995073080062866
${DATA_ROOT}/rvc_cm02/rvc_converted_wavs/rvc_outputs/rvc_850754_00133.wav,spoof,hi-en,850754,cm02,rvc,clean,eval,0.9995837807655334
${DATA_ROOT}/rvc_cm02/rvc_converted_wavs/rvc_outputs/rvc_850754_00134.wav,spoof,hi-en,850754,cm02,rvc,clean,eval,0.9992679953575134
${DATA_ROOT}/rvc_cm02/rvc_converted_wavs/rvc_outputs/rvc_850754_00135.wav,spoof,hi-en,850754,cm02,rvc,clean,eval,0.9986366629600525
${DATA_ROOT}/rvc_cm02/rvc_converted_wavs/rvc_outputs/rvc_850754_00136.wav,spoof,hi-en,850754,cm02,rvc,clean,eval,0.9929653406143188
${DATA_ROOT}/rvc_cm02/rvc_converted_wavs/rvc_outputs/rvc_850754_00137.wav,spoof,hi-en,850754,cm02,rvc,clean,eval,0.9965627789497375
${DATA_ROOT}/rvc_cm02/rvc_converted_wavs/rvc_outputs/rvc_850754_00138.wav,spoof,hi-en,850754,cm02,rvc,clean,eval,0.9998383522033691
${DATA_ROOT}/rvc_cm02/rvc_converted_wavs/rvc_outputs/rvc_850754_00139.wav,spoof,hi-en,850754,cm02,rvc,clean,eval,0.9990473389625549
${DATA_ROOT}/rvc_cm02/rvc_converted_wavs/rvc_outputs/rvc_850754_00140.wav,spoof,hi-en,850754,cm02,rvc,clean,eval,0.9995400905609131
${DATA_ROOT}/rvc_cm02/rvc_converted_wavs/rvc_outputs/rvc_850754_00141.wav,spoof,hi-en,850754,cm02,rvc,clean,eval,0.9995840191841125
${DATA_ROOT}/rvc_cm02/rvc_converted_wavs/rvc_outputs/rvc_850754_00142.wav,spoof,hi-en,850754,cm02,rvc,clean,eval,0.9997313618659973
${DATA_ROOT}/rvc_cm02/rvc_converted_wavs/rvc_outputs/rvc_850754_00143.wav,spoof,hi-en,850754,cm02,rvc,clean,eval,0.9978771209716797
${DATA_ROOT}/rvc_cm02/rvc_converted_wavs/rvc_outputs/rvc_850754_00144.wav,spoof,hi-en,850754,cm02,rvc,clean,eval,0.9997647404670715
${DATA_ROOT}/rvc_cm02/rvc_converted_wavs/rvc_outputs/rvc_850754_00145.wav,spoof,hi-en,850754,cm02,rvc,clean,eval,0.9996434450149536
${DATA_ROOT}/rvc_cm02/rvc_converted_wavs/rvc_outputs/rvc_850754_00146.wav,spoof,hi-en,850754,cm02,rvc,clean,eval,0.9995415210723877
${DATA_ROOT}/rvc_cm02/rvc_converted_wavs/rvc_outputs/rvc_850754_00147.wav,spoof,hi-en,850754,cm02,rvc,clean,eval,0.9985343217849731
${DATA_ROOT}/rvc_cm02/rvc_converted_wavs/rvc_outputs/rvc_850754_00148.wav,spoof,hi-en,850754,cm02,rvc,clean,eval,0.9945021867752075
${DATA_ROOT}/rvc_cm02/rvc_converted_wavs/rvc_outputs/rvc_850754_00149.wav,spoof,hi-en,850754,cm02,rvc,clean,eval,0.9987196922302246
${DATA_ROOT}/rvc_cm02/rvc_converted_wavs/rvc_outputs/rvc_850754_00150.wav,spoof,hi-en,850754,cm02,rvc,clean,eval,0.999265730381012
${DATA_ROOT}/rvc_cm02/rvc_converted_wavs/rvc_outputs/rvc_850754_00151.wav,spoof,hi-en,850754,cm02,rvc,clean,eval,0.9996664524078369
${DATA_ROOT}/rvc_cm02/rvc_converted_wavs/rvc_outputs/rvc_850754_00152.wav,spoof,hi-en,850754,cm02,rvc,clean,eval,0.9964849948883057
${DATA_ROOT}/rvc_cm02/rvc_converted_wavs/rvc_outputs/rvc_850754_00153.wav,spoof,hi-en,850754,cm02,rvc,clean,eval,0.9982163310050964
${DATA_ROOT}/rvc_cm02/rvc_converted_wavs/rvc_outputs/rvc_850754_00154.wav,spoof,hi-en,850754,cm02,rvc,clean,eval,0.9994558691978455
${DATA_ROOT}/rvc_cm02/rvc_converted_wavs/rvc_outputs/rvc_850754_00155.wav,spoof,hi-en,850754,cm02,rvc,clean,eval,0.9996629953384399
${DATA_ROOT}/rvc_cm02/rvc_converted_wavs/rvc_outputs/rvc_850754_00156.wav,spoof,hi-en,850754,cm02,rvc,clean,eval,0.9997652173042297
${DATA_ROOT}/rvc_cm02/rvc_converted_wavs/rvc_outputs/rvc_850754_00157.wav,spoof,hi-en,850754,cm02,rvc,clean,eval,0.9996805191040039
${DATA_ROOT}/rvc_cm02/rvc_converted_wavs/rvc_outputs/rvc_850754_00158.wav,spoof,hi-en,850754,cm02,rvc,clean,eval,0.9992696642875671
${DATA_ROOT}/rvc_cm02/rvc_converted_wavs/rvc_outputs/rvc_850754_00159.wav,spoof,hi-en,850754,cm02,rvc,clean,eval,0.7182819247245789
${DATA_ROOT}/rvc_cm02/rvc_converted_wavs/rvc_outputs/rvc_850754_00160.wav,spoof,hi-en,850754,cm02,rvc,clean,eval,0.9994822144508362
${DATA_ROOT}/rvc_cm02/rvc_converted_wavs/rvc_outputs/rvc_850754_00161.wav,spoof,hi-en,850754,cm02,rvc,clean,eval,0.9997842907905579
${DATA_ROOT}/rvc_cm02/rvc_converted_wavs/rvc_outputs/rvc_850754_00162.wav,spoof,hi-en,850754,cm02,rvc,clean,eval,0.9991993308067322
${DATA_ROOT}/rvc_cm02/rvc_converted_wavs/rvc_outputs/rvc_850754_00163.wav,spoof,hi-en,850754,cm02,rvc,clean,eval,0.9986034035682678
${DATA_ROOT}/rvc_cm02/rvc_converted_wavs/rvc_outputs/rvc_850754_00164.wav,spoof,hi-en,850754,cm02,rvc,clean,eval,0.3868110775947571
${DATA_ROOT}/rvc_cm02/rvc_converted_wavs/rvc_outputs/rvc_850754_00166.wav,spoof,hi-en,850754,cm02,rvc,clean,eval,0.999480664730072
${DATA_ROOT}/rvc_cm02/rvc_converted_wavs/rvc_outputs/rvc_850754_00167.wav,spoof,hi-en,850754,cm02,rvc,clean,eval,0.9994276165962219
${DATA_ROOT}/rvc_cm02/rvc_converted_wavs/rvc_outputs/rvc_850754_00168.wav,spoof,hi-en,850754,cm02,rvc,clean,eval,0.9528803825378418
${DATA_ROOT}/rvc_cm02/rvc_converted_wavs/rvc_outputs/rvc_850754_00169.wav,spoof,hi-en,850754,cm02,rvc,clean,eval,0.999420166015625
${DATA_ROOT}/rvc_cm02/rvc_converted_wavs/rvc_outputs/rvc_850754_00171.wav,spoof,hi-en,850754,cm02,rvc,clean,eval,0.996019184589386
${DATA_ROOT}/rvc_cm02/rvc_converted_wavs/rvc_outputs/rvc_850754_00172.wav,spoof,hi-en,850754,cm02,rvc,clean,eval,0.9979950189590454
${DATA_ROOT}/rvc_cm02/rvc_converted_wavs/rvc_outputs/rvc_850754_00174.wav,spoof,hi-en,850754,cm02,rvc,clean,eval,0.0019933651201426983
${DATA_ROOT}/rvc_cm02/rvc_converted_wavs/rvc_outputs/rvc_850754_00175.wav,spoof,hi-en,850754,cm02,rvc,clean,eval,0.9993588328361511
${DATA_ROOT}/rvc_cm02/rvc_converted_wavs/rvc_outputs/rvc_850754_00176.wav,spoof,hi-en,850754,cm02,rvc,clean,eval,0.0014850320294499397
${DATA_ROOT}/rvc_cm02/rvc_converted_wavs/rvc_outputs/rvc_850754_00177.wav,spoof,hi-en,850754,cm02,rvc,clean,eval,0.9826092720031738
${DATA_ROOT}/rvc_cm02/rvc_converted_wavs/rvc_outputs/rvc_850754_00179.wav,spoof,hi-en,850754,cm02,rvc,clean,eval,0.9996441602706909
${DATA_ROOT}/rvc_cm02/rvc_converted_wavs/rvc_outputs/rvc_850754_00180.wav,spoof,hi-en,850754,cm02,rvc,clean,eval,0.9998763799667358
${DATA_ROOT}/rvc_cm02/rvc_converted_wavs/rvc_outputs/rvc_850754_00181.wav,spoof,hi-en,850754,cm02,rvc,clean,eval,0.9997451901435852
${DATA_ROOT}/rvc_cm02/rvc_converted_wavs/rvc_outputs/rvc_850754_00182.wav,spoof,hi-en,850754,cm02,rvc,clean,eval,0.9968067407608032
${DATA_ROOT}/rvc_cm02/rvc_converted_wavs/rvc_outputs/rvc_850754_00183.wav,spoof,hi-en,850754,cm02,rvc,clean,eval,0.9988345503807068
${DATA_ROOT}/rvc_cm02/rvc_converted_wavs/rvc_outputs/rvc_850754_00184.wav,spoof,hi-en,850754,cm02,rvc,clean,eval,0.9993808269500732
${DATA_ROOT}/rvc_cm02/rvc_converted_wavs/rvc_outputs/rvc_850754_00185.wav,spoof,hi-en,850754,cm02,rvc,clean,eval,0.9996745586395264
${DATA_ROOT}/rvc_cm02/rvc_converted_wavs/rvc_outputs/rvc_850754_00186.wav,spoof,hi-en,850754,cm02,rvc,clean,eval,0.9994045495986938
${DATA_ROOT}/rvc_cm02/rvc_converted_wavs/rvc_outputs/rvc_850754_00187.wav,spoof,hi-en,850754,cm02,rvc,clean,eval,0.9993884563446045
${DATA_ROOT}/rvc_cm02/rvc_converted_wavs/rvc_outputs/rvc_850754_00188.wav,spoof,hi-en,850754,cm02,rvc,clean,eval,0.9987875819206238
${DATA_ROOT}/rvc_cm02/rvc_converted_wavs/rvc_outputs/rvc_850754_00189.wav,spoof,hi-en,850754,cm02,rvc,clean,eval,0.9992659687995911
${DATA_ROOT}/rvc_cm02/rvc_converted_wavs/rvc_outputs/rvc_850754_00190.wav,spoof,hi-en,850754,cm02,rvc,clean,eval,0.9856422543525696
${DATA_ROOT}/rvc_cm02/rvc_converted_wavs/rvc_outputs/rvc_850754_00191.wav,spoof,hi-en,850754,cm02,rvc,clean,eval,0.9983392953872681
${DATA_ROOT}/rvc_cm02/rvc_converted_wavs/rvc_outputs/rvc_850754_00192.wav,spoof,hi-en,850754,cm02,rvc,clean,eval,0.9995157718658447
${DATA_ROOT}/rvc_cm02/rvc_converted_wavs/rvc_outputs/rvc_850754_00193.wav,spoof,hi-en,850754,cm02,rvc,clean,eval,0.9993125200271606
${DATA_ROOT}/rvc_cm02/rvc_converted_wavs/rvc_outputs/rvc_850754_00194.wav,spoof,hi-en,850754,cm02,rvc,clean,eval,0.9996803998947144
${DATA_ROOT}/rvc_cm02/rvc_converted_wavs/rvc_outputs/rvc_850754_00195.wav,spoof,hi-en,850754,cm02,rvc,clean,eval,0.9995625615119934
${DATA_ROOT}/rvc_cm02/rvc_converted_wavs/rvc_outputs/rvc_850754_00196.wav,spoof,hi-en,850754,cm02,rvc,clean,eval,0.9997854828834534
${DATA_ROOT}/rvc_cm02/rvc_converted_wavs/rvc_outputs/rvc_850754_00197.wav,spoof,hi-en,850754,cm02,rvc,clean,eval,0.9838828444480896
${DATA_ROOT}/rvc_cm02/rvc_converted_wavs/rvc_outputs/rvc_850754_00198.wav,spoof,hi-en,850754,cm02,rvc,clean,eval,0.9994439482688904
${DATA_ROOT}/rvc_cm02/rvc_converted_wavs/rvc_outputs/rvc_850754_00199.wav,spoof,hi-en,850754,cm02,rvc,clean,eval,0.9994001388549805
${DATA_ROOT}/rvc_cm02/rvc_converted_wavs/rvc_outputs/rvc_850754_00200.wav,spoof,hi-en,850754,cm02,rvc,clean,eval,0.22080722451210022
${DATA_ROOT}/rvc_cm02/rvc_converted_wavs/rvc_outputs/rvc_850754_00201.wav,spoof,hi-en,850754,cm02,rvc,clean,eval,0.9985516667366028
${DATA_ROOT}/rvc_cm02/rvc_converted_wavs/rvc_outputs/rvc_850754_00202.wav,spoof,hi-en,850754,cm02,rvc,clean,eval,0.999393105506897
${DATA_ROOT}/rvc_cm02/rvc_converted_wavs/rvc_outputs/rvc_850754_00203.wav,spoof,hi-en,850754,cm02,rvc,clean,eval,0.9994645714759827
${DATA_ROOT}/rvc_cm02/rvc_converted_wavs/rvc_outputs/rvc_850754_00204.wav,spoof,hi-en,850754,cm02,rvc,clean,eval,0.9994291663169861
${DATA_ROOT}/rvc_cm02/rvc_converted_wavs/rvc_outputs/rvc_850754_00205.wav,spoof,hi-en,850754,cm02,rvc,clean,eval,0.9995738863945007
${DATA_ROOT}/rvc_cm02/rvc_converted_wavs/rvc_outputs/rvc_850754_00206.wav,spoof,hi-en,850754,cm02,rvc,clean,eval,0.9995573163032532
${DATA_ROOT}/rvc_cm02/rvc_converted_wavs/rvc_outputs/rvc_850754_00207.wav,spoof,hi-en,850754,cm02,rvc,clean,eval,0.9377013444900513
${DATA_ROOT}/rvc_cm02/rvc_converted_wavs/rvc_outputs/rvc_850754_00208.wav,spoof,hi-en,850754,cm02,rvc,clean,eval,0.9963284134864807
${DATA_ROOT}/rvc_cm02/rvc_converted_wavs/rvc_outputs/rvc_850754_00209.wav,spoof,hi-en,850754,cm02,rvc,clean,eval,0.9989836812019348
${DATA_ROOT}/rvc_cm02/rvc_converted_wavs/rvc_outputs/rvc_850754_00210.wav,spoof,hi-en,850754,cm02,rvc,clean,eval,0.899793267250061
${DATA_ROOT}/rvc_cm02/rvc_converted_wavs/rvc_outputs/rvc_850754_00211.wav,spoof,hi-en,850754,cm02,rvc,clean,eval,0.9961298704147339
${DATA_ROOT}/rvc_cm02/rvc_converted_wavs/rvc_outputs/rvc_850754_00212.wav,spoof,hi-en,850754,cm02,rvc,clean,eval,0.9993404746055603
${DATA_ROOT}/rvc_cm02/rvc_converted_wavs/rvc_outputs/rvc_850754_00213.wav,spoof,hi-en,850754,cm02,rvc,clean,eval,0.9966713786125183
${DATA_ROOT}/rvc_cm02/rvc_converted_wavs/rvc_outputs/rvc_850754_00214.wav,spoof,hi-en,850754,cm02,rvc,clean,eval,0.9995036125183105
${DATA_ROOT}/rvc_cm02/rvc_converted_wavs/rvc_outputs/rvc_850754_00215.wav,spoof,hi-en,850754,cm02,rvc,clean,eval,0.999053418636322
${DATA_ROOT}/rvc_cm02/rvc_converted_wavs/rvc_outputs/rvc_850754_00217.wav,spoof,hi-en,850754,cm02,rvc,clean,eval,0.9995875954627991
${DATA_ROOT}/rvc_cm02/rvc_converted_wavs/rvc_outputs/rvc_850754_00219.wav,spoof,hi-en,850754,cm02,rvc,clean,eval,0.9990062117576599
${DATA_ROOT}/rvc_cm02/rvc_converted_wavs/rvc_outputs/rvc_850754_00220.wav,spoof,hi-en,850754,cm02,rvc,clean,eval,0.9561594724655151
${DATA_ROOT}/rvc_cm02/rvc_converted_wavs/rvc_outputs/rvc_850754_00221.wav,spoof,hi-en,850754,cm02,rvc,clean,eval,0.9992331266403198
${DATA_ROOT}/rvc_cm02/rvc_converted_wavs/rvc_outputs/rvc_850754_00222.wav,spoof,hi-en,850754,cm02,rvc,clean,eval,0.9997151494026184
${DATA_ROOT}/rvc_cm02/rvc_converted_wavs/rvc_outputs/rvc_850754_00223.wav,spoof,hi-en,850754,cm02,rvc,clean,eval,0.9997151494026184
${DATA_ROOT}/rvc_cm02/rvc_converted_wavs/rvc_outputs/rvc_850754_00224.wav,spoof,hi-en,850754,cm02,rvc,clean,eval,0.040463224053382874
${DATA_ROOT}/rvc_cm02/rvc_converted_wavs/rvc_outputs/rvc_850754_00225.wav,spoof,hi-en,850754,cm02,rvc,clean,eval,0.9976322650909424
${DATA_ROOT}/rvc_cm02/rvc_converted_wavs/rvc_outputs/rvc_850754_00226.wav,spoof,hi-en,850754,cm02,rvc,clean,eval,0.9996845722198486
${DATA_ROOT}/rvc_cm02/rvc_converted_wavs/rvc_outputs/rvc_850754_00227.wav,spoof,hi-en,850754,cm02,rvc,clean,eval,0.9993101358413696
${DATA_ROOT}/rvc_cm02/rvc_converted_wavs/rvc_outputs/rvc_850754_00229.wav,spoof,hi-en,850754,cm02,rvc,clean,eval,0.9991542100906372
${DATA_ROOT}/rvc_cm02/rvc_converted_wavs/rvc_outputs/rvc_850754_00230.wav,spoof,hi-en,850754,cm02,rvc,clean,eval,0.9993246793746948
${DATA_ROOT}/rvc_cm02/rvc_converted_wavs/rvc_outputs/rvc_850754_00231.wav,spoof,hi-en,850754,cm02,rvc,clean,eval,0.998633086681366
${DATA_ROOT}/rvc_cm02/rvc_converted_wavs/rvc_outputs/rvc_850754_00232.wav,spoof,hi-en,850754,cm02,rvc,clean,eval,0.977707028388977
${DATA_ROOT}/rvc_cm02/rvc_converted_wavs/rvc_outputs/rvc_850754_00233.wav,spoof,hi-en,850754,cm02,rvc,clean,eval,0.9995403289794922
${DATA_ROOT}/rvc_cm02/rvc_converted_wavs/rvc_outputs/rvc_850754_00234.wav,spoof,hi-en,850754,cm02,rvc,clean,eval,0.013444277457892895
${DATA_ROOT}/rvc_cm02/rvc_converted_wavs/rvc_outputs/rvc_850754_00235.wav,spoof,hi-en,850754,cm02,rvc,clean,eval,0.9994518160820007
${DATA_ROOT}/rvc_cm02/rvc_converted_wavs/rvc_outputs/rvc_850754_00236.wav,spoof,hi-en,850754,cm02,rvc,clean,eval,0.997177004814148
${DATA_ROOT}/rvc_cm02/rvc_converted_wavs/rvc_outputs/rvc_850754_00238.wav,spoof,hi-en,850754,cm02,rvc,clean,eval,0.001374538755044341
${DATA_ROOT}/rvc_cm02/rvc_converted_wavs/rvc_outputs/rvc_850754_00239.wav,spoof,hi-en,850754,cm02,rvc,clean,eval,0.9998410940170288
${DATA_ROOT}/rvc_cm02/rvc_converted_wavs/rvc_outputs/rvc_850754_00240.wav,spoof,hi-en,850754,cm02,rvc,clean,eval,0.9993963241577148
${DATA_ROOT}/rvc_cm02/rvc_converted_wavs/rvc_outputs/rvc_850754_00241.wav,spoof,hi-en,850754,cm02,rvc,clean,eval,0.9993379712104797
${DATA_ROOT}/rvc_cm02/rvc_converted_wavs/rvc_outputs/rvc_850754_00242.wav,spoof,hi-en,850754,cm02,rvc,clean,eval,0.9997891783714294
${DATA_ROOT}/rvc_cm02/rvc_converted_wavs/rvc_outputs/rvc_850754_00243.wav,spoof,hi-en,850754,cm02,rvc,clean,eval,0.9986777901649475
${DATA_ROOT}/rvc_cm02/rvc_converted_wavs/rvc_outputs/rvc_850754_00244.wav,spoof,hi-en,850754,cm02,rvc,clean,eval,0.991530179977417
${DATA_ROOT}/rvc_cm02/rvc_converted_wavs/rvc_outputs/rvc_850754_00245.wav,spoof,hi-en,850754,cm02,rvc,clean,eval,0.995315670967102
${DATA_ROOT}/rvc_cm02/rvc_converted_wavs/rvc_outputs/rvc_850754_00246.wav,spoof,hi-en,850754,cm02,rvc,clean,eval,0.9996001124382019
${DATA_ROOT}/rvc_cm02/rvc_converted_wavs/rvc_outputs/rvc_850754_00247.wav,spoof,hi-en,850754,cm02,rvc,clean,eval,0.9996563196182251
${DATA_ROOT}/rvc_cm02/rvc_converted_wavs/rvc_outputs/rvc_850754_00248.wav,spoof,hi-en,850754,cm02,rvc,clean,eval,0.0009543124469928443
${DATA_ROOT}/rvc_cm02/rvc_converted_wavs/rvc_outputs/rvc_850754_00249.wav,spoof,hi-en,850754,cm02,rvc,clean,eval,0.9996460676193237
${DATA_ROOT}/rvc_cm02/rvc_converted_wavs/rvc_outputs/rvc_850754_00250.wav,spoof,hi-en,850754,cm02,rvc,clean,eval,0.9994057416915894
${DATA_ROOT}/rvc_cm02/rvc_converted_wavs/rvc_outputs/rvc_457295_00251.wav,spoof,hi-en,457295,cm02,rvc,clean,eval,0.9994266033172607
${DATA_ROOT}/rvc_cm02/rvc_converted_wavs/rvc_outputs/rvc_457295_00252.wav,spoof,hi-en,457295,cm02,rvc,clean,eval,0.9997588992118835
${DATA_ROOT}/rvc_cm02/rvc_converted_wavs/rvc_outputs/rvc_457295_00254.wav,spoof,hi-en,457295,cm02,rvc,clean,eval,0.9997077584266663
${DATA_ROOT}/rvc_cm02/rvc_converted_wavs/rvc_outputs/rvc_457295_00256.wav,spoof,hi-en,457295,cm02,rvc,clean,eval,0.9996417760848999
${DATA_ROOT}/rvc_cm02/rvc_converted_wavs/rvc_outputs/rvc_457295_00257.wav,spoof,hi-en,457295,cm02,rvc,clean,eval,0.9997010827064514
${DATA_ROOT}/rvc_cm02/rvc_converted_wavs/rvc_outputs/rvc_457295_00258.wav,spoof,hi-en,457295,cm02,rvc,clean,eval,0.9993775486946106
${DATA_ROOT}/rvc_cm02/rvc_converted_wavs/rvc_outputs/rvc_457295_00259.wav,spoof,hi-en,457295,cm02,rvc,clean,eval,0.9995369911193848
${DATA_ROOT}/rvc_cm02/rvc_converted_wavs/rvc_outputs/rvc_457295_00260.wav,spoof,hi-en,457295,cm02,rvc,clean,eval,0.9994571805000305
${DATA_ROOT}/rvc_cm02/rvc_converted_wavs/rvc_outputs/rvc_457295_00261.wav,spoof,hi-en,457295,cm02,rvc,clean,eval,0.999678373336792
${DATA_ROOT}/rvc_cm02/rvc_converted_wavs/rvc_outputs/rvc_457295_00262.wav,spoof,hi-en,457295,cm02,rvc,clean,eval,0.9997099041938782
${DATA_ROOT}/rvc_cm02/rvc_converted_wavs/rvc_outputs/rvc_457295_00263.wav,spoof,hi-en,457295,cm02,rvc,clean,eval,0.9996386766433716
${DATA_ROOT}/rvc_cm02/rvc_converted_wavs/rvc_outputs/rvc_457295_00264.wav,spoof,hi-en,457295,cm02,rvc,clean,eval,0.9996040463447571
${DATA_ROOT}/rvc_cm02/rvc_converted_wavs/rvc_outputs/rvc_457295_00265.wav,spoof,hi-en,457295,cm02,rvc,clean,eval,0.9996160268783569
${DATA_ROOT}/rvc_cm02/rvc_converted_wavs/rvc_outputs/rvc_457295_00266.wav,spoof,hi-en,457295,cm02,rvc,clean,eval,0.9994956254959106
${DATA_ROOT}/rvc_cm02/rvc_converted_wavs/rvc_outputs/rvc_457295_00267.wav,spoof,hi-en,457295,cm02,rvc,clean,eval,0.9996523857116699
${DATA_ROOT}/rvc_cm02/rvc_converted_wavs/rvc_outputs/rvc_457295_00268.wav,spoof,hi-en,457295,cm02,rvc,clean,eval,0.9997442364692688
${DATA_ROOT}/rvc_cm02/rvc_converted_wavs/rvc_outputs/rvc_457295_00269.wav,spoof,hi-en,457295,cm02,rvc,clean,eval,0.9997056126594543
${DATA_ROOT}/rvc_cm02/rvc_converted_wavs/rvc_outputs/rvc_457295_00271.wav,spoof,hi-en,457295,cm02,rvc,clean,eval,0.9997591376304626
${DATA_ROOT}/rvc_cm02/rvc_converted_wavs/rvc_outputs/rvc_457295_00272.wav,spoof,hi-en,457295,cm02,rvc,clean,eval,0.9993650317192078
${DATA_ROOT}/rvc_cm02/rvc_converted_wavs/rvc_outputs/rvc_457295_00273.wav,spoof,hi-en,457295,cm02,rvc,clean,eval,0.9996544122695923
${DATA_ROOT}/rvc_cm02/rvc_converted_wavs/rvc_outputs/rvc_457295_00274.wav,spoof,hi-en,457295,cm02,rvc,clean,eval,0.9994586110115051
${DATA_ROOT}/rvc_cm02/rvc_converted_wavs/rvc_outputs/rvc_457295_00275.wav,spoof,hi-en,457295,cm02,rvc,clean,eval,0.9997119307518005
${DATA_ROOT}/rvc_cm02/rvc_converted_wavs/rvc_outputs/rvc_457295_00276.wav,spoof,hi-en,457295,cm02,rvc,clean,eval,0.9996325969696045
${DATA_ROOT}/rvc_cm02/rvc_converted_wavs/rvc_outputs/rvc_457295_00277.wav,spoof,hi-en,457295,cm02,rvc,clean,eval,0.9992325305938721
${DATA_ROOT}/rvc_cm02/rvc_converted_wavs/rvc_outputs/rvc_457295_00279.wav,spoof,hi-en,457295,cm02,rvc,clean,eval,0.999300479888916
${DATA_ROOT}/rvc_cm02/rvc_converted_wavs/rvc_outputs/rvc_457295_00280.wav,spoof,hi-en,457295,cm02,rvc,clean,eval,0.9993933439254761
${DATA_ROOT}/rvc_cm02/rvc_converted_wavs/rvc_outputs/rvc_457295_00281.wav,spoof,hi-en,457295,cm02,rvc,clean,eval,0.9995110034942627
${DATA_ROOT}/rvc_cm02/rvc_converted_wavs/rvc_outputs/rvc_457295_00282.wav,spoof,hi-en,457295,cm02,rvc,clean,eval,0.9996527433395386
${DATA_ROOT}/rvc_cm02/rvc_converted_wavs/rvc_outputs/rvc_457295_00283.wav,spoof,hi-en,457295,cm02,rvc,clean,eval,0.999518632888794
${DATA_ROOT}/rvc_cm02/rvc_converted_wavs/rvc_outputs/rvc_457295_00284.wav,spoof,hi-en,457295,cm02,rvc,clean,eval,0.9994483590126038
${DATA_ROOT}/rvc_cm02/rvc_converted_wavs/rvc_outputs/rvc_457295_00285.wav,spoof,hi-en,457295,cm02,rvc,clean,eval,0.9997188448905945
${DATA_ROOT}/rvc_cm02/rvc_converted_wavs/rvc_outputs/rvc_457295_00286.wav,spoof,hi-en,457295,cm02,rvc,clean,eval,0.999634861946106
${DATA_ROOT}/rvc_cm02/rvc_converted_wavs/rvc_outputs/rvc_457295_00287.wav,spoof,hi-en,457295,cm02,rvc,clean,eval,0.9994958639144897
${DATA_ROOT}/rvc_cm02/rvc_converted_wavs/rvc_outputs/rvc_457295_00288.wav,spoof,hi-en,457295,cm02,rvc,clean,eval,0.9994869232177734
${DATA_ROOT}/rvc_cm02/rvc_converted_wavs/rvc_outputs/rvc_457295_00289.wav,spoof,hi-en,457295,cm02,rvc,clean,eval,0.9989103078842163
${DATA_ROOT}/rvc_cm02/rvc_converted_wavs/rvc_outputs/rvc_457295_00290.wav,spoof,hi-en,457295,cm02,rvc,clean,eval,0.9994494318962097
${DATA_ROOT}/rvc_cm02/rvc_converted_wavs/rvc_outputs/rvc_457295_00291.wav,spoof,hi-en,457295,cm02,rvc,clean,eval,0.9997628331184387
${DATA_ROOT}/rvc_cm02/rvc_converted_wavs/rvc_outputs/rvc_457295_00292.wav,spoof,hi-en,457295,cm02,rvc,clean,eval,0.9995923638343811
${DATA_ROOT}/rvc_cm02/rvc_converted_wavs/rvc_outputs/rvc_457295_00293.wav,spoof,hi-en,457295,cm02,rvc,clean,eval,0.9995858073234558
${DATA_ROOT}/rvc_cm02/rvc_converted_wavs/rvc_outputs/rvc_457295_00295.wav,spoof,hi-en,457295,cm02,rvc,clean,eval,0.9995449185371399
${DATA_ROOT}/rvc_cm02/rvc_converted_wavs/rvc_outputs/rvc_457295_00296.wav,spoof,hi-en,457295,cm02,rvc,clean,eval,0.9996737241744995
${DATA_ROOT}/rvc_cm02/rvc_converted_wavs/rvc_outputs/rvc_457295_00297.wav,spoof,hi-en,457295,cm02,rvc,clean,eval,0.9994906187057495
${DATA_ROOT}/rvc_cm02/rvc_converted_wavs/rvc_outputs/rvc_457295_00298.wav,spoof,hi-en,457295,cm02,rvc,clean,eval,0.9995816349983215
${DATA_ROOT}/rvc_cm02/rvc_converted_wavs/rvc_outputs/rvc_457295_00299.wav,spoof,hi-en,457295,cm02,rvc,clean,eval,0.9996261596679688
${DATA_ROOT}/rvc_cm02/rvc_converted_wavs/rvc_outputs/rvc_457295_00300.wav,spoof,hi-en,457295,cm02,rvc,clean,eval,0.9995738863945007
${DATA_ROOT}/rvc_cm02/rvc_converted_wavs/rvc_outputs/rvc_457295_00302.wav,spoof,hi-en,457295,cm02,rvc,clean,eval,0.9994053840637207
${DATA_ROOT}/rvc_cm02/rvc_converted_wavs/rvc_outputs/rvc_457295_00303.wav,spoof,hi-en,457295,cm02,rvc,clean,eval,0.999639630317688
${DATA_ROOT}/rvc_cm02/rvc_converted_wavs/rvc_outputs/rvc_457295_00304.wav,spoof,hi-en,457295,cm02,rvc,clean,eval,0.9996100068092346
${DATA_ROOT}/rvc_cm02/rvc_converted_wavs/rvc_outputs/rvc_457295_00305.wav,spoof,hi-en,457295,cm02,rvc,clean,eval,0.9997031092643738
${DATA_ROOT}/rvc_cm02/rvc_converted_wavs/rvc_outputs/rvc_457295_00306.wav,spoof,hi-en,457295,cm02,rvc,clean,eval,0.9996106028556824
${DATA_ROOT}/rvc_cm02/rvc_converted_wavs/rvc_outputs/rvc_457295_00307.wav,spoof,hi-en,457295,cm02,rvc,clean,eval,0.9996353387832642
${DATA_ROOT}/rvc_cm02/rvc_converted_wavs/rvc_outputs/rvc_457295_00308.wav,spoof,hi-en,457295,cm02,rvc,clean,eval,0.9995895028114319
${DATA_ROOT}/rvc_cm02/rvc_converted_wavs/rvc_outputs/rvc_457295_00309.wav,spoof,hi-en,457295,cm02,rvc,clean,eval,0.9996845722198486
${DATA_ROOT}/rvc_cm02/rvc_converted_wavs/rvc_outputs/rvc_457295_00310.wav,spoof,hi-en,457295,cm02,rvc,clean,eval,0.999480664730072
${DATA_ROOT}/rvc_cm02/rvc_converted_wavs/rvc_outputs/rvc_457295_00311.wav,spoof,hi-en,457295,cm02,rvc,clean,eval,0.9997226595878601
${DATA_ROOT}/rvc_cm02/rvc_converted_wavs/rvc_outputs/rvc_457295_00312.wav,spoof,hi-en,457295,cm02,rvc,clean,eval,0.9996998310089111
${DATA_ROOT}/rvc_cm02/rvc_converted_wavs/rvc_outputs/rvc_457295_00313.wav,spoof,hi-en,457295,cm02,rvc,clean,eval,0.9993884563446045
${DATA_ROOT}/rvc_cm02/rvc_converted_wavs/rvc_outputs/rvc_457295_00314.wav,spoof,hi-en,457295,cm02,rvc,clean,eval,0.9993728995323181
${DATA_ROOT}/rvc_cm02/rvc_converted_wavs/rvc_outputs/rvc_457295_00315.wav,spoof,hi-en,457295,cm02,rvc,clean,eval,0.9993671774864197
${DATA_ROOT}/rvc_cm02/rvc_converted_wavs/rvc_outputs/rvc_457295_00316.wav,spoof,hi-en,457295,cm02,rvc,clean,eval,0.999848484992981
${DATA_ROOT}/rvc_cm02/rvc_converted_wavs/rvc_outputs/rvc_457295_00317.wav,spoof,hi-en,457295,cm02,rvc,clean,eval,0.9996505975723267
${DATA_ROOT}/rvc_cm02/rvc_converted_wavs/rvc_outputs/rvc_457295_00319.wav,spoof,hi-en,457295,cm02,rvc,clean,eval,0.9996316432952881
${DATA_ROOT}/rvc_cm02/rvc_converted_wavs/rvc_outputs/rvc_457295_00320.wav,spoof,hi-en,457295,cm02,rvc,clean,eval,0.9996899366378784
${DATA_ROOT}/rvc_cm02/rvc_converted_wavs/rvc_outputs/rvc_457295_00321.wav,spoof,hi-en,457295,cm02,rvc,clean,eval,0.9996393918991089
${DATA_ROOT}/rvc_cm02/rvc_converted_wavs/rvc_outputs/rvc_457295_00323.wav,spoof,hi-en,457295,cm02,rvc,clean,eval,0.999519944190979
${DATA_ROOT}/rvc_cm02/rvc_converted_wavs/rvc_outputs/rvc_457295_00324.wav,spoof,hi-en,457295,cm02,rvc,clean,eval,0.9995747208595276
${DATA_ROOT}/rvc_cm02/rvc_converted_wavs/rvc_outputs/rvc_457295_00325.wav,spoof,hi-en,457295,cm02,rvc,clean,eval,0.9992727637290955
${DATA_ROOT}/rvc_cm02/rvc_converted_wavs/rvc_outputs/rvc_457295_00326.wav,spoof,hi-en,457295,cm02,rvc,clean,eval,0.9997325539588928
${DATA_ROOT}/rvc_cm02/rvc_converted_wavs/rvc_outputs/rvc_457295_00327.wav,spoof,hi-en,457295,cm02,rvc,clean,eval,0.9989583492279053
${DATA_ROOT}/rvc_cm02/rvc_converted_wavs/rvc_outputs/rvc_457295_00328.wav,spoof,hi-en,457295,cm02,rvc,clean,eval,0.9996013045310974
${DATA_ROOT}/rvc_cm02/rvc_converted_wavs/rvc_outputs/rvc_457295_00329.wav,spoof,hi-en,457295,cm02,rvc,clean,eval,0.9994706511497498
${DATA_ROOT}/rvc_cm02/rvc_converted_wavs/rvc_outputs/rvc_457295_00330.wav,spoof,hi-en,457295,cm02,rvc,clean,eval,0.9995903372764587
${DATA_ROOT}/rvc_cm02/rvc_converted_wavs/rvc_outputs/rvc_457295_00331.wav,spoof,hi-en,457295,cm02,rvc,clean,eval,0.9996542930603027
${DATA_ROOT}/rvc_cm02/rvc_converted_wavs/rvc_outputs/rvc_457295_00332.wav,spoof,hi-en,457295,cm02,rvc,clean,eval,0.9995446801185608
${DATA_ROOT}/rvc_cm02/rvc_converted_wavs/rvc_outputs/rvc_457295_00333.wav,spoof,hi-en,457295,cm02,rvc,clean,eval,0.999634861946106
${DATA_ROOT}/rvc_cm02/rvc_converted_wavs/rvc_outputs/rvc_457295_00334.wav,spoof,hi-en,457295,cm02,rvc,clean,eval,0.9997422099113464
${DATA_ROOT}/rvc_cm02/rvc_converted_wavs/rvc_outputs/rvc_457295_00336.wav,spoof,hi-en,457295,cm02,rvc,clean,eval,0.9996716976165771
${DATA_ROOT}/rvc_cm02/rvc_converted_wavs/rvc_outputs/rvc_457295_00337.wav,spoof,hi-en,457295,cm02,rvc,clean,eval,0.9992427825927734
${DATA_ROOT}/rvc_cm02/rvc_converted_wavs/rvc_outputs/rvc_457295_00338.wav,spoof,hi-en,457295,cm02,rvc,clean,eval,0.9997327923774719
${DATA_ROOT}/rvc_cm02/rvc_converted_wavs/rvc_outputs/rvc_457295_00339.wav,spoof,hi-en,457295,cm02,rvc,clean,eval,0.9996778964996338
${DATA_ROOT}/rvc_cm02/rvc_converted_wavs/rvc_outputs/rvc_457295_00340.wav,spoof,hi-en,457295,cm02,rvc,clean,eval,0.999578058719635
${DATA_ROOT}/rvc_cm02/rvc_converted_wavs/rvc_outputs/rvc_457295_00341.wav,spoof,hi-en,457295,cm02,rvc,clean,eval,0.9995360374450684
${DATA_ROOT}/rvc_cm02/rvc_converted_wavs/rvc_outputs/rvc_457295_00342.wav,spoof,hi-en,457295,cm02,rvc,clean,eval,0.9996551275253296
${DATA_ROOT}/rvc_cm02/rvc_converted_wavs/rvc_outputs/rvc_457295_00343.wav,spoof,hi-en,457295,cm02,rvc,clean,eval,0.9996045231819153
${DATA_ROOT}/rvc_cm02/rvc_converted_wavs/rvc_outputs/rvc_457295_00344.wav,spoof,hi-en,457295,cm02,rvc,clean,eval,0.9996474981307983
${DATA_ROOT}/rvc_cm02/rvc_converted_wavs/rvc_outputs/rvc_457295_00345.wav,spoof,hi-en,457295,cm02,rvc,clean,eval,0.9997746348381042
${DATA_ROOT}/rvc_cm02/rvc_converted_wavs/rvc_outputs/rvc_457295_00346.wav,spoof,hi-en,457295,cm02,rvc,clean,eval,0.9994990825653076
${DATA_ROOT}/rvc_cm02/rvc_converted_wavs/rvc_outputs/rvc_457295_00347.wav,spoof,hi-en,457295,cm02,rvc,clean,eval,0.9996246099472046
${DATA_ROOT}/rvc_cm02/rvc_converted_wavs/rvc_outputs/rvc_457295_00348.wav,spoof,hi-en,457295,cm02,rvc,clean,eval,0.9953787326812744
${DATA_ROOT}/rvc_cm02/rvc_converted_wavs/rvc_outputs/rvc_457295_00349.wav,spoof,hi-en,457295,cm02,rvc,clean,eval,0.9990081191062927
${DATA_ROOT}/rvc_cm02/rvc_converted_wavs/rvc_outputs/rvc_457295_00350.wav,spoof,hi-en,457295,cm02,rvc,clean,eval,0.9994692206382751
${DATA_ROOT}/rvc_cm02/rvc_converted_wavs/rvc_outputs/rvc_457295_00352.wav,spoof,hi-en,457295,cm02,rvc,clean,eval,0.9996801614761353
${DATA_ROOT}/rvc_cm02/rvc_converted_wavs/rvc_outputs/rvc_457295_00353.wav,spoof,hi-en,457295,cm02,rvc,clean,eval,0.9996925592422485
${DATA_ROOT}/rvc_cm02/rvc_converted_wavs/rvc_outputs/rvc_457295_00354.wav,spoof,hi-en,457295,cm02,rvc,clean,eval,0.9996097683906555
${DATA_ROOT}/rvc_cm02/rvc_converted_wavs/rvc_outputs/rvc_457295_00355.wav,spoof,hi-en,457295,cm02,rvc,clean,eval,0.9994571805000305
${DATA_ROOT}/rvc_cm02/rvc_converted_wavs/rvc_outputs/rvc_457295_00356.wav,spoof,hi-en,457295,cm02,rvc,clean,eval,0.9995757937431335
${DATA_ROOT}/rvc_cm02/rvc_converted_wavs/rvc_outputs/rvc_457295_00357.wav,spoof,hi-en,457295,cm02,rvc,clean,eval,0.9998589754104614
${DATA_ROOT}/rvc_cm02/rvc_converted_wavs/rvc_outputs/rvc_457295_00358.wav,spoof,hi-en,457295,cm02,rvc,clean,eval,0.9995797276496887
${DATA_ROOT}/rvc_cm02/rvc_converted_wavs/rvc_outputs/rvc_457295_00359.wav,spoof,hi-en,457295,cm02,rvc,clean,eval,0.9995216131210327
${DATA_ROOT}/rvc_cm02/rvc_converted_wavs/rvc_outputs/rvc_457295_00360.wav,spoof,hi-en,457295,cm02,rvc,clean,eval,0.9997366070747375
${DATA_ROOT}/rvc_cm02/rvc_converted_wavs/rvc_outputs/rvc_457295_00361.wav,spoof,hi-en,457295,cm02,rvc,clean,eval,0.9997379183769226
${DATA_ROOT}/rvc_cm02/rvc_converted_wavs/rvc_outputs/rvc_457295_00362.wav,spoof,hi-en,457295,cm02,rvc,clean,eval,0.9995794892311096
${DATA_ROOT}/rvc_cm02/rvc_converted_wavs/rvc_outputs/rvc_457295_00364.wav,spoof,hi-en,457295,cm02,rvc,clean,eval,0.9995527863502502
${DATA_ROOT}/rvc_cm02/rvc_converted_wavs/rvc_outputs/rvc_457295_00365.wav,spoof,hi-en,457295,cm02,rvc,clean,eval,0.999651312828064
${DATA_ROOT}/rvc_cm02/rvc_converted_wavs/rvc_outputs/rvc_457295_00366.wav,spoof,hi-en,457295,cm02,rvc,clean,eval,0.9996566772460938
${DATA_ROOT}/rvc_cm02/rvc_converted_wavs/rvc_outputs/rvc_457295_00367.wav,spoof,hi-en,457295,cm02,rvc,clean,eval,0.9998134970664978
${DATA_ROOT}/rvc_cm02/rvc_converted_wavs/rvc_outputs/rvc_457295_00368.wav,spoof,hi-en,457295,cm02,rvc,clean,eval,0.9996927976608276
${DATA_ROOT}/rvc_cm02/rvc_converted_wavs/rvc_outputs/rvc_457295_00369.wav,spoof,hi-en,457295,cm02,rvc,clean,eval,0.9995878338813782
${DATA_ROOT}/rvc_cm02/rvc_converted_wavs/rvc_outputs/rvc_457295_00370.wav,spoof,hi-en,457295,cm02,rvc,clean,eval,0.9994290471076965
${DATA_ROOT}/rvc_cm02/rvc_converted_wavs/rvc_outputs/rvc_457295_00371.wav,spoof,hi-en,457295,cm02,rvc,clean,eval,0.9994978904724121
${DATA_ROOT}/rvc_cm02/rvc_converted_wavs/rvc_outputs/rvc_457295_00372.wav,spoof,hi-en,457295,cm02,rvc,clean,eval,0.9992951154708862
${DATA_ROOT}/rvc_cm02/rvc_converted_wavs/rvc_outputs/rvc_457295_00373.wav,spoof,hi-en,457295,cm02,rvc,clean,eval,0.9992484450340271
${DATA_ROOT}/rvc_cm02/rvc_converted_wavs/rvc_outputs/rvc_457295_00374.wav,spoof,hi-en,457295,cm02,rvc,clean,eval,0.999693751335144
${DATA_ROOT}/rvc_cm02/rvc_converted_wavs/rvc_outputs/rvc_457295_00375.wav,spoof,hi-en,457295,cm02,rvc,clean,eval,0.9994288086891174
${DATA_ROOT}/rvc_cm02/rvc_converted_wavs/rvc_outputs/rvc_903756_00376.wav,spoof,hi-en,903756,cm02,rvc,clean,eval,0.999607503414154
${DATA_ROOT}/rvc_cm02/rvc_converted_wavs/rvc_outputs/rvc_903756_00377.wav,spoof,hi-en,903756,cm02,rvc,clean,eval,0.9992499947547913
${DATA_ROOT}/rvc_cm02/rvc_converted_wavs/rvc_outputs/rvc_903756_00378.wav,spoof,hi-en,903756,cm02,rvc,clean,eval,0.8454198241233826
${DATA_ROOT}/rvc_cm02/rvc_converted_wavs/rvc_outputs/rvc_903756_00379.wav,spoof,hi-en,903756,cm02,rvc,clean,eval,0.9995701909065247
${DATA_ROOT}/rvc_cm02/rvc_converted_wavs/rvc_outputs/rvc_903756_00380.wav,spoof,hi-en,903756,cm02,rvc,clean,eval,0.9993775486946106
${DATA_ROOT}/rvc_cm02/rvc_converted_wavs/rvc_outputs/rvc_903756_00381.wav,spoof,hi-en,903756,cm02,rvc,clean,eval,0.9995843768119812
${DATA_ROOT}/rvc_cm02/rvc_converted_wavs/rvc_outputs/rvc_903756_00382.wav,spoof,hi-en,903756,cm02,rvc,clean,eval,0.9994984865188599
${DATA_ROOT}/rvc_cm02/rvc_converted_wavs/rvc_outputs/rvc_903756_00383.wav,spoof,hi-en,903756,cm02,rvc,clean,eval,0.9997023940086365
${DATA_ROOT}/rvc_cm02/rvc_converted_wavs/rvc_outputs/rvc_903756_00384.wav,spoof,hi-en,903756,cm02,rvc,clean,eval,0.9989872574806213
${DATA_ROOT}/rvc_cm02/rvc_converted_wavs/rvc_outputs/rvc_903756_00385.wav,spoof,hi-en,903756,cm02,rvc,clean,eval,0.999491810798645
${DATA_ROOT}/rvc_cm02/rvc_converted_wavs/rvc_outputs/rvc_903756_00386.wav,spoof,hi-en,903756,cm02,rvc,clean,eval,0.9954023361206055
${DATA_ROOT}/rvc_cm02/rvc_converted_wavs/rvc_outputs/rvc_903756_00387.wav,spoof,hi-en,903756,cm02,rvc,clean,eval,0.9996888637542725
${DATA_ROOT}/rvc_cm02/rvc_converted_wavs/rvc_outputs/rvc_903756_00388.wav,spoof,hi-en,903756,cm02,rvc,clean,eval,0.999636173248291
${DATA_ROOT}/rvc_cm02/rvc_converted_wavs/rvc_outputs/rvc_903756_00389.wav,spoof,hi-en,903756,cm02,rvc,clean,eval,0.9996455907821655
${DATA_ROOT}/rvc_cm02/rvc_converted_wavs/rvc_outputs/rvc_903756_00390.wav,spoof,hi-en,903756,cm02,rvc,clean,eval,0.9996411800384521
${DATA_ROOT}/rvc_cm02/rvc_converted_wavs/rvc_outputs/rvc_903756_00391.wav,spoof,hi-en,903756,cm02,rvc,clean,eval,0.9994375109672546
${DATA_ROOT}/rvc_cm02/rvc_converted_wavs/rvc_outputs/rvc_903756_00392.wav,spoof,hi-en,903756,cm02,rvc,clean,eval,0.9993935823440552
${DATA_ROOT}/rvc_cm02/rvc_converted_wavs/rvc_outputs/rvc_903756_00393.wav,spoof,hi-en,903756,cm02,rvc,clean,eval,0.9959707856178284
${DATA_ROOT}/rvc_cm02/rvc_converted_wavs/rvc_outputs/rvc_903756_00394.wav,spoof,hi-en,903756,cm02,rvc,clean,eval,0.9992839694023132
${DATA_ROOT}/rvc_cm02/rvc_converted_wavs/rvc_outputs/rvc_903756_00395.wav,spoof,hi-en,903756,cm02,rvc,clean,eval,0.9995717406272888
${DATA_ROOT}/rvc_cm02/rvc_converted_wavs/rvc_outputs/rvc_903756_00396.wav,spoof,hi-en,903756,cm02,rvc,clean,eval,0.9993987083435059
${DATA_ROOT}/rvc_cm02/rvc_converted_wavs/rvc_outputs/rvc_903756_00397.wav,spoof,hi-en,903756,cm02,rvc,clean,eval,0.9991864562034607
${DATA_ROOT}/rvc_cm02/rvc_converted_wavs/rvc_outputs/rvc_903756_00398.wav,spoof,hi-en,903756,cm02,rvc,clean,eval,0.9993240833282471
${DATA_ROOT}/rvc_cm02/rvc_converted_wavs/rvc_outputs/rvc_903756_00399.wav,spoof,hi-en,903756,cm02,rvc,clean,eval,0.028449423611164093
${DATA_ROOT}/rvc_cm02/rvc_converted_wavs/rvc_outputs/rvc_903756_00400.wav,spoof,hi-en,903756,cm02,rvc,clean,eval,0.9995812773704529
${DATA_ROOT}/rvc_cm02/rvc_converted_wavs/rvc_outputs/rvc_903756_00401.wav,spoof,hi-en,903756,cm02,rvc,clean,eval,0.9953683614730835
${DATA_ROOT}/rvc_cm02/rvc_converted_wavs/rvc_outputs/rvc_903756_00402.wav,spoof,hi-en,903756,cm02,rvc,clean,eval,0.9982274174690247
${DATA_ROOT}/rvc_cm02/rvc_converted_wavs/rvc_outputs/rvc_903756_00403.wav,spoof,hi-en,903756,cm02,rvc,clean,eval,0.9995012283325195
${DATA_ROOT}/rvc_cm02/rvc_converted_wavs/rvc_outputs/rvc_903756_00405.wav,spoof,hi-en,903756,cm02,rvc,clean,eval,0.9992458820343018
${DATA_ROOT}/rvc_cm02/rvc_converted_wavs/rvc_outputs/rvc_903756_00406.wav,spoof,hi-en,903756,cm02,rvc,clean,eval,0.9996829032897949
${DATA_ROOT}/rvc_cm02/rvc_converted_wavs/rvc_outputs/rvc_903756_00407.wav,spoof,hi-en,903756,cm02,rvc,clean,eval,0.9991412162780762
${DATA_ROOT}/rvc_cm02/rvc_converted_wavs/rvc_outputs/rvc_903756_00408.wav,spoof,hi-en,903756,cm02,rvc,clean,eval,0.999552309513092
${DATA_ROOT}/rvc_cm02/rvc_converted_wavs/rvc_outputs/rvc_903756_00409.wav,spoof,hi-en,903756,cm02,rvc,clean,eval,0.9995493292808533
${DATA_ROOT}/rvc_cm02/rvc_converted_wavs/rvc_outputs/rvc_903756_00410.wav,spoof,hi-en,903756,cm02,rvc,clean,eval,0.001247664913535118
${DATA_ROOT}/rvc_cm02/rvc_converted_wavs/rvc_outputs/rvc_903756_00411.wav,spoof,hi-en,903756,cm02,rvc,clean,eval,0.9995191097259521
${DATA_ROOT}/rvc_cm02/rvc_converted_wavs/rvc_outputs/rvc_903756_00412.wav,spoof,hi-en,903756,cm02,rvc,clean,eval,0.9992314577102661
${DATA_ROOT}/rvc_cm02/rvc_converted_wavs/rvc_outputs/rvc_903756_00413.wav,spoof,hi-en,903756,cm02,rvc,clean,eval,0.9995272159576416
${DATA_ROOT}/rvc_cm02/rvc_converted_wavs/rvc_outputs/rvc_903756_00414.wav,spoof,hi-en,903756,cm02,rvc,clean,eval,0.9997157454490662
${DATA_ROOT}/rvc_cm02/rvc_converted_wavs/rvc_outputs/rvc_903756_00415.wav,spoof,hi-en,903756,cm02,rvc,clean,eval,0.9993290901184082
${DATA_ROOT}/rvc_cm02/rvc_converted_wavs/rvc_outputs/rvc_903756_00416.wav,spoof,hi-en,903756,cm02,rvc,clean,eval,0.9996861219406128
${DATA_ROOT}/rvc_cm02/rvc_converted_wavs/rvc_outputs/rvc_903756_00417.wav,spoof,hi-en,903756,cm02,rvc,clean,eval,0.9998530149459839
${DATA_ROOT}/rvc_cm02/rvc_converted_wavs/rvc_outputs/rvc_903756_00418.wav,spoof,hi-en,903756,cm02,rvc,clean,eval,0.9995513558387756
${DATA_ROOT}/rvc_cm02/rvc_converted_wavs/rvc_outputs/rvc_903756_00419.wav,spoof,hi-en,903756,cm02,rvc,clean,eval,0.9993282556533813
${DATA_ROOT}/rvc_cm02/rvc_converted_wavs/rvc_outputs/rvc_903756_00420.wav,spoof,hi-en,903756,cm02,rvc,clean,eval,0.9993672966957092
${DATA_ROOT}/rvc_cm02/rvc_converted_wavs/rvc_outputs/rvc_903756_00421.wav,spoof,hi-en,903756,cm02,rvc,clean,eval,0.9995244741439819
${DATA_ROOT}/rvc_cm02/rvc_converted_wavs/rvc_outputs/rvc_903756_00422.wav,spoof,hi-en,903756,cm02,rvc,clean,eval,0.9996094107627869
${DATA_ROOT}/rvc_cm02/rvc_converted_wavs/rvc_outputs/rvc_903756_00423.wav,spoof,hi-en,903756,cm02,rvc,clean,eval,0.11450960487127304
${DATA_ROOT}/rvc_cm02/rvc_converted_wavs/rvc_outputs/rvc_903756_00424.wav,spoof,hi-en,903756,cm02,rvc,clean,eval,0.999651312828064
${DATA_ROOT}/rvc_cm02/rvc_converted_wavs/rvc_outputs/rvc_903756_00425.wav,spoof,hi-en,903756,cm02,rvc,clean,eval,0.9991123080253601
${DATA_ROOT}/rvc_cm02/rvc_converted_wavs/rvc_outputs/rvc_903756_00426.wav,spoof,hi-en,903756,cm02,rvc,clean,eval,0.9950779676437378
${DATA_ROOT}/rvc_cm02/rvc_converted_wavs/rvc_outputs/rvc_903756_00427.wav,spoof,hi-en,903756,cm02,rvc,clean,eval,0.9992069602012634
${DATA_ROOT}/rvc_cm02/rvc_converted_wavs/rvc_outputs/rvc_903756_00428.wav,spoof,hi-en,903756,cm02,rvc,clean,eval,0.9993650317192078
${DATA_ROOT}/rvc_cm02/rvc_converted_wavs/rvc_outputs/rvc_903756_00429.wav,spoof,hi-en,903756,cm02,rvc,clean,eval,0.9996436834335327
${DATA_ROOT}/rvc_cm02/rvc_converted_wavs/rvc_outputs/rvc_903756_00430.wav,spoof,hi-en,903756,cm02,rvc,clean,eval,0.9993728995323181
${DATA_ROOT}/rvc_cm02/rvc_converted_wavs/rvc_outputs/rvc_903756_00431.wav,spoof,hi-en,903756,cm02,rvc,clean,eval,0.9995719790458679
${DATA_ROOT}/rvc_cm02/rvc_converted_wavs/rvc_outputs/rvc_903756_00432.wav,spoof,hi-en,903756,cm02,rvc,clean,eval,0.9989411234855652
${DATA_ROOT}/rvc_cm02/rvc_converted_wavs/rvc_outputs/rvc_903756_00433.wav,spoof,hi-en,903756,cm02,rvc,clean,eval,0.9605332612991333
${DATA_ROOT}/rvc_cm02/rvc_converted_wavs/rvc_outputs/rvc_903756_00434.wav,spoof,hi-en,903756,cm02,rvc,clean,eval,0.7686359286308289
${DATA_ROOT}/rvc_cm02/rvc_converted_wavs/rvc_outputs/rvc_903756_00435.wav,spoof,hi-en,903756,cm02,rvc,clean,eval,0.9981867671012878
${DATA_ROOT}/rvc_cm02/rvc_converted_wavs/rvc_outputs/rvc_903756_00436.wav,spoof,hi-en,903756,cm02,rvc,clean,eval,0.9995023012161255
${DATA_ROOT}/rvc_cm02/rvc_converted_wavs/rvc_outputs/rvc_903756_00437.wav,spoof,hi-en,903756,cm02,rvc,clean,eval,0.9995893836021423
${DATA_ROOT}/rvc_cm02/rvc_converted_wavs/rvc_outputs/rvc_903756_00438.wav,spoof,hi-en,903756,cm02,rvc,clean,eval,0.9996016621589661
${DATA_ROOT}/rvc_cm02/rvc_converted_wavs/rvc_outputs/rvc_903756_00439.wav,spoof,hi-en,903756,cm02,rvc,clean,eval,0.9996591806411743
${DATA_ROOT}/rvc_cm02/rvc_converted_wavs/rvc_outputs/rvc_903756_00440.wav,spoof,hi-en,903756,cm02,rvc,clean,eval,0.9985895752906799
${DATA_ROOT}/rvc_cm02/rvc_converted_wavs/rvc_outputs/rvc_903756_00441.wav,spoof,hi-en,903756,cm02,rvc,clean,eval,0.9994953870773315
${DATA_ROOT}/rvc_cm02/rvc_converted_wavs/rvc_outputs/rvc_903756_00442.wav,spoof,hi-en,903756,cm02,rvc,clean,eval,0.9994221925735474
${DATA_ROOT}/rvc_cm02/rvc_converted_wavs/rvc_outputs/rvc_903756_00443.wav,spoof,hi-en,903756,cm02,rvc,clean,eval,0.9996148347854614
${DATA_ROOT}/rvc_cm02/rvc_converted_wavs/rvc_outputs/rvc_903756_00444.wav,spoof,hi-en,903756,cm02,rvc,clean,eval,0.9996199607849121
${DATA_ROOT}/rvc_cm02/rvc_converted_wavs/rvc_outputs/rvc_903756_00446.wav,spoof,hi-en,903756,cm02,rvc,clean,eval,0.9989013671875
${DATA_ROOT}/rvc_cm02/rvc_converted_wavs/rvc_outputs/rvc_903756_00447.wav,spoof,hi-en,903756,cm02,rvc,clean,eval,0.8661125898361206
${DATA_ROOT}/rvc_cm02/rvc_converted_wavs/rvc_outputs/rvc_903756_00448.wav,spoof,hi-en,903756,cm02,rvc,clean,eval,0.9992152452468872
${DATA_ROOT}/rvc_cm02/rvc_converted_wavs/rvc_outputs/rvc_903756_00449.wav,spoof,hi-en,903756,cm02,rvc,clean,eval,0.9990440011024475
${DATA_ROOT}/rvc_cm02/rvc_converted_wavs/rvc_outputs/rvc_903756_00450.wav,spoof,hi-en,903756,cm02,rvc,clean,eval,0.996910035610199
${DATA_ROOT}/rvc_cm02/rvc_converted_wavs/rvc_outputs/rvc_903756_00451.wav,spoof,hi-en,903756,cm02,rvc,clean,eval,0.9996705055236816
${DATA_ROOT}/rvc_cm02/rvc_converted_wavs/rvc_outputs/rvc_903756_00452.wav,spoof,hi-en,903756,cm02,rvc,clean,eval,0.9988812804222107
${DATA_ROOT}/rvc_cm02/rvc_converted_wavs/rvc_outputs/rvc_903756_00453.wav,spoof,hi-en,903756,cm02,rvc,clean,eval,0.9996768236160278
${DATA_ROOT}/rvc_cm02/rvc_converted_wavs/rvc_outputs/rvc_903756_00454.wav,spoof,hi-en,903756,cm02,rvc,clean,eval,0.9985430240631104
${DATA_ROOT}/rvc_cm02/rvc_converted_wavs/rvc_outputs/rvc_903756_00455.wav,spoof,hi-en,903756,cm02,rvc,clean,eval,0.9994340538978577
${DATA_ROOT}/rvc_cm02/rvc_converted_wavs/rvc_outputs/rvc_903756_00456.wav,spoof,hi-en,903756,cm02,rvc,clean,eval,0.9995436072349548
${DATA_ROOT}/rvc_cm02/rvc_converted_wavs/rvc_outputs/rvc_903756_00457.wav,spoof,hi-en,903756,cm02,rvc,clean,eval,0.9987040758132935
${DATA_ROOT}/rvc_cm02/rvc_converted_wavs/rvc_outputs/rvc_903756_00458.wav,spoof,hi-en,903756,cm02,rvc,clean,eval,0.0013167571742087603
${DATA_ROOT}/rvc_cm02/rvc_converted_wavs/rvc_outputs/rvc_903756_00459.wav,spoof,hi-en,903756,cm02,rvc,clean,eval,0.9997187256813049
${DATA_ROOT}/rvc_cm02/rvc_converted_wavs/rvc_outputs/rvc_903756_00460.wav,spoof,hi-en,903756,cm02,rvc,clean,eval,0.9995933175086975
${DATA_ROOT}/rvc_cm02/rvc_converted_wavs/rvc_outputs/rvc_903756_00461.wav,spoof,hi-en,903756,cm02,rvc,clean,eval,0.999309778213501
${DATA_ROOT}/rvc_cm02/rvc_converted_wavs/rvc_outputs/rvc_903756_00462.wav,spoof,hi-en,903756,cm02,rvc,clean,eval,0.9996284246444702
${DATA_ROOT}/rvc_cm02/rvc_converted_wavs/rvc_outputs/rvc_903756_00463.wav,spoof,hi-en,903756,cm02,rvc,clean,eval,0.9993045330047607
${DATA_ROOT}/rvc_cm02/rvc_converted_wavs/rvc_outputs/rvc_903756_00464.wav,spoof,hi-en,903756,cm02,rvc,clean,eval,0.9992979764938354
${DATA_ROOT}/rvc_cm02/rvc_converted_wavs/rvc_outputs/rvc_903756_00465.wav,spoof,hi-en,903756,cm02,rvc,clean,eval,0.9996705055236816
${DATA_ROOT}/rvc_cm02/rvc_converted_wavs/rvc_outputs/rvc_903756_00466.wav,spoof,hi-en,903756,cm02,rvc,clean,eval,0.9983891248703003
${DATA_ROOT}/rvc_cm02/rvc_converted_wavs/rvc_outputs/rvc_903756_00467.wav,spoof,hi-en,903756,cm02,rvc,clean,eval,0.9991868138313293
${DATA_ROOT}/rvc_cm02/rvc_converted_wavs/rvc_outputs/rvc_903756_00468.wav,spoof,hi-en,903756,cm02,rvc,clean,eval,0.9994845390319824
${DATA_ROOT}/rvc_cm02/rvc_converted_wavs/rvc_outputs/rvc_903756_00469.wav,spoof,hi-en,903756,cm02,rvc,clean,eval,0.9990735054016113
${DATA_ROOT}/rvc_cm02/rvc_converted_wavs/rvc_outputs/rvc_903756_00470.wav,spoof,hi-en,903756,cm02,rvc,clean,eval,0.9991793036460876
${DATA_ROOT}/rvc_cm02/rvc_converted_wavs/rvc_outputs/rvc_903756_00471.wav,spoof,hi-en,903756,cm02,rvc,clean,eval,0.9720190763473511
${DATA_ROOT}/rvc_cm02/rvc_converted_wavs/rvc_outputs/rvc_903756_00472.wav,spoof,hi-en,903756,cm02,rvc,clean,eval,0.9995142221450806
${DATA_ROOT}/rvc_cm02/rvc_converted_wavs/rvc_outputs/rvc_903756_00473.wav,spoof,hi-en,903756,cm02,rvc,clean,eval,0.9967813491821289
${DATA_ROOT}/rvc_cm02/rvc_converted_wavs/rvc_outputs/rvc_903756_00475.wav,spoof,hi-en,903756,cm02,rvc,clean,eval,0.9996620416641235
${DATA_ROOT}/rvc_cm02/rvc_converted_wavs/rvc_outputs/rvc_903756_00476.wav,spoof,hi-en,903756,cm02,rvc,clean,eval,0.999593198299408
${DATA_ROOT}/rvc_cm02/rvc_converted_wavs/rvc_outputs/rvc_903756_00477.wav,spoof,hi-en,903756,cm02,rvc,clean,eval,0.9996672868728638
${DATA_ROOT}/rvc_cm02/rvc_converted_wavs/rvc_outputs/rvc_903756_00478.wav,spoof,hi-en,903756,cm02,rvc,clean,eval,0.9987775683403015
${DATA_ROOT}/rvc_cm02/rvc_converted_wavs/rvc_outputs/rvc_903756_00479.wav,spoof,hi-en,903756,cm02,rvc,clean,eval,0.9995081424713135
${DATA_ROOT}/rvc_cm02/rvc_converted_wavs/rvc_outputs/rvc_903756_00480.wav,spoof,hi-en,903756,cm02,rvc,clean,eval,0.9992864727973938
${DATA_ROOT}/rvc_cm02/rvc_converted_wavs/rvc_outputs/rvc_903756_00481.wav,spoof,hi-en,903756,cm02,rvc,clean,eval,0.9994326233863831
${DATA_ROOT}/rvc_cm02/rvc_converted_wavs/rvc_outputs/rvc_903756_00482.wav,spoof,hi-en,903756,cm02,rvc,clean,eval,0.004942548926919699
${DATA_ROOT}/rvc_cm02/rvc_converted_wavs/rvc_outputs/rvc_903756_00483.wav,spoof,hi-en,903756,cm02,rvc,clean,eval,0.9993166923522949
${DATA_ROOT}/rvc_cm02/rvc_converted_wavs/rvc_outputs/rvc_903756_00484.wav,spoof,hi-en,903756,cm02,rvc,clean,eval,0.9868727922439575
${DATA_ROOT}/rvc_cm02/rvc_converted_wavs/rvc_outputs/rvc_903756_00485.wav,spoof,hi-en,903756,cm02,rvc,clean,eval,0.9996383190155029
${DATA_ROOT}/rvc_cm02/rvc_converted_wavs/rvc_outputs/rvc_903756_00486.wav,spoof,hi-en,903756,cm02,rvc,clean,eval,0.9983903169631958
${DATA_ROOT}/rvc_cm02/rvc_converted_wavs/rvc_outputs/rvc_903756_00487.wav,spoof,hi-en,903756,cm02,rvc,clean,eval,0.9901975393295288
${DATA_ROOT}/rvc_cm02/rvc_converted_wavs/rvc_outputs/rvc_903756_00488.wav,spoof,hi-en,903756,cm02,rvc,clean,eval,0.9994142055511475
${DATA_ROOT}/rvc_cm02/rvc_converted_wavs/rvc_outputs/rvc_903756_00489.wav,spoof,hi-en,903756,cm02,rvc,clean,eval,0.9991422891616821
${DATA_ROOT}/rvc_cm02/rvc_converted_wavs/rvc_outputs/rvc_903756_00490.wav,spoof,hi-en,903756,cm02,rvc,clean,eval,0.9994725584983826
${DATA_ROOT}/rvc_cm02/rvc_converted_wavs/rvc_outputs/rvc_903756_00491.wav,spoof,hi-en,903756,cm02,rvc,clean,eval,0.9993724226951599
${DATA_ROOT}/rvc_cm02/rvc_converted_wavs/rvc_outputs/rvc_903756_00492.wav,spoof,hi-en,903756,cm02,rvc,clean,eval,0.9993032217025757
${DATA_ROOT}/rvc_cm02/rvc_converted_wavs/rvc_outputs/rvc_903756_00494.wav,spoof,hi-en,903756,cm02,rvc,clean,eval,0.9992406368255615
${DATA_ROOT}/rvc_cm02/rvc_converted_wavs/rvc_outputs/rvc_903756_00495.wav,spoof,hi-en,903756,cm02,rvc,clean,eval,0.9203068614006042
${DATA_ROOT}/rvc_cm02/rvc_converted_wavs/rvc_outputs/rvc_903756_00496.wav,spoof,hi-en,903756,cm02,rvc,clean,eval,0.999021053314209
${DATA_ROOT}/rvc_cm02/rvc_converted_wavs/rvc_outputs/rvc_903756_00497.wav,spoof,hi-en,903756,cm02,rvc,clean,eval,0.9995743632316589
${DATA_ROOT}/rvc_cm02/rvc_converted_wavs/rvc_outputs/rvc_903756_00498.wav,spoof,hi-en,903756,cm02,rvc,clean,eval,0.7748824954032898
${DATA_ROOT}/rvc_cm02/rvc_converted_wavs/rvc_outputs/rvc_903756_00499.wav,spoof,hi-en,903756,cm02,rvc,clean,eval,0.9995194673538208
${DATA_ROOT}/rvc_cm02/rvc_converted_wavs/rvc_outputs/rvc_903756_00500.wav,spoof,hi-en,903756,cm02,rvc,clean,eval,0.9995742440223694
${DATA_ROOT}/rvc_cm02/rvc_converted_wavs/rvc_outputs/rvc_322882_00501.wav,spoof,hi-en,322882,cm02,rvc,clean,eval,0.9955756664276123
${DATA_ROOT}/rvc_cm02/rvc_converted_wavs/rvc_outputs/rvc_322882_00502.wav,spoof,hi-en,322882,cm02,rvc,clean,eval,0.9993752837181091
${DATA_ROOT}/rvc_cm02/rvc_converted_wavs/rvc_outputs/rvc_322882_00503.wav,spoof,hi-en,322882,cm02,rvc,clean,eval,0.3186146914958954
${DATA_ROOT}/rvc_cm02/rvc_converted_wavs/rvc_outputs/rvc_322882_00504.wav,spoof,hi-en,322882,cm02,rvc,clean,eval,0.9975793957710266
${DATA_ROOT}/rvc_cm02/rvc_converted_wavs/rvc_outputs/rvc_322882_00505.wav,spoof,hi-en,322882,cm02,rvc,clean,eval,0.9994877576828003
${DATA_ROOT}/rvc_cm02/rvc_converted_wavs/rvc_outputs/rvc_322882_00506.wav,spoof,hi-en,322882,cm02,rvc,clean,eval,0.99947589635849
${DATA_ROOT}/rvc_cm02/rvc_converted_wavs/rvc_outputs/rvc_322882_00508.wav,spoof,hi-en,322882,cm02,rvc,clean,eval,0.9985394477844238
${DATA_ROOT}/rvc_cm02/rvc_converted_wavs/rvc_outputs/rvc_322882_00509.wav,spoof,hi-en,322882,cm02,rvc,clean,eval,0.9993295669555664
${DATA_ROOT}/rvc_cm02/rvc_converted_wavs/rvc_outputs/rvc_322882_00510.wav,spoof,hi-en,322882,cm02,rvc,clean,eval,0.9975995421409607
${DATA_ROOT}/rvc_cm02/rvc_converted_wavs/rvc_outputs/rvc_322882_00511.wav,spoof,hi-en,322882,cm02,rvc,clean,eval,0.9834549427032471
${DATA_ROOT}/rvc_cm02/rvc_converted_wavs/rvc_outputs/rvc_322882_00512.wav,spoof,hi-en,322882,cm02,rvc,clean,eval,0.9923210740089417
${DATA_ROOT}/rvc_cm02/rvc_converted_wavs/rvc_outputs/rvc_322882_00513.wav,spoof,hi-en,322882,cm02,rvc,clean,eval,0.998805046081543
${DATA_ROOT}/rvc_cm02/rvc_converted_wavs/rvc_outputs/rvc_322882_00514.wav,spoof,hi-en,322882,cm02,rvc,clean,eval,0.9991316199302673
${DATA_ROOT}/rvc_cm02/rvc_converted_wavs/rvc_outputs/rvc_322882_00515.wav,spoof,hi-en,322882,cm02,rvc,clean,eval,0.9989917874336243
${DATA_ROOT}/rvc_cm02/rvc_converted_wavs/rvc_outputs/rvc_322882_00516.wav,spoof,hi-en,322882,cm02,rvc,clean,eval,0.9993036985397339
${DATA_ROOT}/rvc_cm02/rvc_converted_wavs/rvc_outputs/rvc_322882_00517.wav,spoof,hi-en,322882,cm02,rvc,clean,eval,0.9985175728797913
${DATA_ROOT}/rvc_cm02/rvc_converted_wavs/rvc_outputs/rvc_322882_00518.wav,spoof,hi-en,322882,cm02,rvc,clean,eval,0.0008335468010045588
${DATA_ROOT}/rvc_cm02/rvc_converted_wavs/rvc_outputs/rvc_322882_00519.wav,spoof,hi-en,322882,cm02,rvc,clean,eval,0.983107328414917
${DATA_ROOT}/rvc_cm02/rvc_converted_wavs/rvc_outputs/rvc_322882_00521.wav,spoof,hi-en,322882,cm02,rvc,clean,eval,0.9986683130264282
${DATA_ROOT}/rvc_cm02/rvc_converted_wavs/rvc_outputs/rvc_322882_00522.wav,spoof,hi-en,322882,cm02,rvc,clean,eval,0.8299769163131714
${DATA_ROOT}/rvc_cm02/rvc_converted_wavs/rvc_outputs/rvc_322882_00523.wav,spoof,hi-en,322882,cm02,rvc,clean,eval,0.998737633228302
${DATA_ROOT}/rvc_cm02/rvc_converted_wavs/rvc_outputs/rvc_322882_00524.wav,spoof,hi-en,322882,cm02,rvc,clean,eval,0.12925882637500763
${DATA_ROOT}/rvc_cm02/rvc_converted_wavs/rvc_outputs/rvc_322882_00525.wav,spoof,hi-en,322882,cm02,rvc,clean,eval,0.9994357228279114
${DATA_ROOT}/rvc_cm02/rvc_converted_wavs/rvc_outputs/rvc_322882_00526.wav,spoof,hi-en,322882,cm02,rvc,clean,eval,0.9994232654571533
${DATA_ROOT}/rvc_cm02/rvc_converted_wavs/rvc_outputs/rvc_322882_00527.wav,spoof,hi-en,322882,cm02,rvc,clean,eval,0.9963280558586121
${DATA_ROOT}/rvc_cm02/rvc_converted_wavs/rvc_outputs/rvc_322882_00528.wav,spoof,hi-en,322882,cm02,rvc,clean,eval,0.9993671774864197
${DATA_ROOT}/rvc_cm02/rvc_converted_wavs/rvc_outputs/rvc_322882_00529.wav,spoof,hi-en,322882,cm02,rvc,clean,eval,0.9983513355255127
${DATA_ROOT}/rvc_cm02/rvc_converted_wavs/rvc_outputs/rvc_322882_00530.wav,spoof,hi-en,322882,cm02,rvc,clean,eval,0.9994827508926392
${DATA_ROOT}/rvc_cm02/rvc_converted_wavs/rvc_outputs/rvc_322882_00533.wav,spoof,hi-en,322882,cm02,rvc,clean,eval,0.9994391798973083
${DATA_ROOT}/rvc_cm02/rvc_converted_wavs/rvc_outputs/rvc_322882_00534.wav,spoof,hi-en,322882,cm02,rvc,clean,eval,0.03398115187883377
${DATA_ROOT}/rvc_cm02/rvc_converted_wavs/rvc_outputs/rvc_322882_00536.wav,spoof,hi-en,322882,cm02,rvc,clean,eval,0.9992305040359497
${DATA_ROOT}/rvc_cm02/rvc_converted_wavs/rvc_outputs/rvc_322882_00537.wav,spoof,hi-en,322882,cm02,rvc,clean,eval,0.9991834759712219
${DATA_ROOT}/rvc_cm02/rvc_converted_wavs/rvc_outputs/rvc_322882_00538.wav,spoof,hi-en,322882,cm02,rvc,clean,eval,0.9991952776908875
${DATA_ROOT}/rvc_cm02/rvc_converted_wavs/rvc_outputs/rvc_322882_00539.wav,spoof,hi-en,322882,cm02,rvc,clean,eval,0.9992098808288574
${DATA_ROOT}/rvc_cm02/rvc_converted_wavs/rvc_outputs/rvc_322882_00540.wav,spoof,hi-en,322882,cm02,rvc,clean,eval,0.9944283962249756
${DATA_ROOT}/rvc_cm02/rvc_converted_wavs/rvc_outputs/rvc_322882_00541.wav,spoof,hi-en,322882,cm02,rvc,clean,eval,0.9990983009338379
${DATA_ROOT}/rvc_cm02/rvc_converted_wavs/rvc_outputs/rvc_322882_00543.wav,spoof,hi-en,322882,cm02,rvc,clean,eval,0.998460054397583
${DATA_ROOT}/rvc_cm02/rvc_converted_wavs/rvc_outputs/rvc_322882_00545.wav,spoof,hi-en,322882,cm02,rvc,clean,eval,0.9993919134140015
${DATA_ROOT}/rvc_cm02/rvc_converted_wavs/rvc_outputs/rvc_322882_00546.wav,spoof,hi-en,322882,cm02,rvc,clean,eval,0.8680732250213623
${DATA_ROOT}/rvc_cm02/rvc_converted_wavs/rvc_outputs/rvc_322882_00547.wav,spoof,hi-en,322882,cm02,rvc,clean,eval,0.9995655417442322
${DATA_ROOT}/rvc_cm02/rvc_converted_wavs/rvc_outputs/rvc_322882_00549.wav,spoof,hi-en,322882,cm02,rvc,clean,eval,0.9990440011024475
${DATA_ROOT}/rvc_cm02/rvc_converted_wavs/rvc_outputs/rvc_322882_00550.wav,spoof,hi-en,322882,cm02,rvc,clean,eval,0.9963347911834717
${DATA_ROOT}/rvc_cm02/rvc_converted_wavs/rvc_outputs/rvc_322882_00551.wav,spoof,hi-en,322882,cm02,rvc,clean,eval,0.9980564117431641
${DATA_ROOT}/rvc_cm02/rvc_converted_wavs/rvc_outputs/rvc_322882_00552.wav,spoof,hi-en,322882,cm02,rvc,clean,eval,0.9996750354766846
${DATA_ROOT}/rvc_cm02/rvc_converted_wavs/rvc_outputs/rvc_322882_00553.wav,spoof,hi-en,322882,cm02,rvc,clean,eval,0.9887794256210327
${DATA_ROOT}/rvc_cm02/rvc_converted_wavs/rvc_outputs/rvc_322882_00554.wav,spoof,hi-en,322882,cm02,rvc,clean,eval,0.9965432286262512
${DATA_ROOT}/rvc_cm02/rvc_converted_wavs/rvc_outputs/rvc_322882_00555.wav,spoof,hi-en,322882,cm02,rvc,clean,eval,0.999546468257904
${DATA_ROOT}/rvc_cm02/rvc_converted_wavs/rvc_outputs/rvc_322882_00556.wav,spoof,hi-en,322882,cm02,rvc,clean,eval,0.9994331002235413
${DATA_ROOT}/rvc_cm02/rvc_converted_wavs/rvc_outputs/rvc_322882_00557.wav,spoof,hi-en,322882,cm02,rvc,clean,eval,0.9990142583847046
${DATA_ROOT}/rvc_cm02/rvc_converted_wavs/rvc_outputs/rvc_322882_00558.wav,spoof,hi-en,322882,cm02,rvc,clean,eval,0.9695926308631897
${DATA_ROOT}/rvc_cm02/rvc_converted_wavs/rvc_outputs/rvc_322882_00559.wav,spoof,hi-en,322882,cm02,rvc,clean,eval,0.9995229244232178
${DATA_ROOT}/rvc_cm02/rvc_converted_wavs/rvc_outputs/rvc_322882_00561.wav,spoof,hi-en,322882,cm02,rvc,clean,eval,0.9995102882385254
${DATA_ROOT}/rvc_cm02/rvc_converted_wavs/rvc_outputs/rvc_322882_00562.wav,spoof,hi-en,322882,cm02,rvc,clean,eval,0.9984405636787415
${DATA_ROOT}/rvc_cm02/rvc_converted_wavs/rvc_outputs/rvc_322882_00563.wav,spoof,hi-en,322882,cm02,rvc,clean,eval,0.833884596824646
${DATA_ROOT}/rvc_cm02/rvc_converted_wavs/rvc_outputs/rvc_322882_00564.wav,spoof,hi-en,322882,cm02,rvc,clean,eval,0.9988603591918945
${DATA_ROOT}/rvc_cm02/rvc_converted_wavs/rvc_outputs/rvc_322882_00565.wav,spoof,hi-en,322882,cm02,rvc,clean,eval,0.999167799949646
${DATA_ROOT}/rvc_cm02/rvc_converted_wavs/rvc_outputs/rvc_322882_00566.wav,spoof,hi-en,322882,cm02,rvc,clean,eval,0.001065386226400733
${DATA_ROOT}/rvc_cm02/rvc_converted_wavs/rvc_outputs/rvc_322882_00568.wav,spoof,hi-en,322882,cm02,rvc,clean,eval,0.9996529817581177
${DATA_ROOT}/rvc_cm02/rvc_converted_wavs/rvc_outputs/rvc_322882_00570.wav,spoof,hi-en,322882,cm02,rvc,clean,eval,0.9990758895874023
${DATA_ROOT}/rvc_cm02/rvc_converted_wavs/rvc_outputs/rvc_322882_00571.wav,spoof,hi-en,322882,cm02,rvc,clean,eval,0.9996017813682556
${DATA_ROOT}/rvc_cm02/rvc_converted_wavs/rvc_outputs/rvc_322882_00572.wav,spoof,hi-en,322882,cm02,rvc,clean,eval,0.0025222445838153362
${DATA_ROOT}/rvc_cm02/rvc_converted_wavs/rvc_outputs/rvc_322882_00573.wav,spoof,hi-en,322882,cm02,rvc,clean,eval,0.999617338180542
${DATA_ROOT}/rvc_cm02/rvc_converted_wavs/rvc_outputs/rvc_322882_00574.wav,spoof,hi-en,322882,cm02,rvc,clean,eval,0.9994235038757324
${DATA_ROOT}/rvc_cm02/rvc_converted_wavs/rvc_outputs/rvc_322882_00575.wav,spoof,hi-en,322882,cm02,rvc,clean,eval,0.9984051585197449
${DATA_ROOT}/rvc_cm02/rvc_converted_wavs/rvc_outputs/rvc_322882_00576.wav,spoof,hi-en,322882,cm02,rvc,clean,eval,0.8755046725273132
${DATA_ROOT}/rvc_cm02/rvc_converted_wavs/rvc_outputs/rvc_322882_00577.wav,spoof,hi-en,322882,cm02,rvc,clean,eval,0.9985504746437073
${DATA_ROOT}/rvc_cm02/rvc_converted_wavs/rvc_outputs/rvc_322882_00578.wav,spoof,hi-en,322882,cm02,rvc,clean,eval,0.9993475079536438
${DATA_ROOT}/rvc_cm02/rvc_converted_wavs/rvc_outputs/rvc_322882_00579.wav,spoof,hi-en,322882,cm02,rvc,clean,eval,0.9995399713516235
${DATA_ROOT}/rvc_cm02/rvc_converted_wavs/rvc_outputs/rvc_322882_00580.wav,spoof,hi-en,322882,cm02,rvc,clean,eval,0.9952641725540161
${DATA_ROOT}/rvc_cm02/rvc_converted_wavs/rvc_outputs/rvc_322882_00581.wav,spoof,hi-en,322882,cm02,rvc,clean,eval,0.7939297556877136
${DATA_ROOT}/rvc_cm02/rvc_converted_wavs/rvc_outputs/rvc_322882_00582.wav,spoof,hi-en,322882,cm02,rvc,clean,eval,0.0013411708641797304
${DATA_ROOT}/rvc_cm02/rvc_converted_wavs/rvc_outputs/rvc_322882_00583.wav,spoof,hi-en,322882,cm02,rvc,clean,eval,0.9996821880340576
${DATA_ROOT}/rvc_cm02/rvc_converted_wavs/rvc_outputs/rvc_322882_00584.wav,spoof,hi-en,322882,cm02,rvc,clean,eval,0.9794110655784607
${DATA_ROOT}/rvc_cm02/rvc_converted_wavs/rvc_outputs/rvc_322882_00585.wav,spoof,hi-en,322882,cm02,rvc,clean,eval,0.9995835423469543
${DATA_ROOT}/rvc_cm02/rvc_converted_wavs/rvc_outputs/rvc_322882_00586.wav,spoof,hi-en,322882,cm02,rvc,clean,eval,0.9994089603424072
${DATA_ROOT}/rvc_cm02/rvc_converted_wavs/rvc_outputs/rvc_322882_00587.wav,spoof,hi-en,322882,cm02,rvc,clean,eval,0.9994239807128906
${DATA_ROOT}/rvc_cm02/rvc_converted_wavs/rvc_outputs/rvc_322882_00588.wav,spoof,hi-en,322882,cm02,rvc,clean,eval,0.9994677901268005
${DATA_ROOT}/rvc_cm02/rvc_converted_wavs/rvc_outputs/rvc_322882_00589.wav,spoof,hi-en,322882,cm02,rvc,clean,eval,0.9915140867233276
${DATA_ROOT}/rvc_cm02/rvc_converted_wavs/rvc_outputs/rvc_322882_00590.wav,spoof,hi-en,322882,cm02,rvc,clean,eval,0.9994476437568665
${DATA_ROOT}/rvc_cm02/rvc_converted_wavs/rvc_outputs/rvc_322882_00591.wav,spoof,hi-en,322882,cm02,rvc,clean,eval,0.9993579983711243
${DATA_ROOT}/rvc_cm02/rvc_converted_wavs/rvc_outputs/rvc_322882_00592.wav,spoof,hi-en,322882,cm02,rvc,clean,eval,0.9993610978126526
${DATA_ROOT}/rvc_cm02/rvc_converted_wavs/rvc_outputs/rvc_322882_00593.wav,spoof,hi-en,322882,cm02,rvc,clean,eval,0.9922059178352356
${DATA_ROOT}/rvc_cm02/rvc_converted_wavs/rvc_outputs/rvc_322882_00594.wav,spoof,hi-en,322882,cm02,rvc,clean,eval,0.9995073080062866
${DATA_ROOT}/rvc_cm02/rvc_converted_wavs/rvc_outputs/rvc_322882_00595.wav,spoof,hi-en,322882,cm02,rvc,clean,eval,0.9992628693580627
${DATA_ROOT}/rvc_cm02/rvc_converted_wavs/rvc_outputs/rvc_322882_00596.wav,spoof,hi-en,322882,cm02,rvc,clean,eval,0.001085984637029469
${DATA_ROOT}/rvc_cm02/rvc_converted_wavs/rvc_outputs/rvc_322882_00597.wav,spoof,hi-en,322882,cm02,rvc,clean,eval,0.9995194673538208
${DATA_ROOT}/rvc_cm02/rvc_converted_wavs/rvc_outputs/rvc_322882_00598.wav,spoof,hi-en,322882,cm02,rvc,clean,eval,0.9996585845947266
${DATA_ROOT}/rvc_cm02/rvc_converted_wavs/rvc_outputs/rvc_322882_00599.wav,spoof,hi-en,322882,cm02,rvc,clean,eval,0.9986066222190857
${DATA_ROOT}/rvc_cm02/rvc_converted_wavs/rvc_outputs/rvc_322882_00600.wav,spoof,hi-en,322882,cm02,rvc,clean,eval,0.9993174076080322
${DATA_ROOT}/rvc_cm02/rvc_converted_wavs/rvc_outputs/rvc_322882_00601.wav,spoof,hi-en,322882,cm02,rvc,clean,eval,0.9918609857559204
${DATA_ROOT}/rvc_cm02/rvc_converted_wavs/rvc_outputs/rvc_322882_00602.wav,spoof,hi-en,322882,cm02,rvc,clean,eval,0.9978030323982239
${DATA_ROOT}/rvc_cm02/rvc_converted_wavs/rvc_outputs/rvc_322882_00603.wav,spoof,hi-en,322882,cm02,rvc,clean,eval,0.0016956053441390395
${DATA_ROOT}/rvc_cm02/rvc_converted_wavs/rvc_outputs/rvc_322882_00604.wav,spoof,hi-en,322882,cm02,rvc,clean,eval,0.999599039554596
${DATA_ROOT}/rvc_cm02/rvc_converted_wavs/rvc_outputs/rvc_322882_00605.wav,spoof,hi-en,322882,cm02,rvc,clean,eval,0.9995504021644592
${DATA_ROOT}/rvc_cm02/rvc_converted_wavs/rvc_outputs/rvc_322882_00606.wav,spoof,hi-en,322882,cm02,rvc,clean,eval,0.9893627762794495
${DATA_ROOT}/rvc_cm02/rvc_converted_wavs/rvc_outputs/rvc_322882_00607.wav,spoof,hi-en,322882,cm02,rvc,clean,eval,0.9991808533668518
${DATA_ROOT}/rvc_cm02/rvc_converted_wavs/rvc_outputs/rvc_322882_00608.wav,spoof,hi-en,322882,cm02,rvc,clean,eval,0.9988996982574463
${DATA_ROOT}/rvc_cm02/rvc_converted_wavs/rvc_outputs/rvc_322882_00609.wav,spoof,hi-en,322882,cm02,rvc,clean,eval,0.9995564818382263
${DATA_ROOT}/rvc_cm02/rvc_converted_wavs/rvc_outputs/rvc_322882_00610.wav,spoof,hi-en,322882,cm02,rvc,clean,eval,0.9995736479759216
${DATA_ROOT}/rvc_cm02/rvc_converted_wavs/rvc_outputs/rvc_322882_00611.wav,spoof,hi-en,322882,cm02,rvc,clean,eval,0.9925446510314941
${DATA_ROOT}/rvc_cm02/rvc_converted_wavs/rvc_outputs/rvc_322882_00612.wav,spoof,hi-en,322882,cm02,rvc,clean,eval,0.9871039986610413
${DATA_ROOT}/rvc_cm02/rvc_converted_wavs/rvc_outputs/rvc_322882_00613.wav,spoof,hi-en,322882,cm02,rvc,clean,eval,0.9984620809555054
${DATA_ROOT}/rvc_cm02/rvc_converted_wavs/rvc_outputs/rvc_322882_00614.wav,spoof,hi-en,322882,cm02,rvc,clean,eval,0.7047498822212219
${DATA_ROOT}/rvc_cm02/rvc_converted_wavs/rvc_outputs/rvc_322882_00615.wav,spoof,hi-en,322882,cm02,rvc,clean,eval,0.9993497729301453
${DATA_ROOT}/rvc_cm02/rvc_converted_wavs/rvc_outputs/rvc_322882_00616.wav,spoof,hi-en,322882,cm02,rvc,clean,eval,0.9995284080505371
${DATA_ROOT}/rvc_cm02/rvc_converted_wavs/rvc_outputs/rvc_322882_00617.wav,spoof,hi-en,322882,cm02,rvc,clean,eval,0.9989093542098999
${DATA_ROOT}/rvc_cm02/rvc_converted_wavs/rvc_outputs/rvc_322882_00618.wav,spoof,hi-en,322882,cm02,rvc,clean,eval,0.9794106483459473
${DATA_ROOT}/rvc_cm02/rvc_converted_wavs/rvc_outputs/rvc_322882_00619.wav,spoof,hi-en,322882,cm02,rvc,clean,eval,0.9939277172088623
${DATA_ROOT}/rvc_cm02/rvc_converted_wavs/rvc_outputs/rvc_322882_00620.wav,spoof,hi-en,322882,cm02,rvc,clean,eval,0.3044258952140808
${DATA_ROOT}/rvc_cm02/rvc_converted_wavs/rvc_outputs/rvc_322882_00621.wav,spoof,hi-en,322882,cm02,rvc,clean,eval,0.999491810798645
${DATA_ROOT}/rvc_cm02/rvc_converted_wavs/rvc_outputs/rvc_322882_00622.wav,spoof,hi-en,322882,cm02,rvc,clean,eval,0.0255950465798378
${DATA_ROOT}/rvc_cm02/rvc_converted_wavs/rvc_outputs/rvc_322882_00624.wav,spoof,hi-en,322882,cm02,rvc,clean,eval,0.9880920648574829
${DATA_ROOT}/rvc_cm02/rvc_converted_wavs/rvc_outputs/rvc_322882_00625.wav,spoof,hi-en,322882,cm02,rvc,clean,eval,0.9991037249565125
${DATA_ROOT}/rvc_cm02/rvc_converted_wavs/rvc_outputs/rvc_996368_00626.wav,spoof,hi-en,996368,cm02,rvc,clean,eval,0.0008660040912218392
${DATA_ROOT}/rvc_cm02/rvc_converted_wavs/rvc_outputs/rvc_996368_00627.wav,spoof,hi-en,996368,cm02,rvc,clean,eval,0.000728064973372966
${DATA_ROOT}/rvc_cm02/rvc_converted_wavs/rvc_outputs/rvc_996368_00628.wav,spoof,hi-en,996368,cm02,rvc,clean,eval,0.9898255467414856
${DATA_ROOT}/rvc_cm02/rvc_converted_wavs/rvc_outputs/rvc_996368_00629.wav,spoof,hi-en,996368,cm02,rvc,clean,eval,0.0009610503329895437
${DATA_ROOT}/rvc_cm02/rvc_converted_wavs/rvc_outputs/rvc_996368_00630.wav,spoof,hi-en,996368,cm02,rvc,clean,eval,0.0006663151434622705
${DATA_ROOT}/rvc_cm02/rvc_converted_wavs/rvc_outputs/rvc_996368_00631.wav,spoof,hi-en,996368,cm02,rvc,clean,eval,0.9991624355316162
${DATA_ROOT}/rvc_cm02/rvc_converted_wavs/rvc_outputs/rvc_996368_00632.wav,spoof,hi-en,996368,cm02,rvc,clean,eval,0.9995970129966736
${DATA_ROOT}/rvc_cm02/rvc_converted_wavs/rvc_outputs/rvc_996368_00633.wav,spoof,hi-en,996368,cm02,rvc,clean,eval,0.9414060711860657
${DATA_ROOT}/rvc_cm02/rvc_converted_wavs/rvc_outputs/rvc_996368_00634.wav,spoof,hi-en,996368,cm02,rvc,clean,eval,0.0011397602502256632
${DATA_ROOT}/rvc_cm02/rvc_converted_wavs/rvc_outputs/rvc_996368_00635.wav,spoof,hi-en,996368,cm02,rvc,clean,eval,0.0020160269923508167
${DATA_ROOT}/rvc_cm02/rvc_converted_wavs/rvc_outputs/rvc_996368_00636.wav,spoof,hi-en,996368,cm02,rvc,clean,eval,0.9996434450149536
${DATA_ROOT}/rvc_cm02/rvc_converted_wavs/rvc_outputs/rvc_996368_00637.wav,spoof,hi-en,996368,cm02,rvc,clean,eval,0.0018872182117775083
${DATA_ROOT}/rvc_cm02/rvc_converted_wavs/rvc_outputs/rvc_996368_00639.wav,spoof,hi-en,996368,cm02,rvc,clean,eval,0.0008386388071812689
${DATA_ROOT}/rvc_cm02/rvc_converted_wavs/rvc_outputs/rvc_996368_00640.wav,spoof,hi-en,996368,cm02,rvc,clean,eval,0.0007210200419649482
${DATA_ROOT}/rvc_cm02/rvc_converted_wavs/rvc_outputs/rvc_996368_00641.wav,spoof,hi-en,996368,cm02,rvc,clean,eval,0.0011161668226122856
${DATA_ROOT}/rvc_cm02/rvc_converted_wavs/rvc_outputs/rvc_996368_00642.wav,spoof,hi-en,996368,cm02,rvc,clean,eval,0.0006979106110520661
${DATA_ROOT}/rvc_cm02/rvc_converted_wavs/rvc_outputs/rvc_996368_00643.wav,spoof,hi-en,996368,cm02,rvc,clean,eval,0.0006982862832956016
${DATA_ROOT}/rvc_cm02/rvc_converted_wavs/rvc_outputs/rvc_996368_00644.wav,spoof,hi-en,996368,cm02,rvc,clean,eval,0.9828717708587646
${DATA_ROOT}/rvc_cm02/rvc_converted_wavs/rvc_outputs/rvc_996368_00645.wav,spoof,hi-en,996368,cm02,rvc,clean,eval,0.9990484118461609
${DATA_ROOT}/rvc_cm02/rvc_converted_wavs/rvc_outputs/rvc_996368_00647.wav,spoof,hi-en,996368,cm02,rvc,clean,eval,0.0007999635417945683
${DATA_ROOT}/rvc_cm02/rvc_converted_wavs/rvc_outputs/rvc_996368_00648.wav,spoof,hi-en,996368,cm02,rvc,clean,eval,0.005249891430139542
${DATA_ROOT}/rvc_cm02/rvc_converted_wavs/rvc_outputs/rvc_996368_00649.wav,spoof,hi-en,996368,cm02,rvc,clean,eval,0.992522656917572
${DATA_ROOT}/rvc_cm02/rvc_converted_wavs/rvc_outputs/rvc_996368_00650.wav,spoof,hi-en,996368,cm02,rvc,clean,eval,0.1763932853937149
${DATA_ROOT}/rvc_cm02/rvc_converted_wavs/rvc_outputs/rvc_996368_00651.wav,spoof,hi-en,996368,cm02,rvc,clean,eval,0.0006732316105626523
${DATA_ROOT}/rvc_cm02/rvc_converted_wavs/rvc_outputs/rvc_996368_00652.wav,spoof,hi-en,996368,cm02,rvc,clean,eval,0.9993221759796143
${DATA_ROOT}/rvc_cm02/rvc_converted_wavs/rvc_outputs/rvc_996368_00653.wav,spoof,hi-en,996368,cm02,rvc,clean,eval,0.9994363188743591
${DATA_ROOT}/rvc_cm02/rvc_converted_wavs/rvc_outputs/rvc_996368_00654.wav,spoof,hi-en,996368,cm02,rvc,clean,eval,0.0015694316243752837
${DATA_ROOT}/rvc_cm02/rvc_converted_wavs/rvc_outputs/rvc_996368_00655.wav,spoof,hi-en,996368,cm02,rvc,clean,eval,0.011926468461751938
${DATA_ROOT}/rvc_cm02/rvc_converted_wavs/rvc_outputs/rvc_996368_00656.wav,spoof,hi-en,996368,cm02,rvc,clean,eval,0.013007535599172115
${DATA_ROOT}/rvc_cm02/rvc_converted_wavs/rvc_outputs/rvc_996368_00657.wav,spoof,hi-en,996368,cm02,rvc,clean,eval,0.9987926483154297
${DATA_ROOT}/rvc_cm02/rvc_converted_wavs/rvc_outputs/rvc_996368_00658.wav,spoof,hi-en,996368,cm02,rvc,clean,eval,0.0007866184459999204
${DATA_ROOT}/rvc_cm02/rvc_converted_wavs/rvc_outputs/rvc_996368_00659.wav,spoof,hi-en,996368,cm02,rvc,clean,eval,0.09493882209062576
${DATA_ROOT}/rvc_cm02/rvc_converted_wavs/rvc_outputs/rvc_996368_00660.wav,spoof,hi-en,996368,cm02,rvc,clean,eval,0.9995526671409607
${DATA_ROOT}/rvc_cm02/rvc_converted_wavs/rvc_outputs/rvc_996368_00661.wav,spoof,hi-en,996368,cm02,rvc,clean,eval,0.9991777539253235
${DATA_ROOT}/rvc_cm02/rvc_converted_wavs/rvc_outputs/rvc_996368_00662.wav,spoof,hi-en,996368,cm02,rvc,clean,eval,0.0008464213460683823
${DATA_ROOT}/rvc_cm02/rvc_converted_wavs/rvc_outputs/rvc_996368_00663.wav,spoof,hi-en,996368,cm02,rvc,clean,eval,0.9991564750671387
${DATA_ROOT}/rvc_cm02/rvc_converted_wavs/rvc_outputs/rvc_996368_00664.wav,spoof,hi-en,996368,cm02,rvc,clean,eval,0.006710519082844257
${DATA_ROOT}/rvc_cm02/rvc_converted_wavs/rvc_outputs/rvc_996368_00665.wav,spoof,hi-en,996368,cm02,rvc,clean,eval,0.000979187898337841
${DATA_ROOT}/rvc_cm02/rvc_converted_wavs/rvc_outputs/rvc_996368_00666.wav,spoof,hi-en,996368,cm02,rvc,clean,eval,0.0009181104833260179
${DATA_ROOT}/rvc_cm02/rvc_converted_wavs/rvc_outputs/rvc_996368_00667.wav,spoof,hi-en,996368,cm02,rvc,clean,eval,0.0029958966188132763
${DATA_ROOT}/rvc_cm02/rvc_converted_wavs/rvc_outputs/rvc_996368_00668.wav,spoof,hi-en,996368,cm02,rvc,clean,eval,0.11779215931892395
${DATA_ROOT}/rvc_cm02/rvc_converted_wavs/rvc_outputs/rvc_996368_00669.wav,spoof,hi-en,996368,cm02,rvc,clean,eval,0.0012500777374953032
${DATA_ROOT}/rvc_cm02/rvc_converted_wavs/rvc_outputs/rvc_996368_00670.wav,spoof,hi-en,996368,cm02,rvc,clean,eval,0.9985388517379761
${DATA_ROOT}/rvc_cm02/rvc_converted_wavs/rvc_outputs/rvc_996368_00671.wav,spoof,hi-en,996368,cm02,rvc,clean,eval,0.005733361002057791
${DATA_ROOT}/rvc_cm02/rvc_converted_wavs/rvc_outputs/rvc_996368_00672.wav,spoof,hi-en,996368,cm02,rvc,clean,eval,0.04973016679286957
${DATA_ROOT}/rvc_cm02/rvc_converted_wavs/rvc_outputs/rvc_996368_00673.wav,spoof,hi-en,996368,cm02,rvc,clean,eval,0.0009624189115129411
${DATA_ROOT}/rvc_cm02/rvc_converted_wavs/rvc_outputs/rvc_996368_00674.wav,spoof,hi-en,996368,cm02,rvc,clean,eval,0.0018697610357776284
${DATA_ROOT}/rvc_cm02/rvc_converted_wavs/rvc_outputs/rvc_996368_00676.wav,spoof,hi-en,996368,cm02,rvc,clean,eval,0.9985669255256653
${DATA_ROOT}/rvc_cm02/rvc_converted_wavs/rvc_outputs/rvc_996368_00677.wav,spoof,hi-en,996368,cm02,rvc,clean,eval,0.0006790338084101677
${DATA_ROOT}/rvc_cm02/rvc_converted_wavs/rvc_outputs/rvc_996368_00678.wav,spoof,hi-en,996368,cm02,rvc,clean,eval,0.0006700998055748641
${DATA_ROOT}/rvc_cm02/rvc_converted_wavs/rvc_outputs/rvc_996368_00679.wav,spoof,hi-en,996368,cm02,rvc,clean,eval,0.0009195164311677217
${DATA_ROOT}/rvc_cm02/rvc_converted_wavs/rvc_outputs/rvc_996368_00680.wav,spoof,hi-en,996368,cm02,rvc,clean,eval,0.9995436072349548
${DATA_ROOT}/rvc_cm02/rvc_converted_wavs/rvc_outputs/rvc_996368_00681.wav,spoof,hi-en,996368,cm02,rvc,clean,eval,0.9990523457527161
${DATA_ROOT}/rvc_cm02/rvc_converted_wavs/rvc_outputs/rvc_996368_00682.wav,spoof,hi-en,996368,cm02,rvc,clean,eval,0.000784947129432112
${DATA_ROOT}/rvc_cm02/rvc_converted_wavs/rvc_outputs/rvc_996368_00683.wav,spoof,hi-en,996368,cm02,rvc,clean,eval,0.03225940465927124
${DATA_ROOT}/rvc_cm02/rvc_converted_wavs/rvc_outputs/rvc_996368_00684.wav,spoof,hi-en,996368,cm02,rvc,clean,eval,0.997765064239502
${DATA_ROOT}/rvc_cm02/rvc_converted_wavs/rvc_outputs/rvc_996368_00685.wav,spoof,hi-en,996368,cm02,rvc,clean,eval,0.9992699027061462
${DATA_ROOT}/rvc_cm02/rvc_converted_wavs/rvc_outputs/rvc_996368_00686.wav,spoof,hi-en,996368,cm02,rvc,clean,eval,0.005037982016801834
${DATA_ROOT}/rvc_cm02/rvc_converted_wavs/rvc_outputs/rvc_996368_00687.wav,spoof,hi-en,996368,cm02,rvc,clean,eval,0.7171691060066223
${DATA_ROOT}/rvc_cm02/rvc_converted_wavs/rvc_outputs/rvc_996368_00688.wav,spoof,hi-en,996368,cm02,rvc,clean,eval,0.0006875784602016211
${DATA_ROOT}/rvc_cm02/rvc_converted_wavs/rvc_outputs/rvc_996368_00689.wav,spoof,hi-en,996368,cm02,rvc,clean,eval,0.997180700302124
${DATA_ROOT}/rvc_cm02/rvc_converted_wavs/rvc_outputs/rvc_996368_00690.wav,spoof,hi-en,996368,cm02,rvc,clean,eval,0.0006729114684276283
${DATA_ROOT}/rvc_cm02/rvc_converted_wavs/rvc_outputs/rvc_996368_00691.wav,spoof,hi-en,996368,cm02,rvc,clean,eval,0.0007517481571994722
${DATA_ROOT}/rvc_cm02/rvc_converted_wavs/rvc_outputs/rvc_996368_00692.wav,spoof,hi-en,996368,cm02,rvc,clean,eval,0.0027070154901593924
${DATA_ROOT}/rvc_cm02/rvc_converted_wavs/rvc_outputs/rvc_996368_00693.wav,spoof,hi-en,996368,cm02,rvc,clean,eval,0.9982594847679138
${DATA_ROOT}/rvc_cm02/rvc_converted_wavs/rvc_outputs/rvc_996368_00694.wav,spoof,hi-en,996368,cm02,rvc,clean,eval,0.0020157508552074432
${DATA_ROOT}/rvc_cm02/rvc_converted_wavs/rvc_outputs/rvc_996368_00695.wav,spoof,hi-en,996368,cm02,rvc,clean,eval,0.0006834345986135304
${DATA_ROOT}/rvc_cm02/rvc_converted_wavs/rvc_outputs/rvc_996368_00696.wav,spoof,hi-en,996368,cm02,rvc,clean,eval,0.02360832877457142
${DATA_ROOT}/rvc_cm02/rvc_converted_wavs/rvc_outputs/rvc_996368_00697.wav,spoof,hi-en,996368,cm02,rvc,clean,eval,0.0006877895211800933
${DATA_ROOT}/rvc_cm02/rvc_converted_wavs/rvc_outputs/rvc_996368_00698.wav,spoof,hi-en,996368,cm02,rvc,clean,eval,0.12915784120559692
${DATA_ROOT}/rvc_cm02/rvc_converted_wavs/rvc_outputs/rvc_996368_00699.wav,spoof,hi-en,996368,cm02,rvc,clean,eval,0.9852709770202637
${DATA_ROOT}/rvc_cm02/rvc_converted_wavs/rvc_outputs/rvc_996368_00701.wav,spoof,hi-en,996368,cm02,rvc,clean,eval,0.906133234500885
${DATA_ROOT}/rvc_cm02/rvc_converted_wavs/rvc_outputs/rvc_996368_00702.wav,spoof,hi-en,996368,cm02,rvc,clean,eval,0.0007166878203861415
${DATA_ROOT}/rvc_cm02/rvc_converted_wavs/rvc_outputs/rvc_996368_00703.wav,spoof,hi-en,996368,cm02,rvc,clean,eval,0.9988923668861389
${DATA_ROOT}/rvc_cm02/rvc_converted_wavs/rvc_outputs/rvc_996368_00704.wav,spoof,hi-en,996368,cm02,rvc,clean,eval,0.9983348250389099
${DATA_ROOT}/rvc_cm02/rvc_converted_wavs/rvc_outputs/rvc_996368_00706.wav,spoof,hi-en,996368,cm02,rvc,clean,eval,0.012168118730187416
${DATA_ROOT}/rvc_cm02/rvc_converted_wavs/rvc_outputs/rvc_996368_00708.wav,spoof,hi-en,996368,cm02,rvc,clean,eval,0.9995393753051758
${DATA_ROOT}/rvc_cm02/rvc_converted_wavs/rvc_outputs/rvc_996368_00709.wav,spoof,hi-en,996368,cm02,rvc,clean,eval,0.0012558563612401485
${DATA_ROOT}/rvc_cm02/rvc_converted_wavs/rvc_outputs/rvc_996368_00710.wav,spoof,hi-en,996368,cm02,rvc,clean,eval,0.0007265249150805175
${DATA_ROOT}/rvc_cm02/rvc_converted_wavs/rvc_outputs/rvc_996368_00711.wav,spoof,hi-en,996368,cm02,rvc,clean,eval,0.9966799020767212
${DATA_ROOT}/rvc_cm02/rvc_converted_wavs/rvc_outputs/rvc_996368_00712.wav,spoof,hi-en,996368,cm02,rvc,clean,eval,0.9991372227668762
${DATA_ROOT}/rvc_cm02/rvc_converted_wavs/rvc_outputs/rvc_996368_00713.wav,spoof,hi-en,996368,cm02,rvc,clean,eval,0.0007243313011713326
${DATA_ROOT}/rvc_cm02/rvc_converted_wavs/rvc_outputs/rvc_996368_00714.wav,spoof,hi-en,996368,cm02,rvc,clean,eval,0.000969975080806762
${DATA_ROOT}/rvc_cm02/rvc_converted_wavs/rvc_outputs/rvc_996368_00716.wav,spoof,hi-en,996368,cm02,rvc,clean,eval,0.9352077841758728
${DATA_ROOT}/rvc_cm02/rvc_converted_wavs/rvc_outputs/rvc_996368_00717.wav,spoof,hi-en,996368,cm02,rvc,clean,eval,0.9195778369903564
${DATA_ROOT}/rvc_cm02/rvc_converted_wavs/rvc_outputs/rvc_996368_00718.wav,spoof,hi-en,996368,cm02,rvc,clean,eval,0.3225771486759186
${DATA_ROOT}/rvc_cm02/rvc_converted_wavs/rvc_outputs/rvc_996368_00719.wav,spoof,hi-en,996368,cm02,rvc,clean,eval,0.0007283557788468897
${DATA_ROOT}/rvc_cm02/rvc_converted_wavs/rvc_outputs/rvc_996368_00720.wav,spoof,hi-en,996368,cm02,rvc,clean,eval,0.9994962215423584
${DATA_ROOT}/rvc_cm02/rvc_converted_wavs/rvc_outputs/rvc_996368_00721.wav,spoof,hi-en,996368,cm02,rvc,clean,eval,0.0009302027174271643
${DATA_ROOT}/rvc_cm02/rvc_converted_wavs/rvc_outputs/rvc_996368_00722.wav,spoof,hi-en,996368,cm02,rvc,clean,eval,0.0007374411798082292
${DATA_ROOT}/rvc_cm02/rvc_converted_wavs/rvc_outputs/rvc_996368_00723.wav,spoof,hi-en,996368,cm02,rvc,clean,eval,0.9953998923301697
${DATA_ROOT}/rvc_cm02/rvc_converted_wavs/rvc_outputs/rvc_996368_00724.wav,spoof,hi-en,996368,cm02,rvc,clean,eval,0.9970216155052185
${DATA_ROOT}/rvc_cm02/rvc_converted_wavs/rvc_outputs/rvc_996368_00725.wav,spoof,hi-en,996368,cm02,rvc,clean,eval,0.9907991290092468
${DATA_ROOT}/rvc_cm02/rvc_converted_wavs/rvc_outputs/rvc_996368_00726.wav,spoof,hi-en,996368,cm02,rvc,clean,eval,0.03801387920975685
${DATA_ROOT}/rvc_cm02/rvc_converted_wavs/rvc_outputs/rvc_996368_00727.wav,spoof,hi-en,996368,cm02,rvc,clean,eval,0.0009349350584670901
${DATA_ROOT}/rvc_cm02/rvc_converted_wavs/rvc_outputs/rvc_996368_00728.wav,spoof,hi-en,996368,cm02,rvc,clean,eval,0.0006747902953065932
${DATA_ROOT}/rvc_cm02/rvc_converted_wavs/rvc_outputs/rvc_996368_00729.wav,spoof,hi-en,996368,cm02,rvc,clean,eval,0.0009373530629090965
${DATA_ROOT}/rvc_cm02/rvc_converted_wavs/rvc_outputs/rvc_996368_00730.wav,spoof,hi-en,996368,cm02,rvc,clean,eval,0.0014493735507130623
${DATA_ROOT}/rvc_cm02/rvc_converted_wavs/rvc_outputs/rvc_996368_00731.wav,spoof,hi-en,996368,cm02,rvc,clean,eval,0.004062857013195753
${DATA_ROOT}/rvc_cm02/rvc_converted_wavs/rvc_outputs/rvc_996368_00732.wav,spoof,hi-en,996368,cm02,rvc,clean,eval,0.9988259673118591
${DATA_ROOT}/rvc_cm02/rvc_converted_wavs/rvc_outputs/rvc_996368_00733.wav,spoof,hi-en,996368,cm02,rvc,clean,eval,0.5322031378746033
${DATA_ROOT}/rvc_cm02/rvc_converted_wavs/rvc_outputs/rvc_996368_00734.wav,spoof,hi-en,996368,cm02,rvc,clean,eval,0.9938761591911316
${DATA_ROOT}/rvc_cm02/rvc_converted_wavs/rvc_outputs/rvc_996368_00735.wav,spoof,hi-en,996368,cm02,rvc,clean,eval,0.981846272945404
${DATA_ROOT}/rvc_cm02/rvc_converted_wavs/rvc_outputs/rvc_996368_00736.wav,spoof,hi-en,996368,cm02,rvc,clean,eval,0.0008039844105951488
${DATA_ROOT}/rvc_cm02/rvc_converted_wavs/rvc_outputs/rvc_996368_00737.wav,spoof,hi-en,996368,cm02,rvc,clean,eval,0.0008663259795866907
${DATA_ROOT}/rvc_cm02/rvc_converted_wavs/rvc_outputs/rvc_996368_00738.wav,spoof,hi-en,996368,cm02,rvc,clean,eval,0.0008199969888664782
${DATA_ROOT}/rvc_cm02/rvc_converted_wavs/rvc_outputs/rvc_996368_00739.wav,spoof,hi-en,996368,cm02,rvc,clean,eval,0.9844824075698853
${DATA_ROOT}/rvc_cm02/rvc_converted_wavs/rvc_outputs/rvc_996368_00740.wav,spoof,hi-en,996368,cm02,rvc,clean,eval,0.0007565157720819116
${DATA_ROOT}/rvc_cm02/rvc_converted_wavs/rvc_outputs/rvc_996368_00741.wav,spoof,hi-en,996368,cm02,rvc,clean,eval,0.9904388785362244
${DATA_ROOT}/rvc_cm02/rvc_converted_wavs/rvc_outputs/rvc_996368_00742.wav,spoof,hi-en,996368,cm02,rvc,clean,eval,0.014530197717249393
${DATA_ROOT}/rvc_cm02/rvc_converted_wavs/rvc_outputs/rvc_996368_00743.wav,spoof,hi-en,996368,cm02,rvc,clean,eval,0.9607320427894592
${DATA_ROOT}/rvc_cm02/rvc_converted_wavs/rvc_outputs/rvc_996368_00744.wav,spoof,hi-en,996368,cm02,rvc,clean,eval,0.0009747903095558286
${DATA_ROOT}/rvc_cm02/rvc_converted_wavs/rvc_outputs/rvc_996368_00746.wav,spoof,hi-en,996368,cm02,rvc,clean,eval,0.027165060862898827
${DATA_ROOT}/rvc_cm02/rvc_converted_wavs/rvc_outputs/rvc_996368_00747.wav,spoof,hi-en,996368,cm02,rvc,clean,eval,0.0007477335748262703
${DATA_ROOT}/rvc_cm02/rvc_converted_wavs/rvc_outputs/rvc_996368_00748.wav,spoof,hi-en,996368,cm02,rvc,clean,eval,0.999603807926178
${DATA_ROOT}/rvc_cm02/rvc_converted_wavs/rvc_outputs/rvc_996368_00750.wav,spoof,hi-en,996368,cm02,rvc,clean,eval,0.0009358810493722558
${DATA_ROOT}/rvc_cm02/rvc_converted_wavs/rvc_outputs/rvc_106718_00751.wav,spoof,hi-en,106718,cm02,rvc,clean,eval,0.9994858503341675
${DATA_ROOT}/rvc_cm02/rvc_converted_wavs/rvc_outputs/rvc_106718_00752.wav,spoof,hi-en,106718,cm02,rvc,clean,eval,0.9985324144363403
${DATA_ROOT}/rvc_cm02/rvc_converted_wavs/rvc_outputs/rvc_106718_00753.wav,spoof,hi-en,106718,cm02,rvc,clean,eval,0.9997013211250305
${DATA_ROOT}/rvc_cm02/rvc_converted_wavs/rvc_outputs/rvc_106718_00754.wav,spoof,hi-en,106718,cm02,rvc,clean,eval,0.9995579123497009
${DATA_ROOT}/rvc_cm02/rvc_converted_wavs/rvc_outputs/rvc_106718_00755.wav,spoof,hi-en,106718,cm02,rvc,clean,eval,0.9993888139724731
${DATA_ROOT}/rvc_cm02/rvc_converted_wavs/rvc_outputs/rvc_106718_00756.wav,spoof,hi-en,106718,cm02,rvc,clean,eval,0.9996591806411743
${DATA_ROOT}/rvc_cm02/rvc_converted_wavs/rvc_outputs/rvc_106718_00758.wav,spoof,hi-en,106718,cm02,rvc,clean,eval,0.9996100068092346
${DATA_ROOT}/rvc_cm02/rvc_converted_wavs/rvc_outputs/rvc_106718_00759.wav,spoof,hi-en,106718,cm02,rvc,clean,eval,0.9995397329330444
${DATA_ROOT}/rvc_cm02/rvc_converted_wavs/rvc_outputs/rvc_106718_00760.wav,spoof,hi-en,106718,cm02,rvc,clean,eval,0.9993564486503601
${DATA_ROOT}/rvc_cm02/rvc_converted_wavs/rvc_outputs/rvc_106718_00761.wav,spoof,hi-en,106718,cm02,rvc,clean,eval,0.999813973903656
${DATA_ROOT}/rvc_cm02/rvc_converted_wavs/rvc_outputs/rvc_106718_00762.wav,spoof,hi-en,106718,cm02,rvc,clean,eval,0.9996330738067627
${DATA_ROOT}/rvc_cm02/rvc_converted_wavs/rvc_outputs/rvc_106718_00763.wav,spoof,hi-en,106718,cm02,rvc,clean,eval,0.999630331993103
${DATA_ROOT}/rvc_cm02/rvc_converted_wavs/rvc_outputs/rvc_106718_00764.wav,spoof,hi-en,106718,cm02,rvc,clean,eval,0.9995483756065369
${DATA_ROOT}/rvc_cm02/rvc_converted_wavs/rvc_outputs/rvc_106718_00765.wav,spoof,hi-en,106718,cm02,rvc,clean,eval,0.9995457530021667
${DATA_ROOT}/rvc_cm02/rvc_converted_wavs/rvc_outputs/rvc_106718_00766.wav,spoof,hi-en,106718,cm02,rvc,clean,eval,0.999622106552124
${DATA_ROOT}/rvc_cm02/rvc_converted_wavs/rvc_outputs/rvc_106718_00767.wav,spoof,hi-en,106718,cm02,rvc,clean,eval,0.9997441172599792
${DATA_ROOT}/rvc_cm02/rvc_converted_wavs/rvc_outputs/rvc_106718_00768.wav,spoof,hi-en,106718,cm02,rvc,clean,eval,0.9997689127922058
${DATA_ROOT}/rvc_cm02/rvc_converted_wavs/rvc_outputs/rvc_106718_00769.wav,spoof,hi-en,106718,cm02,rvc,clean,eval,0.9996813535690308
${DATA_ROOT}/rvc_cm02/rvc_converted_wavs/rvc_outputs/rvc_106718_00770.wav,spoof,hi-en,106718,cm02,rvc,clean,eval,0.9996780157089233
${DATA_ROOT}/rvc_cm02/rvc_converted_wavs/rvc_outputs/rvc_106718_00771.wav,spoof,hi-en,106718,cm02,rvc,clean,eval,0.99960857629776
${DATA_ROOT}/rvc_cm02/rvc_converted_wavs/rvc_outputs/rvc_106718_00772.wav,spoof,hi-en,106718,cm02,rvc,clean,eval,0.9992904663085938
${DATA_ROOT}/rvc_cm02/rvc_converted_wavs/rvc_outputs/rvc_106718_00773.wav,spoof,hi-en,106718,cm02,rvc,clean,eval,0.9995606541633606
${DATA_ROOT}/rvc_cm02/rvc_converted_wavs/rvc_outputs/rvc_106718_00774.wav,spoof,hi-en,106718,cm02,rvc,clean,eval,0.9986659288406372
${DATA_ROOT}/rvc_cm02/rvc_converted_wavs/rvc_outputs/rvc_106718_00775.wav,spoof,hi-en,106718,cm02,rvc,clean,eval,0.999401330947876
${DATA_ROOT}/rvc_cm02/rvc_converted_wavs/rvc_outputs/rvc_106718_00776.wav,spoof,hi-en,106718,cm02,rvc,clean,eval,0.9991594552993774
${DATA_ROOT}/rvc_cm02/rvc_converted_wavs/rvc_outputs/rvc_106718_00777.wav,spoof,hi-en,106718,cm02,rvc,clean,eval,0.9996434450149536
${DATA_ROOT}/rvc_cm02/rvc_converted_wavs/rvc_outputs/rvc_106718_00778.wav,spoof,hi-en,106718,cm02,rvc,clean,eval,0.9992449283599854
${DATA_ROOT}/rvc_cm02/rvc_converted_wavs/rvc_outputs/rvc_106718_00779.wav,spoof,hi-en,106718,cm02,rvc,clean,eval,0.9997175335884094
${DATA_ROOT}/rvc_cm02/rvc_converted_wavs/rvc_outputs/rvc_106718_00781.wav,spoof,hi-en,106718,cm02,rvc,clean,eval,0.999605119228363
${DATA_ROOT}/rvc_cm02/rvc_converted_wavs/rvc_outputs/rvc_106718_00782.wav,spoof,hi-en,106718,cm02,rvc,clean,eval,0.9996188879013062
${DATA_ROOT}/rvc_cm02/rvc_converted_wavs/rvc_outputs/rvc_106718_00783.wav,spoof,hi-en,106718,cm02,rvc,clean,eval,0.9996434450149536
${DATA_ROOT}/rvc_cm02/rvc_converted_wavs/rvc_outputs/rvc_106718_00784.wav,spoof,hi-en,106718,cm02,rvc,clean,eval,0.998683512210846
${DATA_ROOT}/rvc_cm02/rvc_converted_wavs/rvc_outputs/rvc_106718_00785.wav,spoof,hi-en,106718,cm02,rvc,clean,eval,0.9995971322059631
${DATA_ROOT}/rvc_cm02/rvc_converted_wavs/rvc_outputs/rvc_106718_00786.wav,spoof,hi-en,106718,cm02,rvc,clean,eval,0.9994983673095703
${DATA_ROOT}/rvc_cm02/rvc_converted_wavs/rvc_outputs/rvc_106718_00787.wav,spoof,hi-en,106718,cm02,rvc,clean,eval,0.9995511174201965
${DATA_ROOT}/rvc_cm02/rvc_converted_wavs/rvc_outputs/rvc_106718_00788.wav,spoof,hi-en,106718,cm02,rvc,clean,eval,0.9994540810585022
${DATA_ROOT}/rvc_cm02/rvc_converted_wavs/rvc_outputs/rvc_106718_00789.wav,spoof,hi-en,106718,cm02,rvc,clean,eval,0.9995796084403992
${DATA_ROOT}/rvc_cm02/rvc_converted_wavs/rvc_outputs/rvc_106718_00790.wav,spoof,hi-en,106718,cm02,rvc,clean,eval,0.9995885491371155
${DATA_ROOT}/rvc_cm02/rvc_converted_wavs/rvc_outputs/rvc_106718_00791.wav,spoof,hi-en,106718,cm02,rvc,clean,eval,0.9995169639587402
${DATA_ROOT}/rvc_cm02/rvc_converted_wavs/rvc_outputs/rvc_106718_00792.wav,spoof,hi-en,106718,cm02,rvc,clean,eval,0.9997841715812683
${DATA_ROOT}/rvc_cm02/rvc_converted_wavs/rvc_outputs/rvc_106718_00793.wav,spoof,hi-en,106718,cm02,rvc,clean,eval,0.9994955062866211
${DATA_ROOT}/rvc_cm02/rvc_converted_wavs/rvc_outputs/rvc_106718_00794.wav,spoof,hi-en,106718,cm02,rvc,clean,eval,0.9996511936187744
${DATA_ROOT}/rvc_cm02/rvc_converted_wavs/rvc_outputs/rvc_106718_00795.wav,spoof,hi-en,106718,cm02,rvc,clean,eval,0.9994577765464783
${DATA_ROOT}/rvc_cm02/rvc_converted_wavs/rvc_outputs/rvc_106718_00796.wav,spoof,hi-en,106718,cm02,rvc,clean,eval,0.999489426612854
${DATA_ROOT}/rvc_cm02/rvc_converted_wavs/rvc_outputs/rvc_106718_00797.wav,spoof,hi-en,106718,cm02,rvc,clean,eval,0.999427855014801
${DATA_ROOT}/rvc_cm02/rvc_converted_wavs/rvc_outputs/rvc_106718_00799.wav,spoof,hi-en,106718,cm02,rvc,clean,eval,0.9992187023162842
${DATA_ROOT}/rvc_cm02/rvc_converted_wavs/rvc_outputs/rvc_106718_00800.wav,spoof,hi-en,106718,cm02,rvc,clean,eval,0.9993960857391357
${DATA_ROOT}/rvc_cm02/rvc_converted_wavs/rvc_outputs/rvc_106718_00801.wav,spoof,hi-en,106718,cm02,rvc,clean,eval,0.9997302889823914
${DATA_ROOT}/rvc_cm02/rvc_converted_wavs/rvc_outputs/rvc_106718_00802.wav,spoof,hi-en,106718,cm02,rvc,clean,eval,0.9997569918632507
${DATA_ROOT}/rvc_cm02/rvc_converted_wavs/rvc_outputs/rvc_106718_00803.wav,spoof,hi-en,106718,cm02,rvc,clean,eval,0.9996470212936401
${DATA_ROOT}/rvc_cm02/rvc_converted_wavs/rvc_outputs/rvc_106718_00804.wav,spoof,hi-en,106718,cm02,rvc,clean,eval,0.9998005032539368
${DATA_ROOT}/rvc_cm02/rvc_converted_wavs/rvc_outputs/rvc_106718_00805.wav,spoof,hi-en,106718,cm02,rvc,clean,eval,0.9997442364692688
${DATA_ROOT}/rvc_cm02/rvc_converted_wavs/rvc_outputs/rvc_106718_00807.wav,spoof,hi-en,106718,cm02,rvc,clean,eval,0.9994493126869202
${DATA_ROOT}/rvc_cm02/rvc_converted_wavs/rvc_outputs/rvc_106718_00809.wav,spoof,hi-en,106718,cm02,rvc,clean,eval,0.9996927976608276
${DATA_ROOT}/rvc_cm02/rvc_converted_wavs/rvc_outputs/rvc_106718_00810.wav,spoof,hi-en,106718,cm02,rvc,clean,eval,0.9997097849845886
${DATA_ROOT}/rvc_cm02/rvc_converted_wavs/rvc_outputs/rvc_106718_00811.wav,spoof,hi-en,106718,cm02,rvc,clean,eval,0.999665379524231
${DATA_ROOT}/rvc_cm02/rvc_converted_wavs/rvc_outputs/rvc_106718_00812.wav,spoof,hi-en,106718,cm02,rvc,clean,eval,0.9994811415672302
${DATA_ROOT}/rvc_cm02/rvc_converted_wavs/rvc_outputs/rvc_106718_00813.wav,spoof,hi-en,106718,cm02,rvc,clean,eval,0.9997537732124329
${DATA_ROOT}/rvc_cm02/rvc_converted_wavs/rvc_outputs/rvc_106718_00814.wav,spoof,hi-en,106718,cm02,rvc,clean,eval,0.9997184872627258
${DATA_ROOT}/rvc_cm02/rvc_converted_wavs/rvc_outputs/rvc_106718_00815.wav,spoof,hi-en,106718,cm02,rvc,clean,eval,0.9998220801353455
${DATA_ROOT}/rvc_cm02/rvc_converted_wavs/rvc_outputs/rvc_106718_00816.wav,spoof,hi-en,106718,cm02,rvc,clean,eval,0.999739944934845
${DATA_ROOT}/rvc_cm02/rvc_converted_wavs/rvc_outputs/rvc_106718_00818.wav,spoof,hi-en,106718,cm02,rvc,clean,eval,0.9997794032096863
${DATA_ROOT}/rvc_cm02/rvc_converted_wavs/rvc_outputs/rvc_106718_00819.wav,spoof,hi-en,106718,cm02,rvc,clean,eval,0.9993860721588135
${DATA_ROOT}/rvc_cm02/rvc_converted_wavs/rvc_outputs/rvc_106718_00820.wav,spoof,hi-en,106718,cm02,rvc,clean,eval,0.9998786449432373
${DATA_ROOT}/rvc_cm02/rvc_converted_wavs/rvc_outputs/rvc_106718_00821.wav,spoof,hi-en,106718,cm02,rvc,clean,eval,0.9993409514427185
${DATA_ROOT}/rvc_cm02/rvc_converted_wavs/rvc_outputs/rvc_106718_00822.wav,spoof,hi-en,106718,cm02,rvc,clean,eval,0.9996378421783447
${DATA_ROOT}/rvc_cm02/rvc_converted_wavs/rvc_outputs/rvc_106718_00823.wav,spoof,hi-en,106718,cm02,rvc,clean,eval,0.9984278678894043
${DATA_ROOT}/rvc_cm02/rvc_converted_wavs/rvc_outputs/rvc_106718_00824.wav,spoof,hi-en,106718,cm02,rvc,clean,eval,0.9993622899055481
${DATA_ROOT}/rvc_cm02/rvc_converted_wavs/rvc_outputs/rvc_106718_00825.wav,spoof,hi-en,106718,cm02,rvc,clean,eval,0.9992826581001282
${DATA_ROOT}/rvc_cm02/rvc_converted_wavs/rvc_outputs/rvc_106718_00826.wav,spoof,hi-en,106718,cm02,rvc,clean,eval,0.999535083770752
${DATA_ROOT}/rvc_cm02/rvc_converted_wavs/rvc_outputs/rvc_106718_00827.wav,spoof,hi-en,106718,cm02,rvc,clean,eval,0.999642014503479
${DATA_ROOT}/rvc_cm02/rvc_converted_wavs/rvc_outputs/rvc_106718_00828.wav,spoof,hi-en,106718,cm02,rvc,clean,eval,0.9992364645004272
${DATA_ROOT}/rvc_cm02/rvc_converted_wavs/rvc_outputs/rvc_106718_00829.wav,spoof,hi-en,106718,cm02,rvc,clean,eval,0.9995998740196228
${DATA_ROOT}/rvc_cm02/rvc_converted_wavs/rvc_outputs/rvc_106718_00830.wav,spoof,hi-en,106718,cm02,rvc,clean,eval,0.9996423721313477
${DATA_ROOT}/rvc_cm02/rvc_converted_wavs/rvc_outputs/rvc_106718_00831.wav,spoof,hi-en,106718,cm02,rvc,clean,eval,0.9924190044403076
${DATA_ROOT}/rvc_cm02/rvc_converted_wavs/rvc_outputs/rvc_106718_00832.wav,spoof,hi-en,106718,cm02,rvc,clean,eval,0.9995181560516357
${DATA_ROOT}/rvc_cm02/rvc_converted_wavs/rvc_outputs/rvc_106718_00833.wav,spoof,hi-en,106718,cm02,rvc,clean,eval,0.9997950196266174
${DATA_ROOT}/rvc_cm02/rvc_converted_wavs/rvc_outputs/rvc_106718_00834.wav,spoof,hi-en,106718,cm02,rvc,clean,eval,0.9994489550590515
${DATA_ROOT}/rvc_cm02/rvc_converted_wavs/rvc_outputs/rvc_106718_00835.wav,spoof,hi-en,106718,cm02,rvc,clean,eval,0.9997177720069885
${DATA_ROOT}/rvc_cm02/rvc_converted_wavs/rvc_outputs/rvc_106718_00836.wav,spoof,hi-en,106718,cm02,rvc,clean,eval,0.999700665473938
${DATA_ROOT}/rvc_cm02/rvc_converted_wavs/rvc_outputs/rvc_106718_00837.wav,spoof,hi-en,106718,cm02,rvc,clean,eval,0.9995274543762207
${DATA_ROOT}/rvc_cm02/rvc_converted_wavs/rvc_outputs/rvc_106718_00838.wav,spoof,hi-en,106718,cm02,rvc,clean,eval,0.9997164607048035
${DATA_ROOT}/rvc_cm02/rvc_converted_wavs/rvc_outputs/rvc_106718_00839.wav,spoof,hi-en,106718,cm02,rvc,clean,eval,0.9995786547660828
${DATA_ROOT}/rvc_cm02/rvc_converted_wavs/rvc_outputs/rvc_106718_00840.wav,spoof,hi-en,106718,cm02,rvc,clean,eval,0.9996562004089355
${DATA_ROOT}/rvc_cm02/rvc_converted_wavs/rvc_outputs/rvc_106718_00841.wav,spoof,hi-en,106718,cm02,rvc,clean,eval,0.9996392726898193
${DATA_ROOT}/rvc_cm02/rvc_converted_wavs/rvc_outputs/rvc_106718_00842.wav,spoof,hi-en,106718,cm02,rvc,clean,eval,0.9997177720069885
${DATA_ROOT}/rvc_cm02/rvc_converted_wavs/rvc_outputs/rvc_106718_00843.wav,spoof,hi-en,106718,cm02,rvc,clean,eval,0.9994805455207825
${DATA_ROOT}/rvc_cm02/rvc_converted_wavs/rvc_outputs/rvc_106718_00844.wav,spoof,hi-en,106718,cm02,rvc,clean,eval,0.9994701743125916
${DATA_ROOT}/rvc_cm02/rvc_converted_wavs/rvc_outputs/rvc_106718_00845.wav,spoof,hi-en,106718,cm02,rvc,clean,eval,0.9995831847190857
${DATA_ROOT}/rvc_cm02/rvc_converted_wavs/rvc_outputs/rvc_106718_00846.wav,spoof,hi-en,106718,cm02,rvc,clean,eval,0.999352753162384
${DATA_ROOT}/rvc_cm02/rvc_converted_wavs/rvc_outputs/rvc_106718_00847.wav,spoof,hi-en,106718,cm02,rvc,clean,eval,0.9994505047798157
${DATA_ROOT}/rvc_cm02/rvc_converted_wavs/rvc_outputs/rvc_106718_00849.wav,spoof,hi-en,106718,cm02,rvc,clean,eval,0.9996224641799927
${DATA_ROOT}/rvc_cm02/rvc_converted_wavs/rvc_outputs/rvc_106718_00850.wav,spoof,hi-en,106718,cm02,rvc,clean,eval,0.9996042847633362
${DATA_ROOT}/rvc_cm02/rvc_converted_wavs/rvc_outputs/rvc_106718_00851.wav,spoof,hi-en,106718,cm02,rvc,clean,eval,0.9994263648986816
${DATA_ROOT}/rvc_cm02/rvc_converted_wavs/rvc_outputs/rvc_106718_00852.wav,spoof,hi-en,106718,cm02,rvc,clean,eval,0.9996745586395264
${DATA_ROOT}/rvc_cm02/rvc_converted_wavs/rvc_outputs/rvc_106718_00853.wav,spoof,hi-en,106718,cm02,rvc,clean,eval,0.9996742010116577
${DATA_ROOT}/rvc_cm02/rvc_converted_wavs/rvc_outputs/rvc_106718_00854.wav,spoof,hi-en,106718,cm02,rvc,clean,eval,0.9996318817138672
${DATA_ROOT}/rvc_cm02/rvc_converted_wavs/rvc_outputs/rvc_106718_00855.wav,spoof,hi-en,106718,cm02,rvc,clean,eval,0.9994626641273499
${DATA_ROOT}/rvc_cm02/rvc_converted_wavs/rvc_outputs/rvc_106718_00856.wav,spoof,hi-en,106718,cm02,rvc,clean,eval,0.9995231628417969
${DATA_ROOT}/rvc_cm02/rvc_converted_wavs/rvc_outputs/rvc_106718_00857.wav,spoof,hi-en,106718,cm02,rvc,clean,eval,0.9996390342712402
${DATA_ROOT}/rvc_cm02/rvc_converted_wavs/rvc_outputs/rvc_106718_00858.wav,spoof,hi-en,106718,cm02,rvc,clean,eval,0.9995865225791931
${DATA_ROOT}/rvc_cm02/rvc_converted_wavs/rvc_outputs/rvc_106718_00859.wav,spoof,hi-en,106718,cm02,rvc,clean,eval,0.9995868802070618
${DATA_ROOT}/rvc_cm02/rvc_converted_wavs/rvc_outputs/rvc_106718_00860.wav,spoof,hi-en,106718,cm02,rvc,clean,eval,0.9996569156646729
${DATA_ROOT}/rvc_cm02/rvc_converted_wavs/rvc_outputs/rvc_106718_00861.wav,spoof,hi-en,106718,cm02,rvc,clean,eval,0.9995761513710022
${DATA_ROOT}/rvc_cm02/rvc_converted_wavs/rvc_outputs/rvc_106718_00862.wav,spoof,hi-en,106718,cm02,rvc,clean,eval,0.9996311664581299
${DATA_ROOT}/rvc_cm02/rvc_converted_wavs/rvc_outputs/rvc_106718_00863.wav,spoof,hi-en,106718,cm02,rvc,clean,eval,0.9997249245643616
${DATA_ROOT}/rvc_cm02/rvc_converted_wavs/rvc_outputs/rvc_106718_00864.wav,spoof,hi-en,106718,cm02,rvc,clean,eval,0.9994730353355408
${DATA_ROOT}/rvc_cm02/rvc_converted_wavs/rvc_outputs/rvc_106718_00865.wav,spoof,hi-en,106718,cm02,rvc,clean,eval,0.9995508790016174
${DATA_ROOT}/rvc_cm02/rvc_converted_wavs/rvc_outputs/rvc_106718_00867.wav,spoof,hi-en,106718,cm02,rvc,clean,eval,0.9994770884513855
${DATA_ROOT}/rvc_cm02/rvc_converted_wavs/rvc_outputs/rvc_106718_00868.wav,spoof,hi-en,106718,cm02,rvc,clean,eval,0.999646782875061
${DATA_ROOT}/rvc_cm02/rvc_converted_wavs/rvc_outputs/rvc_106718_00869.wav,spoof,hi-en,106718,cm02,rvc,clean,eval,0.9995728135108948
${DATA_ROOT}/rvc_cm02/rvc_converted_wavs/rvc_outputs/rvc_106718_00870.wav,spoof,hi-en,106718,cm02,rvc,clean,eval,0.9993677735328674
${DATA_ROOT}/rvc_cm02/rvc_converted_wavs/rvc_outputs/rvc_106718_00871.wav,spoof,hi-en,106718,cm02,rvc,clean,eval,0.999476969242096
${DATA_ROOT}/rvc_cm02/rvc_converted_wavs/rvc_outputs/rvc_106718_00872.wav,spoof,hi-en,106718,cm02,rvc,clean,eval,0.9993902444839478
${DATA_ROOT}/rvc_cm02/rvc_converted_wavs/rvc_outputs/rvc_106718_00873.wav,spoof,hi-en,106718,cm02,rvc,clean,eval,0.9997218251228333
${DATA_ROOT}/rvc_cm02/rvc_converted_wavs/rvc_outputs/rvc_106718_00875.wav,spoof,hi-en,106718,cm02,rvc,clean,eval,0.9996562004089355
${DATA_ROOT}/rvc_cm02/rvc_converted_wavs/rvc_outputs/rvc_177570_00876.wav,spoof,hi-en,177570,cm02,rvc,clean,eval,0.0007331674569286406
${DATA_ROOT}/rvc_cm02/rvc_converted_wavs/rvc_outputs/rvc_177570_00877.wav,spoof,hi-en,177570,cm02,rvc,clean,eval,0.028978772461414337
${DATA_ROOT}/rvc_cm02/rvc_converted_wavs/rvc_outputs/rvc_177570_00878.wav,spoof,hi-en,177570,cm02,rvc,clean,eval,0.0006994954310357571
${DATA_ROOT}/rvc_cm02/rvc_converted_wavs/rvc_outputs/rvc_177570_00879.wav,spoof,hi-en,177570,cm02,rvc,clean,eval,0.9815951585769653
${DATA_ROOT}/rvc_cm02/rvc_converted_wavs/rvc_outputs/rvc_177570_00880.wav,spoof,hi-en,177570,cm02,rvc,clean,eval,0.0007453755242750049
${DATA_ROOT}/rvc_cm02/rvc_converted_wavs/rvc_outputs/rvc_177570_00881.wav,spoof,hi-en,177570,cm02,rvc,clean,eval,0.9966078996658325
${DATA_ROOT}/rvc_cm02/rvc_converted_wavs/rvc_outputs/rvc_177570_00882.wav,spoof,hi-en,177570,cm02,rvc,clean,eval,0.9985553622245789
${DATA_ROOT}/rvc_cm02/rvc_converted_wavs/rvc_outputs/rvc_177570_00883.wav,spoof,hi-en,177570,cm02,rvc,clean,eval,0.0008053146884776652
${DATA_ROOT}/rvc_cm02/rvc_converted_wavs/rvc_outputs/rvc_177570_00884.wav,spoof,hi-en,177570,cm02,rvc,clean,eval,0.32683080434799194
${DATA_ROOT}/rvc_cm02/rvc_converted_wavs/rvc_outputs/rvc_177570_00886.wav,spoof,hi-en,177570,cm02,rvc,clean,eval,0.9696409106254578
${DATA_ROOT}/rvc_cm02/rvc_converted_wavs/rvc_outputs/rvc_177570_00887.wav,spoof,hi-en,177570,cm02,rvc,clean,eval,0.0006884358008392155
${DATA_ROOT}/rvc_cm02/rvc_converted_wavs/rvc_outputs/rvc_177570_00888.wav,spoof,hi-en,177570,cm02,rvc,clean,eval,0.0009769267635419965
${DATA_ROOT}/rvc_cm02/rvc_converted_wavs/rvc_outputs/rvc_177570_00890.wav,spoof,hi-en,177570,cm02,rvc,clean,eval,0.33286595344543457
${DATA_ROOT}/rvc_cm02/rvc_converted_wavs/rvc_outputs/rvc_177570_00891.wav,spoof,hi-en,177570,cm02,rvc,clean,eval,0.0012104553170502186
${DATA_ROOT}/rvc_cm02/rvc_converted_wavs/rvc_outputs/rvc_177570_00892.wav,spoof,hi-en,177570,cm02,rvc,clean,eval,0.0012890875805169344
${DATA_ROOT}/rvc_cm02/rvc_converted_wavs/rvc_outputs/rvc_177570_00893.wav,spoof,hi-en,177570,cm02,rvc,clean,eval,0.0007342970930039883
${DATA_ROOT}/rvc_cm02/rvc_converted_wavs/rvc_outputs/rvc_177570_00894.wav,spoof,hi-en,177570,cm02,rvc,clean,eval,0.9987965822219849
${DATA_ROOT}/rvc_cm02/rvc_converted_wavs/rvc_outputs/rvc_177570_00895.wav,spoof,hi-en,177570,cm02,rvc,clean,eval,0.7279468774795532
${DATA_ROOT}/rvc_cm02/rvc_converted_wavs/rvc_outputs/rvc_177570_00896.wav,spoof,hi-en,177570,cm02,rvc,clean,eval,0.0007579557714052498
${DATA_ROOT}/rvc_cm02/rvc_converted_wavs/rvc_outputs/rvc_177570_00897.wav,spoof,hi-en,177570,cm02,rvc,clean,eval,0.8645129799842834
${DATA_ROOT}/rvc_cm02/rvc_converted_wavs/rvc_outputs/rvc_177570_00898.wav,spoof,hi-en,177570,cm02,rvc,clean,eval,0.9605971574783325
${DATA_ROOT}/rvc_cm02/rvc_converted_wavs/rvc_outputs/rvc_177570_00899.wav,spoof,hi-en,177570,cm02,rvc,clean,eval,0.9962749481201172
${DATA_ROOT}/rvc_cm02/rvc_converted_wavs/rvc_outputs/rvc_177570_00900.wav,spoof,hi-en,177570,cm02,rvc,clean,eval,0.0007260625716298819
${DATA_ROOT}/rvc_cm02/rvc_converted_wavs/rvc_outputs/rvc_177570_00901.wav,spoof,hi-en,177570,cm02,rvc,clean,eval,0.000802089343778789
${DATA_ROOT}/rvc_cm02/rvc_converted_wavs/rvc_outputs/rvc_177570_00902.wav,spoof,hi-en,177570,cm02,rvc,clean,eval,0.0007706441101618111
${DATA_ROOT}/rvc_cm02/rvc_converted_wavs/rvc_outputs/rvc_177570_00903.wav,spoof,hi-en,177570,cm02,rvc,clean,eval,0.999140739440918
${DATA_ROOT}/rvc_cm02/rvc_converted_wavs/rvc_outputs/rvc_177570_00904.wav,spoof,hi-en,177570,cm02,rvc,clean,eval,0.002152592409402132
${DATA_ROOT}/rvc_cm02/rvc_converted_wavs/rvc_outputs/rvc_177570_00905.wav,spoof,hi-en,177570,cm02,rvc,clean,eval,0.0007884466322138906
${DATA_ROOT}/rvc_cm02/rvc_converted_wavs/rvc_outputs/rvc_177570_00906.wav,spoof,hi-en,177570,cm02,rvc,clean,eval,0.0043991124257445335
${DATA_ROOT}/rvc_cm02/rvc_converted_wavs/rvc_outputs/rvc_177570_00907.wav,spoof,hi-en,177570,cm02,rvc,clean,eval,0.9979979395866394
${DATA_ROOT}/rvc_cm02/rvc_converted_wavs/rvc_outputs/rvc_177570_00908.wav,spoof,hi-en,177570,cm02,rvc,clean,eval,0.20459116995334625
${DATA_ROOT}/rvc_cm02/rvc_converted_wavs/rvc_outputs/rvc_177570_00909.wav,spoof,hi-en,177570,cm02,rvc,clean,eval,0.9995854496955872
${DATA_ROOT}/rvc_cm02/rvc_converted_wavs/rvc_outputs/rvc_177570_00910.wav,spoof,hi-en,177570,cm02,rvc,clean,eval,0.9837064743041992
${DATA_ROOT}/rvc_cm02/rvc_converted_wavs/rvc_outputs/rvc_177570_00911.wav,spoof,hi-en,177570,cm02,rvc,clean,eval,0.0009406140306964517
${DATA_ROOT}/rvc_cm02/rvc_converted_wavs/rvc_outputs/rvc_177570_00912.wav,spoof,hi-en,177570,cm02,rvc,clean,eval,0.0007412525592371821
${DATA_ROOT}/rvc_cm02/rvc_converted_wavs/rvc_outputs/rvc_177570_00913.wav,spoof,hi-en,177570,cm02,rvc,clean,eval,0.918400228023529
${DATA_ROOT}/rvc_cm02/rvc_converted_wavs/rvc_outputs/rvc_177570_00914.wav,spoof,hi-en,177570,cm02,rvc,clean,eval,0.0009777462109923363
${DATA_ROOT}/rvc_cm02/rvc_converted_wavs/rvc_outputs/rvc_177570_00915.wav,spoof,hi-en,177570,cm02,rvc,clean,eval,0.996042013168335
${DATA_ROOT}/rvc_cm02/rvc_converted_wavs/rvc_outputs/rvc_177570_00916.wav,spoof,hi-en,177570,cm02,rvc,clean,eval,0.000973976100794971
${DATA_ROOT}/rvc_cm02/rvc_converted_wavs/rvc_outputs/rvc_177570_00917.wav,spoof,hi-en,177570,cm02,rvc,clean,eval,0.9310016632080078
${DATA_ROOT}/rvc_cm02/rvc_converted_wavs/rvc_outputs/rvc_177570_00918.wav,spoof,hi-en,177570,cm02,rvc,clean,eval,0.9967017769813538
${DATA_ROOT}/rvc_cm02/rvc_converted_wavs/rvc_outputs/rvc_177570_00919.wav,spoof,hi-en,177570,cm02,rvc,clean,eval,0.05602044239640236
${DATA_ROOT}/rvc_cm02/rvc_converted_wavs/rvc_outputs/rvc_177570_00920.wav,spoof,hi-en,177570,cm02,rvc,clean,eval,0.0009892592206597328
${DATA_ROOT}/rvc_cm02/rvc_converted_wavs/rvc_outputs/rvc_177570_00921.wav,spoof,hi-en,177570,cm02,rvc,clean,eval,0.0010213373461738229
${DATA_ROOT}/rvc_cm02/rvc_converted_wavs/rvc_outputs/rvc_177570_00922.wav,spoof,hi-en,177570,cm02,rvc,clean,eval,0.999017596244812
${DATA_ROOT}/rvc_cm02/rvc_converted_wavs/rvc_outputs/rvc_177570_00923.wav,spoof,hi-en,177570,cm02,rvc,clean,eval,0.54874187707901
${DATA_ROOT}/rvc_cm02/rvc_converted_wavs/rvc_outputs/rvc_177570_00924.wav,spoof,hi-en,177570,cm02,rvc,clean,eval,0.17183178663253784
${DATA_ROOT}/rvc_cm02/rvc_converted_wavs/rvc_outputs/rvc_177570_00925.wav,spoof,hi-en,177570,cm02,rvc,clean,eval,0.0015176263405010104
${DATA_ROOT}/rvc_cm02/rvc_converted_wavs/rvc_outputs/rvc_177570_00926.wav,spoof,hi-en,177570,cm02,rvc,clean,eval,0.9983518123626709
${DATA_ROOT}/rvc_cm02/rvc_converted_wavs/rvc_outputs/rvc_177570_00927.wav,spoof,hi-en,177570,cm02,rvc,clean,eval,0.5388092994689941
${DATA_ROOT}/rvc_cm02/rvc_converted_wavs/rvc_outputs/rvc_177570_00928.wav,spoof,hi-en,177570,cm02,rvc,clean,eval,0.9974512457847595
${DATA_ROOT}/rvc_cm02/rvc_converted_wavs/rvc_outputs/rvc_177570_00929.wav,spoof,hi-en,177570,cm02,rvc,clean,eval,0.9813117384910583
${DATA_ROOT}/rvc_cm02/rvc_converted_wavs/rvc_outputs/rvc_177570_00930.wav,spoof,hi-en,177570,cm02,rvc,clean,eval,0.002191697247326374
${DATA_ROOT}/rvc_cm02/rvc_converted_wavs/rvc_outputs/rvc_177570_00931.wav,spoof,hi-en,177570,cm02,rvc,clean,eval,0.9973534345626831
${DATA_ROOT}/rvc_cm02/rvc_converted_wavs/rvc_outputs/rvc_177570_00932.wav,spoof,hi-en,177570,cm02,rvc,clean,eval,0.005665560252964497
${DATA_ROOT}/rvc_cm02/rvc_converted_wavs/rvc_outputs/rvc_177570_00933.wav,spoof,hi-en,177570,cm02,rvc,clean,eval,0.9978148937225342
${DATA_ROOT}/rvc_cm02/rvc_converted_wavs/rvc_outputs/rvc_177570_00934.wav,spoof,hi-en,177570,cm02,rvc,clean,eval,0.0007981372182257473
${DATA_ROOT}/rvc_cm02/rvc_converted_wavs/rvc_outputs/rvc_177570_00935.wav,spoof,hi-en,177570,cm02,rvc,clean,eval,0.9973016977310181
${DATA_ROOT}/rvc_cm02/rvc_converted_wavs/rvc_outputs/rvc_177570_00936.wav,spoof,hi-en,177570,cm02,rvc,clean,eval,0.9728142023086548
${DATA_ROOT}/rvc_cm02/rvc_converted_wavs/rvc_outputs/rvc_177570_00937.wav,spoof,hi-en,177570,cm02,rvc,clean,eval,0.2735633850097656
${DATA_ROOT}/rvc_cm02/rvc_converted_wavs/rvc_outputs/rvc_177570_00938.wav,spoof,hi-en,177570,cm02,rvc,clean,eval,0.005048270802944899
${DATA_ROOT}/rvc_cm02/rvc_converted_wavs/rvc_outputs/rvc_177570_00939.wav,spoof,hi-en,177570,cm02,rvc,clean,eval,0.4552115797996521
${DATA_ROOT}/rvc_cm02/rvc_converted_wavs/rvc_outputs/rvc_177570_00940.wav,spoof,hi-en,177570,cm02,rvc,clean,eval,0.0009771380573511124
${DATA_ROOT}/rvc_cm02/rvc_converted_wavs/rvc_outputs/rvc_177570_00941.wav,spoof,hi-en,177570,cm02,rvc,clean,eval,0.00123077561147511
${DATA_ROOT}/rvc_cm02/rvc_converted_wavs/rvc_outputs/rvc_177570_00942.wav,spoof,hi-en,177570,cm02,rvc,clean,eval,0.9708426594734192
${DATA_ROOT}/rvc_cm02/rvc_converted_wavs/rvc_outputs/rvc_177570_00943.wav,spoof,hi-en,177570,cm02,rvc,clean,eval,0.9990979433059692
${DATA_ROOT}/rvc_cm02/rvc_converted_wavs/rvc_outputs/rvc_177570_00944.wav,spoof,hi-en,177570,cm02,rvc,clean,eval,0.0007364049670286477
${DATA_ROOT}/rvc_cm02/rvc_converted_wavs/rvc_outputs/rvc_177570_00945.wav,spoof,hi-en,177570,cm02,rvc,clean,eval,0.735792875289917
${DATA_ROOT}/rvc_cm02/rvc_converted_wavs/rvc_outputs/rvc_177570_00946.wav,spoof,hi-en,177570,cm02,rvc,clean,eval,0.552410364151001
${DATA_ROOT}/rvc_cm02/rvc_converted_wavs/rvc_outputs/rvc_177570_00947.wav,spoof,hi-en,177570,cm02,rvc,clean,eval,0.9992832541465759
${DATA_ROOT}/rvc_cm02/rvc_converted_wavs/rvc_outputs/rvc_177570_00949.wav,spoof,hi-en,177570,cm02,rvc,clean,eval,0.9987508058547974
${DATA_ROOT}/rvc_cm02/rvc_converted_wavs/rvc_outputs/rvc_177570_00950.wav,spoof,hi-en,177570,cm02,rvc,clean,eval,0.00077551364665851
${DATA_ROOT}/rvc_cm02/rvc_converted_wavs/rvc_outputs/rvc_177570_00952.wav,spoof,hi-en,177570,cm02,rvc,clean,eval,0.9479230642318726
${DATA_ROOT}/rvc_cm02/rvc_converted_wavs/rvc_outputs/rvc_177570_00953.wav,spoof,hi-en,177570,cm02,rvc,clean,eval,0.9850548505783081
${DATA_ROOT}/rvc_cm02/rvc_converted_wavs/rvc_outputs/rvc_177570_00954.wav,spoof,hi-en,177570,cm02,rvc,clean,eval,0.9944630265235901
${DATA_ROOT}/rvc_cm02/rvc_converted_wavs/rvc_outputs/rvc_177570_00955.wav,spoof,hi-en,177570,cm02,rvc,clean,eval,0.9974811673164368
${DATA_ROOT}/rvc_cm02/rvc_converted_wavs/rvc_outputs/rvc_177570_00956.wav,spoof,hi-en,177570,cm02,rvc,clean,eval,0.9985670447349548
${DATA_ROOT}/rvc_cm02/rvc_converted_wavs/rvc_outputs/rvc_177570_00957.wav,spoof,hi-en,177570,cm02,rvc,clean,eval,0.9967009425163269
${DATA_ROOT}/rvc_cm02/rvc_converted_wavs/rvc_outputs/rvc_177570_00958.wav,spoof,hi-en,177570,cm02,rvc,clean,eval,0.9990259408950806
${DATA_ROOT}/rvc_cm02/rvc_converted_wavs/rvc_outputs/rvc_177570_00959.wav,spoof,hi-en,177570,cm02,rvc,clean,eval,0.9963048696517944
${DATA_ROOT}/rvc_cm02/rvc_converted_wavs/rvc_outputs/rvc_177570_00960.wav,spoof,hi-en,177570,cm02,rvc,clean,eval,0.16851726174354553
${DATA_ROOT}/rvc_cm02/rvc_converted_wavs/rvc_outputs/rvc_177570_00961.wav,spoof,hi-en,177570,cm02,rvc,clean,eval,0.0008642392349429429
${DATA_ROOT}/rvc_cm02/rvc_converted_wavs/rvc_outputs/rvc_177570_00962.wav,spoof,hi-en,177570,cm02,rvc,clean,eval,0.997282862663269
${DATA_ROOT}/rvc_cm02/rvc_converted_wavs/rvc_outputs/rvc_177570_00963.wav,spoof,hi-en,177570,cm02,rvc,clean,eval,0.0008485870785079896
${DATA_ROOT}/rvc_cm02/rvc_converted_wavs/rvc_outputs/rvc_177570_00964.wav,spoof,hi-en,177570,cm02,rvc,clean,eval,0.0010011327685788274
${DATA_ROOT}/rvc_cm02/rvc_converted_wavs/rvc_outputs/rvc_177570_00965.wav,spoof,hi-en,177570,cm02,rvc,clean,eval,0.0007812153198756278
${DATA_ROOT}/rvc_cm02/rvc_converted_wavs/rvc_outputs/rvc_177570_00966.wav,spoof,hi-en,177570,cm02,rvc,clean,eval,0.21095982193946838
${DATA_ROOT}/rvc_cm02/rvc_converted_wavs/rvc_outputs/rvc_177570_00967.wav,spoof,hi-en,177570,cm02,rvc,clean,eval,0.9285348057746887
${DATA_ROOT}/rvc_cm02/rvc_converted_wavs/rvc_outputs/rvc_177570_00968.wav,spoof,hi-en,177570,cm02,rvc,clean,eval,0.0008077663951553404
${DATA_ROOT}/rvc_cm02/rvc_converted_wavs/rvc_outputs/rvc_177570_00969.wav,spoof,hi-en,177570,cm02,rvc,clean,eval,0.0007537758210673928
${DATA_ROOT}/rvc_cm02/rvc_converted_wavs/rvc_outputs/rvc_177570_00970.wav,spoof,hi-en,177570,cm02,rvc,clean,eval,0.0008607750642113388
${DATA_ROOT}/rvc_cm02/rvc_converted_wavs/rvc_outputs/rvc_177570_00971.wav,spoof,hi-en,177570,cm02,rvc,clean,eval,0.9992830157279968
${DATA_ROOT}/rvc_cm02/rvc_converted_wavs/rvc_outputs/rvc_177570_00972.wav,spoof,hi-en,177570,cm02,rvc,clean,eval,0.0031079137697815895
${DATA_ROOT}/rvc_cm02/rvc_converted_wavs/rvc_outputs/rvc_177570_00973.wav,spoof,hi-en,177570,cm02,rvc,clean,eval,0.2635749876499176
${DATA_ROOT}/rvc_cm02/rvc_converted_wavs/rvc_outputs/rvc_177570_00974.wav,spoof,hi-en,177570,cm02,rvc,clean,eval,0.009973414242267609
${DATA_ROOT}/rvc_cm02/rvc_converted_wavs/rvc_outputs/rvc_177570_00975.wav,spoof,hi-en,177570,cm02,rvc,clean,eval,0.9969051480293274
${DATA_ROOT}/rvc_cm02/rvc_converted_wavs/rvc_outputs/rvc_177570_00976.wav,spoof,hi-en,177570,cm02,rvc,clean,eval,0.9948315024375916
${DATA_ROOT}/rvc_cm02/rvc_converted_wavs/rvc_outputs/rvc_177570_00977.wav,spoof,hi-en,177570,cm02,rvc,clean,eval,0.002307963091880083
${DATA_ROOT}/rvc_cm02/rvc_converted_wavs/rvc_outputs/rvc_177570_00978.wav,spoof,hi-en,177570,cm02,rvc,clean,eval,0.9985706806182861
${DATA_ROOT}/rvc_cm02/rvc_converted_wavs/rvc_outputs/rvc_177570_00980.wav,spoof,hi-en,177570,cm02,rvc,clean,eval,0.9965319633483887
${DATA_ROOT}/rvc_cm02/rvc_converted_wavs/rvc_outputs/rvc_177570_00981.wav,spoof,hi-en,177570,cm02,rvc,clean,eval,0.999427855014801
${DATA_ROOT}/rvc_cm02/rvc_converted_wavs/rvc_outputs/rvc_177570_00982.wav,spoof,hi-en,177570,cm02,rvc,clean,eval,0.998180627822876
${DATA_ROOT}/rvc_cm02/rvc_converted_wavs/rvc_outputs/rvc_177570_00983.wav,spoof,hi-en,177570,cm02,rvc,clean,eval,0.001093768049031496
${DATA_ROOT}/rvc_cm02/rvc_converted_wavs/rvc_outputs/rvc_177570_00984.wav,spoof,hi-en,177570,cm02,rvc,clean,eval,0.0009221810032613575
${DATA_ROOT}/rvc_cm02/rvc_converted_wavs/rvc_outputs/rvc_177570_00985.wav,spoof,hi-en,177570,cm02,rvc,clean,eval,0.0009097846923395991
${DATA_ROOT}/rvc_cm02/rvc_converted_wavs/rvc_outputs/rvc_177570_00986.wav,spoof,hi-en,177570,cm02,rvc,clean,eval,0.0030566700734198093
${DATA_ROOT}/rvc_cm02/rvc_converted_wavs/rvc_outputs/rvc_177570_00987.wav,spoof,hi-en,177570,cm02,rvc,clean,eval,0.001319303410127759
${DATA_ROOT}/rvc_cm02/rvc_converted_wavs/rvc_outputs/rvc_177570_00988.wav,spoof,hi-en,177570,cm02,rvc,clean,eval,0.9981808662414551
${DATA_ROOT}/rvc_cm02/rvc_converted_wavs/rvc_outputs/rvc_177570_00989.wav,spoof,hi-en,177570,cm02,rvc,clean,eval,0.9983949065208435
${DATA_ROOT}/rvc_cm02/rvc_converted_wavs/rvc_outputs/rvc_177570_00990.wav,spoof,hi-en,177570,cm02,rvc,clean,eval,0.991463840007782
${DATA_ROOT}/rvc_cm02/rvc_converted_wavs/rvc_outputs/rvc_177570_00991.wav,spoof,hi-en,177570,cm02,rvc,clean,eval,0.995688259601593
${DATA_ROOT}/rvc_cm02/rvc_converted_wavs/rvc_outputs/rvc_177570_00992.wav,spoof,hi-en,177570,cm02,rvc,clean,eval,0.0008182185119949281
${DATA_ROOT}/rvc_cm02/rvc_converted_wavs/rvc_outputs/rvc_177570_00993.wav,spoof,hi-en,177570,cm02,rvc,clean,eval,0.0010351075325161219
${DATA_ROOT}/rvc_cm02/rvc_converted_wavs/rvc_outputs/rvc_177570_00994.wav,spoof,hi-en,177570,cm02,rvc,clean,eval,0.35581424832344055
${DATA_ROOT}/rvc_cm02/rvc_converted_wavs/rvc_outputs/rvc_177570_00995.wav,spoof,hi-en,177570,cm02,rvc,clean,eval,0.9972890615463257
${DATA_ROOT}/rvc_cm02/rvc_converted_wavs/rvc_outputs/rvc_177570_00997.wav,spoof,hi-en,177570,cm02,rvc,clean,eval,0.0007334816618822515
${DATA_ROOT}/rvc_cm02/rvc_converted_wavs/rvc_outputs/rvc_177570_00998.wav,spoof,hi-en,177570,cm02,rvc,clean,eval,0.0008124246960505843
${DATA_ROOT}/rvc_cm02/rvc_converted_wavs/rvc_outputs/rvc_177570_00999.wav,spoof,hi-en,177570,cm02,rvc,clean,eval,0.0007063765660859644
${DATA_ROOT}/rvc_cm02/rvc_converted_wavs/rvc_outputs/rvc_177570_01000.wav,spoof,hi-en,177570,cm02,rvc,clean,eval,0.0008195805712603033
${DATA_ROOT}/rvc_cm02/rvc_converted_wavs/rvc_outputs/rvc_584991_01001.wav,spoof,hi-en,584991,cm02,rvc,clean,eval,0.9996281862258911
${DATA_ROOT}/rvc_cm02/rvc_converted_wavs/rvc_outputs/rvc_584991_01002.wav,spoof,hi-en,584991,cm02,rvc,clean,eval,0.9994768500328064
${DATA_ROOT}/rvc_cm02/rvc_converted_wavs/rvc_outputs/rvc_584991_01003.wav,spoof,hi-en,584991,cm02,rvc,clean,eval,0.9993630051612854
${DATA_ROOT}/rvc_cm02/rvc_converted_wavs/rvc_outputs/rvc_584991_01004.wav,spoof,hi-en,584991,cm02,rvc,clean,eval,0.9994257688522339
${DATA_ROOT}/rvc_cm02/rvc_converted_wavs/rvc_outputs/rvc_584991_01006.wav,spoof,hi-en,584991,cm02,rvc,clean,eval,0.9996575117111206
${DATA_ROOT}/rvc_cm02/rvc_converted_wavs/rvc_outputs/rvc_584991_01007.wav,spoof,hi-en,584991,cm02,rvc,clean,eval,0.999658465385437
${DATA_ROOT}/rvc_cm02/rvc_converted_wavs/rvc_outputs/rvc_584991_01008.wav,spoof,hi-en,584991,cm02,rvc,clean,eval,0.9995743632316589
${DATA_ROOT}/rvc_cm02/rvc_converted_wavs/rvc_outputs/rvc_584991_01009.wav,spoof,hi-en,584991,cm02,rvc,clean,eval,0.9994262456893921
${DATA_ROOT}/rvc_cm02/rvc_converted_wavs/rvc_outputs/rvc_584991_01010.wav,spoof,hi-en,584991,cm02,rvc,clean,eval,0.9996021389961243
${DATA_ROOT}/rvc_cm02/rvc_converted_wavs/rvc_outputs/rvc_584991_01011.wav,spoof,hi-en,584991,cm02,rvc,clean,eval,0.9995972514152527
${DATA_ROOT}/rvc_cm02/rvc_converted_wavs/rvc_outputs/rvc_584991_01012.wav,spoof,hi-en,584991,cm02,rvc,clean,eval,0.9995830655097961
${DATA_ROOT}/rvc_cm02/rvc_converted_wavs/rvc_outputs/rvc_584991_01013.wav,spoof,hi-en,584991,cm02,rvc,clean,eval,0.9995899796485901
${DATA_ROOT}/rvc_cm02/rvc_converted_wavs/rvc_outputs/rvc_584991_01014.wav,spoof,hi-en,584991,cm02,rvc,clean,eval,0.9995896220207214
${DATA_ROOT}/rvc_cm02/rvc_converted_wavs/rvc_outputs/rvc_584991_01015.wav,spoof,hi-en,584991,cm02,rvc,clean,eval,0.9994168281555176
${DATA_ROOT}/rvc_cm02/rvc_converted_wavs/rvc_outputs/rvc_584991_01016.wav,spoof,hi-en,584991,cm02,rvc,clean,eval,0.9996895790100098
${DATA_ROOT}/rvc_cm02/rvc_converted_wavs/rvc_outputs/rvc_584991_01017.wav,spoof,hi-en,584991,cm02,rvc,clean,eval,0.9960867166519165
${DATA_ROOT}/rvc_cm02/rvc_converted_wavs/rvc_outputs/rvc_584991_01018.wav,spoof,hi-en,584991,cm02,rvc,clean,eval,0.9997332692146301
${DATA_ROOT}/rvc_cm02/rvc_converted_wavs/rvc_outputs/rvc_584991_01021.wav,spoof,hi-en,584991,cm02,rvc,clean,eval,0.9995218515396118
${DATA_ROOT}/rvc_cm02/rvc_converted_wavs/rvc_outputs/rvc_584991_01022.wav,spoof,hi-en,584991,cm02,rvc,clean,eval,0.9993935823440552
${DATA_ROOT}/rvc_cm02/rvc_converted_wavs/rvc_outputs/rvc_584991_01023.wav,spoof,hi-en,584991,cm02,rvc,clean,eval,0.9996716976165771
${DATA_ROOT}/rvc_cm02/rvc_converted_wavs/rvc_outputs/rvc_584991_01024.wav,spoof,hi-en,584991,cm02,rvc,clean,eval,0.9993242025375366
${DATA_ROOT}/rvc_cm02/rvc_converted_wavs/rvc_outputs/rvc_584991_01025.wav,spoof,hi-en,584991,cm02,rvc,clean,eval,0.9995488524436951
${DATA_ROOT}/rvc_cm02/rvc_converted_wavs/rvc_outputs/rvc_584991_01026.wav,spoof,hi-en,584991,cm02,rvc,clean,eval,0.9994887113571167
${DATA_ROOT}/rvc_cm02/rvc_converted_wavs/rvc_outputs/rvc_584991_01027.wav,spoof,hi-en,584991,cm02,rvc,clean,eval,0.9995449185371399
${DATA_ROOT}/rvc_cm02/rvc_converted_wavs/rvc_outputs/rvc_584991_01028.wav,spoof,hi-en,584991,cm02,rvc,clean,eval,0.9993385672569275
${DATA_ROOT}/rvc_cm02/rvc_converted_wavs/rvc_outputs/rvc_584991_01029.wav,spoof,hi-en,584991,cm02,rvc,clean,eval,0.9994213581085205
${DATA_ROOT}/rvc_cm02/rvc_converted_wavs/rvc_outputs/rvc_584991_01030.wav,spoof,hi-en,584991,cm02,rvc,clean,eval,0.9996999502182007
${DATA_ROOT}/rvc_cm02/rvc_converted_wavs/rvc_outputs/rvc_584991_01031.wav,spoof,hi-en,584991,cm02,rvc,clean,eval,0.9994325041770935
${DATA_ROOT}/rvc_cm02/rvc_converted_wavs/rvc_outputs/rvc_584991_01032.wav,spoof,hi-en,584991,cm02,rvc,clean,eval,0.9996912479400635
${DATA_ROOT}/rvc_cm02/rvc_converted_wavs/rvc_outputs/rvc_584991_01033.wav,spoof,hi-en,584991,cm02,rvc,clean,eval,0.9994609951972961
${DATA_ROOT}/rvc_cm02/rvc_converted_wavs/rvc_outputs/rvc_584991_01034.wav,spoof,hi-en,584991,cm02,rvc,clean,eval,0.999563992023468
${DATA_ROOT}/rvc_cm02/rvc_converted_wavs/rvc_outputs/rvc_584991_01035.wav,spoof,hi-en,584991,cm02,rvc,clean,eval,0.9993417859077454
${DATA_ROOT}/rvc_cm02/rvc_converted_wavs/rvc_outputs/rvc_584991_01036.wav,spoof,hi-en,584991,cm02,rvc,clean,eval,0.9996107220649719
${DATA_ROOT}/rvc_cm02/rvc_converted_wavs/rvc_outputs/rvc_584991_01037.wav,spoof,hi-en,584991,cm02,rvc,clean,eval,0.9995392560958862
${DATA_ROOT}/rvc_cm02/rvc_converted_wavs/rvc_outputs/rvc_584991_01038.wav,spoof,hi-en,584991,cm02,rvc,clean,eval,0.9997220635414124
${DATA_ROOT}/rvc_cm02/rvc_converted_wavs/rvc_outputs/rvc_584991_01039.wav,spoof,hi-en,584991,cm02,rvc,clean,eval,0.9997056126594543
${DATA_ROOT}/rvc_cm02/rvc_converted_wavs/rvc_outputs/rvc_584991_01040.wav,spoof,hi-en,584991,cm02,rvc,clean,eval,0.9996583461761475
${DATA_ROOT}/rvc_cm02/rvc_converted_wavs/rvc_outputs/rvc_584991_01041.wav,spoof,hi-en,584991,cm02,rvc,clean,eval,0.9998131394386292
${DATA_ROOT}/rvc_cm02/rvc_converted_wavs/rvc_outputs/rvc_584991_01042.wav,spoof,hi-en,584991,cm02,rvc,clean,eval,0.9996635913848877
${DATA_ROOT}/rvc_cm02/rvc_converted_wavs/rvc_outputs/rvc_584991_01043.wav,spoof,hi-en,584991,cm02,rvc,clean,eval,0.99937903881073
${DATA_ROOT}/rvc_cm02/rvc_converted_wavs/rvc_outputs/rvc_584991_01044.wav,spoof,hi-en,584991,cm02,rvc,clean,eval,0.9997777342796326
${DATA_ROOT}/rvc_cm02/rvc_converted_wavs/rvc_outputs/rvc_584991_01045.wav,spoof,hi-en,584991,cm02,rvc,clean,eval,0.9992426633834839
${DATA_ROOT}/rvc_cm02/rvc_converted_wavs/rvc_outputs/rvc_584991_01046.wav,spoof,hi-en,584991,cm02,rvc,clean,eval,0.9997428059577942
${DATA_ROOT}/rvc_cm02/rvc_converted_wavs/rvc_outputs/rvc_584991_01047.wav,spoof,hi-en,584991,cm02,rvc,clean,eval,0.9995356798171997
${DATA_ROOT}/rvc_cm02/rvc_converted_wavs/rvc_outputs/rvc_584991_01049.wav,spoof,hi-en,584991,cm02,rvc,clean,eval,0.9992430210113525
${DATA_ROOT}/rvc_cm02/rvc_converted_wavs/rvc_outputs/rvc_584991_01050.wav,spoof,hi-en,584991,cm02,rvc,clean,eval,0.9994708895683289
${DATA_ROOT}/rvc_cm02/rvc_converted_wavs/rvc_outputs/rvc_584991_01051.wav,spoof,hi-en,584991,cm02,rvc,clean,eval,0.9992691874504089
${DATA_ROOT}/rvc_cm02/rvc_converted_wavs/rvc_outputs/rvc_584991_01052.wav,spoof,hi-en,584991,cm02,rvc,clean,eval,0.9995121955871582
${DATA_ROOT}/rvc_cm02/rvc_converted_wavs/rvc_outputs/rvc_584991_01053.wav,spoof,hi-en,584991,cm02,rvc,clean,eval,0.9993465542793274
${DATA_ROOT}/rvc_cm02/rvc_converted_wavs/rvc_outputs/rvc_584991_01054.wav,spoof,hi-en,584991,cm02,rvc,clean,eval,0.9996820688247681
${DATA_ROOT}/rvc_cm02/rvc_converted_wavs/rvc_outputs/rvc_584991_01055.wav,spoof,hi-en,584991,cm02,rvc,clean,eval,0.999568521976471
${DATA_ROOT}/rvc_cm02/rvc_converted_wavs/rvc_outputs/rvc_584991_01056.wav,spoof,hi-en,584991,cm02,rvc,clean,eval,0.9994320273399353
${DATA_ROOT}/rvc_cm02/rvc_converted_wavs/rvc_outputs/rvc_584991_01057.wav,spoof,hi-en,584991,cm02,rvc,clean,eval,0.9996531009674072
${DATA_ROOT}/rvc_cm02/rvc_converted_wavs/rvc_outputs/rvc_584991_01058.wav,spoof,hi-en,584991,cm02,rvc,clean,eval,0.998356282711029
${DATA_ROOT}/rvc_cm02/rvc_converted_wavs/rvc_outputs/rvc_584991_01059.wav,spoof,hi-en,584991,cm02,rvc,clean,eval,0.9991453886032104
${DATA_ROOT}/rvc_cm02/rvc_converted_wavs/rvc_outputs/rvc_584991_01060.wav,spoof,hi-en,584991,cm02,rvc,clean,eval,0.9993717074394226
${DATA_ROOT}/rvc_cm02/rvc_converted_wavs/rvc_outputs/rvc_584991_01061.wav,spoof,hi-en,584991,cm02,rvc,clean,eval,0.9997162222862244
${DATA_ROOT}/rvc_cm02/rvc_converted_wavs/rvc_outputs/rvc_584991_01062.wav,spoof,hi-en,584991,cm02,rvc,clean,eval,0.9993140697479248
${DATA_ROOT}/rvc_cm02/rvc_converted_wavs/rvc_outputs/rvc_584991_01063.wav,spoof,hi-en,584991,cm02,rvc,clean,eval,0.999194324016571
${DATA_ROOT}/rvc_cm02/rvc_converted_wavs/rvc_outputs/rvc_584991_01064.wav,spoof,hi-en,584991,cm02,rvc,clean,eval,0.9997619986534119
${DATA_ROOT}/rvc_cm02/rvc_converted_wavs/rvc_outputs/rvc_584991_01065.wav,spoof,hi-en,584991,cm02,rvc,clean,eval,0.9995500445365906
${DATA_ROOT}/rvc_cm02/rvc_converted_wavs/rvc_outputs/rvc_584991_01066.wav,spoof,hi-en,584991,cm02,rvc,clean,eval,0.9994266033172607
${DATA_ROOT}/rvc_cm02/rvc_converted_wavs/rvc_outputs/rvc_584991_01067.wav,spoof,hi-en,584991,cm02,rvc,clean,eval,0.9997828602790833
${DATA_ROOT}/rvc_cm02/rvc_converted_wavs/rvc_outputs/rvc_584991_01068.wav,spoof,hi-en,584991,cm02,rvc,clean,eval,0.9996920824050903
${DATA_ROOT}/rvc_cm02/rvc_converted_wavs/rvc_outputs/rvc_584991_01069.wav,spoof,hi-en,584991,cm02,rvc,clean,eval,0.999510645866394
${DATA_ROOT}/rvc_cm02/rvc_converted_wavs/rvc_outputs/rvc_584991_01070.wav,spoof,hi-en,584991,cm02,rvc,clean,eval,0.9997718930244446
${DATA_ROOT}/rvc_cm02/rvc_converted_wavs/rvc_outputs/rvc_584991_01071.wav,spoof,hi-en,584991,cm02,rvc,clean,eval,0.9991962313652039
${DATA_ROOT}/rvc_cm02/rvc_converted_wavs/rvc_outputs/rvc_584991_01072.wav,spoof,hi-en,584991,cm02,rvc,clean,eval,0.9994569420814514
${DATA_ROOT}/rvc_cm02/rvc_converted_wavs/rvc_outputs/rvc_584991_01073.wav,spoof,hi-en,584991,cm02,rvc,clean,eval,0.9994319081306458
${DATA_ROOT}/rvc_cm02/rvc_converted_wavs/rvc_outputs/rvc_584991_01074.wav,spoof,hi-en,584991,cm02,rvc,clean,eval,0.999474823474884
${DATA_ROOT}/rvc_cm02/rvc_converted_wavs/rvc_outputs/rvc_584991_01075.wav,spoof,hi-en,584991,cm02,rvc,clean,eval,0.9994458556175232
${DATA_ROOT}/rvc_cm02/rvc_converted_wavs/rvc_outputs/rvc_584991_01076.wav,spoof,hi-en,584991,cm02,rvc,clean,eval,0.9996302127838135
${DATA_ROOT}/rvc_cm02/rvc_converted_wavs/rvc_outputs/rvc_584991_01077.wav,spoof,hi-en,584991,cm02,rvc,clean,eval,0.9994111061096191
${DATA_ROOT}/rvc_cm02/rvc_converted_wavs/rvc_outputs/rvc_584991_01078.wav,spoof,hi-en,584991,cm02,rvc,clean,eval,0.9997708201408386
${DATA_ROOT}/rvc_cm02/rvc_converted_wavs/rvc_outputs/rvc_584991_01079.wav,spoof,hi-en,584991,cm02,rvc,clean,eval,0.9992281198501587
${DATA_ROOT}/rvc_cm02/rvc_converted_wavs/rvc_outputs/rvc_584991_01080.wav,spoof,hi-en,584991,cm02,rvc,clean,eval,0.9996882677078247
${DATA_ROOT}/rvc_cm02/rvc_converted_wavs/rvc_outputs/rvc_584991_01081.wav,spoof,hi-en,584991,cm02,rvc,clean,eval,0.9996169805526733
${DATA_ROOT}/rvc_cm02/rvc_converted_wavs/rvc_outputs/rvc_584991_01082.wav,spoof,hi-en,584991,cm02,rvc,clean,eval,0.9986969828605652
${DATA_ROOT}/rvc_cm02/rvc_converted_wavs/rvc_outputs/rvc_584991_01083.wav,spoof,hi-en,584991,cm02,rvc,clean,eval,0.9995266199111938
${DATA_ROOT}/rvc_cm02/rvc_converted_wavs/rvc_outputs/rvc_584991_01084.wav,spoof,hi-en,584991,cm02,rvc,clean,eval,0.9995245933532715
${DATA_ROOT}/rvc_cm02/rvc_converted_wavs/rvc_outputs/rvc_584991_01085.wav,spoof,hi-en,584991,cm02,rvc,clean,eval,0.9996674060821533
${DATA_ROOT}/rvc_cm02/rvc_converted_wavs/rvc_outputs/rvc_584991_01086.wav,spoof,hi-en,584991,cm02,rvc,clean,eval,0.9995412826538086
${DATA_ROOT}/rvc_cm02/rvc_converted_wavs/rvc_outputs/rvc_584991_01088.wav,spoof,hi-en,584991,cm02,rvc,clean,eval,0.9997934699058533
${DATA_ROOT}/rvc_cm02/rvc_converted_wavs/rvc_outputs/rvc_584991_01089.wav,spoof,hi-en,584991,cm02,rvc,clean,eval,0.9993409514427185
${DATA_ROOT}/rvc_cm02/rvc_converted_wavs/rvc_outputs/rvc_584991_01090.wav,spoof,hi-en,584991,cm02,rvc,clean,eval,0.9993674159049988
${DATA_ROOT}/rvc_cm02/rvc_converted_wavs/rvc_outputs/rvc_584991_01091.wav,spoof,hi-en,584991,cm02,rvc,clean,eval,0.9998024106025696
${DATA_ROOT}/rvc_cm02/rvc_converted_wavs/rvc_outputs/rvc_584991_01092.wav,spoof,hi-en,584991,cm02,rvc,clean,eval,0.9997963309288025
${DATA_ROOT}/rvc_cm02/rvc_converted_wavs/rvc_outputs/rvc_584991_01093.wav,spoof,hi-en,584991,cm02,rvc,clean,eval,0.9995844960212708
${DATA_ROOT}/rvc_cm02/rvc_converted_wavs/rvc_outputs/rvc_584991_01094.wav,spoof,hi-en,584991,cm02,rvc,clean,eval,0.999566376209259
${DATA_ROOT}/rvc_cm02/rvc_converted_wavs/rvc_outputs/rvc_584991_01095.wav,spoof,hi-en,584991,cm02,rvc,clean,eval,0.9990757703781128
${DATA_ROOT}/rvc_cm02/rvc_converted_wavs/rvc_outputs/rvc_584991_01096.wav,spoof,hi-en,584991,cm02,rvc,clean,eval,0.99891197681427
${DATA_ROOT}/rvc_cm02/rvc_converted_wavs/rvc_outputs/rvc_584991_01097.wav,spoof,hi-en,584991,cm02,rvc,clean,eval,0.9994761347770691
${DATA_ROOT}/rvc_cm02/rvc_converted_wavs/rvc_outputs/rvc_584991_01098.wav,spoof,hi-en,584991,cm02,rvc,clean,eval,0.9991758465766907
${DATA_ROOT}/rvc_cm02/rvc_converted_wavs/rvc_outputs/rvc_584991_01099.wav,spoof,hi-en,584991,cm02,rvc,clean,eval,0.9992959499359131
${DATA_ROOT}/rvc_cm02/rvc_converted_wavs/rvc_outputs/rvc_584991_01100.wav,spoof,hi-en,584991,cm02,rvc,clean,eval,0.9995125532150269
${DATA_ROOT}/rvc_cm02/rvc_converted_wavs/rvc_outputs/rvc_584991_01102.wav,spoof,hi-en,584991,cm02,rvc,clean,eval,0.9997344613075256
${DATA_ROOT}/rvc_cm02/rvc_converted_wavs/rvc_outputs/rvc_584991_01103.wav,spoof,hi-en,584991,cm02,rvc,clean,eval,0.9995986819267273
${DATA_ROOT}/rvc_cm02/rvc_converted_wavs/rvc_outputs/rvc_584991_01104.wav,spoof,hi-en,584991,cm02,rvc,clean,eval,0.9996438026428223
${DATA_ROOT}/rvc_cm02/rvc_converted_wavs/rvc_outputs/rvc_584991_01105.wav,spoof,hi-en,584991,cm02,rvc,clean,eval,0.999470055103302
${DATA_ROOT}/rvc_cm02/rvc_converted_wavs/rvc_outputs/rvc_584991_01106.wav,spoof,hi-en,584991,cm02,rvc,clean,eval,0.9996414184570312
${DATA_ROOT}/rvc_cm02/rvc_converted_wavs/rvc_outputs/rvc_584991_01107.wav,spoof,hi-en,584991,cm02,rvc,clean,eval,0.9992896318435669
${DATA_ROOT}/rvc_cm02/rvc_converted_wavs/rvc_outputs/rvc_584991_01108.wav,spoof,hi-en,584991,cm02,rvc,clean,eval,0.9997130036354065
${DATA_ROOT}/rvc_cm02/rvc_converted_wavs/rvc_outputs/rvc_584991_01109.wav,spoof,hi-en,584991,cm02,rvc,clean,eval,0.9995936751365662
${DATA_ROOT}/rvc_cm02/rvc_converted_wavs/rvc_outputs/rvc_584991_01110.wav,spoof,hi-en,584991,cm02,rvc,clean,eval,0.999729573726654
${DATA_ROOT}/rvc_cm02/rvc_converted_wavs/rvc_outputs/rvc_584991_01112.wav,spoof,hi-en,584991,cm02,rvc,clean,eval,0.9997188448905945
${DATA_ROOT}/rvc_cm02/rvc_converted_wavs/rvc_outputs/rvc_584991_01113.wav,spoof,hi-en,584991,cm02,rvc,clean,eval,0.9994781613349915
${DATA_ROOT}/rvc_cm02/rvc_converted_wavs/rvc_outputs/rvc_584991_01114.wav,spoof,hi-en,584991,cm02,rvc,clean,eval,0.9996936321258545
${DATA_ROOT}/rvc_cm02/rvc_converted_wavs/rvc_outputs/rvc_584991_01115.wav,spoof,hi-en,584991,cm02,rvc,clean,eval,0.9995361566543579
${DATA_ROOT}/rvc_cm02/rvc_converted_wavs/rvc_outputs/rvc_584991_01116.wav,spoof,hi-en,584991,cm02,rvc,clean,eval,0.9996131062507629
${DATA_ROOT}/rvc_cm02/rvc_converted_wavs/rvc_outputs/rvc_584991_01117.wav,spoof,hi-en,584991,cm02,rvc,clean,eval,0.9996283054351807
${DATA_ROOT}/rvc_cm02/rvc_converted_wavs/rvc_outputs/rvc_584991_01118.wav,spoof,hi-en,584991,cm02,rvc,clean,eval,0.999711811542511
${DATA_ROOT}/rvc_cm02/rvc_converted_wavs/rvc_outputs/rvc_584991_01119.wav,spoof,hi-en,584991,cm02,rvc,clean,eval,0.9995359182357788
${DATA_ROOT}/rvc_cm02/rvc_converted_wavs/rvc_outputs/rvc_584991_01120.wav,spoof,hi-en,584991,cm02,rvc,clean,eval,0.9984411597251892
${DATA_ROOT}/rvc_cm02/rvc_converted_wavs/rvc_outputs/rvc_584991_01121.wav,spoof,hi-en,584991,cm02,rvc,clean,eval,0.9996311664581299
${DATA_ROOT}/rvc_cm02/rvc_converted_wavs/rvc_outputs/rvc_584991_01122.wav,spoof,hi-en,584991,cm02,rvc,clean,eval,0.9992367029190063
${DATA_ROOT}/rvc_cm02/rvc_converted_wavs/rvc_outputs/rvc_584991_01123.wav,spoof,hi-en,584991,cm02,rvc,clean,eval,0.9993871450424194
${DATA_ROOT}/rvc_cm02/rvc_converted_wavs/rvc_outputs/rvc_584991_01125.wav,spoof,hi-en,584991,cm02,rvc,clean,eval,0.9993973970413208
${DATA_ROOT}/rvc_cm02/rvc_converted_wavs/rvc_outputs/rvc_541304_01126.wav,spoof,hi-en,541304,cm02,rvc,clean,eval,0.9994595646858215
${DATA_ROOT}/rvc_cm02/rvc_converted_wavs/rvc_outputs/rvc_541304_01127.wav,spoof,hi-en,541304,cm02,rvc,clean,eval,0.9997139573097229
${DATA_ROOT}/rvc_cm02/rvc_converted_wavs/rvc_outputs/rvc_541304_01128.wav,spoof,hi-en,541304,cm02,rvc,clean,eval,0.999605119228363
${DATA_ROOT}/rvc_cm02/rvc_converted_wavs/rvc_outputs/rvc_541304_01129.wav,spoof,hi-en,541304,cm02,rvc,clean,eval,0.9996222257614136
${DATA_ROOT}/rvc_cm02/rvc_converted_wavs/rvc_outputs/rvc_541304_01130.wav,spoof,hi-en,541304,cm02,rvc,clean,eval,0.9996981620788574
${DATA_ROOT}/rvc_cm02/rvc_converted_wavs/rvc_outputs/rvc_541304_01131.wav,spoof,hi-en,541304,cm02,rvc,clean,eval,0.9997076392173767
${DATA_ROOT}/rvc_cm02/rvc_converted_wavs/rvc_outputs/rvc_541304_01132.wav,spoof,hi-en,541304,cm02,rvc,clean,eval,0.9992024302482605
${DATA_ROOT}/rvc_cm02/rvc_converted_wavs/rvc_outputs/rvc_541304_01133.wav,spoof,hi-en,541304,cm02,rvc,clean,eval,0.9996726512908936
${DATA_ROOT}/rvc_cm02/rvc_converted_wavs/rvc_outputs/rvc_541304_01134.wav,spoof,hi-en,541304,cm02,rvc,clean,eval,0.9996092915534973
${DATA_ROOT}/rvc_cm02/rvc_converted_wavs/rvc_outputs/rvc_541304_01135.wav,spoof,hi-en,541304,cm02,rvc,clean,eval,0.9994648098945618
${DATA_ROOT}/rvc_cm02/rvc_converted_wavs/rvc_outputs/rvc_541304_01136.wav,spoof,hi-en,541304,cm02,rvc,clean,eval,0.9995936751365662
${DATA_ROOT}/rvc_cm02/rvc_converted_wavs/rvc_outputs/rvc_541304_01137.wav,spoof,hi-en,541304,cm02,rvc,clean,eval,0.9996452331542969
${DATA_ROOT}/rvc_cm02/rvc_converted_wavs/rvc_outputs/rvc_541304_01138.wav,spoof,hi-en,541304,cm02,rvc,clean,eval,0.9986281394958496
${DATA_ROOT}/rvc_cm02/rvc_converted_wavs/rvc_outputs/rvc_541304_01139.wav,spoof,hi-en,541304,cm02,rvc,clean,eval,0.9996210336685181
${DATA_ROOT}/rvc_cm02/rvc_converted_wavs/rvc_outputs/rvc_541304_01140.wav,spoof,hi-en,541304,cm02,rvc,clean,eval,0.9991798996925354
${DATA_ROOT}/rvc_cm02/rvc_converted_wavs/rvc_outputs/rvc_541304_01141.wav,spoof,hi-en,541304,cm02,rvc,clean,eval,0.9995456337928772
${DATA_ROOT}/rvc_cm02/rvc_converted_wavs/rvc_outputs/rvc_541304_01142.wav,spoof,hi-en,541304,cm02,rvc,clean,eval,0.9994012117385864
${DATA_ROOT}/rvc_cm02/rvc_converted_wavs/rvc_outputs/rvc_541304_01143.wav,spoof,hi-en,541304,cm02,rvc,clean,eval,0.9995720982551575
${DATA_ROOT}/rvc_cm02/rvc_converted_wavs/rvc_outputs/rvc_541304_01144.wav,spoof,hi-en,541304,cm02,rvc,clean,eval,0.9997579455375671
${DATA_ROOT}/rvc_cm02/rvc_converted_wavs/rvc_outputs/rvc_541304_01145.wav,spoof,hi-en,541304,cm02,rvc,clean,eval,0.9996989965438843
${DATA_ROOT}/rvc_cm02/rvc_converted_wavs/rvc_outputs/rvc_541304_01146.wav,spoof,hi-en,541304,cm02,rvc,clean,eval,0.9996592998504639
${DATA_ROOT}/rvc_cm02/rvc_converted_wavs/rvc_outputs/rvc_541304_01147.wav,spoof,hi-en,541304,cm02,rvc,clean,eval,0.9994890689849854
${DATA_ROOT}/rvc_cm02/rvc_converted_wavs/rvc_outputs/rvc_541304_01148.wav,spoof,hi-en,541304,cm02,rvc,clean,eval,0.9996395111083984
${DATA_ROOT}/rvc_cm02/rvc_converted_wavs/rvc_outputs/rvc_541304_01149.wav,spoof,hi-en,541304,cm02,rvc,clean,eval,0.9991334080696106
${DATA_ROOT}/rvc_cm02/rvc_converted_wavs/rvc_outputs/rvc_541304_01150.wav,spoof,hi-en,541304,cm02,rvc,clean,eval,0.9996575117111206
${DATA_ROOT}/rvc_cm02/rvc_converted_wavs/rvc_outputs/rvc_541304_01151.wav,spoof,hi-en,541304,cm02,rvc,clean,eval,0.9995450377464294
${DATA_ROOT}/rvc_cm02/rvc_converted_wavs/rvc_outputs/rvc_541304_01152.wav,spoof,hi-en,541304,cm02,rvc,clean,eval,0.9996237754821777
${DATA_ROOT}/rvc_cm02/rvc_converted_wavs/rvc_outputs/rvc_541304_01153.wav,spoof,hi-en,541304,cm02,rvc,clean,eval,0.9997743964195251
${DATA_ROOT}/rvc_cm02/rvc_converted_wavs/rvc_outputs/rvc_541304_01154.wav,spoof,hi-en,541304,cm02,rvc,clean,eval,0.9996738433837891
${DATA_ROOT}/rvc_cm02/rvc_converted_wavs/rvc_outputs/rvc_541304_01155.wav,spoof,hi-en,541304,cm02,rvc,clean,eval,0.9997259974479675
${DATA_ROOT}/rvc_cm02/rvc_converted_wavs/rvc_outputs/rvc_541304_01156.wav,spoof,hi-en,541304,cm02,rvc,clean,eval,0.9997019171714783
${DATA_ROOT}/rvc_cm02/rvc_converted_wavs/rvc_outputs/rvc_541304_01157.wav,spoof,hi-en,541304,cm02,rvc,clean,eval,0.9997593760490417
${DATA_ROOT}/rvc_cm02/rvc_converted_wavs/rvc_outputs/rvc_541304_01158.wav,spoof,hi-en,541304,cm02,rvc,clean,eval,0.9995149374008179
${DATA_ROOT}/rvc_cm02/rvc_converted_wavs/rvc_outputs/rvc_541304_01159.wav,spoof,hi-en,541304,cm02,rvc,clean,eval,0.9995766282081604
${DATA_ROOT}/rvc_cm02/rvc_converted_wavs/rvc_outputs/rvc_541304_01160.wav,spoof,hi-en,541304,cm02,rvc,clean,eval,0.9997236132621765
${DATA_ROOT}/rvc_cm02/rvc_converted_wavs/rvc_outputs/rvc_541304_01161.wav,spoof,hi-en,541304,cm02,rvc,clean,eval,0.999646782875061
${DATA_ROOT}/rvc_cm02/rvc_converted_wavs/rvc_outputs/rvc_541304_01162.wav,spoof,hi-en,541304,cm02,rvc,clean,eval,0.9997140765190125
${DATA_ROOT}/rvc_cm02/rvc_converted_wavs/rvc_outputs/rvc_541304_01163.wav,spoof,hi-en,541304,cm02,rvc,clean,eval,0.9997078776359558
${DATA_ROOT}/rvc_cm02/rvc_converted_wavs/rvc_outputs/rvc_541304_01164.wav,spoof,hi-en,541304,cm02,rvc,clean,eval,0.9997145533561707
${DATA_ROOT}/rvc_cm02/rvc_converted_wavs/rvc_outputs/rvc_541304_01165.wav,spoof,hi-en,541304,cm02,rvc,clean,eval,0.999716579914093
${DATA_ROOT}/rvc_cm02/rvc_converted_wavs/rvc_outputs/rvc_541304_01166.wav,spoof,hi-en,541304,cm02,rvc,clean,eval,0.9998133778572083
${DATA_ROOT}/rvc_cm02/rvc_converted_wavs/rvc_outputs/rvc_541304_01167.wav,spoof,hi-en,541304,cm02,rvc,clean,eval,0.999630331993103
${DATA_ROOT}/rvc_cm02/rvc_converted_wavs/rvc_outputs/rvc_541304_01168.wav,spoof,hi-en,541304,cm02,rvc,clean,eval,0.9996238946914673
${DATA_ROOT}/rvc_cm02/rvc_converted_wavs/rvc_outputs/rvc_541304_01169.wav,spoof,hi-en,541304,cm02,rvc,clean,eval,0.999548614025116
${DATA_ROOT}/rvc_cm02/rvc_converted_wavs/rvc_outputs/rvc_541304_01170.wav,spoof,hi-en,541304,cm02,rvc,clean,eval,0.9994640946388245
${DATA_ROOT}/rvc_cm02/rvc_converted_wavs/rvc_outputs/rvc_541304_01171.wav,spoof,hi-en,541304,cm02,rvc,clean,eval,0.9995249509811401
${DATA_ROOT}/rvc_cm02/rvc_converted_wavs/rvc_outputs/rvc_541304_01172.wav,spoof,hi-en,541304,cm02,rvc,clean,eval,0.9996438026428223
${DATA_ROOT}/rvc_cm02/rvc_converted_wavs/rvc_outputs/rvc_541304_01173.wav,spoof,hi-en,541304,cm02,rvc,clean,eval,0.9992606043815613
${DATA_ROOT}/rvc_cm02/rvc_converted_wavs/rvc_outputs/rvc_541304_01174.wav,spoof,hi-en,541304,cm02,rvc,clean,eval,0.9996764659881592
${DATA_ROOT}/rvc_cm02/rvc_converted_wavs/rvc_outputs/rvc_541304_01175.wav,spoof,hi-en,541304,cm02,rvc,clean,eval,0.9997227787971497
${DATA_ROOT}/rvc_cm02/rvc_converted_wavs/rvc_outputs/rvc_541304_01177.wav,spoof,hi-en,541304,cm02,rvc,clean,eval,0.9997001886367798
${DATA_ROOT}/rvc_cm02/rvc_converted_wavs/rvc_outputs/rvc_541304_01178.wav,spoof,hi-en,541304,cm02,rvc,clean,eval,0.9996572732925415
${DATA_ROOT}/rvc_cm02/rvc_converted_wavs/rvc_outputs/rvc_541304_01179.wav,spoof,hi-en,541304,cm02,rvc,clean,eval,0.9996646642684937
${DATA_ROOT}/rvc_cm02/rvc_converted_wavs/rvc_outputs/rvc_541304_01180.wav,spoof,hi-en,541304,cm02,rvc,clean,eval,0.9996546506881714
${DATA_ROOT}/rvc_cm02/rvc_converted_wavs/rvc_outputs/rvc_541304_01181.wav,spoof,hi-en,541304,cm02,rvc,clean,eval,0.9996352195739746
${DATA_ROOT}/rvc_cm02/rvc_converted_wavs/rvc_outputs/rvc_541304_01182.wav,spoof,hi-en,541304,cm02,rvc,clean,eval,0.9996294975280762
${DATA_ROOT}/rvc_cm02/rvc_converted_wavs/rvc_outputs/rvc_541304_01183.wav,spoof,hi-en,541304,cm02,rvc,clean,eval,0.9963755011558533
${DATA_ROOT}/rvc_cm02/rvc_converted_wavs/rvc_outputs/rvc_541304_01184.wav,spoof,hi-en,541304,cm02,rvc,clean,eval,0.9997130036354065
${DATA_ROOT}/rvc_cm02/rvc_converted_wavs/rvc_outputs/rvc_541304_01186.wav,spoof,hi-en,541304,cm02,rvc,clean,eval,0.9995104074478149
${DATA_ROOT}/rvc_cm02/rvc_converted_wavs/rvc_outputs/rvc_541304_01187.wav,spoof,hi-en,541304,cm02,rvc,clean,eval,0.999538779258728
${DATA_ROOT}/rvc_cm02/rvc_converted_wavs/rvc_outputs/rvc_541304_01188.wav,spoof,hi-en,541304,cm02,rvc,clean,eval,0.9997377991676331
${DATA_ROOT}/rvc_cm02/rvc_converted_wavs/rvc_outputs/rvc_541304_01189.wav,spoof,hi-en,541304,cm02,rvc,clean,eval,0.9997038245201111
${DATA_ROOT}/rvc_cm02/rvc_converted_wavs/rvc_outputs/rvc_541304_01190.wav,spoof,hi-en,541304,cm02,rvc,clean,eval,0.9996832609176636
${DATA_ROOT}/rvc_cm02/rvc_converted_wavs/rvc_outputs/rvc_541304_01191.wav,spoof,hi-en,541304,cm02,rvc,clean,eval,0.999321699142456
${DATA_ROOT}/rvc_cm02/rvc_converted_wavs/rvc_outputs/rvc_541304_01192.wav,spoof,hi-en,541304,cm02,rvc,clean,eval,0.9997627139091492
${DATA_ROOT}/rvc_cm02/rvc_converted_wavs/rvc_outputs/rvc_541304_01194.wav,spoof,hi-en,541304,cm02,rvc,clean,eval,0.9993769526481628
${DATA_ROOT}/rvc_cm02/rvc_converted_wavs/rvc_outputs/rvc_541304_01195.wav,spoof,hi-en,541304,cm02,rvc,clean,eval,0.9996926784515381
${DATA_ROOT}/rvc_cm02/rvc_converted_wavs/rvc_outputs/rvc_541304_01196.wav,spoof,hi-en,541304,cm02,rvc,clean,eval,0.9996304512023926
${DATA_ROOT}/rvc_cm02/rvc_converted_wavs/rvc_outputs/rvc_541304_01197.wav,spoof,hi-en,541304,cm02,rvc,clean,eval,0.9995241165161133
${DATA_ROOT}/rvc_cm02/rvc_converted_wavs/rvc_outputs/rvc_541304_01198.wav,spoof,hi-en,541304,cm02,rvc,clean,eval,0.9996902942657471
${DATA_ROOT}/rvc_cm02/rvc_converted_wavs/rvc_outputs/rvc_541304_01199.wav,spoof,hi-en,541304,cm02,rvc,clean,eval,0.9995005130767822
${DATA_ROOT}/rvc_cm02/rvc_converted_wavs/rvc_outputs/rvc_541304_01200.wav,spoof,hi-en,541304,cm02,rvc,clean,eval,0.9972602128982544
${DATA_ROOT}/rvc_cm02/rvc_converted_wavs/rvc_outputs/rvc_541304_01201.wav,spoof,hi-en,541304,cm02,rvc,clean,eval,0.999638557434082
${DATA_ROOT}/rvc_cm02/rvc_converted_wavs/rvc_outputs/rvc_541304_01202.wav,spoof,hi-en,541304,cm02,rvc,clean,eval,0.9996528625488281
${DATA_ROOT}/rvc_cm02/rvc_converted_wavs/rvc_outputs/rvc_541304_01203.wav,spoof,hi-en,541304,cm02,rvc,clean,eval,0.999752938747406
${DATA_ROOT}/rvc_cm02/rvc_converted_wavs/rvc_outputs/rvc_541304_01204.wav,spoof,hi-en,541304,cm02,rvc,clean,eval,0.9996684789657593
${DATA_ROOT}/rvc_cm02/rvc_converted_wavs/rvc_outputs/rvc_541304_01205.wav,spoof,hi-en,541304,cm02,rvc,clean,eval,0.9996565580368042
${DATA_ROOT}/rvc_cm02/rvc_converted_wavs/rvc_outputs/rvc_541304_01206.wav,spoof,hi-en,541304,cm02,rvc,clean,eval,0.9995912909507751
${DATA_ROOT}/rvc_cm02/rvc_converted_wavs/rvc_outputs/rvc_541304_01207.wav,spoof,hi-en,541304,cm02,rvc,clean,eval,0.9996964931488037
${DATA_ROOT}/rvc_cm02/rvc_converted_wavs/rvc_outputs/rvc_541304_01208.wav,spoof,hi-en,541304,cm02,rvc,clean,eval,0.9995108842849731
${DATA_ROOT}/rvc_cm02/rvc_converted_wavs/rvc_outputs/rvc_541304_01209.wav,spoof,hi-en,541304,cm02,rvc,clean,eval,0.9996547698974609
${DATA_ROOT}/rvc_cm02/rvc_converted_wavs/rvc_outputs/rvc_541304_01210.wav,spoof,hi-en,541304,cm02,rvc,clean,eval,0.9997045397758484
${DATA_ROOT}/rvc_cm02/rvc_converted_wavs/rvc_outputs/rvc_541304_01211.wav,spoof,hi-en,541304,cm02,rvc,clean,eval,0.9995903372764587
${DATA_ROOT}/rvc_cm02/rvc_converted_wavs/rvc_outputs/rvc_541304_01212.wav,spoof,hi-en,541304,cm02,rvc,clean,eval,0.9993926286697388
${DATA_ROOT}/rvc_cm02/rvc_converted_wavs/rvc_outputs/rvc_541304_01213.wav,spoof,hi-en,541304,cm02,rvc,clean,eval,0.999609649181366
${DATA_ROOT}/rvc_cm02/rvc_converted_wavs/rvc_outputs/rvc_541304_01214.wav,spoof,hi-en,541304,cm02,rvc,clean,eval,0.9994285702705383
${DATA_ROOT}/rvc_cm02/rvc_converted_wavs/rvc_outputs/rvc_541304_01215.wav,spoof,hi-en,541304,cm02,rvc,clean,eval,0.9997194409370422
${DATA_ROOT}/rvc_cm02/rvc_converted_wavs/rvc_outputs/rvc_541304_01216.wav,spoof,hi-en,541304,cm02,rvc,clean,eval,0.9995543360710144
${DATA_ROOT}/rvc_cm02/rvc_converted_wavs/rvc_outputs/rvc_541304_01218.wav,spoof,hi-en,541304,cm02,rvc,clean,eval,0.996631920337677
${DATA_ROOT}/rvc_cm02/rvc_converted_wavs/rvc_outputs/rvc_541304_01219.wav,spoof,hi-en,541304,cm02,rvc,clean,eval,0.9997319579124451
${DATA_ROOT}/rvc_cm02/rvc_converted_wavs/rvc_outputs/rvc_541304_01220.wav,spoof,hi-en,541304,cm02,rvc,clean,eval,0.9995532631874084
${DATA_ROOT}/rvc_cm02/rvc_converted_wavs/rvc_outputs/rvc_541304_01221.wav,spoof,hi-en,541304,cm02,rvc,clean,eval,0.9994094371795654
${DATA_ROOT}/rvc_cm02/rvc_converted_wavs/rvc_outputs/rvc_541304_01222.wav,spoof,hi-en,541304,cm02,rvc,clean,eval,0.9992953538894653
${DATA_ROOT}/rvc_cm02/rvc_converted_wavs/rvc_outputs/rvc_541304_01223.wav,spoof,hi-en,541304,cm02,rvc,clean,eval,0.9996554851531982
${DATA_ROOT}/rvc_cm02/rvc_converted_wavs/rvc_outputs/rvc_541304_01224.wav,spoof,hi-en,541304,cm02,rvc,clean,eval,0.9994677901268005
${DATA_ROOT}/rvc_cm02/rvc_converted_wavs/rvc_outputs/rvc_541304_01225.wav,spoof,hi-en,541304,cm02,rvc,clean,eval,0.9994921684265137
${DATA_ROOT}/rvc_cm02/rvc_converted_wavs/rvc_outputs/rvc_541304_01226.wav,spoof,hi-en,541304,cm02,rvc,clean,eval,0.9991027116775513
${DATA_ROOT}/rvc_cm02/rvc_converted_wavs/rvc_outputs/rvc_541304_01227.wav,spoof,hi-en,541304,cm02,rvc,clean,eval,0.9997487664222717
${DATA_ROOT}/rvc_cm02/rvc_converted_wavs/rvc_outputs/rvc_541304_01228.wav,spoof,hi-en,541304,cm02,rvc,clean,eval,0.9998039603233337
${DATA_ROOT}/rvc_cm02/rvc_converted_wavs/rvc_outputs/rvc_541304_01229.wav,spoof,hi-en,541304,cm02,rvc,clean,eval,0.999637246131897
${DATA_ROOT}/rvc_cm02/rvc_converted_wavs/rvc_outputs/rvc_541304_01230.wav,spoof,hi-en,541304,cm02,rvc,clean,eval,0.999687910079956
${DATA_ROOT}/rvc_cm02/rvc_converted_wavs/rvc_outputs/rvc_541304_01231.wav,spoof,hi-en,541304,cm02,rvc,clean,eval,0.9996863603591919
${DATA_ROOT}/rvc_cm02/rvc_converted_wavs/rvc_outputs/rvc_541304_01232.wav,spoof,hi-en,541304,cm02,rvc,clean,eval,0.9996167421340942
${DATA_ROOT}/rvc_cm02/rvc_converted_wavs/rvc_outputs/rvc_541304_01233.wav,spoof,hi-en,541304,cm02,rvc,clean,eval,0.9996798038482666
${DATA_ROOT}/rvc_cm02/rvc_converted_wavs/rvc_outputs/rvc_541304_01234.wav,spoof,hi-en,541304,cm02,rvc,clean,eval,0.9995694756507874
${DATA_ROOT}/rvc_cm02/rvc_converted_wavs/rvc_outputs/rvc_541304_01235.wav,spoof,hi-en,541304,cm02,rvc,clean,eval,0.9995007514953613
${DATA_ROOT}/rvc_cm02/rvc_converted_wavs/rvc_outputs/rvc_541304_01236.wav,spoof,hi-en,541304,cm02,rvc,clean,eval,0.9997289776802063
${DATA_ROOT}/rvc_cm02/rvc_converted_wavs/rvc_outputs/rvc_541304_01237.wav,spoof,hi-en,541304,cm02,rvc,clean,eval,0.9995961785316467
${DATA_ROOT}/rvc_cm02/rvc_converted_wavs/rvc_outputs/rvc_541304_01238.wav,spoof,hi-en,541304,cm02,rvc,clean,eval,0.9994691014289856
${DATA_ROOT}/rvc_cm02/rvc_converted_wavs/rvc_outputs/rvc_541304_01239.wav,spoof,hi-en,541304,cm02,rvc,clean,eval,0.9995920062065125
${DATA_ROOT}/rvc_cm02/rvc_converted_wavs/rvc_outputs/rvc_541304_01240.wav,spoof,hi-en,541304,cm02,rvc,clean,eval,0.9996488094329834
${DATA_ROOT}/rvc_cm02/rvc_converted_wavs/rvc_outputs/rvc_541304_01242.wav,spoof,hi-en,541304,cm02,rvc,clean,eval,0.9993945360183716
${DATA_ROOT}/rvc_cm02/rvc_converted_wavs/rvc_outputs/rvc_541304_01243.wav,spoof,hi-en,541304,cm02,rvc,clean,eval,0.999618411064148
${DATA_ROOT}/rvc_cm02/rvc_converted_wavs/rvc_outputs/rvc_541304_01244.wav,spoof,hi-en,541304,cm02,rvc,clean,eval,0.9996675252914429
${DATA_ROOT}/rvc_cm02/rvc_converted_wavs/rvc_outputs/rvc_541304_01245.wav,spoof,hi-en,541304,cm02,rvc,clean,eval,0.9984478950500488
${DATA_ROOT}/rvc_cm02/rvc_converted_wavs/rvc_outputs/rvc_541304_01246.wav,spoof,hi-en,541304,cm02,rvc,clean,eval,0.9997089505195618
${DATA_ROOT}/rvc_cm02/rvc_converted_wavs/rvc_outputs/rvc_541304_01247.wav,spoof,hi-en,541304,cm02,rvc,clean,eval,0.9996459484100342
${DATA_ROOT}/rvc_cm02/rvc_converted_wavs/rvc_outputs/rvc_541304_01248.wav,spoof,hi-en,541304,cm02,rvc,clean,eval,0.9994934797286987
${DATA_ROOT}/rvc_cm02/rvc_converted_wavs/rvc_outputs/rvc_541304_01249.wav,spoof,hi-en,541304,cm02,rvc,clean,eval,0.9995800852775574
${DATA_ROOT}/rvc_cm02/rvc_converted_wavs/rvc_outputs/rvc_541304_01250.wav,spoof,hi-en,541304,cm02,rvc,clean,eval,0.9994910955429077
${DATA_ROOT}/rvc_cm02/rvc_converted_wavs/rvc_outputs/rvc_876898_01251.wav,spoof,hi-en,876898,cm02,rvc,clean,eval,0.9985846281051636
${DATA_ROOT}/rvc_cm02/rvc_converted_wavs/rvc_outputs/rvc_876898_01252.wav,spoof,hi-en,876898,cm02,rvc,clean,eval,0.9290614128112793
${DATA_ROOT}/rvc_cm02/rvc_converted_wavs/rvc_outputs/rvc_876898_01253.wav,spoof,hi-en,876898,cm02,rvc,clean,eval,0.000709515530616045
${DATA_ROOT}/rvc_cm02/rvc_converted_wavs/rvc_outputs/rvc_876898_01254.wav,spoof,hi-en,876898,cm02,rvc,clean,eval,0.9049778580665588
${DATA_ROOT}/rvc_cm02/rvc_converted_wavs/rvc_outputs/rvc_876898_01255.wav,spoof,hi-en,876898,cm02,rvc,clean,eval,0.99899822473526
${DATA_ROOT}/rvc_cm02/rvc_converted_wavs/rvc_outputs/rvc_876898_01256.wav,spoof,hi-en,876898,cm02,rvc,clean,eval,0.9994931221008301
${DATA_ROOT}/rvc_cm02/rvc_converted_wavs/rvc_outputs/rvc_876898_01257.wav,spoof,hi-en,876898,cm02,rvc,clean,eval,0.9995467066764832
${DATA_ROOT}/rvc_cm02/rvc_converted_wavs/rvc_outputs/rvc_876898_01258.wav,spoof,hi-en,876898,cm02,rvc,clean,eval,0.9982007741928101
${DATA_ROOT}/rvc_cm02/rvc_converted_wavs/rvc_outputs/rvc_876898_01259.wav,spoof,hi-en,876898,cm02,rvc,clean,eval,0.7099031209945679
${DATA_ROOT}/rvc_cm02/rvc_converted_wavs/rvc_outputs/rvc_876898_01260.wav,spoof,hi-en,876898,cm02,rvc,clean,eval,0.9992157220840454
${DATA_ROOT}/rvc_cm02/rvc_converted_wavs/rvc_outputs/rvc_876898_01261.wav,spoof,hi-en,876898,cm02,rvc,clean,eval,0.0008053497294895351
${DATA_ROOT}/rvc_cm02/rvc_converted_wavs/rvc_outputs/rvc_876898_01262.wav,spoof,hi-en,876898,cm02,rvc,clean,eval,0.9996342658996582
${DATA_ROOT}/rvc_cm02/rvc_converted_wavs/rvc_outputs/rvc_876898_01263.wav,spoof,hi-en,876898,cm02,rvc,clean,eval,0.6972289681434631
${DATA_ROOT}/rvc_cm02/rvc_converted_wavs/rvc_outputs/rvc_876898_01264.wav,spoof,hi-en,876898,cm02,rvc,clean,eval,0.38368046283721924
${DATA_ROOT}/rvc_cm02/rvc_converted_wavs/rvc_outputs/rvc_876898_01265.wav,spoof,hi-en,876898,cm02,rvc,clean,eval,0.9992326498031616
${DATA_ROOT}/rvc_cm02/rvc_converted_wavs/rvc_outputs/rvc_876898_01266.wav,spoof,hi-en,876898,cm02,rvc,clean,eval,0.9992740750312805
${DATA_ROOT}/rvc_cm02/rvc_converted_wavs/rvc_outputs/rvc_876898_01267.wav,spoof,hi-en,876898,cm02,rvc,clean,eval,0.9985262155532837
${DATA_ROOT}/rvc_cm02/rvc_converted_wavs/rvc_outputs/rvc_876898_01268.wav,spoof,hi-en,876898,cm02,rvc,clean,eval,0.9997455477714539
${DATA_ROOT}/rvc_cm02/rvc_converted_wavs/rvc_outputs/rvc_876898_01269.wav,spoof,hi-en,876898,cm02,rvc,clean,eval,0.9986463189125061
${DATA_ROOT}/rvc_cm02/rvc_converted_wavs/rvc_outputs/rvc_876898_01270.wav,spoof,hi-en,876898,cm02,rvc,clean,eval,0.999552309513092
${DATA_ROOT}/rvc_cm02/rvc_converted_wavs/rvc_outputs/rvc_876898_01271.wav,spoof,hi-en,876898,cm02,rvc,clean,eval,0.9994087219238281
${DATA_ROOT}/rvc_cm02/rvc_converted_wavs/rvc_outputs/rvc_876898_01272.wav,spoof,hi-en,876898,cm02,rvc,clean,eval,0.9992651343345642
${DATA_ROOT}/rvc_cm02/rvc_converted_wavs/rvc_outputs/rvc_876898_01273.wav,spoof,hi-en,876898,cm02,rvc,clean,eval,0.9992170333862305
${DATA_ROOT}/rvc_cm02/rvc_converted_wavs/rvc_outputs/rvc_876898_01274.wav,spoof,hi-en,876898,cm02,rvc,clean,eval,0.9184772372245789
${DATA_ROOT}/rvc_cm02/rvc_converted_wavs/rvc_outputs/rvc_876898_01275.wav,spoof,hi-en,876898,cm02,rvc,clean,eval,0.9995402097702026
${DATA_ROOT}/rvc_cm02/rvc_converted_wavs/rvc_outputs/rvc_876898_01277.wav,spoof,hi-en,876898,cm02,rvc,clean,eval,0.0010001580230891705
${DATA_ROOT}/rvc_cm02/rvc_converted_wavs/rvc_outputs/rvc_876898_01278.wav,spoof,hi-en,876898,cm02,rvc,clean,eval,0.9988227486610413
${DATA_ROOT}/rvc_cm02/rvc_converted_wavs/rvc_outputs/rvc_876898_01279.wav,spoof,hi-en,876898,cm02,rvc,clean,eval,0.9996585845947266
${DATA_ROOT}/rvc_cm02/rvc_converted_wavs/rvc_outputs/rvc_876898_01280.wav,spoof,hi-en,876898,cm02,rvc,clean,eval,0.9991638660430908
${DATA_ROOT}/rvc_cm02/rvc_converted_wavs/rvc_outputs/rvc_876898_01281.wav,spoof,hi-en,876898,cm02,rvc,clean,eval,0.9991457462310791
${DATA_ROOT}/rvc_cm02/rvc_converted_wavs/rvc_outputs/rvc_876898_01282.wav,spoof,hi-en,876898,cm02,rvc,clean,eval,0.9660120606422424
${DATA_ROOT}/rvc_cm02/rvc_converted_wavs/rvc_outputs/rvc_876898_01283.wav,spoof,hi-en,876898,cm02,rvc,clean,eval,0.9995837807655334
${DATA_ROOT}/rvc_cm02/rvc_converted_wavs/rvc_outputs/rvc_876898_01284.wav,spoof,hi-en,876898,cm02,rvc,clean,eval,0.9994768500328064
${DATA_ROOT}/rvc_cm02/rvc_converted_wavs/rvc_outputs/rvc_876898_01285.wav,spoof,hi-en,876898,cm02,rvc,clean,eval,0.0008600389119237661
${DATA_ROOT}/rvc_cm02/rvc_converted_wavs/rvc_outputs/rvc_876898_01286.wav,spoof,hi-en,876898,cm02,rvc,clean,eval,0.9996775388717651
${DATA_ROOT}/rvc_cm02/rvc_converted_wavs/rvc_outputs/rvc_876898_01287.wav,spoof,hi-en,876898,cm02,rvc,clean,eval,0.9991428852081299
${DATA_ROOT}/rvc_cm02/rvc_converted_wavs/rvc_outputs/rvc_876898_01289.wav,spoof,hi-en,876898,cm02,rvc,clean,eval,0.9992602467536926
${DATA_ROOT}/rvc_cm02/rvc_converted_wavs/rvc_outputs/rvc_876898_01290.wav,spoof,hi-en,876898,cm02,rvc,clean,eval,0.9987336993217468
${DATA_ROOT}/rvc_cm02/rvc_converted_wavs/rvc_outputs/rvc_876898_01291.wav,spoof,hi-en,876898,cm02,rvc,clean,eval,0.9994503855705261
${DATA_ROOT}/rvc_cm02/rvc_converted_wavs/rvc_outputs/rvc_876898_01292.wav,spoof,hi-en,876898,cm02,rvc,clean,eval,0.9992780089378357
${DATA_ROOT}/rvc_cm02/rvc_converted_wavs/rvc_outputs/rvc_876898_01293.wav,spoof,hi-en,876898,cm02,rvc,clean,eval,0.9993923902511597
${DATA_ROOT}/rvc_cm02/rvc_converted_wavs/rvc_outputs/rvc_876898_01294.wav,spoof,hi-en,876898,cm02,rvc,clean,eval,0.8564398884773254
${DATA_ROOT}/rvc_cm02/rvc_converted_wavs/rvc_outputs/rvc_876898_01295.wav,spoof,hi-en,876898,cm02,rvc,clean,eval,0.9994341731071472
${DATA_ROOT}/rvc_cm02/rvc_converted_wavs/rvc_outputs/rvc_876898_01296.wav,spoof,hi-en,876898,cm02,rvc,clean,eval,0.9989547729492188
${DATA_ROOT}/rvc_cm02/rvc_converted_wavs/rvc_outputs/rvc_876898_01297.wav,spoof,hi-en,876898,cm02,rvc,clean,eval,0.9988390803337097
${DATA_ROOT}/rvc_cm02/rvc_converted_wavs/rvc_outputs/rvc_876898_01298.wav,spoof,hi-en,876898,cm02,rvc,clean,eval,0.0012621496571227908
${DATA_ROOT}/rvc_cm02/rvc_converted_wavs/rvc_outputs/rvc_876898_01299.wav,spoof,hi-en,876898,cm02,rvc,clean,eval,0.999476969242096
${DATA_ROOT}/rvc_cm02/rvc_converted_wavs/rvc_outputs/rvc_876898_01301.wav,spoof,hi-en,876898,cm02,rvc,clean,eval,0.0006878386484459043
${DATA_ROOT}/rvc_cm02/rvc_converted_wavs/rvc_outputs/rvc_876898_01302.wav,spoof,hi-en,876898,cm02,rvc,clean,eval,0.9979920387268066
${DATA_ROOT}/rvc_cm02/rvc_converted_wavs/rvc_outputs/rvc_876898_01303.wav,spoof,hi-en,876898,cm02,rvc,clean,eval,0.9993470311164856
${DATA_ROOT}/rvc_cm02/rvc_converted_wavs/rvc_outputs/rvc_876898_01304.wav,spoof,hi-en,876898,cm02,rvc,clean,eval,0.9992295503616333
${DATA_ROOT}/rvc_cm02/rvc_converted_wavs/rvc_outputs/rvc_876898_01305.wav,spoof,hi-en,876898,cm02,rvc,clean,eval,0.9996757507324219
${DATA_ROOT}/rvc_cm02/rvc_converted_wavs/rvc_outputs/rvc_876898_01306.wav,spoof,hi-en,876898,cm02,rvc,clean,eval,0.9996762275695801
${DATA_ROOT}/rvc_cm02/rvc_converted_wavs/rvc_outputs/rvc_876898_01307.wav,spoof,hi-en,876898,cm02,rvc,clean,eval,0.9991106390953064
${DATA_ROOT}/rvc_cm02/rvc_converted_wavs/rvc_outputs/rvc_876898_01308.wav,spoof,hi-en,876898,cm02,rvc,clean,eval,0.9979331493377686
${DATA_ROOT}/rvc_cm02/rvc_converted_wavs/rvc_outputs/rvc_876898_01309.wav,spoof,hi-en,876898,cm02,rvc,clean,eval,0.0017651307862251997
${DATA_ROOT}/rvc_cm02/rvc_converted_wavs/rvc_outputs/rvc_876898_01310.wav,spoof,hi-en,876898,cm02,rvc,clean,eval,0.9996516704559326
${DATA_ROOT}/rvc_cm02/rvc_converted_wavs/rvc_outputs/rvc_876898_01311.wav,spoof,hi-en,876898,cm02,rvc,clean,eval,0.9994235038757324
${DATA_ROOT}/rvc_cm02/rvc_converted_wavs/rvc_outputs/rvc_876898_01312.wav,spoof,hi-en,876898,cm02,rvc,clean,eval,0.996880292892456
${DATA_ROOT}/rvc_cm02/rvc_converted_wavs/rvc_outputs/rvc_876898_01313.wav,spoof,hi-en,876898,cm02,rvc,clean,eval,0.9988279938697815
${DATA_ROOT}/rvc_cm02/rvc_converted_wavs/rvc_outputs/rvc_876898_01314.wav,spoof,hi-en,876898,cm02,rvc,clean,eval,0.9994749426841736
${DATA_ROOT}/rvc_cm02/rvc_converted_wavs/rvc_outputs/rvc_876898_01315.wav,spoof,hi-en,876898,cm02,rvc,clean,eval,0.9984834790229797
${DATA_ROOT}/rvc_cm02/rvc_converted_wavs/rvc_outputs/rvc_876898_01316.wav,spoof,hi-en,876898,cm02,rvc,clean,eval,0.9997640252113342
${DATA_ROOT}/rvc_cm02/rvc_converted_wavs/rvc_outputs/rvc_876898_01317.wav,spoof,hi-en,876898,cm02,rvc,clean,eval,0.9980092644691467
${DATA_ROOT}/rvc_cm02/rvc_converted_wavs/rvc_outputs/rvc_876898_01318.wav,spoof,hi-en,876898,cm02,rvc,clean,eval,0.999565064907074
${DATA_ROOT}/rvc_cm02/rvc_converted_wavs/rvc_outputs/rvc_876898_01319.wav,spoof,hi-en,876898,cm02,rvc,clean,eval,0.9961833357810974
${DATA_ROOT}/rvc_cm02/rvc_converted_wavs/rvc_outputs/rvc_876898_01320.wav,spoof,hi-en,876898,cm02,rvc,clean,eval,0.9986016154289246
${DATA_ROOT}/rvc_cm02/rvc_converted_wavs/rvc_outputs/rvc_876898_01321.wav,spoof,hi-en,876898,cm02,rvc,clean,eval,0.9990109205245972
${DATA_ROOT}/rvc_cm02/rvc_converted_wavs/rvc_outputs/rvc_876898_01322.wav,spoof,hi-en,876898,cm02,rvc,clean,eval,0.9779652953147888
${DATA_ROOT}/rvc_cm02/rvc_converted_wavs/rvc_outputs/rvc_876898_01323.wav,spoof,hi-en,876898,cm02,rvc,clean,eval,0.9978657364845276
${DATA_ROOT}/rvc_cm02/rvc_converted_wavs/rvc_outputs/rvc_876898_01324.wav,spoof,hi-en,876898,cm02,rvc,clean,eval,0.9987829327583313
${DATA_ROOT}/rvc_cm02/rvc_converted_wavs/rvc_outputs/rvc_876898_01325.wav,spoof,hi-en,876898,cm02,rvc,clean,eval,0.0033848206512629986
${DATA_ROOT}/rvc_cm02/rvc_converted_wavs/rvc_outputs/rvc_876898_01326.wav,spoof,hi-en,876898,cm02,rvc,clean,eval,0.9995961785316467
${DATA_ROOT}/rvc_cm02/rvc_converted_wavs/rvc_outputs/rvc_876898_01327.wav,spoof,hi-en,876898,cm02,rvc,clean,eval,0.9897961020469666
${DATA_ROOT}/rvc_cm02/rvc_converted_wavs/rvc_outputs/rvc_876898_01328.wav,spoof,hi-en,876898,cm02,rvc,clean,eval,0.99980229139328
${DATA_ROOT}/rvc_cm02/rvc_converted_wavs/rvc_outputs/rvc_876898_01329.wav,spoof,hi-en,876898,cm02,rvc,clean,eval,0.999263346195221
${DATA_ROOT}/rvc_cm02/rvc_converted_wavs/rvc_outputs/rvc_876898_01331.wav,spoof,hi-en,876898,cm02,rvc,clean,eval,0.9992672801017761
${DATA_ROOT}/rvc_cm02/rvc_converted_wavs/rvc_outputs/rvc_876898_01332.wav,spoof,hi-en,876898,cm02,rvc,clean,eval,0.9993118047714233
${DATA_ROOT}/rvc_cm02/rvc_converted_wavs/rvc_outputs/rvc_876898_01333.wav,spoof,hi-en,876898,cm02,rvc,clean,eval,0.022965962067246437
${DATA_ROOT}/rvc_cm02/rvc_converted_wavs/rvc_outputs/rvc_876898_01334.wav,spoof,hi-en,876898,cm02,rvc,clean,eval,0.9997188448905945
${DATA_ROOT}/rvc_cm02/rvc_converted_wavs/rvc_outputs/rvc_876898_01335.wav,spoof,hi-en,876898,cm02,rvc,clean,eval,0.00108204351272434
${DATA_ROOT}/rvc_cm02/rvc_converted_wavs/rvc_outputs/rvc_876898_01336.wav,spoof,hi-en,876898,cm02,rvc,clean,eval,0.07197592407464981
${DATA_ROOT}/rvc_cm02/rvc_converted_wavs/rvc_outputs/rvc_876898_01337.wav,spoof,hi-en,876898,cm02,rvc,clean,eval,0.9995015859603882
${DATA_ROOT}/rvc_cm02/rvc_converted_wavs/rvc_outputs/rvc_876898_01338.wav,spoof,hi-en,876898,cm02,rvc,clean,eval,0.9988345503807068
${DATA_ROOT}/rvc_cm02/rvc_converted_wavs/rvc_outputs/rvc_876898_01339.wav,spoof,hi-en,876898,cm02,rvc,clean,eval,0.9983635544776917
${DATA_ROOT}/rvc_cm02/rvc_converted_wavs/rvc_outputs/rvc_876898_01340.wav,spoof,hi-en,876898,cm02,rvc,clean,eval,0.9973440766334534
${DATA_ROOT}/rvc_cm02/rvc_converted_wavs/rvc_outputs/rvc_876898_01341.wav,spoof,hi-en,876898,cm02,rvc,clean,eval,0.9978504180908203
${DATA_ROOT}/rvc_cm02/rvc_converted_wavs/rvc_outputs/rvc_876898_01342.wav,spoof,hi-en,876898,cm02,rvc,clean,eval,0.999601423740387
${DATA_ROOT}/rvc_cm02/rvc_converted_wavs/rvc_outputs/rvc_876898_01344.wav,spoof,hi-en,876898,cm02,rvc,clean,eval,0.9992223978042603
${DATA_ROOT}/rvc_cm02/rvc_converted_wavs/rvc_outputs/rvc_876898_01345.wav,spoof,hi-en,876898,cm02,rvc,clean,eval,0.9993752837181091
${DATA_ROOT}/rvc_cm02/rvc_converted_wavs/rvc_outputs/rvc_876898_01346.wav,spoof,hi-en,876898,cm02,rvc,clean,eval,0.9704986810684204
${DATA_ROOT}/rvc_cm02/rvc_converted_wavs/rvc_outputs/rvc_876898_01347.wav,spoof,hi-en,876898,cm02,rvc,clean,eval,0.9997050166130066
${DATA_ROOT}/rvc_cm02/rvc_converted_wavs/rvc_outputs/rvc_876898_01348.wav,spoof,hi-en,876898,cm02,rvc,clean,eval,0.9962698221206665
${DATA_ROOT}/rvc_cm02/rvc_converted_wavs/rvc_outputs/rvc_876898_01349.wav,spoof,hi-en,876898,cm02,rvc,clean,eval,0.000885016459506005
${DATA_ROOT}/rvc_cm02/rvc_converted_wavs/rvc_outputs/rvc_876898_01351.wav,spoof,hi-en,876898,cm02,rvc,clean,eval,0.9986250400543213
${DATA_ROOT}/rvc_cm02/rvc_converted_wavs/rvc_outputs/rvc_876898_01352.wav,spoof,hi-en,876898,cm02,rvc,clean,eval,0.9995399713516235
${DATA_ROOT}/rvc_cm02/rvc_converted_wavs/rvc_outputs/rvc_876898_01353.wav,spoof,hi-en,876898,cm02,rvc,clean,eval,0.9996820688247681
${DATA_ROOT}/rvc_cm02/rvc_converted_wavs/rvc_outputs/rvc_876898_01354.wav,spoof,hi-en,876898,cm02,rvc,clean,eval,0.27394938468933105
${DATA_ROOT}/rvc_cm02/rvc_converted_wavs/rvc_outputs/rvc_876898_01355.wav,spoof,hi-en,876898,cm02,rvc,clean,eval,0.9972692131996155
${DATA_ROOT}/rvc_cm02/rvc_converted_wavs/rvc_outputs/rvc_876898_01356.wav,spoof,hi-en,876898,cm02,rvc,clean,eval,0.999427080154419
${DATA_ROOT}/rvc_cm02/rvc_converted_wavs/rvc_outputs/rvc_876898_01357.wav,spoof,hi-en,876898,cm02,rvc,clean,eval,0.9915278553962708
${DATA_ROOT}/rvc_cm02/rvc_converted_wavs/rvc_outputs/rvc_876898_01358.wav,spoof,hi-en,876898,cm02,rvc,clean,eval,0.9996159076690674
${DATA_ROOT}/rvc_cm02/rvc_converted_wavs/rvc_outputs/rvc_876898_01359.wav,spoof,hi-en,876898,cm02,rvc,clean,eval,0.9995668530464172
${DATA_ROOT}/rvc_cm02/rvc_converted_wavs/rvc_outputs/rvc_876898_01360.wav,spoof,hi-en,876898,cm02,rvc,clean,eval,0.999723494052887
${DATA_ROOT}/rvc_cm02/rvc_converted_wavs/rvc_outputs/rvc_876898_01362.wav,spoof,hi-en,876898,cm02,rvc,clean,eval,0.999670147895813
${DATA_ROOT}/rvc_cm02/rvc_converted_wavs/rvc_outputs/rvc_876898_01363.wav,spoof,hi-en,876898,cm02,rvc,clean,eval,0.9992885589599609
${DATA_ROOT}/rvc_cm02/rvc_converted_wavs/rvc_outputs/rvc_876898_01364.wav,spoof,hi-en,876898,cm02,rvc,clean,eval,0.9993553757667542
${DATA_ROOT}/rvc_cm02/rvc_converted_wavs/rvc_outputs/rvc_876898_01365.wav,spoof,hi-en,876898,cm02,rvc,clean,eval,0.999330997467041
${DATA_ROOT}/rvc_cm02/rvc_converted_wavs/rvc_outputs/rvc_876898_01366.wav,spoof,hi-en,876898,cm02,rvc,clean,eval,0.9991938471794128
${DATA_ROOT}/rvc_cm02/rvc_converted_wavs/rvc_outputs/rvc_876898_01367.wav,spoof,hi-en,876898,cm02,rvc,clean,eval,0.9435088634490967
${DATA_ROOT}/rvc_cm02/rvc_converted_wavs/rvc_outputs/rvc_876898_01368.wav,spoof,hi-en,876898,cm02,rvc,clean,eval,0.9996234178543091
${DATA_ROOT}/rvc_cm02/rvc_converted_wavs/rvc_outputs/rvc_876898_01369.wav,spoof,hi-en,876898,cm02,rvc,clean,eval,0.8506601452827454
${DATA_ROOT}/rvc_cm02/rvc_converted_wavs/rvc_outputs/rvc_876898_01370.wav,spoof,hi-en,876898,cm02,rvc,clean,eval,0.0007493821321986616
${DATA_ROOT}/rvc_cm02/rvc_converted_wavs/rvc_outputs/rvc_876898_01371.wav,spoof,hi-en,876898,cm02,rvc,clean,eval,0.0008668321534059942
${DATA_ROOT}/rvc_cm02/rvc_converted_wavs/rvc_outputs/rvc_876898_01372.wav,spoof,hi-en,876898,cm02,rvc,clean,eval,0.9995267391204834
${DATA_ROOT}/rvc_cm02/rvc_converted_wavs/rvc_outputs/rvc_876898_01373.wav,spoof,hi-en,876898,cm02,rvc,clean,eval,0.9982555508613586
${DATA_ROOT}/rvc_cm02/rvc_converted_wavs/rvc_outputs/rvc_876898_01374.wav,spoof,hi-en,876898,cm02,rvc,clean,eval,0.9996867179870605
${DATA_ROOT}/rvc_cm02/rvc_converted_wavs/rvc_outputs/rvc_876898_01375.wav,spoof,hi-en,876898,cm02,rvc,clean,eval,0.9894624352455139
${DATA_ROOT}/rvc_cm02/rvc_converted_wavs/rvc_outputs/rvc_539354_01376.wav,spoof,hi-en,539354,cm02,rvc,clean,eval,0.9757412075996399
${DATA_ROOT}/rvc_cm02/rvc_converted_wavs/rvc_outputs/rvc_539354_01377.wav,spoof,hi-en,539354,cm02,rvc,clean,eval,0.0010440143523737788
${DATA_ROOT}/rvc_cm02/rvc_converted_wavs/rvc_outputs/rvc_539354_01378.wav,spoof,hi-en,539354,cm02,rvc,clean,eval,0.13321779668331146
${DATA_ROOT}/rvc_cm02/rvc_converted_wavs/rvc_outputs/rvc_539354_01379.wav,spoof,hi-en,539354,cm02,rvc,clean,eval,0.000863268447574228
${DATA_ROOT}/rvc_cm02/rvc_converted_wavs/rvc_outputs/rvc_539354_01380.wav,spoof,hi-en,539354,cm02,rvc,clean,eval,0.9972820281982422
${DATA_ROOT}/rvc_cm02/rvc_converted_wavs/rvc_outputs/rvc_539354_01381.wav,spoof,hi-en,539354,cm02,rvc,clean,eval,0.9810638427734375
${DATA_ROOT}/rvc_cm02/rvc_converted_wavs/rvc_outputs/rvc_539354_01382.wav,spoof,hi-en,539354,cm02,rvc,clean,eval,0.9954980611801147
${DATA_ROOT}/rvc_cm02/rvc_converted_wavs/rvc_outputs/rvc_539354_01383.wav,spoof,hi-en,539354,cm02,rvc,clean,eval,0.04697521775960922
${DATA_ROOT}/rvc_cm02/rvc_converted_wavs/rvc_outputs/rvc_539354_01384.wav,spoof,hi-en,539354,cm02,rvc,clean,eval,0.0007871395791880786
${DATA_ROOT}/rvc_cm02/rvc_converted_wavs/rvc_outputs/rvc_539354_01386.wav,spoof,hi-en,539354,cm02,rvc,clean,eval,0.0026951543986797333
${DATA_ROOT}/rvc_cm02/rvc_converted_wavs/rvc_outputs/rvc_539354_01387.wav,spoof,hi-en,539354,cm02,rvc,clean,eval,0.9814043641090393
${DATA_ROOT}/rvc_cm02/rvc_converted_wavs/rvc_outputs/rvc_539354_01388.wav,spoof,hi-en,539354,cm02,rvc,clean,eval,0.999438464641571
${DATA_ROOT}/rvc_cm02/rvc_converted_wavs/rvc_outputs/rvc_539354_01389.wav,spoof,hi-en,539354,cm02,rvc,clean,eval,0.995963454246521
${DATA_ROOT}/rvc_cm02/rvc_converted_wavs/rvc_outputs/rvc_539354_01390.wav,spoof,hi-en,539354,cm02,rvc,clean,eval,0.9973107576370239
${DATA_ROOT}/rvc_cm02/rvc_converted_wavs/rvc_outputs/rvc_539354_01391.wav,spoof,hi-en,539354,cm02,rvc,clean,eval,0.001161075895652175
${DATA_ROOT}/rvc_cm02/rvc_converted_wavs/rvc_outputs/rvc_539354_01392.wav,spoof,hi-en,539354,cm02,rvc,clean,eval,0.9987710118293762
${DATA_ROOT}/rvc_cm02/rvc_converted_wavs/rvc_outputs/rvc_539354_01393.wav,spoof,hi-en,539354,cm02,rvc,clean,eval,0.9985424280166626
${DATA_ROOT}/rvc_cm02/rvc_converted_wavs/rvc_outputs/rvc_539354_01394.wav,spoof,hi-en,539354,cm02,rvc,clean,eval,0.9990333318710327
${DATA_ROOT}/rvc_cm02/rvc_converted_wavs/rvc_outputs/rvc_539354_01396.wav,spoof,hi-en,539354,cm02,rvc,clean,eval,0.9531753063201904
${DATA_ROOT}/rvc_cm02/rvc_converted_wavs/rvc_outputs/rvc_539354_01397.wav,spoof,hi-en,539354,cm02,rvc,clean,eval,0.9971600770950317
${DATA_ROOT}/rvc_cm02/rvc_converted_wavs/rvc_outputs/rvc_539354_01398.wav,spoof,hi-en,539354,cm02,rvc,clean,eval,0.0007605083519592881
${DATA_ROOT}/rvc_cm02/rvc_converted_wavs/rvc_outputs/rvc_539354_01399.wav,spoof,hi-en,539354,cm02,rvc,clean,eval,0.9981237053871155
${DATA_ROOT}/rvc_cm02/rvc_converted_wavs/rvc_outputs/rvc_539354_01400.wav,spoof,hi-en,539354,cm02,rvc,clean,eval,0.006447302643209696
${DATA_ROOT}/rvc_cm02/rvc_converted_wavs/rvc_outputs/rvc_539354_01401.wav,spoof,hi-en,539354,cm02,rvc,clean,eval,0.0017823455855250359
${DATA_ROOT}/rvc_cm02/rvc_converted_wavs/rvc_outputs/rvc_539354_01402.wav,spoof,hi-en,539354,cm02,rvc,clean,eval,0.014572261832654476
${DATA_ROOT}/rvc_cm02/rvc_converted_wavs/rvc_outputs/rvc_539354_01403.wav,spoof,hi-en,539354,cm02,rvc,clean,eval,0.9992893934249878
${DATA_ROOT}/rvc_cm02/rvc_converted_wavs/rvc_outputs/rvc_539354_01404.wav,spoof,hi-en,539354,cm02,rvc,clean,eval,0.0015842054272070527
${DATA_ROOT}/rvc_cm02/rvc_converted_wavs/rvc_outputs/rvc_539354_01405.wav,spoof,hi-en,539354,cm02,rvc,clean,eval,0.008471662178635597
${DATA_ROOT}/rvc_cm02/rvc_converted_wavs/rvc_outputs/rvc_539354_01406.wav,spoof,hi-en,539354,cm02,rvc,clean,eval,0.0008102738065645099
${DATA_ROOT}/rvc_cm02/rvc_converted_wavs/rvc_outputs/rvc_539354_01407.wav,spoof,hi-en,539354,cm02,rvc,clean,eval,0.9997584223747253
${DATA_ROOT}/rvc_cm02/rvc_converted_wavs/rvc_outputs/rvc_539354_01408.wav,spoof,hi-en,539354,cm02,rvc,clean,eval,0.004232325125485659
${DATA_ROOT}/rvc_cm02/rvc_converted_wavs/rvc_outputs/rvc_539354_01409.wav,spoof,hi-en,539354,cm02,rvc,clean,eval,0.998681366443634
${DATA_ROOT}/rvc_cm02/rvc_converted_wavs/rvc_outputs/rvc_539354_01410.wav,spoof,hi-en,539354,cm02,rvc,clean,eval,0.0008159881690517068
${DATA_ROOT}/rvc_cm02/rvc_converted_wavs/rvc_outputs/rvc_539354_01411.wav,spoof,hi-en,539354,cm02,rvc,clean,eval,0.6387836933135986
${DATA_ROOT}/rvc_cm02/rvc_converted_wavs/rvc_outputs/rvc_539354_01412.wav,spoof,hi-en,539354,cm02,rvc,clean,eval,0.0017235818086192012
${DATA_ROOT}/rvc_cm02/rvc_converted_wavs/rvc_outputs/rvc_539354_01413.wav,spoof,hi-en,539354,cm02,rvc,clean,eval,0.9991241097450256
${DATA_ROOT}/rvc_cm02/rvc_converted_wavs/rvc_outputs/rvc_539354_01414.wav,spoof,hi-en,539354,cm02,rvc,clean,eval,0.0009871794609352946
${DATA_ROOT}/rvc_cm02/rvc_converted_wavs/rvc_outputs/rvc_539354_01415.wav,spoof,hi-en,539354,cm02,rvc,clean,eval,0.00115108210593462
${DATA_ROOT}/rvc_cm02/rvc_converted_wavs/rvc_outputs/rvc_539354_01416.wav,spoof,hi-en,539354,cm02,rvc,clean,eval,0.298482209444046
${DATA_ROOT}/rvc_cm02/rvc_converted_wavs/rvc_outputs/rvc_539354_01418.wav,spoof,hi-en,539354,cm02,rvc,clean,eval,0.9114689826965332
${DATA_ROOT}/rvc_cm02/rvc_converted_wavs/rvc_outputs/rvc_539354_01419.wav,spoof,hi-en,539354,cm02,rvc,clean,eval,0.9988723397254944
${DATA_ROOT}/rvc_cm02/rvc_converted_wavs/rvc_outputs/rvc_539354_01420.wav,spoof,hi-en,539354,cm02,rvc,clean,eval,0.9847474098205566
${DATA_ROOT}/rvc_cm02/rvc_converted_wavs/rvc_outputs/rvc_539354_01422.wav,spoof,hi-en,539354,cm02,rvc,clean,eval,0.9991681575775146
${DATA_ROOT}/rvc_cm02/rvc_converted_wavs/rvc_outputs/rvc_539354_01424.wav,spoof,hi-en,539354,cm02,rvc,clean,eval,0.8909137845039368
${DATA_ROOT}/rvc_cm02/rvc_converted_wavs/rvc_outputs/rvc_539354_01425.wav,spoof,hi-en,539354,cm02,rvc,clean,eval,0.9959949254989624
${DATA_ROOT}/rvc_cm02/rvc_converted_wavs/rvc_outputs/rvc_539354_01426.wav,spoof,hi-en,539354,cm02,rvc,clean,eval,0.9988206028938293
${DATA_ROOT}/rvc_cm02/rvc_converted_wavs/rvc_outputs/rvc_539354_01427.wav,spoof,hi-en,539354,cm02,rvc,clean,eval,0.0008318658219650388
${DATA_ROOT}/rvc_cm02/rvc_converted_wavs/rvc_outputs/rvc_539354_01428.wav,spoof,hi-en,539354,cm02,rvc,clean,eval,0.939771831035614
${DATA_ROOT}/rvc_cm02/rvc_converted_wavs/rvc_outputs/rvc_539354_01429.wav,spoof,hi-en,539354,cm02,rvc,clean,eval,0.0007846712251193821
${DATA_ROOT}/rvc_cm02/rvc_converted_wavs/rvc_outputs/rvc_539354_01430.wav,spoof,hi-en,539354,cm02,rvc,clean,eval,0.9376735091209412
${DATA_ROOT}/rvc_cm02/rvc_converted_wavs/rvc_outputs/rvc_539354_01432.wav,spoof,hi-en,539354,cm02,rvc,clean,eval,0.0007585916318930686
${DATA_ROOT}/rvc_cm02/rvc_converted_wavs/rvc_outputs/rvc_539354_01433.wav,spoof,hi-en,539354,cm02,rvc,clean,eval,0.36698228120803833
${DATA_ROOT}/rvc_cm02/rvc_converted_wavs/rvc_outputs/rvc_539354_01434.wav,spoof,hi-en,539354,cm02,rvc,clean,eval,0.9995517134666443
${DATA_ROOT}/rvc_cm02/rvc_converted_wavs/rvc_outputs/rvc_539354_01435.wav,spoof,hi-en,539354,cm02,rvc,clean,eval,0.9763408303260803
${DATA_ROOT}/rvc_cm02/rvc_converted_wavs/rvc_outputs/rvc_539354_01436.wav,spoof,hi-en,539354,cm02,rvc,clean,eval,0.999413251876831
${DATA_ROOT}/rvc_cm02/rvc_converted_wavs/rvc_outputs/rvc_539354_01437.wav,spoof,hi-en,539354,cm02,rvc,clean,eval,0.993162989616394
${DATA_ROOT}/rvc_cm02/rvc_converted_wavs/rvc_outputs/rvc_539354_01439.wav,spoof,hi-en,539354,cm02,rvc,clean,eval,0.26050469279289246
${DATA_ROOT}/rvc_cm02/rvc_converted_wavs/rvc_outputs/rvc_539354_01440.wav,spoof,hi-en,539354,cm02,rvc,clean,eval,0.0007660803385078907
${DATA_ROOT}/rvc_cm02/rvc_converted_wavs/rvc_outputs/rvc_539354_01441.wav,spoof,hi-en,539354,cm02,rvc,clean,eval,0.28096240758895874
${DATA_ROOT}/rvc_cm02/rvc_converted_wavs/rvc_outputs/rvc_539354_01442.wav,spoof,hi-en,539354,cm02,rvc,clean,eval,0.9996764659881592
${DATA_ROOT}/rvc_cm02/rvc_converted_wavs/rvc_outputs/rvc_539354_01443.wav,spoof,hi-en,539354,cm02,rvc,clean,eval,0.9820757508277893
${DATA_ROOT}/rvc_cm02/rvc_converted_wavs/rvc_outputs/rvc_539354_01445.wav,spoof,hi-en,539354,cm02,rvc,clean,eval,0.9122827053070068
${DATA_ROOT}/rvc_cm02/rvc_converted_wavs/rvc_outputs/rvc_539354_01446.wav,spoof,hi-en,539354,cm02,rvc,clean,eval,0.0011903238482773304
${DATA_ROOT}/rvc_cm02/rvc_converted_wavs/rvc_outputs/rvc_539354_01448.wav,spoof,hi-en,539354,cm02,rvc,clean,eval,0.002119901590049267
${DATA_ROOT}/rvc_cm02/rvc_converted_wavs/rvc_outputs/rvc_539354_01449.wav,spoof,hi-en,539354,cm02,rvc,clean,eval,0.9886183738708496
${DATA_ROOT}/rvc_cm02/rvc_converted_wavs/rvc_outputs/rvc_539354_01450.wav,spoof,hi-en,539354,cm02,rvc,clean,eval,0.9994284510612488
${DATA_ROOT}/rvc_cm02/rvc_converted_wavs/rvc_outputs/rvc_539354_01451.wav,spoof,hi-en,539354,cm02,rvc,clean,eval,0.006926964037120342
${DATA_ROOT}/rvc_cm02/rvc_converted_wavs/rvc_outputs/rvc_539354_01452.wav,spoof,hi-en,539354,cm02,rvc,clean,eval,0.0007760230218991637
${DATA_ROOT}/rvc_cm02/rvc_converted_wavs/rvc_outputs/rvc_539354_01453.wav,spoof,hi-en,539354,cm02,rvc,clean,eval,0.9990171194076538
${DATA_ROOT}/rvc_cm02/rvc_converted_wavs/rvc_outputs/rvc_539354_01454.wav,spoof,hi-en,539354,cm02,rvc,clean,eval,0.9989861845970154
${DATA_ROOT}/rvc_cm02/rvc_converted_wavs/rvc_outputs/rvc_539354_01455.wav,spoof,hi-en,539354,cm02,rvc,clean,eval,0.0006746365688741207
${DATA_ROOT}/rvc_cm02/rvc_converted_wavs/rvc_outputs/rvc_539354_01456.wav,spoof,hi-en,539354,cm02,rvc,clean,eval,0.0007272710208781064
${DATA_ROOT}/rvc_cm02/rvc_converted_wavs/rvc_outputs/rvc_539354_01457.wav,spoof,hi-en,539354,cm02,rvc,clean,eval,0.0008152980008162558
${DATA_ROOT}/rvc_cm02/rvc_converted_wavs/rvc_outputs/rvc_539354_01458.wav,spoof,hi-en,539354,cm02,rvc,clean,eval,0.20433379709720612
${DATA_ROOT}/rvc_cm02/rvc_converted_wavs/rvc_outputs/rvc_539354_01459.wav,spoof,hi-en,539354,cm02,rvc,clean,eval,0.2744540274143219
${DATA_ROOT}/rvc_cm02/rvc_converted_wavs/rvc_outputs/rvc_539354_01460.wav,spoof,hi-en,539354,cm02,rvc,clean,eval,0.9901796579360962
${DATA_ROOT}/rvc_cm02/rvc_converted_wavs/rvc_outputs/rvc_539354_01461.wav,spoof,hi-en,539354,cm02,rvc,clean,eval,0.9643175601959229
${DATA_ROOT}/rvc_cm02/rvc_converted_wavs/rvc_outputs/rvc_539354_01462.wav,spoof,hi-en,539354,cm02,rvc,clean,eval,0.0009470156510360539
${DATA_ROOT}/rvc_cm02/rvc_converted_wavs/rvc_outputs/rvc_539354_01463.wav,spoof,hi-en,539354,cm02,rvc,clean,eval,0.9983654618263245
${DATA_ROOT}/rvc_cm02/rvc_converted_wavs/rvc_outputs/rvc_539354_01464.wav,spoof,hi-en,539354,cm02,rvc,clean,eval,0.001441338798031211
${DATA_ROOT}/rvc_cm02/rvc_converted_wavs/rvc_outputs/rvc_539354_01465.wav,spoof,hi-en,539354,cm02,rvc,clean,eval,0.0007778031867928803
${DATA_ROOT}/rvc_cm02/rvc_converted_wavs/rvc_outputs/rvc_539354_01466.wav,spoof,hi-en,539354,cm02,rvc,clean,eval,0.9990109205245972
${DATA_ROOT}/rvc_cm02/rvc_converted_wavs/rvc_outputs/rvc_539354_01467.wav,spoof,hi-en,539354,cm02,rvc,clean,eval,0.0014543038560077548
${DATA_ROOT}/rvc_cm02/rvc_converted_wavs/rvc_outputs/rvc_539354_01468.wav,spoof,hi-en,539354,cm02,rvc,clean,eval,0.003740642685443163
${DATA_ROOT}/rvc_cm02/rvc_converted_wavs/rvc_outputs/rvc_539354_01470.wav,spoof,hi-en,539354,cm02,rvc,clean,eval,0.9980657696723938
${DATA_ROOT}/rvc_cm02/rvc_converted_wavs/rvc_outputs/rvc_539354_01471.wav,spoof,hi-en,539354,cm02,rvc,clean,eval,0.999618411064148
${DATA_ROOT}/rvc_cm02/rvc_converted_wavs/rvc_outputs/rvc_539354_01472.wav,spoof,hi-en,539354,cm02,rvc,clean,eval,0.0008899052627384663
${DATA_ROOT}/rvc_cm02/rvc_converted_wavs/rvc_outputs/rvc_539354_01473.wav,spoof,hi-en,539354,cm02,rvc,clean,eval,0.0022562602534890175
${DATA_ROOT}/rvc_cm02/rvc_converted_wavs/rvc_outputs/rvc_539354_01474.wav,spoof,hi-en,539354,cm02,rvc,clean,eval,0.9986096620559692
${DATA_ROOT}/rvc_cm02/rvc_converted_wavs/rvc_outputs/rvc_539354_01475.wav,spoof,hi-en,539354,cm02,rvc,clean,eval,0.0009825213346630335
${DATA_ROOT}/rvc_cm02/rvc_converted_wavs/rvc_outputs/rvc_539354_01476.wav,spoof,hi-en,539354,cm02,rvc,clean,eval,0.0008763360092416406
${DATA_ROOT}/rvc_cm02/rvc_converted_wavs/rvc_outputs/rvc_539354_01477.wav,spoof,hi-en,539354,cm02,rvc,clean,eval,0.9987395405769348
${DATA_ROOT}/rvc_cm02/rvc_converted_wavs/rvc_outputs/rvc_539354_01478.wav,spoof,hi-en,539354,cm02,rvc,clean,eval,0.08030194789171219
${DATA_ROOT}/rvc_cm02/rvc_converted_wavs/rvc_outputs/rvc_539354_01479.wav,spoof,hi-en,539354,cm02,rvc,clean,eval,0.12302907556295395
${DATA_ROOT}/rvc_cm02/rvc_converted_wavs/rvc_outputs/rvc_539354_01480.wav,spoof,hi-en,539354,cm02,rvc,clean,eval,0.9866408705711365
${DATA_ROOT}/rvc_cm02/rvc_converted_wavs/rvc_outputs/rvc_539354_01481.wav,spoof,hi-en,539354,cm02,rvc,clean,eval,0.0007038657204248011
${DATA_ROOT}/rvc_cm02/rvc_converted_wavs/rvc_outputs/rvc_539354_01482.wav,spoof,hi-en,539354,cm02,rvc,clean,eval,0.9269715547561646
${DATA_ROOT}/rvc_cm02/rvc_converted_wavs/rvc_outputs/rvc_539354_01483.wav,spoof,hi-en,539354,cm02,rvc,clean,eval,0.0006634013261646032
${DATA_ROOT}/rvc_cm02/rvc_converted_wavs/rvc_outputs/rvc_539354_01484.wav,spoof,hi-en,539354,cm02,rvc,clean,eval,0.014596647582948208
${DATA_ROOT}/rvc_cm02/rvc_converted_wavs/rvc_outputs/rvc_539354_01485.wav,spoof,hi-en,539354,cm02,rvc,clean,eval,0.0006617323379032314
${DATA_ROOT}/rvc_cm02/rvc_converted_wavs/rvc_outputs/rvc_539354_01486.wav,spoof,hi-en,539354,cm02,rvc,clean,eval,0.0006978109013289213
${DATA_ROOT}/rvc_cm02/rvc_converted_wavs/rvc_outputs/rvc_539354_01487.wav,spoof,hi-en,539354,cm02,rvc,clean,eval,0.000872230448294431
${DATA_ROOT}/rvc_cm02/rvc_converted_wavs/rvc_outputs/rvc_539354_01488.wav,spoof,hi-en,539354,cm02,rvc,clean,eval,0.00070305319968611
${DATA_ROOT}/rvc_cm02/rvc_converted_wavs/rvc_outputs/rvc_539354_01489.wav,spoof,hi-en,539354,cm02,rvc,clean,eval,0.002714651171118021
${DATA_ROOT}/rvc_cm02/rvc_converted_wavs/rvc_outputs/rvc_539354_01490.wav,spoof,hi-en,539354,cm02,rvc,clean,eval,0.9993010759353638
${DATA_ROOT}/rvc_cm02/rvc_converted_wavs/rvc_outputs/rvc_539354_01491.wav,spoof,hi-en,539354,cm02,rvc,clean,eval,0.9974935054779053
${DATA_ROOT}/rvc_cm02/rvc_converted_wavs/rvc_outputs/rvc_539354_01493.wav,spoof,hi-en,539354,cm02,rvc,clean,eval,0.5783518552780151
${DATA_ROOT}/rvc_cm02/rvc_converted_wavs/rvc_outputs/rvc_539354_01494.wav,spoof,hi-en,539354,cm02,rvc,clean,eval,0.39892518520355225
${DATA_ROOT}/rvc_cm02/rvc_converted_wavs/rvc_outputs/rvc_539354_01495.wav,spoof,hi-en,539354,cm02,rvc,clean,eval,0.9996607303619385
${DATA_ROOT}/rvc_cm02/rvc_converted_wavs/rvc_outputs/rvc_539354_01496.wav,spoof,hi-en,539354,cm02,rvc,clean,eval,0.15334449708461761
${DATA_ROOT}/rvc_cm02/rvc_converted_wavs/rvc_outputs/rvc_539354_01497.wav,spoof,hi-en,539354,cm02,rvc,clean,eval,0.0007976138149388134
${DATA_ROOT}/rvc_cm02/rvc_converted_wavs/rvc_outputs/rvc_539354_01498.wav,spoof,hi-en,539354,cm02,rvc,clean,eval,0.999365508556366
${DATA_ROOT}/rvc_cm02/rvc_converted_wavs/rvc_outputs/rvc_539354_01499.wav,spoof,hi-en,539354,cm02,rvc,clean,eval,0.03663155436515808
${DATA_ROOT}/rvc_cm02/rvc_converted_wavs/rvc_outputs/rvc_539354_01500.wav,spoof,hi-en,539354,cm02,rvc,clean,eval,0.9982239603996277
