filepath,label,language,speaker,source,tool,condition,split,score
${DATA_ROOT}/interim/rvc_gate/bonafide_source/106718_vE1rhq3ojNKZvQNv_0000.wav,bonafide,hi-en,106718,mucs2021,none,clean,eval,0.9976660013198853
${DATA_ROOT}/interim/rvc_gate/bonafide_source/142970_DP5j8CLDeL6HHHSX_0000.wav,bonafide,hi-en,142970,mucs2021,none,clean,eval,0.9935292601585388
${DATA_ROOT}/interim/rvc_gate/bonafide_source/177570_jSNK2zDaIvyZsMZp_0000.wav,bonafide,hi-en,177570,mucs2021,none,clean,eval,0.985054075717926
${DATA_ROOT}/interim/rvc_gate/bonafide_source/186783_LFpbaXkb8HuQ6DnF_0000.wav,bonafide,hi-en,186783,mucs2021,none,clean,eval,0.9995651841163635
${DATA_ROOT}/interim/rvc_gate/bonafide_source/205240_F4KjmwYhWvnpSE0m_0000.wav,bonafide,hi-en,205240,mucs2021,none,clean,eval,0.9991639852523804
${DATA_ROOT}/interim/rvc_gate/bonafide_source/322882_XTscbPr78nzuHhuu_0000.wav,bonafide,hi-en,322882,mucs2021,none,clean,eval,0.999660849571228
${DATA_ROOT}/interim/rvc_gate/bonafide_source/413057_aKSsdMqkPfUWyYeS_0000.wav,bonafide,hi-en,413057,mucs2021,none,clean,eval,0.9991645812988281
${DATA_ROOT}/interim/rvc_gate/bonafide_source/457295_WgzliDtK6Htff0g2_0000.wav,bonafide,hi-en,457295,mucs2021,none,clean,eval,0.9995481371879578
${DATA_ROOT}/interim/rvc_gate/bonafide_source/539226_vZGSoJPH1tbvsyCa_0000.wav,bonafide,hi-en,539226,mucs2021,none,clean,eval,0.9991183876991272
${DATA_ROOT}/interim/rvc_gate/bonafide_source/539354_C3MtnFEDrRkWHSvJ_0000.wav,bonafide,hi-en,539354,mucs2021,none,clean,eval,0.9996668100357056
${DATA_ROOT}/interim/rvc_gate/bonafide_source/541304_cyhxRWI0LoKYZvcw_0000.wav,bonafide,hi-en,541304,mucs2021,none,clean,eval,0.9998657703399658
${DATA_ROOT}/interim/rvc_gate/bonafide_source/584991_1ijxO93RTIJh2Rzv_0000.wav,bonafide,hi-en,584991,mucs2021,none,clean,eval,0.9978007674217224
${DATA_ROOT}/interim/rvc_gate/bonafide_source/634568_jCgweujQVV5haVF1_0000.wav,bonafide,hi-en,634568,mucs2021,none,clean,eval,0.9989073276519775
${DATA_ROOT}/interim/rvc_gate/bonafide_source/705494_fZcxLszRnIHxmVQp_0000.wav,bonafide,hi-en,705494,mucs2021,none,clean,eval,0.9997796416282654
${DATA_ROOT}/interim/rvc_gate/bonafide_source/797767_TRInoJRJxAX3qv5C_0000.wav,bonafide,hi-en,797767,mucs2021,none,clean,eval,0.9989864230155945
${DATA_ROOT}/interim/rvc_gate/bonafide_source/850754_wOTMMvC3WQ5YQRAF_0000.wav,bonafide,hi-en,850754,mucs2021,none,clean,eval,0.9998433589935303
${DATA_ROOT}/interim/rvc_gate/bonafide_source/870582_crdH0AI5aH25bEXe_0000.wav,bonafide,hi-en,870582,mucs2021,none,clean,eval,0.9997251629829407
${DATA_ROOT}/interim/rvc_gate/bonafide_source/876898_RyQSvr4r4iAMTYXq_0000.wav,bonafide,hi-en,876898,mucs2021,none,clean,eval,0.998799204826355
${DATA_ROOT}/interim/rvc_gate/bonafide_source/893273_8xh3ZKpPy5YhAnKX_0000.wav,bonafide,hi-en,893273,mucs2021,none,clean,eval,0.9981766939163208
${DATA_ROOT}/interim/rvc_gate/bonafide_source/903756_K3X6AGezGWAoDe1q_0000.wav,bonafide,hi-en,903756,mucs2021,none,clean,eval,0.9995642304420471
${DATA_ROOT}/interim/rvc_gate/bonafide_source/912184_V11NDc0lxudGbWQU_0000.wav,bonafide,hi-en,912184,mucs2021,none,clean,eval,0.9991393089294434
${DATA_ROOT}/interim/rvc_gate/bonafide_source/975912_1eNS3GaW1oHHurL4_0000.wav,bonafide,hi-en,975912,mucs2021,none,clean,eval,0.9997535347938538
${DATA_ROOT}/interim/rvc_gate/bonafide_source/987461_LSRBJiHdUoHm4BTI_0000.wav,bonafide,hi-en,987461,mucs2021,none,clean,eval,0.9991815686225891
${DATA_ROOT}/interim/rvc_gate/bonafide_source/996368_n4ACC4gnqW0IM1wW_0000.wav,bonafide,hi-en,996368,mucs2021,none,clean,eval,0.9995458722114563
${DATA_ROOT}/interim/rvc_gate/bonafide_source/106718_vE1rhq3ojNKZvQNv_0001.wav,bonafide,hi-en,106718,mucs2021,none,clean,eval,0.9983602166175842
${DATA_ROOT}/interim/rvc_gate/bonafide_source/142970_DP5j8CLDeL6HHHSX_0001.wav,bonafide,hi-en,142970,mucs2021,none,clean,eval,0.9938050508499146
${DATA_ROOT}/interim/rvc_gate/bonafide_source/177570_jSNK2zDaIvyZsMZp_0001.wav,bonafide,hi-en,177570,mucs2021,none,clean,eval,0.0009401928982697427
${DATA_ROOT}/interim/rvc_gate/bonafide_source/186783_LFpbaXkb8HuQ6DnF_0001.wav,bonafide,hi-en,186783,mucs2021,none,clean,eval,0.9988235831260681
${DATA_ROOT}/interim/rvc_gate/bonafide_source/205240_F4KjmwYhWvnpSE0m_0001.wav,bonafide,hi-en,205240,mucs2021,none,clean,eval,0.9922367930412292
${DATA_ROOT}/interim/rvc_gate/bonafide_source/322882_XTscbPr78nzuHhuu_0001.wav,bonafide,hi-en,322882,mucs2021,none,clean,eval,0.9995068311691284
${DATA_ROOT}/interim/rvc_gate/bonafide_source/413057_aKSsdMqkPfUWyYeS_0001.wav,bonafide,hi-en,413057,mucs2021,none,clean,eval,0.9995229244232178
${DATA_ROOT}/interim/rvc_gate/bonafide_source/457295_WgzliDtK6Htff0g2_0002.wav,bonafide,hi-en,457295,mucs2021,none,clean,eval,0.9985198378562927
${DATA_ROOT}/interim/rvc_gate/bonafide_source/539226_vZGSoJPH1tbvsyCa_0001.wav,bonafide,hi-en,539226,mucs2021,none,clean,eval,0.9987339377403259
${DATA_ROOT}/interim/rvc_gate/bonafide_source/539354_C3MtnFEDrRkWHSvJ_0001.wav,bonafide,hi-en,539354,mucs2021,none,clean,eval,0.9998025298118591
${DATA_ROOT}/interim/rvc_gate/bonafide_source/541304_cyhxRWI0LoKYZvcw_0001.wav,bonafide,hi-en,541304,mucs2021,none,clean,eval,0.9945639371871948
${DATA_ROOT}/interim/rvc_gate/bonafide_source/584991_1ijxO93RTIJh2Rzv_0001.wav,bonafide,hi-en,584991,mucs2021,none,clean,eval,0.9964809417724609
${DATA_ROOT}/interim/rvc_gate/bonafide_source/634568_jCgweujQVV5haVF1_0001.wav,bonafide,hi-en,634568,mucs2021,none,clean,eval,0.9989230036735535
${DATA_ROOT}/interim/rvc_gate/bonafide_source/705494_fZcxLszRnIHxmVQp_0001.wav,bonafide,hi-en,705494,mucs2021,none,clean,eval,0.9715506434440613
${DATA_ROOT}/interim/rvc_gate/bonafide_source/797767_TRInoJRJxAX3qv5C_0001.wav,bonafide,hi-en,797767,mucs2021,none,clean,eval,0.9964843988418579
${DATA_ROOT}/interim/rvc_gate/bonafide_source/850754_wOTMMvC3WQ5YQRAF_0002.wav,bonafide,hi-en,850754,mucs2021,none,clean,eval,0.9998962879180908
${DATA_ROOT}/interim/rvc_gate/bonafide_source/870582_crdH0AI5aH25bEXe_0001.wav,bonafide,hi-en,870582,mucs2021,none,clean,eval,0.9988526105880737
${DATA_ROOT}/interim/rvc_gate/bonafide_source/876898_RyQSvr4r4iAMTYXq_0001.wav,bonafide,hi-en,876898,mucs2021,none,clean,eval,0.9965000152587891
${DATA_ROOT}/interim/rvc_gate/bonafide_source/893273_8xh3ZKpPy5YhAnKX_0001.wav,bonafide,hi-en,893273,mucs2021,none,clean,eval,0.9992321729660034
${DATA_ROOT}/interim/rvc_gate/bonafide_source/903756_K3X6AGezGWAoDe1q_0001.wav,bonafide,hi-en,903756,mucs2021,none,clean,eval,0.9991918206214905
${DATA_ROOT}/interim/rvc_gate/bonafide_source/912184_V11NDc0lxudGbWQU_0001.wav,bonafide,hi-en,912184,mucs2021,none,clean,eval,0.9988893866539001
${DATA_ROOT}/interim/rvc_gate/bonafide_source/975912_1eNS3GaW1oHHurL4_0001.wav,bonafide,hi-en,975912,mucs2021,none,clean,eval,0.998164713382721
${DATA_ROOT}/interim/rvc_gate/bonafide_source/987461_LSRBJiHdUoHm4BTI_0001.wav,bonafide,hi-en,987461,mucs2021,none,clean,eval,0.9961579442024231
${DATA_ROOT}/interim/rvc_gate/bonafide_source/996368_n4ACC4gnqW0IM1wW_0001.wav,bonafide,hi-en,996368,mucs2021,none,clean,eval,0.999489426612854
${DATA_ROOT}/interim/rvc_gate/bonafide_source/106718_vE1rhq3ojNKZvQNv_0002.wav,bonafide,hi-en,106718,mucs2021,none,clean,eval,0.9954738020896912
${DATA_ROOT}/interim/rvc_gate/bonafide_source/142970_DP5j8CLDeL6HHHSX_0002.wav,bonafide,hi-en,142970,mucs2021,none,clean,eval,0.9972419738769531
${DATA_ROOT}/interim/rvc_gate/bonafide_source/177570_jSNK2zDaIvyZsMZp_0004.wav,bonafide,hi-en,177570,mucs2021,none,clean,eval,0.9991440773010254
${DATA_ROOT}/interim/rvc_gate/bonafide_source/186783_LFpbaXkb8HuQ6DnF_0002.wav,bonafide,hi-en,186783,mucs2021,none,clean,eval,0.9989060163497925
${DATA_ROOT}/interim/rvc_gate/bonafide_source/205240_F4KjmwYhWvnpSE0m_0002.wav,bonafide,hi-en,205240,mucs2021,none,clean,eval,0.991881787776947
${DATA_ROOT}/interim/rvc_gate/bonafide_source/322882_XTscbPr78nzuHhuu_0004.wav,bonafide,hi-en,322882,mucs2021,none,clean,eval,0.9992451667785645
${DATA_ROOT}/interim/rvc_gate/bonafide_source/413057_aKSsdMqkPfUWyYeS_0002.wav,bonafide,hi-en,413057,mucs2021,none,clean,eval,0.998754620552063
${DATA_ROOT}/interim/rvc_gate/bonafide_source/457295_WgzliDtK6Htff0g2_0003.wav,bonafide,hi-en,457295,mucs2021,none,clean,eval,0.9785772562026978
${DATA_ROOT}/interim/rvc_gate/bonafide_source/539226_vZGSoJPH1tbvsyCa_0002.wav,bonafide,hi-en,539226,mucs2021,none,clean,eval,0.9993725419044495
${DATA_ROOT}/interim/rvc_gate/bonafide_source/539354_C3MtnFEDrRkWHSvJ_0002.wav,bonafide,hi-en,539354,mucs2021,none,clean,eval,0.9993845224380493
${DATA_ROOT}/interim/rvc_gate/bonafide_source/541304_cyhxRWI0LoKYZvcw_0002.wav,bonafide,hi-en,541304,mucs2021,none,clean,eval,0.9999083280563354
${DATA_ROOT}/interim/rvc_gate/bonafide_source/584991_1ijxO93RTIJh2Rzv_0002.wav,bonafide,hi-en,584991,mucs2021,none,clean,eval,0.9992677569389343
${DATA_ROOT}/interim/rvc_gate/bonafide_source/634568_jCgweujQVV5haVF1_0003.wav,bonafide,hi-en,634568,mucs2021,none,clean,eval,0.059272754937410355
${DATA_ROOT}/interim/rvc_gate/bonafide_source/705494_fZcxLszRnIHxmVQp_0002.wav,bonafide,hi-en,705494,mucs2021,none,clean,eval,0.9988170862197876
${DATA_ROOT}/interim/rvc_gate/bonafide_source/797767_TRInoJRJxAX3qv5C_0002.wav,bonafide,hi-en,797767,mucs2021,none,clean,eval,0.9989808201789856
${DATA_ROOT}/interim/rvc_gate/bonafide_source/850754_wOTMMvC3WQ5YQRAF_0003.wav,bonafide,hi-en,850754,mucs2021,none,clean,eval,0.9988413453102112
${DATA_ROOT}/interim/rvc_gate/bonafide_source/870582_crdH0AI5aH25bEXe_0002.wav,bonafide,hi-en,870582,mucs2021,none,clean,eval,0.9996463060379028
${DATA_ROOT}/interim/rvc_gate/bonafide_source/876898_RyQSvr4r4iAMTYXq_0002.wav,bonafide,hi-en,876898,mucs2021,none,clean,eval,0.998930037021637
${DATA_ROOT}/interim/rvc_gate/bonafide_source/893273_8xh3ZKpPy5YhAnKX_0002.wav,bonafide,hi-en,893273,mucs2021,none,clean,eval,0.9987672567367554
${DATA_ROOT}/interim/rvc_gate/bonafide_source/903756_K3X6AGezGWAoDe1q_0002.wav,bonafide,hi-en,903756,mucs2021,none,clean,eval,0.999519944190979
${DATA_ROOT}/interim/rvc_gate/bonafide_source/912184_V11NDc0lxudGbWQU_0002.wav,bonafide,hi-en,912184,mucs2021,none,clean,eval,0.9990565180778503
${DATA_ROOT}/interim/rvc_gate/bonafide_source/975912_1eNS3GaW1oHHurL4_0002.wav,bonafide,hi-en,975912,mucs2021,none,clean,eval,0.997179388999939
${DATA_ROOT}/interim/rvc_gate/bonafide_source/987461_LSRBJiHdUoHm4BTI_0002.wav,bonafide,hi-en,987461,mucs2021,none,clean,eval,0.9912046790122986
${DATA_ROOT}/interim/rvc_gate/bonafide_source/996368_n4ACC4gnqW0IM1wW_0002.wav,bonafide,hi-en,996368,mucs2021,none,clean,eval,0.9996329545974731
${DATA_ROOT}/interim/rvc_gate/bonafide_source/106718_vE1rhq3ojNKZvQNv_0003.wav,bonafide,hi-en,106718,mucs2021,none,clean,eval,0.9988162517547607
${DATA_ROOT}/interim/rvc_gate/bonafide_source/142970_DP5j8CLDeL6HHHSX_0003.wav,bonafide,hi-en,142970,mucs2021,none,clean,eval,0.9976447224617004
${DATA_ROOT}/interim/rvc_gate/bonafide_source/177570_jSNK2zDaIvyZsMZp_0005.wav,bonafide,hi-en,177570,mucs2021,none,clean,eval,0.9987598657608032
${DATA_ROOT}/interim/rvc_gate/bonafide_source/186783_LFpbaXkb8HuQ6DnF_0003.wav,bonafide,hi-en,186783,mucs2021,none,clean,eval,0.9995977282524109
${DATA_ROOT}/interim/rvc_gate/bonafide_source/205240_F4KjmwYhWvnpSE0m_0003.wav,bonafide,hi-en,205240,mucs2021,none,clean,eval,0.9996416568756104
${DATA_ROOT}/interim/rvc_gate/bonafide_source/322882_XTscbPr78nzuHhuu_0005.wav,bonafide,hi-en,322882,mucs2021,none,clean,eval,0.9997228980064392
${DATA_ROOT}/interim/rvc_gate/bonafide_source/413057_aKSsdMqkPfUWyYeS_0003.wav,bonafide,hi-en,413057,mucs2021,none,clean,eval,0.9992632269859314
${DATA_ROOT}/interim/rvc_gate/bonafide_source/457295_WgzliDtK6Htff0g2_0007.wav,bonafide,hi-en,457295,mucs2021,none,clean,eval,0.9994410872459412
${DATA_ROOT}/interim/rvc_gate/bonafide_source/539226_vZGSoJPH1tbvsyCa_0003.wav,bonafide,hi-en,539226,mucs2021,none,clean,eval,0.983264148235321
${DATA_ROOT}/interim/rvc_gate/bonafide_source/539354_C3MtnFEDrRkWHSvJ_0003.wav,bonafide,hi-en,539354,mucs2021,none,clean,eval,0.99981290102005
${DATA_ROOT}/interim/rvc_gate/bonafide_source/541304_cyhxRWI0LoKYZvcw_0004.wav,bonafide,hi-en,541304,mucs2021,none,clean,eval,0.9996020197868347
${DATA_ROOT}/interim/rvc_gate/bonafide_source/584991_1ijxO93RTIJh2Rzv_0003.wav,bonafide,hi-en,584991,mucs2021,none,clean,eval,0.9982886910438538
${DATA_ROOT}/interim/rvc_gate/bonafide_source/634568_jCgweujQVV5haVF1_0004.wav,bonafide,hi-en,634568,mucs2021,none,clean,eval,0.9983446598052979
${DATA_ROOT}/interim/rvc_gate/bonafide_source/705494_fZcxLszRnIHxmVQp_0003.wav,bonafide,hi-en,705494,mucs2021,none,clean,eval,0.9982825517654419
${DATA_ROOT}/interim/rvc_gate/bonafide_source/797767_TRInoJRJxAX3qv5C_0003.wav,bonafide,hi-en,797767,mucs2021,none,clean,eval,0.9990347623825073
${DATA_ROOT}/interim/rvc_gate/bonafide_source/850754_wOTMMvC3WQ5YQRAF_0004.wav,bonafide,hi-en,850754,mucs2021,none,clean,eval,0.9994639754295349
${DATA_ROOT}/interim/rvc_gate/bonafide_source/870582_crdH0AI5aH25bEXe_0003.wav,bonafide,hi-en,870582,mucs2021,none,clean,eval,0.999026894569397
${DATA_ROOT}/interim/rvc_gate/bonafide_source/876898_RyQSvr4r4iAMTYXq_0003.wav,bonafide,hi-en,876898,mucs2021,none,clean,eval,0.9422951340675354
${DATA_ROOT}/interim/rvc_gate/bonafide_source/893273_8xh3ZKpPy5YhAnKX_0003.wav,bonafide,hi-en,893273,mucs2021,none,clean,eval,0.998530387878418
${DATA_ROOT}/interim/rvc_gate/bonafide_source/903756_K3X6AGezGWAoDe1q_0007.wav,bonafide,hi-en,903756,mucs2021,none,clean,eval,0.9990836381912231
${DATA_ROOT}/interim/rvc_gate/bonafide_source/912184_V11NDc0lxudGbWQU_0003.wav,bonafide,hi-en,912184,mucs2021,none,clean,eval,0.9983310103416443
${DATA_ROOT}/interim/rvc_gate/bonafide_source/975912_1eNS3GaW1oHHurL4_0003.wav,bonafide,hi-en,975912,mucs2021,none,clean,eval,0.999687910079956
${DATA_ROOT}/interim/rvc_gate/bonafide_source/987461_LSRBJiHdUoHm4BTI_0003.wav,bonafide,hi-en,987461,mucs2021,none,clean,eval,0.9990098476409912
${DATA_ROOT}/interim/rvc_gate/bonafide_source/996368_n4ACC4gnqW0IM1wW_0003.wav,bonafide,hi-en,996368,mucs2021,none,clean,eval,0.9997493624687195
${DATA_ROOT}/interim/rvc_gate/bonafide_source/106718_vE1rhq3ojNKZvQNv_0004.wav,bonafide,hi-en,106718,mucs2021,none,clean,eval,0.9990646243095398
${DATA_ROOT}/interim/rvc_gate/bonafide_source/142970_DP5j8CLDeL6HHHSX_0004.wav,bonafide,hi-en,142970,mucs2021,none,clean,eval,0.9958236217498779
${DATA_ROOT}/interim/rvc_gate/bonafide_source/177570_jSNK2zDaIvyZsMZp_0006.wav,bonafide,hi-en,177570,mucs2021,none,clean,eval,0.9103356003761292
${DATA_ROOT}/interim/rvc_gate/bonafide_source/186783_LFpbaXkb8HuQ6DnF_0004.wav,bonafide,hi-en,186783,mucs2021,none,clean,eval,0.9989239573478699
${DATA_ROOT}/interim/rvc_gate/bonafide_source/205240_F4KjmwYhWvnpSE0m_0004.wav,bonafide,hi-en,205240,mucs2021,none,clean,eval,0.9947922825813293
${DATA_ROOT}/interim/rvc_gate/bonafide_source/322882_XTscbPr78nzuHhuu_0006.wav,bonafide,hi-en,322882,mucs2021,none,clean,eval,0.9121180176734924
${DATA_ROOT}/interim/rvc_gate/bonafide_source/413057_aKSsdMqkPfUWyYeS_0004.wav,bonafide,hi-en,413057,mucs2021,none,clean,eval,0.9997957348823547
${DATA_ROOT}/interim/rvc_gate/bonafide_source/457295_WgzliDtK6Htff0g2_0008.wav,bonafide,hi-en,457295,mucs2021,none,clean,eval,0.9980906844139099
${DATA_ROOT}/interim/rvc_gate/bonafide_source/539226_vZGSoJPH1tbvsyCa_0004.wav,bonafide,hi-en,539226,mucs2021,none,clean,eval,0.9896586537361145
${DATA_ROOT}/interim/rvc_gate/bonafide_source/539354_C3MtnFEDrRkWHSvJ_0004.wav,bonafide,hi-en,539354,mucs2021,none,clean,eval,0.999754011631012
${DATA_ROOT}/interim/rvc_gate/bonafide_source/541304_cyhxRWI0LoKYZvcw_0005.wav,bonafide,hi-en,541304,mucs2021,none,clean,eval,0.9993178844451904
${DATA_ROOT}/interim/rvc_gate/bonafide_source/584991_1ijxO93RTIJh2Rzv_0004.wav,bonafide,hi-en,584991,mucs2021,none,clean,eval,0.9910749197006226
${DATA_ROOT}/interim/rvc_gate/bonafide_source/634568_jCgweujQVV5haVF1_0005.wav,bonafide,hi-en,634568,mucs2021,none,clean,eval,0.9994006156921387
${DATA_ROOT}/interim/rvc_gate/bonafide_source/705494_fZcxLszRnIHxmVQp_0004.wav,bonafide,hi-en,705494,mucs2021,none,clean,eval,0.9150882959365845
${DATA_ROOT}/interim/rvc_gate/bonafide_source/797767_TRInoJRJxAX3qv5C_0004.wav,bonafide,hi-en,797767,mucs2021,none,clean,eval,0.9782393574714661
${DATA_ROOT}/interim/rvc_gate/bonafide_source/850754_wOTMMvC3WQ5YQRAF_0005.wav,bonafide,hi-en,850754,mucs2021,none,clean,eval,0.998394787311554
${DATA_ROOT}/interim/rvc_gate/bonafide_source/870582_crdH0AI5aH25bEXe_0004.wav,bonafide,hi-en,870582,mucs2021,none,clean,eval,0.9816885590553284
${DATA_ROOT}/interim/rvc_gate/bonafide_source/876898_RyQSvr4r4iAMTYXq_0004.wav,bonafide,hi-en,876898,mucs2021,none,clean,eval,0.9960759282112122
${DATA_ROOT}/interim/rvc_gate/bonafide_source/893273_8xh3ZKpPy5YhAnKX_0004.wav,bonafide,hi-en,893273,mucs2021,none,clean,eval,0.9991791844367981
${DATA_ROOT}/interim/rvc_gate/bonafide_source/903756_K3X6AGezGWAoDe1q_0008.wav,bonafide,hi-en,903756,mucs2021,none,clean,eval,0.9991617202758789
${DATA_ROOT}/interim/rvc_gate/bonafide_source/912184_V11NDc0lxudGbWQU_0004.wav,bonafide,hi-en,912184,mucs2021,none,clean,eval,0.9993934631347656
${DATA_ROOT}/interim/rvc_gate/bonafide_source/975912_1eNS3GaW1oHHurL4_0004.wav,bonafide,hi-en,975912,mucs2021,none,clean,eval,0.9964162111282349
${DATA_ROOT}/interim/rvc_gate/bonafide_source/987461_LSRBJiHdUoHm4BTI_0004.wav,bonafide,hi-en,987461,mucs2021,none,clean,eval,0.9990683197975159
${DATA_ROOT}/interim/rvc_gate/bonafide_source/996368_n4ACC4gnqW0IM1wW_0004.wav,bonafide,hi-en,996368,mucs2021,none,clean,eval,0.999570906162262
${DATA_ROOT}/interim/rvc_gate/bonafide_source/106718_vE1rhq3ojNKZvQNv_0005.wav,bonafide,hi-en,106718,mucs2021,none,clean,eval,0.9989847540855408
${DATA_ROOT}/interim/rvc_gate/bonafide_source/142970_DP5j8CLDeL6HHHSX_0005.wav,bonafide,hi-en,142970,mucs2021,none,clean,eval,0.9988903403282166
${DATA_ROOT}/interim/rvc_gate/bonafide_source/177570_jSNK2zDaIvyZsMZp_0007.wav,bonafide,hi-en,177570,mucs2021,none,clean,eval,0.9995002746582031
${DATA_ROOT}/interim/rvc_gate/bonafide_source/186783_LFpbaXkb8HuQ6DnF_0005.wav,bonafide,hi-en,186783,mucs2021,none,clean,eval,0.9987038373947144
${DATA_ROOT}/interim/rvc_gate/bonafide_source/205240_F4KjmwYhWvnpSE0m_0005.wav,bonafide,hi-en,205240,mucs2021,none,clean,eval,0.9965977072715759
${DATA_ROOT}/interim/rvc_gate/bonafide_source/106718_vE1rhq3ojNKZvQNv_0008.wav,bonafide,hi-en,106718,mucs2021,none,clean,eval,0.9908208250999451
${DATA_ROOT}/interim/rvc_gate/bonafide_source/142970_DP5j8CLDeL6HHHSX_0007.wav,bonafide,hi-en,142970,mucs2021,none,clean,eval,0.9998444318771362
${DATA_ROOT}/interim/rvc_gate/bonafide_source/177570_jSNK2zDaIvyZsMZp_0009.wav,bonafide,hi-en,177570,mucs2021,none,clean,eval,0.9989789724349976
${DATA_ROOT}/interim/rvc_gate/bonafide_source/186783_LFpbaXkb8HuQ6DnF_0007.wav,bonafide,hi-en,186783,mucs2021,none,clean,eval,0.3912714123725891
${DATA_ROOT}/interim/rvc_gate/bonafide_source/205240_F4KjmwYhWvnpSE0m_0007.wav,bonafide,hi-en,205240,mucs2021,none,clean,eval,0.9867380857467651
${DATA_ROOT}/interim/rvc_gate/bonafide_source/322882_XTscbPr78nzuHhuu_0009.wav,bonafide,hi-en,322882,mucs2021,none,clean,eval,0.9982542395591736
${DATA_ROOT}/interim/rvc_gate/bonafide_source/413057_aKSsdMqkPfUWyYeS_0007.wav,bonafide,hi-en,413057,mucs2021,none,clean,eval,0.9993898868560791
${DATA_ROOT}/interim/rvc_gate/bonafide_source/445718_H6Z2BkcyVtiuiN7A_0007.wav,bonafide,hi-en,445718,mucs2021,none,clean,eval,0.9940985441207886
${DATA_ROOT}/interim/rvc_gate/bonafide_source/457295_WgzliDtK6Htff0g2_0012.wav,bonafide,hi-en,457295,mucs2021,none,clean,eval,0.9990585446357727
${DATA_ROOT}/interim/rvc_gate/bonafide_source/539226_vZGSoJPH1tbvsyCa_0007.wav,bonafide,hi-en,539226,mucs2021,none,clean,eval,0.9905369877815247
${DATA_ROOT}/interim/rvc_gate/bonafide_source/539354_C3MtnFEDrRkWHSvJ_0007.wav,bonafide,hi-en,539354,mucs2021,none,clean,eval,0.9998360872268677
${DATA_ROOT}/interim/rvc_gate/bonafide_source/541304_cyhxRWI0LoKYZvcw_0008.wav,bonafide,hi-en,541304,mucs2021,none,clean,eval,0.991085946559906
${DATA_ROOT}/interim/rvc_gate/bonafide_source/584991_1ijxO93RTIJh2Rzv_0007.wav,bonafide,hi-en,584991,mucs2021,none,clean,eval,0.9996846914291382
${DATA_ROOT}/interim/rvc_gate/bonafide_source/634568_jCgweujQVV5haVF1_0009.wav,bonafide,hi-en,634568,mucs2021,none,clean,eval,0.99940025806427
${DATA_ROOT}/interim/rvc_gate/bonafide_source/705494_fZcxLszRnIHxmVQp_0007.wav,bonafide,hi-en,705494,mucs2021,none,clean,eval,0.9992088675498962
${DATA_ROOT}/interim/rvc_gate/bonafide_source/797767_TRInoJRJxAX3qv5C_0007.wav,bonafide,hi-en,797767,mucs2021,none,clean,eval,0.9994682669639587
${DATA_ROOT}/interim/rvc_gate/bonafide_source/870582_crdH0AI5aH25bEXe_0007.wav,bonafide,hi-en,870582,mucs2021,none,clean,eval,0.9992662072181702
${DATA_ROOT}/interim/rvc_gate/bonafide_source/876898_RyQSvr4r4iAMTYXq_0007.wav,bonafide,hi-en,876898,mucs2021,none,clean,eval,0.9988549947738647
${DATA_ROOT}/interim/rvc_gate/bonafide_source/893273_8xh3ZKpPy5YhAnKX_0009.wav,bonafide,hi-en,893273,mucs2021,none,clean,eval,0.9994603991508484
${DATA_ROOT}/interim/rvc_gate/bonafide_source/903756_K3X6AGezGWAoDe1q_0011.wav,bonafide,hi-en,903756,mucs2021,none,clean,eval,0.9990346431732178
${DATA_ROOT}/interim/rvc_gate/bonafide_source/912184_V11NDc0lxudGbWQU_0007.wav,bonafide,hi-en,912184,mucs2021,none,clean,eval,0.9998867511749268
${DATA_ROOT}/interim/rvc_gate/bonafide_source/975912_1eNS3GaW1oHHurL4_0007.wav,bonafide,hi-en,975912,mucs2021,none,clean,eval,0.9931582808494568
${DATA_ROOT}/interim/rvc_gate/bonafide_source/987461_LSRBJiHdUoHm4BTI_0007.wav,bonafide,hi-en,987461,mucs2021,none,clean,eval,0.9984539747238159
${DATA_ROOT}/interim/rvc_gate/bonafide_source/996368_n4ACC4gnqW0IM1wW_0007.wav,bonafide,hi-en,996368,mucs2021,none,clean,eval,0.9992825388908386
${DATA_ROOT}/interim/rvc_gate/bonafide_source/106718_vE1rhq3ojNKZvQNv_0009.wav,bonafide,hi-en,106718,mucs2021,none,clean,eval,0.9990563988685608
${DATA_ROOT}/interim/rvc_gate/bonafide_source/142970_DP5j8CLDeL6HHHSX_0008.wav,bonafide,hi-en,142970,mucs2021,none,clean,eval,0.9981690645217896
${DATA_ROOT}/interim/rvc_gate/bonafide_source/177570_jSNK2zDaIvyZsMZp_0010.wav,bonafide,hi-en,177570,mucs2021,none,clean,eval,0.9990975856781006
${DATA_ROOT}/interim/rvc_gate/bonafide_source/186783_LFpbaXkb8HuQ6DnF_0008.wav,bonafide,hi-en,186783,mucs2021,none,clean,eval,0.9991990923881531
${DATA_ROOT}/interim/rvc_gate/bonafide_source/205240_F4KjmwYhWvnpSE0m_0008.wav,bonafide,hi-en,205240,mucs2021,none,clean,eval,0.9991211295127869
${DATA_ROOT}/interim/rvc_gate/bonafide_source/322882_XTscbPr78nzuHhuu_0010.wav,bonafide,hi-en,322882,mucs2021,none,clean,eval,0.9975257515907288
${DATA_ROOT}/interim/rvc_gate/bonafide_source/413057_aKSsdMqkPfUWyYeS_0008.wav,bonafide,hi-en,413057,mucs2021,none,clean,eval,0.9992062449455261
${DATA_ROOT}/interim/rvc_gate/bonafide_source/445718_H6Z2BkcyVtiuiN7A_0008.wav,bonafide,hi-en,445718,mucs2021,none,clean,eval,0.9988732933998108
${DATA_ROOT}/interim/rvc_gate/bonafide_source/457295_WgzliDtK6Htff0g2_0013.wav,bonafide,hi-en,457295,mucs2021,none,clean,eval,0.9849395751953125
${DATA_ROOT}/interim/rvc_gate/bonafide_source/539226_vZGSoJPH1tbvsyCa_0008.wav,bonafide,hi-en,539226,mucs2021,none,clean,eval,0.9960246086120605
${DATA_ROOT}/interim/rvc_gate/bonafide_source/539354_C3MtnFEDrRkWHSvJ_0008.wav,bonafide,hi-en,539354,mucs2021,none,clean,eval,0.9997088313102722
${DATA_ROOT}/interim/rvc_gate/bonafide_source/541304_cyhxRWI0LoKYZvcw_0009.wav,bonafide,hi-en,541304,mucs2021,none,clean,eval,0.99985671043396
${DATA_ROOT}/interim/rvc_gate/bonafide_source/584991_1ijxO93RTIJh2Rzv_0008.wav,bonafide,hi-en,584991,mucs2021,none,clean,eval,0.9789228439331055
${DATA_ROOT}/interim/rvc_gate/bonafide_source/634568_jCgweujQVV5haVF1_0010.wav,bonafide,hi-en,634568,mucs2021,none,clean,eval,0.9968673586845398
${DATA_ROOT}/interim/rvc_gate/bonafide_source/705494_fZcxLszRnIHxmVQp_0008.wav,bonafide,hi-en,705494,mucs2021,none,clean,eval,0.9968963861465454
${DATA_ROOT}/interim/rvc_gate/bonafide_source/797767_TRInoJRJxAX3qv5C_0008.wav,bonafide,hi-en,797767,mucs2021,none,clean,eval,0.9981284737586975
${DATA_ROOT}/interim/rvc_gate/bonafide_source/870582_crdH0AI5aH25bEXe_0008.wav,bonafide,hi-en,870582,mucs2021,none,clean,eval,0.9992396831512451
${DATA_ROOT}/interim/rvc_gate/bonafide_source/876898_RyQSvr4r4iAMTYXq_0008.wav,bonafide,hi-en,876898,mucs2021,none,clean,eval,0.9963080883026123
${DATA_ROOT}/interim/rvc_gate/bonafide_source/893273_8xh3ZKpPy5YhAnKX_0010.wav,bonafide,hi-en,893273,mucs2021,none,clean,eval,0.9976223111152649
${DATA_ROOT}/interim/rvc_gate/bonafide_source/903756_K3X6AGezGWAoDe1q_0012.wav,bonafide,hi-en,903756,mucs2021,none,clean,eval,0.995672345161438
${DATA_ROOT}/interim/rvc_gate/bonafide_source/912184_V11NDc0lxudGbWQU_0008.wav,bonafide,hi-en,912184,mucs2021,none,clean,eval,0.9991669654846191
${DATA_ROOT}/interim/rvc_gate/bonafide_source/975912_1eNS3GaW1oHHurL4_0008.wav,bonafide,hi-en,975912,mucs2021,none,clean,eval,0.9979915618896484
${DATA_ROOT}/interim/rvc_gate/bonafide_source/987461_LSRBJiHdUoHm4BTI_0008.wav,bonafide,hi-en,987461,mucs2021,none,clean,eval,0.9759785532951355
${DATA_ROOT}/interim/rvc_gate/bonafide_source/996368_n4ACC4gnqW0IM1wW_0008.wav,bonafide,hi-en,996368,mucs2021,none,clean,eval,0.999466598033905
${DATA_ROOT}/interim/rvc_gate/bonafide_source/106718_vE1rhq3ojNKZvQNv_0010.wav,bonafide,hi-en,106718,mucs2021,none,clean,eval,0.9949883222579956
${DATA_ROOT}/interim/rvc_gate/bonafide_source/142970_DP5j8CLDeL6HHHSX_0009.wav,bonafide,hi-en,142970,mucs2021,none,clean,eval,0.9994726777076721
${DATA_ROOT}/interim/rvc_gate/bonafide_source/177570_jSNK2zDaIvyZsMZp_0011.wav,bonafide,hi-en,177570,mucs2021,none,clean,eval,0.9991169571876526
${DATA_ROOT}/interim/rvc_gate/bonafide_source/186783_LFpbaXkb8HuQ6DnF_0009.wav,bonafide,hi-en,186783,mucs2021,none,clean,eval,0.9985905289649963
${DATA_ROOT}/interim/rvc_gate/bonafide_source/205240_F4KjmwYhWvnpSE0m_0009.wav,bonafide,hi-en,205240,mucs2021,none,clean,eval,0.9881048202514648
${DATA_ROOT}/interim/rvc_gate/bonafide_source/322882_XTscbPr78nzuHhuu_0011.wav,bonafide,hi-en,322882,mucs2021,none,clean,eval,0.9512231945991516
${DATA_ROOT}/interim/rvc_gate/bonafide_source/413057_aKSsdMqkPfUWyYeS_0009.wav,bonafide,hi-en,413057,mucs2021,none,clean,eval,0.9985164999961853
${DATA_ROOT}/interim/rvc_gate/bonafide_source/445718_H6Z2BkcyVtiuiN7A_0009.wav,bonafide,hi-en,445718,mucs2021,none,clean,eval,0.9950215816497803
${DATA_ROOT}/interim/rvc_gate/bonafide_source/457295_WgzliDtK6Htff0g2_0014.wav,bonafide,hi-en,457295,mucs2021,none,clean,eval,0.8332040309906006
${DATA_ROOT}/interim/rvc_gate/bonafide_source/539226_vZGSoJPH1tbvsyCa_0009.wav,bonafide,hi-en,539226,mucs2021,none,clean,eval,0.9863842129707336
${DATA_ROOT}/interim/rvc_gate/bonafide_source/539354_C3MtnFEDrRkWHSvJ_0009.wav,bonafide,hi-en,539354,mucs2021,none,clean,eval,0.9994627833366394
${DATA_ROOT}/interim/rvc_gate/bonafide_source/541304_cyhxRWI0LoKYZvcw_0010.wav,bonafide,hi-en,541304,mucs2021,none,clean,eval,0.9990986585617065
${DATA_ROOT}/interim/rvc_gate/bonafide_source/584991_1ijxO93RTIJh2Rzv_0009.wav,bonafide,hi-en,584991,mucs2021,none,clean,eval,0.9982006549835205
${DATA_ROOT}/interim/rvc_gate/bonafide_source/634568_jCgweujQVV5haVF1_0011.wav,bonafide,hi-en,634568,mucs2021,none,clean,eval,0.9977499842643738
${DATA_ROOT}/interim/rvc_gate/bonafide_source/705494_fZcxLszRnIHxmVQp_0009.wav,bonafide,hi-en,705494,mucs2021,none,clean,eval,0.9958290457725525
${DATA_ROOT}/interim/rvc_gate/bonafide_source/797767_TRInoJRJxAX3qv5C_0009.wav,bonafide,hi-en,797767,mucs2021,none,clean,eval,0.9988364577293396
${DATA_ROOT}/interim/rvc_gate/bonafide_source/870582_crdH0AI5aH25bEXe_0009.wav,bonafide,hi-en,870582,mucs2021,none,clean,eval,0.9788074493408203
${DATA_ROOT}/interim/rvc_gate/bonafide_source/876898_RyQSvr4r4iAMTYXq_0009.wav,bonafide,hi-en,876898,mucs2021,none,clean,eval,0.9973003268241882
${DATA_ROOT}/interim/rvc_gate/bonafide_source/893273_8xh3ZKpPy5YhAnKX_0012.wav,bonafide,hi-en,893273,mucs2021,none,clean,eval,0.9982389211654663
${DATA_ROOT}/interim/rvc_gate/bonafide_source/903756_K3X6AGezGWAoDe1q_0013.wav,bonafide,hi-en,903756,mucs2021,none,clean,eval,0.9942362904548645
${DATA_ROOT}/interim/rvc_gate/bonafide_source/912184_V11NDc0lxudGbWQU_0009.wav,bonafide,hi-en,912184,mucs2021,none,clean,eval,0.9989649057388306
${DATA_ROOT}/interim/rvc_gate/bonafide_source/975912_1eNS3GaW1oHHurL4_0009.wav,bonafide,hi-en,975912,mucs2021,none,clean,eval,0.9978908896446228
${DATA_ROOT}/interim/rvc_gate/bonafide_source/987461_LSRBJiHdUoHm4BTI_0009.wav,bonafide,hi-en,987461,mucs2021,none,clean,eval,0.9990346431732178
${DATA_ROOT}/interim/rvc_gate/bonafide_source/996368_n4ACC4gnqW0IM1wW_0009.wav,bonafide,hi-en,996368,mucs2021,none,clean,eval,0.9997393488883972
${DATA_ROOT}/interim/rvc_gate/bonafide_source/106718_vE1rhq3ojNKZvQNv_0011.wav,bonafide,hi-en,106718,mucs2021,none,clean,eval,0.9991825222969055
${DATA_ROOT}/interim/rvc_gate/bonafide_source/142970_DP5j8CLDeL6HHHSX_0010.wav,bonafide,hi-en,142970,mucs2021,none,clean,eval,0.9994613528251648
${DATA_ROOT}/interim/rvc_gate/bonafide_source/177570_jSNK2zDaIvyZsMZp_0012.wav,bonafide,hi-en,177570,mucs2021,none,clean,eval,0.9991648197174072
${DATA_ROOT}/interim/rvc_gate/bonafide_source/186783_LFpbaXkb8HuQ6DnF_0010.wav,bonafide,hi-en,186783,mucs2021,none,clean,eval,0.9964061379432678
${DATA_ROOT}/interim/rvc_gate/bonafide_source/205240_F4KjmwYhWvnpSE0m_0010.wav,bonafide,hi-en,205240,mucs2021,none,clean,eval,0.9996718168258667
${DATA_ROOT}/interim/rvc_gate/bonafide_source/322882_XTscbPr78nzuHhuu_0012.wav,bonafide,hi-en,322882,mucs2021,none,clean,eval,0.9980124235153198
${DATA_ROOT}/interim/rvc_gate/bonafide_source/413057_aKSsdMqkPfUWyYeS_0010.wav,bonafide,hi-en,413057,mucs2021,none,clean,eval,0.9989482760429382
${DATA_ROOT}/interim/rvc_gate/bonafide_source/445718_H6Z2BkcyVtiuiN7A_0010.wav,bonafide,hi-en,445718,mucs2021,none,clean,eval,0.9990966320037842
${DATA_ROOT}/interim/rvc_gate/bonafide_source/457295_WgzliDtK6Htff0g2_0015.wav,bonafide,hi-en,457295,mucs2021,none,clean,eval,0.999238133430481
${DATA_ROOT}/interim/rvc_gate/bonafide_source/539226_vZGSoJPH1tbvsyCa_0011.wav,bonafide,hi-en,539226,mucs2021,none,clean,eval,0.8895556926727295
${DATA_ROOT}/interim/rvc_gate/bonafide_source/539354_C3MtnFEDrRkWHSvJ_0010.wav,bonafide,hi-en,539354,mucs2021,none,clean,eval,0.9996349811553955
${DATA_ROOT}/interim/rvc_gate/bonafide_source/541304_cyhxRWI0LoKYZvcw_0011.wav,bonafide,hi-en,541304,mucs2021,none,clean,eval,0.987337052822113
${DATA_ROOT}/interim/rvc_gate/bonafide_source/584991_1ijxO93RTIJh2Rzv_0010.wav,bonafide,hi-en,584991,mucs2021,none,clean,eval,0.9994553923606873
${DATA_ROOT}/interim/rvc_gate/bonafide_source/634568_jCgweujQVV5haVF1_0012.wav,bonafide,hi-en,634568,mucs2021,none,clean,eval,0.9986496567726135
${DATA_ROOT}/interim/rvc_gate/bonafide_source/705494_fZcxLszRnIHxmVQp_0011.wav,bonafide,hi-en,705494,mucs2021,none,clean,eval,0.9949536919593811
${DATA_ROOT}/interim/rvc_gate/bonafide_source/797767_TRInoJRJxAX3qv5C_0010.wav,bonafide,hi-en,797767,mucs2021,none,clean,eval,0.9979962110519409
${DATA_ROOT}/interim/rvc_gate/bonafide_source/870582_crdH0AI5aH25bEXe_0010.wav,bonafide,hi-en,870582,mucs2021,none,clean,eval,0.9991182684898376
${DATA_ROOT}/interim/rvc_gate/bonafide_source/876898_RyQSvr4r4iAMTYXq_0010.wav,bonafide,hi-en,876898,mucs2021,none,clean,eval,0.9984159469604492
${DATA_ROOT}/interim/rvc_gate/bonafide_source/893273_8xh3ZKpPy5YhAnKX_0013.wav,bonafide,hi-en,893273,mucs2021,none,clean,eval,0.9988105297088623
${DATA_ROOT}/interim/rvc_gate/bonafide_source/903756_K3X6AGezGWAoDe1q_0014.wav,bonafide,hi-en,903756,mucs2021,none,clean,eval,0.9963968396186829
${DATA_ROOT}/interim/rvc_gate/bonafide_source/912184_V11NDc0lxudGbWQU_0010.wav,bonafide,hi-en,912184,mucs2021,none,clean,eval,0.9994254112243652
${DATA_ROOT}/interim/rvc_gate/bonafide_source/975912_1eNS3GaW1oHHurL4_0010.wav,bonafide,hi-en,975912,mucs2021,none,clean,eval,0.9990031123161316
${DATA_ROOT}/interim/rvc_gate/bonafide_source/987461_LSRBJiHdUoHm4BTI_0010.wav,bonafide,hi-en,987461,mucs2021,none,clean,eval,0.9972754120826721
${DATA_ROOT}/interim/rvc_gate/bonafide_source/996368_n4ACC4gnqW0IM1wW_0010.wav,bonafide,hi-en,996368,mucs2021,none,clean,eval,0.9990395903587341
${DATA_ROOT}/interim/rvc_gate/bonafide_source/106718_vE1rhq3ojNKZvQNv_0012.wav,bonafide,hi-en,106718,mucs2021,none,clean,eval,0.9986922144889832
${DATA_ROOT}/interim/rvc_gate/bonafide_source/142970_DP5j8CLDeL6HHHSX_0011.wav,bonafide,hi-en,142970,mucs2021,none,clean,eval,0.9912052750587463
${DATA_ROOT}/interim/rvc_gate/bonafide_source/177570_jSNK2zDaIvyZsMZp_0013.wav,bonafide,hi-en,177570,mucs2021,none,clean,eval,0.9992626309394836
${DATA_ROOT}/interim/rvc_gate/bonafide_source/186783_LFpbaXkb8HuQ6DnF_0011.wav,bonafide,hi-en,186783,mucs2021,none,clean,eval,0.9974418878555298
${DATA_ROOT}/interim/rvc_gate/bonafide_source/205240_F4KjmwYhWvnpSE0m_0011.wav,bonafide,hi-en,205240,mucs2021,none,clean,eval,0.9991165995597839
${DATA_ROOT}/interim/rvc_gate/bonafide_source/322882_XTscbPr78nzuHhuu_0013.wav,bonafide,hi-en,322882,mucs2021,none,clean,eval,0.9986530542373657
${DATA_ROOT}/interim/rvc_gate/bonafide_source/413057_aKSsdMqkPfUWyYeS_0011.wav,bonafide,hi-en,413057,mucs2021,none,clean,eval,0.9960823655128479
${DATA_ROOT}/interim/rvc_gate/bonafide_source/445718_H6Z2BkcyVtiuiN7A_0011.wav,bonafide,hi-en,445718,mucs2021,none,clean,eval,0.9992107152938843
${DATA_ROOT}/interim/rvc_gate/bonafide_source/457295_WgzliDtK6Htff0g2_0016.wav,bonafide,hi-en,457295,mucs2021,none,clean,eval,0.9996745586395264
${DATA_ROOT}/interim/rvc_gate/bonafide_source/539226_vZGSoJPH1tbvsyCa_0012.wav,bonafide,hi-en,539226,mucs2021,none,clean,eval,0.9229585528373718
${DATA_ROOT}/interim/rvc_gate/bonafide_source/539354_C3MtnFEDrRkWHSvJ_0011.wav,bonafide,hi-en,539354,mucs2021,none,clean,eval,0.9998483657836914
${DATA_ROOT}/interim/rvc_gate/bonafide_source/541304_cyhxRWI0LoKYZvcw_0012.wav,bonafide,hi-en,541304,mucs2021,none,clean,eval,0.999180257320404
${DATA_ROOT}/interim/rvc_gate/bonafide_source/584991_1ijxO93RTIJh2Rzv_0011.wav,bonafide,hi-en,584991,mucs2021,none,clean,eval,0.9942711591720581
${DATA_ROOT}/interim/rvc_gate/bonafide_source/634568_jCgweujQVV5haVF1_0013.wav,bonafide,hi-en,634568,mucs2021,none,clean,eval,0.9966172575950623
${DATA_ROOT}/interim/rvc_gate/bonafide_source/705494_fZcxLszRnIHxmVQp_0012.wav,bonafide,hi-en,705494,mucs2021,none,clean,eval,0.9920837879180908
${DATA_ROOT}/interim/rvc_gate/bonafide_source/797767_TRInoJRJxAX3qv5C_0011.wav,bonafide,hi-en,797767,mucs2021,none,clean,eval,0.9961863160133362
${DATA_ROOT}/interim/rvc_gate/bonafide_source/870582_crdH0AI5aH25bEXe_0012.wav,bonafide,hi-en,870582,mucs2021,none,clean,eval,0.9974395036697388
${DATA_ROOT}/interim/rvc_gate/bonafide_source/876898_RyQSvr4r4iAMTYXq_0011.wav,bonafide,hi-en,876898,mucs2021,none,clean,eval,0.9989533424377441
${DATA_ROOT}/interim/rvc_gate/bonafide_source/893273_8xh3ZKpPy5YhAnKX_0014.wav,bonafide,hi-en,893273,mucs2021,none,clean,eval,0.9911017417907715
${DATA_ROOT}/interim/rvc_gate/bonafide_source/903756_K3X6AGezGWAoDe1q_0015.wav,bonafide,hi-en,903756,mucs2021,none,clean,eval,0.99828040599823
${DATA_ROOT}/interim/rvc_gate/bonafide_source/912184_V11NDc0lxudGbWQU_0011.wav,bonafide,hi-en,912184,mucs2021,none,clean,eval,0.9999322891235352
${DATA_ROOT}/interim/rvc_gate/bonafide_source/975912_1eNS3GaW1oHHurL4_0011.wav,bonafide,hi-en,975912,mucs2021,none,clean,eval,0.9993942975997925
${DATA_ROOT}/interim/rvc_gate/bonafide_source/987461_LSRBJiHdUoHm4BTI_0011.wav,bonafide,hi-en,987461,mucs2021,none,clean,eval,0.999320387840271
${DATA_ROOT}/interim/rvc_gate/bonafide_source/996368_n4ACC4gnqW0IM1wW_0011.wav,bonafide,hi-en,996368,mucs2021,none,clean,eval,0.9998063445091248
${DATA_ROOT}/interim/rvc_gate/bonafide_source/106718_vE1rhq3ojNKZvQNv_0013.wav,bonafide,hi-en,106718,mucs2021,none,clean,eval,0.9984506368637085
${DATA_ROOT}/interim/rvc_gate/bonafide_source/142970_DP5j8CLDeL6HHHSX_0012.wav,bonafide,hi-en,142970,mucs2021,none,clean,eval,0.9992658495903015
${DATA_ROOT}/interim/rvc_gate/bonafide_source/177570_jSNK2zDaIvyZsMZp_0014.wav,bonafide,hi-en,177570,mucs2021,none,clean,eval,0.9983094930648804
${DATA_ROOT}/interim/rvc_gate/bonafide_source/186783_LFpbaXkb8HuQ6DnF_0012.wav,bonafide,hi-en,186783,mucs2021,none,clean,eval,0.998482882976532
${DATA_ROOT}/interim/rvc_gate/bonafide_source/205240_F4KjmwYhWvnpSE0m_0012.wav,bonafide,hi-en,205240,mucs2021,none,clean,eval,0.9961644411087036
${DATA_ROOT}/interim/rvc_gate/bonafide_source/106718_vE1rhq3ojNKZvQNv_0015.wav,bonafide,hi-en,106718,mucs2021,none,clean,eval,0.9991402626037598
${DATA_ROOT}/interim/rvc_gate/bonafide_source/142970_DP5j8CLDeL6HHHSX_0014.wav,bonafide,hi-en,142970,mucs2021,none,clean,eval,0.9997312426567078
${DATA_ROOT}/interim/rvc_gate/bonafide_source/177570_jSNK2zDaIvyZsMZp_0016.wav,bonafide,hi-en,177570,mucs2021,none,clean,eval,0.9987885355949402
${DATA_ROOT}/interim/rvc_gate/bonafide_source/186783_LFpbaXkb8HuQ6DnF_0014.wav,bonafide,hi-en,186783,mucs2021,none,clean,eval,0.9985029697418213
${DATA_ROOT}/interim/rvc_gate/bonafide_source/205240_F4KjmwYhWvnpSE0m_0014.wav,bonafide,hi-en,205240,mucs2021,none,clean,eval,0.9977738261222839
${DATA_ROOT}/interim/rvc_gate/bonafide_source/322882_XTscbPr78nzuHhuu_0016.wav,bonafide,hi-en,322882,mucs2021,none,clean,eval,0.998278021812439
${DATA_ROOT}/interim/rvc_gate/bonafide_source/413057_aKSsdMqkPfUWyYeS_0014.wav,bonafide,hi-en,413057,mucs2021,none,clean,eval,0.9960641264915466
${DATA_ROOT}/interim/rvc_gate/bonafide_source/445718_H6Z2BkcyVtiuiN7A_0014.wav,bonafide,hi-en,445718,mucs2021,none,clean,eval,0.9708905816078186
${DATA_ROOT}/interim/rvc_gate/bonafide_source/539226_vZGSoJPH1tbvsyCa_0015.wav,bonafide,hi-en,539226,mucs2021,none,clean,eval,0.9971603155136108
${DATA_ROOT}/interim/rvc_gate/bonafide_source/539354_C3MtnFEDrRkWHSvJ_0015.wav,bonafide,hi-en,539354,mucs2021,none,clean,eval,0.9989882111549377
${DATA_ROOT}/interim/rvc_gate/bonafide_source/541304_cyhxRWI0LoKYZvcw_0015.wav,bonafide,hi-en,541304,mucs2021,none,clean,eval,0.9984997510910034
${DATA_ROOT}/interim/rvc_gate/bonafide_source/584991_1ijxO93RTIJh2Rzv_0015.wav,bonafide,hi-en,584991,mucs2021,none,clean,eval,0.9986391663551331
${DATA_ROOT}/interim/rvc_gate/bonafide_source/634568_jCgweujQVV5haVF1_0016.wav,bonafide,hi-en,634568,mucs2021,none,clean,eval,0.9977800250053406
${DATA_ROOT}/interim/rvc_gate/bonafide_source/705494_fZcxLszRnIHxmVQp_0015.wav,bonafide,hi-en,705494,mucs2021,none,clean,eval,0.9992551207542419
${DATA_ROOT}/interim/rvc_gate/bonafide_source/797767_TRInoJRJxAX3qv5C_0014.wav,bonafide,hi-en,797767,mucs2021,none,clean,eval,0.995807409286499
${DATA_ROOT}/interim/rvc_gate/bonafide_source/850754_wOTMMvC3WQ5YQRAF_0015.wav,bonafide,hi-en,850754,mucs2021,none,clean,eval,0.9990590214729309
${DATA_ROOT}/interim/rvc_gate/bonafide_source/870582_crdH0AI5aH25bEXe_0015.wav,bonafide,hi-en,870582,mucs2021,none,clean,eval,0.9985697269439697
${DATA_ROOT}/interim/rvc_gate/bonafide_source/876898_RyQSvr4r4iAMTYXq_0014.wav,bonafide,hi-en,876898,mucs2021,none,clean,eval,0.999468982219696
${DATA_ROOT}/interim/rvc_gate/bonafide_source/893273_8xh3ZKpPy5YhAnKX_0017.wav,bonafide,hi-en,893273,mucs2021,none,clean,eval,0.9968383312225342
${DATA_ROOT}/interim/rvc_gate/bonafide_source/903756_K3X6AGezGWAoDe1q_0018.wav,bonafide,hi-en,903756,mucs2021,none,clean,eval,0.996298611164093
${DATA_ROOT}/interim/rvc_gate/bonafide_source/912184_V11NDc0lxudGbWQU_0015.wav,bonafide,hi-en,912184,mucs2021,none,clean,eval,0.9992349147796631
${DATA_ROOT}/interim/rvc_gate/bonafide_source/975912_1eNS3GaW1oHHurL4_0014.wav,bonafide,hi-en,975912,mucs2021,none,clean,eval,0.9975196719169617
${DATA_ROOT}/interim/rvc_gate/bonafide_source/987461_LSRBJiHdUoHm4BTI_0014.wav,bonafide,hi-en,987461,mucs2021,none,clean,eval,0.9986166954040527
${DATA_ROOT}/interim/rvc_gate/bonafide_source/996368_n4ACC4gnqW0IM1wW_0014.wav,bonafide,hi-en,996368,mucs2021,none,clean,eval,0.9997569918632507
${DATA_ROOT}/interim/rvc_gate/bonafide_source/106718_vE1rhq3ojNKZvQNv_0016.wav,bonafide,hi-en,106718,mucs2021,none,clean,eval,0.02248678170144558
${DATA_ROOT}/interim/rvc_gate/bonafide_source/142970_DP5j8CLDeL6HHHSX_0015.wav,bonafide,hi-en,142970,mucs2021,none,clean,eval,0.996799111366272
${DATA_ROOT}/interim/rvc_gate/bonafide_source/177570_jSNK2zDaIvyZsMZp_0017.wav,bonafide,hi-en,177570,mucs2021,none,clean,eval,0.9994434714317322
${DATA_ROOT}/interim/rvc_gate/bonafide_source/186783_LFpbaXkb8HuQ6DnF_0015.wav,bonafide,hi-en,186783,mucs2021,none,clean,eval,0.9994575381278992
${DATA_ROOT}/interim/rvc_gate/bonafide_source/205240_F4KjmwYhWvnpSE0m_0015.wav,bonafide,hi-en,205240,mucs2021,none,clean,eval,0.9714062809944153
${DATA_ROOT}/interim/rvc_gate/bonafide_source/322882_XTscbPr78nzuHhuu_0017.wav,bonafide,hi-en,322882,mucs2021,none,clean,eval,0.9982925057411194
${DATA_ROOT}/interim/rvc_gate/bonafide_source/413057_aKSsdMqkPfUWyYeS_0015.wav,bonafide,hi-en,413057,mucs2021,none,clean,eval,0.9957290291786194
${DATA_ROOT}/interim/rvc_gate/bonafide_source/445718_H6Z2BkcyVtiuiN7A_0015.wav,bonafide,hi-en,445718,mucs2021,none,clean,eval,0.9984921216964722
${DATA_ROOT}/interim/rvc_gate/bonafide_source/539226_vZGSoJPH1tbvsyCa_0016.wav,bonafide,hi-en,539226,mucs2021,none,clean,eval,0.9960576295852661
${DATA_ROOT}/interim/rvc_gate/bonafide_source/539354_C3MtnFEDrRkWHSvJ_0016.wav,bonafide,hi-en,539354,mucs2021,none,clean,eval,0.9996675252914429
${DATA_ROOT}/interim/rvc_gate/bonafide_source/541304_cyhxRWI0LoKYZvcw_0017.wav,bonafide,hi-en,541304,mucs2021,none,clean,eval,0.9989039897918701
${DATA_ROOT}/interim/rvc_gate/bonafide_source/584991_1ijxO93RTIJh2Rzv_0016.wav,bonafide,hi-en,584991,mucs2021,none,clean,eval,0.9988424181938171
${DATA_ROOT}/interim/rvc_gate/bonafide_source/634568_jCgweujQVV5haVF1_0017.wav,bonafide,hi-en,634568,mucs2021,none,clean,eval,0.9987279772758484
${DATA_ROOT}/interim/rvc_gate/bonafide_source/705494_fZcxLszRnIHxmVQp_0016.wav,bonafide,hi-en,705494,mucs2021,none,clean,eval,0.9979560375213623
${DATA_ROOT}/interim/rvc_gate/bonafide_source/797767_TRInoJRJxAX3qv5C_0015.wav,bonafide,hi-en,797767,mucs2021,none,clean,eval,0.9962518811225891
${DATA_ROOT}/interim/rvc_gate/bonafide_source/850754_wOTMMvC3WQ5YQRAF_0017.wav,bonafide,hi-en,850754,mucs2021,none,clean,eval,0.9981836676597595
${DATA_ROOT}/interim/rvc_gate/bonafide_source/870582_crdH0AI5aH25bEXe_0016.wav,bonafide,hi-en,870582,mucs2021,none,clean,eval,0.999774158000946
${DATA_ROOT}/interim/rvc_gate/bonafide_source/876898_RyQSvr4r4iAMTYXq_0015.wav,bonafide,hi-en,876898,mucs2021,none,clean,eval,0.9988710284233093
${DATA_ROOT}/interim/rvc_gate/bonafide_source/893273_8xh3ZKpPy5YhAnKX_0018.wav,bonafide,hi-en,893273,mucs2021,none,clean,eval,0.9987932443618774
${DATA_ROOT}/interim/rvc_gate/bonafide_source/903756_K3X6AGezGWAoDe1q_0019.wav,bonafide,hi-en,903756,mucs2021,none,clean,eval,0.9980387091636658
${DATA_ROOT}/interim/rvc_gate/bonafide_source/912184_V11NDc0lxudGbWQU_0016.wav,bonafide,hi-en,912184,mucs2021,none,clean,eval,0.9995380640029907
${DATA_ROOT}/interim/rvc_gate/bonafide_source/975912_1eNS3GaW1oHHurL4_0015.wav,bonafide,hi-en,975912,mucs2021,none,clean,eval,0.9986745119094849
${DATA_ROOT}/interim/rvc_gate/bonafide_source/987461_LSRBJiHdUoHm4BTI_0015.wav,bonafide,hi-en,987461,mucs2021,none,clean,eval,0.9984976053237915
${DATA_ROOT}/interim/rvc_gate/bonafide_source/996368_n4ACC4gnqW0IM1wW_0015.wav,bonafide,hi-en,996368,mucs2021,none,clean,eval,0.9997360110282898
${DATA_ROOT}/interim/rvc_gate/bonafide_source/106718_vE1rhq3ojNKZvQNv_0017.wav,bonafide,hi-en,106718,mucs2021,none,clean,eval,0.9990689158439636
${DATA_ROOT}/interim/rvc_gate/bonafide_source/142970_DP5j8CLDeL6HHHSX_0016.wav,bonafide,hi-en,142970,mucs2021,none,clean,eval,0.9853864908218384
${DATA_ROOT}/interim/rvc_gate/bonafide_source/177570_jSNK2zDaIvyZsMZp_0018.wav,bonafide,hi-en,177570,mucs2021,none,clean,eval,0.9907518625259399
${DATA_ROOT}/interim/rvc_gate/bonafide_source/186783_LFpbaXkb8HuQ6DnF_0016.wav,bonafide,hi-en,186783,mucs2021,none,clean,eval,0.7344674468040466
${DATA_ROOT}/interim/rvc_gate/bonafide_source/205240_F4KjmwYhWvnpSE0m_0016.wav,bonafide,hi-en,205240,mucs2021,none,clean,eval,0.9986760020256042
${DATA_ROOT}/interim/rvc_gate/bonafide_source/322882_XTscbPr78nzuHhuu_0018.wav,bonafide,hi-en,322882,mucs2021,none,clean,eval,0.9980207681655884
${DATA_ROOT}/interim/rvc_gate/bonafide_source/413057_aKSsdMqkPfUWyYeS_0016.wav,bonafide,hi-en,413057,mucs2021,none,clean,eval,0.9993281364440918
${DATA_ROOT}/interim/rvc_gate/bonafide_source/445718_H6Z2BkcyVtiuiN7A_0016.wav,bonafide,hi-en,445718,mucs2021,none,clean,eval,0.997568666934967
${DATA_ROOT}/interim/rvc_gate/bonafide_source/539226_vZGSoJPH1tbvsyCa_0017.wav,bonafide,hi-en,539226,mucs2021,none,clean,eval,0.9991328120231628
${DATA_ROOT}/interim/rvc_gate/bonafide_source/539354_C3MtnFEDrRkWHSvJ_0017.wav,bonafide,hi-en,539354,mucs2021,none,clean,eval,0.9997403025627136
${DATA_ROOT}/interim/rvc_gate/bonafide_source/541304_cyhxRWI0LoKYZvcw_0018.wav,bonafide,hi-en,541304,mucs2021,none,clean,eval,0.9989558458328247
${DATA_ROOT}/interim/rvc_gate/bonafide_source/584991_1ijxO93RTIJh2Rzv_0017.wav,bonafide,hi-en,584991,mucs2021,none,clean,eval,0.9987939596176147
${DATA_ROOT}/interim/rvc_gate/bonafide_source/634568_jCgweujQVV5haVF1_0018.wav,bonafide,hi-en,634568,mucs2021,none,clean,eval,0.9995858073234558
${DATA_ROOT}/interim/rvc_gate/bonafide_source/705494_fZcxLszRnIHxmVQp_0017.wav,bonafide,hi-en,705494,mucs2021,none,clean,eval,0.9993532299995422
${DATA_ROOT}/interim/rvc_gate/bonafide_source/797767_TRInoJRJxAX3qv5C_0016.wav,bonafide,hi-en,797767,mucs2021,none,clean,eval,0.9986403584480286
${DATA_ROOT}/interim/rvc_gate/bonafide_source/850754_wOTMMvC3WQ5YQRAF_0018.wav,bonafide,hi-en,850754,mucs2021,none,clean,eval,0.9992119073867798
${DATA_ROOT}/interim/rvc_gate/bonafide_source/870582_crdH0AI5aH25bEXe_0017.wav,bonafide,hi-en,870582,mucs2021,none,clean,eval,0.9980654120445251
${DATA_ROOT}/interim/rvc_gate/bonafide_source/876898_RyQSvr4r4iAMTYXq_0016.wav,bonafide,hi-en,876898,mucs2021,none,clean,eval,0.9995995163917542
${DATA_ROOT}/interim/rvc_gate/bonafide_source/893273_8xh3ZKpPy5YhAnKX_0019.wav,bonafide,hi-en,893273,mucs2021,none,clean,eval,0.9970646500587463
${DATA_ROOT}/interim/rvc_gate/bonafide_source/903756_K3X6AGezGWAoDe1q_0020.wav,bonafide,hi-en,903756,mucs2021,none,clean,eval,0.9999339580535889
${DATA_ROOT}/interim/rvc_gate/bonafide_source/912184_V11NDc0lxudGbWQU_0017.wav,bonafide,hi-en,912184,mucs2021,none,clean,eval,0.9957098960876465
${DATA_ROOT}/interim/rvc_gate/bonafide_source/975912_1eNS3GaW1oHHurL4_0016.wav,bonafide,hi-en,975912,mucs2021,none,clean,eval,0.9991841912269592
${DATA_ROOT}/interim/rvc_gate/bonafide_source/987461_LSRBJiHdUoHm4BTI_0016.wav,bonafide,hi-en,987461,mucs2021,none,clean,eval,0.9976670742034912
${DATA_ROOT}/interim/rvc_gate/bonafide_source/996368_n4ACC4gnqW0IM1wW_0016.wav,bonafide,hi-en,996368,mucs2021,none,clean,eval,0.9995012283325195
${DATA_ROOT}/interim/rvc_gate/bonafide_source/106718_vE1rhq3ojNKZvQNv_0018.wav,bonafide,hi-en,106718,mucs2021,none,clean,eval,0.7168664336204529
${DATA_ROOT}/interim/rvc_gate/bonafide_source/142970_DP5j8CLDeL6HHHSX_0017.wav,bonafide,hi-en,142970,mucs2021,none,clean,eval,0.8521215319633484
${DATA_ROOT}/interim/rvc_gate/bonafide_source/177570_jSNK2zDaIvyZsMZp_0019.wav,bonafide,hi-en,177570,mucs2021,none,clean,eval,0.9987485408782959
${DATA_ROOT}/interim/rvc_gate/bonafide_source/186783_LFpbaXkb8HuQ6DnF_0017.wav,bonafide,hi-en,186783,mucs2021,none,clean,eval,0.9990893602371216
${DATA_ROOT}/interim/rvc_gate/bonafide_source/205240_F4KjmwYhWvnpSE0m_0017.wav,bonafide,hi-en,205240,mucs2021,none,clean,eval,0.9987059831619263
${DATA_ROOT}/interim/rvc_gate/bonafide_source/322882_XTscbPr78nzuHhuu_0019.wav,bonafide,hi-en,322882,mucs2021,none,clean,eval,0.9988048076629639
${DATA_ROOT}/interim/rvc_gate/bonafide_source/413057_aKSsdMqkPfUWyYeS_0017.wav,bonafide,hi-en,413057,mucs2021,none,clean,eval,0.9969876408576965
${DATA_ROOT}/interim/rvc_gate/bonafide_source/445718_H6Z2BkcyVtiuiN7A_0017.wav,bonafide,hi-en,445718,mucs2021,none,clean,eval,0.9871962070465088
${DATA_ROOT}/interim/rvc_gate/bonafide_source/539226_vZGSoJPH1tbvsyCa_0018.wav,bonafide,hi-en,539226,mucs2021,none,clean,eval,0.9985406398773193
${DATA_ROOT}/interim/rvc_gate/bonafide_source/539354_C3MtnFEDrRkWHSvJ_0018.wav,bonafide,hi-en,539354,mucs2021,none,clean,eval,0.9996590614318848
${DATA_ROOT}/interim/rvc_gate/bonafide_source/541304_cyhxRWI0LoKYZvcw_0019.wav,bonafide,hi-en,541304,mucs2021,none,clean,eval,0.9943128824234009
${DATA_ROOT}/interim/rvc_gate/bonafide_source/584991_1ijxO93RTIJh2Rzv_0018.wav,bonafide,hi-en,584991,mucs2021,none,clean,eval,0.9984906911849976
${DATA_ROOT}/interim/rvc_gate/bonafide_source/634568_jCgweujQVV5haVF1_0019.wav,bonafide,hi-en,634568,mucs2021,none,clean,eval,0.9965952038764954
${DATA_ROOT}/interim/rvc_gate/bonafide_source/705494_fZcxLszRnIHxmVQp_0018.wav,bonafide,hi-en,705494,mucs2021,none,clean,eval,0.9979173541069031
${DATA_ROOT}/interim/rvc_gate/bonafide_source/797767_TRInoJRJxAX3qv5C_0017.wav,bonafide,hi-en,797767,mucs2021,none,clean,eval,0.9984605312347412
${DATA_ROOT}/interim/rvc_gate/bonafide_source/850754_wOTMMvC3WQ5YQRAF_0020.wav,bonafide,hi-en,850754,mucs2021,none,clean,eval,0.9957156777381897
${DATA_ROOT}/interim/rvc_gate/bonafide_source/870582_crdH0AI5aH25bEXe_0018.wav,bonafide,hi-en,870582,mucs2021,none,clean,eval,0.9996626377105713
${DATA_ROOT}/interim/rvc_gate/bonafide_source/876898_RyQSvr4r4iAMTYXq_0017.wav,bonafide,hi-en,876898,mucs2021,none,clean,eval,0.9995822310447693
${DATA_ROOT}/interim/rvc_gate/bonafide_source/893273_8xh3ZKpPy5YhAnKX_0020.wav,bonafide,hi-en,893273,mucs2021,none,clean,eval,0.9800062775611877
${DATA_ROOT}/interim/rvc_gate/bonafide_source/903756_K3X6AGezGWAoDe1q_0021.wav,bonafide,hi-en,903756,mucs2021,none,clean,eval,0.9987614154815674
${DATA_ROOT}/interim/rvc_gate/bonafide_source/912184_V11NDc0lxudGbWQU_0018.wav,bonafide,hi-en,912184,mucs2021,none,clean,eval,0.9734652638435364
${DATA_ROOT}/interim/rvc_gate/bonafide_source/975912_1eNS3GaW1oHHurL4_0017.wav,bonafide,hi-en,975912,mucs2021,none,clean,eval,0.9995808005332947
${DATA_ROOT}/interim/rvc_gate/bonafide_source/987461_LSRBJiHdUoHm4BTI_0017.wav,bonafide,hi-en,987461,mucs2021,none,clean,eval,0.999467670917511
${DATA_ROOT}/interim/rvc_gate/bonafide_source/996368_n4ACC4gnqW0IM1wW_0017.wav,bonafide,hi-en,996368,mucs2021,none,clean,eval,0.999565064907074
${DATA_ROOT}/interim/rvc_gate/bonafide_source/106718_vE1rhq3ojNKZvQNv_0019.wav,bonafide,hi-en,106718,mucs2021,none,clean,eval,0.9979211688041687
${DATA_ROOT}/interim/rvc_gate/bonafide_source/142970_DP5j8CLDeL6HHHSX_0018.wav,bonafide,hi-en,142970,mucs2021,none,clean,eval,0.9735134840011597
${DATA_ROOT}/interim/rvc_gate/bonafide_source/177570_jSNK2zDaIvyZsMZp_0020.wav,bonafide,hi-en,177570,mucs2021,none,clean,eval,0.993286669254303
${DATA_ROOT}/interim/rvc_gate/bonafide_source/186783_LFpbaXkb8HuQ6DnF_0018.wav,bonafide,hi-en,186783,mucs2021,none,clean,eval,0.9972853660583496
${DATA_ROOT}/interim/rvc_gate/bonafide_source/205240_F4KjmwYhWvnpSE0m_0018.wav,bonafide,hi-en,205240,mucs2021,none,clean,eval,0.9458385705947876
${DATA_ROOT}/interim/rvc_gate/bonafide_source/322882_XTscbPr78nzuHhuu_0021.wav,bonafide,hi-en,322882,mucs2021,none,clean,eval,0.9988067150115967
${DATA_ROOT}/interim/rvc_gate/bonafide_source/413057_aKSsdMqkPfUWyYeS_0018.wav,bonafide,hi-en,413057,mucs2021,none,clean,eval,0.9980138540267944
${DATA_ROOT}/interim/rvc_gate/bonafide_source/445718_H6Z2BkcyVtiuiN7A_0018.wav,bonafide,hi-en,445718,mucs2021,none,clean,eval,0.9984174966812134
${DATA_ROOT}/interim/rvc_gate/bonafide_source/539226_vZGSoJPH1tbvsyCa_0019.wav,bonafide,hi-en,539226,mucs2021,none,clean,eval,0.7432363033294678
${DATA_ROOT}/interim/rvc_gate/bonafide_source/539354_C3MtnFEDrRkWHSvJ_0019.wav,bonafide,hi-en,539354,mucs2021,none,clean,eval,0.9994128942489624
${DATA_ROOT}/interim/rvc_gate/bonafide_source/541304_cyhxRWI0LoKYZvcw_0020.wav,bonafide,hi-en,541304,mucs2021,none,clean,eval,0.999805748462677
${DATA_ROOT}/interim/rvc_gate/bonafide_source/584991_1ijxO93RTIJh2Rzv_0019.wav,bonafide,hi-en,584991,mucs2021,none,clean,eval,0.9948973059654236
${DATA_ROOT}/interim/rvc_gate/bonafide_source/634568_jCgweujQVV5haVF1_0020.wav,bonafide,hi-en,634568,mucs2021,none,clean,eval,0.9973658919334412
${DATA_ROOT}/interim/rvc_gate/bonafide_source/705494_fZcxLszRnIHxmVQp_0019.wav,bonafide,hi-en,705494,mucs2021,none,clean,eval,0.999553382396698
${DATA_ROOT}/interim/rvc_gate/bonafide_source/797767_TRInoJRJxAX3qv5C_0018.wav,bonafide,hi-en,797767,mucs2021,none,clean,eval,0.9994828701019287
${DATA_ROOT}/interim/rvc_gate/bonafide_source/850754_wOTMMvC3WQ5YQRAF_0021.wav,bonafide,hi-en,850754,mucs2021,none,clean,eval,0.9990781545639038
${DATA_ROOT}/interim/rvc_gate/bonafide_source/870582_crdH0AI5aH25bEXe_0019.wav,bonafide,hi-en,870582,mucs2021,none,clean,eval,0.9980353713035583
${DATA_ROOT}/interim/rvc_gate/bonafide_source/876898_RyQSvr4r4iAMTYXq_0018.wav,bonafide,hi-en,876898,mucs2021,none,clean,eval,0.9956157207489014
${DATA_ROOT}/interim/rvc_gate/bonafide_source/893273_8xh3ZKpPy5YhAnKX_0021.wav,bonafide,hi-en,893273,mucs2021,none,clean,eval,0.9918488264083862
${DATA_ROOT}/interim/rvc_gate/bonafide_source/903756_K3X6AGezGWAoDe1q_0022.wav,bonafide,hi-en,903756,mucs2021,none,clean,eval,0.998598039150238
${DATA_ROOT}/interim/rvc_gate/bonafide_source/912184_V11NDc0lxudGbWQU_0019.wav,bonafide,hi-en,912184,mucs2021,none,clean,eval,0.9995298385620117
${DATA_ROOT}/interim/rvc_gate/bonafide_source/975912_1eNS3GaW1oHHurL4_0018.wav,bonafide,hi-en,975912,mucs2021,none,clean,eval,0.9989987015724182
${DATA_ROOT}/interim/rvc_gate/bonafide_source/987461_LSRBJiHdUoHm4BTI_0019.wav,bonafide,hi-en,987461,mucs2021,none,clean,eval,0.9866330623626709
${DATA_ROOT}/interim/rvc_gate/bonafide_source/996368_n4ACC4gnqW0IM1wW_0018.wav,bonafide,hi-en,996368,mucs2021,none,clean,eval,0.9997742772102356
${DATA_ROOT}/interim/rvc_gate/bonafide_source/106718_vE1rhq3ojNKZvQNv_0020.wav,bonafide,hi-en,106718,mucs2021,none,clean,eval,0.9981101751327515
${DATA_ROOT}/interim/rvc_gate/bonafide_source/142970_DP5j8CLDeL6HHHSX_0019.wav,bonafide,hi-en,142970,mucs2021,none,clean,eval,0.0027896040119230747
${DATA_ROOT}/interim/rvc_gate/bonafide_source/177570_jSNK2zDaIvyZsMZp_0021.wav,bonafide,hi-en,177570,mucs2021,none,clean,eval,0.9969214200973511
${DATA_ROOT}/interim/rvc_gate/bonafide_source/186783_LFpbaXkb8HuQ6DnF_0021.wav,bonafide,hi-en,186783,mucs2021,none,clean,eval,0.9985535740852356
${DATA_ROOT}/interim/rvc_gate/bonafide_source/205240_F4KjmwYhWvnpSE0m_0019.wav,bonafide,hi-en,205240,mucs2021,none,clean,eval,0.9898715615272522
${DATA_ROOT}/interim/rvc_gate/bonafide_source/106718_vE1rhq3ojNKZvQNv_0023.wav,bonafide,hi-en,106718,mucs2021,none,clean,eval,0.9991022348403931
${DATA_ROOT}/interim/rvc_gate/bonafide_source/142970_DP5j8CLDeL6HHHSX_0021.wav,bonafide,hi-en,142970,mucs2021,none,clean,eval,0.998390793800354
${DATA_ROOT}/interim/rvc_gate/bonafide_source/177570_jSNK2zDaIvyZsMZp_0023.wav,bonafide,hi-en,177570,mucs2021,none,clean,eval,0.9988368153572083
${DATA_ROOT}/interim/rvc_gate/bonafide_source/186783_LFpbaXkb8HuQ6DnF_0023.wav,bonafide,hi-en,186783,mucs2021,none,clean,eval,0.999146580696106
${DATA_ROOT}/interim/rvc_gate/bonafide_source/205240_F4KjmwYhWvnpSE0m_0021.wav,bonafide,hi-en,205240,mucs2021,none,clean,eval,0.9944512248039246
${DATA_ROOT}/interim/rvc_gate/bonafide_source/322882_XTscbPr78nzuHhuu_0024.wav,bonafide,hi-en,322882,mucs2021,none,clean,eval,0.998515784740448
${DATA_ROOT}/interim/rvc_gate/bonafide_source/413057_aKSsdMqkPfUWyYeS_0021.wav,bonafide,hi-en,413057,mucs2021,none,clean,eval,0.9990719556808472
${DATA_ROOT}/interim/rvc_gate/bonafide_source/445718_H6Z2BkcyVtiuiN7A_0021.wav,bonafide,hi-en,445718,mucs2021,none,clean,eval,0.9992757439613342
${DATA_ROOT}/interim/rvc_gate/bonafide_source/457295_WgzliDtK6Htff0g2_0029.wav,bonafide,hi-en,457295,mucs2021,none,clean,eval,0.9990800619125366
${DATA_ROOT}/interim/rvc_gate/bonafide_source/539226_vZGSoJPH1tbvsyCa_0022.wav,bonafide,hi-en,539226,mucs2021,none,clean,eval,0.9987724423408508
${DATA_ROOT}/interim/rvc_gate/bonafide_source/539354_C3MtnFEDrRkWHSvJ_0022.wav,bonafide,hi-en,539354,mucs2021,none,clean,eval,0.9992327690124512
${DATA_ROOT}/interim/rvc_gate/bonafide_source/541304_cyhxRWI0LoKYZvcw_0023.wav,bonafide,hi-en,541304,mucs2021,none,clean,eval,0.9992430210113525
${DATA_ROOT}/interim/rvc_gate/bonafide_source/584991_1ijxO93RTIJh2Rzv_0022.wav,bonafide,hi-en,584991,mucs2021,none,clean,eval,0.984022855758667
${DATA_ROOT}/interim/rvc_gate/bonafide_source/634568_jCgweujQVV5haVF1_0024.wav,bonafide,hi-en,634568,mucs2021,none,clean,eval,0.9994328618049622
${DATA_ROOT}/interim/rvc_gate/bonafide_source/705494_fZcxLszRnIHxmVQp_0022.wav,bonafide,hi-en,705494,mucs2021,none,clean,eval,0.999148964881897
${DATA_ROOT}/interim/rvc_gate/bonafide_source/797767_TRInoJRJxAX3qv5C_0021.wav,bonafide,hi-en,797767,mucs2021,none,clean,eval,0.9993502497673035
${DATA_ROOT}/interim/rvc_gate/bonafide_source/850754_wOTMMvC3WQ5YQRAF_0024.wav,bonafide,hi-en,850754,mucs2021,none,clean,eval,0.9991014003753662
${DATA_ROOT}/interim/rvc_gate/bonafide_source/870582_crdH0AI5aH25bEXe_0022.wav,bonafide,hi-en,870582,mucs2021,none,clean,eval,0.9324694275856018
${DATA_ROOT}/interim/rvc_gate/bonafide_source/876898_RyQSvr4r4iAMTYXq_0021.wav,bonafide,hi-en,876898,mucs2021,none,clean,eval,0.9977249503135681
${DATA_ROOT}/interim/rvc_gate/bonafide_source/893273_8xh3ZKpPy5YhAnKX_0025.wav,bonafide,hi-en,893273,mucs2021,none,clean,eval,0.9984052777290344
${DATA_ROOT}/interim/rvc_gate/bonafide_source/912184_V11NDc0lxudGbWQU_0022.wav,bonafide,hi-en,912184,mucs2021,none,clean,eval,0.9997318387031555
${DATA_ROOT}/interim/rvc_gate/bonafide_source/975912_1eNS3GaW1oHHurL4_0021.wav,bonafide,hi-en,975912,mucs2021,none,clean,eval,0.9890738129615784
${DATA_ROOT}/interim/rvc_gate/bonafide_source/987461_LSRBJiHdUoHm4BTI_0022.wav,bonafide,hi-en,987461,mucs2021,none,clean,eval,0.9985079169273376
${DATA_ROOT}/interim/rvc_gate/bonafide_source/996368_n4ACC4gnqW0IM1wW_0021.wav,bonafide,hi-en,996368,mucs2021,none,clean,eval,0.9993871450424194
${DATA_ROOT}/interim/rvc_gate/bonafide_source/106718_vE1rhq3ojNKZvQNv_0025.wav,bonafide,hi-en,106718,mucs2021,none,clean,eval,0.9965247511863708
${DATA_ROOT}/interim/rvc_gate/bonafide_source/142970_DP5j8CLDeL6HHHSX_0022.wav,bonafide,hi-en,142970,mucs2021,none,clean,eval,0.996728777885437
${DATA_ROOT}/interim/rvc_gate/bonafide_source/177570_jSNK2zDaIvyZsMZp_0024.wav,bonafide,hi-en,177570,mucs2021,none,clean,eval,0.9990171194076538
${DATA_ROOT}/interim/rvc_gate/bonafide_source/186783_LFpbaXkb8HuQ6DnF_0024.wav,bonafide,hi-en,186783,mucs2021,none,clean,eval,0.9985389709472656
${DATA_ROOT}/interim/rvc_gate/bonafide_source/205240_F4KjmwYhWvnpSE0m_0022.wav,bonafide,hi-en,205240,mucs2021,none,clean,eval,0.998989999294281
${DATA_ROOT}/interim/rvc_gate/bonafide_source/322882_XTscbPr78nzuHhuu_0025.wav,bonafide,hi-en,322882,mucs2021,none,clean,eval,0.9995143413543701
${DATA_ROOT}/interim/rvc_gate/bonafide_source/413057_aKSsdMqkPfUWyYeS_0022.wav,bonafide,hi-en,413057,mucs2021,none,clean,eval,0.9992437362670898
${DATA_ROOT}/interim/rvc_gate/bonafide_source/445718_H6Z2BkcyVtiuiN7A_0023.wav,bonafide,hi-en,445718,mucs2021,none,clean,eval,0.9864360690116882
${DATA_ROOT}/interim/rvc_gate/bonafide_source/457295_WgzliDtK6Htff0g2_0030.wav,bonafide,hi-en,457295,mucs2021,none,clean,eval,0.9996232986450195
${DATA_ROOT}/interim/rvc_gate/bonafide_source/539226_vZGSoJPH1tbvsyCa_0023.wav,bonafide,hi-en,539226,mucs2021,none,clean,eval,0.9986396431922913
${DATA_ROOT}/interim/rvc_gate/bonafide_source/539354_C3MtnFEDrRkWHSvJ_0023.wav,bonafide,hi-en,539354,mucs2021,none,clean,eval,0.9997001886367798
${DATA_ROOT}/interim/rvc_gate/bonafide_source/541304_cyhxRWI0LoKYZvcw_0024.wav,bonafide,hi-en,541304,mucs2021,none,clean,eval,0.999422550201416
${DATA_ROOT}/interim/rvc_gate/bonafide_source/584991_1ijxO93RTIJh2Rzv_0023.wav,bonafide,hi-en,584991,mucs2021,none,clean,eval,0.9960458874702454
${DATA_ROOT}/interim/rvc_gate/bonafide_source/634568_jCgweujQVV5haVF1_0025.wav,bonafide,hi-en,634568,mucs2021,none,clean,eval,0.9992623925209045
${DATA_ROOT}/interim/rvc_gate/bonafide_source/705494_fZcxLszRnIHxmVQp_0023.wav,bonafide,hi-en,705494,mucs2021,none,clean,eval,0.9994426369667053
${DATA_ROOT}/interim/rvc_gate/bonafide_source/797767_TRInoJRJxAX3qv5C_0022.wav,bonafide,hi-en,797767,mucs2021,none,clean,eval,0.999127209186554
${DATA_ROOT}/interim/rvc_gate/bonafide_source/850754_wOTMMvC3WQ5YQRAF_0025.wav,bonafide,hi-en,850754,mucs2021,none,clean,eval,0.9996246099472046
${DATA_ROOT}/interim/rvc_gate/bonafide_source/870582_crdH0AI5aH25bEXe_0023.wav,bonafide,hi-en,870582,mucs2021,none,clean,eval,0.9998605251312256
${DATA_ROOT}/interim/rvc_gate/bonafide_source/876898_RyQSvr4r4iAMTYXq_0022.wav,bonafide,hi-en,876898,mucs2021,none,clean,eval,0.9991970658302307
${DATA_ROOT}/interim/rvc_gate/bonafide_source/893273_8xh3ZKpPy5YhAnKX_0026.wav,bonafide,hi-en,893273,mucs2021,none,clean,eval,0.9923370480537415
${DATA_ROOT}/interim/rvc_gate/bonafide_source/912184_V11NDc0lxudGbWQU_0023.wav,bonafide,hi-en,912184,mucs2021,none,clean,eval,0.9872393012046814
${DATA_ROOT}/interim/rvc_gate/bonafide_source/975912_1eNS3GaW1oHHurL4_0022.wav,bonafide,hi-en,975912,mucs2021,none,clean,eval,0.9988540410995483
${DATA_ROOT}/interim/rvc_gate/bonafide_source/987461_LSRBJiHdUoHm4BTI_0023.wav,bonafide,hi-en,987461,mucs2021,none,clean,eval,0.9985645413398743
${DATA_ROOT}/interim/rvc_gate/bonafide_source/996368_n4ACC4gnqW0IM1wW_0022.wav,bonafide,hi-en,996368,mucs2021,none,clean,eval,0.9995957016944885
${DATA_ROOT}/interim/rvc_gate/bonafide_source/106718_vE1rhq3ojNKZvQNv_0026.wav,bonafide,hi-en,106718,mucs2021,none,clean,eval,0.9995856881141663
${DATA_ROOT}/interim/rvc_gate/bonafide_source/142970_DP5j8CLDeL6HHHSX_0023.wav,bonafide,hi-en,142970,mucs2021,none,clean,eval,0.9986080527305603
${DATA_ROOT}/interim/rvc_gate/bonafide_source/177570_jSNK2zDaIvyZsMZp_0025.wav,bonafide,hi-en,177570,mucs2021,none,clean,eval,0.9990741014480591
${DATA_ROOT}/interim/rvc_gate/bonafide_source/186783_LFpbaXkb8HuQ6DnF_0025.wav,bonafide,hi-en,186783,mucs2021,none,clean,eval,0.9994361996650696
${DATA_ROOT}/interim/rvc_gate/bonafide_source/205240_F4KjmwYhWvnpSE0m_0023.wav,bonafide,hi-en,205240,mucs2021,none,clean,eval,0.9615077376365662
${DATA_ROOT}/interim/rvc_gate/bonafide_source/322882_XTscbPr78nzuHhuu_0026.wav,bonafide,hi-en,322882,mucs2021,none,clean,eval,0.9991635084152222
${DATA_ROOT}/interim/rvc_gate/bonafide_source/413057_aKSsdMqkPfUWyYeS_0023.wav,bonafide,hi-en,413057,mucs2021,none,clean,eval,0.948724627494812
${DATA_ROOT}/interim/rvc_gate/bonafide_source/445718_H6Z2BkcyVtiuiN7A_0024.wav,bonafide,hi-en,445718,mucs2021,none,clean,eval,0.9728555083274841
${DATA_ROOT}/interim/rvc_gate/bonafide_source/457295_WgzliDtK6Htff0g2_0031.wav,bonafide,hi-en,457295,mucs2021,none,clean,eval,0.9977486729621887
${DATA_ROOT}/interim/rvc_gate/bonafide_source/539226_vZGSoJPH1tbvsyCa_0024.wav,bonafide,hi-en,539226,mucs2021,none,clean,eval,0.9987751841545105
${DATA_ROOT}/interim/rvc_gate/bonafide_source/539354_C3MtnFEDrRkWHSvJ_0024.wav,bonafide,hi-en,539354,mucs2021,none,clean,eval,0.9205535650253296
${DATA_ROOT}/interim/rvc_gate/bonafide_source/541304_cyhxRWI0LoKYZvcw_0025.wav,bonafide,hi-en,541304,mucs2021,none,clean,eval,0.9934993982315063
${DATA_ROOT}/interim/rvc_gate/bonafide_source/584991_1ijxO93RTIJh2Rzv_0024.wav,bonafide,hi-en,584991,mucs2021,none,clean,eval,0.9951499104499817
${DATA_ROOT}/interim/rvc_gate/bonafide_source/634568_jCgweujQVV5haVF1_0026.wav,bonafide,hi-en,634568,mucs2021,none,clean,eval,0.9987980127334595
${DATA_ROOT}/interim/rvc_gate/bonafide_source/705494_fZcxLszRnIHxmVQp_0024.wav,bonafide,hi-en,705494,mucs2021,none,clean,eval,0.9991710186004639
${DATA_ROOT}/interim/rvc_gate/bonafide_source/797767_TRInoJRJxAX3qv5C_0023.wav,bonafide,hi-en,797767,mucs2021,none,clean,eval,0.998596727848053
${DATA_ROOT}/interim/rvc_gate/bonafide_source/850754_wOTMMvC3WQ5YQRAF_0026.wav,bonafide,hi-en,850754,mucs2021,none,clean,eval,0.999163031578064
${DATA_ROOT}/interim/rvc_gate/bonafide_source/870582_crdH0AI5aH25bEXe_0024.wav,bonafide,hi-en,870582,mucs2021,none,clean,eval,0.9813607335090637
${DATA_ROOT}/interim/rvc_gate/bonafide_source/876898_RyQSvr4r4iAMTYXq_0023.wav,bonafide,hi-en,876898,mucs2021,none,clean,eval,0.9989315867424011
${DATA_ROOT}/interim/rvc_gate/bonafide_source/893273_8xh3ZKpPy5YhAnKX_0027.wav,bonafide,hi-en,893273,mucs2021,none,clean,eval,0.9993417859077454
${DATA_ROOT}/interim/rvc_gate/bonafide_source/912184_V11NDc0lxudGbWQU_0024.wav,bonafide,hi-en,912184,mucs2021,none,clean,eval,0.9994843006134033
${DATA_ROOT}/interim/rvc_gate/bonafide_source/975912_1eNS3GaW1oHHurL4_0023.wav,bonafide,hi-en,975912,mucs2021,none,clean,eval,0.9994875192642212
${DATA_ROOT}/interim/rvc_gate/bonafide_source/987461_LSRBJiHdUoHm4BTI_0024.wav,bonafide,hi-en,987461,mucs2021,none,clean,eval,0.9973286390304565
${DATA_ROOT}/interim/rvc_gate/bonafide_source/996368_n4ACC4gnqW0IM1wW_0023.wav,bonafide,hi-en,996368,mucs2021,none,clean,eval,0.9995554089546204
${DATA_ROOT}/interim/rvc_gate/bonafide_source/106718_vE1rhq3ojNKZvQNv_0028.wav,bonafide,hi-en,106718,mucs2021,none,clean,eval,0.9989294409751892
${DATA_ROOT}/interim/rvc_gate/bonafide_source/142970_DP5j8CLDeL6HHHSX_0024.wav,bonafide,hi-en,142970,mucs2021,none,clean,eval,0.9991143345832825
${DATA_ROOT}/interim/rvc_gate/bonafide_source/177570_jSNK2zDaIvyZsMZp_0027.wav,bonafide,hi-en,177570,mucs2021,none,clean,eval,0.9969359636306763
${DATA_ROOT}/interim/rvc_gate/bonafide_source/186783_LFpbaXkb8HuQ6DnF_0026.wav,bonafide,hi-en,186783,mucs2021,none,clean,eval,0.9993208646774292
${DATA_ROOT}/interim/rvc_gate/bonafide_source/205240_F4KjmwYhWvnpSE0m_0025.wav,bonafide,hi-en,205240,mucs2021,none,clean,eval,0.0021128994412720203
${DATA_ROOT}/interim/rvc_gate/bonafide_source/322882_XTscbPr78nzuHhuu_0027.wav,bonafide,hi-en,322882,mucs2021,none,clean,eval,0.9963357448577881
${DATA_ROOT}/interim/rvc_gate/bonafide_source/413057_aKSsdMqkPfUWyYeS_0024.wav,bonafide,hi-en,413057,mucs2021,none,clean,eval,0.9996869564056396
${DATA_ROOT}/interim/rvc_gate/bonafide_source/445718_H6Z2BkcyVtiuiN7A_0025.wav,bonafide,hi-en,445718,mucs2021,none,clean,eval,0.9893416166305542
${DATA_ROOT}/interim/rvc_gate/bonafide_source/457295_WgzliDtK6Htff0g2_0032.wav,bonafide,hi-en,457295,mucs2021,none,clean,eval,0.9980473518371582
${DATA_ROOT}/interim/rvc_gate/bonafide_source/539226_vZGSoJPH1tbvsyCa_0025.wav,bonafide,hi-en,539226,mucs2021,none,clean,eval,0.9116494655609131
${DATA_ROOT}/interim/rvc_gate/bonafide_source/539354_C3MtnFEDrRkWHSvJ_0025.wav,bonafide,hi-en,539354,mucs2021,none,clean,eval,0.9993139505386353
${DATA_ROOT}/interim/rvc_gate/bonafide_source/541304_cyhxRWI0LoKYZvcw_0026.wav,bonafide,hi-en,541304,mucs2021,none,clean,eval,0.9999237060546875
${DATA_ROOT}/interim/rvc_gate/bonafide_source/584991_1ijxO93RTIJh2Rzv_0025.wav,bonafide,hi-en,584991,mucs2021,none,clean,eval,0.9979369640350342
${DATA_ROOT}/interim/rvc_gate/bonafide_source/634568_jCgweujQVV5haVF1_0027.wav,bonafide,hi-en,634568,mucs2021,none,clean,eval,0.9972176551818848
${DATA_ROOT}/interim/rvc_gate/bonafide_source/705494_fZcxLszRnIHxmVQp_0025.wav,bonafide,hi-en,705494,mucs2021,none,clean,eval,0.9990702271461487
${DATA_ROOT}/interim/rvc_gate/bonafide_source/797767_TRInoJRJxAX3qv5C_0024.wav,bonafide,hi-en,797767,mucs2021,none,clean,eval,0.9992535710334778
${DATA_ROOT}/interim/rvc_gate/bonafide_source/850754_wOTMMvC3WQ5YQRAF_0027.wav,bonafide,hi-en,850754,mucs2021,none,clean,eval,0.9998389482498169
${DATA_ROOT}/interim/rvc_gate/bonafide_source/870582_crdH0AI5aH25bEXe_0025.wav,bonafide,hi-en,870582,mucs2021,none,clean,eval,0.9998860359191895
${DATA_ROOT}/interim/rvc_gate/bonafide_source/876898_RyQSvr4r4iAMTYXq_0024.wav,bonafide,hi-en,876898,mucs2021,none,clean,eval,0.9996461868286133
${DATA_ROOT}/interim/rvc_gate/bonafide_source/893273_8xh3ZKpPy5YhAnKX_0028.wav,bonafide,hi-en,893273,mucs2021,none,clean,eval,0.8468921184539795
${DATA_ROOT}/interim/rvc_gate/bonafide_source/912184_V11NDc0lxudGbWQU_0025.wav,bonafide,hi-en,912184,mucs2021,none,clean,eval,0.9989927411079407
${DATA_ROOT}/interim/rvc_gate/bonafide_source/975912_1eNS3GaW1oHHurL4_0024.wav,bonafide,hi-en,975912,mucs2021,none,clean,eval,0.9932793974876404
${DATA_ROOT}/interim/rvc_gate/bonafide_source/987461_LSRBJiHdUoHm4BTI_0025.wav,bonafide,hi-en,987461,mucs2021,none,clean,eval,0.9987820982933044
${DATA_ROOT}/interim/rvc_gate/bonafide_source/996368_n4ACC4gnqW0IM1wW_0024.wav,bonafide,hi-en,996368,mucs2021,none,clean,eval,0.9992944002151489
${DATA_ROOT}/interim/rvc_gate/bonafide_source/106718_vE1rhq3ojNKZvQNv_0029.wav,bonafide,hi-en,106718,mucs2021,none,clean,eval,0.9977752566337585
${DATA_ROOT}/interim/rvc_gate/bonafide_source/142970_DP5j8CLDeL6HHHSX_0025.wav,bonafide,hi-en,142970,mucs2021,none,clean,eval,0.9981018900871277
${DATA_ROOT}/interim/rvc_gate/bonafide_source/177570_jSNK2zDaIvyZsMZp_0028.wav,bonafide,hi-en,177570,mucs2021,none,clean,eval,0.9994848966598511
${DATA_ROOT}/interim/rvc_gate/bonafide_source/186783_LFpbaXkb8HuQ6DnF_0028.wav,bonafide,hi-en,186783,mucs2021,none,clean,eval,0.9992601275444031
${DATA_ROOT}/interim/rvc_gate/bonafide_source/205240_F4KjmwYhWvnpSE0m_0029.wav,bonafide,hi-en,205240,mucs2021,none,clean,eval,0.9976375102996826
${DATA_ROOT}/interim/rvc_gate/bonafide_source/322882_XTscbPr78nzuHhuu_0028.wav,bonafide,hi-en,322882,mucs2021,none,clean,eval,0.9975848197937012
${DATA_ROOT}/interim/rvc_gate/bonafide_source/413057_aKSsdMqkPfUWyYeS_0025.wav,bonafide,hi-en,413057,mucs2021,none,clean,eval,0.9996922016143799
${DATA_ROOT}/interim/rvc_gate/bonafide_source/445718_H6Z2BkcyVtiuiN7A_0026.wav,bonafide,hi-en,445718,mucs2021,none,clean,eval,0.999197781085968
${DATA_ROOT}/interim/rvc_gate/bonafide_source/457295_WgzliDtK6Htff0g2_0033.wav,bonafide,hi-en,457295,mucs2021,none,clean,eval,0.9980412721633911
${DATA_ROOT}/interim/rvc_gate/bonafide_source/539226_vZGSoJPH1tbvsyCa_0026.wav,bonafide,hi-en,539226,mucs2021,none,clean,eval,0.9907656908035278
${DATA_ROOT}/interim/rvc_gate/bonafide_source/539354_C3MtnFEDrRkWHSvJ_0026.wav,bonafide,hi-en,539354,mucs2021,none,clean,eval,0.9836492538452148
${DATA_ROOT}/interim/rvc_gate/bonafide_source/541304_cyhxRWI0LoKYZvcw_0027.wav,bonafide,hi-en,541304,mucs2021,none,clean,eval,0.9985589385032654
${DATA_ROOT}/interim/rvc_gate/bonafide_source/584991_1ijxO93RTIJh2Rzv_0026.wav,bonafide,hi-en,584991,mucs2021,none,clean,eval,0.9836217761039734
${DATA_ROOT}/interim/rvc_gate/bonafide_source/634568_jCgweujQVV5haVF1_0028.wav,bonafide,hi-en,634568,mucs2021,none,clean,eval,0.9995452761650085
${DATA_ROOT}/interim/rvc_gate/bonafide_source/705494_fZcxLszRnIHxmVQp_0026.wav,bonafide,hi-en,705494,mucs2021,none,clean,eval,0.9988240599632263
${DATA_ROOT}/interim/rvc_gate/bonafide_source/797767_TRInoJRJxAX3qv5C_0025.wav,bonafide,hi-en,797767,mucs2021,none,clean,eval,0.9988324046134949
${DATA_ROOT}/interim/rvc_gate/bonafide_source/850754_wOTMMvC3WQ5YQRAF_0028.wav,bonafide,hi-en,850754,mucs2021,none,clean,eval,0.9993190765380859
${DATA_ROOT}/interim/rvc_gate/bonafide_source/870582_crdH0AI5aH25bEXe_0026.wav,bonafide,hi-en,870582,mucs2021,none,clean,eval,0.6779789328575134
${DATA_ROOT}/interim/rvc_gate/bonafide_source/876898_RyQSvr4r4iAMTYXq_0025.wav,bonafide,hi-en,876898,mucs2021,none,clean,eval,0.9995877146720886
${DATA_ROOT}/interim/rvc_gate/bonafide_source/893273_8xh3ZKpPy5YhAnKX_0029.wav,bonafide,hi-en,893273,mucs2021,none,clean,eval,0.9988312125205994
${DATA_ROOT}/interim/rvc_gate/bonafide_source/912184_V11NDc0lxudGbWQU_0026.wav,bonafide,hi-en,912184,mucs2021,none,clean,eval,0.9986152648925781
${DATA_ROOT}/interim/rvc_gate/bonafide_source/975912_1eNS3GaW1oHHurL4_0025.wav,bonafide,hi-en,975912,mucs2021,none,clean,eval,0.9988466501235962
${DATA_ROOT}/interim/rvc_gate/bonafide_source/987461_LSRBJiHdUoHm4BTI_0027.wav,bonafide,hi-en,987461,mucs2021,none,clean,eval,0.9993175268173218
${DATA_ROOT}/interim/rvc_gate/bonafide_source/996368_n4ACC4gnqW0IM1wW_0025.wav,bonafide,hi-en,996368,mucs2021,none,clean,eval,0.9985577464103699
${DATA_ROOT}/interim/rvc_gate/bonafide_source/106718_vE1rhq3ojNKZvQNv_0031.wav,bonafide,hi-en,106718,mucs2021,none,clean,eval,0.9986097812652588
${DATA_ROOT}/interim/rvc_gate/bonafide_source/142970_DP5j8CLDeL6HHHSX_0026.wav,bonafide,hi-en,142970,mucs2021,none,clean,eval,0.9987516403198242
${DATA_ROOT}/interim/rvc_gate/bonafide_source/177570_jSNK2zDaIvyZsMZp_0030.wav,bonafide,hi-en,177570,mucs2021,none,clean,eval,0.9990746974945068
${DATA_ROOT}/interim/rvc_gate/bonafide_source/186783_LFpbaXkb8HuQ6DnF_0029.wav,bonafide,hi-en,186783,mucs2021,none,clean,eval,0.9994169473648071
${DATA_ROOT}/interim/rvc_gate/bonafide_source/205240_F4KjmwYhWvnpSE0m_0030.wav,bonafide,hi-en,205240,mucs2021,none,clean,eval,0.9990183115005493
${DATA_ROOT}/interim/rvc_gate/bonafide_source/106718_vE1rhq3ojNKZvQNv_0033.wav,bonafide,hi-en,106718,mucs2021,none,clean,eval,0.9988273978233337
${DATA_ROOT}/interim/rvc_gate/bonafide_source/142970_DP5j8CLDeL6HHHSX_0028.wav,bonafide,hi-en,142970,mucs2021,none,clean,eval,0.9992128610610962
${DATA_ROOT}/interim/rvc_gate/bonafide_source/177570_jSNK2zDaIvyZsMZp_0033.wav,bonafide,hi-en,177570,mucs2021,none,clean,eval,0.9948647618293762
${DATA_ROOT}/interim/rvc_gate/bonafide_source/186783_LFpbaXkb8HuQ6DnF_0031.wav,bonafide,hi-en,186783,mucs2021,none,clean,eval,0.9979750514030457
${DATA_ROOT}/interim/rvc_gate/bonafide_source/205240_F4KjmwYhWvnpSE0m_0032.wav,bonafide,hi-en,205240,mucs2021,none,clean,eval,0.997664213180542
${DATA_ROOT}/interim/rvc_gate/bonafide_source/413057_aKSsdMqkPfUWyYeS_0028.wav,bonafide,hi-en,413057,mucs2021,none,clean,eval,0.9974493384361267
${DATA_ROOT}/interim/rvc_gate/bonafide_source/445718_H6Z2BkcyVtiuiN7A_0030.wav,bonafide,hi-en,445718,mucs2021,none,clean,eval,0.9971151351928711
${DATA_ROOT}/interim/rvc_gate/bonafide_source/457295_WgzliDtK6Htff0g2_0037.wav,bonafide,hi-en,457295,mucs2021,none,clean,eval,0.9922720193862915
${DATA_ROOT}/interim/rvc_gate/bonafide_source/539226_vZGSoJPH1tbvsyCa_0029.wav,bonafide,hi-en,539226,mucs2021,none,clean,eval,0.9987163543701172
${DATA_ROOT}/interim/rvc_gate/bonafide_source/539354_C3MtnFEDrRkWHSvJ_0029.wav,bonafide,hi-en,539354,mucs2021,none,clean,eval,0.9993706345558167
${DATA_ROOT}/interim/rvc_gate/bonafide_source/541304_cyhxRWI0LoKYZvcw_0030.wav,bonafide,hi-en,541304,mucs2021,none,clean,eval,0.9989606142044067
${DATA_ROOT}/interim/rvc_gate/bonafide_source/584991_1ijxO93RTIJh2Rzv_0029.wav,bonafide,hi-en,584991,mucs2021,none,clean,eval,0.9855717420578003
${DATA_ROOT}/interim/rvc_gate/bonafide_source/634568_jCgweujQVV5haVF1_0031.wav,bonafide,hi-en,634568,mucs2021,none,clean,eval,0.9986414313316345
${DATA_ROOT}/interim/rvc_gate/bonafide_source/705494_fZcxLszRnIHxmVQp_0029.wav,bonafide,hi-en,705494,mucs2021,none,clean,eval,0.9978622794151306
${DATA_ROOT}/interim/rvc_gate/bonafide_source/797767_TRInoJRJxAX3qv5C_0028.wav,bonafide,hi-en,797767,mucs2021,none,clean,eval,0.9981762170791626
${DATA_ROOT}/interim/rvc_gate/bonafide_source/850754_wOTMMvC3WQ5YQRAF_0031.wav,bonafide,hi-en,850754,mucs2021,none,clean,eval,0.9975772500038147
${DATA_ROOT}/interim/rvc_gate/bonafide_source/870582_crdH0AI5aH25bEXe_0030.wav,bonafide,hi-en,870582,mucs2021,none,clean,eval,0.9993000030517578
${DATA_ROOT}/interim/rvc_gate/bonafide_source/876898_RyQSvr4r4iAMTYXq_0028.wav,bonafide,hi-en,876898,mucs2021,none,clean,eval,0.9985311031341553
${DATA_ROOT}/interim/rvc_gate/bonafide_source/893273_8xh3ZKpPy5YhAnKX_0032.wav,bonafide,hi-en,893273,mucs2021,none,clean,eval,0.9911181330680847
${DATA_ROOT}/interim/rvc_gate/bonafide_source/903756_K3X6AGezGWAoDe1q_0032.wav,bonafide,hi-en,903756,mucs2021,none,clean,eval,0.9987447261810303
${DATA_ROOT}/interim/rvc_gate/bonafide_source/912184_V11NDc0lxudGbWQU_0029.wav,bonafide,hi-en,912184,mucs2021,none,clean,eval,0.9994262456893921
${DATA_ROOT}/interim/rvc_gate/bonafide_source/975912_1eNS3GaW1oHHurL4_0028.wav,bonafide,hi-en,975912,mucs2021,none,clean,eval,0.9630282521247864
${DATA_ROOT}/interim/rvc_gate/bonafide_source/987461_LSRBJiHdUoHm4BTI_0030.wav,bonafide,hi-en,987461,mucs2021,none,clean,eval,0.9971669316291809
${DATA_ROOT}/interim/rvc_gate/bonafide_source/996368_n4ACC4gnqW0IM1wW_0028.wav,bonafide,hi-en,996368,mucs2021,none,clean,eval,0.9998013377189636
${DATA_ROOT}/interim/rvc_gate/bonafide_source/106718_vE1rhq3ojNKZvQNv_0034.wav,bonafide,hi-en,106718,mucs2021,none,clean,eval,0.9988570213317871
${DATA_ROOT}/interim/rvc_gate/bonafide_source/142970_DP5j8CLDeL6HHHSX_0029.wav,bonafide,hi-en,142970,mucs2021,none,clean,eval,0.9990202188491821
${DATA_ROOT}/interim/rvc_gate/bonafide_source/177570_jSNK2zDaIvyZsMZp_0034.wav,bonafide,hi-en,177570,mucs2021,none,clean,eval,0.99880051612854
${DATA_ROOT}/interim/rvc_gate/bonafide_source/186783_LFpbaXkb8HuQ6DnF_0032.wav,bonafide,hi-en,186783,mucs2021,none,clean,eval,0.9984583854675293
${DATA_ROOT}/interim/rvc_gate/bonafide_source/205240_F4KjmwYhWvnpSE0m_0033.wav,bonafide,hi-en,205240,mucs2021,none,clean,eval,0.9960370659828186
${DATA_ROOT}/interim/rvc_gate/bonafide_source/413057_aKSsdMqkPfUWyYeS_0029.wav,bonafide,hi-en,413057,mucs2021,none,clean,eval,0.9991931319236755
${DATA_ROOT}/interim/rvc_gate/bonafide_source/445718_H6Z2BkcyVtiuiN7A_0031.wav,bonafide,hi-en,445718,mucs2021,none,clean,eval,0.7435402870178223
${DATA_ROOT}/interim/rvc_gate/bonafide_source/457295_WgzliDtK6Htff0g2_0038.wav,bonafide,hi-en,457295,mucs2021,none,clean,eval,0.9974051117897034
${DATA_ROOT}/interim/rvc_gate/bonafide_source/539226_vZGSoJPH1tbvsyCa_0030.wav,bonafide,hi-en,539226,mucs2021,none,clean,eval,0.9991499185562134
${DATA_ROOT}/interim/rvc_gate/bonafide_source/539354_C3MtnFEDrRkWHSvJ_0030.wav,bonafide,hi-en,539354,mucs2021,none,clean,eval,0.9995730519294739
${DATA_ROOT}/interim/rvc_gate/bonafide_source/541304_cyhxRWI0LoKYZvcw_0031.wav,bonafide,hi-en,541304,mucs2021,none,clean,eval,0.9994031190872192
${DATA_ROOT}/interim/rvc_gate/bonafide_source/584991_1ijxO93RTIJh2Rzv_0030.wav,bonafide,hi-en,584991,mucs2021,none,clean,eval,0.9954649806022644
${DATA_ROOT}/interim/rvc_gate/bonafide_source/634568_jCgweujQVV5haVF1_0032.wav,bonafide,hi-en,634568,mucs2021,none,clean,eval,0.9896888732910156
${DATA_ROOT}/interim/rvc_gate/bonafide_source/705494_fZcxLszRnIHxmVQp_0030.wav,bonafide,hi-en,705494,mucs2021,none,clean,eval,0.9989039897918701
${DATA_ROOT}/interim/rvc_gate/bonafide_source/797767_TRInoJRJxAX3qv5C_0029.wav,bonafide,hi-en,797767,mucs2021,none,clean,eval,0.9989994168281555
${DATA_ROOT}/interim/rvc_gate/bonafide_source/850754_wOTMMvC3WQ5YQRAF_0032.wav,bonafide,hi-en,850754,mucs2021,none,clean,eval,0.9998486042022705
${DATA_ROOT}/interim/rvc_gate/bonafide_source/870582_crdH0AI5aH25bEXe_0033.wav,bonafide,hi-en,870582,mucs2021,none,clean,eval,0.9959633350372314
${DATA_ROOT}/interim/rvc_gate/bonafide_source/876898_RyQSvr4r4iAMTYXq_0029.wav,bonafide,hi-en,876898,mucs2021,none,clean,eval,0.9990867376327515
${DATA_ROOT}/interim/rvc_gate/bonafide_source/893273_8xh3ZKpPy5YhAnKX_0033.wav,bonafide,hi-en,893273,mucs2021,none,clean,eval,0.9961223006248474
${DATA_ROOT}/interim/rvc_gate/bonafide_source/903756_K3X6AGezGWAoDe1q_0034.wav,bonafide,hi-en,903756,mucs2021,none,clean,eval,0.9959802627563477
${DATA_ROOT}/interim/rvc_gate/bonafide_source/912184_V11NDc0lxudGbWQU_0030.wav,bonafide,hi-en,912184,mucs2021,none,clean,eval,0.9971087574958801
${DATA_ROOT}/interim/rvc_gate/bonafide_source/975912_1eNS3GaW1oHHurL4_0029.wav,bonafide,hi-en,975912,mucs2021,none,clean,eval,0.0031083154026418924
${DATA_ROOT}/interim/rvc_gate/bonafide_source/987461_LSRBJiHdUoHm4BTI_0032.wav,bonafide,hi-en,987461,mucs2021,none,clean,eval,0.9983165264129639
${DATA_ROOT}/interim/rvc_gate/bonafide_source/996368_n4ACC4gnqW0IM1wW_0029.wav,bonafide,hi-en,996368,mucs2021,none,clean,eval,0.999492883682251
${DATA_ROOT}/interim/rvc_gate/bonafide_source/106718_vE1rhq3ojNKZvQNv_0036.wav,bonafide,hi-en,106718,mucs2021,none,clean,eval,0.9989942908287048
${DATA_ROOT}/interim/rvc_gate/bonafide_source/142970_DP5j8CLDeL6HHHSX_0030.wav,bonafide,hi-en,142970,mucs2021,none,clean,eval,0.9897047877311707
${DATA_ROOT}/interim/rvc_gate/bonafide_source/177570_jSNK2zDaIvyZsMZp_0035.wav,bonafide,hi-en,177570,mucs2021,none,clean,eval,0.9993677735328674
${DATA_ROOT}/interim/rvc_gate/bonafide_source/186783_LFpbaXkb8HuQ6DnF_0033.wav,bonafide,hi-en,186783,mucs2021,none,clean,eval,0.9988763928413391
${DATA_ROOT}/interim/rvc_gate/bonafide_source/205240_F4KjmwYhWvnpSE0m_0034.wav,bonafide,hi-en,205240,mucs2021,none,clean,eval,0.9989109039306641
${DATA_ROOT}/interim/rvc_gate/bonafide_source/413057_aKSsdMqkPfUWyYeS_0030.wav,bonafide,hi-en,413057,mucs2021,none,clean,eval,0.9908814430236816
${DATA_ROOT}/interim/rvc_gate/bonafide_source/445718_H6Z2BkcyVtiuiN7A_0032.wav,bonafide,hi-en,445718,mucs2021,none,clean,eval,0.9973074197769165
${DATA_ROOT}/interim/rvc_gate/bonafide_source/457295_WgzliDtK6Htff0g2_0039.wav,bonafide,hi-en,457295,mucs2021,none,clean,eval,0.9979321956634521
${DATA_ROOT}/interim/rvc_gate/bonafide_source/539226_vZGSoJPH1tbvsyCa_0031.wav,bonafide,hi-en,539226,mucs2021,none,clean,eval,0.9597156643867493
${DATA_ROOT}/interim/rvc_gate/bonafide_source/539354_C3MtnFEDrRkWHSvJ_0031.wav,bonafide,hi-en,539354,mucs2021,none,clean,eval,0.9996359348297119
${DATA_ROOT}/interim/rvc_gate/bonafide_source/541304_cyhxRWI0LoKYZvcw_0032.wav,bonafide,hi-en,541304,mucs2021,none,clean,eval,0.9990953207015991
${DATA_ROOT}/interim/rvc_gate/bonafide_source/584991_1ijxO93RTIJh2Rzv_0031.wav,bonafide,hi-en,584991,mucs2021,none,clean,eval,0.0063314298167824745
${DATA_ROOT}/interim/rvc_gate/bonafide_source/634568_jCgweujQVV5haVF1_0033.wav,bonafide,hi-en,634568,mucs2021,none,clean,eval,0.9981169700622559
${DATA_ROOT}/interim/rvc_gate/bonafide_source/705494_fZcxLszRnIHxmVQp_0031.wav,bonafide,hi-en,705494,mucs2021,none,clean,eval,0.9988191723823547
${DATA_ROOT}/interim/rvc_gate/bonafide_source/797767_TRInoJRJxAX3qv5C_0030.wav,bonafide,hi-en,797767,mucs2021,none,clean,eval,0.8253033757209778
${DATA_ROOT}/interim/rvc_gate/bonafide_source/850754_wOTMMvC3WQ5YQRAF_0033.wav,bonafide,hi-en,850754,mucs2021,none,clean,eval,0.9994749426841736
${DATA_ROOT}/interim/rvc_gate/bonafide_source/870582_crdH0AI5aH25bEXe_0034.wav,bonafide,hi-en,870582,mucs2021,none,clean,eval,0.8875147104263306
${DATA_ROOT}/interim/rvc_gate/bonafide_source/876898_RyQSvr4r4iAMTYXq_0030.wav,bonafide,hi-en,876898,mucs2021,none,clean,eval,0.01783440075814724
${DATA_ROOT}/interim/rvc_gate/bonafide_source/893273_8xh3ZKpPy5YhAnKX_0035.wav,bonafide,hi-en,893273,mucs2021,none,clean,eval,0.9976584911346436
${DATA_ROOT}/interim/rvc_gate/bonafide_source/903756_K3X6AGezGWAoDe1q_0035.wav,bonafide,hi-en,903756,mucs2021,none,clean,eval,0.9995875954627991
${DATA_ROOT}/interim/rvc_gate/bonafide_source/912184_V11NDc0lxudGbWQU_0031.wav,bonafide,hi-en,912184,mucs2021,none,clean,eval,0.9934754967689514
${DATA_ROOT}/interim/rvc_gate/bonafide_source/975912_1eNS3GaW1oHHurL4_0031.wav,bonafide,hi-en,975912,mucs2021,none,clean,eval,0.9953000545501709
${DATA_ROOT}/interim/rvc_gate/bonafide_source/987461_LSRBJiHdUoHm4BTI_0033.wav,bonafide,hi-en,987461,mucs2021,none,clean,eval,0.9986732006072998
${DATA_ROOT}/interim/rvc_gate/bonafide_source/996368_n4ACC4gnqW0IM1wW_0030.wav,bonafide,hi-en,996368,mucs2021,none,clean,eval,0.9995825886726379
${DATA_ROOT}/interim/rvc_gate/bonafide_source/106718_vE1rhq3ojNKZvQNv_0037.wav,bonafide,hi-en,106718,mucs2021,none,clean,eval,0.9973151087760925
${DATA_ROOT}/interim/rvc_gate/bonafide_source/142970_DP5j8CLDeL6HHHSX_0031.wav,bonafide,hi-en,142970,mucs2021,none,clean,eval,0.9952633380889893
${DATA_ROOT}/interim/rvc_gate/bonafide_source/177570_jSNK2zDaIvyZsMZp_0036.wav,bonafide,hi-en,177570,mucs2021,none,clean,eval,0.9994761347770691
${DATA_ROOT}/interim/rvc_gate/bonafide_source/186783_LFpbaXkb8HuQ6DnF_0034.wav,bonafide,hi-en,186783,mucs2021,none,clean,eval,0.9988095760345459
${DATA_ROOT}/interim/rvc_gate/bonafide_source/205240_F4KjmwYhWvnpSE0m_0035.wav,bonafide,hi-en,205240,mucs2021,none,clean,eval,0.9966026544570923
${DATA_ROOT}/interim/rvc_gate/bonafide_source/413057_aKSsdMqkPfUWyYeS_0031.wav,bonafide,hi-en,413057,mucs2021,none,clean,eval,0.9992141723632812
${DATA_ROOT}/interim/rvc_gate/bonafide_source/445718_H6Z2BkcyVtiuiN7A_0033.wav,bonafide,hi-en,445718,mucs2021,none,clean,eval,0.9990071654319763
${DATA_ROOT}/interim/rvc_gate/bonafide_source/457295_WgzliDtK6Htff0g2_0040.wav,bonafide,hi-en,457295,mucs2021,none,clean,eval,0.5561963319778442
${DATA_ROOT}/interim/rvc_gate/bonafide_source/539226_vZGSoJPH1tbvsyCa_0033.wav,bonafide,hi-en,539226,mucs2021,none,clean,eval,0.9963143467903137
${DATA_ROOT}/interim/rvc_gate/bonafide_source/539354_C3MtnFEDrRkWHSvJ_0032.wav,bonafide,hi-en,539354,mucs2021,none,clean,eval,0.9995972514152527
${DATA_ROOT}/interim/rvc_gate/bonafide_source/541304_cyhxRWI0LoKYZvcw_0033.wav,bonafide,hi-en,541304,mucs2021,none,clean,eval,0.9991770386695862
${DATA_ROOT}/interim/rvc_gate/bonafide_source/584991_1ijxO93RTIJh2Rzv_0032.wav,bonafide,hi-en,584991,mucs2021,none,clean,eval,0.9963969588279724
${DATA_ROOT}/interim/rvc_gate/bonafide_source/634568_jCgweujQVV5haVF1_0034.wav,bonafide,hi-en,634568,mucs2021,none,clean,eval,0.9989627599716187
${DATA_ROOT}/interim/rvc_gate/bonafide_source/705494_fZcxLszRnIHxmVQp_0032.wav,bonafide,hi-en,705494,mucs2021,none,clean,eval,0.9994164705276489
${DATA_ROOT}/interim/rvc_gate/bonafide_source/797767_TRInoJRJxAX3qv5C_0031.wav,bonafide,hi-en,797767,mucs2021,none,clean,eval,0.9991299510002136
${DATA_ROOT}/interim/rvc_gate/bonafide_source/850754_wOTMMvC3WQ5YQRAF_0034.wav,bonafide,hi-en,850754,mucs2021,none,clean,eval,0.9991499185562134
${DATA_ROOT}/interim/rvc_gate/bonafide_source/870582_crdH0AI5aH25bEXe_0035.wav,bonafide,hi-en,870582,mucs2021,none,clean,eval,0.9985883831977844
${DATA_ROOT}/interim/rvc_gate/bonafide_source/876898_RyQSvr4r4iAMTYXq_0032.wav,bonafide,hi-en,876898,mucs2021,none,clean,eval,0.9991757273674011
${DATA_ROOT}/interim/rvc_gate/bonafide_source/893273_8xh3ZKpPy5YhAnKX_0036.wav,bonafide,hi-en,893273,mucs2021,none,clean,eval,0.998801589012146
${DATA_ROOT}/interim/rvc_gate/bonafide_source/903756_K3X6AGezGWAoDe1q_0036.wav,bonafide,hi-en,903756,mucs2021,none,clean,eval,0.9990007281303406
${DATA_ROOT}/interim/rvc_gate/bonafide_source/912184_V11NDc0lxudGbWQU_0032.wav,bonafide,hi-en,912184,mucs2021,none,clean,eval,0.06639627367258072
${DATA_ROOT}/interim/rvc_gate/bonafide_source/975912_1eNS3GaW1oHHurL4_0032.wav,bonafide,hi-en,975912,mucs2021,none,clean,eval,0.9040919542312622
${DATA_ROOT}/interim/rvc_gate/bonafide_source/987461_LSRBJiHdUoHm4BTI_0034.wav,bonafide,hi-en,987461,mucs2021,none,clean,eval,0.9982779026031494
${DATA_ROOT}/interim/rvc_gate/bonafide_source/996368_n4ACC4gnqW0IM1wW_0031.wav,bonafide,hi-en,996368,mucs2021,none,clean,eval,0.999717652797699
${DATA_ROOT}/interim/rvc_gate/bonafide_source/106718_vE1rhq3ojNKZvQNv_0038.wav,bonafide,hi-en,106718,mucs2021,none,clean,eval,0.9993062019348145
${DATA_ROOT}/interim/rvc_gate/bonafide_source/142970_DP5j8CLDeL6HHHSX_0032.wav,bonafide,hi-en,142970,mucs2021,none,clean,eval,0.9998183846473694
${DATA_ROOT}/interim/rvc_gate/bonafide_source/177570_jSNK2zDaIvyZsMZp_0038.wav,bonafide,hi-en,177570,mucs2021,none,clean,eval,0.9989469647407532
${DATA_ROOT}/interim/rvc_gate/bonafide_source/186783_LFpbaXkb8HuQ6DnF_0035.wav,bonafide,hi-en,186783,mucs2021,none,clean,eval,0.9982157945632935
${DATA_ROOT}/interim/rvc_gate/bonafide_source/205240_F4KjmwYhWvnpSE0m_0036.wav,bonafide,hi-en,205240,mucs2021,none,clean,eval,0.9979056119918823
${DATA_ROOT}/interim/rvc_gate/bonafide_source/413057_aKSsdMqkPfUWyYeS_0032.wav,bonafide,hi-en,413057,mucs2021,none,clean,eval,0.9985777139663696
${DATA_ROOT}/interim/rvc_gate/bonafide_source/445718_H6Z2BkcyVtiuiN7A_0034.wav,bonafide,hi-en,445718,mucs2021,none,clean,eval,0.9893518090248108
${DATA_ROOT}/interim/rvc_gate/bonafide_source/457295_WgzliDtK6Htff0g2_0041.wav,bonafide,hi-en,457295,mucs2021,none,clean,eval,0.9991624355316162
${DATA_ROOT}/interim/rvc_gate/bonafide_source/539226_vZGSoJPH1tbvsyCa_0034.wav,bonafide,hi-en,539226,mucs2021,none,clean,eval,0.9990567564964294
${DATA_ROOT}/interim/rvc_gate/bonafide_source/539354_C3MtnFEDrRkWHSvJ_0033.wav,bonafide,hi-en,539354,mucs2021,none,clean,eval,0.9994449019432068
${DATA_ROOT}/interim/rvc_gate/bonafide_source/541304_cyhxRWI0LoKYZvcw_0034.wav,bonafide,hi-en,541304,mucs2021,none,clean,eval,0.9991111159324646
${DATA_ROOT}/interim/rvc_gate/bonafide_source/584991_1ijxO93RTIJh2Rzv_0033.wav,bonafide,hi-en,584991,mucs2021,none,clean,eval,0.9907348155975342
${DATA_ROOT}/interim/rvc_gate/bonafide_source/634568_jCgweujQVV5haVF1_0035.wav,bonafide,hi-en,634568,mucs2021,none,clean,eval,0.9977617263793945
${DATA_ROOT}/interim/rvc_gate/bonafide_source/705494_fZcxLszRnIHxmVQp_0033.wav,bonafide,hi-en,705494,mucs2021,none,clean,eval,0.9970610737800598
${DATA_ROOT}/interim/rvc_gate/bonafide_source/797767_TRInoJRJxAX3qv5C_0032.wav,bonafide,hi-en,797767,mucs2021,none,clean,eval,0.9967319965362549
${DATA_ROOT}/interim/rvc_gate/bonafide_source/850754_wOTMMvC3WQ5YQRAF_0035.wav,bonafide,hi-en,850754,mucs2021,none,clean,eval,0.9995133876800537
${DATA_ROOT}/interim/rvc_gate/bonafide_source/870582_crdH0AI5aH25bEXe_0036.wav,bonafide,hi-en,870582,mucs2021,none,clean,eval,0.9996933937072754
${DATA_ROOT}/interim/rvc_gate/bonafide_source/876898_RyQSvr4r4iAMTYXq_0033.wav,bonafide,hi-en,876898,mucs2021,none,clean,eval,0.9929559230804443
${DATA_ROOT}/interim/rvc_gate/bonafide_source/893273_8xh3ZKpPy5YhAnKX_0037.wav,bonafide,hi-en,893273,mucs2021,none,clean,eval,0.9859781861305237
${DATA_ROOT}/interim/rvc_gate/bonafide_source/903756_K3X6AGezGWAoDe1q_0037.wav,bonafide,hi-en,903756,mucs2021,none,clean,eval,0.9991506338119507
${DATA_ROOT}/interim/rvc_gate/bonafide_source/912184_V11NDc0lxudGbWQU_0033.wav,bonafide,hi-en,912184,mucs2021,none,clean,eval,0.9990234375
${DATA_ROOT}/interim/rvc_gate/bonafide_source/975912_1eNS3GaW1oHHurL4_0033.wav,bonafide,hi-en,975912,mucs2021,none,clean,eval,0.9929327964782715
${DATA_ROOT}/interim/rvc_gate/bonafide_source/987461_LSRBJiHdUoHm4BTI_0035.wav,bonafide,hi-en,987461,mucs2021,none,clean,eval,0.9983751773834229
${DATA_ROOT}/interim/rvc_gate/bonafide_source/996368_n4ACC4gnqW0IM1wW_0032.wav,bonafide,hi-en,996368,mucs2021,none,clean,eval,0.9994465708732605
${DATA_ROOT}/interim/rvc_gate/bonafide_source/106718_vE1rhq3ojNKZvQNv_0039.wav,bonafide,hi-en,106718,mucs2021,none,clean,eval,0.9985650181770325
${DATA_ROOT}/interim/rvc_gate/bonafide_source/142970_DP5j8CLDeL6HHHSX_0033.wav,bonafide,hi-en,142970,mucs2021,none,clean,eval,0.9988548755645752
${DATA_ROOT}/interim/rvc_gate/bonafide_source/177570_jSNK2zDaIvyZsMZp_0039.wav,bonafide,hi-en,177570,mucs2021,none,clean,eval,0.9972639083862305
${DATA_ROOT}/interim/rvc_gate/bonafide_source/186783_LFpbaXkb8HuQ6DnF_0036.wav,bonafide,hi-en,186783,mucs2021,none,clean,eval,0.997793436050415
${DATA_ROOT}/interim/rvc_gate/bonafide_source/205240_F4KjmwYhWvnpSE0m_0037.wav,bonafide,hi-en,205240,mucs2021,none,clean,eval,0.998971700668335
${DATA_ROOT}/interim/rvc_gate/bonafide_source/106718_vE1rhq3ojNKZvQNv_0041.wav,bonafide,hi-en,106718,mucs2021,none,clean,eval,0.9992978572845459
${DATA_ROOT}/interim/rvc_gate/bonafide_source/142970_DP5j8CLDeL6HHHSX_0035.wav,bonafide,hi-en,142970,mucs2021,none,clean,eval,0.9992475509643555
${DATA_ROOT}/interim/rvc_gate/bonafide_source/177570_jSNK2zDaIvyZsMZp_0041.wav,bonafide,hi-en,177570,mucs2021,none,clean,eval,0.9993826150894165
${DATA_ROOT}/interim/rvc_gate/bonafide_source/186783_LFpbaXkb8HuQ6DnF_0038.wav,bonafide,hi-en,186783,mucs2021,none,clean,eval,0.9985094666481018
${DATA_ROOT}/interim/rvc_gate/bonafide_source/205240_F4KjmwYhWvnpSE0m_0039.wav,bonafide,hi-en,205240,mucs2021,none,clean,eval,0.9967784285545349
${DATA_ROOT}/interim/rvc_gate/bonafide_source/322882_XTscbPr78nzuHhuu_0038.wav,bonafide,hi-en,322882,mucs2021,none,clean,eval,0.9992049336433411
${DATA_ROOT}/interim/rvc_gate/bonafide_source/413057_aKSsdMqkPfUWyYeS_0035.wav,bonafide,hi-en,413057,mucs2021,none,clean,eval,0.9986044764518738
${DATA_ROOT}/interim/rvc_gate/bonafide_source/445718_H6Z2BkcyVtiuiN7A_0037.wav,bonafide,hi-en,445718,mucs2021,none,clean,eval,0.995347797870636
${DATA_ROOT}/interim/rvc_gate/bonafide_source/457295_WgzliDtK6Htff0g2_0044.wav,bonafide,hi-en,457295,mucs2021,none,clean,eval,0.9980441331863403
${DATA_ROOT}/interim/rvc_gate/bonafide_source/539226_vZGSoJPH1tbvsyCa_0037.wav,bonafide,hi-en,539226,mucs2021,none,clean,eval,0.9992733597755432
${DATA_ROOT}/interim/rvc_gate/bonafide_source/539354_C3MtnFEDrRkWHSvJ_0036.wav,bonafide,hi-en,539354,mucs2021,none,clean,eval,0.9997852444648743
${DATA_ROOT}/interim/rvc_gate/bonafide_source/541304_cyhxRWI0LoKYZvcw_0037.wav,bonafide,hi-en,541304,mucs2021,none,clean,eval,0.9996672868728638
${DATA_ROOT}/interim/rvc_gate/bonafide_source/584991_1ijxO93RTIJh2Rzv_0036.wav,bonafide,hi-en,584991,mucs2021,none,clean,eval,0.9986767172813416
${DATA_ROOT}/interim/rvc_gate/bonafide_source/634568_jCgweujQVV5haVF1_0038.wav,bonafide,hi-en,634568,mucs2021,none,clean,eval,0.9953243136405945
${DATA_ROOT}/interim/rvc_gate/bonafide_source/705494_fZcxLszRnIHxmVQp_0036.wav,bonafide,hi-en,705494,mucs2021,none,clean,eval,0.9991759657859802
${DATA_ROOT}/interim/rvc_gate/bonafide_source/797767_TRInoJRJxAX3qv5C_0035.wav,bonafide,hi-en,797767,mucs2021,none,clean,eval,0.998595654964447
${DATA_ROOT}/interim/rvc_gate/bonafide_source/850754_wOTMMvC3WQ5YQRAF_0038.wav,bonafide,hi-en,850754,mucs2021,none,clean,eval,0.9992004036903381
${DATA_ROOT}/interim/rvc_gate/bonafide_source/870582_crdH0AI5aH25bEXe_0040.wav,bonafide,hi-en,870582,mucs2021,none,clean,eval,0.9992382526397705
${DATA_ROOT}/interim/rvc_gate/bonafide_source/876898_RyQSvr4r4iAMTYXq_0036.wav,bonafide,hi-en,876898,mucs2021,none,clean,eval,0.45609065890312195
${DATA_ROOT}/interim/rvc_gate/bonafide_source/893273_8xh3ZKpPy5YhAnKX_0040.wav,bonafide,hi-en,893273,mucs2021,none,clean,eval,0.998940646648407
${DATA_ROOT}/interim/rvc_gate/bonafide_source/903756_K3X6AGezGWAoDe1q_0040.wav,bonafide,hi-en,903756,mucs2021,none,clean,eval,0.9976766705513
${DATA_ROOT}/interim/rvc_gate/bonafide_source/912184_V11NDc0lxudGbWQU_0037.wav,bonafide,hi-en,912184,mucs2021,none,clean,eval,0.9999315738677979
${DATA_ROOT}/interim/rvc_gate/bonafide_source/975912_1eNS3GaW1oHHurL4_0036.wav,bonafide,hi-en,975912,mucs2021,none,clean,eval,0.9994184970855713
${DATA_ROOT}/interim/rvc_gate/bonafide_source/987461_LSRBJiHdUoHm4BTI_0039.wav,bonafide,hi-en,987461,mucs2021,none,clean,eval,0.9936197400093079
${DATA_ROOT}/interim/rvc_gate/bonafide_source/106718_vE1rhq3ojNKZvQNv_0042.wav,bonafide,hi-en,106718,mucs2021,none,clean,eval,0.9908370971679688
${DATA_ROOT}/interim/rvc_gate/bonafide_source/142970_DP5j8CLDeL6HHHSX_0036.wav,bonafide,hi-en,142970,mucs2021,none,clean,eval,0.9534225463867188
${DATA_ROOT}/interim/rvc_gate/bonafide_source/177570_jSNK2zDaIvyZsMZp_0042.wav,bonafide,hi-en,177570,mucs2021,none,clean,eval,0.998794436454773
${DATA_ROOT}/interim/rvc_gate/bonafide_source/186783_LFpbaXkb8HuQ6DnF_0039.wav,bonafide,hi-en,186783,mucs2021,none,clean,eval,0.9987284541130066
${DATA_ROOT}/interim/rvc_gate/bonafide_source/205240_F4KjmwYhWvnpSE0m_0040.wav,bonafide,hi-en,205240,mucs2021,none,clean,eval,0.9992623925209045
${DATA_ROOT}/interim/rvc_gate/bonafide_source/322882_XTscbPr78nzuHhuu_0039.wav,bonafide,hi-en,322882,mucs2021,none,clean,eval,0.997373104095459
${DATA_ROOT}/interim/rvc_gate/bonafide_source/413057_aKSsdMqkPfUWyYeS_0036.wav,bonafide,hi-en,413057,mucs2021,none,clean,eval,0.9979861974716187
${DATA_ROOT}/interim/rvc_gate/bonafide_source/445718_H6Z2BkcyVtiuiN7A_0038.wav,bonafide,hi-en,445718,mucs2021,none,clean,eval,0.9987931251525879
${DATA_ROOT}/interim/rvc_gate/bonafide_source/457295_WgzliDtK6Htff0g2_0045.wav,bonafide,hi-en,457295,mucs2021,none,clean,eval,0.9982477426528931
${DATA_ROOT}/interim/rvc_gate/bonafide_source/539226_vZGSoJPH1tbvsyCa_0038.wav,bonafide,hi-en,539226,mucs2021,none,clean,eval,0.9989748001098633
${DATA_ROOT}/interim/rvc_gate/bonafide_source/539354_C3MtnFEDrRkWHSvJ_0037.wav,bonafide,hi-en,539354,mucs2021,none,clean,eval,0.9995335340499878
${DATA_ROOT}/interim/rvc_gate/bonafide_source/541304_cyhxRWI0LoKYZvcw_0038.wav,bonafide,hi-en,541304,mucs2021,none,clean,eval,0.9866572022438049
${DATA_ROOT}/interim/rvc_gate/bonafide_source/584991_1ijxO93RTIJh2Rzv_0037.wav,bonafide,hi-en,584991,mucs2021,none,clean,eval,0.8102371692657471
${DATA_ROOT}/interim/rvc_gate/bonafide_source/634568_jCgweujQVV5haVF1_0039.wav,bonafide,hi-en,634568,mucs2021,none,clean,eval,0.9935187697410583
${DATA_ROOT}/interim/rvc_gate/bonafide_source/705494_fZcxLszRnIHxmVQp_0037.wav,bonafide,hi-en,705494,mucs2021,none,clean,eval,0.9987784028053284
${DATA_ROOT}/interim/rvc_gate/bonafide_source/797767_TRInoJRJxAX3qv5C_0036.wav,bonafide,hi-en,797767,mucs2021,none,clean,eval,0.9946093559265137
${DATA_ROOT}/interim/rvc_gate/bonafide_source/850754_wOTMMvC3WQ5YQRAF_0039.wav,bonafide,hi-en,850754,mucs2021,none,clean,eval,0.9998873472213745
${DATA_ROOT}/interim/rvc_gate/bonafide_source/870582_crdH0AI5aH25bEXe_0041.wav,bonafide,hi-en,870582,mucs2021,none,clean,eval,0.9996156692504883
${DATA_ROOT}/interim/rvc_gate/bonafide_source/876898_RyQSvr4r4iAMTYXq_0037.wav,bonafide,hi-en,876898,mucs2021,none,clean,eval,0.9951086640357971
${DATA_ROOT}/interim/rvc_gate/bonafide_source/893273_8xh3ZKpPy5YhAnKX_0041.wav,bonafide,hi-en,893273,mucs2021,none,clean,eval,0.9897101521492004
${DATA_ROOT}/interim/rvc_gate/bonafide_source/903756_K3X6AGezGWAoDe1q_0041.wav,bonafide,hi-en,903756,mucs2021,none,clean,eval,0.9958488941192627
${DATA_ROOT}/interim/rvc_gate/bonafide_source/912184_V11NDc0lxudGbWQU_0038.wav,bonafide,hi-en,912184,mucs2021,none,clean,eval,0.99720299243927
${DATA_ROOT}/interim/rvc_gate/bonafide_source/975912_1eNS3GaW1oHHurL4_0037.wav,bonafide,hi-en,975912,mucs2021,none,clean,eval,0.9993501305580139
${DATA_ROOT}/interim/rvc_gate/bonafide_source/987461_LSRBJiHdUoHm4BTI_0040.wav,bonafide,hi-en,987461,mucs2021,none,clean,eval,0.9925305247306824
${DATA_ROOT}/interim/rvc_gate/bonafide_source/106718_vE1rhq3ojNKZvQNv_0043.wav,bonafide,hi-en,106718,mucs2021,none,clean,eval,0.9991149306297302
${DATA_ROOT}/interim/rvc_gate/bonafide_source/142970_DP5j8CLDeL6HHHSX_0037.wav,bonafide,hi-en,142970,mucs2021,none,clean,eval,0.666607677936554
${DATA_ROOT}/interim/rvc_gate/bonafide_source/177570_jSNK2zDaIvyZsMZp_0043.wav,bonafide,hi-en,177570,mucs2021,none,clean,eval,0.9989579916000366
${DATA_ROOT}/interim/rvc_gate/bonafide_source/186783_LFpbaXkb8HuQ6DnF_0041.wav,bonafide,hi-en,186783,mucs2021,none,clean,eval,0.9969438910484314
${DATA_ROOT}/interim/rvc_gate/bonafide_source/205240_F4KjmwYhWvnpSE0m_0041.wav,bonafide,hi-en,205240,mucs2021,none,clean,eval,0.9983525276184082
${DATA_ROOT}/interim/rvc_gate/bonafide_source/322882_XTscbPr78nzuHhuu_0040.wav,bonafide,hi-en,322882,mucs2021,none,clean,eval,0.9988566637039185
${DATA_ROOT}/interim/rvc_gate/bonafide_source/413057_aKSsdMqkPfUWyYeS_0037.wav,bonafide,hi-en,413057,mucs2021,none,clean,eval,0.9987791180610657
${DATA_ROOT}/interim/rvc_gate/bonafide_source/445718_H6Z2BkcyVtiuiN7A_0039.wav,bonafide,hi-en,445718,mucs2021,none,clean,eval,0.9993368983268738
${DATA_ROOT}/interim/rvc_gate/bonafide_source/457295_WgzliDtK6Htff0g2_0046.wav,bonafide,hi-en,457295,mucs2021,none,clean,eval,0.998565137386322
${DATA_ROOT}/interim/rvc_gate/bonafide_source/539226_vZGSoJPH1tbvsyCa_0039.wav,bonafide,hi-en,539226,mucs2021,none,clean,eval,0.9991564750671387
${DATA_ROOT}/interim/rvc_gate/bonafide_source/539354_C3MtnFEDrRkWHSvJ_0038.wav,bonafide,hi-en,539354,mucs2021,none,clean,eval,0.9992796778678894
${DATA_ROOT}/interim/rvc_gate/bonafide_source/541304_cyhxRWI0LoKYZvcw_0039.wav,bonafide,hi-en,541304,mucs2021,none,clean,eval,0.9990929365158081
${DATA_ROOT}/interim/rvc_gate/bonafide_source/584991_1ijxO93RTIJh2Rzv_0038.wav,bonafide,hi-en,584991,mucs2021,none,clean,eval,0.9621390104293823
${DATA_ROOT}/interim/rvc_gate/bonafide_source/634568_jCgweujQVV5haVF1_0041.wav,bonafide,hi-en,634568,mucs2021,none,clean,eval,0.9981938004493713
${DATA_ROOT}/interim/rvc_gate/bonafide_source/705494_fZcxLszRnIHxmVQp_0038.wav,bonafide,hi-en,705494,mucs2021,none,clean,eval,0.9968704581260681
${DATA_ROOT}/interim/rvc_gate/bonafide_source/797767_TRInoJRJxAX3qv5C_0037.wav,bonafide,hi-en,797767,mucs2021,none,clean,eval,0.9972125887870789
${DATA_ROOT}/interim/rvc_gate/bonafide_source/850754_wOTMMvC3WQ5YQRAF_0040.wav,bonafide,hi-en,850754,mucs2021,none,clean,eval,0.9984022974967957
${DATA_ROOT}/interim/rvc_gate/bonafide_source/870582_crdH0AI5aH25bEXe_0042.wav,bonafide,hi-en,870582,mucs2021,none,clean,eval,0.9952601790428162
${DATA_ROOT}/interim/rvc_gate/bonafide_source/876898_RyQSvr4r4iAMTYXq_0038.wav,bonafide,hi-en,876898,mucs2021,none,clean,eval,0.9949146509170532
${DATA_ROOT}/interim/rvc_gate/bonafide_source/893273_8xh3ZKpPy5YhAnKX_0042.wav,bonafide,hi-en,893273,mucs2021,none,clean,eval,0.998852014541626
${DATA_ROOT}/interim/rvc_gate/bonafide_source/903756_K3X6AGezGWAoDe1q_0042.wav,bonafide,hi-en,903756,mucs2021,none,clean,eval,0.9930054545402527
${DATA_ROOT}/interim/rvc_gate/bonafide_source/912184_V11NDc0lxudGbWQU_0039.wav,bonafide,hi-en,912184,mucs2021,none,clean,eval,0.9987769722938538
${DATA_ROOT}/interim/rvc_gate/bonafide_source/975912_1eNS3GaW1oHHurL4_0038.wav,bonafide,hi-en,975912,mucs2021,none,clean,eval,0.9918960928916931
${DATA_ROOT}/interim/rvc_gate/bonafide_source/987461_LSRBJiHdUoHm4BTI_0041.wav,bonafide,hi-en,987461,mucs2021,none,clean,eval,0.3002152740955353
${DATA_ROOT}/interim/rvc_gate/bonafide_source/106718_vE1rhq3ojNKZvQNv_0044.wav,bonafide,hi-en,106718,mucs2021,none,clean,eval,0.9803264141082764
${DATA_ROOT}/interim/rvc_gate/bonafide_source/142970_DP5j8CLDeL6HHHSX_0039.wav,bonafide,hi-en,142970,mucs2021,none,clean,eval,0.9987373948097229
${DATA_ROOT}/interim/rvc_gate/bonafide_source/177570_jSNK2zDaIvyZsMZp_0044.wav,bonafide,hi-en,177570,mucs2021,none,clean,eval,0.5857793092727661
${DATA_ROOT}/interim/rvc_gate/bonafide_source/186783_LFpbaXkb8HuQ6DnF_0042.wav,bonafide,hi-en,186783,mucs2021,none,clean,eval,0.9995569586753845
${DATA_ROOT}/interim/rvc_gate/bonafide_source/322882_XTscbPr78nzuHhuu_0042.wav,bonafide,hi-en,322882,mucs2021,none,clean,eval,0.998954176902771
${DATA_ROOT}/interim/rvc_gate/bonafide_source/413057_aKSsdMqkPfUWyYeS_0038.wav,bonafide,hi-en,413057,mucs2021,none,clean,eval,0.9508113265037537
${DATA_ROOT}/interim/rvc_gate/bonafide_source/445718_H6Z2BkcyVtiuiN7A_0040.wav,bonafide,hi-en,445718,mucs2021,none,clean,eval,0.9992966651916504
${DATA_ROOT}/interim/rvc_gate/bonafide_source/457295_WgzliDtK6Htff0g2_0047.wav,bonafide,hi-en,457295,mucs2021,none,clean,eval,0.9966012239456177
${DATA_ROOT}/interim/rvc_gate/bonafide_source/539226_vZGSoJPH1tbvsyCa_0040.wav,bonafide,hi-en,539226,mucs2021,none,clean,eval,0.985715925693512
${DATA_ROOT}/interim/rvc_gate/bonafide_source/539354_C3MtnFEDrRkWHSvJ_0039.wav,bonafide,hi-en,539354,mucs2021,none,clean,eval,0.99947589635849
${DATA_ROOT}/interim/rvc_gate/bonafide_source/541304_cyhxRWI0LoKYZvcw_0040.wav,bonafide,hi-en,541304,mucs2021,none,clean,eval,0.9999080896377563
${DATA_ROOT}/interim/rvc_gate/bonafide_source/584991_1ijxO93RTIJh2Rzv_0039.wav,bonafide,hi-en,584991,mucs2021,none,clean,eval,0.9908353090286255
${DATA_ROOT}/interim/rvc_gate/bonafide_source/634568_jCgweujQVV5haVF1_0042.wav,bonafide,hi-en,634568,mucs2021,none,clean,eval,0.9989000558853149
${DATA_ROOT}/interim/rvc_gate/bonafide_source/705494_fZcxLszRnIHxmVQp_0039.wav,bonafide,hi-en,705494,mucs2021,none,clean,eval,0.9975681900978088
${DATA_ROOT}/interim/rvc_gate/bonafide_source/797767_TRInoJRJxAX3qv5C_0038.wav,bonafide,hi-en,797767,mucs2021,none,clean,eval,0.9985973238945007
${DATA_ROOT}/interim/rvc_gate/bonafide_source/850754_wOTMMvC3WQ5YQRAF_0041.wav,bonafide,hi-en,850754,mucs2021,none,clean,eval,0.9985760450363159
${DATA_ROOT}/interim/rvc_gate/bonafide_source/870582_crdH0AI5aH25bEXe_0044.wav,bonafide,hi-en,870582,mucs2021,none,clean,eval,0.9978718757629395
${DATA_ROOT}/interim/rvc_gate/bonafide_source/876898_RyQSvr4r4iAMTYXq_0039.wav,bonafide,hi-en,876898,mucs2021,none,clean,eval,0.9985149502754211
${DATA_ROOT}/interim/rvc_gate/bonafide_source/893273_8xh3ZKpPy5YhAnKX_0043.wav,bonafide,hi-en,893273,mucs2021,none,clean,eval,0.9988057613372803
${DATA_ROOT}/interim/rvc_gate/bonafide_source/903756_K3X6AGezGWAoDe1q_0043.wav,bonafide,hi-en,903756,mucs2021,none,clean,eval,0.9980940222740173
${DATA_ROOT}/interim/rvc_gate/bonafide_source/912184_V11NDc0lxudGbWQU_0040.wav,bonafide,hi-en,912184,mucs2021,none,clean,eval,0.9882559180259705
${DATA_ROOT}/interim/rvc_gate/bonafide_source/975912_1eNS3GaW1oHHurL4_0039.wav,bonafide,hi-en,975912,mucs2021,none,clean,eval,0.9981144666671753
${DATA_ROOT}/interim/rvc_gate/bonafide_source/987461_LSRBJiHdUoHm4BTI_0042.wav,bonafide,hi-en,987461,mucs2021,none,clean,eval,0.9991445541381836
${DATA_ROOT}/interim/rvc_gate/bonafide_source/106718_vE1rhq3ojNKZvQNv_0046.wav,bonafide,hi-en,106718,mucs2021,none,clean,eval,0.9982263445854187
${DATA_ROOT}/interim/rvc_gate/bonafide_source/142970_DP5j8CLDeL6HHHSX_0040.wav,bonafide,hi-en,142970,mucs2021,none,clean,eval,0.9988929629325867
${DATA_ROOT}/interim/rvc_gate/bonafide_source/177570_jSNK2zDaIvyZsMZp_0045.wav,bonafide,hi-en,177570,mucs2021,none,clean,eval,0.9990463852882385
${DATA_ROOT}/interim/rvc_gate/bonafide_source/186783_LFpbaXkb8HuQ6DnF_0043.wav,bonafide,hi-en,186783,mucs2021,none,clean,eval,0.9979860782623291
${DATA_ROOT}/interim/rvc_gate/bonafide_source/322882_XTscbPr78nzuHhuu_0043.wav,bonafide,hi-en,322882,mucs2021,none,clean,eval,0.9992432594299316
${DATA_ROOT}/interim/rvc_gate/bonafide_source/413057_aKSsdMqkPfUWyYeS_0039.wav,bonafide,hi-en,413057,mucs2021,none,clean,eval,0.998789370059967
${DATA_ROOT}/interim/rvc_gate/bonafide_source/445718_H6Z2BkcyVtiuiN7A_0041.wav,bonafide,hi-en,445718,mucs2021,none,clean,eval,0.9948151707649231
${DATA_ROOT}/interim/rvc_gate/bonafide_source/457295_WgzliDtK6Htff0g2_0048.wav,bonafide,hi-en,457295,mucs2021,none,clean,eval,0.9993940591812134
${DATA_ROOT}/interim/rvc_gate/bonafide_source/539354_C3MtnFEDrRkWHSvJ_0040.wav,bonafide,hi-en,539354,mucs2021,none,clean,eval,0.9993085861206055
${DATA_ROOT}/interim/rvc_gate/bonafide_source/541304_cyhxRWI0LoKYZvcw_0041.wav,bonafide,hi-en,541304,mucs2021,none,clean,eval,0.9994834661483765
${DATA_ROOT}/interim/rvc_gate/bonafide_source/584991_1ijxO93RTIJh2Rzv_0040.wav,bonafide,hi-en,584991,mucs2021,none,clean,eval,0.9941011071205139
${DATA_ROOT}/interim/rvc_gate/bonafide_source/634568_jCgweujQVV5haVF1_0043.wav,bonafide,hi-en,634568,mucs2021,none,clean,eval,0.9951530694961548
${DATA_ROOT}/interim/rvc_gate/bonafide_source/705494_fZcxLszRnIHxmVQp_0040.wav,bonafide,hi-en,705494,mucs2021,none,clean,eval,0.8612204790115356
${DATA_ROOT}/interim/rvc_gate/bonafide_source/797767_TRInoJRJxAX3qv5C_0039.wav,bonafide,hi-en,797767,mucs2021,none,clean,eval,0.9983867406845093
${DATA_ROOT}/interim/rvc_gate/bonafide_source/850754_wOTMMvC3WQ5YQRAF_0042.wav,bonafide,hi-en,850754,mucs2021,none,clean,eval,0.999931812286377
${DATA_ROOT}/interim/rvc_gate/bonafide_source/870582_crdH0AI5aH25bEXe_0046.wav,bonafide,hi-en,870582,mucs2021,none,clean,eval,0.9977355003356934
${DATA_ROOT}/interim/rvc_gate/bonafide_source/876898_RyQSvr4r4iAMTYXq_0040.wav,bonafide,hi-en,876898,mucs2021,none,clean,eval,0.944059431552887
${DATA_ROOT}/interim/rvc_gate/bonafide_source/893273_8xh3ZKpPy5YhAnKX_0044.wav,bonafide,hi-en,893273,mucs2021,none,clean,eval,0.9993247985839844
${DATA_ROOT}/interim/rvc_gate/bonafide_source/903756_K3X6AGezGWAoDe1q_0044.wav,bonafide,hi-en,903756,mucs2021,none,clean,eval,0.9979764819145203
${DATA_ROOT}/interim/rvc_gate/bonafide_source/912184_V11NDc0lxudGbWQU_0041.wav,bonafide,hi-en,912184,mucs2021,none,clean,eval,0.9998915195465088
${DATA_ROOT}/interim/rvc_gate/bonafide_source/975912_1eNS3GaW1oHHurL4_0040.wav,bonafide,hi-en,975912,mucs2021,none,clean,eval,0.9996826648712158
${DATA_ROOT}/interim/rvc_gate/bonafide_source/987461_LSRBJiHdUoHm4BTI_0043.wav,bonafide,hi-en,987461,mucs2021,none,clean,eval,0.9983170032501221
${DATA_ROOT}/interim/rvc_gate/bonafide_source/106718_vE1rhq3ojNKZvQNv_0047.wav,bonafide,hi-en,106718,mucs2021,none,clean,eval,0.9982473850250244
${DATA_ROOT}/interim/rvc_gate/bonafide_source/142970_DP5j8CLDeL6HHHSX_0041.wav,bonafide,hi-en,142970,mucs2021,none,clean,eval,0.0014601557049900293
${DATA_ROOT}/interim/rvc_gate/bonafide_source/177570_jSNK2zDaIvyZsMZp_0046.wav,bonafide,hi-en,177570,mucs2021,none,clean,eval,0.9987024068832397
${DATA_ROOT}/interim/rvc_gate/bonafide_source/186783_LFpbaXkb8HuQ6DnF_0044.wav,bonafide,hi-en,186783,mucs2021,none,clean,eval,0.5709696412086487
${DATA_ROOT}/interim/rvc_gate/bonafide_source/142970_DP5j8CLDeL6HHHSX_0043.wav,bonafide,hi-en,142970,mucs2021,none,clean,eval,0.9654515981674194
${DATA_ROOT}/interim/rvc_gate/bonafide_source/177570_jSNK2zDaIvyZsMZp_0048.wav,bonafide,hi-en,177570,mucs2021,none,clean,eval,0.9988478422164917
${DATA_ROOT}/interim/rvc_gate/bonafide_source/186783_LFpbaXkb8HuQ6DnF_0047.wav,bonafide,hi-en,186783,mucs2021,none,clean,eval,0.9990242719650269
${DATA_ROOT}/interim/rvc_gate/bonafide_source/322882_XTscbPr78nzuHhuu_0046.wav,bonafide,hi-en,322882,mucs2021,none,clean,eval,0.9901415705680847
${DATA_ROOT}/interim/rvc_gate/bonafide_source/413057_aKSsdMqkPfUWyYeS_0042.wav,bonafide,hi-en,413057,mucs2021,none,clean,eval,0.996514618396759
${DATA_ROOT}/interim/rvc_gate/bonafide_source/445718_H6Z2BkcyVtiuiN7A_0044.wav,bonafide,hi-en,445718,mucs2021,none,clean,eval,0.9990272521972656
${DATA_ROOT}/interim/rvc_gate/bonafide_source/457295_WgzliDtK6Htff0g2_0052.wav,bonafide,hi-en,457295,mucs2021,none,clean,eval,0.9988672733306885
${DATA_ROOT}/interim/rvc_gate/bonafide_source/539354_C3MtnFEDrRkWHSvJ_0043.wav,bonafide,hi-en,539354,mucs2021,none,clean,eval,0.9995711445808411
${DATA_ROOT}/interim/rvc_gate/bonafide_source/541304_cyhxRWI0LoKYZvcw_0044.wav,bonafide,hi-en,541304,mucs2021,none,clean,eval,0.9998177886009216
${DATA_ROOT}/interim/rvc_gate/bonafide_source/584991_1ijxO93RTIJh2Rzv_0043.wav,bonafide,hi-en,584991,mucs2021,none,clean,eval,0.9937031865119934
${DATA_ROOT}/interim/rvc_gate/bonafide_source/634568_jCgweujQVV5haVF1_0046.wav,bonafide,hi-en,634568,mucs2021,none,clean,eval,0.9986032843589783
${DATA_ROOT}/interim/rvc_gate/bonafide_source/705494_fZcxLszRnIHxmVQp_0043.wav,bonafide,hi-en,705494,mucs2021,none,clean,eval,0.9944522976875305
${DATA_ROOT}/interim/rvc_gate/bonafide_source/797767_TRInoJRJxAX3qv5C_0042.wav,bonafide,hi-en,797767,mucs2021,none,clean,eval,0.9630208611488342
${DATA_ROOT}/interim/rvc_gate/bonafide_source/850754_wOTMMvC3WQ5YQRAF_0045.wav,bonafide,hi-en,850754,mucs2021,none,clean,eval,0.9990994930267334
${DATA_ROOT}/interim/rvc_gate/bonafide_source/870582_crdH0AI5aH25bEXe_0049.wav,bonafide,hi-en,870582,mucs2021,none,clean,eval,0.9994692206382751
${DATA_ROOT}/interim/rvc_gate/bonafide_source/876898_RyQSvr4r4iAMTYXq_0043.wav,bonafide,hi-en,876898,mucs2021,none,clean,eval,0.9921884536743164
${DATA_ROOT}/interim/rvc_gate/bonafide_source/893273_8xh3ZKpPy5YhAnKX_0047.wav,bonafide,hi-en,893273,mucs2021,none,clean,eval,0.9987210631370544
${DATA_ROOT}/interim/rvc_gate/bonafide_source/903756_K3X6AGezGWAoDe1q_0049.wav,bonafide,hi-en,903756,mucs2021,none,clean,eval,0.997140645980835
${DATA_ROOT}/interim/rvc_gate/bonafide_source/912184_V11NDc0lxudGbWQU_0044.wav,bonafide,hi-en,912184,mucs2021,none,clean,eval,0.0007140896050259471
${DATA_ROOT}/interim/rvc_gate/bonafide_source/975912_1eNS3GaW1oHHurL4_0043.wav,bonafide,hi-en,975912,mucs2021,none,clean,eval,0.9960224628448486
${DATA_ROOT}/interim/rvc_gate/bonafide_source/987461_LSRBJiHdUoHm4BTI_0049.wav,bonafide,hi-en,987461,mucs2021,none,clean,eval,0.9896289706230164
${DATA_ROOT}/interim/rvc_gate/bonafide_source/996368_n4ACC4gnqW0IM1wW_0042.wav,bonafide,hi-en,996368,mucs2021,none,clean,eval,0.9998286962509155
${DATA_ROOT}/interim/rvc_gate/bonafide_source/142970_DP5j8CLDeL6HHHSX_0047.wav,bonafide,hi-en,142970,mucs2021,none,clean,eval,0.9866336584091187
${DATA_ROOT}/interim/rvc_gate/bonafide_source/177570_jSNK2zDaIvyZsMZp_0049.wav,bonafide,hi-en,177570,mucs2021,none,clean,eval,0.9991956353187561
${DATA_ROOT}/interim/rvc_gate/bonafide_source/186783_LFpbaXkb8HuQ6DnF_0048.wav,bonafide,hi-en,186783,mucs2021,none,clean,eval,0.998711109161377
${DATA_ROOT}/interim/rvc_gate/bonafide_source/322882_XTscbPr78nzuHhuu_0047.wav,bonafide,hi-en,322882,mucs2021,none,clean,eval,0.9989006519317627
${DATA_ROOT}/interim/rvc_gate/bonafide_source/413057_aKSsdMqkPfUWyYeS_0043.wav,bonafide,hi-en,413057,mucs2021,none,clean,eval,0.9850456118583679
${DATA_ROOT}/interim/rvc_gate/bonafide_source/445718_H6Z2BkcyVtiuiN7A_0045.wav,bonafide,hi-en,445718,mucs2021,none,clean,eval,0.9988610744476318
${DATA_ROOT}/interim/rvc_gate/bonafide_source/457295_WgzliDtK6Htff0g2_0053.wav,bonafide,hi-en,457295,mucs2021,none,clean,eval,0.9989301562309265
${DATA_ROOT}/interim/rvc_gate/bonafide_source/539354_C3MtnFEDrRkWHSvJ_0044.wav,bonafide,hi-en,539354,mucs2021,none,clean,eval,0.9994983673095703
${DATA_ROOT}/interim/rvc_gate/bonafide_source/541304_cyhxRWI0LoKYZvcw_0045.wav,bonafide,hi-en,541304,mucs2021,none,clean,eval,0.9986170530319214
${DATA_ROOT}/interim/rvc_gate/bonafide_source/584991_1ijxO93RTIJh2Rzv_0044.wav,bonafide,hi-en,584991,mucs2021,none,clean,eval,0.9989719390869141
${DATA_ROOT}/interim/rvc_gate/bonafide_source/634568_jCgweujQVV5haVF1_0047.wav,bonafide,hi-en,634568,mucs2021,none,clean,eval,0.9969283938407898
${DATA_ROOT}/interim/rvc_gate/bonafide_source/705494_fZcxLszRnIHxmVQp_0044.wav,bonafide,hi-en,705494,mucs2021,none,clean,eval,0.9947903156280518
${DATA_ROOT}/interim/rvc_gate/bonafide_source/797767_TRInoJRJxAX3qv5C_0043.wav,bonafide,hi-en,797767,mucs2021,none,clean,eval,0.9966694712638855
${DATA_ROOT}/interim/rvc_gate/bonafide_source/850754_wOTMMvC3WQ5YQRAF_0046.wav,bonafide,hi-en,850754,mucs2021,none,clean,eval,0.9919008016586304
${DATA_ROOT}/interim/rvc_gate/bonafide_source/870582_crdH0AI5aH25bEXe_0050.wav,bonafide,hi-en,870582,mucs2021,none,clean,eval,0.9957336783409119
${DATA_ROOT}/interim/rvc_gate/bonafide_source/876898_RyQSvr4r4iAMTYXq_0044.wav,bonafide,hi-en,876898,mucs2021,none,clean,eval,0.9993435740470886
${DATA_ROOT}/interim/rvc_gate/bonafide_source/893273_8xh3ZKpPy5YhAnKX_0048.wav,bonafide,hi-en,893273,mucs2021,none,clean,eval,0.9969285130500793
${DATA_ROOT}/interim/rvc_gate/bonafide_source/903756_K3X6AGezGWAoDe1q_0051.wav,bonafide,hi-en,903756,mucs2021,none,clean,eval,0.9970396161079407
${DATA_ROOT}/interim/rvc_gate/bonafide_source/912184_V11NDc0lxudGbWQU_0045.wav,bonafide,hi-en,912184,mucs2021,none,clean,eval,0.5752768516540527
${DATA_ROOT}/interim/rvc_gate/bonafide_source/975912_1eNS3GaW1oHHurL4_0044.wav,bonafide,hi-en,975912,mucs2021,none,clean,eval,0.9917409420013428
${DATA_ROOT}/interim/rvc_gate/bonafide_source/987461_LSRBJiHdUoHm4BTI_0050.wav,bonafide,hi-en,987461,mucs2021,none,clean,eval,0.3187617063522339
${DATA_ROOT}/interim/rvc_gate/bonafide_source/996368_n4ACC4gnqW0IM1wW_0043.wav,bonafide,hi-en,996368,mucs2021,none,clean,eval,0.9995300769805908
${DATA_ROOT}/interim/rvc_gate/bonafide_source/142970_DP5j8CLDeL6HHHSX_0048.wav,bonafide,hi-en,142970,mucs2021,none,clean,eval,0.173212468624115
${DATA_ROOT}/interim/rvc_gate/bonafide_source/177570_jSNK2zDaIvyZsMZp_0050.wav,bonafide,hi-en,177570,mucs2021,none,clean,eval,0.999092698097229
${DATA_ROOT}/interim/rvc_gate/bonafide_source/186783_LFpbaXkb8HuQ6DnF_0049.wav,bonafide,hi-en,186783,mucs2021,none,clean,eval,0.9976194500923157
${DATA_ROOT}/interim/rvc_gate/bonafide_source/205240_F4KjmwYhWvnpSE0m_0006.wav,bonafide,hi-en,205240,mucs2021,none,clean,eval,0.9992089867591858
${DATA_ROOT}/interim/rvc_gate/bonafide_source/322882_XTscbPr78nzuHhuu_0048.wav,bonafide,hi-en,322882,mucs2021,none,clean,eval,0.9990757703781128
${DATA_ROOT}/interim/rvc_gate/bonafide_source/413057_aKSsdMqkPfUWyYeS_0044.wav,bonafide,hi-en,413057,mucs2021,none,clean,eval,0.9982689619064331
${DATA_ROOT}/interim/rvc_gate/bonafide_source/445718_H6Z2BkcyVtiuiN7A_0046.wav,bonafide,hi-en,445718,mucs2021,none,clean,eval,0.9974663257598877
${DATA_ROOT}/interim/rvc_gate/bonafide_source/457295_WgzliDtK6Htff0g2_0054.wav,bonafide,hi-en,457295,mucs2021,none,clean,eval,0.2554779350757599
${DATA_ROOT}/interim/rvc_gate/bonafide_source/539226_vZGSoJPH1tbvsyCa_0005.wav,bonafide,hi-en,539226,mucs2021,none,clean,eval,0.9978074431419373
${DATA_ROOT}/interim/rvc_gate/bonafide_source/539354_C3MtnFEDrRkWHSvJ_0047.wav,bonafide,hi-en,539354,mucs2021,none,clean,eval,0.9798341393470764
${DATA_ROOT}/interim/rvc_gate/bonafide_source/541304_cyhxRWI0LoKYZvcw_0046.wav,bonafide,hi-en,541304,mucs2021,none,clean,eval,0.9983185529708862
${DATA_ROOT}/interim/rvc_gate/bonafide_source/584991_1ijxO93RTIJh2Rzv_0045.wav,bonafide,hi-en,584991,mucs2021,none,clean,eval,0.998664140701294
${DATA_ROOT}/interim/rvc_gate/bonafide_source/634568_jCgweujQVV5haVF1_0049.wav,bonafide,hi-en,634568,mucs2021,none,clean,eval,0.999090313911438
${DATA_ROOT}/interim/rvc_gate/bonafide_source/705494_fZcxLszRnIHxmVQp_0045.wav,bonafide,hi-en,705494,mucs2021,none,clean,eval,0.9967246651649475
${DATA_ROOT}/interim/rvc_gate/bonafide_source/797767_TRInoJRJxAX3qv5C_0044.wav,bonafide,hi-en,797767,mucs2021,none,clean,eval,0.9984976053237915
${DATA_ROOT}/interim/rvc_gate/bonafide_source/850754_wOTMMvC3WQ5YQRAF_0047.wav,bonafide,hi-en,850754,mucs2021,none,clean,eval,0.9982925057411194
${DATA_ROOT}/interim/rvc_gate/bonafide_source/870582_crdH0AI5aH25bEXe_0051.wav,bonafide,hi-en,870582,mucs2021,none,clean,eval,0.9973861575126648
${DATA_ROOT}/interim/rvc_gate/bonafide_source/876898_RyQSvr4r4iAMTYXq_0045.wav,bonafide,hi-en,876898,mucs2021,none,clean,eval,0.9995321035385132
${DATA_ROOT}/interim/rvc_gate/bonafide_source/893273_8xh3ZKpPy5YhAnKX_0049.wav,bonafide,hi-en,893273,mucs2021,none,clean,eval,0.9856191873550415
${DATA_ROOT}/interim/rvc_gate/bonafide_source/903756_K3X6AGezGWAoDe1q_0052.wav,bonafide,hi-en,903756,mucs2021,none,clean,eval,0.9992784857749939
${DATA_ROOT}/interim/rvc_gate/bonafide_source/912184_V11NDc0lxudGbWQU_0046.wav,bonafide,hi-en,912184,mucs2021,none,clean,eval,0.9851454496383667
${DATA_ROOT}/interim/rvc_gate/bonafide_source/975912_1eNS3GaW1oHHurL4_0045.wav,bonafide,hi-en,975912,mucs2021,none,clean,eval,0.9986318945884705
${DATA_ROOT}/interim/rvc_gate/bonafide_source/987461_LSRBJiHdUoHm4BTI_0051.wav,bonafide,hi-en,987461,mucs2021,none,clean,eval,0.9792413115501404
${DATA_ROOT}/interim/rvc_gate/bonafide_source/996368_n4ACC4gnqW0IM1wW_0044.wav,bonafide,hi-en,996368,mucs2021,none,clean,eval,0.9996285438537598
${DATA_ROOT}/interim/rvc_gate/bonafide_source/142970_DP5j8CLDeL6HHHSX_0049.wav,bonafide,hi-en,142970,mucs2021,none,clean,eval,0.9781085252761841
${DATA_ROOT}/interim/rvc_gate/bonafide_source/177570_jSNK2zDaIvyZsMZp_0051.wav,bonafide,hi-en,177570,mucs2021,none,clean,eval,0.996632993221283
${DATA_ROOT}/interim/rvc_gate/bonafide_source/186783_LFpbaXkb8HuQ6DnF_0050.wav,bonafide,hi-en,186783,mucs2021,none,clean,eval,0.9907784461975098
${DATA_ROOT}/interim/rvc_gate/bonafide_source/322882_XTscbPr78nzuHhuu_0049.wav,bonafide,hi-en,322882,mucs2021,none,clean,eval,0.9984070658683777
${DATA_ROOT}/interim/rvc_gate/bonafide_source/413057_aKSsdMqkPfUWyYeS_0045.wav,bonafide,hi-en,413057,mucs2021,none,clean,eval,0.9923805594444275
${DATA_ROOT}/interim/rvc_gate/bonafide_source/445718_H6Z2BkcyVtiuiN7A_0047.wav,bonafide,hi-en,445718,mucs2021,none,clean,eval,0.9983595013618469
${DATA_ROOT}/interim/rvc_gate/bonafide_source/457295_WgzliDtK6Htff0g2_0055.wav,bonafide,hi-en,457295,mucs2021,none,clean,eval,0.9993389248847961
${DATA_ROOT}/interim/rvc_gate/bonafide_source/539226_vZGSoJPH1tbvsyCa_0006.wav,bonafide,hi-en,539226,mucs2021,none,clean,eval,0.9919611811637878
${DATA_ROOT}/interim/rvc_gate/bonafide_source/539354_C3MtnFEDrRkWHSvJ_0048.wav,bonafide,hi-en,539354,mucs2021,none,clean,eval,0.9990007281303406
${DATA_ROOT}/interim/rvc_gate/bonafide_source/541304_cyhxRWI0LoKYZvcw_0047.wav,bonafide,hi-en,541304,mucs2021,none,clean,eval,0.9996775388717651
${DATA_ROOT}/interim/rvc_gate/bonafide_source/584991_1ijxO93RTIJh2Rzv_0046.wav,bonafide,hi-en,584991,mucs2021,none,clean,eval,0.9873385429382324
${DATA_ROOT}/interim/rvc_gate/bonafide_source/634568_jCgweujQVV5haVF1_0050.wav,bonafide,hi-en,634568,mucs2021,none,clean,eval,0.9987072944641113
${DATA_ROOT}/interim/rvc_gate/bonafide_source/705494_fZcxLszRnIHxmVQp_0047.wav,bonafide,hi-en,705494,mucs2021,none,clean,eval,0.9962068796157837
${DATA_ROOT}/interim/rvc_gate/bonafide_source/797767_TRInoJRJxAX3qv5C_0045.wav,bonafide,hi-en,797767,mucs2021,none,clean,eval,0.9965903759002686
${DATA_ROOT}/interim/rvc_gate/bonafide_source/850754_wOTMMvC3WQ5YQRAF_0048.wav,bonafide,hi-en,850754,mucs2021,none,clean,eval,0.999579131603241
${DATA_ROOT}/interim/rvc_gate/bonafide_source/870582_crdH0AI5aH25bEXe_0052.wav,bonafide,hi-en,870582,mucs2021,none,clean,eval,0.998392641544342
${DATA_ROOT}/interim/rvc_gate/bonafide_source/876898_RyQSvr4r4iAMTYXq_0046.wav,bonafide,hi-en,876898,mucs2021,none,clean,eval,0.0638090968132019
${DATA_ROOT}/interim/rvc_gate/bonafide_source/893273_8xh3ZKpPy5YhAnKX_0050.wav,bonafide,hi-en,893273,mucs2021,none,clean,eval,0.9982609152793884
${DATA_ROOT}/interim/rvc_gate/bonafide_source/903756_K3X6AGezGWAoDe1q_0053.wav,bonafide,hi-en,903756,mucs2021,none,clean,eval,0.9982641339302063
${DATA_ROOT}/interim/rvc_gate/bonafide_source/912184_V11NDc0lxudGbWQU_0047.wav,bonafide,hi-en,912184,mucs2021,none,clean,eval,0.9301704168319702
${DATA_ROOT}/interim/rvc_gate/bonafide_source/975912_1eNS3GaW1oHHurL4_0046.wav,bonafide,hi-en,975912,mucs2021,none,clean,eval,0.9955865144729614
${DATA_ROOT}/interim/rvc_gate/bonafide_source/987461_LSRBJiHdUoHm4BTI_0052.wav,bonafide,hi-en,987461,mucs2021,none,clean,eval,0.9939874410629272
${DATA_ROOT}/interim/rvc_gate/bonafide_source/996368_n4ACC4gnqW0IM1wW_0045.wav,bonafide,hi-en,996368,mucs2021,none,clean,eval,0.9993934631347656
${DATA_ROOT}/interim/rvc_gate/bonafide_source/142970_DP5j8CLDeL6HHHSX_0051.wav,bonafide,hi-en,142970,mucs2021,none,clean,eval,0.9989948868751526
${DATA_ROOT}/interim/rvc_gate/bonafide_source/177570_jSNK2zDaIvyZsMZp_0054.wav,bonafide,hi-en,177570,mucs2021,none,clean,eval,0.5019300580024719
${DATA_ROOT}/interim/rvc_gate/bonafide_source/186783_LFpbaXkb8HuQ6DnF_0051.wav,bonafide,hi-en,186783,mucs2021,none,clean,eval,0.9987974166870117
${DATA_ROOT}/interim/rvc_gate/bonafide_source/322882_XTscbPr78nzuHhuu_0050.wav,bonafide,hi-en,322882,mucs2021,none,clean,eval,0.99845290184021
${DATA_ROOT}/interim/rvc_gate/bonafide_source/413057_aKSsdMqkPfUWyYeS_0046.wav,bonafide,hi-en,413057,mucs2021,none,clean,eval,0.9997387528419495
${DATA_ROOT}/interim/rvc_gate/bonafide_source/445718_H6Z2BkcyVtiuiN7A_0048.wav,bonafide,hi-en,445718,mucs2021,none,clean,eval,0.9990251064300537
${DATA_ROOT}/interim/rvc_gate/bonafide_source/457295_WgzliDtK6Htff0g2_0056.wav,bonafide,hi-en,457295,mucs2021,none,clean,eval,0.9983238577842712
${DATA_ROOT}/interim/rvc_gate/bonafide_source/539354_C3MtnFEDrRkWHSvJ_0049.wav,bonafide,hi-en,539354,mucs2021,none,clean,eval,0.9996217489242554
${DATA_ROOT}/interim/rvc_gate/bonafide_source/541304_cyhxRWI0LoKYZvcw_0048.wav,bonafide,hi-en,541304,mucs2021,none,clean,eval,0.9985176920890808
${DATA_ROOT}/interim/rvc_gate/bonafide_source/584991_1ijxO93RTIJh2Rzv_0047.wav,bonafide,hi-en,584991,mucs2021,none,clean,eval,0.9446141123771667
${DATA_ROOT}/interim/rvc_gate/bonafide_source/634568_jCgweujQVV5haVF1_0051.wav,bonafide,hi-en,634568,mucs2021,none,clean,eval,0.9927654266357422
${DATA_ROOT}/interim/rvc_gate/bonafide_source/705494_fZcxLszRnIHxmVQp_0048.wav,bonafide,hi-en,705494,mucs2021,none,clean,eval,0.9979787468910217
${DATA_ROOT}/interim/rvc_gate/bonafide_source/797767_TRInoJRJxAX3qv5C_0046.wav,bonafide,hi-en,797767,mucs2021,none,clean,eval,0.9916136264801025
${DATA_ROOT}/interim/rvc_gate/bonafide_source/850754_wOTMMvC3WQ5YQRAF_0049.wav,bonafide,hi-en,850754,mucs2021,none,clean,eval,0.9985163807868958
${DATA_ROOT}/interim/rvc_gate/bonafide_source/870582_crdH0AI5aH25bEXe_0053.wav,bonafide,hi-en,870582,mucs2021,none,clean,eval,0.9978651404380798
${DATA_ROOT}/interim/rvc_gate/bonafide_source/876898_RyQSvr4r4iAMTYXq_0047.wav,bonafide,hi-en,876898,mucs2021,none,clean,eval,0.0004287193878553808
${DATA_ROOT}/interim/rvc_gate/bonafide_source/893273_8xh3ZKpPy5YhAnKX_0052.wav,bonafide,hi-en,893273,mucs2021,none,clean,eval,0.9939060807228088
${DATA_ROOT}/interim/rvc_gate/bonafide_source/903756_K3X6AGezGWAoDe1q_0054.wav,bonafide,hi-en,903756,mucs2021,none,clean,eval,0.9996629953384399
${DATA_ROOT}/interim/rvc_gate/bonafide_source/912184_V11NDc0lxudGbWQU_0048.wav,bonafide,hi-en,912184,mucs2021,none,clean,eval,0.9974011182785034
${DATA_ROOT}/interim/rvc_gate/bonafide_source/975912_1eNS3GaW1oHHurL4_0047.wav,bonafide,hi-en,975912,mucs2021,none,clean,eval,0.9992425441741943
${DATA_ROOT}/interim/rvc_gate/bonafide_source/987461_LSRBJiHdUoHm4BTI_0053.wav,bonafide,hi-en,987461,mucs2021,none,clean,eval,0.9826074242591858
${DATA_ROOT}/interim/rvc_gate/bonafide_source/996368_n4ACC4gnqW0IM1wW_0046.wav,bonafide,hi-en,996368,mucs2021,none,clean,eval,0.9994420409202576
${DATA_ROOT}/interim/rvc_gate/bonafide_source/142970_DP5j8CLDeL6HHHSX_0052.wav,bonafide,hi-en,142970,mucs2021,none,clean,eval,0.9324780702590942
${DATA_ROOT}/interim/rvc_gate/bonafide_source/177570_jSNK2zDaIvyZsMZp_0055.wav,bonafide,hi-en,177570,mucs2021,none,clean,eval,0.9982810020446777
${DATA_ROOT}/interim/rvc_gate/bonafide_source/186783_LFpbaXkb8HuQ6DnF_0052.wav,bonafide,hi-en,186783,mucs2021,none,clean,eval,0.9989768266677856
${DATA_ROOT}/interim/rvc_gate/bonafide_source/322882_XTscbPr78nzuHhuu_0051.wav,bonafide,hi-en,322882,mucs2021,none,clean,eval,0.0009469841606914997
${DATA_ROOT}/interim/rvc_gate/bonafide_source/106718_vE1rhq3ojNKZvQNv_0056.wav,bonafide,hi-en,106718,mucs2021,none,clean,eval,0.9913378953933716
${DATA_ROOT}/interim/rvc_gate/bonafide_source/142970_DP5j8CLDeL6HHHSX_0054.wav,bonafide,hi-en,142970,mucs2021,none,clean,eval,0.9981733560562134
${DATA_ROOT}/interim/rvc_gate/bonafide_source/186783_LFpbaXkb8HuQ6DnF_0055.wav,bonafide,hi-en,186783,mucs2021,none,clean,eval,0.998400866985321
${DATA_ROOT}/interim/rvc_gate/bonafide_source/322882_XTscbPr78nzuHhuu_0053.wav,bonafide,hi-en,322882,mucs2021,none,clean,eval,0.9995498061180115
${DATA_ROOT}/interim/rvc_gate/bonafide_source/413057_aKSsdMqkPfUWyYeS_0049.wav,bonafide,hi-en,413057,mucs2021,none,clean,eval,0.9932210445404053
${DATA_ROOT}/interim/rvc_gate/bonafide_source/445718_H6Z2BkcyVtiuiN7A_0051.wav,bonafide,hi-en,445718,mucs2021,none,clean,eval,0.9979827404022217
${DATA_ROOT}/interim/rvc_gate/bonafide_source/457295_WgzliDtK6Htff0g2_0059.wav,bonafide,hi-en,457295,mucs2021,none,clean,eval,0.9979339838027954
${DATA_ROOT}/interim/rvc_gate/bonafide_source/539354_C3MtnFEDrRkWHSvJ_0052.wav,bonafide,hi-en,539354,mucs2021,none,clean,eval,0.9983312487602234
${DATA_ROOT}/interim/rvc_gate/bonafide_source/541304_cyhxRWI0LoKYZvcw_0051.wav,bonafide,hi-en,541304,mucs2021,none,clean,eval,0.9977375268936157
${DATA_ROOT}/interim/rvc_gate/bonafide_source/584991_1ijxO93RTIJh2Rzv_0050.wav,bonafide,hi-en,584991,mucs2021,none,clean,eval,0.9983624815940857
${DATA_ROOT}/interim/rvc_gate/bonafide_source/634568_jCgweujQVV5haVF1_0054.wav,bonafide,hi-en,634568,mucs2021,none,clean,eval,0.9980670809745789
${DATA_ROOT}/interim/rvc_gate/bonafide_source/705494_fZcxLszRnIHxmVQp_0052.wav,bonafide,hi-en,705494,mucs2021,none,clean,eval,0.9984238147735596
${DATA_ROOT}/interim/rvc_gate/bonafide_source/797767_TRInoJRJxAX3qv5C_0049.wav,bonafide,hi-en,797767,mucs2021,none,clean,eval,0.9987163543701172
${DATA_ROOT}/interim/rvc_gate/bonafide_source/850754_wOTMMvC3WQ5YQRAF_0052.wav,bonafide,hi-en,850754,mucs2021,none,clean,eval,0.9920608997344971
${DATA_ROOT}/interim/rvc_gate/bonafide_source/870582_crdH0AI5aH25bEXe_0057.wav,bonafide,hi-en,870582,mucs2021,none,clean,eval,0.9993916749954224
${DATA_ROOT}/interim/rvc_gate/bonafide_source/876898_RyQSvr4r4iAMTYXq_0050.wav,bonafide,hi-en,876898,mucs2021,none,clean,eval,0.00034993450390174985
${DATA_ROOT}/interim/rvc_gate/bonafide_source/893273_8xh3ZKpPy5YhAnKX_0055.wav,bonafide,hi-en,893273,mucs2021,none,clean,eval,0.9984622001647949
${DATA_ROOT}/interim/rvc_gate/bonafide_source/903756_K3X6AGezGWAoDe1q_0057.wav,bonafide,hi-en,903756,mucs2021,none,clean,eval,0.9997046589851379
${DATA_ROOT}/interim/rvc_gate/bonafide_source/912184_V11NDc0lxudGbWQU_0051.wav,bonafide,hi-en,912184,mucs2021,none,clean,eval,0.7340089678764343
${DATA_ROOT}/interim/rvc_gate/bonafide_source/975912_1eNS3GaW1oHHurL4_0050.wav,bonafide,hi-en,975912,mucs2021,none,clean,eval,0.9997908473014832
${DATA_ROOT}/interim/rvc_gate/bonafide_source/987461_LSRBJiHdUoHm4BTI_0056.wav,bonafide,hi-en,987461,mucs2021,none,clean,eval,0.9988709092140198
${DATA_ROOT}/interim/rvc_gate/bonafide_source/996368_n4ACC4gnqW0IM1wW_0049.wav,bonafide,hi-en,996368,mucs2021,none,clean,eval,0.9988601207733154
${DATA_ROOT}/interim/rvc_gate/bonafide_source/106718_vE1rhq3ojNKZvQNv_0057.wav,bonafide,hi-en,106718,mucs2021,none,clean,eval,0.9992061257362366
${DATA_ROOT}/interim/rvc_gate/bonafide_source/142970_DP5j8CLDeL6HHHSX_0055.wav,bonafide,hi-en,142970,mucs2021,none,clean,eval,0.9990808963775635
${DATA_ROOT}/interim/rvc_gate/bonafide_source/186783_LFpbaXkb8HuQ6DnF_0057.wav,bonafide,hi-en,186783,mucs2021,none,clean,eval,0.9984163045883179
${DATA_ROOT}/interim/rvc_gate/bonafide_source/322882_XTscbPr78nzuHhuu_0054.wav,bonafide,hi-en,322882,mucs2021,none,clean,eval,0.999790608882904
${DATA_ROOT}/interim/rvc_gate/bonafide_source/413057_aKSsdMqkPfUWyYeS_0050.wav,bonafide,hi-en,413057,mucs2021,none,clean,eval,0.9987473487854004
${DATA_ROOT}/interim/rvc_gate/bonafide_source/445718_H6Z2BkcyVtiuiN7A_0053.wav,bonafide,hi-en,445718,mucs2021,none,clean,eval,0.32838869094848633
${DATA_ROOT}/interim/rvc_gate/bonafide_source/457295_WgzliDtK6Htff0g2_0060.wav,bonafide,hi-en,457295,mucs2021,none,clean,eval,0.9914498925209045
${DATA_ROOT}/interim/rvc_gate/bonafide_source/539354_C3MtnFEDrRkWHSvJ_0053.wav,bonafide,hi-en,539354,mucs2021,none,clean,eval,0.9995057582855225
${DATA_ROOT}/interim/rvc_gate/bonafide_source/541304_cyhxRWI0LoKYZvcw_0052.wav,bonafide,hi-en,541304,mucs2021,none,clean,eval,0.9872028231620789
${DATA_ROOT}/interim/rvc_gate/bonafide_source/584991_1ijxO93RTIJh2Rzv_0051.wav,bonafide,hi-en,584991,mucs2021,none,clean,eval,0.9815689325332642
${DATA_ROOT}/interim/rvc_gate/bonafide_source/634568_jCgweujQVV5haVF1_0055.wav,bonafide,hi-en,634568,mucs2021,none,clean,eval,0.9978578686714172
${DATA_ROOT}/interim/rvc_gate/bonafide_source/705494_fZcxLszRnIHxmVQp_0053.wav,bonafide,hi-en,705494,mucs2021,none,clean,eval,0.9983313679695129
${DATA_ROOT}/interim/rvc_gate/bonafide_source/797767_TRInoJRJxAX3qv5C_0050.wav,bonafide,hi-en,797767,mucs2021,none,clean,eval,0.9989416003227234
${DATA_ROOT}/interim/rvc_gate/bonafide_source/850754_wOTMMvC3WQ5YQRAF_0053.wav,bonafide,hi-en,850754,mucs2021,none,clean,eval,0.9925146698951721
${DATA_ROOT}/interim/rvc_gate/bonafide_source/870582_crdH0AI5aH25bEXe_0058.wav,bonafide,hi-en,870582,mucs2021,none,clean,eval,0.9985687732696533
${DATA_ROOT}/interim/rvc_gate/bonafide_source/876898_RyQSvr4r4iAMTYXq_0051.wav,bonafide,hi-en,876898,mucs2021,none,clean,eval,0.9990435242652893
${DATA_ROOT}/interim/rvc_gate/bonafide_source/893273_8xh3ZKpPy5YhAnKX_0056.wav,bonafide,hi-en,893273,mucs2021,none,clean,eval,0.9832837581634521
${DATA_ROOT}/interim/rvc_gate/bonafide_source/903756_K3X6AGezGWAoDe1q_0058.wav,bonafide,hi-en,903756,mucs2021,none,clean,eval,0.9981309771537781
${DATA_ROOT}/interim/rvc_gate/bonafide_source/912184_V11NDc0lxudGbWQU_0052.wav,bonafide,hi-en,912184,mucs2021,none,clean,eval,0.9882611632347107
${DATA_ROOT}/interim/rvc_gate/bonafide_source/975912_1eNS3GaW1oHHurL4_0051.wav,bonafide,hi-en,975912,mucs2021,none,clean,eval,0.9994955062866211
${DATA_ROOT}/interim/rvc_gate/bonafide_source/987461_LSRBJiHdUoHm4BTI_0057.wav,bonafide,hi-en,987461,mucs2021,none,clean,eval,0.9835615754127502
${DATA_ROOT}/interim/rvc_gate/bonafide_source/996368_n4ACC4gnqW0IM1wW_0050.wav,bonafide,hi-en,996368,mucs2021,none,clean,eval,0.9996122717857361
${DATA_ROOT}/interim/rvc_gate/bonafide_source/106718_vE1rhq3ojNKZvQNv_0058.wav,bonafide,hi-en,106718,mucs2021,none,clean,eval,0.9988113641738892
${DATA_ROOT}/interim/rvc_gate/bonafide_source/142970_DP5j8CLDeL6HHHSX_0056.wav,bonafide,hi-en,142970,mucs2021,none,clean,eval,0.9990430474281311
${DATA_ROOT}/interim/rvc_gate/bonafide_source/186783_LFpbaXkb8HuQ6DnF_0058.wav,bonafide,hi-en,186783,mucs2021,none,clean,eval,0.9988803267478943
${DATA_ROOT}/interim/rvc_gate/bonafide_source/205240_F4KjmwYhWvnpSE0m_0013.wav,bonafide,hi-en,205240,mucs2021,none,clean,eval,0.8720645904541016
${DATA_ROOT}/interim/rvc_gate/bonafide_source/322882_XTscbPr78nzuHhuu_0055.wav,bonafide,hi-en,322882,mucs2021,none,clean,eval,0.9989174604415894
${DATA_ROOT}/interim/rvc_gate/bonafide_source/413057_aKSsdMqkPfUWyYeS_0051.wav,bonafide,hi-en,413057,mucs2021,none,clean,eval,0.9972746968269348
${DATA_ROOT}/interim/rvc_gate/bonafide_source/445718_H6Z2BkcyVtiuiN7A_0054.wav,bonafide,hi-en,445718,mucs2021,none,clean,eval,0.9990063309669495
${DATA_ROOT}/interim/rvc_gate/bonafide_source/457295_WgzliDtK6Htff0g2_0062.wav,bonafide,hi-en,457295,mucs2021,none,clean,eval,0.9989486336708069
${DATA_ROOT}/interim/rvc_gate/bonafide_source/539226_vZGSoJPH1tbvsyCa_0013.wav,bonafide,hi-en,539226,mucs2021,none,clean,eval,0.9950813055038452
${DATA_ROOT}/interim/rvc_gate/bonafide_source/539354_C3MtnFEDrRkWHSvJ_0054.wav,bonafide,hi-en,539354,mucs2021,none,clean,eval,0.9994331002235413
${DATA_ROOT}/interim/rvc_gate/bonafide_source/541304_cyhxRWI0LoKYZvcw_0053.wav,bonafide,hi-en,541304,mucs2021,none,clean,eval,0.9995342493057251
${DATA_ROOT}/interim/rvc_gate/bonafide_source/584991_1ijxO93RTIJh2Rzv_0052.wav,bonafide,hi-en,584991,mucs2021,none,clean,eval,0.9968003034591675
${DATA_ROOT}/interim/rvc_gate/bonafide_source/634568_jCgweujQVV5haVF1_0056.wav,bonafide,hi-en,634568,mucs2021,none,clean,eval,0.9985059499740601
${DATA_ROOT}/interim/rvc_gate/bonafide_source/705494_fZcxLszRnIHxmVQp_0054.wav,bonafide,hi-en,705494,mucs2021,none,clean,eval,0.9987154006958008
${DATA_ROOT}/interim/rvc_gate/bonafide_source/797767_TRInoJRJxAX3qv5C_0051.wav,bonafide,hi-en,797767,mucs2021,none,clean,eval,0.9967828989028931
${DATA_ROOT}/interim/rvc_gate/bonafide_source/850754_wOTMMvC3WQ5YQRAF_0054.wav,bonafide,hi-en,850754,mucs2021,none,clean,eval,0.9996229410171509
${DATA_ROOT}/interim/rvc_gate/bonafide_source/870582_crdH0AI5aH25bEXe_0059.wav,bonafide,hi-en,870582,mucs2021,none,clean,eval,0.9739298820495605
${DATA_ROOT}/interim/rvc_gate/bonafide_source/876898_RyQSvr4r4iAMTYXq_0052.wav,bonafide,hi-en,876898,mucs2021,none,clean,eval,0.9978618025779724
${DATA_ROOT}/interim/rvc_gate/bonafide_source/893273_8xh3ZKpPy5YhAnKX_0057.wav,bonafide,hi-en,893273,mucs2021,none,clean,eval,0.9973770380020142
${DATA_ROOT}/interim/rvc_gate/bonafide_source/903756_K3X6AGezGWAoDe1q_0059.wav,bonafide,hi-en,903756,mucs2021,none,clean,eval,0.9991699457168579
${DATA_ROOT}/interim/rvc_gate/bonafide_source/912184_V11NDc0lxudGbWQU_0053.wav,bonafide,hi-en,912184,mucs2021,none,clean,eval,0.0004648684407584369
${DATA_ROOT}/interim/rvc_gate/bonafide_source/975912_1eNS3GaW1oHHurL4_0052.wav,bonafide,hi-en,975912,mucs2021,none,clean,eval,0.9995904564857483
${DATA_ROOT}/interim/rvc_gate/bonafide_source/996368_n4ACC4gnqW0IM1wW_0051.wav,bonafide,hi-en,996368,mucs2021,none,clean,eval,0.9996994733810425
${DATA_ROOT}/interim/rvc_gate/bonafide_source/106718_vE1rhq3ojNKZvQNv_0059.wav,bonafide,hi-en,106718,mucs2021,none,clean,eval,0.994936466217041
${DATA_ROOT}/interim/rvc_gate/bonafide_source/142970_DP5j8CLDeL6HHHSX_0057.wav,bonafide,hi-en,142970,mucs2021,none,clean,eval,0.998478353023529
${DATA_ROOT}/interim/rvc_gate/bonafide_source/186783_LFpbaXkb8HuQ6DnF_0059.wav,bonafide,hi-en,186783,mucs2021,none,clean,eval,0.9995237588882446
${DATA_ROOT}/interim/rvc_gate/bonafide_source/322882_XTscbPr78nzuHhuu_0056.wav,bonafide,hi-en,322882,mucs2021,none,clean,eval,0.9988574981689453
${DATA_ROOT}/interim/rvc_gate/bonafide_source/413057_aKSsdMqkPfUWyYeS_0052.wav,bonafide,hi-en,413057,mucs2021,none,clean,eval,0.998867392539978
${DATA_ROOT}/interim/rvc_gate/bonafide_source/445718_H6Z2BkcyVtiuiN7A_0056.wav,bonafide,hi-en,445718,mucs2021,none,clean,eval,0.9989731311798096
${DATA_ROOT}/interim/rvc_gate/bonafide_source/457295_WgzliDtK6Htff0g2_0063.wav,bonafide,hi-en,457295,mucs2021,none,clean,eval,0.9989526271820068
${DATA_ROOT}/interim/rvc_gate/bonafide_source/539226_vZGSoJPH1tbvsyCa_0014.wav,bonafide,hi-en,539226,mucs2021,none,clean,eval,0.9976992011070251
${DATA_ROOT}/interim/rvc_gate/bonafide_source/539354_C3MtnFEDrRkWHSvJ_0055.wav,bonafide,hi-en,539354,mucs2021,none,clean,eval,0.9998005032539368
${DATA_ROOT}/interim/rvc_gate/bonafide_source/541304_cyhxRWI0LoKYZvcw_0054.wav,bonafide,hi-en,541304,mucs2021,none,clean,eval,0.9995654225349426
${DATA_ROOT}/interim/rvc_gate/bonafide_source/584991_1ijxO93RTIJh2Rzv_0053.wav,bonafide,hi-en,584991,mucs2021,none,clean,eval,0.989029049873352
${DATA_ROOT}/interim/rvc_gate/bonafide_source/634568_jCgweujQVV5haVF1_0057.wav,bonafide,hi-en,634568,mucs2021,none,clean,eval,0.9992960691452026
${DATA_ROOT}/interim/rvc_gate/bonafide_source/705494_fZcxLszRnIHxmVQp_0055.wav,bonafide,hi-en,705494,mucs2021,none,clean,eval,0.9980325102806091
${DATA_ROOT}/interim/rvc_gate/bonafide_source/797767_TRInoJRJxAX3qv5C_0052.wav,bonafide,hi-en,797767,mucs2021,none,clean,eval,0.9987555742263794
${DATA_ROOT}/interim/rvc_gate/bonafide_source/850754_wOTMMvC3WQ5YQRAF_0055.wav,bonafide,hi-en,850754,mucs2021,none,clean,eval,0.9994460940361023
${DATA_ROOT}/interim/rvc_gate/bonafide_source/870582_crdH0AI5aH25bEXe_0060.wav,bonafide,hi-en,870582,mucs2021,none,clean,eval,0.9970370531082153
${DATA_ROOT}/interim/rvc_gate/bonafide_source/876898_RyQSvr4r4iAMTYXq_0053.wav,bonafide,hi-en,876898,mucs2021,none,clean,eval,0.9930058717727661
${DATA_ROOT}/interim/rvc_gate/bonafide_source/893273_8xh3ZKpPy5YhAnKX_0060.wav,bonafide,hi-en,893273,mucs2021,none,clean,eval,0.999004065990448
${DATA_ROOT}/interim/rvc_gate/bonafide_source/903756_K3X6AGezGWAoDe1q_0060.wav,bonafide,hi-en,903756,mucs2021,none,clean,eval,0.999631404876709
${DATA_ROOT}/interim/rvc_gate/bonafide_source/912184_V11NDc0lxudGbWQU_0055.wav,bonafide,hi-en,912184,mucs2021,none,clean,eval,0.9959438443183899
${DATA_ROOT}/interim/rvc_gate/bonafide_source/975912_1eNS3GaW1oHHurL4_0053.wav,bonafide,hi-en,975912,mucs2021,none,clean,eval,0.9979234933853149
${DATA_ROOT}/interim/rvc_gate/bonafide_source/996368_n4ACC4gnqW0IM1wW_0052.wav,bonafide,hi-en,996368,mucs2021,none,clean,eval,0.9996882677078247
${DATA_ROOT}/interim/rvc_gate/bonafide_source/106718_vE1rhq3ojNKZvQNv_0060.wav,bonafide,hi-en,106718,mucs2021,none,clean,eval,0.9975466132164001
${DATA_ROOT}/interim/rvc_gate/bonafide_source/142970_DP5j8CLDeL6HHHSX_0058.wav,bonafide,hi-en,142970,mucs2021,none,clean,eval,0.9457703828811646
${DATA_ROOT}/interim/rvc_gate/bonafide_source/186783_LFpbaXkb8HuQ6DnF_0060.wav,bonafide,hi-en,186783,mucs2021,none,clean,eval,0.9997151494026184
${DATA_ROOT}/interim/rvc_gate/bonafide_source/322882_XTscbPr78nzuHhuu_0057.wav,bonafide,hi-en,322882,mucs2021,none,clean,eval,0.9991084933280945
${DATA_ROOT}/interim/rvc_gate/bonafide_source/413057_aKSsdMqkPfUWyYeS_0053.wav,bonafide,hi-en,413057,mucs2021,none,clean,eval,0.9989074468612671
${DATA_ROOT}/interim/rvc_gate/bonafide_source/445718_H6Z2BkcyVtiuiN7A_0058.wav,bonafide,hi-en,445718,mucs2021,none,clean,eval,0.9949377775192261
${DATA_ROOT}/interim/rvc_gate/bonafide_source/457295_WgzliDtK6Htff0g2_0064.wav,bonafide,hi-en,457295,mucs2021,none,clean,eval,0.9977201819419861
${DATA_ROOT}/interim/rvc_gate/bonafide_source/539354_C3MtnFEDrRkWHSvJ_0056.wav,bonafide,hi-en,539354,mucs2021,none,clean,eval,0.9999040365219116
${DATA_ROOT}/interim/rvc_gate/bonafide_source/541304_cyhxRWI0LoKYZvcw_0055.wav,bonafide,hi-en,541304,mucs2021,none,clean,eval,0.9999048709869385
${DATA_ROOT}/interim/rvc_gate/bonafide_source/584991_1ijxO93RTIJh2Rzv_0054.wav,bonafide,hi-en,584991,mucs2021,none,clean,eval,0.9908434152603149
${DATA_ROOT}/interim/rvc_gate/bonafide_source/634568_jCgweujQVV5haVF1_0058.wav,bonafide,hi-en,634568,mucs2021,none,clean,eval,0.998100221157074
${DATA_ROOT}/interim/rvc_gate/bonafide_source/705494_fZcxLszRnIHxmVQp_0056.wav,bonafide,hi-en,705494,mucs2021,none,clean,eval,0.998412013053894
${DATA_ROOT}/interim/rvc_gate/bonafide_source/797767_TRInoJRJxAX3qv5C_0053.wav,bonafide,hi-en,797767,mucs2021,none,clean,eval,0.9987261891365051
${DATA_ROOT}/interim/rvc_gate/bonafide_source/850754_wOTMMvC3WQ5YQRAF_0056.wav,bonafide,hi-en,850754,mucs2021,none,clean,eval,0.9983931183815002
${DATA_ROOT}/interim/rvc_gate/bonafide_source/870582_crdH0AI5aH25bEXe_0061.wav,bonafide,hi-en,870582,mucs2021,none,clean,eval,0.34987005591392517
${DATA_ROOT}/interim/rvc_gate/bonafide_source/876898_RyQSvr4r4iAMTYXq_0054.wav,bonafide,hi-en,876898,mucs2021,none,clean,eval,0.9966093301773071
${DATA_ROOT}/interim/rvc_gate/bonafide_source/893273_8xh3ZKpPy5YhAnKX_0061.wav,bonafide,hi-en,893273,mucs2021,none,clean,eval,0.9843088984489441
${DATA_ROOT}/interim/rvc_gate/bonafide_source/903756_K3X6AGezGWAoDe1q_0061.wav,bonafide,hi-en,903756,mucs2021,none,clean,eval,0.9977068901062012
${DATA_ROOT}/interim/rvc_gate/bonafide_source/912184_V11NDc0lxudGbWQU_0056.wav,bonafide,hi-en,912184,mucs2021,none,clean,eval,0.8838760852813721
${DATA_ROOT}/interim/rvc_gate/bonafide_source/975912_1eNS3GaW1oHHurL4_0054.wav,bonafide,hi-en,975912,mucs2021,none,clean,eval,0.9991311430931091
${DATA_ROOT}/interim/rvc_gate/bonafide_source/996368_n4ACC4gnqW0IM1wW_0053.wav,bonafide,hi-en,996368,mucs2021,none,clean,eval,0.9993278980255127
${DATA_ROOT}/interim/rvc_gate/bonafide_source/106718_vE1rhq3ojNKZvQNv_0061.wav,bonafide,hi-en,106718,mucs2021,none,clean,eval,0.9986661672592163
${DATA_ROOT}/interim/rvc_gate/bonafide_source/142970_DP5j8CLDeL6HHHSX_0059.wav,bonafide,hi-en,142970,mucs2021,none,clean,eval,0.9980575442314148
${DATA_ROOT}/interim/rvc_gate/bonafide_source/186783_LFpbaXkb8HuQ6DnF_0061.wav,bonafide,hi-en,186783,mucs2021,none,clean,eval,0.9711700081825256
${DATA_ROOT}/interim/rvc_gate/bonafide_source/322882_XTscbPr78nzuHhuu_0058.wav,bonafide,hi-en,322882,mucs2021,none,clean,eval,0.9984081387519836
${DATA_ROOT}/interim/rvc_gate/bonafide_source/106718_vE1rhq3ojNKZvQNv_0063.wav,bonafide,hi-en,106718,mucs2021,none,clean,eval,0.9987832903862
${DATA_ROOT}/interim/rvc_gate/bonafide_source/142970_DP5j8CLDeL6HHHSX_0063.wav,bonafide,hi-en,142970,mucs2021,none,clean,eval,0.9961426854133606
${DATA_ROOT}/interim/rvc_gate/bonafide_source/177570_jSNK2zDaIvyZsMZp_0066.wav,bonafide,hi-en,177570,mucs2021,none,clean,eval,0.9990085959434509
${DATA_ROOT}/interim/rvc_gate/bonafide_source/186783_LFpbaXkb8HuQ6DnF_0063.wav,bonafide,hi-en,186783,mucs2021,none,clean,eval,0.697545051574707
${DATA_ROOT}/interim/rvc_gate/bonafide_source/322882_XTscbPr78nzuHhuu_0060.wav,bonafide,hi-en,322882,mucs2021,none,clean,eval,0.9840325713157654
${DATA_ROOT}/interim/rvc_gate/bonafide_source/413057_aKSsdMqkPfUWyYeS_0056.wav,bonafide,hi-en,413057,mucs2021,none,clean,eval,0.9991251826286316
${DATA_ROOT}/interim/rvc_gate/bonafide_source/445718_H6Z2BkcyVtiuiN7A_0063.wav,bonafide,hi-en,445718,mucs2021,none,clean,eval,0.9962084293365479
${DATA_ROOT}/interim/rvc_gate/bonafide_source/457295_WgzliDtK6Htff0g2_0067.wav,bonafide,hi-en,457295,mucs2021,none,clean,eval,0.9990063309669495
${DATA_ROOT}/interim/rvc_gate/bonafide_source/539354_C3MtnFEDrRkWHSvJ_0059.wav,bonafide,hi-en,539354,mucs2021,none,clean,eval,0.9995098114013672
${DATA_ROOT}/interim/rvc_gate/bonafide_source/541304_cyhxRWI0LoKYZvcw_0058.wav,bonafide,hi-en,541304,mucs2021,none,clean,eval,0.9992665648460388
${DATA_ROOT}/interim/rvc_gate/bonafide_source/634568_jCgweujQVV5haVF1_0061.wav,bonafide,hi-en,634568,mucs2021,none,clean,eval,0.9978870749473572
${DATA_ROOT}/interim/rvc_gate/bonafide_source/705494_fZcxLszRnIHxmVQp_0060.wav,bonafide,hi-en,705494,mucs2021,none,clean,eval,0.9993513226509094
${DATA_ROOT}/interim/rvc_gate/bonafide_source/797767_TRInoJRJxAX3qv5C_0056.wav,bonafide,hi-en,797767,mucs2021,none,clean,eval,0.9979856014251709
${DATA_ROOT}/interim/rvc_gate/bonafide_source/850754_wOTMMvC3WQ5YQRAF_0059.wav,bonafide,hi-en,850754,mucs2021,none,clean,eval,0.9993224143981934
${DATA_ROOT}/interim/rvc_gate/bonafide_source/870582_crdH0AI5aH25bEXe_0064.wav,bonafide,hi-en,870582,mucs2021,none,clean,eval,0.00575985899195075
${DATA_ROOT}/interim/rvc_gate/bonafide_source/876898_RyQSvr4r4iAMTYXq_0058.wav,bonafide,hi-en,876898,mucs2021,none,clean,eval,0.9998530149459839
${DATA_ROOT}/interim/rvc_gate/bonafide_source/893273_8xh3ZKpPy5YhAnKX_0064.wav,bonafide,hi-en,893273,mucs2021,none,clean,eval,0.9990680813789368
${DATA_ROOT}/interim/rvc_gate/bonafide_source/903756_K3X6AGezGWAoDe1q_0064.wav,bonafide,hi-en,903756,mucs2021,none,clean,eval,0.9984294772148132
${DATA_ROOT}/interim/rvc_gate/bonafide_source/912184_V11NDc0lxudGbWQU_0059.wav,bonafide,hi-en,912184,mucs2021,none,clean,eval,0.9972641468048096
${DATA_ROOT}/interim/rvc_gate/bonafide_source/987461_LSRBJiHdUoHm4BTI_0005.wav,bonafide,hi-en,987461,mucs2021,none,clean,eval,0.9971135854721069
${DATA_ROOT}/interim/rvc_gate/bonafide_source/996368_n4ACC4gnqW0IM1wW_0056.wav,bonafide,hi-en,996368,mucs2021,none,clean,eval,0.9996200799942017
${DATA_ROOT}/interim/rvc_gate/bonafide_source/106718_vE1rhq3ojNKZvQNv_0065.wav,bonafide,hi-en,106718,mucs2021,none,clean,eval,0.9995564818382263
${DATA_ROOT}/interim/rvc_gate/bonafide_source/142970_DP5j8CLDeL6HHHSX_0064.wav,bonafide,hi-en,142970,mucs2021,none,clean,eval,0.9990761280059814
${DATA_ROOT}/interim/rvc_gate/bonafide_source/177570_jSNK2zDaIvyZsMZp_0067.wav,bonafide,hi-en,177570,mucs2021,none,clean,eval,0.9984087347984314
${DATA_ROOT}/interim/rvc_gate/bonafide_source/186783_LFpbaXkb8HuQ6DnF_0064.wav,bonafide,hi-en,186783,mucs2021,none,clean,eval,0.9911096096038818
${DATA_ROOT}/interim/rvc_gate/bonafide_source/322882_XTscbPr78nzuHhuu_0061.wav,bonafide,hi-en,322882,mucs2021,none,clean,eval,0.9992214441299438
${DATA_ROOT}/interim/rvc_gate/bonafide_source/413057_aKSsdMqkPfUWyYeS_0057.wav,bonafide,hi-en,413057,mucs2021,none,clean,eval,0.9989182949066162
${DATA_ROOT}/interim/rvc_gate/bonafide_source/445718_H6Z2BkcyVtiuiN7A_0064.wav,bonafide,hi-en,445718,mucs2021,none,clean,eval,0.9990808963775635
${DATA_ROOT}/interim/rvc_gate/bonafide_source/457295_WgzliDtK6Htff0g2_0068.wav,bonafide,hi-en,457295,mucs2021,none,clean,eval,0.999041736125946
${DATA_ROOT}/interim/rvc_gate/bonafide_source/539354_C3MtnFEDrRkWHSvJ_0060.wav,bonafide,hi-en,539354,mucs2021,none,clean,eval,0.999799907207489
${DATA_ROOT}/interim/rvc_gate/bonafide_source/541304_cyhxRWI0LoKYZvcw_0059.wav,bonafide,hi-en,541304,mucs2021,none,clean,eval,0.9992768168449402
${DATA_ROOT}/interim/rvc_gate/bonafide_source/634568_jCgweujQVV5haVF1_0062.wav,bonafide,hi-en,634568,mucs2021,none,clean,eval,0.9985646605491638
${DATA_ROOT}/interim/rvc_gate/bonafide_source/705494_fZcxLszRnIHxmVQp_0061.wav,bonafide,hi-en,705494,mucs2021,none,clean,eval,0.9986237287521362
${DATA_ROOT}/interim/rvc_gate/bonafide_source/797767_TRInoJRJxAX3qv5C_0057.wav,bonafide,hi-en,797767,mucs2021,none,clean,eval,0.9987794756889343
${DATA_ROOT}/interim/rvc_gate/bonafide_source/850754_wOTMMvC3WQ5YQRAF_0060.wav,bonafide,hi-en,850754,mucs2021,none,clean,eval,0.9998874664306641
${DATA_ROOT}/interim/rvc_gate/bonafide_source/870582_crdH0AI5aH25bEXe_0065.wav,bonafide,hi-en,870582,mucs2021,none,clean,eval,0.9997952580451965
${DATA_ROOT}/interim/rvc_gate/bonafide_source/876898_RyQSvr4r4iAMTYXq_0059.wav,bonafide,hi-en,876898,mucs2021,none,clean,eval,0.9991518259048462
${DATA_ROOT}/interim/rvc_gate/bonafide_source/893273_8xh3ZKpPy5YhAnKX_0065.wav,bonafide,hi-en,893273,mucs2021,none,clean,eval,0.9906875491142273
${DATA_ROOT}/interim/rvc_gate/bonafide_source/903756_K3X6AGezGWAoDe1q_0066.wav,bonafide,hi-en,903756,mucs2021,none,clean,eval,0.9989652633666992
${DATA_ROOT}/interim/rvc_gate/bonafide_source/912184_V11NDc0lxudGbWQU_0060.wav,bonafide,hi-en,912184,mucs2021,none,clean,eval,0.9998186230659485
${DATA_ROOT}/interim/rvc_gate/bonafide_source/987461_LSRBJiHdUoHm4BTI_0006.wav,bonafide,hi-en,987461,mucs2021,none,clean,eval,0.9974459409713745
${DATA_ROOT}/interim/rvc_gate/bonafide_source/996368_n4ACC4gnqW0IM1wW_0057.wav,bonafide,hi-en,996368,mucs2021,none,clean,eval,0.9993600249290466
${DATA_ROOT}/interim/rvc_gate/bonafide_source/106718_vE1rhq3ojNKZvQNv_0066.wav,bonafide,hi-en,106718,mucs2021,none,clean,eval,0.9986931681632996
${DATA_ROOT}/interim/rvc_gate/bonafide_source/142970_DP5j8CLDeL6HHHSX_0065.wav,bonafide,hi-en,142970,mucs2021,none,clean,eval,0.9958415627479553
${DATA_ROOT}/interim/rvc_gate/bonafide_source/177570_jSNK2zDaIvyZsMZp_0068.wav,bonafide,hi-en,177570,mucs2021,none,clean,eval,0.9899075031280518
${DATA_ROOT}/interim/rvc_gate/bonafide_source/186783_LFpbaXkb8HuQ6DnF_0065.wav,bonafide,hi-en,186783,mucs2021,none,clean,eval,0.9967087507247925
${DATA_ROOT}/interim/rvc_gate/bonafide_source/205240_F4KjmwYhWvnpSE0m_0020.wav,bonafide,hi-en,205240,mucs2021,none,clean,eval,0.9885557293891907
${DATA_ROOT}/interim/rvc_gate/bonafide_source/322882_XTscbPr78nzuHhuu_0062.wav,bonafide,hi-en,322882,mucs2021,none,clean,eval,0.998940646648407
${DATA_ROOT}/interim/rvc_gate/bonafide_source/413057_aKSsdMqkPfUWyYeS_0058.wav,bonafide,hi-en,413057,mucs2021,none,clean,eval,0.9988013505935669
${DATA_ROOT}/interim/rvc_gate/bonafide_source/445718_H6Z2BkcyVtiuiN7A_0065.wav,bonafide,hi-en,445718,mucs2021,none,clean,eval,0.9973983764648438
${DATA_ROOT}/interim/rvc_gate/bonafide_source/457295_WgzliDtK6Htff0g2_0069.wav,bonafide,hi-en,457295,mucs2021,none,clean,eval,0.9992431402206421
${DATA_ROOT}/interim/rvc_gate/bonafide_source/539226_vZGSoJPH1tbvsyCa_0020.wav,bonafide,hi-en,539226,mucs2021,none,clean,eval,0.01621660590171814
${DATA_ROOT}/interim/rvc_gate/bonafide_source/539354_C3MtnFEDrRkWHSvJ_0061.wav,bonafide,hi-en,539354,mucs2021,none,clean,eval,0.9894786477088928
${DATA_ROOT}/interim/rvc_gate/bonafide_source/541304_cyhxRWI0LoKYZvcw_0060.wav,bonafide,hi-en,541304,mucs2021,none,clean,eval,0.9959396123886108
${DATA_ROOT}/interim/rvc_gate/bonafide_source/634568_jCgweujQVV5haVF1_0063.wav,bonafide,hi-en,634568,mucs2021,none,clean,eval,0.9989281296730042
${DATA_ROOT}/interim/rvc_gate/bonafide_source/705494_fZcxLszRnIHxmVQp_0062.wav,bonafide,hi-en,705494,mucs2021,none,clean,eval,0.9662051796913147
${DATA_ROOT}/interim/rvc_gate/bonafide_source/797767_TRInoJRJxAX3qv5C_0058.wav,bonafide,hi-en,797767,mucs2021,none,clean,eval,0.9991807341575623
${DATA_ROOT}/interim/rvc_gate/bonafide_source/850754_wOTMMvC3WQ5YQRAF_0062.wav,bonafide,hi-en,850754,mucs2021,none,clean,eval,0.9998880624771118
${DATA_ROOT}/interim/rvc_gate/bonafide_source/870582_crdH0AI5aH25bEXe_0068.wav,bonafide,hi-en,870582,mucs2021,none,clean,eval,0.999401330947876
${DATA_ROOT}/interim/rvc_gate/bonafide_source/876898_RyQSvr4r4iAMTYXq_0060.wav,bonafide,hi-en,876898,mucs2021,none,clean,eval,0.9826443791389465
${DATA_ROOT}/interim/rvc_gate/bonafide_source/903756_K3X6AGezGWAoDe1q_0067.wav,bonafide,hi-en,903756,mucs2021,none,clean,eval,0.9984143972396851
${DATA_ROOT}/interim/rvc_gate/bonafide_source/912184_V11NDc0lxudGbWQU_0061.wav,bonafide,hi-en,912184,mucs2021,none,clean,eval,0.9950693845748901
${DATA_ROOT}/interim/rvc_gate/bonafide_source/996368_n4ACC4gnqW0IM1wW_0058.wav,bonafide,hi-en,996368,mucs2021,none,clean,eval,0.9997875094413757
${DATA_ROOT}/interim/rvc_gate/bonafide_source/106718_vE1rhq3ojNKZvQNv_0067.wav,bonafide,hi-en,106718,mucs2021,none,clean,eval,0.9970671534538269
${DATA_ROOT}/interim/rvc_gate/bonafide_source/142970_DP5j8CLDeL6HHHSX_0066.wav,bonafide,hi-en,142970,mucs2021,none,clean,eval,0.9989892840385437
${DATA_ROOT}/interim/rvc_gate/bonafide_source/177570_jSNK2zDaIvyZsMZp_0069.wav,bonafide,hi-en,177570,mucs2021,none,clean,eval,0.9993382096290588
${DATA_ROOT}/interim/rvc_gate/bonafide_source/186783_LFpbaXkb8HuQ6DnF_0066.wav,bonafide,hi-en,186783,mucs2021,none,clean,eval,0.9991362690925598
${DATA_ROOT}/interim/rvc_gate/bonafide_source/322882_XTscbPr78nzuHhuu_0063.wav,bonafide,hi-en,322882,mucs2021,none,clean,eval,0.998810887336731
${DATA_ROOT}/interim/rvc_gate/bonafide_source/413057_aKSsdMqkPfUWyYeS_0059.wav,bonafide,hi-en,413057,mucs2021,none,clean,eval,0.9980241060256958
${DATA_ROOT}/interim/rvc_gate/bonafide_source/445718_H6Z2BkcyVtiuiN7A_0066.wav,bonafide,hi-en,445718,mucs2021,none,clean,eval,0.999238133430481
${DATA_ROOT}/interim/rvc_gate/bonafide_source/457295_WgzliDtK6Htff0g2_0070.wav,bonafide,hi-en,457295,mucs2021,none,clean,eval,0.5208805799484253
${DATA_ROOT}/interim/rvc_gate/bonafide_source/539226_vZGSoJPH1tbvsyCa_0021.wav,bonafide,hi-en,539226,mucs2021,none,clean,eval,0.8727554082870483
${DATA_ROOT}/interim/rvc_gate/bonafide_source/539354_C3MtnFEDrRkWHSvJ_0062.wav,bonafide,hi-en,539354,mucs2021,none,clean,eval,0.9994440674781799
${DATA_ROOT}/interim/rvc_gate/bonafide_source/541304_cyhxRWI0LoKYZvcw_0061.wav,bonafide,hi-en,541304,mucs2021,none,clean,eval,0.9995678067207336
${DATA_ROOT}/interim/rvc_gate/bonafide_source/634568_jCgweujQVV5haVF1_0064.wav,bonafide,hi-en,634568,mucs2021,none,clean,eval,0.998348593711853
${DATA_ROOT}/interim/rvc_gate/bonafide_source/705494_fZcxLszRnIHxmVQp_0063.wav,bonafide,hi-en,705494,mucs2021,none,clean,eval,0.9985082745552063
${DATA_ROOT}/interim/rvc_gate/bonafide_source/797767_TRInoJRJxAX3qv5C_0059.wav,bonafide,hi-en,797767,mucs2021,none,clean,eval,0.9956933856010437
${DATA_ROOT}/interim/rvc_gate/bonafide_source/850754_wOTMMvC3WQ5YQRAF_0063.wav,bonafide,hi-en,850754,mucs2021,none,clean,eval,0.9996225833892822
${DATA_ROOT}/interim/rvc_gate/bonafide_source/870582_crdH0AI5aH25bEXe_0069.wav,bonafide,hi-en,870582,mucs2021,none,clean,eval,0.9946644306182861
${DATA_ROOT}/interim/rvc_gate/bonafide_source/876898_RyQSvr4r4iAMTYXq_0061.wav,bonafide,hi-en,876898,mucs2021,none,clean,eval,0.9503764510154724
${DATA_ROOT}/interim/rvc_gate/bonafide_source/903756_K3X6AGezGWAoDe1q_0068.wav,bonafide,hi-en,903756,mucs2021,none,clean,eval,0.9991260170936584
${DATA_ROOT}/interim/rvc_gate/bonafide_source/912184_V11NDc0lxudGbWQU_0062.wav,bonafide,hi-en,912184,mucs2021,none,clean,eval,0.9988064765930176
${DATA_ROOT}/interim/rvc_gate/bonafide_source/996368_n4ACC4gnqW0IM1wW_0059.wav,bonafide,hi-en,996368,mucs2021,none,clean,eval,0.9997065663337708
${DATA_ROOT}/interim/rvc_gate/bonafide_source/106718_vE1rhq3ojNKZvQNv_0068.wav,bonafide,hi-en,106718,mucs2021,none,clean,eval,0.9989871382713318
${DATA_ROOT}/interim/rvc_gate/bonafide_source/142970_DP5j8CLDeL6HHHSX_0068.wav,bonafide,hi-en,142970,mucs2021,none,clean,eval,0.9847032427787781
${DATA_ROOT}/interim/rvc_gate/bonafide_source/177570_jSNK2zDaIvyZsMZp_0070.wav,bonafide,hi-en,177570,mucs2021,none,clean,eval,0.998531699180603
${DATA_ROOT}/interim/rvc_gate/bonafide_source/186783_LFpbaXkb8HuQ6DnF_0067.wav,bonafide,hi-en,186783,mucs2021,none,clean,eval,0.9926111102104187
${DATA_ROOT}/interim/rvc_gate/bonafide_source/322882_XTscbPr78nzuHhuu_0064.wav,bonafide,hi-en,322882,mucs2021,none,clean,eval,0.9987272620201111
${DATA_ROOT}/interim/rvc_gate/bonafide_source/413057_aKSsdMqkPfUWyYeS_0060.wav,bonafide,hi-en,413057,mucs2021,none,clean,eval,0.9984208345413208
${DATA_ROOT}/interim/rvc_gate/bonafide_source/445718_H6Z2BkcyVtiuiN7A_0067.wav,bonafide,hi-en,445718,mucs2021,none,clean,eval,0.9989901185035706
${DATA_ROOT}/interim/rvc_gate/bonafide_source/457295_WgzliDtK6Htff0g2_0071.wav,bonafide,hi-en,457295,mucs2021,none,clean,eval,0.9978606104850769
${DATA_ROOT}/interim/rvc_gate/bonafide_source/539354_C3MtnFEDrRkWHSvJ_0063.wav,bonafide,hi-en,539354,mucs2021,none,clean,eval,0.9994819760322571
${DATA_ROOT}/interim/rvc_gate/bonafide_source/541304_cyhxRWI0LoKYZvcw_0062.wav,bonafide,hi-en,541304,mucs2021,none,clean,eval,0.9991518259048462
${DATA_ROOT}/interim/rvc_gate/bonafide_source/634568_jCgweujQVV5haVF1_0065.wav,bonafide,hi-en,634568,mucs2021,none,clean,eval,0.9981836676597595
${DATA_ROOT}/interim/rvc_gate/bonafide_source/705494_fZcxLszRnIHxmVQp_0064.wav,bonafide,hi-en,705494,mucs2021,none,clean,eval,0.9975311160087585
${DATA_ROOT}/interim/rvc_gate/bonafide_source/797767_TRInoJRJxAX3qv5C_0060.wav,bonafide,hi-en,797767,mucs2021,none,clean,eval,0.9974155426025391
${DATA_ROOT}/interim/rvc_gate/bonafide_source/850754_wOTMMvC3WQ5YQRAF_0064.wav,bonafide,hi-en,850754,mucs2021,none,clean,eval,0.9997381567955017
${DATA_ROOT}/interim/rvc_gate/bonafide_source/870582_crdH0AI5aH25bEXe_0072.wav,bonafide,hi-en,870582,mucs2021,none,clean,eval,0.9998772144317627
${DATA_ROOT}/interim/rvc_gate/bonafide_source/876898_RyQSvr4r4iAMTYXq_0062.wav,bonafide,hi-en,876898,mucs2021,none,clean,eval,0.9993182420730591
${DATA_ROOT}/interim/rvc_gate/bonafide_source/903756_K3X6AGezGWAoDe1q_0069.wav,bonafide,hi-en,903756,mucs2021,none,clean,eval,0.9980695843696594
${DATA_ROOT}/interim/rvc_gate/bonafide_source/912184_V11NDc0lxudGbWQU_0063.wav,bonafide,hi-en,912184,mucs2021,none,clean,eval,0.9985074400901794
${DATA_ROOT}/interim/rvc_gate/bonafide_source/975912_1eNS3GaW1oHHurL4_0005.wav,bonafide,hi-en,975912,mucs2021,none,clean,eval,0.9991662502288818
${DATA_ROOT}/interim/rvc_gate/bonafide_source/996368_n4ACC4gnqW0IM1wW_0060.wav,bonafide,hi-en,996368,mucs2021,none,clean,eval,0.9997414946556091
${DATA_ROOT}/interim/rvc_gate/bonafide_source/106718_vE1rhq3ojNKZvQNv_0069.wav,bonafide,hi-en,106718,mucs2021,none,clean,eval,0.9973995685577393
${DATA_ROOT}/interim/rvc_gate/bonafide_source/142970_DP5j8CLDeL6HHHSX_0069.wav,bonafide,hi-en,142970,mucs2021,none,clean,eval,0.9871237277984619
${DATA_ROOT}/interim/rvc_gate/bonafide_source/177570_jSNK2zDaIvyZsMZp_0071.wav,bonafide,hi-en,177570,mucs2021,none,clean,eval,0.9987249970436096
${DATA_ROOT}/interim/rvc_gate/bonafide_source/106718_vE1rhq3ojNKZvQNv_0071.wav,bonafide,hi-en,106718,mucs2021,none,clean,eval,0.9979943037033081
${DATA_ROOT}/interim/rvc_gate/bonafide_source/142970_DP5j8CLDeL6HHHSX_0071.wav,bonafide,hi-en,142970,mucs2021,none,clean,eval,0.9966502785682678
${DATA_ROOT}/interim/rvc_gate/bonafide_source/177570_jSNK2zDaIvyZsMZp_0073.wav,bonafide,hi-en,177570,mucs2021,none,clean,eval,0.9984242916107178
${DATA_ROOT}/interim/rvc_gate/bonafide_source/322882_XTscbPr78nzuHhuu_0067.wav,bonafide,hi-en,322882,mucs2021,none,clean,eval,0.9986819624900818
${DATA_ROOT}/interim/rvc_gate/bonafide_source/413057_aKSsdMqkPfUWyYeS_0063.wav,bonafide,hi-en,413057,mucs2021,none,clean,eval,0.9443912506103516
${DATA_ROOT}/interim/rvc_gate/bonafide_source/445718_H6Z2BkcyVtiuiN7A_0071.wav,bonafide,hi-en,445718,mucs2021,none,clean,eval,0.999204695224762
${DATA_ROOT}/interim/rvc_gate/bonafide_source/457295_WgzliDtK6Htff0g2_0074.wav,bonafide,hi-en,457295,mucs2021,none,clean,eval,0.9981790781021118
${DATA_ROOT}/interim/rvc_gate/bonafide_source/539354_C3MtnFEDrRkWHSvJ_0066.wav,bonafide,hi-en,539354,mucs2021,none,clean,eval,0.9997426867485046
${DATA_ROOT}/interim/rvc_gate/bonafide_source/584991_1ijxO93RTIJh2Rzv_0064.wav,bonafide,hi-en,584991,mucs2021,none,clean,eval,0.9994801878929138
${DATA_ROOT}/interim/rvc_gate/bonafide_source/634568_jCgweujQVV5haVF1_0070.wav,bonafide,hi-en,634568,mucs2021,none,clean,eval,0.9942517280578613
${DATA_ROOT}/interim/rvc_gate/bonafide_source/705494_fZcxLszRnIHxmVQp_0067.wav,bonafide,hi-en,705494,mucs2021,none,clean,eval,0.9847108721733093
${DATA_ROOT}/interim/rvc_gate/bonafide_source/797767_TRInoJRJxAX3qv5C_0063.wav,bonafide,hi-en,797767,mucs2021,none,clean,eval,0.7863413691520691
${DATA_ROOT}/interim/rvc_gate/bonafide_source/850754_wOTMMvC3WQ5YQRAF_0067.wav,bonafide,hi-en,850754,mucs2021,none,clean,eval,0.9991642236709595
${DATA_ROOT}/interim/rvc_gate/bonafide_source/870582_crdH0AI5aH25bEXe_0075.wav,bonafide,hi-en,870582,mucs2021,none,clean,eval,0.9851574897766113
${DATA_ROOT}/interim/rvc_gate/bonafide_source/876898_RyQSvr4r4iAMTYXq_0065.wav,bonafide,hi-en,876898,mucs2021,none,clean,eval,0.9969879984855652
${DATA_ROOT}/interim/rvc_gate/bonafide_source/893273_8xh3ZKpPy5YhAnKX_0006.wav,bonafide,hi-en,893273,mucs2021,none,clean,eval,0.9840003848075867
${DATA_ROOT}/interim/rvc_gate/bonafide_source/903756_K3X6AGezGWAoDe1q_0072.wav,bonafide,hi-en,903756,mucs2021,none,clean,eval,0.9989461302757263
${DATA_ROOT}/interim/rvc_gate/bonafide_source/912184_V11NDc0lxudGbWQU_0067.wav,bonafide,hi-en,912184,mucs2021,none,clean,eval,0.0005212115356698632
${DATA_ROOT}/interim/rvc_gate/bonafide_source/987461_LSRBJiHdUoHm4BTI_0012.wav,bonafide,hi-en,987461,mucs2021,none,clean,eval,0.9913554787635803
${DATA_ROOT}/interim/rvc_gate/bonafide_source/996368_n4ACC4gnqW0IM1wW_0063.wav,bonafide,hi-en,996368,mucs2021,none,clean,eval,0.9997085928916931
${DATA_ROOT}/interim/rvc_gate/bonafide_source/106718_vE1rhq3ojNKZvQNv_0072.wav,bonafide,hi-en,106718,mucs2021,none,clean,eval,0.9988067150115967
${DATA_ROOT}/interim/rvc_gate/bonafide_source/142970_DP5j8CLDeL6HHHSX_0072.wav,bonafide,hi-en,142970,mucs2021,none,clean,eval,0.9986292123794556
${DATA_ROOT}/interim/rvc_gate/bonafide_source/177570_jSNK2zDaIvyZsMZp_0074.wav,bonafide,hi-en,177570,mucs2021,none,clean,eval,0.9988839030265808
${DATA_ROOT}/interim/rvc_gate/bonafide_source/322882_XTscbPr78nzuHhuu_0069.wav,bonafide,hi-en,322882,mucs2021,none,clean,eval,0.9990094900131226
${DATA_ROOT}/interim/rvc_gate/bonafide_source/413057_aKSsdMqkPfUWyYeS_0064.wav,bonafide,hi-en,413057,mucs2021,none,clean,eval,0.9990266561508179
${DATA_ROOT}/interim/rvc_gate/bonafide_source/445718_H6Z2BkcyVtiuiN7A_0072.wav,bonafide,hi-en,445718,mucs2021,none,clean,eval,0.9995548129081726
${DATA_ROOT}/interim/rvc_gate/bonafide_source/457295_WgzliDtK6Htff0g2_0075.wav,bonafide,hi-en,457295,mucs2021,none,clean,eval,0.9789108037948608
${DATA_ROOT}/interim/rvc_gate/bonafide_source/539354_C3MtnFEDrRkWHSvJ_0067.wav,bonafide,hi-en,539354,mucs2021,none,clean,eval,0.9996095299720764
${DATA_ROOT}/interim/rvc_gate/bonafide_source/584991_1ijxO93RTIJh2Rzv_0065.wav,bonafide,hi-en,584991,mucs2021,none,clean,eval,0.9972578883171082
${DATA_ROOT}/interim/rvc_gate/bonafide_source/634568_jCgweujQVV5haVF1_0071.wav,bonafide,hi-en,634568,mucs2021,none,clean,eval,0.9989290833473206
${DATA_ROOT}/interim/rvc_gate/bonafide_source/705494_fZcxLszRnIHxmVQp_0068.wav,bonafide,hi-en,705494,mucs2021,none,clean,eval,0.9983452558517456
${DATA_ROOT}/interim/rvc_gate/bonafide_source/797767_TRInoJRJxAX3qv5C_0064.wav,bonafide,hi-en,797767,mucs2021,none,clean,eval,0.9991368651390076
${DATA_ROOT}/interim/rvc_gate/bonafide_source/850754_wOTMMvC3WQ5YQRAF_0068.wav,bonafide,hi-en,850754,mucs2021,none,clean,eval,0.9991490840911865
${DATA_ROOT}/interim/rvc_gate/bonafide_source/870582_crdH0AI5aH25bEXe_0076.wav,bonafide,hi-en,870582,mucs2021,none,clean,eval,0.9997953772544861
${DATA_ROOT}/interim/rvc_gate/bonafide_source/876898_RyQSvr4r4iAMTYXq_0067.wav,bonafide,hi-en,876898,mucs2021,none,clean,eval,0.993985116481781
${DATA_ROOT}/interim/rvc_gate/bonafide_source/893273_8xh3ZKpPy5YhAnKX_0007.wav,bonafide,hi-en,893273,mucs2021,none,clean,eval,0.9983547329902649
${DATA_ROOT}/interim/rvc_gate/bonafide_source/903756_K3X6AGezGWAoDe1q_0073.wav,bonafide,hi-en,903756,mucs2021,none,clean,eval,0.9983610510826111
${DATA_ROOT}/interim/rvc_gate/bonafide_source/912184_V11NDc0lxudGbWQU_0068.wav,bonafide,hi-en,912184,mucs2021,none,clean,eval,0.9612888097763062
${DATA_ROOT}/interim/rvc_gate/bonafide_source/987461_LSRBJiHdUoHm4BTI_0013.wav,bonafide,hi-en,987461,mucs2021,none,clean,eval,0.998213529586792
${DATA_ROOT}/interim/rvc_gate/bonafide_source/996368_n4ACC4gnqW0IM1wW_0064.wav,bonafide,hi-en,996368,mucs2021,none,clean,eval,0.999170184135437
${DATA_ROOT}/interim/rvc_gate/bonafide_source/106718_vE1rhq3ojNKZvQNv_0073.wav,bonafide,hi-en,106718,mucs2021,none,clean,eval,0.9878710508346558
${DATA_ROOT}/interim/rvc_gate/bonafide_source/142970_DP5j8CLDeL6HHHSX_0073.wav,bonafide,hi-en,142970,mucs2021,none,clean,eval,0.9977633953094482
${DATA_ROOT}/interim/rvc_gate/bonafide_source/177570_jSNK2zDaIvyZsMZp_0075.wav,bonafide,hi-en,177570,mucs2021,none,clean,eval,0.9334699511528015
${DATA_ROOT}/interim/rvc_gate/bonafide_source/205240_F4KjmwYhWvnpSE0m_0031.wav,bonafide,hi-en,205240,mucs2021,none,clean,eval,0.9974365830421448
${DATA_ROOT}/interim/rvc_gate/bonafide_source/322882_XTscbPr78nzuHhuu_0070.wav,bonafide,hi-en,322882,mucs2021,none,clean,eval,0.9939883947372437
${DATA_ROOT}/interim/rvc_gate/bonafide_source/413057_aKSsdMqkPfUWyYeS_0065.wav,bonafide,hi-en,413057,mucs2021,none,clean,eval,0.9988752007484436
${DATA_ROOT}/interim/rvc_gate/bonafide_source/445718_H6Z2BkcyVtiuiN7A_0074.wav,bonafide,hi-en,445718,mucs2021,none,clean,eval,0.9983994364738464
${DATA_ROOT}/interim/rvc_gate/bonafide_source/457295_WgzliDtK6Htff0g2_0076.wav,bonafide,hi-en,457295,mucs2021,none,clean,eval,0.9964863061904907
${DATA_ROOT}/interim/rvc_gate/bonafide_source/539226_vZGSoJPH1tbvsyCa_0027.wav,bonafide,hi-en,539226,mucs2021,none,clean,eval,0.9893107414245605
${DATA_ROOT}/interim/rvc_gate/bonafide_source/539354_C3MtnFEDrRkWHSvJ_0068.wav,bonafide,hi-en,539354,mucs2021,none,clean,eval,0.9998183846473694
${DATA_ROOT}/interim/rvc_gate/bonafide_source/584991_1ijxO93RTIJh2Rzv_0066.wav,bonafide,hi-en,584991,mucs2021,none,clean,eval,0.9955600500106812
${DATA_ROOT}/interim/rvc_gate/bonafide_source/634568_jCgweujQVV5haVF1_0072.wav,bonafide,hi-en,634568,mucs2021,none,clean,eval,0.9991101622581482
${DATA_ROOT}/interim/rvc_gate/bonafide_source/705494_fZcxLszRnIHxmVQp_0069.wav,bonafide,hi-en,705494,mucs2021,none,clean,eval,0.9886130094528198
${DATA_ROOT}/interim/rvc_gate/bonafide_source/797767_TRInoJRJxAX3qv5C_0065.wav,bonafide,hi-en,797767,mucs2021,none,clean,eval,0.998803973197937
${DATA_ROOT}/interim/rvc_gate/bonafide_source/850754_wOTMMvC3WQ5YQRAF_0069.wav,bonafide,hi-en,850754,mucs2021,none,clean,eval,0.9996434450149536
${DATA_ROOT}/interim/rvc_gate/bonafide_source/870582_crdH0AI5aH25bEXe_0077.wav,bonafide,hi-en,870582,mucs2021,none,clean,eval,0.9975614547729492
${DATA_ROOT}/interim/rvc_gate/bonafide_source/876898_RyQSvr4r4iAMTYXq_0068.wav,bonafide,hi-en,876898,mucs2021,none,clean,eval,0.9872636198997498
${DATA_ROOT}/interim/rvc_gate/bonafide_source/903756_K3X6AGezGWAoDe1q_0075.wav,bonafide,hi-en,903756,mucs2021,none,clean,eval,0.993293046951294
${DATA_ROOT}/interim/rvc_gate/bonafide_source/912184_V11NDc0lxudGbWQU_0069.wav,bonafide,hi-en,912184,mucs2021,none,clean,eval,0.0017268962692469358
${DATA_ROOT}/interim/rvc_gate/bonafide_source/996368_n4ACC4gnqW0IM1wW_0065.wav,bonafide,hi-en,996368,mucs2021,none,clean,eval,0.9995928406715393
${DATA_ROOT}/interim/rvc_gate/bonafide_source/106718_vE1rhq3ojNKZvQNv_0074.wav,bonafide,hi-en,106718,mucs2021,none,clean,eval,0.9961387515068054
${DATA_ROOT}/interim/rvc_gate/bonafide_source/142970_DP5j8CLDeL6HHHSX_0076.wav,bonafide,hi-en,142970,mucs2021,none,clean,eval,0.9995349645614624
${DATA_ROOT}/interim/rvc_gate/bonafide_source/177570_jSNK2zDaIvyZsMZp_0076.wav,bonafide,hi-en,177570,mucs2021,none,clean,eval,0.9982479810714722
${DATA_ROOT}/interim/rvc_gate/bonafide_source/322882_XTscbPr78nzuHhuu_0071.wav,bonafide,hi-en,322882,mucs2021,none,clean,eval,0.9985482096672058
${DATA_ROOT}/interim/rvc_gate/bonafide_source/413057_aKSsdMqkPfUWyYeS_0066.wav,bonafide,hi-en,413057,mucs2021,none,clean,eval,0.9979047775268555
${DATA_ROOT}/interim/rvc_gate/bonafide_source/445718_H6Z2BkcyVtiuiN7A_0075.wav,bonafide,hi-en,445718,mucs2021,none,clean,eval,0.9918590188026428
${DATA_ROOT}/interim/rvc_gate/bonafide_source/457295_WgzliDtK6Htff0g2_0077.wav,bonafide,hi-en,457295,mucs2021,none,clean,eval,0.9981813430786133
${DATA_ROOT}/interim/rvc_gate/bonafide_source/539226_vZGSoJPH1tbvsyCa_0028.wav,bonafide,hi-en,539226,mucs2021,none,clean,eval,0.9986717700958252
${DATA_ROOT}/interim/rvc_gate/bonafide_source/539354_C3MtnFEDrRkWHSvJ_0069.wav,bonafide,hi-en,539354,mucs2021,none,clean,eval,0.9995793700218201
${DATA_ROOT}/interim/rvc_gate/bonafide_source/584991_1ijxO93RTIJh2Rzv_0067.wav,bonafide,hi-en,584991,mucs2021,none,clean,eval,0.9645034670829773
${DATA_ROOT}/interim/rvc_gate/bonafide_source/634568_jCgweujQVV5haVF1_0073.wav,bonafide,hi-en,634568,mucs2021,none,clean,eval,0.9975601434707642
${DATA_ROOT}/interim/rvc_gate/bonafide_source/705494_fZcxLszRnIHxmVQp_0070.wav,bonafide,hi-en,705494,mucs2021,none,clean,eval,0.2457510381937027
${DATA_ROOT}/interim/rvc_gate/bonafide_source/797767_TRInoJRJxAX3qv5C_0066.wav,bonafide,hi-en,797767,mucs2021,none,clean,eval,0.9987486600875854
${DATA_ROOT}/interim/rvc_gate/bonafide_source/850754_wOTMMvC3WQ5YQRAF_0070.wav,bonafide,hi-en,850754,mucs2021,none,clean,eval,0.9996358156204224
${DATA_ROOT}/interim/rvc_gate/bonafide_source/870582_crdH0AI5aH25bEXe_0079.wav,bonafide,hi-en,870582,mucs2021,none,clean,eval,0.9973770380020142
${DATA_ROOT}/interim/rvc_gate/bonafide_source/876898_RyQSvr4r4iAMTYXq_0069.wav,bonafide,hi-en,876898,mucs2021,none,clean,eval,0.9979026317596436
${DATA_ROOT}/interim/rvc_gate/bonafide_source/903756_K3X6AGezGWAoDe1q_0076.wav,bonafide,hi-en,903756,mucs2021,none,clean,eval,0.9997088313102722
${DATA_ROOT}/interim/rvc_gate/bonafide_source/912184_V11NDc0lxudGbWQU_0070.wav,bonafide,hi-en,912184,mucs2021,none,clean,eval,0.0002794759056996554
${DATA_ROOT}/interim/rvc_gate/bonafide_source/996368_n4ACC4gnqW0IM1wW_0066.wav,bonafide,hi-en,996368,mucs2021,none,clean,eval,0.9993682503700256
${DATA_ROOT}/interim/rvc_gate/bonafide_source/106718_vE1rhq3ojNKZvQNv_0075.wav,bonafide,hi-en,106718,mucs2021,none,clean,eval,0.9965028762817383
${DATA_ROOT}/interim/rvc_gate/bonafide_source/142970_DP5j8CLDeL6HHHSX_0077.wav,bonafide,hi-en,142970,mucs2021,none,clean,eval,0.999607264995575
${DATA_ROOT}/interim/rvc_gate/bonafide_source/177570_jSNK2zDaIvyZsMZp_0077.wav,bonafide,hi-en,177570,mucs2021,none,clean,eval,0.9915317893028259
${DATA_ROOT}/interim/rvc_gate/bonafide_source/186783_LFpbaXkb8HuQ6DnF_0006.wav,bonafide,hi-en,186783,mucs2021,none,clean,eval,0.998022198677063
${DATA_ROOT}/interim/rvc_gate/bonafide_source/322882_XTscbPr78nzuHhuu_0072.wav,bonafide,hi-en,322882,mucs2021,none,clean,eval,0.9981729984283447
${DATA_ROOT}/interim/rvc_gate/bonafide_source/413057_aKSsdMqkPfUWyYeS_0067.wav,bonafide,hi-en,413057,mucs2021,none,clean,eval,0.9974567294120789
${DATA_ROOT}/interim/rvc_gate/bonafide_source/445718_H6Z2BkcyVtiuiN7A_0076.wav,bonafide,hi-en,445718,mucs2021,none,clean,eval,0.9986951947212219
${DATA_ROOT}/interim/rvc_gate/bonafide_source/457295_WgzliDtK6Htff0g2_0078.wav,bonafide,hi-en,457295,mucs2021,none,clean,eval,0.9987027645111084
${DATA_ROOT}/interim/rvc_gate/bonafide_source/539354_C3MtnFEDrRkWHSvJ_0070.wav,bonafide,hi-en,539354,mucs2021,none,clean,eval,0.9993762373924255
${DATA_ROOT}/interim/rvc_gate/bonafide_source/584991_1ijxO93RTIJh2Rzv_0068.wav,bonafide,hi-en,584991,mucs2021,none,clean,eval,0.7748596668243408
${DATA_ROOT}/interim/rvc_gate/bonafide_source/634568_jCgweujQVV5haVF1_0074.wav,bonafide,hi-en,634568,mucs2021,none,clean,eval,0.9959889054298401
${DATA_ROOT}/interim/rvc_gate/bonafide_source/705494_fZcxLszRnIHxmVQp_0071.wav,bonafide,hi-en,705494,mucs2021,none,clean,eval,0.9951767921447754
${DATA_ROOT}/interim/rvc_gate/bonafide_source/797767_TRInoJRJxAX3qv5C_0067.wav,bonafide,hi-en,797767,mucs2021,none,clean,eval,0.9981701374053955
${DATA_ROOT}/interim/rvc_gate/bonafide_source/850754_wOTMMvC3WQ5YQRAF_0071.wav,bonafide,hi-en,850754,mucs2021,none,clean,eval,0.9995046854019165
${DATA_ROOT}/interim/rvc_gate/bonafide_source/870582_crdH0AI5aH25bEXe_0080.wav,bonafide,hi-en,870582,mucs2021,none,clean,eval,0.9992462396621704
${DATA_ROOT}/interim/rvc_gate/bonafide_source/876898_RyQSvr4r4iAMTYXq_0070.wav,bonafide,hi-en,876898,mucs2021,none,clean,eval,0.9952805638313293
${DATA_ROOT}/interim/rvc_gate/bonafide_source/903756_K3X6AGezGWAoDe1q_0077.wav,bonafide,hi-en,903756,mucs2021,none,clean,eval,0.7487547397613525
${DATA_ROOT}/interim/rvc_gate/bonafide_source/912184_V11NDc0lxudGbWQU_0071.wav,bonafide,hi-en,912184,mucs2021,none,clean,eval,0.996721088886261
${DATA_ROOT}/interim/rvc_gate/bonafide_source/975912_1eNS3GaW1oHHurL4_0012.wav,bonafide,hi-en,975912,mucs2021,none,clean,eval,0.9985209107398987
${DATA_ROOT}/interim/rvc_gate/bonafide_source/996368_n4ACC4gnqW0IM1wW_0067.wav,bonafide,hi-en,996368,mucs2021,none,clean,eval,0.9993560910224915
${DATA_ROOT}/interim/rvc_gate/bonafide_source/106718_vE1rhq3ojNKZvQNv_0076.wav,bonafide,hi-en,106718,mucs2021,none,clean,eval,0.9981217980384827
${DATA_ROOT}/interim/rvc_gate/bonafide_source/142970_DP5j8CLDeL6HHHSX_0078.wav,bonafide,hi-en,142970,mucs2021,none,clean,eval,0.9977589845657349
${DATA_ROOT}/interim/rvc_gate/bonafide_source/177570_jSNK2zDaIvyZsMZp_0078.wav,bonafide,hi-en,177570,mucs2021,none,clean,eval,0.9984883069992065
${DATA_ROOT}/interim/rvc_gate/bonafide_source/106718_vE1rhq3ojNKZvQNv_0079.wav,bonafide,hi-en,106718,mucs2021,none,clean,eval,0.99842369556427
${DATA_ROOT}/interim/rvc_gate/bonafide_source/142970_DP5j8CLDeL6HHHSX_0080.wav,bonafide,hi-en,142970,mucs2021,none,clean,eval,0.998868465423584
${DATA_ROOT}/interim/rvc_gate/bonafide_source/177570_jSNK2zDaIvyZsMZp_0080.wav,bonafide,hi-en,177570,mucs2021,none,clean,eval,0.9984983205795288
${DATA_ROOT}/interim/rvc_gate/bonafide_source/322882_XTscbPr78nzuHhuu_0075.wav,bonafide,hi-en,322882,mucs2021,none,clean,eval,0.9991204142570496
${DATA_ROOT}/interim/rvc_gate/bonafide_source/413057_aKSsdMqkPfUWyYeS_0070.wav,bonafide,hi-en,413057,mucs2021,none,clean,eval,0.992485761642456
${DATA_ROOT}/interim/rvc_gate/bonafide_source/445718_H6Z2BkcyVtiuiN7A_0079.wav,bonafide,hi-en,445718,mucs2021,none,clean,eval,0.9911614656448364
${DATA_ROOT}/interim/rvc_gate/bonafide_source/457295_WgzliDtK6Htff0g2_0082.wav,bonafide,hi-en,457295,mucs2021,none,clean,eval,0.981631875038147
${DATA_ROOT}/interim/rvc_gate/bonafide_source/539354_C3MtnFEDrRkWHSvJ_0073.wav,bonafide,hi-en,539354,mucs2021,none,clean,eval,0.9992677569389343
${DATA_ROOT}/interim/rvc_gate/bonafide_source/541304_cyhxRWI0LoKYZvcw_0073.wav,bonafide,hi-en,541304,mucs2021,none,clean,eval,0.9983184337615967
${DATA_ROOT}/interim/rvc_gate/bonafide_source/584991_1ijxO93RTIJh2Rzv_0071.wav,bonafide,hi-en,584991,mucs2021,none,clean,eval,0.9974028468132019
${DATA_ROOT}/interim/rvc_gate/bonafide_source/634568_jCgweujQVV5haVF1_0079.wav,bonafide,hi-en,634568,mucs2021,none,clean,eval,0.9955728054046631
${DATA_ROOT}/interim/rvc_gate/bonafide_source/705494_fZcxLszRnIHxmVQp_0074.wav,bonafide,hi-en,705494,mucs2021,none,clean,eval,0.9984660148620605
${DATA_ROOT}/interim/rvc_gate/bonafide_source/797767_TRInoJRJxAX3qv5C_0070.wav,bonafide,hi-en,797767,mucs2021,none,clean,eval,0.9950921535491943
${DATA_ROOT}/interim/rvc_gate/bonafide_source/850754_wOTMMvC3WQ5YQRAF_0074.wav,bonafide,hi-en,850754,mucs2021,none,clean,eval,0.9958987832069397
${DATA_ROOT}/interim/rvc_gate/bonafide_source/893273_8xh3ZKpPy5YhAnKX_0015.wav,bonafide,hi-en,893273,mucs2021,none,clean,eval,0.9876232147216797
${DATA_ROOT}/interim/rvc_gate/bonafide_source/903756_K3X6AGezGWAoDe1q_0081.wav,bonafide,hi-en,903756,mucs2021,none,clean,eval,0.9995867609977722
${DATA_ROOT}/interim/rvc_gate/bonafide_source/912184_V11NDc0lxudGbWQU_0074.wav,bonafide,hi-en,912184,mucs2021,none,clean,eval,0.9997852444648743
${DATA_ROOT}/interim/rvc_gate/bonafide_source/987461_LSRBJiHdUoHm4BTI_0020.wav,bonafide,hi-en,987461,mucs2021,none,clean,eval,0.9991292357444763
${DATA_ROOT}/interim/rvc_gate/bonafide_source/996368_n4ACC4gnqW0IM1wW_0070.wav,bonafide,hi-en,996368,mucs2021,none,clean,eval,0.999586284160614
${DATA_ROOT}/interim/rvc_gate/bonafide_source/106718_vE1rhq3ojNKZvQNv_0080.wav,bonafide,hi-en,106718,mucs2021,none,clean,eval,0.9985463619232178
${DATA_ROOT}/interim/rvc_gate/bonafide_source/142970_DP5j8CLDeL6HHHSX_0081.wav,bonafide,hi-en,142970,mucs2021,none,clean,eval,0.9984330534934998
${DATA_ROOT}/interim/rvc_gate/bonafide_source/177570_jSNK2zDaIvyZsMZp_0081.wav,bonafide,hi-en,177570,mucs2021,none,clean,eval,0.9992699027061462
${DATA_ROOT}/interim/rvc_gate/bonafide_source/322882_XTscbPr78nzuHhuu_0076.wav,bonafide,hi-en,322882,mucs2021,none,clean,eval,0.9983910322189331
${DATA_ROOT}/interim/rvc_gate/bonafide_source/445718_H6Z2BkcyVtiuiN7A_0080.wav,bonafide,hi-en,445718,mucs2021,none,clean,eval,0.2419118732213974
${DATA_ROOT}/interim/rvc_gate/bonafide_source/457295_WgzliDtK6Htff0g2_0083.wav,bonafide,hi-en,457295,mucs2021,none,clean,eval,0.9906542897224426
${DATA_ROOT}/interim/rvc_gate/bonafide_source/539354_C3MtnFEDrRkWHSvJ_0074.wav,bonafide,hi-en,539354,mucs2021,none,clean,eval,0.9987830519676208
${DATA_ROOT}/interim/rvc_gate/bonafide_source/541304_cyhxRWI0LoKYZvcw_0074.wav,bonafide,hi-en,541304,mucs2021,none,clean,eval,0.999788224697113
${DATA_ROOT}/interim/rvc_gate/bonafide_source/584991_1ijxO93RTIJh2Rzv_0072.wav,bonafide,hi-en,584991,mucs2021,none,clean,eval,0.9840064644813538
${DATA_ROOT}/interim/rvc_gate/bonafide_source/634568_jCgweujQVV5haVF1_0080.wav,bonafide,hi-en,634568,mucs2021,none,clean,eval,0.962306559085846
${DATA_ROOT}/interim/rvc_gate/bonafide_source/705494_fZcxLszRnIHxmVQp_0075.wav,bonafide,hi-en,705494,mucs2021,none,clean,eval,0.9647088050842285
${DATA_ROOT}/interim/rvc_gate/bonafide_source/850754_wOTMMvC3WQ5YQRAF_0075.wav,bonafide,hi-en,850754,mucs2021,none,clean,eval,0.9994807839393616
${DATA_ROOT}/interim/rvc_gate/bonafide_source/893273_8xh3ZKpPy5YhAnKX_0016.wav,bonafide,hi-en,893273,mucs2021,none,clean,eval,0.9954589605331421
${DATA_ROOT}/interim/rvc_gate/bonafide_source/903756_K3X6AGezGWAoDe1q_0083.wav,bonafide,hi-en,903756,mucs2021,none,clean,eval,0.9772232174873352
${DATA_ROOT}/interim/rvc_gate/bonafide_source/987461_LSRBJiHdUoHm4BTI_0021.wav,bonafide,hi-en,987461,mucs2021,none,clean,eval,0.9980359673500061
${DATA_ROOT}/interim/rvc_gate/bonafide_source/996368_n4ACC4gnqW0IM1wW_0071.wav,bonafide,hi-en,996368,mucs2021,none,clean,eval,0.9995362758636475
${DATA_ROOT}/interim/rvc_gate/bonafide_source/106718_vE1rhq3ojNKZvQNv_0081.wav,bonafide,hi-en,106718,mucs2021,none,clean,eval,0.9994876384735107
${DATA_ROOT}/interim/rvc_gate/bonafide_source/142970_DP5j8CLDeL6HHHSX_0082.wav,bonafide,hi-en,142970,mucs2021,none,clean,eval,0.9906957149505615
${DATA_ROOT}/interim/rvc_gate/bonafide_source/177570_jSNK2zDaIvyZsMZp_0082.wav,bonafide,hi-en,177570,mucs2021,none,clean,eval,0.9992984533309937
${DATA_ROOT}/interim/rvc_gate/bonafide_source/205240_F4KjmwYhWvnpSE0m_0038.wav,bonafide,hi-en,205240,mucs2021,none,clean,eval,0.9992805123329163
${DATA_ROOT}/interim/rvc_gate/bonafide_source/322882_XTscbPr78nzuHhuu_0077.wav,bonafide,hi-en,322882,mucs2021,none,clean,eval,0.9987456798553467
${DATA_ROOT}/interim/rvc_gate/bonafide_source/445718_H6Z2BkcyVtiuiN7A_0081.wav,bonafide,hi-en,445718,mucs2021,none,clean,eval,0.9994736313819885
${DATA_ROOT}/interim/rvc_gate/bonafide_source/457295_WgzliDtK6Htff0g2_0084.wav,bonafide,hi-en,457295,mucs2021,none,clean,eval,0.9990574717521667
${DATA_ROOT}/interim/rvc_gate/bonafide_source/539226_vZGSoJPH1tbvsyCa_0035.wav,bonafide,hi-en,539226,mucs2021,none,clean,eval,0.9988657236099243
${DATA_ROOT}/interim/rvc_gate/bonafide_source/539354_C3MtnFEDrRkWHSvJ_0075.wav,bonafide,hi-en,539354,mucs2021,none,clean,eval,0.9994051456451416
${DATA_ROOT}/interim/rvc_gate/bonafide_source/541304_cyhxRWI0LoKYZvcw_0075.wav,bonafide,hi-en,541304,mucs2021,none,clean,eval,0.9993833303451538
${DATA_ROOT}/interim/rvc_gate/bonafide_source/584991_1ijxO93RTIJh2Rzv_0073.wav,bonafide,hi-en,584991,mucs2021,none,clean,eval,0.999579131603241
${DATA_ROOT}/interim/rvc_gate/bonafide_source/634568_jCgweujQVV5haVF1_0081.wav,bonafide,hi-en,634568,mucs2021,none,clean,eval,0.9987189769744873
${DATA_ROOT}/interim/rvc_gate/bonafide_source/705494_fZcxLszRnIHxmVQp_0076.wav,bonafide,hi-en,705494,mucs2021,none,clean,eval,0.968776524066925
${DATA_ROOT}/interim/rvc_gate/bonafide_source/850754_wOTMMvC3WQ5YQRAF_0076.wav,bonafide,hi-en,850754,mucs2021,none,clean,eval,0.9988116025924683
${DATA_ROOT}/interim/rvc_gate/bonafide_source/903756_K3X6AGezGWAoDe1q_0085.wav,bonafide,hi-en,903756,mucs2021,none,clean,eval,0.9996408224105835
${DATA_ROOT}/interim/rvc_gate/bonafide_source/996368_n4ACC4gnqW0IM1wW_0072.wav,bonafide,hi-en,996368,mucs2021,none,clean,eval,0.9994187355041504
${DATA_ROOT}/interim/rvc_gate/bonafide_source/106718_vE1rhq3ojNKZvQNv_0082.wav,bonafide,hi-en,106718,mucs2021,none,clean,eval,0.9983763694763184
${DATA_ROOT}/interim/rvc_gate/bonafide_source/142970_DP5j8CLDeL6HHHSX_0084.wav,bonafide,hi-en,142970,mucs2021,none,clean,eval,0.9991710186004639
${DATA_ROOT}/interim/rvc_gate/bonafide_source/177570_jSNK2zDaIvyZsMZp_0083.wav,bonafide,hi-en,177570,mucs2021,none,clean,eval,0.9978216886520386
${DATA_ROOT}/interim/rvc_gate/bonafide_source/322882_XTscbPr78nzuHhuu_0078.wav,bonafide,hi-en,322882,mucs2021,none,clean,eval,0.9940999150276184
${DATA_ROOT}/interim/rvc_gate/bonafide_source/445718_H6Z2BkcyVtiuiN7A_0082.wav,bonafide,hi-en,445718,mucs2021,none,clean,eval,0.964278519153595
${DATA_ROOT}/interim/rvc_gate/bonafide_source/457295_WgzliDtK6Htff0g2_0085.wav,bonafide,hi-en,457295,mucs2021,none,clean,eval,0.9979357719421387
${DATA_ROOT}/interim/rvc_gate/bonafide_source/539226_vZGSoJPH1tbvsyCa_0036.wav,bonafide,hi-en,539226,mucs2021,none,clean,eval,0.9989111423492432
${DATA_ROOT}/interim/rvc_gate/bonafide_source/539354_C3MtnFEDrRkWHSvJ_0076.wav,bonafide,hi-en,539354,mucs2021,none,clean,eval,0.9991849064826965
${DATA_ROOT}/interim/rvc_gate/bonafide_source/541304_cyhxRWI0LoKYZvcw_0076.wav,bonafide,hi-en,541304,mucs2021,none,clean,eval,0.9993504881858826
${DATA_ROOT}/interim/rvc_gate/bonafide_source/584991_1ijxO93RTIJh2Rzv_0074.wav,bonafide,hi-en,584991,mucs2021,none,clean,eval,0.5521625876426697
${DATA_ROOT}/interim/rvc_gate/bonafide_source/634568_jCgweujQVV5haVF1_0082.wav,bonafide,hi-en,634568,mucs2021,none,clean,eval,0.9965788722038269
${DATA_ROOT}/interim/rvc_gate/bonafide_source/705494_fZcxLszRnIHxmVQp_0077.wav,bonafide,hi-en,705494,mucs2021,none,clean,eval,0.997118353843689
${DATA_ROOT}/interim/rvc_gate/bonafide_source/850754_wOTMMvC3WQ5YQRAF_0077.wav,bonafide,hi-en,850754,mucs2021,none,clean,eval,0.9980366826057434
${DATA_ROOT}/interim/rvc_gate/bonafide_source/903756_K3X6AGezGWAoDe1q_0086.wav,bonafide,hi-en,903756,mucs2021,none,clean,eval,0.9985278844833374
${DATA_ROOT}/interim/rvc_gate/bonafide_source/996368_n4ACC4gnqW0IM1wW_0073.wav,bonafide,hi-en,996368,mucs2021,none,clean,eval,0.9995500445365906
${DATA_ROOT}/interim/rvc_gate/bonafide_source/106718_vE1rhq3ojNKZvQNv_0083.wav,bonafide,hi-en,106718,mucs2021,none,clean,eval,0.9994314312934875
${DATA_ROOT}/interim/rvc_gate/bonafide_source/142970_DP5j8CLDeL6HHHSX_0085.wav,bonafide,hi-en,142970,mucs2021,none,clean,eval,0.999123752117157
${DATA_ROOT}/interim/rvc_gate/bonafide_source/177570_jSNK2zDaIvyZsMZp_0084.wav,bonafide,hi-en,177570,mucs2021,none,clean,eval,0.9987016916275024
${DATA_ROOT}/interim/rvc_gate/bonafide_source/186783_LFpbaXkb8HuQ6DnF_0013.wav,bonafide,hi-en,186783,mucs2021,none,clean,eval,0.9990506768226624
${DATA_ROOT}/interim/rvc_gate/bonafide_source/322882_XTscbPr78nzuHhuu_0079.wav,bonafide,hi-en,322882,mucs2021,none,clean,eval,0.9991393089294434
${DATA_ROOT}/interim/rvc_gate/bonafide_source/445718_H6Z2BkcyVtiuiN7A_0083.wav,bonafide,hi-en,445718,mucs2021,none,clean,eval,0.9940898418426514
${DATA_ROOT}/interim/rvc_gate/bonafide_source/457295_WgzliDtK6Htff0g2_0086.wav,bonafide,hi-en,457295,mucs2021,none,clean,eval,0.9566009640693665
${DATA_ROOT}/interim/rvc_gate/bonafide_source/539354_C3MtnFEDrRkWHSvJ_0077.wav,bonafide,hi-en,539354,mucs2021,none,clean,eval,0.9993489384651184
${DATA_ROOT}/interim/rvc_gate/bonafide_source/541304_cyhxRWI0LoKYZvcw_0077.wav,bonafide,hi-en,541304,mucs2021,none,clean,eval,0.9999290704727173
${DATA_ROOT}/interim/rvc_gate/bonafide_source/584991_1ijxO93RTIJh2Rzv_0075.wav,bonafide,hi-en,584991,mucs2021,none,clean,eval,0.9995148181915283
${DATA_ROOT}/interim/rvc_gate/bonafide_source/634568_jCgweujQVV5haVF1_0083.wav,bonafide,hi-en,634568,mucs2021,none,clean,eval,0.9989455342292786
${DATA_ROOT}/interim/rvc_gate/bonafide_source/705494_fZcxLszRnIHxmVQp_0078.wav,bonafide,hi-en,705494,mucs2021,none,clean,eval,0.9987467527389526
${DATA_ROOT}/interim/rvc_gate/bonafide_source/850754_wOTMMvC3WQ5YQRAF_0078.wav,bonafide,hi-en,850754,mucs2021,none,clean,eval,0.998274564743042
${DATA_ROOT}/interim/rvc_gate/bonafide_source/903756_K3X6AGezGWAoDe1q_0087.wav,bonafide,hi-en,903756,mucs2021,none,clean,eval,0.9994388222694397
${DATA_ROOT}/interim/rvc_gate/bonafide_source/975912_1eNS3GaW1oHHurL4_0019.wav,bonafide,hi-en,975912,mucs2021,none,clean,eval,0.3658019006252289
${DATA_ROOT}/interim/rvc_gate/bonafide_source/996368_n4ACC4gnqW0IM1wW_0074.wav,bonafide,hi-en,996368,mucs2021,none,clean,eval,0.9996875524520874
${DATA_ROOT}/interim/rvc_gate/bonafide_source/106718_vE1rhq3ojNKZvQNv_0084.wav,bonafide,hi-en,106718,mucs2021,none,clean,eval,0.9988765120506287
${DATA_ROOT}/interim/rvc_gate/bonafide_source/142970_DP5j8CLDeL6HHHSX_0086.wav,bonafide,hi-en,142970,mucs2021,none,clean,eval,0.9990719556808472
${DATA_ROOT}/interim/rvc_gate/bonafide_source/177570_jSNK2zDaIvyZsMZp_0085.wav,bonafide,hi-en,177570,mucs2021,none,clean,eval,0.9956513047218323
${DATA_ROOT}/interim/rvc_gate/bonafide_source/106718_vE1rhq3ojNKZvQNv_0087.wav,bonafide,hi-en,106718,mucs2021,none,clean,eval,0.9498897194862366
${DATA_ROOT}/interim/rvc_gate/bonafide_source/142970_DP5j8CLDeL6HHHSX_0088.wav,bonafide,hi-en,142970,mucs2021,none,clean,eval,0.9991672039031982
${DATA_ROOT}/interim/rvc_gate/bonafide_source/177570_jSNK2zDaIvyZsMZp_0088.wav,bonafide,hi-en,177570,mucs2021,none,clean,eval,0.9982543587684631
${DATA_ROOT}/interim/rvc_gate/bonafide_source/322882_XTscbPr78nzuHhuu_0082.wav,bonafide,hi-en,322882,mucs2021,none,clean,eval,0.9984632730484009
${DATA_ROOT}/interim/rvc_gate/bonafide_source/413057_aKSsdMqkPfUWyYeS_0006.wav,bonafide,hi-en,413057,mucs2021,none,clean,eval,0.9989140033721924
${DATA_ROOT}/interim/rvc_gate/bonafide_source/445718_H6Z2BkcyVtiuiN7A_0086.wav,bonafide,hi-en,445718,mucs2021,none,clean,eval,0.995487630367279
${DATA_ROOT}/interim/rvc_gate/bonafide_source/457295_WgzliDtK6Htff0g2_0090.wav,bonafide,hi-en,457295,mucs2021,none,clean,eval,0.9978379607200623
${DATA_ROOT}/interim/rvc_gate/bonafide_source/541304_cyhxRWI0LoKYZvcw_0080.wav,bonafide,hi-en,541304,mucs2021,none,clean,eval,0.9985111355781555
${DATA_ROOT}/interim/rvc_gate/bonafide_source/584991_1ijxO93RTIJh2Rzv_0078.wav,bonafide,hi-en,584991,mucs2021,none,clean,eval,0.9972096085548401
${DATA_ROOT}/interim/rvc_gate/bonafide_source/634568_jCgweujQVV5haVF1_0086.wav,bonafide,hi-en,634568,mucs2021,none,clean,eval,0.9978017210960388
${DATA_ROOT}/interim/rvc_gate/bonafide_source/797767_TRInoJRJxAX3qv5C_0006.wav,bonafide,hi-en,797767,mucs2021,none,clean,eval,0.9989643096923828
${DATA_ROOT}/interim/rvc_gate/bonafide_source/850754_wOTMMvC3WQ5YQRAF_0081.wav,bonafide,hi-en,850754,mucs2021,none,clean,eval,0.9917009472846985
${DATA_ROOT}/interim/rvc_gate/bonafide_source/876898_RyQSvr4r4iAMTYXq_0080.wav,bonafide,hi-en,876898,mucs2021,none,clean,eval,0.12447817623615265
${DATA_ROOT}/interim/rvc_gate/bonafide_source/893273_8xh3ZKpPy5YhAnKX_0022.wav,bonafide,hi-en,893273,mucs2021,none,clean,eval,0.998993456363678
${DATA_ROOT}/interim/rvc_gate/bonafide_source/903756_K3X6AGezGWAoDe1q_0090.wav,bonafide,hi-en,903756,mucs2021,none,clean,eval,0.9996472597122192
${DATA_ROOT}/interim/rvc_gate/bonafide_source/912184_V11NDc0lxudGbWQU_0006.wav,bonafide,hi-en,912184,mucs2021,none,clean,eval,0.9989757537841797
${DATA_ROOT}/interim/rvc_gate/bonafide_source/987461_LSRBJiHdUoHm4BTI_0028.wav,bonafide,hi-en,987461,mucs2021,none,clean,eval,0.9988676309585571
${DATA_ROOT}/interim/rvc_gate/bonafide_source/996368_n4ACC4gnqW0IM1wW_0077.wav,bonafide,hi-en,996368,mucs2021,none,clean,eval,0.9987860321998596
${DATA_ROOT}/interim/rvc_gate/bonafide_source/106718_vE1rhq3ojNKZvQNv_0088.wav,bonafide,hi-en,106718,mucs2021,none,clean,eval,0.9991593360900879
${DATA_ROOT}/interim/rvc_gate/bonafide_source/142970_DP5j8CLDeL6HHHSX_0089.wav,bonafide,hi-en,142970,mucs2021,none,clean,eval,0.999606192111969
${DATA_ROOT}/interim/rvc_gate/bonafide_source/177570_jSNK2zDaIvyZsMZp_0089.wav,bonafide,hi-en,177570,mucs2021,none,clean,eval,0.9876696467399597
${DATA_ROOT}/interim/rvc_gate/bonafide_source/322882_XTscbPr78nzuHhuu_0085.wav,bonafide,hi-en,322882,mucs2021,none,clean,eval,0.9983569979667664
${DATA_ROOT}/interim/rvc_gate/bonafide_source/445718_H6Z2BkcyVtiuiN7A_0087.wav,bonafide,hi-en,445718,mucs2021,none,clean,eval,0.9995032548904419
${DATA_ROOT}/interim/rvc_gate/bonafide_source/457295_WgzliDtK6Htff0g2_0091.wav,bonafide,hi-en,457295,mucs2021,none,clean,eval,0.9960805773735046
${DATA_ROOT}/interim/rvc_gate/bonafide_source/541304_cyhxRWI0LoKYZvcw_0081.wav,bonafide,hi-en,541304,mucs2021,none,clean,eval,0.9994761347770691
${DATA_ROOT}/interim/rvc_gate/bonafide_source/584991_1ijxO93RTIJh2Rzv_0079.wav,bonafide,hi-en,584991,mucs2021,none,clean,eval,0.9899411797523499
${DATA_ROOT}/interim/rvc_gate/bonafide_source/634568_jCgweujQVV5haVF1_0087.wav,bonafide,hi-en,634568,mucs2021,none,clean,eval,0.9912344217300415
${DATA_ROOT}/interim/rvc_gate/bonafide_source/850754_wOTMMvC3WQ5YQRAF_0082.wav,bonafide,hi-en,850754,mucs2021,none,clean,eval,0.9976387023925781
${DATA_ROOT}/interim/rvc_gate/bonafide_source/876898_RyQSvr4r4iAMTYXq_0081.wav,bonafide,hi-en,876898,mucs2021,none,clean,eval,0.5942192077636719
${DATA_ROOT}/interim/rvc_gate/bonafide_source/893273_8xh3ZKpPy5YhAnKX_0024.wav,bonafide,hi-en,893273,mucs2021,none,clean,eval,0.9989364743232727
${DATA_ROOT}/interim/rvc_gate/bonafide_source/903756_K3X6AGezGWAoDe1q_0091.wav,bonafide,hi-en,903756,mucs2021,none,clean,eval,0.9992545247077942
${DATA_ROOT}/interim/rvc_gate/bonafide_source/987461_LSRBJiHdUoHm4BTI_0029.wav,bonafide,hi-en,987461,mucs2021,none,clean,eval,0.9984049201011658
${DATA_ROOT}/interim/rvc_gate/bonafide_source/996368_n4ACC4gnqW0IM1wW_0078.wav,bonafide,hi-en,996368,mucs2021,none,clean,eval,0.9993540644645691
${DATA_ROOT}/interim/rvc_gate/bonafide_source/106718_vE1rhq3ojNKZvQNv_0089.wav,bonafide,hi-en,106718,mucs2021,none,clean,eval,0.9982579350471497
${DATA_ROOT}/interim/rvc_gate/bonafide_source/142970_DP5j8CLDeL6HHHSX_0090.wav,bonafide,hi-en,142970,mucs2021,none,clean,eval,0.9992201328277588
${DATA_ROOT}/interim/rvc_gate/bonafide_source/177570_jSNK2zDaIvyZsMZp_0090.wav,bonafide,hi-en,177570,mucs2021,none,clean,eval,0.9992952346801758
${DATA_ROOT}/interim/rvc_gate/bonafide_source/322882_XTscbPr78nzuHhuu_0087.wav,bonafide,hi-en,322882,mucs2021,none,clean,eval,0.9990074038505554
${DATA_ROOT}/interim/rvc_gate/bonafide_source/445718_H6Z2BkcyVtiuiN7A_0088.wav,bonafide,hi-en,445718,mucs2021,none,clean,eval,0.9984295964241028
${DATA_ROOT}/interim/rvc_gate/bonafide_source/457295_WgzliDtK6Htff0g2_0092.wav,bonafide,hi-en,457295,mucs2021,none,clean,eval,0.9986627101898193
${DATA_ROOT}/interim/rvc_gate/bonafide_source/584991_1ijxO93RTIJh2Rzv_0080.wav,bonafide,hi-en,584991,mucs2021,none,clean,eval,0.9469155073165894
${DATA_ROOT}/interim/rvc_gate/bonafide_source/634568_jCgweujQVV5haVF1_0088.wav,bonafide,hi-en,634568,mucs2021,none,clean,eval,0.9986259937286377
${DATA_ROOT}/interim/rvc_gate/bonafide_source/850754_wOTMMvC3WQ5YQRAF_0083.wav,bonafide,hi-en,850754,mucs2021,none,clean,eval,0.9989042282104492
${DATA_ROOT}/interim/rvc_gate/bonafide_source/876898_RyQSvr4r4iAMTYXq_0082.wav,bonafide,hi-en,876898,mucs2021,none,clean,eval,0.9988190531730652
${DATA_ROOT}/interim/rvc_gate/bonafide_source/903756_K3X6AGezGWAoDe1q_0092.wav,bonafide,hi-en,903756,mucs2021,none,clean,eval,0.99973064661026
${DATA_ROOT}/interim/rvc_gate/bonafide_source/996368_n4ACC4gnqW0IM1wW_0079.wav,bonafide,hi-en,996368,mucs2021,none,clean,eval,0.999589741230011
${DATA_ROOT}/interim/rvc_gate/bonafide_source/106718_vE1rhq3ojNKZvQNv_0090.wav,bonafide,hi-en,106718,mucs2021,none,clean,eval,0.83380526304245
${DATA_ROOT}/interim/rvc_gate/bonafide_source/142970_DP5j8CLDeL6HHHSX_0091.wav,bonafide,hi-en,142970,mucs2021,none,clean,eval,0.9990405440330505
${DATA_ROOT}/interim/rvc_gate/bonafide_source/177570_jSNK2zDaIvyZsMZp_0091.wav,bonafide,hi-en,177570,mucs2021,none,clean,eval,0.9985221028327942
${DATA_ROOT}/interim/rvc_gate/bonafide_source/322882_XTscbPr78nzuHhuu_0088.wav,bonafide,hi-en,322882,mucs2021,none,clean,eval,0.9993777275085449
${DATA_ROOT}/interim/rvc_gate/bonafide_source/445718_H6Z2BkcyVtiuiN7A_0089.wav,bonafide,hi-en,445718,mucs2021,none,clean,eval,0.9972919821739197
${DATA_ROOT}/interim/rvc_gate/bonafide_source/457295_WgzliDtK6Htff0g2_0093.wav,bonafide,hi-en,457295,mucs2021,none,clean,eval,0.9987849593162537
${DATA_ROOT}/interim/rvc_gate/bonafide_source/584991_1ijxO93RTIJh2Rzv_0081.wav,bonafide,hi-en,584991,mucs2021,none,clean,eval,0.9991538524627686
${DATA_ROOT}/interim/rvc_gate/bonafide_source/634568_jCgweujQVV5haVF1_0089.wav,bonafide,hi-en,634568,mucs2021,none,clean,eval,0.9991281628608704
${DATA_ROOT}/interim/rvc_gate/bonafide_source/850754_wOTMMvC3WQ5YQRAF_0084.wav,bonafide,hi-en,850754,mucs2021,none,clean,eval,0.9994584918022156
${DATA_ROOT}/interim/rvc_gate/bonafide_source/876898_RyQSvr4r4iAMTYXq_0084.wav,bonafide,hi-en,876898,mucs2021,none,clean,eval,0.9885928630828857
${DATA_ROOT}/interim/rvc_gate/bonafide_source/903756_K3X6AGezGWAoDe1q_0093.wav,bonafide,hi-en,903756,mucs2021,none,clean,eval,0.9991191029548645
${DATA_ROOT}/interim/rvc_gate/bonafide_source/996368_n4ACC4gnqW0IM1wW_0080.wav,bonafide,hi-en,996368,mucs2021,none,clean,eval,0.9997193217277527
${DATA_ROOT}/interim/rvc_gate/bonafide_source/106718_vE1rhq3ojNKZvQNv_0091.wav,bonafide,hi-en,106718,mucs2021,none,clean,eval,0.9844695329666138
${DATA_ROOT}/interim/rvc_gate/bonafide_source/142970_DP5j8CLDeL6HHHSX_0092.wav,bonafide,hi-en,142970,mucs2021,none,clean,eval,0.9968873858451843
${DATA_ROOT}/interim/rvc_gate/bonafide_source/177570_jSNK2zDaIvyZsMZp_0094.wav,bonafide,hi-en,177570,mucs2021,none,clean,eval,0.9992154836654663
${DATA_ROOT}/interim/rvc_gate/bonafide_source/186783_LFpbaXkb8HuQ6DnF_0022.wav,bonafide,hi-en,186783,mucs2021,none,clean,eval,0.9990537762641907
${DATA_ROOT}/interim/rvc_gate/bonafide_source/322882_XTscbPr78nzuHhuu_0089.wav,bonafide,hi-en,322882,mucs2021,none,clean,eval,0.9990899562835693
${DATA_ROOT}/interim/rvc_gate/bonafide_source/445718_H6Z2BkcyVtiuiN7A_0090.wav,bonafide,hi-en,445718,mucs2021,none,clean,eval,0.9976959824562073
${DATA_ROOT}/interim/rvc_gate/bonafide_source/457295_WgzliDtK6Htff0g2_0094.wav,bonafide,hi-en,457295,mucs2021,none,clean,eval,0.9860880970954895
${DATA_ROOT}/interim/rvc_gate/bonafide_source/584991_1ijxO93RTIJh2Rzv_0082.wav,bonafide,hi-en,584991,mucs2021,none,clean,eval,0.014042874798178673
${DATA_ROOT}/interim/rvc_gate/bonafide_source/634568_jCgweujQVV5haVF1_0090.wav,bonafide,hi-en,634568,mucs2021,none,clean,eval,0.964424192905426
${DATA_ROOT}/interim/rvc_gate/bonafide_source/705494_fZcxLszRnIHxmVQp_0005.wav,bonafide,hi-en,705494,mucs2021,none,clean,eval,0.9973649382591248
${DATA_ROOT}/interim/rvc_gate/bonafide_source/850754_wOTMMvC3WQ5YQRAF_0085.wav,bonafide,hi-en,850754,mucs2021,none,clean,eval,0.999309778213501
${DATA_ROOT}/interim/rvc_gate/bonafide_source/876898_RyQSvr4r4iAMTYXq_0085.wav,bonafide,hi-en,876898,mucs2021,none,clean,eval,0.9987080097198486
${DATA_ROOT}/interim/rvc_gate/bonafide_source/903756_K3X6AGezGWAoDe1q_0096.wav,bonafide,hi-en,903756,mucs2021,none,clean,eval,0.9992471933364868
${DATA_ROOT}/interim/rvc_gate/bonafide_source/975912_1eNS3GaW1oHHurL4_0026.wav,bonafide,hi-en,975912,mucs2021,none,clean,eval,0.9994077682495117
${DATA_ROOT}/interim/rvc_gate/bonafide_source/996368_n4ACC4gnqW0IM1wW_0081.wav,bonafide,hi-en,996368,mucs2021,none,clean,eval,0.9996658563613892
${DATA_ROOT}/interim/rvc_gate/bonafide_source/106718_vE1rhq3ojNKZvQNv_0092.wav,bonafide,hi-en,106718,mucs2021,none,clean,eval,0.9990904331207275
${DATA_ROOT}/interim/rvc_gate/bonafide_source/142970_DP5j8CLDeL6HHHSX_0093.wav,bonafide,hi-en,142970,mucs2021,none,clean,eval,0.9968743324279785
${DATA_ROOT}/interim/rvc_gate/bonafide_source/177570_jSNK2zDaIvyZsMZp_0095.wav,bonafide,hi-en,177570,mucs2021,none,clean,eval,0.9995580315589905
${DATA_ROOT}/rvc_cm02/rvc_converted_wavs/rvc_outputs/rvc_445718_00001.wav,spoof,hi-en,445718,cm02,rvc,clean,eval,0.5741549730300903
${DATA_ROOT}/rvc_cm02/rvc_converted_wavs/rvc_outputs/rvc_445718_00002.wav,spoof,hi-en,445718,cm02,rvc,clean,eval,0.6604804992675781
${DATA_ROOT}/rvc_cm02/rvc_converted_wavs/rvc_outputs/rvc_445718_00003.wav,spoof,hi-en,445718,cm02,rvc,clean,eval,0.0008241219911724329
${DATA_ROOT}/rvc_cm02/rvc_converted_wavs/rvc_outputs/rvc_445718_00005.wav,spoof,hi-en,445718,cm02,rvc,clean,eval,0.9172351360321045
${DATA_ROOT}/rvc_cm02/rvc_converted_wavs/rvc_outputs/rvc_445718_00006.wav,spoof,hi-en,445718,cm02,rvc,clean,eval,0.9989485144615173
${DATA_ROOT}/rvc_cm02/rvc_converted_wavs/rvc_outputs/rvc_445718_00007.wav,spoof,hi-en,445718,cm02,rvc,clean,eval,0.9973529577255249
${DATA_ROOT}/rvc_cm02/rvc_converted_wavs/rvc_outputs/rvc_445718_00008.wav,spoof,hi-en,445718,cm02,rvc,clean,eval,0.9991194605827332
${DATA_ROOT}/rvc_cm02/rvc_converted_wavs/rvc_outputs/rvc_445718_00009.wav,spoof,hi-en,445718,cm02,rvc,clean,eval,0.9992341995239258
${DATA_ROOT}/rvc_cm02/rvc_converted_wavs/rvc_outputs/rvc_445718_00010.wav,spoof,hi-en,445718,cm02,rvc,clean,eval,0.0003427437331993133
${DATA_ROOT}/rvc_cm02/rvc_converted_wavs/rvc_outputs/rvc_445718_00011.wav,spoof,hi-en,445718,cm02,rvc,clean,eval,0.9999096393585205
${DATA_ROOT}/rvc_cm02/rvc_converted_wavs/rvc_outputs/rvc_445718_00012.wav,spoof,hi-en,445718,cm02,rvc,clean,eval,0.994451105594635
${DATA_ROOT}/rvc_cm02/rvc_converted_wavs/rvc_outputs/rvc_445718_00013.wav,spoof,hi-en,445718,cm02,rvc,clean,eval,0.999424934387207
${DATA_ROOT}/rvc_cm02/rvc_converted_wavs/rvc_outputs/rvc_445718_00014.wav,spoof,hi-en,445718,cm02,rvc,clean,eval,0.9995666146278381
${DATA_ROOT}/rvc_cm02/rvc_converted_wavs/rvc_outputs/rvc_445718_00015.wav,spoof,hi-en,445718,cm02,rvc,clean,eval,0.9937830567359924
${DATA_ROOT}/rvc_cm02/rvc_converted_wavs/rvc_outputs/rvc_445718_00016.wav,spoof,hi-en,445718,cm02,rvc,clean,eval,0.9721139073371887
${DATA_ROOT}/rvc_cm02/rvc_converted_wavs/rvc_outputs/rvc_445718_00017.wav,spoof,hi-en,445718,cm02,rvc,clean,eval,0.9931140542030334
${DATA_ROOT}/rvc_cm02/rvc_converted_wavs/rvc_outputs/rvc_445718_00018.wav,spoof,hi-en,445718,cm02,rvc,clean,eval,0.9699223041534424
${DATA_ROOT}/rvc_cm02/rvc_converted_wavs/rvc_outputs/rvc_445718_00019.wav,spoof,hi-en,445718,cm02,rvc,clean,eval,0.8747411966323853
${DATA_ROOT}/rvc_cm02/rvc_converted_wavs/rvc_outputs/rvc_445718_00020.wav,spoof,hi-en,445718,cm02,rvc,clean,eval,0.9943324327468872
${DATA_ROOT}/rvc_cm02/rvc_converted_wavs/rvc_outputs/rvc_445718_00021.wav,spoof,hi-en,445718,cm02,rvc,clean,eval,0.9948465824127197
${DATA_ROOT}/rvc_cm02/rvc_converted_wavs/rvc_outputs/rvc_445718_00022.wav,spoof,hi-en,445718,cm02,rvc,clean,eval,0.9997326731681824
${DATA_ROOT}/rvc_cm02/rvc_converted_wavs/rvc_outputs/rvc_445718_00023.wav,spoof,hi-en,445718,cm02,rvc,clean,eval,0.9980306029319763
${DATA_ROOT}/rvc_cm02/rvc_converted_wavs/rvc_outputs/rvc_445718_00024.wav,spoof,hi-en,445718,cm02,rvc,clean,eval,0.0002816425694618374
${DATA_ROOT}/rvc_cm02/rvc_converted_wavs/rvc_outputs/rvc_445718_00025.wav,spoof,hi-en,445718,cm02,rvc,clean,eval,0.9913676381111145
${DATA_ROOT}/rvc_cm02/rvc_converted_wavs/rvc_outputs/rvc_445718_00026.wav,spoof,hi-en,445718,cm02,rvc,clean,eval,0.8952031135559082
${DATA_ROOT}/rvc_cm02/rvc_converted_wavs/rvc_outputs/rvc_445718_00027.wav,spoof,hi-en,445718,cm02,rvc,clean,eval,0.0006446445477195084
${DATA_ROOT}/rvc_cm02/rvc_converted_wavs/rvc_outputs/rvc_445718_00028.wav,spoof,hi-en,445718,cm02,rvc,clean,eval,0.9657227993011475
${DATA_ROOT}/rvc_cm02/rvc_converted_wavs/rvc_outputs/rvc_445718_00029.wav,spoof,hi-en,445718,cm02,rvc,clean,eval,0.9748938679695129
${DATA_ROOT}/rvc_cm02/rvc_converted_wavs/rvc_outputs/rvc_445718_00030.wav,spoof,hi-en,445718,cm02,rvc,clean,eval,0.99580317735672
${DATA_ROOT}/rvc_cm02/rvc_converted_wavs/rvc_outputs/rvc_445718_00031.wav,spoof,hi-en,445718,cm02,rvc,clean,eval,0.9993759989738464
${DATA_ROOT}/rvc_cm02/rvc_converted_wavs/rvc_outputs/rvc_445718_00032.wav,spoof,hi-en,445718,cm02,rvc,clean,eval,0.9967008233070374
${DATA_ROOT}/rvc_cm02/rvc_converted_wavs/rvc_outputs/rvc_445718_00033.wav,spoof,hi-en,445718,cm02,rvc,clean,eval,0.9972696900367737
${DATA_ROOT}/rvc_cm02/rvc_converted_wavs/rvc_outputs/rvc_445718_00034.wav,spoof,hi-en,445718,cm02,rvc,clean,eval,0.0005938434624113142
${DATA_ROOT}/rvc_cm02/rvc_converted_wavs/rvc_outputs/rvc_445718_00035.wav,spoof,hi-en,445718,cm02,rvc,clean,eval,0.8795834183692932
${DATA_ROOT}/rvc_cm02/rvc_converted_wavs/rvc_outputs/rvc_445718_00036.wav,spoof,hi-en,445718,cm02,rvc,clean,eval,0.9902822971343994
${DATA_ROOT}/rvc_cm02/rvc_converted_wavs/rvc_outputs/rvc_445718_00037.wav,spoof,hi-en,445718,cm02,rvc,clean,eval,0.9971389770507812
${DATA_ROOT}/rvc_cm02/rvc_converted_wavs/rvc_outputs/rvc_445718_00038.wav,spoof,hi-en,445718,cm02,rvc,clean,eval,0.985893726348877
${DATA_ROOT}/rvc_cm02/rvc_converted_wavs/rvc_outputs/rvc_445718_00039.wav,spoof,hi-en,445718,cm02,rvc,clean,eval,0.9921478629112244
${DATA_ROOT}/rvc_cm02/rvc_converted_wavs/rvc_outputs/rvc_445718_00040.wav,spoof,hi-en,445718,cm02,rvc,clean,eval,0.9995249509811401
${DATA_ROOT}/rvc_cm02/rvc_converted_wavs/rvc_outputs/rvc_445718_00041.wav,spoof,hi-en,445718,cm02,rvc,clean,eval,0.9379860162734985
${DATA_ROOT}/rvc_cm02/rvc_converted_wavs/rvc_outputs/rvc_445718_00042.wav,spoof,hi-en,445718,cm02,rvc,clean,eval,0.9535418748855591
${DATA_ROOT}/rvc_cm02/rvc_converted_wavs/rvc_outputs/rvc_445718_00043.wav,spoof,hi-en,445718,cm02,rvc,clean,eval,0.9987509250640869
${DATA_ROOT}/rvc_cm02/rvc_converted_wavs/rvc_outputs/rvc_445718_00044.wav,spoof,hi-en,445718,cm02,rvc,clean,eval,0.9966202974319458
${DATA_ROOT}/rvc_cm02/rvc_converted_wavs/rvc_outputs/rvc_445718_00045.wav,spoof,hi-en,445718,cm02,rvc,clean,eval,0.8751872777938843
${DATA_ROOT}/rvc_cm02/rvc_converted_wavs/rvc_outputs/rvc_445718_00046.wav,spoof,hi-en,445718,cm02,rvc,clean,eval,0.9587527513504028
${DATA_ROOT}/rvc_cm02/rvc_converted_wavs/rvc_outputs/rvc_445718_00047.wav,spoof,hi-en,445718,cm02,rvc,clean,eval,0.9956127405166626
${DATA_ROOT}/rvc_cm02/rvc_converted_wavs/rvc_outputs/rvc_445718_00048.wav,spoof,hi-en,445718,cm02,rvc,clean,eval,0.0004034801968373358
${DATA_ROOT}/rvc_cm02/rvc_converted_wavs/rvc_outputs/rvc_445718_00049.wav,spoof,hi-en,445718,cm02,rvc,clean,eval,0.0011738284956663847
${DATA_ROOT}/rvc_cm02/rvc_converted_wavs/rvc_outputs/rvc_445718_00050.wav,spoof,hi-en,445718,cm02,rvc,clean,eval,0.9958756566047668
${DATA_ROOT}/rvc_cm02/rvc_converted_wavs/rvc_outputs/rvc_445718_00051.wav,spoof,hi-en,445718,cm02,rvc,clean,eval,0.0003435614344198257
${DATA_ROOT}/rvc_cm02/rvc_converted_wavs/rvc_outputs/rvc_445718_00052.wav,spoof,hi-en,445718,cm02,rvc,clean,eval,0.9984380602836609
${DATA_ROOT}/rvc_cm02/rvc_converted_wavs/rvc_outputs/rvc_445718_00053.wav,spoof,hi-en,445718,cm02,rvc,clean,eval,0.9810570478439331
${DATA_ROOT}/rvc_cm02/rvc_converted_wavs/rvc_outputs/rvc_445718_00054.wav,spoof,hi-en,445718,cm02,rvc,clean,eval,0.9985367059707642
${DATA_ROOT}/rvc_cm02/rvc_converted_wavs/rvc_outputs/rvc_445718_00055.wav,spoof,hi-en,445718,cm02,rvc,clean,eval,0.9937113523483276
${DATA_ROOT}/rvc_cm02/rvc_converted_wavs/rvc_outputs/rvc_445718_00056.wav,spoof,hi-en,445718,cm02,rvc,clean,eval,0.9683987498283386
${DATA_ROOT}/rvc_cm02/rvc_converted_wavs/rvc_outputs/rvc_445718_00057.wav,spoof,hi-en,445718,cm02,rvc,clean,eval,0.973490297794342
${DATA_ROOT}/rvc_cm02/rvc_converted_wavs/rvc_outputs/rvc_445718_00058.wav,spoof,hi-en,445718,cm02,rvc,clean,eval,0.00034874683478847146
${DATA_ROOT}/rvc_cm02/rvc_converted_wavs/rvc_outputs/rvc_445718_00059.wav,spoof,hi-en,445718,cm02,rvc,clean,eval,0.9996271133422852
${DATA_ROOT}/rvc_cm02/rvc_converted_wavs/rvc_outputs/rvc_445718_00060.wav,spoof,hi-en,445718,cm02,rvc,clean,eval,0.9989407658576965
${DATA_ROOT}/rvc_cm02/rvc_converted_wavs/rvc_outputs/rvc_445718_00061.wav,spoof,hi-en,445718,cm02,rvc,clean,eval,0.003150318982079625
${DATA_ROOT}/rvc_cm02/rvc_converted_wavs/rvc_outputs/rvc_445718_00062.wav,spoof,hi-en,445718,cm02,rvc,clean,eval,0.9984349608421326
${DATA_ROOT}/rvc_cm02/rvc_converted_wavs/rvc_outputs/rvc_445718_00063.wav,spoof,hi-en,445718,cm02,rvc,clean,eval,0.9960348010063171
${DATA_ROOT}/rvc_cm02/rvc_converted_wavs/rvc_outputs/rvc_445718_00064.wav,spoof,hi-en,445718,cm02,rvc,clean,eval,0.9971791505813599
${DATA_ROOT}/rvc_cm02/rvc_converted_wavs/rvc_outputs/rvc_445718_00065.wav,spoof,hi-en,445718,cm02,rvc,clean,eval,0.9984960556030273
${DATA_ROOT}/rvc_cm02/rvc_converted_wavs/rvc_outputs/rvc_445718_00066.wav,spoof,hi-en,445718,cm02,rvc,clean,eval,0.9986978769302368
${DATA_ROOT}/rvc_cm02/rvc_converted_wavs/rvc_outputs/rvc_445718_00067.wav,spoof,hi-en,445718,cm02,rvc,clean,eval,0.9769178628921509
${DATA_ROOT}/rvc_cm02/rvc_converted_wavs/rvc_outputs/rvc_445718_00068.wav,spoof,hi-en,445718,cm02,rvc,clean,eval,0.9984602928161621
${DATA_ROOT}/rvc_cm02/rvc_converted_wavs/rvc_outputs/rvc_445718_00070.wav,spoof,hi-en,445718,cm02,rvc,clean,eval,0.9941675662994385
${DATA_ROOT}/rvc_cm02/rvc_converted_wavs/rvc_outputs/rvc_445718_00071.wav,spoof,hi-en,445718,cm02,rvc,clean,eval,0.9890754222869873
${DATA_ROOT}/rvc_cm02/rvc_converted_wavs/rvc_outputs/rvc_445718_00072.wav,spoof,hi-en,445718,cm02,rvc,clean,eval,0.0013016217853873968
${DATA_ROOT}/rvc_cm02/rvc_converted_wavs/rvc_outputs/rvc_445718_00073.wav,spoof,hi-en,445718,cm02,rvc,clean,eval,0.9965873956680298
${DATA_ROOT}/rvc_cm02/rvc_converted_wavs/rvc_outputs/rvc_445718_00074.wav,spoof,hi-en,445718,cm02,rvc,clean,eval,0.9893369674682617
${DATA_ROOT}/rvc_cm02/rvc_converted_wavs/rvc_outputs/rvc_445718_00075.wav,spoof,hi-en,445718,cm02,rvc,clean,eval,0.000335231248755008
${DATA_ROOT}/rvc_cm02/rvc_converted_wavs/rvc_outputs/rvc_445718_00076.wav,spoof,hi-en,445718,cm02,rvc,clean,eval,0.9992818236351013
${DATA_ROOT}/rvc_cm02/rvc_converted_wavs/rvc_outputs/rvc_445718_00077.wav,spoof,hi-en,445718,cm02,rvc,clean,eval,0.9985048770904541
${DATA_ROOT}/rvc_cm02/rvc_converted_wavs/rvc_outputs/rvc_445718_00078.wav,spoof,hi-en,445718,cm02,rvc,clean,eval,0.9904244542121887
${DATA_ROOT}/rvc_cm02/rvc_converted_wavs/rvc_outputs/rvc_445718_00079.wav,spoof,hi-en,445718,cm02,rvc,clean,eval,0.9977898597717285
${DATA_ROOT}/rvc_cm02/rvc_converted_wavs/rvc_outputs/rvc_445718_00080.wav,spoof,hi-en,445718,cm02,rvc,clean,eval,0.998871386051178
${DATA_ROOT}/rvc_cm02/rvc_converted_wavs/rvc_outputs/rvc_445718_00081.wav,spoof,hi-en,445718,cm02,rvc,clean,eval,0.9272613525390625
${DATA_ROOT}/rvc_cm02/rvc_converted_wavs/rvc_outputs/rvc_445718_00083.wav,spoof,hi-en,445718,cm02,rvc,clean,eval,0.9992843270301819
${DATA_ROOT}/rvc_cm02/rvc_converted_wavs/rvc_outputs/rvc_445718_00084.wav,spoof,hi-en,445718,cm02,rvc,clean,eval,0.9933537244796753
${DATA_ROOT}/rvc_cm02/rvc_converted_wavs/rvc_outputs/rvc_445718_00085.wav,spoof,hi-en,445718,cm02,rvc,clean,eval,0.9970191717147827
${DATA_ROOT}/rvc_cm02/rvc_converted_wavs/rvc_outputs/rvc_445718_00086.wav,spoof,hi-en,445718,cm02,rvc,clean,eval,0.9974114298820496
${DATA_ROOT}/rvc_cm02/rvc_converted_wavs/rvc_outputs/rvc_445718_00087.wav,spoof,hi-en,445718,cm02,rvc,clean,eval,0.9977350234985352
${DATA_ROOT}/rvc_cm02/rvc_converted_wavs/rvc_outputs/rvc_445718_00088.wav,spoof,hi-en,445718,cm02,rvc,clean,eval,0.9987610578536987
${DATA_ROOT}/rvc_cm02/rvc_converted_wavs/rvc_outputs/rvc_445718_00089.wav,spoof,hi-en,445718,cm02,rvc,clean,eval,0.937686562538147
${DATA_ROOT}/rvc_cm02/rvc_converted_wavs/rvc_outputs/rvc_445718_00090.wav,spoof,hi-en,445718,cm02,rvc,clean,eval,0.9949925541877747
${DATA_ROOT}/rvc_cm02/rvc_converted_wavs/rvc_outputs/rvc_445718_00091.wav,spoof,hi-en,445718,cm02,rvc,clean,eval,0.9215870499610901
${DATA_ROOT}/rvc_cm02/rvc_converted_wavs/rvc_outputs/rvc_445718_00092.wav,spoof,hi-en,445718,cm02,rvc,clean,eval,0.9971522092819214
${DATA_ROOT}/rvc_cm02/rvc_converted_wavs/rvc_outputs/rvc_445718_00093.wav,spoof,hi-en,445718,cm02,rvc,clean,eval,0.604971170425415
${DATA_ROOT}/rvc_cm02/rvc_converted_wavs/rvc_outputs/rvc_445718_00094.wav,spoof,hi-en,445718,cm02,rvc,clean,eval,0.9983565211296082
${DATA_ROOT}/rvc_cm02/rvc_converted_wavs/rvc_outputs/rvc_445718_00095.wav,spoof,hi-en,445718,cm02,rvc,clean,eval,0.9940998554229736
${DATA_ROOT}/rvc_cm02/rvc_converted_wavs/rvc_outputs/rvc_445718_00096.wav,spoof,hi-en,445718,cm02,rvc,clean,eval,0.00042054755613207817
${DATA_ROOT}/rvc_cm02/rvc_converted_wavs/rvc_outputs/rvc_445718_00097.wav,spoof,hi-en,445718,cm02,rvc,clean,eval,0.9895762205123901
${DATA_ROOT}/rvc_cm02/rvc_converted_wavs/rvc_outputs/rvc_445718_00098.wav,spoof,hi-en,445718,cm02,rvc,clean,eval,0.030901018530130386
${DATA_ROOT}/rvc_cm02/rvc_converted_wavs/rvc_outputs/rvc_445718_00099.wav,spoof,hi-en,445718,cm02,rvc,clean,eval,0.0005157685955055058
${DATA_ROOT}/rvc_cm02/rvc_converted_wavs/rvc_outputs/rvc_445718_00100.wav,spoof,hi-en,445718,cm02,rvc,clean,eval,0.9954622387886047
${DATA_ROOT}/rvc_cm02/rvc_converted_wavs/rvc_outputs/rvc_445718_00101.wav,spoof,hi-en,445718,cm02,rvc,clean,eval,0.9720046520233154
${DATA_ROOT}/rvc_cm02/rvc_converted_wavs/rvc_outputs/rvc_445718_00102.wav,spoof,hi-en,445718,cm02,rvc,clean,eval,0.6254869699478149
${DATA_ROOT}/rvc_cm02/rvc_converted_wavs/rvc_outputs/rvc_445718_00103.wav,spoof,hi-en,445718,cm02,rvc,clean,eval,0.9992653727531433
${DATA_ROOT}/rvc_cm02/rvc_converted_wavs/rvc_outputs/rvc_445718_00104.wav,spoof,hi-en,445718,cm02,rvc,clean,eval,0.998029887676239
${DATA_ROOT}/rvc_cm02/rvc_converted_wavs/rvc_outputs/rvc_445718_00105.wav,spoof,hi-en,445718,cm02,rvc,clean,eval,0.9974305033683777
${DATA_ROOT}/rvc_cm02/rvc_converted_wavs/rvc_outputs/rvc_445718_00106.wav,spoof,hi-en,445718,cm02,rvc,clean,eval,0.001123054651543498
${DATA_ROOT}/rvc_cm02/rvc_converted_wavs/rvc_outputs/rvc_445718_00107.wav,spoof,hi-en,445718,cm02,rvc,clean,eval,0.9983129501342773
${DATA_ROOT}/rvc_cm02/rvc_converted_wavs/rvc_outputs/rvc_445718_00108.wav,spoof,hi-en,445718,cm02,rvc,clean,eval,0.9470794796943665
${DATA_ROOT}/rvc_cm02/rvc_converted_wavs/rvc_outputs/rvc_445718_00110.wav,spoof,hi-en,445718,cm02,rvc,clean,eval,0.9902822971343994
${DATA_ROOT}/rvc_cm02/rvc_converted_wavs/rvc_outputs/rvc_445718_00111.wav,spoof,hi-en,445718,cm02,rvc,clean,eval,0.9810278415679932
${DATA_ROOT}/rvc_cm02/rvc_converted_wavs/rvc_outputs/rvc_445718_00112.wav,spoof,hi-en,445718,cm02,rvc,clean,eval,0.7355284094810486
${DATA_ROOT}/rvc_cm02/rvc_converted_wavs/rvc_outputs/rvc_445718_00113.wav,spoof,hi-en,445718,cm02,rvc,clean,eval,0.47331470251083374
${DATA_ROOT}/rvc_cm02/rvc_converted_wavs/rvc_outputs/rvc_445718_00114.wav,spoof,hi-en,445718,cm02,rvc,clean,eval,0.9943270087242126
${DATA_ROOT}/rvc_cm02/rvc_converted_wavs/rvc_outputs/rvc_445718_00115.wav,spoof,hi-en,445718,cm02,rvc,clean,eval,0.9988142251968384
${DATA_ROOT}/rvc_cm02/rvc_converted_wavs/rvc_outputs/rvc_445718_00116.wav,spoof,hi-en,445718,cm02,rvc,clean,eval,0.9989801049232483
${DATA_ROOT}/rvc_cm02/rvc_converted_wavs/rvc_outputs/rvc_445718_00117.wav,spoof,hi-en,445718,cm02,rvc,clean,eval,0.9984487295150757
${DATA_ROOT}/rvc_cm02/rvc_converted_wavs/rvc_outputs/rvc_445718_00118.wav,spoof,hi-en,445718,cm02,rvc,clean,eval,0.9833099246025085
${DATA_ROOT}/rvc_cm02/rvc_converted_wavs/rvc_outputs/rvc_445718_00120.wav,spoof,hi-en,445718,cm02,rvc,clean,eval,0.0003631961590144783
${DATA_ROOT}/rvc_cm02/rvc_converted_wavs/rvc_outputs/rvc_445718_00121.wav,spoof,hi-en,445718,cm02,rvc,clean,eval,0.9975125789642334
${DATA_ROOT}/rvc_cm02/rvc_converted_wavs/rvc_outputs/rvc_445718_00122.wav,spoof,hi-en,445718,cm02,rvc,clean,eval,0.9938662648200989
${DATA_ROOT}/rvc_cm02/rvc_converted_wavs/rvc_outputs/rvc_445718_00124.wav,spoof,hi-en,445718,cm02,rvc,clean,eval,0.6658927202224731
${DATA_ROOT}/rvc_cm02/rvc_converted_wavs/rvc_outputs/rvc_445718_00125.wav,spoof,hi-en,445718,cm02,rvc,clean,eval,0.8976054191589355
${DATA_ROOT}/rvc_cm02/rvc_converted_wavs/rvc_outputs/rvc_850754_00126.wav,spoof,hi-en,850754,cm02,rvc,clean,eval,0.9869865775108337
${DATA_ROOT}/rvc_cm02/rvc_converted_wavs/rvc_outputs/rvc_850754_00127.wav,spoof,hi-en,850754,cm02,rvc,clean,eval,0.9992309808731079
${DATA_ROOT}/rvc_cm02/rvc_converted_wavs/rvc_outputs/rvc_850754_00128.wav,spoof,hi-en,850754,cm02,rvc,clean,eval,0.000959936180151999
${DATA_ROOT}/rvc_cm02/rvc_converted_wavs/rvc_outputs/rvc_850754_00129.wav,spoof,hi-en,850754,cm02,rvc,clean,eval,0.8681857585906982
${DATA_ROOT}/rvc_cm02/rvc_converted_wavs/rvc_outputs/rvc_850754_00130.wav,spoof,hi-en,850754,cm02,rvc,clean,eval,0.9961031675338745
${DATA_ROOT}/rvc_cm02/rvc_converted_wavs/rvc_outputs/rvc_850754_00131.wav,spoof,hi-en,850754,cm02,rvc,clean,eval,0.9920077323913574
${DATA_ROOT}/rvc_cm02/rvc_converted_wavs/rvc_outputs/rvc_850754_00132.wav,spoof,hi-en,850754,cm02,rvc,clean,eval,0.9992954730987549
${DATA_ROOT}/rvc_cm02/rvc_converted_wavs/rvc_outputs/rvc_850754_00133.wav,spoof,hi-en,850754,cm02,rvc,clean,eval,0.9971053004264832
${DATA_ROOT}/rvc_cm02/rvc_converted_wavs/rvc_outputs/rvc_850754_00134.wav,spoof,hi-en,850754,cm02,rvc,clean,eval,0.9983254075050354
${DATA_ROOT}/rvc_cm02/rvc_converted_wavs/rvc_outputs/rvc_850754_00135.wav,spoof,hi-en,850754,cm02,rvc,clean,eval,0.994763970375061
${DATA_ROOT}/rvc_cm02/rvc_converted_wavs/rvc_outputs/rvc_850754_00136.wav,spoof,hi-en,850754,cm02,rvc,clean,eval,0.47046229243278503
${DATA_ROOT}/rvc_cm02/rvc_converted_wavs/rvc_outputs/rvc_850754_00137.wav,spoof,hi-en,850754,cm02,rvc,clean,eval,0.9901152849197388
${DATA_ROOT}/rvc_cm02/rvc_converted_wavs/rvc_outputs/rvc_850754_00138.wav,spoof,hi-en,850754,cm02,rvc,clean,eval,0.9994888305664062
${DATA_ROOT}/rvc_cm02/rvc_converted_wavs/rvc_outputs/rvc_850754_00139.wav,spoof,hi-en,850754,cm02,rvc,clean,eval,0.998350977897644
${DATA_ROOT}/rvc_cm02/rvc_converted_wavs/rvc_outputs/rvc_850754_00140.wav,spoof,hi-en,850754,cm02,rvc,clean,eval,0.9969769716262817
${DATA_ROOT}/rvc_cm02/rvc_converted_wavs/rvc_outputs/rvc_850754_00141.wav,spoof,hi-en,850754,cm02,rvc,clean,eval,0.9995013475418091
${DATA_ROOT}/rvc_cm02/rvc_converted_wavs/rvc_outputs/rvc_850754_00142.wav,spoof,hi-en,850754,cm02,rvc,clean,eval,0.9990905523300171
${DATA_ROOT}/rvc_cm02/rvc_converted_wavs/rvc_outputs/rvc_850754_00143.wav,spoof,hi-en,850754,cm02,rvc,clean,eval,0.9974637031555176
${DATA_ROOT}/rvc_cm02/rvc_converted_wavs/rvc_outputs/rvc_850754_00144.wav,spoof,hi-en,850754,cm02,rvc,clean,eval,0.9982379674911499
${DATA_ROOT}/rvc_cm02/rvc_converted_wavs/rvc_outputs/rvc_850754_00145.wav,spoof,hi-en,850754,cm02,rvc,clean,eval,0.9964309930801392
${DATA_ROOT}/rvc_cm02/rvc_converted_wavs/rvc_outputs/rvc_850754_00146.wav,spoof,hi-en,850754,cm02,rvc,clean,eval,0.9988993406295776
${DATA_ROOT}/rvc_cm02/rvc_converted_wavs/rvc_outputs/rvc_850754_00147.wav,spoof,hi-en,850754,cm02,rvc,clean,eval,0.9935544729232788
${DATA_ROOT}/rvc_cm02/rvc_converted_wavs/rvc_outputs/rvc_850754_00148.wav,spoof,hi-en,850754,cm02,rvc,clean,eval,0.9871490597724915
${DATA_ROOT}/rvc_cm02/rvc_converted_wavs/rvc_outputs/rvc_850754_00149.wav,spoof,hi-en,850754,cm02,rvc,clean,eval,0.9966217279434204
${DATA_ROOT}/rvc_cm02/rvc_converted_wavs/rvc_outputs/rvc_850754_00150.wav,spoof,hi-en,850754,cm02,rvc,clean,eval,0.9978728294372559
${DATA_ROOT}/rvc_cm02/rvc_converted_wavs/rvc_outputs/rvc_850754_00151.wav,spoof,hi-en,850754,cm02,rvc,clean,eval,0.9979856014251709
${DATA_ROOT}/rvc_cm02/rvc_converted_wavs/rvc_outputs/rvc_850754_00152.wav,spoof,hi-en,850754,cm02,rvc,clean,eval,0.002544577233493328
${DATA_ROOT}/rvc_cm02/rvc_converted_wavs/rvc_outputs/rvc_850754_00153.wav,spoof,hi-en,850754,cm02,rvc,clean,eval,0.9971488118171692
${DATA_ROOT}/rvc_cm02/rvc_converted_wavs/rvc_outputs/rvc_850754_00154.wav,spoof,hi-en,850754,cm02,rvc,clean,eval,0.9960101842880249
${DATA_ROOT}/rvc_cm02/rvc_converted_wavs/rvc_outputs/rvc_850754_00155.wav,spoof,hi-en,850754,cm02,rvc,clean,eval,0.9925804138183594
${DATA_ROOT}/rvc_cm02/rvc_converted_wavs/rvc_outputs/rvc_850754_00156.wav,spoof,hi-en,850754,cm02,rvc,clean,eval,0.999846339225769
${DATA_ROOT}/rvc_cm02/rvc_converted_wavs/rvc_outputs/rvc_850754_00157.wav,spoof,hi-en,850754,cm02,rvc,clean,eval,0.9980725049972534
${DATA_ROOT}/rvc_cm02/rvc_converted_wavs/rvc_outputs/rvc_850754_00158.wav,spoof,hi-en,850754,cm02,rvc,clean,eval,0.9942295551300049
${DATA_ROOT}/rvc_cm02/rvc_converted_wavs/rvc_outputs/rvc_850754_00159.wav,spoof,hi-en,850754,cm02,rvc,clean,eval,0.8763822317123413
${DATA_ROOT}/rvc_cm02/rvc_converted_wavs/rvc_outputs/rvc_850754_00160.wav,spoof,hi-en,850754,cm02,rvc,clean,eval,0.9985760450363159
${DATA_ROOT}/rvc_cm02/rvc_converted_wavs/rvc_outputs/rvc_850754_00161.wav,spoof,hi-en,850754,cm02,rvc,clean,eval,0.9996576309204102
${DATA_ROOT}/rvc_cm02/rvc_converted_wavs/rvc_outputs/rvc_850754_00162.wav,spoof,hi-en,850754,cm02,rvc,clean,eval,0.9966662526130676
${DATA_ROOT}/rvc_cm02/rvc_converted_wavs/rvc_outputs/rvc_850754_00163.wav,spoof,hi-en,850754,cm02,rvc,clean,eval,0.9830794334411621
${DATA_ROOT}/rvc_cm02/rvc_converted_wavs/rvc_outputs/rvc_850754_00164.wav,spoof,hi-en,850754,cm02,rvc,clean,eval,0.9502749443054199
${DATA_ROOT}/rvc_cm02/rvc_converted_wavs/rvc_outputs/rvc_850754_00166.wav,spoof,hi-en,850754,cm02,rvc,clean,eval,0.8925527334213257
${DATA_ROOT}/rvc_cm02/rvc_converted_wavs/rvc_outputs/rvc_850754_00167.wav,spoof,hi-en,850754,cm02,rvc,clean,eval,0.9985339641571045
${DATA_ROOT}/rvc_cm02/rvc_converted_wavs/rvc_outputs/rvc_850754_00168.wav,spoof,hi-en,850754,cm02,rvc,clean,eval,0.6039893627166748
${DATA_ROOT}/rvc_cm02/rvc_converted_wavs/rvc_outputs/rvc_850754_00169.wav,spoof,hi-en,850754,cm02,rvc,clean,eval,0.9948900938034058
${DATA_ROOT}/rvc_cm02/rvc_converted_wavs/rvc_outputs/rvc_850754_00171.wav,spoof,hi-en,850754,cm02,rvc,clean,eval,0.9819180965423584
${DATA_ROOT}/rvc_cm02/rvc_converted_wavs/rvc_outputs/rvc_850754_00172.wav,spoof,hi-en,850754,cm02,rvc,clean,eval,0.9003230929374695
${DATA_ROOT}/rvc_cm02/rvc_converted_wavs/rvc_outputs/rvc_850754_00174.wav,spoof,hi-en,850754,cm02,rvc,clean,eval,0.11498639732599258
${DATA_ROOT}/rvc_cm02/rvc_converted_wavs/rvc_outputs/rvc_850754_00175.wav,spoof,hi-en,850754,cm02,rvc,clean,eval,0.9987372756004333
${DATA_ROOT}/rvc_cm02/rvc_converted_wavs/rvc_outputs/rvc_850754_00176.wav,spoof,hi-en,850754,cm02,rvc,clean,eval,0.003272461239248514
${DATA_ROOT}/rvc_cm02/rvc_converted_wavs/rvc_outputs/rvc_850754_00177.wav,spoof,hi-en,850754,cm02,rvc,clean,eval,0.9882423281669617
${DATA_ROOT}/rvc_cm02/rvc_converted_wavs/rvc_outputs/rvc_850754_00179.wav,spoof,hi-en,850754,cm02,rvc,clean,eval,0.9985712766647339
${DATA_ROOT}/rvc_cm02/rvc_converted_wavs/rvc_outputs/rvc_850754_00180.wav,spoof,hi-en,850754,cm02,rvc,clean,eval,0.9999356269836426
${DATA_ROOT}/rvc_cm02/rvc_converted_wavs/rvc_outputs/rvc_850754_00181.wav,spoof,hi-en,850754,cm02,rvc,clean,eval,0.9983606934547424
${DATA_ROOT}/rvc_cm02/rvc_converted_wavs/rvc_outputs/rvc_850754_00182.wav,spoof,hi-en,850754,cm02,rvc,clean,eval,0.986255943775177
${DATA_ROOT}/rvc_cm02/rvc_converted_wavs/rvc_outputs/rvc_850754_00183.wav,spoof,hi-en,850754,cm02,rvc,clean,eval,0.9941615462303162
${DATA_ROOT}/rvc_cm02/rvc_converted_wavs/rvc_outputs/rvc_850754_00184.wav,spoof,hi-en,850754,cm02,rvc,clean,eval,0.9943116903305054
${DATA_ROOT}/rvc_cm02/rvc_converted_wavs/rvc_outputs/rvc_850754_00185.wav,spoof,hi-en,850754,cm02,rvc,clean,eval,0.998760461807251
${DATA_ROOT}/rvc_cm02/rvc_converted_wavs/rvc_outputs/rvc_850754_00186.wav,spoof,hi-en,850754,cm02,rvc,clean,eval,0.9968675971031189
${DATA_ROOT}/rvc_cm02/rvc_converted_wavs/rvc_outputs/rvc_850754_00187.wav,spoof,hi-en,850754,cm02,rvc,clean,eval,0.9963464140892029
${DATA_ROOT}/rvc_cm02/rvc_converted_wavs/rvc_outputs/rvc_850754_00188.wav,spoof,hi-en,850754,cm02,rvc,clean,eval,0.997312605381012
${DATA_ROOT}/rvc_cm02/rvc_converted_wavs/rvc_outputs/rvc_850754_00189.wav,spoof,hi-en,850754,cm02,rvc,clean,eval,0.9970415234565735
${DATA_ROOT}/rvc_cm02/rvc_converted_wavs/rvc_outputs/rvc_850754_00190.wav,spoof,hi-en,850754,cm02,rvc,clean,eval,0.9837039113044739
${DATA_ROOT}/rvc_cm02/rvc_converted_wavs/rvc_outputs/rvc_850754_00191.wav,spoof,hi-en,850754,cm02,rvc,clean,eval,0.9965135455131531
${DATA_ROOT}/rvc_cm02/rvc_converted_wavs/rvc_outputs/rvc_850754_00192.wav,spoof,hi-en,850754,cm02,rvc,clean,eval,0.9921767115592957
${DATA_ROOT}/rvc_cm02/rvc_converted_wavs/rvc_outputs/rvc_850754_00193.wav,spoof,hi-en,850754,cm02,rvc,clean,eval,0.9850713014602661
${DATA_ROOT}/rvc_cm02/rvc_converted_wavs/rvc_outputs/rvc_850754_00194.wav,spoof,hi-en,850754,cm02,rvc,clean,eval,0.9980973601341248
${DATA_ROOT}/rvc_cm02/rvc_converted_wavs/rvc_outputs/rvc_850754_00195.wav,spoof,hi-en,850754,cm02,rvc,clean,eval,0.9981464147567749
${DATA_ROOT}/rvc_cm02/rvc_converted_wavs/rvc_outputs/rvc_850754_00196.wav,spoof,hi-en,850754,cm02,rvc,clean,eval,0.9998645782470703
${DATA_ROOT}/rvc_cm02/rvc_converted_wavs/rvc_outputs/rvc_850754_00197.wav,spoof,hi-en,850754,cm02,rvc,clean,eval,0.9852812886238098
${DATA_ROOT}/rvc_cm02/rvc_converted_wavs/rvc_outputs/rvc_850754_00198.wav,spoof,hi-en,850754,cm02,rvc,clean,eval,0.9966795444488525
${DATA_ROOT}/rvc_cm02/rvc_converted_wavs/rvc_outputs/rvc_850754_00199.wav,spoof,hi-en,850754,cm02,rvc,clean,eval,0.9958949089050293
${DATA_ROOT}/rvc_cm02/rvc_converted_wavs/rvc_outputs/rvc_850754_00200.wav,spoof,hi-en,850754,cm02,rvc,clean,eval,0.003465693909674883
${DATA_ROOT}/rvc_cm02/rvc_converted_wavs/rvc_outputs/rvc_850754_00201.wav,spoof,hi-en,850754,cm02,rvc,clean,eval,0.890042245388031
${DATA_ROOT}/rvc_cm02/rvc_converted_wavs/rvc_outputs/rvc_850754_00202.wav,spoof,hi-en,850754,cm02,rvc,clean,eval,0.9964386224746704
${DATA_ROOT}/rvc_cm02/rvc_converted_wavs/rvc_outputs/rvc_850754_00203.wav,spoof,hi-en,850754,cm02,rvc,clean,eval,0.9993170499801636
${DATA_ROOT}/rvc_cm02/rvc_converted_wavs/rvc_outputs/rvc_850754_00204.wav,spoof,hi-en,850754,cm02,rvc,clean,eval,0.9835551381111145
${DATA_ROOT}/rvc_cm02/rvc_converted_wavs/rvc_outputs/rvc_850754_00205.wav,spoof,hi-en,850754,cm02,rvc,clean,eval,0.9990897178649902
${DATA_ROOT}/rvc_cm02/rvc_converted_wavs/rvc_outputs/rvc_850754_00206.wav,spoof,hi-en,850754,cm02,rvc,clean,eval,0.9945206642150879
${DATA_ROOT}/rvc_cm02/rvc_converted_wavs/rvc_outputs/rvc_850754_00207.wav,spoof,hi-en,850754,cm02,rvc,clean,eval,0.9707213640213013
${DATA_ROOT}/rvc_cm02/rvc_converted_wavs/rvc_outputs/rvc_850754_00208.wav,spoof,hi-en,850754,cm02,rvc,clean,eval,0.9847446084022522
${DATA_ROOT}/rvc_cm02/rvc_converted_wavs/rvc_outputs/rvc_850754_00209.wav,spoof,hi-en,850754,cm02,rvc,clean,eval,0.977266252040863
${DATA_ROOT}/rvc_cm02/rvc_converted_wavs/rvc_outputs/rvc_850754_00210.wav,spoof,hi-en,850754,cm02,rvc,clean,eval,0.9988974332809448
${DATA_ROOT}/rvc_cm02/rvc_converted_wavs/rvc_outputs/rvc_850754_00211.wav,spoof,hi-en,850754,cm02,rvc,clean,eval,0.9970109462738037
${DATA_ROOT}/rvc_cm02/rvc_converted_wavs/rvc_outputs/rvc_850754_00212.wav,spoof,hi-en,850754,cm02,rvc,clean,eval,0.9975086450576782
${DATA_ROOT}/rvc_cm02/rvc_converted_wavs/rvc_outputs/rvc_850754_00213.wav,spoof,hi-en,850754,cm02,rvc,clean,eval,0.6078544855117798
${DATA_ROOT}/rvc_cm02/rvc_converted_wavs/rvc_outputs/rvc_850754_00214.wav,spoof,hi-en,850754,cm02,rvc,clean,eval,0.9984661340713501
${DATA_ROOT}/rvc_cm02/rvc_converted_wavs/rvc_outputs/rvc_850754_00215.wav,spoof,hi-en,850754,cm02,rvc,clean,eval,0.9979798197746277
${DATA_ROOT}/rvc_cm02/rvc_converted_wavs/rvc_outputs/rvc_850754_00217.wav,spoof,hi-en,850754,cm02,rvc,clean,eval,0.9950743317604065
${DATA_ROOT}/rvc_cm02/rvc_converted_wavs/rvc_outputs/rvc_850754_00219.wav,spoof,hi-en,850754,cm02,rvc,clean,eval,0.9997854828834534
${DATA_ROOT}/rvc_cm02/rvc_converted_wavs/rvc_outputs/rvc_850754_00220.wav,spoof,hi-en,850754,cm02,rvc,clean,eval,0.8690919280052185
${DATA_ROOT}/rvc_cm02/rvc_converted_wavs/rvc_outputs/rvc_850754_00221.wav,spoof,hi-en,850754,cm02,rvc,clean,eval,0.0009546962683089077
${DATA_ROOT}/rvc_cm02/rvc_converted_wavs/rvc_outputs/rvc_850754_00222.wav,spoof,hi-en,850754,cm02,rvc,clean,eval,0.9984533786773682
${DATA_ROOT}/rvc_cm02/rvc_converted_wavs/rvc_outputs/rvc_850754_00223.wav,spoof,hi-en,850754,cm02,rvc,clean,eval,0.9936582446098328
${DATA_ROOT}/rvc_cm02/rvc_converted_wavs/rvc_outputs/rvc_850754_00224.wav,spoof,hi-en,850754,cm02,rvc,clean,eval,0.00044851331040263176
${DATA_ROOT}/rvc_cm02/rvc_converted_wavs/rvc_outputs/rvc_850754_00225.wav,spoof,hi-en,850754,cm02,rvc,clean,eval,0.9985771179199219
${DATA_ROOT}/rvc_cm02/rvc_converted_wavs/rvc_outputs/rvc_850754_00226.wav,spoof,hi-en,850754,cm02,rvc,clean,eval,0.9979166388511658
${DATA_ROOT}/rvc_cm02/rvc_converted_wavs/rvc_outputs/rvc_850754_00227.wav,spoof,hi-en,850754,cm02,rvc,clean,eval,0.9975622892379761
${DATA_ROOT}/rvc_cm02/rvc_converted_wavs/rvc_outputs/rvc_850754_00229.wav,spoof,hi-en,850754,cm02,rvc,clean,eval,0.9982213377952576
${DATA_ROOT}/rvc_cm02/rvc_converted_wavs/rvc_outputs/rvc_850754_00230.wav,spoof,hi-en,850754,cm02,rvc,clean,eval,0.998992383480072
${DATA_ROOT}/rvc_cm02/rvc_converted_wavs/rvc_outputs/rvc_850754_00231.wav,spoof,hi-en,850754,cm02,rvc,clean,eval,0.9927724003791809
${DATA_ROOT}/rvc_cm02/rvc_converted_wavs/rvc_outputs/rvc_850754_00232.wav,spoof,hi-en,850754,cm02,rvc,clean,eval,0.07202129065990448
${DATA_ROOT}/rvc_cm02/rvc_converted_wavs/rvc_outputs/rvc_850754_00233.wav,spoof,hi-en,850754,cm02,rvc,clean,eval,0.9975247979164124
${DATA_ROOT}/rvc_cm02/rvc_converted_wavs/rvc_outputs/rvc_850754_00234.wav,spoof,hi-en,850754,cm02,rvc,clean,eval,0.9658796787261963
${DATA_ROOT}/rvc_cm02/rvc_converted_wavs/rvc_outputs/rvc_850754_00235.wav,spoof,hi-en,850754,cm02,rvc,clean,eval,0.9991401433944702
${DATA_ROOT}/rvc_cm02/rvc_converted_wavs/rvc_outputs/rvc_850754_00236.wav,spoof,hi-en,850754,cm02,rvc,clean,eval,0.9928111433982849
${DATA_ROOT}/rvc_cm02/rvc_converted_wavs/rvc_outputs/rvc_850754_00238.wav,spoof,hi-en,850754,cm02,rvc,clean,eval,0.6371797919273376
${DATA_ROOT}/rvc_cm02/rvc_converted_wavs/rvc_outputs/rvc_850754_00239.wav,spoof,hi-en,850754,cm02,rvc,clean,eval,0.9994267225265503
${DATA_ROOT}/rvc_cm02/rvc_converted_wavs/rvc_outputs/rvc_850754_00240.wav,spoof,hi-en,850754,cm02,rvc,clean,eval,0.9985369443893433
${DATA_ROOT}/rvc_cm02/rvc_converted_wavs/rvc_outputs/rvc_850754_00241.wav,spoof,hi-en,850754,cm02,rvc,clean,eval,0.9971396923065186
${DATA_ROOT}/rvc_cm02/rvc_converted_wavs/rvc_outputs/rvc_850754_00242.wav,spoof,hi-en,850754,cm02,rvc,clean,eval,0.9996846914291382
${DATA_ROOT}/rvc_cm02/rvc_converted_wavs/rvc_outputs/rvc_850754_00243.wav,spoof,hi-en,850754,cm02,rvc,clean,eval,0.9928311109542847
${DATA_ROOT}/rvc_cm02/rvc_converted_wavs/rvc_outputs/rvc_850754_00244.wav,spoof,hi-en,850754,cm02,rvc,clean,eval,0.972698450088501
${DATA_ROOT}/rvc_cm02/rvc_converted_wavs/rvc_outputs/rvc_850754_00245.wav,spoof,hi-en,850754,cm02,rvc,clean,eval,0.9983345866203308
${DATA_ROOT}/rvc_cm02/rvc_converted_wavs/rvc_outputs/rvc_850754_00246.wav,spoof,hi-en,850754,cm02,rvc,clean,eval,0.9974015951156616
${DATA_ROOT}/rvc_cm02/rvc_converted_wavs/rvc_outputs/rvc_850754_00247.wav,spoof,hi-en,850754,cm02,rvc,clean,eval,0.9989781379699707
${DATA_ROOT}/rvc_cm02/rvc_converted_wavs/rvc_outputs/rvc_850754_00248.wav,spoof,hi-en,850754,cm02,rvc,clean,eval,0.0003068553633056581
${DATA_ROOT}/rvc_cm02/rvc_converted_wavs/rvc_outputs/rvc_850754_00249.wav,spoof,hi-en,850754,cm02,rvc,clean,eval,0.9984235763549805
${DATA_ROOT}/rvc_cm02/rvc_converted_wavs/rvc_outputs/rvc_850754_00250.wav,spoof,hi-en,850754,cm02,rvc,clean,eval,0.9868528246879578
${DATA_ROOT}/rvc_cm02/rvc_converted_wavs/rvc_outputs/rvc_457295_00251.wav,spoof,hi-en,457295,cm02,rvc,clean,eval,0.9975613355636597
${DATA_ROOT}/rvc_cm02/rvc_converted_wavs/rvc_outputs/rvc_457295_00252.wav,spoof,hi-en,457295,cm02,rvc,clean,eval,0.9992129802703857
${DATA_ROOT}/rvc_cm02/rvc_converted_wavs/rvc_outputs/rvc_457295_00254.wav,spoof,hi-en,457295,cm02,rvc,clean,eval,0.997195839881897
${DATA_ROOT}/rvc_cm02/rvc_converted_wavs/rvc_outputs/rvc_457295_00256.wav,spoof,hi-en,457295,cm02,rvc,clean,eval,0.9983264803886414
${DATA_ROOT}/rvc_cm02/rvc_converted_wavs/rvc_outputs/rvc_457295_00257.wav,spoof,hi-en,457295,cm02,rvc,clean,eval,0.9980917572975159
${DATA_ROOT}/rvc_cm02/rvc_converted_wavs/rvc_outputs/rvc_457295_00258.wav,spoof,hi-en,457295,cm02,rvc,clean,eval,0.769950270652771
${DATA_ROOT}/rvc_cm02/rvc_converted_wavs/rvc_outputs/rvc_457295_00259.wav,spoof,hi-en,457295,cm02,rvc,clean,eval,0.9959421753883362
${DATA_ROOT}/rvc_cm02/rvc_converted_wavs/rvc_outputs/rvc_457295_00260.wav,spoof,hi-en,457295,cm02,rvc,clean,eval,0.05205848440527916
${DATA_ROOT}/rvc_cm02/rvc_converted_wavs/rvc_outputs/rvc_457295_00261.wav,spoof,hi-en,457295,cm02,rvc,clean,eval,0.9983808994293213
${DATA_ROOT}/rvc_cm02/rvc_converted_wavs/rvc_outputs/rvc_457295_00262.wav,spoof,hi-en,457295,cm02,rvc,clean,eval,0.9977905750274658
${DATA_ROOT}/rvc_cm02/rvc_converted_wavs/rvc_outputs/rvc_457295_00263.wav,spoof,hi-en,457295,cm02,rvc,clean,eval,0.998793363571167
${DATA_ROOT}/rvc_cm02/rvc_converted_wavs/rvc_outputs/rvc_457295_00264.wav,spoof,hi-en,457295,cm02,rvc,clean,eval,0.9976615905761719
${DATA_ROOT}/rvc_cm02/rvc_converted_wavs/rvc_outputs/rvc_457295_00265.wav,spoof,hi-en,457295,cm02,rvc,clean,eval,0.986099123954773
${DATA_ROOT}/rvc_cm02/rvc_converted_wavs/rvc_outputs/rvc_457295_00266.wav,spoof,hi-en,457295,cm02,rvc,clean,eval,0.997855007648468
${DATA_ROOT}/rvc_cm02/rvc_converted_wavs/rvc_outputs/rvc_457295_00267.wav,spoof,hi-en,457295,cm02,rvc,clean,eval,0.998455286026001
${DATA_ROOT}/rvc_cm02/rvc_converted_wavs/rvc_outputs/rvc_457295_00268.wav,spoof,hi-en,457295,cm02,rvc,clean,eval,0.9991185069084167
${DATA_ROOT}/rvc_cm02/rvc_converted_wavs/rvc_outputs/rvc_457295_00269.wav,spoof,hi-en,457295,cm02,rvc,clean,eval,0.9976746439933777
${DATA_ROOT}/rvc_cm02/rvc_converted_wavs/rvc_outputs/rvc_457295_00271.wav,spoof,hi-en,457295,cm02,rvc,clean,eval,0.9989526271820068
${DATA_ROOT}/rvc_cm02/rvc_converted_wavs/rvc_outputs/rvc_457295_00272.wav,spoof,hi-en,457295,cm02,rvc,clean,eval,0.9979554414749146
${DATA_ROOT}/rvc_cm02/rvc_converted_wavs/rvc_outputs/rvc_457295_00273.wav,spoof,hi-en,457295,cm02,rvc,clean,eval,0.998555600643158
${DATA_ROOT}/rvc_cm02/rvc_converted_wavs/rvc_outputs/rvc_457295_00274.wav,spoof,hi-en,457295,cm02,rvc,clean,eval,0.004054781049489975
${DATA_ROOT}/rvc_cm02/rvc_converted_wavs/rvc_outputs/rvc_457295_00275.wav,spoof,hi-en,457295,cm02,rvc,clean,eval,0.9820294976234436
${DATA_ROOT}/rvc_cm02/rvc_converted_wavs/rvc_outputs/rvc_457295_00276.wav,spoof,hi-en,457295,cm02,rvc,clean,eval,0.9940605759620667
${DATA_ROOT}/rvc_cm02/rvc_converted_wavs/rvc_outputs/rvc_457295_00277.wav,spoof,hi-en,457295,cm02,rvc,clean,eval,0.00034478644374758005
${DATA_ROOT}/rvc_cm02/rvc_converted_wavs/rvc_outputs/rvc_457295_00279.wav,spoof,hi-en,457295,cm02,rvc,clean,eval,0.9937048554420471
${DATA_ROOT}/rvc_cm02/rvc_converted_wavs/rvc_outputs/rvc_457295_00280.wav,spoof,hi-en,457295,cm02,rvc,clean,eval,0.9875403046607971
${DATA_ROOT}/rvc_cm02/rvc_converted_wavs/rvc_outputs/rvc_457295_00281.wav,spoof,hi-en,457295,cm02,rvc,clean,eval,0.05903812497854233
${DATA_ROOT}/rvc_cm02/rvc_converted_wavs/rvc_outputs/rvc_457295_00282.wav,spoof,hi-en,457295,cm02,rvc,clean,eval,0.9927413463592529
${DATA_ROOT}/rvc_cm02/rvc_converted_wavs/rvc_outputs/rvc_457295_00283.wav,spoof,hi-en,457295,cm02,rvc,clean,eval,0.9967350363731384
${DATA_ROOT}/rvc_cm02/rvc_converted_wavs/rvc_outputs/rvc_457295_00284.wav,spoof,hi-en,457295,cm02,rvc,clean,eval,0.0003437860286794603
${DATA_ROOT}/rvc_cm02/rvc_converted_wavs/rvc_outputs/rvc_457295_00285.wav,spoof,hi-en,457295,cm02,rvc,clean,eval,0.9908301830291748
${DATA_ROOT}/rvc_cm02/rvc_converted_wavs/rvc_outputs/rvc_457295_00286.wav,spoof,hi-en,457295,cm02,rvc,clean,eval,0.9969018697738647
${DATA_ROOT}/rvc_cm02/rvc_converted_wavs/rvc_outputs/rvc_457295_00287.wav,spoof,hi-en,457295,cm02,rvc,clean,eval,0.9898474812507629
${DATA_ROOT}/rvc_cm02/rvc_converted_wavs/rvc_outputs/rvc_457295_00288.wav,spoof,hi-en,457295,cm02,rvc,clean,eval,0.9862748384475708
${DATA_ROOT}/rvc_cm02/rvc_converted_wavs/rvc_outputs/rvc_457295_00289.wav,spoof,hi-en,457295,cm02,rvc,clean,eval,0.000984951970167458
${DATA_ROOT}/rvc_cm02/rvc_converted_wavs/rvc_outputs/rvc_457295_00290.wav,spoof,hi-en,457295,cm02,rvc,clean,eval,0.968168318271637
${DATA_ROOT}/rvc_cm02/rvc_converted_wavs/rvc_outputs/rvc_457295_00291.wav,spoof,hi-en,457295,cm02,rvc,clean,eval,0.9997386336326599
${DATA_ROOT}/rvc_cm02/rvc_converted_wavs/rvc_outputs/rvc_457295_00292.wav,spoof,hi-en,457295,cm02,rvc,clean,eval,0.998891294002533
${DATA_ROOT}/rvc_cm02/rvc_converted_wavs/rvc_outputs/rvc_457295_00293.wav,spoof,hi-en,457295,cm02,rvc,clean,eval,0.9971683621406555
${DATA_ROOT}/rvc_cm02/rvc_converted_wavs/rvc_outputs/rvc_457295_00295.wav,spoof,hi-en,457295,cm02,rvc,clean,eval,0.9988704323768616
${DATA_ROOT}/rvc_cm02/rvc_converted_wavs/rvc_outputs/rvc_457295_00296.wav,spoof,hi-en,457295,cm02,rvc,clean,eval,0.9955834746360779
${DATA_ROOT}/rvc_cm02/rvc_converted_wavs/rvc_outputs/rvc_457295_00297.wav,spoof,hi-en,457295,cm02,rvc,clean,eval,0.7037436962127686
${DATA_ROOT}/rvc_cm02/rvc_converted_wavs/rvc_outputs/rvc_457295_00298.wav,spoof,hi-en,457295,cm02,rvc,clean,eval,0.9736798405647278
${DATA_ROOT}/rvc_cm02/rvc_converted_wavs/rvc_outputs/rvc_457295_00299.wav,spoof,hi-en,457295,cm02,rvc,clean,eval,0.9984305500984192
${DATA_ROOT}/rvc_cm02/rvc_converted_wavs/rvc_outputs/rvc_457295_00300.wav,spoof,hi-en,457295,cm02,rvc,clean,eval,0.9567930102348328
${DATA_ROOT}/rvc_cm02/rvc_converted_wavs/rvc_outputs/rvc_457295_00302.wav,spoof,hi-en,457295,cm02,rvc,clean,eval,0.700072705745697
${DATA_ROOT}/rvc_cm02/rvc_converted_wavs/rvc_outputs/rvc_457295_00303.wav,spoof,hi-en,457295,cm02,rvc,clean,eval,0.9966945648193359
${DATA_ROOT}/rvc_cm02/rvc_converted_wavs/rvc_outputs/rvc_457295_00304.wav,spoof,hi-en,457295,cm02,rvc,clean,eval,0.9683955311775208
${DATA_ROOT}/rvc_cm02/rvc_converted_wavs/rvc_outputs/rvc_457295_00305.wav,spoof,hi-en,457295,cm02,rvc,clean,eval,0.9984403252601624
${DATA_ROOT}/rvc_cm02/rvc_converted_wavs/rvc_outputs/rvc_457295_00306.wav,spoof,hi-en,457295,cm02,rvc,clean,eval,0.9620382785797119
${DATA_ROOT}/rvc_cm02/rvc_converted_wavs/rvc_outputs/rvc_457295_00307.wav,spoof,hi-en,457295,cm02,rvc,clean,eval,0.997946560382843
${DATA_ROOT}/rvc_cm02/rvc_converted_wavs/rvc_outputs/rvc_457295_00308.wav,spoof,hi-en,457295,cm02,rvc,clean,eval,0.0003720963140949607
${DATA_ROOT}/rvc_cm02/rvc_converted_wavs/rvc_outputs/rvc_457295_00309.wav,spoof,hi-en,457295,cm02,rvc,clean,eval,0.9987655878067017
${DATA_ROOT}/rvc_cm02/rvc_converted_wavs/rvc_outputs/rvc_457295_00310.wav,spoof,hi-en,457295,cm02,rvc,clean,eval,0.9198862314224243
${DATA_ROOT}/rvc_cm02/rvc_converted_wavs/rvc_outputs/rvc_457295_00311.wav,spoof,hi-en,457295,cm02,rvc,clean,eval,0.9994325041770935
${DATA_ROOT}/rvc_cm02/rvc_converted_wavs/rvc_outputs/rvc_457295_00312.wav,spoof,hi-en,457295,cm02,rvc,clean,eval,0.99904865026474
${DATA_ROOT}/rvc_cm02/rvc_converted_wavs/rvc_outputs/rvc_457295_00313.wav,spoof,hi-en,457295,cm02,rvc,clean,eval,0.9862610697746277
${DATA_ROOT}/rvc_cm02/rvc_converted_wavs/rvc_outputs/rvc_457295_00314.wav,spoof,hi-en,457295,cm02,rvc,clean,eval,0.9974780678749084
${DATA_ROOT}/rvc_cm02/rvc_converted_wavs/rvc_outputs/rvc_457295_00315.wav,spoof,hi-en,457295,cm02,rvc,clean,eval,0.9972056746482849
${DATA_ROOT}/rvc_cm02/rvc_converted_wavs/rvc_outputs/rvc_457295_00316.wav,spoof,hi-en,457295,cm02,rvc,clean,eval,0.9997687935829163
${DATA_ROOT}/rvc_cm02/rvc_converted_wavs/rvc_outputs/rvc_457295_00317.wav,spoof,hi-en,457295,cm02,rvc,clean,eval,0.9930470585823059
${DATA_ROOT}/rvc_cm02/rvc_converted_wavs/rvc_outputs/rvc_457295_00319.wav,spoof,hi-en,457295,cm02,rvc,clean,eval,0.9951891899108887
${DATA_ROOT}/rvc_cm02/rvc_converted_wavs/rvc_outputs/rvc_457295_00320.wav,spoof,hi-en,457295,cm02,rvc,clean,eval,0.9987136125564575
${DATA_ROOT}/rvc_cm02/rvc_converted_wavs/rvc_outputs/rvc_457295_00321.wav,spoof,hi-en,457295,cm02,rvc,clean,eval,0.9957610964775085
${DATA_ROOT}/rvc_cm02/rvc_converted_wavs/rvc_outputs/rvc_457295_00323.wav,spoof,hi-en,457295,cm02,rvc,clean,eval,0.9552907943725586
${DATA_ROOT}/rvc_cm02/rvc_converted_wavs/rvc_outputs/rvc_457295_00324.wav,spoof,hi-en,457295,cm02,rvc,clean,eval,0.8185557723045349
${DATA_ROOT}/rvc_cm02/rvc_converted_wavs/rvc_outputs/rvc_457295_00325.wav,spoof,hi-en,457295,cm02,rvc,clean,eval,0.0004427720559760928
${DATA_ROOT}/rvc_cm02/rvc_converted_wavs/rvc_outputs/rvc_457295_00326.wav,spoof,hi-en,457295,cm02,rvc,clean,eval,0.9986162185668945
${DATA_ROOT}/rvc_cm02/rvc_converted_wavs/rvc_outputs/rvc_457295_00327.wav,spoof,hi-en,457295,cm02,rvc,clean,eval,0.9460998773574829
${DATA_ROOT}/rvc_cm02/rvc_converted_wavs/rvc_outputs/rvc_457295_00328.wav,spoof,hi-en,457295,cm02,rvc,clean,eval,0.9972260594367981
${DATA_ROOT}/rvc_cm02/rvc_converted_wavs/rvc_outputs/rvc_457295_00329.wav,spoof,hi-en,457295,cm02,rvc,clean,eval,0.9821764230728149
${DATA_ROOT}/rvc_cm02/rvc_converted_wavs/rvc_outputs/rvc_457295_00330.wav,spoof,hi-en,457295,cm02,rvc,clean,eval,0.9980740547180176
${DATA_ROOT}/rvc_cm02/rvc_converted_wavs/rvc_outputs/rvc_457295_00331.wav,spoof,hi-en,457295,cm02,rvc,clean,eval,0.9877586960792542
${DATA_ROOT}/rvc_cm02/rvc_converted_wavs/rvc_outputs/rvc_457295_00332.wav,spoof,hi-en,457295,cm02,rvc,clean,eval,0.0003961172769777477
${DATA_ROOT}/rvc_cm02/rvc_converted_wavs/rvc_outputs/rvc_457295_00333.wav,spoof,hi-en,457295,cm02,rvc,clean,eval,0.9080004096031189
${DATA_ROOT}/rvc_cm02/rvc_converted_wavs/rvc_outputs/rvc_457295_00334.wav,spoof,hi-en,457295,cm02,rvc,clean,eval,0.9965488314628601
${DATA_ROOT}/rvc_cm02/rvc_converted_wavs/rvc_outputs/rvc_457295_00336.wav,spoof,hi-en,457295,cm02,rvc,clean,eval,0.9988847374916077
${DATA_ROOT}/rvc_cm02/rvc_converted_wavs/rvc_outputs/rvc_457295_00337.wav,spoof,hi-en,457295,cm02,rvc,clean,eval,0.9948734641075134
${DATA_ROOT}/rvc_cm02/rvc_converted_wavs/rvc_outputs/rvc_457295_00338.wav,spoof,hi-en,457295,cm02,rvc,clean,eval,0.9974740147590637
${DATA_ROOT}/rvc_cm02/rvc_converted_wavs/rvc_outputs/rvc_457295_00339.wav,spoof,hi-en,457295,cm02,rvc,clean,eval,0.9995220899581909
${DATA_ROOT}/rvc_cm02/rvc_converted_wavs/rvc_outputs/rvc_457295_00340.wav,spoof,hi-en,457295,cm02,rvc,clean,eval,0.9960973858833313
${DATA_ROOT}/rvc_cm02/rvc_converted_wavs/rvc_outputs/rvc_457295_00341.wav,spoof,hi-en,457295,cm02,rvc,clean,eval,0.9910392165184021
${DATA_ROOT}/rvc_cm02/rvc_converted_wavs/rvc_outputs/rvc_457295_00342.wav,spoof,hi-en,457295,cm02,rvc,clean,eval,0.9983640313148499
${DATA_ROOT}/rvc_cm02/rvc_converted_wavs/rvc_outputs/rvc_457295_00343.wav,spoof,hi-en,457295,cm02,rvc,clean,eval,0.978804349899292
${DATA_ROOT}/rvc_cm02/rvc_converted_wavs/rvc_outputs/rvc_457295_00344.wav,spoof,hi-en,457295,cm02,rvc,clean,eval,0.9981867671012878
${DATA_ROOT}/rvc_cm02/rvc_converted_wavs/rvc_outputs/rvc_457295_00345.wav,spoof,hi-en,457295,cm02,rvc,clean,eval,0.9992961883544922
${DATA_ROOT}/rvc_cm02/rvc_converted_wavs/rvc_outputs/rvc_457295_00346.wav,spoof,hi-en,457295,cm02,rvc,clean,eval,0.0005993841332383454
${DATA_ROOT}/rvc_cm02/rvc_converted_wavs/rvc_outputs/rvc_457295_00347.wav,spoof,hi-en,457295,cm02,rvc,clean,eval,0.9932249188423157
${DATA_ROOT}/rvc_cm02/rvc_converted_wavs/rvc_outputs/rvc_457295_00348.wav,spoof,hi-en,457295,cm02,rvc,clean,eval,0.9949576258659363
${DATA_ROOT}/rvc_cm02/rvc_converted_wavs/rvc_outputs/rvc_457295_00349.wav,spoof,hi-en,457295,cm02,rvc,clean,eval,0.0017242563189938664
${DATA_ROOT}/rvc_cm02/rvc_converted_wavs/rvc_outputs/rvc_457295_00350.wav,spoof,hi-en,457295,cm02,rvc,clean,eval,0.9906198978424072
${DATA_ROOT}/rvc_cm02/rvc_converted_wavs/rvc_outputs/rvc_457295_00352.wav,spoof,hi-en,457295,cm02,rvc,clean,eval,0.9979725480079651
${DATA_ROOT}/rvc_cm02/rvc_converted_wavs/rvc_outputs/rvc_457295_00353.wav,spoof,hi-en,457295,cm02,rvc,clean,eval,0.9981517195701599
${DATA_ROOT}/rvc_cm02/rvc_converted_wavs/rvc_outputs/rvc_457295_00354.wav,spoof,hi-en,457295,cm02,rvc,clean,eval,0.9920749664306641
${DATA_ROOT}/rvc_cm02/rvc_converted_wavs/rvc_outputs/rvc_457295_00355.wav,spoof,hi-en,457295,cm02,rvc,clean,eval,0.9848132729530334
${DATA_ROOT}/rvc_cm02/rvc_converted_wavs/rvc_outputs/rvc_457295_00356.wav,spoof,hi-en,457295,cm02,rvc,clean,eval,0.009257912635803223
${DATA_ROOT}/rvc_cm02/rvc_converted_wavs/rvc_outputs/rvc_457295_00357.wav,spoof,hi-en,457295,cm02,rvc,clean,eval,0.9997147917747498
${DATA_ROOT}/rvc_cm02/rvc_converted_wavs/rvc_outputs/rvc_457295_00358.wav,spoof,hi-en,457295,cm02,rvc,clean,eval,0.9974965453147888
${DATA_ROOT}/rvc_cm02/rvc_converted_wavs/rvc_outputs/rvc_457295_00359.wav,spoof,hi-en,457295,cm02,rvc,clean,eval,0.993497371673584
${DATA_ROOT}/rvc_cm02/rvc_converted_wavs/rvc_outputs/rvc_457295_00360.wav,spoof,hi-en,457295,cm02,rvc,clean,eval,0.9995089769363403
${DATA_ROOT}/rvc_cm02/rvc_converted_wavs/rvc_outputs/rvc_457295_00361.wav,spoof,hi-en,457295,cm02,rvc,clean,eval,0.9982907176017761
${DATA_ROOT}/rvc_cm02/rvc_converted_wavs/rvc_outputs/rvc_457295_00362.wav,spoof,hi-en,457295,cm02,rvc,clean,eval,0.9973955154418945
${DATA_ROOT}/rvc_cm02/rvc_converted_wavs/rvc_outputs/rvc_457295_00364.wav,spoof,hi-en,457295,cm02,rvc,clean,eval,0.10950110852718353
${DATA_ROOT}/rvc_cm02/rvc_converted_wavs/rvc_outputs/rvc_457295_00365.wav,spoof,hi-en,457295,cm02,rvc,clean,eval,0.9981624484062195
${DATA_ROOT}/rvc_cm02/rvc_converted_wavs/rvc_outputs/rvc_457295_00366.wav,spoof,hi-en,457295,cm02,rvc,clean,eval,0.9981279969215393
${DATA_ROOT}/rvc_cm02/rvc_converted_wavs/rvc_outputs/rvc_457295_00367.wav,spoof,hi-en,457295,cm02,rvc,clean,eval,0.9988623857498169
${DATA_ROOT}/rvc_cm02/rvc_converted_wavs/rvc_outputs/rvc_457295_00368.wav,spoof,hi-en,457295,cm02,rvc,clean,eval,0.9954094290733337
${DATA_ROOT}/rvc_cm02/rvc_converted_wavs/rvc_outputs/rvc_457295_00369.wav,spoof,hi-en,457295,cm02,rvc,clean,eval,0.9961158037185669
${DATA_ROOT}/rvc_cm02/rvc_converted_wavs/rvc_outputs/rvc_457295_00370.wav,spoof,hi-en,457295,cm02,rvc,clean,eval,0.0006091690738685429
${DATA_ROOT}/rvc_cm02/rvc_converted_wavs/rvc_outputs/rvc_457295_00371.wav,spoof,hi-en,457295,cm02,rvc,clean,eval,0.9972387552261353
${DATA_ROOT}/rvc_cm02/rvc_converted_wavs/rvc_outputs/rvc_457295_00372.wav,spoof,hi-en,457295,cm02,rvc,clean,eval,0.10640673339366913
${DATA_ROOT}/rvc_cm02/rvc_converted_wavs/rvc_outputs/rvc_457295_00373.wav,spoof,hi-en,457295,cm02,rvc,clean,eval,0.0010793744586408138
${DATA_ROOT}/rvc_cm02/rvc_converted_wavs/rvc_outputs/rvc_457295_00374.wav,spoof,hi-en,457295,cm02,rvc,clean,eval,0.9988040924072266
${DATA_ROOT}/rvc_cm02/rvc_converted_wavs/rvc_outputs/rvc_457295_00375.wav,spoof,hi-en,457295,cm02,rvc,clean,eval,0.979258120059967
${DATA_ROOT}/rvc_cm02/rvc_converted_wavs/rvc_outputs/rvc_903756_00376.wav,spoof,hi-en,903756,cm02,rvc,clean,eval,0.9883402585983276
${DATA_ROOT}/rvc_cm02/rvc_converted_wavs/rvc_outputs/rvc_903756_00377.wav,spoof,hi-en,903756,cm02,rvc,clean,eval,0.666801929473877
${DATA_ROOT}/rvc_cm02/rvc_converted_wavs/rvc_outputs/rvc_903756_00378.wav,spoof,hi-en,903756,cm02,rvc,clean,eval,0.0002652932598721236
${DATA_ROOT}/rvc_cm02/rvc_converted_wavs/rvc_outputs/rvc_903756_00379.wav,spoof,hi-en,903756,cm02,rvc,clean,eval,0.996842622756958
${DATA_ROOT}/rvc_cm02/rvc_converted_wavs/rvc_outputs/rvc_903756_00380.wav,spoof,hi-en,903756,cm02,rvc,clean,eval,0.9928970336914062
${DATA_ROOT}/rvc_cm02/rvc_converted_wavs/rvc_outputs/rvc_903756_00381.wav,spoof,hi-en,903756,cm02,rvc,clean,eval,0.9157534837722778
${DATA_ROOT}/rvc_cm02/rvc_converted_wavs/rvc_outputs/rvc_903756_00382.wav,spoof,hi-en,903756,cm02,rvc,clean,eval,0.5862318873405457
${DATA_ROOT}/rvc_cm02/rvc_converted_wavs/rvc_outputs/rvc_903756_00383.wav,spoof,hi-en,903756,cm02,rvc,clean,eval,0.9994902610778809
${DATA_ROOT}/rvc_cm02/rvc_converted_wavs/rvc_outputs/rvc_903756_00384.wav,spoof,hi-en,903756,cm02,rvc,clean,eval,0.9865602254867554
${DATA_ROOT}/rvc_cm02/rvc_converted_wavs/rvc_outputs/rvc_903756_00385.wav,spoof,hi-en,903756,cm02,rvc,clean,eval,0.8682886362075806
${DATA_ROOT}/rvc_cm02/rvc_converted_wavs/rvc_outputs/rvc_903756_00386.wav,spoof,hi-en,903756,cm02,rvc,clean,eval,0.00025997491320595145
${DATA_ROOT}/rvc_cm02/rvc_converted_wavs/rvc_outputs/rvc_903756_00387.wav,spoof,hi-en,903756,cm02,rvc,clean,eval,0.9958100318908691
${DATA_ROOT}/rvc_cm02/rvc_converted_wavs/rvc_outputs/rvc_903756_00388.wav,spoof,hi-en,903756,cm02,rvc,clean,eval,0.9484915137290955
${DATA_ROOT}/rvc_cm02/rvc_converted_wavs/rvc_outputs/rvc_903756_00389.wav,spoof,hi-en,903756,cm02,rvc,clean,eval,0.38385140895843506
${DATA_ROOT}/rvc_cm02/rvc_converted_wavs/rvc_outputs/rvc_903756_00390.wav,spoof,hi-en,903756,cm02,rvc,clean,eval,0.9842959642410278
${DATA_ROOT}/rvc_cm02/rvc_converted_wavs/rvc_outputs/rvc_903756_00391.wav,spoof,hi-en,903756,cm02,rvc,clean,eval,0.01733965054154396
${DATA_ROOT}/rvc_cm02/rvc_converted_wavs/rvc_outputs/rvc_903756_00392.wav,spoof,hi-en,903756,cm02,rvc,clean,eval,0.9760277271270752
${DATA_ROOT}/rvc_cm02/rvc_converted_wavs/rvc_outputs/rvc_903756_00393.wav,spoof,hi-en,903756,cm02,rvc,clean,eval,0.7661967873573303
${DATA_ROOT}/rvc_cm02/rvc_converted_wavs/rvc_outputs/rvc_903756_00394.wav,spoof,hi-en,903756,cm02,rvc,clean,eval,0.52632075548172
${DATA_ROOT}/rvc_cm02/rvc_converted_wavs/rvc_outputs/rvc_903756_00395.wav,spoof,hi-en,903756,cm02,rvc,clean,eval,0.9947351813316345
${DATA_ROOT}/rvc_cm02/rvc_converted_wavs/rvc_outputs/rvc_903756_00396.wav,spoof,hi-en,903756,cm02,rvc,clean,eval,0.9973618388175964
${DATA_ROOT}/rvc_cm02/rvc_converted_wavs/rvc_outputs/rvc_903756_00397.wav,spoof,hi-en,903756,cm02,rvc,clean,eval,0.11439590156078339
${DATA_ROOT}/rvc_cm02/rvc_converted_wavs/rvc_outputs/rvc_903756_00398.wav,spoof,hi-en,903756,cm02,rvc,clean,eval,0.026758134365081787
${DATA_ROOT}/rvc_cm02/rvc_converted_wavs/rvc_outputs/rvc_903756_00399.wav,spoof,hi-en,903756,cm02,rvc,clean,eval,0.0002694367722142488
${DATA_ROOT}/rvc_cm02/rvc_converted_wavs/rvc_outputs/rvc_903756_00400.wav,spoof,hi-en,903756,cm02,rvc,clean,eval,0.3467789590358734
${DATA_ROOT}/rvc_cm02/rvc_converted_wavs/rvc_outputs/rvc_903756_00401.wav,spoof,hi-en,903756,cm02,rvc,clean,eval,0.0008498600218445063
${DATA_ROOT}/rvc_cm02/rvc_converted_wavs/rvc_outputs/rvc_903756_00402.wav,spoof,hi-en,903756,cm02,rvc,clean,eval,0.0002847173891495913
${DATA_ROOT}/rvc_cm02/rvc_converted_wavs/rvc_outputs/rvc_903756_00403.wav,spoof,hi-en,903756,cm02,rvc,clean,eval,0.9707661867141724
${DATA_ROOT}/rvc_cm02/rvc_converted_wavs/rvc_outputs/rvc_903756_00405.wav,spoof,hi-en,903756,cm02,rvc,clean,eval,0.9871139526367188
${DATA_ROOT}/rvc_cm02/rvc_converted_wavs/rvc_outputs/rvc_903756_00406.wav,spoof,hi-en,903756,cm02,rvc,clean,eval,0.99522864818573
${DATA_ROOT}/rvc_cm02/rvc_converted_wavs/rvc_outputs/rvc_903756_00407.wav,spoof,hi-en,903756,cm02,rvc,clean,eval,0.4188292324542999
${DATA_ROOT}/rvc_cm02/rvc_converted_wavs/rvc_outputs/rvc_903756_00408.wav,spoof,hi-en,903756,cm02,rvc,clean,eval,0.9971099495887756
${DATA_ROOT}/rvc_cm02/rvc_converted_wavs/rvc_outputs/rvc_903756_00409.wav,spoof,hi-en,903756,cm02,rvc,clean,eval,0.9813821315765381
${DATA_ROOT}/rvc_cm02/rvc_converted_wavs/rvc_outputs/rvc_903756_00410.wav,spoof,hi-en,903756,cm02,rvc,clean,eval,0.00026831525610759854
${DATA_ROOT}/rvc_cm02/rvc_converted_wavs/rvc_outputs/rvc_903756_00411.wav,spoof,hi-en,903756,cm02,rvc,clean,eval,0.03500502556562424
${DATA_ROOT}/rvc_cm02/rvc_converted_wavs/rvc_outputs/rvc_903756_00412.wav,spoof,hi-en,903756,cm02,rvc,clean,eval,0.9844078421592712
${DATA_ROOT}/rvc_cm02/rvc_converted_wavs/rvc_outputs/rvc_903756_00413.wav,spoof,hi-en,903756,cm02,rvc,clean,eval,0.988899290561676
${DATA_ROOT}/rvc_cm02/rvc_converted_wavs/rvc_outputs/rvc_903756_00414.wav,spoof,hi-en,903756,cm02,rvc,clean,eval,0.9917380213737488
${DATA_ROOT}/rvc_cm02/rvc_converted_wavs/rvc_outputs/rvc_903756_00415.wav,spoof,hi-en,903756,cm02,rvc,clean,eval,0.9870196580886841
${DATA_ROOT}/rvc_cm02/rvc_converted_wavs/rvc_outputs/rvc_903756_00416.wav,spoof,hi-en,903756,cm02,rvc,clean,eval,0.9989460110664368
${DATA_ROOT}/rvc_cm02/rvc_converted_wavs/rvc_outputs/rvc_903756_00417.wav,spoof,hi-en,903756,cm02,rvc,clean,eval,0.9997195601463318
${DATA_ROOT}/rvc_cm02/rvc_converted_wavs/rvc_outputs/rvc_903756_00418.wav,spoof,hi-en,903756,cm02,rvc,clean,eval,0.9509097337722778
${DATA_ROOT}/rvc_cm02/rvc_converted_wavs/rvc_outputs/rvc_903756_00419.wav,spoof,hi-en,903756,cm02,rvc,clean,eval,0.9870501756668091
${DATA_ROOT}/rvc_cm02/rvc_converted_wavs/rvc_outputs/rvc_903756_00420.wav,spoof,hi-en,903756,cm02,rvc,clean,eval,0.3101437985897064
${DATA_ROOT}/rvc_cm02/rvc_converted_wavs/rvc_outputs/rvc_903756_00421.wav,spoof,hi-en,903756,cm02,rvc,clean,eval,0.958720326423645
${DATA_ROOT}/rvc_cm02/rvc_converted_wavs/rvc_outputs/rvc_903756_00422.wav,spoof,hi-en,903756,cm02,rvc,clean,eval,0.9883474707603455
${DATA_ROOT}/rvc_cm02/rvc_converted_wavs/rvc_outputs/rvc_903756_00423.wav,spoof,hi-en,903756,cm02,rvc,clean,eval,0.0002584173053037375
${DATA_ROOT}/rvc_cm02/rvc_converted_wavs/rvc_outputs/rvc_903756_00424.wav,spoof,hi-en,903756,cm02,rvc,clean,eval,0.998602569103241
${DATA_ROOT}/rvc_cm02/rvc_converted_wavs/rvc_outputs/rvc_903756_00425.wav,spoof,hi-en,903756,cm02,rvc,clean,eval,0.9265398979187012
${DATA_ROOT}/rvc_cm02/rvc_converted_wavs/rvc_outputs/rvc_903756_00426.wav,spoof,hi-en,903756,cm02,rvc,clean,eval,0.0002674029965419322
${DATA_ROOT}/rvc_cm02/rvc_converted_wavs/rvc_outputs/rvc_903756_00427.wav,spoof,hi-en,903756,cm02,rvc,clean,eval,0.9932389259338379
${DATA_ROOT}/rvc_cm02/rvc_converted_wavs/rvc_outputs/rvc_903756_00428.wav,spoof,hi-en,903756,cm02,rvc,clean,eval,0.11241608113050461
${DATA_ROOT}/rvc_cm02/rvc_converted_wavs/rvc_outputs/rvc_903756_00429.wav,spoof,hi-en,903756,cm02,rvc,clean,eval,0.9991719722747803
${DATA_ROOT}/rvc_cm02/rvc_converted_wavs/rvc_outputs/rvc_903756_00430.wav,spoof,hi-en,903756,cm02,rvc,clean,eval,0.24130509793758392
${DATA_ROOT}/rvc_cm02/rvc_converted_wavs/rvc_outputs/rvc_903756_00431.wav,spoof,hi-en,903756,cm02,rvc,clean,eval,0.9956250786781311
${DATA_ROOT}/rvc_cm02/rvc_converted_wavs/rvc_outputs/rvc_903756_00432.wav,spoof,hi-en,903756,cm02,rvc,clean,eval,0.027218062430620193
${DATA_ROOT}/rvc_cm02/rvc_converted_wavs/rvc_outputs/rvc_903756_00433.wav,spoof,hi-en,903756,cm02,rvc,clean,eval,0.00044018685002811253
${DATA_ROOT}/rvc_cm02/rvc_converted_wavs/rvc_outputs/rvc_903756_00434.wav,spoof,hi-en,903756,cm02,rvc,clean,eval,0.00028718297835439444
${DATA_ROOT}/rvc_cm02/rvc_converted_wavs/rvc_outputs/rvc_903756_00435.wav,spoof,hi-en,903756,cm02,rvc,clean,eval,0.9918467998504639
${DATA_ROOT}/rvc_cm02/rvc_converted_wavs/rvc_outputs/rvc_903756_00436.wav,spoof,hi-en,903756,cm02,rvc,clean,eval,0.9931707382202148
${DATA_ROOT}/rvc_cm02/rvc_converted_wavs/rvc_outputs/rvc_903756_00437.wav,spoof,hi-en,903756,cm02,rvc,clean,eval,0.995596706867218
${DATA_ROOT}/rvc_cm02/rvc_converted_wavs/rvc_outputs/rvc_903756_00438.wav,spoof,hi-en,903756,cm02,rvc,clean,eval,0.9988142251968384
${DATA_ROOT}/rvc_cm02/rvc_converted_wavs/rvc_outputs/rvc_903756_00439.wav,spoof,hi-en,903756,cm02,rvc,clean,eval,0.9989286065101624
${DATA_ROOT}/rvc_cm02/rvc_converted_wavs/rvc_outputs/rvc_903756_00440.wav,spoof,hi-en,903756,cm02,rvc,clean,eval,0.0016752730589359999
${DATA_ROOT}/rvc_cm02/rvc_converted_wavs/rvc_outputs/rvc_903756_00441.wav,spoof,hi-en,903756,cm02,rvc,clean,eval,0.9755972027778625
${DATA_ROOT}/rvc_cm02/rvc_converted_wavs/rvc_outputs/rvc_903756_00442.wav,spoof,hi-en,903756,cm02,rvc,clean,eval,0.6508582830429077
${DATA_ROOT}/rvc_cm02/rvc_converted_wavs/rvc_outputs/rvc_903756_00443.wav,spoof,hi-en,903756,cm02,rvc,clean,eval,0.8835082054138184
${DATA_ROOT}/rvc_cm02/rvc_converted_wavs/rvc_outputs/rvc_903756_00444.wav,spoof,hi-en,903756,cm02,rvc,clean,eval,0.989167332649231
${DATA_ROOT}/rvc_cm02/rvc_converted_wavs/rvc_outputs/rvc_903756_00446.wav,spoof,hi-en,903756,cm02,rvc,clean,eval,0.8877475261688232
${DATA_ROOT}/rvc_cm02/rvc_converted_wavs/rvc_outputs/rvc_903756_00447.wav,spoof,hi-en,903756,cm02,rvc,clean,eval,0.0002847955620381981
${DATA_ROOT}/rvc_cm02/rvc_converted_wavs/rvc_outputs/rvc_903756_00448.wav,spoof,hi-en,903756,cm02,rvc,clean,eval,0.5528258681297302
${DATA_ROOT}/rvc_cm02/rvc_converted_wavs/rvc_outputs/rvc_903756_00449.wav,spoof,hi-en,903756,cm02,rvc,clean,eval,0.9270289540290833
${DATA_ROOT}/rvc_cm02/rvc_converted_wavs/rvc_outputs/rvc_903756_00450.wav,spoof,hi-en,903756,cm02,rvc,clean,eval,0.00026224658358842134
${DATA_ROOT}/rvc_cm02/rvc_converted_wavs/rvc_outputs/rvc_903756_00451.wav,spoof,hi-en,903756,cm02,rvc,clean,eval,0.9865714907646179
${DATA_ROOT}/rvc_cm02/rvc_converted_wavs/rvc_outputs/rvc_903756_00452.wav,spoof,hi-en,903756,cm02,rvc,clean,eval,0.9751810431480408
${DATA_ROOT}/rvc_cm02/rvc_converted_wavs/rvc_outputs/rvc_903756_00453.wav,spoof,hi-en,903756,cm02,rvc,clean,eval,0.9597275257110596
${DATA_ROOT}/rvc_cm02/rvc_converted_wavs/rvc_outputs/rvc_903756_00454.wav,spoof,hi-en,903756,cm02,rvc,clean,eval,0.9327710866928101
${DATA_ROOT}/rvc_cm02/rvc_converted_wavs/rvc_outputs/rvc_903756_00455.wav,spoof,hi-en,903756,cm02,rvc,clean,eval,0.9726096987724304
${DATA_ROOT}/rvc_cm02/rvc_converted_wavs/rvc_outputs/rvc_903756_00456.wav,spoof,hi-en,903756,cm02,rvc,clean,eval,0.9595128297805786
${DATA_ROOT}/rvc_cm02/rvc_converted_wavs/rvc_outputs/rvc_903756_00457.wav,spoof,hi-en,903756,cm02,rvc,clean,eval,0.4856281280517578
${DATA_ROOT}/rvc_cm02/rvc_converted_wavs/rvc_outputs/rvc_903756_00458.wav,spoof,hi-en,903756,cm02,rvc,clean,eval,0.0002632106770761311
${DATA_ROOT}/rvc_cm02/rvc_converted_wavs/rvc_outputs/rvc_903756_00459.wav,spoof,hi-en,903756,cm02,rvc,clean,eval,0.995664656162262
${DATA_ROOT}/rvc_cm02/rvc_converted_wavs/rvc_outputs/rvc_903756_00460.wav,spoof,hi-en,903756,cm02,rvc,clean,eval,0.9892528653144836
${DATA_ROOT}/rvc_cm02/rvc_converted_wavs/rvc_outputs/rvc_903756_00461.wav,spoof,hi-en,903756,cm02,rvc,clean,eval,0.955995500087738
${DATA_ROOT}/rvc_cm02/rvc_converted_wavs/rvc_outputs/rvc_903756_00462.wav,spoof,hi-en,903756,cm02,rvc,clean,eval,0.9239031076431274
${DATA_ROOT}/rvc_cm02/rvc_converted_wavs/rvc_outputs/rvc_903756_00463.wav,spoof,hi-en,903756,cm02,rvc,clean,eval,0.9954096674919128
${DATA_ROOT}/rvc_cm02/rvc_converted_wavs/rvc_outputs/rvc_903756_00464.wav,spoof,hi-en,903756,cm02,rvc,clean,eval,0.8517753481864929
${DATA_ROOT}/rvc_cm02/rvc_converted_wavs/rvc_outputs/rvc_903756_00465.wav,spoof,hi-en,903756,cm02,rvc,clean,eval,0.9952965378761292
${DATA_ROOT}/rvc_cm02/rvc_converted_wavs/rvc_outputs/rvc_903756_00466.wav,spoof,hi-en,903756,cm02,rvc,clean,eval,0.7152600288391113
${DATA_ROOT}/rvc_cm02/rvc_converted_wavs/rvc_outputs/rvc_903756_00467.wav,spoof,hi-en,903756,cm02,rvc,clean,eval,0.06930360943078995
${DATA_ROOT}/rvc_cm02/rvc_converted_wavs/rvc_outputs/rvc_903756_00468.wav,spoof,hi-en,903756,cm02,rvc,clean,eval,0.9976900815963745
${DATA_ROOT}/rvc_cm02/rvc_converted_wavs/rvc_outputs/rvc_903756_00469.wav,spoof,hi-en,903756,cm02,rvc,clean,eval,0.0038781084585934877
${DATA_ROOT}/rvc_cm02/rvc_converted_wavs/rvc_outputs/rvc_903756_00470.wav,spoof,hi-en,903756,cm02,rvc,clean,eval,0.007491539232432842
${DATA_ROOT}/rvc_cm02/rvc_converted_wavs/rvc_outputs/rvc_903756_00471.wav,spoof,hi-en,903756,cm02,rvc,clean,eval,0.0002601556770969182
${DATA_ROOT}/rvc_cm02/rvc_converted_wavs/rvc_outputs/rvc_903756_00472.wav,spoof,hi-en,903756,cm02,rvc,clean,eval,0.9871960878372192
${DATA_ROOT}/rvc_cm02/rvc_converted_wavs/rvc_outputs/rvc_903756_00473.wav,spoof,hi-en,903756,cm02,rvc,clean,eval,0.6831589937210083
${DATA_ROOT}/rvc_cm02/rvc_converted_wavs/rvc_outputs/rvc_903756_00475.wav,spoof,hi-en,903756,cm02,rvc,clean,eval,0.9494864344596863
${DATA_ROOT}/rvc_cm02/rvc_converted_wavs/rvc_outputs/rvc_903756_00476.wav,spoof,hi-en,903756,cm02,rvc,clean,eval,0.9238731265068054
${DATA_ROOT}/rvc_cm02/rvc_converted_wavs/rvc_outputs/rvc_903756_00477.wav,spoof,hi-en,903756,cm02,rvc,clean,eval,0.9846917986869812
${DATA_ROOT}/rvc_cm02/rvc_converted_wavs/rvc_outputs/rvc_903756_00478.wav,spoof,hi-en,903756,cm02,rvc,clean,eval,0.9867330193519592
${DATA_ROOT}/rvc_cm02/rvc_converted_wavs/rvc_outputs/rvc_903756_00479.wav,spoof,hi-en,903756,cm02,rvc,clean,eval,0.9890106320381165
${DATA_ROOT}/rvc_cm02/rvc_converted_wavs/rvc_outputs/rvc_903756_00480.wav,spoof,hi-en,903756,cm02,rvc,clean,eval,0.772138774394989
${DATA_ROOT}/rvc_cm02/rvc_converted_wavs/rvc_outputs/rvc_903756_00481.wav,spoof,hi-en,903756,cm02,rvc,clean,eval,0.969241201877594
${DATA_ROOT}/rvc_cm02/rvc_converted_wavs/rvc_outputs/rvc_903756_00482.wav,spoof,hi-en,903756,cm02,rvc,clean,eval,0.0002560894354246557
${DATA_ROOT}/rvc_cm02/rvc_converted_wavs/rvc_outputs/rvc_903756_00483.wav,spoof,hi-en,903756,cm02,rvc,clean,eval,0.006583880167454481
${DATA_ROOT}/rvc_cm02/rvc_converted_wavs/rvc_outputs/rvc_903756_00484.wav,spoof,hi-en,903756,cm02,rvc,clean,eval,0.002198448171839118
${DATA_ROOT}/rvc_cm02/rvc_converted_wavs/rvc_outputs/rvc_903756_00485.wav,spoof,hi-en,903756,cm02,rvc,clean,eval,0.9983333945274353
${DATA_ROOT}/rvc_cm02/rvc_converted_wavs/rvc_outputs/rvc_903756_00486.wav,spoof,hi-en,903756,cm02,rvc,clean,eval,0.14690501987934113
${DATA_ROOT}/rvc_cm02/rvc_converted_wavs/rvc_outputs/rvc_903756_00487.wav,spoof,hi-en,903756,cm02,rvc,clean,eval,0.9491316676139832
${DATA_ROOT}/rvc_cm02/rvc_converted_wavs/rvc_outputs/rvc_903756_00488.wav,spoof,hi-en,903756,cm02,rvc,clean,eval,0.005272918380796909
${DATA_ROOT}/rvc_cm02/rvc_converted_wavs/rvc_outputs/rvc_903756_00489.wav,spoof,hi-en,903756,cm02,rvc,clean,eval,0.00035064530675299466
${DATA_ROOT}/rvc_cm02/rvc_converted_wavs/rvc_outputs/rvc_903756_00490.wav,spoof,hi-en,903756,cm02,rvc,clean,eval,0.9971206188201904
${DATA_ROOT}/rvc_cm02/rvc_converted_wavs/rvc_outputs/rvc_903756_00491.wav,spoof,hi-en,903756,cm02,rvc,clean,eval,0.9632197022438049
${DATA_ROOT}/rvc_cm02/rvc_converted_wavs/rvc_outputs/rvc_903756_00492.wav,spoof,hi-en,903756,cm02,rvc,clean,eval,0.967257559299469
${DATA_ROOT}/rvc_cm02/rvc_converted_wavs/rvc_outputs/rvc_903756_00494.wav,spoof,hi-en,903756,cm02,rvc,clean,eval,0.001074802246876061
${DATA_ROOT}/rvc_cm02/rvc_converted_wavs/rvc_outputs/rvc_903756_00495.wav,spoof,hi-en,903756,cm02,rvc,clean,eval,0.000268240284640342
${DATA_ROOT}/rvc_cm02/rvc_converted_wavs/rvc_outputs/rvc_903756_00496.wav,spoof,hi-en,903756,cm02,rvc,clean,eval,0.16983358561992645
${DATA_ROOT}/rvc_cm02/rvc_converted_wavs/rvc_outputs/rvc_903756_00497.wav,spoof,hi-en,903756,cm02,rvc,clean,eval,0.8092907071113586
${DATA_ROOT}/rvc_cm02/rvc_converted_wavs/rvc_outputs/rvc_903756_00498.wav,spoof,hi-en,903756,cm02,rvc,clean,eval,0.00026708043878898025
${DATA_ROOT}/rvc_cm02/rvc_converted_wavs/rvc_outputs/rvc_903756_00499.wav,spoof,hi-en,903756,cm02,rvc,clean,eval,0.9975875616073608
${DATA_ROOT}/rvc_cm02/rvc_converted_wavs/rvc_outputs/rvc_903756_00500.wav,spoof,hi-en,903756,cm02,rvc,clean,eval,0.9849026799201965
${DATA_ROOT}/rvc_cm02/rvc_converted_wavs/rvc_outputs/rvc_322882_00501.wav,spoof,hi-en,322882,cm02,rvc,clean,eval,0.15720535814762115
${DATA_ROOT}/rvc_cm02/rvc_converted_wavs/rvc_outputs/rvc_322882_00502.wav,spoof,hi-en,322882,cm02,rvc,clean,eval,0.997326135635376
${DATA_ROOT}/rvc_cm02/rvc_converted_wavs/rvc_outputs/rvc_322882_00503.wav,spoof,hi-en,322882,cm02,rvc,clean,eval,0.0002802748349495232
${DATA_ROOT}/rvc_cm02/rvc_converted_wavs/rvc_outputs/rvc_322882_00504.wav,spoof,hi-en,322882,cm02,rvc,clean,eval,0.6964690089225769
${DATA_ROOT}/rvc_cm02/rvc_converted_wavs/rvc_outputs/rvc_322882_00505.wav,spoof,hi-en,322882,cm02,rvc,clean,eval,0.03674910217523575
${DATA_ROOT}/rvc_cm02/rvc_converted_wavs/rvc_outputs/rvc_322882_00506.wav,spoof,hi-en,322882,cm02,rvc,clean,eval,0.998018741607666
${DATA_ROOT}/rvc_cm02/rvc_converted_wavs/rvc_outputs/rvc_322882_00508.wav,spoof,hi-en,322882,cm02,rvc,clean,eval,0.0011718509485945106
${DATA_ROOT}/rvc_cm02/rvc_converted_wavs/rvc_outputs/rvc_322882_00509.wav,spoof,hi-en,322882,cm02,rvc,clean,eval,0.0017560565611347556
${DATA_ROOT}/rvc_cm02/rvc_converted_wavs/rvc_outputs/rvc_322882_00510.wav,spoof,hi-en,322882,cm02,rvc,clean,eval,0.0002779604692477733
${DATA_ROOT}/rvc_cm02/rvc_converted_wavs/rvc_outputs/rvc_322882_00511.wav,spoof,hi-en,322882,cm02,rvc,clean,eval,0.0006383236031979322
${DATA_ROOT}/rvc_cm02/rvc_converted_wavs/rvc_outputs/rvc_322882_00512.wav,spoof,hi-en,322882,cm02,rvc,clean,eval,0.3987560272216797
${DATA_ROOT}/rvc_cm02/rvc_converted_wavs/rvc_outputs/rvc_322882_00513.wav,spoof,hi-en,322882,cm02,rvc,clean,eval,0.9965975880622864
${DATA_ROOT}/rvc_cm02/rvc_converted_wavs/rvc_outputs/rvc_322882_00514.wav,spoof,hi-en,322882,cm02,rvc,clean,eval,0.013140549883246422
${DATA_ROOT}/rvc_cm02/rvc_converted_wavs/rvc_outputs/rvc_322882_00515.wav,spoof,hi-en,322882,cm02,rvc,clean,eval,0.9751709699630737
${DATA_ROOT}/rvc_cm02/rvc_converted_wavs/rvc_outputs/rvc_322882_00516.wav,spoof,hi-en,322882,cm02,rvc,clean,eval,0.6177651286125183
${DATA_ROOT}/rvc_cm02/rvc_converted_wavs/rvc_outputs/rvc_322882_00517.wav,spoof,hi-en,322882,cm02,rvc,clean,eval,0.6019001007080078
${DATA_ROOT}/rvc_cm02/rvc_converted_wavs/rvc_outputs/rvc_322882_00518.wav,spoof,hi-en,322882,cm02,rvc,clean,eval,0.0002817838394548744
${DATA_ROOT}/rvc_cm02/rvc_converted_wavs/rvc_outputs/rvc_322882_00519.wav,spoof,hi-en,322882,cm02,rvc,clean,eval,0.0002996214898303151
${DATA_ROOT}/rvc_cm02/rvc_converted_wavs/rvc_outputs/rvc_322882_00521.wav,spoof,hi-en,322882,cm02,rvc,clean,eval,0.0009010097128339112
${DATA_ROOT}/rvc_cm02/rvc_converted_wavs/rvc_outputs/rvc_322882_00522.wav,spoof,hi-en,322882,cm02,rvc,clean,eval,0.0003665262775029987
${DATA_ROOT}/rvc_cm02/rvc_converted_wavs/rvc_outputs/rvc_322882_00523.wav,spoof,hi-en,322882,cm02,rvc,clean,eval,0.20267927646636963
${DATA_ROOT}/rvc_cm02/rvc_converted_wavs/rvc_outputs/rvc_322882_00524.wav,spoof,hi-en,322882,cm02,rvc,clean,eval,0.00028368449420668185
${DATA_ROOT}/rvc_cm02/rvc_converted_wavs/rvc_outputs/rvc_322882_00525.wav,spoof,hi-en,322882,cm02,rvc,clean,eval,0.005389705765992403
${DATA_ROOT}/rvc_cm02/rvc_converted_wavs/rvc_outputs/rvc_322882_00526.wav,spoof,hi-en,322882,cm02,rvc,clean,eval,0.9707919955253601
${DATA_ROOT}/rvc_cm02/rvc_converted_wavs/rvc_outputs/rvc_322882_00527.wav,spoof,hi-en,322882,cm02,rvc,clean,eval,0.00032336066942662
${DATA_ROOT}/rvc_cm02/rvc_converted_wavs/rvc_outputs/rvc_322882_00528.wav,spoof,hi-en,322882,cm02,rvc,clean,eval,0.8759798407554626
${DATA_ROOT}/rvc_cm02/rvc_converted_wavs/rvc_outputs/rvc_322882_00529.wav,spoof,hi-en,322882,cm02,rvc,clean,eval,0.0229436457157135
${DATA_ROOT}/rvc_cm02/rvc_converted_wavs/rvc_outputs/rvc_322882_00530.wav,spoof,hi-en,322882,cm02,rvc,clean,eval,0.19359229505062103
${DATA_ROOT}/rvc_cm02/rvc_converted_wavs/rvc_outputs/rvc_322882_00533.wav,spoof,hi-en,322882,cm02,rvc,clean,eval,0.9929511547088623
${DATA_ROOT}/rvc_cm02/rvc_converted_wavs/rvc_outputs/rvc_322882_00534.wav,spoof,hi-en,322882,cm02,rvc,clean,eval,0.00027578137814998627
${DATA_ROOT}/rvc_cm02/rvc_converted_wavs/rvc_outputs/rvc_322882_00536.wav,spoof,hi-en,322882,cm02,rvc,clean,eval,0.09762383252382278
${DATA_ROOT}/rvc_cm02/rvc_converted_wavs/rvc_outputs/rvc_322882_00537.wav,spoof,hi-en,322882,cm02,rvc,clean,eval,0.5495253801345825
${DATA_ROOT}/rvc_cm02/rvc_converted_wavs/rvc_outputs/rvc_322882_00538.wav,spoof,hi-en,322882,cm02,rvc,clean,eval,0.002723981160670519
${DATA_ROOT}/rvc_cm02/rvc_converted_wavs/rvc_outputs/rvc_322882_00539.wav,spoof,hi-en,322882,cm02,rvc,clean,eval,0.06780660897493362
${DATA_ROOT}/rvc_cm02/rvc_converted_wavs/rvc_outputs/rvc_322882_00540.wav,spoof,hi-en,322882,cm02,rvc,clean,eval,0.0003937366127502173
${DATA_ROOT}/rvc_cm02/rvc_converted_wavs/rvc_outputs/rvc_322882_00541.wav,spoof,hi-en,322882,cm02,rvc,clean,eval,0.9803689122200012
${DATA_ROOT}/rvc_cm02/rvc_converted_wavs/rvc_outputs/rvc_322882_00543.wav,spoof,hi-en,322882,cm02,rvc,clean,eval,0.00027289902209304273
${DATA_ROOT}/rvc_cm02/rvc_converted_wavs/rvc_outputs/rvc_322882_00545.wav,spoof,hi-en,322882,cm02,rvc,clean,eval,0.01640557125210762
${DATA_ROOT}/rvc_cm02/rvc_converted_wavs/rvc_outputs/rvc_322882_00546.wav,spoof,hi-en,322882,cm02,rvc,clean,eval,0.00033301327493973076
${DATA_ROOT}/rvc_cm02/rvc_converted_wavs/rvc_outputs/rvc_322882_00547.wav,spoof,hi-en,322882,cm02,rvc,clean,eval,0.9856871962547302
${DATA_ROOT}/rvc_cm02/rvc_converted_wavs/rvc_outputs/rvc_322882_00549.wav,spoof,hi-en,322882,cm02,rvc,clean,eval,0.5782287120819092
${DATA_ROOT}/rvc_cm02/rvc_converted_wavs/rvc_outputs/rvc_322882_00550.wav,spoof,hi-en,322882,cm02,rvc,clean,eval,0.0005910663749091327
${DATA_ROOT}/rvc_cm02/rvc_converted_wavs/rvc_outputs/rvc_322882_00551.wav,spoof,hi-en,322882,cm02,rvc,clean,eval,0.0003008480416610837
${DATA_ROOT}/rvc_cm02/rvc_converted_wavs/rvc_outputs/rvc_322882_00552.wav,spoof,hi-en,322882,cm02,rvc,clean,eval,0.9991106390953064
${DATA_ROOT}/rvc_cm02/rvc_converted_wavs/rvc_outputs/rvc_322882_00553.wav,spoof,hi-en,322882,cm02,rvc,clean,eval,0.9554948210716248
${DATA_ROOT}/rvc_cm02/rvc_converted_wavs/rvc_outputs/rvc_322882_00554.wav,spoof,hi-en,322882,cm02,rvc,clean,eval,0.44530099630355835
${DATA_ROOT}/rvc_cm02/rvc_converted_wavs/rvc_outputs/rvc_322882_00555.wav,spoof,hi-en,322882,cm02,rvc,clean,eval,0.8975171446800232
${DATA_ROOT}/rvc_cm02/rvc_converted_wavs/rvc_outputs/rvc_322882_00556.wav,spoof,hi-en,322882,cm02,rvc,clean,eval,0.0007719627465121448
${DATA_ROOT}/rvc_cm02/rvc_converted_wavs/rvc_outputs/rvc_322882_00557.wav,spoof,hi-en,322882,cm02,rvc,clean,eval,0.0030011823400855064
${DATA_ROOT}/rvc_cm02/rvc_converted_wavs/rvc_outputs/rvc_322882_00558.wav,spoof,hi-en,322882,cm02,rvc,clean,eval,0.00028204909176565707
${DATA_ROOT}/rvc_cm02/rvc_converted_wavs/rvc_outputs/rvc_322882_00559.wav,spoof,hi-en,322882,cm02,rvc,clean,eval,0.9596599340438843
${DATA_ROOT}/rvc_cm02/rvc_converted_wavs/rvc_outputs/rvc_322882_00561.wav,spoof,hi-en,322882,cm02,rvc,clean,eval,0.6785076260566711
${DATA_ROOT}/rvc_cm02/rvc_converted_wavs/rvc_outputs/rvc_322882_00562.wav,spoof,hi-en,322882,cm02,rvc,clean,eval,0.002063414081931114
${DATA_ROOT}/rvc_cm02/rvc_converted_wavs/rvc_outputs/rvc_322882_00563.wav,spoof,hi-en,322882,cm02,rvc,clean,eval,0.0004095163312740624
${DATA_ROOT}/rvc_cm02/rvc_converted_wavs/rvc_outputs/rvc_322882_00564.wav,spoof,hi-en,322882,cm02,rvc,clean,eval,0.0003383314760867506
${DATA_ROOT}/rvc_cm02/rvc_converted_wavs/rvc_outputs/rvc_322882_00565.wav,spoof,hi-en,322882,cm02,rvc,clean,eval,0.9967561364173889
${DATA_ROOT}/rvc_cm02/rvc_converted_wavs/rvc_outputs/rvc_322882_00566.wav,spoof,hi-en,322882,cm02,rvc,clean,eval,0.0002980257850140333
${DATA_ROOT}/rvc_cm02/rvc_converted_wavs/rvc_outputs/rvc_322882_00568.wav,spoof,hi-en,322882,cm02,rvc,clean,eval,0.9979588985443115
${DATA_ROOT}/rvc_cm02/rvc_converted_wavs/rvc_outputs/rvc_322882_00570.wav,spoof,hi-en,322882,cm02,rvc,clean,eval,0.9451029300689697
${DATA_ROOT}/rvc_cm02/rvc_converted_wavs/rvc_outputs/rvc_322882_00571.wav,spoof,hi-en,322882,cm02,rvc,clean,eval,0.9938209652900696
${DATA_ROOT}/rvc_cm02/rvc_converted_wavs/rvc_outputs/rvc_322882_00572.wav,spoof,hi-en,322882,cm02,rvc,clean,eval,0.0002701786288525909
${DATA_ROOT}/rvc_cm02/rvc_converted_wavs/rvc_outputs/rvc_322882_00573.wav,spoof,hi-en,322882,cm02,rvc,clean,eval,0.972730278968811
${DATA_ROOT}/rvc_cm02/rvc_converted_wavs/rvc_outputs/rvc_322882_00574.wav,spoof,hi-en,322882,cm02,rvc,clean,eval,0.986567497253418
${DATA_ROOT}/rvc_cm02/rvc_converted_wavs/rvc_outputs/rvc_322882_00575.wav,spoof,hi-en,322882,cm02,rvc,clean,eval,0.0003013524110428989
${DATA_ROOT}/rvc_cm02/rvc_converted_wavs/rvc_outputs/rvc_322882_00576.wav,spoof,hi-en,322882,cm02,rvc,clean,eval,0.0004890753771178424
${DATA_ROOT}/rvc_cm02/rvc_converted_wavs/rvc_outputs/rvc_322882_00577.wav,spoof,hi-en,322882,cm02,rvc,clean,eval,0.994181215763092
${DATA_ROOT}/rvc_cm02/rvc_converted_wavs/rvc_outputs/rvc_322882_00578.wav,spoof,hi-en,322882,cm02,rvc,clean,eval,0.9909861087799072
${DATA_ROOT}/rvc_cm02/rvc_converted_wavs/rvc_outputs/rvc_322882_00579.wav,spoof,hi-en,322882,cm02,rvc,clean,eval,0.9957342743873596
${DATA_ROOT}/rvc_cm02/rvc_converted_wavs/rvc_outputs/rvc_322882_00580.wav,spoof,hi-en,322882,cm02,rvc,clean,eval,0.0033553694374859333
${DATA_ROOT}/rvc_cm02/rvc_converted_wavs/rvc_outputs/rvc_322882_00581.wav,spoof,hi-en,322882,cm02,rvc,clean,eval,0.00032897511846385896
${DATA_ROOT}/rvc_cm02/rvc_converted_wavs/rvc_outputs/rvc_322882_00582.wav,spoof,hi-en,322882,cm02,rvc,clean,eval,0.0002798927016556263
${DATA_ROOT}/rvc_cm02/rvc_converted_wavs/rvc_outputs/rvc_322882_00583.wav,spoof,hi-en,322882,cm02,rvc,clean,eval,0.9987247586250305
${DATA_ROOT}/rvc_cm02/rvc_converted_wavs/rvc_outputs/rvc_322882_00584.wav,spoof,hi-en,322882,cm02,rvc,clean,eval,0.000275494676316157
${DATA_ROOT}/rvc_cm02/rvc_converted_wavs/rvc_outputs/rvc_322882_00585.wav,spoof,hi-en,322882,cm02,rvc,clean,eval,0.998435914516449
${DATA_ROOT}/rvc_cm02/rvc_converted_wavs/rvc_outputs/rvc_322882_00586.wav,spoof,hi-en,322882,cm02,rvc,clean,eval,0.0006243899697437882
${DATA_ROOT}/rvc_cm02/rvc_converted_wavs/rvc_outputs/rvc_322882_00587.wav,spoof,hi-en,322882,cm02,rvc,clean,eval,0.995448887348175
${DATA_ROOT}/rvc_cm02/rvc_converted_wavs/rvc_outputs/rvc_322882_00588.wav,spoof,hi-en,322882,cm02,rvc,clean,eval,0.997121274471283
${DATA_ROOT}/rvc_cm02/rvc_converted_wavs/rvc_outputs/rvc_322882_00589.wav,spoof,hi-en,322882,cm02,rvc,clean,eval,0.057614196091890335
${DATA_ROOT}/rvc_cm02/rvc_converted_wavs/rvc_outputs/rvc_322882_00590.wav,spoof,hi-en,322882,cm02,rvc,clean,eval,0.9605094194412231
${DATA_ROOT}/rvc_cm02/rvc_converted_wavs/rvc_outputs/rvc_322882_00591.wav,spoof,hi-en,322882,cm02,rvc,clean,eval,0.08500543236732483
${DATA_ROOT}/rvc_cm02/rvc_converted_wavs/rvc_outputs/rvc_322882_00592.wav,spoof,hi-en,322882,cm02,rvc,clean,eval,0.9700026512145996
${DATA_ROOT}/rvc_cm02/rvc_converted_wavs/rvc_outputs/rvc_322882_00593.wav,spoof,hi-en,322882,cm02,rvc,clean,eval,0.00046874588588252664
${DATA_ROOT}/rvc_cm02/rvc_converted_wavs/rvc_outputs/rvc_322882_00594.wav,spoof,hi-en,322882,cm02,rvc,clean,eval,0.9256624579429626
${DATA_ROOT}/rvc_cm02/rvc_converted_wavs/rvc_outputs/rvc_322882_00595.wav,spoof,hi-en,322882,cm02,rvc,clean,eval,0.0009476998820900917
${DATA_ROOT}/rvc_cm02/rvc_converted_wavs/rvc_outputs/rvc_322882_00596.wav,spoof,hi-en,322882,cm02,rvc,clean,eval,0.0002835860359482467
${DATA_ROOT}/rvc_cm02/rvc_converted_wavs/rvc_outputs/rvc_322882_00597.wav,spoof,hi-en,322882,cm02,rvc,clean,eval,0.9985343217849731
${DATA_ROOT}/rvc_cm02/rvc_converted_wavs/rvc_outputs/rvc_322882_00598.wav,spoof,hi-en,322882,cm02,rvc,clean,eval,0.9979826211929321
${DATA_ROOT}/rvc_cm02/rvc_converted_wavs/rvc_outputs/rvc_322882_00599.wav,spoof,hi-en,322882,cm02,rvc,clean,eval,0.00028536474565044045
${DATA_ROOT}/rvc_cm02/rvc_converted_wavs/rvc_outputs/rvc_322882_00600.wav,spoof,hi-en,322882,cm02,rvc,clean,eval,0.10159853845834732
${DATA_ROOT}/rvc_cm02/rvc_converted_wavs/rvc_outputs/rvc_322882_00601.wav,spoof,hi-en,322882,cm02,rvc,clean,eval,0.010919014923274517
${DATA_ROOT}/rvc_cm02/rvc_converted_wavs/rvc_outputs/rvc_322882_00602.wav,spoof,hi-en,322882,cm02,rvc,clean,eval,0.9002584218978882
${DATA_ROOT}/rvc_cm02/rvc_converted_wavs/rvc_outputs/rvc_322882_00603.wav,spoof,hi-en,322882,cm02,rvc,clean,eval,0.00028855580603703856
${DATA_ROOT}/rvc_cm02/rvc_converted_wavs/rvc_outputs/rvc_322882_00604.wav,spoof,hi-en,322882,cm02,rvc,clean,eval,0.9980461597442627
${DATA_ROOT}/rvc_cm02/rvc_converted_wavs/rvc_outputs/rvc_322882_00605.wav,spoof,hi-en,322882,cm02,rvc,clean,eval,0.9926853179931641
${DATA_ROOT}/rvc_cm02/rvc_converted_wavs/rvc_outputs/rvc_322882_00606.wav,spoof,hi-en,322882,cm02,rvc,clean,eval,0.00029065366834402084
${DATA_ROOT}/rvc_cm02/rvc_converted_wavs/rvc_outputs/rvc_322882_00607.wav,spoof,hi-en,322882,cm02,rvc,clean,eval,0.9671474099159241
${DATA_ROOT}/rvc_cm02/rvc_converted_wavs/rvc_outputs/rvc_322882_00608.wav,spoof,hi-en,322882,cm02,rvc,clean,eval,0.0014122106367722154
${DATA_ROOT}/rvc_cm02/rvc_converted_wavs/rvc_outputs/rvc_322882_00609.wav,spoof,hi-en,322882,cm02,rvc,clean,eval,0.9923072457313538
${DATA_ROOT}/rvc_cm02/rvc_converted_wavs/rvc_outputs/rvc_322882_00610.wav,spoof,hi-en,322882,cm02,rvc,clean,eval,0.9900816082954407
${DATA_ROOT}/rvc_cm02/rvc_converted_wavs/rvc_outputs/rvc_322882_00611.wav,spoof,hi-en,322882,cm02,rvc,clean,eval,0.10317329317331314
${DATA_ROOT}/rvc_cm02/rvc_converted_wavs/rvc_outputs/rvc_322882_00612.wav,spoof,hi-en,322882,cm02,rvc,clean,eval,0.00047182515845634043
${DATA_ROOT}/rvc_cm02/rvc_converted_wavs/rvc_outputs/rvc_322882_00613.wav,spoof,hi-en,322882,cm02,rvc,clean,eval,0.015161498449742794
${DATA_ROOT}/rvc_cm02/rvc_converted_wavs/rvc_outputs/rvc_322882_00614.wav,spoof,hi-en,322882,cm02,rvc,clean,eval,0.0021346656139940023
${DATA_ROOT}/rvc_cm02/rvc_converted_wavs/rvc_outputs/rvc_322882_00615.wav,spoof,hi-en,322882,cm02,rvc,clean,eval,0.0007511709700338542
${DATA_ROOT}/rvc_cm02/rvc_converted_wavs/rvc_outputs/rvc_322882_00616.wav,spoof,hi-en,322882,cm02,rvc,clean,eval,0.992393970489502
${DATA_ROOT}/rvc_cm02/rvc_converted_wavs/rvc_outputs/rvc_322882_00617.wav,spoof,hi-en,322882,cm02,rvc,clean,eval,0.0009327116422355175
${DATA_ROOT}/rvc_cm02/rvc_converted_wavs/rvc_outputs/rvc_322882_00618.wav,spoof,hi-en,322882,cm02,rvc,clean,eval,0.0381714291870594
${DATA_ROOT}/rvc_cm02/rvc_converted_wavs/rvc_outputs/rvc_322882_00619.wav,spoof,hi-en,322882,cm02,rvc,clean,eval,0.14051149785518646
${DATA_ROOT}/rvc_cm02/rvc_converted_wavs/rvc_outputs/rvc_322882_00620.wav,spoof,hi-en,322882,cm02,rvc,clean,eval,0.00028650724561885
${DATA_ROOT}/rvc_cm02/rvc_converted_wavs/rvc_outputs/rvc_322882_00621.wav,spoof,hi-en,322882,cm02,rvc,clean,eval,0.9369887113571167
${DATA_ROOT}/rvc_cm02/rvc_converted_wavs/rvc_outputs/rvc_322882_00622.wav,spoof,hi-en,322882,cm02,rvc,clean,eval,0.0029560192488133907
${DATA_ROOT}/rvc_cm02/rvc_converted_wavs/rvc_outputs/rvc_322882_00624.wav,spoof,hi-en,322882,cm02,rvc,clean,eval,0.00041115848580375314
${DATA_ROOT}/rvc_cm02/rvc_converted_wavs/rvc_outputs/rvc_322882_00625.wav,spoof,hi-en,322882,cm02,rvc,clean,eval,0.9944013953208923
${DATA_ROOT}/rvc_cm02/rvc_converted_wavs/rvc_outputs/rvc_996368_00626.wav,spoof,hi-en,996368,cm02,rvc,clean,eval,0.005020792596042156
${DATA_ROOT}/rvc_cm02/rvc_converted_wavs/rvc_outputs/rvc_996368_00627.wav,spoof,hi-en,996368,cm02,rvc,clean,eval,0.0013733558589592576
${DATA_ROOT}/rvc_cm02/rvc_converted_wavs/rvc_outputs/rvc_996368_00628.wav,spoof,hi-en,996368,cm02,rvc,clean,eval,0.9661144018173218
${DATA_ROOT}/rvc_cm02/rvc_converted_wavs/rvc_outputs/rvc_996368_00629.wav,spoof,hi-en,996368,cm02,rvc,clean,eval,0.8020710945129395
${DATA_ROOT}/rvc_cm02/rvc_converted_wavs/rvc_outputs/rvc_996368_00630.wav,spoof,hi-en,996368,cm02,rvc,clean,eval,0.0011519503314048052
${DATA_ROOT}/rvc_cm02/rvc_converted_wavs/rvc_outputs/rvc_996368_00631.wav,spoof,hi-en,996368,cm02,rvc,clean,eval,0.9902302622795105
${DATA_ROOT}/rvc_cm02/rvc_converted_wavs/rvc_outputs/rvc_996368_00632.wav,spoof,hi-en,996368,cm02,rvc,clean,eval,0.9982251524925232
${DATA_ROOT}/rvc_cm02/rvc_converted_wavs/rvc_outputs/rvc_996368_00633.wav,spoof,hi-en,996368,cm02,rvc,clean,eval,0.9985925555229187
${DATA_ROOT}/rvc_cm02/rvc_converted_wavs/rvc_outputs/rvc_996368_00634.wav,spoof,hi-en,996368,cm02,rvc,clean,eval,0.7745463252067566
${DATA_ROOT}/rvc_cm02/rvc_converted_wavs/rvc_outputs/rvc_996368_00635.wav,spoof,hi-en,996368,cm02,rvc,clean,eval,0.9927910566329956
${DATA_ROOT}/rvc_cm02/rvc_converted_wavs/rvc_outputs/rvc_996368_00636.wav,spoof,hi-en,996368,cm02,rvc,clean,eval,0.9995397329330444
${DATA_ROOT}/rvc_cm02/rvc_converted_wavs/rvc_outputs/rvc_996368_00637.wav,spoof,hi-en,996368,cm02,rvc,clean,eval,0.8900119066238403
${DATA_ROOT}/rvc_cm02/rvc_converted_wavs/rvc_outputs/rvc_996368_00639.wav,spoof,hi-en,996368,cm02,rvc,clean,eval,0.022895311936736107
${DATA_ROOT}/rvc_cm02/rvc_converted_wavs/rvc_outputs/rvc_996368_00640.wav,spoof,hi-en,996368,cm02,rvc,clean,eval,0.14497175812721252
${DATA_ROOT}/rvc_cm02/rvc_converted_wavs/rvc_outputs/rvc_996368_00641.wav,spoof,hi-en,996368,cm02,rvc,clean,eval,0.9920392036437988
${DATA_ROOT}/rvc_cm02/rvc_converted_wavs/rvc_outputs/rvc_996368_00642.wav,spoof,hi-en,996368,cm02,rvc,clean,eval,0.0015377604868263006
${DATA_ROOT}/rvc_cm02/rvc_converted_wavs/rvc_outputs/rvc_996368_00643.wav,spoof,hi-en,996368,cm02,rvc,clean,eval,0.0005778209888376296
${DATA_ROOT}/rvc_cm02/rvc_converted_wavs/rvc_outputs/rvc_996368_00644.wav,spoof,hi-en,996368,cm02,rvc,clean,eval,0.992130696773529
${DATA_ROOT}/rvc_cm02/rvc_converted_wavs/rvc_outputs/rvc_996368_00645.wav,spoof,hi-en,996368,cm02,rvc,clean,eval,0.9756690263748169
${DATA_ROOT}/rvc_cm02/rvc_converted_wavs/rvc_outputs/rvc_996368_00647.wav,spoof,hi-en,996368,cm02,rvc,clean,eval,0.4818095862865448
${DATA_ROOT}/rvc_cm02/rvc_converted_wavs/rvc_outputs/rvc_996368_00648.wav,spoof,hi-en,996368,cm02,rvc,clean,eval,0.853639543056488
${DATA_ROOT}/rvc_cm02/rvc_converted_wavs/rvc_outputs/rvc_996368_00649.wav,spoof,hi-en,996368,cm02,rvc,clean,eval,0.8421845436096191
${DATA_ROOT}/rvc_cm02/rvc_converted_wavs/rvc_outputs/rvc_996368_00650.wav,spoof,hi-en,996368,cm02,rvc,clean,eval,0.951653242111206
${DATA_ROOT}/rvc_cm02/rvc_converted_wavs/rvc_outputs/rvc_996368_00651.wav,spoof,hi-en,996368,cm02,rvc,clean,eval,0.0007455691229552031
${DATA_ROOT}/rvc_cm02/rvc_converted_wavs/rvc_outputs/rvc_996368_00652.wav,spoof,hi-en,996368,cm02,rvc,clean,eval,0.9979121088981628
${DATA_ROOT}/rvc_cm02/rvc_converted_wavs/rvc_outputs/rvc_996368_00653.wav,spoof,hi-en,996368,cm02,rvc,clean,eval,0.9848518967628479
${DATA_ROOT}/rvc_cm02/rvc_converted_wavs/rvc_outputs/rvc_996368_00654.wav,spoof,hi-en,996368,cm02,rvc,clean,eval,0.9886907339096069
${DATA_ROOT}/rvc_cm02/rvc_converted_wavs/rvc_outputs/rvc_996368_00655.wav,spoof,hi-en,996368,cm02,rvc,clean,eval,0.991476833820343
${DATA_ROOT}/rvc_cm02/rvc_converted_wavs/rvc_outputs/rvc_996368_00656.wav,spoof,hi-en,996368,cm02,rvc,clean,eval,0.5187647342681885
${DATA_ROOT}/rvc_cm02/rvc_converted_wavs/rvc_outputs/rvc_996368_00657.wav,spoof,hi-en,996368,cm02,rvc,clean,eval,0.325183629989624
${DATA_ROOT}/rvc_cm02/rvc_converted_wavs/rvc_outputs/rvc_996368_00658.wav,spoof,hi-en,996368,cm02,rvc,clean,eval,0.002541321562603116
${DATA_ROOT}/rvc_cm02/rvc_converted_wavs/rvc_outputs/rvc_996368_00659.wav,spoof,hi-en,996368,cm02,rvc,clean,eval,0.8271027207374573
${DATA_ROOT}/rvc_cm02/rvc_converted_wavs/rvc_outputs/rvc_996368_00660.wav,spoof,hi-en,996368,cm02,rvc,clean,eval,0.9994376301765442
${DATA_ROOT}/rvc_cm02/rvc_converted_wavs/rvc_outputs/rvc_996368_00661.wav,spoof,hi-en,996368,cm02,rvc,clean,eval,0.9961659908294678
${DATA_ROOT}/rvc_cm02/rvc_converted_wavs/rvc_outputs/rvc_996368_00662.wav,spoof,hi-en,996368,cm02,rvc,clean,eval,0.00040904287016019225
${DATA_ROOT}/rvc_cm02/rvc_converted_wavs/rvc_outputs/rvc_996368_00663.wav,spoof,hi-en,996368,cm02,rvc,clean,eval,0.9965207576751709
${DATA_ROOT}/rvc_cm02/rvc_converted_wavs/rvc_outputs/rvc_996368_00664.wav,spoof,hi-en,996368,cm02,rvc,clean,eval,0.9125855565071106
${DATA_ROOT}/rvc_cm02/rvc_converted_wavs/rvc_outputs/rvc_996368_00665.wav,spoof,hi-en,996368,cm02,rvc,clean,eval,0.4269458055496216
${DATA_ROOT}/rvc_cm02/rvc_converted_wavs/rvc_outputs/rvc_996368_00666.wav,spoof,hi-en,996368,cm02,rvc,clean,eval,0.8952343463897705
${DATA_ROOT}/rvc_cm02/rvc_converted_wavs/rvc_outputs/rvc_996368_00667.wav,spoof,hi-en,996368,cm02,rvc,clean,eval,0.9969005584716797
${DATA_ROOT}/rvc_cm02/rvc_converted_wavs/rvc_outputs/rvc_996368_00668.wav,spoof,hi-en,996368,cm02,rvc,clean,eval,0.9872555732727051
${DATA_ROOT}/rvc_cm02/rvc_converted_wavs/rvc_outputs/rvc_996368_00669.wav,spoof,hi-en,996368,cm02,rvc,clean,eval,0.8430461883544922
${DATA_ROOT}/rvc_cm02/rvc_converted_wavs/rvc_outputs/rvc_996368_00670.wav,spoof,hi-en,996368,cm02,rvc,clean,eval,0.9884012937545776
${DATA_ROOT}/rvc_cm02/rvc_converted_wavs/rvc_outputs/rvc_996368_00671.wav,spoof,hi-en,996368,cm02,rvc,clean,eval,0.0016712696524336934
${DATA_ROOT}/rvc_cm02/rvc_converted_wavs/rvc_outputs/rvc_996368_00672.wav,spoof,hi-en,996368,cm02,rvc,clean,eval,0.6186000108718872
${DATA_ROOT}/rvc_cm02/rvc_converted_wavs/rvc_outputs/rvc_996368_00673.wav,spoof,hi-en,996368,cm02,rvc,clean,eval,0.0012215746100991964
${DATA_ROOT}/rvc_cm02/rvc_converted_wavs/rvc_outputs/rvc_996368_00674.wav,spoof,hi-en,996368,cm02,rvc,clean,eval,0.0018459729617461562
${DATA_ROOT}/rvc_cm02/rvc_converted_wavs/rvc_outputs/rvc_996368_00676.wav,spoof,hi-en,996368,cm02,rvc,clean,eval,0.9971381425857544
${DATA_ROOT}/rvc_cm02/rvc_converted_wavs/rvc_outputs/rvc_996368_00677.wav,spoof,hi-en,996368,cm02,rvc,clean,eval,0.0009053262183442712
${DATA_ROOT}/rvc_cm02/rvc_converted_wavs/rvc_outputs/rvc_996368_00678.wav,spoof,hi-en,996368,cm02,rvc,clean,eval,0.0005797341000288725
${DATA_ROOT}/rvc_cm02/rvc_converted_wavs/rvc_outputs/rvc_996368_00679.wav,spoof,hi-en,996368,cm02,rvc,clean,eval,0.3869442343711853
${DATA_ROOT}/rvc_cm02/rvc_converted_wavs/rvc_outputs/rvc_996368_00680.wav,spoof,hi-en,996368,cm02,rvc,clean,eval,0.9978723526000977
${DATA_ROOT}/rvc_cm02/rvc_converted_wavs/rvc_outputs/rvc_996368_00681.wav,spoof,hi-en,996368,cm02,rvc,clean,eval,0.9846875071525574
${DATA_ROOT}/rvc_cm02/rvc_converted_wavs/rvc_outputs/rvc_996368_00682.wav,spoof,hi-en,996368,cm02,rvc,clean,eval,0.4815967381000519
${DATA_ROOT}/rvc_cm02/rvc_converted_wavs/rvc_outputs/rvc_996368_00683.wav,spoof,hi-en,996368,cm02,rvc,clean,eval,0.8581840395927429
${DATA_ROOT}/rvc_cm02/rvc_converted_wavs/rvc_outputs/rvc_996368_00684.wav,spoof,hi-en,996368,cm02,rvc,clean,eval,0.9753447771072388
${DATA_ROOT}/rvc_cm02/rvc_converted_wavs/rvc_outputs/rvc_996368_00685.wav,spoof,hi-en,996368,cm02,rvc,clean,eval,0.9985496401786804
${DATA_ROOT}/rvc_cm02/rvc_converted_wavs/rvc_outputs/rvc_996368_00686.wav,spoof,hi-en,996368,cm02,rvc,clean,eval,0.0025611009914427996
${DATA_ROOT}/rvc_cm02/rvc_converted_wavs/rvc_outputs/rvc_996368_00687.wav,spoof,hi-en,996368,cm02,rvc,clean,eval,0.9915122389793396
${DATA_ROOT}/rvc_cm02/rvc_converted_wavs/rvc_outputs/rvc_996368_00688.wav,spoof,hi-en,996368,cm02,rvc,clean,eval,0.0011376754846423864
${DATA_ROOT}/rvc_cm02/rvc_converted_wavs/rvc_outputs/rvc_996368_00689.wav,spoof,hi-en,996368,cm02,rvc,clean,eval,0.9812342524528503
${DATA_ROOT}/rvc_cm02/rvc_converted_wavs/rvc_outputs/rvc_996368_00690.wav,spoof,hi-en,996368,cm02,rvc,clean,eval,0.00033681068453006446
${DATA_ROOT}/rvc_cm02/rvc_converted_wavs/rvc_outputs/rvc_996368_00691.wav,spoof,hi-en,996368,cm02,rvc,clean,eval,0.001642770366743207
${DATA_ROOT}/rvc_cm02/rvc_converted_wavs/rvc_outputs/rvc_996368_00692.wav,spoof,hi-en,996368,cm02,rvc,clean,eval,0.828312337398529
${DATA_ROOT}/rvc_cm02/rvc_converted_wavs/rvc_outputs/rvc_996368_00693.wav,spoof,hi-en,996368,cm02,rvc,clean,eval,0.9843601584434509
${DATA_ROOT}/rvc_cm02/rvc_converted_wavs/rvc_outputs/rvc_996368_00694.wav,spoof,hi-en,996368,cm02,rvc,clean,eval,0.005995031446218491
${DATA_ROOT}/rvc_cm02/rvc_converted_wavs/rvc_outputs/rvc_996368_00695.wav,spoof,hi-en,996368,cm02,rvc,clean,eval,0.0003826293395832181
${DATA_ROOT}/rvc_cm02/rvc_converted_wavs/rvc_outputs/rvc_996368_00696.wav,spoof,hi-en,996368,cm02,rvc,clean,eval,0.4729304909706116
${DATA_ROOT}/rvc_cm02/rvc_converted_wavs/rvc_outputs/rvc_996368_00697.wav,spoof,hi-en,996368,cm02,rvc,clean,eval,0.00024386051518376917
${DATA_ROOT}/rvc_cm02/rvc_converted_wavs/rvc_outputs/rvc_996368_00698.wav,spoof,hi-en,996368,cm02,rvc,clean,eval,0.30161958932876587
${DATA_ROOT}/rvc_cm02/rvc_converted_wavs/rvc_outputs/rvc_996368_00699.wav,spoof,hi-en,996368,cm02,rvc,clean,eval,0.9577751159667969
${DATA_ROOT}/rvc_cm02/rvc_converted_wavs/rvc_outputs/rvc_996368_00701.wav,spoof,hi-en,996368,cm02,rvc,clean,eval,0.9919310212135315
${DATA_ROOT}/rvc_cm02/rvc_converted_wavs/rvc_outputs/rvc_996368_00702.wav,spoof,hi-en,996368,cm02,rvc,clean,eval,0.0026047900319099426
${DATA_ROOT}/rvc_cm02/rvc_converted_wavs/rvc_outputs/rvc_996368_00703.wav,spoof,hi-en,996368,cm02,rvc,clean,eval,0.9669029116630554
${DATA_ROOT}/rvc_cm02/rvc_converted_wavs/rvc_outputs/rvc_996368_00704.wav,spoof,hi-en,996368,cm02,rvc,clean,eval,0.9834221005439758
${DATA_ROOT}/rvc_cm02/rvc_converted_wavs/rvc_outputs/rvc_996368_00706.wav,spoof,hi-en,996368,cm02,rvc,clean,eval,0.0003863975580316037
${DATA_ROOT}/rvc_cm02/rvc_converted_wavs/rvc_outputs/rvc_996368_00708.wav,spoof,hi-en,996368,cm02,rvc,clean,eval,0.9995543360710144
${DATA_ROOT}/rvc_cm02/rvc_converted_wavs/rvc_outputs/rvc_996368_00709.wav,spoof,hi-en,996368,cm02,rvc,clean,eval,0.005105293821543455
${DATA_ROOT}/rvc_cm02/rvc_converted_wavs/rvc_outputs/rvc_996368_00710.wav,spoof,hi-en,996368,cm02,rvc,clean,eval,0.00030946749029681087
${DATA_ROOT}/rvc_cm02/rvc_converted_wavs/rvc_outputs/rvc_996368_00711.wav,spoof,hi-en,996368,cm02,rvc,clean,eval,0.9877567291259766
${DATA_ROOT}/rvc_cm02/rvc_converted_wavs/rvc_outputs/rvc_996368_00712.wav,spoof,hi-en,996368,cm02,rvc,clean,eval,0.9966027736663818
${DATA_ROOT}/rvc_cm02/rvc_converted_wavs/rvc_outputs/rvc_996368_00713.wav,spoof,hi-en,996368,cm02,rvc,clean,eval,0.6870830655097961
${DATA_ROOT}/rvc_cm02/rvc_converted_wavs/rvc_outputs/rvc_996368_00714.wav,spoof,hi-en,996368,cm02,rvc,clean,eval,0.002567346440628171
${DATA_ROOT}/rvc_cm02/rvc_converted_wavs/rvc_outputs/rvc_996368_00716.wav,spoof,hi-en,996368,cm02,rvc,clean,eval,0.9969682097434998
${DATA_ROOT}/rvc_cm02/rvc_converted_wavs/rvc_outputs/rvc_996368_00717.wav,spoof,hi-en,996368,cm02,rvc,clean,eval,0.9964627623558044
${DATA_ROOT}/rvc_cm02/rvc_converted_wavs/rvc_outputs/rvc_996368_00718.wav,spoof,hi-en,996368,cm02,rvc,clean,eval,0.9168952107429504
${DATA_ROOT}/rvc_cm02/rvc_converted_wavs/rvc_outputs/rvc_996368_00719.wav,spoof,hi-en,996368,cm02,rvc,clean,eval,0.02220291458070278
${DATA_ROOT}/rvc_cm02/rvc_converted_wavs/rvc_outputs/rvc_996368_00720.wav,spoof,hi-en,996368,cm02,rvc,clean,eval,0.9914998412132263
${DATA_ROOT}/rvc_cm02/rvc_converted_wavs/rvc_outputs/rvc_996368_00721.wav,spoof,hi-en,996368,cm02,rvc,clean,eval,0.010120040737092495
${DATA_ROOT}/rvc_cm02/rvc_converted_wavs/rvc_outputs/rvc_996368_00722.wav,spoof,hi-en,996368,cm02,rvc,clean,eval,0.017413564026355743
${DATA_ROOT}/rvc_cm02/rvc_converted_wavs/rvc_outputs/rvc_996368_00723.wav,spoof,hi-en,996368,cm02,rvc,clean,eval,0.995630145072937
${DATA_ROOT}/rvc_cm02/rvc_converted_wavs/rvc_outputs/rvc_996368_00724.wav,spoof,hi-en,996368,cm02,rvc,clean,eval,0.9993220567703247
${DATA_ROOT}/rvc_cm02/rvc_converted_wavs/rvc_outputs/rvc_996368_00725.wav,spoof,hi-en,996368,cm02,rvc,clean,eval,0.9966191053390503
${DATA_ROOT}/rvc_cm02/rvc_converted_wavs/rvc_outputs/rvc_996368_00726.wav,spoof,hi-en,996368,cm02,rvc,clean,eval,0.539986252784729
${DATA_ROOT}/rvc_cm02/rvc_converted_wavs/rvc_outputs/rvc_996368_00727.wav,spoof,hi-en,996368,cm02,rvc,clean,eval,0.5007073283195496
${DATA_ROOT}/rvc_cm02/rvc_converted_wavs/rvc_outputs/rvc_996368_00728.wav,spoof,hi-en,996368,cm02,rvc,clean,eval,0.322955459356308
${DATA_ROOT}/rvc_cm02/rvc_converted_wavs/rvc_outputs/rvc_996368_00729.wav,spoof,hi-en,996368,cm02,rvc,clean,eval,0.33010074496269226
${DATA_ROOT}/rvc_cm02/rvc_converted_wavs/rvc_outputs/rvc_996368_00730.wav,spoof,hi-en,996368,cm02,rvc,clean,eval,0.0013699985574930906
${DATA_ROOT}/rvc_cm02/rvc_converted_wavs/rvc_outputs/rvc_996368_00731.wav,spoof,hi-en,996368,cm02,rvc,clean,eval,0.9773911237716675
${DATA_ROOT}/rvc_cm02/rvc_converted_wavs/rvc_outputs/rvc_996368_00732.wav,spoof,hi-en,996368,cm02,rvc,clean,eval,0.9993509650230408
${DATA_ROOT}/rvc_cm02/rvc_converted_wavs/rvc_outputs/rvc_996368_00733.wav,spoof,hi-en,996368,cm02,rvc,clean,eval,0.6433728337287903
${DATA_ROOT}/rvc_cm02/rvc_converted_wavs/rvc_outputs/rvc_996368_00734.wav,spoof,hi-en,996368,cm02,rvc,clean,eval,0.9462242126464844
${DATA_ROOT}/rvc_cm02/rvc_converted_wavs/rvc_outputs/rvc_996368_00735.wav,spoof,hi-en,996368,cm02,rvc,clean,eval,0.8488819599151611
${DATA_ROOT}/rvc_cm02/rvc_converted_wavs/rvc_outputs/rvc_996368_00736.wav,spoof,hi-en,996368,cm02,rvc,clean,eval,0.0005057469243183732
${DATA_ROOT}/rvc_cm02/rvc_converted_wavs/rvc_outputs/rvc_996368_00737.wav,spoof,hi-en,996368,cm02,rvc,clean,eval,0.8813022971153259
${DATA_ROOT}/rvc_cm02/rvc_converted_wavs/rvc_outputs/rvc_996368_00738.wav,spoof,hi-en,996368,cm02,rvc,clean,eval,0.9855135083198547
${DATA_ROOT}/rvc_cm02/rvc_converted_wavs/rvc_outputs/rvc_996368_00739.wav,spoof,hi-en,996368,cm02,rvc,clean,eval,0.036973003298044205
${DATA_ROOT}/rvc_cm02/rvc_converted_wavs/rvc_outputs/rvc_996368_00740.wav,spoof,hi-en,996368,cm02,rvc,clean,eval,0.3578375577926636
${DATA_ROOT}/rvc_cm02/rvc_converted_wavs/rvc_outputs/rvc_996368_00741.wav,spoof,hi-en,996368,cm02,rvc,clean,eval,0.9964303374290466
${DATA_ROOT}/rvc_cm02/rvc_converted_wavs/rvc_outputs/rvc_996368_00742.wav,spoof,hi-en,996368,cm02,rvc,clean,eval,0.6374062299728394
${DATA_ROOT}/rvc_cm02/rvc_converted_wavs/rvc_outputs/rvc_996368_00743.wav,spoof,hi-en,996368,cm02,rvc,clean,eval,0.0387650802731514
${DATA_ROOT}/rvc_cm02/rvc_converted_wavs/rvc_outputs/rvc_996368_00744.wav,spoof,hi-en,996368,cm02,rvc,clean,eval,0.9565142393112183
${DATA_ROOT}/rvc_cm02/rvc_converted_wavs/rvc_outputs/rvc_996368_00746.wav,spoof,hi-en,996368,cm02,rvc,clean,eval,0.01760680414736271
${DATA_ROOT}/rvc_cm02/rvc_converted_wavs/rvc_outputs/rvc_996368_00747.wav,spoof,hi-en,996368,cm02,rvc,clean,eval,0.0003923368058167398
${DATA_ROOT}/rvc_cm02/rvc_converted_wavs/rvc_outputs/rvc_996368_00748.wav,spoof,hi-en,996368,cm02,rvc,clean,eval,0.9983641505241394
${DATA_ROOT}/rvc_cm02/rvc_converted_wavs/rvc_outputs/rvc_996368_00750.wav,spoof,hi-en,996368,cm02,rvc,clean,eval,0.6606845259666443
${DATA_ROOT}/rvc_cm02/rvc_converted_wavs/rvc_outputs/rvc_106718_00751.wav,spoof,hi-en,106718,cm02,rvc,clean,eval,0.9956876635551453
${DATA_ROOT}/rvc_cm02/rvc_converted_wavs/rvc_outputs/rvc_106718_00752.wav,spoof,hi-en,106718,cm02,rvc,clean,eval,0.0003332739870529622
${DATA_ROOT}/rvc_cm02/rvc_converted_wavs/rvc_outputs/rvc_106718_00753.wav,spoof,hi-en,106718,cm02,rvc,clean,eval,0.9987574815750122
${DATA_ROOT}/rvc_cm02/rvc_converted_wavs/rvc_outputs/rvc_106718_00754.wav,spoof,hi-en,106718,cm02,rvc,clean,eval,0.9974790215492249
${DATA_ROOT}/rvc_cm02/rvc_converted_wavs/rvc_outputs/rvc_106718_00755.wav,spoof,hi-en,106718,cm02,rvc,clean,eval,0.9845786094665527
${DATA_ROOT}/rvc_cm02/rvc_converted_wavs/rvc_outputs/rvc_106718_00756.wav,spoof,hi-en,106718,cm02,rvc,clean,eval,0.9780680537223816
${DATA_ROOT}/rvc_cm02/rvc_converted_wavs/rvc_outputs/rvc_106718_00758.wav,spoof,hi-en,106718,cm02,rvc,clean,eval,0.9906067848205566
${DATA_ROOT}/rvc_cm02/rvc_converted_wavs/rvc_outputs/rvc_106718_00759.wav,spoof,hi-en,106718,cm02,rvc,clean,eval,0.9978585839271545
${DATA_ROOT}/rvc_cm02/rvc_converted_wavs/rvc_outputs/rvc_106718_00760.wav,spoof,hi-en,106718,cm02,rvc,clean,eval,0.0093372892588377
${DATA_ROOT}/rvc_cm02/rvc_converted_wavs/rvc_outputs/rvc_106718_00761.wav,spoof,hi-en,106718,cm02,rvc,clean,eval,0.9996222257614136
${DATA_ROOT}/rvc_cm02/rvc_converted_wavs/rvc_outputs/rvc_106718_00762.wav,spoof,hi-en,106718,cm02,rvc,clean,eval,0.9881910085678101
${DATA_ROOT}/rvc_cm02/rvc_converted_wavs/rvc_outputs/rvc_106718_00763.wav,spoof,hi-en,106718,cm02,rvc,clean,eval,0.9978081583976746
${DATA_ROOT}/rvc_cm02/rvc_converted_wavs/rvc_outputs/rvc_106718_00764.wav,spoof,hi-en,106718,cm02,rvc,clean,eval,0.9937447905540466
${DATA_ROOT}/rvc_cm02/rvc_converted_wavs/rvc_outputs/rvc_106718_00765.wav,spoof,hi-en,106718,cm02,rvc,clean,eval,0.6819276809692383
${DATA_ROOT}/rvc_cm02/rvc_converted_wavs/rvc_outputs/rvc_106718_00766.wav,spoof,hi-en,106718,cm02,rvc,clean,eval,0.9965044260025024
${DATA_ROOT}/rvc_cm02/rvc_converted_wavs/rvc_outputs/rvc_106718_00767.wav,spoof,hi-en,106718,cm02,rvc,clean,eval,0.9971168041229248
${DATA_ROOT}/rvc_cm02/rvc_converted_wavs/rvc_outputs/rvc_106718_00768.wav,spoof,hi-en,106718,cm02,rvc,clean,eval,0.999474823474884
${DATA_ROOT}/rvc_cm02/rvc_converted_wavs/rvc_outputs/rvc_106718_00769.wav,spoof,hi-en,106718,cm02,rvc,clean,eval,0.9980124235153198
${DATA_ROOT}/rvc_cm02/rvc_converted_wavs/rvc_outputs/rvc_106718_00770.wav,spoof,hi-en,106718,cm02,rvc,clean,eval,0.9971420168876648
${DATA_ROOT}/rvc_cm02/rvc_converted_wavs/rvc_outputs/rvc_106718_00771.wav,spoof,hi-en,106718,cm02,rvc,clean,eval,0.906545877456665
${DATA_ROOT}/rvc_cm02/rvc_converted_wavs/rvc_outputs/rvc_106718_00772.wav,spoof,hi-en,106718,cm02,rvc,clean,eval,0.9872819781303406
${DATA_ROOT}/rvc_cm02/rvc_converted_wavs/rvc_outputs/rvc_106718_00773.wav,spoof,hi-en,106718,cm02,rvc,clean,eval,0.9876145124435425
${DATA_ROOT}/rvc_cm02/rvc_converted_wavs/rvc_outputs/rvc_106718_00774.wav,spoof,hi-en,106718,cm02,rvc,clean,eval,0.0004329668590798974
${DATA_ROOT}/rvc_cm02/rvc_converted_wavs/rvc_outputs/rvc_106718_00775.wav,spoof,hi-en,106718,cm02,rvc,clean,eval,0.5146805047988892
${DATA_ROOT}/rvc_cm02/rvc_converted_wavs/rvc_outputs/rvc_106718_00776.wav,spoof,hi-en,106718,cm02,rvc,clean,eval,0.006231117062270641
${DATA_ROOT}/rvc_cm02/rvc_converted_wavs/rvc_outputs/rvc_106718_00777.wav,spoof,hi-en,106718,cm02,rvc,clean,eval,0.9975594282150269
${DATA_ROOT}/rvc_cm02/rvc_converted_wavs/rvc_outputs/rvc_106718_00778.wav,spoof,hi-en,106718,cm02,rvc,clean,eval,0.9653222560882568
${DATA_ROOT}/rvc_cm02/rvc_converted_wavs/rvc_outputs/rvc_106718_00779.wav,spoof,hi-en,106718,cm02,rvc,clean,eval,0.9980254173278809
${DATA_ROOT}/rvc_cm02/rvc_converted_wavs/rvc_outputs/rvc_106718_00781.wav,spoof,hi-en,106718,cm02,rvc,clean,eval,0.9959546327590942
${DATA_ROOT}/rvc_cm02/rvc_converted_wavs/rvc_outputs/rvc_106718_00782.wav,spoof,hi-en,106718,cm02,rvc,clean,eval,0.9984080195426941
${DATA_ROOT}/rvc_cm02/rvc_converted_wavs/rvc_outputs/rvc_106718_00783.wav,spoof,hi-en,106718,cm02,rvc,clean,eval,0.9993195533752441
${DATA_ROOT}/rvc_cm02/rvc_converted_wavs/rvc_outputs/rvc_106718_00784.wav,spoof,hi-en,106718,cm02,rvc,clean,eval,0.0005623972974717617
${DATA_ROOT}/rvc_cm02/rvc_converted_wavs/rvc_outputs/rvc_106718_00785.wav,spoof,hi-en,106718,cm02,rvc,clean,eval,0.997058629989624
${DATA_ROOT}/rvc_cm02/rvc_converted_wavs/rvc_outputs/rvc_106718_00786.wav,spoof,hi-en,106718,cm02,rvc,clean,eval,0.9932704567909241
${DATA_ROOT}/rvc_cm02/rvc_converted_wavs/rvc_outputs/rvc_106718_00787.wav,spoof,hi-en,106718,cm02,rvc,clean,eval,0.998264729976654
${DATA_ROOT}/rvc_cm02/rvc_converted_wavs/rvc_outputs/rvc_106718_00788.wav,spoof,hi-en,106718,cm02,rvc,clean,eval,0.9877340793609619
${DATA_ROOT}/rvc_cm02/rvc_converted_wavs/rvc_outputs/rvc_106718_00789.wav,spoof,hi-en,106718,cm02,rvc,clean,eval,0.9908004403114319
${DATA_ROOT}/rvc_cm02/rvc_converted_wavs/rvc_outputs/rvc_106718_00790.wav,spoof,hi-en,106718,cm02,rvc,clean,eval,0.9981744289398193
${DATA_ROOT}/rvc_cm02/rvc_converted_wavs/rvc_outputs/rvc_106718_00791.wav,spoof,hi-en,106718,cm02,rvc,clean,eval,0.9959384202957153
${DATA_ROOT}/rvc_cm02/rvc_converted_wavs/rvc_outputs/rvc_106718_00792.wav,spoof,hi-en,106718,cm02,rvc,clean,eval,0.9992823004722595
${DATA_ROOT}/rvc_cm02/rvc_converted_wavs/rvc_outputs/rvc_106718_00793.wav,spoof,hi-en,106718,cm02,rvc,clean,eval,0.9965307116508484
${DATA_ROOT}/rvc_cm02/rvc_converted_wavs/rvc_outputs/rvc_106718_00794.wav,spoof,hi-en,106718,cm02,rvc,clean,eval,0.9981843829154968
${DATA_ROOT}/rvc_cm02/rvc_converted_wavs/rvc_outputs/rvc_106718_00795.wav,spoof,hi-en,106718,cm02,rvc,clean,eval,0.9923344254493713
${DATA_ROOT}/rvc_cm02/rvc_converted_wavs/rvc_outputs/rvc_106718_00796.wav,spoof,hi-en,106718,cm02,rvc,clean,eval,0.9965347051620483
${DATA_ROOT}/rvc_cm02/rvc_converted_wavs/rvc_outputs/rvc_106718_00797.wav,spoof,hi-en,106718,cm02,rvc,clean,eval,0.24379704892635345
${DATA_ROOT}/rvc_cm02/rvc_converted_wavs/rvc_outputs/rvc_106718_00799.wav,spoof,hi-en,106718,cm02,rvc,clean,eval,0.9435902833938599
${DATA_ROOT}/rvc_cm02/rvc_converted_wavs/rvc_outputs/rvc_106718_00800.wav,spoof,hi-en,106718,cm02,rvc,clean,eval,0.8362495303153992
${DATA_ROOT}/rvc_cm02/rvc_converted_wavs/rvc_outputs/rvc_106718_00801.wav,spoof,hi-en,106718,cm02,rvc,clean,eval,0.9986692667007446
${DATA_ROOT}/rvc_cm02/rvc_converted_wavs/rvc_outputs/rvc_106718_00802.wav,spoof,hi-en,106718,cm02,rvc,clean,eval,0.9986627101898193
${DATA_ROOT}/rvc_cm02/rvc_converted_wavs/rvc_outputs/rvc_106718_00803.wav,spoof,hi-en,106718,cm02,rvc,clean,eval,0.9965909719467163
${DATA_ROOT}/rvc_cm02/rvc_converted_wavs/rvc_outputs/rvc_106718_00804.wav,spoof,hi-en,106718,cm02,rvc,clean,eval,0.9993522763252258
${DATA_ROOT}/rvc_cm02/rvc_converted_wavs/rvc_outputs/rvc_106718_00805.wav,spoof,hi-en,106718,cm02,rvc,clean,eval,0.9962639212608337
${DATA_ROOT}/rvc_cm02/rvc_converted_wavs/rvc_outputs/rvc_106718_00807.wav,spoof,hi-en,106718,cm02,rvc,clean,eval,0.7668563723564148
${DATA_ROOT}/rvc_cm02/rvc_converted_wavs/rvc_outputs/rvc_106718_00809.wav,spoof,hi-en,106718,cm02,rvc,clean,eval,0.9990921020507812
${DATA_ROOT}/rvc_cm02/rvc_converted_wavs/rvc_outputs/rvc_106718_00810.wav,spoof,hi-en,106718,cm02,rvc,clean,eval,0.9991980195045471
${DATA_ROOT}/rvc_cm02/rvc_converted_wavs/rvc_outputs/rvc_106718_00811.wav,spoof,hi-en,106718,cm02,rvc,clean,eval,0.9990733861923218
${DATA_ROOT}/rvc_cm02/rvc_converted_wavs/rvc_outputs/rvc_106718_00812.wav,spoof,hi-en,106718,cm02,rvc,clean,eval,0.994037389755249
${DATA_ROOT}/rvc_cm02/rvc_converted_wavs/rvc_outputs/rvc_106718_00813.wav,spoof,hi-en,106718,cm02,rvc,clean,eval,0.9994648098945618
${DATA_ROOT}/rvc_cm02/rvc_converted_wavs/rvc_outputs/rvc_106718_00814.wav,spoof,hi-en,106718,cm02,rvc,clean,eval,0.998434841632843
${DATA_ROOT}/rvc_cm02/rvc_converted_wavs/rvc_outputs/rvc_106718_00815.wav,spoof,hi-en,106718,cm02,rvc,clean,eval,0.999184787273407
${DATA_ROOT}/rvc_cm02/rvc_converted_wavs/rvc_outputs/rvc_106718_00816.wav,spoof,hi-en,106718,cm02,rvc,clean,eval,0.9994767308235168
${DATA_ROOT}/rvc_cm02/rvc_converted_wavs/rvc_outputs/rvc_106718_00818.wav,spoof,hi-en,106718,cm02,rvc,clean,eval,0.9986666440963745
${DATA_ROOT}/rvc_cm02/rvc_converted_wavs/rvc_outputs/rvc_106718_00819.wav,spoof,hi-en,106718,cm02,rvc,clean,eval,0.9784438610076904
${DATA_ROOT}/rvc_cm02/rvc_converted_wavs/rvc_outputs/rvc_106718_00820.wav,spoof,hi-en,106718,cm02,rvc,clean,eval,0.9997032284736633
${DATA_ROOT}/rvc_cm02/rvc_converted_wavs/rvc_outputs/rvc_106718_00821.wav,spoof,hi-en,106718,cm02,rvc,clean,eval,0.8076014518737793
${DATA_ROOT}/rvc_cm02/rvc_converted_wavs/rvc_outputs/rvc_106718_00822.wav,spoof,hi-en,106718,cm02,rvc,clean,eval,0.953732430934906
${DATA_ROOT}/rvc_cm02/rvc_converted_wavs/rvc_outputs/rvc_106718_00823.wav,spoof,hi-en,106718,cm02,rvc,clean,eval,0.8919861316680908
${DATA_ROOT}/rvc_cm02/rvc_converted_wavs/rvc_outputs/rvc_106718_00824.wav,spoof,hi-en,106718,cm02,rvc,clean,eval,0.0004092521558050066
${DATA_ROOT}/rvc_cm02/rvc_converted_wavs/rvc_outputs/rvc_106718_00825.wav,spoof,hi-en,106718,cm02,rvc,clean,eval,0.9945149421691895
${DATA_ROOT}/rvc_cm02/rvc_converted_wavs/rvc_outputs/rvc_106718_00826.wav,spoof,hi-en,106718,cm02,rvc,clean,eval,0.9106942415237427
${DATA_ROOT}/rvc_cm02/rvc_converted_wavs/rvc_outputs/rvc_106718_00827.wav,spoof,hi-en,106718,cm02,rvc,clean,eval,0.9977399110794067
${DATA_ROOT}/rvc_cm02/rvc_converted_wavs/rvc_outputs/rvc_106718_00828.wav,spoof,hi-en,106718,cm02,rvc,clean,eval,0.9640946984291077
${DATA_ROOT}/rvc_cm02/rvc_converted_wavs/rvc_outputs/rvc_106718_00829.wav,spoof,hi-en,106718,cm02,rvc,clean,eval,0.9927793145179749
${DATA_ROOT}/rvc_cm02/rvc_converted_wavs/rvc_outputs/rvc_106718_00830.wav,spoof,hi-en,106718,cm02,rvc,clean,eval,0.9985275268554688
${DATA_ROOT}/rvc_cm02/rvc_converted_wavs/rvc_outputs/rvc_106718_00831.wav,spoof,hi-en,106718,cm02,rvc,clean,eval,0.9858846068382263
${DATA_ROOT}/rvc_cm02/rvc_converted_wavs/rvc_outputs/rvc_106718_00832.wav,spoof,hi-en,106718,cm02,rvc,clean,eval,0.0010243438882753253
${DATA_ROOT}/rvc_cm02/rvc_converted_wavs/rvc_outputs/rvc_106718_00833.wav,spoof,hi-en,106718,cm02,rvc,clean,eval,0.998933732509613
${DATA_ROOT}/rvc_cm02/rvc_converted_wavs/rvc_outputs/rvc_106718_00834.wav,spoof,hi-en,106718,cm02,rvc,clean,eval,0.9983353018760681
${DATA_ROOT}/rvc_cm02/rvc_converted_wavs/rvc_outputs/rvc_106718_00835.wav,spoof,hi-en,106718,cm02,rvc,clean,eval,0.9977019429206848
${DATA_ROOT}/rvc_cm02/rvc_converted_wavs/rvc_outputs/rvc_106718_00836.wav,spoof,hi-en,106718,cm02,rvc,clean,eval,0.9976319074630737
${DATA_ROOT}/rvc_cm02/rvc_converted_wavs/rvc_outputs/rvc_106718_00837.wav,spoof,hi-en,106718,cm02,rvc,clean,eval,0.9941792488098145
${DATA_ROOT}/rvc_cm02/rvc_converted_wavs/rvc_outputs/rvc_106718_00838.wav,spoof,hi-en,106718,cm02,rvc,clean,eval,0.9989045858383179
${DATA_ROOT}/rvc_cm02/rvc_converted_wavs/rvc_outputs/rvc_106718_00839.wav,spoof,hi-en,106718,cm02,rvc,clean,eval,0.9915415644645691
${DATA_ROOT}/rvc_cm02/rvc_converted_wavs/rvc_outputs/rvc_106718_00840.wav,spoof,hi-en,106718,cm02,rvc,clean,eval,0.9037486910820007
${DATA_ROOT}/rvc_cm02/rvc_converted_wavs/rvc_outputs/rvc_106718_00841.wav,spoof,hi-en,106718,cm02,rvc,clean,eval,0.9986786246299744
${DATA_ROOT}/rvc_cm02/rvc_converted_wavs/rvc_outputs/rvc_106718_00842.wav,spoof,hi-en,106718,cm02,rvc,clean,eval,0.997014045715332
${DATA_ROOT}/rvc_cm02/rvc_converted_wavs/rvc_outputs/rvc_106718_00843.wav,spoof,hi-en,106718,cm02,rvc,clean,eval,0.932293176651001
${DATA_ROOT}/rvc_cm02/rvc_converted_wavs/rvc_outputs/rvc_106718_00844.wav,spoof,hi-en,106718,cm02,rvc,clean,eval,0.6813616156578064
${DATA_ROOT}/rvc_cm02/rvc_converted_wavs/rvc_outputs/rvc_106718_00845.wav,spoof,hi-en,106718,cm02,rvc,clean,eval,0.9976943135261536
${DATA_ROOT}/rvc_cm02/rvc_converted_wavs/rvc_outputs/rvc_106718_00846.wav,spoof,hi-en,106718,cm02,rvc,clean,eval,0.0005361025687307119
${DATA_ROOT}/rvc_cm02/rvc_converted_wavs/rvc_outputs/rvc_106718_00847.wav,spoof,hi-en,106718,cm02,rvc,clean,eval,0.997718095779419
${DATA_ROOT}/rvc_cm02/rvc_converted_wavs/rvc_outputs/rvc_106718_00849.wav,spoof,hi-en,106718,cm02,rvc,clean,eval,0.9987432360649109
${DATA_ROOT}/rvc_cm02/rvc_converted_wavs/rvc_outputs/rvc_106718_00850.wav,spoof,hi-en,106718,cm02,rvc,clean,eval,0.9959262609481812
${DATA_ROOT}/rvc_cm02/rvc_converted_wavs/rvc_outputs/rvc_106718_00851.wav,spoof,hi-en,106718,cm02,rvc,clean,eval,0.9940791130065918
${DATA_ROOT}/rvc_cm02/rvc_converted_wavs/rvc_outputs/rvc_106718_00852.wav,spoof,hi-en,106718,cm02,rvc,clean,eval,0.9986066222190857
${DATA_ROOT}/rvc_cm02/rvc_converted_wavs/rvc_outputs/rvc_106718_00853.wav,spoof,hi-en,106718,cm02,rvc,clean,eval,0.9972800016403198
${DATA_ROOT}/rvc_cm02/rvc_converted_wavs/rvc_outputs/rvc_106718_00854.wav,spoof,hi-en,106718,cm02,rvc,clean,eval,0.9980033040046692
${DATA_ROOT}/rvc_cm02/rvc_converted_wavs/rvc_outputs/rvc_106718_00855.wav,spoof,hi-en,106718,cm02,rvc,clean,eval,0.9982742071151733
${DATA_ROOT}/rvc_cm02/rvc_converted_wavs/rvc_outputs/rvc_106718_00856.wav,spoof,hi-en,106718,cm02,rvc,clean,eval,0.9945515990257263
${DATA_ROOT}/rvc_cm02/rvc_converted_wavs/rvc_outputs/rvc_106718_00857.wav,spoof,hi-en,106718,cm02,rvc,clean,eval,0.9976093769073486
${DATA_ROOT}/rvc_cm02/rvc_converted_wavs/rvc_outputs/rvc_106718_00858.wav,spoof,hi-en,106718,cm02,rvc,clean,eval,0.9476491212844849
${DATA_ROOT}/rvc_cm02/rvc_converted_wavs/rvc_outputs/rvc_106718_00859.wav,spoof,hi-en,106718,cm02,rvc,clean,eval,0.9938411712646484
${DATA_ROOT}/rvc_cm02/rvc_converted_wavs/rvc_outputs/rvc_106718_00860.wav,spoof,hi-en,106718,cm02,rvc,clean,eval,0.9972768425941467
${DATA_ROOT}/rvc_cm02/rvc_converted_wavs/rvc_outputs/rvc_106718_00861.wav,spoof,hi-en,106718,cm02,rvc,clean,eval,0.9657442569732666
${DATA_ROOT}/rvc_cm02/rvc_converted_wavs/rvc_outputs/rvc_106718_00862.wav,spoof,hi-en,106718,cm02,rvc,clean,eval,0.9932485818862915
${DATA_ROOT}/rvc_cm02/rvc_converted_wavs/rvc_outputs/rvc_106718_00863.wav,spoof,hi-en,106718,cm02,rvc,clean,eval,0.9988973140716553
${DATA_ROOT}/rvc_cm02/rvc_converted_wavs/rvc_outputs/rvc_106718_00864.wav,spoof,hi-en,106718,cm02,rvc,clean,eval,0.9668876528739929
${DATA_ROOT}/rvc_cm02/rvc_converted_wavs/rvc_outputs/rvc_106718_00865.wav,spoof,hi-en,106718,cm02,rvc,clean,eval,0.9971016049385071
${DATA_ROOT}/rvc_cm02/rvc_converted_wavs/rvc_outputs/rvc_106718_00867.wav,spoof,hi-en,106718,cm02,rvc,clean,eval,0.9982663989067078
${DATA_ROOT}/rvc_cm02/rvc_converted_wavs/rvc_outputs/rvc_106718_00868.wav,spoof,hi-en,106718,cm02,rvc,clean,eval,0.9996665716171265
${DATA_ROOT}/rvc_cm02/rvc_converted_wavs/rvc_outputs/rvc_106718_00869.wav,spoof,hi-en,106718,cm02,rvc,clean,eval,0.9386985301971436
${DATA_ROOT}/rvc_cm02/rvc_converted_wavs/rvc_outputs/rvc_106718_00870.wav,spoof,hi-en,106718,cm02,rvc,clean,eval,0.695846438407898
${DATA_ROOT}/rvc_cm02/rvc_converted_wavs/rvc_outputs/rvc_106718_00871.wav,spoof,hi-en,106718,cm02,rvc,clean,eval,0.03205252066254616
${DATA_ROOT}/rvc_cm02/rvc_converted_wavs/rvc_outputs/rvc_106718_00872.wav,spoof,hi-en,106718,cm02,rvc,clean,eval,0.002018900588154793
${DATA_ROOT}/rvc_cm02/rvc_converted_wavs/rvc_outputs/rvc_106718_00873.wav,spoof,hi-en,106718,cm02,rvc,clean,eval,0.9987595081329346
${DATA_ROOT}/rvc_cm02/rvc_converted_wavs/rvc_outputs/rvc_106718_00875.wav,spoof,hi-en,106718,cm02,rvc,clean,eval,0.9656422734260559
${DATA_ROOT}/rvc_cm02/rvc_converted_wavs/rvc_outputs/rvc_177570_00876.wav,spoof,hi-en,177570,cm02,rvc,clean,eval,0.0006484928308054805
${DATA_ROOT}/rvc_cm02/rvc_converted_wavs/rvc_outputs/rvc_177570_00877.wav,spoof,hi-en,177570,cm02,rvc,clean,eval,0.6461213827133179
${DATA_ROOT}/rvc_cm02/rvc_converted_wavs/rvc_outputs/rvc_177570_00878.wav,spoof,hi-en,177570,cm02,rvc,clean,eval,0.01734335720539093
${DATA_ROOT}/rvc_cm02/rvc_converted_wavs/rvc_outputs/rvc_177570_00879.wav,spoof,hi-en,177570,cm02,rvc,clean,eval,0.0025010518729686737
${DATA_ROOT}/rvc_cm02/rvc_converted_wavs/rvc_outputs/rvc_177570_00880.wav,spoof,hi-en,177570,cm02,rvc,clean,eval,0.0008963608997873962
${DATA_ROOT}/rvc_cm02/rvc_converted_wavs/rvc_outputs/rvc_177570_00881.wav,spoof,hi-en,177570,cm02,rvc,clean,eval,0.9984897375106812
${DATA_ROOT}/rvc_cm02/rvc_converted_wavs/rvc_outputs/rvc_177570_00882.wav,spoof,hi-en,177570,cm02,rvc,clean,eval,0.9311245083808899
${DATA_ROOT}/rvc_cm02/rvc_converted_wavs/rvc_outputs/rvc_177570_00883.wav,spoof,hi-en,177570,cm02,rvc,clean,eval,0.0005533742951229215
${DATA_ROOT}/rvc_cm02/rvc_converted_wavs/rvc_outputs/rvc_177570_00884.wav,spoof,hi-en,177570,cm02,rvc,clean,eval,0.99240642786026
${DATA_ROOT}/rvc_cm02/rvc_converted_wavs/rvc_outputs/rvc_177570_00886.wav,spoof,hi-en,177570,cm02,rvc,clean,eval,0.9693863391876221
${DATA_ROOT}/rvc_cm02/rvc_converted_wavs/rvc_outputs/rvc_177570_00887.wav,spoof,hi-en,177570,cm02,rvc,clean,eval,0.05816251412034035
${DATA_ROOT}/rvc_cm02/rvc_converted_wavs/rvc_outputs/rvc_177570_00888.wav,spoof,hi-en,177570,cm02,rvc,clean,eval,0.4804936349391937
${DATA_ROOT}/rvc_cm02/rvc_converted_wavs/rvc_outputs/rvc_177570_00890.wav,spoof,hi-en,177570,cm02,rvc,clean,eval,0.9955461025238037
${DATA_ROOT}/rvc_cm02/rvc_converted_wavs/rvc_outputs/rvc_177570_00891.wav,spoof,hi-en,177570,cm02,rvc,clean,eval,0.5233338475227356
${DATA_ROOT}/rvc_cm02/rvc_converted_wavs/rvc_outputs/rvc_177570_00892.wav,spoof,hi-en,177570,cm02,rvc,clean,eval,0.0030072350054979324
${DATA_ROOT}/rvc_cm02/rvc_converted_wavs/rvc_outputs/rvc_177570_00893.wav,spoof,hi-en,177570,cm02,rvc,clean,eval,0.0003023706085514277
${DATA_ROOT}/rvc_cm02/rvc_converted_wavs/rvc_outputs/rvc_177570_00894.wav,spoof,hi-en,177570,cm02,rvc,clean,eval,0.002939958358183503
${DATA_ROOT}/rvc_cm02/rvc_converted_wavs/rvc_outputs/rvc_177570_00895.wav,spoof,hi-en,177570,cm02,rvc,clean,eval,0.9917876124382019
${DATA_ROOT}/rvc_cm02/rvc_converted_wavs/rvc_outputs/rvc_177570_00896.wav,spoof,hi-en,177570,cm02,rvc,clean,eval,0.000401898636482656
${DATA_ROOT}/rvc_cm02/rvc_converted_wavs/rvc_outputs/rvc_177570_00897.wav,spoof,hi-en,177570,cm02,rvc,clean,eval,0.9800692796707153
${DATA_ROOT}/rvc_cm02/rvc_converted_wavs/rvc_outputs/rvc_177570_00898.wav,spoof,hi-en,177570,cm02,rvc,clean,eval,0.19133678078651428
${DATA_ROOT}/rvc_cm02/rvc_converted_wavs/rvc_outputs/rvc_177570_00899.wav,spoof,hi-en,177570,cm02,rvc,clean,eval,0.9991280436515808
${DATA_ROOT}/rvc_cm02/rvc_converted_wavs/rvc_outputs/rvc_177570_00900.wav,spoof,hi-en,177570,cm02,rvc,clean,eval,0.9774737358093262
${DATA_ROOT}/rvc_cm02/rvc_converted_wavs/rvc_outputs/rvc_177570_00901.wav,spoof,hi-en,177570,cm02,rvc,clean,eval,0.004065629094839096
${DATA_ROOT}/rvc_cm02/rvc_converted_wavs/rvc_outputs/rvc_177570_00902.wav,spoof,hi-en,177570,cm02,rvc,clean,eval,0.19312496483325958
${DATA_ROOT}/rvc_cm02/rvc_converted_wavs/rvc_outputs/rvc_177570_00903.wav,spoof,hi-en,177570,cm02,rvc,clean,eval,0.016443492844700813
${DATA_ROOT}/rvc_cm02/rvc_converted_wavs/rvc_outputs/rvc_177570_00904.wav,spoof,hi-en,177570,cm02,rvc,clean,eval,0.5919821262359619
${DATA_ROOT}/rvc_cm02/rvc_converted_wavs/rvc_outputs/rvc_177570_00905.wav,spoof,hi-en,177570,cm02,rvc,clean,eval,0.8504871129989624
${DATA_ROOT}/rvc_cm02/rvc_converted_wavs/rvc_outputs/rvc_177570_00906.wav,spoof,hi-en,177570,cm02,rvc,clean,eval,0.017157897353172302
${DATA_ROOT}/rvc_cm02/rvc_converted_wavs/rvc_outputs/rvc_177570_00907.wav,spoof,hi-en,177570,cm02,rvc,clean,eval,0.9938408136367798
${DATA_ROOT}/rvc_cm02/rvc_converted_wavs/rvc_outputs/rvc_177570_00908.wav,spoof,hi-en,177570,cm02,rvc,clean,eval,0.004730705637484789
${DATA_ROOT}/rvc_cm02/rvc_converted_wavs/rvc_outputs/rvc_177570_00909.wav,spoof,hi-en,177570,cm02,rvc,clean,eval,0.9962080717086792
${DATA_ROOT}/rvc_cm02/rvc_converted_wavs/rvc_outputs/rvc_177570_00910.wav,spoof,hi-en,177570,cm02,rvc,clean,eval,0.7478218674659729
${DATA_ROOT}/rvc_cm02/rvc_converted_wavs/rvc_outputs/rvc_177570_00911.wav,spoof,hi-en,177570,cm02,rvc,clean,eval,0.9339679479598999
${DATA_ROOT}/rvc_cm02/rvc_converted_wavs/rvc_outputs/rvc_177570_00912.wav,spoof,hi-en,177570,cm02,rvc,clean,eval,0.0011952013010159135
${DATA_ROOT}/rvc_cm02/rvc_converted_wavs/rvc_outputs/rvc_177570_00913.wav,spoof,hi-en,177570,cm02,rvc,clean,eval,0.7357074618339539
${DATA_ROOT}/rvc_cm02/rvc_converted_wavs/rvc_outputs/rvc_177570_00914.wav,spoof,hi-en,177570,cm02,rvc,clean,eval,0.9586185216903687
${DATA_ROOT}/rvc_cm02/rvc_converted_wavs/rvc_outputs/rvc_177570_00915.wav,spoof,hi-en,177570,cm02,rvc,clean,eval,0.9246161580085754
${DATA_ROOT}/rvc_cm02/rvc_converted_wavs/rvc_outputs/rvc_177570_00916.wav,spoof,hi-en,177570,cm02,rvc,clean,eval,0.12746605277061462
${DATA_ROOT}/rvc_cm02/rvc_converted_wavs/rvc_outputs/rvc_177570_00917.wav,spoof,hi-en,177570,cm02,rvc,clean,eval,0.9993292093276978
${DATA_ROOT}/rvc_cm02/rvc_converted_wavs/rvc_outputs/rvc_177570_00918.wav,spoof,hi-en,177570,cm02,rvc,clean,eval,0.9942744374275208
${DATA_ROOT}/rvc_cm02/rvc_converted_wavs/rvc_outputs/rvc_177570_00919.wav,spoof,hi-en,177570,cm02,rvc,clean,eval,0.278739333152771
${DATA_ROOT}/rvc_cm02/rvc_converted_wavs/rvc_outputs/rvc_177570_00920.wav,spoof,hi-en,177570,cm02,rvc,clean,eval,0.001566380262374878
${DATA_ROOT}/rvc_cm02/rvc_converted_wavs/rvc_outputs/rvc_177570_00921.wav,spoof,hi-en,177570,cm02,rvc,clean,eval,0.7608885169029236
${DATA_ROOT}/rvc_cm02/rvc_converted_wavs/rvc_outputs/rvc_177570_00922.wav,spoof,hi-en,177570,cm02,rvc,clean,eval,0.022703612223267555
${DATA_ROOT}/rvc_cm02/rvc_converted_wavs/rvc_outputs/rvc_177570_00923.wav,spoof,hi-en,177570,cm02,rvc,clean,eval,0.995148241519928
${DATA_ROOT}/rvc_cm02/rvc_converted_wavs/rvc_outputs/rvc_177570_00924.wav,spoof,hi-en,177570,cm02,rvc,clean,eval,0.7679155468940735
${DATA_ROOT}/rvc_cm02/rvc_converted_wavs/rvc_outputs/rvc_177570_00925.wav,spoof,hi-en,177570,cm02,rvc,clean,eval,0.37384361028671265
${DATA_ROOT}/rvc_cm02/rvc_converted_wavs/rvc_outputs/rvc_177570_00926.wav,spoof,hi-en,177570,cm02,rvc,clean,eval,0.9986788630485535
${DATA_ROOT}/rvc_cm02/rvc_converted_wavs/rvc_outputs/rvc_177570_00927.wav,spoof,hi-en,177570,cm02,rvc,clean,eval,0.0012761871330440044
${DATA_ROOT}/rvc_cm02/rvc_converted_wavs/rvc_outputs/rvc_177570_00928.wav,spoof,hi-en,177570,cm02,rvc,clean,eval,0.9901425838470459
${DATA_ROOT}/rvc_cm02/rvc_converted_wavs/rvc_outputs/rvc_177570_00929.wav,spoof,hi-en,177570,cm02,rvc,clean,eval,0.9367668032646179
${DATA_ROOT}/rvc_cm02/rvc_converted_wavs/rvc_outputs/rvc_177570_00930.wav,spoof,hi-en,177570,cm02,rvc,clean,eval,0.15321749448776245
${DATA_ROOT}/rvc_cm02/rvc_converted_wavs/rvc_outputs/rvc_177570_00931.wav,spoof,hi-en,177570,cm02,rvc,clean,eval,0.986572265625
${DATA_ROOT}/rvc_cm02/rvc_converted_wavs/rvc_outputs/rvc_177570_00932.wav,spoof,hi-en,177570,cm02,rvc,clean,eval,0.6676639914512634
${DATA_ROOT}/rvc_cm02/rvc_converted_wavs/rvc_outputs/rvc_177570_00933.wav,spoof,hi-en,177570,cm02,rvc,clean,eval,0.9986304044723511
${DATA_ROOT}/rvc_cm02/rvc_converted_wavs/rvc_outputs/rvc_177570_00934.wav,spoof,hi-en,177570,cm02,rvc,clean,eval,0.47207334637641907
${DATA_ROOT}/rvc_cm02/rvc_converted_wavs/rvc_outputs/rvc_177570_00935.wav,spoof,hi-en,177570,cm02,rvc,clean,eval,0.9864316582679749
${DATA_ROOT}/rvc_cm02/rvc_converted_wavs/rvc_outputs/rvc_177570_00936.wav,spoof,hi-en,177570,cm02,rvc,clean,eval,0.9382235407829285
${DATA_ROOT}/rvc_cm02/rvc_converted_wavs/rvc_outputs/rvc_177570_00937.wav,spoof,hi-en,177570,cm02,rvc,clean,eval,0.9799134731292725
${DATA_ROOT}/rvc_cm02/rvc_converted_wavs/rvc_outputs/rvc_177570_00938.wav,spoof,hi-en,177570,cm02,rvc,clean,eval,0.9187850952148438
${DATA_ROOT}/rvc_cm02/rvc_converted_wavs/rvc_outputs/rvc_177570_00939.wav,spoof,hi-en,177570,cm02,rvc,clean,eval,0.9963299632072449
${DATA_ROOT}/rvc_cm02/rvc_converted_wavs/rvc_outputs/rvc_177570_00940.wav,spoof,hi-en,177570,cm02,rvc,clean,eval,0.0009473125683143735
${DATA_ROOT}/rvc_cm02/rvc_converted_wavs/rvc_outputs/rvc_177570_00941.wav,spoof,hi-en,177570,cm02,rvc,clean,eval,0.3062290847301483
${DATA_ROOT}/rvc_cm02/rvc_converted_wavs/rvc_outputs/rvc_177570_00942.wav,spoof,hi-en,177570,cm02,rvc,clean,eval,0.9923388957977295
${DATA_ROOT}/rvc_cm02/rvc_converted_wavs/rvc_outputs/rvc_177570_00943.wav,spoof,hi-en,177570,cm02,rvc,clean,eval,0.9965060949325562
${DATA_ROOT}/rvc_cm02/rvc_converted_wavs/rvc_outputs/rvc_177570_00944.wav,spoof,hi-en,177570,cm02,rvc,clean,eval,0.0024197164457291365
${DATA_ROOT}/rvc_cm02/rvc_converted_wavs/rvc_outputs/rvc_177570_00945.wav,spoof,hi-en,177570,cm02,rvc,clean,eval,0.9961541295051575
${DATA_ROOT}/rvc_cm02/rvc_converted_wavs/rvc_outputs/rvc_177570_00946.wav,spoof,hi-en,177570,cm02,rvc,clean,eval,0.9112807512283325
${DATA_ROOT}/rvc_cm02/rvc_converted_wavs/rvc_outputs/rvc_177570_00947.wav,spoof,hi-en,177570,cm02,rvc,clean,eval,0.9988855719566345
${DATA_ROOT}/rvc_cm02/rvc_converted_wavs/rvc_outputs/rvc_177570_00949.wav,spoof,hi-en,177570,cm02,rvc,clean,eval,0.9163066744804382
${DATA_ROOT}/rvc_cm02/rvc_converted_wavs/rvc_outputs/rvc_177570_00950.wav,spoof,hi-en,177570,cm02,rvc,clean,eval,0.0035697375424206257
${DATA_ROOT}/rvc_cm02/rvc_converted_wavs/rvc_outputs/rvc_177570_00952.wav,spoof,hi-en,177570,cm02,rvc,clean,eval,0.9469792246818542
${DATA_ROOT}/rvc_cm02/rvc_converted_wavs/rvc_outputs/rvc_177570_00953.wav,spoof,hi-en,177570,cm02,rvc,clean,eval,0.9907726049423218
${DATA_ROOT}/rvc_cm02/rvc_converted_wavs/rvc_outputs/rvc_177570_00954.wav,spoof,hi-en,177570,cm02,rvc,clean,eval,0.9590579867362976
${DATA_ROOT}/rvc_cm02/rvc_converted_wavs/rvc_outputs/rvc_177570_00955.wav,spoof,hi-en,177570,cm02,rvc,clean,eval,0.9858899116516113
${DATA_ROOT}/rvc_cm02/rvc_converted_wavs/rvc_outputs/rvc_177570_00956.wav,spoof,hi-en,177570,cm02,rvc,clean,eval,0.9429157972335815
${DATA_ROOT}/rvc_cm02/rvc_converted_wavs/rvc_outputs/rvc_177570_00957.wav,spoof,hi-en,177570,cm02,rvc,clean,eval,0.9994416832923889
${DATA_ROOT}/rvc_cm02/rvc_converted_wavs/rvc_outputs/rvc_177570_00958.wav,spoof,hi-en,177570,cm02,rvc,clean,eval,0.9948393702507019
${DATA_ROOT}/rvc_cm02/rvc_converted_wavs/rvc_outputs/rvc_177570_00959.wav,spoof,hi-en,177570,cm02,rvc,clean,eval,0.006988838315010071
${DATA_ROOT}/rvc_cm02/rvc_converted_wavs/rvc_outputs/rvc_177570_00960.wav,spoof,hi-en,177570,cm02,rvc,clean,eval,0.9931139349937439
${DATA_ROOT}/rvc_cm02/rvc_converted_wavs/rvc_outputs/rvc_177570_00961.wav,spoof,hi-en,177570,cm02,rvc,clean,eval,0.45706069469451904
${DATA_ROOT}/rvc_cm02/rvc_converted_wavs/rvc_outputs/rvc_177570_00962.wav,spoof,hi-en,177570,cm02,rvc,clean,eval,0.7970723509788513
${DATA_ROOT}/rvc_cm02/rvc_converted_wavs/rvc_outputs/rvc_177570_00963.wav,spoof,hi-en,177570,cm02,rvc,clean,eval,0.05204037204384804
${DATA_ROOT}/rvc_cm02/rvc_converted_wavs/rvc_outputs/rvc_177570_00964.wav,spoof,hi-en,177570,cm02,rvc,clean,eval,0.0004167218576185405
${DATA_ROOT}/rvc_cm02/rvc_converted_wavs/rvc_outputs/rvc_177570_00965.wav,spoof,hi-en,177570,cm02,rvc,clean,eval,0.9286535382270813
${DATA_ROOT}/rvc_cm02/rvc_converted_wavs/rvc_outputs/rvc_177570_00966.wav,spoof,hi-en,177570,cm02,rvc,clean,eval,0.03492118790745735
${DATA_ROOT}/rvc_cm02/rvc_converted_wavs/rvc_outputs/rvc_177570_00967.wav,spoof,hi-en,177570,cm02,rvc,clean,eval,0.3272860646247864
${DATA_ROOT}/rvc_cm02/rvc_converted_wavs/rvc_outputs/rvc_177570_00968.wav,spoof,hi-en,177570,cm02,rvc,clean,eval,0.08628657460212708
${DATA_ROOT}/rvc_cm02/rvc_converted_wavs/rvc_outputs/rvc_177570_00969.wav,spoof,hi-en,177570,cm02,rvc,clean,eval,0.0003161929489579052
${DATA_ROOT}/rvc_cm02/rvc_converted_wavs/rvc_outputs/rvc_177570_00970.wav,spoof,hi-en,177570,cm02,rvc,clean,eval,0.00034804901224561036
${DATA_ROOT}/rvc_cm02/rvc_converted_wavs/rvc_outputs/rvc_177570_00971.wav,spoof,hi-en,177570,cm02,rvc,clean,eval,0.9992278814315796
${DATA_ROOT}/rvc_cm02/rvc_converted_wavs/rvc_outputs/rvc_177570_00972.wav,spoof,hi-en,177570,cm02,rvc,clean,eval,0.0013525885296985507
${DATA_ROOT}/rvc_cm02/rvc_converted_wavs/rvc_outputs/rvc_177570_00973.wav,spoof,hi-en,177570,cm02,rvc,clean,eval,0.1390524059534073
${DATA_ROOT}/rvc_cm02/rvc_converted_wavs/rvc_outputs/rvc_177570_00974.wav,spoof,hi-en,177570,cm02,rvc,clean,eval,0.7770941853523254
${DATA_ROOT}/rvc_cm02/rvc_converted_wavs/rvc_outputs/rvc_177570_00975.wav,spoof,hi-en,177570,cm02,rvc,clean,eval,0.0028758253902196884
${DATA_ROOT}/rvc_cm02/rvc_converted_wavs/rvc_outputs/rvc_177570_00976.wav,spoof,hi-en,177570,cm02,rvc,clean,eval,0.3972865343093872
${DATA_ROOT}/rvc_cm02/rvc_converted_wavs/rvc_outputs/rvc_177570_00977.wav,spoof,hi-en,177570,cm02,rvc,clean,eval,0.9944753050804138
${DATA_ROOT}/rvc_cm02/rvc_converted_wavs/rvc_outputs/rvc_177570_00978.wav,spoof,hi-en,177570,cm02,rvc,clean,eval,0.5257779955863953
${DATA_ROOT}/rvc_cm02/rvc_converted_wavs/rvc_outputs/rvc_177570_00980.wav,spoof,hi-en,177570,cm02,rvc,clean,eval,0.0006899146246723831
${DATA_ROOT}/rvc_cm02/rvc_converted_wavs/rvc_outputs/rvc_177570_00981.wav,spoof,hi-en,177570,cm02,rvc,clean,eval,0.9994966983795166
${DATA_ROOT}/rvc_cm02/rvc_converted_wavs/rvc_outputs/rvc_177570_00982.wav,spoof,hi-en,177570,cm02,rvc,clean,eval,0.9929710030555725
${DATA_ROOT}/rvc_cm02/rvc_converted_wavs/rvc_outputs/rvc_177570_00983.wav,spoof,hi-en,177570,cm02,rvc,clean,eval,0.17376209795475006
${DATA_ROOT}/rvc_cm02/rvc_converted_wavs/rvc_outputs/rvc_177570_00984.wav,spoof,hi-en,177570,cm02,rvc,clean,eval,0.9318733215332031
${DATA_ROOT}/rvc_cm02/rvc_converted_wavs/rvc_outputs/rvc_177570_00985.wav,spoof,hi-en,177570,cm02,rvc,clean,eval,0.2130787968635559
${DATA_ROOT}/rvc_cm02/rvc_converted_wavs/rvc_outputs/rvc_177570_00986.wav,spoof,hi-en,177570,cm02,rvc,clean,eval,0.9681105017662048
${DATA_ROOT}/rvc_cm02/rvc_converted_wavs/rvc_outputs/rvc_177570_00987.wav,spoof,hi-en,177570,cm02,rvc,clean,eval,0.002295165089890361
${DATA_ROOT}/rvc_cm02/rvc_converted_wavs/rvc_outputs/rvc_177570_00988.wav,spoof,hi-en,177570,cm02,rvc,clean,eval,0.2062702775001526
${DATA_ROOT}/rvc_cm02/rvc_converted_wavs/rvc_outputs/rvc_177570_00989.wav,spoof,hi-en,177570,cm02,rvc,clean,eval,0.000343291147146374
${DATA_ROOT}/rvc_cm02/rvc_converted_wavs/rvc_outputs/rvc_177570_00990.wav,spoof,hi-en,177570,cm02,rvc,clean,eval,0.9383726119995117
${DATA_ROOT}/rvc_cm02/rvc_converted_wavs/rvc_outputs/rvc_177570_00991.wav,spoof,hi-en,177570,cm02,rvc,clean,eval,0.9908677339553833
${DATA_ROOT}/rvc_cm02/rvc_converted_wavs/rvc_outputs/rvc_177570_00992.wav,spoof,hi-en,177570,cm02,rvc,clean,eval,0.0005365215474739671
${DATA_ROOT}/rvc_cm02/rvc_converted_wavs/rvc_outputs/rvc_177570_00993.wav,spoof,hi-en,177570,cm02,rvc,clean,eval,0.0016688527539372444
${DATA_ROOT}/rvc_cm02/rvc_converted_wavs/rvc_outputs/rvc_177570_00994.wav,spoof,hi-en,177570,cm02,rvc,clean,eval,0.9026947021484375
${DATA_ROOT}/rvc_cm02/rvc_converted_wavs/rvc_outputs/rvc_177570_00995.wav,spoof,hi-en,177570,cm02,rvc,clean,eval,0.9991095662117004
${DATA_ROOT}/rvc_cm02/rvc_converted_wavs/rvc_outputs/rvc_177570_00997.wav,spoof,hi-en,177570,cm02,rvc,clean,eval,0.0034187049604952335
${DATA_ROOT}/rvc_cm02/rvc_converted_wavs/rvc_outputs/rvc_177570_00998.wav,spoof,hi-en,177570,cm02,rvc,clean,eval,0.00028689319151453674
${DATA_ROOT}/rvc_cm02/rvc_converted_wavs/rvc_outputs/rvc_177570_00999.wav,spoof,hi-en,177570,cm02,rvc,clean,eval,0.00033644645009189844
${DATA_ROOT}/rvc_cm02/rvc_converted_wavs/rvc_outputs/rvc_177570_01000.wav,spoof,hi-en,177570,cm02,rvc,clean,eval,0.0006001581787131727
${DATA_ROOT}/rvc_cm02/rvc_converted_wavs/rvc_outputs/rvc_584991_01001.wav,spoof,hi-en,584991,cm02,rvc,clean,eval,0.9975278973579407
${DATA_ROOT}/rvc_cm02/rvc_converted_wavs/rvc_outputs/rvc_584991_01002.wav,spoof,hi-en,584991,cm02,rvc,clean,eval,0.7424047589302063
${DATA_ROOT}/rvc_cm02/rvc_converted_wavs/rvc_outputs/rvc_584991_01003.wav,spoof,hi-en,584991,cm02,rvc,clean,eval,0.44257262349128723
${DATA_ROOT}/rvc_cm02/rvc_converted_wavs/rvc_outputs/rvc_584991_01004.wav,spoof,hi-en,584991,cm02,rvc,clean,eval,0.8505734801292419
${DATA_ROOT}/rvc_cm02/rvc_converted_wavs/rvc_outputs/rvc_584991_01006.wav,spoof,hi-en,584991,cm02,rvc,clean,eval,0.9941615462303162
${DATA_ROOT}/rvc_cm02/rvc_converted_wavs/rvc_outputs/rvc_584991_01007.wav,spoof,hi-en,584991,cm02,rvc,clean,eval,0.9983636736869812
${DATA_ROOT}/rvc_cm02/rvc_converted_wavs/rvc_outputs/rvc_584991_01008.wav,spoof,hi-en,584991,cm02,rvc,clean,eval,0.9923365712165833
${DATA_ROOT}/rvc_cm02/rvc_converted_wavs/rvc_outputs/rvc_584991_01009.wav,spoof,hi-en,584991,cm02,rvc,clean,eval,0.9598231911659241
${DATA_ROOT}/rvc_cm02/rvc_converted_wavs/rvc_outputs/rvc_584991_01010.wav,spoof,hi-en,584991,cm02,rvc,clean,eval,0.9965381622314453
${DATA_ROOT}/rvc_cm02/rvc_converted_wavs/rvc_outputs/rvc_584991_01011.wav,spoof,hi-en,584991,cm02,rvc,clean,eval,0.9623425602912903
${DATA_ROOT}/rvc_cm02/rvc_converted_wavs/rvc_outputs/rvc_584991_01012.wav,spoof,hi-en,584991,cm02,rvc,clean,eval,0.979090690612793
${DATA_ROOT}/rvc_cm02/rvc_converted_wavs/rvc_outputs/rvc_584991_01013.wav,spoof,hi-en,584991,cm02,rvc,clean,eval,0.9979537725448608
${DATA_ROOT}/rvc_cm02/rvc_converted_wavs/rvc_outputs/rvc_584991_01014.wav,spoof,hi-en,584991,cm02,rvc,clean,eval,0.9964407086372375
${DATA_ROOT}/rvc_cm02/rvc_converted_wavs/rvc_outputs/rvc_584991_01015.wav,spoof,hi-en,584991,cm02,rvc,clean,eval,0.9800910353660583
${DATA_ROOT}/rvc_cm02/rvc_converted_wavs/rvc_outputs/rvc_584991_01016.wav,spoof,hi-en,584991,cm02,rvc,clean,eval,0.9980800151824951
${DATA_ROOT}/rvc_cm02/rvc_converted_wavs/rvc_outputs/rvc_584991_01017.wav,spoof,hi-en,584991,cm02,rvc,clean,eval,0.0010563074611127377
${DATA_ROOT}/rvc_cm02/rvc_converted_wavs/rvc_outputs/rvc_584991_01018.wav,spoof,hi-en,584991,cm02,rvc,clean,eval,0.9984875917434692
${DATA_ROOT}/rvc_cm02/rvc_converted_wavs/rvc_outputs/rvc_584991_01021.wav,spoof,hi-en,584991,cm02,rvc,clean,eval,0.994257926940918
${DATA_ROOT}/rvc_cm02/rvc_converted_wavs/rvc_outputs/rvc_584991_01022.wav,spoof,hi-en,584991,cm02,rvc,clean,eval,0.9823875427246094
${DATA_ROOT}/rvc_cm02/rvc_converted_wavs/rvc_outputs/rvc_584991_01023.wav,spoof,hi-en,584991,cm02,rvc,clean,eval,0.9924864768981934
${DATA_ROOT}/rvc_cm02/rvc_converted_wavs/rvc_outputs/rvc_584991_01024.wav,spoof,hi-en,584991,cm02,rvc,clean,eval,0.0007739809807389975
${DATA_ROOT}/rvc_cm02/rvc_converted_wavs/rvc_outputs/rvc_584991_01025.wav,spoof,hi-en,584991,cm02,rvc,clean,eval,0.9969047904014587
${DATA_ROOT}/rvc_cm02/rvc_converted_wavs/rvc_outputs/rvc_584991_01026.wav,spoof,hi-en,584991,cm02,rvc,clean,eval,0.9969347715377808
${DATA_ROOT}/rvc_cm02/rvc_converted_wavs/rvc_outputs/rvc_584991_01027.wav,spoof,hi-en,584991,cm02,rvc,clean,eval,0.003596265334635973
${DATA_ROOT}/rvc_cm02/rvc_converted_wavs/rvc_outputs/rvc_584991_01028.wav,spoof,hi-en,584991,cm02,rvc,clean,eval,0.39080920815467834
${DATA_ROOT}/rvc_cm02/rvc_converted_wavs/rvc_outputs/rvc_584991_01029.wav,spoof,hi-en,584991,cm02,rvc,clean,eval,0.989102840423584
${DATA_ROOT}/rvc_cm02/rvc_converted_wavs/rvc_outputs/rvc_584991_01030.wav,spoof,hi-en,584991,cm02,rvc,clean,eval,0.9977285265922546
${DATA_ROOT}/rvc_cm02/rvc_converted_wavs/rvc_outputs/rvc_584991_01031.wav,spoof,hi-en,584991,cm02,rvc,clean,eval,0.9533825516700745
${DATA_ROOT}/rvc_cm02/rvc_converted_wavs/rvc_outputs/rvc_584991_01032.wav,spoof,hi-en,584991,cm02,rvc,clean,eval,0.9983225464820862
${DATA_ROOT}/rvc_cm02/rvc_converted_wavs/rvc_outputs/rvc_584991_01033.wav,spoof,hi-en,584991,cm02,rvc,clean,eval,0.9861559271812439
${DATA_ROOT}/rvc_cm02/rvc_converted_wavs/rvc_outputs/rvc_584991_01034.wav,spoof,hi-en,584991,cm02,rvc,clean,eval,0.9975278973579407
${DATA_ROOT}/rvc_cm02/rvc_converted_wavs/rvc_outputs/rvc_584991_01035.wav,spoof,hi-en,584991,cm02,rvc,clean,eval,0.0008305145893245935
${DATA_ROOT}/rvc_cm02/rvc_converted_wavs/rvc_outputs/rvc_584991_01036.wav,spoof,hi-en,584991,cm02,rvc,clean,eval,0.9889048337936401
${DATA_ROOT}/rvc_cm02/rvc_converted_wavs/rvc_outputs/rvc_584991_01037.wav,spoof,hi-en,584991,cm02,rvc,clean,eval,0.9896608591079712
${DATA_ROOT}/rvc_cm02/rvc_converted_wavs/rvc_outputs/rvc_584991_01038.wav,spoof,hi-en,584991,cm02,rvc,clean,eval,0.9982010126113892
${DATA_ROOT}/rvc_cm02/rvc_converted_wavs/rvc_outputs/rvc_584991_01039.wav,spoof,hi-en,584991,cm02,rvc,clean,eval,0.9988980293273926
${DATA_ROOT}/rvc_cm02/rvc_converted_wavs/rvc_outputs/rvc_584991_01040.wav,spoof,hi-en,584991,cm02,rvc,clean,eval,0.9971626400947571
${DATA_ROOT}/rvc_cm02/rvc_converted_wavs/rvc_outputs/rvc_584991_01041.wav,spoof,hi-en,584991,cm02,rvc,clean,eval,0.9994414448738098
${DATA_ROOT}/rvc_cm02/rvc_converted_wavs/rvc_outputs/rvc_584991_01042.wav,spoof,hi-en,584991,cm02,rvc,clean,eval,0.9977174997329712
${DATA_ROOT}/rvc_cm02/rvc_converted_wavs/rvc_outputs/rvc_584991_01043.wav,spoof,hi-en,584991,cm02,rvc,clean,eval,0.97502201795578
${DATA_ROOT}/rvc_cm02/rvc_converted_wavs/rvc_outputs/rvc_584991_01044.wav,spoof,hi-en,584991,cm02,rvc,clean,eval,0.9972254037857056
${DATA_ROOT}/rvc_cm02/rvc_converted_wavs/rvc_outputs/rvc_584991_01045.wav,spoof,hi-en,584991,cm02,rvc,clean,eval,0.989578902721405
${DATA_ROOT}/rvc_cm02/rvc_converted_wavs/rvc_outputs/rvc_584991_01046.wav,spoof,hi-en,584991,cm02,rvc,clean,eval,0.9968962669372559
${DATA_ROOT}/rvc_cm02/rvc_converted_wavs/rvc_outputs/rvc_584991_01047.wav,spoof,hi-en,584991,cm02,rvc,clean,eval,0.9938931465148926
${DATA_ROOT}/rvc_cm02/rvc_converted_wavs/rvc_outputs/rvc_584991_01049.wav,spoof,hi-en,584991,cm02,rvc,clean,eval,0.9936135411262512
${DATA_ROOT}/rvc_cm02/rvc_converted_wavs/rvc_outputs/rvc_584991_01050.wav,spoof,hi-en,584991,cm02,rvc,clean,eval,0.8214516043663025
${DATA_ROOT}/rvc_cm02/rvc_converted_wavs/rvc_outputs/rvc_584991_01051.wav,spoof,hi-en,584991,cm02,rvc,clean,eval,0.0006268363795243204
${DATA_ROOT}/rvc_cm02/rvc_converted_wavs/rvc_outputs/rvc_584991_01052.wav,spoof,hi-en,584991,cm02,rvc,clean,eval,0.95029616355896
${DATA_ROOT}/rvc_cm02/rvc_converted_wavs/rvc_outputs/rvc_584991_01053.wav,spoof,hi-en,584991,cm02,rvc,clean,eval,0.9934681057929993
${DATA_ROOT}/rvc_cm02/rvc_converted_wavs/rvc_outputs/rvc_584991_01054.wav,spoof,hi-en,584991,cm02,rvc,clean,eval,0.9978170394897461
${DATA_ROOT}/rvc_cm02/rvc_converted_wavs/rvc_outputs/rvc_584991_01055.wav,spoof,hi-en,584991,cm02,rvc,clean,eval,0.9942595958709717
${DATA_ROOT}/rvc_cm02/rvc_converted_wavs/rvc_outputs/rvc_584991_01056.wav,spoof,hi-en,584991,cm02,rvc,clean,eval,0.10629305243492126
${DATA_ROOT}/rvc_cm02/rvc_converted_wavs/rvc_outputs/rvc_584991_01057.wav,spoof,hi-en,584991,cm02,rvc,clean,eval,0.9932941198348999
${DATA_ROOT}/rvc_cm02/rvc_converted_wavs/rvc_outputs/rvc_584991_01058.wav,spoof,hi-en,584991,cm02,rvc,clean,eval,0.497266560792923
${DATA_ROOT}/rvc_cm02/rvc_converted_wavs/rvc_outputs/rvc_584991_01059.wav,spoof,hi-en,584991,cm02,rvc,clean,eval,0.00028670558822341263
${DATA_ROOT}/rvc_cm02/rvc_converted_wavs/rvc_outputs/rvc_584991_01060.wav,spoof,hi-en,584991,cm02,rvc,clean,eval,0.9658586382865906
${DATA_ROOT}/rvc_cm02/rvc_converted_wavs/rvc_outputs/rvc_584991_01061.wav,spoof,hi-en,584991,cm02,rvc,clean,eval,0.9991405010223389
${DATA_ROOT}/rvc_cm02/rvc_converted_wavs/rvc_outputs/rvc_584991_01062.wav,spoof,hi-en,584991,cm02,rvc,clean,eval,0.9477576017379761
${DATA_ROOT}/rvc_cm02/rvc_converted_wavs/rvc_outputs/rvc_584991_01063.wav,spoof,hi-en,584991,cm02,rvc,clean,eval,0.9959832429885864
${DATA_ROOT}/rvc_cm02/rvc_converted_wavs/rvc_outputs/rvc_584991_01064.wav,spoof,hi-en,584991,cm02,rvc,clean,eval,0.9991401433944702
${DATA_ROOT}/rvc_cm02/rvc_converted_wavs/rvc_outputs/rvc_584991_01065.wav,spoof,hi-en,584991,cm02,rvc,clean,eval,0.9851586222648621
${DATA_ROOT}/rvc_cm02/rvc_converted_wavs/rvc_outputs/rvc_584991_01066.wav,spoof,hi-en,584991,cm02,rvc,clean,eval,0.9884118437767029
${DATA_ROOT}/rvc_cm02/rvc_converted_wavs/rvc_outputs/rvc_584991_01067.wav,spoof,hi-en,584991,cm02,rvc,clean,eval,0.998290479183197
${DATA_ROOT}/rvc_cm02/rvc_converted_wavs/rvc_outputs/rvc_584991_01068.wav,spoof,hi-en,584991,cm02,rvc,clean,eval,0.9974476099014282
${DATA_ROOT}/rvc_cm02/rvc_converted_wavs/rvc_outputs/rvc_584991_01069.wav,spoof,hi-en,584991,cm02,rvc,clean,eval,0.9973726272583008
${DATA_ROOT}/rvc_cm02/rvc_converted_wavs/rvc_outputs/rvc_584991_01070.wav,spoof,hi-en,584991,cm02,rvc,clean,eval,0.9978033900260925
${DATA_ROOT}/rvc_cm02/rvc_converted_wavs/rvc_outputs/rvc_584991_01071.wav,spoof,hi-en,584991,cm02,rvc,clean,eval,0.9600865244865417
${DATA_ROOT}/rvc_cm02/rvc_converted_wavs/rvc_outputs/rvc_584991_01072.wav,spoof,hi-en,584991,cm02,rvc,clean,eval,0.0016584780532866716
${DATA_ROOT}/rvc_cm02/rvc_converted_wavs/rvc_outputs/rvc_584991_01073.wav,spoof,hi-en,584991,cm02,rvc,clean,eval,0.9974410533905029
${DATA_ROOT}/rvc_cm02/rvc_converted_wavs/rvc_outputs/rvc_584991_01074.wav,spoof,hi-en,584991,cm02,rvc,clean,eval,0.8906130790710449
${DATA_ROOT}/rvc_cm02/rvc_converted_wavs/rvc_outputs/rvc_584991_01075.wav,spoof,hi-en,584991,cm02,rvc,clean,eval,0.0038802078925073147
${DATA_ROOT}/rvc_cm02/rvc_converted_wavs/rvc_outputs/rvc_584991_01076.wav,spoof,hi-en,584991,cm02,rvc,clean,eval,0.9974254965782166
${DATA_ROOT}/rvc_cm02/rvc_converted_wavs/rvc_outputs/rvc_584991_01077.wav,spoof,hi-en,584991,cm02,rvc,clean,eval,0.9956915974617004
${DATA_ROOT}/rvc_cm02/rvc_converted_wavs/rvc_outputs/rvc_584991_01078.wav,spoof,hi-en,584991,cm02,rvc,clean,eval,0.9985020160675049
${DATA_ROOT}/rvc_cm02/rvc_converted_wavs/rvc_outputs/rvc_584991_01079.wav,spoof,hi-en,584991,cm02,rvc,clean,eval,0.7864007353782654
${DATA_ROOT}/rvc_cm02/rvc_converted_wavs/rvc_outputs/rvc_584991_01080.wav,spoof,hi-en,584991,cm02,rvc,clean,eval,0.9969443678855896
${DATA_ROOT}/rvc_cm02/rvc_converted_wavs/rvc_outputs/rvc_584991_01081.wav,spoof,hi-en,584991,cm02,rvc,clean,eval,0.9857141971588135
${DATA_ROOT}/rvc_cm02/rvc_converted_wavs/rvc_outputs/rvc_584991_01082.wav,spoof,hi-en,584991,cm02,rvc,clean,eval,0.8665629029273987
${DATA_ROOT}/rvc_cm02/rvc_converted_wavs/rvc_outputs/rvc_584991_01083.wav,spoof,hi-en,584991,cm02,rvc,clean,eval,0.17250539362430573
${DATA_ROOT}/rvc_cm02/rvc_converted_wavs/rvc_outputs/rvc_584991_01084.wav,spoof,hi-en,584991,cm02,rvc,clean,eval,0.9960523843765259
${DATA_ROOT}/rvc_cm02/rvc_converted_wavs/rvc_outputs/rvc_584991_01085.wav,spoof,hi-en,584991,cm02,rvc,clean,eval,0.9809110164642334
${DATA_ROOT}/rvc_cm02/rvc_converted_wavs/rvc_outputs/rvc_584991_01086.wav,spoof,hi-en,584991,cm02,rvc,clean,eval,0.9972042441368103
${DATA_ROOT}/rvc_cm02/rvc_converted_wavs/rvc_outputs/rvc_584991_01088.wav,spoof,hi-en,584991,cm02,rvc,clean,eval,0.9992634654045105
${DATA_ROOT}/rvc_cm02/rvc_converted_wavs/rvc_outputs/rvc_584991_01089.wav,spoof,hi-en,584991,cm02,rvc,clean,eval,0.5398640036582947
${DATA_ROOT}/rvc_cm02/rvc_converted_wavs/rvc_outputs/rvc_584991_01090.wav,spoof,hi-en,584991,cm02,rvc,clean,eval,0.9920921921730042
${DATA_ROOT}/rvc_cm02/rvc_converted_wavs/rvc_outputs/rvc_584991_01091.wav,spoof,hi-en,584991,cm02,rvc,clean,eval,0.9990874528884888
${DATA_ROOT}/rvc_cm02/rvc_converted_wavs/rvc_outputs/rvc_584991_01092.wav,spoof,hi-en,584991,cm02,rvc,clean,eval,0.9996029734611511
${DATA_ROOT}/rvc_cm02/rvc_converted_wavs/rvc_outputs/rvc_584991_01093.wav,spoof,hi-en,584991,cm02,rvc,clean,eval,0.996311366558075
${DATA_ROOT}/rvc_cm02/rvc_converted_wavs/rvc_outputs/rvc_584991_01094.wav,spoof,hi-en,584991,cm02,rvc,clean,eval,0.9893398880958557
${DATA_ROOT}/rvc_cm02/rvc_converted_wavs/rvc_outputs/rvc_584991_01095.wav,spoof,hi-en,584991,cm02,rvc,clean,eval,0.32712921500205994
${DATA_ROOT}/rvc_cm02/rvc_converted_wavs/rvc_outputs/rvc_584991_01096.wav,spoof,hi-en,584991,cm02,rvc,clean,eval,0.001273474539630115
${DATA_ROOT}/rvc_cm02/rvc_converted_wavs/rvc_outputs/rvc_584991_01097.wav,spoof,hi-en,584991,cm02,rvc,clean,eval,0.9969843029975891
${DATA_ROOT}/rvc_cm02/rvc_converted_wavs/rvc_outputs/rvc_584991_01098.wav,spoof,hi-en,584991,cm02,rvc,clean,eval,0.4067531228065491
${DATA_ROOT}/rvc_cm02/rvc_converted_wavs/rvc_outputs/rvc_584991_01099.wav,spoof,hi-en,584991,cm02,rvc,clean,eval,0.0010445879306644201
${DATA_ROOT}/rvc_cm02/rvc_converted_wavs/rvc_outputs/rvc_584991_01100.wav,spoof,hi-en,584991,cm02,rvc,clean,eval,0.0678342804312706
${DATA_ROOT}/rvc_cm02/rvc_converted_wavs/rvc_outputs/rvc_584991_01102.wav,spoof,hi-en,584991,cm02,rvc,clean,eval,0.9977729916572571
${DATA_ROOT}/rvc_cm02/rvc_converted_wavs/rvc_outputs/rvc_584991_01103.wav,spoof,hi-en,584991,cm02,rvc,clean,eval,0.9988792538642883
${DATA_ROOT}/rvc_cm02/rvc_converted_wavs/rvc_outputs/rvc_584991_01104.wav,spoof,hi-en,584991,cm02,rvc,clean,eval,0.9981468915939331
${DATA_ROOT}/rvc_cm02/rvc_converted_wavs/rvc_outputs/rvc_584991_01105.wav,spoof,hi-en,584991,cm02,rvc,clean,eval,0.9859027862548828
${DATA_ROOT}/rvc_cm02/rvc_converted_wavs/rvc_outputs/rvc_584991_01106.wav,spoof,hi-en,584991,cm02,rvc,clean,eval,0.9958165287971497
${DATA_ROOT}/rvc_cm02/rvc_converted_wavs/rvc_outputs/rvc_584991_01107.wav,spoof,hi-en,584991,cm02,rvc,clean,eval,0.3530193567276001
${DATA_ROOT}/rvc_cm02/rvc_converted_wavs/rvc_outputs/rvc_584991_01108.wav,spoof,hi-en,584991,cm02,rvc,clean,eval,0.9989506006240845
${DATA_ROOT}/rvc_cm02/rvc_converted_wavs/rvc_outputs/rvc_584991_01109.wav,spoof,hi-en,584991,cm02,rvc,clean,eval,0.9646325707435608
${DATA_ROOT}/rvc_cm02/rvc_converted_wavs/rvc_outputs/rvc_584991_01110.wav,spoof,hi-en,584991,cm02,rvc,clean,eval,0.9964700937271118
${DATA_ROOT}/rvc_cm02/rvc_converted_wavs/rvc_outputs/rvc_584991_01112.wav,spoof,hi-en,584991,cm02,rvc,clean,eval,0.9943217039108276
${DATA_ROOT}/rvc_cm02/rvc_converted_wavs/rvc_outputs/rvc_584991_01113.wav,spoof,hi-en,584991,cm02,rvc,clean,eval,0.9961723685264587
${DATA_ROOT}/rvc_cm02/rvc_converted_wavs/rvc_outputs/rvc_584991_01114.wav,spoof,hi-en,584991,cm02,rvc,clean,eval,0.998553454875946
${DATA_ROOT}/rvc_cm02/rvc_converted_wavs/rvc_outputs/rvc_584991_01115.wav,spoof,hi-en,584991,cm02,rvc,clean,eval,0.9928573369979858
${DATA_ROOT}/rvc_cm02/rvc_converted_wavs/rvc_outputs/rvc_584991_01116.wav,spoof,hi-en,584991,cm02,rvc,clean,eval,0.9891967177391052
${DATA_ROOT}/rvc_cm02/rvc_converted_wavs/rvc_outputs/rvc_584991_01117.wav,spoof,hi-en,584991,cm02,rvc,clean,eval,0.48013702034950256
${DATA_ROOT}/rvc_cm02/rvc_converted_wavs/rvc_outputs/rvc_584991_01118.wav,spoof,hi-en,584991,cm02,rvc,clean,eval,0.9973425269126892
${DATA_ROOT}/rvc_cm02/rvc_converted_wavs/rvc_outputs/rvc_584991_01119.wav,spoof,hi-en,584991,cm02,rvc,clean,eval,0.9973875880241394
${DATA_ROOT}/rvc_cm02/rvc_converted_wavs/rvc_outputs/rvc_584991_01120.wav,spoof,hi-en,584991,cm02,rvc,clean,eval,0.0038247813936322927
${DATA_ROOT}/rvc_cm02/rvc_converted_wavs/rvc_outputs/rvc_584991_01121.wav,spoof,hi-en,584991,cm02,rvc,clean,eval,0.9789755940437317
${DATA_ROOT}/rvc_cm02/rvc_converted_wavs/rvc_outputs/rvc_584991_01122.wav,spoof,hi-en,584991,cm02,rvc,clean,eval,0.530095100402832
${DATA_ROOT}/rvc_cm02/rvc_converted_wavs/rvc_outputs/rvc_584991_01123.wav,spoof,hi-en,584991,cm02,rvc,clean,eval,0.01059588324278593
${DATA_ROOT}/rvc_cm02/rvc_converted_wavs/rvc_outputs/rvc_584991_01125.wav,spoof,hi-en,584991,cm02,rvc,clean,eval,0.8486735224723816
${DATA_ROOT}/rvc_cm02/rvc_converted_wavs/rvc_outputs/rvc_541304_01126.wav,spoof,hi-en,541304,cm02,rvc,clean,eval,0.8437671661376953
${DATA_ROOT}/rvc_cm02/rvc_converted_wavs/rvc_outputs/rvc_541304_01127.wav,spoof,hi-en,541304,cm02,rvc,clean,eval,0.9973781108856201
${DATA_ROOT}/rvc_cm02/rvc_converted_wavs/rvc_outputs/rvc_541304_01128.wav,spoof,hi-en,541304,cm02,rvc,clean,eval,0.48004499077796936
${DATA_ROOT}/rvc_cm02/rvc_converted_wavs/rvc_outputs/rvc_541304_01129.wav,spoof,hi-en,541304,cm02,rvc,clean,eval,0.9981339573860168
${DATA_ROOT}/rvc_cm02/rvc_converted_wavs/rvc_outputs/rvc_541304_01130.wav,spoof,hi-en,541304,cm02,rvc,clean,eval,0.9592369794845581
${DATA_ROOT}/rvc_cm02/rvc_converted_wavs/rvc_outputs/rvc_541304_01131.wav,spoof,hi-en,541304,cm02,rvc,clean,eval,0.9972429275512695
${DATA_ROOT}/rvc_cm02/rvc_converted_wavs/rvc_outputs/rvc_541304_01132.wav,spoof,hi-en,541304,cm02,rvc,clean,eval,0.7358253598213196
${DATA_ROOT}/rvc_cm02/rvc_converted_wavs/rvc_outputs/rvc_541304_01133.wav,spoof,hi-en,541304,cm02,rvc,clean,eval,0.9958708882331848
${DATA_ROOT}/rvc_cm02/rvc_converted_wavs/rvc_outputs/rvc_541304_01134.wav,spoof,hi-en,541304,cm02,rvc,clean,eval,0.9848008155822754
${DATA_ROOT}/rvc_cm02/rvc_converted_wavs/rvc_outputs/rvc_541304_01135.wav,spoof,hi-en,541304,cm02,rvc,clean,eval,0.9720627665519714
${DATA_ROOT}/rvc_cm02/rvc_converted_wavs/rvc_outputs/rvc_541304_01136.wav,spoof,hi-en,541304,cm02,rvc,clean,eval,0.9530870318412781
${DATA_ROOT}/rvc_cm02/rvc_converted_wavs/rvc_outputs/rvc_541304_01137.wav,spoof,hi-en,541304,cm02,rvc,clean,eval,0.999508261680603
${DATA_ROOT}/rvc_cm02/rvc_converted_wavs/rvc_outputs/rvc_541304_01138.wav,spoof,hi-en,541304,cm02,rvc,clean,eval,0.9972826242446899
${DATA_ROOT}/rvc_cm02/rvc_converted_wavs/rvc_outputs/rvc_541304_01139.wav,spoof,hi-en,541304,cm02,rvc,clean,eval,0.9875162839889526
${DATA_ROOT}/rvc_cm02/rvc_converted_wavs/rvc_outputs/rvc_541304_01140.wav,spoof,hi-en,541304,cm02,rvc,clean,eval,0.7439143061637878
${DATA_ROOT}/rvc_cm02/rvc_converted_wavs/rvc_outputs/rvc_541304_01141.wav,spoof,hi-en,541304,cm02,rvc,clean,eval,0.976951539516449
${DATA_ROOT}/rvc_cm02/rvc_converted_wavs/rvc_outputs/rvc_541304_01142.wav,spoof,hi-en,541304,cm02,rvc,clean,eval,0.8296226263046265
${DATA_ROOT}/rvc_cm02/rvc_converted_wavs/rvc_outputs/rvc_541304_01143.wav,spoof,hi-en,541304,cm02,rvc,clean,eval,0.9962079524993896
${DATA_ROOT}/rvc_cm02/rvc_converted_wavs/rvc_outputs/rvc_541304_01144.wav,spoof,hi-en,541304,cm02,rvc,clean,eval,0.9983469247817993
${DATA_ROOT}/rvc_cm02/rvc_converted_wavs/rvc_outputs/rvc_541304_01145.wav,spoof,hi-en,541304,cm02,rvc,clean,eval,0.9971743822097778
${DATA_ROOT}/rvc_cm02/rvc_converted_wavs/rvc_outputs/rvc_541304_01146.wav,spoof,hi-en,541304,cm02,rvc,clean,eval,0.9736528992652893
${DATA_ROOT}/rvc_cm02/rvc_converted_wavs/rvc_outputs/rvc_541304_01147.wav,spoof,hi-en,541304,cm02,rvc,clean,eval,0.9931378960609436
${DATA_ROOT}/rvc_cm02/rvc_converted_wavs/rvc_outputs/rvc_541304_01148.wav,spoof,hi-en,541304,cm02,rvc,clean,eval,0.9967007040977478
${DATA_ROOT}/rvc_cm02/rvc_converted_wavs/rvc_outputs/rvc_541304_01149.wav,spoof,hi-en,541304,cm02,rvc,clean,eval,0.0012886493932455778
${DATA_ROOT}/rvc_cm02/rvc_converted_wavs/rvc_outputs/rvc_541304_01150.wav,spoof,hi-en,541304,cm02,rvc,clean,eval,0.9962617754936218
${DATA_ROOT}/rvc_cm02/rvc_converted_wavs/rvc_outputs/rvc_541304_01151.wav,spoof,hi-en,541304,cm02,rvc,clean,eval,0.9968734383583069
${DATA_ROOT}/rvc_cm02/rvc_converted_wavs/rvc_outputs/rvc_541304_01152.wav,spoof,hi-en,541304,cm02,rvc,clean,eval,0.8688137531280518
${DATA_ROOT}/rvc_cm02/rvc_converted_wavs/rvc_outputs/rvc_541304_01153.wav,spoof,hi-en,541304,cm02,rvc,clean,eval,0.9994934797286987
${DATA_ROOT}/rvc_cm02/rvc_converted_wavs/rvc_outputs/rvc_541304_01154.wav,spoof,hi-en,541304,cm02,rvc,clean,eval,0.9974451065063477
${DATA_ROOT}/rvc_cm02/rvc_converted_wavs/rvc_outputs/rvc_541304_01155.wav,spoof,hi-en,541304,cm02,rvc,clean,eval,0.9978457689285278
${DATA_ROOT}/rvc_cm02/rvc_converted_wavs/rvc_outputs/rvc_541304_01156.wav,spoof,hi-en,541304,cm02,rvc,clean,eval,0.9988670349121094
${DATA_ROOT}/rvc_cm02/rvc_converted_wavs/rvc_outputs/rvc_541304_01157.wav,spoof,hi-en,541304,cm02,rvc,clean,eval,0.974692702293396
${DATA_ROOT}/rvc_cm02/rvc_converted_wavs/rvc_outputs/rvc_541304_01158.wav,spoof,hi-en,541304,cm02,rvc,clean,eval,0.9303464889526367
${DATA_ROOT}/rvc_cm02/rvc_converted_wavs/rvc_outputs/rvc_541304_01159.wav,spoof,hi-en,541304,cm02,rvc,clean,eval,0.9955887794494629
${DATA_ROOT}/rvc_cm02/rvc_converted_wavs/rvc_outputs/rvc_541304_01160.wav,spoof,hi-en,541304,cm02,rvc,clean,eval,0.9862986207008362
${DATA_ROOT}/rvc_cm02/rvc_converted_wavs/rvc_outputs/rvc_541304_01161.wav,spoof,hi-en,541304,cm02,rvc,clean,eval,0.9920535087585449
${DATA_ROOT}/rvc_cm02/rvc_converted_wavs/rvc_outputs/rvc_541304_01162.wav,spoof,hi-en,541304,cm02,rvc,clean,eval,0.998022198677063
${DATA_ROOT}/rvc_cm02/rvc_converted_wavs/rvc_outputs/rvc_541304_01163.wav,spoof,hi-en,541304,cm02,rvc,clean,eval,0.9989117383956909
${DATA_ROOT}/rvc_cm02/rvc_converted_wavs/rvc_outputs/rvc_541304_01164.wav,spoof,hi-en,541304,cm02,rvc,clean,eval,0.9983826875686646
${DATA_ROOT}/rvc_cm02/rvc_converted_wavs/rvc_outputs/rvc_541304_01165.wav,spoof,hi-en,541304,cm02,rvc,clean,eval,0.916903018951416
${DATA_ROOT}/rvc_cm02/rvc_converted_wavs/rvc_outputs/rvc_541304_01166.wav,spoof,hi-en,541304,cm02,rvc,clean,eval,0.9993175268173218
${DATA_ROOT}/rvc_cm02/rvc_converted_wavs/rvc_outputs/rvc_541304_01167.wav,spoof,hi-en,541304,cm02,rvc,clean,eval,0.9974675178527832
${DATA_ROOT}/rvc_cm02/rvc_converted_wavs/rvc_outputs/rvc_541304_01168.wav,spoof,hi-en,541304,cm02,rvc,clean,eval,0.9874399900436401
${DATA_ROOT}/rvc_cm02/rvc_converted_wavs/rvc_outputs/rvc_541304_01169.wav,spoof,hi-en,541304,cm02,rvc,clean,eval,0.9938499927520752
${DATA_ROOT}/rvc_cm02/rvc_converted_wavs/rvc_outputs/rvc_541304_01170.wav,spoof,hi-en,541304,cm02,rvc,clean,eval,0.9760575890541077
${DATA_ROOT}/rvc_cm02/rvc_converted_wavs/rvc_outputs/rvc_541304_01171.wav,spoof,hi-en,541304,cm02,rvc,clean,eval,0.9949935078620911
${DATA_ROOT}/rvc_cm02/rvc_converted_wavs/rvc_outputs/rvc_541304_01172.wav,spoof,hi-en,541304,cm02,rvc,clean,eval,0.9983686804771423
${DATA_ROOT}/rvc_cm02/rvc_converted_wavs/rvc_outputs/rvc_541304_01173.wav,spoof,hi-en,541304,cm02,rvc,clean,eval,0.19129060208797455
${DATA_ROOT}/rvc_cm02/rvc_converted_wavs/rvc_outputs/rvc_541304_01174.wav,spoof,hi-en,541304,cm02,rvc,clean,eval,0.9753034114837646
${DATA_ROOT}/rvc_cm02/rvc_converted_wavs/rvc_outputs/rvc_541304_01175.wav,spoof,hi-en,541304,cm02,rvc,clean,eval,0.998970627784729
${DATA_ROOT}/rvc_cm02/rvc_converted_wavs/rvc_outputs/rvc_541304_01177.wav,spoof,hi-en,541304,cm02,rvc,clean,eval,0.9984917640686035
${DATA_ROOT}/rvc_cm02/rvc_converted_wavs/rvc_outputs/rvc_541304_01178.wav,spoof,hi-en,541304,cm02,rvc,clean,eval,0.9983341097831726
${DATA_ROOT}/rvc_cm02/rvc_converted_wavs/rvc_outputs/rvc_541304_01179.wav,spoof,hi-en,541304,cm02,rvc,clean,eval,0.997863233089447
${DATA_ROOT}/rvc_cm02/rvc_converted_wavs/rvc_outputs/rvc_541304_01180.wav,spoof,hi-en,541304,cm02,rvc,clean,eval,0.9960881471633911
${DATA_ROOT}/rvc_cm02/rvc_converted_wavs/rvc_outputs/rvc_541304_01181.wav,spoof,hi-en,541304,cm02,rvc,clean,eval,0.9635838270187378
${DATA_ROOT}/rvc_cm02/rvc_converted_wavs/rvc_outputs/rvc_541304_01182.wav,spoof,hi-en,541304,cm02,rvc,clean,eval,0.9864187836647034
${DATA_ROOT}/rvc_cm02/rvc_converted_wavs/rvc_outputs/rvc_541304_01183.wav,spoof,hi-en,541304,cm02,rvc,clean,eval,0.9989687204360962
${DATA_ROOT}/rvc_cm02/rvc_converted_wavs/rvc_outputs/rvc_541304_01184.wav,spoof,hi-en,541304,cm02,rvc,clean,eval,0.7892443537712097
${DATA_ROOT}/rvc_cm02/rvc_converted_wavs/rvc_outputs/rvc_541304_01186.wav,spoof,hi-en,541304,cm02,rvc,clean,eval,0.995987594127655
${DATA_ROOT}/rvc_cm02/rvc_converted_wavs/rvc_outputs/rvc_541304_01187.wav,spoof,hi-en,541304,cm02,rvc,clean,eval,0.982810378074646
${DATA_ROOT}/rvc_cm02/rvc_converted_wavs/rvc_outputs/rvc_541304_01188.wav,spoof,hi-en,541304,cm02,rvc,clean,eval,0.9983996748924255
${DATA_ROOT}/rvc_cm02/rvc_converted_wavs/rvc_outputs/rvc_541304_01189.wav,spoof,hi-en,541304,cm02,rvc,clean,eval,0.9968819618225098
${DATA_ROOT}/rvc_cm02/rvc_converted_wavs/rvc_outputs/rvc_541304_01190.wav,spoof,hi-en,541304,cm02,rvc,clean,eval,0.9586636424064636
${DATA_ROOT}/rvc_cm02/rvc_converted_wavs/rvc_outputs/rvc_541304_01191.wav,spoof,hi-en,541304,cm02,rvc,clean,eval,0.9902955889701843
${DATA_ROOT}/rvc_cm02/rvc_converted_wavs/rvc_outputs/rvc_541304_01192.wav,spoof,hi-en,541304,cm02,rvc,clean,eval,0.9975071549415588
${DATA_ROOT}/rvc_cm02/rvc_converted_wavs/rvc_outputs/rvc_541304_01194.wav,spoof,hi-en,541304,cm02,rvc,clean,eval,0.9780555963516235
${DATA_ROOT}/rvc_cm02/rvc_converted_wavs/rvc_outputs/rvc_541304_01195.wav,spoof,hi-en,541304,cm02,rvc,clean,eval,0.9972105622291565
${DATA_ROOT}/rvc_cm02/rvc_converted_wavs/rvc_outputs/rvc_541304_01196.wav,spoof,hi-en,541304,cm02,rvc,clean,eval,0.9940226674079895
${DATA_ROOT}/rvc_cm02/rvc_converted_wavs/rvc_outputs/rvc_541304_01197.wav,spoof,hi-en,541304,cm02,rvc,clean,eval,0.0011254454730078578
${DATA_ROOT}/rvc_cm02/rvc_converted_wavs/rvc_outputs/rvc_541304_01198.wav,spoof,hi-en,541304,cm02,rvc,clean,eval,0.9905840158462524
${DATA_ROOT}/rvc_cm02/rvc_converted_wavs/rvc_outputs/rvc_541304_01199.wav,spoof,hi-en,541304,cm02,rvc,clean,eval,0.9956670999526978
${DATA_ROOT}/rvc_cm02/rvc_converted_wavs/rvc_outputs/rvc_541304_01200.wav,spoof,hi-en,541304,cm02,rvc,clean,eval,0.017590539529919624
${DATA_ROOT}/rvc_cm02/rvc_converted_wavs/rvc_outputs/rvc_541304_01201.wav,spoof,hi-en,541304,cm02,rvc,clean,eval,0.9811854958534241
${DATA_ROOT}/rvc_cm02/rvc_converted_wavs/rvc_outputs/rvc_541304_01202.wav,spoof,hi-en,541304,cm02,rvc,clean,eval,0.9965872764587402
${DATA_ROOT}/rvc_cm02/rvc_converted_wavs/rvc_outputs/rvc_541304_01203.wav,spoof,hi-en,541304,cm02,rvc,clean,eval,0.9991337656974792
${DATA_ROOT}/rvc_cm02/rvc_converted_wavs/rvc_outputs/rvc_541304_01204.wav,spoof,hi-en,541304,cm02,rvc,clean,eval,0.9839627146720886
${DATA_ROOT}/rvc_cm02/rvc_converted_wavs/rvc_outputs/rvc_541304_01205.wav,spoof,hi-en,541304,cm02,rvc,clean,eval,0.9988695979118347
${DATA_ROOT}/rvc_cm02/rvc_converted_wavs/rvc_outputs/rvc_541304_01206.wav,spoof,hi-en,541304,cm02,rvc,clean,eval,0.5958265066146851
${DATA_ROOT}/rvc_cm02/rvc_converted_wavs/rvc_outputs/rvc_541304_01207.wav,spoof,hi-en,541304,cm02,rvc,clean,eval,0.9977611303329468
${DATA_ROOT}/rvc_cm02/rvc_converted_wavs/rvc_outputs/rvc_541304_01208.wav,spoof,hi-en,541304,cm02,rvc,clean,eval,0.934516191482544
${DATA_ROOT}/rvc_cm02/rvc_converted_wavs/rvc_outputs/rvc_541304_01209.wav,spoof,hi-en,541304,cm02,rvc,clean,eval,0.7390338778495789
${DATA_ROOT}/rvc_cm02/rvc_converted_wavs/rvc_outputs/rvc_541304_01210.wav,spoof,hi-en,541304,cm02,rvc,clean,eval,0.9980694651603699
${DATA_ROOT}/rvc_cm02/rvc_converted_wavs/rvc_outputs/rvc_541304_01211.wav,spoof,hi-en,541304,cm02,rvc,clean,eval,0.04690302163362503
${DATA_ROOT}/rvc_cm02/rvc_converted_wavs/rvc_outputs/rvc_541304_01212.wav,spoof,hi-en,541304,cm02,rvc,clean,eval,0.9905277490615845
${DATA_ROOT}/rvc_cm02/rvc_converted_wavs/rvc_outputs/rvc_541304_01213.wav,spoof,hi-en,541304,cm02,rvc,clean,eval,0.996432900428772
${DATA_ROOT}/rvc_cm02/rvc_converted_wavs/rvc_outputs/rvc_541304_01214.wav,spoof,hi-en,541304,cm02,rvc,clean,eval,0.9886060357093811
${DATA_ROOT}/rvc_cm02/rvc_converted_wavs/rvc_outputs/rvc_541304_01215.wav,spoof,hi-en,541304,cm02,rvc,clean,eval,0.9980315566062927
${DATA_ROOT}/rvc_cm02/rvc_converted_wavs/rvc_outputs/rvc_541304_01216.wav,spoof,hi-en,541304,cm02,rvc,clean,eval,0.9734365344047546
${DATA_ROOT}/rvc_cm02/rvc_converted_wavs/rvc_outputs/rvc_541304_01218.wav,spoof,hi-en,541304,cm02,rvc,clean,eval,0.07644296437501907
${DATA_ROOT}/rvc_cm02/rvc_converted_wavs/rvc_outputs/rvc_541304_01219.wav,spoof,hi-en,541304,cm02,rvc,clean,eval,0.9981628060340881
${DATA_ROOT}/rvc_cm02/rvc_converted_wavs/rvc_outputs/rvc_541304_01220.wav,spoof,hi-en,541304,cm02,rvc,clean,eval,0.8211461901664734
${DATA_ROOT}/rvc_cm02/rvc_converted_wavs/rvc_outputs/rvc_541304_01221.wav,spoof,hi-en,541304,cm02,rvc,clean,eval,0.44143426418304443
${DATA_ROOT}/rvc_cm02/rvc_converted_wavs/rvc_outputs/rvc_541304_01222.wav,spoof,hi-en,541304,cm02,rvc,clean,eval,0.8367807865142822
${DATA_ROOT}/rvc_cm02/rvc_converted_wavs/rvc_outputs/rvc_541304_01223.wav,spoof,hi-en,541304,cm02,rvc,clean,eval,0.9985779523849487
${DATA_ROOT}/rvc_cm02/rvc_converted_wavs/rvc_outputs/rvc_541304_01224.wav,spoof,hi-en,541304,cm02,rvc,clean,eval,0.5521395802497864
${DATA_ROOT}/rvc_cm02/rvc_converted_wavs/rvc_outputs/rvc_541304_01225.wav,spoof,hi-en,541304,cm02,rvc,clean,eval,0.9905793070793152
${DATA_ROOT}/rvc_cm02/rvc_converted_wavs/rvc_outputs/rvc_541304_01226.wav,spoof,hi-en,541304,cm02,rvc,clean,eval,0.9931816458702087
${DATA_ROOT}/rvc_cm02/rvc_converted_wavs/rvc_outputs/rvc_541304_01227.wav,spoof,hi-en,541304,cm02,rvc,clean,eval,0.9985950589179993
${DATA_ROOT}/rvc_cm02/rvc_converted_wavs/rvc_outputs/rvc_541304_01228.wav,spoof,hi-en,541304,cm02,rvc,clean,eval,0.9983015060424805
${DATA_ROOT}/rvc_cm02/rvc_converted_wavs/rvc_outputs/rvc_541304_01229.wav,spoof,hi-en,541304,cm02,rvc,clean,eval,0.9984490871429443
${DATA_ROOT}/rvc_cm02/rvc_converted_wavs/rvc_outputs/rvc_541304_01230.wav,spoof,hi-en,541304,cm02,rvc,clean,eval,0.9978569149971008
${DATA_ROOT}/rvc_cm02/rvc_converted_wavs/rvc_outputs/rvc_541304_01231.wav,spoof,hi-en,541304,cm02,rvc,clean,eval,0.9973668456077576
${DATA_ROOT}/rvc_cm02/rvc_converted_wavs/rvc_outputs/rvc_541304_01232.wav,spoof,hi-en,541304,cm02,rvc,clean,eval,0.9575077891349792
${DATA_ROOT}/rvc_cm02/rvc_converted_wavs/rvc_outputs/rvc_541304_01233.wav,spoof,hi-en,541304,cm02,rvc,clean,eval,0.9850562214851379
${DATA_ROOT}/rvc_cm02/rvc_converted_wavs/rvc_outputs/rvc_541304_01234.wav,spoof,hi-en,541304,cm02,rvc,clean,eval,0.9905710220336914
${DATA_ROOT}/rvc_cm02/rvc_converted_wavs/rvc_outputs/rvc_541304_01235.wav,spoof,hi-en,541304,cm02,rvc,clean,eval,0.9637627005577087
${DATA_ROOT}/rvc_cm02/rvc_converted_wavs/rvc_outputs/rvc_541304_01236.wav,spoof,hi-en,541304,cm02,rvc,clean,eval,0.994743824005127
${DATA_ROOT}/rvc_cm02/rvc_converted_wavs/rvc_outputs/rvc_541304_01237.wav,spoof,hi-en,541304,cm02,rvc,clean,eval,0.981738269329071
${DATA_ROOT}/rvc_cm02/rvc_converted_wavs/rvc_outputs/rvc_541304_01238.wav,spoof,hi-en,541304,cm02,rvc,clean,eval,0.951195478439331
${DATA_ROOT}/rvc_cm02/rvc_converted_wavs/rvc_outputs/rvc_541304_01239.wav,spoof,hi-en,541304,cm02,rvc,clean,eval,0.9908245801925659
${DATA_ROOT}/rvc_cm02/rvc_converted_wavs/rvc_outputs/rvc_541304_01240.wav,spoof,hi-en,541304,cm02,rvc,clean,eval,0.9926475286483765
${DATA_ROOT}/rvc_cm02/rvc_converted_wavs/rvc_outputs/rvc_541304_01242.wav,spoof,hi-en,541304,cm02,rvc,clean,eval,0.9919963479042053
${DATA_ROOT}/rvc_cm02/rvc_converted_wavs/rvc_outputs/rvc_541304_01243.wav,spoof,hi-en,541304,cm02,rvc,clean,eval,0.9486616253852844
${DATA_ROOT}/rvc_cm02/rvc_converted_wavs/rvc_outputs/rvc_541304_01244.wav,spoof,hi-en,541304,cm02,rvc,clean,eval,0.9959000945091248
${DATA_ROOT}/rvc_cm02/rvc_converted_wavs/rvc_outputs/rvc_541304_01245.wav,spoof,hi-en,541304,cm02,rvc,clean,eval,0.9820221662521362
${DATA_ROOT}/rvc_cm02/rvc_converted_wavs/rvc_outputs/rvc_541304_01246.wav,spoof,hi-en,541304,cm02,rvc,clean,eval,0.997215986251831
${DATA_ROOT}/rvc_cm02/rvc_converted_wavs/rvc_outputs/rvc_541304_01247.wav,spoof,hi-en,541304,cm02,rvc,clean,eval,0.993813157081604
${DATA_ROOT}/rvc_cm02/rvc_converted_wavs/rvc_outputs/rvc_541304_01248.wav,spoof,hi-en,541304,cm02,rvc,clean,eval,0.601784348487854
${DATA_ROOT}/rvc_cm02/rvc_converted_wavs/rvc_outputs/rvc_541304_01249.wav,spoof,hi-en,541304,cm02,rvc,clean,eval,0.9162431359291077
${DATA_ROOT}/rvc_cm02/rvc_converted_wavs/rvc_outputs/rvc_541304_01250.wav,spoof,hi-en,541304,cm02,rvc,clean,eval,0.9964451193809509
${DATA_ROOT}/rvc_cm02/rvc_converted_wavs/rvc_outputs/rvc_876898_01251.wav,spoof,hi-en,876898,cm02,rvc,clean,eval,0.9871768355369568
${DATA_ROOT}/rvc_cm02/rvc_converted_wavs/rvc_outputs/rvc_876898_01252.wav,spoof,hi-en,876898,cm02,rvc,clean,eval,0.9945266842842102
${DATA_ROOT}/rvc_cm02/rvc_converted_wavs/rvc_outputs/rvc_876898_01253.wav,spoof,hi-en,876898,cm02,rvc,clean,eval,0.000254180864430964
${DATA_ROOT}/rvc_cm02/rvc_converted_wavs/rvc_outputs/rvc_876898_01254.wav,spoof,hi-en,876898,cm02,rvc,clean,eval,0.985880970954895
${DATA_ROOT}/rvc_cm02/rvc_converted_wavs/rvc_outputs/rvc_876898_01255.wav,spoof,hi-en,876898,cm02,rvc,clean,eval,0.9942627549171448
${DATA_ROOT}/rvc_cm02/rvc_converted_wavs/rvc_outputs/rvc_876898_01256.wav,spoof,hi-en,876898,cm02,rvc,clean,eval,0.995484471321106
${DATA_ROOT}/rvc_cm02/rvc_converted_wavs/rvc_outputs/rvc_876898_01257.wav,spoof,hi-en,876898,cm02,rvc,clean,eval,0.9937540888786316
${DATA_ROOT}/rvc_cm02/rvc_converted_wavs/rvc_outputs/rvc_876898_01258.wav,spoof,hi-en,876898,cm02,rvc,clean,eval,0.7507039904594421
${DATA_ROOT}/rvc_cm02/rvc_converted_wavs/rvc_outputs/rvc_876898_01259.wav,spoof,hi-en,876898,cm02,rvc,clean,eval,0.0011126375757157803
${DATA_ROOT}/rvc_cm02/rvc_converted_wavs/rvc_outputs/rvc_876898_01260.wav,spoof,hi-en,876898,cm02,rvc,clean,eval,0.994686484336853
${DATA_ROOT}/rvc_cm02/rvc_converted_wavs/rvc_outputs/rvc_876898_01261.wav,spoof,hi-en,876898,cm02,rvc,clean,eval,0.0002730325504671782
${DATA_ROOT}/rvc_cm02/rvc_converted_wavs/rvc_outputs/rvc_876898_01262.wav,spoof,hi-en,876898,cm02,rvc,clean,eval,0.9965381622314453
${DATA_ROOT}/rvc_cm02/rvc_converted_wavs/rvc_outputs/rvc_876898_01263.wav,spoof,hi-en,876898,cm02,rvc,clean,eval,0.9381014108657837
${DATA_ROOT}/rvc_cm02/rvc_converted_wavs/rvc_outputs/rvc_876898_01264.wav,spoof,hi-en,876898,cm02,rvc,clean,eval,0.9121099710464478
${DATA_ROOT}/rvc_cm02/rvc_converted_wavs/rvc_outputs/rvc_876898_01265.wav,spoof,hi-en,876898,cm02,rvc,clean,eval,0.9712820053100586
${DATA_ROOT}/rvc_cm02/rvc_converted_wavs/rvc_outputs/rvc_876898_01266.wav,spoof,hi-en,876898,cm02,rvc,clean,eval,0.8224072456359863
${DATA_ROOT}/rvc_cm02/rvc_converted_wavs/rvc_outputs/rvc_876898_01267.wav,spoof,hi-en,876898,cm02,rvc,clean,eval,0.9966756105422974
${DATA_ROOT}/rvc_cm02/rvc_converted_wavs/rvc_outputs/rvc_876898_01268.wav,spoof,hi-en,876898,cm02,rvc,clean,eval,0.9997336268424988
${DATA_ROOT}/rvc_cm02/rvc_converted_wavs/rvc_outputs/rvc_876898_01269.wav,spoof,hi-en,876898,cm02,rvc,clean,eval,0.7597736716270447
${DATA_ROOT}/rvc_cm02/rvc_converted_wavs/rvc_outputs/rvc_876898_01270.wav,spoof,hi-en,876898,cm02,rvc,clean,eval,0.998776376247406
${DATA_ROOT}/rvc_cm02/rvc_converted_wavs/rvc_outputs/rvc_876898_01271.wav,spoof,hi-en,876898,cm02,rvc,clean,eval,0.9967441558837891
${DATA_ROOT}/rvc_cm02/rvc_converted_wavs/rvc_outputs/rvc_876898_01272.wav,spoof,hi-en,876898,cm02,rvc,clean,eval,0.9833810329437256
${DATA_ROOT}/rvc_cm02/rvc_converted_wavs/rvc_outputs/rvc_876898_01273.wav,spoof,hi-en,876898,cm02,rvc,clean,eval,0.9982957243919373
${DATA_ROOT}/rvc_cm02/rvc_converted_wavs/rvc_outputs/rvc_876898_01274.wav,spoof,hi-en,876898,cm02,rvc,clean,eval,0.00031126535031944513
${DATA_ROOT}/rvc_cm02/rvc_converted_wavs/rvc_outputs/rvc_876898_01275.wav,spoof,hi-en,876898,cm02,rvc,clean,eval,0.97182297706604
${DATA_ROOT}/rvc_cm02/rvc_converted_wavs/rvc_outputs/rvc_876898_01277.wav,spoof,hi-en,876898,cm02,rvc,clean,eval,0.0002726511738728732
${DATA_ROOT}/rvc_cm02/rvc_converted_wavs/rvc_outputs/rvc_876898_01278.wav,spoof,hi-en,876898,cm02,rvc,clean,eval,0.8298316597938538
${DATA_ROOT}/rvc_cm02/rvc_converted_wavs/rvc_outputs/rvc_876898_01279.wav,spoof,hi-en,876898,cm02,rvc,clean,eval,0.9987568855285645
${DATA_ROOT}/rvc_cm02/rvc_converted_wavs/rvc_outputs/rvc_876898_01280.wav,spoof,hi-en,876898,cm02,rvc,clean,eval,0.9981057643890381
${DATA_ROOT}/rvc_cm02/rvc_converted_wavs/rvc_outputs/rvc_876898_01281.wav,spoof,hi-en,876898,cm02,rvc,clean,eval,0.9954921007156372
${DATA_ROOT}/rvc_cm02/rvc_converted_wavs/rvc_outputs/rvc_876898_01282.wav,spoof,hi-en,876898,cm02,rvc,clean,eval,0.1307908594608307
${DATA_ROOT}/rvc_cm02/rvc_converted_wavs/rvc_outputs/rvc_876898_01283.wav,spoof,hi-en,876898,cm02,rvc,clean,eval,0.9990072846412659
${DATA_ROOT}/rvc_cm02/rvc_converted_wavs/rvc_outputs/rvc_876898_01284.wav,spoof,hi-en,876898,cm02,rvc,clean,eval,0.997589111328125
${DATA_ROOT}/rvc_cm02/rvc_converted_wavs/rvc_outputs/rvc_876898_01285.wav,spoof,hi-en,876898,cm02,rvc,clean,eval,0.0003037844435311854
${DATA_ROOT}/rvc_cm02/rvc_converted_wavs/rvc_outputs/rvc_876898_01286.wav,spoof,hi-en,876898,cm02,rvc,clean,eval,0.9987934827804565
${DATA_ROOT}/rvc_cm02/rvc_converted_wavs/rvc_outputs/rvc_876898_01287.wav,spoof,hi-en,876898,cm02,rvc,clean,eval,0.4038034975528717
${DATA_ROOT}/rvc_cm02/rvc_converted_wavs/rvc_outputs/rvc_876898_01289.wav,spoof,hi-en,876898,cm02,rvc,clean,eval,0.9759132862091064
${DATA_ROOT}/rvc_cm02/rvc_converted_wavs/rvc_outputs/rvc_876898_01290.wav,spoof,hi-en,876898,cm02,rvc,clean,eval,0.9898868203163147
${DATA_ROOT}/rvc_cm02/rvc_converted_wavs/rvc_outputs/rvc_876898_01291.wav,spoof,hi-en,876898,cm02,rvc,clean,eval,0.9988346695899963
${DATA_ROOT}/rvc_cm02/rvc_converted_wavs/rvc_outputs/rvc_876898_01292.wav,spoof,hi-en,876898,cm02,rvc,clean,eval,0.9100317358970642
${DATA_ROOT}/rvc_cm02/rvc_converted_wavs/rvc_outputs/rvc_876898_01293.wav,spoof,hi-en,876898,cm02,rvc,clean,eval,0.9961022138595581
${DATA_ROOT}/rvc_cm02/rvc_converted_wavs/rvc_outputs/rvc_876898_01294.wav,spoof,hi-en,876898,cm02,rvc,clean,eval,0.8557800650596619
${DATA_ROOT}/rvc_cm02/rvc_converted_wavs/rvc_outputs/rvc_876898_01295.wav,spoof,hi-en,876898,cm02,rvc,clean,eval,0.9970539808273315
${DATA_ROOT}/rvc_cm02/rvc_converted_wavs/rvc_outputs/rvc_876898_01296.wav,spoof,hi-en,876898,cm02,rvc,clean,eval,0.9963642954826355
${DATA_ROOT}/rvc_cm02/rvc_converted_wavs/rvc_outputs/rvc_876898_01297.wav,spoof,hi-en,876898,cm02,rvc,clean,eval,0.9974642992019653
${DATA_ROOT}/rvc_cm02/rvc_converted_wavs/rvc_outputs/rvc_876898_01298.wav,spoof,hi-en,876898,cm02,rvc,clean,eval,0.000269598385784775
${DATA_ROOT}/rvc_cm02/rvc_converted_wavs/rvc_outputs/rvc_876898_01299.wav,spoof,hi-en,876898,cm02,rvc,clean,eval,0.9978891015052795
${DATA_ROOT}/rvc_cm02/rvc_converted_wavs/rvc_outputs/rvc_876898_01301.wav,spoof,hi-en,876898,cm02,rvc,clean,eval,0.0002593901299405843
${DATA_ROOT}/rvc_cm02/rvc_converted_wavs/rvc_outputs/rvc_876898_01302.wav,spoof,hi-en,876898,cm02,rvc,clean,eval,0.9980424642562866
${DATA_ROOT}/rvc_cm02/rvc_converted_wavs/rvc_outputs/rvc_876898_01303.wav,spoof,hi-en,876898,cm02,rvc,clean,eval,0.9980723857879639
${DATA_ROOT}/rvc_cm02/rvc_converted_wavs/rvc_outputs/rvc_876898_01304.wav,spoof,hi-en,876898,cm02,rvc,clean,eval,0.9880507588386536
${DATA_ROOT}/rvc_cm02/rvc_converted_wavs/rvc_outputs/rvc_876898_01305.wav,spoof,hi-en,876898,cm02,rvc,clean,eval,0.9996927976608276
${DATA_ROOT}/rvc_cm02/rvc_converted_wavs/rvc_outputs/rvc_876898_01306.wav,spoof,hi-en,876898,cm02,rvc,clean,eval,0.9998666048049927
${DATA_ROOT}/rvc_cm02/rvc_converted_wavs/rvc_outputs/rvc_876898_01307.wav,spoof,hi-en,876898,cm02,rvc,clean,eval,0.9966219663619995
${DATA_ROOT}/rvc_cm02/rvc_converted_wavs/rvc_outputs/rvc_876898_01308.wav,spoof,hi-en,876898,cm02,rvc,clean,eval,0.994264543056488
${DATA_ROOT}/rvc_cm02/rvc_converted_wavs/rvc_outputs/rvc_876898_01309.wav,spoof,hi-en,876898,cm02,rvc,clean,eval,0.0002815187908709049
${DATA_ROOT}/rvc_cm02/rvc_converted_wavs/rvc_outputs/rvc_876898_01310.wav,spoof,hi-en,876898,cm02,rvc,clean,eval,0.9982379674911499
${DATA_ROOT}/rvc_cm02/rvc_converted_wavs/rvc_outputs/rvc_876898_01311.wav,spoof,hi-en,876898,cm02,rvc,clean,eval,0.9983922839164734
${DATA_ROOT}/rvc_cm02/rvc_converted_wavs/rvc_outputs/rvc_876898_01312.wav,spoof,hi-en,876898,cm02,rvc,clean,eval,0.9896323680877686
${DATA_ROOT}/rvc_cm02/rvc_converted_wavs/rvc_outputs/rvc_876898_01313.wav,spoof,hi-en,876898,cm02,rvc,clean,eval,0.9961017370223999
${DATA_ROOT}/rvc_cm02/rvc_converted_wavs/rvc_outputs/rvc_876898_01314.wav,spoof,hi-en,876898,cm02,rvc,clean,eval,0.9962313771247864
${DATA_ROOT}/rvc_cm02/rvc_converted_wavs/rvc_outputs/rvc_876898_01315.wav,spoof,hi-en,876898,cm02,rvc,clean,eval,0.993732750415802
${DATA_ROOT}/rvc_cm02/rvc_converted_wavs/rvc_outputs/rvc_876898_01316.wav,spoof,hi-en,876898,cm02,rvc,clean,eval,0.9992425441741943
${DATA_ROOT}/rvc_cm02/rvc_converted_wavs/rvc_outputs/rvc_876898_01317.wav,spoof,hi-en,876898,cm02,rvc,clean,eval,0.9958156943321228
${DATA_ROOT}/rvc_cm02/rvc_converted_wavs/rvc_outputs/rvc_876898_01318.wav,spoof,hi-en,876898,cm02,rvc,clean,eval,0.9996551275253296
${DATA_ROOT}/rvc_cm02/rvc_converted_wavs/rvc_outputs/rvc_876898_01319.wav,spoof,hi-en,876898,cm02,rvc,clean,eval,0.6524794101715088
${DATA_ROOT}/rvc_cm02/rvc_converted_wavs/rvc_outputs/rvc_876898_01320.wav,spoof,hi-en,876898,cm02,rvc,clean,eval,0.996208906173706
${DATA_ROOT}/rvc_cm02/rvc_converted_wavs/rvc_outputs/rvc_876898_01321.wav,spoof,hi-en,876898,cm02,rvc,clean,eval,0.9630533456802368
${DATA_ROOT}/rvc_cm02/rvc_converted_wavs/rvc_outputs/rvc_876898_01322.wav,spoof,hi-en,876898,cm02,rvc,clean,eval,0.0004960165242664516
${DATA_ROOT}/rvc_cm02/rvc_converted_wavs/rvc_outputs/rvc_876898_01323.wav,spoof,hi-en,876898,cm02,rvc,clean,eval,0.9920690059661865
${DATA_ROOT}/rvc_cm02/rvc_converted_wavs/rvc_outputs/rvc_876898_01324.wav,spoof,hi-en,876898,cm02,rvc,clean,eval,0.9979457259178162
${DATA_ROOT}/rvc_cm02/rvc_converted_wavs/rvc_outputs/rvc_876898_01325.wav,spoof,hi-en,876898,cm02,rvc,clean,eval,0.00026721745962277055
${DATA_ROOT}/rvc_cm02/rvc_converted_wavs/rvc_outputs/rvc_876898_01326.wav,spoof,hi-en,876898,cm02,rvc,clean,eval,0.9984741806983948
${DATA_ROOT}/rvc_cm02/rvc_converted_wavs/rvc_outputs/rvc_876898_01327.wav,spoof,hi-en,876898,cm02,rvc,clean,eval,0.9969661831855774
${DATA_ROOT}/rvc_cm02/rvc_converted_wavs/rvc_outputs/rvc_876898_01328.wav,spoof,hi-en,876898,cm02,rvc,clean,eval,0.999901533126831
${DATA_ROOT}/rvc_cm02/rvc_converted_wavs/rvc_outputs/rvc_876898_01329.wav,spoof,hi-en,876898,cm02,rvc,clean,eval,0.9418723583221436
${DATA_ROOT}/rvc_cm02/rvc_converted_wavs/rvc_outputs/rvc_876898_01331.wav,spoof,hi-en,876898,cm02,rvc,clean,eval,0.8094650506973267
${DATA_ROOT}/rvc_cm02/rvc_converted_wavs/rvc_outputs/rvc_876898_01332.wav,spoof,hi-en,876898,cm02,rvc,clean,eval,0.9542287588119507
${DATA_ROOT}/rvc_cm02/rvc_converted_wavs/rvc_outputs/rvc_876898_01333.wav,spoof,hi-en,876898,cm02,rvc,clean,eval,0.00027991351089440286
${DATA_ROOT}/rvc_cm02/rvc_converted_wavs/rvc_outputs/rvc_876898_01334.wav,spoof,hi-en,876898,cm02,rvc,clean,eval,0.9995347261428833
${DATA_ROOT}/rvc_cm02/rvc_converted_wavs/rvc_outputs/rvc_876898_01335.wav,spoof,hi-en,876898,cm02,rvc,clean,eval,0.13462693989276886
${DATA_ROOT}/rvc_cm02/rvc_converted_wavs/rvc_outputs/rvc_876898_01336.wav,spoof,hi-en,876898,cm02,rvc,clean,eval,0.698621392250061
${DATA_ROOT}/rvc_cm02/rvc_converted_wavs/rvc_outputs/rvc_876898_01337.wav,spoof,hi-en,876898,cm02,rvc,clean,eval,0.996898889541626
${DATA_ROOT}/rvc_cm02/rvc_converted_wavs/rvc_outputs/rvc_876898_01338.wav,spoof,hi-en,876898,cm02,rvc,clean,eval,0.9866695404052734
${DATA_ROOT}/rvc_cm02/rvc_converted_wavs/rvc_outputs/rvc_876898_01339.wav,spoof,hi-en,876898,cm02,rvc,clean,eval,0.9693363904953003
${DATA_ROOT}/rvc_cm02/rvc_converted_wavs/rvc_outputs/rvc_876898_01340.wav,spoof,hi-en,876898,cm02,rvc,clean,eval,0.9829655289649963
${DATA_ROOT}/rvc_cm02/rvc_converted_wavs/rvc_outputs/rvc_876898_01341.wav,spoof,hi-en,876898,cm02,rvc,clean,eval,0.853099524974823
${DATA_ROOT}/rvc_cm02/rvc_converted_wavs/rvc_outputs/rvc_876898_01342.wav,spoof,hi-en,876898,cm02,rvc,clean,eval,0.995359480381012
${DATA_ROOT}/rvc_cm02/rvc_converted_wavs/rvc_outputs/rvc_876898_01344.wav,spoof,hi-en,876898,cm02,rvc,clean,eval,0.9855397939682007
${DATA_ROOT}/rvc_cm02/rvc_converted_wavs/rvc_outputs/rvc_876898_01345.wav,spoof,hi-en,876898,cm02,rvc,clean,eval,0.9948742985725403
${DATA_ROOT}/rvc_cm02/rvc_converted_wavs/rvc_outputs/rvc_876898_01346.wav,spoof,hi-en,876898,cm02,rvc,clean,eval,0.0002939941477961838
${DATA_ROOT}/rvc_cm02/rvc_converted_wavs/rvc_outputs/rvc_876898_01347.wav,spoof,hi-en,876898,cm02,rvc,clean,eval,0.9988916516304016
${DATA_ROOT}/rvc_cm02/rvc_converted_wavs/rvc_outputs/rvc_876898_01348.wav,spoof,hi-en,876898,cm02,rvc,clean,eval,0.9792856574058533
${DATA_ROOT}/rvc_cm02/rvc_converted_wavs/rvc_outputs/rvc_876898_01349.wav,spoof,hi-en,876898,cm02,rvc,clean,eval,0.0002680242760106921
${DATA_ROOT}/rvc_cm02/rvc_converted_wavs/rvc_outputs/rvc_876898_01351.wav,spoof,hi-en,876898,cm02,rvc,clean,eval,0.995755672454834
${DATA_ROOT}/rvc_cm02/rvc_converted_wavs/rvc_outputs/rvc_876898_01352.wav,spoof,hi-en,876898,cm02,rvc,clean,eval,0.9993370175361633
${DATA_ROOT}/rvc_cm02/rvc_converted_wavs/rvc_outputs/rvc_876898_01353.wav,spoof,hi-en,876898,cm02,rvc,clean,eval,0.9966701865196228
${DATA_ROOT}/rvc_cm02/rvc_converted_wavs/rvc_outputs/rvc_876898_01354.wav,spoof,hi-en,876898,cm02,rvc,clean,eval,0.7730894684791565
${DATA_ROOT}/rvc_cm02/rvc_converted_wavs/rvc_outputs/rvc_876898_01355.wav,spoof,hi-en,876898,cm02,rvc,clean,eval,0.8391833901405334
${DATA_ROOT}/rvc_cm02/rvc_converted_wavs/rvc_outputs/rvc_876898_01356.wav,spoof,hi-en,876898,cm02,rvc,clean,eval,0.999051034450531
${DATA_ROOT}/rvc_cm02/rvc_converted_wavs/rvc_outputs/rvc_876898_01357.wav,spoof,hi-en,876898,cm02,rvc,clean,eval,0.0003010296495631337
${DATA_ROOT}/rvc_cm02/rvc_converted_wavs/rvc_outputs/rvc_876898_01358.wav,spoof,hi-en,876898,cm02,rvc,clean,eval,0.9987834095954895
${DATA_ROOT}/rvc_cm02/rvc_converted_wavs/rvc_outputs/rvc_876898_01359.wav,spoof,hi-en,876898,cm02,rvc,clean,eval,0.9991382360458374
${DATA_ROOT}/rvc_cm02/rvc_converted_wavs/rvc_outputs/rvc_876898_01360.wav,spoof,hi-en,876898,cm02,rvc,clean,eval,0.9975026249885559
${DATA_ROOT}/rvc_cm02/rvc_converted_wavs/rvc_outputs/rvc_876898_01362.wav,spoof,hi-en,876898,cm02,rvc,clean,eval,0.997343122959137
${DATA_ROOT}/rvc_cm02/rvc_converted_wavs/rvc_outputs/rvc_876898_01363.wav,spoof,hi-en,876898,cm02,rvc,clean,eval,0.9799472093582153
${DATA_ROOT}/rvc_cm02/rvc_converted_wavs/rvc_outputs/rvc_876898_01364.wav,spoof,hi-en,876898,cm02,rvc,clean,eval,0.9650539755821228
${DATA_ROOT}/rvc_cm02/rvc_converted_wavs/rvc_outputs/rvc_876898_01365.wav,spoof,hi-en,876898,cm02,rvc,clean,eval,0.9950087070465088
${DATA_ROOT}/rvc_cm02/rvc_converted_wavs/rvc_outputs/rvc_876898_01366.wav,spoof,hi-en,876898,cm02,rvc,clean,eval,0.9976467490196228
${DATA_ROOT}/rvc_cm02/rvc_converted_wavs/rvc_outputs/rvc_876898_01367.wav,spoof,hi-en,876898,cm02,rvc,clean,eval,0.917048454284668
${DATA_ROOT}/rvc_cm02/rvc_converted_wavs/rvc_outputs/rvc_876898_01368.wav,spoof,hi-en,876898,cm02,rvc,clean,eval,0.9994959831237793
${DATA_ROOT}/rvc_cm02/rvc_converted_wavs/rvc_outputs/rvc_876898_01369.wav,spoof,hi-en,876898,cm02,rvc,clean,eval,0.9950403571128845
${DATA_ROOT}/rvc_cm02/rvc_converted_wavs/rvc_outputs/rvc_876898_01370.wav,spoof,hi-en,876898,cm02,rvc,clean,eval,0.00027529746876098216
${DATA_ROOT}/rvc_cm02/rvc_converted_wavs/rvc_outputs/rvc_876898_01371.wav,spoof,hi-en,876898,cm02,rvc,clean,eval,0.4355674684047699
${DATA_ROOT}/rvc_cm02/rvc_converted_wavs/rvc_outputs/rvc_876898_01372.wav,spoof,hi-en,876898,cm02,rvc,clean,eval,0.9965716600418091
${DATA_ROOT}/rvc_cm02/rvc_converted_wavs/rvc_outputs/rvc_876898_01373.wav,spoof,hi-en,876898,cm02,rvc,clean,eval,0.0002847260911948979
${DATA_ROOT}/rvc_cm02/rvc_converted_wavs/rvc_outputs/rvc_876898_01374.wav,spoof,hi-en,876898,cm02,rvc,clean,eval,0.9981374740600586
${DATA_ROOT}/rvc_cm02/rvc_converted_wavs/rvc_outputs/rvc_876898_01375.wav,spoof,hi-en,876898,cm02,rvc,clean,eval,0.9902895092964172
${DATA_ROOT}/rvc_cm02/rvc_converted_wavs/rvc_outputs/rvc_539354_01376.wav,spoof,hi-en,539354,cm02,rvc,clean,eval,0.648470938205719
${DATA_ROOT}/rvc_cm02/rvc_converted_wavs/rvc_outputs/rvc_539354_01377.wav,spoof,hi-en,539354,cm02,rvc,clean,eval,0.9193810224533081
${DATA_ROOT}/rvc_cm02/rvc_converted_wavs/rvc_outputs/rvc_539354_01378.wav,spoof,hi-en,539354,cm02,rvc,clean,eval,0.9931775331497192
${DATA_ROOT}/rvc_cm02/rvc_converted_wavs/rvc_outputs/rvc_539354_01379.wav,spoof,hi-en,539354,cm02,rvc,clean,eval,0.16456040740013123
${DATA_ROOT}/rvc_cm02/rvc_converted_wavs/rvc_outputs/rvc_539354_01380.wav,spoof,hi-en,539354,cm02,rvc,clean,eval,0.9976511597633362
${DATA_ROOT}/rvc_cm02/rvc_converted_wavs/rvc_outputs/rvc_539354_01381.wav,spoof,hi-en,539354,cm02,rvc,clean,eval,0.04612273722887039
${DATA_ROOT}/rvc_cm02/rvc_converted_wavs/rvc_outputs/rvc_539354_01382.wav,spoof,hi-en,539354,cm02,rvc,clean,eval,0.9846624135971069
${DATA_ROOT}/rvc_cm02/rvc_converted_wavs/rvc_outputs/rvc_539354_01383.wav,spoof,hi-en,539354,cm02,rvc,clean,eval,0.9842805862426758
${DATA_ROOT}/rvc_cm02/rvc_converted_wavs/rvc_outputs/rvc_539354_01384.wav,spoof,hi-en,539354,cm02,rvc,clean,eval,0.5665952563285828
${DATA_ROOT}/rvc_cm02/rvc_converted_wavs/rvc_outputs/rvc_539354_01386.wav,spoof,hi-en,539354,cm02,rvc,clean,eval,0.9939053654670715
${DATA_ROOT}/rvc_cm02/rvc_converted_wavs/rvc_outputs/rvc_539354_01387.wav,spoof,hi-en,539354,cm02,rvc,clean,eval,0.998071014881134
${DATA_ROOT}/rvc_cm02/rvc_converted_wavs/rvc_outputs/rvc_539354_01388.wav,spoof,hi-en,539354,cm02,rvc,clean,eval,0.9980583786964417
${DATA_ROOT}/rvc_cm02/rvc_converted_wavs/rvc_outputs/rvc_539354_01389.wav,spoof,hi-en,539354,cm02,rvc,clean,eval,0.9981496334075928
${DATA_ROOT}/rvc_cm02/rvc_converted_wavs/rvc_outputs/rvc_539354_01390.wav,spoof,hi-en,539354,cm02,rvc,clean,eval,0.9938300251960754
${DATA_ROOT}/rvc_cm02/rvc_converted_wavs/rvc_outputs/rvc_539354_01391.wav,spoof,hi-en,539354,cm02,rvc,clean,eval,0.998275876045227
${DATA_ROOT}/rvc_cm02/rvc_converted_wavs/rvc_outputs/rvc_539354_01392.wav,spoof,hi-en,539354,cm02,rvc,clean,eval,0.9977800250053406
${DATA_ROOT}/rvc_cm02/rvc_converted_wavs/rvc_outputs/rvc_539354_01393.wav,spoof,hi-en,539354,cm02,rvc,clean,eval,0.994484007358551
${DATA_ROOT}/rvc_cm02/rvc_converted_wavs/rvc_outputs/rvc_539354_01394.wav,spoof,hi-en,539354,cm02,rvc,clean,eval,0.9987640380859375
${DATA_ROOT}/rvc_cm02/rvc_converted_wavs/rvc_outputs/rvc_539354_01396.wav,spoof,hi-en,539354,cm02,rvc,clean,eval,0.7887119650840759
${DATA_ROOT}/rvc_cm02/rvc_converted_wavs/rvc_outputs/rvc_539354_01397.wav,spoof,hi-en,539354,cm02,rvc,clean,eval,0.9941569566726685
${DATA_ROOT}/rvc_cm02/rvc_converted_wavs/rvc_outputs/rvc_539354_01398.wav,spoof,hi-en,539354,cm02,rvc,clean,eval,0.9970294237136841
${DATA_ROOT}/rvc_cm02/rvc_converted_wavs/rvc_outputs/rvc_539354_01399.wav,spoof,hi-en,539354,cm02,rvc,clean,eval,0.9989219903945923
${DATA_ROOT}/rvc_cm02/rvc_converted_wavs/rvc_outputs/rvc_539354_01400.wav,spoof,hi-en,539354,cm02,rvc,clean,eval,0.9691209197044373
${DATA_ROOT}/rvc_cm02/rvc_converted_wavs/rvc_outputs/rvc_539354_01401.wav,spoof,hi-en,539354,cm02,rvc,clean,eval,0.9981014132499695
${DATA_ROOT}/rvc_cm02/rvc_converted_wavs/rvc_outputs/rvc_539354_01402.wav,spoof,hi-en,539354,cm02,rvc,clean,eval,0.9984839558601379
${DATA_ROOT}/rvc_cm02/rvc_converted_wavs/rvc_outputs/rvc_539354_01403.wav,spoof,hi-en,539354,cm02,rvc,clean,eval,0.9992945194244385
${DATA_ROOT}/rvc_cm02/rvc_converted_wavs/rvc_outputs/rvc_539354_01404.wav,spoof,hi-en,539354,cm02,rvc,clean,eval,0.9719355702400208
${DATA_ROOT}/rvc_cm02/rvc_converted_wavs/rvc_outputs/rvc_539354_01405.wav,spoof,hi-en,539354,cm02,rvc,clean,eval,0.3948734700679779
${DATA_ROOT}/rvc_cm02/rvc_converted_wavs/rvc_outputs/rvc_539354_01406.wav,spoof,hi-en,539354,cm02,rvc,clean,eval,0.9673022031784058
${DATA_ROOT}/rvc_cm02/rvc_converted_wavs/rvc_outputs/rvc_539354_01407.wav,spoof,hi-en,539354,cm02,rvc,clean,eval,0.9986465573310852
${DATA_ROOT}/rvc_cm02/rvc_converted_wavs/rvc_outputs/rvc_539354_01408.wav,spoof,hi-en,539354,cm02,rvc,clean,eval,0.9703662991523743
${DATA_ROOT}/rvc_cm02/rvc_converted_wavs/rvc_outputs/rvc_539354_01409.wav,spoof,hi-en,539354,cm02,rvc,clean,eval,0.9994584918022156
${DATA_ROOT}/rvc_cm02/rvc_converted_wavs/rvc_outputs/rvc_539354_01410.wav,spoof,hi-en,539354,cm02,rvc,clean,eval,0.8129257559776306
${DATA_ROOT}/rvc_cm02/rvc_converted_wavs/rvc_outputs/rvc_539354_01411.wav,spoof,hi-en,539354,cm02,rvc,clean,eval,0.9990240335464478
${DATA_ROOT}/rvc_cm02/rvc_converted_wavs/rvc_outputs/rvc_539354_01412.wav,spoof,hi-en,539354,cm02,rvc,clean,eval,0.9952616691589355
${DATA_ROOT}/rvc_cm02/rvc_converted_wavs/rvc_outputs/rvc_539354_01413.wav,spoof,hi-en,539354,cm02,rvc,clean,eval,0.9991545677185059
${DATA_ROOT}/rvc_cm02/rvc_converted_wavs/rvc_outputs/rvc_539354_01414.wav,spoof,hi-en,539354,cm02,rvc,clean,eval,0.9975403547286987
${DATA_ROOT}/rvc_cm02/rvc_converted_wavs/rvc_outputs/rvc_539354_01415.wav,spoof,hi-en,539354,cm02,rvc,clean,eval,0.9916071891784668
${DATA_ROOT}/rvc_cm02/rvc_converted_wavs/rvc_outputs/rvc_539354_01416.wav,spoof,hi-en,539354,cm02,rvc,clean,eval,0.8890270590782166
${DATA_ROOT}/rvc_cm02/rvc_converted_wavs/rvc_outputs/rvc_539354_01418.wav,spoof,hi-en,539354,cm02,rvc,clean,eval,0.9992585778236389
${DATA_ROOT}/rvc_cm02/rvc_converted_wavs/rvc_outputs/rvc_539354_01419.wav,spoof,hi-en,539354,cm02,rvc,clean,eval,0.9991391897201538
${DATA_ROOT}/rvc_cm02/rvc_converted_wavs/rvc_outputs/rvc_539354_01420.wav,spoof,hi-en,539354,cm02,rvc,clean,eval,0.994915246963501
${DATA_ROOT}/rvc_cm02/rvc_converted_wavs/rvc_outputs/rvc_539354_01422.wav,spoof,hi-en,539354,cm02,rvc,clean,eval,0.9992936849594116
${DATA_ROOT}/rvc_cm02/rvc_converted_wavs/rvc_outputs/rvc_539354_01424.wav,spoof,hi-en,539354,cm02,rvc,clean,eval,0.984457790851593
${DATA_ROOT}/rvc_cm02/rvc_converted_wavs/rvc_outputs/rvc_539354_01425.wav,spoof,hi-en,539354,cm02,rvc,clean,eval,0.9431524276733398
${DATA_ROOT}/rvc_cm02/rvc_converted_wavs/rvc_outputs/rvc_539354_01426.wav,spoof,hi-en,539354,cm02,rvc,clean,eval,0.9975813627243042
${DATA_ROOT}/rvc_cm02/rvc_converted_wavs/rvc_outputs/rvc_539354_01427.wav,spoof,hi-en,539354,cm02,rvc,clean,eval,0.0005208698567003012
${DATA_ROOT}/rvc_cm02/rvc_converted_wavs/rvc_outputs/rvc_539354_01428.wav,spoof,hi-en,539354,cm02,rvc,clean,eval,0.9955079555511475
${DATA_ROOT}/rvc_cm02/rvc_converted_wavs/rvc_outputs/rvc_539354_01429.wav,spoof,hi-en,539354,cm02,rvc,clean,eval,0.9917176961898804
${DATA_ROOT}/rvc_cm02/rvc_converted_wavs/rvc_outputs/rvc_539354_01430.wav,spoof,hi-en,539354,cm02,rvc,clean,eval,0.9667069315910339
${DATA_ROOT}/rvc_cm02/rvc_converted_wavs/rvc_outputs/rvc_539354_01432.wav,spoof,hi-en,539354,cm02,rvc,clean,eval,0.9750892519950867
${DATA_ROOT}/rvc_cm02/rvc_converted_wavs/rvc_outputs/rvc_539354_01433.wav,spoof,hi-en,539354,cm02,rvc,clean,eval,0.997580885887146
${DATA_ROOT}/rvc_cm02/rvc_converted_wavs/rvc_outputs/rvc_539354_01434.wav,spoof,hi-en,539354,cm02,rvc,clean,eval,0.9988924860954285
${DATA_ROOT}/rvc_cm02/rvc_converted_wavs/rvc_outputs/rvc_539354_01435.wav,spoof,hi-en,539354,cm02,rvc,clean,eval,0.027788473293185234
${DATA_ROOT}/rvc_cm02/rvc_converted_wavs/rvc_outputs/rvc_539354_01436.wav,spoof,hi-en,539354,cm02,rvc,clean,eval,0.9993149042129517
${DATA_ROOT}/rvc_cm02/rvc_converted_wavs/rvc_outputs/rvc_539354_01437.wav,spoof,hi-en,539354,cm02,rvc,clean,eval,0.9915052056312561
${DATA_ROOT}/rvc_cm02/rvc_converted_wavs/rvc_outputs/rvc_539354_01439.wav,spoof,hi-en,539354,cm02,rvc,clean,eval,0.9982261061668396
${DATA_ROOT}/rvc_cm02/rvc_converted_wavs/rvc_outputs/rvc_539354_01440.wav,spoof,hi-en,539354,cm02,rvc,clean,eval,0.1704256683588028
${DATA_ROOT}/rvc_cm02/rvc_converted_wavs/rvc_outputs/rvc_539354_01441.wav,spoof,hi-en,539354,cm02,rvc,clean,eval,0.9906484484672546
${DATA_ROOT}/rvc_cm02/rvc_converted_wavs/rvc_outputs/rvc_539354_01442.wav,spoof,hi-en,539354,cm02,rvc,clean,eval,0.9976880550384521
${DATA_ROOT}/rvc_cm02/rvc_converted_wavs/rvc_outputs/rvc_539354_01443.wav,spoof,hi-en,539354,cm02,rvc,clean,eval,0.9959976673126221
${DATA_ROOT}/rvc_cm02/rvc_converted_wavs/rvc_outputs/rvc_539354_01445.wav,spoof,hi-en,539354,cm02,rvc,clean,eval,0.9474503397941589
${DATA_ROOT}/rvc_cm02/rvc_converted_wavs/rvc_outputs/rvc_539354_01446.wav,spoof,hi-en,539354,cm02,rvc,clean,eval,0.8840811848640442
${DATA_ROOT}/rvc_cm02/rvc_converted_wavs/rvc_outputs/rvc_539354_01448.wav,spoof,hi-en,539354,cm02,rvc,clean,eval,0.08493369817733765
${DATA_ROOT}/rvc_cm02/rvc_converted_wavs/rvc_outputs/rvc_539354_01449.wav,spoof,hi-en,539354,cm02,rvc,clean,eval,0.9978857636451721
${DATA_ROOT}/rvc_cm02/rvc_converted_wavs/rvc_outputs/rvc_539354_01450.wav,spoof,hi-en,539354,cm02,rvc,clean,eval,0.9979140162467957
${DATA_ROOT}/rvc_cm02/rvc_converted_wavs/rvc_outputs/rvc_539354_01451.wav,spoof,hi-en,539354,cm02,rvc,clean,eval,0.9966854453086853
${DATA_ROOT}/rvc_cm02/rvc_converted_wavs/rvc_outputs/rvc_539354_01452.wav,spoof,hi-en,539354,cm02,rvc,clean,eval,0.3384600281715393
${DATA_ROOT}/rvc_cm02/rvc_converted_wavs/rvc_outputs/rvc_539354_01453.wav,spoof,hi-en,539354,cm02,rvc,clean,eval,0.9988584518432617
${DATA_ROOT}/rvc_cm02/rvc_converted_wavs/rvc_outputs/rvc_539354_01454.wav,spoof,hi-en,539354,cm02,rvc,clean,eval,0.9653744697570801
${DATA_ROOT}/rvc_cm02/rvc_converted_wavs/rvc_outputs/rvc_539354_01455.wav,spoof,hi-en,539354,cm02,rvc,clean,eval,0.007527277339249849
${DATA_ROOT}/rvc_cm02/rvc_converted_wavs/rvc_outputs/rvc_539354_01456.wav,spoof,hi-en,539354,cm02,rvc,clean,eval,0.009617851115763187
${DATA_ROOT}/rvc_cm02/rvc_converted_wavs/rvc_outputs/rvc_539354_01457.wav,spoof,hi-en,539354,cm02,rvc,clean,eval,0.9943893551826477
${DATA_ROOT}/rvc_cm02/rvc_converted_wavs/rvc_outputs/rvc_539354_01458.wav,spoof,hi-en,539354,cm02,rvc,clean,eval,0.9987486600875854
${DATA_ROOT}/rvc_cm02/rvc_converted_wavs/rvc_outputs/rvc_539354_01459.wav,spoof,hi-en,539354,cm02,rvc,clean,eval,0.9987366795539856
${DATA_ROOT}/rvc_cm02/rvc_converted_wavs/rvc_outputs/rvc_539354_01460.wav,spoof,hi-en,539354,cm02,rvc,clean,eval,0.9986810088157654
${DATA_ROOT}/rvc_cm02/rvc_converted_wavs/rvc_outputs/rvc_539354_01461.wav,spoof,hi-en,539354,cm02,rvc,clean,eval,0.19138285517692566
${DATA_ROOT}/rvc_cm02/rvc_converted_wavs/rvc_outputs/rvc_539354_01462.wav,spoof,hi-en,539354,cm02,rvc,clean,eval,0.9279153347015381
${DATA_ROOT}/rvc_cm02/rvc_converted_wavs/rvc_outputs/rvc_539354_01463.wav,spoof,hi-en,539354,cm02,rvc,clean,eval,0.9989835619926453
${DATA_ROOT}/rvc_cm02/rvc_converted_wavs/rvc_outputs/rvc_539354_01464.wav,spoof,hi-en,539354,cm02,rvc,clean,eval,0.006871550809592009
${DATA_ROOT}/rvc_cm02/rvc_converted_wavs/rvc_outputs/rvc_539354_01465.wav,spoof,hi-en,539354,cm02,rvc,clean,eval,0.0018724646652117372
${DATA_ROOT}/rvc_cm02/rvc_converted_wavs/rvc_outputs/rvc_539354_01466.wav,spoof,hi-en,539354,cm02,rvc,clean,eval,0.9828193783760071
${DATA_ROOT}/rvc_cm02/rvc_converted_wavs/rvc_outputs/rvc_539354_01467.wav,spoof,hi-en,539354,cm02,rvc,clean,eval,0.029600605368614197
${DATA_ROOT}/rvc_cm02/rvc_converted_wavs/rvc_outputs/rvc_539354_01468.wav,spoof,hi-en,539354,cm02,rvc,clean,eval,0.0009508092189207673
${DATA_ROOT}/rvc_cm02/rvc_converted_wavs/rvc_outputs/rvc_539354_01470.wav,spoof,hi-en,539354,cm02,rvc,clean,eval,0.9943466782569885
${DATA_ROOT}/rvc_cm02/rvc_converted_wavs/rvc_outputs/rvc_539354_01471.wav,spoof,hi-en,539354,cm02,rvc,clean,eval,0.9996395111083984
${DATA_ROOT}/rvc_cm02/rvc_converted_wavs/rvc_outputs/rvc_539354_01472.wav,spoof,hi-en,539354,cm02,rvc,clean,eval,0.005470254924148321
${DATA_ROOT}/rvc_cm02/rvc_converted_wavs/rvc_outputs/rvc_539354_01473.wav,spoof,hi-en,539354,cm02,rvc,clean,eval,0.9755926728248596
${DATA_ROOT}/rvc_cm02/rvc_converted_wavs/rvc_outputs/rvc_539354_01474.wav,spoof,hi-en,539354,cm02,rvc,clean,eval,0.9991611242294312
${DATA_ROOT}/rvc_cm02/rvc_converted_wavs/rvc_outputs/rvc_539354_01475.wav,spoof,hi-en,539354,cm02,rvc,clean,eval,0.9971051812171936
${DATA_ROOT}/rvc_cm02/rvc_converted_wavs/rvc_outputs/rvc_539354_01476.wav,spoof,hi-en,539354,cm02,rvc,clean,eval,0.07370984554290771
${DATA_ROOT}/rvc_cm02/rvc_converted_wavs/rvc_outputs/rvc_539354_01477.wav,spoof,hi-en,539354,cm02,rvc,clean,eval,0.9991660118103027
${DATA_ROOT}/rvc_cm02/rvc_converted_wavs/rvc_outputs/rvc_539354_01478.wav,spoof,hi-en,539354,cm02,rvc,clean,eval,0.9867355823516846
${DATA_ROOT}/rvc_cm02/rvc_converted_wavs/rvc_outputs/rvc_539354_01479.wav,spoof,hi-en,539354,cm02,rvc,clean,eval,0.9961667656898499
${DATA_ROOT}/rvc_cm02/rvc_converted_wavs/rvc_outputs/rvc_539354_01480.wav,spoof,hi-en,539354,cm02,rvc,clean,eval,0.014443141408264637
${DATA_ROOT}/rvc_cm02/rvc_converted_wavs/rvc_outputs/rvc_539354_01481.wav,spoof,hi-en,539354,cm02,rvc,clean,eval,0.0009204522357322276
${DATA_ROOT}/rvc_cm02/rvc_converted_wavs/rvc_outputs/rvc_539354_01482.wav,spoof,hi-en,539354,cm02,rvc,clean,eval,0.9823285937309265
${DATA_ROOT}/rvc_cm02/rvc_converted_wavs/rvc_outputs/rvc_539354_01483.wav,spoof,hi-en,539354,cm02,rvc,clean,eval,0.00041820938349701464
${DATA_ROOT}/rvc_cm02/rvc_converted_wavs/rvc_outputs/rvc_539354_01484.wav,spoof,hi-en,539354,cm02,rvc,clean,eval,0.023907305672764778
${DATA_ROOT}/rvc_cm02/rvc_converted_wavs/rvc_outputs/rvc_539354_01485.wav,spoof,hi-en,539354,cm02,rvc,clean,eval,0.0005995778483338654
${DATA_ROOT}/rvc_cm02/rvc_converted_wavs/rvc_outputs/rvc_539354_01486.wav,spoof,hi-en,539354,cm02,rvc,clean,eval,0.000559953972697258
${DATA_ROOT}/rvc_cm02/rvc_converted_wavs/rvc_outputs/rvc_539354_01487.wav,spoof,hi-en,539354,cm02,rvc,clean,eval,0.9984433054924011
${DATA_ROOT}/rvc_cm02/rvc_converted_wavs/rvc_outputs/rvc_539354_01488.wav,spoof,hi-en,539354,cm02,rvc,clean,eval,0.3900027573108673
${DATA_ROOT}/rvc_cm02/rvc_converted_wavs/rvc_outputs/rvc_539354_01489.wav,spoof,hi-en,539354,cm02,rvc,clean,eval,0.9989792108535767
${DATA_ROOT}/rvc_cm02/rvc_converted_wavs/rvc_outputs/rvc_539354_01490.wav,spoof,hi-en,539354,cm02,rvc,clean,eval,0.993520200252533
${DATA_ROOT}/rvc_cm02/rvc_converted_wavs/rvc_outputs/rvc_539354_01491.wav,spoof,hi-en,539354,cm02,rvc,clean,eval,0.9986555576324463
${DATA_ROOT}/rvc_cm02/rvc_converted_wavs/rvc_outputs/rvc_539354_01493.wav,spoof,hi-en,539354,cm02,rvc,clean,eval,0.9975706934928894
${DATA_ROOT}/rvc_cm02/rvc_converted_wavs/rvc_outputs/rvc_539354_01494.wav,spoof,hi-en,539354,cm02,rvc,clean,eval,0.11491649597883224
${DATA_ROOT}/rvc_cm02/rvc_converted_wavs/rvc_outputs/rvc_539354_01495.wav,spoof,hi-en,539354,cm02,rvc,clean,eval,0.9996477365493774
${DATA_ROOT}/rvc_cm02/rvc_converted_wavs/rvc_outputs/rvc_539354_01496.wav,spoof,hi-en,539354,cm02,rvc,clean,eval,0.9985201954841614
${DATA_ROOT}/rvc_cm02/rvc_converted_wavs/rvc_outputs/rvc_539354_01497.wav,spoof,hi-en,539354,cm02,rvc,clean,eval,0.7186134457588196
${DATA_ROOT}/rvc_cm02/rvc_converted_wavs/rvc_outputs/rvc_539354_01498.wav,spoof,hi-en,539354,cm02,rvc,clean,eval,0.999470055103302
${DATA_ROOT}/rvc_cm02/rvc_converted_wavs/rvc_outputs/rvc_539354_01499.wav,spoof,hi-en,539354,cm02,rvc,clean,eval,0.9938896894454956
${DATA_ROOT}/rvc_cm02/rvc_converted_wavs/rvc_outputs/rvc_539354_01500.wav,spoof,hi-en,539354,cm02,rvc,clean,eval,0.3776393532752991
