filepath,label,language,speaker,source,tool,condition,utt_id,split,score
${DATA_ROOT}/clips/111627_bYPRSx2sjXooUdv8_0000.wav,bonafide,hi-en,111627,mucs2021,none,channel_g711_20db,111627_bYPRSx2sjXooUdv8_0000,eval,0.9990050196647644
${DATA_ROOT}/clips/111627_bYPRSx2sjXooUdv8_0001.wav,bonafide,hi-en,111627,mucs2021,none,channel_g711_20db,111627_bYPRSx2sjXooUdv8_0001,eval,0.999290943145752
${DATA_ROOT}/clips/111627_bYPRSx2sjXooUdv8_0002.wav,bonafide,hi-en,111627,mucs2021,none,channel_g711_20db,111627_bYPRSx2sjXooUdv8_0002,eval,0.9994518160820007
${DATA_ROOT}/clips/111627_bYPRSx2sjXooUdv8_0003.wav,bonafide,hi-en,111627,mucs2021,none,channel_g711_20db,111627_bYPRSx2sjXooUdv8_0003,eval,0.9992988109588623
${DATA_ROOT}/clips/111627_bYPRSx2sjXooUdv8_0004.wav,bonafide,hi-en,111627,mucs2021,none,channel_g711_20db,111627_bYPRSx2sjXooUdv8_0004,eval,0.9987581968307495
${DATA_ROOT}/clips/111627_bYPRSx2sjXooUdv8_0005.wav,bonafide,hi-en,111627,mucs2021,none,channel_g711_20db,111627_bYPRSx2sjXooUdv8_0005,eval,0.9970832467079163
${DATA_ROOT}/clips/111627_bYPRSx2sjXooUdv8_0006.wav,bonafide,hi-en,111627,mucs2021,none,channel_g711_20db,111627_bYPRSx2sjXooUdv8_0006,eval,0.9988359808921814
${DATA_ROOT}/clips/111627_bYPRSx2sjXooUdv8_0007.wav,bonafide,hi-en,111627,mucs2021,none,channel_g711_20db,111627_bYPRSx2sjXooUdv8_0007,eval,0.9988853335380554
${DATA_ROOT}/clips/111627_bYPRSx2sjXooUdv8_0008.wav,bonafide,hi-en,111627,mucs2021,none,channel_g711_20db,111627_bYPRSx2sjXooUdv8_0008,eval,0.9994420409202576
${DATA_ROOT}/clips/111627_bYPRSx2sjXooUdv8_0009.wav,bonafide,hi-en,111627,mucs2021,none,channel_g711_20db,111627_bYPRSx2sjXooUdv8_0009,eval,0.9975728392601013
${DATA_ROOT}/clips/111627_bYPRSx2sjXooUdv8_0010.wav,bonafide,hi-en,111627,mucs2021,none,channel_g711_20db,111627_bYPRSx2sjXooUdv8_0010,eval,0.9992801547050476
${DATA_ROOT}/clips/111627_bYPRSx2sjXooUdv8_0011.wav,bonafide,hi-en,111627,mucs2021,none,channel_g711_20db,111627_bYPRSx2sjXooUdv8_0011,eval,0.9994161128997803
${DATA_ROOT}/clips/111627_bYPRSx2sjXooUdv8_0012.wav,bonafide,hi-en,111627,mucs2021,none,channel_g711_20db,111627_bYPRSx2sjXooUdv8_0012,eval,0.999524712562561
${DATA_ROOT}/clips/111627_bYPRSx2sjXooUdv8_0013.wav,bonafide,hi-en,111627,mucs2021,none,channel_g711_20db,111627_bYPRSx2sjXooUdv8_0013,eval,0.9992738366127014
${DATA_ROOT}/clips/111627_bYPRSx2sjXooUdv8_0014.wav,bonafide,hi-en,111627,mucs2021,none,channel_g711_20db,111627_bYPRSx2sjXooUdv8_0014,eval,0.9986286163330078
${DATA_ROOT}/clips/111627_bYPRSx2sjXooUdv8_0015.wav,bonafide,hi-en,111627,mucs2021,none,channel_g711_20db,111627_bYPRSx2sjXooUdv8_0015,eval,0.9994387030601501
${DATA_ROOT}/clips/111627_bYPRSx2sjXooUdv8_0016.wav,bonafide,hi-en,111627,mucs2021,none,channel_g711_20db,111627_bYPRSx2sjXooUdv8_0016,eval,0.9994367957115173
${DATA_ROOT}/clips/111627_bYPRSx2sjXooUdv8_0017.wav,bonafide,hi-en,111627,mucs2021,none,channel_g711_20db,111627_bYPRSx2sjXooUdv8_0017,eval,0.9985124468803406
${DATA_ROOT}/clips/111627_bYPRSx2sjXooUdv8_0018.wav,bonafide,hi-en,111627,mucs2021,none,channel_g711_20db,111627_bYPRSx2sjXooUdv8_0018,eval,0.9994934797286987
${DATA_ROOT}/clips/111627_bYPRSx2sjXooUdv8_0019.wav,bonafide,hi-en,111627,mucs2021,none,channel_g711_20db,111627_bYPRSx2sjXooUdv8_0019,eval,0.9987704157829285
${DATA_ROOT}/clips/111627_bYPRSx2sjXooUdv8_0020.wav,bonafide,hi-en,111627,mucs2021,none,channel_g711_20db,111627_bYPRSx2sjXooUdv8_0020,eval,0.9982185959815979
${DATA_ROOT}/clips/111627_bYPRSx2sjXooUdv8_0021.wav,bonafide,hi-en,111627,mucs2021,none,channel_g711_20db,111627_bYPRSx2sjXooUdv8_0021,eval,0.9996359348297119
${DATA_ROOT}/clips/111627_bYPRSx2sjXooUdv8_0022.wav,bonafide,hi-en,111627,mucs2021,none,channel_g711_20db,111627_bYPRSx2sjXooUdv8_0022,eval,0.9993288516998291
${DATA_ROOT}/clips/111627_bYPRSx2sjXooUdv8_0023.wav,bonafide,hi-en,111627,mucs2021,none,channel_g711_20db,111627_bYPRSx2sjXooUdv8_0023,eval,0.9987599849700928
${DATA_ROOT}/clips/111627_bYPRSx2sjXooUdv8_0024.wav,bonafide,hi-en,111627,mucs2021,none,channel_g711_20db,111627_bYPRSx2sjXooUdv8_0024,eval,0.9988180994987488
${DATA_ROOT}/clips/111627_bYPRSx2sjXooUdv8_0025.wav,bonafide,hi-en,111627,mucs2021,none,channel_g711_20db,111627_bYPRSx2sjXooUdv8_0025,eval,0.996595561504364
${DATA_ROOT}/clips/111627_bYPRSx2sjXooUdv8_0026.wav,bonafide,hi-en,111627,mucs2021,none,channel_g711_20db,111627_bYPRSx2sjXooUdv8_0026,eval,0.9995037317276001
${DATA_ROOT}/clips/111627_bYPRSx2sjXooUdv8_0027.wav,bonafide,hi-en,111627,mucs2021,none,channel_g711_20db,111627_bYPRSx2sjXooUdv8_0027,eval,0.9993177652359009
${DATA_ROOT}/clips/111627_bYPRSx2sjXooUdv8_0028.wav,bonafide,hi-en,111627,mucs2021,none,channel_g711_20db,111627_bYPRSx2sjXooUdv8_0028,eval,0.998769223690033
${DATA_ROOT}/clips/111627_bYPRSx2sjXooUdv8_0029.wav,bonafide,hi-en,111627,mucs2021,none,channel_g711_20db,111627_bYPRSx2sjXooUdv8_0029,eval,0.9990336894989014
${DATA_ROOT}/clips/111627_bYPRSx2sjXooUdv8_0030.wav,bonafide,hi-en,111627,mucs2021,none,channel_g711_20db,111627_bYPRSx2sjXooUdv8_0030,eval,0.9969907999038696
${DATA_ROOT}/clips/111627_bYPRSx2sjXooUdv8_0031.wav,bonafide,hi-en,111627,mucs2021,none,channel_g711_20db,111627_bYPRSx2sjXooUdv8_0031,eval,0.9991698265075684
${DATA_ROOT}/clips/111627_bYPRSx2sjXooUdv8_0032.wav,bonafide,hi-en,111627,mucs2021,none,channel_g711_20db,111627_bYPRSx2sjXooUdv8_0032,eval,0.9954333901405334
${DATA_ROOT}/clips/111627_bYPRSx2sjXooUdv8_0033.wav,bonafide,hi-en,111627,mucs2021,none,channel_g711_20db,111627_bYPRSx2sjXooUdv8_0033,eval,0.9969596862792969
${DATA_ROOT}/clips/111627_bYPRSx2sjXooUdv8_0034.wav,bonafide,hi-en,111627,mucs2021,none,channel_g711_20db,111627_bYPRSx2sjXooUdv8_0034,eval,0.9627640843391418
${DATA_ROOT}/clips/111627_bYPRSx2sjXooUdv8_0035.wav,bonafide,hi-en,111627,mucs2021,none,channel_g711_20db,111627_bYPRSx2sjXooUdv8_0035,eval,0.9986680746078491
${DATA_ROOT}/clips/111627_bYPRSx2sjXooUdv8_0036.wav,bonafide,hi-en,111627,mucs2021,none,channel_g711_20db,111627_bYPRSx2sjXooUdv8_0036,eval,0.9985719919204712
${DATA_ROOT}/clips/111627_bYPRSx2sjXooUdv8_0037.wav,bonafide,hi-en,111627,mucs2021,none,channel_g711_20db,111627_bYPRSx2sjXooUdv8_0037,eval,0.9975605010986328
${DATA_ROOT}/clips/111627_bYPRSx2sjXooUdv8_0038.wav,bonafide,hi-en,111627,mucs2021,none,channel_g711_20db,111627_bYPRSx2sjXooUdv8_0038,eval,0.9990471005439758
${DATA_ROOT}/clips/111627_bYPRSx2sjXooUdv8_0039.wav,bonafide,hi-en,111627,mucs2021,none,channel_g711_20db,111627_bYPRSx2sjXooUdv8_0039,eval,0.9994805455207825
${DATA_ROOT}/clips/111627_bYPRSx2sjXooUdv8_0040.wav,bonafide,hi-en,111627,mucs2021,none,channel_g711_20db,111627_bYPRSx2sjXooUdv8_0040,eval,0.9995405673980713
${DATA_ROOT}/clips/111627_bYPRSx2sjXooUdv8_0041.wav,bonafide,hi-en,111627,mucs2021,none,channel_g711_20db,111627_bYPRSx2sjXooUdv8_0041,eval,0.9924331903457642
${DATA_ROOT}/clips/111627_bYPRSx2sjXooUdv8_0042.wav,bonafide,hi-en,111627,mucs2021,none,channel_g711_20db,111627_bYPRSx2sjXooUdv8_0042,eval,0.9950259327888489
${DATA_ROOT}/clips/111627_bYPRSx2sjXooUdv8_0043.wav,bonafide,hi-en,111627,mucs2021,none,channel_g711_20db,111627_bYPRSx2sjXooUdv8_0043,eval,0.9988870024681091
${DATA_ROOT}/clips/111627_bYPRSx2sjXooUdv8_0044.wav,bonafide,hi-en,111627,mucs2021,none,channel_g711_20db,111627_bYPRSx2sjXooUdv8_0044,eval,0.9951743483543396
${DATA_ROOT}/clips/111627_bYPRSx2sjXooUdv8_0045.wav,bonafide,hi-en,111627,mucs2021,none,channel_g711_20db,111627_bYPRSx2sjXooUdv8_0045,eval,0.9991393089294434
${DATA_ROOT}/clips/111627_bYPRSx2sjXooUdv8_0046.wav,bonafide,hi-en,111627,mucs2021,none,channel_g711_20db,111627_bYPRSx2sjXooUdv8_0046,eval,0.9986293315887451
${DATA_ROOT}/clips/111627_bYPRSx2sjXooUdv8_0047.wav,bonafide,hi-en,111627,mucs2021,none,channel_g711_20db,111627_bYPRSx2sjXooUdv8_0047,eval,0.9995478987693787
${DATA_ROOT}/clips/111627_bYPRSx2sjXooUdv8_0048.wav,bonafide,hi-en,111627,mucs2021,none,channel_g711_20db,111627_bYPRSx2sjXooUdv8_0048,eval,0.9982960820198059
${DATA_ROOT}/clips/111627_bYPRSx2sjXooUdv8_0049.wav,bonafide,hi-en,111627,mucs2021,none,channel_g711_20db,111627_bYPRSx2sjXooUdv8_0049,eval,0.9991605281829834
${DATA_ROOT}/clips/111627_bYPRSx2sjXooUdv8_0050.wav,bonafide,hi-en,111627,mucs2021,none,channel_g711_20db,111627_bYPRSx2sjXooUdv8_0050,eval,0.9993220567703247
${DATA_ROOT}/clips/111627_bYPRSx2sjXooUdv8_0051.wav,bonafide,hi-en,111627,mucs2021,none,channel_g711_20db,111627_bYPRSx2sjXooUdv8_0051,eval,0.999616265296936
${DATA_ROOT}/clips/111627_bYPRSx2sjXooUdv8_0052.wav,bonafide,hi-en,111627,mucs2021,none,channel_g711_20db,111627_bYPRSx2sjXooUdv8_0052,eval,0.9986246824264526
${DATA_ROOT}/clips/111627_bYPRSx2sjXooUdv8_0053.wav,bonafide,hi-en,111627,mucs2021,none,channel_g711_20db,111627_bYPRSx2sjXooUdv8_0053,eval,0.9960945248603821
${DATA_ROOT}/clips/111627_bYPRSx2sjXooUdv8_0054.wav,bonafide,hi-en,111627,mucs2021,none,channel_g711_20db,111627_bYPRSx2sjXooUdv8_0054,eval,0.9994087219238281
${DATA_ROOT}/clips/111627_bYPRSx2sjXooUdv8_0055.wav,bonafide,hi-en,111627,mucs2021,none,channel_g711_20db,111627_bYPRSx2sjXooUdv8_0055,eval,0.9993904829025269
${DATA_ROOT}/clips/111627_bYPRSx2sjXooUdv8_0056.wav,bonafide,hi-en,111627,mucs2021,none,channel_g711_20db,111627_bYPRSx2sjXooUdv8_0056,eval,0.9987322688102722
${DATA_ROOT}/clips/111627_bYPRSx2sjXooUdv8_0057.wav,bonafide,hi-en,111627,mucs2021,none,channel_g711_20db,111627_bYPRSx2sjXooUdv8_0057,eval,0.9987215399742126
${DATA_ROOT}/clips/111627_bYPRSx2sjXooUdv8_0058.wav,bonafide,hi-en,111627,mucs2021,none,channel_g711_20db,111627_bYPRSx2sjXooUdv8_0058,eval,0.9992461204528809
${DATA_ROOT}/clips/111627_bYPRSx2sjXooUdv8_0059.wav,bonafide,hi-en,111627,mucs2021,none,channel_g711_20db,111627_bYPRSx2sjXooUdv8_0059,eval,0.9976047277450562
${DATA_ROOT}/clips/111627_bYPRSx2sjXooUdv8_0060.wav,bonafide,hi-en,111627,mucs2021,none,channel_g711_20db,111627_bYPRSx2sjXooUdv8_0060,eval,0.9992769360542297
${DATA_ROOT}/clips/111627_bYPRSx2sjXooUdv8_0061.wav,bonafide,hi-en,111627,mucs2021,none,channel_g711_20db,111627_bYPRSx2sjXooUdv8_0061,eval,0.9986395239830017
${DATA_ROOT}/clips/111627_bYPRSx2sjXooUdv8_0062.wav,bonafide,hi-en,111627,mucs2021,none,channel_g711_20db,111627_bYPRSx2sjXooUdv8_0062,eval,0.9984633922576904
${DATA_ROOT}/clips/111627_bYPRSx2sjXooUdv8_0063.wav,bonafide,hi-en,111627,mucs2021,none,channel_g711_20db,111627_bYPRSx2sjXooUdv8_0063,eval,0.9983173608779907
${DATA_ROOT}/clips/111627_bYPRSx2sjXooUdv8_0064.wav,bonafide,hi-en,111627,mucs2021,none,channel_g711_20db,111627_bYPRSx2sjXooUdv8_0064,eval,0.9993112087249756
${DATA_ROOT}/clips/111627_bYPRSx2sjXooUdv8_0065.wav,bonafide,hi-en,111627,mucs2021,none,channel_g711_20db,111627_bYPRSx2sjXooUdv8_0065,eval,0.993328332901001
${DATA_ROOT}/clips/111627_bYPRSx2sjXooUdv8_0066.wav,bonafide,hi-en,111627,mucs2021,none,channel_g711_20db,111627_bYPRSx2sjXooUdv8_0066,eval,0.9994077682495117
${DATA_ROOT}/clips/111627_bYPRSx2sjXooUdv8_0067.wav,bonafide,hi-en,111627,mucs2021,none,channel_g711_20db,111627_bYPRSx2sjXooUdv8_0067,eval,0.9995806813240051
${DATA_ROOT}/clips/111627_bYPRSx2sjXooUdv8_0068.wav,bonafide,hi-en,111627,mucs2021,none,channel_g711_20db,111627_bYPRSx2sjXooUdv8_0068,eval,0.9992129802703857
${DATA_ROOT}/clips/111627_bYPRSx2sjXooUdv8_0069.wav,bonafide,hi-en,111627,mucs2021,none,channel_g711_20db,111627_bYPRSx2sjXooUdv8_0069,eval,0.9966824650764465
${DATA_ROOT}/clips/111627_bYPRSx2sjXooUdv8_0070.wav,bonafide,hi-en,111627,mucs2021,none,channel_g711_20db,111627_bYPRSx2sjXooUdv8_0070,eval,0.9990434050559998
${DATA_ROOT}/clips/111627_bYPRSx2sjXooUdv8_0071.wav,bonafide,hi-en,111627,mucs2021,none,channel_g711_20db,111627_bYPRSx2sjXooUdv8_0071,eval,0.9989111423492432
${DATA_ROOT}/clips/111627_bYPRSx2sjXooUdv8_0072.wav,bonafide,hi-en,111627,mucs2021,none,channel_g711_20db,111627_bYPRSx2sjXooUdv8_0072,eval,0.9953933954238892
${DATA_ROOT}/clips/111627_bYPRSx2sjXooUdv8_0073.wav,bonafide,hi-en,111627,mucs2021,none,channel_g711_20db,111627_bYPRSx2sjXooUdv8_0073,eval,0.9971677660942078
${DATA_ROOT}/clips/111627_bYPRSx2sjXooUdv8_0074.wav,bonafide,hi-en,111627,mucs2021,none,channel_g711_20db,111627_bYPRSx2sjXooUdv8_0074,eval,0.9995514750480652
${DATA_ROOT}/clips/111627_bYPRSx2sjXooUdv8_0075.wav,bonafide,hi-en,111627,mucs2021,none,channel_g711_20db,111627_bYPRSx2sjXooUdv8_0075,eval,0.9927716851234436
${DATA_ROOT}/clips/111627_bYPRSx2sjXooUdv8_0076.wav,bonafide,hi-en,111627,mucs2021,none,channel_g711_20db,111627_bYPRSx2sjXooUdv8_0076,eval,0.998586893081665
${DATA_ROOT}/clips/111627_bYPRSx2sjXooUdv8_0077.wav,bonafide,hi-en,111627,mucs2021,none,channel_g711_20db,111627_bYPRSx2sjXooUdv8_0077,eval,0.9986590147018433
${DATA_ROOT}/clips/111627_bYPRSx2sjXooUdv8_0078.wav,bonafide,hi-en,111627,mucs2021,none,channel_g711_20db,111627_bYPRSx2sjXooUdv8_0078,eval,0.999476969242096
${DATA_ROOT}/clips/111627_bYPRSx2sjXooUdv8_0079.wav,bonafide,hi-en,111627,mucs2021,none,channel_g711_20db,111627_bYPRSx2sjXooUdv8_0079,eval,0.9968055486679077
${DATA_ROOT}/clips/111627_bYPRSx2sjXooUdv8_0080.wav,bonafide,hi-en,111627,mucs2021,none,channel_g711_20db,111627_bYPRSx2sjXooUdv8_0080,eval,0.9979792237281799
${DATA_ROOT}/clips/111627_bYPRSx2sjXooUdv8_0081.wav,bonafide,hi-en,111627,mucs2021,none,channel_g711_20db,111627_bYPRSx2sjXooUdv8_0081,eval,0.9983159303665161
${DATA_ROOT}/clips/111627_bYPRSx2sjXooUdv8_0082.wav,bonafide,hi-en,111627,mucs2021,none,channel_g711_20db,111627_bYPRSx2sjXooUdv8_0082,eval,0.9982388019561768
${DATA_ROOT}/clips/111627_bYPRSx2sjXooUdv8_0083.wav,bonafide,hi-en,111627,mucs2021,none,channel_g711_20db,111627_bYPRSx2sjXooUdv8_0083,eval,0.997650682926178
${DATA_ROOT}/clips/111627_bYPRSx2sjXooUdv8_0084.wav,bonafide,hi-en,111627,mucs2021,none,channel_g711_20db,111627_bYPRSx2sjXooUdv8_0084,eval,0.9994140863418579
${DATA_ROOT}/clips/111627_bYPRSx2sjXooUdv8_0085.wav,bonafide,hi-en,111627,mucs2021,none,channel_g711_20db,111627_bYPRSx2sjXooUdv8_0085,eval,0.9987155199050903
${DATA_ROOT}/clips/111627_bYPRSx2sjXooUdv8_0086.wav,bonafide,hi-en,111627,mucs2021,none,channel_g711_20db,111627_bYPRSx2sjXooUdv8_0086,eval,0.9984229803085327
${DATA_ROOT}/clips/111627_bYPRSx2sjXooUdv8_0087.wav,bonafide,hi-en,111627,mucs2021,none,channel_g711_20db,111627_bYPRSx2sjXooUdv8_0087,eval,0.9988264441490173
${DATA_ROOT}/clips/111627_bYPRSx2sjXooUdv8_0088.wav,bonafide,hi-en,111627,mucs2021,none,channel_g711_20db,111627_bYPRSx2sjXooUdv8_0088,eval,0.9992274045944214
${DATA_ROOT}/clips/111627_bYPRSx2sjXooUdv8_0089.wav,bonafide,hi-en,111627,mucs2021,none,channel_g711_20db,111627_bYPRSx2sjXooUdv8_0089,eval,0.9965108036994934
${DATA_ROOT}/clips/111627_bYPRSx2sjXooUdv8_0090.wav,bonafide,hi-en,111627,mucs2021,none,channel_g711_20db,111627_bYPRSx2sjXooUdv8_0090,eval,0.9986907839775085
${DATA_ROOT}/clips/111627_bYPRSx2sjXooUdv8_0091.wav,bonafide,hi-en,111627,mucs2021,none,channel_g711_20db,111627_bYPRSx2sjXooUdv8_0091,eval,0.9976798892021179
${DATA_ROOT}/clips/111627_bYPRSx2sjXooUdv8_0092.wav,bonafide,hi-en,111627,mucs2021,none,channel_g711_20db,111627_bYPRSx2sjXooUdv8_0092,eval,0.9989884495735168
${DATA_ROOT}/clips/111627_bYPRSx2sjXooUdv8_0093.wav,bonafide,hi-en,111627,mucs2021,none,channel_g711_20db,111627_bYPRSx2sjXooUdv8_0093,eval,0.9994595646858215
${DATA_ROOT}/clips/111627_bYPRSx2sjXooUdv8_0094.wav,bonafide,hi-en,111627,mucs2021,none,channel_g711_20db,111627_bYPRSx2sjXooUdv8_0094,eval,0.9974952936172485
${DATA_ROOT}/clips/111627_bYPRSx2sjXooUdv8_0095.wav,bonafide,hi-en,111627,mucs2021,none,channel_g711_20db,111627_bYPRSx2sjXooUdv8_0095,eval,0.9991433620452881
${DATA_ROOT}/clips/111627_bYPRSx2sjXooUdv8_0096.wav,bonafide,hi-en,111627,mucs2021,none,channel_g711_20db,111627_bYPRSx2sjXooUdv8_0096,eval,0.997992992401123
${DATA_ROOT}/clips/111627_bYPRSx2sjXooUdv8_0097.wav,bonafide,hi-en,111627,mucs2021,none,channel_g711_20db,111627_bYPRSx2sjXooUdv8_0097,eval,0.9954598546028137
${DATA_ROOT}/clips/111627_bYPRSx2sjXooUdv8_0098.wav,bonafide,hi-en,111627,mucs2021,none,channel_g711_20db,111627_bYPRSx2sjXooUdv8_0098,eval,0.9916921854019165
${DATA_ROOT}/clips/111627_bYPRSx2sjXooUdv8_0099.wav,bonafide,hi-en,111627,mucs2021,none,channel_g711_20db,111627_bYPRSx2sjXooUdv8_0099,eval,0.9965534210205078
${DATA_ROOT}/clips/111627_bYPRSx2sjXooUdv8_0100.wav,bonafide,hi-en,111627,mucs2021,none,channel_g711_20db,111627_bYPRSx2sjXooUdv8_0100,eval,0.9702373147010803
${DATA_ROOT}/clips/111627_bYPRSx2sjXooUdv8_0101.wav,bonafide,hi-en,111627,mucs2021,none,channel_g711_20db,111627_bYPRSx2sjXooUdv8_0101,eval,0.9994962215423584
${DATA_ROOT}/clips/111627_bYPRSx2sjXooUdv8_0102.wav,bonafide,hi-en,111627,mucs2021,none,channel_g711_20db,111627_bYPRSx2sjXooUdv8_0102,eval,0.9990298748016357
${DATA_ROOT}/clips/111627_bYPRSx2sjXooUdv8_0103.wav,bonafide,hi-en,111627,mucs2021,none,channel_g711_20db,111627_bYPRSx2sjXooUdv8_0103,eval,0.999626874923706
${DATA_ROOT}/clips/111627_bYPRSx2sjXooUdv8_0104.wav,bonafide,hi-en,111627,mucs2021,none,channel_g711_20db,111627_bYPRSx2sjXooUdv8_0104,eval,0.9983822107315063
${DATA_ROOT}/clips/111627_bYPRSx2sjXooUdv8_0105.wav,bonafide,hi-en,111627,mucs2021,none,channel_g711_20db,111627_bYPRSx2sjXooUdv8_0105,eval,0.9971627593040466
${DATA_ROOT}/clips/111627_bYPRSx2sjXooUdv8_0106.wav,bonafide,hi-en,111627,mucs2021,none,channel_g711_20db,111627_bYPRSx2sjXooUdv8_0106,eval,0.9987332224845886
${DATA_ROOT}/clips/111627_bYPRSx2sjXooUdv8_0107.wav,bonafide,hi-en,111627,mucs2021,none,channel_g711_20db,111627_bYPRSx2sjXooUdv8_0107,eval,0.9991649389266968
${DATA_ROOT}/clips/111627_bYPRSx2sjXooUdv8_0108.wav,bonafide,hi-en,111627,mucs2021,none,channel_g711_20db,111627_bYPRSx2sjXooUdv8_0108,eval,0.9283053278923035
${DATA_ROOT}/clips/111627_bYPRSx2sjXooUdv8_0109.wav,bonafide,hi-en,111627,mucs2021,none,channel_g711_20db,111627_bYPRSx2sjXooUdv8_0109,eval,0.9996151924133301
${DATA_ROOT}/clips/111627_bYPRSx2sjXooUdv8_0110.wav,bonafide,hi-en,111627,mucs2021,none,channel_g711_20db,111627_bYPRSx2sjXooUdv8_0110,eval,0.9985896944999695
${DATA_ROOT}/clips/111627_bYPRSx2sjXooUdv8_0111.wav,bonafide,hi-en,111627,mucs2021,none,channel_g711_20db,111627_bYPRSx2sjXooUdv8_0111,eval,0.9986823201179504
${DATA_ROOT}/clips/111627_bYPRSx2sjXooUdv8_0112.wav,bonafide,hi-en,111627,mucs2021,none,channel_g711_20db,111627_bYPRSx2sjXooUdv8_0112,eval,0.9992037415504456
${DATA_ROOT}/clips/111627_bYPRSx2sjXooUdv8_0113.wav,bonafide,hi-en,111627,mucs2021,none,channel_g711_20db,111627_bYPRSx2sjXooUdv8_0113,eval,0.9991876482963562
${DATA_ROOT}/clips/111627_bYPRSx2sjXooUdv8_0114.wav,bonafide,hi-en,111627,mucs2021,none,channel_g711_20db,111627_bYPRSx2sjXooUdv8_0114,eval,0.9989011287689209
${DATA_ROOT}/clips/111627_bYPRSx2sjXooUdv8_0115.wav,bonafide,hi-en,111627,mucs2021,none,channel_g711_20db,111627_bYPRSx2sjXooUdv8_0115,eval,0.9993378520011902
${DATA_ROOT}/clips/111627_bYPRSx2sjXooUdv8_0116.wav,bonafide,hi-en,111627,mucs2021,none,channel_g711_20db,111627_bYPRSx2sjXooUdv8_0116,eval,0.9994033575057983
${DATA_ROOT}/clips/111627_bYPRSx2sjXooUdv8_0117.wav,bonafide,hi-en,111627,mucs2021,none,channel_g711_20db,111627_bYPRSx2sjXooUdv8_0117,eval,0.9920096397399902
${DATA_ROOT}/clips/111627_bYPRSx2sjXooUdv8_0118.wav,bonafide,hi-en,111627,mucs2021,none,channel_g711_20db,111627_bYPRSx2sjXooUdv8_0118,eval,0.9991699457168579
${DATA_ROOT}/clips/111627_bYPRSx2sjXooUdv8_0119.wav,bonafide,hi-en,111627,mucs2021,none,channel_g711_20db,111627_bYPRSx2sjXooUdv8_0119,eval,0.9976092576980591
${DATA_ROOT}/clips/111627_bYPRSx2sjXooUdv8_0120.wav,bonafide,hi-en,111627,mucs2021,none,channel_g711_20db,111627_bYPRSx2sjXooUdv8_0120,eval,0.9993084669113159
${DATA_ROOT}/clips/111627_bYPRSx2sjXooUdv8_0121.wav,bonafide,hi-en,111627,mucs2021,none,channel_g711_20db,111627_bYPRSx2sjXooUdv8_0121,eval,0.9971505999565125
${DATA_ROOT}/clips/111627_bYPRSx2sjXooUdv8_0122.wav,bonafide,hi-en,111627,mucs2021,none,channel_g711_20db,111627_bYPRSx2sjXooUdv8_0122,eval,0.9944247007369995
${DATA_ROOT}/clips/111627_bYPRSx2sjXooUdv8_0123.wav,bonafide,hi-en,111627,mucs2021,none,channel_g711_20db,111627_bYPRSx2sjXooUdv8_0123,eval,0.9709683060646057
${DATA_ROOT}/clips/111627_bYPRSx2sjXooUdv8_0124.wav,bonafide,hi-en,111627,mucs2021,none,channel_g711_20db,111627_bYPRSx2sjXooUdv8_0124,eval,0.9979130625724792
${DATA_ROOT}/clips/111627_bYPRSx2sjXooUdv8_0125.wav,bonafide,hi-en,111627,mucs2021,none,channel_g711_20db,111627_bYPRSx2sjXooUdv8_0125,eval,0.9977250695228577
${DATA_ROOT}/clips/111627_bYPRSx2sjXooUdv8_0126.wav,bonafide,hi-en,111627,mucs2021,none,channel_g711_20db,111627_bYPRSx2sjXooUdv8_0126,eval,0.9933415055274963
${DATA_ROOT}/clips/121073_hhahrO4yUEy8GC5n_0000.wav,bonafide,hi-en,121073,mucs2021,none,channel_g711_20db,121073_hhahrO4yUEy8GC5n_0000,eval,0.9925454258918762
${DATA_ROOT}/clips/121073_hhahrO4yUEy8GC5n_0001.wav,bonafide,hi-en,121073,mucs2021,none,channel_g711_20db,121073_hhahrO4yUEy8GC5n_0001,eval,0.9966210126876831
${DATA_ROOT}/clips/121073_hhahrO4yUEy8GC5n_0002.wav,bonafide,hi-en,121073,mucs2021,none,channel_g711_20db,121073_hhahrO4yUEy8GC5n_0002,eval,0.9979518055915833
${DATA_ROOT}/clips/121073_hhahrO4yUEy8GC5n_0003.wav,bonafide,hi-en,121073,mucs2021,none,channel_g711_20db,121073_hhahrO4yUEy8GC5n_0003,eval,0.9979820251464844
${DATA_ROOT}/clips/121073_hhahrO4yUEy8GC5n_0004.wav,bonafide,hi-en,121073,mucs2021,none,channel_g711_20db,121073_hhahrO4yUEy8GC5n_0004,eval,0.9960913062095642
${DATA_ROOT}/clips/121073_hhahrO4yUEy8GC5n_0005.wav,bonafide,hi-en,121073,mucs2021,none,channel_g711_20db,121073_hhahrO4yUEy8GC5n_0005,eval,0.8827933669090271
${DATA_ROOT}/clips/121073_hhahrO4yUEy8GC5n_0006.wav,bonafide,hi-en,121073,mucs2021,none,channel_g711_20db,121073_hhahrO4yUEy8GC5n_0006,eval,0.9971070885658264
${DATA_ROOT}/clips/121073_hhahrO4yUEy8GC5n_0007.wav,bonafide,hi-en,121073,mucs2021,none,channel_g711_20db,121073_hhahrO4yUEy8GC5n_0007,eval,0.03267911821603775
${DATA_ROOT}/clips/121073_hhahrO4yUEy8GC5n_0008.wav,bonafide,hi-en,121073,mucs2021,none,channel_g711_20db,121073_hhahrO4yUEy8GC5n_0008,eval,0.9958537817001343
${DATA_ROOT}/clips/121073_hhahrO4yUEy8GC5n_0009.wav,bonafide,hi-en,121073,mucs2021,none,channel_g711_20db,121073_hhahrO4yUEy8GC5n_0009,eval,0.9979472756385803
${DATA_ROOT}/clips/121073_hhahrO4yUEy8GC5n_0010.wav,bonafide,hi-en,121073,mucs2021,none,channel_g711_20db,121073_hhahrO4yUEy8GC5n_0010,eval,0.8816835284233093
${DATA_ROOT}/clips/121073_hhahrO4yUEy8GC5n_0011.wav,bonafide,hi-en,121073,mucs2021,none,channel_g711_20db,121073_hhahrO4yUEy8GC5n_0011,eval,0.9977568984031677
${DATA_ROOT}/clips/121073_hhahrO4yUEy8GC5n_0012.wav,bonafide,hi-en,121073,mucs2021,none,channel_g711_20db,121073_hhahrO4yUEy8GC5n_0012,eval,0.9731400012969971
${DATA_ROOT}/clips/121073_hhahrO4yUEy8GC5n_0013.wav,bonafide,hi-en,121073,mucs2021,none,channel_g711_20db,121073_hhahrO4yUEy8GC5n_0013,eval,0.968682587146759
${DATA_ROOT}/clips/121073_hhahrO4yUEy8GC5n_0014.wav,bonafide,hi-en,121073,mucs2021,none,channel_g711_20db,121073_hhahrO4yUEy8GC5n_0014,eval,0.9957678318023682
${DATA_ROOT}/clips/121073_hhahrO4yUEy8GC5n_0015.wav,bonafide,hi-en,121073,mucs2021,none,channel_g711_20db,121073_hhahrO4yUEy8GC5n_0015,eval,0.9855111837387085
${DATA_ROOT}/clips/121073_hhahrO4yUEy8GC5n_0016.wav,bonafide,hi-en,121073,mucs2021,none,channel_g711_20db,121073_hhahrO4yUEy8GC5n_0016,eval,0.9985485672950745
${DATA_ROOT}/clips/121073_hhahrO4yUEy8GC5n_0017.wav,bonafide,hi-en,121073,mucs2021,none,channel_g711_20db,121073_hhahrO4yUEy8GC5n_0017,eval,0.9575625658035278
${DATA_ROOT}/clips/121073_hhahrO4yUEy8GC5n_0018.wav,bonafide,hi-en,121073,mucs2021,none,channel_g711_20db,121073_hhahrO4yUEy8GC5n_0018,eval,0.9861119985580444
${DATA_ROOT}/clips/121073_hhahrO4yUEy8GC5n_0019.wav,bonafide,hi-en,121073,mucs2021,none,channel_g711_20db,121073_hhahrO4yUEy8GC5n_0019,eval,0.8218293190002441
${DATA_ROOT}/clips/121073_hhahrO4yUEy8GC5n_0020.wav,bonafide,hi-en,121073,mucs2021,none,channel_g711_20db,121073_hhahrO4yUEy8GC5n_0020,eval,0.9331148266792297
${DATA_ROOT}/clips/121073_hhahrO4yUEy8GC5n_0021.wav,bonafide,hi-en,121073,mucs2021,none,channel_g711_20db,121073_hhahrO4yUEy8GC5n_0021,eval,0.9987574815750122
${DATA_ROOT}/clips/121073_hhahrO4yUEy8GC5n_0022.wav,bonafide,hi-en,121073,mucs2021,none,channel_g711_20db,121073_hhahrO4yUEy8GC5n_0022,eval,0.9197559952735901
${DATA_ROOT}/clips/121073_hhahrO4yUEy8GC5n_0023.wav,bonafide,hi-en,121073,mucs2021,none,channel_g711_20db,121073_hhahrO4yUEy8GC5n_0023,eval,0.8884348273277283
${DATA_ROOT}/clips/121073_hhahrO4yUEy8GC5n_0024.wav,bonafide,hi-en,121073,mucs2021,none,channel_g711_20db,121073_hhahrO4yUEy8GC5n_0024,eval,0.9762475490570068
${DATA_ROOT}/clips/121073_hhahrO4yUEy8GC5n_0025.wav,bonafide,hi-en,121073,mucs2021,none,channel_g711_20db,121073_hhahrO4yUEy8GC5n_0025,eval,0.9964976906776428
${DATA_ROOT}/clips/121073_hhahrO4yUEy8GC5n_0026.wav,bonafide,hi-en,121073,mucs2021,none,channel_g711_20db,121073_hhahrO4yUEy8GC5n_0026,eval,0.9947252869606018
${DATA_ROOT}/clips/121073_hhahrO4yUEy8GC5n_0027.wav,bonafide,hi-en,121073,mucs2021,none,channel_g711_20db,121073_hhahrO4yUEy8GC5n_0027,eval,0.9726229906082153
${DATA_ROOT}/clips/121073_hhahrO4yUEy8GC5n_0028.wav,bonafide,hi-en,121073,mucs2021,none,channel_g711_20db,121073_hhahrO4yUEy8GC5n_0028,eval,0.9988163709640503
${DATA_ROOT}/clips/121073_hhahrO4yUEy8GC5n_0029.wav,bonafide,hi-en,121073,mucs2021,none,channel_g711_20db,121073_hhahrO4yUEy8GC5n_0029,eval,0.9983999133110046
${DATA_ROOT}/clips/121073_hhahrO4yUEy8GC5n_0030.wav,bonafide,hi-en,121073,mucs2021,none,channel_g711_20db,121073_hhahrO4yUEy8GC5n_0030,eval,0.9822193384170532
${DATA_ROOT}/clips/121073_hhahrO4yUEy8GC5n_0031.wav,bonafide,hi-en,121073,mucs2021,none,channel_g711_20db,121073_hhahrO4yUEy8GC5n_0031,eval,0.9037282466888428
${DATA_ROOT}/clips/121073_hhahrO4yUEy8GC5n_0032.wav,bonafide,hi-en,121073,mucs2021,none,channel_g711_20db,121073_hhahrO4yUEy8GC5n_0032,eval,0.9988148212432861
${DATA_ROOT}/clips/121073_hhahrO4yUEy8GC5n_0033.wav,bonafide,hi-en,121073,mucs2021,none,channel_g711_20db,121073_hhahrO4yUEy8GC5n_0033,eval,0.998439371585846
${DATA_ROOT}/clips/121073_hhahrO4yUEy8GC5n_0034.wav,bonafide,hi-en,121073,mucs2021,none,channel_g711_20db,121073_hhahrO4yUEy8GC5n_0034,eval,0.99744713306427
${DATA_ROOT}/clips/121073_hhahrO4yUEy8GC5n_0035.wav,bonafide,hi-en,121073,mucs2021,none,channel_g711_20db,121073_hhahrO4yUEy8GC5n_0035,eval,0.802588939666748
${DATA_ROOT}/clips/121073_hhahrO4yUEy8GC5n_0036.wav,bonafide,hi-en,121073,mucs2021,none,channel_g711_20db,121073_hhahrO4yUEy8GC5n_0036,eval,0.9983363747596741
${DATA_ROOT}/clips/121073_hhahrO4yUEy8GC5n_0037.wav,bonafide,hi-en,121073,mucs2021,none,channel_g711_20db,121073_hhahrO4yUEy8GC5n_0037,eval,0.9731912612915039
${DATA_ROOT}/clips/121073_hhahrO4yUEy8GC5n_0038.wav,bonafide,hi-en,121073,mucs2021,none,channel_g711_20db,121073_hhahrO4yUEy8GC5n_0038,eval,0.8969818949699402
${DATA_ROOT}/clips/121073_hhahrO4yUEy8GC5n_0039.wav,bonafide,hi-en,121073,mucs2021,none,channel_g711_20db,121073_hhahrO4yUEy8GC5n_0039,eval,0.9932848215103149
${DATA_ROOT}/clips/121073_hhahrO4yUEy8GC5n_0040.wav,bonafide,hi-en,121073,mucs2021,none,channel_g711_20db,121073_hhahrO4yUEy8GC5n_0040,eval,0.9982573390007019
${DATA_ROOT}/clips/121073_hhahrO4yUEy8GC5n_0041.wav,bonafide,hi-en,121073,mucs2021,none,channel_g711_20db,121073_hhahrO4yUEy8GC5n_0041,eval,0.9936350584030151
${DATA_ROOT}/clips/121073_hhahrO4yUEy8GC5n_0042.wav,bonafide,hi-en,121073,mucs2021,none,channel_g711_20db,121073_hhahrO4yUEy8GC5n_0042,eval,0.9843173027038574
${DATA_ROOT}/clips/121073_hhahrO4yUEy8GC5n_0043.wav,bonafide,hi-en,121073,mucs2021,none,channel_g711_20db,121073_hhahrO4yUEy8GC5n_0043,eval,0.9993638396263123
${DATA_ROOT}/clips/121073_hhahrO4yUEy8GC5n_0044.wav,bonafide,hi-en,121073,mucs2021,none,channel_g711_20db,121073_hhahrO4yUEy8GC5n_0044,eval,0.9641615748405457
${DATA_ROOT}/clips/121073_hhahrO4yUEy8GC5n_0045.wav,bonafide,hi-en,121073,mucs2021,none,channel_g711_20db,121073_hhahrO4yUEy8GC5n_0045,eval,0.9970247149467468
${DATA_ROOT}/clips/121073_hhahrO4yUEy8GC5n_0046.wav,bonafide,hi-en,121073,mucs2021,none,channel_g711_20db,121073_hhahrO4yUEy8GC5n_0046,eval,0.9987693428993225
${DATA_ROOT}/clips/121073_hhahrO4yUEy8GC5n_0047.wav,bonafide,hi-en,121073,mucs2021,none,channel_g711_20db,121073_hhahrO4yUEy8GC5n_0047,eval,0.9978811144828796
${DATA_ROOT}/clips/121073_hhahrO4yUEy8GC5n_0048.wav,bonafide,hi-en,121073,mucs2021,none,channel_g711_20db,121073_hhahrO4yUEy8GC5n_0048,eval,0.994376540184021
${DATA_ROOT}/clips/121073_hhahrO4yUEy8GC5n_0049.wav,bonafide,hi-en,121073,mucs2021,none,channel_g711_20db,121073_hhahrO4yUEy8GC5n_0049,eval,0.9478940367698669
${DATA_ROOT}/clips/121073_hhahrO4yUEy8GC5n_0050.wav,bonafide,hi-en,121073,mucs2021,none,channel_g711_20db,121073_hhahrO4yUEy8GC5n_0050,eval,0.9971721768379211
${DATA_ROOT}/clips/121073_hhahrO4yUEy8GC5n_0051.wav,bonafide,hi-en,121073,mucs2021,none,channel_g711_20db,121073_hhahrO4yUEy8GC5n_0051,eval,0.9986633062362671
${DATA_ROOT}/clips/121073_hhahrO4yUEy8GC5n_0052.wav,bonafide,hi-en,121073,mucs2021,none,channel_g711_20db,121073_hhahrO4yUEy8GC5n_0052,eval,0.9981416463851929
${DATA_ROOT}/clips/121073_hhahrO4yUEy8GC5n_0053.wav,bonafide,hi-en,121073,mucs2021,none,channel_g711_20db,121073_hhahrO4yUEy8GC5n_0053,eval,0.9968938827514648
${DATA_ROOT}/clips/121073_hhahrO4yUEy8GC5n_0054.wav,bonafide,hi-en,121073,mucs2021,none,channel_g711_20db,121073_hhahrO4yUEy8GC5n_0054,eval,0.8743299245834351
${DATA_ROOT}/clips/121073_hhahrO4yUEy8GC5n_0055.wav,bonafide,hi-en,121073,mucs2021,none,channel_g711_20db,121073_hhahrO4yUEy8GC5n_0055,eval,0.9555375576019287
${DATA_ROOT}/clips/121073_hhahrO4yUEy8GC5n_0056.wav,bonafide,hi-en,121073,mucs2021,none,channel_g711_20db,121073_hhahrO4yUEy8GC5n_0056,eval,0.9812983274459839
${DATA_ROOT}/clips/121073_hhahrO4yUEy8GC5n_0057.wav,bonafide,hi-en,121073,mucs2021,none,channel_g711_20db,121073_hhahrO4yUEy8GC5n_0057,eval,0.9986051917076111
${DATA_ROOT}/clips/121073_hhahrO4yUEy8GC5n_0058.wav,bonafide,hi-en,121073,mucs2021,none,channel_g711_20db,121073_hhahrO4yUEy8GC5n_0058,eval,0.9591381549835205
${DATA_ROOT}/clips/121073_hhahrO4yUEy8GC5n_0059.wav,bonafide,hi-en,121073,mucs2021,none,channel_g711_20db,121073_hhahrO4yUEy8GC5n_0059,eval,0.8834593296051025
${DATA_ROOT}/clips/121073_hhahrO4yUEy8GC5n_0060.wav,bonafide,hi-en,121073,mucs2021,none,channel_g711_20db,121073_hhahrO4yUEy8GC5n_0060,eval,0.9991061091423035
${DATA_ROOT}/clips/121073_hhahrO4yUEy8GC5n_0061.wav,bonafide,hi-en,121073,mucs2021,none,channel_g711_20db,121073_hhahrO4yUEy8GC5n_0061,eval,0.9955845475196838
${DATA_ROOT}/clips/121073_hhahrO4yUEy8GC5n_0062.wav,bonafide,hi-en,121073,mucs2021,none,channel_g711_20db,121073_hhahrO4yUEy8GC5n_0062,eval,0.9918144345283508
${DATA_ROOT}/clips/121073_hhahrO4yUEy8GC5n_0063.wav,bonafide,hi-en,121073,mucs2021,none,channel_g711_20db,121073_hhahrO4yUEy8GC5n_0063,eval,0.989797830581665
${DATA_ROOT}/clips/121073_hhahrO4yUEy8GC5n_0064.wav,bonafide,hi-en,121073,mucs2021,none,channel_g711_20db,121073_hhahrO4yUEy8GC5n_0064,eval,0.8997916579246521
${DATA_ROOT}/clips/121073_hhahrO4yUEy8GC5n_0065.wav,bonafide,hi-en,121073,mucs2021,none,channel_g711_20db,121073_hhahrO4yUEy8GC5n_0065,eval,0.995415210723877
${DATA_ROOT}/clips/121073_hhahrO4yUEy8GC5n_0066.wav,bonafide,hi-en,121073,mucs2021,none,channel_g711_20db,121073_hhahrO4yUEy8GC5n_0066,eval,0.9890230894088745
${DATA_ROOT}/clips/121073_hhahrO4yUEy8GC5n_0067.wav,bonafide,hi-en,121073,mucs2021,none,channel_g711_20db,121073_hhahrO4yUEy8GC5n_0067,eval,0.9924221634864807
${DATA_ROOT}/clips/121073_hhahrO4yUEy8GC5n_0068.wav,bonafide,hi-en,121073,mucs2021,none,channel_g711_20db,121073_hhahrO4yUEy8GC5n_0068,eval,0.9991515874862671
${DATA_ROOT}/clips/121073_hhahrO4yUEy8GC5n_0069.wav,bonafide,hi-en,121073,mucs2021,none,channel_g711_20db,121073_hhahrO4yUEy8GC5n_0069,eval,0.9974763989448547
${DATA_ROOT}/clips/121073_hhahrO4yUEy8GC5n_0070.wav,bonafide,hi-en,121073,mucs2021,none,channel_g711_20db,121073_hhahrO4yUEy8GC5n_0070,eval,0.9853312969207764
${DATA_ROOT}/clips/121073_hhahrO4yUEy8GC5n_0071.wav,bonafide,hi-en,121073,mucs2021,none,channel_g711_20db,121073_hhahrO4yUEy8GC5n_0071,eval,0.9985383749008179
${DATA_ROOT}/clips/121073_hhahrO4yUEy8GC5n_0072.wav,bonafide,hi-en,121073,mucs2021,none,channel_g711_20db,121073_hhahrO4yUEy8GC5n_0072,eval,0.9983575940132141
${DATA_ROOT}/clips/121073_hhahrO4yUEy8GC5n_0073.wav,bonafide,hi-en,121073,mucs2021,none,channel_g711_20db,121073_hhahrO4yUEy8GC5n_0073,eval,0.9968137145042419
${DATA_ROOT}/clips/121073_hhahrO4yUEy8GC5n_0074.wav,bonafide,hi-en,121073,mucs2021,none,channel_g711_20db,121073_hhahrO4yUEy8GC5n_0074,eval,0.9899765849113464
${DATA_ROOT}/clips/121073_hhahrO4yUEy8GC5n_0075.wav,bonafide,hi-en,121073,mucs2021,none,channel_g711_20db,121073_hhahrO4yUEy8GC5n_0075,eval,0.9969694018363953
${DATA_ROOT}/clips/121073_hhahrO4yUEy8GC5n_0076.wav,bonafide,hi-en,121073,mucs2021,none,channel_g711_20db,121073_hhahrO4yUEy8GC5n_0076,eval,0.9986466765403748
${DATA_ROOT}/clips/121073_hhahrO4yUEy8GC5n_0077.wav,bonafide,hi-en,121073,mucs2021,none,channel_g711_20db,121073_hhahrO4yUEy8GC5n_0077,eval,0.8542399406433105
${DATA_ROOT}/clips/121073_hhahrO4yUEy8GC5n_0078.wav,bonafide,hi-en,121073,mucs2021,none,channel_g711_20db,121073_hhahrO4yUEy8GC5n_0078,eval,0.9973503351211548
${DATA_ROOT}/clips/136325_9qNmHPrUpNLAykHf_0000.wav,bonafide,hi-en,136325,mucs2021,none,channel_g711_20db,136325_9qNmHPrUpNLAykHf_0000,eval,0.9994601607322693
${DATA_ROOT}/clips/136325_9qNmHPrUpNLAykHf_0001.wav,bonafide,hi-en,136325,mucs2021,none,channel_g711_20db,136325_9qNmHPrUpNLAykHf_0001,eval,0.9992328882217407
${DATA_ROOT}/clips/136325_9qNmHPrUpNLAykHf_0002.wav,bonafide,hi-en,136325,mucs2021,none,channel_g711_20db,136325_9qNmHPrUpNLAykHf_0002,eval,0.9994858503341675
${DATA_ROOT}/clips/136325_9qNmHPrUpNLAykHf_0003.wav,bonafide,hi-en,136325,mucs2021,none,channel_g711_20db,136325_9qNmHPrUpNLAykHf_0003,eval,0.9993821382522583
${DATA_ROOT}/clips/136325_9qNmHPrUpNLAykHf_0004.wav,bonafide,hi-en,136325,mucs2021,none,channel_g711_20db,136325_9qNmHPrUpNLAykHf_0004,eval,0.999661922454834
${DATA_ROOT}/clips/136325_9qNmHPrUpNLAykHf_0005.wav,bonafide,hi-en,136325,mucs2021,none,channel_g711_20db,136325_9qNmHPrUpNLAykHf_0005,eval,0.9993347525596619
${DATA_ROOT}/clips/136325_9qNmHPrUpNLAykHf_0006.wav,bonafide,hi-en,136325,mucs2021,none,channel_g711_20db,136325_9qNmHPrUpNLAykHf_0006,eval,0.9994497895240784
${DATA_ROOT}/clips/136325_9qNmHPrUpNLAykHf_0007.wav,bonafide,hi-en,136325,mucs2021,none,channel_g711_20db,136325_9qNmHPrUpNLAykHf_0007,eval,0.9991439580917358
${DATA_ROOT}/clips/136325_9qNmHPrUpNLAykHf_0008.wav,bonafide,hi-en,136325,mucs2021,none,channel_g711_20db,136325_9qNmHPrUpNLAykHf_0008,eval,0.9994986057281494
${DATA_ROOT}/clips/136325_9qNmHPrUpNLAykHf_0009.wav,bonafide,hi-en,136325,mucs2021,none,channel_g711_20db,136325_9qNmHPrUpNLAykHf_0009,eval,0.9995142221450806
${DATA_ROOT}/clips/136325_9qNmHPrUpNLAykHf_0010.wav,bonafide,hi-en,136325,mucs2021,none,channel_g711_20db,136325_9qNmHPrUpNLAykHf_0010,eval,0.9995144605636597
${DATA_ROOT}/clips/136325_9qNmHPrUpNLAykHf_0011.wav,bonafide,hi-en,136325,mucs2021,none,channel_g711_20db,136325_9qNmHPrUpNLAykHf_0011,eval,0.9997032284736633
${DATA_ROOT}/clips/136325_9qNmHPrUpNLAykHf_0012.wav,bonafide,hi-en,136325,mucs2021,none,channel_g711_20db,136325_9qNmHPrUpNLAykHf_0012,eval,0.9987584352493286
${DATA_ROOT}/clips/136325_9qNmHPrUpNLAykHf_0013.wav,bonafide,hi-en,136325,mucs2021,none,channel_g711_20db,136325_9qNmHPrUpNLAykHf_0013,eval,0.9988208413124084
${DATA_ROOT}/clips/136325_9qNmHPrUpNLAykHf_0014.wav,bonafide,hi-en,136325,mucs2021,none,channel_g711_20db,136325_9qNmHPrUpNLAykHf_0014,eval,0.9989771842956543
${DATA_ROOT}/clips/136325_9qNmHPrUpNLAykHf_0015.wav,bonafide,hi-en,136325,mucs2021,none,channel_g711_20db,136325_9qNmHPrUpNLAykHf_0015,eval,0.9994193315505981
${DATA_ROOT}/clips/136325_9qNmHPrUpNLAykHf_0016.wav,bonafide,hi-en,136325,mucs2021,none,channel_g711_20db,136325_9qNmHPrUpNLAykHf_0016,eval,0.9993603825569153
${DATA_ROOT}/clips/136325_9qNmHPrUpNLAykHf_0017.wav,bonafide,hi-en,136325,mucs2021,none,channel_g711_20db,136325_9qNmHPrUpNLAykHf_0017,eval,0.9995256662368774
${DATA_ROOT}/clips/136325_9qNmHPrUpNLAykHf_0018.wav,bonafide,hi-en,136325,mucs2021,none,channel_g711_20db,136325_9qNmHPrUpNLAykHf_0018,eval,0.9995627999305725
${DATA_ROOT}/clips/136325_9qNmHPrUpNLAykHf_0019.wav,bonafide,hi-en,136325,mucs2021,none,channel_g711_20db,136325_9qNmHPrUpNLAykHf_0019,eval,0.9997355341911316
${DATA_ROOT}/clips/136325_9qNmHPrUpNLAykHf_0020.wav,bonafide,hi-en,136325,mucs2021,none,channel_g711_20db,136325_9qNmHPrUpNLAykHf_0020,eval,0.9992044568061829
${DATA_ROOT}/clips/136325_9qNmHPrUpNLAykHf_0021.wav,bonafide,hi-en,136325,mucs2021,none,channel_g711_20db,136325_9qNmHPrUpNLAykHf_0021,eval,0.9995273351669312
${DATA_ROOT}/clips/136325_9qNmHPrUpNLAykHf_0022.wav,bonafide,hi-en,136325,mucs2021,none,channel_g711_20db,136325_9qNmHPrUpNLAykHf_0022,eval,0.9994749426841736
${DATA_ROOT}/clips/136325_9qNmHPrUpNLAykHf_0023.wav,bonafide,hi-en,136325,mucs2021,none,channel_g711_20db,136325_9qNmHPrUpNLAykHf_0023,eval,0.9994043111801147
${DATA_ROOT}/clips/136325_9qNmHPrUpNLAykHf_0024.wav,bonafide,hi-en,136325,mucs2021,none,channel_g711_20db,136325_9qNmHPrUpNLAykHf_0024,eval,0.9995052814483643
${DATA_ROOT}/clips/136325_9qNmHPrUpNLAykHf_0025.wav,bonafide,hi-en,136325,mucs2021,none,channel_g711_20db,136325_9qNmHPrUpNLAykHf_0025,eval,0.9994931221008301
${DATA_ROOT}/clips/136325_9qNmHPrUpNLAykHf_0026.wav,bonafide,hi-en,136325,mucs2021,none,channel_g711_20db,136325_9qNmHPrUpNLAykHf_0026,eval,0.9984788298606873
${DATA_ROOT}/clips/136325_9qNmHPrUpNLAykHf_0027.wav,bonafide,hi-en,136325,mucs2021,none,channel_g711_20db,136325_9qNmHPrUpNLAykHf_0027,eval,0.999180257320404
${DATA_ROOT}/clips/136325_9qNmHPrUpNLAykHf_0028.wav,bonafide,hi-en,136325,mucs2021,none,channel_g711_20db,136325_9qNmHPrUpNLAykHf_0028,eval,0.9989981055259705
${DATA_ROOT}/clips/136325_9qNmHPrUpNLAykHf_0029.wav,bonafide,hi-en,136325,mucs2021,none,channel_g711_20db,136325_9qNmHPrUpNLAykHf_0029,eval,0.9994194507598877
${DATA_ROOT}/clips/136325_9qNmHPrUpNLAykHf_0030.wav,bonafide,hi-en,136325,mucs2021,none,channel_g711_20db,136325_9qNmHPrUpNLAykHf_0030,eval,0.9959858059883118
${DATA_ROOT}/clips/136325_9qNmHPrUpNLAykHf_0031.wav,bonafide,hi-en,136325,mucs2021,none,channel_g711_20db,136325_9qNmHPrUpNLAykHf_0031,eval,0.9994673132896423
${DATA_ROOT}/clips/136325_9qNmHPrUpNLAykHf_0032.wav,bonafide,hi-en,136325,mucs2021,none,channel_g711_20db,136325_9qNmHPrUpNLAykHf_0032,eval,0.9980682730674744
${DATA_ROOT}/clips/136325_9qNmHPrUpNLAykHf_0033.wav,bonafide,hi-en,136325,mucs2021,none,channel_g711_20db,136325_9qNmHPrUpNLAykHf_0033,eval,0.9995406866073608
${DATA_ROOT}/clips/136325_9qNmHPrUpNLAykHf_0034.wav,bonafide,hi-en,136325,mucs2021,none,channel_g711_20db,136325_9qNmHPrUpNLAykHf_0034,eval,0.9989572763442993
${DATA_ROOT}/clips/136325_9qNmHPrUpNLAykHf_0035.wav,bonafide,hi-en,136325,mucs2021,none,channel_g711_20db,136325_9qNmHPrUpNLAykHf_0035,eval,0.9978466033935547
${DATA_ROOT}/clips/136325_9qNmHPrUpNLAykHf_0036.wav,bonafide,hi-en,136325,mucs2021,none,channel_g711_20db,136325_9qNmHPrUpNLAykHf_0036,eval,0.9995017051696777
${DATA_ROOT}/clips/136325_9qNmHPrUpNLAykHf_0037.wav,bonafide,hi-en,136325,mucs2021,none,channel_g711_20db,136325_9qNmHPrUpNLAykHf_0037,eval,0.9995688796043396
${DATA_ROOT}/clips/136325_9qNmHPrUpNLAykHf_0038.wav,bonafide,hi-en,136325,mucs2021,none,channel_g711_20db,136325_9qNmHPrUpNLAykHf_0038,eval,0.9995284080505371
${DATA_ROOT}/clips/136325_9qNmHPrUpNLAykHf_0039.wav,bonafide,hi-en,136325,mucs2021,none,channel_g711_20db,136325_9qNmHPrUpNLAykHf_0039,eval,0.9994207620620728
${DATA_ROOT}/clips/136325_9qNmHPrUpNLAykHf_0040.wav,bonafide,hi-en,136325,mucs2021,none,channel_g711_20db,136325_9qNmHPrUpNLAykHf_0040,eval,0.9992596507072449
${DATA_ROOT}/clips/136325_9qNmHPrUpNLAykHf_0041.wav,bonafide,hi-en,136325,mucs2021,none,channel_g711_20db,136325_9qNmHPrUpNLAykHf_0041,eval,0.9996203184127808
${DATA_ROOT}/clips/136325_9qNmHPrUpNLAykHf_0042.wav,bonafide,hi-en,136325,mucs2021,none,channel_g711_20db,136325_9qNmHPrUpNLAykHf_0042,eval,0.9992807507514954
${DATA_ROOT}/clips/136325_9qNmHPrUpNLAykHf_0043.wav,bonafide,hi-en,136325,mucs2021,none,channel_g711_20db,136325_9qNmHPrUpNLAykHf_0043,eval,0.9995602965354919
${DATA_ROOT}/clips/136325_9qNmHPrUpNLAykHf_0044.wav,bonafide,hi-en,136325,mucs2021,none,channel_g711_20db,136325_9qNmHPrUpNLAykHf_0044,eval,0.9996418952941895
${DATA_ROOT}/clips/136325_9qNmHPrUpNLAykHf_0045.wav,bonafide,hi-en,136325,mucs2021,none,channel_g711_20db,136325_9qNmHPrUpNLAykHf_0045,eval,0.9995749592781067
${DATA_ROOT}/clips/136325_9qNmHPrUpNLAykHf_0046.wav,bonafide,hi-en,136325,mucs2021,none,channel_g711_20db,136325_9qNmHPrUpNLAykHf_0046,eval,0.9996944665908813
${DATA_ROOT}/clips/136325_9qNmHPrUpNLAykHf_0047.wav,bonafide,hi-en,136325,mucs2021,none,channel_g711_20db,136325_9qNmHPrUpNLAykHf_0047,eval,0.9995442032814026
${DATA_ROOT}/clips/136325_9qNmHPrUpNLAykHf_0048.wav,bonafide,hi-en,136325,mucs2021,none,channel_g711_20db,136325_9qNmHPrUpNLAykHf_0048,eval,0.9996929168701172
${DATA_ROOT}/clips/136325_9qNmHPrUpNLAykHf_0049.wav,bonafide,hi-en,136325,mucs2021,none,channel_g711_20db,136325_9qNmHPrUpNLAykHf_0049,eval,0.9994509816169739
${DATA_ROOT}/clips/136325_9qNmHPrUpNLAykHf_0050.wav,bonafide,hi-en,136325,mucs2021,none,channel_g711_20db,136325_9qNmHPrUpNLAykHf_0050,eval,0.9995823502540588
${DATA_ROOT}/clips/136325_9qNmHPrUpNLAykHf_0051.wav,bonafide,hi-en,136325,mucs2021,none,channel_g711_20db,136325_9qNmHPrUpNLAykHf_0051,eval,0.999509334564209
${DATA_ROOT}/clips/136325_9qNmHPrUpNLAykHf_0052.wav,bonafide,hi-en,136325,mucs2021,none,channel_g711_20db,136325_9qNmHPrUpNLAykHf_0052,eval,0.999728262424469
${DATA_ROOT}/clips/136325_9qNmHPrUpNLAykHf_0053.wav,bonafide,hi-en,136325,mucs2021,none,channel_g711_20db,136325_9qNmHPrUpNLAykHf_0053,eval,0.9995025396347046
${DATA_ROOT}/clips/136325_9qNmHPrUpNLAykHf_0054.wav,bonafide,hi-en,136325,mucs2021,none,channel_g711_20db,136325_9qNmHPrUpNLAykHf_0054,eval,0.9990899562835693
${DATA_ROOT}/clips/136325_9qNmHPrUpNLAykHf_0055.wav,bonafide,hi-en,136325,mucs2021,none,channel_g711_20db,136325_9qNmHPrUpNLAykHf_0055,eval,0.9996005892753601
${DATA_ROOT}/clips/136325_9qNmHPrUpNLAykHf_0056.wav,bonafide,hi-en,136325,mucs2021,none,channel_g711_20db,136325_9qNmHPrUpNLAykHf_0056,eval,0.9997078776359558
${DATA_ROOT}/clips/136325_9qNmHPrUpNLAykHf_0057.wav,bonafide,hi-en,136325,mucs2021,none,channel_g711_20db,136325_9qNmHPrUpNLAykHf_0057,eval,0.9993147850036621
${DATA_ROOT}/clips/136325_9qNmHPrUpNLAykHf_0058.wav,bonafide,hi-en,136325,mucs2021,none,channel_g711_20db,136325_9qNmHPrUpNLAykHf_0058,eval,0.9993935823440552
${DATA_ROOT}/clips/136325_9qNmHPrUpNLAykHf_0059.wav,bonafide,hi-en,136325,mucs2021,none,channel_g711_20db,136325_9qNmHPrUpNLAykHf_0059,eval,0.9994459748268127
${DATA_ROOT}/clips/136325_9qNmHPrUpNLAykHf_0060.wav,bonafide,hi-en,136325,mucs2021,none,channel_g711_20db,136325_9qNmHPrUpNLAykHf_0060,eval,0.9987927675247192
${DATA_ROOT}/clips/136325_9qNmHPrUpNLAykHf_0061.wav,bonafide,hi-en,136325,mucs2021,none,channel_g711_20db,136325_9qNmHPrUpNLAykHf_0061,eval,0.9994899034500122
${DATA_ROOT}/clips/136325_9qNmHPrUpNLAykHf_0062.wav,bonafide,hi-en,136325,mucs2021,none,channel_g711_20db,136325_9qNmHPrUpNLAykHf_0062,eval,0.999640703201294
${DATA_ROOT}/clips/136325_9qNmHPrUpNLAykHf_0063.wav,bonafide,hi-en,136325,mucs2021,none,channel_g711_20db,136325_9qNmHPrUpNLAykHf_0063,eval,0.9994204044342041
${DATA_ROOT}/clips/136325_9qNmHPrUpNLAykHf_0064.wav,bonafide,hi-en,136325,mucs2021,none,channel_g711_20db,136325_9qNmHPrUpNLAykHf_0064,eval,0.9995076656341553
${DATA_ROOT}/clips/136325_9qNmHPrUpNLAykHf_0065.wav,bonafide,hi-en,136325,mucs2021,none,channel_g711_20db,136325_9qNmHPrUpNLAykHf_0065,eval,0.999542236328125
${DATA_ROOT}/clips/136325_9qNmHPrUpNLAykHf_0066.wav,bonafide,hi-en,136325,mucs2021,none,channel_g711_20db,136325_9qNmHPrUpNLAykHf_0066,eval,0.9996765851974487
${DATA_ROOT}/clips/136325_9qNmHPrUpNLAykHf_0067.wav,bonafide,hi-en,136325,mucs2021,none,channel_g711_20db,136325_9qNmHPrUpNLAykHf_0067,eval,0.9996542930603027
${DATA_ROOT}/clips/136325_9qNmHPrUpNLAykHf_0068.wav,bonafide,hi-en,136325,mucs2021,none,channel_g711_20db,136325_9qNmHPrUpNLAykHf_0068,eval,0.9989259839057922
${DATA_ROOT}/clips/136325_9qNmHPrUpNLAykHf_0069.wav,bonafide,hi-en,136325,mucs2021,none,channel_g711_20db,136325_9qNmHPrUpNLAykHf_0069,eval,0.99951171875
${DATA_ROOT}/clips/136325_9qNmHPrUpNLAykHf_0070.wav,bonafide,hi-en,136325,mucs2021,none,channel_g711_20db,136325_9qNmHPrUpNLAykHf_0070,eval,0.999583899974823
${DATA_ROOT}/clips/136325_9qNmHPrUpNLAykHf_0071.wav,bonafide,hi-en,136325,mucs2021,none,channel_g711_20db,136325_9qNmHPrUpNLAykHf_0071,eval,0.9994515776634216
${DATA_ROOT}/clips/136325_9qNmHPrUpNLAykHf_0072.wav,bonafide,hi-en,136325,mucs2021,none,channel_g711_20db,136325_9qNmHPrUpNLAykHf_0072,eval,0.9995982050895691
${DATA_ROOT}/clips/136325_9qNmHPrUpNLAykHf_0073.wav,bonafide,hi-en,136325,mucs2021,none,channel_g711_20db,136325_9qNmHPrUpNLAykHf_0073,eval,0.9993191957473755
${DATA_ROOT}/clips/136325_9qNmHPrUpNLAykHf_0074.wav,bonafide,hi-en,136325,mucs2021,none,channel_g711_20db,136325_9qNmHPrUpNLAykHf_0074,eval,0.9995741248130798
${DATA_ROOT}/clips/136325_9qNmHPrUpNLAykHf_0075.wav,bonafide,hi-en,136325,mucs2021,none,channel_g711_20db,136325_9qNmHPrUpNLAykHf_0075,eval,0.9996360540390015
${DATA_ROOT}/clips/136325_9qNmHPrUpNLAykHf_0076.wav,bonafide,hi-en,136325,mucs2021,none,channel_g711_20db,136325_9qNmHPrUpNLAykHf_0076,eval,0.9997535347938538
${DATA_ROOT}/clips/136325_9qNmHPrUpNLAykHf_0077.wav,bonafide,hi-en,136325,mucs2021,none,channel_g711_20db,136325_9qNmHPrUpNLAykHf_0077,eval,0.9984930753707886
${DATA_ROOT}/clips/136325_9qNmHPrUpNLAykHf_0078.wav,bonafide,hi-en,136325,mucs2021,none,channel_g711_20db,136325_9qNmHPrUpNLAykHf_0078,eval,0.9994943141937256
${DATA_ROOT}/clips/136325_9qNmHPrUpNLAykHf_0079.wav,bonafide,hi-en,136325,mucs2021,none,channel_g711_20db,136325_9qNmHPrUpNLAykHf_0079,eval,0.9993743300437927
${DATA_ROOT}/clips/136325_9qNmHPrUpNLAykHf_0080.wav,bonafide,hi-en,136325,mucs2021,none,channel_g711_20db,136325_9qNmHPrUpNLAykHf_0080,eval,0.9991433620452881
${DATA_ROOT}/clips/136325_9qNmHPrUpNLAykHf_0081.wav,bonafide,hi-en,136325,mucs2021,none,channel_g711_20db,136325_9qNmHPrUpNLAykHf_0081,eval,0.9993845224380493
${DATA_ROOT}/clips/136325_9qNmHPrUpNLAykHf_0082.wav,bonafide,hi-en,136325,mucs2021,none,channel_g711_20db,136325_9qNmHPrUpNLAykHf_0082,eval,0.9995905756950378
${DATA_ROOT}/clips/136325_9qNmHPrUpNLAykHf_0083.wav,bonafide,hi-en,136325,mucs2021,none,channel_g711_20db,136325_9qNmHPrUpNLAykHf_0083,eval,0.9993102550506592
${DATA_ROOT}/clips/136325_9qNmHPrUpNLAykHf_0084.wav,bonafide,hi-en,136325,mucs2021,none,channel_g711_20db,136325_9qNmHPrUpNLAykHf_0084,eval,0.9995425939559937
${DATA_ROOT}/clips/136325_9qNmHPrUpNLAykHf_0085.wav,bonafide,hi-en,136325,mucs2021,none,channel_g711_20db,136325_9qNmHPrUpNLAykHf_0085,eval,0.9993267059326172
${DATA_ROOT}/clips/136325_9qNmHPrUpNLAykHf_0086.wav,bonafide,hi-en,136325,mucs2021,none,channel_g711_20db,136325_9qNmHPrUpNLAykHf_0086,eval,0.999489426612854
${DATA_ROOT}/clips/136325_9qNmHPrUpNLAykHf_0087.wav,bonafide,hi-en,136325,mucs2021,none,channel_g711_20db,136325_9qNmHPrUpNLAykHf_0087,eval,0.9996621608734131
${DATA_ROOT}/clips/136325_9qNmHPrUpNLAykHf_0088.wav,bonafide,hi-en,136325,mucs2021,none,channel_g711_20db,136325_9qNmHPrUpNLAykHf_0088,eval,0.9992687106132507
${DATA_ROOT}/clips/136325_9qNmHPrUpNLAykHf_0089.wav,bonafide,hi-en,136325,mucs2021,none,channel_g711_20db,136325_9qNmHPrUpNLAykHf_0089,eval,0.9995878338813782
${DATA_ROOT}/clips/136325_9qNmHPrUpNLAykHf_0090.wav,bonafide,hi-en,136325,mucs2021,none,channel_g711_20db,136325_9qNmHPrUpNLAykHf_0090,eval,0.9995933175086975
${DATA_ROOT}/clips/136325_9qNmHPrUpNLAykHf_0091.wav,bonafide,hi-en,136325,mucs2021,none,channel_g711_20db,136325_9qNmHPrUpNLAykHf_0091,eval,0.9996562004089355
${DATA_ROOT}/clips/136325_9qNmHPrUpNLAykHf_0092.wav,bonafide,hi-en,136325,mucs2021,none,channel_g711_20db,136325_9qNmHPrUpNLAykHf_0092,eval,0.9970544576644897
${DATA_ROOT}/clips/136325_9qNmHPrUpNLAykHf_0093.wav,bonafide,hi-en,136325,mucs2021,none,channel_g711_20db,136325_9qNmHPrUpNLAykHf_0093,eval,0.9993348717689514
${DATA_ROOT}/clips/136325_9qNmHPrUpNLAykHf_0094.wav,bonafide,hi-en,136325,mucs2021,none,channel_g711_20db,136325_9qNmHPrUpNLAykHf_0094,eval,0.9994294047355652
${DATA_ROOT}/clips/136325_9qNmHPrUpNLAykHf_0095.wav,bonafide,hi-en,136325,mucs2021,none,channel_g711_20db,136325_9qNmHPrUpNLAykHf_0095,eval,0.9993295669555664
${DATA_ROOT}/clips/136325_9qNmHPrUpNLAykHf_0096.wav,bonafide,hi-en,136325,mucs2021,none,channel_g711_20db,136325_9qNmHPrUpNLAykHf_0096,eval,0.9993643164634705
${DATA_ROOT}/clips/136325_9qNmHPrUpNLAykHf_0097.wav,bonafide,hi-en,136325,mucs2021,none,channel_g711_20db,136325_9qNmHPrUpNLAykHf_0097,eval,0.9996899366378784
${DATA_ROOT}/clips/136325_9qNmHPrUpNLAykHf_0098.wav,bonafide,hi-en,136325,mucs2021,none,channel_g711_20db,136325_9qNmHPrUpNLAykHf_0098,eval,0.9996201992034912
${DATA_ROOT}/clips/136325_9qNmHPrUpNLAykHf_0099.wav,bonafide,hi-en,136325,mucs2021,none,channel_g711_20db,136325_9qNmHPrUpNLAykHf_0099,eval,0.999617338180542
${DATA_ROOT}/clips/136325_9qNmHPrUpNLAykHf_0100.wav,bonafide,hi-en,136325,mucs2021,none,channel_g711_20db,136325_9qNmHPrUpNLAykHf_0100,eval,0.9997132420539856
${DATA_ROOT}/clips/136325_9qNmHPrUpNLAykHf_0101.wav,bonafide,hi-en,136325,mucs2021,none,channel_g711_20db,136325_9qNmHPrUpNLAykHf_0101,eval,0.999546229839325
${DATA_ROOT}/clips/146859_PmtkP19rpHKX5Ue1_0000.wav,bonafide,hi-en,146859,mucs2021,none,channel_g711_20db,146859_PmtkP19rpHKX5Ue1_0000,eval,0.9996138215065002
${DATA_ROOT}/clips/146859_PmtkP19rpHKX5Ue1_0001.wav,bonafide,hi-en,146859,mucs2021,none,channel_g711_20db,146859_PmtkP19rpHKX5Ue1_0001,eval,0.9996662139892578
${DATA_ROOT}/clips/146859_PmtkP19rpHKX5Ue1_0002.wav,bonafide,hi-en,146859,mucs2021,none,channel_g711_20db,146859_PmtkP19rpHKX5Ue1_0002,eval,0.9993957281112671
${DATA_ROOT}/clips/146859_PmtkP19rpHKX5Ue1_0003.wav,bonafide,hi-en,146859,mucs2021,none,channel_g711_20db,146859_PmtkP19rpHKX5Ue1_0003,eval,0.9996224641799927
${DATA_ROOT}/clips/146859_PmtkP19rpHKX5Ue1_0004.wav,bonafide,hi-en,146859,mucs2021,none,channel_g711_20db,146859_PmtkP19rpHKX5Ue1_0004,eval,0.9996753931045532
${DATA_ROOT}/clips/146859_PmtkP19rpHKX5Ue1_0005.wav,bonafide,hi-en,146859,mucs2021,none,channel_g711_20db,146859_PmtkP19rpHKX5Ue1_0005,eval,0.9996182918548584
${DATA_ROOT}/clips/146859_PmtkP19rpHKX5Ue1_0006.wav,bonafide,hi-en,146859,mucs2021,none,channel_g711_20db,146859_PmtkP19rpHKX5Ue1_0006,eval,0.9996013045310974
${DATA_ROOT}/clips/146859_PmtkP19rpHKX5Ue1_0007.wav,bonafide,hi-en,146859,mucs2021,none,channel_g711_20db,146859_PmtkP19rpHKX5Ue1_0007,eval,0.9995918869972229
${DATA_ROOT}/clips/146859_PmtkP19rpHKX5Ue1_0008.wav,bonafide,hi-en,146859,mucs2021,none,channel_g711_20db,146859_PmtkP19rpHKX5Ue1_0008,eval,0.9995365142822266
${DATA_ROOT}/clips/146859_PmtkP19rpHKX5Ue1_0009.wav,bonafide,hi-en,146859,mucs2021,none,channel_g711_20db,146859_PmtkP19rpHKX5Ue1_0009,eval,0.9996786117553711
${DATA_ROOT}/clips/146859_PmtkP19rpHKX5Ue1_0010.wav,bonafide,hi-en,146859,mucs2021,none,channel_g711_20db,146859_PmtkP19rpHKX5Ue1_0010,eval,0.9995725750923157
${DATA_ROOT}/clips/146859_PmtkP19rpHKX5Ue1_0011.wav,bonafide,hi-en,146859,mucs2021,none,channel_g711_20db,146859_PmtkP19rpHKX5Ue1_0011,eval,0.9995989203453064
${DATA_ROOT}/clips/146859_PmtkP19rpHKX5Ue1_0012.wav,bonafide,hi-en,146859,mucs2021,none,channel_g711_20db,146859_PmtkP19rpHKX5Ue1_0012,eval,0.9996355772018433
${DATA_ROOT}/clips/146859_PmtkP19rpHKX5Ue1_0013.wav,bonafide,hi-en,146859,mucs2021,none,channel_g711_20db,146859_PmtkP19rpHKX5Ue1_0013,eval,0.9996010661125183
${DATA_ROOT}/clips/146859_PmtkP19rpHKX5Ue1_0014.wav,bonafide,hi-en,146859,mucs2021,none,channel_g711_20db,146859_PmtkP19rpHKX5Ue1_0014,eval,0.9995843768119812
${DATA_ROOT}/clips/146859_PmtkP19rpHKX5Ue1_0015.wav,bonafide,hi-en,146859,mucs2021,none,channel_g711_20db,146859_PmtkP19rpHKX5Ue1_0015,eval,0.9995463490486145
${DATA_ROOT}/clips/146859_PmtkP19rpHKX5Ue1_0016.wav,bonafide,hi-en,146859,mucs2021,none,channel_g711_20db,146859_PmtkP19rpHKX5Ue1_0016,eval,0.9996675252914429
${DATA_ROOT}/clips/146859_PmtkP19rpHKX5Ue1_0017.wav,bonafide,hi-en,146859,mucs2021,none,channel_g711_20db,146859_PmtkP19rpHKX5Ue1_0017,eval,0.9995976090431213
${DATA_ROOT}/clips/146859_PmtkP19rpHKX5Ue1_0018.wav,bonafide,hi-en,146859,mucs2021,none,channel_g711_20db,146859_PmtkP19rpHKX5Ue1_0018,eval,0.9995254278182983
${DATA_ROOT}/clips/146859_PmtkP19rpHKX5Ue1_0019.wav,bonafide,hi-en,146859,mucs2021,none,channel_g711_20db,146859_PmtkP19rpHKX5Ue1_0019,eval,0.9995893836021423
${DATA_ROOT}/clips/146859_PmtkP19rpHKX5Ue1_0020.wav,bonafide,hi-en,146859,mucs2021,none,channel_g711_20db,146859_PmtkP19rpHKX5Ue1_0020,eval,0.9996258020401001
${DATA_ROOT}/clips/146859_PmtkP19rpHKX5Ue1_0021.wav,bonafide,hi-en,146859,mucs2021,none,channel_g711_20db,146859_PmtkP19rpHKX5Ue1_0021,eval,0.999550998210907
${DATA_ROOT}/clips/146859_PmtkP19rpHKX5Ue1_0022.wav,bonafide,hi-en,146859,mucs2021,none,channel_g711_20db,146859_PmtkP19rpHKX5Ue1_0022,eval,0.9994809031486511
${DATA_ROOT}/clips/146859_PmtkP19rpHKX5Ue1_0023.wav,bonafide,hi-en,146859,mucs2021,none,channel_g711_20db,146859_PmtkP19rpHKX5Ue1_0023,eval,0.9995067119598389
${DATA_ROOT}/clips/146859_PmtkP19rpHKX5Ue1_0024.wav,bonafide,hi-en,146859,mucs2021,none,channel_g711_20db,146859_PmtkP19rpHKX5Ue1_0024,eval,0.9994524121284485
${DATA_ROOT}/clips/146859_PmtkP19rpHKX5Ue1_0025.wav,bonafide,hi-en,146859,mucs2021,none,channel_g711_20db,146859_PmtkP19rpHKX5Ue1_0025,eval,0.9996121525764465
${DATA_ROOT}/clips/146859_PmtkP19rpHKX5Ue1_0026.wav,bonafide,hi-en,146859,mucs2021,none,channel_g711_20db,146859_PmtkP19rpHKX5Ue1_0026,eval,0.9994181394577026
${DATA_ROOT}/clips/146859_PmtkP19rpHKX5Ue1_0027.wav,bonafide,hi-en,146859,mucs2021,none,channel_g711_20db,146859_PmtkP19rpHKX5Ue1_0027,eval,0.9996111989021301
${DATA_ROOT}/clips/146859_PmtkP19rpHKX5Ue1_0028.wav,bonafide,hi-en,146859,mucs2021,none,channel_g711_20db,146859_PmtkP19rpHKX5Ue1_0028,eval,0.9995192289352417
${DATA_ROOT}/clips/146859_PmtkP19rpHKX5Ue1_0029.wav,bonafide,hi-en,146859,mucs2021,none,channel_g711_20db,146859_PmtkP19rpHKX5Ue1_0029,eval,0.9995418787002563
${DATA_ROOT}/clips/146859_PmtkP19rpHKX5Ue1_0030.wav,bonafide,hi-en,146859,mucs2021,none,channel_g711_20db,146859_PmtkP19rpHKX5Ue1_0030,eval,0.9996902942657471
${DATA_ROOT}/clips/146859_PmtkP19rpHKX5Ue1_0031.wav,bonafide,hi-en,146859,mucs2021,none,channel_g711_20db,146859_PmtkP19rpHKX5Ue1_0031,eval,0.9995081424713135
${DATA_ROOT}/clips/146859_PmtkP19rpHKX5Ue1_0032.wav,bonafide,hi-en,146859,mucs2021,none,channel_g711_20db,146859_PmtkP19rpHKX5Ue1_0032,eval,0.9994081258773804
${DATA_ROOT}/clips/146859_PmtkP19rpHKX5Ue1_0033.wav,bonafide,hi-en,146859,mucs2021,none,channel_g711_20db,146859_PmtkP19rpHKX5Ue1_0033,eval,0.9996248483657837
${DATA_ROOT}/clips/146859_PmtkP19rpHKX5Ue1_0034.wav,bonafide,hi-en,146859,mucs2021,none,channel_g711_20db,146859_PmtkP19rpHKX5Ue1_0034,eval,0.9992745518684387
${DATA_ROOT}/clips/146859_PmtkP19rpHKX5Ue1_0035.wav,bonafide,hi-en,146859,mucs2021,none,channel_g711_20db,146859_PmtkP19rpHKX5Ue1_0035,eval,0.9994920492172241
${DATA_ROOT}/clips/146859_PmtkP19rpHKX5Ue1_0036.wav,bonafide,hi-en,146859,mucs2021,none,channel_g711_20db,146859_PmtkP19rpHKX5Ue1_0036,eval,0.999650239944458
${DATA_ROOT}/clips/146859_PmtkP19rpHKX5Ue1_0037.wav,bonafide,hi-en,146859,mucs2021,none,channel_g711_20db,146859_PmtkP19rpHKX5Ue1_0037,eval,0.9995930790901184
${DATA_ROOT}/clips/146859_PmtkP19rpHKX5Ue1_0038.wav,bonafide,hi-en,146859,mucs2021,none,channel_g711_20db,146859_PmtkP19rpHKX5Ue1_0038,eval,0.9995318651199341
${DATA_ROOT}/clips/146859_PmtkP19rpHKX5Ue1_0039.wav,bonafide,hi-en,146859,mucs2021,none,channel_g711_20db,146859_PmtkP19rpHKX5Ue1_0039,eval,0.9996652603149414
${DATA_ROOT}/clips/146859_PmtkP19rpHKX5Ue1_0040.wav,bonafide,hi-en,146859,mucs2021,none,channel_g711_20db,146859_PmtkP19rpHKX5Ue1_0040,eval,0.9995730519294739
${DATA_ROOT}/clips/146859_PmtkP19rpHKX5Ue1_0041.wav,bonafide,hi-en,146859,mucs2021,none,channel_g711_20db,146859_PmtkP19rpHKX5Ue1_0041,eval,0.9995824694633484
${DATA_ROOT}/clips/146859_PmtkP19rpHKX5Ue1_0042.wav,bonafide,hi-en,146859,mucs2021,none,channel_g711_20db,146859_PmtkP19rpHKX5Ue1_0042,eval,0.9994951486587524
${DATA_ROOT}/clips/146859_PmtkP19rpHKX5Ue1_0043.wav,bonafide,hi-en,146859,mucs2021,none,channel_g711_20db,146859_PmtkP19rpHKX5Ue1_0043,eval,0.9986246824264526
${DATA_ROOT}/clips/146859_PmtkP19rpHKX5Ue1_0044.wav,bonafide,hi-en,146859,mucs2021,none,channel_g711_20db,146859_PmtkP19rpHKX5Ue1_0044,eval,0.9995657801628113
${DATA_ROOT}/clips/146859_PmtkP19rpHKX5Ue1_0045.wav,bonafide,hi-en,146859,mucs2021,none,channel_g711_20db,146859_PmtkP19rpHKX5Ue1_0045,eval,0.9995049238204956
${DATA_ROOT}/clips/146859_PmtkP19rpHKX5Ue1_0046.wav,bonafide,hi-en,146859,mucs2021,none,channel_g711_20db,146859_PmtkP19rpHKX5Ue1_0046,eval,0.9994812607765198
${DATA_ROOT}/clips/146859_PmtkP19rpHKX5Ue1_0047.wav,bonafide,hi-en,146859,mucs2021,none,channel_g711_20db,146859_PmtkP19rpHKX5Ue1_0047,eval,0.9994325041770935
${DATA_ROOT}/clips/146859_PmtkP19rpHKX5Ue1_0048.wav,bonafide,hi-en,146859,mucs2021,none,channel_g711_20db,146859_PmtkP19rpHKX5Ue1_0048,eval,0.9995580315589905
${DATA_ROOT}/clips/146859_PmtkP19rpHKX5Ue1_0049.wav,bonafide,hi-en,146859,mucs2021,none,channel_g711_20db,146859_PmtkP19rpHKX5Ue1_0049,eval,0.9994687438011169
${DATA_ROOT}/clips/146859_PmtkP19rpHKX5Ue1_0050.wav,bonafide,hi-en,146859,mucs2021,none,channel_g711_20db,146859_PmtkP19rpHKX5Ue1_0050,eval,0.999259889125824
${DATA_ROOT}/clips/146859_PmtkP19rpHKX5Ue1_0051.wav,bonafide,hi-en,146859,mucs2021,none,channel_g711_20db,146859_PmtkP19rpHKX5Ue1_0051,eval,0.9994280934333801
${DATA_ROOT}/clips/146859_PmtkP19rpHKX5Ue1_0052.wav,bonafide,hi-en,146859,mucs2021,none,channel_g711_20db,146859_PmtkP19rpHKX5Ue1_0052,eval,0.9995617270469666
${DATA_ROOT}/clips/146859_PmtkP19rpHKX5Ue1_0053.wav,bonafide,hi-en,146859,mucs2021,none,channel_g711_20db,146859_PmtkP19rpHKX5Ue1_0053,eval,0.9996453523635864
${DATA_ROOT}/clips/146859_PmtkP19rpHKX5Ue1_0054.wav,bonafide,hi-en,146859,mucs2021,none,channel_g711_20db,146859_PmtkP19rpHKX5Ue1_0054,eval,0.9996471405029297
${DATA_ROOT}/clips/146859_PmtkP19rpHKX5Ue1_0055.wav,bonafide,hi-en,146859,mucs2021,none,channel_g711_20db,146859_PmtkP19rpHKX5Ue1_0055,eval,0.9995834231376648
${DATA_ROOT}/clips/146859_PmtkP19rpHKX5Ue1_0056.wav,bonafide,hi-en,146859,mucs2021,none,channel_g711_20db,146859_PmtkP19rpHKX5Ue1_0056,eval,0.9996247291564941
${DATA_ROOT}/clips/146859_PmtkP19rpHKX5Ue1_0057.wav,bonafide,hi-en,146859,mucs2021,none,channel_g711_20db,146859_PmtkP19rpHKX5Ue1_0057,eval,0.9994502663612366
${DATA_ROOT}/clips/146859_PmtkP19rpHKX5Ue1_0058.wav,bonafide,hi-en,146859,mucs2021,none,channel_g711_20db,146859_PmtkP19rpHKX5Ue1_0058,eval,0.9996743202209473
${DATA_ROOT}/clips/146859_PmtkP19rpHKX5Ue1_0059.wav,bonafide,hi-en,146859,mucs2021,none,channel_g711_20db,146859_PmtkP19rpHKX5Ue1_0059,eval,0.9996187686920166
${DATA_ROOT}/clips/146859_PmtkP19rpHKX5Ue1_0060.wav,bonafide,hi-en,146859,mucs2021,none,channel_g711_20db,146859_PmtkP19rpHKX5Ue1_0060,eval,0.9995749592781067
${DATA_ROOT}/clips/146859_PmtkP19rpHKX5Ue1_0061.wav,bonafide,hi-en,146859,mucs2021,none,channel_g711_20db,146859_PmtkP19rpHKX5Ue1_0061,eval,0.9995287656784058
${DATA_ROOT}/clips/146859_PmtkP19rpHKX5Ue1_0062.wav,bonafide,hi-en,146859,mucs2021,none,channel_g711_20db,146859_PmtkP19rpHKX5Ue1_0062,eval,0.9995766282081604
${DATA_ROOT}/clips/146859_PmtkP19rpHKX5Ue1_0063.wav,bonafide,hi-en,146859,mucs2021,none,channel_g711_20db,146859_PmtkP19rpHKX5Ue1_0063,eval,0.9996217489242554
${DATA_ROOT}/clips/146859_PmtkP19rpHKX5Ue1_0064.wav,bonafide,hi-en,146859,mucs2021,none,channel_g711_20db,146859_PmtkP19rpHKX5Ue1_0064,eval,0.9996616840362549
${DATA_ROOT}/clips/146859_PmtkP19rpHKX5Ue1_0065.wav,bonafide,hi-en,146859,mucs2021,none,channel_g711_20db,146859_PmtkP19rpHKX5Ue1_0065,eval,0.9995507597923279
${DATA_ROOT}/clips/146859_PmtkP19rpHKX5Ue1_0066.wav,bonafide,hi-en,146859,mucs2021,none,channel_g711_20db,146859_PmtkP19rpHKX5Ue1_0066,eval,0.9996410608291626
${DATA_ROOT}/clips/146859_PmtkP19rpHKX5Ue1_0067.wav,bonafide,hi-en,146859,mucs2021,none,channel_g711_20db,146859_PmtkP19rpHKX5Ue1_0067,eval,0.9995856881141663
${DATA_ROOT}/clips/146859_PmtkP19rpHKX5Ue1_0068.wav,bonafide,hi-en,146859,mucs2021,none,channel_g711_20db,146859_PmtkP19rpHKX5Ue1_0068,eval,0.9994993209838867
${DATA_ROOT}/clips/146859_PmtkP19rpHKX5Ue1_0069.wav,bonafide,hi-en,146859,mucs2021,none,channel_g711_20db,146859_PmtkP19rpHKX5Ue1_0069,eval,0.9995953440666199
${DATA_ROOT}/clips/146859_PmtkP19rpHKX5Ue1_0070.wav,bonafide,hi-en,146859,mucs2021,none,channel_g711_20db,146859_PmtkP19rpHKX5Ue1_0070,eval,0.9994606375694275
${DATA_ROOT}/clips/146859_PmtkP19rpHKX5Ue1_0071.wav,bonafide,hi-en,146859,mucs2021,none,channel_g711_20db,146859_PmtkP19rpHKX5Ue1_0071,eval,0.9994468092918396
${DATA_ROOT}/clips/146859_PmtkP19rpHKX5Ue1_0072.wav,bonafide,hi-en,146859,mucs2021,none,channel_g711_20db,146859_PmtkP19rpHKX5Ue1_0072,eval,0.9995835423469543
${DATA_ROOT}/clips/146859_PmtkP19rpHKX5Ue1_0073.wav,bonafide,hi-en,146859,mucs2021,none,channel_g711_20db,146859_PmtkP19rpHKX5Ue1_0073,eval,0.9996405839920044
${DATA_ROOT}/clips/146859_PmtkP19rpHKX5Ue1_0074.wav,bonafide,hi-en,146859,mucs2021,none,channel_g711_20db,146859_PmtkP19rpHKX5Ue1_0074,eval,0.9996365308761597
${DATA_ROOT}/clips/146859_PmtkP19rpHKX5Ue1_0075.wav,bonafide,hi-en,146859,mucs2021,none,channel_g711_20db,146859_PmtkP19rpHKX5Ue1_0075,eval,0.9995566010475159
${DATA_ROOT}/clips/146859_PmtkP19rpHKX5Ue1_0076.wav,bonafide,hi-en,146859,mucs2021,none,channel_g711_20db,146859_PmtkP19rpHKX5Ue1_0076,eval,0.9996411800384521
${DATA_ROOT}/clips/146859_PmtkP19rpHKX5Ue1_0077.wav,bonafide,hi-en,146859,mucs2021,none,channel_g711_20db,146859_PmtkP19rpHKX5Ue1_0077,eval,0.9992679953575134
${DATA_ROOT}/clips/146859_PmtkP19rpHKX5Ue1_0078.wav,bonafide,hi-en,146859,mucs2021,none,channel_g711_20db,146859_PmtkP19rpHKX5Ue1_0078,eval,0.9994046688079834
${DATA_ROOT}/clips/146859_PmtkP19rpHKX5Ue1_0079.wav,bonafide,hi-en,146859,mucs2021,none,channel_g711_20db,146859_PmtkP19rpHKX5Ue1_0079,eval,0.9994978904724121
${DATA_ROOT}/clips/146859_PmtkP19rpHKX5Ue1_0080.wav,bonafide,hi-en,146859,mucs2021,none,channel_g711_20db,146859_PmtkP19rpHKX5Ue1_0080,eval,0.9995959401130676
${DATA_ROOT}/clips/146859_PmtkP19rpHKX5Ue1_0081.wav,bonafide,hi-en,146859,mucs2021,none,channel_g711_20db,146859_PmtkP19rpHKX5Ue1_0081,eval,0.9994832277297974
${DATA_ROOT}/clips/146859_PmtkP19rpHKX5Ue1_0082.wav,bonafide,hi-en,146859,mucs2021,none,channel_g711_20db,146859_PmtkP19rpHKX5Ue1_0082,eval,0.9987632036209106
${DATA_ROOT}/clips/146859_PmtkP19rpHKX5Ue1_0083.wav,bonafide,hi-en,146859,mucs2021,none,channel_g711_20db,146859_PmtkP19rpHKX5Ue1_0083,eval,0.9994262456893921
${DATA_ROOT}/clips/146859_PmtkP19rpHKX5Ue1_0084.wav,bonafide,hi-en,146859,mucs2021,none,channel_g711_20db,146859_PmtkP19rpHKX5Ue1_0084,eval,0.9995580315589905
${DATA_ROOT}/clips/146859_PmtkP19rpHKX5Ue1_0085.wav,bonafide,hi-en,146859,mucs2021,none,channel_g711_20db,146859_PmtkP19rpHKX5Ue1_0085,eval,0.9995660185813904
${DATA_ROOT}/clips/146859_PmtkP19rpHKX5Ue1_0086.wav,bonafide,hi-en,146859,mucs2021,none,channel_g711_20db,146859_PmtkP19rpHKX5Ue1_0086,eval,0.9989848732948303
${DATA_ROOT}/clips/146859_PmtkP19rpHKX5Ue1_0087.wav,bonafide,hi-en,146859,mucs2021,none,channel_g711_20db,146859_PmtkP19rpHKX5Ue1_0087,eval,0.9995587468147278
${DATA_ROOT}/clips/146859_PmtkP19rpHKX5Ue1_0088.wav,bonafide,hi-en,146859,mucs2021,none,channel_g711_20db,146859_PmtkP19rpHKX5Ue1_0088,eval,0.9988293051719666
${DATA_ROOT}/clips/146859_PmtkP19rpHKX5Ue1_0089.wav,bonafide,hi-en,146859,mucs2021,none,channel_g711_20db,146859_PmtkP19rpHKX5Ue1_0089,eval,0.9994625449180603
${DATA_ROOT}/clips/146859_PmtkP19rpHKX5Ue1_0090.wav,bonafide,hi-en,146859,mucs2021,none,channel_g711_20db,146859_PmtkP19rpHKX5Ue1_0090,eval,0.999543309211731
${DATA_ROOT}/clips/146859_PmtkP19rpHKX5Ue1_0091.wav,bonafide,hi-en,146859,mucs2021,none,channel_g711_20db,146859_PmtkP19rpHKX5Ue1_0091,eval,0.9995935559272766
${DATA_ROOT}/clips/146859_PmtkP19rpHKX5Ue1_0092.wav,bonafide,hi-en,146859,mucs2021,none,channel_g711_20db,146859_PmtkP19rpHKX5Ue1_0092,eval,0.9994950294494629
${DATA_ROOT}/clips/146859_PmtkP19rpHKX5Ue1_0093.wav,bonafide,hi-en,146859,mucs2021,none,channel_g711_20db,146859_PmtkP19rpHKX5Ue1_0093,eval,0.9994057416915894
${DATA_ROOT}/clips/146859_PmtkP19rpHKX5Ue1_0094.wav,bonafide,hi-en,146859,mucs2021,none,channel_g711_20db,146859_PmtkP19rpHKX5Ue1_0094,eval,0.9993959665298462
${DATA_ROOT}/clips/146859_PmtkP19rpHKX5Ue1_0095.wav,bonafide,hi-en,146859,mucs2021,none,channel_g711_20db,146859_PmtkP19rpHKX5Ue1_0095,eval,0.999595582485199
${DATA_ROOT}/clips/146859_PmtkP19rpHKX5Ue1_0096.wav,bonafide,hi-en,146859,mucs2021,none,channel_g711_20db,146859_PmtkP19rpHKX5Ue1_0096,eval,0.9995386600494385
${DATA_ROOT}/clips/146859_PmtkP19rpHKX5Ue1_0097.wav,bonafide,hi-en,146859,mucs2021,none,channel_g711_20db,146859_PmtkP19rpHKX5Ue1_0097,eval,0.999665379524231
${DATA_ROOT}/clips/146859_PmtkP19rpHKX5Ue1_0098.wav,bonafide,hi-en,146859,mucs2021,none,channel_g711_20db,146859_PmtkP19rpHKX5Ue1_0098,eval,0.9995712637901306
${DATA_ROOT}/clips/146859_PmtkP19rpHKX5Ue1_0099.wav,bonafide,hi-en,146859,mucs2021,none,channel_g711_20db,146859_PmtkP19rpHKX5Ue1_0099,eval,0.9994065761566162
${DATA_ROOT}/clips/146859_PmtkP19rpHKX5Ue1_0100.wav,bonafide,hi-en,146859,mucs2021,none,channel_g711_20db,146859_PmtkP19rpHKX5Ue1_0100,eval,0.9995540976524353
${DATA_ROOT}/clips/146859_PmtkP19rpHKX5Ue1_0101.wav,bonafide,hi-en,146859,mucs2021,none,channel_g711_20db,146859_PmtkP19rpHKX5Ue1_0101,eval,0.9993933439254761
${DATA_ROOT}/clips/146859_PmtkP19rpHKX5Ue1_0102.wav,bonafide,hi-en,146859,mucs2021,none,channel_g711_20db,146859_PmtkP19rpHKX5Ue1_0102,eval,0.9994310736656189
${DATA_ROOT}/clips/146859_PmtkP19rpHKX5Ue1_0103.wav,bonafide,hi-en,146859,mucs2021,none,channel_g711_20db,146859_PmtkP19rpHKX5Ue1_0103,eval,0.9995600581169128
${DATA_ROOT}/clips/146859_PmtkP19rpHKX5Ue1_0104.wav,bonafide,hi-en,146859,mucs2021,none,channel_g711_20db,146859_PmtkP19rpHKX5Ue1_0104,eval,0.9992503523826599
${DATA_ROOT}/clips/146859_PmtkP19rpHKX5Ue1_0105.wav,bonafide,hi-en,146859,mucs2021,none,channel_g711_20db,146859_PmtkP19rpHKX5Ue1_0105,eval,0.9995573163032532
${DATA_ROOT}/clips/146859_PmtkP19rpHKX5Ue1_0106.wav,bonafide,hi-en,146859,mucs2021,none,channel_g711_20db,146859_PmtkP19rpHKX5Ue1_0106,eval,0.9994528889656067
${DATA_ROOT}/clips/146859_PmtkP19rpHKX5Ue1_0107.wav,bonafide,hi-en,146859,mucs2021,none,channel_g711_20db,146859_PmtkP19rpHKX5Ue1_0107,eval,0.9995667338371277
${DATA_ROOT}/clips/146859_PmtkP19rpHKX5Ue1_0108.wav,bonafide,hi-en,146859,mucs2021,none,channel_g711_20db,146859_PmtkP19rpHKX5Ue1_0108,eval,0.9995338916778564
${DATA_ROOT}/clips/146859_PmtkP19rpHKX5Ue1_0109.wav,bonafide,hi-en,146859,mucs2021,none,channel_g711_20db,146859_PmtkP19rpHKX5Ue1_0109,eval,0.9996820688247681
${DATA_ROOT}/clips/146859_PmtkP19rpHKX5Ue1_0110.wav,bonafide,hi-en,146859,mucs2021,none,channel_g711_20db,146859_PmtkP19rpHKX5Ue1_0110,eval,0.9990074038505554
${DATA_ROOT}/clips/146859_PmtkP19rpHKX5Ue1_0111.wav,bonafide,hi-en,146859,mucs2021,none,channel_g711_20db,146859_PmtkP19rpHKX5Ue1_0111,eval,0.9994961023330688
${DATA_ROOT}/clips/146859_PmtkP19rpHKX5Ue1_0112.wav,bonafide,hi-en,146859,mucs2021,none,channel_g711_20db,146859_PmtkP19rpHKX5Ue1_0112,eval,0.9996309280395508
${DATA_ROOT}/clips/146859_PmtkP19rpHKX5Ue1_0113.wav,bonafide,hi-en,146859,mucs2021,none,channel_g711_20db,146859_PmtkP19rpHKX5Ue1_0113,eval,0.9915246367454529
${DATA_ROOT}/clips/146859_PmtkP19rpHKX5Ue1_0114.wav,bonafide,hi-en,146859,mucs2021,none,channel_g711_20db,146859_PmtkP19rpHKX5Ue1_0114,eval,0.9996330738067627
${DATA_ROOT}/clips/146859_PmtkP19rpHKX5Ue1_0115.wav,bonafide,hi-en,146859,mucs2021,none,channel_g711_20db,146859_PmtkP19rpHKX5Ue1_0115,eval,0.9996232986450195
${DATA_ROOT}/clips/146859_PmtkP19rpHKX5Ue1_0116.wav,bonafide,hi-en,146859,mucs2021,none,channel_g711_20db,146859_PmtkP19rpHKX5Ue1_0116,eval,0.9995442032814026
${DATA_ROOT}/clips/146859_PmtkP19rpHKX5Ue1_0117.wav,bonafide,hi-en,146859,mucs2021,none,channel_g711_20db,146859_PmtkP19rpHKX5Ue1_0117,eval,0.999672532081604
${DATA_ROOT}/clips/146859_PmtkP19rpHKX5Ue1_0118.wav,bonafide,hi-en,146859,mucs2021,none,channel_g711_20db,146859_PmtkP19rpHKX5Ue1_0118,eval,0.9993483424186707
${DATA_ROOT}/clips/146859_PmtkP19rpHKX5Ue1_0119.wav,bonafide,hi-en,146859,mucs2021,none,channel_g711_20db,146859_PmtkP19rpHKX5Ue1_0119,eval,0.9995667338371277
${DATA_ROOT}/clips/146859_PmtkP19rpHKX5Ue1_0120.wav,bonafide,hi-en,146859,mucs2021,none,channel_g711_20db,146859_PmtkP19rpHKX5Ue1_0120,eval,0.9994426369667053
${DATA_ROOT}/clips/146859_PmtkP19rpHKX5Ue1_0121.wav,bonafide,hi-en,146859,mucs2021,none,channel_g711_20db,146859_PmtkP19rpHKX5Ue1_0121,eval,0.999247670173645
${DATA_ROOT}/clips/146859_PmtkP19rpHKX5Ue1_0122.wav,bonafide,hi-en,146859,mucs2021,none,channel_g711_20db,146859_PmtkP19rpHKX5Ue1_0122,eval,0.9992634654045105
${DATA_ROOT}/clips/146859_PmtkP19rpHKX5Ue1_0123.wav,bonafide,hi-en,146859,mucs2021,none,channel_g711_20db,146859_PmtkP19rpHKX5Ue1_0123,eval,0.9994637370109558
${DATA_ROOT}/clips/146859_PmtkP19rpHKX5Ue1_0124.wav,bonafide,hi-en,146859,mucs2021,none,channel_g711_20db,146859_PmtkP19rpHKX5Ue1_0124,eval,0.9996353387832642
${DATA_ROOT}/clips/146859_PmtkP19rpHKX5Ue1_0125.wav,bonafide,hi-en,146859,mucs2021,none,channel_g711_20db,146859_PmtkP19rpHKX5Ue1_0125,eval,0.999524712562561
${DATA_ROOT}/clips/146859_PmtkP19rpHKX5Ue1_0126.wav,bonafide,hi-en,146859,mucs2021,none,channel_g711_20db,146859_PmtkP19rpHKX5Ue1_0126,eval,0.9995898604393005
${DATA_ROOT}/clips/146859_PmtkP19rpHKX5Ue1_0127.wav,bonafide,hi-en,146859,mucs2021,none,channel_g711_20db,146859_PmtkP19rpHKX5Ue1_0127,eval,0.9985514283180237
${DATA_ROOT}/clips/146859_PmtkP19rpHKX5Ue1_0128.wav,bonafide,hi-en,146859,mucs2021,none,channel_g711_20db,146859_PmtkP19rpHKX5Ue1_0128,eval,0.9996335506439209
${DATA_ROOT}/clips/146859_PmtkP19rpHKX5Ue1_0129.wav,bonafide,hi-en,146859,mucs2021,none,channel_g711_20db,146859_PmtkP19rpHKX5Ue1_0129,eval,0.9994338154792786
${DATA_ROOT}/clips/146859_PmtkP19rpHKX5Ue1_0130.wav,bonafide,hi-en,146859,mucs2021,none,channel_g711_20db,146859_PmtkP19rpHKX5Ue1_0130,eval,0.9995765089988708
${DATA_ROOT}/clips/146859_PmtkP19rpHKX5Ue1_0131.wav,bonafide,hi-en,146859,mucs2021,none,channel_g711_20db,146859_PmtkP19rpHKX5Ue1_0131,eval,0.9990952014923096
${DATA_ROOT}/clips/146859_PmtkP19rpHKX5Ue1_0132.wav,bonafide,hi-en,146859,mucs2021,none,channel_g711_20db,146859_PmtkP19rpHKX5Ue1_0132,eval,0.9991582632064819
${DATA_ROOT}/clips/146859_PmtkP19rpHKX5Ue1_0133.wav,bonafide,hi-en,146859,mucs2021,none,channel_g711_20db,146859_PmtkP19rpHKX5Ue1_0133,eval,0.9995974898338318
${DATA_ROOT}/clips/146859_PmtkP19rpHKX5Ue1_0134.wav,bonafide,hi-en,146859,mucs2021,none,channel_g711_20db,146859_PmtkP19rpHKX5Ue1_0134,eval,0.9993371367454529
${DATA_ROOT}/clips/146859_PmtkP19rpHKX5Ue1_0135.wav,bonafide,hi-en,146859,mucs2021,none,channel_g711_20db,146859_PmtkP19rpHKX5Ue1_0135,eval,0.9996497631072998
${DATA_ROOT}/clips/146859_PmtkP19rpHKX5Ue1_0136.wav,bonafide,hi-en,146859,mucs2021,none,channel_g711_20db,146859_PmtkP19rpHKX5Ue1_0136,eval,0.9996469020843506
${DATA_ROOT}/clips/146859_PmtkP19rpHKX5Ue1_0137.wav,bonafide,hi-en,146859,mucs2021,none,channel_g711_20db,146859_PmtkP19rpHKX5Ue1_0137,eval,0.9996015429496765
${DATA_ROOT}/clips/146859_PmtkP19rpHKX5Ue1_0138.wav,bonafide,hi-en,146859,mucs2021,none,channel_g711_20db,146859_PmtkP19rpHKX5Ue1_0138,eval,0.9994519352912903
${DATA_ROOT}/clips/146859_PmtkP19rpHKX5Ue1_0139.wav,bonafide,hi-en,146859,mucs2021,none,channel_g711_20db,146859_PmtkP19rpHKX5Ue1_0139,eval,0.9987548589706421
${DATA_ROOT}/clips/165325_4r0Tic1Kpymq5vvC_0000.wav,bonafide,hi-en,165325,mucs2021,none,channel_g711_20db,165325_4r0Tic1Kpymq5vvC_0000,eval,0.9995304346084595
${DATA_ROOT}/clips/165325_4r0Tic1Kpymq5vvC_0001.wav,bonafide,hi-en,165325,mucs2021,none,channel_g711_20db,165325_4r0Tic1Kpymq5vvC_0001,eval,0.9991466999053955
${DATA_ROOT}/clips/165325_4r0Tic1Kpymq5vvC_0002.wav,bonafide,hi-en,165325,mucs2021,none,channel_g711_20db,165325_4r0Tic1Kpymq5vvC_0002,eval,0.9993699193000793
${DATA_ROOT}/clips/165325_4r0Tic1Kpymq5vvC_0003.wav,bonafide,hi-en,165325,mucs2021,none,channel_g711_20db,165325_4r0Tic1Kpymq5vvC_0003,eval,0.9995273351669312
${DATA_ROOT}/clips/165325_4r0Tic1Kpymq5vvC_0004.wav,bonafide,hi-en,165325,mucs2021,none,channel_g711_20db,165325_4r0Tic1Kpymq5vvC_0004,eval,0.9987154006958008
${DATA_ROOT}/clips/165325_4r0Tic1Kpymq5vvC_0005.wav,bonafide,hi-en,165325,mucs2021,none,channel_g711_20db,165325_4r0Tic1Kpymq5vvC_0005,eval,0.9990513920783997
${DATA_ROOT}/clips/165325_4r0Tic1Kpymq5vvC_0006.wav,bonafide,hi-en,165325,mucs2021,none,channel_g711_20db,165325_4r0Tic1Kpymq5vvC_0006,eval,0.9988812804222107
${DATA_ROOT}/clips/165325_4r0Tic1Kpymq5vvC_0007.wav,bonafide,hi-en,165325,mucs2021,none,channel_g711_20db,165325_4r0Tic1Kpymq5vvC_0007,eval,0.997973620891571
${DATA_ROOT}/clips/165325_4r0Tic1Kpymq5vvC_0008.wav,bonafide,hi-en,165325,mucs2021,none,channel_g711_20db,165325_4r0Tic1Kpymq5vvC_0008,eval,0.9983516931533813
${DATA_ROOT}/clips/165325_4r0Tic1Kpymq5vvC_0009.wav,bonafide,hi-en,165325,mucs2021,none,channel_g711_20db,165325_4r0Tic1Kpymq5vvC_0009,eval,0.9992988109588623
${DATA_ROOT}/clips/165325_4r0Tic1Kpymq5vvC_0010.wav,bonafide,hi-en,165325,mucs2021,none,channel_g711_20db,165325_4r0Tic1Kpymq5vvC_0010,eval,0.9988065958023071
${DATA_ROOT}/clips/165325_4r0Tic1Kpymq5vvC_0011.wav,bonafide,hi-en,165325,mucs2021,none,channel_g711_20db,165325_4r0Tic1Kpymq5vvC_0011,eval,0.9992320537567139
${DATA_ROOT}/clips/165325_4r0Tic1Kpymq5vvC_0012.wav,bonafide,hi-en,165325,mucs2021,none,channel_g711_20db,165325_4r0Tic1Kpymq5vvC_0012,eval,0.9992306232452393
${DATA_ROOT}/clips/165325_4r0Tic1Kpymq5vvC_0013.wav,bonafide,hi-en,165325,mucs2021,none,channel_g711_20db,165325_4r0Tic1Kpymq5vvC_0013,eval,0.9990419745445251
${DATA_ROOT}/clips/165325_4r0Tic1Kpymq5vvC_0014.wav,bonafide,hi-en,165325,mucs2021,none,channel_g711_20db,165325_4r0Tic1Kpymq5vvC_0014,eval,0.9989784955978394
${DATA_ROOT}/clips/165325_4r0Tic1Kpymq5vvC_0015.wav,bonafide,hi-en,165325,mucs2021,none,channel_g711_20db,165325_4r0Tic1Kpymq5vvC_0015,eval,0.9988686442375183
${DATA_ROOT}/clips/165325_4r0Tic1Kpymq5vvC_0016.wav,bonafide,hi-en,165325,mucs2021,none,channel_g711_20db,165325_4r0Tic1Kpymq5vvC_0016,eval,0.9994416832923889
${DATA_ROOT}/clips/165325_4r0Tic1Kpymq5vvC_0017.wav,bonafide,hi-en,165325,mucs2021,none,channel_g711_20db,165325_4r0Tic1Kpymq5vvC_0017,eval,0.9990507960319519
${DATA_ROOT}/clips/165325_4r0Tic1Kpymq5vvC_0018.wav,bonafide,hi-en,165325,mucs2021,none,channel_g711_20db,165325_4r0Tic1Kpymq5vvC_0018,eval,0.9989532232284546
${DATA_ROOT}/clips/165325_4r0Tic1Kpymq5vvC_0019.wav,bonafide,hi-en,165325,mucs2021,none,channel_g711_20db,165325_4r0Tic1Kpymq5vvC_0019,eval,0.9990653395652771
${DATA_ROOT}/clips/165325_4r0Tic1Kpymq5vvC_0020.wav,bonafide,hi-en,165325,mucs2021,none,channel_g711_20db,165325_4r0Tic1Kpymq5vvC_0020,eval,0.999022364616394
${DATA_ROOT}/clips/165325_4r0Tic1Kpymq5vvC_0021.wav,bonafide,hi-en,165325,mucs2021,none,channel_g711_20db,165325_4r0Tic1Kpymq5vvC_0021,eval,0.997288703918457
${DATA_ROOT}/clips/165325_4r0Tic1Kpymq5vvC_0022.wav,bonafide,hi-en,165325,mucs2021,none,channel_g711_20db,165325_4r0Tic1Kpymq5vvC_0022,eval,0.9990655779838562
${DATA_ROOT}/clips/165325_4r0Tic1Kpymq5vvC_0023.wav,bonafide,hi-en,165325,mucs2021,none,channel_g711_20db,165325_4r0Tic1Kpymq5vvC_0023,eval,0.9960624575614929
${DATA_ROOT}/clips/165325_4r0Tic1Kpymq5vvC_0024.wav,bonafide,hi-en,165325,mucs2021,none,channel_g711_20db,165325_4r0Tic1Kpymq5vvC_0024,eval,0.999011754989624
${DATA_ROOT}/clips/165325_4r0Tic1Kpymq5vvC_0025.wav,bonafide,hi-en,165325,mucs2021,none,channel_g711_20db,165325_4r0Tic1Kpymq5vvC_0025,eval,0.9994428753852844
${DATA_ROOT}/clips/165325_4r0Tic1Kpymq5vvC_0026.wav,bonafide,hi-en,165325,mucs2021,none,channel_g711_20db,165325_4r0Tic1Kpymq5vvC_0026,eval,0.9984766840934753
${DATA_ROOT}/clips/165325_4r0Tic1Kpymq5vvC_0027.wav,bonafide,hi-en,165325,mucs2021,none,channel_g711_20db,165325_4r0Tic1Kpymq5vvC_0027,eval,0.999411940574646
${DATA_ROOT}/clips/165325_4r0Tic1Kpymq5vvC_0028.wav,bonafide,hi-en,165325,mucs2021,none,channel_g711_20db,165325_4r0Tic1Kpymq5vvC_0028,eval,0.997245192527771
${DATA_ROOT}/clips/165325_4r0Tic1Kpymq5vvC_0029.wav,bonafide,hi-en,165325,mucs2021,none,channel_g711_20db,165325_4r0Tic1Kpymq5vvC_0029,eval,0.9996311664581299
${DATA_ROOT}/clips/165325_4r0Tic1Kpymq5vvC_0030.wav,bonafide,hi-en,165325,mucs2021,none,channel_g711_20db,165325_4r0Tic1Kpymq5vvC_0030,eval,0.9991517066955566
${DATA_ROOT}/clips/165325_4r0Tic1Kpymq5vvC_0031.wav,bonafide,hi-en,165325,mucs2021,none,channel_g711_20db,165325_4r0Tic1Kpymq5vvC_0031,eval,0.9988802075386047
${DATA_ROOT}/clips/165325_4r0Tic1Kpymq5vvC_0032.wav,bonafide,hi-en,165325,mucs2021,none,channel_g711_20db,165325_4r0Tic1Kpymq5vvC_0032,eval,0.9991756081581116
${DATA_ROOT}/clips/165325_4r0Tic1Kpymq5vvC_0033.wav,bonafide,hi-en,165325,mucs2021,none,channel_g711_20db,165325_4r0Tic1Kpymq5vvC_0033,eval,0.99592125415802
${DATA_ROOT}/clips/165325_4r0Tic1Kpymq5vvC_0034.wav,bonafide,hi-en,165325,mucs2021,none,channel_g711_20db,165325_4r0Tic1Kpymq5vvC_0034,eval,0.9994650483131409
${DATA_ROOT}/clips/165325_4r0Tic1Kpymq5vvC_0035.wav,bonafide,hi-en,165325,mucs2021,none,channel_g711_20db,165325_4r0Tic1Kpymq5vvC_0035,eval,0.9991137385368347
${DATA_ROOT}/clips/165325_4r0Tic1Kpymq5vvC_0036.wav,bonafide,hi-en,165325,mucs2021,none,channel_g711_20db,165325_4r0Tic1Kpymq5vvC_0036,eval,0.9991582632064819
${DATA_ROOT}/clips/165325_4r0Tic1Kpymq5vvC_0037.wav,bonafide,hi-en,165325,mucs2021,none,channel_g711_20db,165325_4r0Tic1Kpymq5vvC_0037,eval,0.9994394183158875
${DATA_ROOT}/clips/165325_4r0Tic1Kpymq5vvC_0038.wav,bonafide,hi-en,165325,mucs2021,none,channel_g711_20db,165325_4r0Tic1Kpymq5vvC_0038,eval,0.99941086769104
${DATA_ROOT}/clips/165325_4r0Tic1Kpymq5vvC_0039.wav,bonafide,hi-en,165325,mucs2021,none,channel_g711_20db,165325_4r0Tic1Kpymq5vvC_0039,eval,0.9989921450614929
${DATA_ROOT}/clips/165325_4r0Tic1Kpymq5vvC_0040.wav,bonafide,hi-en,165325,mucs2021,none,channel_g711_20db,165325_4r0Tic1Kpymq5vvC_0040,eval,0.9995711445808411
${DATA_ROOT}/clips/165325_4r0Tic1Kpymq5vvC_0041.wav,bonafide,hi-en,165325,mucs2021,none,channel_g711_20db,165325_4r0Tic1Kpymq5vvC_0041,eval,0.9967976212501526
${DATA_ROOT}/clips/165325_4r0Tic1Kpymq5vvC_0042.wav,bonafide,hi-en,165325,mucs2021,none,channel_g711_20db,165325_4r0Tic1Kpymq5vvC_0042,eval,0.9996098875999451
${DATA_ROOT}/clips/165325_4r0Tic1Kpymq5vvC_0043.wav,bonafide,hi-en,165325,mucs2021,none,channel_g711_20db,165325_4r0Tic1Kpymq5vvC_0043,eval,0.9985840320587158
${DATA_ROOT}/clips/165325_4r0Tic1Kpymq5vvC_0044.wav,bonafide,hi-en,165325,mucs2021,none,channel_g711_20db,165325_4r0Tic1Kpymq5vvC_0044,eval,0.9996885061264038
${DATA_ROOT}/clips/165325_4r0Tic1Kpymq5vvC_0045.wav,bonafide,hi-en,165325,mucs2021,none,channel_g711_20db,165325_4r0Tic1Kpymq5vvC_0045,eval,0.9990348815917969
${DATA_ROOT}/clips/165325_4r0Tic1Kpymq5vvC_0046.wav,bonafide,hi-en,165325,mucs2021,none,channel_g711_20db,165325_4r0Tic1Kpymq5vvC_0046,eval,0.9993441700935364
${DATA_ROOT}/clips/165325_4r0Tic1Kpymq5vvC_0047.wav,bonafide,hi-en,165325,mucs2021,none,channel_g711_20db,165325_4r0Tic1Kpymq5vvC_0047,eval,0.9988710284233093
${DATA_ROOT}/clips/165325_4r0Tic1Kpymq5vvC_0048.wav,bonafide,hi-en,165325,mucs2021,none,channel_g711_20db,165325_4r0Tic1Kpymq5vvC_0048,eval,0.996982753276825
${DATA_ROOT}/clips/165325_4r0Tic1Kpymq5vvC_0049.wav,bonafide,hi-en,165325,mucs2021,none,channel_g711_20db,165325_4r0Tic1Kpymq5vvC_0049,eval,0.9990519881248474
${DATA_ROOT}/clips/165325_4r0Tic1Kpymq5vvC_0050.wav,bonafide,hi-en,165325,mucs2021,none,channel_g711_20db,165325_4r0Tic1Kpymq5vvC_0050,eval,0.9968825578689575
${DATA_ROOT}/clips/165325_4r0Tic1Kpymq5vvC_0051.wav,bonafide,hi-en,165325,mucs2021,none,channel_g711_20db,165325_4r0Tic1Kpymq5vvC_0051,eval,0.9988765120506287
${DATA_ROOT}/clips/165325_4r0Tic1Kpymq5vvC_0052.wav,bonafide,hi-en,165325,mucs2021,none,channel_g711_20db,165325_4r0Tic1Kpymq5vvC_0052,eval,0.9937196969985962
${DATA_ROOT}/clips/165325_4r0Tic1Kpymq5vvC_0053.wav,bonafide,hi-en,165325,mucs2021,none,channel_g711_20db,165325_4r0Tic1Kpymq5vvC_0053,eval,0.9991992115974426
${DATA_ROOT}/clips/165325_4r0Tic1Kpymq5vvC_0054.wav,bonafide,hi-en,165325,mucs2021,none,channel_g711_20db,165325_4r0Tic1Kpymq5vvC_0054,eval,0.9990763664245605
${DATA_ROOT}/clips/165325_4r0Tic1Kpymq5vvC_0055.wav,bonafide,hi-en,165325,mucs2021,none,channel_g711_20db,165325_4r0Tic1Kpymq5vvC_0055,eval,0.997795820236206
${DATA_ROOT}/clips/165325_4r0Tic1Kpymq5vvC_0056.wav,bonafide,hi-en,165325,mucs2021,none,channel_g711_20db,165325_4r0Tic1Kpymq5vvC_0056,eval,0.9906445741653442
${DATA_ROOT}/clips/165325_4r0Tic1Kpymq5vvC_0057.wav,bonafide,hi-en,165325,mucs2021,none,channel_g711_20db,165325_4r0Tic1Kpymq5vvC_0057,eval,0.9985079169273376
${DATA_ROOT}/clips/165325_4r0Tic1Kpymq5vvC_0058.wav,bonafide,hi-en,165325,mucs2021,none,channel_g711_20db,165325_4r0Tic1Kpymq5vvC_0058,eval,0.9994502663612366
${DATA_ROOT}/clips/165325_4r0Tic1Kpymq5vvC_0059.wav,bonafide,hi-en,165325,mucs2021,none,channel_g711_20db,165325_4r0Tic1Kpymq5vvC_0059,eval,0.9977203011512756
${DATA_ROOT}/clips/165325_4r0Tic1Kpymq5vvC_0060.wav,bonafide,hi-en,165325,mucs2021,none,channel_g711_20db,165325_4r0Tic1Kpymq5vvC_0060,eval,0.9991012811660767
${DATA_ROOT}/clips/165325_4r0Tic1Kpymq5vvC_0061.wav,bonafide,hi-en,165325,mucs2021,none,channel_g711_20db,165325_4r0Tic1Kpymq5vvC_0061,eval,0.9988344311714172
${DATA_ROOT}/clips/165325_4r0Tic1Kpymq5vvC_0062.wav,bonafide,hi-en,165325,mucs2021,none,channel_g711_20db,165325_4r0Tic1Kpymq5vvC_0062,eval,0.9995755553245544
${DATA_ROOT}/clips/165325_4r0Tic1Kpymq5vvC_0063.wav,bonafide,hi-en,165325,mucs2021,none,channel_g711_20db,165325_4r0Tic1Kpymq5vvC_0063,eval,0.9990994930267334
${DATA_ROOT}/clips/165325_4r0Tic1Kpymq5vvC_0064.wav,bonafide,hi-en,165325,mucs2021,none,channel_g711_20db,165325_4r0Tic1Kpymq5vvC_0064,eval,0.9978163242340088
${DATA_ROOT}/clips/165325_4r0Tic1Kpymq5vvC_0065.wav,bonafide,hi-en,165325,mucs2021,none,channel_g711_20db,165325_4r0Tic1Kpymq5vvC_0065,eval,0.999085545539856
${DATA_ROOT}/clips/165325_4r0Tic1Kpymq5vvC_0066.wav,bonafide,hi-en,165325,mucs2021,none,channel_g711_20db,165325_4r0Tic1Kpymq5vvC_0066,eval,0.999056875705719
${DATA_ROOT}/clips/165325_4r0Tic1Kpymq5vvC_0067.wav,bonafide,hi-en,165325,mucs2021,none,channel_g711_20db,165325_4r0Tic1Kpymq5vvC_0067,eval,0.9987560510635376
${DATA_ROOT}/clips/165325_4r0Tic1Kpymq5vvC_0068.wav,bonafide,hi-en,165325,mucs2021,none,channel_g711_20db,165325_4r0Tic1Kpymq5vvC_0068,eval,0.48345813155174255
${DATA_ROOT}/clips/165325_4r0Tic1Kpymq5vvC_0069.wav,bonafide,hi-en,165325,mucs2021,none,channel_g711_20db,165325_4r0Tic1Kpymq5vvC_0069,eval,0.9862678050994873
${DATA_ROOT}/clips/165325_4r0Tic1Kpymq5vvC_0070.wav,bonafide,hi-en,165325,mucs2021,none,channel_g711_20db,165325_4r0Tic1Kpymq5vvC_0070,eval,0.9968457818031311
${DATA_ROOT}/clips/165325_4r0Tic1Kpymq5vvC_0071.wav,bonafide,hi-en,165325,mucs2021,none,channel_g711_20db,165325_4r0Tic1Kpymq5vvC_0071,eval,0.9985417127609253
${DATA_ROOT}/clips/165325_4r0Tic1Kpymq5vvC_0072.wav,bonafide,hi-en,165325,mucs2021,none,channel_g711_20db,165325_4r0Tic1Kpymq5vvC_0072,eval,0.9991363883018494
${DATA_ROOT}/clips/165325_4r0Tic1Kpymq5vvC_0073.wav,bonafide,hi-en,165325,mucs2021,none,channel_g711_20db,165325_4r0Tic1Kpymq5vvC_0073,eval,0.997885525226593
${DATA_ROOT}/clips/165325_4r0Tic1Kpymq5vvC_0074.wav,bonafide,hi-en,165325,mucs2021,none,channel_g711_20db,165325_4r0Tic1Kpymq5vvC_0074,eval,0.9987922310829163
${DATA_ROOT}/clips/165325_4r0Tic1Kpymq5vvC_0075.wav,bonafide,hi-en,165325,mucs2021,none,channel_g711_20db,165325_4r0Tic1Kpymq5vvC_0075,eval,0.9989987015724182
${DATA_ROOT}/clips/165325_4r0Tic1Kpymq5vvC_0076.wav,bonafide,hi-en,165325,mucs2021,none,channel_g711_20db,165325_4r0Tic1Kpymq5vvC_0076,eval,0.9984005093574524
${DATA_ROOT}/clips/165325_4r0Tic1Kpymq5vvC_0077.wav,bonafide,hi-en,165325,mucs2021,none,channel_g711_20db,165325_4r0Tic1Kpymq5vvC_0077,eval,0.9961541295051575
${DATA_ROOT}/clips/175522_7Hz37FoUWV3ZFiMU_0000.wav,bonafide,hi-en,175522,mucs2021,none,channel_g711_20db,175522_7Hz37FoUWV3ZFiMU_0000,eval,0.9992693066596985
${DATA_ROOT}/clips/175522_7Hz37FoUWV3ZFiMU_0001.wav,bonafide,hi-en,175522,mucs2021,none,channel_g711_20db,175522_7Hz37FoUWV3ZFiMU_0001,eval,0.9795436263084412
${DATA_ROOT}/clips/175522_7Hz37FoUWV3ZFiMU_0002.wav,bonafide,hi-en,175522,mucs2021,none,channel_g711_20db,175522_7Hz37FoUWV3ZFiMU_0002,eval,0.9983265995979309
${DATA_ROOT}/clips/175522_7Hz37FoUWV3ZFiMU_0003.wav,bonafide,hi-en,175522,mucs2021,none,channel_g711_20db,175522_7Hz37FoUWV3ZFiMU_0003,eval,0.9975956082344055
${DATA_ROOT}/clips/175522_7Hz37FoUWV3ZFiMU_0004.wav,bonafide,hi-en,175522,mucs2021,none,channel_g711_20db,175522_7Hz37FoUWV3ZFiMU_0004,eval,0.997397780418396
${DATA_ROOT}/clips/175522_7Hz37FoUWV3ZFiMU_0005.wav,bonafide,hi-en,175522,mucs2021,none,channel_g711_20db,175522_7Hz37FoUWV3ZFiMU_0005,eval,0.9990007281303406
${DATA_ROOT}/clips/175522_7Hz37FoUWV3ZFiMU_0006.wav,bonafide,hi-en,175522,mucs2021,none,channel_g711_20db,175522_7Hz37FoUWV3ZFiMU_0006,eval,0.9970081448554993
${DATA_ROOT}/clips/175522_7Hz37FoUWV3ZFiMU_0007.wav,bonafide,hi-en,175522,mucs2021,none,channel_g711_20db,175522_7Hz37FoUWV3ZFiMU_0007,eval,0.9993034601211548
${DATA_ROOT}/clips/175522_7Hz37FoUWV3ZFiMU_0008.wav,bonafide,hi-en,175522,mucs2021,none,channel_g711_20db,175522_7Hz37FoUWV3ZFiMU_0008,eval,0.9993537068367004
${DATA_ROOT}/clips/175522_7Hz37FoUWV3ZFiMU_0009.wav,bonafide,hi-en,175522,mucs2021,none,channel_g711_20db,175522_7Hz37FoUWV3ZFiMU_0009,eval,0.9937305450439453
${DATA_ROOT}/clips/175522_7Hz37FoUWV3ZFiMU_0010.wav,bonafide,hi-en,175522,mucs2021,none,channel_g711_20db,175522_7Hz37FoUWV3ZFiMU_0010,eval,0.9985781908035278
${DATA_ROOT}/clips/175522_7Hz37FoUWV3ZFiMU_0011.wav,bonafide,hi-en,175522,mucs2021,none,channel_g711_20db,175522_7Hz37FoUWV3ZFiMU_0011,eval,0.9991145730018616
${DATA_ROOT}/clips/175522_7Hz37FoUWV3ZFiMU_0012.wav,bonafide,hi-en,175522,mucs2021,none,channel_g711_20db,175522_7Hz37FoUWV3ZFiMU_0012,eval,0.9990571141242981
${DATA_ROOT}/clips/175522_7Hz37FoUWV3ZFiMU_0013.wav,bonafide,hi-en,175522,mucs2021,none,channel_g711_20db,175522_7Hz37FoUWV3ZFiMU_0013,eval,0.9814385175704956
${DATA_ROOT}/clips/175522_7Hz37FoUWV3ZFiMU_0014.wav,bonafide,hi-en,175522,mucs2021,none,channel_g711_20db,175522_7Hz37FoUWV3ZFiMU_0014,eval,0.9976018071174622
${DATA_ROOT}/clips/175522_7Hz37FoUWV3ZFiMU_0015.wav,bonafide,hi-en,175522,mucs2021,none,channel_g711_20db,175522_7Hz37FoUWV3ZFiMU_0015,eval,0.9980310797691345
${DATA_ROOT}/clips/175522_7Hz37FoUWV3ZFiMU_0016.wav,bonafide,hi-en,175522,mucs2021,none,channel_g711_20db,175522_7Hz37FoUWV3ZFiMU_0016,eval,0.9952527284622192
${DATA_ROOT}/clips/175522_7Hz37FoUWV3ZFiMU_0017.wav,bonafide,hi-en,175522,mucs2021,none,channel_g711_20db,175522_7Hz37FoUWV3ZFiMU_0017,eval,0.9984330534934998
${DATA_ROOT}/clips/175522_7Hz37FoUWV3ZFiMU_0018.wav,bonafide,hi-en,175522,mucs2021,none,channel_g711_20db,175522_7Hz37FoUWV3ZFiMU_0018,eval,0.9988498687744141
${DATA_ROOT}/clips/175522_7Hz37FoUWV3ZFiMU_0019.wav,bonafide,hi-en,175522,mucs2021,none,channel_g711_20db,175522_7Hz37FoUWV3ZFiMU_0019,eval,0.9865755438804626
${DATA_ROOT}/clips/175522_7Hz37FoUWV3ZFiMU_0020.wav,bonafide,hi-en,175522,mucs2021,none,channel_g711_20db,175522_7Hz37FoUWV3ZFiMU_0020,eval,0.9990456700325012
${DATA_ROOT}/clips/175522_7Hz37FoUWV3ZFiMU_0021.wav,bonafide,hi-en,175522,mucs2021,none,channel_g711_20db,175522_7Hz37FoUWV3ZFiMU_0021,eval,0.9992836117744446
${DATA_ROOT}/clips/175522_7Hz37FoUWV3ZFiMU_0022.wav,bonafide,hi-en,175522,mucs2021,none,channel_g711_20db,175522_7Hz37FoUWV3ZFiMU_0022,eval,0.9982329607009888
${DATA_ROOT}/clips/175522_7Hz37FoUWV3ZFiMU_0023.wav,bonafide,hi-en,175522,mucs2021,none,channel_g711_20db,175522_7Hz37FoUWV3ZFiMU_0023,eval,0.9984527826309204
${DATA_ROOT}/clips/175522_7Hz37FoUWV3ZFiMU_0024.wav,bonafide,hi-en,175522,mucs2021,none,channel_g711_20db,175522_7Hz37FoUWV3ZFiMU_0024,eval,0.9953956007957458
${DATA_ROOT}/clips/175522_7Hz37FoUWV3ZFiMU_0025.wav,bonafide,hi-en,175522,mucs2021,none,channel_g711_20db,175522_7Hz37FoUWV3ZFiMU_0025,eval,0.9992169141769409
${DATA_ROOT}/clips/175522_7Hz37FoUWV3ZFiMU_0026.wav,bonafide,hi-en,175522,mucs2021,none,channel_g711_20db,175522_7Hz37FoUWV3ZFiMU_0026,eval,0.9859937429428101
${DATA_ROOT}/clips/175522_7Hz37FoUWV3ZFiMU_0027.wav,bonafide,hi-en,175522,mucs2021,none,channel_g711_20db,175522_7Hz37FoUWV3ZFiMU_0027,eval,0.9920039772987366
${DATA_ROOT}/clips/175522_7Hz37FoUWV3ZFiMU_0028.wav,bonafide,hi-en,175522,mucs2021,none,channel_g711_20db,175522_7Hz37FoUWV3ZFiMU_0028,eval,0.9989560842514038
${DATA_ROOT}/clips/175522_7Hz37FoUWV3ZFiMU_0029.wav,bonafide,hi-en,175522,mucs2021,none,channel_g711_20db,175522_7Hz37FoUWV3ZFiMU_0029,eval,0.9991140961647034
${DATA_ROOT}/clips/175522_7Hz37FoUWV3ZFiMU_0030.wav,bonafide,hi-en,175522,mucs2021,none,channel_g711_20db,175522_7Hz37FoUWV3ZFiMU_0030,eval,0.9976039528846741
${DATA_ROOT}/clips/175522_7Hz37FoUWV3ZFiMU_0031.wav,bonafide,hi-en,175522,mucs2021,none,channel_g711_20db,175522_7Hz37FoUWV3ZFiMU_0031,eval,0.9937200546264648
${DATA_ROOT}/clips/175522_7Hz37FoUWV3ZFiMU_0032.wav,bonafide,hi-en,175522,mucs2021,none,channel_g711_20db,175522_7Hz37FoUWV3ZFiMU_0032,eval,0.9968771934509277
${DATA_ROOT}/clips/175522_7Hz37FoUWV3ZFiMU_0033.wav,bonafide,hi-en,175522,mucs2021,none,channel_g711_20db,175522_7Hz37FoUWV3ZFiMU_0033,eval,0.9968715310096741
${DATA_ROOT}/clips/175522_7Hz37FoUWV3ZFiMU_0034.wav,bonafide,hi-en,175522,mucs2021,none,channel_g711_20db,175522_7Hz37FoUWV3ZFiMU_0034,eval,0.9990266561508179
${DATA_ROOT}/clips/175522_7Hz37FoUWV3ZFiMU_0035.wav,bonafide,hi-en,175522,mucs2021,none,channel_g711_20db,175522_7Hz37FoUWV3ZFiMU_0035,eval,0.9988435506820679
${DATA_ROOT}/clips/175522_7Hz37FoUWV3ZFiMU_0036.wav,bonafide,hi-en,175522,mucs2021,none,channel_g711_20db,175522_7Hz37FoUWV3ZFiMU_0036,eval,0.9458234906196594
${DATA_ROOT}/clips/175522_7Hz37FoUWV3ZFiMU_0037.wav,bonafide,hi-en,175522,mucs2021,none,channel_g711_20db,175522_7Hz37FoUWV3ZFiMU_0037,eval,0.9980048537254333
${DATA_ROOT}/clips/175522_7Hz37FoUWV3ZFiMU_0038.wav,bonafide,hi-en,175522,mucs2021,none,channel_g711_20db,175522_7Hz37FoUWV3ZFiMU_0038,eval,0.9979389309883118
${DATA_ROOT}/clips/175522_7Hz37FoUWV3ZFiMU_0039.wav,bonafide,hi-en,175522,mucs2021,none,channel_g711_20db,175522_7Hz37FoUWV3ZFiMU_0039,eval,0.9992369413375854
${DATA_ROOT}/clips/175522_7Hz37FoUWV3ZFiMU_0040.wav,bonafide,hi-en,175522,mucs2021,none,channel_g711_20db,175522_7Hz37FoUWV3ZFiMU_0040,eval,0.9579441547393799
${DATA_ROOT}/clips/175522_7Hz37FoUWV3ZFiMU_0041.wav,bonafide,hi-en,175522,mucs2021,none,channel_g711_20db,175522_7Hz37FoUWV3ZFiMU_0041,eval,0.9992948770523071
${DATA_ROOT}/clips/175522_7Hz37FoUWV3ZFiMU_0042.wav,bonafide,hi-en,175522,mucs2021,none,channel_g711_20db,175522_7Hz37FoUWV3ZFiMU_0042,eval,0.999453604221344
${DATA_ROOT}/clips/175522_7Hz37FoUWV3ZFiMU_0043.wav,bonafide,hi-en,175522,mucs2021,none,channel_g711_20db,175522_7Hz37FoUWV3ZFiMU_0043,eval,0.9933911561965942
${DATA_ROOT}/clips/175522_7Hz37FoUWV3ZFiMU_0044.wav,bonafide,hi-en,175522,mucs2021,none,channel_g711_20db,175522_7Hz37FoUWV3ZFiMU_0044,eval,0.9990373849868774
${DATA_ROOT}/clips/175522_7Hz37FoUWV3ZFiMU_0045.wav,bonafide,hi-en,175522,mucs2021,none,channel_g711_20db,175522_7Hz37FoUWV3ZFiMU_0045,eval,0.9979054927825928
${DATA_ROOT}/clips/175522_7Hz37FoUWV3ZFiMU_0046.wav,bonafide,hi-en,175522,mucs2021,none,channel_g711_20db,175522_7Hz37FoUWV3ZFiMU_0046,eval,0.9853712320327759
${DATA_ROOT}/clips/175522_7Hz37FoUWV3ZFiMU_0047.wav,bonafide,hi-en,175522,mucs2021,none,channel_g711_20db,175522_7Hz37FoUWV3ZFiMU_0047,eval,0.991574227809906
${DATA_ROOT}/clips/175522_7Hz37FoUWV3ZFiMU_0048.wav,bonafide,hi-en,175522,mucs2021,none,channel_g711_20db,175522_7Hz37FoUWV3ZFiMU_0048,eval,0.9986284971237183
${DATA_ROOT}/clips/175522_7Hz37FoUWV3ZFiMU_0049.wav,bonafide,hi-en,175522,mucs2021,none,channel_g711_20db,175522_7Hz37FoUWV3ZFiMU_0049,eval,0.9990535378456116
${DATA_ROOT}/clips/175522_7Hz37FoUWV3ZFiMU_0050.wav,bonafide,hi-en,175522,mucs2021,none,channel_g711_20db,175522_7Hz37FoUWV3ZFiMU_0050,eval,0.9946236610412598
${DATA_ROOT}/clips/175522_7Hz37FoUWV3ZFiMU_0051.wav,bonafide,hi-en,175522,mucs2021,none,channel_g711_20db,175522_7Hz37FoUWV3ZFiMU_0051,eval,0.9992181062698364
${DATA_ROOT}/clips/175522_7Hz37FoUWV3ZFiMU_0052.wav,bonafide,hi-en,175522,mucs2021,none,channel_g711_20db,175522_7Hz37FoUWV3ZFiMU_0052,eval,0.9986827969551086
${DATA_ROOT}/clips/175522_7Hz37FoUWV3ZFiMU_0053.wav,bonafide,hi-en,175522,mucs2021,none,channel_g711_20db,175522_7Hz37FoUWV3ZFiMU_0053,eval,0.9947454929351807
${DATA_ROOT}/clips/175522_7Hz37FoUWV3ZFiMU_0054.wav,bonafide,hi-en,175522,mucs2021,none,channel_g711_20db,175522_7Hz37FoUWV3ZFiMU_0054,eval,0.9969022870063782
${DATA_ROOT}/clips/175522_7Hz37FoUWV3ZFiMU_0055.wav,bonafide,hi-en,175522,mucs2021,none,channel_g711_20db,175522_7Hz37FoUWV3ZFiMU_0055,eval,0.9992380142211914
${DATA_ROOT}/clips/175522_7Hz37FoUWV3ZFiMU_0056.wav,bonafide,hi-en,175522,mucs2021,none,channel_g711_20db,175522_7Hz37FoUWV3ZFiMU_0056,eval,0.9989546537399292
${DATA_ROOT}/clips/175522_7Hz37FoUWV3ZFiMU_0057.wav,bonafide,hi-en,175522,mucs2021,none,channel_g711_20db,175522_7Hz37FoUWV3ZFiMU_0057,eval,0.9975152015686035
${DATA_ROOT}/clips/175522_7Hz37FoUWV3ZFiMU_0058.wav,bonafide,hi-en,175522,mucs2021,none,channel_g711_20db,175522_7Hz37FoUWV3ZFiMU_0058,eval,0.9952549934387207
${DATA_ROOT}/clips/175522_7Hz37FoUWV3ZFiMU_0059.wav,bonafide,hi-en,175522,mucs2021,none,channel_g711_20db,175522_7Hz37FoUWV3ZFiMU_0059,eval,0.9991341233253479
${DATA_ROOT}/clips/175522_7Hz37FoUWV3ZFiMU_0060.wav,bonafide,hi-en,175522,mucs2021,none,channel_g711_20db,175522_7Hz37FoUWV3ZFiMU_0060,eval,0.9985278844833374
${DATA_ROOT}/clips/175522_7Hz37FoUWV3ZFiMU_0061.wav,bonafide,hi-en,175522,mucs2021,none,channel_g711_20db,175522_7Hz37FoUWV3ZFiMU_0061,eval,0.9980459213256836
${DATA_ROOT}/clips/175522_7Hz37FoUWV3ZFiMU_0062.wav,bonafide,hi-en,175522,mucs2021,none,channel_g711_20db,175522_7Hz37FoUWV3ZFiMU_0062,eval,0.986695408821106
${DATA_ROOT}/clips/175522_7Hz37FoUWV3ZFiMU_0063.wav,bonafide,hi-en,175522,mucs2021,none,channel_g711_20db,175522_7Hz37FoUWV3ZFiMU_0063,eval,0.9991016387939453
${DATA_ROOT}/clips/175522_7Hz37FoUWV3ZFiMU_0064.wav,bonafide,hi-en,175522,mucs2021,none,channel_g711_20db,175522_7Hz37FoUWV3ZFiMU_0064,eval,0.9979848861694336
${DATA_ROOT}/clips/175522_7Hz37FoUWV3ZFiMU_0065.wav,bonafide,hi-en,175522,mucs2021,none,channel_g711_20db,175522_7Hz37FoUWV3ZFiMU_0065,eval,0.9972610473632812
${DATA_ROOT}/clips/175522_7Hz37FoUWV3ZFiMU_0066.wav,bonafide,hi-en,175522,mucs2021,none,channel_g711_20db,175522_7Hz37FoUWV3ZFiMU_0066,eval,0.9993563294410706
${DATA_ROOT}/clips/175522_7Hz37FoUWV3ZFiMU_0067.wav,bonafide,hi-en,175522,mucs2021,none,channel_g711_20db,175522_7Hz37FoUWV3ZFiMU_0067,eval,0.9990028738975525
${DATA_ROOT}/clips/175522_7Hz37FoUWV3ZFiMU_0068.wav,bonafide,hi-en,175522,mucs2021,none,channel_g711_20db,175522_7Hz37FoUWV3ZFiMU_0068,eval,0.9987474679946899
${DATA_ROOT}/clips/175522_7Hz37FoUWV3ZFiMU_0069.wav,bonafide,hi-en,175522,mucs2021,none,channel_g711_20db,175522_7Hz37FoUWV3ZFiMU_0069,eval,0.9973706007003784
${DATA_ROOT}/clips/175522_7Hz37FoUWV3ZFiMU_0070.wav,bonafide,hi-en,175522,mucs2021,none,channel_g711_20db,175522_7Hz37FoUWV3ZFiMU_0070,eval,0.9967073202133179
${DATA_ROOT}/clips/175522_7Hz37FoUWV3ZFiMU_0071.wav,bonafide,hi-en,175522,mucs2021,none,channel_g711_20db,175522_7Hz37FoUWV3ZFiMU_0071,eval,0.9987187385559082
${DATA_ROOT}/clips/175522_7Hz37FoUWV3ZFiMU_0072.wav,bonafide,hi-en,175522,mucs2021,none,channel_g711_20db,175522_7Hz37FoUWV3ZFiMU_0072,eval,0.9970552921295166
${DATA_ROOT}/clips/175522_7Hz37FoUWV3ZFiMU_0073.wav,bonafide,hi-en,175522,mucs2021,none,channel_g711_20db,175522_7Hz37FoUWV3ZFiMU_0073,eval,0.9959477782249451
${DATA_ROOT}/clips/175522_7Hz37FoUWV3ZFiMU_0074.wav,bonafide,hi-en,175522,mucs2021,none,channel_g711_20db,175522_7Hz37FoUWV3ZFiMU_0074,eval,0.9988196492195129
${DATA_ROOT}/clips/175522_7Hz37FoUWV3ZFiMU_0075.wav,bonafide,hi-en,175522,mucs2021,none,channel_g711_20db,175522_7Hz37FoUWV3ZFiMU_0075,eval,0.9991331696510315
${DATA_ROOT}/clips/175522_7Hz37FoUWV3ZFiMU_0076.wav,bonafide,hi-en,175522,mucs2021,none,channel_g711_20db,175522_7Hz37FoUWV3ZFiMU_0076,eval,0.11946113407611847
${DATA_ROOT}/clips/175522_7Hz37FoUWV3ZFiMU_0077.wav,bonafide,hi-en,175522,mucs2021,none,channel_g711_20db,175522_7Hz37FoUWV3ZFiMU_0077,eval,0.9993048906326294
${DATA_ROOT}/clips/175522_7Hz37FoUWV3ZFiMU_0078.wav,bonafide,hi-en,175522,mucs2021,none,channel_g711_20db,175522_7Hz37FoUWV3ZFiMU_0078,eval,0.9995651841163635
${DATA_ROOT}/clips/175522_7Hz37FoUWV3ZFiMU_0079.wav,bonafide,hi-en,175522,mucs2021,none,channel_g711_20db,175522_7Hz37FoUWV3ZFiMU_0079,eval,0.9991206526756287
${DATA_ROOT}/clips/175522_7Hz37FoUWV3ZFiMU_0080.wav,bonafide,hi-en,175522,mucs2021,none,channel_g711_20db,175522_7Hz37FoUWV3ZFiMU_0080,eval,0.9982397556304932
${DATA_ROOT}/clips/175522_7Hz37FoUWV3ZFiMU_0081.wav,bonafide,hi-en,175522,mucs2021,none,channel_g711_20db,175522_7Hz37FoUWV3ZFiMU_0081,eval,0.9991938471794128
${DATA_ROOT}/clips/175522_7Hz37FoUWV3ZFiMU_0082.wav,bonafide,hi-en,175522,mucs2021,none,channel_g711_20db,175522_7Hz37FoUWV3ZFiMU_0082,eval,0.9994768500328064
${DATA_ROOT}/clips/175522_7Hz37FoUWV3ZFiMU_0083.wav,bonafide,hi-en,175522,mucs2021,none,channel_g711_20db,175522_7Hz37FoUWV3ZFiMU_0083,eval,0.9992940425872803
${DATA_ROOT}/clips/175522_7Hz37FoUWV3ZFiMU_0084.wav,bonafide,hi-en,175522,mucs2021,none,channel_g711_20db,175522_7Hz37FoUWV3ZFiMU_0084,eval,0.9989168643951416
${DATA_ROOT}/clips/175522_7Hz37FoUWV3ZFiMU_0085.wav,bonafide,hi-en,175522,mucs2021,none,channel_g711_20db,175522_7Hz37FoUWV3ZFiMU_0085,eval,0.9980243444442749
${DATA_ROOT}/clips/175522_7Hz37FoUWV3ZFiMU_0086.wav,bonafide,hi-en,175522,mucs2021,none,channel_g711_20db,175522_7Hz37FoUWV3ZFiMU_0086,eval,0.9766412377357483
${DATA_ROOT}/clips/175522_7Hz37FoUWV3ZFiMU_0087.wav,bonafide,hi-en,175522,mucs2021,none,channel_g711_20db,175522_7Hz37FoUWV3ZFiMU_0087,eval,0.9908708930015564
${DATA_ROOT}/clips/175522_7Hz37FoUWV3ZFiMU_0088.wav,bonafide,hi-en,175522,mucs2021,none,channel_g711_20db,175522_7Hz37FoUWV3ZFiMU_0088,eval,0.9985951781272888
${DATA_ROOT}/clips/175522_7Hz37FoUWV3ZFiMU_0089.wav,bonafide,hi-en,175522,mucs2021,none,channel_g711_20db,175522_7Hz37FoUWV3ZFiMU_0089,eval,0.9985352754592896
${DATA_ROOT}/clips/175522_7Hz37FoUWV3ZFiMU_0090.wav,bonafide,hi-en,175522,mucs2021,none,channel_g711_20db,175522_7Hz37FoUWV3ZFiMU_0090,eval,0.9990536570549011
${DATA_ROOT}/clips/175522_7Hz37FoUWV3ZFiMU_0091.wav,bonafide,hi-en,175522,mucs2021,none,channel_g711_20db,175522_7Hz37FoUWV3ZFiMU_0091,eval,0.9990987777709961
${DATA_ROOT}/clips/175522_7Hz37FoUWV3ZFiMU_0092.wav,bonafide,hi-en,175522,mucs2021,none,channel_g711_20db,175522_7Hz37FoUWV3ZFiMU_0092,eval,0.9990935325622559
${DATA_ROOT}/clips/175522_7Hz37FoUWV3ZFiMU_0093.wav,bonafide,hi-en,175522,mucs2021,none,channel_g711_20db,175522_7Hz37FoUWV3ZFiMU_0093,eval,0.9990434050559998
${DATA_ROOT}/clips/175522_7Hz37FoUWV3ZFiMU_0094.wav,bonafide,hi-en,175522,mucs2021,none,channel_g711_20db,175522_7Hz37FoUWV3ZFiMU_0094,eval,0.999504566192627
${DATA_ROOT}/clips/175522_7Hz37FoUWV3ZFiMU_0095.wav,bonafide,hi-en,175522,mucs2021,none,channel_g711_20db,175522_7Hz37FoUWV3ZFiMU_0095,eval,0.9993070363998413
${DATA_ROOT}/clips/175522_7Hz37FoUWV3ZFiMU_0096.wav,bonafide,hi-en,175522,mucs2021,none,channel_g711_20db,175522_7Hz37FoUWV3ZFiMU_0096,eval,0.9972232580184937
${DATA_ROOT}/clips/175522_7Hz37FoUWV3ZFiMU_0097.wav,bonafide,hi-en,175522,mucs2021,none,channel_g711_20db,175522_7Hz37FoUWV3ZFiMU_0097,eval,0.9986342787742615
${DATA_ROOT}/clips/175522_7Hz37FoUWV3ZFiMU_0098.wav,bonafide,hi-en,175522,mucs2021,none,channel_g711_20db,175522_7Hz37FoUWV3ZFiMU_0098,eval,0.9987850785255432
${DATA_ROOT}/clips/175522_7Hz37FoUWV3ZFiMU_0099.wav,bonafide,hi-en,175522,mucs2021,none,channel_g711_20db,175522_7Hz37FoUWV3ZFiMU_0099,eval,0.9977549910545349
${DATA_ROOT}/clips/175522_7Hz37FoUWV3ZFiMU_0100.wav,bonafide,hi-en,175522,mucs2021,none,channel_g711_20db,175522_7Hz37FoUWV3ZFiMU_0100,eval,0.9971961975097656
${DATA_ROOT}/clips/175522_7Hz37FoUWV3ZFiMU_0101.wav,bonafide,hi-en,175522,mucs2021,none,channel_g711_20db,175522_7Hz37FoUWV3ZFiMU_0101,eval,0.9879174828529358
${DATA_ROOT}/clips/232748_sKqPXTyNgbuqBiCf_0000.wav,bonafide,hi-en,232748,mucs2021,none,channel_g711_20db,232748_sKqPXTyNgbuqBiCf_0000,eval,0.9994320273399353
${DATA_ROOT}/clips/232748_sKqPXTyNgbuqBiCf_0001.wav,bonafide,hi-en,232748,mucs2021,none,channel_g711_20db,232748_sKqPXTyNgbuqBiCf_0001,eval,0.9873141646385193
${DATA_ROOT}/clips/232748_sKqPXTyNgbuqBiCf_0002.wav,bonafide,hi-en,232748,mucs2021,none,channel_g711_20db,232748_sKqPXTyNgbuqBiCf_0002,eval,0.9993427395820618
${DATA_ROOT}/clips/232748_sKqPXTyNgbuqBiCf_0003.wav,bonafide,hi-en,232748,mucs2021,none,channel_g711_20db,232748_sKqPXTyNgbuqBiCf_0003,eval,0.9984080195426941
${DATA_ROOT}/clips/232748_sKqPXTyNgbuqBiCf_0004.wav,bonafide,hi-en,232748,mucs2021,none,channel_g711_20db,232748_sKqPXTyNgbuqBiCf_0004,eval,0.9989745616912842
${DATA_ROOT}/clips/232748_sKqPXTyNgbuqBiCf_0005.wav,bonafide,hi-en,232748,mucs2021,none,channel_g711_20db,232748_sKqPXTyNgbuqBiCf_0005,eval,0.9991520643234253
${DATA_ROOT}/clips/232748_sKqPXTyNgbuqBiCf_0006.wav,bonafide,hi-en,232748,mucs2021,none,channel_g711_20db,232748_sKqPXTyNgbuqBiCf_0006,eval,0.9975553154945374
${DATA_ROOT}/clips/232748_sKqPXTyNgbuqBiCf_0007.wav,bonafide,hi-en,232748,mucs2021,none,channel_g711_20db,232748_sKqPXTyNgbuqBiCf_0007,eval,0.9971458315849304
${DATA_ROOT}/clips/232748_sKqPXTyNgbuqBiCf_0008.wav,bonafide,hi-en,232748,mucs2021,none,channel_g711_20db,232748_sKqPXTyNgbuqBiCf_0008,eval,0.9977765679359436
${DATA_ROOT}/clips/232748_sKqPXTyNgbuqBiCf_0009.wav,bonafide,hi-en,232748,mucs2021,none,channel_g711_20db,232748_sKqPXTyNgbuqBiCf_0009,eval,0.9979836940765381
${DATA_ROOT}/clips/232748_sKqPXTyNgbuqBiCf_0010.wav,bonafide,hi-en,232748,mucs2021,none,channel_g711_20db,232748_sKqPXTyNgbuqBiCf_0010,eval,0.9975443482398987
${DATA_ROOT}/clips/232748_sKqPXTyNgbuqBiCf_0011.wav,bonafide,hi-en,232748,mucs2021,none,channel_g711_20db,232748_sKqPXTyNgbuqBiCf_0011,eval,0.9995385408401489
${DATA_ROOT}/clips/232748_sKqPXTyNgbuqBiCf_0012.wav,bonafide,hi-en,232748,mucs2021,none,channel_g711_20db,232748_sKqPXTyNgbuqBiCf_0012,eval,0.9991612434387207
${DATA_ROOT}/clips/232748_sKqPXTyNgbuqBiCf_0013.wav,bonafide,hi-en,232748,mucs2021,none,channel_g711_20db,232748_sKqPXTyNgbuqBiCf_0013,eval,0.9992708563804626
${DATA_ROOT}/clips/232748_sKqPXTyNgbuqBiCf_0014.wav,bonafide,hi-en,232748,mucs2021,none,channel_g711_20db,232748_sKqPXTyNgbuqBiCf_0014,eval,0.998817503452301
${DATA_ROOT}/clips/232748_sKqPXTyNgbuqBiCf_0015.wav,bonafide,hi-en,232748,mucs2021,none,channel_g711_20db,232748_sKqPXTyNgbuqBiCf_0015,eval,0.9980006814002991
${DATA_ROOT}/clips/232748_sKqPXTyNgbuqBiCf_0016.wav,bonafide,hi-en,232748,mucs2021,none,channel_g711_20db,232748_sKqPXTyNgbuqBiCf_0016,eval,0.9900072813034058
${DATA_ROOT}/clips/232748_sKqPXTyNgbuqBiCf_0017.wav,bonafide,hi-en,232748,mucs2021,none,channel_g711_20db,232748_sKqPXTyNgbuqBiCf_0017,eval,0.9990565180778503
${DATA_ROOT}/clips/232748_sKqPXTyNgbuqBiCf_0018.wav,bonafide,hi-en,232748,mucs2021,none,channel_g711_20db,232748_sKqPXTyNgbuqBiCf_0018,eval,0.9990848302841187
${DATA_ROOT}/clips/232748_sKqPXTyNgbuqBiCf_0019.wav,bonafide,hi-en,232748,mucs2021,none,channel_g711_20db,232748_sKqPXTyNgbuqBiCf_0019,eval,0.9993256330490112
${DATA_ROOT}/clips/232748_sKqPXTyNgbuqBiCf_0020.wav,bonafide,hi-en,232748,mucs2021,none,channel_g711_20db,232748_sKqPXTyNgbuqBiCf_0020,eval,0.9994016885757446
${DATA_ROOT}/clips/232748_sKqPXTyNgbuqBiCf_0021.wav,bonafide,hi-en,232748,mucs2021,none,channel_g711_20db,232748_sKqPXTyNgbuqBiCf_0021,eval,0.9993674159049988
${DATA_ROOT}/clips/232748_sKqPXTyNgbuqBiCf_0022.wav,bonafide,hi-en,232748,mucs2021,none,channel_g711_20db,232748_sKqPXTyNgbuqBiCf_0022,eval,0.9983620047569275
${DATA_ROOT}/clips/232748_sKqPXTyNgbuqBiCf_0023.wav,bonafide,hi-en,232748,mucs2021,none,channel_g711_20db,232748_sKqPXTyNgbuqBiCf_0023,eval,0.9992724061012268
${DATA_ROOT}/clips/232748_sKqPXTyNgbuqBiCf_0024.wav,bonafide,hi-en,232748,mucs2021,none,channel_g711_20db,232748_sKqPXTyNgbuqBiCf_0024,eval,0.999255359172821
${DATA_ROOT}/clips/232748_sKqPXTyNgbuqBiCf_0025.wav,bonafide,hi-en,232748,mucs2021,none,channel_g711_20db,232748_sKqPXTyNgbuqBiCf_0025,eval,0.9994211196899414
${DATA_ROOT}/clips/232748_sKqPXTyNgbuqBiCf_0026.wav,bonafide,hi-en,232748,mucs2021,none,channel_g711_20db,232748_sKqPXTyNgbuqBiCf_0026,eval,0.9996147155761719
${DATA_ROOT}/clips/232748_sKqPXTyNgbuqBiCf_0027.wav,bonafide,hi-en,232748,mucs2021,none,channel_g711_20db,232748_sKqPXTyNgbuqBiCf_0027,eval,0.9991520643234253
${DATA_ROOT}/clips/232748_sKqPXTyNgbuqBiCf_0028.wav,bonafide,hi-en,232748,mucs2021,none,channel_g711_20db,232748_sKqPXTyNgbuqBiCf_0028,eval,0.9995529055595398
${DATA_ROOT}/clips/232748_sKqPXTyNgbuqBiCf_0029.wav,bonafide,hi-en,232748,mucs2021,none,channel_g711_20db,232748_sKqPXTyNgbuqBiCf_0029,eval,0.5387378334999084
${DATA_ROOT}/clips/232748_sKqPXTyNgbuqBiCf_0030.wav,bonafide,hi-en,232748,mucs2021,none,channel_g711_20db,232748_sKqPXTyNgbuqBiCf_0030,eval,0.9993932247161865
${DATA_ROOT}/clips/232748_sKqPXTyNgbuqBiCf_0031.wav,bonafide,hi-en,232748,mucs2021,none,channel_g711_20db,232748_sKqPXTyNgbuqBiCf_0031,eval,0.998619556427002
${DATA_ROOT}/clips/232748_sKqPXTyNgbuqBiCf_0032.wav,bonafide,hi-en,232748,mucs2021,none,channel_g711_20db,232748_sKqPXTyNgbuqBiCf_0032,eval,0.9995502829551697
${DATA_ROOT}/clips/232748_sKqPXTyNgbuqBiCf_0033.wav,bonafide,hi-en,232748,mucs2021,none,channel_g711_20db,232748_sKqPXTyNgbuqBiCf_0033,eval,0.9982743263244629
${DATA_ROOT}/clips/232748_sKqPXTyNgbuqBiCf_0034.wav,bonafide,hi-en,232748,mucs2021,none,channel_g711_20db,232748_sKqPXTyNgbuqBiCf_0034,eval,0.9995409250259399
${DATA_ROOT}/clips/232748_sKqPXTyNgbuqBiCf_0035.wav,bonafide,hi-en,232748,mucs2021,none,channel_g711_20db,232748_sKqPXTyNgbuqBiCf_0035,eval,0.998598039150238
${DATA_ROOT}/clips/232748_sKqPXTyNgbuqBiCf_0036.wav,bonafide,hi-en,232748,mucs2021,none,channel_g711_20db,232748_sKqPXTyNgbuqBiCf_0036,eval,0.9966841340065002
${DATA_ROOT}/clips/232748_sKqPXTyNgbuqBiCf_0037.wav,bonafide,hi-en,232748,mucs2021,none,channel_g711_20db,232748_sKqPXTyNgbuqBiCf_0037,eval,0.9993131160736084
${DATA_ROOT}/clips/232748_sKqPXTyNgbuqBiCf_0038.wav,bonafide,hi-en,232748,mucs2021,none,channel_g711_20db,232748_sKqPXTyNgbuqBiCf_0038,eval,0.9964914917945862
${DATA_ROOT}/clips/232748_sKqPXTyNgbuqBiCf_0039.wav,bonafide,hi-en,232748,mucs2021,none,channel_g711_20db,232748_sKqPXTyNgbuqBiCf_0039,eval,0.9990666508674622
${DATA_ROOT}/clips/232748_sKqPXTyNgbuqBiCf_0040.wav,bonafide,hi-en,232748,mucs2021,none,channel_g711_20db,232748_sKqPXTyNgbuqBiCf_0040,eval,0.9993071556091309
${DATA_ROOT}/clips/232748_sKqPXTyNgbuqBiCf_0041.wav,bonafide,hi-en,232748,mucs2021,none,channel_g711_20db,232748_sKqPXTyNgbuqBiCf_0041,eval,0.9977141618728638
${DATA_ROOT}/clips/232748_sKqPXTyNgbuqBiCf_0042.wav,bonafide,hi-en,232748,mucs2021,none,channel_g711_20db,232748_sKqPXTyNgbuqBiCf_0042,eval,0.999290943145752
${DATA_ROOT}/clips/232748_sKqPXTyNgbuqBiCf_0043.wav,bonafide,hi-en,232748,mucs2021,none,channel_g711_20db,232748_sKqPXTyNgbuqBiCf_0043,eval,0.9992005228996277
${DATA_ROOT}/clips/232748_sKqPXTyNgbuqBiCf_0044.wav,bonafide,hi-en,232748,mucs2021,none,channel_g711_20db,232748_sKqPXTyNgbuqBiCf_0044,eval,0.9994431138038635
${DATA_ROOT}/clips/232748_sKqPXTyNgbuqBiCf_0045.wav,bonafide,hi-en,232748,mucs2021,none,channel_g711_20db,232748_sKqPXTyNgbuqBiCf_0045,eval,0.9992194175720215
${DATA_ROOT}/clips/232748_sKqPXTyNgbuqBiCf_0046.wav,bonafide,hi-en,232748,mucs2021,none,channel_g711_20db,232748_sKqPXTyNgbuqBiCf_0046,eval,0.995707094669342
${DATA_ROOT}/clips/232748_sKqPXTyNgbuqBiCf_0047.wav,bonafide,hi-en,232748,mucs2021,none,channel_g711_20db,232748_sKqPXTyNgbuqBiCf_0047,eval,0.9998396635055542
${DATA_ROOT}/clips/232748_sKqPXTyNgbuqBiCf_0048.wav,bonafide,hi-en,232748,mucs2021,none,channel_g711_20db,232748_sKqPXTyNgbuqBiCf_0048,eval,0.9996297359466553
${DATA_ROOT}/clips/232748_sKqPXTyNgbuqBiCf_0049.wav,bonafide,hi-en,232748,mucs2021,none,channel_g711_20db,232748_sKqPXTyNgbuqBiCf_0049,eval,0.9988127946853638
${DATA_ROOT}/clips/232748_sKqPXTyNgbuqBiCf_0050.wav,bonafide,hi-en,232748,mucs2021,none,channel_g711_20db,232748_sKqPXTyNgbuqBiCf_0050,eval,0.999782145023346
${DATA_ROOT}/clips/232748_sKqPXTyNgbuqBiCf_0051.wav,bonafide,hi-en,232748,mucs2021,none,channel_g711_20db,232748_sKqPXTyNgbuqBiCf_0051,eval,0.9977587461471558
${DATA_ROOT}/clips/232748_sKqPXTyNgbuqBiCf_0052.wav,bonafide,hi-en,232748,mucs2021,none,channel_g711_20db,232748_sKqPXTyNgbuqBiCf_0052,eval,0.9977436065673828
${DATA_ROOT}/clips/232748_sKqPXTyNgbuqBiCf_0053.wav,bonafide,hi-en,232748,mucs2021,none,channel_g711_20db,232748_sKqPXTyNgbuqBiCf_0053,eval,0.9996500015258789
${DATA_ROOT}/clips/232748_sKqPXTyNgbuqBiCf_0054.wav,bonafide,hi-en,232748,mucs2021,none,channel_g711_20db,232748_sKqPXTyNgbuqBiCf_0054,eval,0.999308705329895
${DATA_ROOT}/clips/232748_sKqPXTyNgbuqBiCf_0055.wav,bonafide,hi-en,232748,mucs2021,none,channel_g711_20db,232748_sKqPXTyNgbuqBiCf_0055,eval,0.9973706007003784
${DATA_ROOT}/clips/232748_sKqPXTyNgbuqBiCf_0056.wav,bonafide,hi-en,232748,mucs2021,none,channel_g711_20db,232748_sKqPXTyNgbuqBiCf_0056,eval,0.9869226813316345
${DATA_ROOT}/clips/232748_sKqPXTyNgbuqBiCf_0057.wav,bonafide,hi-en,232748,mucs2021,none,channel_g711_20db,232748_sKqPXTyNgbuqBiCf_0057,eval,0.9991878867149353
${DATA_ROOT}/clips/232748_sKqPXTyNgbuqBiCf_0058.wav,bonafide,hi-en,232748,mucs2021,none,channel_g711_20db,232748_sKqPXTyNgbuqBiCf_0058,eval,0.9995476603507996
${DATA_ROOT}/clips/232748_sKqPXTyNgbuqBiCf_0059.wav,bonafide,hi-en,232748,mucs2021,none,channel_g711_20db,232748_sKqPXTyNgbuqBiCf_0059,eval,0.9993062019348145
${DATA_ROOT}/clips/232748_sKqPXTyNgbuqBiCf_0060.wav,bonafide,hi-en,232748,mucs2021,none,channel_g711_20db,232748_sKqPXTyNgbuqBiCf_0060,eval,0.9986502528190613
${DATA_ROOT}/clips/232748_sKqPXTyNgbuqBiCf_0061.wav,bonafide,hi-en,232748,mucs2021,none,channel_g711_20db,232748_sKqPXTyNgbuqBiCf_0061,eval,0.9987173080444336
${DATA_ROOT}/clips/232748_sKqPXTyNgbuqBiCf_0062.wav,bonafide,hi-en,232748,mucs2021,none,channel_g711_20db,232748_sKqPXTyNgbuqBiCf_0062,eval,0.9980601668357849
${DATA_ROOT}/clips/232748_sKqPXTyNgbuqBiCf_0063.wav,bonafide,hi-en,232748,mucs2021,none,channel_g711_20db,232748_sKqPXTyNgbuqBiCf_0063,eval,0.9995423555374146
${DATA_ROOT}/clips/232748_sKqPXTyNgbuqBiCf_0064.wav,bonafide,hi-en,232748,mucs2021,none,channel_g711_20db,232748_sKqPXTyNgbuqBiCf_0064,eval,0.9994798302650452
${DATA_ROOT}/clips/232748_sKqPXTyNgbuqBiCf_0065.wav,bonafide,hi-en,232748,mucs2021,none,channel_g711_20db,232748_sKqPXTyNgbuqBiCf_0065,eval,0.9986391663551331
${DATA_ROOT}/clips/232748_sKqPXTyNgbuqBiCf_0066.wav,bonafide,hi-en,232748,mucs2021,none,channel_g711_20db,232748_sKqPXTyNgbuqBiCf_0066,eval,0.9991114735603333
${DATA_ROOT}/clips/232748_sKqPXTyNgbuqBiCf_0067.wav,bonafide,hi-en,232748,mucs2021,none,channel_g711_20db,232748_sKqPXTyNgbuqBiCf_0067,eval,0.9972994923591614
${DATA_ROOT}/clips/232748_sKqPXTyNgbuqBiCf_0068.wav,bonafide,hi-en,232748,mucs2021,none,channel_g711_20db,232748_sKqPXTyNgbuqBiCf_0068,eval,0.9994908571243286
${DATA_ROOT}/clips/232748_sKqPXTyNgbuqBiCf_0069.wav,bonafide,hi-en,232748,mucs2021,none,channel_g711_20db,232748_sKqPXTyNgbuqBiCf_0069,eval,0.998513400554657
${DATA_ROOT}/clips/232748_sKqPXTyNgbuqBiCf_0070.wav,bonafide,hi-en,232748,mucs2021,none,channel_g711_20db,232748_sKqPXTyNgbuqBiCf_0070,eval,0.9992899894714355
${DATA_ROOT}/clips/232748_sKqPXTyNgbuqBiCf_0071.wav,bonafide,hi-en,232748,mucs2021,none,channel_g711_20db,232748_sKqPXTyNgbuqBiCf_0071,eval,0.9991993308067322
${DATA_ROOT}/clips/232748_sKqPXTyNgbuqBiCf_0072.wav,bonafide,hi-en,232748,mucs2021,none,channel_g711_20db,232748_sKqPXTyNgbuqBiCf_0072,eval,0.9978036284446716
${DATA_ROOT}/clips/232748_sKqPXTyNgbuqBiCf_0073.wav,bonafide,hi-en,232748,mucs2021,none,channel_g711_20db,232748_sKqPXTyNgbuqBiCf_0073,eval,0.9992050528526306
${DATA_ROOT}/clips/232748_sKqPXTyNgbuqBiCf_0074.wav,bonafide,hi-en,232748,mucs2021,none,channel_g711_20db,232748_sKqPXTyNgbuqBiCf_0074,eval,0.9994951486587524
${DATA_ROOT}/clips/232748_sKqPXTyNgbuqBiCf_0075.wav,bonafide,hi-en,232748,mucs2021,none,channel_g711_20db,232748_sKqPXTyNgbuqBiCf_0075,eval,0.9989323019981384
${DATA_ROOT}/clips/232748_sKqPXTyNgbuqBiCf_0076.wav,bonafide,hi-en,232748,mucs2021,none,channel_g711_20db,232748_sKqPXTyNgbuqBiCf_0076,eval,0.9996144771575928
${DATA_ROOT}/clips/232748_sKqPXTyNgbuqBiCf_0077.wav,bonafide,hi-en,232748,mucs2021,none,channel_g711_20db,232748_sKqPXTyNgbuqBiCf_0077,eval,0.9994526505470276
${DATA_ROOT}/clips/232748_sKqPXTyNgbuqBiCf_0078.wav,bonafide,hi-en,232748,mucs2021,none,channel_g711_20db,232748_sKqPXTyNgbuqBiCf_0078,eval,0.9986804127693176
${DATA_ROOT}/clips/232748_sKqPXTyNgbuqBiCf_0079.wav,bonafide,hi-en,232748,mucs2021,none,channel_g711_20db,232748_sKqPXTyNgbuqBiCf_0079,eval,0.9937479496002197
${DATA_ROOT}/clips/232748_sKqPXTyNgbuqBiCf_0080.wav,bonafide,hi-en,232748,mucs2021,none,channel_g711_20db,232748_sKqPXTyNgbuqBiCf_0080,eval,0.9974716901779175
${DATA_ROOT}/clips/232748_sKqPXTyNgbuqBiCf_0081.wav,bonafide,hi-en,232748,mucs2021,none,channel_g711_20db,232748_sKqPXTyNgbuqBiCf_0081,eval,0.9995217323303223
${DATA_ROOT}/clips/232748_sKqPXTyNgbuqBiCf_0082.wav,bonafide,hi-en,232748,mucs2021,none,channel_g711_20db,232748_sKqPXTyNgbuqBiCf_0082,eval,0.9966687560081482
${DATA_ROOT}/clips/232748_sKqPXTyNgbuqBiCf_0083.wav,bonafide,hi-en,232748,mucs2021,none,channel_g711_20db,232748_sKqPXTyNgbuqBiCf_0083,eval,0.9872567653656006
${DATA_ROOT}/clips/232748_sKqPXTyNgbuqBiCf_0084.wav,bonafide,hi-en,232748,mucs2021,none,channel_g711_20db,232748_sKqPXTyNgbuqBiCf_0084,eval,0.9992994070053101
${DATA_ROOT}/clips/232748_sKqPXTyNgbuqBiCf_0085.wav,bonafide,hi-en,232748,mucs2021,none,channel_g711_20db,232748_sKqPXTyNgbuqBiCf_0085,eval,0.9987514019012451
${DATA_ROOT}/clips/232748_sKqPXTyNgbuqBiCf_0086.wav,bonafide,hi-en,232748,mucs2021,none,channel_g711_20db,232748_sKqPXTyNgbuqBiCf_0086,eval,0.9989888072013855
${DATA_ROOT}/clips/232748_sKqPXTyNgbuqBiCf_0087.wav,bonafide,hi-en,232748,mucs2021,none,channel_g711_20db,232748_sKqPXTyNgbuqBiCf_0087,eval,0.9403219223022461
${DATA_ROOT}/clips/238121_Vwrx3NuWik2VD2MU_0000.wav,bonafide,hi-en,238121,mucs2021,none,channel_g711_20db,238121_Vwrx3NuWik2VD2MU_0000,eval,0.9833251237869263
${DATA_ROOT}/clips/238121_Vwrx3NuWik2VD2MU_0001.wav,bonafide,hi-en,238121,mucs2021,none,channel_g711_20db,238121_Vwrx3NuWik2VD2MU_0001,eval,0.9981487989425659
${DATA_ROOT}/clips/238121_Vwrx3NuWik2VD2MU_0002.wav,bonafide,hi-en,238121,mucs2021,none,channel_g711_20db,238121_Vwrx3NuWik2VD2MU_0002,eval,0.9992111921310425
${DATA_ROOT}/clips/238121_Vwrx3NuWik2VD2MU_0003.wav,bonafide,hi-en,238121,mucs2021,none,channel_g711_20db,238121_Vwrx3NuWik2VD2MU_0003,eval,0.9986141920089722
${DATA_ROOT}/clips/238121_Vwrx3NuWik2VD2MU_0004.wav,bonafide,hi-en,238121,mucs2021,none,channel_g711_20db,238121_Vwrx3NuWik2VD2MU_0004,eval,0.9931182861328125
${DATA_ROOT}/clips/238121_Vwrx3NuWik2VD2MU_0005.wav,bonafide,hi-en,238121,mucs2021,none,channel_g711_20db,238121_Vwrx3NuWik2VD2MU_0005,eval,0.9977593421936035
${DATA_ROOT}/clips/238121_Vwrx3NuWik2VD2MU_0006.wav,bonafide,hi-en,238121,mucs2021,none,channel_g711_20db,238121_Vwrx3NuWik2VD2MU_0006,eval,0.9978715181350708
${DATA_ROOT}/clips/238121_Vwrx3NuWik2VD2MU_0007.wav,bonafide,hi-en,238121,mucs2021,none,channel_g711_20db,238121_Vwrx3NuWik2VD2MU_0007,eval,0.9977144002914429
${DATA_ROOT}/clips/238121_Vwrx3NuWik2VD2MU_0008.wav,bonafide,hi-en,238121,mucs2021,none,channel_g711_20db,238121_Vwrx3NuWik2VD2MU_0008,eval,0.9969655871391296
${DATA_ROOT}/clips/238121_Vwrx3NuWik2VD2MU_0009.wav,bonafide,hi-en,238121,mucs2021,none,channel_g711_20db,238121_Vwrx3NuWik2VD2MU_0009,eval,0.9987416863441467
${DATA_ROOT}/clips/238121_Vwrx3NuWik2VD2MU_0010.wav,bonafide,hi-en,238121,mucs2021,none,channel_g711_20db,238121_Vwrx3NuWik2VD2MU_0010,eval,0.9684154987335205
${DATA_ROOT}/clips/238121_Vwrx3NuWik2VD2MU_0011.wav,bonafide,hi-en,238121,mucs2021,none,channel_g711_20db,238121_Vwrx3NuWik2VD2MU_0011,eval,0.9989792108535767
${DATA_ROOT}/clips/238121_Vwrx3NuWik2VD2MU_0012.wav,bonafide,hi-en,238121,mucs2021,none,channel_g711_20db,238121_Vwrx3NuWik2VD2MU_0012,eval,0.9980645775794983
${DATA_ROOT}/clips/238121_Vwrx3NuWik2VD2MU_0013.wav,bonafide,hi-en,238121,mucs2021,none,channel_g711_20db,238121_Vwrx3NuWik2VD2MU_0013,eval,0.9983080625534058
${DATA_ROOT}/clips/238121_Vwrx3NuWik2VD2MU_0014.wav,bonafide,hi-en,238121,mucs2021,none,channel_g711_20db,238121_Vwrx3NuWik2VD2MU_0014,eval,0.9986189603805542
${DATA_ROOT}/clips/238121_Vwrx3NuWik2VD2MU_0015.wav,bonafide,hi-en,238121,mucs2021,none,channel_g711_20db,238121_Vwrx3NuWik2VD2MU_0015,eval,0.9994162321090698
${DATA_ROOT}/clips/238121_Vwrx3NuWik2VD2MU_0016.wav,bonafide,hi-en,238121,mucs2021,none,channel_g711_20db,238121_Vwrx3NuWik2VD2MU_0016,eval,0.9986967444419861
${DATA_ROOT}/clips/238121_Vwrx3NuWik2VD2MU_0017.wav,bonafide,hi-en,238121,mucs2021,none,channel_g711_20db,238121_Vwrx3NuWik2VD2MU_0017,eval,0.9973287582397461
${DATA_ROOT}/clips/238121_Vwrx3NuWik2VD2MU_0018.wav,bonafide,hi-en,238121,mucs2021,none,channel_g711_20db,238121_Vwrx3NuWik2VD2MU_0018,eval,0.9986822009086609
${DATA_ROOT}/clips/238121_Vwrx3NuWik2VD2MU_0019.wav,bonafide,hi-en,238121,mucs2021,none,channel_g711_20db,238121_Vwrx3NuWik2VD2MU_0019,eval,0.9976809024810791
${DATA_ROOT}/clips/238121_Vwrx3NuWik2VD2MU_0020.wav,bonafide,hi-en,238121,mucs2021,none,channel_g711_20db,238121_Vwrx3NuWik2VD2MU_0020,eval,0.9989373087882996
${DATA_ROOT}/clips/238121_Vwrx3NuWik2VD2MU_0021.wav,bonafide,hi-en,238121,mucs2021,none,channel_g711_20db,238121_Vwrx3NuWik2VD2MU_0021,eval,0.9942284822463989
${DATA_ROOT}/clips/238121_Vwrx3NuWik2VD2MU_0022.wav,bonafide,hi-en,238121,mucs2021,none,channel_g711_20db,238121_Vwrx3NuWik2VD2MU_0022,eval,0.9972708821296692
${DATA_ROOT}/clips/238121_Vwrx3NuWik2VD2MU_0023.wav,bonafide,hi-en,238121,mucs2021,none,channel_g711_20db,238121_Vwrx3NuWik2VD2MU_0023,eval,0.9960559606552124
${DATA_ROOT}/clips/238121_Vwrx3NuWik2VD2MU_0024.wav,bonafide,hi-en,238121,mucs2021,none,channel_g711_20db,238121_Vwrx3NuWik2VD2MU_0024,eval,0.996519923210144
${DATA_ROOT}/clips/238121_Vwrx3NuWik2VD2MU_0025.wav,bonafide,hi-en,238121,mucs2021,none,channel_g711_20db,238121_Vwrx3NuWik2VD2MU_0025,eval,0.9730708003044128
${DATA_ROOT}/clips/238121_Vwrx3NuWik2VD2MU_0026.wav,bonafide,hi-en,238121,mucs2021,none,channel_g711_20db,238121_Vwrx3NuWik2VD2MU_0026,eval,0.9961003065109253
${DATA_ROOT}/clips/238121_Vwrx3NuWik2VD2MU_0027.wav,bonafide,hi-en,238121,mucs2021,none,channel_g711_20db,238121_Vwrx3NuWik2VD2MU_0027,eval,0.97479647397995
${DATA_ROOT}/clips/238121_Vwrx3NuWik2VD2MU_0028.wav,bonafide,hi-en,238121,mucs2021,none,channel_g711_20db,238121_Vwrx3NuWik2VD2MU_0028,eval,0.9984207153320312
${DATA_ROOT}/clips/238121_Vwrx3NuWik2VD2MU_0029.wav,bonafide,hi-en,238121,mucs2021,none,channel_g711_20db,238121_Vwrx3NuWik2VD2MU_0029,eval,0.9973125457763672
${DATA_ROOT}/clips/238121_Vwrx3NuWik2VD2MU_0030.wav,bonafide,hi-en,238121,mucs2021,none,channel_g711_20db,238121_Vwrx3NuWik2VD2MU_0030,eval,0.9938763976097107
${DATA_ROOT}/clips/238121_Vwrx3NuWik2VD2MU_0031.wav,bonafide,hi-en,238121,mucs2021,none,channel_g711_20db,238121_Vwrx3NuWik2VD2MU_0031,eval,0.9975942969322205
${DATA_ROOT}/clips/238121_Vwrx3NuWik2VD2MU_0032.wav,bonafide,hi-en,238121,mucs2021,none,channel_g711_20db,238121_Vwrx3NuWik2VD2MU_0032,eval,0.9965567588806152
${DATA_ROOT}/clips/238121_Vwrx3NuWik2VD2MU_0033.wav,bonafide,hi-en,238121,mucs2021,none,channel_g711_20db,238121_Vwrx3NuWik2VD2MU_0033,eval,0.998640239238739
${DATA_ROOT}/clips/238121_Vwrx3NuWik2VD2MU_0034.wav,bonafide,hi-en,238121,mucs2021,none,channel_g711_20db,238121_Vwrx3NuWik2VD2MU_0034,eval,0.9982800483703613
${DATA_ROOT}/clips/238121_Vwrx3NuWik2VD2MU_0035.wav,bonafide,hi-en,238121,mucs2021,none,channel_g711_20db,238121_Vwrx3NuWik2VD2MU_0035,eval,0.9975836277008057
${DATA_ROOT}/clips/238121_Vwrx3NuWik2VD2MU_0036.wav,bonafide,hi-en,238121,mucs2021,none,channel_g711_20db,238121_Vwrx3NuWik2VD2MU_0036,eval,0.9983073472976685
${DATA_ROOT}/clips/238121_Vwrx3NuWik2VD2MU_0037.wav,bonafide,hi-en,238121,mucs2021,none,channel_g711_20db,238121_Vwrx3NuWik2VD2MU_0037,eval,0.9984305500984192
${DATA_ROOT}/clips/238121_Vwrx3NuWik2VD2MU_0038.wav,bonafide,hi-en,238121,mucs2021,none,channel_g711_20db,238121_Vwrx3NuWik2VD2MU_0038,eval,0.9973657727241516
${DATA_ROOT}/clips/238121_Vwrx3NuWik2VD2MU_0039.wav,bonafide,hi-en,238121,mucs2021,none,channel_g711_20db,238121_Vwrx3NuWik2VD2MU_0039,eval,0.9984814524650574
${DATA_ROOT}/clips/238121_Vwrx3NuWik2VD2MU_0040.wav,bonafide,hi-en,238121,mucs2021,none,channel_g711_20db,238121_Vwrx3NuWik2VD2MU_0040,eval,0.1820439100265503
${DATA_ROOT}/clips/238121_Vwrx3NuWik2VD2MU_0041.wav,bonafide,hi-en,238121,mucs2021,none,channel_g711_20db,238121_Vwrx3NuWik2VD2MU_0041,eval,0.998770534992218
${DATA_ROOT}/clips/238121_Vwrx3NuWik2VD2MU_0042.wav,bonafide,hi-en,238121,mucs2021,none,channel_g711_20db,238121_Vwrx3NuWik2VD2MU_0042,eval,0.9974122643470764
${DATA_ROOT}/clips/238121_Vwrx3NuWik2VD2MU_0043.wav,bonafide,hi-en,238121,mucs2021,none,channel_g711_20db,238121_Vwrx3NuWik2VD2MU_0043,eval,0.9875707030296326
${DATA_ROOT}/clips/238121_Vwrx3NuWik2VD2MU_0044.wav,bonafide,hi-en,238121,mucs2021,none,channel_g711_20db,238121_Vwrx3NuWik2VD2MU_0044,eval,0.9909466505050659
${DATA_ROOT}/clips/238121_Vwrx3NuWik2VD2MU_0045.wav,bonafide,hi-en,238121,mucs2021,none,channel_g711_20db,238121_Vwrx3NuWik2VD2MU_0045,eval,0.9917534589767456
${DATA_ROOT}/clips/238121_Vwrx3NuWik2VD2MU_0046.wav,bonafide,hi-en,238121,mucs2021,none,channel_g711_20db,238121_Vwrx3NuWik2VD2MU_0046,eval,0.9983775615692139
${DATA_ROOT}/clips/238121_Vwrx3NuWik2VD2MU_0047.wav,bonafide,hi-en,238121,mucs2021,none,channel_g711_20db,238121_Vwrx3NuWik2VD2MU_0047,eval,0.9749454259872437
${DATA_ROOT}/clips/238121_Vwrx3NuWik2VD2MU_0048.wav,bonafide,hi-en,238121,mucs2021,none,channel_g711_20db,238121_Vwrx3NuWik2VD2MU_0048,eval,0.9986026883125305
${DATA_ROOT}/clips/238121_Vwrx3NuWik2VD2MU_0049.wav,bonafide,hi-en,238121,mucs2021,none,channel_g711_20db,238121_Vwrx3NuWik2VD2MU_0049,eval,0.9933812618255615
${DATA_ROOT}/clips/238121_Vwrx3NuWik2VD2MU_0050.wav,bonafide,hi-en,238121,mucs2021,none,channel_g711_20db,238121_Vwrx3NuWik2VD2MU_0050,eval,0.9989528656005859
${DATA_ROOT}/clips/238121_Vwrx3NuWik2VD2MU_0051.wav,bonafide,hi-en,238121,mucs2021,none,channel_g711_20db,238121_Vwrx3NuWik2VD2MU_0051,eval,0.981654167175293
${DATA_ROOT}/clips/238121_Vwrx3NuWik2VD2MU_0052.wav,bonafide,hi-en,238121,mucs2021,none,channel_g711_20db,238121_Vwrx3NuWik2VD2MU_0052,eval,0.9922812581062317
${DATA_ROOT}/clips/238121_Vwrx3NuWik2VD2MU_0053.wav,bonafide,hi-en,238121,mucs2021,none,channel_g711_20db,238121_Vwrx3NuWik2VD2MU_0053,eval,0.9251708388328552
${DATA_ROOT}/clips/238121_Vwrx3NuWik2VD2MU_0054.wav,bonafide,hi-en,238121,mucs2021,none,channel_g711_20db,238121_Vwrx3NuWik2VD2MU_0054,eval,0.9985413551330566
${DATA_ROOT}/clips/238121_Vwrx3NuWik2VD2MU_0055.wav,bonafide,hi-en,238121,mucs2021,none,channel_g711_20db,238121_Vwrx3NuWik2VD2MU_0055,eval,0.9963041543960571
${DATA_ROOT}/clips/238121_Vwrx3NuWik2VD2MU_0056.wav,bonafide,hi-en,238121,mucs2021,none,channel_g711_20db,238121_Vwrx3NuWik2VD2MU_0056,eval,0.9995245933532715
${DATA_ROOT}/clips/238121_Vwrx3NuWik2VD2MU_0057.wav,bonafide,hi-en,238121,mucs2021,none,channel_g711_20db,238121_Vwrx3NuWik2VD2MU_0057,eval,0.9988294243812561
${DATA_ROOT}/clips/238121_Vwrx3NuWik2VD2MU_0058.wav,bonafide,hi-en,238121,mucs2021,none,channel_g711_20db,238121_Vwrx3NuWik2VD2MU_0058,eval,0.9988414645195007
${DATA_ROOT}/clips/238121_Vwrx3NuWik2VD2MU_0059.wav,bonafide,hi-en,238121,mucs2021,none,channel_g711_20db,238121_Vwrx3NuWik2VD2MU_0059,eval,0.9987735152244568
${DATA_ROOT}/clips/238121_Vwrx3NuWik2VD2MU_0060.wav,bonafide,hi-en,238121,mucs2021,none,channel_g711_20db,238121_Vwrx3NuWik2VD2MU_0060,eval,0.9992766976356506
${DATA_ROOT}/clips/238121_Vwrx3NuWik2VD2MU_0061.wav,bonafide,hi-en,238121,mucs2021,none,channel_g711_20db,238121_Vwrx3NuWik2VD2MU_0061,eval,0.9989058971405029
${DATA_ROOT}/clips/238121_Vwrx3NuWik2VD2MU_0062.wav,bonafide,hi-en,238121,mucs2021,none,channel_g711_20db,238121_Vwrx3NuWik2VD2MU_0062,eval,0.9981535077095032
${DATA_ROOT}/clips/238121_Vwrx3NuWik2VD2MU_0063.wav,bonafide,hi-en,238121,mucs2021,none,channel_g711_20db,238121_Vwrx3NuWik2VD2MU_0063,eval,0.998499870300293
${DATA_ROOT}/clips/238121_Vwrx3NuWik2VD2MU_0064.wav,bonafide,hi-en,238121,mucs2021,none,channel_g711_20db,238121_Vwrx3NuWik2VD2MU_0064,eval,0.9986431002616882
${DATA_ROOT}/clips/238121_Vwrx3NuWik2VD2MU_0065.wav,bonafide,hi-en,238121,mucs2021,none,channel_g711_20db,238121_Vwrx3NuWik2VD2MU_0065,eval,0.9949453473091125
${DATA_ROOT}/clips/238121_Vwrx3NuWik2VD2MU_0066.wav,bonafide,hi-en,238121,mucs2021,none,channel_g711_20db,238121_Vwrx3NuWik2VD2MU_0066,eval,0.998757004737854
${DATA_ROOT}/clips/238121_Vwrx3NuWik2VD2MU_0067.wav,bonafide,hi-en,238121,mucs2021,none,channel_g711_20db,238121_Vwrx3NuWik2VD2MU_0067,eval,0.9929244518280029
${DATA_ROOT}/clips/238121_Vwrx3NuWik2VD2MU_0068.wav,bonafide,hi-en,238121,mucs2021,none,channel_g711_20db,238121_Vwrx3NuWik2VD2MU_0068,eval,0.9919044971466064
${DATA_ROOT}/clips/238121_Vwrx3NuWik2VD2MU_0069.wav,bonafide,hi-en,238121,mucs2021,none,channel_g711_20db,238121_Vwrx3NuWik2VD2MU_0069,eval,0.9962066411972046
${DATA_ROOT}/clips/238121_Vwrx3NuWik2VD2MU_0070.wav,bonafide,hi-en,238121,mucs2021,none,channel_g711_20db,238121_Vwrx3NuWik2VD2MU_0070,eval,0.9988347887992859
${DATA_ROOT}/clips/238121_Vwrx3NuWik2VD2MU_0071.wav,bonafide,hi-en,238121,mucs2021,none,channel_g711_20db,238121_Vwrx3NuWik2VD2MU_0071,eval,0.9986168146133423
${DATA_ROOT}/clips/238121_Vwrx3NuWik2VD2MU_0072.wav,bonafide,hi-en,238121,mucs2021,none,channel_g711_20db,238121_Vwrx3NuWik2VD2MU_0072,eval,0.9987769722938538
${DATA_ROOT}/clips/238121_Vwrx3NuWik2VD2MU_0073.wav,bonafide,hi-en,238121,mucs2021,none,channel_g711_20db,238121_Vwrx3NuWik2VD2MU_0073,eval,0.99781334400177
${DATA_ROOT}/clips/238121_Vwrx3NuWik2VD2MU_0074.wav,bonafide,hi-en,238121,mucs2021,none,channel_g711_20db,238121_Vwrx3NuWik2VD2MU_0074,eval,0.9979670643806458
${DATA_ROOT}/clips/238121_Vwrx3NuWik2VD2MU_0075.wav,bonafide,hi-en,238121,mucs2021,none,channel_g711_20db,238121_Vwrx3NuWik2VD2MU_0075,eval,0.9991806149482727
${DATA_ROOT}/clips/238121_Vwrx3NuWik2VD2MU_0076.wav,bonafide,hi-en,238121,mucs2021,none,channel_g711_20db,238121_Vwrx3NuWik2VD2MU_0076,eval,0.9633446931838989
${DATA_ROOT}/clips/238121_Vwrx3NuWik2VD2MU_0077.wav,bonafide,hi-en,238121,mucs2021,none,channel_g711_20db,238121_Vwrx3NuWik2VD2MU_0077,eval,0.9984700083732605
${DATA_ROOT}/clips/238121_Vwrx3NuWik2VD2MU_0078.wav,bonafide,hi-en,238121,mucs2021,none,channel_g711_20db,238121_Vwrx3NuWik2VD2MU_0078,eval,0.9944775700569153
${DATA_ROOT}/clips/238121_Vwrx3NuWik2VD2MU_0079.wav,bonafide,hi-en,238121,mucs2021,none,channel_g711_20db,238121_Vwrx3NuWik2VD2MU_0079,eval,0.9984865188598633
${DATA_ROOT}/clips/238121_Vwrx3NuWik2VD2MU_0080.wav,bonafide,hi-en,238121,mucs2021,none,channel_g711_20db,238121_Vwrx3NuWik2VD2MU_0080,eval,0.9987720847129822
${DATA_ROOT}/clips/238121_Vwrx3NuWik2VD2MU_0081.wav,bonafide,hi-en,238121,mucs2021,none,channel_g711_20db,238121_Vwrx3NuWik2VD2MU_0081,eval,0.9173303246498108
${DATA_ROOT}/clips/238121_Vwrx3NuWik2VD2MU_0082.wav,bonafide,hi-en,238121,mucs2021,none,channel_g711_20db,238121_Vwrx3NuWik2VD2MU_0082,eval,0.9962329268455505
${DATA_ROOT}/clips/238121_Vwrx3NuWik2VD2MU_0083.wav,bonafide,hi-en,238121,mucs2021,none,channel_g711_20db,238121_Vwrx3NuWik2VD2MU_0083,eval,0.987445592880249
${DATA_ROOT}/clips/238121_Vwrx3NuWik2VD2MU_0084.wav,bonafide,hi-en,238121,mucs2021,none,channel_g711_20db,238121_Vwrx3NuWik2VD2MU_0084,eval,0.9992893934249878
${DATA_ROOT}/clips/238121_Vwrx3NuWik2VD2MU_0085.wav,bonafide,hi-en,238121,mucs2021,none,channel_g711_20db,238121_Vwrx3NuWik2VD2MU_0085,eval,0.9994408488273621
${DATA_ROOT}/clips/238121_Vwrx3NuWik2VD2MU_0086.wav,bonafide,hi-en,238121,mucs2021,none,channel_g711_20db,238121_Vwrx3NuWik2VD2MU_0086,eval,0.9957209229469299
${DATA_ROOT}/clips/238121_Vwrx3NuWik2VD2MU_0087.wav,bonafide,hi-en,238121,mucs2021,none,channel_g711_20db,238121_Vwrx3NuWik2VD2MU_0087,eval,0.9991638660430908
${DATA_ROOT}/clips/238121_Vwrx3NuWik2VD2MU_0088.wav,bonafide,hi-en,238121,mucs2021,none,channel_g711_20db,238121_Vwrx3NuWik2VD2MU_0088,eval,0.9967809915542603
${DATA_ROOT}/clips/238121_Vwrx3NuWik2VD2MU_0089.wav,bonafide,hi-en,238121,mucs2021,none,channel_g711_20db,238121_Vwrx3NuWik2VD2MU_0089,eval,0.996971607208252
${DATA_ROOT}/clips/238121_Vwrx3NuWik2VD2MU_0090.wav,bonafide,hi-en,238121,mucs2021,none,channel_g711_20db,238121_Vwrx3NuWik2VD2MU_0090,eval,0.9988861680030823
${DATA_ROOT}/clips/238121_Vwrx3NuWik2VD2MU_0091.wav,bonafide,hi-en,238121,mucs2021,none,channel_g711_20db,238121_Vwrx3NuWik2VD2MU_0091,eval,0.9941118359565735
${DATA_ROOT}/clips/386410_gNJ4JccADvXplv9k_0000.wav,bonafide,hi-en,386410,mucs2021,none,channel_g711_20db,386410_gNJ4JccADvXplv9k_0000,eval,0.9992648959159851
${DATA_ROOT}/clips/386410_gNJ4JccADvXplv9k_0001.wav,bonafide,hi-en,386410,mucs2021,none,channel_g711_20db,386410_gNJ4JccADvXplv9k_0001,eval,0.9993129968643188
${DATA_ROOT}/clips/386410_gNJ4JccADvXplv9k_0002.wav,bonafide,hi-en,386410,mucs2021,none,channel_g711_20db,386410_gNJ4JccADvXplv9k_0002,eval,0.9989247918128967
${DATA_ROOT}/clips/386410_gNJ4JccADvXplv9k_0003.wav,bonafide,hi-en,386410,mucs2021,none,channel_g711_20db,386410_gNJ4JccADvXplv9k_0003,eval,0.9995372295379639
${DATA_ROOT}/clips/386410_gNJ4JccADvXplv9k_0004.wav,bonafide,hi-en,386410,mucs2021,none,channel_g711_20db,386410_gNJ4JccADvXplv9k_0004,eval,0.9991924166679382
${DATA_ROOT}/clips/386410_gNJ4JccADvXplv9k_0005.wav,bonafide,hi-en,386410,mucs2021,none,channel_g711_20db,386410_gNJ4JccADvXplv9k_0005,eval,0.9990457892417908
${DATA_ROOT}/clips/386410_gNJ4JccADvXplv9k_0006.wav,bonafide,hi-en,386410,mucs2021,none,channel_g711_20db,386410_gNJ4JccADvXplv9k_0006,eval,0.9991149306297302
${DATA_ROOT}/clips/386410_gNJ4JccADvXplv9k_0007.wav,bonafide,hi-en,386410,mucs2021,none,channel_g711_20db,386410_gNJ4JccADvXplv9k_0007,eval,0.9992412328720093
${DATA_ROOT}/clips/386410_gNJ4JccADvXplv9k_0008.wav,bonafide,hi-en,386410,mucs2021,none,channel_g711_20db,386410_gNJ4JccADvXplv9k_0008,eval,0.9886836409568787
${DATA_ROOT}/clips/386410_gNJ4JccADvXplv9k_0009.wav,bonafide,hi-en,386410,mucs2021,none,channel_g711_20db,386410_gNJ4JccADvXplv9k_0009,eval,0.9995704293251038
${DATA_ROOT}/clips/386410_gNJ4JccADvXplv9k_0010.wav,bonafide,hi-en,386410,mucs2021,none,channel_g711_20db,386410_gNJ4JccADvXplv9k_0010,eval,0.9989781379699707
${DATA_ROOT}/clips/386410_gNJ4JccADvXplv9k_0011.wav,bonafide,hi-en,386410,mucs2021,none,channel_g711_20db,386410_gNJ4JccADvXplv9k_0011,eval,0.9990000128746033
${DATA_ROOT}/clips/386410_gNJ4JccADvXplv9k_0012.wav,bonafide,hi-en,386410,mucs2021,none,channel_g711_20db,386410_gNJ4JccADvXplv9k_0012,eval,0.9987776875495911
${DATA_ROOT}/clips/386410_gNJ4JccADvXplv9k_0013.wav,bonafide,hi-en,386410,mucs2021,none,channel_g711_20db,386410_gNJ4JccADvXplv9k_0013,eval,0.9991939663887024
${DATA_ROOT}/clips/386410_gNJ4JccADvXplv9k_0014.wav,bonafide,hi-en,386410,mucs2021,none,channel_g711_20db,386410_gNJ4JccADvXplv9k_0014,eval,0.998344898223877
${DATA_ROOT}/clips/386410_gNJ4JccADvXplv9k_0015.wav,bonafide,hi-en,386410,mucs2021,none,channel_g711_20db,386410_gNJ4JccADvXplv9k_0015,eval,0.9986322522163391
${DATA_ROOT}/clips/386410_gNJ4JccADvXplv9k_0016.wav,bonafide,hi-en,386410,mucs2021,none,channel_g711_20db,386410_gNJ4JccADvXplv9k_0016,eval,0.9988812804222107
${DATA_ROOT}/clips/386410_gNJ4JccADvXplv9k_0017.wav,bonafide,hi-en,386410,mucs2021,none,channel_g711_20db,386410_gNJ4JccADvXplv9k_0017,eval,0.9994856119155884
${DATA_ROOT}/clips/386410_gNJ4JccADvXplv9k_0018.wav,bonafide,hi-en,386410,mucs2021,none,channel_g711_20db,386410_gNJ4JccADvXplv9k_0018,eval,0.9983943104743958
${DATA_ROOT}/clips/386410_gNJ4JccADvXplv9k_0019.wav,bonafide,hi-en,386410,mucs2021,none,channel_g711_20db,386410_gNJ4JccADvXplv9k_0019,eval,0.9995811581611633
${DATA_ROOT}/clips/386410_gNJ4JccADvXplv9k_0020.wav,bonafide,hi-en,386410,mucs2021,none,channel_g711_20db,386410_gNJ4JccADvXplv9k_0020,eval,0.9992965459823608
${DATA_ROOT}/clips/386410_gNJ4JccADvXplv9k_0021.wav,bonafide,hi-en,386410,mucs2021,none,channel_g711_20db,386410_gNJ4JccADvXplv9k_0021,eval,0.998738706111908
${DATA_ROOT}/clips/386410_gNJ4JccADvXplv9k_0022.wav,bonafide,hi-en,386410,mucs2021,none,channel_g711_20db,386410_gNJ4JccADvXplv9k_0022,eval,0.9996070265769958
${DATA_ROOT}/clips/386410_gNJ4JccADvXplv9k_0023.wav,bonafide,hi-en,386410,mucs2021,none,channel_g711_20db,386410_gNJ4JccADvXplv9k_0023,eval,0.9981369972229004
${DATA_ROOT}/clips/386410_gNJ4JccADvXplv9k_0024.wav,bonafide,hi-en,386410,mucs2021,none,channel_g711_20db,386410_gNJ4JccADvXplv9k_0024,eval,0.9992407560348511
${DATA_ROOT}/clips/386410_gNJ4JccADvXplv9k_0025.wav,bonafide,hi-en,386410,mucs2021,none,channel_g711_20db,386410_gNJ4JccADvXplv9k_0025,eval,0.9994058609008789
${DATA_ROOT}/clips/386410_gNJ4JccADvXplv9k_0026.wav,bonafide,hi-en,386410,mucs2021,none,channel_g711_20db,386410_gNJ4JccADvXplv9k_0026,eval,0.9989904761314392
${DATA_ROOT}/clips/386410_gNJ4JccADvXplv9k_0027.wav,bonafide,hi-en,386410,mucs2021,none,channel_g711_20db,386410_gNJ4JccADvXplv9k_0027,eval,0.9979695677757263
${DATA_ROOT}/clips/386410_gNJ4JccADvXplv9k_0028.wav,bonafide,hi-en,386410,mucs2021,none,channel_g711_20db,386410_gNJ4JccADvXplv9k_0028,eval,0.9997199177742004
${DATA_ROOT}/clips/386410_gNJ4JccADvXplv9k_0029.wav,bonafide,hi-en,386410,mucs2021,none,channel_g711_20db,386410_gNJ4JccADvXplv9k_0029,eval,0.9990170001983643
${DATA_ROOT}/clips/386410_gNJ4JccADvXplv9k_0030.wav,bonafide,hi-en,386410,mucs2021,none,channel_g711_20db,386410_gNJ4JccADvXplv9k_0030,eval,0.9992115497589111
${DATA_ROOT}/clips/386410_gNJ4JccADvXplv9k_0031.wav,bonafide,hi-en,386410,mucs2021,none,channel_g711_20db,386410_gNJ4JccADvXplv9k_0031,eval,0.9996482133865356
${DATA_ROOT}/clips/386410_gNJ4JccADvXplv9k_0032.wav,bonafide,hi-en,386410,mucs2021,none,channel_g711_20db,386410_gNJ4JccADvXplv9k_0032,eval,0.9991136193275452
${DATA_ROOT}/clips/386410_gNJ4JccADvXplv9k_0033.wav,bonafide,hi-en,386410,mucs2021,none,channel_g711_20db,386410_gNJ4JccADvXplv9k_0033,eval,0.9986512064933777
${DATA_ROOT}/clips/386410_gNJ4JccADvXplv9k_0034.wav,bonafide,hi-en,386410,mucs2021,none,channel_g711_20db,386410_gNJ4JccADvXplv9k_0034,eval,0.999129593372345
${DATA_ROOT}/clips/386410_gNJ4JccADvXplv9k_0035.wav,bonafide,hi-en,386410,mucs2021,none,channel_g711_20db,386410_gNJ4JccADvXplv9k_0035,eval,0.999546229839325
${DATA_ROOT}/clips/386410_gNJ4JccADvXplv9k_0036.wav,bonafide,hi-en,386410,mucs2021,none,channel_g711_20db,386410_gNJ4JccADvXplv9k_0036,eval,0.9968000650405884
${DATA_ROOT}/clips/386410_gNJ4JccADvXplv9k_0037.wav,bonafide,hi-en,386410,mucs2021,none,channel_g711_20db,386410_gNJ4JccADvXplv9k_0037,eval,0.9981729984283447
${DATA_ROOT}/clips/386410_gNJ4JccADvXplv9k_0038.wav,bonafide,hi-en,386410,mucs2021,none,channel_g711_20db,386410_gNJ4JccADvXplv9k_0038,eval,0.9991865754127502
${DATA_ROOT}/clips/386410_gNJ4JccADvXplv9k_0039.wav,bonafide,hi-en,386410,mucs2021,none,channel_g711_20db,386410_gNJ4JccADvXplv9k_0039,eval,0.9956896901130676
${DATA_ROOT}/clips/386410_gNJ4JccADvXplv9k_0040.wav,bonafide,hi-en,386410,mucs2021,none,channel_g711_20db,386410_gNJ4JccADvXplv9k_0040,eval,0.9995365142822266
${DATA_ROOT}/clips/386410_gNJ4JccADvXplv9k_0041.wav,bonafide,hi-en,386410,mucs2021,none,channel_g711_20db,386410_gNJ4JccADvXplv9k_0041,eval,0.9989194869995117
${DATA_ROOT}/clips/386410_gNJ4JccADvXplv9k_0042.wav,bonafide,hi-en,386410,mucs2021,none,channel_g711_20db,386410_gNJ4JccADvXplv9k_0042,eval,0.9987823367118835
${DATA_ROOT}/clips/386410_gNJ4JccADvXplv9k_0043.wav,bonafide,hi-en,386410,mucs2021,none,channel_g711_20db,386410_gNJ4JccADvXplv9k_0043,eval,0.9994397759437561
${DATA_ROOT}/clips/386410_gNJ4JccADvXplv9k_0044.wav,bonafide,hi-en,386410,mucs2021,none,channel_g711_20db,386410_gNJ4JccADvXplv9k_0044,eval,0.9975487589836121
${DATA_ROOT}/clips/386410_gNJ4JccADvXplv9k_0045.wav,bonafide,hi-en,386410,mucs2021,none,channel_g711_20db,386410_gNJ4JccADvXplv9k_0045,eval,0.9992490410804749
${DATA_ROOT}/clips/386410_gNJ4JccADvXplv9k_0046.wav,bonafide,hi-en,386410,mucs2021,none,channel_g711_20db,386410_gNJ4JccADvXplv9k_0046,eval,0.9992226362228394
${DATA_ROOT}/clips/386410_gNJ4JccADvXplv9k_0047.wav,bonafide,hi-en,386410,mucs2021,none,channel_g711_20db,386410_gNJ4JccADvXplv9k_0047,eval,0.9994670748710632
${DATA_ROOT}/clips/386410_gNJ4JccADvXplv9k_0048.wav,bonafide,hi-en,386410,mucs2021,none,channel_g711_20db,386410_gNJ4JccADvXplv9k_0048,eval,0.9993268251419067
${DATA_ROOT}/clips/386410_gNJ4JccADvXplv9k_0049.wav,bonafide,hi-en,386410,mucs2021,none,channel_g711_20db,386410_gNJ4JccADvXplv9k_0049,eval,0.9993506073951721
${DATA_ROOT}/clips/386410_gNJ4JccADvXplv9k_0050.wav,bonafide,hi-en,386410,mucs2021,none,channel_g711_20db,386410_gNJ4JccADvXplv9k_0050,eval,0.999334990978241
${DATA_ROOT}/clips/386410_gNJ4JccADvXplv9k_0051.wav,bonafide,hi-en,386410,mucs2021,none,channel_g711_20db,386410_gNJ4JccADvXplv9k_0051,eval,0.9994088411331177
${DATA_ROOT}/clips/386410_gNJ4JccADvXplv9k_0052.wav,bonafide,hi-en,386410,mucs2021,none,channel_g711_20db,386410_gNJ4JccADvXplv9k_0052,eval,0.9977099895477295
${DATA_ROOT}/clips/386410_gNJ4JccADvXplv9k_0053.wav,bonafide,hi-en,386410,mucs2021,none,channel_g711_20db,386410_gNJ4JccADvXplv9k_0053,eval,0.999288022518158
${DATA_ROOT}/clips/386410_gNJ4JccADvXplv9k_0054.wav,bonafide,hi-en,386410,mucs2021,none,channel_g711_20db,386410_gNJ4JccADvXplv9k_0054,eval,0.9989114999771118
${DATA_ROOT}/clips/386410_gNJ4JccADvXplv9k_0055.wav,bonafide,hi-en,386410,mucs2021,none,channel_g711_20db,386410_gNJ4JccADvXplv9k_0055,eval,0.9975972771644592
${DATA_ROOT}/clips/386410_gNJ4JccADvXplv9k_0056.wav,bonafide,hi-en,386410,mucs2021,none,channel_g711_20db,386410_gNJ4JccADvXplv9k_0056,eval,0.9991784691810608
${DATA_ROOT}/clips/386410_gNJ4JccADvXplv9k_0057.wav,bonafide,hi-en,386410,mucs2021,none,channel_g711_20db,386410_gNJ4JccADvXplv9k_0057,eval,0.9991410970687866
${DATA_ROOT}/clips/386410_gNJ4JccADvXplv9k_0058.wav,bonafide,hi-en,386410,mucs2021,none,channel_g711_20db,386410_gNJ4JccADvXplv9k_0058,eval,0.9969123601913452
${DATA_ROOT}/clips/386410_gNJ4JccADvXplv9k_0059.wav,bonafide,hi-en,386410,mucs2021,none,channel_g711_20db,386410_gNJ4JccADvXplv9k_0059,eval,0.9987592697143555
${DATA_ROOT}/clips/386410_gNJ4JccADvXplv9k_0060.wav,bonafide,hi-en,386410,mucs2021,none,channel_g711_20db,386410_gNJ4JccADvXplv9k_0060,eval,0.9981503486633301
${DATA_ROOT}/clips/386410_gNJ4JccADvXplv9k_0061.wav,bonafide,hi-en,386410,mucs2021,none,channel_g711_20db,386410_gNJ4JccADvXplv9k_0061,eval,0.9962331652641296
${DATA_ROOT}/clips/386410_gNJ4JccADvXplv9k_0062.wav,bonafide,hi-en,386410,mucs2021,none,channel_g711_20db,386410_gNJ4JccADvXplv9k_0062,eval,0.9979912042617798
${DATA_ROOT}/clips/386410_gNJ4JccADvXplv9k_0063.wav,bonafide,hi-en,386410,mucs2021,none,channel_g711_20db,386410_gNJ4JccADvXplv9k_0063,eval,0.9979876279830933
${DATA_ROOT}/clips/386410_gNJ4JccADvXplv9k_0064.wav,bonafide,hi-en,386410,mucs2021,none,channel_g711_20db,386410_gNJ4JccADvXplv9k_0064,eval,0.999601423740387
${DATA_ROOT}/clips/386410_gNJ4JccADvXplv9k_0065.wav,bonafide,hi-en,386410,mucs2021,none,channel_g711_20db,386410_gNJ4JccADvXplv9k_0065,eval,0.998913049697876
${DATA_ROOT}/clips/386410_gNJ4JccADvXplv9k_0066.wav,bonafide,hi-en,386410,mucs2021,none,channel_g711_20db,386410_gNJ4JccADvXplv9k_0066,eval,0.9983800649642944
${DATA_ROOT}/clips/386410_gNJ4JccADvXplv9k_0067.wav,bonafide,hi-en,386410,mucs2021,none,channel_g711_20db,386410_gNJ4JccADvXplv9k_0067,eval,0.9990900754928589
${DATA_ROOT}/clips/386410_gNJ4JccADvXplv9k_0068.wav,bonafide,hi-en,386410,mucs2021,none,channel_g711_20db,386410_gNJ4JccADvXplv9k_0068,eval,0.9950957298278809
${DATA_ROOT}/clips/386410_gNJ4JccADvXplv9k_0069.wav,bonafide,hi-en,386410,mucs2021,none,channel_g711_20db,386410_gNJ4JccADvXplv9k_0069,eval,0.9911020994186401
${DATA_ROOT}/clips/386410_gNJ4JccADvXplv9k_0070.wav,bonafide,hi-en,386410,mucs2021,none,channel_g711_20db,386410_gNJ4JccADvXplv9k_0070,eval,0.9994024038314819
${DATA_ROOT}/clips/386410_gNJ4JccADvXplv9k_0071.wav,bonafide,hi-en,386410,mucs2021,none,channel_g711_20db,386410_gNJ4JccADvXplv9k_0071,eval,0.9991303086280823
${DATA_ROOT}/clips/386410_gNJ4JccADvXplv9k_0072.wav,bonafide,hi-en,386410,mucs2021,none,channel_g711_20db,386410_gNJ4JccADvXplv9k_0072,eval,0.9986924529075623
${DATA_ROOT}/clips/386410_gNJ4JccADvXplv9k_0073.wav,bonafide,hi-en,386410,mucs2021,none,channel_g711_20db,386410_gNJ4JccADvXplv9k_0073,eval,0.9987775683403015
${DATA_ROOT}/clips/386410_gNJ4JccADvXplv9k_0074.wav,bonafide,hi-en,386410,mucs2021,none,channel_g711_20db,386410_gNJ4JccADvXplv9k_0074,eval,0.997393012046814
${DATA_ROOT}/clips/386410_gNJ4JccADvXplv9k_0075.wav,bonafide,hi-en,386410,mucs2021,none,channel_g711_20db,386410_gNJ4JccADvXplv9k_0075,eval,0.9981191754341125
${DATA_ROOT}/clips/386410_gNJ4JccADvXplv9k_0076.wav,bonafide,hi-en,386410,mucs2021,none,channel_g711_20db,386410_gNJ4JccADvXplv9k_0076,eval,0.9994309544563293
${DATA_ROOT}/clips/386410_gNJ4JccADvXplv9k_0077.wav,bonafide,hi-en,386410,mucs2021,none,channel_g711_20db,386410_gNJ4JccADvXplv9k_0077,eval,0.9002630710601807
${DATA_ROOT}/clips/541916_5DpOB0LmjVO8tse5_0000.wav,bonafide,hi-en,541916,mucs2021,none,channel_g711_20db,541916_5DpOB0LmjVO8tse5_0000,eval,0.999563992023468
${DATA_ROOT}/clips/541916_5DpOB0LmjVO8tse5_0001.wav,bonafide,hi-en,541916,mucs2021,none,channel_g711_20db,541916_5DpOB0LmjVO8tse5_0001,eval,0.9989566802978516
${DATA_ROOT}/clips/541916_5DpOB0LmjVO8tse5_0002.wav,bonafide,hi-en,541916,mucs2021,none,channel_g711_20db,541916_5DpOB0LmjVO8tse5_0002,eval,0.9995392560958862
${DATA_ROOT}/clips/541916_5DpOB0LmjVO8tse5_0003.wav,bonafide,hi-en,541916,mucs2021,none,channel_g711_20db,541916_5DpOB0LmjVO8tse5_0003,eval,0.9995582699775696
${DATA_ROOT}/clips/541916_5DpOB0LmjVO8tse5_0004.wav,bonafide,hi-en,541916,mucs2021,none,channel_g711_20db,541916_5DpOB0LmjVO8tse5_0004,eval,0.9995439648628235
${DATA_ROOT}/clips/541916_5DpOB0LmjVO8tse5_0005.wav,bonafide,hi-en,541916,mucs2021,none,channel_g711_20db,541916_5DpOB0LmjVO8tse5_0005,eval,0.9994304776191711
${DATA_ROOT}/clips/541916_5DpOB0LmjVO8tse5_0006.wav,bonafide,hi-en,541916,mucs2021,none,channel_g711_20db,541916_5DpOB0LmjVO8tse5_0006,eval,0.9996501207351685
${DATA_ROOT}/clips/541916_5DpOB0LmjVO8tse5_0007.wav,bonafide,hi-en,541916,mucs2021,none,channel_g711_20db,541916_5DpOB0LmjVO8tse5_0007,eval,0.9996356964111328
${DATA_ROOT}/clips/541916_5DpOB0LmjVO8tse5_0008.wav,bonafide,hi-en,541916,mucs2021,none,channel_g711_20db,541916_5DpOB0LmjVO8tse5_0008,eval,0.9994375109672546
${DATA_ROOT}/clips/541916_5DpOB0LmjVO8tse5_0009.wav,bonafide,hi-en,541916,mucs2021,none,channel_g711_20db,541916_5DpOB0LmjVO8tse5_0009,eval,0.997800886631012
${DATA_ROOT}/clips/541916_5DpOB0LmjVO8tse5_0010.wav,bonafide,hi-en,541916,mucs2021,none,channel_g711_20db,541916_5DpOB0LmjVO8tse5_0010,eval,0.9994756579399109
${DATA_ROOT}/clips/541916_5DpOB0LmjVO8tse5_0011.wav,bonafide,hi-en,541916,mucs2021,none,channel_g711_20db,541916_5DpOB0LmjVO8tse5_0011,eval,0.9995256662368774
${DATA_ROOT}/clips/541916_5DpOB0LmjVO8tse5_0012.wav,bonafide,hi-en,541916,mucs2021,none,channel_g711_20db,541916_5DpOB0LmjVO8tse5_0012,eval,0.9994844198226929
${DATA_ROOT}/clips/541916_5DpOB0LmjVO8tse5_0013.wav,bonafide,hi-en,541916,mucs2021,none,channel_g711_20db,541916_5DpOB0LmjVO8tse5_0013,eval,0.9988123178482056
${DATA_ROOT}/clips/541916_5DpOB0LmjVO8tse5_0014.wav,bonafide,hi-en,541916,mucs2021,none,channel_g711_20db,541916_5DpOB0LmjVO8tse5_0014,eval,0.9994435906410217
${DATA_ROOT}/clips/541916_5DpOB0LmjVO8tse5_0015.wav,bonafide,hi-en,541916,mucs2021,none,channel_g711_20db,541916_5DpOB0LmjVO8tse5_0015,eval,0.9983429908752441
${DATA_ROOT}/clips/541916_5DpOB0LmjVO8tse5_0016.wav,bonafide,hi-en,541916,mucs2021,none,channel_g711_20db,541916_5DpOB0LmjVO8tse5_0016,eval,0.9978843331336975
${DATA_ROOT}/clips/541916_5DpOB0LmjVO8tse5_0017.wav,bonafide,hi-en,541916,mucs2021,none,channel_g711_20db,541916_5DpOB0LmjVO8tse5_0017,eval,0.998986542224884
${DATA_ROOT}/clips/541916_5DpOB0LmjVO8tse5_0018.wav,bonafide,hi-en,541916,mucs2021,none,channel_g711_20db,541916_5DpOB0LmjVO8tse5_0018,eval,0.9994176626205444
${DATA_ROOT}/clips/541916_5DpOB0LmjVO8tse5_0019.wav,bonafide,hi-en,541916,mucs2021,none,channel_g711_20db,541916_5DpOB0LmjVO8tse5_0019,eval,0.9994962215423584
${DATA_ROOT}/clips/541916_5DpOB0LmjVO8tse5_0020.wav,bonafide,hi-en,541916,mucs2021,none,channel_g711_20db,541916_5DpOB0LmjVO8tse5_0020,eval,0.999427855014801
${DATA_ROOT}/clips/541916_5DpOB0LmjVO8tse5_0021.wav,bonafide,hi-en,541916,mucs2021,none,channel_g711_20db,541916_5DpOB0LmjVO8tse5_0021,eval,0.9959678649902344
${DATA_ROOT}/clips/541916_5DpOB0LmjVO8tse5_0022.wav,bonafide,hi-en,541916,mucs2021,none,channel_g711_20db,541916_5DpOB0LmjVO8tse5_0022,eval,0.9995757937431335
${DATA_ROOT}/clips/541916_5DpOB0LmjVO8tse5_0023.wav,bonafide,hi-en,541916,mucs2021,none,channel_g711_20db,541916_5DpOB0LmjVO8tse5_0023,eval,0.9993147850036621
${DATA_ROOT}/clips/541916_5DpOB0LmjVO8tse5_0024.wav,bonafide,hi-en,541916,mucs2021,none,channel_g711_20db,541916_5DpOB0LmjVO8tse5_0024,eval,0.9993215799331665
${DATA_ROOT}/clips/541916_5DpOB0LmjVO8tse5_0025.wav,bonafide,hi-en,541916,mucs2021,none,channel_g711_20db,541916_5DpOB0LmjVO8tse5_0025,eval,0.9995437264442444
${DATA_ROOT}/clips/541916_5DpOB0LmjVO8tse5_0026.wav,bonafide,hi-en,541916,mucs2021,none,channel_g711_20db,541916_5DpOB0LmjVO8tse5_0026,eval,0.9992234706878662
${DATA_ROOT}/clips/541916_5DpOB0LmjVO8tse5_0027.wav,bonafide,hi-en,541916,mucs2021,none,channel_g711_20db,541916_5DpOB0LmjVO8tse5_0027,eval,0.9991969466209412
${DATA_ROOT}/clips/541916_5DpOB0LmjVO8tse5_0028.wav,bonafide,hi-en,541916,mucs2021,none,channel_g711_20db,541916_5DpOB0LmjVO8tse5_0028,eval,0.9995711445808411
${DATA_ROOT}/clips/541916_5DpOB0LmjVO8tse5_0029.wav,bonafide,hi-en,541916,mucs2021,none,channel_g711_20db,541916_5DpOB0LmjVO8tse5_0029,eval,0.9992809891700745
${DATA_ROOT}/clips/541916_5DpOB0LmjVO8tse5_0030.wav,bonafide,hi-en,541916,mucs2021,none,channel_g711_20db,541916_5DpOB0LmjVO8tse5_0030,eval,0.9994563460350037
${DATA_ROOT}/clips/541916_5DpOB0LmjVO8tse5_0031.wav,bonafide,hi-en,541916,mucs2021,none,channel_g711_20db,541916_5DpOB0LmjVO8tse5_0031,eval,0.9991304278373718
${DATA_ROOT}/clips/541916_5DpOB0LmjVO8tse5_0032.wav,bonafide,hi-en,541916,mucs2021,none,channel_g711_20db,541916_5DpOB0LmjVO8tse5_0032,eval,0.9987183809280396
${DATA_ROOT}/clips/541916_5DpOB0LmjVO8tse5_0033.wav,bonafide,hi-en,541916,mucs2021,none,channel_g711_20db,541916_5DpOB0LmjVO8tse5_0033,eval,0.999595582485199
${DATA_ROOT}/clips/541916_5DpOB0LmjVO8tse5_0034.wav,bonafide,hi-en,541916,mucs2021,none,channel_g711_20db,541916_5DpOB0LmjVO8tse5_0034,eval,0.9990611672401428
${DATA_ROOT}/clips/541916_5DpOB0LmjVO8tse5_0035.wav,bonafide,hi-en,541916,mucs2021,none,channel_g711_20db,541916_5DpOB0LmjVO8tse5_0035,eval,0.9996094107627869
${DATA_ROOT}/clips/541916_5DpOB0LmjVO8tse5_0036.wav,bonafide,hi-en,541916,mucs2021,none,channel_g711_20db,541916_5DpOB0LmjVO8tse5_0036,eval,0.9994553923606873
${DATA_ROOT}/clips/541916_5DpOB0LmjVO8tse5_0037.wav,bonafide,hi-en,541916,mucs2021,none,channel_g711_20db,541916_5DpOB0LmjVO8tse5_0037,eval,0.9994798302650452
${DATA_ROOT}/clips/541916_5DpOB0LmjVO8tse5_0038.wav,bonafide,hi-en,541916,mucs2021,none,channel_g711_20db,541916_5DpOB0LmjVO8tse5_0038,eval,0.9993274211883545
${DATA_ROOT}/clips/541916_5DpOB0LmjVO8tse5_0039.wav,bonafide,hi-en,541916,mucs2021,none,channel_g711_20db,541916_5DpOB0LmjVO8tse5_0039,eval,0.9995492100715637
${DATA_ROOT}/clips/541916_5DpOB0LmjVO8tse5_0040.wav,bonafide,hi-en,541916,mucs2021,none,channel_g711_20db,541916_5DpOB0LmjVO8tse5_0040,eval,0.9989311099052429
${DATA_ROOT}/clips/541916_5DpOB0LmjVO8tse5_0041.wav,bonafide,hi-en,541916,mucs2021,none,channel_g711_20db,541916_5DpOB0LmjVO8tse5_0041,eval,0.998526930809021
${DATA_ROOT}/clips/541916_5DpOB0LmjVO8tse5_0042.wav,bonafide,hi-en,541916,mucs2021,none,channel_g711_20db,541916_5DpOB0LmjVO8tse5_0042,eval,0.9995189905166626
${DATA_ROOT}/clips/541916_5DpOB0LmjVO8tse5_0043.wav,bonafide,hi-en,541916,mucs2021,none,channel_g711_20db,541916_5DpOB0LmjVO8tse5_0043,eval,0.9993976354598999
${DATA_ROOT}/clips/541916_5DpOB0LmjVO8tse5_0044.wav,bonafide,hi-en,541916,mucs2021,none,channel_g711_20db,541916_5DpOB0LmjVO8tse5_0044,eval,0.999653697013855
${DATA_ROOT}/clips/541916_5DpOB0LmjVO8tse5_0045.wav,bonafide,hi-en,541916,mucs2021,none,channel_g711_20db,541916_5DpOB0LmjVO8tse5_0045,eval,0.9995490908622742
${DATA_ROOT}/clips/541916_5DpOB0LmjVO8tse5_0046.wav,bonafide,hi-en,541916,mucs2021,none,channel_g711_20db,541916_5DpOB0LmjVO8tse5_0046,eval,0.9994807839393616
${DATA_ROOT}/clips/541916_5DpOB0LmjVO8tse5_0047.wav,bonafide,hi-en,541916,mucs2021,none,channel_g711_20db,541916_5DpOB0LmjVO8tse5_0047,eval,0.9995680451393127
${DATA_ROOT}/clips/541916_5DpOB0LmjVO8tse5_0048.wav,bonafide,hi-en,541916,mucs2021,none,channel_g711_20db,541916_5DpOB0LmjVO8tse5_0048,eval,0.9994040727615356
${DATA_ROOT}/clips/541916_5DpOB0LmjVO8tse5_0049.wav,bonafide,hi-en,541916,mucs2021,none,channel_g711_20db,541916_5DpOB0LmjVO8tse5_0049,eval,0.9994940757751465
${DATA_ROOT}/clips/541916_5DpOB0LmjVO8tse5_0050.wav,bonafide,hi-en,541916,mucs2021,none,channel_g711_20db,541916_5DpOB0LmjVO8tse5_0050,eval,0.9993667006492615
${DATA_ROOT}/clips/541916_5DpOB0LmjVO8tse5_0051.wav,bonafide,hi-en,541916,mucs2021,none,channel_g711_20db,541916_5DpOB0LmjVO8tse5_0051,eval,0.999298095703125
${DATA_ROOT}/clips/541916_5DpOB0LmjVO8tse5_0052.wav,bonafide,hi-en,541916,mucs2021,none,channel_g711_20db,541916_5DpOB0LmjVO8tse5_0052,eval,0.9986779093742371
${DATA_ROOT}/clips/541916_5DpOB0LmjVO8tse5_0053.wav,bonafide,hi-en,541916,mucs2021,none,channel_g711_20db,541916_5DpOB0LmjVO8tse5_0053,eval,0.9995452761650085
${DATA_ROOT}/clips/541916_5DpOB0LmjVO8tse5_0054.wav,bonafide,hi-en,541916,mucs2021,none,channel_g711_20db,541916_5DpOB0LmjVO8tse5_0054,eval,0.999457061290741
${DATA_ROOT}/clips/541916_5DpOB0LmjVO8tse5_0055.wav,bonafide,hi-en,541916,mucs2021,none,channel_g711_20db,541916_5DpOB0LmjVO8tse5_0055,eval,0.9993738532066345
${DATA_ROOT}/clips/541916_5DpOB0LmjVO8tse5_0056.wav,bonafide,hi-en,541916,mucs2021,none,channel_g711_20db,541916_5DpOB0LmjVO8tse5_0056,eval,0.9994235038757324
${DATA_ROOT}/clips/541916_5DpOB0LmjVO8tse5_0057.wav,bonafide,hi-en,541916,mucs2021,none,channel_g711_20db,541916_5DpOB0LmjVO8tse5_0057,eval,0.9995166063308716
${DATA_ROOT}/clips/541916_5DpOB0LmjVO8tse5_0058.wav,bonafide,hi-en,541916,mucs2021,none,channel_g711_20db,541916_5DpOB0LmjVO8tse5_0058,eval,0.9996185302734375
${DATA_ROOT}/clips/541916_5DpOB0LmjVO8tse5_0059.wav,bonafide,hi-en,541916,mucs2021,none,channel_g711_20db,541916_5DpOB0LmjVO8tse5_0059,eval,0.9994773268699646
${DATA_ROOT}/clips/541916_5DpOB0LmjVO8tse5_0060.wav,bonafide,hi-en,541916,mucs2021,none,channel_g711_20db,541916_5DpOB0LmjVO8tse5_0060,eval,0.9995421171188354
${DATA_ROOT}/clips/541916_5DpOB0LmjVO8tse5_0061.wav,bonafide,hi-en,541916,mucs2021,none,channel_g711_20db,541916_5DpOB0LmjVO8tse5_0061,eval,0.9995606541633606
${DATA_ROOT}/clips/541916_5DpOB0LmjVO8tse5_0062.wav,bonafide,hi-en,541916,mucs2021,none,channel_g711_20db,541916_5DpOB0LmjVO8tse5_0062,eval,0.9996339082717896
${DATA_ROOT}/clips/541916_5DpOB0LmjVO8tse5_0063.wav,bonafide,hi-en,541916,mucs2021,none,channel_g711_20db,541916_5DpOB0LmjVO8tse5_0063,eval,0.9995051622390747
${DATA_ROOT}/clips/541916_5DpOB0LmjVO8tse5_0064.wav,bonafide,hi-en,541916,mucs2021,none,channel_g711_20db,541916_5DpOB0LmjVO8tse5_0064,eval,0.9994484782218933
${DATA_ROOT}/clips/541916_5DpOB0LmjVO8tse5_0065.wav,bonafide,hi-en,541916,mucs2021,none,channel_g711_20db,541916_5DpOB0LmjVO8tse5_0065,eval,0.999617338180542
${DATA_ROOT}/clips/541916_5DpOB0LmjVO8tse5_0066.wav,bonafide,hi-en,541916,mucs2021,none,channel_g711_20db,541916_5DpOB0LmjVO8tse5_0066,eval,0.9987961053848267
${DATA_ROOT}/clips/541916_5DpOB0LmjVO8tse5_0067.wav,bonafide,hi-en,541916,mucs2021,none,channel_g711_20db,541916_5DpOB0LmjVO8tse5_0067,eval,0.9995354413986206
${DATA_ROOT}/clips/541916_5DpOB0LmjVO8tse5_0068.wav,bonafide,hi-en,541916,mucs2021,none,channel_g711_20db,541916_5DpOB0LmjVO8tse5_0068,eval,0.999523401260376
${DATA_ROOT}/clips/541916_5DpOB0LmjVO8tse5_0069.wav,bonafide,hi-en,541916,mucs2021,none,channel_g711_20db,541916_5DpOB0LmjVO8tse5_0069,eval,0.9994314312934875
${DATA_ROOT}/clips/541916_5DpOB0LmjVO8tse5_0070.wav,bonafide,hi-en,541916,mucs2021,none,channel_g711_20db,541916_5DpOB0LmjVO8tse5_0070,eval,0.9994325041770935
${DATA_ROOT}/clips/541916_5DpOB0LmjVO8tse5_0071.wav,bonafide,hi-en,541916,mucs2021,none,channel_g711_20db,541916_5DpOB0LmjVO8tse5_0071,eval,0.9988844990730286
${DATA_ROOT}/clips/541916_5DpOB0LmjVO8tse5_0072.wav,bonafide,hi-en,541916,mucs2021,none,channel_g711_20db,541916_5DpOB0LmjVO8tse5_0072,eval,0.9993730187416077
${DATA_ROOT}/clips/541916_5DpOB0LmjVO8tse5_0073.wav,bonafide,hi-en,541916,mucs2021,none,channel_g711_20db,541916_5DpOB0LmjVO8tse5_0073,eval,0.9994350075721741
${DATA_ROOT}/clips/541916_5DpOB0LmjVO8tse5_0074.wav,bonafide,hi-en,541916,mucs2021,none,channel_g711_20db,541916_5DpOB0LmjVO8tse5_0074,eval,0.9993197917938232
${DATA_ROOT}/clips/541916_5DpOB0LmjVO8tse5_0075.wav,bonafide,hi-en,541916,mucs2021,none,channel_g711_20db,541916_5DpOB0LmjVO8tse5_0075,eval,0.9994192123413086
${DATA_ROOT}/clips/541916_5DpOB0LmjVO8tse5_0076.wav,bonafide,hi-en,541916,mucs2021,none,channel_g711_20db,541916_5DpOB0LmjVO8tse5_0076,eval,0.9994913339614868
${DATA_ROOT}/clips/541916_5DpOB0LmjVO8tse5_0077.wav,bonafide,hi-en,541916,mucs2021,none,channel_g711_20db,541916_5DpOB0LmjVO8tse5_0077,eval,0.9993605017662048
${DATA_ROOT}/clips/541916_5DpOB0LmjVO8tse5_0078.wav,bonafide,hi-en,541916,mucs2021,none,channel_g711_20db,541916_5DpOB0LmjVO8tse5_0078,eval,0.9994739890098572
${DATA_ROOT}/clips/541916_5DpOB0LmjVO8tse5_0079.wav,bonafide,hi-en,541916,mucs2021,none,channel_g711_20db,541916_5DpOB0LmjVO8tse5_0079,eval,0.9995641112327576
${DATA_ROOT}/clips/541916_5DpOB0LmjVO8tse5_0080.wav,bonafide,hi-en,541916,mucs2021,none,channel_g711_20db,541916_5DpOB0LmjVO8tse5_0080,eval,0.9993684887886047
${DATA_ROOT}/clips/541916_5DpOB0LmjVO8tse5_0081.wav,bonafide,hi-en,541916,mucs2021,none,channel_g711_20db,541916_5DpOB0LmjVO8tse5_0081,eval,0.9994361996650696
${DATA_ROOT}/clips/541916_5DpOB0LmjVO8tse5_0082.wav,bonafide,hi-en,541916,mucs2021,none,channel_g711_20db,541916_5DpOB0LmjVO8tse5_0082,eval,0.9980102181434631
${DATA_ROOT}/clips/541916_5DpOB0LmjVO8tse5_0083.wav,bonafide,hi-en,541916,mucs2021,none,channel_g711_20db,541916_5DpOB0LmjVO8tse5_0083,eval,0.9994300007820129
${DATA_ROOT}/clips/541916_5DpOB0LmjVO8tse5_0084.wav,bonafide,hi-en,541916,mucs2021,none,channel_g711_20db,541916_5DpOB0LmjVO8tse5_0084,eval,0.9994814991950989
${DATA_ROOT}/clips/541916_5DpOB0LmjVO8tse5_0085.wav,bonafide,hi-en,541916,mucs2021,none,channel_g711_20db,541916_5DpOB0LmjVO8tse5_0085,eval,0.9994539618492126
${DATA_ROOT}/clips/541916_5DpOB0LmjVO8tse5_0086.wav,bonafide,hi-en,541916,mucs2021,none,channel_g711_20db,541916_5DpOB0LmjVO8tse5_0086,eval,0.9993670582771301
${DATA_ROOT}/clips/541916_5DpOB0LmjVO8tse5_0087.wav,bonafide,hi-en,541916,mucs2021,none,channel_g711_20db,541916_5DpOB0LmjVO8tse5_0087,eval,0.9994388222694397
${DATA_ROOT}/clips/541916_5DpOB0LmjVO8tse5_0088.wav,bonafide,hi-en,541916,mucs2021,none,channel_g711_20db,541916_5DpOB0LmjVO8tse5_0088,eval,0.9995633959770203
${DATA_ROOT}/clips/541916_5DpOB0LmjVO8tse5_0089.wav,bonafide,hi-en,541916,mucs2021,none,channel_g711_20db,541916_5DpOB0LmjVO8tse5_0089,eval,0.9996356964111328
${DATA_ROOT}/clips/541916_5DpOB0LmjVO8tse5_0090.wav,bonafide,hi-en,541916,mucs2021,none,channel_g711_20db,541916_5DpOB0LmjVO8tse5_0090,eval,0.9995799660682678
${DATA_ROOT}/clips/541916_5DpOB0LmjVO8tse5_0091.wav,bonafide,hi-en,541916,mucs2021,none,channel_g711_20db,541916_5DpOB0LmjVO8tse5_0091,eval,0.9995774626731873
${DATA_ROOT}/clips/541916_5DpOB0LmjVO8tse5_0092.wav,bonafide,hi-en,541916,mucs2021,none,channel_g711_20db,541916_5DpOB0LmjVO8tse5_0092,eval,0.9994966983795166
${DATA_ROOT}/clips/541916_5DpOB0LmjVO8tse5_0093.wav,bonafide,hi-en,541916,mucs2021,none,channel_g711_20db,541916_5DpOB0LmjVO8tse5_0093,eval,0.9994140863418579
${DATA_ROOT}/clips/541916_5DpOB0LmjVO8tse5_0094.wav,bonafide,hi-en,541916,mucs2021,none,channel_g711_20db,541916_5DpOB0LmjVO8tse5_0094,eval,0.9903873801231384
${DATA_ROOT}/clips/541916_5DpOB0LmjVO8tse5_0095.wav,bonafide,hi-en,541916,mucs2021,none,channel_g711_20db,541916_5DpOB0LmjVO8tse5_0095,eval,0.9995275735855103
${DATA_ROOT}/clips/541916_5DpOB0LmjVO8tse5_0096.wav,bonafide,hi-en,541916,mucs2021,none,channel_g711_20db,541916_5DpOB0LmjVO8tse5_0096,eval,0.9994469285011292
${DATA_ROOT}/clips/541916_5DpOB0LmjVO8tse5_0097.wav,bonafide,hi-en,541916,mucs2021,none,channel_g711_20db,541916_5DpOB0LmjVO8tse5_0097,eval,0.9991689920425415
${DATA_ROOT}/clips/541916_5DpOB0LmjVO8tse5_0098.wav,bonafide,hi-en,541916,mucs2021,none,channel_g711_20db,541916_5DpOB0LmjVO8tse5_0098,eval,0.9991840720176697
${DATA_ROOT}/clips/541916_5DpOB0LmjVO8tse5_0099.wav,bonafide,hi-en,541916,mucs2021,none,channel_g711_20db,541916_5DpOB0LmjVO8tse5_0099,eval,0.999347984790802
${DATA_ROOT}/clips/541916_5DpOB0LmjVO8tse5_0100.wav,bonafide,hi-en,541916,mucs2021,none,channel_g711_20db,541916_5DpOB0LmjVO8tse5_0100,eval,0.9991372227668762
${DATA_ROOT}/clips/541916_5DpOB0LmjVO8tse5_0101.wav,bonafide,hi-en,541916,mucs2021,none,channel_g711_20db,541916_5DpOB0LmjVO8tse5_0101,eval,0.9991514682769775
${DATA_ROOT}/clips/541916_5DpOB0LmjVO8tse5_0102.wav,bonafide,hi-en,541916,mucs2021,none,channel_g711_20db,541916_5DpOB0LmjVO8tse5_0102,eval,0.9993069171905518
${DATA_ROOT}/clips/541916_5DpOB0LmjVO8tse5_0103.wav,bonafide,hi-en,541916,mucs2021,none,channel_g711_20db,541916_5DpOB0LmjVO8tse5_0103,eval,0.9995321035385132
${DATA_ROOT}/clips/541916_5DpOB0LmjVO8tse5_0104.wav,bonafide,hi-en,541916,mucs2021,none,channel_g711_20db,541916_5DpOB0LmjVO8tse5_0104,eval,0.9993476271629333
${DATA_ROOT}/clips/541916_5DpOB0LmjVO8tse5_0105.wav,bonafide,hi-en,541916,mucs2021,none,channel_g711_20db,541916_5DpOB0LmjVO8tse5_0105,eval,0.9985072016716003
${DATA_ROOT}/clips/541916_5DpOB0LmjVO8tse5_0106.wav,bonafide,hi-en,541916,mucs2021,none,channel_g711_20db,541916_5DpOB0LmjVO8tse5_0106,eval,0.9994899034500122
${DATA_ROOT}/clips/541916_5DpOB0LmjVO8tse5_0107.wav,bonafide,hi-en,541916,mucs2021,none,channel_g711_20db,541916_5DpOB0LmjVO8tse5_0107,eval,0.9993151426315308
${DATA_ROOT}/clips/541916_5DpOB0LmjVO8tse5_0108.wav,bonafide,hi-en,541916,mucs2021,none,channel_g711_20db,541916_5DpOB0LmjVO8tse5_0108,eval,0.9994322657585144
${DATA_ROOT}/clips/577537_1Kbig1mC99YUhdCX_0000.wav,bonafide,hi-en,577537,mucs2021,none,channel_g711_20db,577537_1Kbig1mC99YUhdCX_0000,eval,0.9995434880256653
${DATA_ROOT}/clips/577537_1Kbig1mC99YUhdCX_0001.wav,bonafide,hi-en,577537,mucs2021,none,channel_g711_20db,577537_1Kbig1mC99YUhdCX_0001,eval,0.9990701079368591
${DATA_ROOT}/clips/577537_1Kbig1mC99YUhdCX_0002.wav,bonafide,hi-en,577537,mucs2021,none,channel_g711_20db,577537_1Kbig1mC99YUhdCX_0002,eval,0.9991889595985413
${DATA_ROOT}/clips/577537_1Kbig1mC99YUhdCX_0003.wav,bonafide,hi-en,577537,mucs2021,none,channel_g711_20db,577537_1Kbig1mC99YUhdCX_0003,eval,0.9990769624710083
${DATA_ROOT}/clips/577537_1Kbig1mC99YUhdCX_0004.wav,bonafide,hi-en,577537,mucs2021,none,channel_g711_20db,577537_1Kbig1mC99YUhdCX_0004,eval,0.9993845224380493
${DATA_ROOT}/clips/577537_1Kbig1mC99YUhdCX_0005.wav,bonafide,hi-en,577537,mucs2021,none,channel_g711_20db,577537_1Kbig1mC99YUhdCX_0005,eval,0.9996408224105835
${DATA_ROOT}/clips/577537_1Kbig1mC99YUhdCX_0006.wav,bonafide,hi-en,577537,mucs2021,none,channel_g711_20db,577537_1Kbig1mC99YUhdCX_0006,eval,0.9994818568229675
${DATA_ROOT}/clips/577537_1Kbig1mC99YUhdCX_0007.wav,bonafide,hi-en,577537,mucs2021,none,channel_g711_20db,577537_1Kbig1mC99YUhdCX_0007,eval,0.9979350566864014
${DATA_ROOT}/clips/577537_1Kbig1mC99YUhdCX_0008.wav,bonafide,hi-en,577537,mucs2021,none,channel_g711_20db,577537_1Kbig1mC99YUhdCX_0008,eval,0.9995973706245422
${DATA_ROOT}/clips/577537_1Kbig1mC99YUhdCX_0009.wav,bonafide,hi-en,577537,mucs2021,none,channel_g711_20db,577537_1Kbig1mC99YUhdCX_0009,eval,0.9989281296730042
${DATA_ROOT}/clips/577537_1Kbig1mC99YUhdCX_0010.wav,bonafide,hi-en,577537,mucs2021,none,channel_g711_20db,577537_1Kbig1mC99YUhdCX_0010,eval,0.9994021654129028
${DATA_ROOT}/clips/577537_1Kbig1mC99YUhdCX_0011.wav,bonafide,hi-en,577537,mucs2021,none,channel_g711_20db,577537_1Kbig1mC99YUhdCX_0011,eval,0.9797611236572266
${DATA_ROOT}/clips/577537_1Kbig1mC99YUhdCX_0012.wav,bonafide,hi-en,577537,mucs2021,none,channel_g711_20db,577537_1Kbig1mC99YUhdCX_0012,eval,0.9996384382247925
${DATA_ROOT}/clips/577537_1Kbig1mC99YUhdCX_0013.wav,bonafide,hi-en,577537,mucs2021,none,channel_g711_20db,577537_1Kbig1mC99YUhdCX_0013,eval,0.9993125200271606
${DATA_ROOT}/clips/577537_1Kbig1mC99YUhdCX_0014.wav,bonafide,hi-en,577537,mucs2021,none,channel_g711_20db,577537_1Kbig1mC99YUhdCX_0014,eval,0.9976500868797302
${DATA_ROOT}/clips/577537_1Kbig1mC99YUhdCX_0015.wav,bonafide,hi-en,577537,mucs2021,none,channel_g711_20db,577537_1Kbig1mC99YUhdCX_0015,eval,0.9991471767425537
${DATA_ROOT}/clips/577537_1Kbig1mC99YUhdCX_0016.wav,bonafide,hi-en,577537,mucs2021,none,channel_g711_20db,577537_1Kbig1mC99YUhdCX_0016,eval,0.9432377815246582
${DATA_ROOT}/clips/577537_1Kbig1mC99YUhdCX_0017.wav,bonafide,hi-en,577537,mucs2021,none,channel_g711_20db,577537_1Kbig1mC99YUhdCX_0017,eval,0.9993250370025635
${DATA_ROOT}/clips/577537_1Kbig1mC99YUhdCX_0018.wav,bonafide,hi-en,577537,mucs2021,none,channel_g711_20db,577537_1Kbig1mC99YUhdCX_0018,eval,0.9991975426673889
${DATA_ROOT}/clips/577537_1Kbig1mC99YUhdCX_0019.wav,bonafide,hi-en,577537,mucs2021,none,channel_g711_20db,577537_1Kbig1mC99YUhdCX_0019,eval,0.9994528889656067
${DATA_ROOT}/clips/577537_1Kbig1mC99YUhdCX_0020.wav,bonafide,hi-en,577537,mucs2021,none,channel_g711_20db,577537_1Kbig1mC99YUhdCX_0020,eval,0.9996387958526611
${DATA_ROOT}/clips/577537_1Kbig1mC99YUhdCX_0021.wav,bonafide,hi-en,577537,mucs2021,none,channel_g711_20db,577537_1Kbig1mC99YUhdCX_0021,eval,0.9986121654510498
${DATA_ROOT}/clips/577537_1Kbig1mC99YUhdCX_0022.wav,bonafide,hi-en,577537,mucs2021,none,channel_g711_20db,577537_1Kbig1mC99YUhdCX_0022,eval,0.9996663331985474
${DATA_ROOT}/clips/577537_1Kbig1mC99YUhdCX_0023.wav,bonafide,hi-en,577537,mucs2021,none,channel_g711_20db,577537_1Kbig1mC99YUhdCX_0023,eval,0.9992702603340149
${DATA_ROOT}/clips/577537_1Kbig1mC99YUhdCX_0024.wav,bonafide,hi-en,577537,mucs2021,none,channel_g711_20db,577537_1Kbig1mC99YUhdCX_0024,eval,0.999345600605011
${DATA_ROOT}/clips/577537_1Kbig1mC99YUhdCX_0025.wav,bonafide,hi-en,577537,mucs2021,none,channel_g711_20db,577537_1Kbig1mC99YUhdCX_0025,eval,0.9993170499801636
${DATA_ROOT}/clips/577537_1Kbig1mC99YUhdCX_0026.wav,bonafide,hi-en,577537,mucs2021,none,channel_g711_20db,577537_1Kbig1mC99YUhdCX_0026,eval,0.9968686699867249
${DATA_ROOT}/clips/577537_1Kbig1mC99YUhdCX_0027.wav,bonafide,hi-en,577537,mucs2021,none,channel_g711_20db,577537_1Kbig1mC99YUhdCX_0027,eval,0.9993271827697754
${DATA_ROOT}/clips/577537_1Kbig1mC99YUhdCX_0028.wav,bonafide,hi-en,577537,mucs2021,none,channel_g711_20db,577537_1Kbig1mC99YUhdCX_0028,eval,0.9995080232620239
${DATA_ROOT}/clips/577537_1Kbig1mC99YUhdCX_0029.wav,bonafide,hi-en,577537,mucs2021,none,channel_g711_20db,577537_1Kbig1mC99YUhdCX_0029,eval,0.9995806813240051
${DATA_ROOT}/clips/577537_1Kbig1mC99YUhdCX_0030.wav,bonafide,hi-en,577537,mucs2021,none,channel_g711_20db,577537_1Kbig1mC99YUhdCX_0030,eval,0.9991070628166199
${DATA_ROOT}/clips/577537_1Kbig1mC99YUhdCX_0031.wav,bonafide,hi-en,577537,mucs2021,none,channel_g711_20db,577537_1Kbig1mC99YUhdCX_0031,eval,0.9976418018341064
${DATA_ROOT}/clips/577537_1Kbig1mC99YUhdCX_0032.wav,bonafide,hi-en,577537,mucs2021,none,channel_g711_20db,577537_1Kbig1mC99YUhdCX_0032,eval,0.6781999468803406
${DATA_ROOT}/clips/577537_1Kbig1mC99YUhdCX_0033.wav,bonafide,hi-en,577537,mucs2021,none,channel_g711_20db,577537_1Kbig1mC99YUhdCX_0033,eval,0.9993855953216553
${DATA_ROOT}/clips/577537_1Kbig1mC99YUhdCX_0034.wav,bonafide,hi-en,577537,mucs2021,none,channel_g711_20db,577537_1Kbig1mC99YUhdCX_0034,eval,0.9991632699966431
${DATA_ROOT}/clips/577537_1Kbig1mC99YUhdCX_0035.wav,bonafide,hi-en,577537,mucs2021,none,channel_g711_20db,577537_1Kbig1mC99YUhdCX_0035,eval,0.9993608593940735
${DATA_ROOT}/clips/577537_1Kbig1mC99YUhdCX_0036.wav,bonafide,hi-en,577537,mucs2021,none,channel_g711_20db,577537_1Kbig1mC99YUhdCX_0036,eval,0.9993107318878174
${DATA_ROOT}/clips/577537_1Kbig1mC99YUhdCX_0037.wav,bonafide,hi-en,577537,mucs2021,none,channel_g711_20db,577537_1Kbig1mC99YUhdCX_0037,eval,0.9993895292282104
${DATA_ROOT}/clips/577537_1Kbig1mC99YUhdCX_0038.wav,bonafide,hi-en,577537,mucs2021,none,channel_g711_20db,577537_1Kbig1mC99YUhdCX_0038,eval,0.9994558691978455
${DATA_ROOT}/clips/577537_1Kbig1mC99YUhdCX_0039.wav,bonafide,hi-en,577537,mucs2021,none,channel_g711_20db,577537_1Kbig1mC99YUhdCX_0039,eval,0.9997557997703552
${DATA_ROOT}/clips/577537_1Kbig1mC99YUhdCX_0040.wav,bonafide,hi-en,577537,mucs2021,none,channel_g711_20db,577537_1Kbig1mC99YUhdCX_0040,eval,0.9995321035385132
${DATA_ROOT}/clips/577537_1Kbig1mC99YUhdCX_0041.wav,bonafide,hi-en,577537,mucs2021,none,channel_g711_20db,577537_1Kbig1mC99YUhdCX_0041,eval,0.999313235282898
${DATA_ROOT}/clips/577537_1Kbig1mC99YUhdCX_0042.wav,bonafide,hi-en,577537,mucs2021,none,channel_g711_20db,577537_1Kbig1mC99YUhdCX_0042,eval,0.9993651509284973
${DATA_ROOT}/clips/577537_1Kbig1mC99YUhdCX_0043.wav,bonafide,hi-en,577537,mucs2021,none,channel_g711_20db,577537_1Kbig1mC99YUhdCX_0043,eval,0.9994625449180603
${DATA_ROOT}/clips/577537_1Kbig1mC99YUhdCX_0044.wav,bonafide,hi-en,577537,mucs2021,none,channel_g711_20db,577537_1Kbig1mC99YUhdCX_0044,eval,0.9994358420372009
${DATA_ROOT}/clips/577537_1Kbig1mC99YUhdCX_0045.wav,bonafide,hi-en,577537,mucs2021,none,channel_g711_20db,577537_1Kbig1mC99YUhdCX_0045,eval,0.9987658262252808
${DATA_ROOT}/clips/577537_1Kbig1mC99YUhdCX_0046.wav,bonafide,hi-en,577537,mucs2021,none,channel_g711_20db,577537_1Kbig1mC99YUhdCX_0046,eval,0.7070034146308899
${DATA_ROOT}/clips/577537_1Kbig1mC99YUhdCX_0047.wav,bonafide,hi-en,577537,mucs2021,none,channel_g711_20db,577537_1Kbig1mC99YUhdCX_0047,eval,0.9994910955429077
${DATA_ROOT}/clips/577537_1Kbig1mC99YUhdCX_0048.wav,bonafide,hi-en,577537,mucs2021,none,channel_g711_20db,577537_1Kbig1mC99YUhdCX_0048,eval,0.9994999170303345
${DATA_ROOT}/clips/577537_1Kbig1mC99YUhdCX_0049.wav,bonafide,hi-en,577537,mucs2021,none,channel_g711_20db,577537_1Kbig1mC99YUhdCX_0049,eval,0.9994269609451294
${DATA_ROOT}/clips/577537_1Kbig1mC99YUhdCX_0050.wav,bonafide,hi-en,577537,mucs2021,none,channel_g711_20db,577537_1Kbig1mC99YUhdCX_0050,eval,0.9867507815361023
${DATA_ROOT}/clips/577537_1Kbig1mC99YUhdCX_0051.wav,bonafide,hi-en,577537,mucs2021,none,channel_g711_20db,577537_1Kbig1mC99YUhdCX_0051,eval,0.61366206407547
${DATA_ROOT}/clips/577537_1Kbig1mC99YUhdCX_0052.wav,bonafide,hi-en,577537,mucs2021,none,channel_g711_20db,577537_1Kbig1mC99YUhdCX_0052,eval,0.9988822340965271
${DATA_ROOT}/clips/577537_1Kbig1mC99YUhdCX_0053.wav,bonafide,hi-en,577537,mucs2021,none,channel_g711_20db,577537_1Kbig1mC99YUhdCX_0053,eval,0.9994231462478638
${DATA_ROOT}/clips/577537_1Kbig1mC99YUhdCX_0054.wav,bonafide,hi-en,577537,mucs2021,none,channel_g711_20db,577537_1Kbig1mC99YUhdCX_0054,eval,0.9991747736930847
${DATA_ROOT}/clips/577537_1Kbig1mC99YUhdCX_0055.wav,bonafide,hi-en,577537,mucs2021,none,channel_g711_20db,577537_1Kbig1mC99YUhdCX_0055,eval,0.9881268739700317
${DATA_ROOT}/clips/577537_1Kbig1mC99YUhdCX_0056.wav,bonafide,hi-en,577537,mucs2021,none,channel_g711_20db,577537_1Kbig1mC99YUhdCX_0056,eval,0.9983804225921631
${DATA_ROOT}/clips/577537_1Kbig1mC99YUhdCX_0057.wav,bonafide,hi-en,577537,mucs2021,none,channel_g711_20db,577537_1Kbig1mC99YUhdCX_0057,eval,0.9995556473731995
${DATA_ROOT}/clips/577537_1Kbig1mC99YUhdCX_0058.wav,bonafide,hi-en,577537,mucs2021,none,channel_g711_20db,577537_1Kbig1mC99YUhdCX_0058,eval,0.9991449117660522
${DATA_ROOT}/clips/577537_1Kbig1mC99YUhdCX_0059.wav,bonafide,hi-en,577537,mucs2021,none,channel_g711_20db,577537_1Kbig1mC99YUhdCX_0059,eval,0.9927284717559814
${DATA_ROOT}/clips/577537_1Kbig1mC99YUhdCX_0060.wav,bonafide,hi-en,577537,mucs2021,none,channel_g711_20db,577537_1Kbig1mC99YUhdCX_0060,eval,0.9991145730018616
${DATA_ROOT}/clips/577537_1Kbig1mC99YUhdCX_0061.wav,bonafide,hi-en,577537,mucs2021,none,channel_g711_20db,577537_1Kbig1mC99YUhdCX_0061,eval,0.9994751811027527
${DATA_ROOT}/clips/577537_1Kbig1mC99YUhdCX_0062.wav,bonafide,hi-en,577537,mucs2021,none,channel_g711_20db,577537_1Kbig1mC99YUhdCX_0062,eval,0.9989224672317505
${DATA_ROOT}/clips/577537_1Kbig1mC99YUhdCX_0063.wav,bonafide,hi-en,577537,mucs2021,none,channel_g711_20db,577537_1Kbig1mC99YUhdCX_0063,eval,0.9994921684265137
${DATA_ROOT}/clips/577537_1Kbig1mC99YUhdCX_0064.wav,bonafide,hi-en,577537,mucs2021,none,channel_g711_20db,577537_1Kbig1mC99YUhdCX_0064,eval,0.9992769360542297
${DATA_ROOT}/clips/577537_1Kbig1mC99YUhdCX_0065.wav,bonafide,hi-en,577537,mucs2021,none,channel_g711_20db,577537_1Kbig1mC99YUhdCX_0065,eval,0.9988357424736023
${DATA_ROOT}/clips/577537_1Kbig1mC99YUhdCX_0066.wav,bonafide,hi-en,577537,mucs2021,none,channel_g711_20db,577537_1Kbig1mC99YUhdCX_0066,eval,0.9971916079521179
${DATA_ROOT}/clips/577537_1Kbig1mC99YUhdCX_0067.wav,bonafide,hi-en,577537,mucs2021,none,channel_g711_20db,577537_1Kbig1mC99YUhdCX_0067,eval,0.9112694263458252
${DATA_ROOT}/clips/577537_1Kbig1mC99YUhdCX_0068.wav,bonafide,hi-en,577537,mucs2021,none,channel_g711_20db,577537_1Kbig1mC99YUhdCX_0068,eval,0.9992270469665527
${DATA_ROOT}/clips/577537_1Kbig1mC99YUhdCX_0069.wav,bonafide,hi-en,577537,mucs2021,none,channel_g711_20db,577537_1Kbig1mC99YUhdCX_0069,eval,0.9996170997619629
${DATA_ROOT}/clips/577537_1Kbig1mC99YUhdCX_0070.wav,bonafide,hi-en,577537,mucs2021,none,channel_g711_20db,577537_1Kbig1mC99YUhdCX_0070,eval,0.9854087233543396
${DATA_ROOT}/clips/577537_1Kbig1mC99YUhdCX_0071.wav,bonafide,hi-en,577537,mucs2021,none,channel_g711_20db,577537_1Kbig1mC99YUhdCX_0071,eval,0.9994432330131531
${DATA_ROOT}/clips/577537_1Kbig1mC99YUhdCX_0072.wav,bonafide,hi-en,577537,mucs2021,none,channel_g711_20db,577537_1Kbig1mC99YUhdCX_0072,eval,0.9995007514953613
${DATA_ROOT}/clips/577537_1Kbig1mC99YUhdCX_0073.wav,bonafide,hi-en,577537,mucs2021,none,channel_g711_20db,577537_1Kbig1mC99YUhdCX_0073,eval,0.9994205236434937
${DATA_ROOT}/clips/577537_1Kbig1mC99YUhdCX_0074.wav,bonafide,hi-en,577537,mucs2021,none,channel_g711_20db,577537_1Kbig1mC99YUhdCX_0074,eval,0.9994698166847229
${DATA_ROOT}/clips/581145_vYm2PLAczomJ79qg_0000.wav,bonafide,hi-en,581145,mucs2021,none,channel_g711_20db,581145_vYm2PLAczomJ79qg_0000,eval,0.9994596838951111
${DATA_ROOT}/clips/581145_vYm2PLAczomJ79qg_0001.wav,bonafide,hi-en,581145,mucs2021,none,channel_g711_20db,581145_vYm2PLAczomJ79qg_0001,eval,0.9975489974021912
${DATA_ROOT}/clips/581145_vYm2PLAczomJ79qg_0002.wav,bonafide,hi-en,581145,mucs2021,none,channel_g711_20db,581145_vYm2PLAczomJ79qg_0002,eval,0.998211145401001
${DATA_ROOT}/clips/581145_vYm2PLAczomJ79qg_0003.wav,bonafide,hi-en,581145,mucs2021,none,channel_g711_20db,581145_vYm2PLAczomJ79qg_0003,eval,0.9988425970077515
${DATA_ROOT}/clips/581145_vYm2PLAczomJ79qg_0004.wav,bonafide,hi-en,581145,mucs2021,none,channel_g711_20db,581145_vYm2PLAczomJ79qg_0004,eval,0.9980953335762024
${DATA_ROOT}/clips/581145_vYm2PLAczomJ79qg_0005.wav,bonafide,hi-en,581145,mucs2021,none,channel_g711_20db,581145_vYm2PLAczomJ79qg_0005,eval,0.9984728693962097
${DATA_ROOT}/clips/581145_vYm2PLAczomJ79qg_0006.wav,bonafide,hi-en,581145,mucs2021,none,channel_g711_20db,581145_vYm2PLAczomJ79qg_0006,eval,0.9984973669052124
${DATA_ROOT}/clips/581145_vYm2PLAczomJ79qg_0007.wav,bonafide,hi-en,581145,mucs2021,none,channel_g711_20db,581145_vYm2PLAczomJ79qg_0007,eval,0.997635006904602
${DATA_ROOT}/clips/581145_vYm2PLAczomJ79qg_0008.wav,bonafide,hi-en,581145,mucs2021,none,channel_g711_20db,581145_vYm2PLAczomJ79qg_0008,eval,0.9982163310050964
${DATA_ROOT}/clips/581145_vYm2PLAczomJ79qg_0009.wav,bonafide,hi-en,581145,mucs2021,none,channel_g711_20db,581145_vYm2PLAczomJ79qg_0009,eval,0.9987792372703552
${DATA_ROOT}/clips/581145_vYm2PLAczomJ79qg_0010.wav,bonafide,hi-en,581145,mucs2021,none,channel_g711_20db,581145_vYm2PLAczomJ79qg_0010,eval,0.9983773231506348
${DATA_ROOT}/clips/581145_vYm2PLAczomJ79qg_0011.wav,bonafide,hi-en,581145,mucs2021,none,channel_g711_20db,581145_vYm2PLAczomJ79qg_0011,eval,0.997063934803009
${DATA_ROOT}/clips/581145_vYm2PLAczomJ79qg_0012.wav,bonafide,hi-en,581145,mucs2021,none,channel_g711_20db,581145_vYm2PLAczomJ79qg_0012,eval,0.9995884299278259
${DATA_ROOT}/clips/581145_vYm2PLAczomJ79qg_0013.wav,bonafide,hi-en,581145,mucs2021,none,channel_g711_20db,581145_vYm2PLAczomJ79qg_0013,eval,0.999396800994873
${DATA_ROOT}/clips/581145_vYm2PLAczomJ79qg_0014.wav,bonafide,hi-en,581145,mucs2021,none,channel_g711_20db,581145_vYm2PLAczomJ79qg_0014,eval,0.9988403916358948
${DATA_ROOT}/clips/581145_vYm2PLAczomJ79qg_0015.wav,bonafide,hi-en,581145,mucs2021,none,channel_g711_20db,581145_vYm2PLAczomJ79qg_0015,eval,0.9993208646774292
${DATA_ROOT}/clips/581145_vYm2PLAczomJ79qg_0016.wav,bonafide,hi-en,581145,mucs2021,none,channel_g711_20db,581145_vYm2PLAczomJ79qg_0016,eval,0.9991989731788635
${DATA_ROOT}/clips/581145_vYm2PLAczomJ79qg_0017.wav,bonafide,hi-en,581145,mucs2021,none,channel_g711_20db,581145_vYm2PLAczomJ79qg_0017,eval,0.9992740750312805
${DATA_ROOT}/clips/581145_vYm2PLAczomJ79qg_0018.wav,bonafide,hi-en,581145,mucs2021,none,channel_g711_20db,581145_vYm2PLAczomJ79qg_0018,eval,0.9993429780006409
${DATA_ROOT}/clips/581145_vYm2PLAczomJ79qg_0019.wav,bonafide,hi-en,581145,mucs2021,none,channel_g711_20db,581145_vYm2PLAczomJ79qg_0019,eval,0.9988577365875244
${DATA_ROOT}/clips/581145_vYm2PLAczomJ79qg_0020.wav,bonafide,hi-en,581145,mucs2021,none,channel_g711_20db,581145_vYm2PLAczomJ79qg_0020,eval,0.9972981810569763
${DATA_ROOT}/clips/581145_vYm2PLAczomJ79qg_0021.wav,bonafide,hi-en,581145,mucs2021,none,channel_g711_20db,581145_vYm2PLAczomJ79qg_0021,eval,0.9580992460250854
${DATA_ROOT}/clips/581145_vYm2PLAczomJ79qg_0022.wav,bonafide,hi-en,581145,mucs2021,none,channel_g711_20db,581145_vYm2PLAczomJ79qg_0022,eval,0.9958475828170776
${DATA_ROOT}/clips/581145_vYm2PLAczomJ79qg_0023.wav,bonafide,hi-en,581145,mucs2021,none,channel_g711_20db,581145_vYm2PLAczomJ79qg_0023,eval,0.9987334609031677
${DATA_ROOT}/clips/581145_vYm2PLAczomJ79qg_0024.wav,bonafide,hi-en,581145,mucs2021,none,channel_g711_20db,581145_vYm2PLAczomJ79qg_0024,eval,0.9992245435714722
${DATA_ROOT}/clips/581145_vYm2PLAczomJ79qg_0025.wav,bonafide,hi-en,581145,mucs2021,none,channel_g711_20db,581145_vYm2PLAczomJ79qg_0025,eval,0.9993878602981567
${DATA_ROOT}/clips/581145_vYm2PLAczomJ79qg_0026.wav,bonafide,hi-en,581145,mucs2021,none,channel_g711_20db,581145_vYm2PLAczomJ79qg_0026,eval,0.9981279969215393
${DATA_ROOT}/clips/581145_vYm2PLAczomJ79qg_0027.wav,bonafide,hi-en,581145,mucs2021,none,channel_g711_20db,581145_vYm2PLAczomJ79qg_0027,eval,0.9993064403533936
${DATA_ROOT}/clips/581145_vYm2PLAczomJ79qg_0028.wav,bonafide,hi-en,581145,mucs2021,none,channel_g711_20db,581145_vYm2PLAczomJ79qg_0028,eval,0.9985066056251526
${DATA_ROOT}/clips/581145_vYm2PLAczomJ79qg_0029.wav,bonafide,hi-en,581145,mucs2021,none,channel_g711_20db,581145_vYm2PLAczomJ79qg_0029,eval,0.9976230263710022
${DATA_ROOT}/clips/581145_vYm2PLAczomJ79qg_0030.wav,bonafide,hi-en,581145,mucs2021,none,channel_g711_20db,581145_vYm2PLAczomJ79qg_0030,eval,0.9992283582687378
${DATA_ROOT}/clips/581145_vYm2PLAczomJ79qg_0031.wav,bonafide,hi-en,581145,mucs2021,none,channel_g711_20db,581145_vYm2PLAczomJ79qg_0031,eval,0.9984039664268494
${DATA_ROOT}/clips/581145_vYm2PLAczomJ79qg_0032.wav,bonafide,hi-en,581145,mucs2021,none,channel_g711_20db,581145_vYm2PLAczomJ79qg_0032,eval,0.9975007176399231
${DATA_ROOT}/clips/581145_vYm2PLAczomJ79qg_0033.wav,bonafide,hi-en,581145,mucs2021,none,channel_g711_20db,581145_vYm2PLAczomJ79qg_0033,eval,0.998134970664978
${DATA_ROOT}/clips/581145_vYm2PLAczomJ79qg_0034.wav,bonafide,hi-en,581145,mucs2021,none,channel_g711_20db,581145_vYm2PLAczomJ79qg_0034,eval,0.9990314245223999
${DATA_ROOT}/clips/581145_vYm2PLAczomJ79qg_0035.wav,bonafide,hi-en,581145,mucs2021,none,channel_g711_20db,581145_vYm2PLAczomJ79qg_0035,eval,0.9993044137954712
${DATA_ROOT}/clips/581145_vYm2PLAczomJ79qg_0036.wav,bonafide,hi-en,581145,mucs2021,none,channel_g711_20db,581145_vYm2PLAczomJ79qg_0036,eval,0.9989608526229858
${DATA_ROOT}/clips/581145_vYm2PLAczomJ79qg_0037.wav,bonafide,hi-en,581145,mucs2021,none,channel_g711_20db,581145_vYm2PLAczomJ79qg_0037,eval,0.999200165271759
${DATA_ROOT}/clips/581145_vYm2PLAczomJ79qg_0038.wav,bonafide,hi-en,581145,mucs2021,none,channel_g711_20db,581145_vYm2PLAczomJ79qg_0038,eval,0.9982831478118896
${DATA_ROOT}/clips/581145_vYm2PLAczomJ79qg_0039.wav,bonafide,hi-en,581145,mucs2021,none,channel_g711_20db,581145_vYm2PLAczomJ79qg_0039,eval,0.9992232322692871
${DATA_ROOT}/clips/581145_vYm2PLAczomJ79qg_0040.wav,bonafide,hi-en,581145,mucs2021,none,channel_g711_20db,581145_vYm2PLAczomJ79qg_0040,eval,0.9987226128578186
${DATA_ROOT}/clips/581145_vYm2PLAczomJ79qg_0041.wav,bonafide,hi-en,581145,mucs2021,none,channel_g711_20db,581145_vYm2PLAczomJ79qg_0041,eval,0.9730052351951599
${DATA_ROOT}/clips/581145_vYm2PLAczomJ79qg_0042.wav,bonafide,hi-en,581145,mucs2021,none,channel_g711_20db,581145_vYm2PLAczomJ79qg_0042,eval,0.9993988275527954
${DATA_ROOT}/clips/581145_vYm2PLAczomJ79qg_0043.wav,bonafide,hi-en,581145,mucs2021,none,channel_g711_20db,581145_vYm2PLAczomJ79qg_0043,eval,0.9997467398643494
${DATA_ROOT}/clips/581145_vYm2PLAczomJ79qg_0044.wav,bonafide,hi-en,581145,mucs2021,none,channel_g711_20db,581145_vYm2PLAczomJ79qg_0044,eval,0.9982604384422302
${DATA_ROOT}/clips/581145_vYm2PLAczomJ79qg_0045.wav,bonafide,hi-en,581145,mucs2021,none,channel_g711_20db,581145_vYm2PLAczomJ79qg_0045,eval,0.8208947777748108
${DATA_ROOT}/clips/581145_vYm2PLAczomJ79qg_0046.wav,bonafide,hi-en,581145,mucs2021,none,channel_g711_20db,581145_vYm2PLAczomJ79qg_0046,eval,0.9993337988853455
${DATA_ROOT}/clips/581145_vYm2PLAczomJ79qg_0047.wav,bonafide,hi-en,581145,mucs2021,none,channel_g711_20db,581145_vYm2PLAczomJ79qg_0047,eval,0.9993559718132019
${DATA_ROOT}/clips/581145_vYm2PLAczomJ79qg_0048.wav,bonafide,hi-en,581145,mucs2021,none,channel_g711_20db,581145_vYm2PLAczomJ79qg_0048,eval,0.9978644251823425
${DATA_ROOT}/clips/581145_vYm2PLAczomJ79qg_0049.wav,bonafide,hi-en,581145,mucs2021,none,channel_g711_20db,581145_vYm2PLAczomJ79qg_0049,eval,0.9990259408950806
${DATA_ROOT}/clips/581145_vYm2PLAczomJ79qg_0050.wav,bonafide,hi-en,581145,mucs2021,none,channel_g711_20db,581145_vYm2PLAczomJ79qg_0050,eval,0.9988956451416016
${DATA_ROOT}/clips/581145_vYm2PLAczomJ79qg_0051.wav,bonafide,hi-en,581145,mucs2021,none,channel_g711_20db,581145_vYm2PLAczomJ79qg_0051,eval,0.9993232488632202
${DATA_ROOT}/clips/581145_vYm2PLAczomJ79qg_0052.wav,bonafide,hi-en,581145,mucs2021,none,channel_g711_20db,581145_vYm2PLAczomJ79qg_0052,eval,0.9962526559829712
${DATA_ROOT}/clips/581145_vYm2PLAczomJ79qg_0053.wav,bonafide,hi-en,581145,mucs2021,none,channel_g711_20db,581145_vYm2PLAczomJ79qg_0053,eval,0.9992508292198181
${DATA_ROOT}/clips/581145_vYm2PLAczomJ79qg_0054.wav,bonafide,hi-en,581145,mucs2021,none,channel_g711_20db,581145_vYm2PLAczomJ79qg_0054,eval,0.9987469911575317
${DATA_ROOT}/clips/581145_vYm2PLAczomJ79qg_0055.wav,bonafide,hi-en,581145,mucs2021,none,channel_g711_20db,581145_vYm2PLAczomJ79qg_0055,eval,0.9987543821334839
${DATA_ROOT}/clips/581145_vYm2PLAczomJ79qg_0056.wav,bonafide,hi-en,581145,mucs2021,none,channel_g711_20db,581145_vYm2PLAczomJ79qg_0056,eval,0.9948640465736389
${DATA_ROOT}/clips/581145_vYm2PLAczomJ79qg_0057.wav,bonafide,hi-en,581145,mucs2021,none,channel_g711_20db,581145_vYm2PLAczomJ79qg_0057,eval,0.9994091987609863
${DATA_ROOT}/clips/581145_vYm2PLAczomJ79qg_0058.wav,bonafide,hi-en,581145,mucs2021,none,channel_g711_20db,581145_vYm2PLAczomJ79qg_0058,eval,0.9987932443618774
${DATA_ROOT}/clips/581145_vYm2PLAczomJ79qg_0059.wav,bonafide,hi-en,581145,mucs2021,none,channel_g711_20db,581145_vYm2PLAczomJ79qg_0059,eval,0.9986007809638977
${DATA_ROOT}/clips/581145_vYm2PLAczomJ79qg_0060.wav,bonafide,hi-en,581145,mucs2021,none,channel_g711_20db,581145_vYm2PLAczomJ79qg_0060,eval,0.9994210004806519
${DATA_ROOT}/clips/581145_vYm2PLAczomJ79qg_0061.wav,bonafide,hi-en,581145,mucs2021,none,channel_g711_20db,581145_vYm2PLAczomJ79qg_0061,eval,0.999221682548523
${DATA_ROOT}/clips/581145_vYm2PLAczomJ79qg_0062.wav,bonafide,hi-en,581145,mucs2021,none,channel_g711_20db,581145_vYm2PLAczomJ79qg_0062,eval,0.9992940425872803
${DATA_ROOT}/clips/581145_vYm2PLAczomJ79qg_0063.wav,bonafide,hi-en,581145,mucs2021,none,channel_g711_20db,581145_vYm2PLAczomJ79qg_0063,eval,0.9967041611671448
${DATA_ROOT}/clips/581145_vYm2PLAczomJ79qg_0064.wav,bonafide,hi-en,581145,mucs2021,none,channel_g711_20db,581145_vYm2PLAczomJ79qg_0064,eval,0.998808741569519
${DATA_ROOT}/clips/581145_vYm2PLAczomJ79qg_0065.wav,bonafide,hi-en,581145,mucs2021,none,channel_g711_20db,581145_vYm2PLAczomJ79qg_0065,eval,0.9991766810417175
${DATA_ROOT}/clips/581145_vYm2PLAczomJ79qg_0066.wav,bonafide,hi-en,581145,mucs2021,none,channel_g711_20db,581145_vYm2PLAczomJ79qg_0066,eval,0.9983665347099304
${DATA_ROOT}/clips/581145_vYm2PLAczomJ79qg_0067.wav,bonafide,hi-en,581145,mucs2021,none,channel_g711_20db,581145_vYm2PLAczomJ79qg_0067,eval,0.9990518689155579
${DATA_ROOT}/clips/581145_vYm2PLAczomJ79qg_0068.wav,bonafide,hi-en,581145,mucs2021,none,channel_g711_20db,581145_vYm2PLAczomJ79qg_0068,eval,0.9996215105056763
${DATA_ROOT}/clips/581145_vYm2PLAczomJ79qg_0069.wav,bonafide,hi-en,581145,mucs2021,none,channel_g711_20db,581145_vYm2PLAczomJ79qg_0069,eval,0.9966676831245422
${DATA_ROOT}/clips/581145_vYm2PLAczomJ79qg_0070.wav,bonafide,hi-en,581145,mucs2021,none,channel_g711_20db,581145_vYm2PLAczomJ79qg_0070,eval,0.9985081553459167
${DATA_ROOT}/clips/581145_vYm2PLAczomJ79qg_0071.wav,bonafide,hi-en,581145,mucs2021,none,channel_g711_20db,581145_vYm2PLAczomJ79qg_0071,eval,0.999373733997345
${DATA_ROOT}/clips/581145_vYm2PLAczomJ79qg_0072.wav,bonafide,hi-en,581145,mucs2021,none,channel_g711_20db,581145_vYm2PLAczomJ79qg_0072,eval,0.9992979764938354
${DATA_ROOT}/clips/581145_vYm2PLAczomJ79qg_0073.wav,bonafide,hi-en,581145,mucs2021,none,channel_g711_20db,581145_vYm2PLAczomJ79qg_0073,eval,0.995913565158844
${DATA_ROOT}/clips/581145_vYm2PLAczomJ79qg_0074.wav,bonafide,hi-en,581145,mucs2021,none,channel_g711_20db,581145_vYm2PLAczomJ79qg_0074,eval,0.9992271661758423
${DATA_ROOT}/clips/581145_vYm2PLAczomJ79qg_0075.wav,bonafide,hi-en,581145,mucs2021,none,channel_g711_20db,581145_vYm2PLAczomJ79qg_0075,eval,0.9991482496261597
${DATA_ROOT}/clips/581145_vYm2PLAczomJ79qg_0076.wav,bonafide,hi-en,581145,mucs2021,none,channel_g711_20db,581145_vYm2PLAczomJ79qg_0076,eval,0.9991679191589355
${DATA_ROOT}/clips/581145_vYm2PLAczomJ79qg_0077.wav,bonafide,hi-en,581145,mucs2021,none,channel_g711_20db,581145_vYm2PLAczomJ79qg_0077,eval,0.9961624145507812
${DATA_ROOT}/clips/596505_mSiZUO1cgwb8nNpA_0000.wav,bonafide,hi-en,596505,mucs2021,none,channel_g711_20db,596505_mSiZUO1cgwb8nNpA_0000,eval,0.998542070388794
${DATA_ROOT}/clips/596505_mSiZUO1cgwb8nNpA_0001.wav,bonafide,hi-en,596505,mucs2021,none,channel_g711_20db,596505_mSiZUO1cgwb8nNpA_0001,eval,0.9993898868560791
${DATA_ROOT}/clips/596505_mSiZUO1cgwb8nNpA_0002.wav,bonafide,hi-en,596505,mucs2021,none,channel_g711_20db,596505_mSiZUO1cgwb8nNpA_0002,eval,0.9993096590042114
${DATA_ROOT}/clips/596505_mSiZUO1cgwb8nNpA_0003.wav,bonafide,hi-en,596505,mucs2021,none,channel_g711_20db,596505_mSiZUO1cgwb8nNpA_0003,eval,0.9992794394493103
${DATA_ROOT}/clips/596505_mSiZUO1cgwb8nNpA_0004.wav,bonafide,hi-en,596505,mucs2021,none,channel_g711_20db,596505_mSiZUO1cgwb8nNpA_0004,eval,0.9993746876716614
${DATA_ROOT}/clips/596505_mSiZUO1cgwb8nNpA_0005.wav,bonafide,hi-en,596505,mucs2021,none,channel_g711_20db,596505_mSiZUO1cgwb8nNpA_0005,eval,0.9994578957557678
${DATA_ROOT}/clips/596505_mSiZUO1cgwb8nNpA_0006.wav,bonafide,hi-en,596505,mucs2021,none,channel_g711_20db,596505_mSiZUO1cgwb8nNpA_0006,eval,0.9993304014205933
${DATA_ROOT}/clips/596505_mSiZUO1cgwb8nNpA_0007.wav,bonafide,hi-en,596505,mucs2021,none,channel_g711_20db,596505_mSiZUO1cgwb8nNpA_0007,eval,0.9987327456474304
${DATA_ROOT}/clips/596505_mSiZUO1cgwb8nNpA_0008.wav,bonafide,hi-en,596505,mucs2021,none,channel_g711_20db,596505_mSiZUO1cgwb8nNpA_0008,eval,0.9991951584815979
${DATA_ROOT}/clips/596505_mSiZUO1cgwb8nNpA_0009.wav,bonafide,hi-en,596505,mucs2021,none,channel_g711_20db,596505_mSiZUO1cgwb8nNpA_0009,eval,0.9991142153739929
${DATA_ROOT}/clips/596505_mSiZUO1cgwb8nNpA_0010.wav,bonafide,hi-en,596505,mucs2021,none,channel_g711_20db,596505_mSiZUO1cgwb8nNpA_0010,eval,0.9993335604667664
${DATA_ROOT}/clips/596505_mSiZUO1cgwb8nNpA_0011.wav,bonafide,hi-en,596505,mucs2021,none,channel_g711_20db,596505_mSiZUO1cgwb8nNpA_0011,eval,0.9994691014289856
${DATA_ROOT}/clips/596505_mSiZUO1cgwb8nNpA_0012.wav,bonafide,hi-en,596505,mucs2021,none,channel_g711_20db,596505_mSiZUO1cgwb8nNpA_0012,eval,0.9989142417907715
${DATA_ROOT}/clips/596505_mSiZUO1cgwb8nNpA_0013.wav,bonafide,hi-en,596505,mucs2021,none,channel_g711_20db,596505_mSiZUO1cgwb8nNpA_0013,eval,0.999459445476532
${DATA_ROOT}/clips/596505_mSiZUO1cgwb8nNpA_0014.wav,bonafide,hi-en,596505,mucs2021,none,channel_g711_20db,596505_mSiZUO1cgwb8nNpA_0014,eval,0.999610960483551
${DATA_ROOT}/clips/596505_mSiZUO1cgwb8nNpA_0015.wav,bonafide,hi-en,596505,mucs2021,none,channel_g711_20db,596505_mSiZUO1cgwb8nNpA_0015,eval,0.999127209186554
${DATA_ROOT}/clips/596505_mSiZUO1cgwb8nNpA_0016.wav,bonafide,hi-en,596505,mucs2021,none,channel_g711_20db,596505_mSiZUO1cgwb8nNpA_0016,eval,0.9992243051528931
${DATA_ROOT}/clips/596505_mSiZUO1cgwb8nNpA_0017.wav,bonafide,hi-en,596505,mucs2021,none,channel_g711_20db,596505_mSiZUO1cgwb8nNpA_0017,eval,0.9991959929466248
${DATA_ROOT}/clips/596505_mSiZUO1cgwb8nNpA_0018.wav,bonafide,hi-en,596505,mucs2021,none,channel_g711_20db,596505_mSiZUO1cgwb8nNpA_0018,eval,0.9987555742263794
${DATA_ROOT}/clips/596505_mSiZUO1cgwb8nNpA_0019.wav,bonafide,hi-en,596505,mucs2021,none,channel_g711_20db,596505_mSiZUO1cgwb8nNpA_0019,eval,0.9996821880340576
${DATA_ROOT}/clips/596505_mSiZUO1cgwb8nNpA_0020.wav,bonafide,hi-en,596505,mucs2021,none,channel_g711_20db,596505_mSiZUO1cgwb8nNpA_0020,eval,0.9993383288383484
${DATA_ROOT}/clips/596505_mSiZUO1cgwb8nNpA_0021.wav,bonafide,hi-en,596505,mucs2021,none,channel_g711_20db,596505_mSiZUO1cgwb8nNpA_0021,eval,0.9992762207984924
${DATA_ROOT}/clips/596505_mSiZUO1cgwb8nNpA_0022.wav,bonafide,hi-en,596505,mucs2021,none,channel_g711_20db,596505_mSiZUO1cgwb8nNpA_0022,eval,0.9986305236816406
${DATA_ROOT}/clips/596505_mSiZUO1cgwb8nNpA_0023.wav,bonafide,hi-en,596505,mucs2021,none,channel_g711_20db,596505_mSiZUO1cgwb8nNpA_0023,eval,0.999506950378418
${DATA_ROOT}/clips/596505_mSiZUO1cgwb8nNpA_0024.wav,bonafide,hi-en,596505,mucs2021,none,channel_g711_20db,596505_mSiZUO1cgwb8nNpA_0024,eval,0.9995800852775574
${DATA_ROOT}/clips/596505_mSiZUO1cgwb8nNpA_0025.wav,bonafide,hi-en,596505,mucs2021,none,channel_g711_20db,596505_mSiZUO1cgwb8nNpA_0025,eval,0.9994471669197083
${DATA_ROOT}/clips/596505_mSiZUO1cgwb8nNpA_0026.wav,bonafide,hi-en,596505,mucs2021,none,channel_g711_20db,596505_mSiZUO1cgwb8nNpA_0026,eval,0.9990441203117371
${DATA_ROOT}/clips/596505_mSiZUO1cgwb8nNpA_0027.wav,bonafide,hi-en,596505,mucs2021,none,channel_g711_20db,596505_mSiZUO1cgwb8nNpA_0027,eval,0.9993865489959717
${DATA_ROOT}/clips/596505_mSiZUO1cgwb8nNpA_0028.wav,bonafide,hi-en,596505,mucs2021,none,channel_g711_20db,596505_mSiZUO1cgwb8nNpA_0028,eval,0.9983310103416443
${DATA_ROOT}/clips/596505_mSiZUO1cgwb8nNpA_0029.wav,bonafide,hi-en,596505,mucs2021,none,channel_g711_20db,596505_mSiZUO1cgwb8nNpA_0029,eval,0.9995299577713013
${DATA_ROOT}/clips/596505_mSiZUO1cgwb8nNpA_0030.wav,bonafide,hi-en,596505,mucs2021,none,channel_g711_20db,596505_mSiZUO1cgwb8nNpA_0030,eval,0.9993979930877686
${DATA_ROOT}/clips/596505_mSiZUO1cgwb8nNpA_0031.wav,bonafide,hi-en,596505,mucs2021,none,channel_g711_20db,596505_mSiZUO1cgwb8nNpA_0031,eval,0.9990068078041077
${DATA_ROOT}/clips/596505_mSiZUO1cgwb8nNpA_0032.wav,bonafide,hi-en,596505,mucs2021,none,channel_g711_20db,596505_mSiZUO1cgwb8nNpA_0032,eval,0.9974156618118286
${DATA_ROOT}/clips/596505_mSiZUO1cgwb8nNpA_0033.wav,bonafide,hi-en,596505,mucs2021,none,channel_g711_20db,596505_mSiZUO1cgwb8nNpA_0033,eval,0.9979579448699951
${DATA_ROOT}/clips/596505_mSiZUO1cgwb8nNpA_0034.wav,bonafide,hi-en,596505,mucs2021,none,channel_g711_20db,596505_mSiZUO1cgwb8nNpA_0034,eval,0.9990383386611938
${DATA_ROOT}/clips/596505_mSiZUO1cgwb8nNpA_0035.wav,bonafide,hi-en,596505,mucs2021,none,channel_g711_20db,596505_mSiZUO1cgwb8nNpA_0035,eval,0.9995357990264893
${DATA_ROOT}/clips/596505_mSiZUO1cgwb8nNpA_0036.wav,bonafide,hi-en,596505,mucs2021,none,channel_g711_20db,596505_mSiZUO1cgwb8nNpA_0036,eval,0.9993463158607483
${DATA_ROOT}/clips/596505_mSiZUO1cgwb8nNpA_0037.wav,bonafide,hi-en,596505,mucs2021,none,channel_g711_20db,596505_mSiZUO1cgwb8nNpA_0037,eval,0.9990203380584717
${DATA_ROOT}/clips/596505_mSiZUO1cgwb8nNpA_0038.wav,bonafide,hi-en,596505,mucs2021,none,channel_g711_20db,596505_mSiZUO1cgwb8nNpA_0038,eval,0.9991782307624817
${DATA_ROOT}/clips/596505_mSiZUO1cgwb8nNpA_0039.wav,bonafide,hi-en,596505,mucs2021,none,channel_g711_20db,596505_mSiZUO1cgwb8nNpA_0039,eval,0.999332845211029
${DATA_ROOT}/clips/596505_mSiZUO1cgwb8nNpA_0040.wav,bonafide,hi-en,596505,mucs2021,none,channel_g711_20db,596505_mSiZUO1cgwb8nNpA_0040,eval,0.9992249011993408
${DATA_ROOT}/clips/596505_mSiZUO1cgwb8nNpA_0041.wav,bonafide,hi-en,596505,mucs2021,none,channel_g711_20db,596505_mSiZUO1cgwb8nNpA_0041,eval,0.9980729818344116
${DATA_ROOT}/clips/596505_mSiZUO1cgwb8nNpA_0042.wav,bonafide,hi-en,596505,mucs2021,none,channel_g711_20db,596505_mSiZUO1cgwb8nNpA_0042,eval,0.9993415474891663
${DATA_ROOT}/clips/596505_mSiZUO1cgwb8nNpA_0043.wav,bonafide,hi-en,596505,mucs2021,none,channel_g711_20db,596505_mSiZUO1cgwb8nNpA_0043,eval,0.9996182918548584
${DATA_ROOT}/clips/596505_mSiZUO1cgwb8nNpA_0044.wav,bonafide,hi-en,596505,mucs2021,none,channel_g711_20db,596505_mSiZUO1cgwb8nNpA_0044,eval,0.9952245950698853
${DATA_ROOT}/clips/596505_mSiZUO1cgwb8nNpA_0045.wav,bonafide,hi-en,596505,mucs2021,none,channel_g711_20db,596505_mSiZUO1cgwb8nNpA_0045,eval,0.9980489015579224
${DATA_ROOT}/clips/596505_mSiZUO1cgwb8nNpA_0046.wav,bonafide,hi-en,596505,mucs2021,none,channel_g711_20db,596505_mSiZUO1cgwb8nNpA_0046,eval,0.9991538524627686
${DATA_ROOT}/clips/596505_mSiZUO1cgwb8nNpA_0047.wav,bonafide,hi-en,596505,mucs2021,none,channel_g711_20db,596505_mSiZUO1cgwb8nNpA_0047,eval,0.9987682700157166
${DATA_ROOT}/clips/596505_mSiZUO1cgwb8nNpA_0048.wav,bonafide,hi-en,596505,mucs2021,none,channel_g711_20db,596505_mSiZUO1cgwb8nNpA_0048,eval,0.9991484880447388
${DATA_ROOT}/clips/596505_mSiZUO1cgwb8nNpA_0049.wav,bonafide,hi-en,596505,mucs2021,none,channel_g711_20db,596505_mSiZUO1cgwb8nNpA_0049,eval,0.9985608458518982
${DATA_ROOT}/clips/596505_mSiZUO1cgwb8nNpA_0050.wav,bonafide,hi-en,596505,mucs2021,none,channel_g711_20db,596505_mSiZUO1cgwb8nNpA_0050,eval,0.9993131160736084
${DATA_ROOT}/clips/596505_mSiZUO1cgwb8nNpA_0051.wav,bonafide,hi-en,596505,mucs2021,none,channel_g711_20db,596505_mSiZUO1cgwb8nNpA_0051,eval,0.9978451728820801
${DATA_ROOT}/clips/596505_mSiZUO1cgwb8nNpA_0052.wav,bonafide,hi-en,596505,mucs2021,none,channel_g711_20db,596505_mSiZUO1cgwb8nNpA_0052,eval,0.9989411234855652
${DATA_ROOT}/clips/596505_mSiZUO1cgwb8nNpA_0053.wav,bonafide,hi-en,596505,mucs2021,none,channel_g711_20db,596505_mSiZUO1cgwb8nNpA_0053,eval,0.9986146688461304
${DATA_ROOT}/clips/596505_mSiZUO1cgwb8nNpA_0054.wav,bonafide,hi-en,596505,mucs2021,none,channel_g711_20db,596505_mSiZUO1cgwb8nNpA_0054,eval,0.9993124008178711
${DATA_ROOT}/clips/596505_mSiZUO1cgwb8nNpA_0055.wav,bonafide,hi-en,596505,mucs2021,none,channel_g711_20db,596505_mSiZUO1cgwb8nNpA_0055,eval,0.9977688789367676
${DATA_ROOT}/clips/596505_mSiZUO1cgwb8nNpA_0056.wav,bonafide,hi-en,596505,mucs2021,none,channel_g711_20db,596505_mSiZUO1cgwb8nNpA_0056,eval,0.9976020455360413
${DATA_ROOT}/clips/596505_mSiZUO1cgwb8nNpA_0057.wav,bonafide,hi-en,596505,mucs2021,none,channel_g711_20db,596505_mSiZUO1cgwb8nNpA_0057,eval,0.9972764849662781
${DATA_ROOT}/clips/596505_mSiZUO1cgwb8nNpA_0058.wav,bonafide,hi-en,596505,mucs2021,none,channel_g711_20db,596505_mSiZUO1cgwb8nNpA_0058,eval,0.999531626701355
${DATA_ROOT}/clips/596505_mSiZUO1cgwb8nNpA_0059.wav,bonafide,hi-en,596505,mucs2021,none,channel_g711_20db,596505_mSiZUO1cgwb8nNpA_0059,eval,0.9993221759796143
${DATA_ROOT}/clips/596505_mSiZUO1cgwb8nNpA_0060.wav,bonafide,hi-en,596505,mucs2021,none,channel_g711_20db,596505_mSiZUO1cgwb8nNpA_0060,eval,0.9995796084403992
${DATA_ROOT}/clips/596505_mSiZUO1cgwb8nNpA_0061.wav,bonafide,hi-en,596505,mucs2021,none,channel_g711_20db,596505_mSiZUO1cgwb8nNpA_0061,eval,0.9989404082298279
${DATA_ROOT}/clips/596505_mSiZUO1cgwb8nNpA_0062.wav,bonafide,hi-en,596505,mucs2021,none,channel_g711_20db,596505_mSiZUO1cgwb8nNpA_0062,eval,0.9986114501953125
${DATA_ROOT}/clips/596505_mSiZUO1cgwb8nNpA_0063.wav,bonafide,hi-en,596505,mucs2021,none,channel_g711_20db,596505_mSiZUO1cgwb8nNpA_0063,eval,0.9994726777076721
${DATA_ROOT}/clips/596505_mSiZUO1cgwb8nNpA_0064.wav,bonafide,hi-en,596505,mucs2021,none,channel_g711_20db,596505_mSiZUO1cgwb8nNpA_0064,eval,0.9994211196899414
${DATA_ROOT}/clips/596505_mSiZUO1cgwb8nNpA_0065.wav,bonafide,hi-en,596505,mucs2021,none,channel_g711_20db,596505_mSiZUO1cgwb8nNpA_0065,eval,0.9994003772735596
${DATA_ROOT}/clips/596505_mSiZUO1cgwb8nNpA_0066.wav,bonafide,hi-en,596505,mucs2021,none,channel_g711_20db,596505_mSiZUO1cgwb8nNpA_0066,eval,0.9993220567703247
${DATA_ROOT}/clips/596505_mSiZUO1cgwb8nNpA_0067.wav,bonafide,hi-en,596505,mucs2021,none,channel_g711_20db,596505_mSiZUO1cgwb8nNpA_0067,eval,0.9988417029380798
${DATA_ROOT}/clips/596505_mSiZUO1cgwb8nNpA_0068.wav,bonafide,hi-en,596505,mucs2021,none,channel_g711_20db,596505_mSiZUO1cgwb8nNpA_0068,eval,0.9995884299278259
${DATA_ROOT}/clips/596505_mSiZUO1cgwb8nNpA_0069.wav,bonafide,hi-en,596505,mucs2021,none,channel_g711_20db,596505_mSiZUO1cgwb8nNpA_0069,eval,0.9995400905609131
${DATA_ROOT}/clips/596505_mSiZUO1cgwb8nNpA_0070.wav,bonafide,hi-en,596505,mucs2021,none,channel_g711_20db,596505_mSiZUO1cgwb8nNpA_0070,eval,0.9987176656723022
${DATA_ROOT}/clips/596505_mSiZUO1cgwb8nNpA_0071.wav,bonafide,hi-en,596505,mucs2021,none,channel_g711_20db,596505_mSiZUO1cgwb8nNpA_0071,eval,0.9992871880531311
${DATA_ROOT}/clips/596505_mSiZUO1cgwb8nNpA_0072.wav,bonafide,hi-en,596505,mucs2021,none,channel_g711_20db,596505_mSiZUO1cgwb8nNpA_0072,eval,0.9987474679946899
${DATA_ROOT}/clips/596505_mSiZUO1cgwb8nNpA_0073.wav,bonafide,hi-en,596505,mucs2021,none,channel_g711_20db,596505_mSiZUO1cgwb8nNpA_0073,eval,0.9992764592170715
${DATA_ROOT}/clips/596505_mSiZUO1cgwb8nNpA_0074.wav,bonafide,hi-en,596505,mucs2021,none,channel_g711_20db,596505_mSiZUO1cgwb8nNpA_0074,eval,0.999333918094635
${DATA_ROOT}/clips/596505_mSiZUO1cgwb8nNpA_0075.wav,bonafide,hi-en,596505,mucs2021,none,channel_g711_20db,596505_mSiZUO1cgwb8nNpA_0075,eval,0.999502420425415
${DATA_ROOT}/clips/596505_mSiZUO1cgwb8nNpA_0076.wav,bonafide,hi-en,596505,mucs2021,none,channel_g711_20db,596505_mSiZUO1cgwb8nNpA_0076,eval,0.999502420425415
${DATA_ROOT}/clips/596505_mSiZUO1cgwb8nNpA_0077.wav,bonafide,hi-en,596505,mucs2021,none,channel_g711_20db,596505_mSiZUO1cgwb8nNpA_0077,eval,0.9988227486610413
${DATA_ROOT}/clips/596505_mSiZUO1cgwb8nNpA_0078.wav,bonafide,hi-en,596505,mucs2021,none,channel_g711_20db,596505_mSiZUO1cgwb8nNpA_0078,eval,0.9993221759796143
${DATA_ROOT}/clips/596505_mSiZUO1cgwb8nNpA_0079.wav,bonafide,hi-en,596505,mucs2021,none,channel_g711_20db,596505_mSiZUO1cgwb8nNpA_0079,eval,0.9992542862892151
${DATA_ROOT}/clips/596505_mSiZUO1cgwb8nNpA_0080.wav,bonafide,hi-en,596505,mucs2021,none,channel_g711_20db,596505_mSiZUO1cgwb8nNpA_0080,eval,0.9990321397781372
${DATA_ROOT}/clips/596505_mSiZUO1cgwb8nNpA_0081.wav,bonafide,hi-en,596505,mucs2021,none,channel_g711_20db,596505_mSiZUO1cgwb8nNpA_0081,eval,0.9991245865821838
${DATA_ROOT}/clips/596505_mSiZUO1cgwb8nNpA_0082.wav,bonafide,hi-en,596505,mucs2021,none,channel_g711_20db,596505_mSiZUO1cgwb8nNpA_0082,eval,0.9949855804443359
${DATA_ROOT}/clips/596505_mSiZUO1cgwb8nNpA_0083.wav,bonafide,hi-en,596505,mucs2021,none,channel_g711_20db,596505_mSiZUO1cgwb8nNpA_0083,eval,0.9995660185813904
${DATA_ROOT}/clips/596505_mSiZUO1cgwb8nNpA_0084.wav,bonafide,hi-en,596505,mucs2021,none,channel_g711_20db,596505_mSiZUO1cgwb8nNpA_0084,eval,0.996885359287262
${DATA_ROOT}/clips/596505_mSiZUO1cgwb8nNpA_0085.wav,bonafide,hi-en,596505,mucs2021,none,channel_g711_20db,596505_mSiZUO1cgwb8nNpA_0085,eval,0.999198853969574
${DATA_ROOT}/clips/596505_mSiZUO1cgwb8nNpA_0086.wav,bonafide,hi-en,596505,mucs2021,none,channel_g711_20db,596505_mSiZUO1cgwb8nNpA_0086,eval,0.9987824559211731
${DATA_ROOT}/clips/596505_mSiZUO1cgwb8nNpA_0087.wav,bonafide,hi-en,596505,mucs2021,none,channel_g711_20db,596505_mSiZUO1cgwb8nNpA_0087,eval,0.9993829727172852
${DATA_ROOT}/clips/596505_mSiZUO1cgwb8nNpA_0088.wav,bonafide,hi-en,596505,mucs2021,none,channel_g711_20db,596505_mSiZUO1cgwb8nNpA_0088,eval,0.9991897940635681
${DATA_ROOT}/clips/596505_mSiZUO1cgwb8nNpA_0089.wav,bonafide,hi-en,596505,mucs2021,none,channel_g711_20db,596505_mSiZUO1cgwb8nNpA_0089,eval,0.9995555281639099
${DATA_ROOT}/clips/596505_mSiZUO1cgwb8nNpA_0090.wav,bonafide,hi-en,596505,mucs2021,none,channel_g711_20db,596505_mSiZUO1cgwb8nNpA_0090,eval,0.9989908337593079
${DATA_ROOT}/clips/596505_mSiZUO1cgwb8nNpA_0091.wav,bonafide,hi-en,596505,mucs2021,none,channel_g711_20db,596505_mSiZUO1cgwb8nNpA_0091,eval,0.9993574023246765
${DATA_ROOT}/clips/596505_mSiZUO1cgwb8nNpA_0092.wav,bonafide,hi-en,596505,mucs2021,none,channel_g711_20db,596505_mSiZUO1cgwb8nNpA_0092,eval,0.9992551207542419
${DATA_ROOT}/clips/596505_mSiZUO1cgwb8nNpA_0093.wav,bonafide,hi-en,596505,mucs2021,none,channel_g711_20db,596505_mSiZUO1cgwb8nNpA_0093,eval,0.9989936947822571
${DATA_ROOT}/clips/596505_mSiZUO1cgwb8nNpA_0094.wav,bonafide,hi-en,596505,mucs2021,none,channel_g711_20db,596505_mSiZUO1cgwb8nNpA_0094,eval,0.999677300453186
${DATA_ROOT}/clips/596505_mSiZUO1cgwb8nNpA_0095.wav,bonafide,hi-en,596505,mucs2021,none,channel_g711_20db,596505_mSiZUO1cgwb8nNpA_0095,eval,0.9993144273757935
${DATA_ROOT}/clips/596505_mSiZUO1cgwb8nNpA_0096.wav,bonafide,hi-en,596505,mucs2021,none,channel_g711_20db,596505_mSiZUO1cgwb8nNpA_0096,eval,0.9993985891342163
${DATA_ROOT}/clips/596505_mSiZUO1cgwb8nNpA_0097.wav,bonafide,hi-en,596505,mucs2021,none,channel_g711_20db,596505_mSiZUO1cgwb8nNpA_0097,eval,0.9991276860237122
${DATA_ROOT}/clips/596505_mSiZUO1cgwb8nNpA_0098.wav,bonafide,hi-en,596505,mucs2021,none,channel_g711_20db,596505_mSiZUO1cgwb8nNpA_0098,eval,0.9988623857498169
${DATA_ROOT}/clips/596505_mSiZUO1cgwb8nNpA_0099.wav,bonafide,hi-en,596505,mucs2021,none,channel_g711_20db,596505_mSiZUO1cgwb8nNpA_0099,eval,0.9991227984428406
${DATA_ROOT}/clips/596505_mSiZUO1cgwb8nNpA_0100.wav,bonafide,hi-en,596505,mucs2021,none,channel_g711_20db,596505_mSiZUO1cgwb8nNpA_0100,eval,0.9967855215072632
${DATA_ROOT}/clips/596505_mSiZUO1cgwb8nNpA_0101.wav,bonafide,hi-en,596505,mucs2021,none,channel_g711_20db,596505_mSiZUO1cgwb8nNpA_0101,eval,0.9984412789344788
${DATA_ROOT}/clips/596505_mSiZUO1cgwb8nNpA_0102.wav,bonafide,hi-en,596505,mucs2021,none,channel_g711_20db,596505_mSiZUO1cgwb8nNpA_0102,eval,0.9965492486953735
${DATA_ROOT}/clips/596505_mSiZUO1cgwb8nNpA_0103.wav,bonafide,hi-en,596505,mucs2021,none,channel_g711_20db,596505_mSiZUO1cgwb8nNpA_0103,eval,0.9993751645088196
${DATA_ROOT}/clips/596505_mSiZUO1cgwb8nNpA_0104.wav,bonafide,hi-en,596505,mucs2021,none,channel_g711_20db,596505_mSiZUO1cgwb8nNpA_0104,eval,0.9993833303451538
${DATA_ROOT}/clips/596505_mSiZUO1cgwb8nNpA_0105.wav,bonafide,hi-en,596505,mucs2021,none,channel_g711_20db,596505_mSiZUO1cgwb8nNpA_0105,eval,0.9984555244445801
${DATA_ROOT}/clips/596505_mSiZUO1cgwb8nNpA_0106.wav,bonafide,hi-en,596505,mucs2021,none,channel_g711_20db,596505_mSiZUO1cgwb8nNpA_0106,eval,0.9995187520980835
${DATA_ROOT}/clips/596505_mSiZUO1cgwb8nNpA_0107.wav,bonafide,hi-en,596505,mucs2021,none,channel_g711_20db,596505_mSiZUO1cgwb8nNpA_0107,eval,0.9994090795516968
${DATA_ROOT}/clips/596505_mSiZUO1cgwb8nNpA_0108.wav,bonafide,hi-en,596505,mucs2021,none,channel_g711_20db,596505_mSiZUO1cgwb8nNpA_0108,eval,0.9988357424736023
${DATA_ROOT}/clips/596505_mSiZUO1cgwb8nNpA_0109.wav,bonafide,hi-en,596505,mucs2021,none,channel_g711_20db,596505_mSiZUO1cgwb8nNpA_0109,eval,0.9994377493858337
${DATA_ROOT}/clips/596505_mSiZUO1cgwb8nNpA_0110.wav,bonafide,hi-en,596505,mucs2021,none,channel_g711_20db,596505_mSiZUO1cgwb8nNpA_0110,eval,0.9992721676826477
${DATA_ROOT}/clips/596505_mSiZUO1cgwb8nNpA_0111.wav,bonafide,hi-en,596505,mucs2021,none,channel_g711_20db,596505_mSiZUO1cgwb8nNpA_0111,eval,0.9992073178291321
${DATA_ROOT}/clips/596505_mSiZUO1cgwb8nNpA_0112.wav,bonafide,hi-en,596505,mucs2021,none,channel_g711_20db,596505_mSiZUO1cgwb8nNpA_0112,eval,0.9991312623023987
${DATA_ROOT}/clips/596505_mSiZUO1cgwb8nNpA_0113.wav,bonafide,hi-en,596505,mucs2021,none,channel_g711_20db,596505_mSiZUO1cgwb8nNpA_0113,eval,0.9993009567260742
${DATA_ROOT}/clips/596505_mSiZUO1cgwb8nNpA_0114.wav,bonafide,hi-en,596505,mucs2021,none,channel_g711_20db,596505_mSiZUO1cgwb8nNpA_0114,eval,0.9994413256645203
${DATA_ROOT}/clips/596505_mSiZUO1cgwb8nNpA_0115.wav,bonafide,hi-en,596505,mucs2021,none,channel_g711_20db,596505_mSiZUO1cgwb8nNpA_0115,eval,0.997028648853302
${DATA_ROOT}/clips/596505_mSiZUO1cgwb8nNpA_0116.wav,bonafide,hi-en,596505,mucs2021,none,channel_g711_20db,596505_mSiZUO1cgwb8nNpA_0116,eval,0.9996320009231567
${DATA_ROOT}/clips/596505_mSiZUO1cgwb8nNpA_0117.wav,bonafide,hi-en,596505,mucs2021,none,channel_g711_20db,596505_mSiZUO1cgwb8nNpA_0117,eval,0.9996825456619263
${DATA_ROOT}/clips/596505_mSiZUO1cgwb8nNpA_0118.wav,bonafide,hi-en,596505,mucs2021,none,channel_g711_20db,596505_mSiZUO1cgwb8nNpA_0118,eval,0.9991605281829834
${DATA_ROOT}/clips/596505_mSiZUO1cgwb8nNpA_0119.wav,bonafide,hi-en,596505,mucs2021,none,channel_g711_20db,596505_mSiZUO1cgwb8nNpA_0119,eval,0.9994833469390869
${DATA_ROOT}/clips/596505_mSiZUO1cgwb8nNpA_0120.wav,bonafide,hi-en,596505,mucs2021,none,channel_g711_20db,596505_mSiZUO1cgwb8nNpA_0120,eval,0.999504566192627
${DATA_ROOT}/clips/596505_mSiZUO1cgwb8nNpA_0121.wav,bonafide,hi-en,596505,mucs2021,none,channel_g711_20db,596505_mSiZUO1cgwb8nNpA_0121,eval,0.9988935589790344
${DATA_ROOT}/clips/596505_mSiZUO1cgwb8nNpA_0122.wav,bonafide,hi-en,596505,mucs2021,none,channel_g711_20db,596505_mSiZUO1cgwb8nNpA_0122,eval,0.9993908405303955
${DATA_ROOT}/clips/596505_mSiZUO1cgwb8nNpA_0123.wav,bonafide,hi-en,596505,mucs2021,none,channel_g711_20db,596505_mSiZUO1cgwb8nNpA_0123,eval,0.9994410872459412
${DATA_ROOT}/clips/596505_mSiZUO1cgwb8nNpA_0124.wav,bonafide,hi-en,596505,mucs2021,none,channel_g711_20db,596505_mSiZUO1cgwb8nNpA_0124,eval,0.9988777041435242
${DATA_ROOT}/clips/596505_mSiZUO1cgwb8nNpA_0125.wav,bonafide,hi-en,596505,mucs2021,none,channel_g711_20db,596505_mSiZUO1cgwb8nNpA_0125,eval,0.9995871186256409
${DATA_ROOT}/clips/596505_mSiZUO1cgwb8nNpA_0126.wav,bonafide,hi-en,596505,mucs2021,none,channel_g711_20db,596505_mSiZUO1cgwb8nNpA_0126,eval,0.9992019534111023
${DATA_ROOT}/clips/596505_mSiZUO1cgwb8nNpA_0127.wav,bonafide,hi-en,596505,mucs2021,none,channel_g711_20db,596505_mSiZUO1cgwb8nNpA_0127,eval,0.9991986155509949
${DATA_ROOT}/clips/596505_mSiZUO1cgwb8nNpA_0128.wav,bonafide,hi-en,596505,mucs2021,none,channel_g711_20db,596505_mSiZUO1cgwb8nNpA_0128,eval,0.9994117021560669
${DATA_ROOT}/clips/596505_mSiZUO1cgwb8nNpA_0129.wav,bonafide,hi-en,596505,mucs2021,none,channel_g711_20db,596505_mSiZUO1cgwb8nNpA_0129,eval,0.9990392923355103
${DATA_ROOT}/clips/596505_mSiZUO1cgwb8nNpA_0130.wav,bonafide,hi-en,596505,mucs2021,none,channel_g711_20db,596505_mSiZUO1cgwb8nNpA_0130,eval,0.9990957975387573
${DATA_ROOT}/clips/596505_mSiZUO1cgwb8nNpA_0131.wav,bonafide,hi-en,596505,mucs2021,none,channel_g711_20db,596505_mSiZUO1cgwb8nNpA_0131,eval,0.9995731711387634
${DATA_ROOT}/clips/596505_mSiZUO1cgwb8nNpA_0132.wav,bonafide,hi-en,596505,mucs2021,none,channel_g711_20db,596505_mSiZUO1cgwb8nNpA_0132,eval,0.999394416809082
${DATA_ROOT}/clips/596505_mSiZUO1cgwb8nNpA_0133.wav,bonafide,hi-en,596505,mucs2021,none,channel_g711_20db,596505_mSiZUO1cgwb8nNpA_0133,eval,0.9992805123329163
${DATA_ROOT}/clips/596505_mSiZUO1cgwb8nNpA_0134.wav,bonafide,hi-en,596505,mucs2021,none,channel_g711_20db,596505_mSiZUO1cgwb8nNpA_0134,eval,0.999201238155365
${DATA_ROOT}/clips/596505_mSiZUO1cgwb8nNpA_0135.wav,bonafide,hi-en,596505,mucs2021,none,channel_g711_20db,596505_mSiZUO1cgwb8nNpA_0135,eval,0.9985954165458679
${DATA_ROOT}/clips/596505_mSiZUO1cgwb8nNpA_0136.wav,bonafide,hi-en,596505,mucs2021,none,channel_g711_20db,596505_mSiZUO1cgwb8nNpA_0136,eval,0.9996650218963623
${DATA_ROOT}/clips/596505_mSiZUO1cgwb8nNpA_0137.wav,bonafide,hi-en,596505,mucs2021,none,channel_g711_20db,596505_mSiZUO1cgwb8nNpA_0137,eval,0.9992232322692871
${DATA_ROOT}/clips/596505_mSiZUO1cgwb8nNpA_0138.wav,bonafide,hi-en,596505,mucs2021,none,channel_g711_20db,596505_mSiZUO1cgwb8nNpA_0138,eval,0.9982748031616211
${DATA_ROOT}/clips/596505_mSiZUO1cgwb8nNpA_0139.wav,bonafide,hi-en,596505,mucs2021,none,channel_g711_20db,596505_mSiZUO1cgwb8nNpA_0139,eval,0.9981542229652405
${DATA_ROOT}/clips/596505_mSiZUO1cgwb8nNpA_0140.wav,bonafide,hi-en,596505,mucs2021,none,channel_g711_20db,596505_mSiZUO1cgwb8nNpA_0140,eval,0.9992477893829346
${DATA_ROOT}/clips/596505_mSiZUO1cgwb8nNpA_0141.wav,bonafide,hi-en,596505,mucs2021,none,channel_g711_20db,596505_mSiZUO1cgwb8nNpA_0141,eval,0.9990625977516174
${DATA_ROOT}/clips/596505_mSiZUO1cgwb8nNpA_0142.wav,bonafide,hi-en,596505,mucs2021,none,channel_g711_20db,596505_mSiZUO1cgwb8nNpA_0142,eval,0.9993125200271606
${DATA_ROOT}/clips/596505_mSiZUO1cgwb8nNpA_0143.wav,bonafide,hi-en,596505,mucs2021,none,channel_g711_20db,596505_mSiZUO1cgwb8nNpA_0143,eval,0.9989577531814575
${DATA_ROOT}/clips/596505_mSiZUO1cgwb8nNpA_0144.wav,bonafide,hi-en,596505,mucs2021,none,channel_g711_20db,596505_mSiZUO1cgwb8nNpA_0144,eval,0.9992539286613464
${DATA_ROOT}/clips/596505_mSiZUO1cgwb8nNpA_0145.wav,bonafide,hi-en,596505,mucs2021,none,channel_g711_20db,596505_mSiZUO1cgwb8nNpA_0145,eval,0.9994601607322693
${DATA_ROOT}/clips/596505_mSiZUO1cgwb8nNpA_0146.wav,bonafide,hi-en,596505,mucs2021,none,channel_g711_20db,596505_mSiZUO1cgwb8nNpA_0146,eval,0.9987220168113708
${DATA_ROOT}/clips/596505_mSiZUO1cgwb8nNpA_0147.wav,bonafide,hi-en,596505,mucs2021,none,channel_g711_20db,596505_mSiZUO1cgwb8nNpA_0147,eval,0.9988769888877869
${DATA_ROOT}/clips/596505_mSiZUO1cgwb8nNpA_0148.wav,bonafide,hi-en,596505,mucs2021,none,channel_g711_20db,596505_mSiZUO1cgwb8nNpA_0148,eval,0.9993870258331299
${DATA_ROOT}/clips/596505_mSiZUO1cgwb8nNpA_0149.wav,bonafide,hi-en,596505,mucs2021,none,channel_g711_20db,596505_mSiZUO1cgwb8nNpA_0149,eval,0.9991832375526428
${DATA_ROOT}/clips/596505_mSiZUO1cgwb8nNpA_0150.wav,bonafide,hi-en,596505,mucs2021,none,channel_g711_20db,596505_mSiZUO1cgwb8nNpA_0150,eval,0.9995042085647583
${DATA_ROOT}/clips/596505_mSiZUO1cgwb8nNpA_0151.wav,bonafide,hi-en,596505,mucs2021,none,channel_g711_20db,596505_mSiZUO1cgwb8nNpA_0151,eval,0.9990992546081543
${DATA_ROOT}/clips/596505_mSiZUO1cgwb8nNpA_0152.wav,bonafide,hi-en,596505,mucs2021,none,channel_g711_20db,596505_mSiZUO1cgwb8nNpA_0152,eval,0.9992163181304932
${DATA_ROOT}/clips/596505_mSiZUO1cgwb8nNpA_0153.wav,bonafide,hi-en,596505,mucs2021,none,channel_g711_20db,596505_mSiZUO1cgwb8nNpA_0153,eval,0.9992579817771912
${DATA_ROOT}/clips/596505_mSiZUO1cgwb8nNpA_0154.wav,bonafide,hi-en,596505,mucs2021,none,channel_g711_20db,596505_mSiZUO1cgwb8nNpA_0154,eval,0.9995012283325195
${DATA_ROOT}/clips/596505_mSiZUO1cgwb8nNpA_0155.wav,bonafide,hi-en,596505,mucs2021,none,channel_g711_20db,596505_mSiZUO1cgwb8nNpA_0155,eval,0.9967658519744873
${DATA_ROOT}/clips/596505_mSiZUO1cgwb8nNpA_0156.wav,bonafide,hi-en,596505,mucs2021,none,channel_g711_20db,596505_mSiZUO1cgwb8nNpA_0156,eval,0.9994003772735596
${DATA_ROOT}/clips/596505_mSiZUO1cgwb8nNpA_0157.wav,bonafide,hi-en,596505,mucs2021,none,channel_g711_20db,596505_mSiZUO1cgwb8nNpA_0157,eval,0.9994863271713257
${DATA_ROOT}/clips/596505_mSiZUO1cgwb8nNpA_0158.wav,bonafide,hi-en,596505,mucs2021,none,channel_g711_20db,596505_mSiZUO1cgwb8nNpA_0158,eval,0.9992108345031738
${DATA_ROOT}/clips/596505_mSiZUO1cgwb8nNpA_0159.wav,bonafide,hi-en,596505,mucs2021,none,channel_g711_20db,596505_mSiZUO1cgwb8nNpA_0159,eval,0.9985615611076355
${DATA_ROOT}/clips/596505_mSiZUO1cgwb8nNpA_0160.wav,bonafide,hi-en,596505,mucs2021,none,channel_g711_20db,596505_mSiZUO1cgwb8nNpA_0160,eval,0.9993570446968079
${DATA_ROOT}/clips/596505_mSiZUO1cgwb8nNpA_0161.wav,bonafide,hi-en,596505,mucs2021,none,channel_g711_20db,596505_mSiZUO1cgwb8nNpA_0161,eval,0.9993425011634827
${DATA_ROOT}/clips/596505_mSiZUO1cgwb8nNpA_0162.wav,bonafide,hi-en,596505,mucs2021,none,channel_g711_20db,596505_mSiZUO1cgwb8nNpA_0162,eval,0.9994634985923767
${DATA_ROOT}/clips/596505_mSiZUO1cgwb8nNpA_0163.wav,bonafide,hi-en,596505,mucs2021,none,channel_g711_20db,596505_mSiZUO1cgwb8nNpA_0163,eval,0.9993674159049988
${DATA_ROOT}/clips/596505_mSiZUO1cgwb8nNpA_0164.wav,bonafide,hi-en,596505,mucs2021,none,channel_g711_20db,596505_mSiZUO1cgwb8nNpA_0164,eval,0.9989797472953796
${DATA_ROOT}/clips/596505_mSiZUO1cgwb8nNpA_0165.wav,bonafide,hi-en,596505,mucs2021,none,channel_g711_20db,596505_mSiZUO1cgwb8nNpA_0165,eval,0.9990907907485962
${DATA_ROOT}/clips/596505_mSiZUO1cgwb8nNpA_0166.wav,bonafide,hi-en,596505,mucs2021,none,channel_g711_20db,596505_mSiZUO1cgwb8nNpA_0166,eval,0.9991061091423035
${DATA_ROOT}/clips/596505_mSiZUO1cgwb8nNpA_0167.wav,bonafide,hi-en,596505,mucs2021,none,channel_g711_20db,596505_mSiZUO1cgwb8nNpA_0167,eval,0.999455988407135
${DATA_ROOT}/clips/596505_mSiZUO1cgwb8nNpA_0168.wav,bonafide,hi-en,596505,mucs2021,none,channel_g711_20db,596505_mSiZUO1cgwb8nNpA_0168,eval,0.9987517595291138
${DATA_ROOT}/clips/596505_mSiZUO1cgwb8nNpA_0169.wav,bonafide,hi-en,596505,mucs2021,none,channel_g711_20db,596505_mSiZUO1cgwb8nNpA_0169,eval,0.9994032382965088
${DATA_ROOT}/clips/596505_mSiZUO1cgwb8nNpA_0170.wav,bonafide,hi-en,596505,mucs2021,none,channel_g711_20db,596505_mSiZUO1cgwb8nNpA_0170,eval,0.9994468092918396
${DATA_ROOT}/clips/596505_mSiZUO1cgwb8nNpA_0171.wav,bonafide,hi-en,596505,mucs2021,none,channel_g711_20db,596505_mSiZUO1cgwb8nNpA_0171,eval,0.9994964599609375
${DATA_ROOT}/clips/596505_mSiZUO1cgwb8nNpA_0172.wav,bonafide,hi-en,596505,mucs2021,none,channel_g711_20db,596505_mSiZUO1cgwb8nNpA_0172,eval,0.9996274709701538
${DATA_ROOT}/clips/596505_mSiZUO1cgwb8nNpA_0173.wav,bonafide,hi-en,596505,mucs2021,none,channel_g711_20db,596505_mSiZUO1cgwb8nNpA_0173,eval,0.9984960556030273
${DATA_ROOT}/clips/596505_mSiZUO1cgwb8nNpA_0174.wav,bonafide,hi-en,596505,mucs2021,none,channel_g711_20db,596505_mSiZUO1cgwb8nNpA_0174,eval,0.9992606043815613
${DATA_ROOT}/clips/596505_mSiZUO1cgwb8nNpA_0175.wav,bonafide,hi-en,596505,mucs2021,none,channel_g711_20db,596505_mSiZUO1cgwb8nNpA_0175,eval,0.9992204904556274
${DATA_ROOT}/clips/596505_mSiZUO1cgwb8nNpA_0176.wav,bonafide,hi-en,596505,mucs2021,none,channel_g711_20db,596505_mSiZUO1cgwb8nNpA_0176,eval,0.9992641806602478
${DATA_ROOT}/clips/596505_mSiZUO1cgwb8nNpA_0177.wav,bonafide,hi-en,596505,mucs2021,none,channel_g711_20db,596505_mSiZUO1cgwb8nNpA_0177,eval,0.9992861151695251
${DATA_ROOT}/clips/596505_mSiZUO1cgwb8nNpA_0178.wav,bonafide,hi-en,596505,mucs2021,none,channel_g711_20db,596505_mSiZUO1cgwb8nNpA_0178,eval,0.9991310238838196
${DATA_ROOT}/clips/596505_mSiZUO1cgwb8nNpA_0179.wav,bonafide,hi-en,596505,mucs2021,none,channel_g711_20db,596505_mSiZUO1cgwb8nNpA_0179,eval,0.9986822009086609
${DATA_ROOT}/clips/596505_mSiZUO1cgwb8nNpA_0180.wav,bonafide,hi-en,596505,mucs2021,none,channel_g711_20db,596505_mSiZUO1cgwb8nNpA_0180,eval,0.9992916584014893
${DATA_ROOT}/clips/596505_mSiZUO1cgwb8nNpA_0181.wav,bonafide,hi-en,596505,mucs2021,none,channel_g711_20db,596505_mSiZUO1cgwb8nNpA_0181,eval,0.9823383688926697
${DATA_ROOT}/clips/945728_DBI6HIgiBL3G9iFP_0000.wav,bonafide,hi-en,945728,mucs2021,none,channel_g711_20db,945728_DBI6HIgiBL3G9iFP_0000,eval,0.999602735042572
${DATA_ROOT}/clips/945728_DBI6HIgiBL3G9iFP_0001.wav,bonafide,hi-en,945728,mucs2021,none,channel_g711_20db,945728_DBI6HIgiBL3G9iFP_0001,eval,0.9972680807113647
${DATA_ROOT}/clips/945728_DBI6HIgiBL3G9iFP_0002.wav,bonafide,hi-en,945728,mucs2021,none,channel_g711_20db,945728_DBI6HIgiBL3G9iFP_0002,eval,0.9994196891784668
${DATA_ROOT}/clips/945728_DBI6HIgiBL3G9iFP_0003.wav,bonafide,hi-en,945728,mucs2021,none,channel_g711_20db,945728_DBI6HIgiBL3G9iFP_0003,eval,0.9993656277656555
${DATA_ROOT}/clips/945728_DBI6HIgiBL3G9iFP_0004.wav,bonafide,hi-en,945728,mucs2021,none,channel_g711_20db,945728_DBI6HIgiBL3G9iFP_0004,eval,0.9986093044281006
${DATA_ROOT}/clips/945728_DBI6HIgiBL3G9iFP_0005.wav,bonafide,hi-en,945728,mucs2021,none,channel_g711_20db,945728_DBI6HIgiBL3G9iFP_0005,eval,0.9973472356796265
${DATA_ROOT}/clips/945728_DBI6HIgiBL3G9iFP_0006.wav,bonafide,hi-en,945728,mucs2021,none,channel_g711_20db,945728_DBI6HIgiBL3G9iFP_0006,eval,0.9993191957473755
${DATA_ROOT}/clips/945728_DBI6HIgiBL3G9iFP_0007.wav,bonafide,hi-en,945728,mucs2021,none,channel_g711_20db,945728_DBI6HIgiBL3G9iFP_0007,eval,0.9992135763168335
${DATA_ROOT}/clips/945728_DBI6HIgiBL3G9iFP_0008.wav,bonafide,hi-en,945728,mucs2021,none,channel_g711_20db,945728_DBI6HIgiBL3G9iFP_0008,eval,0.9986220598220825
${DATA_ROOT}/clips/945728_DBI6HIgiBL3G9iFP_0009.wav,bonafide,hi-en,945728,mucs2021,none,channel_g711_20db,945728_DBI6HIgiBL3G9iFP_0009,eval,0.9993411898612976
${DATA_ROOT}/clips/945728_DBI6HIgiBL3G9iFP_0010.wav,bonafide,hi-en,945728,mucs2021,none,channel_g711_20db,945728_DBI6HIgiBL3G9iFP_0010,eval,0.9950993657112122
${DATA_ROOT}/clips/945728_DBI6HIgiBL3G9iFP_0011.wav,bonafide,hi-en,945728,mucs2021,none,channel_g711_20db,945728_DBI6HIgiBL3G9iFP_0011,eval,0.9992313385009766
${DATA_ROOT}/clips/945728_DBI6HIgiBL3G9iFP_0012.wav,bonafide,hi-en,945728,mucs2021,none,channel_g711_20db,945728_DBI6HIgiBL3G9iFP_0012,eval,0.997306227684021
${DATA_ROOT}/clips/945728_DBI6HIgiBL3G9iFP_0013.wav,bonafide,hi-en,945728,mucs2021,none,channel_g711_20db,945728_DBI6HIgiBL3G9iFP_0013,eval,0.9910455346107483
${DATA_ROOT}/clips/945728_DBI6HIgiBL3G9iFP_0014.wav,bonafide,hi-en,945728,mucs2021,none,channel_g711_20db,945728_DBI6HIgiBL3G9iFP_0014,eval,0.9987329840660095
${DATA_ROOT}/clips/945728_DBI6HIgiBL3G9iFP_0015.wav,bonafide,hi-en,945728,mucs2021,none,channel_g711_20db,945728_DBI6HIgiBL3G9iFP_0015,eval,0.9975934624671936
${DATA_ROOT}/clips/945728_DBI6HIgiBL3G9iFP_0016.wav,bonafide,hi-en,945728,mucs2021,none,channel_g711_20db,945728_DBI6HIgiBL3G9iFP_0016,eval,0.9993730187416077
${DATA_ROOT}/clips/945728_DBI6HIgiBL3G9iFP_0017.wav,bonafide,hi-en,945728,mucs2021,none,channel_g711_20db,945728_DBI6HIgiBL3G9iFP_0017,eval,0.9985232949256897
${DATA_ROOT}/clips/945728_DBI6HIgiBL3G9iFP_0018.wav,bonafide,hi-en,945728,mucs2021,none,channel_g711_20db,945728_DBI6HIgiBL3G9iFP_0018,eval,0.9985966086387634
${DATA_ROOT}/clips/945728_DBI6HIgiBL3G9iFP_0019.wav,bonafide,hi-en,945728,mucs2021,none,channel_g711_20db,945728_DBI6HIgiBL3G9iFP_0019,eval,0.9992644190788269
${DATA_ROOT}/clips/945728_DBI6HIgiBL3G9iFP_0020.wav,bonafide,hi-en,945728,mucs2021,none,channel_g711_20db,945728_DBI6HIgiBL3G9iFP_0020,eval,0.9973500967025757
${DATA_ROOT}/clips/945728_DBI6HIgiBL3G9iFP_0021.wav,bonafide,hi-en,945728,mucs2021,none,channel_g711_20db,945728_DBI6HIgiBL3G9iFP_0021,eval,0.9971548318862915
${DATA_ROOT}/clips/945728_DBI6HIgiBL3G9iFP_0022.wav,bonafide,hi-en,945728,mucs2021,none,channel_g711_20db,945728_DBI6HIgiBL3G9iFP_0022,eval,0.9985511898994446
${DATA_ROOT}/clips/945728_DBI6HIgiBL3G9iFP_0023.wav,bonafide,hi-en,945728,mucs2021,none,channel_g711_20db,945728_DBI6HIgiBL3G9iFP_0023,eval,0.9960036873817444
${DATA_ROOT}/clips/945728_DBI6HIgiBL3G9iFP_0024.wav,bonafide,hi-en,945728,mucs2021,none,channel_g711_20db,945728_DBI6HIgiBL3G9iFP_0024,eval,0.9983788728713989
${DATA_ROOT}/clips/945728_DBI6HIgiBL3G9iFP_0025.wav,bonafide,hi-en,945728,mucs2021,none,channel_g711_20db,945728_DBI6HIgiBL3G9iFP_0025,eval,0.9994074106216431
${DATA_ROOT}/clips/945728_DBI6HIgiBL3G9iFP_0026.wav,bonafide,hi-en,945728,mucs2021,none,channel_g711_20db,945728_DBI6HIgiBL3G9iFP_0026,eval,0.9919219017028809
${DATA_ROOT}/clips/945728_DBI6HIgiBL3G9iFP_0027.wav,bonafide,hi-en,945728,mucs2021,none,channel_g711_20db,945728_DBI6HIgiBL3G9iFP_0027,eval,0.9992380142211914
${DATA_ROOT}/clips/945728_DBI6HIgiBL3G9iFP_0028.wav,bonafide,hi-en,945728,mucs2021,none,channel_g711_20db,945728_DBI6HIgiBL3G9iFP_0028,eval,0.998908519744873
${DATA_ROOT}/clips/945728_DBI6HIgiBL3G9iFP_0029.wav,bonafide,hi-en,945728,mucs2021,none,channel_g711_20db,945728_DBI6HIgiBL3G9iFP_0029,eval,0.9989687204360962
${DATA_ROOT}/clips/945728_DBI6HIgiBL3G9iFP_0030.wav,bonafide,hi-en,945728,mucs2021,none,channel_g711_20db,945728_DBI6HIgiBL3G9iFP_0030,eval,0.9980428218841553
${DATA_ROOT}/clips/945728_DBI6HIgiBL3G9iFP_0031.wav,bonafide,hi-en,945728,mucs2021,none,channel_g711_20db,945728_DBI6HIgiBL3G9iFP_0031,eval,0.9996697902679443
${DATA_ROOT}/clips/945728_DBI6HIgiBL3G9iFP_0032.wav,bonafide,hi-en,945728,mucs2021,none,channel_g711_20db,945728_DBI6HIgiBL3G9iFP_0032,eval,0.998770534992218
${DATA_ROOT}/clips/945728_DBI6HIgiBL3G9iFP_0033.wav,bonafide,hi-en,945728,mucs2021,none,channel_g711_20db,945728_DBI6HIgiBL3G9iFP_0033,eval,0.9979981780052185
${DATA_ROOT}/clips/945728_DBI6HIgiBL3G9iFP_0034.wav,bonafide,hi-en,945728,mucs2021,none,channel_g711_20db,945728_DBI6HIgiBL3G9iFP_0034,eval,0.9993287324905396
${DATA_ROOT}/clips/945728_DBI6HIgiBL3G9iFP_0035.wav,bonafide,hi-en,945728,mucs2021,none,channel_g711_20db,945728_DBI6HIgiBL3G9iFP_0035,eval,0.9941376447677612
${DATA_ROOT}/clips/945728_DBI6HIgiBL3G9iFP_0036.wav,bonafide,hi-en,945728,mucs2021,none,channel_g711_20db,945728_DBI6HIgiBL3G9iFP_0036,eval,0.9992703795433044
${DATA_ROOT}/clips/945728_DBI6HIgiBL3G9iFP_0037.wav,bonafide,hi-en,945728,mucs2021,none,channel_g711_20db,945728_DBI6HIgiBL3G9iFP_0037,eval,0.9989238381385803
${DATA_ROOT}/clips/945728_DBI6HIgiBL3G9iFP_0038.wav,bonafide,hi-en,945728,mucs2021,none,channel_g711_20db,945728_DBI6HIgiBL3G9iFP_0038,eval,0.999239444732666
${DATA_ROOT}/clips/945728_DBI6HIgiBL3G9iFP_0039.wav,bonafide,hi-en,945728,mucs2021,none,channel_g711_20db,945728_DBI6HIgiBL3G9iFP_0039,eval,0.9992437362670898
${DATA_ROOT}/clips/945728_DBI6HIgiBL3G9iFP_0040.wav,bonafide,hi-en,945728,mucs2021,none,channel_g711_20db,945728_DBI6HIgiBL3G9iFP_0040,eval,0.9966248273849487
${DATA_ROOT}/clips/945728_DBI6HIgiBL3G9iFP_0041.wav,bonafide,hi-en,945728,mucs2021,none,channel_g711_20db,945728_DBI6HIgiBL3G9iFP_0041,eval,0.9990503191947937
${DATA_ROOT}/clips/945728_DBI6HIgiBL3G9iFP_0042.wav,bonafide,hi-en,945728,mucs2021,none,channel_g711_20db,945728_DBI6HIgiBL3G9iFP_0042,eval,0.9990320205688477
${DATA_ROOT}/clips/945728_DBI6HIgiBL3G9iFP_0043.wav,bonafide,hi-en,945728,mucs2021,none,channel_g711_20db,945728_DBI6HIgiBL3G9iFP_0043,eval,0.9989462494850159
${DATA_ROOT}/clips/945728_DBI6HIgiBL3G9iFP_0044.wav,bonafide,hi-en,945728,mucs2021,none,channel_g711_20db,945728_DBI6HIgiBL3G9iFP_0044,eval,0.9994283318519592
${DATA_ROOT}/clips/945728_DBI6HIgiBL3G9iFP_0045.wav,bonafide,hi-en,945728,mucs2021,none,channel_g711_20db,945728_DBI6HIgiBL3G9iFP_0045,eval,0.9990715980529785
${DATA_ROOT}/clips/945728_DBI6HIgiBL3G9iFP_0046.wav,bonafide,hi-en,945728,mucs2021,none,channel_g711_20db,945728_DBI6HIgiBL3G9iFP_0046,eval,0.9995280504226685
${DATA_ROOT}/clips/945728_DBI6HIgiBL3G9iFP_0047.wav,bonafide,hi-en,945728,mucs2021,none,channel_g711_20db,945728_DBI6HIgiBL3G9iFP_0047,eval,0.9991449117660522
${DATA_ROOT}/clips/945728_DBI6HIgiBL3G9iFP_0048.wav,bonafide,hi-en,945728,mucs2021,none,channel_g711_20db,945728_DBI6HIgiBL3G9iFP_0048,eval,0.9970154762268066
${DATA_ROOT}/clips/945728_DBI6HIgiBL3G9iFP_0049.wav,bonafide,hi-en,945728,mucs2021,none,channel_g711_20db,945728_DBI6HIgiBL3G9iFP_0049,eval,0.9960172772407532
${DATA_ROOT}/clips/945728_DBI6HIgiBL3G9iFP_0050.wav,bonafide,hi-en,945728,mucs2021,none,channel_g711_20db,945728_DBI6HIgiBL3G9iFP_0050,eval,0.9994631409645081
${DATA_ROOT}/clips/945728_DBI6HIgiBL3G9iFP_0051.wav,bonafide,hi-en,945728,mucs2021,none,channel_g711_20db,945728_DBI6HIgiBL3G9iFP_0051,eval,0.9680706262588501
${DATA_ROOT}/clips/945728_DBI6HIgiBL3G9iFP_0052.wav,bonafide,hi-en,945728,mucs2021,none,channel_g711_20db,945728_DBI6HIgiBL3G9iFP_0052,eval,0.9991068243980408
${DATA_ROOT}/clips/945728_DBI6HIgiBL3G9iFP_0053.wav,bonafide,hi-en,945728,mucs2021,none,channel_g711_20db,945728_DBI6HIgiBL3G9iFP_0053,eval,0.9978379607200623
${DATA_ROOT}/clips/945728_DBI6HIgiBL3G9iFP_0054.wav,bonafide,hi-en,945728,mucs2021,none,channel_g711_20db,945728_DBI6HIgiBL3G9iFP_0054,eval,0.9992761015892029
${DATA_ROOT}/clips/945728_DBI6HIgiBL3G9iFP_0055.wav,bonafide,hi-en,945728,mucs2021,none,channel_g711_20db,945728_DBI6HIgiBL3G9iFP_0055,eval,0.9991015195846558
${DATA_ROOT}/clips/945728_DBI6HIgiBL3G9iFP_0056.wav,bonafide,hi-en,945728,mucs2021,none,channel_g711_20db,945728_DBI6HIgiBL3G9iFP_0056,eval,0.9994863271713257
${DATA_ROOT}/clips/945728_DBI6HIgiBL3G9iFP_0057.wav,bonafide,hi-en,945728,mucs2021,none,channel_g711_20db,945728_DBI6HIgiBL3G9iFP_0057,eval,0.9991017580032349
${DATA_ROOT}/clips/945728_DBI6HIgiBL3G9iFP_0058.wav,bonafide,hi-en,945728,mucs2021,none,channel_g711_20db,945728_DBI6HIgiBL3G9iFP_0058,eval,0.9987769722938538
${DATA_ROOT}/clips/945728_DBI6HIgiBL3G9iFP_0059.wav,bonafide,hi-en,945728,mucs2021,none,channel_g711_20db,945728_DBI6HIgiBL3G9iFP_0059,eval,0.9992905855178833
${DATA_ROOT}/clips/945728_DBI6HIgiBL3G9iFP_0060.wav,bonafide,hi-en,945728,mucs2021,none,channel_g711_20db,945728_DBI6HIgiBL3G9iFP_0060,eval,0.9995303153991699
${DATA_ROOT}/clips/945728_DBI6HIgiBL3G9iFP_0061.wav,bonafide,hi-en,945728,mucs2021,none,channel_g711_20db,945728_DBI6HIgiBL3G9iFP_0061,eval,0.9793633818626404
${DATA_ROOT}/clips/945728_DBI6HIgiBL3G9iFP_0062.wav,bonafide,hi-en,945728,mucs2021,none,channel_g711_20db,945728_DBI6HIgiBL3G9iFP_0062,eval,0.9975296854972839
${DATA_ROOT}/clips/945728_DBI6HIgiBL3G9iFP_0063.wav,bonafide,hi-en,945728,mucs2021,none,channel_g711_20db,945728_DBI6HIgiBL3G9iFP_0063,eval,0.9968642592430115
${DATA_ROOT}/clips/945728_DBI6HIgiBL3G9iFP_0064.wav,bonafide,hi-en,945728,mucs2021,none,channel_g711_20db,945728_DBI6HIgiBL3G9iFP_0064,eval,0.9979196190834045
${DATA_ROOT}/clips/945728_DBI6HIgiBL3G9iFP_0065.wav,bonafide,hi-en,945728,mucs2021,none,channel_g711_20db,945728_DBI6HIgiBL3G9iFP_0065,eval,0.9987385869026184
${DATA_ROOT}/clips/945728_DBI6HIgiBL3G9iFP_0066.wav,bonafide,hi-en,945728,mucs2021,none,channel_g711_20db,945728_DBI6HIgiBL3G9iFP_0066,eval,0.9972752928733826
${DATA_ROOT}/clips/945728_DBI6HIgiBL3G9iFP_0067.wav,bonafide,hi-en,945728,mucs2021,none,channel_g711_20db,945728_DBI6HIgiBL3G9iFP_0067,eval,0.9991738200187683
${DATA_ROOT}/clips/945728_DBI6HIgiBL3G9iFP_0068.wav,bonafide,hi-en,945728,mucs2021,none,channel_g711_20db,945728_DBI6HIgiBL3G9iFP_0068,eval,0.999096155166626
${DATA_ROOT}/clips/945728_DBI6HIgiBL3G9iFP_0069.wav,bonafide,hi-en,945728,mucs2021,none,channel_g711_20db,945728_DBI6HIgiBL3G9iFP_0069,eval,0.9946655035018921
${DATA_ROOT}/clips/945728_DBI6HIgiBL3G9iFP_0070.wav,bonafide,hi-en,945728,mucs2021,none,channel_g711_20db,945728_DBI6HIgiBL3G9iFP_0070,eval,0.9992150068283081
${DATA_ROOT}/clips/945728_DBI6HIgiBL3G9iFP_0071.wav,bonafide,hi-en,945728,mucs2021,none,channel_g711_20db,945728_DBI6HIgiBL3G9iFP_0071,eval,0.999201238155365
${DATA_ROOT}/clips/945728_DBI6HIgiBL3G9iFP_0072.wav,bonafide,hi-en,945728,mucs2021,none,channel_g711_20db,945728_DBI6HIgiBL3G9iFP_0072,eval,0.9929185509681702
${DATA_ROOT}/clips/945728_DBI6HIgiBL3G9iFP_0073.wav,bonafide,hi-en,945728,mucs2021,none,channel_g711_20db,945728_DBI6HIgiBL3G9iFP_0073,eval,0.9990701079368591
${DATA_ROOT}/clips/945728_DBI6HIgiBL3G9iFP_0074.wav,bonafide,hi-en,945728,mucs2021,none,channel_g711_20db,945728_DBI6HIgiBL3G9iFP_0074,eval,0.9992648959159851
${DATA_ROOT}/clips/945728_DBI6HIgiBL3G9iFP_0075.wav,bonafide,hi-en,945728,mucs2021,none,channel_g711_20db,945728_DBI6HIgiBL3G9iFP_0075,eval,0.9974597096443176
${DATA_ROOT}/clips/945728_DBI6HIgiBL3G9iFP_0076.wav,bonafide,hi-en,945728,mucs2021,none,channel_g711_20db,945728_DBI6HIgiBL3G9iFP_0076,eval,0.9993519186973572
${DATA_ROOT}/clips/945728_DBI6HIgiBL3G9iFP_0077.wav,bonafide,hi-en,945728,mucs2021,none,channel_g711_20db,945728_DBI6HIgiBL3G9iFP_0077,eval,0.9988641738891602
${DATA_ROOT}/clips/945728_DBI6HIgiBL3G9iFP_0078.wav,bonafide,hi-en,945728,mucs2021,none,channel_g711_20db,945728_DBI6HIgiBL3G9iFP_0078,eval,0.9996073842048645
${DATA_ROOT}/clips/945728_DBI6HIgiBL3G9iFP_0079.wav,bonafide,hi-en,945728,mucs2021,none,channel_g711_20db,945728_DBI6HIgiBL3G9iFP_0079,eval,0.9989036321640015
${DATA_ROOT}/clips/945728_DBI6HIgiBL3G9iFP_0080.wav,bonafide,hi-en,945728,mucs2021,none,channel_g711_20db,945728_DBI6HIgiBL3G9iFP_0080,eval,0.9985901713371277
${DATA_ROOT}/clips/945728_DBI6HIgiBL3G9iFP_0081.wav,bonafide,hi-en,945728,mucs2021,none,channel_g711_20db,945728_DBI6HIgiBL3G9iFP_0081,eval,0.998672604560852
${DATA_ROOT}/clips/945728_DBI6HIgiBL3G9iFP_0082.wav,bonafide,hi-en,945728,mucs2021,none,channel_g711_20db,945728_DBI6HIgiBL3G9iFP_0082,eval,0.9990505576133728
${DATA_ROOT}/clips/945728_DBI6HIgiBL3G9iFP_0083.wav,bonafide,hi-en,945728,mucs2021,none,channel_g711_20db,945728_DBI6HIgiBL3G9iFP_0083,eval,0.9966698288917542
${DATA_ROOT}/clips/945728_DBI6HIgiBL3G9iFP_0084.wav,bonafide,hi-en,945728,mucs2021,none,channel_g711_20db,945728_DBI6HIgiBL3G9iFP_0084,eval,0.9994755387306213
${DATA_ROOT}/clips/945728_DBI6HIgiBL3G9iFP_0085.wav,bonafide,hi-en,945728,mucs2021,none,channel_g711_20db,945728_DBI6HIgiBL3G9iFP_0085,eval,0.9993556141853333
${DATA_ROOT}/clips/945728_DBI6HIgiBL3G9iFP_0086.wav,bonafide,hi-en,945728,mucs2021,none,channel_g711_20db,945728_DBI6HIgiBL3G9iFP_0086,eval,0.9980502128601074
${DATA_ROOT}/clips/945728_DBI6HIgiBL3G9iFP_0087.wav,bonafide,hi-en,945728,mucs2021,none,channel_g711_20db,945728_DBI6HIgiBL3G9iFP_0087,eval,0.9989879727363586
${DATA_ROOT}/clips/945728_DBI6HIgiBL3G9iFP_0088.wav,bonafide,hi-en,945728,mucs2021,none,channel_g711_20db,945728_DBI6HIgiBL3G9iFP_0088,eval,0.9990214109420776
${DATA_ROOT}/clips/945728_DBI6HIgiBL3G9iFP_0089.wav,bonafide,hi-en,945728,mucs2021,none,channel_g711_20db,945728_DBI6HIgiBL3G9iFP_0089,eval,0.9991151690483093
${DATA_ROOT}/clips/945728_DBI6HIgiBL3G9iFP_0090.wav,bonafide,hi-en,945728,mucs2021,none,channel_g711_20db,945728_DBI6HIgiBL3G9iFP_0090,eval,0.9993952512741089
${DATA_ROOT}/clips/945728_DBI6HIgiBL3G9iFP_0091.wav,bonafide,hi-en,945728,mucs2021,none,channel_g711_20db,945728_DBI6HIgiBL3G9iFP_0091,eval,0.9989221096038818
${DATA_ROOT}/clips/945728_DBI6HIgiBL3G9iFP_0092.wav,bonafide,hi-en,945728,mucs2021,none,channel_g711_20db,945728_DBI6HIgiBL3G9iFP_0092,eval,0.9995736479759216
${DATA_ROOT}/clips/945728_DBI6HIgiBL3G9iFP_0093.wav,bonafide,hi-en,945728,mucs2021,none,channel_g711_20db,945728_DBI6HIgiBL3G9iFP_0093,eval,0.9987837672233582
${DATA_ROOT}/clips/945728_DBI6HIgiBL3G9iFP_0094.wav,bonafide,hi-en,945728,mucs2021,none,channel_g711_20db,945728_DBI6HIgiBL3G9iFP_0094,eval,0.9988839030265808
${DATA_ROOT}/clips/945728_DBI6HIgiBL3G9iFP_0095.wav,bonafide,hi-en,945728,mucs2021,none,channel_g711_20db,945728_DBI6HIgiBL3G9iFP_0095,eval,0.9992885589599609
${DATA_ROOT}/clips/945728_DBI6HIgiBL3G9iFP_0096.wav,bonafide,hi-en,945728,mucs2021,none,channel_g711_20db,945728_DBI6HIgiBL3G9iFP_0096,eval,0.9988304972648621
${DATA_ROOT}/clips/945728_DBI6HIgiBL3G9iFP_0097.wav,bonafide,hi-en,945728,mucs2021,none,channel_g711_20db,945728_DBI6HIgiBL3G9iFP_0097,eval,0.9994168281555176
${DATA_ROOT}/clips/945728_DBI6HIgiBL3G9iFP_0098.wav,bonafide,hi-en,945728,mucs2021,none,channel_g711_20db,945728_DBI6HIgiBL3G9iFP_0098,eval,0.9993589520454407
${DATA_ROOT}/clips/945728_DBI6HIgiBL3G9iFP_0099.wav,bonafide,hi-en,945728,mucs2021,none,channel_g711_20db,945728_DBI6HIgiBL3G9iFP_0099,eval,0.9971299767494202
${DATA_ROOT}/clips/945728_DBI6HIgiBL3G9iFP_0100.wav,bonafide,hi-en,945728,mucs2021,none,channel_g711_20db,945728_DBI6HIgiBL3G9iFP_0100,eval,0.9990097284317017
${DATA_ROOT}/clips/945728_DBI6HIgiBL3G9iFP_0101.wav,bonafide,hi-en,945728,mucs2021,none,channel_g711_20db,945728_DBI6HIgiBL3G9iFP_0101,eval,0.9993749260902405
${DATA_ROOT}/clips/945728_DBI6HIgiBL3G9iFP_0102.wav,bonafide,hi-en,945728,mucs2021,none,channel_g711_20db,945728_DBI6HIgiBL3G9iFP_0102,eval,0.9994595646858215
${DATA_ROOT}/clips/945728_DBI6HIgiBL3G9iFP_0103.wav,bonafide,hi-en,945728,mucs2021,none,channel_g711_20db,945728_DBI6HIgiBL3G9iFP_0103,eval,0.9985686540603638
${DATA_ROOT}/clips/945728_DBI6HIgiBL3G9iFP_0104.wav,bonafide,hi-en,945728,mucs2021,none,channel_g711_20db,945728_DBI6HIgiBL3G9iFP_0104,eval,0.9991227984428406
${DATA_ROOT}/clips/945728_DBI6HIgiBL3G9iFP_0105.wav,bonafide,hi-en,945728,mucs2021,none,channel_g711_20db,945728_DBI6HIgiBL3G9iFP_0105,eval,0.9989429116249084
${DATA_ROOT}/clips/945728_DBI6HIgiBL3G9iFP_0106.wav,bonafide,hi-en,945728,mucs2021,none,channel_g711_20db,945728_DBI6HIgiBL3G9iFP_0106,eval,0.9989874958992004
${DATA_ROOT}/clips/945728_DBI6HIgiBL3G9iFP_0107.wav,bonafide,hi-en,945728,mucs2021,none,channel_g711_20db,945728_DBI6HIgiBL3G9iFP_0107,eval,0.9935170412063599
${DATA_ROOT}/clips/945728_DBI6HIgiBL3G9iFP_0108.wav,bonafide,hi-en,945728,mucs2021,none,channel_g711_20db,945728_DBI6HIgiBL3G9iFP_0108,eval,0.999178946018219
${DATA_ROOT}/clips/945728_DBI6HIgiBL3G9iFP_0109.wav,bonafide,hi-en,945728,mucs2021,none,channel_g711_20db,945728_DBI6HIgiBL3G9iFP_0109,eval,0.9993826150894165
${DATA_ROOT}/clips/945728_DBI6HIgiBL3G9iFP_0110.wav,bonafide,hi-en,945728,mucs2021,none,channel_g711_20db,945728_DBI6HIgiBL3G9iFP_0110,eval,0.9996373653411865
${DATA_ROOT}/clips/945728_DBI6HIgiBL3G9iFP_0111.wav,bonafide,hi-en,945728,mucs2021,none,channel_g711_20db,945728_DBI6HIgiBL3G9iFP_0111,eval,0.9992102384567261
${DATA_ROOT}/clips/945728_DBI6HIgiBL3G9iFP_0112.wav,bonafide,hi-en,945728,mucs2021,none,channel_g711_20db,945728_DBI6HIgiBL3G9iFP_0112,eval,0.9993914365768433
${DATA_ROOT}/clips/945728_DBI6HIgiBL3G9iFP_0113.wav,bonafide,hi-en,945728,mucs2021,none,channel_g711_20db,945728_DBI6HIgiBL3G9iFP_0113,eval,0.999107301235199
${DATA_ROOT}/clips/945728_DBI6HIgiBL3G9iFP_0114.wav,bonafide,hi-en,945728,mucs2021,none,channel_g711_20db,945728_DBI6HIgiBL3G9iFP_0114,eval,0.997549831867218
${DATA_ROOT}/clips/945728_DBI6HIgiBL3G9iFP_0115.wav,bonafide,hi-en,945728,mucs2021,none,channel_g711_20db,945728_DBI6HIgiBL3G9iFP_0115,eval,0.9985878467559814
${DATA_ROOT}/clips/945728_DBI6HIgiBL3G9iFP_0116.wav,bonafide,hi-en,945728,mucs2021,none,channel_g711_20db,945728_DBI6HIgiBL3G9iFP_0116,eval,0.9985440969467163
${DATA_ROOT}/clips/945728_DBI6HIgiBL3G9iFP_0117.wav,bonafide,hi-en,945728,mucs2021,none,channel_g711_20db,945728_DBI6HIgiBL3G9iFP_0117,eval,0.9980792999267578
${DATA_ROOT}/clips/945728_DBI6HIgiBL3G9iFP_0118.wav,bonafide,hi-en,945728,mucs2021,none,channel_g711_20db,945728_DBI6HIgiBL3G9iFP_0118,eval,0.9930959343910217
${DATA_ROOT}/clips/945728_DBI6HIgiBL3G9iFP_0119.wav,bonafide,hi-en,945728,mucs2021,none,channel_g711_20db,945728_DBI6HIgiBL3G9iFP_0119,eval,0.9984959363937378
${DATA_ROOT}/clips/945728_DBI6HIgiBL3G9iFP_0120.wav,bonafide,hi-en,945728,mucs2021,none,channel_g711_20db,945728_DBI6HIgiBL3G9iFP_0120,eval,0.9992908239364624
${DATA_ROOT}/clips/945728_DBI6HIgiBL3G9iFP_0121.wav,bonafide,hi-en,945728,mucs2021,none,channel_g711_20db,945728_DBI6HIgiBL3G9iFP_0121,eval,0.9994173049926758
${DATA_ROOT}/clips/945728_DBI6HIgiBL3G9iFP_0122.wav,bonafide,hi-en,945728,mucs2021,none,channel_g711_20db,945728_DBI6HIgiBL3G9iFP_0122,eval,0.9993540644645691
${DATA_ROOT}/clips/945728_DBI6HIgiBL3G9iFP_0123.wav,bonafide,hi-en,945728,mucs2021,none,channel_g711_20db,945728_DBI6HIgiBL3G9iFP_0123,eval,0.999438464641571
${DATA_ROOT}/clips/945728_DBI6HIgiBL3G9iFP_0124.wav,bonafide,hi-en,945728,mucs2021,none,channel_g711_20db,945728_DBI6HIgiBL3G9iFP_0124,eval,0.9989532232284546
${DATA_ROOT}/clips/945728_DBI6HIgiBL3G9iFP_0125.wav,bonafide,hi-en,945728,mucs2021,none,channel_g711_20db,945728_DBI6HIgiBL3G9iFP_0125,eval,0.9993128776550293
${DATA_ROOT}/clips/945728_DBI6HIgiBL3G9iFP_0126.wav,bonafide,hi-en,945728,mucs2021,none,channel_g711_20db,945728_DBI6HIgiBL3G9iFP_0126,eval,0.9993071556091309
${DATA_ROOT}/clips/945728_DBI6HIgiBL3G9iFP_0127.wav,bonafide,hi-en,945728,mucs2021,none,channel_g711_20db,945728_DBI6HIgiBL3G9iFP_0127,eval,0.9992200136184692
${DATA_ROOT}/clips/945728_DBI6HIgiBL3G9iFP_0128.wav,bonafide,hi-en,945728,mucs2021,none,channel_g711_20db,945728_DBI6HIgiBL3G9iFP_0128,eval,0.9992290735244751
${DATA_ROOT}/clips/945728_DBI6HIgiBL3G9iFP_0129.wav,bonafide,hi-en,945728,mucs2021,none,channel_g711_20db,945728_DBI6HIgiBL3G9iFP_0129,eval,0.9986540079116821
${DATA_ROOT}/clips/945728_DBI6HIgiBL3G9iFP_0130.wav,bonafide,hi-en,945728,mucs2021,none,channel_g711_20db,945728_DBI6HIgiBL3G9iFP_0130,eval,0.9992122650146484
${DATA_ROOT}/clips/945728_DBI6HIgiBL3G9iFP_0131.wav,bonafide,hi-en,945728,mucs2021,none,channel_g711_20db,945728_DBI6HIgiBL3G9iFP_0131,eval,0.9995143413543701
${DATA_ROOT}/clips/945728_DBI6HIgiBL3G9iFP_0132.wav,bonafide,hi-en,945728,mucs2021,none,channel_g711_20db,945728_DBI6HIgiBL3G9iFP_0132,eval,0.9991391897201538
${DATA_ROOT}/clips/945728_DBI6HIgiBL3G9iFP_0133.wav,bonafide,hi-en,945728,mucs2021,none,channel_g711_20db,945728_DBI6HIgiBL3G9iFP_0133,eval,0.9989573955535889
${DATA_ROOT}/clips/945728_DBI6HIgiBL3G9iFP_0134.wav,bonafide,hi-en,945728,mucs2021,none,channel_g711_20db,945728_DBI6HIgiBL3G9iFP_0134,eval,0.9991662502288818
${DATA_ROOT}/clips/945728_DBI6HIgiBL3G9iFP_0135.wav,bonafide,hi-en,945728,mucs2021,none,channel_g711_20db,945728_DBI6HIgiBL3G9iFP_0135,eval,0.999221682548523
${DATA_ROOT}/clips/945728_DBI6HIgiBL3G9iFP_0136.wav,bonafide,hi-en,945728,mucs2021,none,channel_g711_20db,945728_DBI6HIgiBL3G9iFP_0136,eval,0.9962149262428284
${DATA_ROOT}/clips/976811_t4ui2WmNjBa2OlEW_0000.wav,bonafide,hi-en,976811,mucs2021,none,channel_g711_20db,976811_t4ui2WmNjBa2OlEW_0000,eval,0.9991018772125244
${DATA_ROOT}/clips/976811_t4ui2WmNjBa2OlEW_0001.wav,bonafide,hi-en,976811,mucs2021,none,channel_g711_20db,976811_t4ui2WmNjBa2OlEW_0001,eval,0.9994593262672424
${DATA_ROOT}/clips/976811_t4ui2WmNjBa2OlEW_0002.wav,bonafide,hi-en,976811,mucs2021,none,channel_g711_20db,976811_t4ui2WmNjBa2OlEW_0002,eval,0.9994381070137024
${DATA_ROOT}/clips/976811_t4ui2WmNjBa2OlEW_0003.wav,bonafide,hi-en,976811,mucs2021,none,channel_g711_20db,976811_t4ui2WmNjBa2OlEW_0003,eval,0.9993330836296082
${DATA_ROOT}/clips/976811_t4ui2WmNjBa2OlEW_0004.wav,bonafide,hi-en,976811,mucs2021,none,channel_g711_20db,976811_t4ui2WmNjBa2OlEW_0004,eval,0.9992486834526062
${DATA_ROOT}/clips/976811_t4ui2WmNjBa2OlEW_0005.wav,bonafide,hi-en,976811,mucs2021,none,channel_g711_20db,976811_t4ui2WmNjBa2OlEW_0005,eval,0.9994757771492004
${DATA_ROOT}/clips/976811_t4ui2WmNjBa2OlEW_0006.wav,bonafide,hi-en,976811,mucs2021,none,channel_g711_20db,976811_t4ui2WmNjBa2OlEW_0006,eval,0.9993467926979065
${DATA_ROOT}/clips/976811_t4ui2WmNjBa2OlEW_0007.wav,bonafide,hi-en,976811,mucs2021,none,channel_g711_20db,976811_t4ui2WmNjBa2OlEW_0007,eval,0.9995179176330566
${DATA_ROOT}/clips/976811_t4ui2WmNjBa2OlEW_0008.wav,bonafide,hi-en,976811,mucs2021,none,channel_g711_20db,976811_t4ui2WmNjBa2OlEW_0008,eval,0.9994864463806152
${DATA_ROOT}/clips/976811_t4ui2WmNjBa2OlEW_0009.wav,bonafide,hi-en,976811,mucs2021,none,channel_g711_20db,976811_t4ui2WmNjBa2OlEW_0009,eval,0.9995075464248657
${DATA_ROOT}/clips/976811_t4ui2WmNjBa2OlEW_0010.wav,bonafide,hi-en,976811,mucs2021,none,channel_g711_20db,976811_t4ui2WmNjBa2OlEW_0010,eval,0.9994927644729614
${DATA_ROOT}/clips/976811_t4ui2WmNjBa2OlEW_0011.wav,bonafide,hi-en,976811,mucs2021,none,channel_g711_20db,976811_t4ui2WmNjBa2OlEW_0011,eval,0.9996529817581177
${DATA_ROOT}/clips/976811_t4ui2WmNjBa2OlEW_0012.wav,bonafide,hi-en,976811,mucs2021,none,channel_g711_20db,976811_t4ui2WmNjBa2OlEW_0012,eval,0.9979099631309509
${DATA_ROOT}/clips/976811_t4ui2WmNjBa2OlEW_0013.wav,bonafide,hi-en,976811,mucs2021,none,channel_g711_20db,976811_t4ui2WmNjBa2OlEW_0013,eval,0.9991980195045471
${DATA_ROOT}/clips/976811_t4ui2WmNjBa2OlEW_0014.wav,bonafide,hi-en,976811,mucs2021,none,channel_g711_20db,976811_t4ui2WmNjBa2OlEW_0014,eval,0.9990785121917725
${DATA_ROOT}/clips/976811_t4ui2WmNjBa2OlEW_0015.wav,bonafide,hi-en,976811,mucs2021,none,channel_g711_20db,976811_t4ui2WmNjBa2OlEW_0015,eval,0.9995040893554688
${DATA_ROOT}/clips/976811_t4ui2WmNjBa2OlEW_0016.wav,bonafide,hi-en,976811,mucs2021,none,channel_g711_20db,976811_t4ui2WmNjBa2OlEW_0016,eval,0.9994660019874573
${DATA_ROOT}/clips/976811_t4ui2WmNjBa2OlEW_0017.wav,bonafide,hi-en,976811,mucs2021,none,channel_g711_20db,976811_t4ui2WmNjBa2OlEW_0017,eval,0.999578058719635
${DATA_ROOT}/clips/976811_t4ui2WmNjBa2OlEW_0018.wav,bonafide,hi-en,976811,mucs2021,none,channel_g711_20db,976811_t4ui2WmNjBa2OlEW_0018,eval,0.9991119503974915
${DATA_ROOT}/clips/976811_t4ui2WmNjBa2OlEW_0019.wav,bonafide,hi-en,976811,mucs2021,none,channel_g711_20db,976811_t4ui2WmNjBa2OlEW_0019,eval,0.9994439482688904
${DATA_ROOT}/clips/976811_t4ui2WmNjBa2OlEW_0020.wav,bonafide,hi-en,976811,mucs2021,none,channel_g711_20db,976811_t4ui2WmNjBa2OlEW_0020,eval,0.9995168447494507
${DATA_ROOT}/clips/976811_t4ui2WmNjBa2OlEW_0021.wav,bonafide,hi-en,976811,mucs2021,none,channel_g711_20db,976811_t4ui2WmNjBa2OlEW_0021,eval,0.9993269443511963
${DATA_ROOT}/clips/976811_t4ui2WmNjBa2OlEW_0022.wav,bonafide,hi-en,976811,mucs2021,none,channel_g711_20db,976811_t4ui2WmNjBa2OlEW_0022,eval,0.9994751811027527
${DATA_ROOT}/clips/976811_t4ui2WmNjBa2OlEW_0023.wav,bonafide,hi-en,976811,mucs2021,none,channel_g711_20db,976811_t4ui2WmNjBa2OlEW_0023,eval,0.9996633529663086
${DATA_ROOT}/clips/976811_t4ui2WmNjBa2OlEW_0024.wav,bonafide,hi-en,976811,mucs2021,none,channel_g711_20db,976811_t4ui2WmNjBa2OlEW_0024,eval,0.9994024038314819
${DATA_ROOT}/clips/976811_t4ui2WmNjBa2OlEW_0025.wav,bonafide,hi-en,976811,mucs2021,none,channel_g711_20db,976811_t4ui2WmNjBa2OlEW_0025,eval,0.9994034767150879
${DATA_ROOT}/clips/976811_t4ui2WmNjBa2OlEW_0026.wav,bonafide,hi-en,976811,mucs2021,none,channel_g711_20db,976811_t4ui2WmNjBa2OlEW_0026,eval,0.9993329644203186
${DATA_ROOT}/clips/976811_t4ui2WmNjBa2OlEW_0027.wav,bonafide,hi-en,976811,mucs2021,none,channel_g711_20db,976811_t4ui2WmNjBa2OlEW_0027,eval,0.9991412162780762
${DATA_ROOT}/clips/976811_t4ui2WmNjBa2OlEW_0028.wav,bonafide,hi-en,976811,mucs2021,none,channel_g711_20db,976811_t4ui2WmNjBa2OlEW_0028,eval,0.999240517616272
${DATA_ROOT}/clips/976811_t4ui2WmNjBa2OlEW_0029.wav,bonafide,hi-en,976811,mucs2021,none,channel_g711_20db,976811_t4ui2WmNjBa2OlEW_0029,eval,0.9994052648544312
${DATA_ROOT}/clips/976811_t4ui2WmNjBa2OlEW_0030.wav,bonafide,hi-en,976811,mucs2021,none,channel_g711_20db,976811_t4ui2WmNjBa2OlEW_0030,eval,0.9994181394577026
${DATA_ROOT}/clips/976811_t4ui2WmNjBa2OlEW_0031.wav,bonafide,hi-en,976811,mucs2021,none,channel_g711_20db,976811_t4ui2WmNjBa2OlEW_0031,eval,0.9993407130241394
${DATA_ROOT}/clips/976811_t4ui2WmNjBa2OlEW_0032.wav,bonafide,hi-en,976811,mucs2021,none,channel_g711_20db,976811_t4ui2WmNjBa2OlEW_0032,eval,0.9994775652885437
${DATA_ROOT}/clips/976811_t4ui2WmNjBa2OlEW_0033.wav,bonafide,hi-en,976811,mucs2021,none,channel_g711_20db,976811_t4ui2WmNjBa2OlEW_0033,eval,0.9993886947631836
${DATA_ROOT}/clips/976811_t4ui2WmNjBa2OlEW_0034.wav,bonafide,hi-en,976811,mucs2021,none,channel_g711_20db,976811_t4ui2WmNjBa2OlEW_0034,eval,0.9994339346885681
${DATA_ROOT}/clips/976811_t4ui2WmNjBa2OlEW_0035.wav,bonafide,hi-en,976811,mucs2021,none,channel_g711_20db,976811_t4ui2WmNjBa2OlEW_0035,eval,0.9990523457527161
${DATA_ROOT}/clips/976811_t4ui2WmNjBa2OlEW_0036.wav,bonafide,hi-en,976811,mucs2021,none,channel_g711_20db,976811_t4ui2WmNjBa2OlEW_0036,eval,0.9994589686393738
${DATA_ROOT}/clips/976811_t4ui2WmNjBa2OlEW_0037.wav,bonafide,hi-en,976811,mucs2021,none,channel_g711_20db,976811_t4ui2WmNjBa2OlEW_0037,eval,0.9994115829467773
${DATA_ROOT}/clips/976811_t4ui2WmNjBa2OlEW_0038.wav,bonafide,hi-en,976811,mucs2021,none,channel_g711_20db,976811_t4ui2WmNjBa2OlEW_0038,eval,0.999588668346405
${DATA_ROOT}/clips/976811_t4ui2WmNjBa2OlEW_0039.wav,bonafide,hi-en,976811,mucs2021,none,channel_g711_20db,976811_t4ui2WmNjBa2OlEW_0039,eval,0.9995046854019165
${DATA_ROOT}/clips/976811_t4ui2WmNjBa2OlEW_0040.wav,bonafide,hi-en,976811,mucs2021,none,channel_g711_20db,976811_t4ui2WmNjBa2OlEW_0040,eval,0.9995450377464294
${DATA_ROOT}/clips/976811_t4ui2WmNjBa2OlEW_0041.wav,bonafide,hi-en,976811,mucs2021,none,channel_g711_20db,976811_t4ui2WmNjBa2OlEW_0041,eval,0.9994890689849854
${DATA_ROOT}/clips/976811_t4ui2WmNjBa2OlEW_0042.wav,bonafide,hi-en,976811,mucs2021,none,channel_g711_20db,976811_t4ui2WmNjBa2OlEW_0042,eval,0.999350368976593
${DATA_ROOT}/clips/976811_t4ui2WmNjBa2OlEW_0043.wav,bonafide,hi-en,976811,mucs2021,none,channel_g711_20db,976811_t4ui2WmNjBa2OlEW_0043,eval,0.9995476603507996
${DATA_ROOT}/clips/976811_t4ui2WmNjBa2OlEW_0044.wav,bonafide,hi-en,976811,mucs2021,none,channel_g711_20db,976811_t4ui2WmNjBa2OlEW_0044,eval,0.9994903802871704
${DATA_ROOT}/clips/976811_t4ui2WmNjBa2OlEW_0045.wav,bonafide,hi-en,976811,mucs2021,none,channel_g711_20db,976811_t4ui2WmNjBa2OlEW_0045,eval,0.999423623085022
${DATA_ROOT}/clips/976811_t4ui2WmNjBa2OlEW_0046.wav,bonafide,hi-en,976811,mucs2021,none,channel_g711_20db,976811_t4ui2WmNjBa2OlEW_0046,eval,0.9919284582138062
${DATA_ROOT}/clips/976811_t4ui2WmNjBa2OlEW_0047.wav,bonafide,hi-en,976811,mucs2021,none,channel_g711_20db,976811_t4ui2WmNjBa2OlEW_0047,eval,0.9981404542922974
${DATA_ROOT}/clips/976811_t4ui2WmNjBa2OlEW_0048.wav,bonafide,hi-en,976811,mucs2021,none,channel_g711_20db,976811_t4ui2WmNjBa2OlEW_0048,eval,0.9993451237678528
${DATA_ROOT}/clips/976811_t4ui2WmNjBa2OlEW_0049.wav,bonafide,hi-en,976811,mucs2021,none,channel_g711_20db,976811_t4ui2WmNjBa2OlEW_0049,eval,0.9994896650314331
${DATA_ROOT}/clips/976811_t4ui2WmNjBa2OlEW_0050.wav,bonafide,hi-en,976811,mucs2021,none,channel_g711_20db,976811_t4ui2WmNjBa2OlEW_0050,eval,0.9992800354957581
${DATA_ROOT}/clips/976811_t4ui2WmNjBa2OlEW_0051.wav,bonafide,hi-en,976811,mucs2021,none,channel_g711_20db,976811_t4ui2WmNjBa2OlEW_0051,eval,0.9989720582962036
${DATA_ROOT}/clips/976811_t4ui2WmNjBa2OlEW_0052.wav,bonafide,hi-en,976811,mucs2021,none,channel_g711_20db,976811_t4ui2WmNjBa2OlEW_0052,eval,0.9994896650314331
${DATA_ROOT}/clips/976811_t4ui2WmNjBa2OlEW_0053.wav,bonafide,hi-en,976811,mucs2021,none,channel_g711_20db,976811_t4ui2WmNjBa2OlEW_0053,eval,0.9994357228279114
${DATA_ROOT}/clips/976811_t4ui2WmNjBa2OlEW_0054.wav,bonafide,hi-en,976811,mucs2021,none,channel_g711_20db,976811_t4ui2WmNjBa2OlEW_0054,eval,0.9990782737731934
${DATA_ROOT}/clips/976811_t4ui2WmNjBa2OlEW_0055.wav,bonafide,hi-en,976811,mucs2021,none,channel_g711_20db,976811_t4ui2WmNjBa2OlEW_0055,eval,0.9992685914039612
${DATA_ROOT}/clips/976811_t4ui2WmNjBa2OlEW_0056.wav,bonafide,hi-en,976811,mucs2021,none,channel_g711_20db,976811_t4ui2WmNjBa2OlEW_0056,eval,0.9995368719100952
${DATA_ROOT}/clips/976811_t4ui2WmNjBa2OlEW_0057.wav,bonafide,hi-en,976811,mucs2021,none,channel_g711_20db,976811_t4ui2WmNjBa2OlEW_0057,eval,0.997951090335846
${DATA_ROOT}/clips/976811_t4ui2WmNjBa2OlEW_0058.wav,bonafide,hi-en,976811,mucs2021,none,channel_g711_20db,976811_t4ui2WmNjBa2OlEW_0058,eval,0.9985904097557068
${DATA_ROOT}/clips/976811_t4ui2WmNjBa2OlEW_0059.wav,bonafide,hi-en,976811,mucs2021,none,channel_g711_20db,976811_t4ui2WmNjBa2OlEW_0059,eval,0.9953031539916992
${DATA_ROOT}/clips/976811_t4ui2WmNjBa2OlEW_0060.wav,bonafide,hi-en,976811,mucs2021,none,channel_g711_20db,976811_t4ui2WmNjBa2OlEW_0060,eval,0.9991262555122375
${DATA_ROOT}/clips/976811_t4ui2WmNjBa2OlEW_0061.wav,bonafide,hi-en,976811,mucs2021,none,channel_g711_20db,976811_t4ui2WmNjBa2OlEW_0061,eval,0.9876904487609863
${DATA_ROOT}/clips/976811_t4ui2WmNjBa2OlEW_0062.wav,bonafide,hi-en,976811,mucs2021,none,channel_g711_20db,976811_t4ui2WmNjBa2OlEW_0062,eval,0.9994409680366516
${DATA_ROOT}/clips/976811_t4ui2WmNjBa2OlEW_0063.wav,bonafide,hi-en,976811,mucs2021,none,channel_g711_20db,976811_t4ui2WmNjBa2OlEW_0063,eval,0.9985924363136292
${DATA_ROOT}/clips/976811_t4ui2WmNjBa2OlEW_0064.wav,bonafide,hi-en,976811,mucs2021,none,channel_g711_20db,976811_t4ui2WmNjBa2OlEW_0064,eval,0.9994831085205078
${DATA_ROOT}/clips/976811_t4ui2WmNjBa2OlEW_0065.wav,bonafide,hi-en,976811,mucs2021,none,channel_g711_20db,976811_t4ui2WmNjBa2OlEW_0065,eval,0.9994693398475647
${DATA_ROOT}/clips/976811_t4ui2WmNjBa2OlEW_0066.wav,bonafide,hi-en,976811,mucs2021,none,channel_g711_20db,976811_t4ui2WmNjBa2OlEW_0066,eval,0.9992413520812988
${DATA_ROOT}/clips/976811_t4ui2WmNjBa2OlEW_0067.wav,bonafide,hi-en,976811,mucs2021,none,channel_g711_20db,976811_t4ui2WmNjBa2OlEW_0067,eval,0.9994837045669556
${DATA_ROOT}/clips/976811_t4ui2WmNjBa2OlEW_0068.wav,bonafide,hi-en,976811,mucs2021,none,channel_g711_20db,976811_t4ui2WmNjBa2OlEW_0068,eval,0.9993273019790649
${DATA_ROOT}/clips/976811_t4ui2WmNjBa2OlEW_0069.wav,bonafide,hi-en,976811,mucs2021,none,channel_g711_20db,976811_t4ui2WmNjBa2OlEW_0069,eval,0.9993857145309448
${DATA_ROOT}/clips/976811_t4ui2WmNjBa2OlEW_0070.wav,bonafide,hi-en,976811,mucs2021,none,channel_g711_20db,976811_t4ui2WmNjBa2OlEW_0070,eval,0.9993498921394348
${DATA_ROOT}/clips/976811_t4ui2WmNjBa2OlEW_0071.wav,bonafide,hi-en,976811,mucs2021,none,channel_g711_20db,976811_t4ui2WmNjBa2OlEW_0071,eval,0.9990823268890381
${DATA_ROOT}/clips/976811_t4ui2WmNjBa2OlEW_0072.wav,bonafide,hi-en,976811,mucs2021,none,channel_g711_20db,976811_t4ui2WmNjBa2OlEW_0072,eval,0.9992859959602356
${DATA_ROOT}/clips/976811_t4ui2WmNjBa2OlEW_0073.wav,bonafide,hi-en,976811,mucs2021,none,channel_g711_20db,976811_t4ui2WmNjBa2OlEW_0073,eval,0.9994375109672546
${DATA_ROOT}/clips/976811_t4ui2WmNjBa2OlEW_0074.wav,bonafide,hi-en,976811,mucs2021,none,channel_g711_20db,976811_t4ui2WmNjBa2OlEW_0074,eval,0.9994223117828369
${DATA_ROOT}/clips/976811_t4ui2WmNjBa2OlEW_0075.wav,bonafide,hi-en,976811,mucs2021,none,channel_g711_20db,976811_t4ui2WmNjBa2OlEW_0075,eval,0.999377965927124
${DATA_ROOT}/clips/976811_t4ui2WmNjBa2OlEW_0076.wav,bonafide,hi-en,976811,mucs2021,none,channel_g711_20db,976811_t4ui2WmNjBa2OlEW_0076,eval,0.9991753697395325
${DATA_ROOT}/clips/976811_t4ui2WmNjBa2OlEW_0077.wav,bonafide,hi-en,976811,mucs2021,none,channel_g711_20db,976811_t4ui2WmNjBa2OlEW_0077,eval,0.9995154142379761
${DATA_ROOT}/clips/976811_t4ui2WmNjBa2OlEW_0078.wav,bonafide,hi-en,976811,mucs2021,none,channel_g711_20db,976811_t4ui2WmNjBa2OlEW_0078,eval,0.99836665391922
${DATA_ROOT}/clips/976811_t4ui2WmNjBa2OlEW_0079.wav,bonafide,hi-en,976811,mucs2021,none,channel_g711_20db,976811_t4ui2WmNjBa2OlEW_0079,eval,0.9995996356010437
${DATA_ROOT}/clips/976811_t4ui2WmNjBa2OlEW_0080.wav,bonafide,hi-en,976811,mucs2021,none,channel_g711_20db,976811_t4ui2WmNjBa2OlEW_0080,eval,0.9995018243789673
${DATA_ROOT}/clips/976811_t4ui2WmNjBa2OlEW_0081.wav,bonafide,hi-en,976811,mucs2021,none,channel_g711_20db,976811_t4ui2WmNjBa2OlEW_0081,eval,0.999438464641571
${DATA_ROOT}/clips/976811_t4ui2WmNjBa2OlEW_0082.wav,bonafide,hi-en,976811,mucs2021,none,channel_g711_20db,976811_t4ui2WmNjBa2OlEW_0082,eval,0.9994538426399231
${DATA_ROOT}/clips/976811_t4ui2WmNjBa2OlEW_0083.wav,bonafide,hi-en,976811,mucs2021,none,channel_g711_20db,976811_t4ui2WmNjBa2OlEW_0083,eval,0.9995062351226807
${DATA_ROOT}/clips/976811_t4ui2WmNjBa2OlEW_0084.wav,bonafide,hi-en,976811,mucs2021,none,channel_g711_20db,976811_t4ui2WmNjBa2OlEW_0084,eval,0.9994394183158875
${DATA_ROOT}/clips/976811_t4ui2WmNjBa2OlEW_0085.wav,bonafide,hi-en,976811,mucs2021,none,channel_g711_20db,976811_t4ui2WmNjBa2OlEW_0085,eval,0.9993029832839966
${DATA_ROOT}/clips/976811_t4ui2WmNjBa2OlEW_0086.wav,bonafide,hi-en,976811,mucs2021,none,channel_g711_20db,976811_t4ui2WmNjBa2OlEW_0086,eval,0.999351441860199
${DATA_ROOT}/clips/976811_t4ui2WmNjBa2OlEW_0087.wav,bonafide,hi-en,976811,mucs2021,none,channel_g711_20db,976811_t4ui2WmNjBa2OlEW_0087,eval,0.9995266199111938
${DATA_ROOT}/clips/976811_t4ui2WmNjBa2OlEW_0088.wav,bonafide,hi-en,976811,mucs2021,none,channel_g711_20db,976811_t4ui2WmNjBa2OlEW_0088,eval,0.9987454414367676
${DATA_ROOT}/clips/976811_t4ui2WmNjBa2OlEW_0089.wav,bonafide,hi-en,976811,mucs2021,none,channel_g711_20db,976811_t4ui2WmNjBa2OlEW_0089,eval,0.9992790818214417
${DATA_ROOT}/clips/976811_t4ui2WmNjBa2OlEW_0090.wav,bonafide,hi-en,976811,mucs2021,none,channel_g711_20db,976811_t4ui2WmNjBa2OlEW_0090,eval,0.999381422996521
${DATA_ROOT}/clips/976811_t4ui2WmNjBa2OlEW_0091.wav,bonafide,hi-en,976811,mucs2021,none,channel_g711_20db,976811_t4ui2WmNjBa2OlEW_0091,eval,0.9988476037979126
${DATA_ROOT}/clips/976811_t4ui2WmNjBa2OlEW_0092.wav,bonafide,hi-en,976811,mucs2021,none,channel_g711_20db,976811_t4ui2WmNjBa2OlEW_0092,eval,0.9992830157279968
${DATA_ROOT}/clips/976811_t4ui2WmNjBa2OlEW_0093.wav,bonafide,hi-en,976811,mucs2021,none,channel_g711_20db,976811_t4ui2WmNjBa2OlEW_0093,eval,0.998746395111084
${DATA_ROOT}/clips/976811_t4ui2WmNjBa2OlEW_0094.wav,bonafide,hi-en,976811,mucs2021,none,channel_g711_20db,976811_t4ui2WmNjBa2OlEW_0094,eval,0.9993727803230286
${DATA_ROOT}/clips/976811_t4ui2WmNjBa2OlEW_0095.wav,bonafide,hi-en,976811,mucs2021,none,channel_g711_20db,976811_t4ui2WmNjBa2OlEW_0095,eval,0.9985581040382385
${DATA_ROOT}/clips/976811_t4ui2WmNjBa2OlEW_0096.wav,bonafide,hi-en,976811,mucs2021,none,channel_g711_20db,976811_t4ui2WmNjBa2OlEW_0096,eval,0.9983207583427429
${DATA_ROOT}/clips/976811_t4ui2WmNjBa2OlEW_0097.wav,bonafide,hi-en,976811,mucs2021,none,channel_g711_20db,976811_t4ui2WmNjBa2OlEW_0097,eval,0.9995112419128418
${DATA_ROOT}/clips/976811_t4ui2WmNjBa2OlEW_0098.wav,bonafide,hi-en,976811,mucs2021,none,channel_g711_20db,976811_t4ui2WmNjBa2OlEW_0098,eval,0.9993438124656677
${DATA_ROOT}/clips/4beff2c32b5addf161d2.wav,spoof,hi-en,111627,mucs2021,xtts_v2,channel_g711_20db,,eval,0.0005517682293429971
${DATA_ROOT}/clips/d861b50cbfda6572105e.wav,spoof,hi-en,121073,mucs2021,xtts_v2,channel_g711_20db,,eval,0.008119726553559303
${DATA_ROOT}/clips/6812736b7249c59415a1.wav,spoof,hi-en,136325,mucs2021,xtts_v2,channel_g711_20db,,eval,0.0006900723674334586
${DATA_ROOT}/clips/b380bd2274ff5f2e4bf5.wav,spoof,hi-en,146859,mucs2021,xtts_v2,channel_g711_20db,,eval,0.00029241922311484814
${DATA_ROOT}/clips/2bc486c576d2ef6a587c.wav,spoof,hi-en,165325,mucs2021,xtts_v2,channel_g711_20db,,eval,0.00030337515636347234
${DATA_ROOT}/clips/21bea2270892e73d2d84.wav,spoof,hi-en,175522,mucs2021,xtts_v2,channel_g711_20db,,eval,0.0010581162059679627
${DATA_ROOT}/clips/a8d307d305c162e75038.wav,spoof,hi-en,232748,mucs2021,xtts_v2,channel_g711_20db,,eval,0.007403995376080275
${DATA_ROOT}/clips/285f7f4020ea60b43d0e.wav,spoof,hi-en,238121,mucs2021,xtts_v2,channel_g711_20db,,eval,0.007294067647308111
${DATA_ROOT}/clips/2e7a6f0ed729f70d2bac.wav,spoof,hi-en,386410,mucs2021,xtts_v2,channel_g711_20db,,eval,0.0012342586414888501
${DATA_ROOT}/clips/ba2cda02b4cb72e6d73b.wav,spoof,hi-en,541916,mucs2021,xtts_v2,channel_g711_20db,,eval,0.00030715158209204674
${DATA_ROOT}/clips/6b3e78784133bf0e7343.wav,spoof,hi-en,577537,mucs2021,xtts_v2,channel_g711_20db,,eval,0.004465589765459299
${DATA_ROOT}/clips/4b5e767664fe4eba9e48.wav,spoof,hi-en,581145,mucs2021,xtts_v2,channel_g711_20db,,eval,0.008026095107197762
${DATA_ROOT}/clips/03c76512bf088d4dc4b3.wav,spoof,hi-en,596505,mucs2021,xtts_v2,channel_g711_20db,,eval,0.009181877598166466
${DATA_ROOT}/clips/625eecf249daa01b89b9.wav,spoof,hi-en,945728,mucs2021,xtts_v2,channel_g711_20db,,eval,0.0002365520194871351
${DATA_ROOT}/clips/39af75cc620c3ae752c3.wav,spoof,hi-en,976811,mucs2021,xtts_v2,channel_g711_20db,,eval,0.9986507296562195
${DATA_ROOT}/clips/925b1145360e0dfb1830.wav,spoof,hi-en,111627,mucs2021,xtts_v2,channel_g711_20db,,eval,0.0007790972013026476
${DATA_ROOT}/clips/66060c99dd6ab28bbc4c.wav,spoof,hi-en,121073,mucs2021,xtts_v2,channel_g711_20db,,eval,0.0005244023632258177
${DATA_ROOT}/clips/f37770fbc3cf9bcfa095.wav,spoof,hi-en,136325,mucs2021,xtts_v2,channel_g711_20db,,eval,0.9985319375991821
${DATA_ROOT}/clips/8a376cbabfb66be52f82.wav,spoof,hi-en,146859,mucs2021,xtts_v2,channel_g711_20db,,eval,0.8678724765777588
${DATA_ROOT}/clips/2fdf812d7ded1b5f6cd7.wav,spoof,hi-en,165325,mucs2021,xtts_v2,channel_g711_20db,,eval,0.9810268878936768
${DATA_ROOT}/clips/58a007c585de1bc4bc8f.wav,spoof,hi-en,175522,mucs2021,xtts_v2,channel_g711_20db,,eval,0.009517567232251167
${DATA_ROOT}/clips/8fed9d5364699e4a3221.wav,spoof,hi-en,232748,mucs2021,xtts_v2,channel_g711_20db,,eval,0.0012681125663220882
${DATA_ROOT}/clips/f55f1588f0de37357924.wav,spoof,hi-en,238121,mucs2021,xtts_v2,channel_g711_20db,,eval,0.0034924254287034273
${DATA_ROOT}/clips/714cc365c83c1b2e66fc.wav,spoof,hi-en,386410,mucs2021,xtts_v2,channel_g711_20db,,eval,0.00038595503428950906
${DATA_ROOT}/clips/bec78942c54d2bf5e973.wav,spoof,hi-en,541916,mucs2021,xtts_v2,channel_g711_20db,,eval,0.00047315473784692585
${DATA_ROOT}/clips/b7eadbe57eb88b64be5d.wav,spoof,hi-en,577537,mucs2021,xtts_v2,channel_g711_20db,,eval,0.0031033516861498356
${DATA_ROOT}/clips/d8cbfdd68d3ade648155.wav,spoof,hi-en,581145,mucs2021,xtts_v2,channel_g711_20db,,eval,0.0020934029016643763
${DATA_ROOT}/clips/35e3a3f371941b20acd8.wav,spoof,hi-en,596505,mucs2021,xtts_v2,channel_g711_20db,,eval,0.00047210458433255553
${DATA_ROOT}/clips/911cb3b2fe9db83c93fd.wav,spoof,hi-en,945728,mucs2021,xtts_v2,channel_g711_20db,,eval,0.0007089842692948878
${DATA_ROOT}/clips/176c072b7dd58ada11d4.wav,spoof,hi-en,976811,mucs2021,xtts_v2,channel_g711_20db,,eval,0.386335551738739
${DATA_ROOT}/clips/8e044f3d2b375afc6d45.wav,spoof,hi-en,111627,mucs2021,xtts_v2,channel_g711_20db,,eval,0.0012163311475887895
${DATA_ROOT}/clips/c26e2ef7364d0ebf8859.wav,spoof,hi-en,121073,mucs2021,xtts_v2,channel_g711_20db,,eval,0.0005841903621330857
${DATA_ROOT}/clips/362888a8bbc874fc4a42.wav,spoof,hi-en,136325,mucs2021,xtts_v2,channel_g711_20db,,eval,0.9958488941192627
${DATA_ROOT}/clips/fe900d0a055deafbabc5.wav,spoof,hi-en,146859,mucs2021,xtts_v2,channel_g711_20db,,eval,0.9288695454597473
${DATA_ROOT}/clips/bee1125d07b9678d495e.wav,spoof,hi-en,165325,mucs2021,xtts_v2,channel_g711_20db,,eval,0.000219927795114927
${DATA_ROOT}/clips/61d03e7471bf86081471.wav,spoof,hi-en,175522,mucs2021,xtts_v2,channel_g711_20db,,eval,0.001156069221906364
${DATA_ROOT}/clips/6e3fcbc1215890bf7d14.wav,spoof,hi-en,232748,mucs2021,xtts_v2,channel_g711_20db,,eval,0.0025727027095854282
${DATA_ROOT}/clips/3cab2869ff6f76ce3e5e.wav,spoof,hi-en,238121,mucs2021,xtts_v2,channel_g711_20db,,eval,0.00036753507447429
${DATA_ROOT}/clips/76f2f44c8eccb971dcee.wav,spoof,hi-en,386410,mucs2021,xtts_v2,channel_g711_20db,,eval,0.0030409563332796097
${DATA_ROOT}/clips/b964e709393b6c16e2f6.wav,spoof,hi-en,541916,mucs2021,xtts_v2,channel_g711_20db,,eval,0.20597034692764282
${DATA_ROOT}/clips/9bd38f31676a7ee1b330.wav,spoof,hi-en,577537,mucs2021,xtts_v2,channel_g711_20db,,eval,0.0041998280212283134
${DATA_ROOT}/clips/fc988caf413daa08e0bf.wav,spoof,hi-en,581145,mucs2021,xtts_v2,channel_g711_20db,,eval,0.0002749664708971977
${DATA_ROOT}/clips/b2c98d6a5ab7d91482ff.wav,spoof,hi-en,596505,mucs2021,xtts_v2,channel_g711_20db,,eval,0.0007895653834566474
${DATA_ROOT}/clips/bf33f6655615789ffae0.wav,spoof,hi-en,945728,mucs2021,xtts_v2,channel_g711_20db,,eval,0.009505522437393665
${DATA_ROOT}/clips/e02294d3cc2443f32480.wav,spoof,hi-en,976811,mucs2021,xtts_v2,channel_g711_20db,,eval,0.98026043176651
${DATA_ROOT}/clips/abb49c271bd79c85acee.wav,spoof,hi-en,111627,mucs2021,xtts_v2,channel_g711_20db,,eval,0.00026913563488051295
${DATA_ROOT}/clips/bb64477f83834aab689c.wav,spoof,hi-en,121073,mucs2021,xtts_v2,channel_g711_20db,,eval,0.0012483109021559358
${DATA_ROOT}/clips/5ea45958f6816e7a0aec.wav,spoof,hi-en,136325,mucs2021,xtts_v2,channel_g711_20db,,eval,0.2572220265865326
${DATA_ROOT}/clips/209da71e49bd29cd2b1a.wav,spoof,hi-en,146859,mucs2021,xtts_v2,channel_g711_20db,,eval,0.9961625337600708
${DATA_ROOT}/clips/c489a1509ec9f0855421.wav,spoof,hi-en,165325,mucs2021,xtts_v2,channel_g711_20db,,eval,0.0006028216448612511
${DATA_ROOT}/clips/4531e911d074d1279706.wav,spoof,hi-en,175522,mucs2021,xtts_v2,channel_g711_20db,,eval,0.0005751807475462556
${DATA_ROOT}/clips/75d8d5bf44f92fcc725c.wav,spoof,hi-en,232748,mucs2021,xtts_v2,channel_g711_20db,,eval,0.0015672513982281089
${DATA_ROOT}/clips/b72ae81db7f90ee335d0.wav,spoof,hi-en,238121,mucs2021,xtts_v2,channel_g711_20db,,eval,0.000222965216380544
${DATA_ROOT}/clips/a3bbf52b28dcc41dc0a8.wav,spoof,hi-en,386410,mucs2021,xtts_v2,channel_g711_20db,,eval,0.0012866086326539516
${DATA_ROOT}/clips/903c55a7022d0f390bad.wav,spoof,hi-en,541916,mucs2021,xtts_v2,channel_g711_20db,,eval,0.005931524559855461
${DATA_ROOT}/clips/b78fb281293b5f2579d6.wav,spoof,hi-en,577537,mucs2021,xtts_v2,channel_g711_20db,,eval,0.0007920868811197579
${DATA_ROOT}/clips/67248109047056bb9822.wav,spoof,hi-en,581145,mucs2021,xtts_v2,channel_g711_20db,,eval,0.0008730569388717413
${DATA_ROOT}/clips/87dc1f685d3af72ba1a3.wav,spoof,hi-en,596505,mucs2021,xtts_v2,channel_g711_20db,,eval,0.001591597916558385
${DATA_ROOT}/clips/fc409a83f383e292f624.wav,spoof,hi-en,945728,mucs2021,xtts_v2,channel_g711_20db,,eval,0.004481818526983261
${DATA_ROOT}/clips/43d407b82e6672256e65.wav,spoof,hi-en,976811,mucs2021,xtts_v2,channel_g711_20db,,eval,0.9672096967697144
${DATA_ROOT}/clips/48a1a1ffca2200b4f1b7.wav,spoof,hi-en,111627,mucs2021,xtts_v2,channel_g711_20db,,eval,0.00041496969060972333
${DATA_ROOT}/clips/352c263bc0b5b0717ad8.wav,spoof,hi-en,121073,mucs2021,xtts_v2,channel_g711_20db,,eval,0.00022942795476410538
${DATA_ROOT}/clips/2ead5ce2f889fef0b613.wav,spoof,hi-en,136325,mucs2021,xtts_v2,channel_g711_20db,,eval,0.038413070142269135
${DATA_ROOT}/clips/f0da5d520643f0ddded7.wav,spoof,hi-en,146859,mucs2021,xtts_v2,channel_g711_20db,,eval,0.00027955934638157487
${DATA_ROOT}/clips/050c0fa06b9824404503.wav,spoof,hi-en,165325,mucs2021,xtts_v2,channel_g711_20db,,eval,0.001625130302272737
${DATA_ROOT}/clips/a07350b5a421da9ebfbc.wav,spoof,hi-en,175522,mucs2021,xtts_v2,channel_g711_20db,,eval,0.0038832405116409063
${DATA_ROOT}/clips/3d4abc1cfdb4508c66e8.wav,spoof,hi-en,232748,mucs2021,xtts_v2,channel_g711_20db,,eval,0.00044273873209021986
${DATA_ROOT}/clips/ddbb625ba0946432cf1b.wav,spoof,hi-en,238121,mucs2021,xtts_v2,channel_g711_20db,,eval,0.005364901386201382
${DATA_ROOT}/clips/4d0a62cdef40445312ef.wav,spoof,hi-en,386410,mucs2021,xtts_v2,channel_g711_20db,,eval,0.003151800250634551
${DATA_ROOT}/clips/81c300b1f303147fb495.wav,spoof,hi-en,541916,mucs2021,xtts_v2,channel_g711_20db,,eval,0.0002307501417817548
${DATA_ROOT}/clips/15647b1b051ae5a5be6c.wav,spoof,hi-en,577537,mucs2021,xtts_v2,channel_g711_20db,,eval,0.001147643313743174
${DATA_ROOT}/clips/5434b8f7f77140b22e51.wav,spoof,hi-en,581145,mucs2021,xtts_v2,channel_g711_20db,,eval,0.0007365941419266164
${DATA_ROOT}/clips/3b27e8297ebcf2f81443.wav,spoof,hi-en,596505,mucs2021,xtts_v2,channel_g711_20db,,eval,0.0013298025587573647
${DATA_ROOT}/clips/20758228d0b89134702f.wav,spoof,hi-en,945728,mucs2021,xtts_v2,channel_g711_20db,,eval,0.0008271210244856775
${DATA_ROOT}/clips/0b7b4efef1188401eb9e.wav,spoof,hi-en,976811,mucs2021,xtts_v2,channel_g711_20db,,eval,0.9324748516082764
${DATA_ROOT}/clips/a6ea644afdeb3173a707.wav,spoof,hi-en,111627,mucs2021,xtts_v2,channel_g711_20db,,eval,0.00043458366417326033
${DATA_ROOT}/clips/8096d36918bafbfa2906.wav,spoof,hi-en,121073,mucs2021,xtts_v2,channel_g711_20db,,eval,0.0005604516481980681
${DATA_ROOT}/clips/4d04e0e2121525e78b83.wav,spoof,hi-en,136325,mucs2021,xtts_v2,channel_g711_20db,,eval,0.00048759818309918046
${DATA_ROOT}/clips/4ae1d812b4a29a7de853.wav,spoof,hi-en,146859,mucs2021,xtts_v2,channel_g711_20db,,eval,0.00023939268430694938
${DATA_ROOT}/clips/2a39de3a77b59d8a867f.wav,spoof,hi-en,165325,mucs2021,xtts_v2,channel_g711_20db,,eval,0.0002701948687899858
${DATA_ROOT}/clips/e16fca1021f79457aeda.wav,spoof,hi-en,175522,mucs2021,xtts_v2,channel_g711_20db,,eval,0.002243529772385955
${DATA_ROOT}/clips/31c14498d287753dc5b8.wav,spoof,hi-en,232748,mucs2021,xtts_v2,channel_g711_20db,,eval,0.00028031121473759413
${DATA_ROOT}/clips/35c32fcc6afa114534f1.wav,spoof,hi-en,238121,mucs2021,xtts_v2,channel_g711_20db,,eval,0.002206658711656928
${DATA_ROOT}/clips/d0313c026cc80a043776.wav,spoof,hi-en,386410,mucs2021,xtts_v2,channel_g711_20db,,eval,0.0010519364150241017
${DATA_ROOT}/clips/df48f08b06394a379e46.wav,spoof,hi-en,541916,mucs2021,xtts_v2,channel_g711_20db,,eval,0.00023832004808355123
${DATA_ROOT}/clips/8d7fdde8a263f3364839.wav,spoof,hi-en,577537,mucs2021,xtts_v2,channel_g711_20db,,eval,0.011326947249472141
${DATA_ROOT}/clips/8d15eb3a80d7c6fbd168.wav,spoof,hi-en,581145,mucs2021,xtts_v2,channel_g711_20db,,eval,0.0010372507385909557
${DATA_ROOT}/clips/4bbf886b5b562e93dec1.wav,spoof,hi-en,596505,mucs2021,xtts_v2,channel_g711_20db,,eval,0.00231179129332304
${DATA_ROOT}/clips/f7d1734da9ab808d8ff4.wav,spoof,hi-en,945728,mucs2021,xtts_v2,channel_g711_20db,,eval,0.0008837605128064752
${DATA_ROOT}/clips/d3674728a85d6b7f1309.wav,spoof,hi-en,976811,mucs2021,xtts_v2,channel_g711_20db,,eval,0.9930399656295776
${DATA_ROOT}/clips/4b68f983a0b5383b1737.wav,spoof,hi-en,111627,mucs2021,xtts_v2,channel_g711_20db,,eval,0.0002773843880277127
${DATA_ROOT}/clips/297c48352f0a10aaa35c.wav,spoof,hi-en,121073,mucs2021,xtts_v2,channel_g711_20db,,eval,0.003224997315555811
${DATA_ROOT}/clips/984fef9027a55b298491.wav,spoof,hi-en,136325,mucs2021,xtts_v2,channel_g711_20db,,eval,0.0009619164629839361
${DATA_ROOT}/clips/53515dfb6153d743a839.wav,spoof,hi-en,146859,mucs2021,xtts_v2,channel_g711_20db,,eval,0.00023911715834401548
${DATA_ROOT}/clips/d3b06d286e6b2fb45049.wav,spoof,hi-en,165325,mucs2021,xtts_v2,channel_g711_20db,,eval,0.00026331638218834996
${DATA_ROOT}/clips/92d6d5dfda1b5c030fae.wav,spoof,hi-en,175522,mucs2021,xtts_v2,channel_g711_20db,,eval,0.0004638662503566593
${DATA_ROOT}/clips/f826775dbceb715fa297.wav,spoof,hi-en,232748,mucs2021,xtts_v2,channel_g711_20db,,eval,0.0004431458073668182
${DATA_ROOT}/clips/e2164e1be0bb73b6696f.wav,spoof,hi-en,238121,mucs2021,xtts_v2,channel_g711_20db,,eval,0.00030335781048052013
${DATA_ROOT}/clips/a26c5ffda947c5cd5943.wav,spoof,hi-en,386410,mucs2021,xtts_v2,channel_g711_20db,,eval,0.0010525876423344016
${DATA_ROOT}/clips/1125e30c48dc250910cf.wav,spoof,hi-en,541916,mucs2021,xtts_v2,channel_g711_20db,,eval,0.0002434414200251922
${DATA_ROOT}/clips/7ee0cc67deb7e96718cd.wav,spoof,hi-en,577537,mucs2021,xtts_v2,channel_g711_20db,,eval,0.003273968817666173
${DATA_ROOT}/clips/29175ff0a0edf613693b.wav,spoof,hi-en,581145,mucs2021,xtts_v2,channel_g711_20db,,eval,0.045423779636621475
${DATA_ROOT}/clips/d015c40eeaf6935f4aad.wav,spoof,hi-en,596505,mucs2021,xtts_v2,channel_g711_20db,,eval,0.000651686976198107
${DATA_ROOT}/clips/b9e88b297cf56dd7ac38.wav,spoof,hi-en,945728,mucs2021,xtts_v2,channel_g711_20db,,eval,0.0006598940817639232
${DATA_ROOT}/clips/975d7810b3acdd35c9b9.wav,spoof,hi-en,976811,mucs2021,xtts_v2,channel_g711_20db,,eval,0.8754544258117676
${DATA_ROOT}/clips/31901da0d8c0782724bc.wav,spoof,hi-en,111627,mucs2021,xtts_v2,channel_g711_20db,,eval,0.00022793959942646325
${DATA_ROOT}/clips/f906a94f44c11bb6bed1.wav,spoof,hi-en,121073,mucs2021,xtts_v2,channel_g711_20db,,eval,0.011566062457859516
${DATA_ROOT}/clips/b99faf16c78240f12c2a.wav,spoof,hi-en,136325,mucs2021,xtts_v2,channel_g711_20db,,eval,0.000986237544566393
${DATA_ROOT}/clips/a3af5d06538bcba0e751.wav,spoof,hi-en,146859,mucs2021,xtts_v2,channel_g711_20db,,eval,0.0002493083302397281
${DATA_ROOT}/clips/e587da1ec76ff06a4a16.wav,spoof,hi-en,165325,mucs2021,xtts_v2,channel_g711_20db,,eval,0.00032986453152261674
${DATA_ROOT}/clips/5db1146c0a560d4991bf.wav,spoof,hi-en,175522,mucs2021,xtts_v2,channel_g711_20db,,eval,0.0024151133839040995
${DATA_ROOT}/clips/b3e4fb2267e32957860d.wav,spoof,hi-en,232748,mucs2021,xtts_v2,channel_g711_20db,,eval,0.00035398721229285
${DATA_ROOT}/clips/43e2d9d54f8bf80c0ff1.wav,spoof,hi-en,238121,mucs2021,xtts_v2,channel_g711_20db,,eval,0.000444771081674844
${DATA_ROOT}/clips/98a5a04416577325f4f0.wav,spoof,hi-en,386410,mucs2021,xtts_v2,channel_g711_20db,,eval,0.0009378541726619005
${DATA_ROOT}/clips/a5f6da8f936f9c3422f9.wav,spoof,hi-en,541916,mucs2021,xtts_v2,channel_g711_20db,,eval,0.00024230353301391006
${DATA_ROOT}/clips/10e764355daa21ec4898.wav,spoof,hi-en,577537,mucs2021,xtts_v2,channel_g711_20db,,eval,0.005756457336246967
${DATA_ROOT}/clips/9c6063343a512d5314fd.wav,spoof,hi-en,581145,mucs2021,xtts_v2,channel_g711_20db,,eval,0.021637428551912308
${DATA_ROOT}/clips/28847d257bf48a9c0d1a.wav,spoof,hi-en,596505,mucs2021,xtts_v2,channel_g711_20db,,eval,0.006866842973977327
${DATA_ROOT}/clips/a53598eb6a4a922b513b.wav,spoof,hi-en,945728,mucs2021,xtts_v2,channel_g711_20db,,eval,0.0033107162453234196
${DATA_ROOT}/clips/9c7022c1f3b522782b33.wav,spoof,hi-en,976811,mucs2021,xtts_v2,channel_g711_20db,,eval,0.8874344229698181
${DATA_ROOT}/clips/bbaf5e14cbe25ea25ce1.wav,spoof,hi-en,111627,mucs2021,xtts_v2,channel_g711_20db,,eval,0.00023307760420721024
${DATA_ROOT}/clips/7cea3eccea11fa2f79a0.wav,spoof,hi-en,121073,mucs2021,xtts_v2,channel_g711_20db,,eval,0.004244308918714523
${DATA_ROOT}/clips/e11522d64bc1c1f3e16b.wav,spoof,hi-en,136325,mucs2021,xtts_v2,channel_g711_20db,,eval,0.00042772985761985183
${DATA_ROOT}/clips/383bec4e54fe42c6ab31.wav,spoof,hi-en,146859,mucs2021,xtts_v2,channel_g711_20db,,eval,0.0003308786835987121
${DATA_ROOT}/clips/4f7fa19bbee3186a82a7.wav,spoof,hi-en,165325,mucs2021,xtts_v2,channel_g711_20db,,eval,0.00022565267863683403
${DATA_ROOT}/clips/fd03d6277269bca7e40b.wav,spoof,hi-en,175522,mucs2021,xtts_v2,channel_g711_20db,,eval,0.0008749769767746329
${DATA_ROOT}/clips/5904f0a17541f75598bd.wav,spoof,hi-en,232748,mucs2021,xtts_v2,channel_g711_20db,,eval,0.0004635626100935042
${DATA_ROOT}/clips/acbfae107bcd6745097b.wav,spoof,hi-en,238121,mucs2021,xtts_v2,channel_g711_20db,,eval,0.0017919059609994292
${DATA_ROOT}/clips/8325dd3920f1bb3a8423.wav,spoof,hi-en,386410,mucs2021,xtts_v2,channel_g711_20db,,eval,0.002465449972078204
${DATA_ROOT}/clips/962af3f2cd3d6e2e1e98.wav,spoof,hi-en,541916,mucs2021,xtts_v2,channel_g711_20db,,eval,0.09010077267885208
${DATA_ROOT}/clips/2a5a30f116722dd7d7ba.wav,spoof,hi-en,577537,mucs2021,xtts_v2,channel_g711_20db,,eval,0.004376793745905161
${DATA_ROOT}/clips/a9200804468b920eeae2.wav,spoof,hi-en,581145,mucs2021,xtts_v2,channel_g711_20db,,eval,0.007415059022605419
${DATA_ROOT}/clips/be9498c182e21556982d.wav,spoof,hi-en,596505,mucs2021,xtts_v2,channel_g711_20db,,eval,0.001973787322640419
${DATA_ROOT}/clips/4d3960bb654b6bc11d9c.wav,spoof,hi-en,945728,mucs2021,xtts_v2,channel_g711_20db,,eval,0.00042419397505000234
${DATA_ROOT}/clips/aee012aecd8c6ba2d58e.wav,spoof,hi-en,976811,mucs2021,xtts_v2,channel_g711_20db,,eval,0.8966072201728821
${DATA_ROOT}/clips/74c761e08bc7fbba6174.wav,spoof,hi-en,111627,mucs2021,xtts_v2,channel_g711_20db,,eval,0.00021775029017589986
${DATA_ROOT}/clips/108503dcb5a8774d0f33.wav,spoof,hi-en,121073,mucs2021,xtts_v2,channel_g711_20db,,eval,0.001146553666330874
${DATA_ROOT}/clips/4a8db71d27b5e61c4b47.wav,spoof,hi-en,136325,mucs2021,xtts_v2,channel_g711_20db,,eval,0.9780969023704529
${DATA_ROOT}/clips/0b36e8893a57f88d62ea.wav,spoof,hi-en,146859,mucs2021,xtts_v2,channel_g711_20db,,eval,0.00023505918215960264
${DATA_ROOT}/clips/f715b86f3ac286839292.wav,spoof,hi-en,165325,mucs2021,xtts_v2,channel_g711_20db,,eval,0.003782800631597638
${DATA_ROOT}/clips/01b0335e4495b1591dc2.wav,spoof,hi-en,175522,mucs2021,xtts_v2,channel_g711_20db,,eval,0.015108262188732624
${DATA_ROOT}/clips/77d60dbfd5c15d664c84.wav,spoof,hi-en,232748,mucs2021,xtts_v2,channel_g711_20db,,eval,0.004356737714260817
${DATA_ROOT}/clips/595f40723ba38da76529.wav,spoof,hi-en,238121,mucs2021,xtts_v2,channel_g711_20db,,eval,0.0006346814334392548
${DATA_ROOT}/clips/7384228384bd9bbe7c67.wav,spoof,hi-en,386410,mucs2021,xtts_v2,channel_g711_20db,,eval,0.00025618026847951114
${DATA_ROOT}/clips/0219325e74db773d7eee.wav,spoof,hi-en,541916,mucs2021,xtts_v2,channel_g711_20db,,eval,0.0004940102226100862
${DATA_ROOT}/clips/f99f05a7dbacb03a37de.wav,spoof,hi-en,577537,mucs2021,xtts_v2,channel_g711_20db,,eval,0.01693851128220558
${DATA_ROOT}/clips/3da3224e0454dff2df57.wav,spoof,hi-en,581145,mucs2021,xtts_v2,channel_g711_20db,,eval,0.0041661374270915985
${DATA_ROOT}/clips/28fafc17bbea1e0c2854.wav,spoof,hi-en,596505,mucs2021,xtts_v2,channel_g711_20db,,eval,0.002652335213497281
${DATA_ROOT}/clips/bc5ed2c6e2601e297936.wav,spoof,hi-en,945728,mucs2021,xtts_v2,channel_g711_20db,,eval,0.0004038436454720795
${DATA_ROOT}/clips/ed5c57c04029536e1827.wav,spoof,hi-en,976811,mucs2021,xtts_v2,channel_g711_20db,,eval,0.9317383170127869
${DATA_ROOT}/clips/eebc7cdfcfb3dc93b1da.wav,spoof,hi-en,111627,mucs2021,xtts_v2,channel_g711_20db,,eval,0.0019296196987852454
${DATA_ROOT}/clips/ba2799af170f48048e6c.wav,spoof,hi-en,121073,mucs2021,xtts_v2,channel_g711_20db,,eval,0.0016113650053739548
${DATA_ROOT}/clips/50e8b4917f08c8115de8.wav,spoof,hi-en,136325,mucs2021,xtts_v2,channel_g711_20db,,eval,0.8999979496002197
${DATA_ROOT}/clips/3437f838cc2c92b024fe.wav,spoof,hi-en,146859,mucs2021,xtts_v2,channel_g711_20db,,eval,0.0005089163896627724
${DATA_ROOT}/clips/fbcfda4c3f93c35a5072.wav,spoof,hi-en,165325,mucs2021,xtts_v2,channel_g711_20db,,eval,0.0007479502819478512
${DATA_ROOT}/clips/eb72e68774de33f26df5.wav,spoof,hi-en,175522,mucs2021,xtts_v2,channel_g711_20db,,eval,0.002688049105927348
${DATA_ROOT}/clips/50360762bdd2d4df37e7.wav,spoof,hi-en,232748,mucs2021,xtts_v2,channel_g711_20db,,eval,0.0008998420089483261
${DATA_ROOT}/clips/9f1d66cbe7cd94c50ecb.wav,spoof,hi-en,238121,mucs2021,xtts_v2,channel_g711_20db,,eval,0.00765845226123929
${DATA_ROOT}/clips/fe2960af427d725d90e4.wav,spoof,hi-en,386410,mucs2021,xtts_v2,channel_g711_20db,,eval,0.00035971193574368954
${DATA_ROOT}/clips/457d5e7e66b0db402896.wav,spoof,hi-en,541916,mucs2021,xtts_v2,channel_g711_20db,,eval,0.00024224391381721944
${DATA_ROOT}/clips/f395044645d6ffc36bb8.wav,spoof,hi-en,577537,mucs2021,xtts_v2,channel_g711_20db,,eval,0.004274036269634962
${DATA_ROOT}/clips/5c8f875b02ee0d2e9a64.wav,spoof,hi-en,581145,mucs2021,xtts_v2,channel_g711_20db,,eval,0.0037412717938423157
${DATA_ROOT}/clips/fac492b9b7d57794252a.wav,spoof,hi-en,596505,mucs2021,xtts_v2,channel_g711_20db,,eval,0.0016196557553485036
${DATA_ROOT}/clips/ccc4bfa29c153546f260.wav,spoof,hi-en,945728,mucs2021,xtts_v2,channel_g711_20db,,eval,0.0028539164923131466
${DATA_ROOT}/clips/6a4802929417d3ac3e20.wav,spoof,hi-en,976811,mucs2021,xtts_v2,channel_g711_20db,,eval,0.0005077577661722898
${DATA_ROOT}/clips/bd3ecd09830bee338290.wav,spoof,hi-en,111627,mucs2021,xtts_v2,channel_g711_20db,,eval,0.0002497294335626066
${DATA_ROOT}/clips/3eccf6322d8e341daea6.wav,spoof,hi-en,121073,mucs2021,xtts_v2,channel_g711_20db,,eval,0.0004892827128060162
${DATA_ROOT}/clips/6ae60d2a2291d4c3ad2c.wav,spoof,hi-en,136325,mucs2021,xtts_v2,channel_g711_20db,,eval,0.00033484376035630703
${DATA_ROOT}/clips/ac70d0f2a8fee79d7b3f.wav,spoof,hi-en,146859,mucs2021,xtts_v2,channel_g711_20db,,eval,0.00022545180399902165
${DATA_ROOT}/clips/57935bb51b3a470a6152.wav,spoof,hi-en,165325,mucs2021,xtts_v2,channel_g711_20db,,eval,0.0008541339775547385
${DATA_ROOT}/clips/2bd1acec31190d6b0d40.wav,spoof,hi-en,175522,mucs2021,xtts_v2,channel_g711_20db,,eval,0.0017257530707865953
${DATA_ROOT}/clips/c44fdfc6d054db057925.wav,spoof,hi-en,232748,mucs2021,xtts_v2,channel_g711_20db,,eval,0.004535121377557516
${DATA_ROOT}/clips/30a69242cbe96f3d56db.wav,spoof,hi-en,238121,mucs2021,xtts_v2,channel_g711_20db,,eval,0.00038007221883162856
${DATA_ROOT}/clips/a6e1dc81c5877bba0af8.wav,spoof,hi-en,386410,mucs2021,xtts_v2,channel_g711_20db,,eval,0.00039959236164577305
${DATA_ROOT}/clips/581e54ac2e21bd33859c.wav,spoof,hi-en,541916,mucs2021,xtts_v2,channel_g711_20db,,eval,0.0007765830378048122
${DATA_ROOT}/clips/f034f17593306b91ddf4.wav,spoof,hi-en,577537,mucs2021,xtts_v2,channel_g711_20db,,eval,0.0026424946263432503
${DATA_ROOT}/clips/e50d2b357cf1596b66ed.wav,spoof,hi-en,581145,mucs2021,xtts_v2,channel_g711_20db,,eval,0.0026416038163006306
${DATA_ROOT}/clips/60e350d3b8b1f24405b2.wav,spoof,hi-en,596505,mucs2021,xtts_v2,channel_g711_20db,,eval,0.001950165955349803
${DATA_ROOT}/clips/5c7183e9692e3a5ec33a.wav,spoof,hi-en,945728,mucs2021,xtts_v2,channel_g711_20db,,eval,0.0005874662892892957
${DATA_ROOT}/clips/0a7302b112fb276889f0.wav,spoof,hi-en,976811,mucs2021,xtts_v2,channel_g711_20db,,eval,0.294928640127182
${DATA_ROOT}/clips/709234583bdcdd79d78b.wav,spoof,hi-en,111627,mucs2021,xtts_v2,channel_g711_20db,,eval,0.0002352443552808836
${DATA_ROOT}/clips/aaec69e2e5587194f462.wav,spoof,hi-en,121073,mucs2021,xtts_v2,channel_g711_20db,,eval,0.003604769241064787
${DATA_ROOT}/clips/1d3f068bf01b2ceee2bc.wav,spoof,hi-en,136325,mucs2021,xtts_v2,channel_g711_20db,,eval,0.986814022064209
${DATA_ROOT}/clips/d3e1e5df4b73fa671792.wav,spoof,hi-en,146859,mucs2021,xtts_v2,channel_g711_20db,,eval,0.0014497615629807115
${DATA_ROOT}/clips/6960003a35afd65dac32.wav,spoof,hi-en,165325,mucs2021,xtts_v2,channel_g711_20db,,eval,0.003805390791967511
${DATA_ROOT}/clips/e231c341527445bf056d.wav,spoof,hi-en,175522,mucs2021,xtts_v2,channel_g711_20db,,eval,0.00029549136525020003
${DATA_ROOT}/clips/dc48703e627e2a6bdace.wav,spoof,hi-en,232748,mucs2021,xtts_v2,channel_g711_20db,,eval,0.00819438323378563
${DATA_ROOT}/clips/d8d6dcbc5a4e2f49d4db.wav,spoof,hi-en,238121,mucs2021,xtts_v2,channel_g711_20db,,eval,0.007678595371544361
${DATA_ROOT}/clips/d75be6b2fd8f22236097.wav,spoof,hi-en,386410,mucs2021,xtts_v2,channel_g711_20db,,eval,0.0002330334100406617
${DATA_ROOT}/clips/72518673c6dabd7d789f.wav,spoof,hi-en,541916,mucs2021,xtts_v2,channel_g711_20db,,eval,0.005602104123681784
${DATA_ROOT}/clips/3518d77cab249e494adf.wav,spoof,hi-en,577537,mucs2021,xtts_v2,channel_g711_20db,,eval,0.009494306519627571
${DATA_ROOT}/clips/2c364fdbfbe8fb196fd7.wav,spoof,hi-en,581145,mucs2021,xtts_v2,channel_g711_20db,,eval,0.00229311129078269
${DATA_ROOT}/clips/8d1369830c6e00d1de9f.wav,spoof,hi-en,596505,mucs2021,xtts_v2,channel_g711_20db,,eval,0.0013730000937357545
${DATA_ROOT}/clips/ad922c0a9fd340d40768.wav,spoof,hi-en,945728,mucs2021,xtts_v2,channel_g711_20db,,eval,0.0003637204354163259
${DATA_ROOT}/clips/297dfc9954549c6045f2.wav,spoof,hi-en,976811,mucs2021,xtts_v2,channel_g711_20db,,eval,0.0013534440658986568
${DATA_ROOT}/clips/ec754da1df1bab908878.wav,spoof,hi-en,111627,mucs2021,xtts_v2,channel_g711_20db,,eval,0.0005736827733926475
${DATA_ROOT}/clips/dd0ab75d4b1e2ce736c3.wav,spoof,hi-en,121073,mucs2021,xtts_v2,channel_g711_20db,,eval,0.0002437140792608261
${DATA_ROOT}/clips/e54727d7cea6aa473413.wav,spoof,hi-en,136325,mucs2021,xtts_v2,channel_g711_20db,,eval,0.7067213654518127
${DATA_ROOT}/clips/c564e923de77f8d52904.wav,spoof,hi-en,146859,mucs2021,xtts_v2,channel_g711_20db,,eval,0.0002490035549271852
${DATA_ROOT}/clips/af1eb5a2603c49be18a7.wav,spoof,hi-en,165325,mucs2021,xtts_v2,channel_g711_20db,,eval,0.0010424137581139803
${DATA_ROOT}/clips/d934a85b05e512646339.wav,spoof,hi-en,175522,mucs2021,xtts_v2,channel_g711_20db,,eval,0.0017111353809013963
${DATA_ROOT}/clips/32edb183793225df82a8.wav,spoof,hi-en,232748,mucs2021,xtts_v2,channel_g711_20db,,eval,0.007012483198195696
${DATA_ROOT}/clips/ae6e5f0a5dae76414bb6.wav,spoof,hi-en,238121,mucs2021,xtts_v2,channel_g711_20db,,eval,0.0005177396233193576
${DATA_ROOT}/clips/1d2233d9623a1948c6a2.wav,spoof,hi-en,386410,mucs2021,xtts_v2,channel_g711_20db,,eval,0.0024619915056973696
${DATA_ROOT}/clips/810a74fde3c2fcd9dea6.wav,spoof,hi-en,541916,mucs2021,xtts_v2,channel_g711_20db,,eval,0.0394790843129158
${DATA_ROOT}/clips/19b302caa9afd0c8ec38.wav,spoof,hi-en,577537,mucs2021,xtts_v2,channel_g711_20db,,eval,0.0007634866051375866
${DATA_ROOT}/clips/291a2179de4ee2b4d298.wav,spoof,hi-en,581145,mucs2021,xtts_v2,channel_g711_20db,,eval,0.05579125136137009
${DATA_ROOT}/clips/630c325a7a43d2c3934d.wav,spoof,hi-en,596505,mucs2021,xtts_v2,channel_g711_20db,,eval,0.0035512903705239296
${DATA_ROOT}/clips/9f8d158ef81313418865.wav,spoof,hi-en,945728,mucs2021,xtts_v2,channel_g711_20db,,eval,0.003590878564864397
${DATA_ROOT}/clips/33dd926a0d67768d0096.wav,spoof,hi-en,976811,mucs2021,xtts_v2,channel_g711_20db,,eval,0.019554639235138893
${DATA_ROOT}/clips/24c0e6cdaabd56afc435.wav,spoof,hi-en,111627,mucs2021,xtts_v2,channel_g711_20db,,eval,0.00020752227283082902
${DATA_ROOT}/clips/bc812ffecf33e92fe129.wav,spoof,hi-en,121073,mucs2021,xtts_v2,channel_g711_20db,,eval,0.0006116252625361085
${DATA_ROOT}/clips/0404cb10f5364f25b9ab.wav,spoof,hi-en,136325,mucs2021,xtts_v2,channel_g711_20db,,eval,0.9726967811584473
${DATA_ROOT}/clips/e88f9d59b02626b8609b.wav,spoof,hi-en,146859,mucs2021,xtts_v2,channel_g711_20db,,eval,0.11776643991470337
${DATA_ROOT}/clips/8863760c999e7c0ef3d4.wav,spoof,hi-en,165325,mucs2021,xtts_v2,channel_g711_20db,,eval,0.011382149532437325
${DATA_ROOT}/clips/a64d9ca8f9ab6e389941.wav,spoof,hi-en,175522,mucs2021,xtts_v2,channel_g711_20db,,eval,0.0003083274932578206
${DATA_ROOT}/clips/fc5c29183263df57c6bd.wav,spoof,hi-en,232748,mucs2021,xtts_v2,channel_g711_20db,,eval,0.0014126598834991455
${DATA_ROOT}/clips/d1e9328d58b1dd8fac63.wav,spoof,hi-en,238121,mucs2021,xtts_v2,channel_g711_20db,,eval,0.0013310405192896724
${DATA_ROOT}/clips/2f299f8bf5614bced06e.wav,spoof,hi-en,386410,mucs2021,xtts_v2,channel_g711_20db,,eval,0.000614541640970856
${DATA_ROOT}/clips/5db48c98476ba9bfb41d.wav,spoof,hi-en,541916,mucs2021,xtts_v2,channel_g711_20db,,eval,0.00030368223087862134
${DATA_ROOT}/clips/3f2e8162ebc603f45a43.wav,spoof,hi-en,577537,mucs2021,xtts_v2,channel_g711_20db,,eval,0.0020120982080698013
${DATA_ROOT}/clips/8024c52f3fc1fe7fbfae.wav,spoof,hi-en,581145,mucs2021,xtts_v2,channel_g711_20db,,eval,0.008657692931592464
${DATA_ROOT}/clips/8eef79f678e57b863914.wav,spoof,hi-en,596505,mucs2021,xtts_v2,channel_g711_20db,,eval,0.0014327596873044968
${DATA_ROOT}/clips/9dd3f937975ebebd4096.wav,spoof,hi-en,945728,mucs2021,xtts_v2,channel_g711_20db,,eval,0.002755370456725359
${DATA_ROOT}/clips/8bc3a31b3a808ab531d5.wav,spoof,hi-en,976811,mucs2021,xtts_v2,channel_g711_20db,,eval,0.924763560295105
${DATA_ROOT}/clips/4eac262bc4bd61a25c5c.wav,spoof,hi-en,111627,mucs2021,xtts_v2,channel_g711_20db,,eval,0.0002337492915103212
${DATA_ROOT}/clips/b855719d545b4ffc2ace.wav,spoof,hi-en,121073,mucs2021,xtts_v2,channel_g711_20db,,eval,0.00033830953179858625
${DATA_ROOT}/clips/b9a3a9d68b7183854817.wav,spoof,hi-en,136325,mucs2021,xtts_v2,channel_g711_20db,,eval,0.9976198077201843
${DATA_ROOT}/clips/b654b65d42d0cf35027d.wav,spoof,hi-en,146859,mucs2021,xtts_v2,channel_g711_20db,,eval,0.0014132774667814374
${DATA_ROOT}/clips/271c3e380cf87020b813.wav,spoof,hi-en,165325,mucs2021,xtts_v2,channel_g711_20db,,eval,0.005142604000866413
${DATA_ROOT}/clips/f1ee8d7c6ec307b49056.wav,spoof,hi-en,175522,mucs2021,xtts_v2,channel_g711_20db,,eval,0.0014108127215877175
${DATA_ROOT}/clips/7077fc75db0ec47b1127.wav,spoof,hi-en,232748,mucs2021,xtts_v2,channel_g711_20db,,eval,0.0004114943149033934
${DATA_ROOT}/clips/362d72f67d2a0acb8e49.wav,spoof,hi-en,238121,mucs2021,xtts_v2,channel_g711_20db,,eval,0.010894726030528545
${DATA_ROOT}/clips/6c501c9f1b2568108163.wav,spoof,hi-en,386410,mucs2021,xtts_v2,channel_g711_20db,,eval,0.0003481087915133685
${DATA_ROOT}/clips/e8513adcbfe097ede0e0.wav,spoof,hi-en,541916,mucs2021,xtts_v2,channel_g711_20db,,eval,0.0002179725415771827
${DATA_ROOT}/clips/7adfc13095896bc7914d.wav,spoof,hi-en,577537,mucs2021,xtts_v2,channel_g711_20db,,eval,0.0010507460683584213
${DATA_ROOT}/clips/88b74f52574584940125.wav,spoof,hi-en,581145,mucs2021,xtts_v2,channel_g711_20db,,eval,0.0013698426773771644
${DATA_ROOT}/clips/97e7232b3dcd71d17f7a.wav,spoof,hi-en,596505,mucs2021,xtts_v2,channel_g711_20db,,eval,0.0002610994561109692
${DATA_ROOT}/clips/090069767d5c5f9b9d6f.wav,spoof,hi-en,945728,mucs2021,xtts_v2,channel_g711_20db,,eval,0.0005046970909461379
${DATA_ROOT}/clips/5015fd7b5db1ae004c4a.wav,spoof,hi-en,976811,mucs2021,xtts_v2,channel_g711_20db,,eval,0.987282395362854
${DATA_ROOT}/clips/572abff868f399372b5d.wav,spoof,hi-en,111627,mucs2021,xtts_v2,channel_g711_20db,,eval,0.00036773624015040696
${DATA_ROOT}/clips/5604f4c0e83354eb03a3.wav,spoof,hi-en,121073,mucs2021,xtts_v2,channel_g711_20db,,eval,0.0014068854507058859
${DATA_ROOT}/clips/bde4a543e8fd635ba141.wav,spoof,hi-en,136325,mucs2021,xtts_v2,channel_g711_20db,,eval,0.0008901461842469871
${DATA_ROOT}/clips/b0e06b223b3d8e183204.wav,spoof,hi-en,146859,mucs2021,xtts_v2,channel_g711_20db,,eval,0.00022414649720303714
${DATA_ROOT}/clips/67da3c7b21d3162e5244.wav,spoof,hi-en,165325,mucs2021,xtts_v2,channel_g711_20db,,eval,0.0003885191981680691
${DATA_ROOT}/clips/f1c4840c1c59754a3028.wav,spoof,hi-en,175522,mucs2021,xtts_v2,channel_g711_20db,,eval,0.0023037295322865248
${DATA_ROOT}/clips/aca587c8c71c52382b14.wav,spoof,hi-en,232748,mucs2021,xtts_v2,channel_g711_20db,,eval,0.0002372099261265248
${DATA_ROOT}/clips/3b0c1c2f88809e3c78c6.wav,spoof,hi-en,238121,mucs2021,xtts_v2,channel_g711_20db,,eval,0.0005855093477293849
${DATA_ROOT}/clips/f7d75ee6d93af15c6d26.wav,spoof,hi-en,386410,mucs2021,xtts_v2,channel_g711_20db,,eval,0.001173098455183208
${DATA_ROOT}/clips/6b3e8419c840d57dc120.wav,spoof,hi-en,541916,mucs2021,xtts_v2,channel_g711_20db,,eval,0.04537554457783699
${DATA_ROOT}/clips/5450705622683dd8c219.wav,spoof,hi-en,577537,mucs2021,xtts_v2,channel_g711_20db,,eval,0.0064622494392097
${DATA_ROOT}/clips/d72c78546e1a96fda236.wav,spoof,hi-en,581145,mucs2021,xtts_v2,channel_g711_20db,,eval,0.0032801833003759384
${DATA_ROOT}/clips/e66fea460a24d1ec1628.wav,spoof,hi-en,596505,mucs2021,xtts_v2,channel_g711_20db,,eval,0.0005043979617767036
${DATA_ROOT}/clips/3b2403aaa46c66b0547a.wav,spoof,hi-en,945728,mucs2021,xtts_v2,channel_g711_20db,,eval,0.00025346793700009584
${DATA_ROOT}/clips/c2c64e2fef610804e8f5.wav,spoof,hi-en,976811,mucs2021,xtts_v2,channel_g711_20db,,eval,0.9889687299728394
${DATA_ROOT}/clips/6ec506efaf2dffc63229.wav,spoof,hi-en,111627,mucs2021,xtts_v2,channel_g711_20db,,eval,0.00041267534834332764
${DATA_ROOT}/clips/51428a1211276a3696b3.wav,spoof,hi-en,121073,mucs2021,xtts_v2,channel_g711_20db,,eval,0.0002435465867165476
${DATA_ROOT}/clips/6acd949353a387197447.wav,spoof,hi-en,136325,mucs2021,xtts_v2,channel_g711_20db,,eval,0.01514557283371687
${DATA_ROOT}/clips/2e5f442a5f3a4c6155f5.wav,spoof,hi-en,146859,mucs2021,xtts_v2,channel_g711_20db,,eval,0.0003573947469703853
${DATA_ROOT}/clips/7e9e89b8ae858ef16bcf.wav,spoof,hi-en,165325,mucs2021,xtts_v2,channel_g711_20db,,eval,0.00022009474923834205
${DATA_ROOT}/clips/e1691398193d35529d7a.wav,spoof,hi-en,175522,mucs2021,xtts_v2,channel_g711_20db,,eval,0.0004302957095205784
${DATA_ROOT}/clips/d270a6702719020573d8.wav,spoof,hi-en,232748,mucs2021,xtts_v2,channel_g711_20db,,eval,0.009408446960151196
${DATA_ROOT}/clips/30e10511d5e7accab7be.wav,spoof,hi-en,238121,mucs2021,xtts_v2,channel_g711_20db,,eval,0.0009043235331773758
${DATA_ROOT}/clips/75436658e11c3918144b.wav,spoof,hi-en,386410,mucs2021,xtts_v2,channel_g711_20db,,eval,0.003041652962565422
${DATA_ROOT}/clips/68fe6122fe9c01347207.wav,spoof,hi-en,541916,mucs2021,xtts_v2,channel_g711_20db,,eval,0.0002485535806044936
${DATA_ROOT}/clips/8bf83d21b49d40730bce.wav,spoof,hi-en,577537,mucs2021,xtts_v2,channel_g711_20db,,eval,0.0060898796655237675
${DATA_ROOT}/clips/30597f0b588566ab0d89.wav,spoof,hi-en,581145,mucs2021,xtts_v2,channel_g711_20db,,eval,0.0030949574429541826
${DATA_ROOT}/clips/2bcb95982e1aee875101.wav,spoof,hi-en,596505,mucs2021,xtts_v2,channel_g711_20db,,eval,0.004155173897743225
${DATA_ROOT}/clips/a8c9c3ce8a603b10ad01.wav,spoof,hi-en,945728,mucs2021,xtts_v2,channel_g711_20db,,eval,0.0004015206650365144
${DATA_ROOT}/clips/f575e3b736f410387595.wav,spoof,hi-en,976811,mucs2021,xtts_v2,channel_g711_20db,,eval,0.9966230392456055
${DATA_ROOT}/clips/2a3fe75807264c4c5b9e.wav,spoof,hi-en,111627,mucs2021,xtts_v2,channel_g711_20db,,eval,0.00023219460854306817
${DATA_ROOT}/clips/13d815a49ecdc58b0b44.wav,spoof,hi-en,121073,mucs2021,xtts_v2,channel_g711_20db,,eval,0.0002984602760989219
${DATA_ROOT}/clips/ae853a2ffa1f5faab5b5.wav,spoof,hi-en,136325,mucs2021,xtts_v2,channel_g711_20db,,eval,0.0007306109764613211
${DATA_ROOT}/clips/134a7463e41e4e790a60.wav,spoof,hi-en,146859,mucs2021,xtts_v2,channel_g711_20db,,eval,0.00025316892424598336
${DATA_ROOT}/clips/35e98921fc40dade44aa.wav,spoof,hi-en,165325,mucs2021,xtts_v2,channel_g711_20db,,eval,0.0003450334188528359
${DATA_ROOT}/clips/b7db919fd797b1da75aa.wav,spoof,hi-en,175522,mucs2021,xtts_v2,channel_g711_20db,,eval,0.007332077715545893
${DATA_ROOT}/clips/6e6f897e6d7960b274d1.wav,spoof,hi-en,232748,mucs2021,xtts_v2,channel_g711_20db,,eval,0.039551954716444016
${DATA_ROOT}/clips/a4eb830a070092dbdcca.wav,spoof,hi-en,238121,mucs2021,xtts_v2,channel_g711_20db,,eval,0.0021187709644436836
${DATA_ROOT}/clips/9e2cb6e6c4b008f31b98.wav,spoof,hi-en,386410,mucs2021,xtts_v2,channel_g711_20db,,eval,0.0018665316747501493
${DATA_ROOT}/clips/02e89a269161936adf3c.wav,spoof,hi-en,541916,mucs2021,xtts_v2,channel_g711_20db,,eval,0.00024894968373700976
${DATA_ROOT}/clips/112aa4df43ff81c2f22f.wav,spoof,hi-en,577537,mucs2021,xtts_v2,channel_g711_20db,,eval,0.002825343981385231
${DATA_ROOT}/clips/ded1c67f622040ca101d.wav,spoof,hi-en,581145,mucs2021,xtts_v2,channel_g711_20db,,eval,0.0067425877787172794
${DATA_ROOT}/clips/f3e1ff359b722ba9ddde.wav,spoof,hi-en,596505,mucs2021,xtts_v2,channel_g711_20db,,eval,0.0020624962635338306
${DATA_ROOT}/clips/b569088f2855e6948d61.wav,spoof,hi-en,945728,mucs2021,xtts_v2,channel_g711_20db,,eval,0.0031577509362250566
${DATA_ROOT}/clips/9d66c19f420a1d5b86b8.wav,spoof,hi-en,976811,mucs2021,xtts_v2,channel_g711_20db,,eval,0.14275617897510529
${DATA_ROOT}/clips/c5ceb911933f2acb0465.wav,spoof,hi-en,111627,mucs2021,xtts_v2,channel_g711_20db,,eval,0.0020094725769013166
${DATA_ROOT}/clips/121e8cb352cad662fdc7.wav,spoof,hi-en,121073,mucs2021,xtts_v2,channel_g711_20db,,eval,0.010987441055476665
${DATA_ROOT}/clips/a71e4d614772f8d6aff4.wav,spoof,hi-en,136325,mucs2021,xtts_v2,channel_g711_20db,,eval,0.8793310523033142
${DATA_ROOT}/clips/51269b021d9f7e5e7dd1.wav,spoof,hi-en,146859,mucs2021,xtts_v2,channel_g711_20db,,eval,0.0770479217171669
${DATA_ROOT}/clips/4aaa6bdc43ca9adc0475.wav,spoof,hi-en,165325,mucs2021,xtts_v2,channel_g711_20db,,eval,0.00028266586014069617
${DATA_ROOT}/clips/e228f3df2ee83e2c7d76.wav,spoof,hi-en,175522,mucs2021,xtts_v2,channel_g711_20db,,eval,0.00028172286693006754
${DATA_ROOT}/clips/c0a2aedf83bcf2d763fb.wav,spoof,hi-en,232748,mucs2021,xtts_v2,channel_g711_20db,,eval,0.0015641007339581847
${DATA_ROOT}/clips/ff89df31ada39c3bc82c.wav,spoof,hi-en,238121,mucs2021,xtts_v2,channel_g711_20db,,eval,0.008694485761225224
${DATA_ROOT}/clips/60cf99712c6def785281.wav,spoof,hi-en,386410,mucs2021,xtts_v2,channel_g711_20db,,eval,0.0007124564726836979
${DATA_ROOT}/clips/a54ad544d4f1d6ed8dc8.wav,spoof,hi-en,541916,mucs2021,xtts_v2,channel_g711_20db,,eval,0.00031142772058956325
${DATA_ROOT}/clips/94042e2280b4726966fb.wav,spoof,hi-en,577537,mucs2021,xtts_v2,channel_g711_20db,,eval,0.00040178370545618236
${DATA_ROOT}/clips/74243301244969e1a6f4.wav,spoof,hi-en,581145,mucs2021,xtts_v2,channel_g711_20db,,eval,0.0021497162524610758
${DATA_ROOT}/clips/a72bbfa85ac30eb08a25.wav,spoof,hi-en,596505,mucs2021,xtts_v2,channel_g711_20db,,eval,0.0014653248945251107
${DATA_ROOT}/clips/8a5649bf90aa4af48e9e.wav,spoof,hi-en,945728,mucs2021,xtts_v2,channel_g711_20db,,eval,0.004366109613329172
${DATA_ROOT}/clips/b44a0642a011565666fe.wav,spoof,hi-en,976811,mucs2021,xtts_v2,channel_g711_20db,,eval,0.6256103515625
${DATA_ROOT}/clips/a966d41880ce4facc409.wav,spoof,hi-en,111627,mucs2021,xtts_v2,channel_g711_20db,,eval,0.00022790266666561365
${DATA_ROOT}/clips/ad1f7487e26ccc8fb625.wav,spoof,hi-en,121073,mucs2021,xtts_v2,channel_g711_20db,,eval,0.0002855323546100408
${DATA_ROOT}/clips/2bf1d518cc52920b0492.wav,spoof,hi-en,136325,mucs2021,xtts_v2,channel_g711_20db,,eval,0.6906177997589111
${DATA_ROOT}/clips/b32ca11599ebecc8465e.wav,spoof,hi-en,146859,mucs2021,xtts_v2,channel_g711_20db,,eval,0.0005760451313108206
${DATA_ROOT}/clips/2f8afeb1816f2811dbec.wav,spoof,hi-en,165325,mucs2021,xtts_v2,channel_g711_20db,,eval,0.00035800208570435643
${DATA_ROOT}/clips/386736fe6e438449c983.wav,spoof,hi-en,175522,mucs2021,xtts_v2,channel_g711_20db,,eval,0.0003444823669269681
${DATA_ROOT}/clips/56ab76a17f7b9d6bdfc2.wav,spoof,hi-en,232748,mucs2021,xtts_v2,channel_g711_20db,,eval,0.004160886164754629
${DATA_ROOT}/clips/495b0c1ef36d2167a987.wav,spoof,hi-en,238121,mucs2021,xtts_v2,channel_g711_20db,,eval,0.003439352149143815
${DATA_ROOT}/clips/14fb585fd44e47944385.wav,spoof,hi-en,386410,mucs2021,xtts_v2,channel_g711_20db,,eval,0.004676009528338909
${DATA_ROOT}/clips/e8dfb801011dcab3bb28.wav,spoof,hi-en,541916,mucs2021,xtts_v2,channel_g711_20db,,eval,0.00023025873815640807
${DATA_ROOT}/clips/d847145979ec9a23ab81.wav,spoof,hi-en,577537,mucs2021,xtts_v2,channel_g711_20db,,eval,0.013290097936987877
${DATA_ROOT}/clips/90564b913198370eb18d.wav,spoof,hi-en,581145,mucs2021,xtts_v2,channel_g711_20db,,eval,0.0032718670554459095
${DATA_ROOT}/clips/fdfba9f3387237e3cf94.wav,spoof,hi-en,596505,mucs2021,xtts_v2,channel_g711_20db,,eval,0.002532097278162837
${DATA_ROOT}/clips/09ef1abfcf3d9c4353df.wav,spoof,hi-en,945728,mucs2021,xtts_v2,channel_g711_20db,,eval,0.0014871222665533423
${DATA_ROOT}/clips/b2dca0bac98013300069.wav,spoof,hi-en,976811,mucs2021,xtts_v2,channel_g711_20db,,eval,0.9951679706573486
${DATA_ROOT}/clips/b28577c820d4236648a2.wav,spoof,hi-en,111627,mucs2021,xtts_v2,channel_g711_20db,,eval,0.00022270089539233595
${DATA_ROOT}/clips/cc79561d70d1247ed24e.wav,spoof,hi-en,121073,mucs2021,xtts_v2,channel_g711_20db,,eval,0.0016460487386211753
${DATA_ROOT}/clips/4e6fe51c7c23fef1c9d1.wav,spoof,hi-en,136325,mucs2021,xtts_v2,channel_g711_20db,,eval,0.9108637571334839
${DATA_ROOT}/clips/29f6e276426613031cda.wav,spoof,hi-en,146859,mucs2021,xtts_v2,channel_g711_20db,,eval,0.00021984580962453038
${DATA_ROOT}/clips/f66384ea6c6665b1dde2.wav,spoof,hi-en,165325,mucs2021,xtts_v2,channel_g711_20db,,eval,0.0026528702583163977
${DATA_ROOT}/clips/d332eb7cebff2eb354ec.wav,spoof,hi-en,175522,mucs2021,xtts_v2,channel_g711_20db,,eval,0.003057296620681882
${DATA_ROOT}/clips/19f3bebcc03fddc4449c.wav,spoof,hi-en,232748,mucs2021,xtts_v2,channel_g711_20db,,eval,0.00123996427282691
${DATA_ROOT}/clips/d57ce1d8211e5fd0e7fd.wav,spoof,hi-en,238121,mucs2021,xtts_v2,channel_g711_20db,,eval,0.0005811049486510456
${DATA_ROOT}/clips/047d62fa29a917c3edc8.wav,spoof,hi-en,386410,mucs2021,xtts_v2,channel_g711_20db,,eval,0.0004188985039945692
${DATA_ROOT}/clips/47c8c87bead4ea622fdb.wav,spoof,hi-en,541916,mucs2021,xtts_v2,channel_g711_20db,,eval,0.00023203126329462975
${DATA_ROOT}/clips/e66516b50af0052be823.wav,spoof,hi-en,577537,mucs2021,xtts_v2,channel_g711_20db,,eval,0.00024078768910840154
${DATA_ROOT}/clips/d428016277e015098c60.wav,spoof,hi-en,581145,mucs2021,xtts_v2,channel_g711_20db,,eval,0.004283303860574961
${DATA_ROOT}/clips/bc87c2ca83d587ea2439.wav,spoof,hi-en,596505,mucs2021,xtts_v2,channel_g711_20db,,eval,0.0014961090637370944
${DATA_ROOT}/clips/2ea2e2595a05a9dd1881.wav,spoof,hi-en,945728,mucs2021,xtts_v2,channel_g711_20db,,eval,0.0010322537273168564
${DATA_ROOT}/clips/5acb07976c0febae8630.wav,spoof,hi-en,976811,mucs2021,xtts_v2,channel_g711_20db,,eval,0.7800548672676086
${DATA_ROOT}/clips/bea4c10429cd89f47b40.wav,spoof,hi-en,111627,mucs2021,xtts_v2,channel_g711_20db,,eval,0.0004995283670723438
${DATA_ROOT}/clips/476f20473797754a35be.wav,spoof,hi-en,121073,mucs2021,xtts_v2,channel_g711_20db,,eval,0.00030311616137623787
${DATA_ROOT}/clips/6e69397ab4132ac2c7e7.wav,spoof,hi-en,136325,mucs2021,xtts_v2,channel_g711_20db,,eval,0.9798079133033752
${DATA_ROOT}/clips/6fb450ed124950a4a329.wav,spoof,hi-en,146859,mucs2021,xtts_v2,channel_g711_20db,,eval,0.006207275204360485
${DATA_ROOT}/clips/341983cf51de1bdbeb31.wav,spoof,hi-en,165325,mucs2021,xtts_v2,channel_g711_20db,,eval,0.00023047332069836557
${DATA_ROOT}/clips/46ce5fbea64b6e3f6fb5.wav,spoof,hi-en,175522,mucs2021,xtts_v2,channel_g711_20db,,eval,0.00025984609965234995
${DATA_ROOT}/clips/c7b34b8fd31b28aab8b6.wav,spoof,hi-en,232748,mucs2021,xtts_v2,channel_g711_20db,,eval,0.003601892851293087
${DATA_ROOT}/clips/4df0dbf44b4b3f2dde82.wav,spoof,hi-en,238121,mucs2021,xtts_v2,channel_g711_20db,,eval,0.0032403755467385054
${DATA_ROOT}/clips/553a64b5598e99c711e3.wav,spoof,hi-en,386410,mucs2021,xtts_v2,channel_g711_20db,,eval,0.0016568145947530866
${DATA_ROOT}/clips/6c64e46142e8c37306a1.wav,spoof,hi-en,541916,mucs2021,xtts_v2,channel_g711_20db,,eval,0.000476102257380262
${DATA_ROOT}/clips/6c4753f87a23a2280419.wav,spoof,hi-en,577537,mucs2021,xtts_v2,channel_g711_20db,,eval,0.0030792171601206064
${DATA_ROOT}/clips/7f2ad414619606102ae1.wav,spoof,hi-en,581145,mucs2021,xtts_v2,channel_g711_20db,,eval,0.010144364088773727
${DATA_ROOT}/clips/8ce3ac308a4af4ae14f8.wav,spoof,hi-en,596505,mucs2021,xtts_v2,channel_g711_20db,,eval,0.017980584874749184
${DATA_ROOT}/clips/10b1d04551378f6a6873.wav,spoof,hi-en,945728,mucs2021,xtts_v2,channel_g711_20db,,eval,0.001026776386424899
${DATA_ROOT}/clips/8b70f7948a95462737a2.wav,spoof,hi-en,976811,mucs2021,xtts_v2,channel_g711_20db,,eval,0.9978505373001099
${DATA_ROOT}/clips/715cf51e83b07f1203f8.wav,spoof,hi-en,111627,mucs2021,xtts_v2,channel_g711_20db,,eval,0.0003458834544289857
${DATA_ROOT}/clips/73cc5152b508d500be36.wav,spoof,hi-en,121073,mucs2021,xtts_v2,channel_g711_20db,,eval,0.000948002387303859
${DATA_ROOT}/clips/8d537ef37a8dd7921c42.wav,spoof,hi-en,136325,mucs2021,xtts_v2,channel_g711_20db,,eval,0.0008351443102583289
${DATA_ROOT}/clips/747ed7607fb157d65654.wav,spoof,hi-en,146859,mucs2021,xtts_v2,channel_g711_20db,,eval,0.0003439279680605978
${DATA_ROOT}/clips/a735c6472045434863e6.wav,spoof,hi-en,165325,mucs2021,xtts_v2,channel_g711_20db,,eval,0.00036379150697030127
${DATA_ROOT}/clips/4dd099477bb310a9ccc9.wav,spoof,hi-en,175522,mucs2021,xtts_v2,channel_g711_20db,,eval,0.0012466456973925233
${DATA_ROOT}/clips/cff5360e1cdbd978cc21.wav,spoof,hi-en,232748,mucs2021,xtts_v2,channel_g711_20db,,eval,0.004431332927197218
${DATA_ROOT}/clips/a5073e23a2ed08854233.wav,spoof,hi-en,238121,mucs2021,xtts_v2,channel_g711_20db,,eval,0.0002383525570621714
${DATA_ROOT}/clips/d154288ebc920598037c.wav,spoof,hi-en,386410,mucs2021,xtts_v2,channel_g711_20db,,eval,0.0008282685303129256
${DATA_ROOT}/clips/c83a8267e2aab2bff90d.wav,spoof,hi-en,541916,mucs2021,xtts_v2,channel_g711_20db,,eval,0.00024099255097098649
${DATA_ROOT}/clips/f4e769d10753cc00d121.wav,spoof,hi-en,577537,mucs2021,xtts_v2,channel_g711_20db,,eval,0.004437820985913277
${DATA_ROOT}/clips/a455f7846921d6c75d7d.wav,spoof,hi-en,581145,mucs2021,xtts_v2,channel_g711_20db,,eval,0.018106622621417046
${DATA_ROOT}/clips/4d40fc650f84133a4556.wav,spoof,hi-en,596505,mucs2021,xtts_v2,channel_g711_20db,,eval,0.0007098053465597332
${DATA_ROOT}/clips/e1e2eb03c77c8bc5b218.wav,spoof,hi-en,945728,mucs2021,xtts_v2,channel_g711_20db,,eval,0.00024307286366820335
${DATA_ROOT}/clips/176d1ca272e082649eca.wav,spoof,hi-en,976811,mucs2021,xtts_v2,channel_g711_20db,,eval,0.4343137741088867
${DATA_ROOT}/clips/8df2052da981f09ced44.wav,spoof,hi-en,111627,mucs2021,xtts_v2,channel_g711_20db,,eval,0.0002536463434807956
${DATA_ROOT}/clips/8a039a58a93a55ff3b7a.wav,spoof,hi-en,121073,mucs2021,xtts_v2,channel_g711_20db,,eval,0.00041679292917251587
${DATA_ROOT}/clips/2ea3ea31c74c4fe16fff.wav,spoof,hi-en,136325,mucs2021,xtts_v2,channel_g711_20db,,eval,0.9925075173377991
${DATA_ROOT}/clips/2bee65f06cd468ad6ebf.wav,spoof,hi-en,146859,mucs2021,xtts_v2,channel_g711_20db,,eval,0.0004026064998470247
${DATA_ROOT}/clips/feaa41af36cbd8309520.wav,spoof,hi-en,165325,mucs2021,xtts_v2,channel_g711_20db,,eval,0.0012743105180561543
${DATA_ROOT}/clips/370e4b687f43d4ea95ac.wav,spoof,hi-en,175522,mucs2021,xtts_v2,channel_g711_20db,,eval,0.0005502365529537201
${DATA_ROOT}/clips/61bd11d8807b2f618a08.wav,spoof,hi-en,232748,mucs2021,xtts_v2,channel_g711_20db,,eval,0.005573771893978119
${DATA_ROOT}/clips/8b2f39f6729f0dca6c97.wav,spoof,hi-en,238121,mucs2021,xtts_v2,channel_g711_20db,,eval,0.0013425179058685899
${DATA_ROOT}/clips/c7ae886cfaed9f8d9d4e.wav,spoof,hi-en,386410,mucs2021,xtts_v2,channel_g711_20db,,eval,0.0002802718954626471
${DATA_ROOT}/clips/a344725e725f44146689.wav,spoof,hi-en,541916,mucs2021,xtts_v2,channel_g711_20db,,eval,0.0004121616657357663
${DATA_ROOT}/clips/b65e9062a18f4fd1a35f.wav,spoof,hi-en,577537,mucs2021,xtts_v2,channel_g711_20db,,eval,0.0047685010358691216
${DATA_ROOT}/clips/8b19d4855448a4a5f887.wav,spoof,hi-en,581145,mucs2021,xtts_v2,channel_g711_20db,,eval,0.0016618779627606273
${DATA_ROOT}/clips/9e0040e02cabc35c1a83.wav,spoof,hi-en,596505,mucs2021,xtts_v2,channel_g711_20db,,eval,0.006932050455361605
${DATA_ROOT}/clips/2ae345077f38722fd67f.wav,spoof,hi-en,945728,mucs2021,xtts_v2,channel_g711_20db,,eval,0.00034565842361189425
${DATA_ROOT}/clips/f561aab602474b5f1090.wav,spoof,hi-en,976811,mucs2021,xtts_v2,channel_g711_20db,,eval,0.687513530254364
${DATA_ROOT}/clips/f5585b644c1e4e043d58.wav,spoof,hi-en,111627,mucs2021,xtts_v2,channel_g711_20db,,eval,0.00026381746283732355
${DATA_ROOT}/clips/5a62bd53a09d6a023f1b.wav,spoof,hi-en,121073,mucs2021,xtts_v2,channel_g711_20db,,eval,0.0005561397410929203
${DATA_ROOT}/clips/9d73b28dbbe2c5adcf9e.wav,spoof,hi-en,136325,mucs2021,xtts_v2,channel_g711_20db,,eval,0.029160648584365845
${DATA_ROOT}/clips/12cc6b7b2a0bd5a9b96f.wav,spoof,hi-en,146859,mucs2021,xtts_v2,channel_g711_20db,,eval,0.7884913682937622
${DATA_ROOT}/clips/e0d69bbe91a9d1e8285e.wav,spoof,hi-en,165325,mucs2021,xtts_v2,channel_g711_20db,,eval,0.0017409753054380417
${DATA_ROOT}/clips/878e17b18dc2683d1efc.wav,spoof,hi-en,175522,mucs2021,xtts_v2,channel_g711_20db,,eval,0.0026984685100615025
${DATA_ROOT}/clips/f7e85b02c1c63b040b74.wav,spoof,hi-en,232748,mucs2021,xtts_v2,channel_g711_20db,,eval,0.002897246740758419
${DATA_ROOT}/clips/09cbb78ab4d4ff4d1285.wav,spoof,hi-en,238121,mucs2021,xtts_v2,channel_g711_20db,,eval,0.0025415001437067986
${DATA_ROOT}/clips/efd787377e9961500e57.wav,spoof,hi-en,386410,mucs2021,xtts_v2,channel_g711_20db,,eval,0.0004169463354628533
${DATA_ROOT}/clips/5e380220a4a26f2ed592.wav,spoof,hi-en,541916,mucs2021,xtts_v2,channel_g711_20db,,eval,0.0002648326044436544
${DATA_ROOT}/clips/142872e01f48e2126620.wav,spoof,hi-en,577537,mucs2021,xtts_v2,channel_g711_20db,,eval,0.0098338657990098
${DATA_ROOT}/clips/96a07201d724857317f8.wav,spoof,hi-en,581145,mucs2021,xtts_v2,channel_g711_20db,,eval,0.008534520864486694
${DATA_ROOT}/clips/e71f1d166b37c0915c9e.wav,spoof,hi-en,596505,mucs2021,xtts_v2,channel_g711_20db,,eval,0.001566195278428495
${DATA_ROOT}/clips/54caee3428c35a81aeea.wav,spoof,hi-en,945728,mucs2021,xtts_v2,channel_g711_20db,,eval,0.0032223830930888653
${DATA_ROOT}/clips/d669582a88dc7b2cb994.wav,spoof,hi-en,976811,mucs2021,xtts_v2,channel_g711_20db,,eval,0.9934651255607605
${DATA_ROOT}/clips/29382fc805500e697a4b.wav,spoof,hi-en,111627,mucs2021,xtts_v2,channel_g711_20db,,eval,0.0016263625584542751
${DATA_ROOT}/clips/3dbf7fc5cad3f4083435.wav,spoof,hi-en,121073,mucs2021,xtts_v2,channel_g711_20db,,eval,0.0075348676182329655
${DATA_ROOT}/clips/77b49faa035db49153f3.wav,spoof,hi-en,136325,mucs2021,xtts_v2,channel_g711_20db,,eval,0.8772484660148621
${DATA_ROOT}/clips/4c9264a015fb8d5d6726.wav,spoof,hi-en,146859,mucs2021,xtts_v2,channel_g711_20db,,eval,0.0005057553644292057
${DATA_ROOT}/clips/e30a0b828e3cfad2a275.wav,spoof,hi-en,165325,mucs2021,xtts_v2,channel_g711_20db,,eval,0.0003946019569411874
${DATA_ROOT}/clips/9672c7086cd0f2660793.wav,spoof,hi-en,175522,mucs2021,xtts_v2,channel_g711_20db,,eval,0.0011208198266103864
${DATA_ROOT}/clips/024eee1c86a0a7d814a6.wav,spoof,hi-en,232748,mucs2021,xtts_v2,channel_g711_20db,,eval,0.0005626236088573933
${DATA_ROOT}/clips/9f92d5619889639bb988.wav,spoof,hi-en,238121,mucs2021,xtts_v2,channel_g711_20db,,eval,0.0003856378607451916
${DATA_ROOT}/clips/41d3151f94ac54172fbd.wav,spoof,hi-en,386410,mucs2021,xtts_v2,channel_g711_20db,,eval,0.0004635044897440821
${DATA_ROOT}/clips/12cc6689be1ff3ed3292.wav,spoof,hi-en,541916,mucs2021,xtts_v2,channel_g711_20db,,eval,0.0003334573993925005
${DATA_ROOT}/clips/3855182797456a40551a.wav,spoof,hi-en,577537,mucs2021,xtts_v2,channel_g711_20db,,eval,0.0031556873582303524
${DATA_ROOT}/clips/23658644f2381d63a568.wav,spoof,hi-en,581145,mucs2021,xtts_v2,channel_g711_20db,,eval,0.0020183471497148275
${DATA_ROOT}/clips/123ce35cdacf0dc58988.wav,spoof,hi-en,596505,mucs2021,xtts_v2,channel_g711_20db,,eval,0.0050580804236233234
${DATA_ROOT}/clips/2369faa4e607acf5c0b8.wav,spoof,hi-en,945728,mucs2021,xtts_v2,channel_g711_20db,,eval,0.00028772346558980644
${DATA_ROOT}/clips/0e39abdec3f06e959c9c.wav,spoof,hi-en,976811,mucs2021,xtts_v2,channel_g711_20db,,eval,0.9298256635665894
${DATA_ROOT}/clips/d2609d86a468b6d85c57.wav,spoof,hi-en,111627,mucs2021,xtts_v2,channel_g711_20db,,eval,0.008018916472792625
${DATA_ROOT}/clips/3d75cc45e76d12f0d21b.wav,spoof,hi-en,121073,mucs2021,xtts_v2,channel_g711_20db,,eval,0.003018415765836835
${DATA_ROOT}/clips/37e93f681fbedf97889e.wav,spoof,hi-en,136325,mucs2021,xtts_v2,channel_g711_20db,,eval,0.7471914887428284
${DATA_ROOT}/clips/37df3983f414f88be25c.wav,spoof,hi-en,146859,mucs2021,xtts_v2,channel_g711_20db,,eval,0.00033488942426629364
${DATA_ROOT}/clips/d24630c3552ad463be2c.wav,spoof,hi-en,165325,mucs2021,xtts_v2,channel_g711_20db,,eval,0.0003127213567495346
${DATA_ROOT}/clips/07218659e89312dc2f5d.wav,spoof,hi-en,175522,mucs2021,xtts_v2,channel_g711_20db,,eval,0.0033627157099545
${DATA_ROOT}/clips/1864b39fffed840cc573.wav,spoof,hi-en,232748,mucs2021,xtts_v2,channel_g711_20db,,eval,0.006508884020149708
${DATA_ROOT}/clips/abb5a91e9b8828e46db1.wav,spoof,hi-en,238121,mucs2021,xtts_v2,channel_g711_20db,,eval,0.009451746009290218
${DATA_ROOT}/clips/0e90f86fb8b018257750.wav,spoof,hi-en,386410,mucs2021,xtts_v2,channel_g711_20db,,eval,0.0020778635516762733
${DATA_ROOT}/clips/001f028d3e10da32e21e.wav,spoof,hi-en,541916,mucs2021,xtts_v2,channel_g711_20db,,eval,0.0011127250036224723
${DATA_ROOT}/clips/6f4e944e52381a6f35d5.wav,spoof,hi-en,577537,mucs2021,xtts_v2,channel_g711_20db,,eval,0.003770074574276805
${DATA_ROOT}/clips/83b3dd5f1aca22b5e3a6.wav,spoof,hi-en,581145,mucs2021,xtts_v2,channel_g711_20db,,eval,0.001888540806248784
${DATA_ROOT}/clips/6acafefef719475a191e.wav,spoof,hi-en,596505,mucs2021,xtts_v2,channel_g711_20db,,eval,0.0019430944230407476
${DATA_ROOT}/clips/a707082eb336c7719f75.wav,spoof,hi-en,945728,mucs2021,xtts_v2,channel_g711_20db,,eval,0.0011776708997786045
${DATA_ROOT}/clips/46838eed28f3160c39d4.wav,spoof,hi-en,976811,mucs2021,xtts_v2,channel_g711_20db,,eval,0.9981961846351624
${DATA_ROOT}/clips/83216738335d058b0bf6.wav,spoof,hi-en,111627,mucs2021,xtts_v2,channel_g711_20db,,eval,0.00020455586491152644
${DATA_ROOT}/clips/6cd15ad34ded24cc9ea1.wav,spoof,hi-en,121073,mucs2021,xtts_v2,channel_g711_20db,,eval,0.00026941081159748137
${DATA_ROOT}/clips/ffe0cf5b7082bf8fcfa4.wav,spoof,hi-en,136325,mucs2021,xtts_v2,channel_g711_20db,,eval,0.0002804151445161551
${DATA_ROOT}/clips/bdcb3dc0c6212db2fce4.wav,spoof,hi-en,146859,mucs2021,xtts_v2,channel_g711_20db,,eval,0.0002201190945925191
${DATA_ROOT}/clips/f708b60a0abbf957dfe3.wav,spoof,hi-en,165325,mucs2021,xtts_v2,channel_g711_20db,,eval,0.0005648944061249495
${DATA_ROOT}/clips/085b8c1e84437fa1d302.wav,spoof,hi-en,175522,mucs2021,xtts_v2,channel_g711_20db,,eval,0.00610265601426363
${DATA_ROOT}/clips/bcd692fc1e3f350d72d2.wav,spoof,hi-en,232748,mucs2021,xtts_v2,channel_g711_20db,,eval,0.7206888794898987
${DATA_ROOT}/clips/ec46344d478b31c67a62.wav,spoof,hi-en,238121,mucs2021,xtts_v2,channel_g711_20db,,eval,0.005128877237439156
${DATA_ROOT}/clips/b14fe008a1201c206849.wav,spoof,hi-en,386410,mucs2021,xtts_v2,channel_g711_20db,,eval,0.0002852901816368103
${DATA_ROOT}/clips/5a8ddd8acd8b2ac225b9.wav,spoof,hi-en,541916,mucs2021,xtts_v2,channel_g711_20db,,eval,0.0002585718175396323
${DATA_ROOT}/clips/d800a7d3d16745947b6b.wav,spoof,hi-en,577537,mucs2021,xtts_v2,channel_g711_20db,,eval,0.016433632001280785
${DATA_ROOT}/clips/43e13239da19fb1bd749.wav,spoof,hi-en,581145,mucs2021,xtts_v2,channel_g711_20db,,eval,0.003442211775109172
${DATA_ROOT}/clips/7d85f68a3043f86b6e9e.wav,spoof,hi-en,596505,mucs2021,xtts_v2,channel_g711_20db,,eval,0.0018729763105511665
${DATA_ROOT}/clips/d1d9014ba26cd7a2fd0d.wav,spoof,hi-en,945728,mucs2021,xtts_v2,channel_g711_20db,,eval,0.0013082120567560196
${DATA_ROOT}/clips/61d1a3b01c6ff44948bb.wav,spoof,hi-en,976811,mucs2021,xtts_v2,channel_g711_20db,,eval,0.3245759606361389
${DATA_ROOT}/clips/0cdafc89176a7517c312.wav,spoof,hi-en,111627,mucs2021,xtts_v2,channel_g711_20db,,eval,0.00023032921308185905
${DATA_ROOT}/clips/1c4c2bffc9411a3ddc67.wav,spoof,hi-en,121073,mucs2021,xtts_v2,channel_g711_20db,,eval,0.004235356580466032
${DATA_ROOT}/clips/8d54a9ccf83340bce1ed.wav,spoof,hi-en,136325,mucs2021,xtts_v2,channel_g711_20db,,eval,0.4614400565624237
${DATA_ROOT}/clips/dde018330e101d426984.wav,spoof,hi-en,146859,mucs2021,xtts_v2,channel_g711_20db,,eval,0.00041787323425523937
${DATA_ROOT}/clips/1be909a8f5b46332eede.wav,spoof,hi-en,165325,mucs2021,xtts_v2,channel_g711_20db,,eval,0.010381247848272324
${DATA_ROOT}/clips/967fd11303eae1e08a27.wav,spoof,hi-en,175522,mucs2021,xtts_v2,channel_g711_20db,,eval,0.0020574233494699
${DATA_ROOT}/clips/9290a546375d023c7f5e.wav,spoof,hi-en,232748,mucs2021,xtts_v2,channel_g711_20db,,eval,0.0066857533529400826
${DATA_ROOT}/clips/37def550a5169a66daef.wav,spoof,hi-en,238121,mucs2021,xtts_v2,channel_g711_20db,,eval,0.00039026312879286706
${DATA_ROOT}/clips/6204980426eff7f83587.wav,spoof,hi-en,386410,mucs2021,xtts_v2,channel_g711_20db,,eval,0.000327927409671247
${DATA_ROOT}/clips/3df1d1817257573eec96.wav,spoof,hi-en,541916,mucs2021,xtts_v2,channel_g711_20db,,eval,0.00025801625452004373
${DATA_ROOT}/clips/befcd704f61d896b6421.wav,spoof,hi-en,577537,mucs2021,xtts_v2,channel_g711_20db,,eval,0.0031909614335745573
${DATA_ROOT}/clips/ef561c2163d76c38d164.wav,spoof,hi-en,581145,mucs2021,xtts_v2,channel_g711_20db,,eval,0.0034004768822342157
${DATA_ROOT}/clips/ad4bba9c2b6340a42bbc.wav,spoof,hi-en,596505,mucs2021,xtts_v2,channel_g711_20db,,eval,0.0021877693943679333
${DATA_ROOT}/clips/25b71a3441afc9b5d03d.wav,spoof,hi-en,945728,mucs2021,xtts_v2,channel_g711_20db,,eval,0.0004135007329750806
${DATA_ROOT}/clips/9674914385e7762055f5.wav,spoof,hi-en,976811,mucs2021,xtts_v2,channel_g711_20db,,eval,0.9982070922851562
${DATA_ROOT}/clips/ba19ac6a4ff2e9bf9ff8.wav,spoof,hi-en,111627,mucs2021,xtts_v2,channel_g711_20db,,eval,0.0002782953670248389
${DATA_ROOT}/clips/f90254828d551fbfbd97.wav,spoof,hi-en,121073,mucs2021,xtts_v2,channel_g711_20db,,eval,0.0003590155974961817
${DATA_ROOT}/clips/be6ed8e269035fbd4bc6.wav,spoof,hi-en,136325,mucs2021,xtts_v2,channel_g711_20db,,eval,0.006694480311125517
${DATA_ROOT}/clips/3b40462ec46f1d1df372.wav,spoof,hi-en,146859,mucs2021,xtts_v2,channel_g711_20db,,eval,0.00022975126921664923
${DATA_ROOT}/clips/aabce07d997ec10082e4.wav,spoof,hi-en,165325,mucs2021,xtts_v2,channel_g711_20db,,eval,0.00036053574876859784
${DATA_ROOT}/clips/6eeecb7f80c8f1cc22fa.wav,spoof,hi-en,175522,mucs2021,xtts_v2,channel_g711_20db,,eval,0.0012368102325126529
${DATA_ROOT}/clips/be996f0b271b3b8528f9.wav,spoof,hi-en,232748,mucs2021,xtts_v2,channel_g711_20db,,eval,0.007740953471511602
${DATA_ROOT}/clips/03cf1a67fe974662f279.wav,spoof,hi-en,238121,mucs2021,xtts_v2,channel_g711_20db,,eval,0.006581644527614117
${DATA_ROOT}/clips/a9cd7f2a3e1a2df59e5b.wav,spoof,hi-en,386410,mucs2021,xtts_v2,channel_g711_20db,,eval,0.00032337417360395193
${DATA_ROOT}/clips/cca3447311f09312099e.wav,spoof,hi-en,541916,mucs2021,xtts_v2,channel_g711_20db,,eval,0.0017190276412293315
${DATA_ROOT}/clips/fb1d0268ac94ca9d8f13.wav,spoof,hi-en,577537,mucs2021,xtts_v2,channel_g711_20db,,eval,0.0036512219812721014
${DATA_ROOT}/clips/00fa4df5d3c2019abc18.wav,spoof,hi-en,581145,mucs2021,xtts_v2,channel_g711_20db,,eval,0.0005000045639462769
${DATA_ROOT}/clips/9c4044e46ea6d4994e81.wav,spoof,hi-en,596505,mucs2021,xtts_v2,channel_g711_20db,,eval,0.0003803135477937758
${DATA_ROOT}/clips/07f41616bd26f43729cc.wav,spoof,hi-en,945728,mucs2021,xtts_v2,channel_g711_20db,,eval,0.003317454596981406
${DATA_ROOT}/clips/831bf3f2effcb059a759.wav,spoof,hi-en,976811,mucs2021,xtts_v2,channel_g711_20db,,eval,0.9837619662284851
${DATA_ROOT}/clips/00718d906488ee377aa7.wav,spoof,hi-en,111627,mucs2021,xtts_v2,channel_g711_20db,,eval,0.004737927112728357
${DATA_ROOT}/clips/56d1c6f8d574c53816f5.wav,spoof,hi-en,121073,mucs2021,xtts_v2,channel_g711_20db,,eval,0.0015327002620324492
${DATA_ROOT}/clips/f128e7a57797672296ee.wav,spoof,hi-en,136325,mucs2021,xtts_v2,channel_g711_20db,,eval,0.018859881907701492
${DATA_ROOT}/clips/d0d136e800c9e783d515.wav,spoof,hi-en,146859,mucs2021,xtts_v2,channel_g711_20db,,eval,0.0006595143931917846
${DATA_ROOT}/clips/ff7f7264c6eb695b11b0.wav,spoof,hi-en,165325,mucs2021,xtts_v2,channel_g711_20db,,eval,0.00029758684104308486
${DATA_ROOT}/clips/75826abada0fcb9cffc2.wav,spoof,hi-en,175522,mucs2021,xtts_v2,channel_g711_20db,,eval,0.10487567633390427
${DATA_ROOT}/clips/2810f790d3d64691e19d.wav,spoof,hi-en,232748,mucs2021,xtts_v2,channel_g711_20db,,eval,0.006388127338141203
${DATA_ROOT}/clips/61c9316189e82cd52205.wav,spoof,hi-en,238121,mucs2021,xtts_v2,channel_g711_20db,,eval,0.0002551669313106686
${DATA_ROOT}/clips/a256a52c21854a2855ea.wav,spoof,hi-en,386410,mucs2021,xtts_v2,channel_g711_20db,,eval,0.000812902522739023
${DATA_ROOT}/clips/ec5b0c338f9eac1227c2.wav,spoof,hi-en,541916,mucs2021,xtts_v2,channel_g711_20db,,eval,0.00023033141042105854
${DATA_ROOT}/clips/ebf78dc89af752749fc4.wav,spoof,hi-en,577537,mucs2021,xtts_v2,channel_g711_20db,,eval,0.002361270831897855
${DATA_ROOT}/clips/be122bdc5ec8a5fb013c.wav,spoof,hi-en,581145,mucs2021,xtts_v2,channel_g711_20db,,eval,0.009343462064862251
${DATA_ROOT}/clips/e722e891503b6050cc56.wav,spoof,hi-en,596505,mucs2021,xtts_v2,channel_g711_20db,,eval,0.002195765031501651
${DATA_ROOT}/clips/9967ee63bfa6983cf072.wav,spoof,hi-en,945728,mucs2021,xtts_v2,channel_g711_20db,,eval,0.0002715004957281053
${DATA_ROOT}/clips/3962a4f2078bd0bf82e3.wav,spoof,hi-en,976811,mucs2021,xtts_v2,channel_g711_20db,,eval,0.9124657511711121
${DATA_ROOT}/clips/51285b06a08b7786d8ab.wav,spoof,hi-en,111627,mucs2021,xtts_v2,channel_g711_20db,,eval,0.00022093954612500966
${DATA_ROOT}/clips/bcc140dae99d84b4ee53.wav,spoof,hi-en,121073,mucs2021,xtts_v2,channel_g711_20db,,eval,0.007034793961793184
${DATA_ROOT}/clips/48fd4eaba38137e79aca.wav,spoof,hi-en,136325,mucs2021,xtts_v2,channel_g711_20db,,eval,0.9675974249839783
${DATA_ROOT}/clips/a660ef47021d3e25e32f.wav,spoof,hi-en,146859,mucs2021,xtts_v2,channel_g711_20db,,eval,0.00024906956241466105
${DATA_ROOT}/clips/c50ef3cf82629c7dc58a.wav,spoof,hi-en,165325,mucs2021,xtts_v2,channel_g711_20db,,eval,0.00026178715052083135
${DATA_ROOT}/clips/37a01e4db83d12d608aa.wav,spoof,hi-en,175522,mucs2021,xtts_v2,channel_g711_20db,,eval,0.017165934666991234
${DATA_ROOT}/clips/dc722d9834fe77ebca3c.wav,spoof,hi-en,232748,mucs2021,xtts_v2,channel_g711_20db,,eval,0.00315409479662776
${DATA_ROOT}/clips/288cffcedd39fdb79d2e.wav,spoof,hi-en,238121,mucs2021,xtts_v2,channel_g711_20db,,eval,0.0025635298807173967
${DATA_ROOT}/clips/c41f69cd6d19151735d9.wav,spoof,hi-en,386410,mucs2021,xtts_v2,channel_g711_20db,,eval,0.006234200671315193
${DATA_ROOT}/clips/a84871119ed5f7fc0c11.wav,spoof,hi-en,541916,mucs2021,xtts_v2,channel_g711_20db,,eval,0.00026221282314509153
${DATA_ROOT}/clips/8bd89b2e2edfa2e65d78.wav,spoof,hi-en,577537,mucs2021,xtts_v2,channel_g711_20db,,eval,0.024678561836481094
${DATA_ROOT}/clips/0e1e56f820a6b4a99c21.wav,spoof,hi-en,581145,mucs2021,xtts_v2,channel_g711_20db,,eval,0.000306018628180027
${DATA_ROOT}/clips/d9a78209601229b75539.wav,spoof,hi-en,596505,mucs2021,xtts_v2,channel_g711_20db,,eval,0.0006462107412517071
${DATA_ROOT}/clips/8895102e272e7fdd41eb.wav,spoof,hi-en,945728,mucs2021,xtts_v2,channel_g711_20db,,eval,0.0012983591295778751
${DATA_ROOT}/clips/e7c5541808ebf97c2d77.wav,spoof,hi-en,976811,mucs2021,xtts_v2,channel_g711_20db,,eval,0.9366077184677124
${DATA_ROOT}/clips/87c0fc1103b9d7e565a7.wav,spoof,hi-en,111627,mucs2021,xtts_v2,channel_g711_20db,,eval,0.000367661559721455
${DATA_ROOT}/clips/2542a995b41bb2c991b9.wav,spoof,hi-en,121073,mucs2021,xtts_v2,channel_g711_20db,,eval,0.000221485024667345
${DATA_ROOT}/clips/5d5248756efb6219e4d4.wav,spoof,hi-en,136325,mucs2021,xtts_v2,channel_g711_20db,,eval,0.0148796821013093
${DATA_ROOT}/clips/41fcd7b08457e5ba9464.wav,spoof,hi-en,146859,mucs2021,xtts_v2,channel_g711_20db,,eval,0.0002480536059010774
${DATA_ROOT}/clips/c6a4db14adb744dca6d6.wav,spoof,hi-en,165325,mucs2021,xtts_v2,channel_g711_20db,,eval,0.003296958515420556
${DATA_ROOT}/clips/b043fb8c073455827afe.wav,spoof,hi-en,175522,mucs2021,xtts_v2,channel_g711_20db,,eval,0.0027303057722747326
${DATA_ROOT}/clips/d7b34f8f6e5e326b8608.wav,spoof,hi-en,232748,mucs2021,xtts_v2,channel_g711_20db,,eval,0.001284391968511045
${DATA_ROOT}/clips/7a9d8f2fbf4089d967bf.wav,spoof,hi-en,238121,mucs2021,xtts_v2,channel_g711_20db,,eval,0.005835242103785276
${DATA_ROOT}/clips/65c5dd55fcbcae41b8d1.wav,spoof,hi-en,386410,mucs2021,xtts_v2,channel_g711_20db,,eval,0.001728617586195469
${DATA_ROOT}/clips/97effadf4731ec3adcac.wav,spoof,hi-en,541916,mucs2021,xtts_v2,channel_g711_20db,,eval,0.0048768226988613605
${DATA_ROOT}/clips/140d4237ef223f8e3a08.wav,spoof,hi-en,577537,mucs2021,xtts_v2,channel_g711_20db,,eval,0.0032855707686394453
${DATA_ROOT}/clips/7350199f78c56777022a.wav,spoof,hi-en,581145,mucs2021,xtts_v2,channel_g711_20db,,eval,0.0016281100688502192
${DATA_ROOT}/clips/6af1a108e2e07b8a1b1c.wav,spoof,hi-en,596505,mucs2021,xtts_v2,channel_g711_20db,,eval,0.0011047432199120522
${DATA_ROOT}/clips/5a44bb9d090d1fcd711d.wav,spoof,hi-en,945728,mucs2021,xtts_v2,channel_g711_20db,,eval,0.0002781911171041429
${DATA_ROOT}/clips/ec1401dae6b04adbce6e.wav,spoof,hi-en,976811,mucs2021,xtts_v2,channel_g711_20db,,eval,0.9932000041007996
${DATA_ROOT}/clips/2d23132f56d44d7875d0.wav,spoof,hi-en,111627,mucs2021,xtts_v2,channel_g711_20db,,eval,0.00038484911783598363
${DATA_ROOT}/clips/43b5b351a6c8a3eabc3e.wav,spoof,hi-en,121073,mucs2021,xtts_v2,channel_g711_20db,,eval,0.00023925576533656567
${DATA_ROOT}/clips/b54eb9ae1e2044084203.wav,spoof,hi-en,136325,mucs2021,xtts_v2,channel_g711_20db,,eval,0.21307805180549622
${DATA_ROOT}/clips/8fe11691975eec355b01.wav,spoof,hi-en,146859,mucs2021,xtts_v2,channel_g711_20db,,eval,0.7926162481307983
${DATA_ROOT}/clips/0a559a371a33f2dc8d37.wav,spoof,hi-en,165325,mucs2021,xtts_v2,channel_g711_20db,,eval,0.0005465238355100155
${DATA_ROOT}/clips/e341c8ab98ea0312d0fa.wav,spoof,hi-en,175522,mucs2021,xtts_v2,channel_g711_20db,,eval,0.0023065994028002024
${DATA_ROOT}/clips/ef911c0decde08294ead.wav,spoof,hi-en,232748,mucs2021,xtts_v2,channel_g711_20db,,eval,0.0018460212741047144
${DATA_ROOT}/clips/35e3da515f7641c6e70f.wav,spoof,hi-en,238121,mucs2021,xtts_v2,channel_g711_20db,,eval,0.007807780057191849
${DATA_ROOT}/clips/3c44056471fb413735cf.wav,spoof,hi-en,386410,mucs2021,xtts_v2,channel_g711_20db,,eval,0.0032268159557133913
${DATA_ROOT}/clips/016370e4600428432d2f.wav,spoof,hi-en,541916,mucs2021,xtts_v2,channel_g711_20db,,eval,0.0380522646009922
${DATA_ROOT}/clips/a9048785b093ef733633.wav,spoof,hi-en,577537,mucs2021,xtts_v2,channel_g711_20db,,eval,0.06762124598026276
${DATA_ROOT}/clips/21d66affe3d16717dfb9.wav,spoof,hi-en,581145,mucs2021,xtts_v2,channel_g711_20db,,eval,0.042607035487890244
${DATA_ROOT}/clips/aba3f9a77d6080a31af1.wav,spoof,hi-en,596505,mucs2021,xtts_v2,channel_g711_20db,,eval,0.0012717581121250987
${DATA_ROOT}/clips/0714b43ff33c5f4d741f.wav,spoof,hi-en,945728,mucs2021,xtts_v2,channel_g711_20db,,eval,0.0033597382716834545
${DATA_ROOT}/clips/47a914140ca9bc1769a2.wav,spoof,hi-en,976811,mucs2021,xtts_v2,channel_g711_20db,,eval,0.988481879234314
${DATA_ROOT}/clips/d49b04759fe73037b996.wav,spoof,hi-en,111627,mucs2021,xtts_v2,channel_g711_20db,,eval,0.00033352573518641293
${DATA_ROOT}/clips/7a2e99d2884088bfa4d3.wav,spoof,hi-en,121073,mucs2021,xtts_v2,channel_g711_20db,,eval,0.0022213798947632313
${DATA_ROOT}/clips/c0b2f24ae043e444e716.wav,spoof,hi-en,136325,mucs2021,xtts_v2,channel_g711_20db,,eval,0.018057428300380707
${DATA_ROOT}/clips/d6858c1431f3a72f91c1.wav,spoof,hi-en,146859,mucs2021,xtts_v2,channel_g711_20db,,eval,0.015509800054132938
${DATA_ROOT}/clips/e3c4e90525f638717c78.wav,spoof,hi-en,165325,mucs2021,xtts_v2,channel_g711_20db,,eval,0.0007009900291450322
${DATA_ROOT}/clips/1d545ad4a931b305f429.wav,spoof,hi-en,175522,mucs2021,xtts_v2,channel_g711_20db,,eval,0.0012763452250510454
${DATA_ROOT}/clips/07f276adb974382dbc98.wav,spoof,hi-en,232748,mucs2021,xtts_v2,channel_g711_20db,,eval,0.005495974328368902
${DATA_ROOT}/clips/1a5860afed031de84960.wav,spoof,hi-en,238121,mucs2021,xtts_v2,channel_g711_20db,,eval,0.0005293767899274826
${DATA_ROOT}/clips/a0909c17b9f5adb00287.wav,spoof,hi-en,386410,mucs2021,xtts_v2,channel_g711_20db,,eval,0.0005578846321441233
${DATA_ROOT}/clips/d62ededc1d67fc54e626.wav,spoof,hi-en,541916,mucs2021,xtts_v2,channel_g711_20db,,eval,0.0003948887169826776
${DATA_ROOT}/clips/498ef7615cf2a952610f.wav,spoof,hi-en,577537,mucs2021,xtts_v2,channel_g711_20db,,eval,0.00202158628962934
${DATA_ROOT}/clips/b95c77d2243806f0c074.wav,spoof,hi-en,581145,mucs2021,xtts_v2,channel_g711_20db,,eval,0.007993554696440697
${DATA_ROOT}/clips/3416102b480662968289.wav,spoof,hi-en,596505,mucs2021,xtts_v2,channel_g711_20db,,eval,0.006462133023887873
${DATA_ROOT}/clips/45590c254e7873d934c1.wav,spoof,hi-en,945728,mucs2021,xtts_v2,channel_g711_20db,,eval,0.0016155351186171174
${DATA_ROOT}/clips/05169d34904164ddc1a8.wav,spoof,hi-en,976811,mucs2021,xtts_v2,channel_g711_20db,,eval,0.9924018383026123
${DATA_ROOT}/clips/af2adc2bc10e9758c9e6.wav,spoof,hi-en,111627,mucs2021,xtts_v2,channel_g711_20db,,eval,0.0011116077657788992
${DATA_ROOT}/clips/ab8050e47eb492d3e7d9.wav,spoof,hi-en,121073,mucs2021,xtts_v2,channel_g711_20db,,eval,0.0002077039680443704
${DATA_ROOT}/clips/3259cea3611f1e63191a.wav,spoof,hi-en,136325,mucs2021,xtts_v2,channel_g711_20db,,eval,0.039125215262174606
${DATA_ROOT}/clips/57ba7b7b40b54eabb8f1.wav,spoof,hi-en,146859,mucs2021,xtts_v2,channel_g711_20db,,eval,0.00023706769570708275
${DATA_ROOT}/clips/6c2ec552d64398d8ee52.wav,spoof,hi-en,165325,mucs2021,xtts_v2,channel_g711_20db,,eval,0.00024880419368855655
${DATA_ROOT}/clips/87aad4b33c121b8d32cd.wav,spoof,hi-en,175522,mucs2021,xtts_v2,channel_g711_20db,,eval,0.016482384875416756
${DATA_ROOT}/clips/e6278998248cc4f7b546.wav,spoof,hi-en,232748,mucs2021,xtts_v2,channel_g711_20db,,eval,0.001434449222870171
${DATA_ROOT}/clips/9cc43cc74acc8f4f44f3.wav,spoof,hi-en,238121,mucs2021,xtts_v2,channel_g711_20db,,eval,0.002030180301517248
${DATA_ROOT}/clips/b0e6c5c27813e5649193.wav,spoof,hi-en,386410,mucs2021,xtts_v2,channel_g711_20db,,eval,0.0019304484594613314
${DATA_ROOT}/clips/b4db08d22d649f4d3fd4.wav,spoof,hi-en,541916,mucs2021,xtts_v2,channel_g711_20db,,eval,0.0002583005407359451
${DATA_ROOT}/clips/7126113e92c0f2d8da32.wav,spoof,hi-en,577537,mucs2021,xtts_v2,channel_g711_20db,,eval,0.003365475218743086
${DATA_ROOT}/clips/147747b84a301b61b5d7.wav,spoof,hi-en,581145,mucs2021,xtts_v2,channel_g711_20db,,eval,0.0022504122462123632
${DATA_ROOT}/clips/1a42cce28afe342ca7bb.wav,spoof,hi-en,596505,mucs2021,xtts_v2,channel_g711_20db,,eval,0.0012227620463818312
${DATA_ROOT}/clips/822cc9662c1a467f55f8.wav,spoof,hi-en,945728,mucs2021,xtts_v2,channel_g711_20db,,eval,0.0013905353844165802
${DATA_ROOT}/clips/5691e82b63789ff196f9.wav,spoof,hi-en,976811,mucs2021,xtts_v2,channel_g711_20db,,eval,0.06566742062568665
${DATA_ROOT}/clips/2536235028094f633cdc.wav,spoof,hi-en,111627,mucs2021,xtts_v2,channel_g711_20db,,eval,0.0005430396413430572
${DATA_ROOT}/clips/fb5ddc4cd11362b4e099.wav,spoof,hi-en,121073,mucs2021,xtts_v2,channel_g711_20db,,eval,0.00033891835482791066
${DATA_ROOT}/clips/a4ee79ba90e3534b7e95.wav,spoof,hi-en,136325,mucs2021,xtts_v2,channel_g711_20db,,eval,0.993752658367157
${DATA_ROOT}/clips/251356078575779aca3b.wav,spoof,hi-en,146859,mucs2021,xtts_v2,channel_g711_20db,,eval,0.002966879867017269
${DATA_ROOT}/clips/516b5169a5c5f7a5ec09.wav,spoof,hi-en,165325,mucs2021,xtts_v2,channel_g711_20db,,eval,0.0010045617818832397
${DATA_ROOT}/clips/5be1314db0047045ca81.wav,spoof,hi-en,175522,mucs2021,xtts_v2,channel_g711_20db,,eval,0.003240518970414996
${DATA_ROOT}/clips/bbb0590d2a6540472dac.wav,spoof,hi-en,232748,mucs2021,xtts_v2,channel_g711_20db,,eval,0.0005237379809841514
${DATA_ROOT}/clips/07605c30aef4486b95df.wav,spoof,hi-en,238121,mucs2021,xtts_v2,channel_g711_20db,,eval,0.004855490755289793
${DATA_ROOT}/clips/652c7a4486d8b96ee1a6.wav,spoof,hi-en,386410,mucs2021,xtts_v2,channel_g711_20db,,eval,0.0011953470529988408
${DATA_ROOT}/clips/cd07005147e9f88848db.wav,spoof,hi-en,541916,mucs2021,xtts_v2,channel_g711_20db,,eval,0.00025912170531228185
${DATA_ROOT}/clips/ff0812e12a996836da16.wav,spoof,hi-en,577537,mucs2021,xtts_v2,channel_g711_20db,,eval,0.001009157975204289
${DATA_ROOT}/clips/ab5c886631d642965c02.wav,spoof,hi-en,581145,mucs2021,xtts_v2,channel_g711_20db,,eval,0.0031849881634116173
${DATA_ROOT}/clips/6124c066fcf57a35dda7.wav,spoof,hi-en,596505,mucs2021,xtts_v2,channel_g711_20db,,eval,0.000690753455273807
${DATA_ROOT}/clips/7df6e59fc160e35e88fe.wav,spoof,hi-en,945728,mucs2021,xtts_v2,channel_g711_20db,,eval,0.0006584203219972551
${DATA_ROOT}/clips/6f8cc449a10ede01f921.wav,spoof,hi-en,976811,mucs2021,xtts_v2,channel_g711_20db,,eval,0.9946215152740479
${DATA_ROOT}/clips/59eded7dcd93c90caecd.wav,spoof,hi-en,111627,mucs2021,xtts_v2,channel_g711_20db,,eval,0.0020113124046474695
${DATA_ROOT}/clips/19cf8b7ef23eca17a0dc.wav,spoof,hi-en,121073,mucs2021,xtts_v2,channel_g711_20db,,eval,0.015331126749515533
${DATA_ROOT}/clips/c11934e1450a2bc1649b.wav,spoof,hi-en,136325,mucs2021,xtts_v2,channel_g711_20db,,eval,0.9854904413223267
${DATA_ROOT}/clips/4b86823222ff42f0f4af.wav,spoof,hi-en,146859,mucs2021,xtts_v2,channel_g711_20db,,eval,0.00024724393733777106
${DATA_ROOT}/clips/f3a49cf5fed850e601c9.wav,spoof,hi-en,165325,mucs2021,xtts_v2,channel_g711_20db,,eval,0.0002821476082317531
${DATA_ROOT}/clips/eb5c8132901bd7c2c7a1.wav,spoof,hi-en,175522,mucs2021,xtts_v2,channel_g711_20db,,eval,0.005356816109269857
${DATA_ROOT}/clips/e7a7ce0216f698900039.wav,spoof,hi-en,232748,mucs2021,xtts_v2,channel_g711_20db,,eval,0.0029791751876473427
${DATA_ROOT}/clips/9685366cdad7fbb74dda.wav,spoof,hi-en,238121,mucs2021,xtts_v2,channel_g711_20db,,eval,0.001377127249725163
${DATA_ROOT}/clips/3107fdbc0a1160ea2890.wav,spoof,hi-en,386410,mucs2021,xtts_v2,channel_g711_20db,,eval,0.0031767720356583595
${DATA_ROOT}/clips/8180dd2f28c0d5013dfb.wav,spoof,hi-en,541916,mucs2021,xtts_v2,channel_g711_20db,,eval,0.0026286630891263485
${DATA_ROOT}/clips/deb6e9c675aabe6e40be.wav,spoof,hi-en,577537,mucs2021,xtts_v2,channel_g711_20db,,eval,0.0017479604575783014
${DATA_ROOT}/clips/3bcb035c269f82623007.wav,spoof,hi-en,581145,mucs2021,xtts_v2,channel_g711_20db,,eval,0.008872361853718758
${DATA_ROOT}/clips/30c95f2c045c4d364219.wav,spoof,hi-en,596505,mucs2021,xtts_v2,channel_g711_20db,,eval,0.0024230615235865116
${DATA_ROOT}/clips/d7bef29b01efbad5b776.wav,spoof,hi-en,945728,mucs2021,xtts_v2,channel_g711_20db,,eval,0.00047936581540852785
${DATA_ROOT}/clips/a5d25ffc7f55a48df619.wav,spoof,hi-en,976811,mucs2021,xtts_v2,channel_g711_20db,,eval,0.021727800369262695
${DATA_ROOT}/clips/7f7f28bb9da307bb63c8.wav,spoof,hi-en,111627,mucs2021,xtts_v2,channel_g711_20db,,eval,0.003736692713573575
${DATA_ROOT}/clips/c2a05eef151b0179333c.wav,spoof,hi-en,121073,mucs2021,xtts_v2,channel_g711_20db,,eval,0.0037680459208786488
${DATA_ROOT}/clips/32a91a3c69ecd3135cc8.wav,spoof,hi-en,136325,mucs2021,xtts_v2,channel_g711_20db,,eval,0.18892458081245422
${DATA_ROOT}/clips/22f8d53e736bcfc52e15.wav,spoof,hi-en,146859,mucs2021,xtts_v2,channel_g711_20db,,eval,0.0002828076540026814
${DATA_ROOT}/clips/82219e055c63a54c95bc.wav,spoof,hi-en,165325,mucs2021,xtts_v2,channel_g711_20db,,eval,0.0003457372367847711
${DATA_ROOT}/clips/3ffe023112cadca693f4.wav,spoof,hi-en,175522,mucs2021,xtts_v2,channel_g711_20db,,eval,0.0023806069511920214
${DATA_ROOT}/clips/a690617b709e09b712d5.wav,spoof,hi-en,232748,mucs2021,xtts_v2,channel_g711_20db,,eval,0.004464881494641304
${DATA_ROOT}/clips/8aa48640d3c456119ef7.wav,spoof,hi-en,238121,mucs2021,xtts_v2,channel_g711_20db,,eval,0.00035446204128675163
${DATA_ROOT}/clips/621088a3477abc25c349.wav,spoof,hi-en,386410,mucs2021,xtts_v2,channel_g711_20db,,eval,0.0003826328320428729
${DATA_ROOT}/clips/29d700f253f5938dc98e.wav,spoof,hi-en,541916,mucs2021,xtts_v2,channel_g711_20db,,eval,0.00046156515600159764
${DATA_ROOT}/clips/43032b3317da31caf82e.wav,spoof,hi-en,577537,mucs2021,xtts_v2,channel_g711_20db,,eval,0.0028204903937876225
${DATA_ROOT}/clips/2d446dc623fb7c52bf3b.wav,spoof,hi-en,581145,mucs2021,xtts_v2,channel_g711_20db,,eval,0.00891677662730217
${DATA_ROOT}/clips/230a5448429c77a182c1.wav,spoof,hi-en,596505,mucs2021,xtts_v2,channel_g711_20db,,eval,0.0017967349849641323
${DATA_ROOT}/clips/917b45e60ebb13e1d2c5.wav,spoof,hi-en,945728,mucs2021,xtts_v2,channel_g711_20db,,eval,0.0003279220836702734
${DATA_ROOT}/clips/ee2137ae392b34b6f40e.wav,spoof,hi-en,976811,mucs2021,xtts_v2,channel_g711_20db,,eval,0.013166485354304314
${DATA_ROOT}/clips/a19fffcad21f79822082.wav,spoof,hi-en,111627,mucs2021,xtts_v2,channel_g711_20db,,eval,0.000206518336199224
${DATA_ROOT}/clips/684889522e6a9459ee73.wav,spoof,hi-en,121073,mucs2021,xtts_v2,channel_g711_20db,,eval,0.003188611241057515
${DATA_ROOT}/clips/4454df210e1bc27b9e1b.wav,spoof,hi-en,136325,mucs2021,xtts_v2,channel_g711_20db,,eval,0.9715606570243835
${DATA_ROOT}/clips/6207d9576d96652a2ff0.wav,spoof,hi-en,146859,mucs2021,xtts_v2,channel_g711_20db,,eval,0.00023013648751657456
${DATA_ROOT}/clips/8510ed284d89501fb273.wav,spoof,hi-en,165325,mucs2021,xtts_v2,channel_g711_20db,,eval,0.0007816118304617703
${DATA_ROOT}/clips/f01e077cf06594f16cb3.wav,spoof,hi-en,175522,mucs2021,xtts_v2,channel_g711_20db,,eval,0.0016664862632751465
${DATA_ROOT}/clips/3bd14ef905c4acafaa2c.wav,spoof,hi-en,232748,mucs2021,xtts_v2,channel_g711_20db,,eval,0.004853828344494104
${DATA_ROOT}/clips/7c3d53c9e23fa617a35f.wav,spoof,hi-en,238121,mucs2021,xtts_v2,channel_g711_20db,,eval,0.0017494646599516273
${DATA_ROOT}/clips/9a851c736da32cece443.wav,spoof,hi-en,386410,mucs2021,xtts_v2,channel_g711_20db,,eval,0.0018511975649744272
${DATA_ROOT}/clips/cb9cd793ec80092737ec.wav,spoof,hi-en,541916,mucs2021,xtts_v2,channel_g711_20db,,eval,0.00039088496123440564
${DATA_ROOT}/clips/c667a5a2d3a2331599a3.wav,spoof,hi-en,577537,mucs2021,xtts_v2,channel_g711_20db,,eval,0.007815622724592686
${DATA_ROOT}/clips/1e13c4b5c073c20b059b.wav,spoof,hi-en,581145,mucs2021,xtts_v2,channel_g711_20db,,eval,0.0027652012649923563
${DATA_ROOT}/clips/fabddf07462783ade6f3.wav,spoof,hi-en,596505,mucs2021,xtts_v2,channel_g711_20db,,eval,0.001249384949915111
${DATA_ROOT}/clips/d29c351f16df870f7d07.wav,spoof,hi-en,945728,mucs2021,xtts_v2,channel_g711_20db,,eval,0.0013579095248132944
${DATA_ROOT}/clips/8e838be7935dac8bc305.wav,spoof,hi-en,976811,mucs2021,xtts_v2,channel_g711_20db,,eval,0.008980480022728443
${DATA_ROOT}/clips/33d6ab6c6183a5073f16.wav,spoof,hi-en,111627,mucs2021,xtts_v2,channel_g711_20db,,eval,0.00043566172826103866
${DATA_ROOT}/clips/43bdef680771fa4b02e1.wav,spoof,hi-en,121073,mucs2021,xtts_v2,channel_g711_20db,,eval,0.005638794973492622
${DATA_ROOT}/clips/2377f3b1ef9834c30879.wav,spoof,hi-en,136325,mucs2021,xtts_v2,channel_g711_20db,,eval,0.9869858622550964
${DATA_ROOT}/clips/6c5cb1bbbe64fc4fe847.wav,spoof,hi-en,146859,mucs2021,xtts_v2,channel_g711_20db,,eval,0.004761585965752602
${DATA_ROOT}/clips/662ee5ed7e6818698f2d.wav,spoof,hi-en,165325,mucs2021,xtts_v2,channel_g711_20db,,eval,0.0011830843286588788
${DATA_ROOT}/clips/7ec6c174b1020d92bed7.wav,spoof,hi-en,175522,mucs2021,xtts_v2,channel_g711_20db,,eval,0.011400982737541199
${DATA_ROOT}/clips/42b36a03396fd2ef8e78.wav,spoof,hi-en,232748,mucs2021,xtts_v2,channel_g711_20db,,eval,0.020875032991170883
${DATA_ROOT}/clips/ceeba0df70e84685aff1.wav,spoof,hi-en,238121,mucs2021,xtts_v2,channel_g711_20db,,eval,0.000279212516034022
${DATA_ROOT}/clips/a21cff244f0d0ea30c69.wav,spoof,hi-en,386410,mucs2021,xtts_v2,channel_g711_20db,,eval,0.0007627251907251775
${DATA_ROOT}/clips/15a5c3094e05a2035d6e.wav,spoof,hi-en,541916,mucs2021,xtts_v2,channel_g711_20db,,eval,0.0002417976502329111
${DATA_ROOT}/clips/5187f993f3a9d378725e.wav,spoof,hi-en,577537,mucs2021,xtts_v2,channel_g711_20db,,eval,0.00287490407936275
${DATA_ROOT}/clips/21f0cc68f4d2898bdadd.wav,spoof,hi-en,581145,mucs2021,xtts_v2,channel_g711_20db,,eval,0.013668729923665524
${DATA_ROOT}/clips/a42302bde79c129e34a6.wav,spoof,hi-en,596505,mucs2021,xtts_v2,channel_g711_20db,,eval,0.0008210775558836758
${DATA_ROOT}/clips/6e684a47c2ca05ab5a09.wav,spoof,hi-en,945728,mucs2021,xtts_v2,channel_g711_20db,,eval,0.007463193032890558
${DATA_ROOT}/clips/eedd3eb8e1160763c609.wav,spoof,hi-en,976811,mucs2021,xtts_v2,channel_g711_20db,,eval,0.9949530363082886
${DATA_ROOT}/clips/df8e3d9a42e48f9ed843.wav,spoof,hi-en,111627,mucs2021,xtts_v2,channel_g711_20db,,eval,0.00022250735491979867
${DATA_ROOT}/clips/9f58211e4665e5ce25b4.wav,spoof,hi-en,121073,mucs2021,xtts_v2,channel_g711_20db,,eval,0.0016335858963429928
${DATA_ROOT}/clips/3d653b5d8290d2d081d0.wav,spoof,hi-en,136325,mucs2021,xtts_v2,channel_g711_20db,,eval,0.9447259306907654
${DATA_ROOT}/clips/abed534e81cd3382648d.wav,spoof,hi-en,146859,mucs2021,xtts_v2,channel_g711_20db,,eval,0.0007924243691377342
${DATA_ROOT}/clips/47eb74a4d2bf6ee54b21.wav,spoof,hi-en,165325,mucs2021,xtts_v2,channel_g711_20db,,eval,0.003440955886617303
${DATA_ROOT}/clips/01c959614a89e6ff0cde.wav,spoof,hi-en,175522,mucs2021,xtts_v2,channel_g711_20db,,eval,0.00026033708127215505
${DATA_ROOT}/clips/f4b1869f0cb5220c1d87.wav,spoof,hi-en,232748,mucs2021,xtts_v2,channel_g711_20db,,eval,0.0007907787803560495
${DATA_ROOT}/clips/61c3aa37e21950b46c71.wav,spoof,hi-en,238121,mucs2021,xtts_v2,channel_g711_20db,,eval,0.0024728088174015284
${DATA_ROOT}/clips/0ff7241f57c303c5da5c.wav,spoof,hi-en,386410,mucs2021,xtts_v2,channel_g711_20db,,eval,0.001660041743889451
${DATA_ROOT}/clips/c2bfddde778a1f963fac.wav,spoof,hi-en,541916,mucs2021,xtts_v2,channel_g711_20db,,eval,0.40170276165008545
${DATA_ROOT}/clips/eb2c8240091b815aed23.wav,spoof,hi-en,577537,mucs2021,xtts_v2,channel_g711_20db,,eval,0.02617100067436695
${DATA_ROOT}/clips/95bb4a6de31318ecf8d2.wav,spoof,hi-en,581145,mucs2021,xtts_v2,channel_g711_20db,,eval,0.0018188573885709047
${DATA_ROOT}/clips/91bca665d860334e2a95.wav,spoof,hi-en,596505,mucs2021,xtts_v2,channel_g711_20db,,eval,0.00025097563047893345
${DATA_ROOT}/clips/83a25f58330c36f15678.wav,spoof,hi-en,945728,mucs2021,xtts_v2,channel_g711_20db,,eval,0.0013815356651321054
${DATA_ROOT}/clips/5a9c764cf50af08b6ce8.wav,spoof,hi-en,976811,mucs2021,xtts_v2,channel_g711_20db,,eval,0.787288248538971
${DATA_ROOT}/clips/5d86920e017136d27cac.wav,spoof,hi-en,111627,mucs2021,xtts_v2,channel_g711_20db,,eval,0.0021592415869235992
${DATA_ROOT}/clips/038bfb8cb6ae08144a02.wav,spoof,hi-en,121073,mucs2021,xtts_v2,channel_g711_20db,,eval,0.0007077168556861579
${DATA_ROOT}/clips/196283058e882264cf14.wav,spoof,hi-en,136325,mucs2021,xtts_v2,channel_g711_20db,,eval,0.9970746040344238
${DATA_ROOT}/clips/4a33ad7a4ff58e9ac86e.wav,spoof,hi-en,146859,mucs2021,xtts_v2,channel_g711_20db,,eval,0.018285144120454788
${DATA_ROOT}/clips/88bfddd13da9b1421d41.wav,spoof,hi-en,165325,mucs2021,xtts_v2,channel_g711_20db,,eval,0.001435397658497095
${DATA_ROOT}/clips/2371343af187e8467f1d.wav,spoof,hi-en,175522,mucs2021,xtts_v2,channel_g711_20db,,eval,0.0006189690320752561
${DATA_ROOT}/clips/f5023cb1ecd22dbc1803.wav,spoof,hi-en,232748,mucs2021,xtts_v2,channel_g711_20db,,eval,0.0019988175481557846
${DATA_ROOT}/clips/2c217adcc967cd5ded5d.wav,spoof,hi-en,238121,mucs2021,xtts_v2,channel_g711_20db,,eval,0.0007828466477803886
${DATA_ROOT}/clips/3d28c2558139bd581426.wav,spoof,hi-en,386410,mucs2021,xtts_v2,channel_g711_20db,,eval,0.00043889344669878483
${DATA_ROOT}/clips/ee0bae20a9ea8403623b.wav,spoof,hi-en,541916,mucs2021,xtts_v2,channel_g711_20db,,eval,0.0005234181298874319
${DATA_ROOT}/clips/18f776ea63cfce062e40.wav,spoof,hi-en,577537,mucs2021,xtts_v2,channel_g711_20db,,eval,0.00031195575138553977
${DATA_ROOT}/clips/fdecbe36aa22dee7d95a.wav,spoof,hi-en,581145,mucs2021,xtts_v2,channel_g711_20db,,eval,0.004554958548396826
${DATA_ROOT}/clips/9224c9136a185d1096e8.wav,spoof,hi-en,596505,mucs2021,xtts_v2,channel_g711_20db,,eval,0.012848764657974243
${DATA_ROOT}/clips/fc7c592d1f9034ecd7aa.wav,spoof,hi-en,945728,mucs2021,xtts_v2,channel_g711_20db,,eval,0.0006964128697291017
${DATA_ROOT}/clips/3a94eab71c8195e04eb9.wav,spoof,hi-en,976811,mucs2021,xtts_v2,channel_g711_20db,,eval,0.07939056307077408
${DATA_ROOT}/clips/5a597e86d99bfe555544.wav,spoof,hi-en,111627,mucs2021,xtts_v2,channel_g711_20db,,eval,0.0002794799511320889
${DATA_ROOT}/clips/5ee3242fabfa6ba27f54.wav,spoof,hi-en,121073,mucs2021,xtts_v2,channel_g711_20db,,eval,0.001211257535032928
${DATA_ROOT}/clips/b1c00f917bfc70c85f4a.wav,spoof,hi-en,136325,mucs2021,xtts_v2,channel_g711_20db,,eval,0.9979015588760376
${DATA_ROOT}/clips/3da9d9c90ee3d36717ec.wav,spoof,hi-en,146859,mucs2021,xtts_v2,channel_g711_20db,,eval,0.0007927506812848151
${DATA_ROOT}/clips/d4c7468c40f7794c5d1c.wav,spoof,hi-en,165325,mucs2021,xtts_v2,channel_g711_20db,,eval,0.0028432216495275497
${DATA_ROOT}/clips/fcce29729db198f14cf1.wav,spoof,hi-en,175522,mucs2021,xtts_v2,channel_g711_20db,,eval,0.0016880158800631762
${DATA_ROOT}/clips/a675c8fa48687cc5fb7a.wav,spoof,hi-en,232748,mucs2021,xtts_v2,channel_g711_20db,,eval,0.0009324752609245479
${DATA_ROOT}/clips/905008cbb9e5eaddb0a6.wav,spoof,hi-en,238121,mucs2021,xtts_v2,channel_g711_20db,,eval,0.0008886775467544794
${DATA_ROOT}/clips/fee63b8dd0aa48be32e1.wav,spoof,hi-en,386410,mucs2021,xtts_v2,channel_g711_20db,,eval,0.0006702482933178544
${DATA_ROOT}/clips/91a9cce85e62351b6ed0.wav,spoof,hi-en,541916,mucs2021,xtts_v2,channel_g711_20db,,eval,0.0002444205747451633
${DATA_ROOT}/clips/3818e76858e22cba99ff.wav,spoof,hi-en,577537,mucs2021,xtts_v2,channel_g711_20db,,eval,0.004221836104989052
${DATA_ROOT}/clips/db622a212ad01162f024.wav,spoof,hi-en,581145,mucs2021,xtts_v2,channel_g711_20db,,eval,0.006702831480652094
${DATA_ROOT}/clips/dd0947b901d605a5facb.wav,spoof,hi-en,596505,mucs2021,xtts_v2,channel_g711_20db,,eval,0.0028138889465481043
${DATA_ROOT}/clips/843adaf2de36aef81058.wav,spoof,hi-en,945728,mucs2021,xtts_v2,channel_g711_20db,,eval,0.0018453213851898909
${DATA_ROOT}/clips/039a9bea686469d6c212.wav,spoof,hi-en,976811,mucs2021,xtts_v2,channel_g711_20db,,eval,0.01257560309022665
${DATA_ROOT}/clips/7c9a1bfa0d39223a13b6.wav,spoof,hi-en,111627,mucs2021,xtts_v2,channel_g711_20db,,eval,0.0008751678979024291
${DATA_ROOT}/clips/14e18cf69dbf320c7428.wav,spoof,hi-en,121073,mucs2021,xtts_v2,channel_g711_20db,,eval,0.009001598693430424
${DATA_ROOT}/clips/45e9769fb9e63f14ec31.wav,spoof,hi-en,136325,mucs2021,xtts_v2,channel_g711_20db,,eval,0.000302573898807168
${DATA_ROOT}/clips/4d1cf9431b18174773e6.wav,spoof,hi-en,146859,mucs2021,xtts_v2,channel_g711_20db,,eval,0.0002507876488380134
${DATA_ROOT}/clips/0f2bef27c531d086f06b.wav,spoof,hi-en,165325,mucs2021,xtts_v2,channel_g711_20db,,eval,0.0014031778555363417
${DATA_ROOT}/clips/d534f50942b3293ca46d.wav,spoof,hi-en,175522,mucs2021,xtts_v2,channel_g711_20db,,eval,0.0035637342371046543
${DATA_ROOT}/clips/ae68105fa9858d2eecfe.wav,spoof,hi-en,232748,mucs2021,xtts_v2,channel_g711_20db,,eval,0.0021155544091016054
${DATA_ROOT}/clips/9f0a6d80cc92057b10e3.wav,spoof,hi-en,238121,mucs2021,xtts_v2,channel_g711_20db,,eval,0.004998559597879648
${DATA_ROOT}/clips/a0a6287526da2dc175fe.wav,spoof,hi-en,386410,mucs2021,xtts_v2,channel_g711_20db,,eval,0.0006216990877874196
${DATA_ROOT}/clips/4c4beca0d58cdd174613.wav,spoof,hi-en,541916,mucs2021,xtts_v2,channel_g711_20db,,eval,0.0004488272243179381
${DATA_ROOT}/clips/6d4a08dc5022dba3a79d.wav,spoof,hi-en,577537,mucs2021,xtts_v2,channel_g711_20db,,eval,0.0007970040896907449
${DATA_ROOT}/clips/ea6b6c58723b212078cf.wav,spoof,hi-en,581145,mucs2021,xtts_v2,channel_g711_20db,,eval,0.0008275057771243155
${DATA_ROOT}/clips/e0f9f2b186d64bc1664b.wav,spoof,hi-en,596505,mucs2021,xtts_v2,channel_g711_20db,,eval,0.01437482237815857
${DATA_ROOT}/clips/81123bb854fdd105c762.wav,spoof,hi-en,945728,mucs2021,xtts_v2,channel_g711_20db,,eval,0.00037121502100490034
${DATA_ROOT}/clips/a3fe0e05677a00f080a2.wav,spoof,hi-en,976811,mucs2021,xtts_v2,channel_g711_20db,,eval,0.9216347336769104
${DATA_ROOT}/clips/43dd01a3f0df0a5a23b6.wav,spoof,hi-en,111627,mucs2021,xtts_v2,channel_g711_20db,,eval,0.0011160355061292648
${DATA_ROOT}/clips/88800caf03bb6ec1fb13.wav,spoof,hi-en,121073,mucs2021,xtts_v2,channel_g711_20db,,eval,0.00021393914357759058
${DATA_ROOT}/clips/4e3f5f9332f284464ac1.wav,spoof,hi-en,136325,mucs2021,xtts_v2,channel_g711_20db,,eval,0.007097567431628704
${DATA_ROOT}/clips/02d89698499740211ca1.wav,spoof,hi-en,146859,mucs2021,xtts_v2,channel_g711_20db,,eval,0.0003724393609445542
${DATA_ROOT}/clips/bcad4359db91b838e0cc.wav,spoof,hi-en,165325,mucs2021,xtts_v2,channel_g711_20db,,eval,0.0008809218998067081
${DATA_ROOT}/clips/24b55f38b65567bb2796.wav,spoof,hi-en,175522,mucs2021,xtts_v2,channel_g711_20db,,eval,0.004076539073139429
${DATA_ROOT}/clips/8f993c1760283c9ceb5e.wav,spoof,hi-en,232748,mucs2021,xtts_v2,channel_g711_20db,,eval,0.0010274617234244943
${DATA_ROOT}/clips/b6ba9b08e3f83265f0c1.wav,spoof,hi-en,238121,mucs2021,xtts_v2,channel_g711_20db,,eval,0.0002828650758601725
${DATA_ROOT}/clips/1854015e18dc03d4df7e.wav,spoof,hi-en,386410,mucs2021,xtts_v2,channel_g711_20db,,eval,0.0009289865847676992
${DATA_ROOT}/clips/56226ce031a30baa9765.wav,spoof,hi-en,541916,mucs2021,xtts_v2,channel_g711_20db,,eval,0.0002399790973868221
${DATA_ROOT}/clips/50042bcd7e0a7d41c224.wav,spoof,hi-en,577537,mucs2021,xtts_v2,channel_g711_20db,,eval,0.03641551360487938
${DATA_ROOT}/clips/88b210a75ef9aef24258.wav,spoof,hi-en,581145,mucs2021,xtts_v2,channel_g711_20db,,eval,0.0004072125593665987
${DATA_ROOT}/clips/9d02b793362a9e3ece91.wav,spoof,hi-en,596505,mucs2021,xtts_v2,channel_g711_20db,,eval,0.0017868850845843554
${DATA_ROOT}/clips/a64f8d973764a70a2e3b.wav,spoof,hi-en,945728,mucs2021,xtts_v2,channel_g711_20db,,eval,0.0007856012089177966
${DATA_ROOT}/clips/8a73edc665cf2339577f.wav,spoof,hi-en,976811,mucs2021,xtts_v2,channel_g711_20db,,eval,0.005341400392353535
${DATA_ROOT}/clips/91835a5c76bdfa737c58.wav,spoof,hi-en,111627,mucs2021,xtts_v2,channel_g711_20db,,eval,0.0019429170060902834
${DATA_ROOT}/clips/2b611ed4d99581c00dac.wav,spoof,hi-en,121073,mucs2021,xtts_v2,channel_g711_20db,,eval,0.0028032094705849886
${DATA_ROOT}/clips/d85a6263b7ef2d2bacc8.wav,spoof,hi-en,136325,mucs2021,xtts_v2,channel_g711_20db,,eval,0.9915618300437927
${DATA_ROOT}/clips/2056b2c0e45322a21426.wav,spoof,hi-en,146859,mucs2021,xtts_v2,channel_g711_20db,,eval,0.0002897229860536754
${DATA_ROOT}/clips/076bb63951ede12c18be.wav,spoof,hi-en,165325,mucs2021,xtts_v2,channel_g711_20db,,eval,0.0009081816533580422
${DATA_ROOT}/clips/7c67e7f96a4e8389e333.wav,spoof,hi-en,175522,mucs2021,xtts_v2,channel_g711_20db,,eval,0.000673800939694047
${DATA_ROOT}/clips/a323508abe9affddd6c7.wav,spoof,hi-en,232748,mucs2021,xtts_v2,channel_g711_20db,,eval,0.0032587689347565174
${DATA_ROOT}/clips/b7368290eb5630c7eca4.wav,spoof,hi-en,238121,mucs2021,xtts_v2,channel_g711_20db,,eval,0.0007665506564080715
${DATA_ROOT}/clips/8269444de62bb13509c0.wav,spoof,hi-en,386410,mucs2021,xtts_v2,channel_g711_20db,,eval,0.0065483106300234795
${DATA_ROOT}/clips/656fb86728b59f28f855.wav,spoof,hi-en,541916,mucs2021,xtts_v2,channel_g711_20db,,eval,0.0002848596777766943
${DATA_ROOT}/clips/a30a4163d897f00e962b.wav,spoof,hi-en,577537,mucs2021,xtts_v2,channel_g711_20db,,eval,0.03209547698497772
${DATA_ROOT}/clips/5fe993a28fb7329b77cd.wav,spoof,hi-en,581145,mucs2021,xtts_v2,channel_g711_20db,,eval,0.030072344467043877
${DATA_ROOT}/clips/626cc465a75566551b18.wav,spoof,hi-en,596505,mucs2021,xtts_v2,channel_g711_20db,,eval,0.0010592408943921328
${DATA_ROOT}/clips/c76e78f211c03ad8dec8.wav,spoof,hi-en,945728,mucs2021,xtts_v2,channel_g711_20db,,eval,0.002137082163244486
${DATA_ROOT}/clips/5aa1a3de5cab0090a4e2.wav,spoof,hi-en,976811,mucs2021,xtts_v2,channel_g711_20db,,eval,0.99534010887146
${DATA_ROOT}/clips/db0a83f807579320ba24.wav,spoof,hi-en,111627,mucs2021,xtts_v2,channel_g711_20db,,eval,0.00030953180976212025
${DATA_ROOT}/clips/f205a96470909395d170.wav,spoof,hi-en,121073,mucs2021,xtts_v2,channel_g711_20db,,eval,0.0022539952769875526
${DATA_ROOT}/clips/b126617122ed8b4dba78.wav,spoof,hi-en,136325,mucs2021,xtts_v2,channel_g711_20db,,eval,0.993904173374176
${DATA_ROOT}/clips/ad01ffc329b1b6ddf73b.wav,spoof,hi-en,146859,mucs2021,xtts_v2,channel_g711_20db,,eval,0.00023333198623731732
${DATA_ROOT}/clips/0a5cbc81976183378f15.wav,spoof,hi-en,165325,mucs2021,xtts_v2,channel_g711_20db,,eval,0.00027702865190804005
${DATA_ROOT}/clips/aef619d3439e49836508.wav,spoof,hi-en,175522,mucs2021,xtts_v2,channel_g711_20db,,eval,0.0011071058688685298
${DATA_ROOT}/clips/eedc6772a221a2f6aabc.wav,spoof,hi-en,232748,mucs2021,xtts_v2,channel_g711_20db,,eval,0.41994521021842957
${DATA_ROOT}/clips/030935d41734f7a9a46e.wav,spoof,hi-en,238121,mucs2021,xtts_v2,channel_g711_20db,,eval,0.0002196729474235326
${DATA_ROOT}/clips/0d3c2cfb88e320f944e7.wav,spoof,hi-en,386410,mucs2021,xtts_v2,channel_g711_20db,,eval,0.0002948688343167305
${DATA_ROOT}/clips/cf61fe50135f75fe5054.wav,spoof,hi-en,541916,mucs2021,xtts_v2,channel_g711_20db,,eval,0.00024046533508226275
${DATA_ROOT}/clips/4262adec97d5992188e5.wav,spoof,hi-en,577537,mucs2021,xtts_v2,channel_g711_20db,,eval,0.0040665073320269585
${DATA_ROOT}/clips/43192d07724b6975d3b3.wav,spoof,hi-en,581145,mucs2021,xtts_v2,channel_g711_20db,,eval,0.002579951658844948
${DATA_ROOT}/clips/5ec2a3411dbe04bc5d82.wav,spoof,hi-en,596505,mucs2021,xtts_v2,channel_g711_20db,,eval,0.0026123307179659605
${DATA_ROOT}/clips/3b4c70cb46e306c1dafb.wav,spoof,hi-en,945728,mucs2021,xtts_v2,channel_g711_20db,,eval,0.005497456528246403
${DATA_ROOT}/clips/1bc3130882381995c455.wav,spoof,hi-en,976811,mucs2021,xtts_v2,channel_g711_20db,,eval,0.998206377029419
${DATA_ROOT}/clips/9cd9f3628703282037b0.wav,spoof,hi-en,111627,mucs2021,xtts_v2,channel_g711_20db,,eval,0.00022461779008153826
${DATA_ROOT}/clips/5f110ff62719fd926d9b.wav,spoof,hi-en,121073,mucs2021,xtts_v2,channel_g711_20db,,eval,0.000237982181715779
${DATA_ROOT}/clips/d335889eabe437baca97.wav,spoof,hi-en,136325,mucs2021,xtts_v2,channel_g711_20db,,eval,0.9936100840568542
${DATA_ROOT}/clips/f6b95e2c865aff6a1423.wav,spoof,hi-en,146859,mucs2021,xtts_v2,channel_g711_20db,,eval,0.0002712603600230068
${DATA_ROOT}/clips/e141284b472b2e9c2edd.wav,spoof,hi-en,165325,mucs2021,xtts_v2,channel_g711_20db,,eval,0.0014980791602283716
${DATA_ROOT}/clips/9ffecd0a958a55043e30.wav,spoof,hi-en,175522,mucs2021,xtts_v2,channel_g711_20db,,eval,0.0024186635855585337
${DATA_ROOT}/clips/c3578604dce554523ed5.wav,spoof,hi-en,232748,mucs2021,xtts_v2,channel_g711_20db,,eval,0.00045834394404664636
${DATA_ROOT}/clips/8346bf274d8635fb8e70.wav,spoof,hi-en,238121,mucs2021,xtts_v2,channel_g711_20db,,eval,0.004625268280506134
${DATA_ROOT}/clips/eba50c4f5c5d4a078b56.wav,spoof,hi-en,386410,mucs2021,xtts_v2,channel_g711_20db,,eval,0.0005135537358000875
${DATA_ROOT}/clips/0f069c095f7d1c85fced.wav,spoof,hi-en,541916,mucs2021,xtts_v2,channel_g711_20db,,eval,0.00025380938313901424
${DATA_ROOT}/clips/60882a848ced754dc442.wav,spoof,hi-en,577537,mucs2021,xtts_v2,channel_g711_20db,,eval,0.014367473311722279
${DATA_ROOT}/clips/54cc36097e564a53b00d.wav,spoof,hi-en,581145,mucs2021,xtts_v2,channel_g711_20db,,eval,0.002838226966559887
${DATA_ROOT}/clips/74c9b137f83a7932e4b7.wav,spoof,hi-en,596505,mucs2021,xtts_v2,channel_g711_20db,,eval,0.002784772776067257
${DATA_ROOT}/clips/111da3e695d962e0fce8.wav,spoof,hi-en,945728,mucs2021,xtts_v2,channel_g711_20db,,eval,0.0003817807591985911
${DATA_ROOT}/clips/b32c74ac500c4c37303c.wav,spoof,hi-en,976811,mucs2021,xtts_v2,channel_g711_20db,,eval,0.0033628400415182114
${DATA_ROOT}/clips/ec97142a093c697263da.wav,spoof,hi-en,111627,mucs2021,xtts_v2,channel_g711_20db,,eval,0.0002263314090669155
${DATA_ROOT}/clips/3cfe592636da39a005a8.wav,spoof,hi-en,121073,mucs2021,xtts_v2,channel_g711_20db,,eval,0.002412270288914442
${DATA_ROOT}/clips/7d822505979087702dea.wav,spoof,hi-en,136325,mucs2021,xtts_v2,channel_g711_20db,,eval,0.004115563817322254
${DATA_ROOT}/clips/c0539eb6682672fef686.wav,spoof,hi-en,146859,mucs2021,xtts_v2,channel_g711_20db,,eval,0.00025932633434422314
${DATA_ROOT}/clips/9de1610927c35ae470a3.wav,spoof,hi-en,165325,mucs2021,xtts_v2,channel_g711_20db,,eval,0.002788963494822383
${DATA_ROOT}/clips/3447c8fdc70eeaa018e6.wav,spoof,hi-en,175522,mucs2021,xtts_v2,channel_g711_20db,,eval,0.0017669096123427153
${DATA_ROOT}/clips/ced4a6a3fb44386cc15a.wav,spoof,hi-en,232748,mucs2021,xtts_v2,channel_g711_20db,,eval,0.0025627301074564457
${DATA_ROOT}/clips/457a0b6ddd622b89b6ed.wav,spoof,hi-en,238121,mucs2021,xtts_v2,channel_g711_20db,,eval,0.0011928975582122803
${DATA_ROOT}/clips/382f87e81b2936619109.wav,spoof,hi-en,386410,mucs2021,xtts_v2,channel_g711_20db,,eval,0.004976918920874596
${DATA_ROOT}/clips/95774efb915c15ba81c0.wav,spoof,hi-en,541916,mucs2021,xtts_v2,channel_g711_20db,,eval,0.8385984897613525
${DATA_ROOT}/clips/505bdfd2a7d3366e5519.wav,spoof,hi-en,577537,mucs2021,xtts_v2,channel_g711_20db,,eval,0.003298510331660509
${DATA_ROOT}/clips/93f431915a891129a6fb.wav,spoof,hi-en,581145,mucs2021,xtts_v2,channel_g711_20db,,eval,0.00807398185133934
${DATA_ROOT}/clips/70a7fa91680b8e5af254.wav,spoof,hi-en,596505,mucs2021,xtts_v2,channel_g711_20db,,eval,0.001189903705380857
${DATA_ROOT}/clips/b8d7013a2806f6ff7d42.wav,spoof,hi-en,945728,mucs2021,xtts_v2,channel_g711_20db,,eval,0.002211033832281828
${DATA_ROOT}/clips/2a04514e7501fae1b94e.wav,spoof,hi-en,976811,mucs2021,xtts_v2,channel_g711_20db,,eval,0.03478498384356499
${DATA_ROOT}/clips/77e22dfe7b7c045b4fb4.wav,spoof,hi-en,111627,mucs2021,xtts_v2,channel_g711_20db,,eval,0.0018553045811131597
${DATA_ROOT}/clips/262084d7d63a9b0eae50.wav,spoof,hi-en,121073,mucs2021,xtts_v2,channel_g711_20db,,eval,0.0007744170725345612
${DATA_ROOT}/clips/5909435cf7e9454c5f73.wav,spoof,hi-en,136325,mucs2021,xtts_v2,channel_g711_20db,,eval,0.9858888983726501
${DATA_ROOT}/clips/c5a4b47d99a0531d1083.wav,spoof,hi-en,146859,mucs2021,xtts_v2,channel_g711_20db,,eval,0.00023398385383188725
${DATA_ROOT}/clips/9a83f1f9452591757129.wav,spoof,hi-en,165325,mucs2021,xtts_v2,channel_g711_20db,,eval,0.0003750086179934442
${DATA_ROOT}/clips/b4433003cc68b65042f9.wav,spoof,hi-en,175522,mucs2021,xtts_v2,channel_g711_20db,,eval,0.004709295462816954
${DATA_ROOT}/clips/46a3fc10e902969a1400.wav,spoof,hi-en,232748,mucs2021,xtts_v2,channel_g711_20db,,eval,0.0014865664998069406
${DATA_ROOT}/clips/59c21670a965827e4474.wav,spoof,hi-en,238121,mucs2021,xtts_v2,channel_g711_20db,,eval,0.0003976452280767262
${DATA_ROOT}/clips/d07cb6e07b7dbea74742.wav,spoof,hi-en,386410,mucs2021,xtts_v2,channel_g711_20db,,eval,0.0005558300763368607
${DATA_ROOT}/clips/e36e4c44dd2f3c4faa60.wav,spoof,hi-en,541916,mucs2021,xtts_v2,channel_g711_20db,,eval,0.00023119212710298598
${DATA_ROOT}/clips/4c93a7c57b2b34c7114d.wav,spoof,hi-en,577537,mucs2021,xtts_v2,channel_g711_20db,,eval,0.0035788908135145903
${DATA_ROOT}/clips/37147eb27df4d0c4ae3d.wav,spoof,hi-en,581145,mucs2021,xtts_v2,channel_g711_20db,,eval,0.0010603232076391578
${DATA_ROOT}/clips/82381579649e091fecfa.wav,spoof,hi-en,596505,mucs2021,xtts_v2,channel_g711_20db,,eval,0.001454537152312696
${DATA_ROOT}/clips/48214e2292b6580d7904.wav,spoof,hi-en,945728,mucs2021,xtts_v2,channel_g711_20db,,eval,0.0015554458368569613
${DATA_ROOT}/clips/698b5ab5e2f926e5cf5a.wav,spoof,hi-en,976811,mucs2021,xtts_v2,channel_g711_20db,,eval,0.891059398651123
${DATA_ROOT}/clips/7710c8b216c3eda45b76.wav,spoof,hi-en,111627,mucs2021,xtts_v2,channel_g711_20db,,eval,0.00032870584982447326
${DATA_ROOT}/clips/14d7ec7f3990a2f49061.wav,spoof,hi-en,121073,mucs2021,xtts_v2,channel_g711_20db,,eval,0.00027033043443225324
${DATA_ROOT}/clips/0839ae4f6a9cdbe97029.wav,spoof,hi-en,136325,mucs2021,xtts_v2,channel_g711_20db,,eval,0.9944308400154114
${DATA_ROOT}/clips/7cef87583a938d2fe467.wav,spoof,hi-en,146859,mucs2021,xtts_v2,channel_g711_20db,,eval,0.0005446841823868454
${DATA_ROOT}/clips/5e1e4306b7cef25cd13f.wav,spoof,hi-en,165325,mucs2021,xtts_v2,channel_g711_20db,,eval,0.00026739967870526016
${DATA_ROOT}/clips/e60e0aba4b2273d757f8.wav,spoof,hi-en,175522,mucs2021,xtts_v2,channel_g711_20db,,eval,0.00026674557011574507
${DATA_ROOT}/clips/16291ab59983bf99c876.wav,spoof,hi-en,232748,mucs2021,xtts_v2,channel_g711_20db,,eval,0.002853544894605875
${DATA_ROOT}/clips/36bc8bfd6eb9ef7df341.wav,spoof,hi-en,238121,mucs2021,xtts_v2,channel_g711_20db,,eval,0.001354616368189454
${DATA_ROOT}/clips/949661b9769530ed1193.wav,spoof,hi-en,386410,mucs2021,xtts_v2,channel_g711_20db,,eval,0.001398752094246447
${DATA_ROOT}/clips/41268d96b321399deb8c.wav,spoof,hi-en,541916,mucs2021,xtts_v2,channel_g711_20db,,eval,0.0007561640231870115
${DATA_ROOT}/clips/c1b18fbf796255fc1451.wav,spoof,hi-en,577537,mucs2021,xtts_v2,channel_g711_20db,,eval,0.0002717628376558423
${DATA_ROOT}/clips/319372db49716f383049.wav,spoof,hi-en,581145,mucs2021,xtts_v2,channel_g711_20db,,eval,0.000723259465303272
${DATA_ROOT}/clips/544a5219a9ca77b5175a.wav,spoof,hi-en,596505,mucs2021,xtts_v2,channel_g711_20db,,eval,0.0011188533389940858
${DATA_ROOT}/clips/22e5acaafad3e27b2b5d.wav,spoof,hi-en,945728,mucs2021,xtts_v2,channel_g711_20db,,eval,0.0012074548285454512
${DATA_ROOT}/clips/07d7cad488eb0112c456.wav,spoof,hi-en,976811,mucs2021,xtts_v2,channel_g711_20db,,eval,0.13580965995788574
${DATA_ROOT}/clips/ee00f68c58a9c5bee2c1.wav,spoof,hi-en,111627,mucs2021,xtts_v2,channel_g711_20db,,eval,0.00027689506532624364
${DATA_ROOT}/clips/5b8867ea940020606a32.wav,spoof,hi-en,121073,mucs2021,xtts_v2,channel_g711_20db,,eval,0.0014831977896392345
${DATA_ROOT}/clips/3a333b197d36e0ab4dbc.wav,spoof,hi-en,136325,mucs2021,xtts_v2,channel_g711_20db,,eval,0.8931543231010437
${DATA_ROOT}/clips/ffdd705a5fc4f6b170d5.wav,spoof,hi-en,146859,mucs2021,xtts_v2,channel_g711_20db,,eval,0.00023978011449798942
${DATA_ROOT}/clips/3c6cfeca93c4b81b3784.wav,spoof,hi-en,165325,mucs2021,xtts_v2,channel_g711_20db,,eval,0.0002628922229632735
${DATA_ROOT}/clips/4b4f353cf61799eca604.wav,spoof,hi-en,175522,mucs2021,xtts_v2,channel_g711_20db,,eval,0.0037990149576216936
${DATA_ROOT}/clips/d4fa889ce197e15a8aa9.wav,spoof,hi-en,232748,mucs2021,xtts_v2,channel_g711_20db,,eval,0.001780212507583201
${DATA_ROOT}/clips/af681ef3f9fcc3966e14.wav,spoof,hi-en,238121,mucs2021,xtts_v2,channel_g711_20db,,eval,0.0002350354043301195
${DATA_ROOT}/clips/27255882323e3cb35264.wav,spoof,hi-en,386410,mucs2021,xtts_v2,channel_g711_20db,,eval,0.003402872709557414
${DATA_ROOT}/clips/0a12d5ab5090837402d7.wav,spoof,hi-en,541916,mucs2021,xtts_v2,channel_g711_20db,,eval,0.00030129204969853163
${DATA_ROOT}/clips/541908fe3b3f99518b8a.wav,spoof,hi-en,577537,mucs2021,xtts_v2,channel_g711_20db,,eval,0.0006046053604222834
${DATA_ROOT}/clips/5fc98bbbf30a12636d8b.wav,spoof,hi-en,581145,mucs2021,xtts_v2,channel_g711_20db,,eval,0.006021934561431408
${DATA_ROOT}/clips/42c8362ff5134be16ee5.wav,spoof,hi-en,596505,mucs2021,xtts_v2,channel_g711_20db,,eval,0.0005475834477692842
${DATA_ROOT}/clips/fee48b466b28cdadd485.wav,spoof,hi-en,945728,mucs2021,xtts_v2,channel_g711_20db,,eval,0.0004586805298458785
${DATA_ROOT}/clips/6ca617bf631031f82734.wav,spoof,hi-en,976811,mucs2021,xtts_v2,channel_g711_20db,,eval,0.9708287715911865
${DATA_ROOT}/clips/cb641512624d2eead94f.wav,spoof,hi-en,111627,mucs2021,xtts_v2,channel_g711_20db,,eval,0.0021965056657791138
${DATA_ROOT}/clips/89eed006f645bce22a67.wav,spoof,hi-en,121073,mucs2021,xtts_v2,channel_g711_20db,,eval,0.0021538075525313616
${DATA_ROOT}/clips/cdd38db640c0dcfbc9f1.wav,spoof,hi-en,136325,mucs2021,xtts_v2,channel_g711_20db,,eval,0.032850004732608795
${DATA_ROOT}/clips/ec73041f42c52f5e3b53.wav,spoof,hi-en,146859,mucs2021,xtts_v2,channel_g711_20db,,eval,0.0002372174058109522
${DATA_ROOT}/clips/ef373174d91279f320f3.wav,spoof,hi-en,165325,mucs2021,xtts_v2,channel_g711_20db,,eval,0.0006436235853470862
${DATA_ROOT}/clips/0ec13231abbe0798186f.wav,spoof,hi-en,175522,mucs2021,xtts_v2,channel_g711_20db,,eval,0.0027751498855650425
${DATA_ROOT}/clips/05bcd786e9d43dcc0b44.wav,spoof,hi-en,232748,mucs2021,xtts_v2,channel_g711_20db,,eval,0.00038981952820904553
${DATA_ROOT}/clips/d99fe345476945208d0b.wav,spoof,hi-en,238121,mucs2021,xtts_v2,channel_g711_20db,,eval,0.0003317479568067938
${DATA_ROOT}/clips/48085bf31d993473e266.wav,spoof,hi-en,386410,mucs2021,xtts_v2,channel_g711_20db,,eval,0.0006104209460318089
${DATA_ROOT}/clips/91b37f6ec9fa557dd41a.wav,spoof,hi-en,541916,mucs2021,xtts_v2,channel_g711_20db,,eval,0.00023294365382753313
${DATA_ROOT}/clips/dc6e55e94237ae173d9b.wav,spoof,hi-en,577537,mucs2021,xtts_v2,channel_g711_20db,,eval,0.019371971487998962
${DATA_ROOT}/clips/63c3323de7d9e92d93e7.wav,spoof,hi-en,581145,mucs2021,xtts_v2,channel_g711_20db,,eval,0.005130994599312544
${DATA_ROOT}/clips/0beea4e3c988b259da29.wav,spoof,hi-en,596505,mucs2021,xtts_v2,channel_g711_20db,,eval,0.0006178227486088872
${DATA_ROOT}/clips/0ab8cf71a8cfb7cc2b70.wav,spoof,hi-en,945728,mucs2021,xtts_v2,channel_g711_20db,,eval,0.0002986555336974561
${DATA_ROOT}/clips/17c0c0e0339d0470d6c9.wav,spoof,hi-en,976811,mucs2021,xtts_v2,channel_g711_20db,,eval,0.9634795784950256
${DATA_ROOT}/clips/6bcd81ed75fe2db30529.wav,spoof,hi-en,111627,mucs2021,xtts_v2,channel_g711_20db,,eval,0.0002117599215125665
${DATA_ROOT}/clips/853bbdce6b18c838c075.wav,spoof,hi-en,121073,mucs2021,xtts_v2,channel_g711_20db,,eval,0.004397690296173096
${DATA_ROOT}/clips/33ca1b1c41a0fb673f3b.wav,spoof,hi-en,136325,mucs2021,xtts_v2,channel_g711_20db,,eval,0.9870283603668213
${DATA_ROOT}/clips/3fe84c4f8bb835222d6f.wav,spoof,hi-en,146859,mucs2021,xtts_v2,channel_g711_20db,,eval,0.0002498504181858152
${DATA_ROOT}/clips/d966ee040870a8ab84f8.wav,spoof,hi-en,165325,mucs2021,xtts_v2,channel_g711_20db,,eval,0.00039312223088927567
${DATA_ROOT}/clips/0b178e041bfea038f63f.wav,spoof,hi-en,175522,mucs2021,xtts_v2,channel_g711_20db,,eval,0.0038146681617945433
${DATA_ROOT}/clips/1f6564fc78228a7786e5.wav,spoof,hi-en,232748,mucs2021,xtts_v2,channel_g711_20db,,eval,0.0029401083011180162
${DATA_ROOT}/clips/f83110e53d448bcaaa3e.wav,spoof,hi-en,238121,mucs2021,xtts_v2,channel_g711_20db,,eval,0.00040981272468343377
${DATA_ROOT}/clips/aab85f4e3ccee4425196.wav,spoof,hi-en,386410,mucs2021,xtts_v2,channel_g711_20db,,eval,0.0006498941802419722
${DATA_ROOT}/clips/902edfa6f0299dd46285.wav,spoof,hi-en,541916,mucs2021,xtts_v2,channel_g711_20db,,eval,0.000253496429650113
${DATA_ROOT}/clips/0980e16295e9a91a972c.wav,spoof,hi-en,577537,mucs2021,xtts_v2,channel_g711_20db,,eval,0.0028652916662395
${DATA_ROOT}/clips/a2bc91dda3fed400fc2e.wav,spoof,hi-en,581145,mucs2021,xtts_v2,channel_g711_20db,,eval,0.002419736236333847
${DATA_ROOT}/clips/59555ed06674d21eea4b.wav,spoof,hi-en,596505,mucs2021,xtts_v2,channel_g711_20db,,eval,0.0013189297169446945
${DATA_ROOT}/clips/f69d54b51e0c4c579e45.wav,spoof,hi-en,945728,mucs2021,xtts_v2,channel_g711_20db,,eval,0.00021491087682079524
${DATA_ROOT}/clips/2744b3e50f1359e50c1f.wav,spoof,hi-en,976811,mucs2021,xtts_v2,channel_g711_20db,,eval,0.007280005142092705
${DATA_ROOT}/clips/6d6d723c1966b58cbba4.wav,spoof,hi-en,111627,mucs2021,xtts_v2,channel_g711_20db,,eval,0.0003363755240570754
${DATA_ROOT}/clips/b43231a1225440353856.wav,spoof,hi-en,121073,mucs2021,xtts_v2,channel_g711_20db,,eval,0.00023282240726985037
${DATA_ROOT}/clips/62b701c6bf5b210e41d4.wav,spoof,hi-en,136325,mucs2021,xtts_v2,channel_g711_20db,,eval,0.0037809538189321756
${DATA_ROOT}/clips/9d114589fa92c634b098.wav,spoof,hi-en,146859,mucs2021,xtts_v2,channel_g711_20db,,eval,0.00023888265423011035
${DATA_ROOT}/clips/33bace12ce892af178fb.wav,spoof,hi-en,165325,mucs2021,xtts_v2,channel_g711_20db,,eval,0.0016888196114450693
${DATA_ROOT}/clips/e8bff2ab3674d98f78c3.wav,spoof,hi-en,175522,mucs2021,xtts_v2,channel_g711_20db,,eval,0.0030095090623944998
${DATA_ROOT}/clips/44d90f71e302f01e06d1.wav,spoof,hi-en,232748,mucs2021,xtts_v2,channel_g711_20db,,eval,0.0038000252097845078
${DATA_ROOT}/clips/a5c633621a818cd204f3.wav,spoof,hi-en,238121,mucs2021,xtts_v2,channel_g711_20db,,eval,0.0017372006550431252
${DATA_ROOT}/clips/e4448d7945bba8f0fc8a.wav,spoof,hi-en,386410,mucs2021,xtts_v2,channel_g711_20db,,eval,0.00029573426581919193
${DATA_ROOT}/clips/cf43988ca99bd5414356.wav,spoof,hi-en,541916,mucs2021,xtts_v2,channel_g711_20db,,eval,0.00047010311391204596
${DATA_ROOT}/clips/932b2fb00a8aedc21600.wav,spoof,hi-en,577537,mucs2021,xtts_v2,channel_g711_20db,,eval,0.01069493405520916
${DATA_ROOT}/clips/0a83fca495293b4eb10d.wav,spoof,hi-en,581145,mucs2021,xtts_v2,channel_g711_20db,,eval,0.004398243967443705
${DATA_ROOT}/clips/6d76e4c20afcd0e4572c.wav,spoof,hi-en,596505,mucs2021,xtts_v2,channel_g711_20db,,eval,0.00030957578564994037
${DATA_ROOT}/clips/fe1273dd3a22ddf6d200.wav,spoof,hi-en,945728,mucs2021,xtts_v2,channel_g711_20db,,eval,0.00044295660336501896
${DATA_ROOT}/clips/fe0ad8f900356554ecc6.wav,spoof,hi-en,976811,mucs2021,xtts_v2,channel_g711_20db,,eval,0.860224187374115
${DATA_ROOT}/clips/a1b8e992150c83e0c47a.wav,spoof,hi-en,111627,mucs2021,xtts_v2,channel_g711_20db,,eval,0.0018921071896329522
${DATA_ROOT}/clips/becd75859032912ff01d.wav,spoof,hi-en,121073,mucs2021,xtts_v2,channel_g711_20db,,eval,0.001546885701827705
${DATA_ROOT}/clips/e9b90417603026ed5f2f.wav,spoof,hi-en,136325,mucs2021,xtts_v2,channel_g711_20db,,eval,0.9970743656158447
${DATA_ROOT}/clips/543611875ff2ef6ef573.wav,spoof,hi-en,146859,mucs2021,xtts_v2,channel_g711_20db,,eval,0.283225953578949
${DATA_ROOT}/clips/77ea536201609a7863a4.wav,spoof,hi-en,165325,mucs2021,xtts_v2,channel_g711_20db,,eval,0.000847724499180913
${DATA_ROOT}/clips/b56bb382369df7eef7c1.wav,spoof,hi-en,175522,mucs2021,xtts_v2,channel_g711_20db,,eval,0.0014291655970737338
${DATA_ROOT}/clips/c73ad2a202b2565729df.wav,spoof,hi-en,232748,mucs2021,xtts_v2,channel_g711_20db,,eval,0.0014229868538677692
${DATA_ROOT}/clips/751e89b3ffe0f626fb3f.wav,spoof,hi-en,238121,mucs2021,xtts_v2,channel_g711_20db,,eval,0.0003274937625974417
${DATA_ROOT}/clips/2e0b58b6423c9085330c.wav,spoof,hi-en,386410,mucs2021,xtts_v2,channel_g711_20db,,eval,0.0010273378575220704
${DATA_ROOT}/clips/8c21b6c7316023a33d67.wav,spoof,hi-en,541916,mucs2021,xtts_v2,channel_g711_20db,,eval,0.8556267023086548
${DATA_ROOT}/clips/2d3d550476caca453f74.wav,spoof,hi-en,577537,mucs2021,xtts_v2,channel_g711_20db,,eval,0.006171319633722305
${DATA_ROOT}/clips/091710cfa0cf2ac1b40b.wav,spoof,hi-en,581145,mucs2021,xtts_v2,channel_g711_20db,,eval,0.003808569861575961
${DATA_ROOT}/clips/0537a7ad9d47e2cf8f35.wav,spoof,hi-en,596505,mucs2021,xtts_v2,channel_g711_20db,,eval,0.00042764752288348973
${DATA_ROOT}/clips/78fca6d55e11fc811ae0.wav,spoof,hi-en,945728,mucs2021,xtts_v2,channel_g711_20db,,eval,0.00029101636027917266
${DATA_ROOT}/clips/b5f68425c7e04287c7bc.wav,spoof,hi-en,976811,mucs2021,xtts_v2,channel_g711_20db,,eval,0.9973299503326416
${DATA_ROOT}/clips/a0b247613c7ae625ea6c.wav,spoof,hi-en,111627,mucs2021,xtts_v2,channel_g711_20db,,eval,0.00027961211162619293
${DATA_ROOT}/clips/581cef98365655129498.wav,spoof,hi-en,121073,mucs2021,xtts_v2,channel_g711_20db,,eval,0.0013469678815454245
${DATA_ROOT}/clips/2b6b9c5e4c2160cc8f47.wav,spoof,hi-en,136325,mucs2021,xtts_v2,channel_g711_20db,,eval,0.2898070216178894
${DATA_ROOT}/clips/472192c7dbb63fc673f9.wav,spoof,hi-en,146859,mucs2021,xtts_v2,channel_g711_20db,,eval,0.009357379749417305
${DATA_ROOT}/clips/ba582a796df527f9d0ae.wav,spoof,hi-en,165325,mucs2021,xtts_v2,channel_g711_20db,,eval,0.00035446221590973437
${DATA_ROOT}/clips/7214d6ff611f345bd29a.wav,spoof,hi-en,175522,mucs2021,xtts_v2,channel_g711_20db,,eval,0.0011661957250908017
${DATA_ROOT}/clips/3c04a4845b09a475825d.wav,spoof,hi-en,232748,mucs2021,xtts_v2,channel_g711_20db,,eval,0.01921898126602173
${DATA_ROOT}/clips/52efd939bec93ac47852.wav,spoof,hi-en,238121,mucs2021,xtts_v2,channel_g711_20db,,eval,0.0007181557011790574
${DATA_ROOT}/clips/b4aa9fafcc639f897d43.wav,spoof,hi-en,386410,mucs2021,xtts_v2,channel_g711_20db,,eval,0.00022719150001648813
${DATA_ROOT}/clips/4dab2229428ffab218b8.wav,spoof,hi-en,541916,mucs2021,xtts_v2,channel_g711_20db,,eval,0.0009229918941855431
${DATA_ROOT}/clips/23014b82e8aa41831ea3.wav,spoof,hi-en,577537,mucs2021,xtts_v2,channel_g711_20db,,eval,0.012274120002985
${DATA_ROOT}/clips/4e7692c5c2fffa1d0da1.wav,spoof,hi-en,581145,mucs2021,xtts_v2,channel_g711_20db,,eval,0.00085640320321545
${DATA_ROOT}/clips/185291c68cc842fa8e09.wav,spoof,hi-en,596505,mucs2021,xtts_v2,channel_g711_20db,,eval,0.0006962303887121379
${DATA_ROOT}/clips/e46c7c56bb6290dfee39.wav,spoof,hi-en,945728,mucs2021,xtts_v2,channel_g711_20db,,eval,0.004126029554754496
${DATA_ROOT}/clips/a8db87ac2c01ab6e89fa.wav,spoof,hi-en,976811,mucs2021,xtts_v2,channel_g711_20db,,eval,0.996783971786499
${DATA_ROOT}/clips/c0ea7ebb74c08d6ee8de.wav,spoof,hi-en,111627,mucs2021,xtts_v2,channel_g711_20db,,eval,0.004448746796697378
${DATA_ROOT}/clips/b7b4b5ff489378d10188.wav,spoof,hi-en,121073,mucs2021,xtts_v2,channel_g711_20db,,eval,0.0015922368038445711
${DATA_ROOT}/clips/0246c8c3e530c8c67af7.wav,spoof,hi-en,136325,mucs2021,xtts_v2,channel_g711_20db,,eval,0.1175493374466896
${DATA_ROOT}/clips/df6c5bc1956068b1e7e5.wav,spoof,hi-en,146859,mucs2021,xtts_v2,channel_g711_20db,,eval,0.0002608588256407529
${DATA_ROOT}/clips/a82db487cbab6a5de0a2.wav,spoof,hi-en,165325,mucs2021,xtts_v2,channel_g711_20db,,eval,0.0003838673874270171
${DATA_ROOT}/clips/62898261b41d4aeff84b.wav,spoof,hi-en,175522,mucs2021,xtts_v2,channel_g711_20db,,eval,0.009608527645468712
${DATA_ROOT}/clips/724fc520bdfc115764a4.wav,spoof,hi-en,232748,mucs2021,xtts_v2,channel_g711_20db,,eval,0.0024589120876044035
${DATA_ROOT}/clips/98b330bf3c863efad3a0.wav,spoof,hi-en,238121,mucs2021,xtts_v2,channel_g711_20db,,eval,0.00048371212324127555
${DATA_ROOT}/clips/d36e0a1773f24406d2cc.wav,spoof,hi-en,386410,mucs2021,xtts_v2,channel_g711_20db,,eval,0.0002771797589957714
${DATA_ROOT}/clips/c07c73c177e9a0cfcbca.wav,spoof,hi-en,541916,mucs2021,xtts_v2,channel_g711_20db,,eval,0.44116446375846863
${DATA_ROOT}/clips/57ecbdf7535c8210cad7.wav,spoof,hi-en,577537,mucs2021,xtts_v2,channel_g711_20db,,eval,0.0018529307562857866
${DATA_ROOT}/clips/6aac5454dc609e010537.wav,spoof,hi-en,581145,mucs2021,xtts_v2,channel_g711_20db,,eval,0.053260330110788345
${DATA_ROOT}/clips/b102d80591106e6c8891.wav,spoof,hi-en,596505,mucs2021,xtts_v2,channel_g711_20db,,eval,0.0005425623385235667
${DATA_ROOT}/clips/fd852c92b673d4480aef.wav,spoof,hi-en,945728,mucs2021,xtts_v2,channel_g711_20db,,eval,0.0003182461659889668
${DATA_ROOT}/clips/3df30b3cfa7dcc35729b.wav,spoof,hi-en,976811,mucs2021,xtts_v2,channel_g711_20db,,eval,0.9968768358230591
${DATA_ROOT}/clips/38d58bb5e5c71bdf4f5c.wav,spoof,hi-en,111627,mucs2021,xtts_v2,channel_g711_20db,,eval,0.00022131063451524824
${DATA_ROOT}/clips/dd76842642efe78d51a7.wav,spoof,hi-en,121073,mucs2021,xtts_v2,channel_g711_20db,,eval,0.0026654961984604597
${DATA_ROOT}/clips/d6838ee90e11c36ed675.wav,spoof,hi-en,136325,mucs2021,xtts_v2,channel_g711_20db,,eval,0.07683151960372925
${DATA_ROOT}/clips/3ee7e72659b13a09eaec.wav,spoof,hi-en,146859,mucs2021,xtts_v2,channel_g711_20db,,eval,0.0002453461056575179
${DATA_ROOT}/clips/43f82e7d9020e3b46555.wav,spoof,hi-en,165325,mucs2021,xtts_v2,channel_g711_20db,,eval,0.0002972652728203684
${DATA_ROOT}/clips/86b645bd8aaa087cc49e.wav,spoof,hi-en,175522,mucs2021,xtts_v2,channel_g711_20db,,eval,0.0013515680329874158
${DATA_ROOT}/clips/113c681db3135c56d549.wav,spoof,hi-en,232748,mucs2021,xtts_v2,channel_g711_20db,,eval,0.1282796412706375
${DATA_ROOT}/clips/ed4a4a1b183798fc2f07.wav,spoof,hi-en,238121,mucs2021,xtts_v2,channel_g711_20db,,eval,0.0014458666555583477
${DATA_ROOT}/clips/02b057015deb1e72806d.wav,spoof,hi-en,386410,mucs2021,xtts_v2,channel_g711_20db,,eval,0.00025899423053488135
${DATA_ROOT}/clips/0cbe56ae9d412b788288.wav,spoof,hi-en,541916,mucs2021,xtts_v2,channel_g711_20db,,eval,0.00025766470935195684
${DATA_ROOT}/clips/fcf518a5247b477ef956.wav,spoof,hi-en,577537,mucs2021,xtts_v2,channel_g711_20db,,eval,0.002160464646294713
${DATA_ROOT}/clips/ee76d636970435119f47.wav,spoof,hi-en,581145,mucs2021,xtts_v2,channel_g711_20db,,eval,0.0070335716009140015
${DATA_ROOT}/clips/f5b4d3a9f163e5706da0.wav,spoof,hi-en,596505,mucs2021,xtts_v2,channel_g711_20db,,eval,0.0035495799966156483
${DATA_ROOT}/clips/c117d25077a10739969a.wav,spoof,hi-en,945728,mucs2021,xtts_v2,channel_g711_20db,,eval,0.0024898990523070097
${DATA_ROOT}/clips/1e792f1d3a42a2487632.wav,spoof,hi-en,976811,mucs2021,xtts_v2,channel_g711_20db,,eval,0.997701108455658
${DATA_ROOT}/clips/020406c5624771829565.wav,spoof,hi-en,111627,mucs2021,xtts_v2,channel_g711_20db,,eval,0.00021462624135892838
${DATA_ROOT}/clips/23a0b78d8555af9fac18.wav,spoof,hi-en,121073,mucs2021,xtts_v2,channel_g711_20db,,eval,0.0010589215671643615
${DATA_ROOT}/clips/64eefdde1076c98bd5be.wav,spoof,hi-en,136325,mucs2021,xtts_v2,channel_g711_20db,,eval,0.9933772683143616
${DATA_ROOT}/clips/47aa65e3903e410ebbdb.wav,spoof,hi-en,146859,mucs2021,xtts_v2,channel_g711_20db,,eval,0.00025215017376467586
${DATA_ROOT}/clips/e1123393f2bb4f242f40.wav,spoof,hi-en,165325,mucs2021,xtts_v2,channel_g711_20db,,eval,0.001502807135693729
${DATA_ROOT}/clips/65b21133694acd40e76e.wav,spoof,hi-en,175522,mucs2021,xtts_v2,channel_g711_20db,,eval,0.002692572074010968
${DATA_ROOT}/clips/0b1f0a690aac25adc916.wav,spoof,hi-en,232748,mucs2021,xtts_v2,channel_g711_20db,,eval,0.002302099484950304
${DATA_ROOT}/clips/177237862989c4b63d13.wav,spoof,hi-en,238121,mucs2021,xtts_v2,channel_g711_20db,,eval,0.005107386503368616
${DATA_ROOT}/clips/d59029aab12a24954729.wav,spoof,hi-en,386410,mucs2021,xtts_v2,channel_g711_20db,,eval,0.0005136749241501093
${DATA_ROOT}/clips/6ead08aad62505b7d8b6.wav,spoof,hi-en,541916,mucs2021,xtts_v2,channel_g711_20db,,eval,0.0002118625125149265
${DATA_ROOT}/clips/c44cd6a6d07dc94a9b7b.wav,spoof,hi-en,577537,mucs2021,xtts_v2,channel_g711_20db,,eval,0.003814276307821274
${DATA_ROOT}/clips/3aaf51700a69432c82b0.wav,spoof,hi-en,581145,mucs2021,xtts_v2,channel_g711_20db,,eval,0.006062528118491173
${DATA_ROOT}/clips/aac25f687dd2136ca8ab.wav,spoof,hi-en,596505,mucs2021,xtts_v2,channel_g711_20db,,eval,0.001122125773690641
${DATA_ROOT}/clips/595b0a9751c41e05e416.wav,spoof,hi-en,945728,mucs2021,xtts_v2,channel_g711_20db,,eval,0.00022948440164327621
${DATA_ROOT}/clips/294c130b3d8a7a3b8af0.wav,spoof,hi-en,976811,mucs2021,xtts_v2,channel_g711_20db,,eval,0.5174543261528015
${DATA_ROOT}/clips/72420b2b69f5623eab20.wav,spoof,hi-en,111627,mucs2021,xtts_v2,channel_g711_20db,,eval,0.004840909503400326
${DATA_ROOT}/clips/0f2a147f1114d2ae385f.wav,spoof,hi-en,121073,mucs2021,xtts_v2,channel_g711_20db,,eval,0.002450887579470873
${DATA_ROOT}/clips/5a503f3ef54f0c917656.wav,spoof,hi-en,136325,mucs2021,xtts_v2,channel_g711_20db,,eval,0.967011570930481
${DATA_ROOT}/clips/9bb8484054d701ef4aa5.wav,spoof,hi-en,146859,mucs2021,xtts_v2,channel_g711_20db,,eval,0.00023423631500918418
${DATA_ROOT}/clips/40313fce7390d11a513b.wav,spoof,hi-en,165325,mucs2021,xtts_v2,channel_g711_20db,,eval,0.013476845808327198
${DATA_ROOT}/clips/ebfd47f3b6173b914074.wav,spoof,hi-en,175522,mucs2021,xtts_v2,channel_g711_20db,,eval,0.0016863083001226187
${DATA_ROOT}/clips/6ea27003afe7109f7c9e.wav,spoof,hi-en,232748,mucs2021,xtts_v2,channel_g711_20db,,eval,0.000472329615149647
${DATA_ROOT}/clips/0f2d2eaeecc91f91042d.wav,spoof,hi-en,238121,mucs2021,xtts_v2,channel_g711_20db,,eval,0.01652371883392334
${DATA_ROOT}/clips/f77753484d75908ec2ca.wav,spoof,hi-en,386410,mucs2021,xtts_v2,channel_g711_20db,,eval,0.0007525549153797328
${DATA_ROOT}/clips/9a63225eccd1e5fb1b04.wav,spoof,hi-en,541916,mucs2021,xtts_v2,channel_g711_20db,,eval,0.06973084062337875
${DATA_ROOT}/clips/cfaf7d8491a2f3ad3667.wav,spoof,hi-en,577537,mucs2021,xtts_v2,channel_g711_20db,,eval,0.004365662112832069
${DATA_ROOT}/clips/08658fc4ad8398d6dda1.wav,spoof,hi-en,581145,mucs2021,xtts_v2,channel_g711_20db,,eval,0.0007124018738977611
${DATA_ROOT}/clips/84adeddb85abd7e65c2b.wav,spoof,hi-en,596505,mucs2021,xtts_v2,channel_g711_20db,,eval,0.0018418403342366219
${DATA_ROOT}/clips/d329cda4b1d39e1f6404.wav,spoof,hi-en,945728,mucs2021,xtts_v2,channel_g711_20db,,eval,0.030451767146587372
${DATA_ROOT}/clips/83cb0def74751b8c90c5.wav,spoof,hi-en,976811,mucs2021,xtts_v2,channel_g711_20db,,eval,0.9970672726631165
${DATA_ROOT}/clips/f5ff945124053d4e6e16.wav,spoof,hi-en,111627,mucs2021,xtts_v2,channel_g711_20db,,eval,0.00021652091527357697
${DATA_ROOT}/clips/8470389e126a201ac59c.wav,spoof,hi-en,121073,mucs2021,xtts_v2,channel_g711_20db,,eval,0.00022511671704705805
${DATA_ROOT}/clips/f78f92a7284b8cd92be0.wav,spoof,hi-en,136325,mucs2021,xtts_v2,channel_g711_20db,,eval,0.009137743152678013
${DATA_ROOT}/clips/12549aee85fb33fc1dc3.wav,spoof,hi-en,146859,mucs2021,xtts_v2,channel_g711_20db,,eval,0.0003268602304160595
${DATA_ROOT}/clips/b5b1d4ccef9de711c593.wav,spoof,hi-en,165325,mucs2021,xtts_v2,channel_g711_20db,,eval,0.013286953791975975
${DATA_ROOT}/clips/362ef8e2c4cedce6b03b.wav,spoof,hi-en,175522,mucs2021,xtts_v2,channel_g711_20db,,eval,0.002982040401548147
${DATA_ROOT}/clips/707fad7da6075597bf0a.wav,spoof,hi-en,232748,mucs2021,xtts_v2,channel_g711_20db,,eval,0.00266636093147099
${DATA_ROOT}/clips/6e2b1fb4b3d438a89060.wav,spoof,hi-en,238121,mucs2021,xtts_v2,channel_g711_20db,,eval,0.0002771570289041847
${DATA_ROOT}/clips/b81c127274343d1ac61d.wav,spoof,hi-en,386410,mucs2021,xtts_v2,channel_g711_20db,,eval,0.0013055058661848307
${DATA_ROOT}/clips/fe93541b555e84697f91.wav,spoof,hi-en,541916,mucs2021,xtts_v2,channel_g711_20db,,eval,0.000245567032834515
${DATA_ROOT}/clips/c16cb7a8fc1b13ee0104.wav,spoof,hi-en,577537,mucs2021,xtts_v2,channel_g711_20db,,eval,0.008152153342962265
${DATA_ROOT}/clips/0a9bd480813bd289ebc5.wav,spoof,hi-en,581145,mucs2021,xtts_v2,channel_g711_20db,,eval,0.00862438976764679
${DATA_ROOT}/clips/355745a581727fdf56df.wav,spoof,hi-en,596505,mucs2021,xtts_v2,channel_g711_20db,,eval,0.0018074722029268742
${DATA_ROOT}/clips/aa968be6659930460c2e.wav,spoof,hi-en,945728,mucs2021,xtts_v2,channel_g711_20db,,eval,0.0011307299137115479
${DATA_ROOT}/clips/2df8178b90705a4bd73c.wav,spoof,hi-en,976811,mucs2021,xtts_v2,channel_g711_20db,,eval,0.9198960065841675
${DATA_ROOT}/clips/98908dbec7efe22bca2a.wav,spoof,hi-en,111627,mucs2021,xtts_v2,channel_g711_20db,,eval,0.00021991730318404734
${DATA_ROOT}/clips/c1fdd7001c8fb8a5a93b.wav,spoof,hi-en,121073,mucs2021,xtts_v2,channel_g711_20db,,eval,0.0015072842361405492
${DATA_ROOT}/clips/3a8f97e81ee8916e273a.wav,spoof,hi-en,136325,mucs2021,xtts_v2,channel_g711_20db,,eval,0.7202019095420837
${DATA_ROOT}/clips/02b6a00812340b39681c.wav,spoof,hi-en,146859,mucs2021,xtts_v2,channel_g711_20db,,eval,0.0002458364178892225
${DATA_ROOT}/clips/3e328c7fa04dd67bf9cb.wav,spoof,hi-en,165325,mucs2021,xtts_v2,channel_g711_20db,,eval,0.0015802718698978424
${DATA_ROOT}/clips/8c0d4130fff03b31cef5.wav,spoof,hi-en,175522,mucs2021,xtts_v2,channel_g711_20db,,eval,0.000555194856133312
${DATA_ROOT}/clips/4990f83c21a6ae23cbc8.wav,spoof,hi-en,232748,mucs2021,xtts_v2,channel_g711_20db,,eval,0.009732096455991268
${DATA_ROOT}/clips/55688ff1e0e27d9961f2.wav,spoof,hi-en,238121,mucs2021,xtts_v2,channel_g711_20db,,eval,0.00036563322646543384
${DATA_ROOT}/clips/9cdee8086dd24ca845ac.wav,spoof,hi-en,386410,mucs2021,xtts_v2,channel_g711_20db,,eval,0.0019382272148504853
${DATA_ROOT}/clips/1f087854f822b3d63e2d.wav,spoof,hi-en,541916,mucs2021,xtts_v2,channel_g711_20db,,eval,0.0013828921364620328
${DATA_ROOT}/clips/aa874695783646b86727.wav,spoof,hi-en,577537,mucs2021,xtts_v2,channel_g711_20db,,eval,0.017717020586133003
${DATA_ROOT}/clips/bc4d800359825d641d92.wav,spoof,hi-en,581145,mucs2021,xtts_v2,channel_g711_20db,,eval,0.0016615313943475485
${DATA_ROOT}/clips/7fa4ef62364771aa6059.wav,spoof,hi-en,596505,mucs2021,xtts_v2,channel_g711_20db,,eval,0.0008628896903246641
${DATA_ROOT}/clips/9b2f4b9aea790a789387.wav,spoof,hi-en,945728,mucs2021,xtts_v2,channel_g711_20db,,eval,0.00041787803638726473
${DATA_ROOT}/clips/a457fd9f2eb9b7ca05e3.wav,spoof,hi-en,976811,mucs2021,xtts_v2,channel_g711_20db,,eval,0.5181987881660461
${DATA_ROOT}/clips/92d5f2d882f5cccad98f.wav,spoof,hi-en,111627,mucs2021,xtts_v2,channel_g711_20db,,eval,0.00034995379974134266
${DATA_ROOT}/clips/9a436960c3c48e5a4a35.wav,spoof,hi-en,121073,mucs2021,xtts_v2,channel_g711_20db,,eval,0.0006541883340105414
${DATA_ROOT}/clips/ec4fc7468e25d7a8ec3d.wav,spoof,hi-en,136325,mucs2021,xtts_v2,channel_g711_20db,,eval,0.0011439741356298327
${DATA_ROOT}/clips/d2fce0d0182a80a27380.wav,spoof,hi-en,146859,mucs2021,xtts_v2,channel_g711_20db,,eval,0.00022383577015716583
${DATA_ROOT}/clips/b33e9d0216432a894b71.wav,spoof,hi-en,165325,mucs2021,xtts_v2,channel_g711_20db,,eval,0.003372538834810257
${DATA_ROOT}/clips/453aa7b1be4e66edc0ce.wav,spoof,hi-en,175522,mucs2021,xtts_v2,channel_g711_20db,,eval,0.0006653791642747819
${DATA_ROOT}/clips/0a801121ba7c3f25da3d.wav,spoof,hi-en,232748,mucs2021,xtts_v2,channel_g711_20db,,eval,0.006499636918306351
${DATA_ROOT}/clips/5798e0e369ea2e03a9cc.wav,spoof,hi-en,238121,mucs2021,xtts_v2,channel_g711_20db,,eval,0.0016833801055327058
${DATA_ROOT}/clips/3ee8a2ae716701337cfe.wav,spoof,hi-en,386410,mucs2021,xtts_v2,channel_g711_20db,,eval,0.011775418184697628
${DATA_ROOT}/clips/ef170b6cefb1ceb8b805.wav,spoof,hi-en,541916,mucs2021,xtts_v2,channel_g711_20db,,eval,0.002238695276901126
${DATA_ROOT}/clips/4cce2625ba8696795dfd.wav,spoof,hi-en,577537,mucs2021,xtts_v2,channel_g711_20db,,eval,0.00891680084168911
${DATA_ROOT}/clips/33115289f949e6e482fd.wav,spoof,hi-en,581145,mucs2021,xtts_v2,channel_g711_20db,,eval,0.0048684109933674335
${DATA_ROOT}/clips/6a437801f91bf853dbd4.wav,spoof,hi-en,596505,mucs2021,xtts_v2,channel_g711_20db,,eval,0.0002668177767191082
${DATA_ROOT}/clips/9540749696c8f67106f3.wav,spoof,hi-en,945728,mucs2021,xtts_v2,channel_g711_20db,,eval,0.00024129328085109591
${DATA_ROOT}/clips/01c17f5417c33a33c9ed.wav,spoof,hi-en,976811,mucs2021,xtts_v2,channel_g711_20db,,eval,0.9973573088645935
${DATA_ROOT}/clips/9c1b933823285db65844.wav,spoof,hi-en,111627,mucs2021,xtts_v2,channel_g711_20db,,eval,0.00032053745235316455
${DATA_ROOT}/clips/9dab80b708d90a236a6a.wav,spoof,hi-en,121073,mucs2021,xtts_v2,channel_g711_20db,,eval,0.0008401001105085015
${DATA_ROOT}/clips/1185833048378e93c499.wav,spoof,hi-en,136325,mucs2021,xtts_v2,channel_g711_20db,,eval,0.9954813718795776
${DATA_ROOT}/clips/7f36a49adda09b6541f4.wav,spoof,hi-en,146859,mucs2021,xtts_v2,channel_g711_20db,,eval,0.0006387407192960382
${DATA_ROOT}/clips/63f924134214a0935652.wav,spoof,hi-en,165325,mucs2021,xtts_v2,channel_g711_20db,,eval,0.0005358974449336529
${DATA_ROOT}/clips/8ef330414e4f86cf4686.wav,spoof,hi-en,175522,mucs2021,xtts_v2,channel_g711_20db,,eval,0.0009188429685309529
${DATA_ROOT}/clips/4384aa4c5557a2afa160.wav,spoof,hi-en,232748,mucs2021,xtts_v2,channel_g711_20db,,eval,0.003356779459863901
${DATA_ROOT}/clips/bbc659e32a093ffffe2f.wav,spoof,hi-en,238121,mucs2021,xtts_v2,channel_g711_20db,,eval,0.0013611535541713238
${DATA_ROOT}/clips/5cb2bff448a536bba503.wav,spoof,hi-en,386410,mucs2021,xtts_v2,channel_g711_20db,,eval,0.00044047689880244434
${DATA_ROOT}/clips/d32f0a6f840a677b773a.wav,spoof,hi-en,541916,mucs2021,xtts_v2,channel_g711_20db,,eval,0.0003019831492565572
${DATA_ROOT}/clips/64a5fd1a55cb5a94d179.wav,spoof,hi-en,577537,mucs2021,xtts_v2,channel_g711_20db,,eval,0.022134890779852867
${DATA_ROOT}/clips/c42781ca42c17f53af52.wav,spoof,hi-en,581145,mucs2021,xtts_v2,channel_g711_20db,,eval,0.005491657182574272
${DATA_ROOT}/clips/bed6985251fab5c496ce.wav,spoof,hi-en,596505,mucs2021,xtts_v2,channel_g711_20db,,eval,0.005977950058877468
${DATA_ROOT}/clips/80e296b89ce388d4a711.wav,spoof,hi-en,945728,mucs2021,xtts_v2,channel_g711_20db,,eval,0.0002790345170069486
${DATA_ROOT}/clips/9a0a922c64cbf1b6f87f.wav,spoof,hi-en,976811,mucs2021,xtts_v2,channel_g711_20db,,eval,0.9883711934089661
${DATA_ROOT}/clips/19d3e0e25d603c5fc99f.wav,spoof,hi-en,111627,mucs2021,xtts_v2,channel_g711_20db,,eval,0.002798651810735464
${DATA_ROOT}/clips/086c1d3b85afc643cb2b.wav,spoof,hi-en,121073,mucs2021,xtts_v2,channel_g711_20db,,eval,0.0024662897922098637
${DATA_ROOT}/clips/64d1a1066606300068f6.wav,spoof,hi-en,136325,mucs2021,xtts_v2,channel_g711_20db,,eval,0.9974191188812256
${DATA_ROOT}/clips/1c2ecec06ae2843d3df9.wav,spoof,hi-en,146859,mucs2021,xtts_v2,channel_g711_20db,,eval,0.00041546719148755074
${DATA_ROOT}/clips/26014021370228baaab9.wav,spoof,hi-en,165325,mucs2021,xtts_v2,channel_g711_20db,,eval,0.007034380920231342
${DATA_ROOT}/clips/1781c7a49a775e6d0ace.wav,spoof,hi-en,175522,mucs2021,xtts_v2,channel_g711_20db,,eval,0.0008054740610532463
${DATA_ROOT}/clips/3bb8e98a0ba7c1294b69.wav,spoof,hi-en,232748,mucs2021,xtts_v2,channel_g711_20db,,eval,0.005816395860165358
${DATA_ROOT}/clips/b38f3272a091dc6afc07.wav,spoof,hi-en,238121,mucs2021,xtts_v2,channel_g711_20db,,eval,0.010159256868064404
${DATA_ROOT}/clips/a315e38a710c7da94daf.wav,spoof,hi-en,386410,mucs2021,xtts_v2,channel_g711_20db,,eval,0.0005747391260229051
${DATA_ROOT}/clips/fd59577eded279cf4f11.wav,spoof,hi-en,541916,mucs2021,xtts_v2,channel_g711_20db,,eval,0.00024185229267459363
${DATA_ROOT}/clips/6dab013d8a79ecc6d94f.wav,spoof,hi-en,577537,mucs2021,xtts_v2,channel_g711_20db,,eval,0.007110917009413242
${DATA_ROOT}/clips/0f17cd7ccc2ec41eb705.wav,spoof,hi-en,581145,mucs2021,xtts_v2,channel_g711_20db,,eval,0.009902279824018478
${DATA_ROOT}/clips/fb0a80a57db2e30c247e.wav,spoof,hi-en,596505,mucs2021,xtts_v2,channel_g711_20db,,eval,0.0006532889092341065
${DATA_ROOT}/clips/6f6087de2b9f0e26da16.wav,spoof,hi-en,945728,mucs2021,xtts_v2,channel_g711_20db,,eval,0.012571548111736774
${DATA_ROOT}/clips/50d1066d2dc90f06e361.wav,spoof,hi-en,976811,mucs2021,xtts_v2,channel_g711_20db,,eval,0.9705231189727783
${DATA_ROOT}/clips/7bf88461c5f0076777c8.wav,spoof,hi-en,111627,mucs2021,xtts_v2,channel_g711_20db,,eval,0.00023625901667401195
${DATA_ROOT}/clips/bc395b056dbe5453f70f.wav,spoof,hi-en,121073,mucs2021,xtts_v2,channel_g711_20db,,eval,0.002381186932325363
${DATA_ROOT}/clips/7776891d280cb1185c0b.wav,spoof,hi-en,136325,mucs2021,xtts_v2,channel_g711_20db,,eval,0.0014175369869917631
${DATA_ROOT}/clips/c2e9a65b4e841f25be4c.wav,spoof,hi-en,146859,mucs2021,xtts_v2,channel_g711_20db,,eval,0.00023371473071165383
${DATA_ROOT}/clips/196150dfb1e061c57ded.wav,spoof,hi-en,165325,mucs2021,xtts_v2,channel_g711_20db,,eval,0.0011822003871202469
${DATA_ROOT}/clips/221d847aef1aef0bbaea.wav,spoof,hi-en,175522,mucs2021,xtts_v2,channel_g711_20db,,eval,0.0115103954449296
${DATA_ROOT}/clips/ada4dfeca36603918832.wav,spoof,hi-en,232748,mucs2021,xtts_v2,channel_g711_20db,,eval,0.004592890851199627
${DATA_ROOT}/clips/dc3724898f527c32b0e8.wav,spoof,hi-en,238121,mucs2021,xtts_v2,channel_g711_20db,,eval,0.0572860948741436
${DATA_ROOT}/clips/a5553f61857da4254ef7.wav,spoof,hi-en,386410,mucs2021,xtts_v2,channel_g711_20db,,eval,0.0018524350598454475
${DATA_ROOT}/clips/59f6eba6b87efe03f8c3.wav,spoof,hi-en,541916,mucs2021,xtts_v2,channel_g711_20db,,eval,0.7758657932281494
${DATA_ROOT}/clips/0f4e5f55506f9dd12369.wav,spoof,hi-en,577537,mucs2021,xtts_v2,channel_g711_20db,,eval,0.0033570663072168827
${DATA_ROOT}/clips/e92caf0f1239e5bfd134.wav,spoof,hi-en,581145,mucs2021,xtts_v2,channel_g711_20db,,eval,0.014560059644281864
${DATA_ROOT}/clips/31ca065918588b4469b2.wav,spoof,hi-en,596505,mucs2021,xtts_v2,channel_g711_20db,,eval,0.0019288668408989906
${DATA_ROOT}/clips/90c0cfc2f364ddd37010.wav,spoof,hi-en,945728,mucs2021,xtts_v2,channel_g711_20db,,eval,0.00028108590049669147
${DATA_ROOT}/clips/1d44034ba389d94d781e.wav,spoof,hi-en,976811,mucs2021,xtts_v2,channel_g711_20db,,eval,0.004094405565410852
${DATA_ROOT}/clips/ce7cf9cfde5b3a1ffa8b.wav,spoof,hi-en,111627,mucs2021,xtts_v2,channel_g711_20db,,eval,0.00022622570395469666
${DATA_ROOT}/clips/754331fd89f9ae1144e9.wav,spoof,hi-en,121073,mucs2021,xtts_v2,channel_g711_20db,,eval,0.002533283783122897
${DATA_ROOT}/clips/ac10a306ebdc2ea55178.wav,spoof,hi-en,136325,mucs2021,xtts_v2,channel_g711_20db,,eval,0.0012537422589957714
${DATA_ROOT}/clips/e2bdf7e64c5a71cf9a88.wav,spoof,hi-en,146859,mucs2021,xtts_v2,channel_g711_20db,,eval,0.8074694275856018
${DATA_ROOT}/clips/0f07c2eb9a89b79ae887.wav,spoof,hi-en,165325,mucs2021,xtts_v2,channel_g711_20db,,eval,0.0003462833119556308
${DATA_ROOT}/clips/f1b34c6b9d2a98b5aef5.wav,spoof,hi-en,175522,mucs2021,xtts_v2,channel_g711_20db,,eval,0.0031914138235151768
${DATA_ROOT}/clips/2f46e0bb8c4f7edce2d6.wav,spoof,hi-en,232748,mucs2021,xtts_v2,channel_g711_20db,,eval,0.002851950004696846
${DATA_ROOT}/clips/dac55d85e60a2286705b.wav,spoof,hi-en,238121,mucs2021,xtts_v2,channel_g711_20db,,eval,0.0014686832437291741
${DATA_ROOT}/clips/bd197d7505e5afb11b82.wav,spoof,hi-en,386410,mucs2021,xtts_v2,channel_g711_20db,,eval,0.0008982833242043853
${DATA_ROOT}/clips/c889dcad4f692c65f0c0.wav,spoof,hi-en,541916,mucs2021,xtts_v2,channel_g711_20db,,eval,0.00031216017669066787
${DATA_ROOT}/clips/ec29cf24f22f9c16e844.wav,spoof,hi-en,577537,mucs2021,xtts_v2,channel_g711_20db,,eval,0.0012002050643786788
${DATA_ROOT}/clips/7f0a30c3f92810fe0a0c.wav,spoof,hi-en,581145,mucs2021,xtts_v2,channel_g711_20db,,eval,0.0040574814192950726
${DATA_ROOT}/clips/9ae5f8430895a870d22d.wav,spoof,hi-en,596505,mucs2021,xtts_v2,channel_g711_20db,,eval,0.0025568606797605753
${DATA_ROOT}/clips/80e0e2efdc3d9f3c6c6a.wav,spoof,hi-en,945728,mucs2021,xtts_v2,channel_g711_20db,,eval,0.00027269197744317353
${DATA_ROOT}/clips/a36e5a9d6f2097f37292.wav,spoof,hi-en,976811,mucs2021,xtts_v2,channel_g711_20db,,eval,0.7018705606460571
${DATA_ROOT}/clips/5b72a6a83b57fbff5f54.wav,spoof,hi-en,111627,mucs2021,xtts_v2,channel_g711_20db,,eval,0.0003092250553891063
${DATA_ROOT}/clips/c226a8011bf7600961b8.wav,spoof,hi-en,121073,mucs2021,xtts_v2,channel_g711_20db,,eval,0.002661301288753748
${DATA_ROOT}/clips/50ccadc17b26b88ef030.wav,spoof,hi-en,136325,mucs2021,xtts_v2,channel_g711_20db,,eval,0.9659873247146606
${DATA_ROOT}/clips/ae5b6def68d52e46959e.wav,spoof,hi-en,146859,mucs2021,xtts_v2,channel_g711_20db,,eval,0.0002149497886421159
${DATA_ROOT}/clips/d660798a02f653865a2b.wav,spoof,hi-en,165325,mucs2021,xtts_v2,channel_g711_20db,,eval,0.0003258154902141541
${DATA_ROOT}/clips/bd303b36a6e33ea43f6e.wav,spoof,hi-en,175522,mucs2021,xtts_v2,channel_g711_20db,,eval,0.0014624384930357337
${DATA_ROOT}/clips/6a5eb10062a32192cdd4.wav,spoof,hi-en,232748,mucs2021,xtts_v2,channel_g711_20db,,eval,0.006570931524038315
${DATA_ROOT}/clips/50604fca786bd8e9544f.wav,spoof,hi-en,238121,mucs2021,xtts_v2,channel_g711_20db,,eval,0.0013112355954945087
${DATA_ROOT}/clips/8664f44429f16a95f810.wav,spoof,hi-en,386410,mucs2021,xtts_v2,channel_g711_20db,,eval,0.00109563407022506
${DATA_ROOT}/clips/9db071558512057392b8.wav,spoof,hi-en,541916,mucs2021,xtts_v2,channel_g711_20db,,eval,0.0002583298191893846
${DATA_ROOT}/clips/cb55338e3072b76b9b19.wav,spoof,hi-en,577537,mucs2021,xtts_v2,channel_g711_20db,,eval,0.0030511878430843353
${DATA_ROOT}/clips/53e1e836f549ec975eb3.wav,spoof,hi-en,581145,mucs2021,xtts_v2,channel_g711_20db,,eval,0.0029805649537593126
${DATA_ROOT}/clips/3db90b5da6fa7552a611.wav,spoof,hi-en,596505,mucs2021,xtts_v2,channel_g711_20db,,eval,0.0030106939375400543
${DATA_ROOT}/clips/1681dc7a6516e4caff9c.wav,spoof,hi-en,945728,mucs2021,xtts_v2,channel_g711_20db,,eval,0.00030173707637004554
${DATA_ROOT}/clips/9e3ff6a6e930ebb18177.wav,spoof,hi-en,976811,mucs2021,xtts_v2,channel_g711_20db,,eval,0.9929836988449097
${DATA_ROOT}/clips/6e927f515a82152e3387.wav,spoof,hi-en,111627,mucs2021,xtts_v2,channel_g711_20db,,eval,0.0017919742967933416
${DATA_ROOT}/clips/7b657a6ce566bf7555d8.wav,spoof,hi-en,121073,mucs2021,xtts_v2,channel_g711_20db,,eval,0.0004452114226296544
${DATA_ROOT}/clips/11cd859d9ebb3be6191b.wav,spoof,hi-en,136325,mucs2021,xtts_v2,channel_g711_20db,,eval,0.9884874820709229
${DATA_ROOT}/clips/f0004f025a0962589299.wav,spoof,hi-en,146859,mucs2021,xtts_v2,channel_g711_20db,,eval,0.00022584079124499112
${DATA_ROOT}/clips/8f1187623c20088167c8.wav,spoof,hi-en,165325,mucs2021,xtts_v2,channel_g711_20db,,eval,0.001854156842455268
${DATA_ROOT}/clips/e19027d2653a3b102f82.wav,spoof,hi-en,175522,mucs2021,xtts_v2,channel_g711_20db,,eval,0.0013896861346438527
${DATA_ROOT}/clips/a4647f665228db25846c.wav,spoof,hi-en,232748,mucs2021,xtts_v2,channel_g711_20db,,eval,0.0005925879231654108
${DATA_ROOT}/clips/82f0fccabe612fc315c6.wav,spoof,hi-en,238121,mucs2021,xtts_v2,channel_g711_20db,,eval,0.0006433813250623643
${DATA_ROOT}/clips/a5323af52d1c3ce85aee.wav,spoof,hi-en,386410,mucs2021,xtts_v2,channel_g711_20db,,eval,0.0016073273727670312
${DATA_ROOT}/clips/5a0fe5e6162f16e1ce9b.wav,spoof,hi-en,541916,mucs2021,xtts_v2,channel_g711_20db,,eval,0.0002219285088358447
${DATA_ROOT}/clips/f26bf466f160b535296a.wav,spoof,hi-en,577537,mucs2021,xtts_v2,channel_g711_20db,,eval,0.006124264094978571
${DATA_ROOT}/clips/02ab7bf436f8c96587a5.wav,spoof,hi-en,581145,mucs2021,xtts_v2,channel_g711_20db,,eval,0.002845069393515587
${DATA_ROOT}/clips/88f640de22749edce496.wav,spoof,hi-en,596505,mucs2021,xtts_v2,channel_g711_20db,,eval,0.0016287644393742085
${DATA_ROOT}/clips/43576bd60216e9639ec2.wav,spoof,hi-en,945728,mucs2021,xtts_v2,channel_g711_20db,,eval,0.0004380888130981475
${DATA_ROOT}/clips/c3e4685a835576edb369.wav,spoof,hi-en,976811,mucs2021,xtts_v2,channel_g711_20db,,eval,0.002642791485413909
${DATA_ROOT}/clips/80dd9a09a9d928c45704.wav,spoof,hi-en,111627,mucs2021,xtts_v2,channel_g711_20db,,eval,0.00447407690808177
${DATA_ROOT}/clips/5c458fb433c7f2835224.wav,spoof,hi-en,121073,mucs2021,xtts_v2,channel_g711_20db,,eval,0.00032172194914892316
${DATA_ROOT}/clips/5e8ecce4babec173bdc8.wav,spoof,hi-en,136325,mucs2021,xtts_v2,channel_g711_20db,,eval,0.9983351826667786
${DATA_ROOT}/clips/f03d9a6af7da2169f718.wav,spoof,hi-en,146859,mucs2021,xtts_v2,channel_g711_20db,,eval,0.00024553516414016485
${DATA_ROOT}/clips/107f7696c6b218ac7223.wav,spoof,hi-en,165325,mucs2021,xtts_v2,channel_g711_20db,,eval,0.0007740596192888916
${DATA_ROOT}/clips/c21e0b2c6d812bbb466f.wav,spoof,hi-en,175522,mucs2021,xtts_v2,channel_g711_20db,,eval,0.0035704849287867546
${DATA_ROOT}/clips/dc05b1e87cefba031a42.wav,spoof,hi-en,232748,mucs2021,xtts_v2,channel_g711_20db,,eval,0.0005684813368134201
${DATA_ROOT}/clips/3825134a7e52013c74b4.wav,spoof,hi-en,238121,mucs2021,xtts_v2,channel_g711_20db,,eval,0.0002910630137193948
${DATA_ROOT}/clips/a3f5152aff9004cfbcbe.wav,spoof,hi-en,386410,mucs2021,xtts_v2,channel_g711_20db,,eval,0.0009046588093042374
${DATA_ROOT}/clips/dbc5950f95e1a3c7326e.wav,spoof,hi-en,541916,mucs2021,xtts_v2,channel_g711_20db,,eval,0.08223491162061691
${DATA_ROOT}/clips/bff22b6f042d2c634f09.wav,spoof,hi-en,577537,mucs2021,xtts_v2,channel_g711_20db,,eval,0.0035409939009696245
${DATA_ROOT}/clips/2b56d95022d37b0dbaac.wav,spoof,hi-en,581145,mucs2021,xtts_v2,channel_g711_20db,,eval,0.00028609149740077555
${DATA_ROOT}/clips/b242c36f9ba07760f1ab.wav,spoof,hi-en,596505,mucs2021,xtts_v2,channel_g711_20db,,eval,0.002522441791370511
${DATA_ROOT}/clips/c6ba38f4ba66bedb287a.wav,spoof,hi-en,945728,mucs2021,xtts_v2,channel_g711_20db,,eval,0.0004788353107869625
${DATA_ROOT}/clips/c9cd7504d0c58bfcf51f.wav,spoof,hi-en,976811,mucs2021,xtts_v2,channel_g711_20db,,eval,0.3364633321762085
${DATA_ROOT}/clips/ec07456b4077746fa361.wav,spoof,hi-en,111627,mucs2021,xtts_v2,channel_g711_20db,,eval,0.0005769014242105186
${DATA_ROOT}/clips/00dfda6b2bfb824c1435.wav,spoof,hi-en,121073,mucs2021,xtts_v2,channel_g711_20db,,eval,0.0011294559808447957
${DATA_ROOT}/clips/ec28fa1181b85e0bcd78.wav,spoof,hi-en,136325,mucs2021,xtts_v2,channel_g711_20db,,eval,0.7007392048835754
${DATA_ROOT}/clips/cbdaa77c105b813512d7.wav,spoof,hi-en,146859,mucs2021,xtts_v2,channel_g711_20db,,eval,0.00021901520085521042
${DATA_ROOT}/clips/7af1f83a10f1d8213d97.wav,spoof,hi-en,165325,mucs2021,xtts_v2,channel_g711_20db,,eval,0.0002535452658776194
${DATA_ROOT}/clips/4eba1d1d944933dbf29f.wav,spoof,hi-en,175522,mucs2021,xtts_v2,channel_g711_20db,,eval,0.006895421072840691
${DATA_ROOT}/clips/451aed0feb8155eecdf6.wav,spoof,hi-en,232748,mucs2021,xtts_v2,channel_g711_20db,,eval,0.001193108968436718
${DATA_ROOT}/clips/fcc5b38f00c856abf732.wav,spoof,hi-en,238121,mucs2021,xtts_v2,channel_g711_20db,,eval,0.00033107056515291333
${DATA_ROOT}/clips/c07be8fab81e129e62d8.wav,spoof,hi-en,386410,mucs2021,xtts_v2,channel_g711_20db,,eval,0.00022877742594573647
${DATA_ROOT}/clips/6bb49f579463916926ff.wav,spoof,hi-en,541916,mucs2021,xtts_v2,channel_g711_20db,,eval,0.0016109738498926163
${DATA_ROOT}/clips/d4d409dc6c671215fa47.wav,spoof,hi-en,577537,mucs2021,xtts_v2,channel_g711_20db,,eval,0.0029528052546083927
${DATA_ROOT}/clips/be4c8057124c4bf5128c.wav,spoof,hi-en,581145,mucs2021,xtts_v2,channel_g711_20db,,eval,0.780202329158783
${DATA_ROOT}/clips/62045c2327ce59e20f6c.wav,spoof,hi-en,596505,mucs2021,xtts_v2,channel_g711_20db,,eval,0.0003709038719534874
${DATA_ROOT}/clips/27382e64d53cf6642ea1.wav,spoof,hi-en,945728,mucs2021,xtts_v2,channel_g711_20db,,eval,0.0018132119439542294
${DATA_ROOT}/clips/a87054afe2646594ee92.wav,spoof,hi-en,976811,mucs2021,xtts_v2,channel_g711_20db,,eval,0.0011294441064819694
${DATA_ROOT}/clips/827365a24c57d46f36ac.wav,spoof,hi-en,111627,mucs2021,xtts_v2,channel_g711_20db,,eval,0.00407759752124548
${DATA_ROOT}/clips/a47d87fb01140ac59e5d.wav,spoof,hi-en,121073,mucs2021,xtts_v2,channel_g711_20db,,eval,0.002672782400622964
${DATA_ROOT}/clips/313a23bc00ae51cdfe4c.wav,spoof,hi-en,136325,mucs2021,xtts_v2,channel_g711_20db,,eval,0.0003738114610314369
${DATA_ROOT}/clips/10b2a97eddec547e4489.wav,spoof,hi-en,146859,mucs2021,xtts_v2,channel_g711_20db,,eval,0.0002479545073583722
${DATA_ROOT}/clips/8c8427495969fb6ddd09.wav,spoof,hi-en,165325,mucs2021,xtts_v2,channel_g711_20db,,eval,0.0029947548173367977
${DATA_ROOT}/clips/63dc559914b28e26affc.wav,spoof,hi-en,175522,mucs2021,xtts_v2,channel_g711_20db,,eval,0.0005824768450111151
${DATA_ROOT}/clips/78eb2aa9a11f96616a59.wav,spoof,hi-en,232748,mucs2021,xtts_v2,channel_g711_20db,,eval,0.0005688250530511141
${DATA_ROOT}/clips/627d24eb085deafb70c5.wav,spoof,hi-en,238121,mucs2021,xtts_v2,channel_g711_20db,,eval,0.0038566605653613806
${DATA_ROOT}/clips/d6e3c5496202ff53169d.wav,spoof,hi-en,386410,mucs2021,xtts_v2,channel_g711_20db,,eval,0.0021974570117890835
${DATA_ROOT}/clips/655a1556db126e21cc52.wav,spoof,hi-en,541916,mucs2021,xtts_v2,channel_g711_20db,,eval,0.00023758001043461263
${DATA_ROOT}/clips/096833c760e32ae6d878.wav,spoof,hi-en,577537,mucs2021,xtts_v2,channel_g711_20db,,eval,0.005600489675998688
${DATA_ROOT}/clips/91c60d977935f9e35844.wav,spoof,hi-en,581145,mucs2021,xtts_v2,channel_g711_20db,,eval,0.0010693019721657038
${DATA_ROOT}/clips/be1726f6c11f9ea8c80e.wav,spoof,hi-en,596505,mucs2021,xtts_v2,channel_g711_20db,,eval,0.0015806088922545314
${DATA_ROOT}/clips/7a0b1a660c6d5715db43.wav,spoof,hi-en,945728,mucs2021,xtts_v2,channel_g711_20db,,eval,0.0008412844617851079
${DATA_ROOT}/clips/241b60440edfdedbef23.wav,spoof,hi-en,976811,mucs2021,xtts_v2,channel_g711_20db,,eval,0.9841501116752625
${DATA_ROOT}/clips/9544b827754213605537.wav,spoof,hi-en,111627,mucs2021,xtts_v2,channel_g711_20db,,eval,0.0002452819899190217
${DATA_ROOT}/clips/27736ec0a96330d3e9ed.wav,spoof,hi-en,121073,mucs2021,xtts_v2,channel_g711_20db,,eval,0.0027531597297638655
${DATA_ROOT}/clips/97c6700c4321a8537775.wav,spoof,hi-en,136325,mucs2021,xtts_v2,channel_g711_20db,,eval,0.0003439943538978696
${DATA_ROOT}/clips/2418295e2b1652df8dad.wav,spoof,hi-en,146859,mucs2021,xtts_v2,channel_g711_20db,,eval,0.00022275040100794286
${DATA_ROOT}/clips/6983498a12042427e943.wav,spoof,hi-en,165325,mucs2021,xtts_v2,channel_g711_20db,,eval,0.00023731331748422235
${DATA_ROOT}/clips/6bfaa4e9cc4521ff255e.wav,spoof,hi-en,175522,mucs2021,xtts_v2,channel_g711_20db,,eval,0.0017137521645054221
${DATA_ROOT}/clips/f2b9309aff72e8d452f1.wav,spoof,hi-en,232748,mucs2021,xtts_v2,channel_g711_20db,,eval,0.003052403684705496
${DATA_ROOT}/clips/6962e626835bb6fe17f7.wav,spoof,hi-en,238121,mucs2021,xtts_v2,channel_g711_20db,,eval,0.0003592490975279361
${DATA_ROOT}/clips/9b4ccbf0c418b8b71f4d.wav,spoof,hi-en,386410,mucs2021,xtts_v2,channel_g711_20db,,eval,0.0003372293431311846
${DATA_ROOT}/clips/996cf32381e369fe3aab.wav,spoof,hi-en,541916,mucs2021,xtts_v2,channel_g711_20db,,eval,0.0004217179957777262
${DATA_ROOT}/clips/7e55931f584a4de41458.wav,spoof,hi-en,577537,mucs2021,xtts_v2,channel_g711_20db,,eval,0.04163706675171852
${DATA_ROOT}/clips/d6011d60a8657a1be547.wav,spoof,hi-en,581145,mucs2021,xtts_v2,channel_g711_20db,,eval,0.0011427667923271656
${DATA_ROOT}/clips/2ded306d43ff990f6c08.wav,spoof,hi-en,596505,mucs2021,xtts_v2,channel_g711_20db,,eval,0.0038001015782356262
${DATA_ROOT}/clips/5a9aa7c674d83418170e.wav,spoof,hi-en,945728,mucs2021,xtts_v2,channel_g711_20db,,eval,0.00028255811776034534
${DATA_ROOT}/clips/a279aef111ccc2d309ea.wav,spoof,hi-en,976811,mucs2021,xtts_v2,channel_g711_20db,,eval,0.970625102519989
${DATA_ROOT}/clips/074f63267877faedb65a.wav,spoof,hi-en,111627,mucs2021,xtts_v2,channel_g711_20db,,eval,0.000763363263104111
${DATA_ROOT}/clips/51d51df5cf8a56ced2b1.wav,spoof,hi-en,121073,mucs2021,xtts_v2,channel_g711_20db,,eval,0.0007090950384736061
${DATA_ROOT}/clips/c5a051ac9f5d353a4141.wav,spoof,hi-en,136325,mucs2021,xtts_v2,channel_g711_20db,,eval,0.9925635457038879
${DATA_ROOT}/clips/88d6390a0329796ccf4f.wav,spoof,hi-en,146859,mucs2021,xtts_v2,channel_g711_20db,,eval,0.000544011767487973
${DATA_ROOT}/clips/94a820d7e8137142a662.wav,spoof,hi-en,165325,mucs2021,xtts_v2,channel_g711_20db,,eval,0.0003231581358704716
${DATA_ROOT}/clips/e8543a52270e90da4f0e.wav,spoof,hi-en,175522,mucs2021,xtts_v2,channel_g711_20db,,eval,0.0003597813774831593
${DATA_ROOT}/clips/ab932d3ade49fab29cd4.wav,spoof,hi-en,232748,mucs2021,xtts_v2,channel_g711_20db,,eval,0.0014986464520916343
${DATA_ROOT}/clips/3f62267dfafbf50cdab9.wav,spoof,hi-en,238121,mucs2021,xtts_v2,channel_g711_20db,,eval,0.0006896507111378014
${DATA_ROOT}/clips/30d04a3fe8ec445e02b4.wav,spoof,hi-en,386410,mucs2021,xtts_v2,channel_g711_20db,,eval,0.0006635828758589923
${DATA_ROOT}/clips/2ea5943094d49182360d.wav,spoof,hi-en,541916,mucs2021,xtts_v2,channel_g711_20db,,eval,0.04903475567698479
${DATA_ROOT}/clips/cd8af0139ff771d35d16.wav,spoof,hi-en,577537,mucs2021,xtts_v2,channel_g711_20db,,eval,0.0032281994353979826
${DATA_ROOT}/clips/9f11fa7428b2dcd5de30.wav,spoof,hi-en,581145,mucs2021,xtts_v2,channel_g711_20db,,eval,0.0003865839680656791
${DATA_ROOT}/clips/dda7bb3275f186e3b293.wav,spoof,hi-en,596505,mucs2021,xtts_v2,channel_g711_20db,,eval,0.004804955329746008
${DATA_ROOT}/clips/6770e25b5fc8aa41fc75.wav,spoof,hi-en,945728,mucs2021,xtts_v2,channel_g711_20db,,eval,0.00027042426518164575
${DATA_ROOT}/clips/058d255e88dc56869bb3.wav,spoof,hi-en,976811,mucs2021,xtts_v2,channel_g711_20db,,eval,0.04125968739390373
${DATA_ROOT}/clips/7b9792ffdca008154426.wav,spoof,hi-en,111627,mucs2021,xtts_v2,channel_g711_20db,,eval,0.0006996901356615126
${DATA_ROOT}/clips/f3e589099497c19fa95e.wav,spoof,hi-en,121073,mucs2021,xtts_v2,channel_g711_20db,,eval,0.011868678033351898
${DATA_ROOT}/clips/beee201734797ab0844f.wav,spoof,hi-en,136325,mucs2021,xtts_v2,channel_g711_20db,,eval,0.8382765054702759
${DATA_ROOT}/clips/e067e7323b40008f608a.wav,spoof,hi-en,146859,mucs2021,xtts_v2,channel_g711_20db,,eval,0.0005218142759986222
${DATA_ROOT}/clips/3680e6b0389ee30a3987.wav,spoof,hi-en,165325,mucs2021,xtts_v2,channel_g711_20db,,eval,0.003537094220519066
${DATA_ROOT}/clips/ad7eb292cb0a1857d792.wav,spoof,hi-en,175522,mucs2021,xtts_v2,channel_g711_20db,,eval,0.00029445698601193726
${DATA_ROOT}/clips/baa651c644d4989e0604.wav,spoof,hi-en,232748,mucs2021,xtts_v2,channel_g711_20db,,eval,0.0016470960108563304
${DATA_ROOT}/clips/74ef858102edf7617f55.wav,spoof,hi-en,238121,mucs2021,xtts_v2,channel_g711_20db,,eval,0.006118920631706715
${DATA_ROOT}/clips/560ba7ce494fccbd564e.wav,spoof,hi-en,386410,mucs2021,xtts_v2,channel_g711_20db,,eval,0.001459348015487194
${DATA_ROOT}/clips/1cd6ccf03105f8dcac74.wav,spoof,hi-en,541916,mucs2021,xtts_v2,channel_g711_20db,,eval,0.0002573722740635276
${DATA_ROOT}/clips/535e42c4930744dc5239.wav,spoof,hi-en,577537,mucs2021,xtts_v2,channel_g711_20db,,eval,0.0073304325342178345
${DATA_ROOT}/clips/b56449d7dfdc47cc7ca4.wav,spoof,hi-en,581145,mucs2021,xtts_v2,channel_g711_20db,,eval,0.00078505341662094
${DATA_ROOT}/clips/aef931ef1783ccaa372f.wav,spoof,hi-en,596505,mucs2021,xtts_v2,channel_g711_20db,,eval,0.000666634296067059
${DATA_ROOT}/clips/bf7fe2010f1bf72ec45d.wav,spoof,hi-en,945728,mucs2021,xtts_v2,channel_g711_20db,,eval,0.0023885974660515785
${DATA_ROOT}/clips/e5c7da89ede814d9cde0.wav,spoof,hi-en,976811,mucs2021,xtts_v2,channel_g711_20db,,eval,0.9896741509437561
${DATA_ROOT}/clips/41b5d8e8eac2d25d35f9.wav,spoof,hi-en,111627,mucs2021,xtts_v2,channel_g711_20db,,eval,0.00294737471267581
${DATA_ROOT}/clips/d850ca2c1d42544acd2a.wav,spoof,hi-en,121073,mucs2021,xtts_v2,channel_g711_20db,,eval,0.001174034085124731
${DATA_ROOT}/clips/b19a0018a359758e95ed.wav,spoof,hi-en,136325,mucs2021,xtts_v2,channel_g711_20db,,eval,0.6745490431785583
${DATA_ROOT}/clips/fbbbfbcded0b9e45403f.wav,spoof,hi-en,146859,mucs2021,xtts_v2,channel_g711_20db,,eval,0.029668981209397316
${DATA_ROOT}/clips/ddc28af7bcfd637b7288.wav,spoof,hi-en,165325,mucs2021,xtts_v2,channel_g711_20db,,eval,0.00045699914335273206
${DATA_ROOT}/clips/0a626f6713b405c48121.wav,spoof,hi-en,175522,mucs2021,xtts_v2,channel_g711_20db,,eval,0.0013726556207984686
${DATA_ROOT}/clips/f6ff62cef2e8830caf38.wav,spoof,hi-en,232748,mucs2021,xtts_v2,channel_g711_20db,,eval,0.0016982178203761578
${DATA_ROOT}/clips/f1ba8a9360971f6b303e.wav,spoof,hi-en,238121,mucs2021,xtts_v2,channel_g711_20db,,eval,0.001119737047702074
${DATA_ROOT}/clips/7b9b208a8c87677a496d.wav,spoof,hi-en,386410,mucs2021,xtts_v2,channel_g711_20db,,eval,0.0005493186763487756
${DATA_ROOT}/clips/668c23c2e6f21592a997.wav,spoof,hi-en,541916,mucs2021,xtts_v2,channel_g711_20db,,eval,0.0010525891557335854
${DATA_ROOT}/clips/f6a36d9e128e316317ed.wav,spoof,hi-en,577537,mucs2021,xtts_v2,channel_g711_20db,,eval,0.014414789155125618
${DATA_ROOT}/clips/1ebc08e7f3df5a8aebd4.wav,spoof,hi-en,581145,mucs2021,xtts_v2,channel_g711_20db,,eval,0.00024528245558030903
${DATA_ROOT}/clips/c3aad6ab02ed0812e0e7.wav,spoof,hi-en,596505,mucs2021,xtts_v2,channel_g711_20db,,eval,0.0019956163596361876
${DATA_ROOT}/clips/134e86ca9e2c17d0a23d.wav,spoof,hi-en,945728,mucs2021,xtts_v2,channel_g711_20db,,eval,0.00043267064029350877
${DATA_ROOT}/clips/afc7cdf1df8806bbbc88.wav,spoof,hi-en,976811,mucs2021,xtts_v2,channel_g711_20db,,eval,0.9956291913986206
${DATA_ROOT}/clips/1dc19658bb27ed74a621.wav,spoof,hi-en,111627,mucs2021,xtts_v2,channel_g711_20db,,eval,0.0003505241184029728
${DATA_ROOT}/clips/7d5aa1882b9cc03a7760.wav,spoof,hi-en,121073,mucs2021,xtts_v2,channel_g711_20db,,eval,0.0038183622527867556
${DATA_ROOT}/clips/91c4decc732e22d4b7ba.wav,spoof,hi-en,136325,mucs2021,xtts_v2,channel_g711_20db,,eval,0.9954800605773926
${DATA_ROOT}/clips/7a49542c7049b613717d.wav,spoof,hi-en,146859,mucs2021,xtts_v2,channel_g711_20db,,eval,0.0021008593030273914
${DATA_ROOT}/clips/33e3ceea1ffc918e7616.wav,spoof,hi-en,165325,mucs2021,xtts_v2,channel_g711_20db,,eval,0.0009263539686799049
${DATA_ROOT}/clips/c9eb3485a280131da485.wav,spoof,hi-en,175522,mucs2021,xtts_v2,channel_g711_20db,,eval,0.005973397754132748
${DATA_ROOT}/clips/771ab624d161f9d44f26.wav,spoof,hi-en,232748,mucs2021,xtts_v2,channel_g711_20db,,eval,0.003677451517432928
${DATA_ROOT}/clips/13a25f6f0e1850fd7e6d.wav,spoof,hi-en,238121,mucs2021,xtts_v2,channel_g711_20db,,eval,0.00260554370470345
${DATA_ROOT}/clips/88f63a925bbdf5abd611.wav,spoof,hi-en,386410,mucs2021,xtts_v2,channel_g711_20db,,eval,0.0024923612363636494
${DATA_ROOT}/clips/53155e9bda692c55b489.wav,spoof,hi-en,541916,mucs2021,xtts_v2,channel_g711_20db,,eval,0.001962562557309866
${DATA_ROOT}/clips/5a9edd6d40dd6c551129.wav,spoof,hi-en,577537,mucs2021,xtts_v2,channel_g711_20db,,eval,0.0055435411632061005
${DATA_ROOT}/clips/e42a5f5b8e9da56fca52.wav,spoof,hi-en,581145,mucs2021,xtts_v2,channel_g711_20db,,eval,0.0026071066968142986
${DATA_ROOT}/clips/d00152610e9ea6cddf46.wav,spoof,hi-en,596505,mucs2021,xtts_v2,channel_g711_20db,,eval,0.0012944320915266871
${DATA_ROOT}/clips/39fa3a4458276ac63429.wav,spoof,hi-en,945728,mucs2021,xtts_v2,channel_g711_20db,,eval,0.00039361760718747973
${DATA_ROOT}/clips/4298597f3cba8c646109.wav,spoof,hi-en,976811,mucs2021,xtts_v2,channel_g711_20db,,eval,0.6570159792900085
${DATA_ROOT}/clips/4cb71290e6ed5ef175fb.wav,spoof,hi-en,111627,mucs2021,xtts_v2,channel_g711_20db,,eval,0.0013621728867292404
${DATA_ROOT}/clips/8484afbf5f00a89007e8.wav,spoof,hi-en,121073,mucs2021,xtts_v2,channel_g711_20db,,eval,0.0005933427019044757
${DATA_ROOT}/clips/c4dc23c4fc16e0eeeff9.wav,spoof,hi-en,136325,mucs2021,xtts_v2,channel_g711_20db,,eval,0.5069260001182556
${DATA_ROOT}/clips/9375e3a36298752fcfd1.wav,spoof,hi-en,146859,mucs2021,xtts_v2,channel_g711_20db,,eval,0.00023125341976992786
${DATA_ROOT}/clips/99fee9dfbfa7ffefb0ca.wav,spoof,hi-en,165325,mucs2021,xtts_v2,channel_g711_20db,,eval,0.0008086925954557955
${DATA_ROOT}/clips/e524eab9e27f4bcb6e9e.wav,spoof,hi-en,175522,mucs2021,xtts_v2,channel_g711_20db,,eval,0.002908093621954322
${DATA_ROOT}/clips/fd6b30ebadc8164a5d69.wav,spoof,hi-en,232748,mucs2021,xtts_v2,channel_g711_20db,,eval,0.006640502251684666
${DATA_ROOT}/clips/e9f2e0c349cfcc0b2797.wav,spoof,hi-en,238121,mucs2021,xtts_v2,channel_g711_20db,,eval,0.00037878809962421656
${DATA_ROOT}/clips/a29d26c8f2d5c8c82758.wav,spoof,hi-en,386410,mucs2021,xtts_v2,channel_g711_20db,,eval,0.0012157323071733117
${DATA_ROOT}/clips/bd03d6dba4e01f50218d.wav,spoof,hi-en,541916,mucs2021,xtts_v2,channel_g711_20db,,eval,0.13876286149024963
${DATA_ROOT}/clips/320c6e7f8d1c2dd6c5c0.wav,spoof,hi-en,577537,mucs2021,xtts_v2,channel_g711_20db,,eval,0.007898760959506035
${DATA_ROOT}/clips/6b130cf4d50fc5d2179d.wav,spoof,hi-en,581145,mucs2021,xtts_v2,channel_g711_20db,,eval,0.08246884495019913
${DATA_ROOT}/clips/3756062b1a9d24997167.wav,spoof,hi-en,596505,mucs2021,xtts_v2,channel_g711_20db,,eval,0.0002378875797148794
${DATA_ROOT}/clips/8b06701ab99c4c384746.wav,spoof,hi-en,945728,mucs2021,xtts_v2,channel_g711_20db,,eval,0.0006238528294488788
${DATA_ROOT}/clips/b50173d8d25d02cfa8e0.wav,spoof,hi-en,976811,mucs2021,xtts_v2,channel_g711_20db,,eval,0.005034343339502811
${DATA_ROOT}/clips/12a3182ab64ae0e1004a.wav,spoof,hi-en,111627,mucs2021,xtts_v2,channel_g711_20db,,eval,0.0007475665188394487
${DATA_ROOT}/clips/b6c8c4d77ce5d1bae15e.wav,spoof,hi-en,121073,mucs2021,xtts_v2,channel_g711_20db,,eval,0.0014177488628774881
${DATA_ROOT}/clips/a32c5864160c85b00555.wav,spoof,hi-en,136325,mucs2021,xtts_v2,channel_g711_20db,,eval,0.7697073817253113
${DATA_ROOT}/clips/49a9b65982674090a1a8.wav,spoof,hi-en,146859,mucs2021,xtts_v2,channel_g711_20db,,eval,0.00026282251928932965
${DATA_ROOT}/clips/c297de113b53301edd78.wav,spoof,hi-en,165325,mucs2021,xtts_v2,channel_g711_20db,,eval,0.00032997745438478887
${DATA_ROOT}/clips/dd9d7f1fb95e6a61b5fa.wav,spoof,hi-en,175522,mucs2021,xtts_v2,channel_g711_20db,,eval,0.002149479929357767
${DATA_ROOT}/clips/49b2eaf3885e4419ba27.wav,spoof,hi-en,232748,mucs2021,xtts_v2,channel_g711_20db,,eval,0.0051555936224758625
${DATA_ROOT}/clips/0e594263d69b9d8464b5.wav,spoof,hi-en,238121,mucs2021,xtts_v2,channel_g711_20db,,eval,0.00032978595118038356
${DATA_ROOT}/clips/469feb56e8cbfdc8c2dd.wav,spoof,hi-en,386410,mucs2021,xtts_v2,channel_g711_20db,,eval,0.0012507924111559987
${DATA_ROOT}/clips/e792d1065ff8d6be0e82.wav,spoof,hi-en,541916,mucs2021,xtts_v2,channel_g711_20db,,eval,0.0002952919458039105
${DATA_ROOT}/clips/99049c6faf20c7bcb3a0.wav,spoof,hi-en,577537,mucs2021,xtts_v2,channel_g711_20db,,eval,0.0049033439718186855
${DATA_ROOT}/clips/9822e2de0a28e6b2e331.wav,spoof,hi-en,581145,mucs2021,xtts_v2,channel_g711_20db,,eval,0.0027967775240540504
${DATA_ROOT}/clips/21f479ecc064ff5c5be0.wav,spoof,hi-en,596505,mucs2021,xtts_v2,channel_g711_20db,,eval,0.006120661273598671
${DATA_ROOT}/clips/8c5d51e8631718eab11f.wav,spoof,hi-en,945728,mucs2021,xtts_v2,channel_g711_20db,,eval,0.0011748865945264697
${DATA_ROOT}/clips/40400a0a0b93c5098795.wav,spoof,hi-en,976811,mucs2021,xtts_v2,channel_g711_20db,,eval,0.18460524082183838
${DATA_ROOT}/clips/0e1852d8dc40a4218963.wav,spoof,hi-en,111627,mucs2021,xtts_v2,channel_g711_20db,,eval,0.0004814539279323071
${DATA_ROOT}/clips/971271da5d478fe1b83e.wav,spoof,hi-en,121073,mucs2021,xtts_v2,channel_g711_20db,,eval,0.0019261782290413976
${DATA_ROOT}/clips/33f8d9434d185b398804.wav,spoof,hi-en,136325,mucs2021,xtts_v2,channel_g711_20db,,eval,0.44316840171813965
${DATA_ROOT}/clips/0cff06ef899a8ad582aa.wav,spoof,hi-en,146859,mucs2021,xtts_v2,channel_g711_20db,,eval,0.0004984056577086449
${DATA_ROOT}/clips/1148d6ed9bd7d7204d0b.wav,spoof,hi-en,165325,mucs2021,xtts_v2,channel_g711_20db,,eval,0.005284842103719711
${DATA_ROOT}/clips/f0fc03cbd65a1444a66f.wav,spoof,hi-en,175522,mucs2021,xtts_v2,channel_g711_20db,,eval,0.00136198487598449
${DATA_ROOT}/clips/a6030d02fc563407c85c.wav,spoof,hi-en,232748,mucs2021,xtts_v2,channel_g711_20db,,eval,0.02294878475368023
${DATA_ROOT}/clips/f126d6a5d1e75c1c5754.wav,spoof,hi-en,238121,mucs2021,xtts_v2,channel_g711_20db,,eval,0.000451880187029019
${DATA_ROOT}/clips/69d14e92ad2e2235d9ba.wav,spoof,hi-en,386410,mucs2021,xtts_v2,channel_g711_20db,,eval,0.00108576740603894
${DATA_ROOT}/clips/bb00c337f330de109082.wav,spoof,hi-en,541916,mucs2021,xtts_v2,channel_g711_20db,,eval,0.006277950014919043
${DATA_ROOT}/clips/4a6059e04a482069e151.wav,spoof,hi-en,577537,mucs2021,xtts_v2,channel_g711_20db,,eval,0.0017559428233653307
${DATA_ROOT}/clips/bb50fd7236af8ddd14ec.wav,spoof,hi-en,581145,mucs2021,xtts_v2,channel_g711_20db,,eval,0.0002702180645428598
${DATA_ROOT}/clips/54e43851ea849924f98e.wav,spoof,hi-en,596505,mucs2021,xtts_v2,channel_g711_20db,,eval,0.00022596916824113578
${DATA_ROOT}/clips/1f488ded5bdeb80e2c41.wav,spoof,hi-en,945728,mucs2021,xtts_v2,channel_g711_20db,,eval,0.005967321805655956
${DATA_ROOT}/clips/9d931e81e7118b18553b.wav,spoof,hi-en,976811,mucs2021,xtts_v2,channel_g711_20db,,eval,0.0018597585149109364
${DATA_ROOT}/clips/08fc6d038261c659da5d.wav,spoof,hi-en,111627,mucs2021,xtts_v2,channel_g711_20db,,eval,0.0007547019049525261
${DATA_ROOT}/clips/6d9866a876f542511262.wav,spoof,hi-en,121073,mucs2021,xtts_v2,channel_g711_20db,,eval,0.0002559185668360442
${DATA_ROOT}/clips/6851ed9d49ae031b0e8b.wav,spoof,hi-en,136325,mucs2021,xtts_v2,channel_g711_20db,,eval,0.009456358850002289
${DATA_ROOT}/clips/82e5447e57918892ac48.wav,spoof,hi-en,146859,mucs2021,xtts_v2,channel_g711_20db,,eval,0.00029074816848151386
${DATA_ROOT}/clips/798e8e1c82f6f8875742.wav,spoof,hi-en,165325,mucs2021,xtts_v2,channel_g711_20db,,eval,0.0008284224313683808
${DATA_ROOT}/clips/9b8ad07f82de5038b397.wav,spoof,hi-en,175522,mucs2021,xtts_v2,channel_g711_20db,,eval,0.00038801616756245494
${DATA_ROOT}/clips/25f47c1d573ec6ca0b3a.wav,spoof,hi-en,232748,mucs2021,xtts_v2,channel_g711_20db,,eval,0.0002509402111172676
${DATA_ROOT}/clips/09a4204d3a3b61f2a0ee.wav,spoof,hi-en,238121,mucs2021,xtts_v2,channel_g711_20db,,eval,0.00040865293703973293
${DATA_ROOT}/clips/79682fa37c71a978a2ee.wav,spoof,hi-en,386410,mucs2021,xtts_v2,channel_g711_20db,,eval,0.0018466111505404115
${DATA_ROOT}/clips/a308d93363685979b553.wav,spoof,hi-en,541916,mucs2021,xtts_v2,channel_g711_20db,,eval,0.00024126202333718538
${DATA_ROOT}/clips/ee5405cdab05f204092f.wav,spoof,hi-en,577537,mucs2021,xtts_v2,channel_g711_20db,,eval,0.0004296763800084591
${DATA_ROOT}/clips/9216ef196219fd787412.wav,spoof,hi-en,581145,mucs2021,xtts_v2,channel_g711_20db,,eval,0.0003965863725170493
${DATA_ROOT}/clips/0a32d4851587d4fef112.wav,spoof,hi-en,596505,mucs2021,xtts_v2,channel_g711_20db,,eval,0.0013841306790709496
${DATA_ROOT}/clips/fc5563f78856b25f558f.wav,spoof,hi-en,945728,mucs2021,xtts_v2,channel_g711_20db,,eval,0.00024408033641520888
${DATA_ROOT}/clips/e6215fc10c94b47d8813.wav,spoof,hi-en,976811,mucs2021,xtts_v2,channel_g711_20db,,eval,0.9854506254196167
${DATA_ROOT}/clips/81a0dd9bbf2ac16bfc89.wav,spoof,hi-en,111627,mucs2021,xtts_v2,channel_g711_20db,,eval,0.00021034186647739261
${DATA_ROOT}/clips/e207f289113df327eeed.wav,spoof,hi-en,121073,mucs2021,xtts_v2,channel_g711_20db,,eval,0.00037061935290694237
${DATA_ROOT}/clips/b5cb853876d8517f75d5.wav,spoof,hi-en,136325,mucs2021,xtts_v2,channel_g711_20db,,eval,0.994513750076294
${DATA_ROOT}/clips/f8b5bdd6c852520b5880.wav,spoof,hi-en,146859,mucs2021,xtts_v2,channel_g711_20db,,eval,0.00023098742531146854
${DATA_ROOT}/clips/3e68aad194e96827408f.wav,spoof,hi-en,165325,mucs2021,xtts_v2,channel_g711_20db,,eval,0.00023736717412248254
${DATA_ROOT}/clips/db2d4235e438f50e168c.wav,spoof,hi-en,175522,mucs2021,xtts_v2,channel_g711_20db,,eval,0.006383854895830154
${DATA_ROOT}/clips/9f7b194a641e5c57456a.wav,spoof,hi-en,232748,mucs2021,xtts_v2,channel_g711_20db,,eval,0.0002627233334351331
${DATA_ROOT}/clips/1ec3787dca1da0614add.wav,spoof,hi-en,238121,mucs2021,xtts_v2,channel_g711_20db,,eval,0.0005538307595998049
${DATA_ROOT}/clips/63c06897b6608c35b275.wav,spoof,hi-en,386410,mucs2021,xtts_v2,channel_g711_20db,,eval,0.0004276805848348886
${DATA_ROOT}/clips/1b31ce958a7bb5661c48.wav,spoof,hi-en,541916,mucs2021,xtts_v2,channel_g711_20db,,eval,0.0005013725603930652
${DATA_ROOT}/clips/9510bf66a74dc49c444d.wav,spoof,hi-en,577537,mucs2021,xtts_v2,channel_g711_20db,,eval,0.005067981779575348
${DATA_ROOT}/clips/f38a788da23491db3c6e.wav,spoof,hi-en,581145,mucs2021,xtts_v2,channel_g711_20db,,eval,0.0014180822763592005
${DATA_ROOT}/clips/f978af3cf9bd2471f6a1.wav,spoof,hi-en,596505,mucs2021,xtts_v2,channel_g711_20db,,eval,0.0006163750076666474
${DATA_ROOT}/clips/f644ffc8ba9b6c00d2b7.wav,spoof,hi-en,945728,mucs2021,xtts_v2,channel_g711_20db,,eval,0.00194966746494174
${DATA_ROOT}/clips/4b6afdbb1a2a1c2e3e9e.wav,spoof,hi-en,976811,mucs2021,xtts_v2,channel_g711_20db,,eval,0.988287627696991
${DATA_ROOT}/clips/11165a368358e70d71b1.wav,spoof,hi-en,111627,mucs2021,xtts_v2,channel_g711_20db,,eval,0.0004884773516096175
${DATA_ROOT}/clips/476bd45b1bc36d670156.wav,spoof,hi-en,121073,mucs2021,xtts_v2,channel_g711_20db,,eval,0.0005642631440423429
${DATA_ROOT}/clips/58fc50aed5e36a449c15.wav,spoof,hi-en,136325,mucs2021,xtts_v2,channel_g711_20db,,eval,0.9471383094787598
${DATA_ROOT}/clips/513f37919086de69efd5.wav,spoof,hi-en,146859,mucs2021,xtts_v2,channel_g711_20db,,eval,0.0029795351438224316
${DATA_ROOT}/clips/fedd562d70d1e31171f0.wav,spoof,hi-en,165325,mucs2021,xtts_v2,channel_g711_20db,,eval,0.00023583071015309542
${DATA_ROOT}/clips/678771399d374d2af7fe.wav,spoof,hi-en,175522,mucs2021,xtts_v2,channel_g711_20db,,eval,0.00026819141930900514
${DATA_ROOT}/clips/ce0840678a97be2eaf11.wav,spoof,hi-en,232748,mucs2021,xtts_v2,channel_g711_20db,,eval,0.00030697943293489516
${DATA_ROOT}/clips/360a242dd7a03ba82050.wav,spoof,hi-en,238121,mucs2021,xtts_v2,channel_g711_20db,,eval,0.002421218901872635
${DATA_ROOT}/clips/788f00ffb348fe95ff80.wav,spoof,hi-en,386410,mucs2021,xtts_v2,channel_g711_20db,,eval,0.00021521313465200365
${DATA_ROOT}/clips/a334a0ec514c8b65424c.wav,spoof,hi-en,541916,mucs2021,xtts_v2,channel_g711_20db,,eval,0.00038560840766876936
${DATA_ROOT}/clips/a49029df35d279a85a0b.wav,spoof,hi-en,577537,mucs2021,xtts_v2,channel_g711_20db,,eval,0.01554161962121725
${DATA_ROOT}/clips/d18bc04f2e037959a550.wav,spoof,hi-en,581145,mucs2021,xtts_v2,channel_g711_20db,,eval,0.0010630600154399872
${DATA_ROOT}/clips/cd969b89c7dd137d93ca.wav,spoof,hi-en,596505,mucs2021,xtts_v2,channel_g711_20db,,eval,0.00029988473397679627
${DATA_ROOT}/clips/3d526066dd7bd884f64e.wav,spoof,hi-en,945728,mucs2021,xtts_v2,channel_g711_20db,,eval,0.00036455702502280474
${DATA_ROOT}/clips/1c8b2bd0ecd77577bd87.wav,spoof,hi-en,976811,mucs2021,xtts_v2,channel_g711_20db,,eval,0.04283120855689049
${DATA_ROOT}/clips/076a6997161dfc031d44.wav,spoof,hi-en,111627,mucs2021,xtts_v2,channel_g711_20db,,eval,0.0010989917209371924
${DATA_ROOT}/clips/b760e7542baa12ebb7e3.wav,spoof,hi-en,121073,mucs2021,xtts_v2,channel_g711_20db,,eval,0.0006602432695217431
${DATA_ROOT}/clips/54bff2bcf13baaf08ac6.wav,spoof,hi-en,136325,mucs2021,xtts_v2,channel_g711_20db,,eval,0.9769500494003296
${DATA_ROOT}/clips/a47f9c7975a96fbae049.wav,spoof,hi-en,146859,mucs2021,xtts_v2,channel_g711_20db,,eval,0.00025072976131923497
${DATA_ROOT}/clips/577c38cf8473fc6e6722.wav,spoof,hi-en,165325,mucs2021,xtts_v2,channel_g711_20db,,eval,0.00027211307315155864
${DATA_ROOT}/clips/e23a02a0848fb3e4a364.wav,spoof,hi-en,175522,mucs2021,xtts_v2,channel_g711_20db,,eval,0.0012882609153166413
${DATA_ROOT}/clips/e7f8ab010042340807fd.wav,spoof,hi-en,232748,mucs2021,xtts_v2,channel_g711_20db,,eval,0.0010165132116526365
${DATA_ROOT}/clips/c61d38ef7fef60c43bb3.wav,spoof,hi-en,238121,mucs2021,xtts_v2,channel_g711_20db,,eval,0.001241759629920125
${DATA_ROOT}/clips/6fc1003b27a290e001c7.wav,spoof,hi-en,386410,mucs2021,xtts_v2,channel_g711_20db,,eval,0.001424966030754149
${DATA_ROOT}/clips/fcedaf940a5143ff6bed.wav,spoof,hi-en,541916,mucs2021,xtts_v2,channel_g711_20db,,eval,0.0002685466024558991
${DATA_ROOT}/clips/51ca8fd285b753de5fad.wav,spoof,hi-en,577537,mucs2021,xtts_v2,channel_g711_20db,,eval,0.0028088600374758244
${DATA_ROOT}/clips/cfa8677b87ba1e2614bd.wav,spoof,hi-en,581145,mucs2021,xtts_v2,channel_g711_20db,,eval,0.004593266174197197
${DATA_ROOT}/clips/07b9ca8dc3bd604ce888.wav,spoof,hi-en,596505,mucs2021,xtts_v2,channel_g711_20db,,eval,0.00030554726254194975
${DATA_ROOT}/clips/1dd6a470d99f032aeaca.wav,spoof,hi-en,945728,mucs2021,xtts_v2,channel_g711_20db,,eval,0.0003290156018920243
${DATA_ROOT}/clips/2369ca53137fe25b2dd4.wav,spoof,hi-en,976811,mucs2021,xtts_v2,channel_g711_20db,,eval,0.026061346754431725
${DATA_ROOT}/clips/697c25ff81cfdbe3b87b.wav,spoof,hi-en,111627,mucs2021,xtts_v2,channel_g711_20db,,eval,0.00038611883064731956
${DATA_ROOT}/clips/89efdfa1cfb714a89c14.wav,spoof,hi-en,121073,mucs2021,xtts_v2,channel_g711_20db,,eval,0.00027644578949548304
${DATA_ROOT}/clips/c566fefd865dd0bb97e6.wav,spoof,hi-en,136325,mucs2021,xtts_v2,channel_g711_20db,,eval,0.9192824959754944
${DATA_ROOT}/clips/cea78c373cea38f747f6.wav,spoof,hi-en,146859,mucs2021,xtts_v2,channel_g711_20db,,eval,0.0002424653066555038
${DATA_ROOT}/clips/b8daa96f88137bfd4804.wav,spoof,hi-en,165325,mucs2021,xtts_v2,channel_g711_20db,,eval,0.0026911203749477863
${DATA_ROOT}/clips/d136b2e4964471e993e5.wav,spoof,hi-en,175522,mucs2021,xtts_v2,channel_g711_20db,,eval,0.001840794924646616
${DATA_ROOT}/clips/24c4f3b8a257c7e8328a.wav,spoof,hi-en,232748,mucs2021,xtts_v2,channel_g711_20db,,eval,0.0033708754926919937
${DATA_ROOT}/clips/46305f680cc9c8b9a79f.wav,spoof,hi-en,238121,mucs2021,xtts_v2,channel_g711_20db,,eval,0.0010849745012819767
${DATA_ROOT}/clips/f27f6709ff2f9d6f3b11.wav,spoof,hi-en,386410,mucs2021,xtts_v2,channel_g711_20db,,eval,0.0003977727610617876
${DATA_ROOT}/clips/c87c093c256f53ea858b.wav,spoof,hi-en,541916,mucs2021,xtts_v2,channel_g711_20db,,eval,0.0002342135412618518
${DATA_ROOT}/clips/0f1039e33bc3d3fe7bf1.wav,spoof,hi-en,577537,mucs2021,xtts_v2,channel_g711_20db,,eval,0.0030436490196734667
${DATA_ROOT}/clips/c4d3dfa93d69bce1ce9e.wav,spoof,hi-en,581145,mucs2021,xtts_v2,channel_g711_20db,,eval,0.007194888778030872
${DATA_ROOT}/clips/d31d3611139f31afdd97.wav,spoof,hi-en,596505,mucs2021,xtts_v2,channel_g711_20db,,eval,0.0010966021800413728
${DATA_ROOT}/clips/b96e8f496762b873e519.wav,spoof,hi-en,945728,mucs2021,xtts_v2,channel_g711_20db,,eval,0.0012057889252901077
${DATA_ROOT}/clips/99ab5388235b2163d3f9.wav,spoof,hi-en,976811,mucs2021,xtts_v2,channel_g711_20db,,eval,0.869396984577179
${DATA_ROOT}/clips/ab3cc7b1b953c80df83c.wav,spoof,hi-en,111627,mucs2021,xtts_v2,channel_g711_20db,,eval,0.0002539551060181111
${DATA_ROOT}/clips/713e0d7852733093598a.wav,spoof,hi-en,121073,mucs2021,xtts_v2,channel_g711_20db,,eval,0.0038402921054512262
${DATA_ROOT}/clips/a0d63d3f9fcfef23da78.wav,spoof,hi-en,136325,mucs2021,xtts_v2,channel_g711_20db,,eval,0.10328279435634613
${DATA_ROOT}/clips/c64aa693920c1f90ca67.wav,spoof,hi-en,146859,mucs2021,xtts_v2,channel_g711_20db,,eval,0.000235960484133102
${DATA_ROOT}/clips/1c97211e01c16f79f3a2.wav,spoof,hi-en,165325,mucs2021,xtts_v2,channel_g711_20db,,eval,0.0002709662076085806
${DATA_ROOT}/clips/9cfc76b5aec548180230.wav,spoof,hi-en,175522,mucs2021,xtts_v2,channel_g711_20db,,eval,0.006296205800026655
${DATA_ROOT}/clips/cd92afc106295d26107d.wav,spoof,hi-en,232748,mucs2021,xtts_v2,channel_g711_20db,,eval,0.006762877572327852
${DATA_ROOT}/clips/34cc08507a12165168ad.wav,spoof,hi-en,238121,mucs2021,xtts_v2,channel_g711_20db,,eval,0.0011122911237180233
${DATA_ROOT}/clips/5413096f2e0be0277ac3.wav,spoof,hi-en,386410,mucs2021,xtts_v2,channel_g711_20db,,eval,0.001986403251066804
${DATA_ROOT}/clips/651d4f10b8730dcec1b8.wav,spoof,hi-en,541916,mucs2021,xtts_v2,channel_g711_20db,,eval,0.5550090670585632
${DATA_ROOT}/clips/842cda23bd6b054a69bf.wav,spoof,hi-en,577537,mucs2021,xtts_v2,channel_g711_20db,,eval,0.0003299438103567809
${DATA_ROOT}/clips/654848f6f87fae465460.wav,spoof,hi-en,581145,mucs2021,xtts_v2,channel_g711_20db,,eval,0.002728512044996023
${DATA_ROOT}/clips/b92ee8bb0dc7769bd5bb.wav,spoof,hi-en,596505,mucs2021,xtts_v2,channel_g711_20db,,eval,0.002755257533863187
${DATA_ROOT}/clips/a7a946fa3c85955d56ef.wav,spoof,hi-en,945728,mucs2021,xtts_v2,channel_g711_20db,,eval,0.002999014686793089
${DATA_ROOT}/clips/0e89269ced741ec89025.wav,spoof,hi-en,976811,mucs2021,xtts_v2,channel_g711_20db,,eval,0.7963378429412842
${DATA_ROOT}/clips/a3e67126a67c3a283ee7.wav,spoof,hi-en,111627,mucs2021,xtts_v2,channel_g711_20db,,eval,0.0044942558743059635
${DATA_ROOT}/clips/a3931463c1ceef004c74.wav,spoof,hi-en,121073,mucs2021,xtts_v2,channel_g711_20db,,eval,0.00045642812619917095
${DATA_ROOT}/clips/c2a306feeb000927a9b3.wav,spoof,hi-en,136325,mucs2021,xtts_v2,channel_g711_20db,,eval,0.5493180751800537
${DATA_ROOT}/clips/ae66c9a57ca572f39591.wav,spoof,hi-en,146859,mucs2021,xtts_v2,channel_g711_20db,,eval,0.0005428264266811311
${DATA_ROOT}/clips/73256e10276fa5fe8563.wav,spoof,hi-en,165325,mucs2021,xtts_v2,channel_g711_20db,,eval,0.0008409730507992208
${DATA_ROOT}/clips/28790ee8c7f2e0971d91.wav,spoof,hi-en,175522,mucs2021,xtts_v2,channel_g711_20db,,eval,0.0012510671513155103
${DATA_ROOT}/clips/2eee18934d737b871c8f.wav,spoof,hi-en,232748,mucs2021,xtts_v2,channel_g711_20db,,eval,0.009442090056836605
${DATA_ROOT}/clips/fdd658b0f9ea97c8fe1b.wav,spoof,hi-en,238121,mucs2021,xtts_v2,channel_g711_20db,,eval,0.0011345217935740948
${DATA_ROOT}/clips/039dc5016d36016dd53e.wav,spoof,hi-en,386410,mucs2021,xtts_v2,channel_g711_20db,,eval,0.0015597379533573985
${DATA_ROOT}/clips/417086aa32ea01bd4e63.wav,spoof,hi-en,541916,mucs2021,xtts_v2,channel_g711_20db,,eval,0.0003722357505466789
${DATA_ROOT}/clips/b1ef169475215b3d33ca.wav,spoof,hi-en,577537,mucs2021,xtts_v2,channel_g711_20db,,eval,0.012272235937416553
${DATA_ROOT}/clips/22e6ce75ea0a0651279f.wav,spoof,hi-en,581145,mucs2021,xtts_v2,channel_g711_20db,,eval,0.002032048534601927
${DATA_ROOT}/clips/102fb6256a9b07ad6eb1.wav,spoof,hi-en,596505,mucs2021,xtts_v2,channel_g711_20db,,eval,0.0016933936858549714
${DATA_ROOT}/clips/b186406ec72fe10ae33f.wav,spoof,hi-en,945728,mucs2021,xtts_v2,channel_g711_20db,,eval,0.00026044953847303987
${DATA_ROOT}/clips/c5929d74c03a9370ac85.wav,spoof,hi-en,976811,mucs2021,xtts_v2,channel_g711_20db,,eval,0.018619144335389137
${DATA_ROOT}/clips/f126e8b353816d16390a.wav,spoof,hi-en,111627,mucs2021,xtts_v2,channel_g711_20db,,eval,0.0003522941842675209
${DATA_ROOT}/clips/050c0cb81cd2bdd555ad.wav,spoof,hi-en,121073,mucs2021,xtts_v2,channel_g711_20db,,eval,0.0011705433716997504
${DATA_ROOT}/clips/dcb0506a9aaabfab52fd.wav,spoof,hi-en,136325,mucs2021,xtts_v2,channel_g711_20db,,eval,0.02362867258489132
${DATA_ROOT}/clips/3a65b498d5440982e371.wav,spoof,hi-en,146859,mucs2021,xtts_v2,channel_g711_20db,,eval,0.00022252263443078846
${DATA_ROOT}/clips/7a80b1ec6f01659ac9e8.wav,spoof,hi-en,165325,mucs2021,xtts_v2,channel_g711_20db,,eval,0.002070867456495762
${DATA_ROOT}/clips/ba779519337b002fd029.wav,spoof,hi-en,175522,mucs2021,xtts_v2,channel_g711_20db,,eval,0.0010226822923868895
${DATA_ROOT}/clips/a8878d3a70bf728cb15c.wav,spoof,hi-en,232748,mucs2021,xtts_v2,channel_g711_20db,,eval,0.0003205741522833705
${DATA_ROOT}/clips/9d70d68fad91912df8b6.wav,spoof,hi-en,238121,mucs2021,xtts_v2,channel_g711_20db,,eval,0.0015081069432199001
${DATA_ROOT}/clips/75e11c4515b16e73d4de.wav,spoof,hi-en,386410,mucs2021,xtts_v2,channel_g711_20db,,eval,0.004714152775704861
${DATA_ROOT}/clips/76620ff1b0806655ff3e.wav,spoof,hi-en,541916,mucs2021,xtts_v2,channel_g711_20db,,eval,0.895068883895874
${DATA_ROOT}/clips/f4d007c5019759a0755f.wav,spoof,hi-en,577537,mucs2021,xtts_v2,channel_g711_20db,,eval,0.0009530716924928129
${DATA_ROOT}/clips/cd785a17df666807632c.wav,spoof,hi-en,581145,mucs2021,xtts_v2,channel_g711_20db,,eval,0.0006918958388268948
${DATA_ROOT}/clips/ec1e1d336c1450d89c1e.wav,spoof,hi-en,596505,mucs2021,xtts_v2,channel_g711_20db,,eval,0.000449033104814589
${DATA_ROOT}/clips/0abca86ed4365fa16959.wav,spoof,hi-en,945728,mucs2021,xtts_v2,channel_g711_20db,,eval,0.0003391847130842507
${DATA_ROOT}/clips/e46755451854215b51f8.wav,spoof,hi-en,976811,mucs2021,xtts_v2,channel_g711_20db,,eval,0.1829736977815628
${DATA_ROOT}/clips/c2f1a976f3e43acfd50d.wav,spoof,hi-en,111627,mucs2021,xtts_v2,channel_g711_20db,,eval,0.0003214870812371373
${DATA_ROOT}/clips/0b2c974843c623fbaf40.wav,spoof,hi-en,121073,mucs2021,xtts_v2,channel_g711_20db,,eval,0.0035433336161077023
${DATA_ROOT}/clips/4475af24f64405ca529b.wav,spoof,hi-en,136325,mucs2021,xtts_v2,channel_g711_20db,,eval,0.03360539302229881
${DATA_ROOT}/clips/903001ad9072fdf31a56.wav,spoof,hi-en,146859,mucs2021,xtts_v2,channel_g711_20db,,eval,0.00024885308812372386
${DATA_ROOT}/clips/4680ea6ee63fa14e38f9.wav,spoof,hi-en,165325,mucs2021,xtts_v2,channel_g711_20db,,eval,0.0029944132547825575
${DATA_ROOT}/clips/bf7bb855da126ddeab33.wav,spoof,hi-en,175522,mucs2021,xtts_v2,channel_g711_20db,,eval,0.00044997272198088467
${DATA_ROOT}/clips/1352c394fa5ab4fe66ee.wav,spoof,hi-en,232748,mucs2021,xtts_v2,channel_g711_20db,,eval,0.000234417719184421
${DATA_ROOT}/clips/bbdee0ba08006e3abc9e.wav,spoof,hi-en,238121,mucs2021,xtts_v2,channel_g711_20db,,eval,0.001514126779511571
${DATA_ROOT}/clips/3a07cdabb04d9a96deb0.wav,spoof,hi-en,386410,mucs2021,xtts_v2,channel_g711_20db,,eval,0.0008307754178531468
${DATA_ROOT}/clips/b2cd6012c2ed19099d46.wav,spoof,hi-en,541916,mucs2021,xtts_v2,channel_g711_20db,,eval,0.0002325856767129153
${DATA_ROOT}/clips/4aa6a089c98be91b2f34.wav,spoof,hi-en,577537,mucs2021,xtts_v2,channel_g711_20db,,eval,0.0005874735652469099
${DATA_ROOT}/clips/7348eeb98686ae8b6218.wav,spoof,hi-en,581145,mucs2021,xtts_v2,channel_g711_20db,,eval,0.0024571374524384737
${DATA_ROOT}/clips/e3594733e9783f6f3c8a.wav,spoof,hi-en,596505,mucs2021,xtts_v2,channel_g711_20db,,eval,0.0011497774394229054
${DATA_ROOT}/clips/f8c68d308898443e3acd.wav,spoof,hi-en,945728,mucs2021,xtts_v2,channel_g711_20db,,eval,0.00022136002371553332
${DATA_ROOT}/clips/ea5f2448519c23077698.wav,spoof,hi-en,976811,mucs2021,xtts_v2,channel_g711_20db,,eval,0.9749241471290588
${DATA_ROOT}/clips/5139789f267b42fef6ee.wav,spoof,hi-en,111627,mucs2021,xtts_v2,channel_g711_20db,,eval,0.00032364713842980564
${DATA_ROOT}/clips/f2197f16dd83da063834.wav,spoof,hi-en,121073,mucs2021,xtts_v2,channel_g711_20db,,eval,0.0005157369305379689
${DATA_ROOT}/clips/8f0057f89dcbd539bd42.wav,spoof,hi-en,136325,mucs2021,xtts_v2,channel_g711_20db,,eval,0.8165854215621948
${DATA_ROOT}/clips/49265b01bd9b7c2d2718.wav,spoof,hi-en,146859,mucs2021,xtts_v2,channel_g711_20db,,eval,0.0028333270456641912
${DATA_ROOT}/clips/55c16bb0daa0440dabeb.wav,spoof,hi-en,165325,mucs2021,xtts_v2,channel_g711_20db,,eval,0.001611713320016861
${DATA_ROOT}/clips/45fd759beb1b11c65fd0.wav,spoof,hi-en,175522,mucs2021,xtts_v2,channel_g711_20db,,eval,0.002490332582965493
${DATA_ROOT}/clips/6b95fdf1f314300b03e9.wav,spoof,hi-en,232748,mucs2021,xtts_v2,channel_g711_20db,,eval,0.006293390411883593
${DATA_ROOT}/clips/2917a50548c3dfb20fdb.wav,spoof,hi-en,238121,mucs2021,xtts_v2,channel_g711_20db,,eval,0.003162318142130971
${DATA_ROOT}/clips/7aed6ea331768b5e666d.wav,spoof,hi-en,386410,mucs2021,xtts_v2,channel_g711_20db,,eval,0.004348169080913067
${DATA_ROOT}/clips/2059671785332655e954.wav,spoof,hi-en,541916,mucs2021,xtts_v2,channel_g711_20db,,eval,0.00023526274890173227
${DATA_ROOT}/clips/f6ee291064c34e9a6801.wav,spoof,hi-en,577537,mucs2021,xtts_v2,channel_g711_20db,,eval,0.002260567620396614
${DATA_ROOT}/clips/99eb8ad403d4bf7e0451.wav,spoof,hi-en,581145,mucs2021,xtts_v2,channel_g711_20db,,eval,0.0029408028349280357
${DATA_ROOT}/clips/7d729dc63166d72e5c63.wav,spoof,hi-en,596505,mucs2021,xtts_v2,channel_g711_20db,,eval,0.003689780365675688
${DATA_ROOT}/clips/5ff52a1a948771638ed8.wav,spoof,hi-en,945728,mucs2021,xtts_v2,channel_g711_20db,,eval,0.008663314394652843
${DATA_ROOT}/clips/8156a305ddc6180c62ad.wav,spoof,hi-en,976811,mucs2021,xtts_v2,channel_g711_20db,,eval,0.995303750038147
${DATA_ROOT}/clips/bcf4628b55bf06ce303f.wav,spoof,hi-en,111627,mucs2021,xtts_v2,channel_g711_20db,,eval,0.0004838811291847378
${DATA_ROOT}/clips/0e37920cbf77848f13eb.wav,spoof,hi-en,121073,mucs2021,xtts_v2,channel_g711_20db,,eval,0.0024096418637782335
${DATA_ROOT}/clips/7cbcfb2cc1768fdd0f60.wav,spoof,hi-en,136325,mucs2021,xtts_v2,channel_g711_20db,,eval,0.9889525175094604
${DATA_ROOT}/clips/619840709088436d22b9.wav,spoof,hi-en,146859,mucs2021,xtts_v2,channel_g711_20db,,eval,0.13406026363372803
${DATA_ROOT}/clips/0f18ebae08ef5bb0474b.wav,spoof,hi-en,165325,mucs2021,xtts_v2,channel_g711_20db,,eval,0.00040785159217193723
${DATA_ROOT}/clips/c3a5d8500b7db3ea2a76.wav,spoof,hi-en,175522,mucs2021,xtts_v2,channel_g711_20db,,eval,0.0010970075381919742
${DATA_ROOT}/clips/a29a8a1979aa4be0d7af.wav,spoof,hi-en,232748,mucs2021,xtts_v2,channel_g711_20db,,eval,0.0014398955972865224
${DATA_ROOT}/clips/5935bae34a7047032ca5.wav,spoof,hi-en,238121,mucs2021,xtts_v2,channel_g711_20db,,eval,0.00026069849263876677
${DATA_ROOT}/clips/2198e837badd1e8c368f.wav,spoof,hi-en,386410,mucs2021,xtts_v2,channel_g711_20db,,eval,0.0027396923396736383
${DATA_ROOT}/clips/6a0598892cb61b580d6a.wav,spoof,hi-en,541916,mucs2021,xtts_v2,channel_g711_20db,,eval,0.00023730268003419042
${DATA_ROOT}/clips/2a5a1801d475c2f437d1.wav,spoof,hi-en,577537,mucs2021,xtts_v2,channel_g711_20db,,eval,0.002317045582458377
${DATA_ROOT}/clips/c9ba1b7706b2eaa1a745.wav,spoof,hi-en,581145,mucs2021,xtts_v2,channel_g711_20db,,eval,0.0033055217936635017
${DATA_ROOT}/clips/5204ba707cfae05e8cf9.wav,spoof,hi-en,596505,mucs2021,xtts_v2,channel_g711_20db,,eval,0.0009788889437913895
${DATA_ROOT}/clips/a44e0fb6fec9c284c840.wav,spoof,hi-en,945728,mucs2021,xtts_v2,channel_g711_20db,,eval,0.007295138668268919
${DATA_ROOT}/clips/1f4f84f771dcf1a9f491.wav,spoof,hi-en,976811,mucs2021,xtts_v2,channel_g711_20db,,eval,0.9975510239601135
${DATA_ROOT}/clips/fd4fda58329b7f76b35e.wav,spoof,hi-en,111627,mucs2021,xtts_v2,channel_g711_20db,,eval,0.0002449394087307155
${DATA_ROOT}/clips/889fbe3e778ee46414e9.wav,spoof,hi-en,121073,mucs2021,xtts_v2,channel_g711_20db,,eval,0.004979202523827553
${DATA_ROOT}/clips/79eec4fdc270bfc5aba1.wav,spoof,hi-en,136325,mucs2021,xtts_v2,channel_g711_20db,,eval,0.868442177772522
${DATA_ROOT}/clips/26dc9142fdb1d2de75bd.wav,spoof,hi-en,146859,mucs2021,xtts_v2,channel_g711_20db,,eval,0.0016344378236681223
${DATA_ROOT}/clips/9792a7236c2f6e027df0.wav,spoof,hi-en,165325,mucs2021,xtts_v2,channel_g711_20db,,eval,0.008315895684063435
${DATA_ROOT}/clips/62f0d95cae771ba0de3d.wav,spoof,hi-en,175522,mucs2021,xtts_v2,channel_g711_20db,,eval,0.0023713097907602787
${DATA_ROOT}/clips/c0f13af2661d4ac18776.wav,spoof,hi-en,232748,mucs2021,xtts_v2,channel_g711_20db,,eval,0.011204319074749947
${DATA_ROOT}/clips/f189fa3774e4b39e7961.wav,spoof,hi-en,238121,mucs2021,xtts_v2,channel_g711_20db,,eval,0.002739609917625785
${DATA_ROOT}/clips/24cff4dc5a84b6848e30.wav,spoof,hi-en,386410,mucs2021,xtts_v2,channel_g711_20db,,eval,0.002259845146909356
${DATA_ROOT}/clips/cb0d4e7113abbff68327.wav,spoof,hi-en,541916,mucs2021,xtts_v2,channel_g711_20db,,eval,0.00025649360031820834
${DATA_ROOT}/clips/5a95cafb0d242b8f4d4a.wav,spoof,hi-en,577537,mucs2021,xtts_v2,channel_g711_20db,,eval,0.0023052820470184088
${DATA_ROOT}/clips/bd5ec4a3a9623059902a.wav,spoof,hi-en,581145,mucs2021,xtts_v2,channel_g711_20db,,eval,0.03378548100590706
${DATA_ROOT}/clips/e01accb12a8d1e71db17.wav,spoof,hi-en,596505,mucs2021,xtts_v2,channel_g711_20db,,eval,0.001026263809762895
${DATA_ROOT}/clips/53c2729cf3164f4c2509.wav,spoof,hi-en,945728,mucs2021,xtts_v2,channel_g711_20db,,eval,0.0021729159634560347
${DATA_ROOT}/clips/97dbb3ac508673bbdb36.wav,spoof,hi-en,976811,mucs2021,xtts_v2,channel_g711_20db,,eval,0.903634786605835
${DATA_ROOT}/clips/0a69e289ba4df7cc1ad2.wav,spoof,hi-en,111627,mucs2021,xtts_v2,channel_g711_20db,,eval,0.0006274936022236943
${DATA_ROOT}/clips/6d55647cf7daa6c41388.wav,spoof,hi-en,121073,mucs2021,xtts_v2,channel_g711_20db,,eval,0.0008839020156301558
${DATA_ROOT}/clips/e6ca1abb8483be0fd98c.wav,spoof,hi-en,136325,mucs2021,xtts_v2,channel_g711_20db,,eval,0.9249002933502197
${DATA_ROOT}/clips/6c1db3406613af95f8da.wav,spoof,hi-en,146859,mucs2021,xtts_v2,channel_g711_20db,,eval,0.0002904725552070886
${DATA_ROOT}/clips/135a0262c44a7e28e07e.wav,spoof,hi-en,165325,mucs2021,xtts_v2,channel_g711_20db,,eval,0.00034329836489632726
${DATA_ROOT}/clips/f9da2f3a371ca8f53dbf.wav,spoof,hi-en,175522,mucs2021,xtts_v2,channel_g711_20db,,eval,0.0007762922905385494
${DATA_ROOT}/clips/0bd158a14c55a50af1a7.wav,spoof,hi-en,232748,mucs2021,xtts_v2,channel_g711_20db,,eval,0.004691801033914089
${DATA_ROOT}/clips/510b32b42f756ce1f4ec.wav,spoof,hi-en,238121,mucs2021,xtts_v2,channel_g711_20db,,eval,0.0007980813388712704
${DATA_ROOT}/clips/e4b85ed3e5b4562282b9.wav,spoof,hi-en,386410,mucs2021,xtts_v2,channel_g711_20db,,eval,0.000847615476232022
${DATA_ROOT}/clips/4abb25a78b55ae2f199f.wav,spoof,hi-en,541916,mucs2021,xtts_v2,channel_g711_20db,,eval,0.00029328587697818875
${DATA_ROOT}/clips/414c5ed93fe50ff550b2.wav,spoof,hi-en,577537,mucs2021,xtts_v2,channel_g711_20db,,eval,0.004452820401638746
${DATA_ROOT}/clips/807a903900225a23a47d.wav,spoof,hi-en,581145,mucs2021,xtts_v2,channel_g711_20db,,eval,0.005987162701785564
${DATA_ROOT}/clips/5c17f30ebb721c3d07f3.wav,spoof,hi-en,596505,mucs2021,xtts_v2,channel_g711_20db,,eval,0.004424343816936016
${DATA_ROOT}/clips/fbdb5f9a191de70d0c1d.wav,spoof,hi-en,945728,mucs2021,xtts_v2,channel_g711_20db,,eval,0.0003278976655565202
${DATA_ROOT}/clips/6f68147032c86ce883a7.wav,spoof,hi-en,976811,mucs2021,xtts_v2,channel_g711_20db,,eval,0.9955036044120789
${DATA_ROOT}/clips/16b8fcb94b00a0c6375d.wav,spoof,hi-en,111627,mucs2021,xtts_v2,channel_g711_20db,,eval,0.0004276771214790642
${DATA_ROOT}/clips/5cd4a9056ced46c2a035.wav,spoof,hi-en,121073,mucs2021,xtts_v2,channel_g711_20db,,eval,0.0009843651205301285
${DATA_ROOT}/clips/f77c947466543995db37.wav,spoof,hi-en,136325,mucs2021,xtts_v2,channel_g711_20db,,eval,0.9968777894973755
${DATA_ROOT}/clips/deb817e022980b3b4130.wav,spoof,hi-en,146859,mucs2021,xtts_v2,channel_g711_20db,,eval,0.0006081573665142059
${DATA_ROOT}/clips/551b5ed568e4ce001d1b.wav,spoof,hi-en,165325,mucs2021,xtts_v2,channel_g711_20db,,eval,0.0013406306970864534
${DATA_ROOT}/clips/6606735c4138094b3932.wav,spoof,hi-en,175522,mucs2021,xtts_v2,channel_g711_20db,,eval,0.004375007469207048
${DATA_ROOT}/clips/cff4381e9ae7b2c34257.wav,spoof,hi-en,232748,mucs2021,xtts_v2,channel_g711_20db,,eval,0.003655069973319769
${DATA_ROOT}/clips/eb46a7825bda2ba95d8a.wav,spoof,hi-en,238121,mucs2021,xtts_v2,channel_g711_20db,,eval,0.011486445553600788
${DATA_ROOT}/clips/4d5a4d42828ca6c515aa.wav,spoof,hi-en,386410,mucs2021,xtts_v2,channel_g711_20db,,eval,0.0008247079676948488
${DATA_ROOT}/clips/18371b86839306c8671a.wav,spoof,hi-en,541916,mucs2021,xtts_v2,channel_g711_20db,,eval,0.0002520170237403363
${DATA_ROOT}/clips/d3c19cfea9d8a7e47030.wav,spoof,hi-en,577537,mucs2021,xtts_v2,channel_g711_20db,,eval,0.05680648982524872
${DATA_ROOT}/clips/1576fe8fd0a46e369ead.wav,spoof,hi-en,581145,mucs2021,xtts_v2,channel_g711_20db,,eval,0.02379659377038479
${DATA_ROOT}/clips/067c427e1c81cc301b2d.wav,spoof,hi-en,596505,mucs2021,xtts_v2,channel_g711_20db,,eval,0.0004328177310526371
${DATA_ROOT}/clips/cd2e976a8bfbaed7fbe5.wav,spoof,hi-en,945728,mucs2021,xtts_v2,channel_g711_20db,,eval,0.001895634806714952
${DATA_ROOT}/clips/88b6fab1948728ca1175.wav,spoof,hi-en,976811,mucs2021,xtts_v2,channel_g711_20db,,eval,0.996809184551239
${DATA_ROOT}/clips/ff70501bbb049e5ae95f.wav,spoof,hi-en,111627,mucs2021,xtts_v2,channel_g711_20db,,eval,0.0008000741363503039
${DATA_ROOT}/clips/da6fc5ec6fd331acb0ef.wav,spoof,hi-en,121073,mucs2021,xtts_v2,channel_g711_20db,,eval,0.0013657177332788706
${DATA_ROOT}/clips/878a2982921a81988c85.wav,spoof,hi-en,136325,mucs2021,xtts_v2,channel_g711_20db,,eval,0.990447998046875
${DATA_ROOT}/clips/9952b08b7a69abaf6283.wav,spoof,hi-en,146859,mucs2021,xtts_v2,channel_g711_20db,,eval,0.0004742257297039032
${DATA_ROOT}/clips/ccd3293730eb72ea044c.wav,spoof,hi-en,165325,mucs2021,xtts_v2,channel_g711_20db,,eval,0.0002374142495682463
${DATA_ROOT}/clips/9a28984f94d14ec542f9.wav,spoof,hi-en,175522,mucs2021,xtts_v2,channel_g711_20db,,eval,0.0006273249164223671
${DATA_ROOT}/clips/e034da99530d8dfab0bb.wav,spoof,hi-en,232748,mucs2021,xtts_v2,channel_g711_20db,,eval,0.0019839333835989237
${DATA_ROOT}/clips/2bfdcb3822759e96bafc.wav,spoof,hi-en,238121,mucs2021,xtts_v2,channel_g711_20db,,eval,0.00027039871201850474
${DATA_ROOT}/clips/9fe207ddbdc0c72c0685.wav,spoof,hi-en,386410,mucs2021,xtts_v2,channel_g711_20db,,eval,0.012866592966020107
${DATA_ROOT}/clips/7242ec79e2804e73bf08.wav,spoof,hi-en,541916,mucs2021,xtts_v2,channel_g711_20db,,eval,0.0007019443437457085
${DATA_ROOT}/clips/b9853455a549c49a2f7f.wav,spoof,hi-en,577537,mucs2021,xtts_v2,channel_g711_20db,,eval,0.0023136837407946587
${DATA_ROOT}/clips/d65b6fe87c745ecf54ec.wav,spoof,hi-en,581145,mucs2021,xtts_v2,channel_g711_20db,,eval,0.0024886205792427063
${DATA_ROOT}/clips/be5684641248607e72f3.wav,spoof,hi-en,596505,mucs2021,xtts_v2,channel_g711_20db,,eval,0.0024121636524796486
${DATA_ROOT}/clips/d5fd3b9955ba5372a5c3.wav,spoof,hi-en,945728,mucs2021,xtts_v2,channel_g711_20db,,eval,0.0002401553647359833
${DATA_ROOT}/clips/b54f54ab0ea4232119f6.wav,spoof,hi-en,976811,mucs2021,xtts_v2,channel_g711_20db,,eval,0.6661651730537415
${DATA_ROOT}/clips/860f11752aaca93aa5b7.wav,spoof,hi-en,111627,mucs2021,xtts_v2,channel_g711_20db,,eval,0.0005242204642854631
${DATA_ROOT}/clips/48d6ff1216ae2dae5f1b.wav,spoof,hi-en,121073,mucs2021,xtts_v2,channel_g711_20db,,eval,0.0020815380848944187
${DATA_ROOT}/clips/c0d193d086a1c7337774.wav,spoof,hi-en,136325,mucs2021,xtts_v2,channel_g711_20db,,eval,0.9776403903961182
${DATA_ROOT}/clips/f9db920af5aaeb283d83.wav,spoof,hi-en,146859,mucs2021,xtts_v2,channel_g711_20db,,eval,0.7857789397239685
${DATA_ROOT}/clips/c83d490a3dcd9268e729.wav,spoof,hi-en,165325,mucs2021,xtts_v2,channel_g711_20db,,eval,0.00033991565578617156
${DATA_ROOT}/clips/a477071427a3c737141e.wav,spoof,hi-en,175522,mucs2021,xtts_v2,channel_g711_20db,,eval,0.00022061940398998559
${DATA_ROOT}/clips/ece50082e2a2740c244c.wav,spoof,hi-en,232748,mucs2021,xtts_v2,channel_g711_20db,,eval,0.010198719799518585
${DATA_ROOT}/clips/5f0b279f23419b0c0d37.wav,spoof,hi-en,238121,mucs2021,xtts_v2,channel_g711_20db,,eval,0.001751431031152606
${DATA_ROOT}/clips/83056f0bca4e944d60e3.wav,spoof,hi-en,386410,mucs2021,xtts_v2,channel_g711_20db,,eval,0.0017262650653719902
${DATA_ROOT}/clips/5e20b253fd73b18aa537.wav,spoof,hi-en,541916,mucs2021,xtts_v2,channel_g711_20db,,eval,0.00022254680516198277
${DATA_ROOT}/clips/f681ac306abf4cc66644.wav,spoof,hi-en,577537,mucs2021,xtts_v2,channel_g711_20db,,eval,0.0016658303793519735
${DATA_ROOT}/clips/904124e4e8bc85cd0bc0.wav,spoof,hi-en,581145,mucs2021,xtts_v2,channel_g711_20db,,eval,0.0044200606644153595
${DATA_ROOT}/clips/104a1d7ba9c8f88f6c1c.wav,spoof,hi-en,596505,mucs2021,xtts_v2,channel_g711_20db,,eval,0.0026516516227275133
${DATA_ROOT}/clips/3650b7d843ac80257b2b.wav,spoof,hi-en,945728,mucs2021,xtts_v2,channel_g711_20db,,eval,0.0002276705054100603
${DATA_ROOT}/clips/4f551cfea5abadbcd9b6.wav,spoof,hi-en,976811,mucs2021,xtts_v2,channel_g711_20db,,eval,0.8114848136901855
${DATA_ROOT}/clips/47fa90a459052be848e7.wav,spoof,hi-en,111627,mucs2021,xtts_v2,channel_g711_20db,,eval,0.00040673030889593065
${DATA_ROOT}/clips/b994249d8c22a0a0ef92.wav,spoof,hi-en,121073,mucs2021,xtts_v2,channel_g711_20db,,eval,0.0003448177012614906
${DATA_ROOT}/clips/5c4cdab3a3fc313b8ea8.wav,spoof,hi-en,136325,mucs2021,xtts_v2,channel_g711_20db,,eval,0.9944819211959839
${DATA_ROOT}/clips/6991a5ea23ae87824860.wav,spoof,hi-en,146859,mucs2021,xtts_v2,channel_g711_20db,,eval,0.00023338252503890544
${DATA_ROOT}/clips/ff1afa834e51fe51a5a6.wav,spoof,hi-en,165325,mucs2021,xtts_v2,channel_g711_20db,,eval,0.0019621853716671467
${DATA_ROOT}/clips/4bfdbb18104cc70ab205.wav,spoof,hi-en,175522,mucs2021,xtts_v2,channel_g711_20db,,eval,0.0033325422555208206
${DATA_ROOT}/clips/6b00f96cbcedd4199449.wav,spoof,hi-en,232748,mucs2021,xtts_v2,channel_g711_20db,,eval,0.0007315668626688421
${DATA_ROOT}/clips/f2639579207bdc2b08b7.wav,spoof,hi-en,238121,mucs2021,xtts_v2,channel_g711_20db,,eval,0.0002698308671824634
${DATA_ROOT}/clips/2a29fe455517f6ca1e2e.wav,spoof,hi-en,386410,mucs2021,xtts_v2,channel_g711_20db,,eval,0.0014705726644024253
${DATA_ROOT}/clips/f10f05db4f5083e5b5dd.wav,spoof,hi-en,541916,mucs2021,xtts_v2,channel_g711_20db,,eval,0.0002684774517547339
${DATA_ROOT}/clips/fc47c1a4404ca8987e9f.wav,spoof,hi-en,577537,mucs2021,xtts_v2,channel_g711_20db,,eval,0.006286147516220808
${DATA_ROOT}/clips/e51e578cc5bc6390397d.wav,spoof,hi-en,581145,mucs2021,xtts_v2,channel_g711_20db,,eval,0.0003678293142002076
${DATA_ROOT}/clips/661fd014e72ea2a8c5bf.wav,spoof,hi-en,596505,mucs2021,xtts_v2,channel_g711_20db,,eval,0.00038124542334116995
${DATA_ROOT}/clips/a19cc373607a327848dd.wav,spoof,hi-en,945728,mucs2021,xtts_v2,channel_g711_20db,,eval,0.009230059571564198
${DATA_ROOT}/clips/ac271f6439c4e6dc1bce.wav,spoof,hi-en,976811,mucs2021,xtts_v2,channel_g711_20db,,eval,0.8793252110481262
${DATA_ROOT}/clips/d0b7c2849268f17b65db.wav,spoof,hi-en,111627,mucs2021,xtts_v2,channel_g711_20db,,eval,0.00039080128772184253
${DATA_ROOT}/clips/aaf62c38fd2f3d235453.wav,spoof,hi-en,121073,mucs2021,xtts_v2,channel_g711_20db,,eval,0.0021405606530606747
${DATA_ROOT}/clips/9e9f7230f2fc1aadb3f4.wav,spoof,hi-en,136325,mucs2021,xtts_v2,channel_g711_20db,,eval,0.00037559287738986313
${DATA_ROOT}/clips/2eedf53f392986191cd3.wav,spoof,hi-en,146859,mucs2021,xtts_v2,channel_g711_20db,,eval,0.0002205508208135143
${DATA_ROOT}/clips/9548a3483f3cb350ac15.wav,spoof,hi-en,165325,mucs2021,xtts_v2,channel_g711_20db,,eval,0.00100925553124398
${DATA_ROOT}/clips/2c7d044c5829560da88c.wav,spoof,hi-en,175522,mucs2021,xtts_v2,channel_g711_20db,,eval,0.00262462324462831
${DATA_ROOT}/clips/cb7ab298a4b41dee847a.wav,spoof,hi-en,232748,mucs2021,xtts_v2,channel_g711_20db,,eval,0.0027596554718911648
${DATA_ROOT}/clips/37df09996b6a2cccbebf.wav,spoof,hi-en,238121,mucs2021,xtts_v2,channel_g711_20db,,eval,0.0016173796029761434
${DATA_ROOT}/clips/e775f9cf70d634a2324d.wav,spoof,hi-en,386410,mucs2021,xtts_v2,channel_g711_20db,,eval,0.00034442133619450033
${DATA_ROOT}/clips/803531550edcaa529e90.wav,spoof,hi-en,541916,mucs2021,xtts_v2,channel_g711_20db,,eval,0.0003435294784139842
${DATA_ROOT}/clips/120293d03bbd575c6d17.wav,spoof,hi-en,577537,mucs2021,xtts_v2,channel_g711_20db,,eval,0.16128653287887573
${DATA_ROOT}/clips/d860694c03ba0c2b2b59.wav,spoof,hi-en,581145,mucs2021,xtts_v2,channel_g711_20db,,eval,0.06797809153795242
${DATA_ROOT}/clips/80e0db66d9fc1170c4a6.wav,spoof,hi-en,596505,mucs2021,xtts_v2,channel_g711_20db,,eval,0.006477531976997852
${DATA_ROOT}/clips/3d29c9e62581d37b4887.wav,spoof,hi-en,945728,mucs2021,xtts_v2,channel_g711_20db,,eval,0.0014794066082686186
${DATA_ROOT}/clips/e19971c29db41f47e553.wav,spoof,hi-en,976811,mucs2021,xtts_v2,channel_g711_20db,,eval,0.9890193343162537
${DATA_ROOT}/clips/38fcea3c8fe164dc1f01.wav,spoof,hi-en,111627,mucs2021,xtts_v2,channel_g711_20db,,eval,0.00037030709790997207
${DATA_ROOT}/clips/53c26be66c0b0b950510.wav,spoof,hi-en,121073,mucs2021,xtts_v2,channel_g711_20db,,eval,0.0018542961915954947
${DATA_ROOT}/clips/99ca2604fac7836f2a6e.wav,spoof,hi-en,136325,mucs2021,xtts_v2,channel_g711_20db,,eval,0.9675980806350708
${DATA_ROOT}/clips/352da61a13184c09824b.wav,spoof,hi-en,146859,mucs2021,xtts_v2,channel_g711_20db,,eval,0.000316604069666937
${DATA_ROOT}/clips/6f59c636606d7bcbae1c.wav,spoof,hi-en,165325,mucs2021,xtts_v2,channel_g711_20db,,eval,0.00033122781314887106
${DATA_ROOT}/clips/7d4704e59de125c9c683.wav,spoof,hi-en,175522,mucs2021,xtts_v2,channel_g711_20db,,eval,0.0025959638878703117
${DATA_ROOT}/clips/6a69285a0428e721367e.wav,spoof,hi-en,232748,mucs2021,xtts_v2,channel_g711_20db,,eval,0.002374047879129648
${DATA_ROOT}/clips/a2d11ee3b6327923a0e5.wav,spoof,hi-en,238121,mucs2021,xtts_v2,channel_g711_20db,,eval,0.00036941893631592393
${DATA_ROOT}/clips/3765082b7767c4a6293d.wav,spoof,hi-en,386410,mucs2021,xtts_v2,channel_g711_20db,,eval,0.0002491598133929074
${DATA_ROOT}/clips/bfb919287a47d2c7e664.wav,spoof,hi-en,541916,mucs2021,xtts_v2,channel_g711_20db,,eval,0.00023795630841050297
${DATA_ROOT}/clips/323c655292ba13bb3544.wav,spoof,hi-en,577537,mucs2021,xtts_v2,channel_g711_20db,,eval,0.005569531582295895
${DATA_ROOT}/clips/6bee6f34f17b057f9fa7.wav,spoof,hi-en,581145,mucs2021,xtts_v2,channel_g711_20db,,eval,0.000810562283731997
${DATA_ROOT}/clips/da5edb7144680ca4adc6.wav,spoof,hi-en,596505,mucs2021,xtts_v2,channel_g711_20db,,eval,0.0027255762834101915
${DATA_ROOT}/clips/f3bbb8b66f0ac95b88b8.wav,spoof,hi-en,945728,mucs2021,xtts_v2,channel_g711_20db,,eval,0.0010678295511752367
${DATA_ROOT}/clips/a3d08ed268011817ad8d.wav,spoof,hi-en,976811,mucs2021,xtts_v2,channel_g711_20db,,eval,0.011470111086964607
${DATA_ROOT}/clips/199a8e49bd5cd1dcc4d4.wav,spoof,hi-en,111627,mucs2021,xtts_v2,channel_g711_20db,,eval,0.0002855740312952548
${DATA_ROOT}/clips/da104a135f618c994d94.wav,spoof,hi-en,121073,mucs2021,xtts_v2,channel_g711_20db,,eval,0.013439099304378033
${DATA_ROOT}/clips/5ea7c92adacaadc5f979.wav,spoof,hi-en,136325,mucs2021,xtts_v2,channel_g711_20db,,eval,0.9844634532928467
${DATA_ROOT}/clips/47650f0f6c792f865655.wav,spoof,hi-en,146859,mucs2021,xtts_v2,channel_g711_20db,,eval,0.00025775315589271486
${DATA_ROOT}/clips/7797c1b2bae10ebcadf3.wav,spoof,hi-en,165325,mucs2021,xtts_v2,channel_g711_20db,,eval,0.002672395668923855
${DATA_ROOT}/clips/0bab6ab494ccd957138d.wav,spoof,hi-en,175522,mucs2021,xtts_v2,channel_g711_20db,,eval,0.00351201044395566
${DATA_ROOT}/clips/94e767317e985d425aba.wav,spoof,hi-en,232748,mucs2021,xtts_v2,channel_g711_20db,,eval,0.0009177204919978976
${DATA_ROOT}/clips/2aef6ab9c6ba929aeba3.wav,spoof,hi-en,238121,mucs2021,xtts_v2,channel_g711_20db,,eval,0.00024895466049201787
${DATA_ROOT}/clips/61bf353fc3a3eaa6cab7.wav,spoof,hi-en,386410,mucs2021,xtts_v2,channel_g711_20db,,eval,0.000642593891825527
${DATA_ROOT}/clips/83ff953f9a5080e11494.wav,spoof,hi-en,541916,mucs2021,xtts_v2,channel_g711_20db,,eval,0.0003171702555846423
${DATA_ROOT}/clips/7da36172578795487af4.wav,spoof,hi-en,577537,mucs2021,xtts_v2,channel_g711_20db,,eval,0.008589163422584534
${DATA_ROOT}/clips/45342b3b4d65126df329.wav,spoof,hi-en,581145,mucs2021,xtts_v2,channel_g711_20db,,eval,0.001503690262325108
${DATA_ROOT}/clips/9581a70061e052a41de7.wav,spoof,hi-en,596505,mucs2021,xtts_v2,channel_g711_20db,,eval,0.0009998431196436286
${DATA_ROOT}/clips/96ddde474f2a83721938.wav,spoof,hi-en,945728,mucs2021,xtts_v2,channel_g711_20db,,eval,0.00043391596409492195
${DATA_ROOT}/clips/af3915b0ae28e3db9b66.wav,spoof,hi-en,976811,mucs2021,xtts_v2,channel_g711_20db,,eval,0.9715459942817688
${DATA_ROOT}/clips/ac2337cd8187330c9c86.wav,spoof,hi-en,111627,mucs2021,xtts_v2,channel_g711_20db,,eval,0.00027688872069120407
${DATA_ROOT}/clips/9c3258b747d9f5054301.wav,spoof,hi-en,121073,mucs2021,xtts_v2,channel_g711_20db,,eval,0.0010760357836261392
${DATA_ROOT}/clips/50b319efdd6f6d75363f.wav,spoof,hi-en,136325,mucs2021,xtts_v2,channel_g711_20db,,eval,0.0002667664084583521
${DATA_ROOT}/clips/1e63be9a2654bf850386.wav,spoof,hi-en,146859,mucs2021,xtts_v2,channel_g711_20db,,eval,0.4616685211658478
${DATA_ROOT}/clips/f854a38e5f7ca849b54e.wav,spoof,hi-en,165325,mucs2021,xtts_v2,channel_g711_20db,,eval,0.004937912803143263
${DATA_ROOT}/clips/0c4cff9c0479343499ec.wav,spoof,hi-en,175522,mucs2021,xtts_v2,channel_g711_20db,,eval,0.024740537628531456
${DATA_ROOT}/clips/b4a9f601d150f20fa287.wav,spoof,hi-en,232748,mucs2021,xtts_v2,channel_g711_20db,,eval,0.006892378907650709
${DATA_ROOT}/clips/9218f978afb521a637ea.wav,spoof,hi-en,238121,mucs2021,xtts_v2,channel_g711_20db,,eval,0.0004508886195253581
${DATA_ROOT}/clips/fc96594b2715170919d4.wav,spoof,hi-en,386410,mucs2021,xtts_v2,channel_g711_20db,,eval,0.0005291134584695101
${DATA_ROOT}/clips/bc549bbe563a251478f0.wav,spoof,hi-en,541916,mucs2021,xtts_v2,channel_g711_20db,,eval,0.004727104213088751
${DATA_ROOT}/clips/d0ff59fc4d0141b16dab.wav,spoof,hi-en,577537,mucs2021,xtts_v2,channel_g711_20db,,eval,0.015303242951631546
${DATA_ROOT}/clips/2c3ff8eb94f6794e3057.wav,spoof,hi-en,581145,mucs2021,xtts_v2,channel_g711_20db,,eval,0.005199771374464035
${DATA_ROOT}/clips/fccda3c5216a579f7359.wav,spoof,hi-en,596505,mucs2021,xtts_v2,channel_g711_20db,,eval,0.0002792748564388603
${DATA_ROOT}/clips/470a760607cfafbdcbe2.wav,spoof,hi-en,945728,mucs2021,xtts_v2,channel_g711_20db,,eval,0.013691423460841179
${DATA_ROOT}/clips/78b81713c4cc9bc2b155.wav,spoof,hi-en,976811,mucs2021,xtts_v2,channel_g711_20db,,eval,0.9871403574943542
${DATA_ROOT}/clips/156ae55471240ba79557.wav,spoof,hi-en,111627,mucs2021,xtts_v2,channel_g711_20db,,eval,0.0008472225745208561
${DATA_ROOT}/clips/4ad1bf6d63581064f052.wav,spoof,hi-en,121073,mucs2021,xtts_v2,channel_g711_20db,,eval,0.016927681863307953
${DATA_ROOT}/clips/488f989061b26ce5664c.wav,spoof,hi-en,136325,mucs2021,xtts_v2,channel_g711_20db,,eval,0.9913478493690491
${DATA_ROOT}/clips/78c6d14dd8b39d42ffb1.wav,spoof,hi-en,146859,mucs2021,xtts_v2,channel_g711_20db,,eval,0.0003108818782493472
${DATA_ROOT}/clips/0d7598c55cb94d6ea6c3.wav,spoof,hi-en,165325,mucs2021,xtts_v2,channel_g711_20db,,eval,0.000728338083717972
${DATA_ROOT}/clips/9c3ea54080f55d476936.wav,spoof,hi-en,175522,mucs2021,xtts_v2,channel_g711_20db,,eval,0.008882061578333378
${DATA_ROOT}/clips/de34572ddc829e7056db.wav,spoof,hi-en,232748,mucs2021,xtts_v2,channel_g711_20db,,eval,0.00048669500392861664
${DATA_ROOT}/clips/382bc93296109ad5b851.wav,spoof,hi-en,238121,mucs2021,xtts_v2,channel_g711_20db,,eval,0.0034629430156201124
${DATA_ROOT}/clips/5ebb988b51535a548b33.wav,spoof,hi-en,386410,mucs2021,xtts_v2,channel_g711_20db,,eval,0.008779913187026978
${DATA_ROOT}/clips/18a72408e01a9e44c133.wav,spoof,hi-en,541916,mucs2021,xtts_v2,channel_g711_20db,,eval,0.0024907973129302263
${DATA_ROOT}/clips/2eb019aafe63128a4f8a.wav,spoof,hi-en,577537,mucs2021,xtts_v2,channel_g711_20db,,eval,0.011434599757194519
${DATA_ROOT}/clips/f42bcc1ae185231eede4.wav,spoof,hi-en,581145,mucs2021,xtts_v2,channel_g711_20db,,eval,0.002845723880454898
${DATA_ROOT}/clips/78cc961e1b5446540177.wav,spoof,hi-en,596505,mucs2021,xtts_v2,channel_g711_20db,,eval,0.006217075511813164
${DATA_ROOT}/clips/2a17fd2947d9d626c59f.wav,spoof,hi-en,945728,mucs2021,xtts_v2,channel_g711_20db,,eval,0.0008815964683890343
${DATA_ROOT}/clips/e54e7c28386b513100db.wav,spoof,hi-en,976811,mucs2021,xtts_v2,channel_g711_20db,,eval,0.1365862488746643
${DATA_ROOT}/clips/0ad0adca62741be47d1d.wav,spoof,hi-en,111627,mucs2021,xtts_v2,channel_g711_20db,,eval,0.0011601621517911553
${DATA_ROOT}/clips/236e97921e0804393eb3.wav,spoof,hi-en,121073,mucs2021,xtts_v2,channel_g711_20db,,eval,0.0016233751084655523
${DATA_ROOT}/clips/ea732ce8479d3deba821.wav,spoof,hi-en,136325,mucs2021,xtts_v2,channel_g711_20db,,eval,0.0002592373639345169
${DATA_ROOT}/clips/264b1dbe586be43ddc9f.wav,spoof,hi-en,146859,mucs2021,xtts_v2,channel_g711_20db,,eval,0.9356867671012878
${DATA_ROOT}/clips/15e40bf42bd63305dc83.wav,spoof,hi-en,165325,mucs2021,xtts_v2,channel_g711_20db,,eval,0.00042569139623083174
${DATA_ROOT}/clips/34a5a9ed9c28145c1987.wav,spoof,hi-en,175522,mucs2021,xtts_v2,channel_g711_20db,,eval,0.0019726247992366552
${DATA_ROOT}/clips/355a35755fc4918d113e.wav,spoof,hi-en,232748,mucs2021,xtts_v2,channel_g711_20db,,eval,0.0013454874278977513
${DATA_ROOT}/clips/3055cf54e8fc8bcd7172.wav,spoof,hi-en,238121,mucs2021,xtts_v2,channel_g711_20db,,eval,0.0014105968875810504
${DATA_ROOT}/clips/9e3d9d769374eb5c1bcd.wav,spoof,hi-en,386410,mucs2021,xtts_v2,channel_g711_20db,,eval,0.0011410899460315704
${DATA_ROOT}/clips/d2af8199b09d72888c86.wav,spoof,hi-en,541916,mucs2021,xtts_v2,channel_g711_20db,,eval,0.00023957308440003544
${DATA_ROOT}/clips/cee040a355a6a4628072.wav,spoof,hi-en,577537,mucs2021,xtts_v2,channel_g711_20db,,eval,0.0033179367892444134
${DATA_ROOT}/clips/96ed7520cd1b71cc75bd.wav,spoof,hi-en,581145,mucs2021,xtts_v2,channel_g711_20db,,eval,0.014308971352875233
${DATA_ROOT}/clips/a5eabc3e23e7effdd368.wav,spoof,hi-en,596505,mucs2021,xtts_v2,channel_g711_20db,,eval,0.00031995063181966543
${DATA_ROOT}/clips/0837c4a151e978abcebf.wav,spoof,hi-en,945728,mucs2021,xtts_v2,channel_g711_20db,,eval,0.000580949941650033
${DATA_ROOT}/clips/fc239b2de981aec9f846.wav,spoof,hi-en,976811,mucs2021,xtts_v2,channel_g711_20db,,eval,0.026445018127560616
${DATA_ROOT}/clips/ec2e981c8b64ab398655.wav,spoof,hi-en,111627,mucs2021,xtts_v2,channel_g711_20db,,eval,0.0003688611905090511
${DATA_ROOT}/clips/9fb8213d644a7e818cc6.wav,spoof,hi-en,121073,mucs2021,xtts_v2,channel_g711_20db,,eval,0.006915113423019648
${DATA_ROOT}/clips/ec65b1a2157d82b38068.wav,spoof,hi-en,136325,mucs2021,xtts_v2,channel_g711_20db,,eval,0.9786714315414429
${DATA_ROOT}/clips/ffa864eb999b70ce49eb.wav,spoof,hi-en,146859,mucs2021,xtts_v2,channel_g711_20db,,eval,0.24576009809970856
${DATA_ROOT}/clips/33fc990af9c210332ac8.wav,spoof,hi-en,165325,mucs2021,xtts_v2,channel_g711_20db,,eval,0.00023405099636875093
${DATA_ROOT}/clips/c39d5df8b2ae3f31db7a.wav,spoof,hi-en,175522,mucs2021,xtts_v2,channel_g711_20db,,eval,0.0060056280344724655
${DATA_ROOT}/clips/d6666e805f45130df291.wav,spoof,hi-en,232748,mucs2021,xtts_v2,channel_g711_20db,,eval,0.006302946247160435
${DATA_ROOT}/clips/edee7b9476c65e1b9f1d.wav,spoof,hi-en,238121,mucs2021,xtts_v2,channel_g711_20db,,eval,0.004130805376917124
${DATA_ROOT}/clips/ec9db9e95473d52b8ec9.wav,spoof,hi-en,386410,mucs2021,xtts_v2,channel_g711_20db,,eval,0.0016444228822365403
${DATA_ROOT}/clips/d753c3469a099fbac2e3.wav,spoof,hi-en,541916,mucs2021,xtts_v2,channel_g711_20db,,eval,0.0002496730303391814
${DATA_ROOT}/clips/3fb168d12d2b3f033a51.wav,spoof,hi-en,577537,mucs2021,xtts_v2,channel_g711_20db,,eval,0.0007212399505078793
${DATA_ROOT}/clips/8b93e133a313cb2df40f.wav,spoof,hi-en,581145,mucs2021,xtts_v2,channel_g711_20db,,eval,0.005040198564529419
${DATA_ROOT}/clips/11907e740e0fee480645.wav,spoof,hi-en,596505,mucs2021,xtts_v2,channel_g711_20db,,eval,0.002442366676405072
${DATA_ROOT}/clips/a577f70c11993640bb86.wav,spoof,hi-en,945728,mucs2021,xtts_v2,channel_g711_20db,,eval,0.002783709904178977
${DATA_ROOT}/clips/2f23701ecbd4b4cbb7d5.wav,spoof,hi-en,976811,mucs2021,xtts_v2,channel_g711_20db,,eval,0.9934417009353638
${DATA_ROOT}/clips/0007997ae5106021187f.wav,spoof,hi-en,111627,mucs2021,xtts_v2,channel_g711_20db,,eval,0.0006100263562984765
${DATA_ROOT}/clips/06470a9d40e6882f3841.wav,spoof,hi-en,121073,mucs2021,xtts_v2,channel_g711_20db,,eval,0.0021797525696456432
${DATA_ROOT}/clips/5df6e15e73872f6d7772.wav,spoof,hi-en,136325,mucs2021,xtts_v2,channel_g711_20db,,eval,0.9916080236434937
${DATA_ROOT}/clips/573a43ae6874efb7e5c2.wav,spoof,hi-en,146859,mucs2021,xtts_v2,channel_g711_20db,,eval,0.00023147687898017466
${DATA_ROOT}/clips/7714c9d3f2c1efa615ca.wav,spoof,hi-en,165325,mucs2021,xtts_v2,channel_g711_20db,,eval,0.0005113203078508377
${DATA_ROOT}/clips/e0d96804ba44b44a214a.wav,spoof,hi-en,175522,mucs2021,xtts_v2,channel_g711_20db,,eval,0.005104252602905035
${DATA_ROOT}/clips/bf4d4a9025a3e70546c6.wav,spoof,hi-en,232748,mucs2021,xtts_v2,channel_g711_20db,,eval,0.001135616679675877
${DATA_ROOT}/clips/b6470eccfcf350b624fb.wav,spoof,hi-en,238121,mucs2021,xtts_v2,channel_g711_20db,,eval,0.00022800460283178836
${DATA_ROOT}/clips/7e8d80a0b9dcafaca996.wav,spoof,hi-en,386410,mucs2021,xtts_v2,channel_g711_20db,,eval,0.0006153557333163917
${DATA_ROOT}/clips/811d1c0453f7e83fc28c.wav,spoof,hi-en,541916,mucs2021,xtts_v2,channel_g711_20db,,eval,0.0009650237043388188
${DATA_ROOT}/clips/c6b11d2ce14d2b7e3297.wav,spoof,hi-en,577537,mucs2021,xtts_v2,channel_g711_20db,,eval,0.0045157973654568195
${DATA_ROOT}/clips/09ea0ec12fd681e7b9bc.wav,spoof,hi-en,581145,mucs2021,xtts_v2,channel_g711_20db,,eval,0.009743250906467438
${DATA_ROOT}/clips/07833e8147bd4672b8d4.wav,spoof,hi-en,596505,mucs2021,xtts_v2,channel_g711_20db,,eval,0.005499083548784256
${DATA_ROOT}/clips/d7b29a34fc05875b5227.wav,spoof,hi-en,945728,mucs2021,xtts_v2,channel_g711_20db,,eval,0.0007592342444695532
${DATA_ROOT}/clips/34bb71d04a8371481d19.wav,spoof,hi-en,976811,mucs2021,xtts_v2,channel_g711_20db,,eval,0.6682188510894775
${DATA_ROOT}/clips/1872a2ec607da60c0eb3.wav,spoof,hi-en,111627,mucs2021,xtts_v2,channel_g711_20db,,eval,0.00021542457398027182
${DATA_ROOT}/clips/8031ad053fa00d7153f7.wav,spoof,hi-en,121073,mucs2021,xtts_v2,channel_g711_20db,,eval,0.0004869818512815982
${DATA_ROOT}/clips/2a7b0e51aa8d006de46c.wav,spoof,hi-en,136325,mucs2021,xtts_v2,channel_g711_20db,,eval,0.9966098666191101
${DATA_ROOT}/clips/7445d1eea86a17366741.wav,spoof,hi-en,146859,mucs2021,xtts_v2,channel_g711_20db,,eval,0.00023196515394374728
${DATA_ROOT}/clips/8d05228dc6f812e9628b.wav,spoof,hi-en,165325,mucs2021,xtts_v2,channel_g711_20db,,eval,0.00026290747337043285
${DATA_ROOT}/clips/ee271e5a75bc4cc879a6.wav,spoof,hi-en,175522,mucs2021,xtts_v2,channel_g711_20db,,eval,0.0006177073228172958
${DATA_ROOT}/clips/acac8fed65a94ac6db8b.wav,spoof,hi-en,232748,mucs2021,xtts_v2,channel_g711_20db,,eval,0.00710124708712101
${DATA_ROOT}/clips/7c7b471eda7cefa4c781.wav,spoof,hi-en,238121,mucs2021,xtts_v2,channel_g711_20db,,eval,0.0002606388006825
${DATA_ROOT}/clips/db9c7d7d647aa52727bd.wav,spoof,hi-en,386410,mucs2021,xtts_v2,channel_g711_20db,,eval,0.0018252216977998614
${DATA_ROOT}/clips/1369aec3b1dc1b8c1685.wav,spoof,hi-en,541916,mucs2021,xtts_v2,channel_g711_20db,,eval,0.0004853813152294606
${DATA_ROOT}/clips/2bd790d153e098853fb7.wav,spoof,hi-en,577537,mucs2021,xtts_v2,channel_g711_20db,,eval,0.48156580328941345
${DATA_ROOT}/clips/a99b8be1913514ad389e.wav,spoof,hi-en,581145,mucs2021,xtts_v2,channel_g711_20db,,eval,0.0118643119931221
${DATA_ROOT}/clips/08ab8c3c1f32a5df90c9.wav,spoof,hi-en,596505,mucs2021,xtts_v2,channel_g711_20db,,eval,0.0050820717588067055
${DATA_ROOT}/clips/d5610c0be5e4b29dd2ef.wav,spoof,hi-en,945728,mucs2021,xtts_v2,channel_g711_20db,,eval,0.000539554690476507
${DATA_ROOT}/clips/ce36b42c3c82d9494dd9.wav,spoof,hi-en,976811,mucs2021,xtts_v2,channel_g711_20db,,eval,0.9991961121559143
${DATA_ROOT}/clips/edfa655dd9d37843799d.wav,spoof,hi-en,111627,mucs2021,xtts_v2,channel_g711_20db,,eval,0.0004069342976436019
${DATA_ROOT}/clips/df0f23b94c67d19d2830.wav,spoof,hi-en,121073,mucs2021,xtts_v2,channel_g711_20db,,eval,0.0003364170843269676
${DATA_ROOT}/clips/e8604fab2f0bde916b05.wav,spoof,hi-en,136325,mucs2021,xtts_v2,channel_g711_20db,,eval,0.9634226560592651
${DATA_ROOT}/clips/5e15a34ab5df670278b0.wav,spoof,hi-en,146859,mucs2021,xtts_v2,channel_g711_20db,,eval,0.0005789546994492412
${DATA_ROOT}/clips/776a7985f14444648dde.wav,spoof,hi-en,165325,mucs2021,xtts_v2,channel_g711_20db,,eval,0.024318434298038483
${DATA_ROOT}/clips/da25f3b36b2260455d93.wav,spoof,hi-en,175522,mucs2021,xtts_v2,channel_g711_20db,,eval,0.0004731551744043827
${DATA_ROOT}/clips/b51ff865208c722f4534.wav,spoof,hi-en,232748,mucs2021,xtts_v2,channel_g711_20db,,eval,0.004334048368036747
${DATA_ROOT}/clips/8c68141b429ed6cfb772.wav,spoof,hi-en,238121,mucs2021,xtts_v2,channel_g711_20db,,eval,0.0004852300917264074
${DATA_ROOT}/clips/cb3bad8f66432b21ea15.wav,spoof,hi-en,386410,mucs2021,xtts_v2,channel_g711_20db,,eval,0.005969907622784376
${DATA_ROOT}/clips/eb1d2348388dbe3cb48b.wav,spoof,hi-en,541916,mucs2021,xtts_v2,channel_g711_20db,,eval,0.0002738114562816918
${DATA_ROOT}/clips/e3c7c9917e57944c00ad.wav,spoof,hi-en,577537,mucs2021,xtts_v2,channel_g711_20db,,eval,0.00574679858982563
${DATA_ROOT}/clips/ffd7140c77a013a033a6.wav,spoof,hi-en,581145,mucs2021,xtts_v2,channel_g711_20db,,eval,0.005449962802231312
${DATA_ROOT}/clips/477c2a8497a8239bc937.wav,spoof,hi-en,596505,mucs2021,xtts_v2,channel_g711_20db,,eval,0.0016047811368480325
${DATA_ROOT}/clips/38a7c6ddbbd4d3769de5.wav,spoof,hi-en,945728,mucs2021,xtts_v2,channel_g711_20db,,eval,0.0038268892094492912
${DATA_ROOT}/clips/38b750a9bf5d276a372c.wav,spoof,hi-en,976811,mucs2021,xtts_v2,channel_g711_20db,,eval,0.9389036893844604
${DATA_ROOT}/clips/554941d686edc057ec93.wav,spoof,hi-en,111627,mucs2021,xtts_v2,channel_g711_20db,,eval,0.0003025000623892993
${DATA_ROOT}/clips/551c651c5e9d73db8910.wav,spoof,hi-en,121073,mucs2021,xtts_v2,channel_g711_20db,,eval,0.0002320365747436881
${DATA_ROOT}/clips/e404144568db3170681d.wav,spoof,hi-en,136325,mucs2021,xtts_v2,channel_g711_20db,,eval,0.9756599068641663
${DATA_ROOT}/clips/5bfdaf422762c0a9fdfa.wav,spoof,hi-en,146859,mucs2021,xtts_v2,channel_g711_20db,,eval,0.0006117208977229893
${DATA_ROOT}/clips/25c0542f479e32ed32ba.wav,spoof,hi-en,165325,mucs2021,xtts_v2,channel_g711_20db,,eval,0.004106907173991203
${DATA_ROOT}/clips/0777c19147275c4289eb.wav,spoof,hi-en,175522,mucs2021,xtts_v2,channel_g711_20db,,eval,0.0017336683813482523
${DATA_ROOT}/clips/9b8d1df60c8279197005.wav,spoof,hi-en,232748,mucs2021,xtts_v2,channel_g711_20db,,eval,0.0020621635485440493
${DATA_ROOT}/clips/e814d1d2c4498c5c3c9d.wav,spoof,hi-en,238121,mucs2021,xtts_v2,channel_g711_20db,,eval,0.0006095498101785779
${DATA_ROOT}/clips/cff6865c032f4b1036ba.wav,spoof,hi-en,386410,mucs2021,xtts_v2,channel_g711_20db,,eval,0.0004862178466282785
${DATA_ROOT}/clips/aa4524544524f0fd4aa6.wav,spoof,hi-en,541916,mucs2021,xtts_v2,channel_g711_20db,,eval,0.0003885040059685707
${DATA_ROOT}/clips/86075e25dfc89cdc919a.wav,spoof,hi-en,577537,mucs2021,xtts_v2,channel_g711_20db,,eval,0.01304436195641756
${DATA_ROOT}/clips/60470dcd1c30a5dd65cd.wav,spoof,hi-en,581145,mucs2021,xtts_v2,channel_g711_20db,,eval,0.00483245262876153
${DATA_ROOT}/clips/f84c131306184449b8b1.wav,spoof,hi-en,596505,mucs2021,xtts_v2,channel_g711_20db,,eval,0.002093732822686434
${DATA_ROOT}/clips/dca8913bf8dd7dadd6f0.wav,spoof,hi-en,945728,mucs2021,xtts_v2,channel_g711_20db,,eval,0.0005118054104968905
${DATA_ROOT}/clips/ba31bbd5a4a1a1fb3881.wav,spoof,hi-en,976811,mucs2021,xtts_v2,channel_g711_20db,,eval,0.996193528175354
${DATA_ROOT}/clips/2226455e0b1cf22d8429.wav,spoof,hi-en,111627,mucs2021,xtts_v2,channel_g711_20db,,eval,0.001451274030841887
${DATA_ROOT}/clips/e275fe3b78cc78ce54bd.wav,spoof,hi-en,121073,mucs2021,xtts_v2,channel_g711_20db,,eval,0.00762299494817853
${DATA_ROOT}/clips/4be8383e301f4a0934fb.wav,spoof,hi-en,136325,mucs2021,xtts_v2,channel_g711_20db,,eval,0.011795517057180405
${DATA_ROOT}/clips/3273d9571f4e5dc00fa9.wav,spoof,hi-en,146859,mucs2021,xtts_v2,channel_g711_20db,,eval,0.08496697247028351
${DATA_ROOT}/clips/20ec6112b4d57bab362c.wav,spoof,hi-en,165325,mucs2021,xtts_v2,channel_g711_20db,,eval,0.0003254333569202572
${DATA_ROOT}/clips/c4af0bbd2380772aff72.wav,spoof,hi-en,175522,mucs2021,xtts_v2,channel_g711_20db,,eval,0.001973728882148862
${DATA_ROOT}/clips/3eeb5c810285746fd651.wav,spoof,hi-en,232748,mucs2021,xtts_v2,channel_g711_20db,,eval,0.003180407453328371
${DATA_ROOT}/clips/e4bce344100ad5653b79.wav,spoof,hi-en,238121,mucs2021,xtts_v2,channel_g711_20db,,eval,0.003295301226899028
${DATA_ROOT}/clips/c16d5d3afd6b9f6daa08.wav,spoof,hi-en,386410,mucs2021,xtts_v2,channel_g711_20db,,eval,0.0009138545719906688
${DATA_ROOT}/clips/f63e416e7b5abcf0a740.wav,spoof,hi-en,541916,mucs2021,xtts_v2,channel_g711_20db,,eval,0.0002580713771749288
${DATA_ROOT}/clips/c7f94eb8fb746484c874.wav,spoof,hi-en,577537,mucs2021,xtts_v2,channel_g711_20db,,eval,0.010768982581794262
${DATA_ROOT}/clips/565e19bb5e137c65baa5.wav,spoof,hi-en,581145,mucs2021,xtts_v2,channel_g711_20db,,eval,0.002257865620777011
${DATA_ROOT}/clips/c369d83cd0386bbaa555.wav,spoof,hi-en,596505,mucs2021,xtts_v2,channel_g711_20db,,eval,0.0008758035255596042
${DATA_ROOT}/clips/004b2e478e020fcb4004.wav,spoof,hi-en,945728,mucs2021,xtts_v2,channel_g711_20db,,eval,0.00034909899113699794
${DATA_ROOT}/clips/e34d4b369caf74674301.wav,spoof,hi-en,976811,mucs2021,xtts_v2,channel_g711_20db,,eval,0.9961573481559753
${DATA_ROOT}/clips/b22ac11bcb9789b2caa0.wav,spoof,hi-en,111627,mucs2021,xtts_v2,channel_g711_20db,,eval,0.00032007484696805477
${DATA_ROOT}/clips/a6e5ca518b029a548d24.wav,spoof,hi-en,121073,mucs2021,xtts_v2,channel_g711_20db,,eval,0.006107956636697054
${DATA_ROOT}/clips/df8729d8b00c52d6ede2.wav,spoof,hi-en,136325,mucs2021,xtts_v2,channel_g711_20db,,eval,0.9934521913528442
${DATA_ROOT}/clips/d4cee75a8e1ef5e00584.wav,spoof,hi-en,146859,mucs2021,xtts_v2,channel_g711_20db,,eval,0.0003084886120632291
${DATA_ROOT}/clips/b47505d895f6541cc204.wav,spoof,hi-en,165325,mucs2021,xtts_v2,channel_g711_20db,,eval,0.00038241202128119767
${DATA_ROOT}/clips/e157d423ec5c3312148e.wav,spoof,hi-en,175522,mucs2021,xtts_v2,channel_g711_20db,,eval,0.003348764730617404
${DATA_ROOT}/clips/5bc8b6ad57896c6ae99b.wav,spoof,hi-en,232748,mucs2021,xtts_v2,channel_g711_20db,,eval,0.0015399217372760177
${DATA_ROOT}/clips/2fc3f30490c5daaa9689.wav,spoof,hi-en,238121,mucs2021,xtts_v2,channel_g711_20db,,eval,0.001240153331309557
${DATA_ROOT}/clips/4ad2c1704f02962def38.wav,spoof,hi-en,386410,mucs2021,xtts_v2,channel_g711_20db,,eval,0.0004598410741891712
${DATA_ROOT}/clips/cc48654cab12265636c1.wav,spoof,hi-en,541916,mucs2021,xtts_v2,channel_g711_20db,,eval,0.0006633823504671454
${DATA_ROOT}/clips/f08a8fc006c1c456b42d.wav,spoof,hi-en,577537,mucs2021,xtts_v2,channel_g711_20db,,eval,0.002139174146577716
${DATA_ROOT}/clips/5d4f0185732d67e0a350.wav,spoof,hi-en,581145,mucs2021,xtts_v2,channel_g711_20db,,eval,0.003722765948623419
${DATA_ROOT}/clips/3194cf94d4cbbf655b34.wav,spoof,hi-en,596505,mucs2021,xtts_v2,channel_g711_20db,,eval,0.0011785642709583044
${DATA_ROOT}/clips/d4861af897c12a76938e.wav,spoof,hi-en,945728,mucs2021,xtts_v2,channel_g711_20db,,eval,0.0008335208985954523
${DATA_ROOT}/clips/3079053bc39f5bc8a246.wav,spoof,hi-en,976811,mucs2021,xtts_v2,channel_g711_20db,,eval,0.9966171383857727
${DATA_ROOT}/clips/eb2e8164a85c390d69a6.wav,spoof,hi-en,111627,mucs2021,xtts_v2,channel_g711_20db,,eval,0.0002405912528047338
${DATA_ROOT}/clips/a93b3400ba50e16014a6.wav,spoof,hi-en,121073,mucs2021,xtts_v2,channel_g711_20db,,eval,0.003267640247941017
${DATA_ROOT}/clips/dbbfae427932480e8579.wav,spoof,hi-en,136325,mucs2021,xtts_v2,channel_g711_20db,,eval,0.8714607357978821
${DATA_ROOT}/clips/9395be748dda7bdc58eb.wav,spoof,hi-en,146859,mucs2021,xtts_v2,channel_g711_20db,,eval,0.0002234700514236465
${DATA_ROOT}/clips/62f3ae4a6899a2b4c3bb.wav,spoof,hi-en,165325,mucs2021,xtts_v2,channel_g711_20db,,eval,0.001185743953101337
${DATA_ROOT}/clips/ac169775345f55b4d55c.wav,spoof,hi-en,175522,mucs2021,xtts_v2,channel_g711_20db,,eval,0.0002650915121193975
${DATA_ROOT}/clips/de80d2944c86e16a7f45.wav,spoof,hi-en,232748,mucs2021,xtts_v2,channel_g711_20db,,eval,0.0003792050702031702
${DATA_ROOT}/clips/4491acf8e93e99c6b6c6.wav,spoof,hi-en,238121,mucs2021,xtts_v2,channel_g711_20db,,eval,0.0023517354857176542
${DATA_ROOT}/clips/04263eb9b43696917e25.wav,spoof,hi-en,386410,mucs2021,xtts_v2,channel_g711_20db,,eval,0.004678117576986551
${DATA_ROOT}/clips/6c9d0ced4ca01051352e.wav,spoof,hi-en,541916,mucs2021,xtts_v2,channel_g711_20db,,eval,0.0006283572292886674
${DATA_ROOT}/clips/376621cdb5ab3e714365.wav,spoof,hi-en,577537,mucs2021,xtts_v2,channel_g711_20db,,eval,0.006990095600485802
${DATA_ROOT}/clips/679ac0ecb9ae96a9e578.wav,spoof,hi-en,581145,mucs2021,xtts_v2,channel_g711_20db,,eval,0.006269608158618212
${DATA_ROOT}/clips/1f041ca51a610d5d37cb.wav,spoof,hi-en,596505,mucs2021,xtts_v2,channel_g711_20db,,eval,0.00039326652768068016
${DATA_ROOT}/clips/90287c1934300c8db917.wav,spoof,hi-en,945728,mucs2021,xtts_v2,channel_g711_20db,,eval,0.0026922672986984253
${DATA_ROOT}/clips/8e8e4c09e88a5806fe0f.wav,spoof,hi-en,976811,mucs2021,xtts_v2,channel_g711_20db,,eval,0.05857214704155922
${DATA_ROOT}/clips/fe762117fbb061f6e593.wav,spoof,hi-en,111627,mucs2021,xtts_v2,channel_g711_20db,,eval,0.0013975831679999828
${DATA_ROOT}/clips/d45815f764763c6b4f97.wav,spoof,hi-en,121073,mucs2021,xtts_v2,channel_g711_20db,,eval,0.0016292538493871689
${DATA_ROOT}/clips/c2ab7eaebd0a9c144141.wav,spoof,hi-en,136325,mucs2021,xtts_v2,channel_g711_20db,,eval,0.009163407608866692
${DATA_ROOT}/clips/29a2a58195781bdfe02b.wav,spoof,hi-en,146859,mucs2021,xtts_v2,channel_g711_20db,,eval,0.00022463493223767728
${DATA_ROOT}/clips/e521042a9d1af4257ecc.wav,spoof,hi-en,165325,mucs2021,xtts_v2,channel_g711_20db,,eval,0.0002336768520763144
${DATA_ROOT}/clips/2ff28ed939e1b04faff3.wav,spoof,hi-en,175522,mucs2021,xtts_v2,channel_g711_20db,,eval,0.002281502354890108
${DATA_ROOT}/clips/d15b8983da1835f9f1ac.wav,spoof,hi-en,232748,mucs2021,xtts_v2,channel_g711_20db,,eval,0.005649183876812458
${DATA_ROOT}/clips/b26b6dd85031dfa50330.wav,spoof,hi-en,238121,mucs2021,xtts_v2,channel_g711_20db,,eval,0.00035107246367260814
${DATA_ROOT}/clips/a82a8059bebdcd210168.wav,spoof,hi-en,386410,mucs2021,xtts_v2,channel_g711_20db,,eval,0.0022772387601435184
${DATA_ROOT}/clips/62b40c62da61f015e2ef.wav,spoof,hi-en,541916,mucs2021,xtts_v2,channel_g711_20db,,eval,0.6701264381408691
${DATA_ROOT}/clips/a6861b9e9b9a6a6c11bd.wav,spoof,hi-en,577537,mucs2021,xtts_v2,channel_g711_20db,,eval,0.17080585658550262
${DATA_ROOT}/clips/f0e982c95abcb8cf219b.wav,spoof,hi-en,581145,mucs2021,xtts_v2,channel_g711_20db,,eval,0.005549816880375147
${DATA_ROOT}/clips/87ea6eda30fed73dc2a9.wav,spoof,hi-en,596505,mucs2021,xtts_v2,channel_g711_20db,,eval,0.008262376300990582
${DATA_ROOT}/clips/4212135809ca6a1ba061.wav,spoof,hi-en,945728,mucs2021,xtts_v2,channel_g711_20db,,eval,0.0005937251262366772
${DATA_ROOT}/clips/3767cd5739dd3a5a04d3.wav,spoof,hi-en,976811,mucs2021,xtts_v2,channel_g711_20db,,eval,0.0794740691781044
${DATA_ROOT}/clips/2d8ab052aa0bb5979a9d.wav,spoof,hi-en,111627,mucs2021,xtts_v2,channel_g711_20db,,eval,0.0003200183855369687
${DATA_ROOT}/clips/cdc0c2c55c4d52356e36.wav,spoof,hi-en,121073,mucs2021,xtts_v2,channel_g711_20db,,eval,0.020018108189105988
${DATA_ROOT}/clips/497089aa95db4c3cfc6f.wav,spoof,hi-en,136325,mucs2021,xtts_v2,channel_g711_20db,,eval,0.01897529885172844
${DATA_ROOT}/clips/fea82dd4fb7c04a0dace.wav,spoof,hi-en,146859,mucs2021,xtts_v2,channel_g711_20db,,eval,0.00022754052770324051
${DATA_ROOT}/clips/45703256663c32469bd7.wav,spoof,hi-en,165325,mucs2021,xtts_v2,channel_g711_20db,,eval,0.00529924500733614
${DATA_ROOT}/clips/8cd74da606fddb04350a.wav,spoof,hi-en,175522,mucs2021,xtts_v2,channel_g711_20db,,eval,0.003181464271619916
${DATA_ROOT}/clips/16fe31cff212fd613e99.wav,spoof,hi-en,232748,mucs2021,xtts_v2,channel_g711_20db,,eval,0.0014209090732038021
${DATA_ROOT}/clips/ae54510ebad2fa79d467.wav,spoof,hi-en,238121,mucs2021,xtts_v2,channel_g711_20db,,eval,0.0021149262320250273
${DATA_ROOT}/clips/7090f0907ec24d054dd9.wav,spoof,hi-en,386410,mucs2021,xtts_v2,channel_g711_20db,,eval,0.0010742135345935822
${DATA_ROOT}/clips/92779ba139cc63a8a124.wav,spoof,hi-en,541916,mucs2021,xtts_v2,channel_g711_20db,,eval,0.00023621214495506138
${DATA_ROOT}/clips/3b2c88144b917757fd73.wav,spoof,hi-en,577537,mucs2021,xtts_v2,channel_g711_20db,,eval,0.003178457962349057
${DATA_ROOT}/clips/d15fafc736921693be55.wav,spoof,hi-en,581145,mucs2021,xtts_v2,channel_g711_20db,,eval,0.001597035676240921
${DATA_ROOT}/clips/e1732c5fc0911d33beae.wav,spoof,hi-en,596505,mucs2021,xtts_v2,channel_g711_20db,,eval,0.00029259128496050835
${DATA_ROOT}/clips/62541f9f4b4dad634145.wav,spoof,hi-en,945728,mucs2021,xtts_v2,channel_g711_20db,,eval,0.0015237175393849611
${DATA_ROOT}/clips/8c3bb9ee0613800b6a76.wav,spoof,hi-en,976811,mucs2021,xtts_v2,channel_g711_20db,,eval,0.9875909090042114
${DATA_ROOT}/clips/4d3821ca55f2a8ff06a6.wav,spoof,hi-en,111627,mucs2021,xtts_v2,channel_g711_20db,,eval,0.001486072433181107
${DATA_ROOT}/clips/5bc1fce1128b4d7ac857.wav,spoof,hi-en,121073,mucs2021,xtts_v2,channel_g711_20db,,eval,0.0009236729820258915
${DATA_ROOT}/clips/016377754a6bae9b6e91.wav,spoof,hi-en,136325,mucs2021,xtts_v2,channel_g711_20db,,eval,0.3687954545021057
${DATA_ROOT}/clips/f3bdaeb4570db5db0c2d.wav,spoof,hi-en,146859,mucs2021,xtts_v2,channel_g711_20db,,eval,0.005845985375344753
${DATA_ROOT}/clips/eed4c0cbf903565cacb1.wav,spoof,hi-en,165325,mucs2021,xtts_v2,channel_g711_20db,,eval,0.013304825872182846
${DATA_ROOT}/clips/59f86e8a6ad18721b5d4.wav,spoof,hi-en,175522,mucs2021,xtts_v2,channel_g711_20db,,eval,0.0002363306557526812
${DATA_ROOT}/clips/326815a1d6f4f26619ae.wav,spoof,hi-en,232748,mucs2021,xtts_v2,channel_g711_20db,,eval,0.005986370611935854
${DATA_ROOT}/clips/457aa228bfbd9da224c2.wav,spoof,hi-en,238121,mucs2021,xtts_v2,channel_g711_20db,,eval,0.00023047332069836557
${DATA_ROOT}/clips/e836948ec252c039be00.wav,spoof,hi-en,386410,mucs2021,xtts_v2,channel_g711_20db,,eval,0.0022423388436436653
${DATA_ROOT}/clips/a7a6d411387b65c72b0a.wav,spoof,hi-en,541916,mucs2021,xtts_v2,channel_g711_20db,,eval,0.0056260088458657265
${DATA_ROOT}/clips/539d8910f90eb90e83fc.wav,spoof,hi-en,577537,mucs2021,xtts_v2,channel_g711_20db,,eval,0.0025660917162895203
${DATA_ROOT}/clips/c2a5bc37197b853fedcb.wav,spoof,hi-en,581145,mucs2021,xtts_v2,channel_g711_20db,,eval,0.0009573204442858696
${DATA_ROOT}/clips/c0105841e1edbd656ed7.wav,spoof,hi-en,596505,mucs2021,xtts_v2,channel_g711_20db,,eval,0.014197071082890034
${DATA_ROOT}/clips/375ae6d5bab702fd1cdd.wav,spoof,hi-en,945728,mucs2021,xtts_v2,channel_g711_20db,,eval,0.0002556620165705681
${DATA_ROOT}/clips/ef0f018d77b6c8fe941b.wav,spoof,hi-en,976811,mucs2021,xtts_v2,channel_g711_20db,,eval,0.993739128112793
${DATA_ROOT}/clips/50d4e8ee30a0fd32a2db.wav,spoof,hi-en,111627,mucs2021,xtts_v2,channel_g711_20db,,eval,0.0004185460275039077
${DATA_ROOT}/clips/b5191f05695bb885f324.wav,spoof,hi-en,121073,mucs2021,xtts_v2,channel_g711_20db,,eval,0.013813048601150513
${DATA_ROOT}/clips/2db1516b3e90ee139cc0.wav,spoof,hi-en,136325,mucs2021,xtts_v2,channel_g711_20db,,eval,0.0007069503772072494
${DATA_ROOT}/clips/1601454da4fbadbe3909.wav,spoof,hi-en,146859,mucs2021,xtts_v2,channel_g711_20db,,eval,0.0004919806960970163
${DATA_ROOT}/clips/51071601128595ae75a4.wav,spoof,hi-en,165325,mucs2021,xtts_v2,channel_g711_20db,,eval,0.00031866817153058946
${DATA_ROOT}/clips/b25167bfeb0d58a88725.wav,spoof,hi-en,175522,mucs2021,xtts_v2,channel_g711_20db,,eval,0.006059534847736359
${DATA_ROOT}/clips/bd4cf3d6596503aac124.wav,spoof,hi-en,232748,mucs2021,xtts_v2,channel_g711_20db,,eval,0.016551757231354713
${DATA_ROOT}/clips/6dc19954844c70f07b9a.wav,spoof,hi-en,238121,mucs2021,xtts_v2,channel_g711_20db,,eval,0.0023233715910464525
${DATA_ROOT}/clips/f8a3d76fc6edbffdcd26.wav,spoof,hi-en,386410,mucs2021,xtts_v2,channel_g711_20db,,eval,0.0003066968347411603
${DATA_ROOT}/clips/ad2e9971245112e7d347.wav,spoof,hi-en,541916,mucs2021,xtts_v2,channel_g711_20db,,eval,0.0017855579499155283
${DATA_ROOT}/clips/28c72c39b6f971dfc371.wav,spoof,hi-en,577537,mucs2021,xtts_v2,channel_g711_20db,,eval,0.010917732492089272
${DATA_ROOT}/clips/80055c5091fcbff67ece.wav,spoof,hi-en,581145,mucs2021,xtts_v2,channel_g711_20db,,eval,0.001258931471966207
${DATA_ROOT}/clips/2ab393f0bab6747615fa.wav,spoof,hi-en,596505,mucs2021,xtts_v2,channel_g711_20db,,eval,0.02698655240237713
${DATA_ROOT}/clips/8801b1db243cb3d13df8.wav,spoof,hi-en,945728,mucs2021,xtts_v2,channel_g711_20db,,eval,0.0028260585386306047
${DATA_ROOT}/clips/5200190958aba8354590.wav,spoof,hi-en,976811,mucs2021,xtts_v2,channel_g711_20db,,eval,0.8805479407310486
${DATA_ROOT}/clips/51353eb793e0b65350e4.wav,spoof,hi-en,111627,mucs2021,xtts_v2,channel_g711_20db,,eval,0.00030980637529864907
${DATA_ROOT}/clips/3a53f0976838f78e9516.wav,spoof,hi-en,121073,mucs2021,xtts_v2,channel_g711_20db,,eval,0.0019321064464747906
${DATA_ROOT}/clips/d64c8b9fa2391095c471.wav,spoof,hi-en,136325,mucs2021,xtts_v2,channel_g711_20db,,eval,0.9891359806060791
${DATA_ROOT}/clips/3953bad95eaa36795243.wav,spoof,hi-en,146859,mucs2021,xtts_v2,channel_g711_20db,,eval,0.00027701439103111625
${DATA_ROOT}/clips/b8013df401553fc942d4.wav,spoof,hi-en,165325,mucs2021,xtts_v2,channel_g711_20db,,eval,0.00435128016397357
${DATA_ROOT}/clips/89bc9430455cbd2b2909.wav,spoof,hi-en,175522,mucs2021,xtts_v2,channel_g711_20db,,eval,0.0027977724093943834
${DATA_ROOT}/clips/06efb8559657c9166384.wav,spoof,hi-en,232748,mucs2021,xtts_v2,channel_g711_20db,,eval,0.0015651517314836383
${DATA_ROOT}/clips/048c2648d127f50a7747.wav,spoof,hi-en,238121,mucs2021,xtts_v2,channel_g711_20db,,eval,0.0004922703374177217
${DATA_ROOT}/clips/907bd317bb98a0514a01.wav,spoof,hi-en,386410,mucs2021,xtts_v2,channel_g711_20db,,eval,0.001200907165184617
${DATA_ROOT}/clips/1fd46ae37882fb6e6d63.wav,spoof,hi-en,541916,mucs2021,xtts_v2,channel_g711_20db,,eval,0.0002739874762482941
${DATA_ROOT}/clips/0dc88856f09e480b8e3a.wav,spoof,hi-en,577537,mucs2021,xtts_v2,channel_g711_20db,,eval,0.0012468536151573062
${DATA_ROOT}/clips/b626fcd8cc41b5a3b774.wav,spoof,hi-en,581145,mucs2021,xtts_v2,channel_g711_20db,,eval,0.0023949688766151667
${DATA_ROOT}/clips/810e5eaf23baeb4cf735.wav,spoof,hi-en,596505,mucs2021,xtts_v2,channel_g711_20db,,eval,0.0017674426781013608
${DATA_ROOT}/clips/dc557a802327ad0788e6.wav,spoof,hi-en,945728,mucs2021,xtts_v2,channel_g711_20db,,eval,0.0002161496231565252
${DATA_ROOT}/clips/fcb9031949f9b07454a0.wav,spoof,hi-en,976811,mucs2021,xtts_v2,channel_g711_20db,,eval,0.11178361624479294
${DATA_ROOT}/clips/b356e40cf9d8678fe418.wav,spoof,hi-en,111627,mucs2021,xtts_v2,channel_g711_20db,,eval,0.00022593943867832422
${DATA_ROOT}/clips/d2e095406383500748bb.wav,spoof,hi-en,121073,mucs2021,xtts_v2,channel_g711_20db,,eval,0.0016183593543246388
${DATA_ROOT}/clips/9de2a1f41e0f4264ba27.wav,spoof,hi-en,136325,mucs2021,xtts_v2,channel_g711_20db,,eval,0.01916596107184887
${DATA_ROOT}/clips/2cb8c1b11a8fe7530055.wav,spoof,hi-en,146859,mucs2021,xtts_v2,channel_g711_20db,,eval,0.0005337050533853471
${DATA_ROOT}/clips/3fb8ab7876ba333e4c4d.wav,spoof,hi-en,165325,mucs2021,xtts_v2,channel_g711_20db,,eval,0.02531128190457821
${DATA_ROOT}/clips/ddb10538485e10d31afd.wav,spoof,hi-en,175522,mucs2021,xtts_v2,channel_g711_20db,,eval,0.004576861392706633
${DATA_ROOT}/clips/575010d56d73603ec2d0.wav,spoof,hi-en,232748,mucs2021,xtts_v2,channel_g711_20db,,eval,0.0043502976186573505
${DATA_ROOT}/clips/23cbc22c31fee57293ab.wav,spoof,hi-en,238121,mucs2021,xtts_v2,channel_g711_20db,,eval,0.0018373022321611643
${DATA_ROOT}/clips/d5b78b07537c7f0260a3.wav,spoof,hi-en,386410,mucs2021,xtts_v2,channel_g711_20db,,eval,0.0006740732933394611
${DATA_ROOT}/clips/5383edb7ed4b116f3fb8.wav,spoof,hi-en,541916,mucs2021,xtts_v2,channel_g711_20db,,eval,0.00025174469919875264
${DATA_ROOT}/clips/4afd1b4462dc2c7af1ac.wav,spoof,hi-en,577537,mucs2021,xtts_v2,channel_g711_20db,,eval,0.0036197244189679623
${DATA_ROOT}/clips/7708dc3739f5892d7651.wav,spoof,hi-en,581145,mucs2021,xtts_v2,channel_g711_20db,,eval,0.0032346195075660944
${DATA_ROOT}/clips/32db315454a36bb58da7.wav,spoof,hi-en,596505,mucs2021,xtts_v2,channel_g711_20db,,eval,0.003049146616831422
${DATA_ROOT}/clips/4bcfad76a0a54442046a.wav,spoof,hi-en,945728,mucs2021,xtts_v2,channel_g711_20db,,eval,0.0003543751663528383
${DATA_ROOT}/clips/3ff19c141de936dea4d9.wav,spoof,hi-en,976811,mucs2021,xtts_v2,channel_g711_20db,,eval,0.9938212633132935
${DATA_ROOT}/clips/e364f67e8a9a75539b06.wav,spoof,hi-en,111627,mucs2021,xtts_v2,channel_g711_20db,,eval,0.001344045391306281
${DATA_ROOT}/clips/b1b23a05cf5fc0ba2e45.wav,spoof,hi-en,121073,mucs2021,xtts_v2,channel_g711_20db,,eval,0.0006079614395275712
${DATA_ROOT}/clips/6f3f50f32c5bfc408c24.wav,spoof,hi-en,136325,mucs2021,xtts_v2,channel_g711_20db,,eval,0.9866612553596497
${DATA_ROOT}/clips/bdceb23918fe48c0d5e9.wav,spoof,hi-en,146859,mucs2021,xtts_v2,channel_g711_20db,,eval,0.00041342212352901697
${DATA_ROOT}/clips/9bb4823e07a66f63de8a.wav,spoof,hi-en,165325,mucs2021,xtts_v2,channel_g711_20db,,eval,0.00038375615258701146
${DATA_ROOT}/clips/b42423eec13ce3c41e5f.wav,spoof,hi-en,175522,mucs2021,xtts_v2,channel_g711_20db,,eval,0.000965512590482831
${DATA_ROOT}/clips/b57021ce0e94552078a0.wav,spoof,hi-en,232748,mucs2021,xtts_v2,channel_g711_20db,,eval,0.004902231972664595
${DATA_ROOT}/clips/354907aee38ebd53a253.wav,spoof,hi-en,238121,mucs2021,xtts_v2,channel_g711_20db,,eval,0.0006982357590459287
${DATA_ROOT}/clips/61360d466ae7df715203.wav,spoof,hi-en,386410,mucs2021,xtts_v2,channel_g711_20db,,eval,0.0017332978313788772
${DATA_ROOT}/clips/0a3c67a5b214603be594.wav,spoof,hi-en,541916,mucs2021,xtts_v2,channel_g711_20db,,eval,0.00026291175163351
${DATA_ROOT}/clips/e8d54cc16c1926c20f16.wav,spoof,hi-en,577537,mucs2021,xtts_v2,channel_g711_20db,,eval,0.003668798366561532
${DATA_ROOT}/clips/bd4c17ea43180753ab6f.wav,spoof,hi-en,581145,mucs2021,xtts_v2,channel_g711_20db,,eval,0.002165247919037938
${DATA_ROOT}/clips/62efda640bd0cac7b18d.wav,spoof,hi-en,596505,mucs2021,xtts_v2,channel_g711_20db,,eval,0.001817092765122652
${DATA_ROOT}/clips/5402989cab9e0f889f09.wav,spoof,hi-en,945728,mucs2021,xtts_v2,channel_g711_20db,,eval,0.0002825831761583686
${DATA_ROOT}/clips/d95c15698177c7f36270.wav,spoof,hi-en,976811,mucs2021,xtts_v2,channel_g711_20db,,eval,0.8728131651878357
${DATA_ROOT}/clips/32b4265223084bd9cb51.wav,spoof,hi-en,111627,mucs2021,xtts_v2,channel_g711_20db,,eval,0.0004962665261700749
${DATA_ROOT}/clips/bd21fb1f887fbdc90bc6.wav,spoof,hi-en,121073,mucs2021,xtts_v2,channel_g711_20db,,eval,0.00042052328353747725
${DATA_ROOT}/clips/90a51afd277ca7c7a98f.wav,spoof,hi-en,136325,mucs2021,xtts_v2,channel_g711_20db,,eval,0.8824369311332703
${DATA_ROOT}/clips/428cd66489766c6e155d.wav,spoof,hi-en,146859,mucs2021,xtts_v2,channel_g711_20db,,eval,0.00026777066523209214
${DATA_ROOT}/clips/e0551d0bb59c6542dd64.wav,spoof,hi-en,165325,mucs2021,xtts_v2,channel_g711_20db,,eval,0.003441634587943554
${DATA_ROOT}/clips/7e5d33ed064ca15e3dd8.wav,spoof,hi-en,175522,mucs2021,xtts_v2,channel_g711_20db,,eval,0.006166013889014721
${DATA_ROOT}/clips/a2b9ea75975f44ae3d7f.wav,spoof,hi-en,232748,mucs2021,xtts_v2,channel_g711_20db,,eval,0.008645044639706612
${DATA_ROOT}/clips/252b2d6e680ece9382d3.wav,spoof,hi-en,238121,mucs2021,xtts_v2,channel_g711_20db,,eval,0.00036887527676299214
${DATA_ROOT}/clips/c9605dea7108f4b0ac09.wav,spoof,hi-en,386410,mucs2021,xtts_v2,channel_g711_20db,,eval,0.0010489207925274968
${DATA_ROOT}/clips/dfc990ccd7352be14879.wav,spoof,hi-en,541916,mucs2021,xtts_v2,channel_g711_20db,,eval,0.001176568679511547
${DATA_ROOT}/clips/6709f90fe0627f796fe1.wav,spoof,hi-en,577537,mucs2021,xtts_v2,channel_g711_20db,,eval,0.006276463158428669
${DATA_ROOT}/clips/48cfffc48b758965576f.wav,spoof,hi-en,581145,mucs2021,xtts_v2,channel_g711_20db,,eval,0.006810618098825216
${DATA_ROOT}/clips/cbf536fe2f50feb53963.wav,spoof,hi-en,596505,mucs2021,xtts_v2,channel_g711_20db,,eval,0.002163933590054512
${DATA_ROOT}/clips/f335593ec8d42dae249d.wav,spoof,hi-en,945728,mucs2021,xtts_v2,channel_g711_20db,,eval,0.0011693509295582771
${DATA_ROOT}/clips/38a0d2b9dc593e9dbd96.wav,spoof,hi-en,976811,mucs2021,xtts_v2,channel_g711_20db,,eval,0.8960642218589783
${DATA_ROOT}/clips/04715b1489e2ecf1a6e0.wav,spoof,hi-en,111627,mucs2021,xtts_v2,channel_g711_20db,,eval,0.00021377703524194658
${DATA_ROOT}/clips/620f4717d2bb8392238e.wav,spoof,hi-en,121073,mucs2021,xtts_v2,channel_g711_20db,,eval,0.0021340500097721815
${DATA_ROOT}/clips/b8e3526c5944137215a3.wav,spoof,hi-en,136325,mucs2021,xtts_v2,channel_g711_20db,,eval,0.9927364587783813
${DATA_ROOT}/clips/ac39c48a27cf40f496b8.wav,spoof,hi-en,146859,mucs2021,xtts_v2,channel_g711_20db,,eval,0.001672686543315649
${DATA_ROOT}/clips/8dc98683e1247590fc59.wav,spoof,hi-en,165325,mucs2021,xtts_v2,channel_g711_20db,,eval,0.0005250924150459468
${DATA_ROOT}/clips/7816a690cefd90d685e8.wav,spoof,hi-en,175522,mucs2021,xtts_v2,channel_g711_20db,,eval,0.0019206071738153696
${DATA_ROOT}/clips/670673997c8a08247a37.wav,spoof,hi-en,232748,mucs2021,xtts_v2,channel_g711_20db,,eval,0.0008013482438400388
${DATA_ROOT}/clips/37b9f371e25f028eed60.wav,spoof,hi-en,238121,mucs2021,xtts_v2,channel_g711_20db,,eval,0.00021987957006786019
${DATA_ROOT}/clips/4c25b7e3dd0daef1cdfb.wav,spoof,hi-en,386410,mucs2021,xtts_v2,channel_g711_20db,,eval,0.00032177995308302343
${DATA_ROOT}/clips/4cae89da33197c3931f7.wav,spoof,hi-en,541916,mucs2021,xtts_v2,channel_g711_20db,,eval,0.0006834554951637983
${DATA_ROOT}/clips/e0d72b1f283613ccd614.wav,spoof,hi-en,577537,mucs2021,xtts_v2,channel_g711_20db,,eval,0.002904239110648632
${DATA_ROOT}/clips/ec3b1f361c03db3a4a20.wav,spoof,hi-en,581145,mucs2021,xtts_v2,channel_g711_20db,,eval,0.011566584929823875
${DATA_ROOT}/clips/6ea5fddc06d84ade8cd1.wav,spoof,hi-en,596505,mucs2021,xtts_v2,channel_g711_20db,,eval,0.0012110272655263543
${DATA_ROOT}/clips/a6ab2129854a12b1d64e.wav,spoof,hi-en,945728,mucs2021,xtts_v2,channel_g711_20db,,eval,0.009985554963350296
${DATA_ROOT}/clips/ed3f1e9541420020c9d2.wav,spoof,hi-en,976811,mucs2021,xtts_v2,channel_g711_20db,,eval,0.9969080090522766
${DATA_ROOT}/clips/b438e9cf63d3f7ba9f53.wav,spoof,hi-en,111627,mucs2021,xtts_v2,channel_g711_20db,,eval,0.0007120088557712734
${DATA_ROOT}/clips/35d0d8b87b62a9394f75.wav,spoof,hi-en,121073,mucs2021,xtts_v2,channel_g711_20db,,eval,0.0002998641284648329
${DATA_ROOT}/clips/4cfc35354870187c63f5.wav,spoof,hi-en,136325,mucs2021,xtts_v2,channel_g711_20db,,eval,0.9824526309967041
${DATA_ROOT}/clips/63cc4c2955e0b1648c7e.wav,spoof,hi-en,146859,mucs2021,xtts_v2,channel_g711_20db,,eval,0.9865239858627319
${DATA_ROOT}/clips/0bfc1fcac24645004acd.wav,spoof,hi-en,165325,mucs2021,xtts_v2,channel_g711_20db,,eval,0.002692766487598419
${DATA_ROOT}/clips/1e24280195a570a8e4e0.wav,spoof,hi-en,175522,mucs2021,xtts_v2,channel_g711_20db,,eval,0.0010861378395929933
${DATA_ROOT}/clips/62ae3c0e4cd0cd52d672.wav,spoof,hi-en,232748,mucs2021,xtts_v2,channel_g711_20db,,eval,0.004007589537650347
${DATA_ROOT}/clips/a4ede82108eb807f92b9.wav,spoof,hi-en,238121,mucs2021,xtts_v2,channel_g711_20db,,eval,0.0004637663369067013
${DATA_ROOT}/clips/30f035249ad36bf82ab6.wav,spoof,hi-en,386410,mucs2021,xtts_v2,channel_g711_20db,,eval,0.0002634665579535067
${DATA_ROOT}/clips/cf8c8a68b369ae28c457.wav,spoof,hi-en,541916,mucs2021,xtts_v2,channel_g711_20db,,eval,0.34275633096694946
${DATA_ROOT}/clips/400b6494bef045d0ab7f.wav,spoof,hi-en,577537,mucs2021,xtts_v2,channel_g711_20db,,eval,0.0022615445777773857
${DATA_ROOT}/clips/b2c4000c7ac0ea446146.wav,spoof,hi-en,581145,mucs2021,xtts_v2,channel_g711_20db,,eval,0.0036879037506878376
${DATA_ROOT}/clips/61bea30991f03398913b.wav,spoof,hi-en,596505,mucs2021,xtts_v2,channel_g711_20db,,eval,0.0020813995506614447
${DATA_ROOT}/clips/cb074b9066286d88ea01.wav,spoof,hi-en,945728,mucs2021,xtts_v2,channel_g711_20db,,eval,0.00042202480835840106
${DATA_ROOT}/clips/8a5edca65e084649dbbb.wav,spoof,hi-en,976811,mucs2021,xtts_v2,channel_g711_20db,,eval,0.015853410586714745
${DATA_ROOT}/clips/44f0fcde724fa323ad7b.wav,spoof,hi-en,111627,mucs2021,xtts_v2,channel_g711_20db,,eval,0.006463312078267336
${DATA_ROOT}/clips/82095daf7146c9faf99f.wav,spoof,hi-en,121073,mucs2021,xtts_v2,channel_g711_20db,,eval,0.0016981378430500627
${DATA_ROOT}/clips/0b3dd83cc3afc9c3484a.wav,spoof,hi-en,136325,mucs2021,xtts_v2,channel_g711_20db,,eval,0.9770609736442566
${DATA_ROOT}/clips/58c292f4c0343d322a74.wav,spoof,hi-en,146859,mucs2021,xtts_v2,channel_g711_20db,,eval,0.0002331347350263968
${DATA_ROOT}/clips/709caa7ada8aac6534fe.wav,spoof,hi-en,165325,mucs2021,xtts_v2,channel_g711_20db,,eval,0.0012762673432007432
${DATA_ROOT}/clips/4faa4cadffcd34267eea.wav,spoof,hi-en,175522,mucs2021,xtts_v2,channel_g711_20db,,eval,0.0011782067595049739
${DATA_ROOT}/clips/db8d4f7e155c9cbafa9d.wav,spoof,hi-en,232748,mucs2021,xtts_v2,channel_g711_20db,,eval,0.003918108996003866
${DATA_ROOT}/clips/7c5733ca1d076bb3ea67.wav,spoof,hi-en,238121,mucs2021,xtts_v2,channel_g711_20db,,eval,0.0007414956344291568
${DATA_ROOT}/clips/032cd2f8b43dae9223be.wav,spoof,hi-en,386410,mucs2021,xtts_v2,channel_g711_20db,,eval,0.00023653486277908087
${DATA_ROOT}/clips/f3d20d6aa256635b3cb1.wav,spoof,hi-en,541916,mucs2021,xtts_v2,channel_g711_20db,,eval,0.00023930917086545378
${DATA_ROOT}/clips/ba1029b03937f4d3c783.wav,spoof,hi-en,577537,mucs2021,xtts_v2,channel_g711_20db,,eval,0.006811195053160191
${DATA_ROOT}/clips/f5997cf7441d5a6e7dd3.wav,spoof,hi-en,581145,mucs2021,xtts_v2,channel_g711_20db,,eval,0.0013902513310313225
${DATA_ROOT}/clips/13725c4ff0f2f8a70401.wav,spoof,hi-en,596505,mucs2021,xtts_v2,channel_g711_20db,,eval,0.00024285442486871034
${DATA_ROOT}/clips/63115000e6bbc6d1b40c.wav,spoof,hi-en,945728,mucs2021,xtts_v2,channel_g711_20db,,eval,0.001388623844832182
${DATA_ROOT}/clips/ede61677bb7a590350d1.wav,spoof,hi-en,976811,mucs2021,xtts_v2,channel_g711_20db,,eval,0.395987868309021
${DATA_ROOT}/clips/6c1748497b0c8370a7cd.wav,spoof,hi-en,111627,mucs2021,xtts_v2,channel_g711_20db,,eval,0.0011902217520400882
${DATA_ROOT}/clips/91c03641da3f6337f1b1.wav,spoof,hi-en,121073,mucs2021,xtts_v2,channel_g711_20db,,eval,0.0014945240691304207
${DATA_ROOT}/clips/3bbc4aba7a962a2782b0.wav,spoof,hi-en,136325,mucs2021,xtts_v2,channel_g711_20db,,eval,0.0006278962246142328
${DATA_ROOT}/clips/eaeb82a4c70127f1af80.wav,spoof,hi-en,146859,mucs2021,xtts_v2,channel_g711_20db,,eval,0.00024004821898415685
${DATA_ROOT}/clips/e37a88d3683dea8aa6b1.wav,spoof,hi-en,165325,mucs2021,xtts_v2,channel_g711_20db,,eval,0.0003063382755499333
${DATA_ROOT}/clips/060b6207bce20e4b6cc8.wav,spoof,hi-en,175522,mucs2021,xtts_v2,channel_g711_20db,,eval,0.0013801619643345475
${DATA_ROOT}/clips/b711b0e6e58f0ea38181.wav,spoof,hi-en,232748,mucs2021,xtts_v2,channel_g711_20db,,eval,0.0004983486724086106
${DATA_ROOT}/clips/870c499ba1cb1c476657.wav,spoof,hi-en,238121,mucs2021,xtts_v2,channel_g711_20db,,eval,0.0013870892580598593
${DATA_ROOT}/clips/326235c50852250905bf.wav,spoof,hi-en,386410,mucs2021,xtts_v2,channel_g711_20db,,eval,0.0018161433981731534
${DATA_ROOT}/clips/2a1dc2f14068f0208d11.wav,spoof,hi-en,541916,mucs2021,xtts_v2,channel_g711_20db,,eval,0.00024888914776965976
${DATA_ROOT}/clips/2f1d014a2a2c2ae54c49.wav,spoof,hi-en,577537,mucs2021,xtts_v2,channel_g711_20db,,eval,0.004192744847387075
${DATA_ROOT}/clips/d8d4d24e80866af722e3.wav,spoof,hi-en,581145,mucs2021,xtts_v2,channel_g711_20db,,eval,0.00385403074324131
${DATA_ROOT}/clips/505268f10545c556f93e.wav,spoof,hi-en,596505,mucs2021,xtts_v2,channel_g711_20db,,eval,0.0009497721330262721
${DATA_ROOT}/clips/be62d30c5526e837a48c.wav,spoof,hi-en,945728,mucs2021,xtts_v2,channel_g711_20db,,eval,0.007436093408614397
${DATA_ROOT}/clips/cf245d9149419193b60a.wav,spoof,hi-en,976811,mucs2021,xtts_v2,channel_g711_20db,,eval,0.19076071679592133
${DATA_ROOT}/clips/22a18e5678b24253e31a.wav,spoof,hi-en,111627,mucs2021,xtts_v2,channel_g711_20db,,eval,0.000219427834963426
${DATA_ROOT}/clips/b10d92bb5cde6f8424dd.wav,spoof,hi-en,121073,mucs2021,xtts_v2,channel_g711_20db,,eval,0.00026819141930900514
${DATA_ROOT}/clips/ca0698d79b196273020c.wav,spoof,hi-en,136325,mucs2021,xtts_v2,channel_g711_20db,,eval,0.4183236360549927
${DATA_ROOT}/clips/17e2db9f2e79df5b0396.wav,spoof,hi-en,146859,mucs2021,xtts_v2,channel_g711_20db,,eval,0.00026008550776168704
${DATA_ROOT}/clips/b2fbf610cd4803ecd975.wav,spoof,hi-en,165325,mucs2021,xtts_v2,channel_g711_20db,,eval,0.0013049714034423232
${DATA_ROOT}/clips/54cbb23489600b8364fe.wav,spoof,hi-en,175522,mucs2021,xtts_v2,channel_g711_20db,,eval,0.0016582412645220757
${DATA_ROOT}/clips/a2f188f3e27ccd98c84a.wav,spoof,hi-en,232748,mucs2021,xtts_v2,channel_g711_20db,,eval,0.0014660940505564213
${DATA_ROOT}/clips/718393eb9b67e4454009.wav,spoof,hi-en,238121,mucs2021,xtts_v2,channel_g711_20db,,eval,0.0002701369230635464
${DATA_ROOT}/clips/706a0430ace740d18daf.wav,spoof,hi-en,386410,mucs2021,xtts_v2,channel_g711_20db,,eval,0.0006861998699605465
${DATA_ROOT}/clips/f75cedf0016e842c2fa7.wav,spoof,hi-en,541916,mucs2021,xtts_v2,channel_g711_20db,,eval,0.0002714070724323392
${DATA_ROOT}/clips/ff634a98325a924f88b5.wav,spoof,hi-en,577537,mucs2021,xtts_v2,channel_g711_20db,,eval,0.0012340648099780083
${DATA_ROOT}/clips/082db21601a216217140.wav,spoof,hi-en,581145,mucs2021,xtts_v2,channel_g711_20db,,eval,0.00039271824061870575
${DATA_ROOT}/clips/d6ab78764468c4559faf.wav,spoof,hi-en,596505,mucs2021,xtts_v2,channel_g711_20db,,eval,0.0003353840147610754
${DATA_ROOT}/clips/7cd98b9673ee785fd202.wav,spoof,hi-en,945728,mucs2021,xtts_v2,channel_g711_20db,,eval,0.0019275840604677796
${DATA_ROOT}/clips/35010a3bfb246e9954a4.wav,spoof,hi-en,976811,mucs2021,xtts_v2,channel_g711_20db,,eval,0.9867657423019409
${DATA_ROOT}/clips/a97a194e36c4d3c4026e.wav,spoof,hi-en,111627,mucs2021,xtts_v2,channel_g711_20db,,eval,0.000698627030942589
${DATA_ROOT}/clips/fd5490701f0a940d0f8d.wav,spoof,hi-en,121073,mucs2021,xtts_v2,channel_g711_20db,,eval,0.000834361300803721
${DATA_ROOT}/clips/8f0565adf9646984752e.wav,spoof,hi-en,136325,mucs2021,xtts_v2,channel_g711_20db,,eval,0.0008408986032009125
${DATA_ROOT}/clips/b587de4eb4e9a552689c.wav,spoof,hi-en,146859,mucs2021,xtts_v2,channel_g711_20db,,eval,0.000271491939201951
${DATA_ROOT}/clips/8893d718b8144940faaf.wav,spoof,hi-en,165325,mucs2021,xtts_v2,channel_g711_20db,,eval,0.00031340544228442013
${DATA_ROOT}/clips/353c6615cc69d57f877c.wav,spoof,hi-en,175522,mucs2021,xtts_v2,channel_g711_20db,,eval,0.001319947768934071
${DATA_ROOT}/clips/965f5f3d9c905857f599.wav,spoof,hi-en,232748,mucs2021,xtts_v2,channel_g711_20db,,eval,0.0017505419673398137
${DATA_ROOT}/clips/c6c37a91d30408e3ac17.wav,spoof,hi-en,238121,mucs2021,xtts_v2,channel_g711_20db,,eval,0.0005216191057115793
${DATA_ROOT}/clips/bd8beeba5f9b48061db0.wav,spoof,hi-en,386410,mucs2021,xtts_v2,channel_g711_20db,,eval,0.00046994490548968315
${DATA_ROOT}/clips/1a679234a4cfed761011.wav,spoof,hi-en,541916,mucs2021,xtts_v2,channel_g711_20db,,eval,0.00023362695355899632
${DATA_ROOT}/clips/036fb8cb0012a48577de.wav,spoof,hi-en,577537,mucs2021,xtts_v2,channel_g711_20db,,eval,0.024963827803730965
${DATA_ROOT}/clips/bee21a8296e0d2b9580c.wav,spoof,hi-en,581145,mucs2021,xtts_v2,channel_g711_20db,,eval,0.005126120988279581
${DATA_ROOT}/clips/eb46ef15030e922690fc.wav,spoof,hi-en,596505,mucs2021,xtts_v2,channel_g711_20db,,eval,0.004496187437325716
${DATA_ROOT}/clips/83b9c97ada77d77b5d16.wav,spoof,hi-en,945728,mucs2021,xtts_v2,channel_g711_20db,,eval,0.000869727460667491
${DATA_ROOT}/clips/f195bad80ed3a74fe8a1.wav,spoof,hi-en,976811,mucs2021,xtts_v2,channel_g711_20db,,eval,0.9354915618896484
${DATA_ROOT}/clips/c35a9f3f908721fa38b8.wav,spoof,hi-en,111627,mucs2021,xtts_v2,channel_g711_20db,,eval,0.00021153614216018468
${DATA_ROOT}/clips/1e84dc857144e662bacf.wav,spoof,hi-en,121073,mucs2021,xtts_v2,channel_g711_20db,,eval,0.0019449078245088458
${DATA_ROOT}/clips/03c75cb86cecb6a76c4d.wav,spoof,hi-en,136325,mucs2021,xtts_v2,channel_g711_20db,,eval,0.7236984372138977
${DATA_ROOT}/clips/fc3b5b003aef82751939.wav,spoof,hi-en,146859,mucs2021,xtts_v2,channel_g711_20db,,eval,0.0002289878175361082
${DATA_ROOT}/clips/fa80fa241cd211abe36e.wav,spoof,hi-en,165325,mucs2021,xtts_v2,channel_g711_20db,,eval,0.0003816002863459289
${DATA_ROOT}/clips/ba0647e59eac17f86eca.wav,spoof,hi-en,175522,mucs2021,xtts_v2,channel_g711_20db,,eval,0.0017164504388347268
${DATA_ROOT}/clips/08ce178949cffcb5f725.wav,spoof,hi-en,232748,mucs2021,xtts_v2,channel_g711_20db,,eval,0.003111966885626316
${DATA_ROOT}/clips/b93c7f7bdd912a6f57d2.wav,spoof,hi-en,238121,mucs2021,xtts_v2,channel_g711_20db,,eval,0.0005143044400028884
${DATA_ROOT}/clips/c646a3c596fc278ef562.wav,spoof,hi-en,386410,mucs2021,xtts_v2,channel_g711_20db,,eval,0.0017337589524686337
${DATA_ROOT}/clips/c12f1b92eff050fdf659.wav,spoof,hi-en,541916,mucs2021,xtts_v2,channel_g711_20db,,eval,0.0008625009213574231
${DATA_ROOT}/clips/2c412e93609cbfda35a1.wav,spoof,hi-en,577537,mucs2021,xtts_v2,channel_g711_20db,,eval,0.007374532986432314
${DATA_ROOT}/clips/a9d6b367acae2f067260.wav,spoof,hi-en,581145,mucs2021,xtts_v2,channel_g711_20db,,eval,0.02191263996064663
${DATA_ROOT}/clips/e941454733763476f8c8.wav,spoof,hi-en,596505,mucs2021,xtts_v2,channel_g711_20db,,eval,0.002126226434484124
${DATA_ROOT}/clips/c53a4b651e18d5c1760b.wav,spoof,hi-en,945728,mucs2021,xtts_v2,channel_g711_20db,,eval,0.00022575209732167423
${DATA_ROOT}/clips/a29e77dcffcfdb98b078.wav,spoof,hi-en,976811,mucs2021,xtts_v2,channel_g711_20db,,eval,0.0008591170771978796
${DATA_ROOT}/clips/8131ff2e8972dfe8dfc9.wav,spoof,hi-en,111627,mucs2021,xtts_v2,channel_g711_20db,,eval,0.0009308808366768062
${DATA_ROOT}/clips/3ce368ec0333432997e3.wav,spoof,hi-en,121073,mucs2021,xtts_v2,channel_g711_20db,,eval,0.0022475540172308683
${DATA_ROOT}/clips/23b3373e251df5557862.wav,spoof,hi-en,136325,mucs2021,xtts_v2,channel_g711_20db,,eval,0.00027765269624069333
${DATA_ROOT}/clips/a689dc5177a3072b3050.wav,spoof,hi-en,146859,mucs2021,xtts_v2,channel_g711_20db,,eval,0.009135421365499496
${DATA_ROOT}/clips/a1a6e1270961d4ddcbab.wav,spoof,hi-en,165325,mucs2021,xtts_v2,channel_g711_20db,,eval,0.0002449300664011389
${DATA_ROOT}/clips/50f1a089391c49b3d35e.wav,spoof,hi-en,175522,mucs2021,xtts_v2,channel_g711_20db,,eval,0.0015297571662813425
${DATA_ROOT}/clips/7141fb50fd7b4715c44d.wav,spoof,hi-en,232748,mucs2021,xtts_v2,channel_g711_20db,,eval,0.0034734210930764675
${DATA_ROOT}/clips/fcc86e7a8c304dcfe2ef.wav,spoof,hi-en,238121,mucs2021,xtts_v2,channel_g711_20db,,eval,0.024149851873517036
${DATA_ROOT}/clips/49d6ce68d0f0cd9dcb1d.wav,spoof,hi-en,386410,mucs2021,xtts_v2,channel_g711_20db,,eval,0.00035038485657423735
${DATA_ROOT}/clips/7f1af51d6f5bed999133.wav,spoof,hi-en,541916,mucs2021,xtts_v2,channel_g711_20db,,eval,0.0005300255725160241
${DATA_ROOT}/clips/9248fa3605053d19e47c.wav,spoof,hi-en,577537,mucs2021,xtts_v2,channel_g711_20db,,eval,0.008717620745301247
${DATA_ROOT}/clips/f4f443ba6b585cffbc30.wav,spoof,hi-en,581145,mucs2021,xtts_v2,channel_g711_20db,,eval,0.0012218980118632317
${DATA_ROOT}/clips/ac4016bf5c3884456d95.wav,spoof,hi-en,596505,mucs2021,xtts_v2,channel_g711_20db,,eval,0.0005088243633508682
${DATA_ROOT}/clips/31f2cfd90f1e5c37648e.wav,spoof,hi-en,945728,mucs2021,xtts_v2,channel_g711_20db,,eval,0.0008405597181990743
${DATA_ROOT}/clips/9d172c10730f29a2d5a2.wav,spoof,hi-en,976811,mucs2021,xtts_v2,channel_g711_20db,,eval,0.9970705509185791
${DATA_ROOT}/clips/e89e957769e6bb8be744.wav,spoof,hi-en,111627,mucs2021,xtts_v2,channel_g711_20db,,eval,0.0002295347221661359
${DATA_ROOT}/clips/bb367743630c96f9aba6.wav,spoof,hi-en,121073,mucs2021,xtts_v2,channel_g711_20db,,eval,0.005111432634294033
${DATA_ROOT}/clips/63d84ec44f5aef129561.wav,spoof,hi-en,136325,mucs2021,xtts_v2,channel_g711_20db,,eval,0.9315341711044312
${DATA_ROOT}/clips/e0f50485a33a42c3e89e.wav,spoof,hi-en,146859,mucs2021,xtts_v2,channel_g711_20db,,eval,0.00023475858324673027
${DATA_ROOT}/clips/9d417d296d227bfe3886.wav,spoof,hi-en,165325,mucs2021,xtts_v2,channel_g711_20db,,eval,0.0003714814083650708
${DATA_ROOT}/clips/572241c1e4f5b2e136f0.wav,spoof,hi-en,175522,mucs2021,xtts_v2,channel_g711_20db,,eval,0.00038064527325332165
${DATA_ROOT}/clips/26535f19dd70c3128ddb.wav,spoof,hi-en,232748,mucs2021,xtts_v2,channel_g711_20db,,eval,0.008013983257114887
${DATA_ROOT}/clips/6da25a23df732ddd1bcd.wav,spoof,hi-en,238121,mucs2021,xtts_v2,channel_g711_20db,,eval,0.004581566900014877
${DATA_ROOT}/clips/028bd7e2b92978a10be4.wav,spoof,hi-en,386410,mucs2021,xtts_v2,channel_g711_20db,,eval,0.0006970356917008758
${DATA_ROOT}/clips/3ea4e8c394061510acbc.wav,spoof,hi-en,541916,mucs2021,xtts_v2,channel_g711_20db,,eval,0.00024239224148914218
${DATA_ROOT}/clips/5d9f871493af609ce4cb.wav,spoof,hi-en,577537,mucs2021,xtts_v2,channel_g711_20db,,eval,0.002257655141875148
${DATA_ROOT}/clips/5dadfd1a1eae247e2f9c.wav,spoof,hi-en,581145,mucs2021,xtts_v2,channel_g711_20db,,eval,0.000822991190943867
${DATA_ROOT}/clips/c624e436958e55502978.wav,spoof,hi-en,596505,mucs2021,xtts_v2,channel_g711_20db,,eval,0.0005460656830109656
${DATA_ROOT}/clips/45a48a27f55dcaf40da0.wav,spoof,hi-en,945728,mucs2021,xtts_v2,channel_g711_20db,,eval,0.0002769848215393722
${DATA_ROOT}/clips/7eb265435b83305640f3.wav,spoof,hi-en,976811,mucs2021,xtts_v2,channel_g711_20db,,eval,0.9292295575141907
${DATA_ROOT}/clips/cddc1809094b28bc380c.wav,spoof,hi-en,111627,mucs2021,xtts_v2,channel_g711_20db,,eval,0.00021870428463444114
${DATA_ROOT}/clips/261ec4f9cbd80f33be69.wav,spoof,hi-en,121073,mucs2021,xtts_v2,channel_g711_20db,,eval,0.0005590580985881388
${DATA_ROOT}/clips/31d9343ac6f44bb73332.wav,spoof,hi-en,136325,mucs2021,xtts_v2,channel_g711_20db,,eval,0.935863733291626
${DATA_ROOT}/clips/1f5f0ded301d6b44c752.wav,spoof,hi-en,146859,mucs2021,xtts_v2,channel_g711_20db,,eval,0.00028265267610549927
${DATA_ROOT}/clips/8c8a0c150af0e223ef41.wav,spoof,hi-en,165325,mucs2021,xtts_v2,channel_g711_20db,,eval,0.0004775540146511048
${DATA_ROOT}/clips/33098096a453d952192c.wav,spoof,hi-en,175522,mucs2021,xtts_v2,channel_g711_20db,,eval,0.002254636725410819
${DATA_ROOT}/clips/d7e09b70666b2c5152cf.wav,spoof,hi-en,232748,mucs2021,xtts_v2,channel_g711_20db,,eval,0.0011524672154337168
${DATA_ROOT}/clips/652989676945f4eae10b.wav,spoof,hi-en,238121,mucs2021,xtts_v2,channel_g711_20db,,eval,0.0009604658698663116
${DATA_ROOT}/clips/d71ce175dcda57cfa518.wav,spoof,hi-en,386410,mucs2021,xtts_v2,channel_g711_20db,,eval,0.0009031714289449155
${DATA_ROOT}/clips/5769a6f8842a73d49476.wav,spoof,hi-en,541916,mucs2021,xtts_v2,channel_g711_20db,,eval,0.00023423631500918418
${DATA_ROOT}/clips/25c9ae3afe4f6785d991.wav,spoof,hi-en,577537,mucs2021,xtts_v2,channel_g711_20db,,eval,0.003783878870308399
${DATA_ROOT}/clips/ba0b5613881dab243a1e.wav,spoof,hi-en,581145,mucs2021,xtts_v2,channel_g711_20db,,eval,0.00079248973634094
${DATA_ROOT}/clips/f03abf8950f5218e48cd.wav,spoof,hi-en,596505,mucs2021,xtts_v2,channel_g711_20db,,eval,0.009083050303161144
${DATA_ROOT}/clips/e8363c8d8f7ca22967c0.wav,spoof,hi-en,945728,mucs2021,xtts_v2,channel_g711_20db,,eval,0.005403926130384207
${DATA_ROOT}/clips/71a17ef68a0bd6303616.wav,spoof,hi-en,976811,mucs2021,xtts_v2,channel_g711_20db,,eval,0.997876763343811
${DATA_ROOT}/clips/c862cd72a7453d32ea95.wav,spoof,hi-en,111627,mucs2021,xtts_v2,channel_g711_20db,,eval,0.00021221814677119255
${DATA_ROOT}/clips/9f5abef526b0a3f57ddb.wav,spoof,hi-en,121073,mucs2021,xtts_v2,channel_g711_20db,,eval,0.0008791926666162908
${DATA_ROOT}/clips/eb04fa1487799f488c9f.wav,spoof,hi-en,136325,mucs2021,xtts_v2,channel_g711_20db,,eval,0.9969395399093628
${DATA_ROOT}/clips/37005ff62107ec7ae022.wav,spoof,hi-en,146859,mucs2021,xtts_v2,channel_g711_20db,,eval,0.9945975542068481
${DATA_ROOT}/clips/366cbb27aedb0d3362ff.wav,spoof,hi-en,165325,mucs2021,xtts_v2,channel_g711_20db,,eval,0.0006777236703783274
${DATA_ROOT}/clips/5840d5cba99f88633a1e.wav,spoof,hi-en,175522,mucs2021,xtts_v2,channel_g711_20db,,eval,0.00394735811278224
${DATA_ROOT}/clips/e8161386c55ebf54ef94.wav,spoof,hi-en,232748,mucs2021,xtts_v2,channel_g711_20db,,eval,0.008054764941334724
${DATA_ROOT}/clips/55eb895246ade94d6c4f.wav,spoof,hi-en,238121,mucs2021,xtts_v2,channel_g711_20db,,eval,0.004207512829452753
${DATA_ROOT}/clips/a42e73da55b6974cb158.wav,spoof,hi-en,386410,mucs2021,xtts_v2,channel_g711_20db,,eval,0.0002643026236910373
${DATA_ROOT}/clips/f011677b4a29df300467.wav,spoof,hi-en,541916,mucs2021,xtts_v2,channel_g711_20db,,eval,0.00026407415862195194
${DATA_ROOT}/clips/c5278b59b646de5ad503.wav,spoof,hi-en,577537,mucs2021,xtts_v2,channel_g711_20db,,eval,0.02673068642616272
${DATA_ROOT}/clips/d3e4adbd1f6c79eab429.wav,spoof,hi-en,581145,mucs2021,xtts_v2,channel_g711_20db,,eval,0.012396644800901413
${DATA_ROOT}/clips/6efd9a37d1452c4c663d.wav,spoof,hi-en,596505,mucs2021,xtts_v2,channel_g711_20db,,eval,0.0021026304457336664
${DATA_ROOT}/clips/d420ab9b8daba1bac7c7.wav,spoof,hi-en,945728,mucs2021,xtts_v2,channel_g711_20db,,eval,0.00047921750228852034
${DATA_ROOT}/clips/d9a027c735c641b8eee5.wav,spoof,hi-en,976811,mucs2021,xtts_v2,channel_g711_20db,,eval,0.42421087622642517
${DATA_ROOT}/clips/7ac7684f04a9124c37d3.wav,spoof,hi-en,111627,mucs2021,xtts_v2,channel_g711_20db,,eval,0.0002466424193698913
${DATA_ROOT}/clips/258d087644b2e4109b31.wav,spoof,hi-en,121073,mucs2021,xtts_v2,channel_g711_20db,,eval,0.002455770270898938
${DATA_ROOT}/clips/5b65aa1fe1b753e7dbb2.wav,spoof,hi-en,136325,mucs2021,xtts_v2,channel_g711_20db,,eval,0.9739640355110168
${DATA_ROOT}/clips/5f8f94387d761f24f559.wav,spoof,hi-en,146859,mucs2021,xtts_v2,channel_g711_20db,,eval,0.9644804000854492
${DATA_ROOT}/clips/a00ebcea0976e6e4f584.wav,spoof,hi-en,165325,mucs2021,xtts_v2,channel_g711_20db,,eval,0.0002467009471729398
${DATA_ROOT}/clips/b4dcabcc81537da351ec.wav,spoof,hi-en,175522,mucs2021,xtts_v2,channel_g711_20db,,eval,0.0012967877555638552
${DATA_ROOT}/clips/d84c800916b60d0edbd9.wav,spoof,hi-en,232748,mucs2021,xtts_v2,channel_g711_20db,,eval,0.0034656806383281946
${DATA_ROOT}/clips/55a3787881b162eb7b96.wav,spoof,hi-en,238121,mucs2021,xtts_v2,channel_g711_20db,,eval,0.0019885331857949495
${DATA_ROOT}/clips/9a5539f89df2789bb9a7.wav,spoof,hi-en,386410,mucs2021,xtts_v2,channel_g711_20db,,eval,0.00046233448665589094
${DATA_ROOT}/clips/887eb1bfb62debec89cc.wav,spoof,hi-en,541916,mucs2021,xtts_v2,channel_g711_20db,,eval,0.0009624033118598163
${DATA_ROOT}/clips/8330d4b5b8b7ab7f8843.wav,spoof,hi-en,577537,mucs2021,xtts_v2,channel_g711_20db,,eval,0.0003743335837498307
${DATA_ROOT}/clips/433b7f524422d46125e6.wav,spoof,hi-en,581145,mucs2021,xtts_v2,channel_g711_20db,,eval,0.006746120750904083
${DATA_ROOT}/clips/4a449f50ff3d91921a37.wav,spoof,hi-en,596505,mucs2021,xtts_v2,channel_g711_20db,,eval,0.004224629141390324
${DATA_ROOT}/clips/cdc0142f33c6a7f3a8a5.wav,spoof,hi-en,945728,mucs2021,xtts_v2,channel_g711_20db,,eval,0.0012298099463805556
${DATA_ROOT}/clips/114e859230f50ccb073f.wav,spoof,hi-en,976811,mucs2021,xtts_v2,channel_g711_20db,,eval,0.9983994364738464
${DATA_ROOT}/clips/8b0fda7e2c4ac0f102d0.wav,spoof,hi-en,111627,mucs2021,xtts_v2,channel_g711_20db,,eval,0.000420574564486742
${DATA_ROOT}/clips/d8a663df4f36654d366e.wav,spoof,hi-en,121073,mucs2021,xtts_v2,channel_g711_20db,,eval,0.00033739014179445803
${DATA_ROOT}/clips/8bafd9d5751fe998857b.wav,spoof,hi-en,136325,mucs2021,xtts_v2,channel_g711_20db,,eval,0.933205246925354
${DATA_ROOT}/clips/1a2735129980bd813d5a.wav,spoof,hi-en,146859,mucs2021,xtts_v2,channel_g711_20db,,eval,0.00022427176008932292
${DATA_ROOT}/clips/a0557b807e8c5e55e5f8.wav,spoof,hi-en,165325,mucs2021,xtts_v2,channel_g711_20db,,eval,0.6237179040908813
${DATA_ROOT}/clips/0b703402d5f8de23dd91.wav,spoof,hi-en,175522,mucs2021,xtts_v2,channel_g711_20db,,eval,0.016035616397857666
${DATA_ROOT}/clips/d9f2051141dc71515e34.wav,spoof,hi-en,232748,mucs2021,xtts_v2,channel_g711_20db,,eval,0.002900628838688135
${DATA_ROOT}/clips/564d2fcdf75e2965601b.wav,spoof,hi-en,238121,mucs2021,xtts_v2,channel_g711_20db,,eval,0.0008640686864964664
${DATA_ROOT}/clips/1310e4eb9cd3a0dd1432.wav,spoof,hi-en,386410,mucs2021,xtts_v2,channel_g711_20db,,eval,0.0006711019668728113
${DATA_ROOT}/clips/4e7a3d506d683c553f9d.wav,spoof,hi-en,541916,mucs2021,xtts_v2,channel_g711_20db,,eval,0.0002532051003072411
${DATA_ROOT}/clips/0e6ad44bdbd9b6692a22.wav,spoof,hi-en,577537,mucs2021,xtts_v2,channel_g711_20db,,eval,0.0005759909981861711
${DATA_ROOT}/clips/d0126031da4e6aa1be66.wav,spoof,hi-en,581145,mucs2021,xtts_v2,channel_g711_20db,,eval,0.3924124836921692
${DATA_ROOT}/clips/c456a870b5077e622b9b.wav,spoof,hi-en,596505,mucs2021,xtts_v2,channel_g711_20db,,eval,0.002214405918493867
${DATA_ROOT}/clips/839faec2830293bada16.wav,spoof,hi-en,945728,mucs2021,xtts_v2,channel_g711_20db,,eval,0.0022520904894918203
${DATA_ROOT}/clips/7b3f40d9b30d8a378020.wav,spoof,hi-en,976811,mucs2021,xtts_v2,channel_g711_20db,,eval,0.08897431194782257
${DATA_ROOT}/clips/e71442204bfa267b683c.wav,spoof,hi-en,111627,mucs2021,xtts_v2,channel_g711_20db,,eval,0.0003501350583974272
${DATA_ROOT}/clips/0bbf0d0c194c735faf1f.wav,spoof,hi-en,121073,mucs2021,xtts_v2,channel_g711_20db,,eval,0.0007461822242476046
${DATA_ROOT}/clips/2b27168a62f7e68c13b4.wav,spoof,hi-en,136325,mucs2021,xtts_v2,channel_g711_20db,,eval,0.0007971813902258873
${DATA_ROOT}/clips/efa16c6785e227e7b792.wav,spoof,hi-en,146859,mucs2021,xtts_v2,channel_g711_20db,,eval,0.13443192839622498
${DATA_ROOT}/clips/4293fd5587e9db5f06d4.wav,spoof,hi-en,165325,mucs2021,xtts_v2,channel_g711_20db,,eval,0.018502747640013695
${DATA_ROOT}/clips/452f07925382da022929.wav,spoof,hi-en,175522,mucs2021,xtts_v2,channel_g711_20db,,eval,0.0011679772287607193
${DATA_ROOT}/clips/a933ed99ccb9facd5ec6.wav,spoof,hi-en,232748,mucs2021,xtts_v2,channel_g711_20db,,eval,0.007204599212855101
${DATA_ROOT}/clips/82779e31df71ff8d8059.wav,spoof,hi-en,238121,mucs2021,xtts_v2,channel_g711_20db,,eval,0.0016727200709283352
${DATA_ROOT}/clips/46e24c7e31454faf8e93.wav,spoof,hi-en,386410,mucs2021,xtts_v2,channel_g711_20db,,eval,0.0008561462163925171
${DATA_ROOT}/clips/e897bb3b4658e3a9ac90.wav,spoof,hi-en,541916,mucs2021,xtts_v2,channel_g711_20db,,eval,0.047272901982069016
${DATA_ROOT}/clips/ff10122f27ef1e158c57.wav,spoof,hi-en,577537,mucs2021,xtts_v2,channel_g711_20db,,eval,0.0013215302024036646
${DATA_ROOT}/clips/9d5108f497f4dcc80c69.wav,spoof,hi-en,581145,mucs2021,xtts_v2,channel_g711_20db,,eval,0.009517930448055267
${DATA_ROOT}/clips/f7bd3346f9fb86015809.wav,spoof,hi-en,596505,mucs2021,xtts_v2,channel_g711_20db,,eval,0.004828085657209158
${DATA_ROOT}/clips/00c54a4572fc75ac8644.wav,spoof,hi-en,945728,mucs2021,xtts_v2,channel_g711_20db,,eval,0.0006089049275033176
${DATA_ROOT}/clips/4b56694498b549b6f450.wav,spoof,hi-en,976811,mucs2021,xtts_v2,channel_g711_20db,,eval,0.0007926920661702752
${DATA_ROOT}/clips/fe52d5a5d864ca18c45c.wav,spoof,hi-en,111627,mucs2021,xtts_v2,channel_g711_20db,,eval,0.00046867734636180103
${DATA_ROOT}/clips/4a4d5187e6fff1fdf482.wav,spoof,hi-en,121073,mucs2021,xtts_v2,channel_g711_20db,,eval,0.001218124176375568
${DATA_ROOT}/clips/b8b0250399770e86d71f.wav,spoof,hi-en,136325,mucs2021,xtts_v2,channel_g711_20db,,eval,0.29465004801750183
${DATA_ROOT}/clips/ba06d12c553f69591949.wav,spoof,hi-en,146859,mucs2021,xtts_v2,channel_g711_20db,,eval,0.00041563520790077746
${DATA_ROOT}/clips/e03daf756667de09c9e8.wav,spoof,hi-en,165325,mucs2021,xtts_v2,channel_g711_20db,,eval,0.00034108362160623074
${DATA_ROOT}/clips/4484d54e6ea8566bcd48.wav,spoof,hi-en,175522,mucs2021,xtts_v2,channel_g711_20db,,eval,0.0010753757087513804
${DATA_ROOT}/clips/ef968cbe66cd43f57ab7.wav,spoof,hi-en,232748,mucs2021,xtts_v2,channel_g711_20db,,eval,0.020803403109312057
${DATA_ROOT}/clips/4a348a0a68ec913682a4.wav,spoof,hi-en,238121,mucs2021,xtts_v2,channel_g711_20db,,eval,0.0004593254125211388
${DATA_ROOT}/clips/c3064bdf36a52831b107.wav,spoof,hi-en,386410,mucs2021,xtts_v2,channel_g711_20db,,eval,0.005488985683768988
${DATA_ROOT}/clips/f598a5f20ac97e0de078.wav,spoof,hi-en,541916,mucs2021,xtts_v2,channel_g711_20db,,eval,0.00026519515085965395
${DATA_ROOT}/clips/42e308db1659e27d577c.wav,spoof,hi-en,577537,mucs2021,xtts_v2,channel_g711_20db,,eval,0.029064057394862175
${DATA_ROOT}/clips/49371c32dbc8a3c4be26.wav,spoof,hi-en,581145,mucs2021,xtts_v2,channel_g711_20db,,eval,0.003934377338737249
${DATA_ROOT}/clips/1942c8844f3846d0ced5.wav,spoof,hi-en,596505,mucs2021,xtts_v2,channel_g711_20db,,eval,0.005498720798641443
${DATA_ROOT}/clips/cfb9bb65264cb5b2821b.wav,spoof,hi-en,945728,mucs2021,xtts_v2,channel_g711_20db,,eval,0.0007553379982709885
${DATA_ROOT}/clips/a104ef08d43743fa7ea0.wav,spoof,hi-en,976811,mucs2021,xtts_v2,channel_g711_20db,,eval,0.9807611703872681
${DATA_ROOT}/clips/c84706a595e0b2c79fe6.wav,spoof,hi-en,111627,mucs2021,xtts_v2,channel_g711_20db,,eval,0.0007119484362192452
${DATA_ROOT}/clips/18c246ca7ede110decbd.wav,spoof,hi-en,121073,mucs2021,xtts_v2,channel_g711_20db,,eval,0.0002853484184015542
${DATA_ROOT}/clips/c655fc3e02db9c34e991.wav,spoof,hi-en,136325,mucs2021,xtts_v2,channel_g711_20db,,eval,0.9930207133293152
${DATA_ROOT}/clips/592d4dc814914bdb469c.wav,spoof,hi-en,146859,mucs2021,xtts_v2,channel_g711_20db,,eval,0.0002144213067367673
${DATA_ROOT}/clips/4f0ffe79ca6e82a9f2f0.wav,spoof,hi-en,165325,mucs2021,xtts_v2,channel_g711_20db,,eval,0.00033639493631199
${DATA_ROOT}/clips/7c1f09107e9909770df6.wav,spoof,hi-en,175522,mucs2021,xtts_v2,channel_g711_20db,,eval,0.009982675313949585
${DATA_ROOT}/clips/39307383b220391584ab.wav,spoof,hi-en,232748,mucs2021,xtts_v2,channel_g711_20db,,eval,0.0011744815856218338
${DATA_ROOT}/clips/c558383e7533a2aa4c5f.wav,spoof,hi-en,238121,mucs2021,xtts_v2,channel_g711_20db,,eval,0.0003287923464085907
${DATA_ROOT}/clips/6d534bb0e2e1e4bd96ad.wav,spoof,hi-en,386410,mucs2021,xtts_v2,channel_g711_20db,,eval,0.000255864899372682
${DATA_ROOT}/clips/e979c76d50c1e8802476.wav,spoof,hi-en,541916,mucs2021,xtts_v2,channel_g711_20db,,eval,0.0002457168884575367
${DATA_ROOT}/clips/687ad68a2ea6e88571f9.wav,spoof,hi-en,577537,mucs2021,xtts_v2,channel_g711_20db,,eval,0.003808280685916543
${DATA_ROOT}/clips/c974a0545b0fc1d5c5a3.wav,spoof,hi-en,581145,mucs2021,xtts_v2,channel_g711_20db,,eval,0.002106793923303485
${DATA_ROOT}/clips/2647513c24b5ccca709e.wav,spoof,hi-en,596505,mucs2021,xtts_v2,channel_g711_20db,,eval,0.0003599802148528397
${DATA_ROOT}/clips/98318a3f9d3429d13b3d.wav,spoof,hi-en,945728,mucs2021,xtts_v2,channel_g711_20db,,eval,0.006489739287644625
${DATA_ROOT}/clips/01ab51207bc531ebed2a.wav,spoof,hi-en,976811,mucs2021,xtts_v2,channel_g711_20db,,eval,0.9952750205993652
${DATA_ROOT}/clips/02d4877366247713e991.wav,spoof,hi-en,111627,mucs2021,xtts_v2,channel_g711_20db,,eval,0.00022580826771445572
${DATA_ROOT}/clips/d6e347eb07b63ebcc564.wav,spoof,hi-en,121073,mucs2021,xtts_v2,channel_g711_20db,,eval,0.007614112459123135
${DATA_ROOT}/clips/5564b11bbfebe46369ee.wav,spoof,hi-en,136325,mucs2021,xtts_v2,channel_g711_20db,,eval,0.5927646160125732
${DATA_ROOT}/clips/e45eefb1b9f2ed4ece3f.wav,spoof,hi-en,146859,mucs2021,xtts_v2,channel_g711_20db,,eval,0.0003236955963075161
${DATA_ROOT}/clips/88784ea87f9751b2aebd.wav,spoof,hi-en,165325,mucs2021,xtts_v2,channel_g711_20db,,eval,0.00041508005233481526
${DATA_ROOT}/clips/049eafd716f865977370.wav,spoof,hi-en,175522,mucs2021,xtts_v2,channel_g711_20db,,eval,0.003575732931494713
${DATA_ROOT}/clips/c905bd14ac5277bb72f0.wav,spoof,hi-en,232748,mucs2021,xtts_v2,channel_g711_20db,,eval,0.0018176429439336061
${DATA_ROOT}/clips/56d1d0d45050321af1e7.wav,spoof,hi-en,238121,mucs2021,xtts_v2,channel_g711_20db,,eval,0.0036921193823218346
${DATA_ROOT}/clips/c6f97d9b67d6997b10d0.wav,spoof,hi-en,386410,mucs2021,xtts_v2,channel_g711_20db,,eval,0.0015609917463734746
${DATA_ROOT}/clips/04fb27cd758b779fa488.wav,spoof,hi-en,541916,mucs2021,xtts_v2,channel_g711_20db,,eval,0.00027735583717003465
${DATA_ROOT}/clips/23c71a31bfb3af880e47.wav,spoof,hi-en,577537,mucs2021,xtts_v2,channel_g711_20db,,eval,0.0007088882848620415
${DATA_ROOT}/clips/994bae4ff5328806309b.wav,spoof,hi-en,581145,mucs2021,xtts_v2,channel_g711_20db,,eval,0.19867736101150513
${DATA_ROOT}/clips/0d1ffd18ca787f0ed17b.wav,spoof,hi-en,596505,mucs2021,xtts_v2,channel_g711_20db,,eval,0.0009520820458419621
${DATA_ROOT}/clips/82bed32cad50429b8935.wav,spoof,hi-en,945728,mucs2021,xtts_v2,channel_g711_20db,,eval,0.0015065292827785015
${DATA_ROOT}/clips/6bf801aee4bb501413f2.wav,spoof,hi-en,976811,mucs2021,xtts_v2,channel_g711_20db,,eval,0.9928056597709656
${DATA_ROOT}/clips/2372d5d97f087a410355.wav,spoof,hi-en,111627,mucs2021,xtts_v2,channel_g711_20db,,eval,0.00033861547126434743
${DATA_ROOT}/clips/749e96ea8be2b29ae283.wav,spoof,hi-en,121073,mucs2021,xtts_v2,channel_g711_20db,,eval,0.00032397161703556776
${DATA_ROOT}/clips/dea2884339f454b92caf.wav,spoof,hi-en,136325,mucs2021,xtts_v2,channel_g711_20db,,eval,0.00022277014795690775
${DATA_ROOT}/clips/a83efab470f80e0371bf.wav,spoof,hi-en,146859,mucs2021,xtts_v2,channel_g711_20db,,eval,0.00022616896603722125
${DATA_ROOT}/clips/a66939cb136d4bec9783.wav,spoof,hi-en,165325,mucs2021,xtts_v2,channel_g711_20db,,eval,0.00023341941414400935
${DATA_ROOT}/clips/2fa82ea022c3293bb6b9.wav,spoof,hi-en,175522,mucs2021,xtts_v2,channel_g711_20db,,eval,0.001515823882073164
${DATA_ROOT}/clips/2a74f46c8c104f3db24f.wav,spoof,hi-en,232748,mucs2021,xtts_v2,channel_g711_20db,,eval,0.00033291452564299107
${DATA_ROOT}/clips/57fc9d7d11971f185b57.wav,spoof,hi-en,238121,mucs2021,xtts_v2,channel_g711_20db,,eval,0.00036856959923170507
${DATA_ROOT}/clips/8297b0d3d937bdb06009.wav,spoof,hi-en,386410,mucs2021,xtts_v2,channel_g711_20db,,eval,0.00056519138161093
${DATA_ROOT}/clips/f3d47bf952ae1a3bfa4d.wav,spoof,hi-en,541916,mucs2021,xtts_v2,channel_g711_20db,,eval,0.0006833135266788304
${DATA_ROOT}/clips/8719e9a1909132559797.wav,spoof,hi-en,577537,mucs2021,xtts_v2,channel_g711_20db,,eval,0.008335085585713387
${DATA_ROOT}/clips/7b8f3383b36222001f6c.wav,spoof,hi-en,581145,mucs2021,xtts_v2,channel_g711_20db,,eval,0.001699827378615737
${DATA_ROOT}/clips/a0692278dc061a26c28c.wav,spoof,hi-en,596505,mucs2021,xtts_v2,channel_g711_20db,,eval,0.003057008609175682
${DATA_ROOT}/clips/8834a2c5bfd1f7918a62.wav,spoof,hi-en,945728,mucs2021,xtts_v2,channel_g711_20db,,eval,0.00030671816784888506
${DATA_ROOT}/clips/40181895cec778f5e2fd.wav,spoof,hi-en,976811,mucs2021,xtts_v2,channel_g711_20db,,eval,0.009673340246081352
${DATA_ROOT}/clips/48235bce4d9a838da0c0.wav,spoof,hi-en,111627,mucs2021,xtts_v2,channel_g711_20db,,eval,0.00047503149835392833
${DATA_ROOT}/clips/51d8a288629db5e721d3.wav,spoof,hi-en,121073,mucs2021,xtts_v2,channel_g711_20db,,eval,0.0006005202885717154
${DATA_ROOT}/clips/c2203df14b4e86162934.wav,spoof,hi-en,136325,mucs2021,xtts_v2,channel_g711_20db,,eval,0.996691107749939
${DATA_ROOT}/clips/0d8e4b0706680d1df66f.wav,spoof,hi-en,146859,mucs2021,xtts_v2,channel_g711_20db,,eval,0.03507186472415924
${DATA_ROOT}/clips/d55d8893098a91f14057.wav,spoof,hi-en,165325,mucs2021,xtts_v2,channel_g711_20db,,eval,0.00035132907214574516
${DATA_ROOT}/clips/6585a3da7691ed1e0804.wav,spoof,hi-en,175522,mucs2021,xtts_v2,channel_g711_20db,,eval,0.0010691842762753367
${DATA_ROOT}/clips/7acde6cb34b5f3b1fbf8.wav,spoof,hi-en,232748,mucs2021,xtts_v2,channel_g711_20db,,eval,0.005872783251106739
${DATA_ROOT}/clips/9477739a0920c1db25bf.wav,spoof,hi-en,238121,mucs2021,xtts_v2,channel_g711_20db,,eval,0.009855341166257858
${DATA_ROOT}/clips/e2f6adcb8c3f59b0a057.wav,spoof,hi-en,386410,mucs2021,xtts_v2,channel_g711_20db,,eval,0.0002860418753698468
${DATA_ROOT}/clips/2fef42e06d34f665c64f.wav,spoof,hi-en,541916,mucs2021,xtts_v2,channel_g711_20db,,eval,0.000902059837244451
${DATA_ROOT}/clips/c4187394596635aa5bb4.wav,spoof,hi-en,577537,mucs2021,xtts_v2,channel_g711_20db,,eval,0.0014219729928299785
${DATA_ROOT}/clips/2ada96412370887bb77f.wav,spoof,hi-en,581145,mucs2021,xtts_v2,channel_g711_20db,,eval,0.1053866595029831
${DATA_ROOT}/clips/d50c9a113965438e487c.wav,spoof,hi-en,596505,mucs2021,xtts_v2,channel_g711_20db,,eval,0.003215706441551447
${DATA_ROOT}/clips/a71d1761f17415a090a4.wav,spoof,hi-en,945728,mucs2021,xtts_v2,channel_g711_20db,,eval,0.0010169516317546368
${DATA_ROOT}/clips/db0df4baa65fbfe7c991.wav,spoof,hi-en,976811,mucs2021,xtts_v2,channel_g711_20db,,eval,0.41704991459846497
${DATA_ROOT}/clips/274b136a0488b8ac22db.wav,spoof,hi-en,111627,mucs2021,xtts_v2,channel_g711_20db,,eval,0.00035041989758610725
${DATA_ROOT}/clips/21c4eaa29f8f66924619.wav,spoof,hi-en,121073,mucs2021,xtts_v2,channel_g711_20db,,eval,0.00044963910477235913
${DATA_ROOT}/clips/911fcaf0eab523f61bbc.wav,spoof,hi-en,136325,mucs2021,xtts_v2,channel_g711_20db,,eval,0.9262322187423706
${DATA_ROOT}/clips/500e27a72496b6800a59.wav,spoof,hi-en,146859,mucs2021,xtts_v2,channel_g711_20db,,eval,0.0002657550503499806
${DATA_ROOT}/clips/2a0fa92e8f44dd6b8c9a.wav,spoof,hi-en,165325,mucs2021,xtts_v2,channel_g711_20db,,eval,0.00031612784368917346
${DATA_ROOT}/clips/67b92017662f46bbcc44.wav,spoof,hi-en,175522,mucs2021,xtts_v2,channel_g711_20db,,eval,0.0012758359080180526
${DATA_ROOT}/clips/587c32156fec049a51a5.wav,spoof,hi-en,232748,mucs2021,xtts_v2,channel_g711_20db,,eval,0.0022663117852061987
${DATA_ROOT}/clips/15f966be89c4b9d7b33e.wav,spoof,hi-en,238121,mucs2021,xtts_v2,channel_g711_20db,,eval,0.0011367459082975984
${DATA_ROOT}/clips/04afea968a4a28c6dc5e.wav,spoof,hi-en,386410,mucs2021,xtts_v2,channel_g711_20db,,eval,0.00047035590978339314
${DATA_ROOT}/clips/f8b12804a39321d87459.wav,spoof,hi-en,541916,mucs2021,xtts_v2,channel_g711_20db,,eval,0.002316320315003395
${DATA_ROOT}/clips/872168ffc79aed9ede17.wav,spoof,hi-en,577537,mucs2021,xtts_v2,channel_g711_20db,,eval,0.002341534709557891
${DATA_ROOT}/clips/af11531ec1c847191c66.wav,spoof,hi-en,581145,mucs2021,xtts_v2,channel_g711_20db,,eval,0.006034477613866329
${DATA_ROOT}/clips/32ebc97c5d0c3dd97560.wav,spoof,hi-en,596505,mucs2021,xtts_v2,channel_g711_20db,,eval,0.0003724835114553571
${DATA_ROOT}/clips/0d492f48daff27226806.wav,spoof,hi-en,945728,mucs2021,xtts_v2,channel_g711_20db,,eval,0.00056162488181144
${DATA_ROOT}/clips/3b503e7d88a3cfa77efd.wav,spoof,hi-en,976811,mucs2021,xtts_v2,channel_g711_20db,,eval,0.024842826649546623
${DATA_ROOT}/clips/65110ea96bd058757ac3.wav,spoof,hi-en,111627,mucs2021,xtts_v2,channel_g711_20db,,eval,0.00023440518998540938
${DATA_ROOT}/clips/1af4e200c02462c32ec9.wav,spoof,hi-en,121073,mucs2021,xtts_v2,channel_g711_20db,,eval,0.003038577502593398
${DATA_ROOT}/clips/14271426c3ba96d30a93.wav,spoof,hi-en,136325,mucs2021,xtts_v2,channel_g711_20db,,eval,0.10205800086259842
${DATA_ROOT}/clips/67b3bc4f8d4901f54667.wav,spoof,hi-en,146859,mucs2021,xtts_v2,channel_g711_20db,,eval,0.00022718087711837143
${DATA_ROOT}/clips/27afe0decc4c74860d29.wav,spoof,hi-en,165325,mucs2021,xtts_v2,channel_g711_20db,,eval,0.00021192697749938816
${DATA_ROOT}/clips/feb170d61f95ef17aaa6.wav,spoof,hi-en,175522,mucs2021,xtts_v2,channel_g711_20db,,eval,0.0021738572977483273
${DATA_ROOT}/clips/98909103be33cce1fe8f.wav,spoof,hi-en,232748,mucs2021,xtts_v2,channel_g711_20db,,eval,0.0004271400975994766
${DATA_ROOT}/clips/d630e94e8e41efe17e46.wav,spoof,hi-en,238121,mucs2021,xtts_v2,channel_g711_20db,,eval,0.0007756607374176383
${DATA_ROOT}/clips/923b601bef7e72c457c8.wav,spoof,hi-en,386410,mucs2021,xtts_v2,channel_g711_20db,,eval,0.0015600661281496286
${DATA_ROOT}/clips/c062cbd03c18a61329f0.wav,spoof,hi-en,541916,mucs2021,xtts_v2,channel_g711_20db,,eval,0.0003998381143901497
${DATA_ROOT}/clips/22365de51c29d4e949d5.wav,spoof,hi-en,577537,mucs2021,xtts_v2,channel_g711_20db,,eval,0.15004700422286987
${DATA_ROOT}/clips/10cc0c0dddfe0e2eba2c.wav,spoof,hi-en,581145,mucs2021,xtts_v2,channel_g711_20db,,eval,0.0013906843960285187
${DATA_ROOT}/clips/7eaf4a13a47cccff9f2c.wav,spoof,hi-en,596505,mucs2021,xtts_v2,channel_g711_20db,,eval,0.0009918507421389222
${DATA_ROOT}/clips/e67f0ce28d9144f08542.wav,spoof,hi-en,945728,mucs2021,xtts_v2,channel_g711_20db,,eval,0.00804609153419733
${DATA_ROOT}/clips/b3b27a288e2fc259cd08.wav,spoof,hi-en,976811,mucs2021,xtts_v2,channel_g711_20db,,eval,0.004774950910359621
${DATA_ROOT}/clips/e34a31a2081bd7ab7e90.wav,spoof,hi-en,111627,mucs2021,xtts_v2,channel_g711_20db,,eval,0.0006274520419538021
${DATA_ROOT}/clips/f39a0301c8f33dbcffc5.wav,spoof,hi-en,121073,mucs2021,xtts_v2,channel_g711_20db,,eval,0.00039062733412720263
${DATA_ROOT}/clips/cf1f1d08531e37859a96.wav,spoof,hi-en,136325,mucs2021,xtts_v2,channel_g711_20db,,eval,0.0002602904278319329
${DATA_ROOT}/clips/1e3d81d8332a202be970.wav,spoof,hi-en,146859,mucs2021,xtts_v2,channel_g711_20db,,eval,0.0006343424320220947
${DATA_ROOT}/clips/f831a24ec482eac67178.wav,spoof,hi-en,165325,mucs2021,xtts_v2,channel_g711_20db,,eval,0.0004160855314694345
${DATA_ROOT}/clips/7ae81056445c4fbcb43b.wav,spoof,hi-en,175522,mucs2021,xtts_v2,channel_g711_20db,,eval,0.0055425819009542465
${DATA_ROOT}/clips/509f05f3baeb42f7bf9c.wav,spoof,hi-en,232748,mucs2021,xtts_v2,channel_g711_20db,,eval,0.0017657141434028745
${DATA_ROOT}/clips/15e10fc0c5f0c9d9421d.wav,spoof,hi-en,238121,mucs2021,xtts_v2,channel_g711_20db,,eval,0.000479239912237972
${DATA_ROOT}/clips/043404e47e117c6e50fe.wav,spoof,hi-en,386410,mucs2021,xtts_v2,channel_g711_20db,,eval,0.0007043915684334934
${DATA_ROOT}/clips/87c0841732058d0d7792.wav,spoof,hi-en,541916,mucs2021,xtts_v2,channel_g711_20db,,eval,0.00024309397849719971
${DATA_ROOT}/clips/74b31272864dfe93f93d.wav,spoof,hi-en,577537,mucs2021,xtts_v2,channel_g711_20db,,eval,0.007296885829418898
${DATA_ROOT}/clips/869ecf038c8cca441761.wav,spoof,hi-en,581145,mucs2021,xtts_v2,channel_g711_20db,,eval,0.006266789976507425
${DATA_ROOT}/clips/eb6efcb38250513c2e5d.wav,spoof,hi-en,596505,mucs2021,xtts_v2,channel_g711_20db,,eval,0.002380920806899667
${DATA_ROOT}/clips/37cef0c61acce14f2f91.wav,spoof,hi-en,945728,mucs2021,xtts_v2,channel_g711_20db,,eval,0.01924450881779194
${DATA_ROOT}/clips/ec027d350078b5e862ab.wav,spoof,hi-en,976811,mucs2021,xtts_v2,channel_g711_20db,,eval,0.8037870526313782
${DATA_ROOT}/clips/2dfb4768d38a8fcaf958.wav,spoof,hi-en,111627,mucs2021,xtts_v2,channel_g711_20db,,eval,0.00022631738102063537
${DATA_ROOT}/clips/9581560da57ca5be3c84.wav,spoof,hi-en,121073,mucs2021,xtts_v2,channel_g711_20db,,eval,0.001961932284757495
${DATA_ROOT}/clips/0560328e000fcddae201.wav,spoof,hi-en,136325,mucs2021,xtts_v2,channel_g711_20db,,eval,0.958482027053833
${DATA_ROOT}/clips/b35f45d389ef1af247cd.wav,spoof,hi-en,146859,mucs2021,xtts_v2,channel_g711_20db,,eval,0.878845751285553
${DATA_ROOT}/clips/f48a843d87af42da9596.wav,spoof,hi-en,165325,mucs2021,xtts_v2,channel_g711_20db,,eval,0.00033610567334108055
${DATA_ROOT}/clips/9a63d314f5bd3ac58a47.wav,spoof,hi-en,175522,mucs2021,xtts_v2,channel_g711_20db,,eval,0.00036470621125772595
${DATA_ROOT}/clips/375d58f541be0ebe3769.wav,spoof,hi-en,232748,mucs2021,xtts_v2,channel_g711_20db,,eval,0.001445544301532209
${DATA_ROOT}/clips/003a7eae97b8d67421da.wav,spoof,hi-en,238121,mucs2021,xtts_v2,channel_g711_20db,,eval,0.008037827908992767
${DATA_ROOT}/clips/5673f5ddd3db0a7a5392.wav,spoof,hi-en,386410,mucs2021,xtts_v2,channel_g711_20db,,eval,0.0006165151717141271
${DATA_ROOT}/clips/078dc5b3da671edb5817.wav,spoof,hi-en,541916,mucs2021,xtts_v2,channel_g711_20db,,eval,0.0002639988961163908
${DATA_ROOT}/clips/bab1d01ab69abe0bb0d4.wav,spoof,hi-en,577537,mucs2021,xtts_v2,channel_g711_20db,,eval,0.00927670393139124
${DATA_ROOT}/clips/4f7eceb48daee6c3b2b3.wav,spoof,hi-en,581145,mucs2021,xtts_v2,channel_g711_20db,,eval,0.0004984423285350204
${DATA_ROOT}/clips/c9ea148849b52abe0a6a.wav,spoof,hi-en,596505,mucs2021,xtts_v2,channel_g711_20db,,eval,0.004360458813607693
${DATA_ROOT}/clips/0e967e2274d191fbcec7.wav,spoof,hi-en,945728,mucs2021,xtts_v2,channel_g711_20db,,eval,0.0007464670925401151
${DATA_ROOT}/clips/a03415514eb70c61ce00.wav,spoof,hi-en,976811,mucs2021,xtts_v2,channel_g711_20db,,eval,0.8253165483474731
${DATA_ROOT}/clips/b5e7ef984d429c1ea161.wav,spoof,hi-en,111627,mucs2021,xtts_v2,channel_g711_20db,,eval,0.0002891434996854514
${DATA_ROOT}/clips/cb9d749d2ae8eb94741f.wav,spoof,hi-en,121073,mucs2021,xtts_v2,channel_g711_20db,,eval,0.00024762609973549843
${DATA_ROOT}/clips/ee6560c4c11f533a42c3.wav,spoof,hi-en,136325,mucs2021,xtts_v2,channel_g711_20db,,eval,0.01896931231021881
${DATA_ROOT}/clips/c10cafdc69c8ab5b44c0.wav,spoof,hi-en,146859,mucs2021,xtts_v2,channel_g711_20db,,eval,0.00024529790971428156
${DATA_ROOT}/clips/4bb296ea4477a78bce83.wav,spoof,hi-en,165325,mucs2021,xtts_v2,channel_g711_20db,,eval,0.00029347941745072603
${DATA_ROOT}/clips/8f85c132c0816fee8ba9.wav,spoof,hi-en,175522,mucs2021,xtts_v2,channel_g711_20db,,eval,0.008199208416044712
${DATA_ROOT}/clips/19259a40d64b4a8d207a.wav,spoof,hi-en,232748,mucs2021,xtts_v2,channel_g711_20db,,eval,0.009608527645468712
${DATA_ROOT}/clips/8a9d5811a2146130a966.wav,spoof,hi-en,238121,mucs2021,xtts_v2,channel_g711_20db,,eval,0.0002912264608312398
${DATA_ROOT}/clips/0d574772bbb5a2547c06.wav,spoof,hi-en,386410,mucs2021,xtts_v2,channel_g711_20db,,eval,0.0015334001509472728
${DATA_ROOT}/clips/aaf5f9aa8f3313674202.wav,spoof,hi-en,541916,mucs2021,xtts_v2,channel_g711_20db,,eval,0.00023354899894911796
${DATA_ROOT}/clips/6d7a0fa1ccf45b751e71.wav,spoof,hi-en,577537,mucs2021,xtts_v2,channel_g711_20db,,eval,0.0015131558757275343
${DATA_ROOT}/clips/6913a9b59441b2722c27.wav,spoof,hi-en,581145,mucs2021,xtts_v2,channel_g711_20db,,eval,0.00513143464922905
${DATA_ROOT}/clips/65d1b9c4ca99e8299339.wav,spoof,hi-en,596505,mucs2021,xtts_v2,channel_g711_20db,,eval,0.002923070453107357
${DATA_ROOT}/clips/33ac09a912f62a4835b0.wav,spoof,hi-en,945728,mucs2021,xtts_v2,channel_g711_20db,,eval,0.0006297766231000423
${DATA_ROOT}/clips/2fd7d61f5acc3640a830.wav,spoof,hi-en,976811,mucs2021,xtts_v2,channel_g711_20db,,eval,0.12399142980575562
${DATA_ROOT}/clips/6582b239948ea7405236.wav,spoof,hi-en,111627,mucs2021,xtts_v2,channel_g711_20db,,eval,0.0008121418068185449
${DATA_ROOT}/clips/69fcc1b226ba9208ec59.wav,spoof,hi-en,121073,mucs2021,xtts_v2,channel_g711_20db,,eval,0.0007041858625598252
${DATA_ROOT}/clips/799829069e90740ecc61.wav,spoof,hi-en,136325,mucs2021,xtts_v2,channel_g711_20db,,eval,0.9903788566589355
${DATA_ROOT}/clips/b861f874b26a2333696c.wav,spoof,hi-en,146859,mucs2021,xtts_v2,channel_g711_20db,,eval,0.0002492453786544502
${DATA_ROOT}/clips/74b2b3daf8f275871797.wav,spoof,hi-en,165325,mucs2021,xtts_v2,channel_g711_20db,,eval,0.00034059392055496573
${DATA_ROOT}/clips/bcd02a68a1265361feb9.wav,spoof,hi-en,175522,mucs2021,xtts_v2,channel_g711_20db,,eval,0.00024186960945371538
${DATA_ROOT}/clips/01ac56b8c9a112f217c9.wav,spoof,hi-en,232748,mucs2021,xtts_v2,channel_g711_20db,,eval,0.0034716837108135223
${DATA_ROOT}/clips/cc39ea94da2e8b3d1faa.wav,spoof,hi-en,238121,mucs2021,xtts_v2,channel_g711_20db,,eval,0.004501895979046822
${DATA_ROOT}/clips/3d1bbc777f5e02dc833e.wav,spoof,hi-en,386410,mucs2021,xtts_v2,channel_g711_20db,,eval,0.0022165109403431416
${DATA_ROOT}/clips/ddde14cda424c044b308.wav,spoof,hi-en,541916,mucs2021,xtts_v2,channel_g711_20db,,eval,0.00025945145171135664
${DATA_ROOT}/clips/068e9ec1f0e688bf5bf4.wav,spoof,hi-en,577537,mucs2021,xtts_v2,channel_g711_20db,,eval,0.0030409139581024647
${DATA_ROOT}/clips/c50301ba385b7e23a706.wav,spoof,hi-en,581145,mucs2021,xtts_v2,channel_g711_20db,,eval,0.0033986223861575127
${DATA_ROOT}/clips/7d21e319a80cc5001c76.wav,spoof,hi-en,596505,mucs2021,xtts_v2,channel_g711_20db,,eval,0.0018615882145240903
${DATA_ROOT}/clips/b43cad795c2f1633ae33.wav,spoof,hi-en,945728,mucs2021,xtts_v2,channel_g711_20db,,eval,0.0017794221639633179
${DATA_ROOT}/clips/b930aae7e6e79563abd2.wav,spoof,hi-en,976811,mucs2021,xtts_v2,channel_g711_20db,,eval,0.5348211526870728
${DATA_ROOT}/clips/d95824090ce8174fc756.wav,spoof,hi-en,111627,mucs2021,xtts_v2,channel_g711_20db,,eval,0.005863803438842297
${DATA_ROOT}/clips/3ac3fca0ddc9daae84e1.wav,spoof,hi-en,121073,mucs2021,xtts_v2,channel_g711_20db,,eval,0.00037648750003427267
${DATA_ROOT}/clips/687f985a266cd3064f21.wav,spoof,hi-en,136325,mucs2021,xtts_v2,channel_g711_20db,,eval,0.9900360107421875
${DATA_ROOT}/clips/c99b3ff8cfeffbe7c189.wav,spoof,hi-en,146859,mucs2021,xtts_v2,channel_g711_20db,,eval,0.0064948322251439095
${DATA_ROOT}/clips/ced8a55627bee5db1bbe.wav,spoof,hi-en,165325,mucs2021,xtts_v2,channel_g711_20db,,eval,0.0006446759216487408
${DATA_ROOT}/clips/38d73028c1b6a4e04bbd.wav,spoof,hi-en,175522,mucs2021,xtts_v2,channel_g711_20db,,eval,0.005533784162253141
${DATA_ROOT}/clips/5eef72cfad2fd3d6eac0.wav,spoof,hi-en,232748,mucs2021,xtts_v2,channel_g711_20db,,eval,0.008533197455108166
${DATA_ROOT}/clips/8c9b082f1fd8343b9332.wav,spoof,hi-en,238121,mucs2021,xtts_v2,channel_g711_20db,,eval,0.0006837144028395414
${DATA_ROOT}/clips/85e5e697df383cec0902.wav,spoof,hi-en,386410,mucs2021,xtts_v2,channel_g711_20db,,eval,0.0004007997631561011
${DATA_ROOT}/clips/8f0475376337d544f104.wav,spoof,hi-en,541916,mucs2021,xtts_v2,channel_g711_20db,,eval,0.00023339451581705362
${DATA_ROOT}/clips/32d3cf2e863a50e5aa33.wav,spoof,hi-en,577537,mucs2021,xtts_v2,channel_g711_20db,,eval,0.029808631166815758
${DATA_ROOT}/clips/f42835c4078d1bd375e9.wav,spoof,hi-en,581145,mucs2021,xtts_v2,channel_g711_20db,,eval,0.016584916040301323
${DATA_ROOT}/clips/2fe77879cb51a84686c6.wav,spoof,hi-en,596505,mucs2021,xtts_v2,channel_g711_20db,,eval,0.0016722677974030375
${DATA_ROOT}/clips/f298929dde02141db8ec.wav,spoof,hi-en,945728,mucs2021,xtts_v2,channel_g711_20db,,eval,0.00047004796215333045
${DATA_ROOT}/clips/e37450a7955b36b57627.wav,spoof,hi-en,976811,mucs2021,xtts_v2,channel_g711_20db,,eval,0.9975792765617371
${DATA_ROOT}/clips/376cc9058a681b1cc490.wav,spoof,hi-en,111627,mucs2021,xtts_v2,channel_g711_20db,,eval,0.0009131503757089376
${DATA_ROOT}/clips/4d548e8c8ff1edfe145e.wav,spoof,hi-en,121073,mucs2021,xtts_v2,channel_g711_20db,,eval,0.00024524040054529905
${DATA_ROOT}/clips/ae2bbcaf121a0c48a873.wav,spoof,hi-en,136325,mucs2021,xtts_v2,channel_g711_20db,,eval,0.9888417720794678
${DATA_ROOT}/clips/49e3a1cfacf64f9c331a.wav,spoof,hi-en,146859,mucs2021,xtts_v2,channel_g711_20db,,eval,0.00023575765953864902
${DATA_ROOT}/clips/f4e433f2036b7a9df55b.wav,spoof,hi-en,165325,mucs2021,xtts_v2,channel_g711_20db,,eval,0.0020874952897429466
${DATA_ROOT}/clips/279569e6eb8a8655c1d1.wav,spoof,hi-en,175522,mucs2021,xtts_v2,channel_g711_20db,,eval,0.00033647415693849325
${DATA_ROOT}/clips/ded37efeffb19704af82.wav,spoof,hi-en,232748,mucs2021,xtts_v2,channel_g711_20db,,eval,0.008320719003677368
${DATA_ROOT}/clips/ac87dcf825868e32c891.wav,spoof,hi-en,238121,mucs2021,xtts_v2,channel_g711_20db,,eval,0.0024065375328063965
${DATA_ROOT}/clips/04071d3f59ddbc886ab9.wav,spoof,hi-en,386410,mucs2021,xtts_v2,channel_g711_20db,,eval,0.0007927616243250668
${DATA_ROOT}/clips/bcb1a1747647eabc1333.wav,spoof,hi-en,541916,mucs2021,xtts_v2,channel_g711_20db,,eval,0.0002386818523518741
${DATA_ROOT}/clips/ab165c5ad80a9d2d18e1.wav,spoof,hi-en,577537,mucs2021,xtts_v2,channel_g711_20db,,eval,0.005272165406495333
${DATA_ROOT}/clips/672ff777d999c0664a52.wav,spoof,hi-en,581145,mucs2021,xtts_v2,channel_g711_20db,,eval,0.0003792512870859355
${DATA_ROOT}/clips/67297c5aa5cd502ad40b.wav,spoof,hi-en,596505,mucs2021,xtts_v2,channel_g711_20db,,eval,0.0005366706755012274
${DATA_ROOT}/clips/e079d5cb78d276462b67.wav,spoof,hi-en,945728,mucs2021,xtts_v2,channel_g711_20db,,eval,0.00031971524003893137
${DATA_ROOT}/clips/55423a7010f1923c64b2.wav,spoof,hi-en,976811,mucs2021,xtts_v2,channel_g711_20db,,eval,0.22021159529685974
${DATA_ROOT}/clips/9d6fc0171b5e0eedfd15.wav,spoof,hi-en,111627,mucs2021,xtts_v2,channel_g711_20db,,eval,0.000554517435375601
${DATA_ROOT}/clips/61b1fe5cff2d78fe6264.wav,spoof,hi-en,121073,mucs2021,xtts_v2,channel_g711_20db,,eval,0.0020043461117893457
${DATA_ROOT}/clips/6382478aaaed8a9e1bfb.wav,spoof,hi-en,136325,mucs2021,xtts_v2,channel_g711_20db,,eval,0.002167117316275835
${DATA_ROOT}/clips/ff93bed91e224330d3d5.wav,spoof,hi-en,146859,mucs2021,xtts_v2,channel_g711_20db,,eval,0.000669753469992429
${DATA_ROOT}/clips/072c3e28f3ca31a2741d.wav,spoof,hi-en,165325,mucs2021,xtts_v2,channel_g711_20db,,eval,0.21804794669151306
${DATA_ROOT}/clips/70b9826e1d7403fa3498.wav,spoof,hi-en,175522,mucs2021,xtts_v2,channel_g711_20db,,eval,0.0014210958033800125
${DATA_ROOT}/clips/b5162b6db698d564acf0.wav,spoof,hi-en,232748,mucs2021,xtts_v2,channel_g711_20db,,eval,0.007007553707808256
${DATA_ROOT}/clips/2309693c43dee0d8bb2e.wav,spoof,hi-en,238121,mucs2021,xtts_v2,channel_g711_20db,,eval,0.008087240159511566
${DATA_ROOT}/clips/45eae9ad690276ab684a.wav,spoof,hi-en,386410,mucs2021,xtts_v2,channel_g711_20db,,eval,0.0033820890821516514
${DATA_ROOT}/clips/1bbe43440499cfe3816c.wav,spoof,hi-en,541916,mucs2021,xtts_v2,channel_g711_20db,,eval,0.00028002989711239934
${DATA_ROOT}/clips/af75225a1a9ca9a9d7e4.wav,spoof,hi-en,577537,mucs2021,xtts_v2,channel_g711_20db,,eval,0.005888457875698805
${DATA_ROOT}/clips/fcf6b95a5712319b0e1b.wav,spoof,hi-en,581145,mucs2021,xtts_v2,channel_g711_20db,,eval,0.002390792593359947
${DATA_ROOT}/clips/255a5723bcf90e74d191.wav,spoof,hi-en,596505,mucs2021,xtts_v2,channel_g711_20db,,eval,0.0012675027828663588
${DATA_ROOT}/clips/7b0d69030f4a36a6b95f.wav,spoof,hi-en,945728,mucs2021,xtts_v2,channel_g711_20db,,eval,0.0008157693082466722
${DATA_ROOT}/clips/2ff4ebd60cf030512e02.wav,spoof,hi-en,976811,mucs2021,xtts_v2,channel_g711_20db,,eval,0.0403059683740139
${DATA_ROOT}/clips/c0d811e042b723f8bff6.wav,spoof,hi-en,111627,mucs2021,xtts_v2,channel_g711_20db,,eval,0.00029750342946499586
${DATA_ROOT}/clips/108c5335f86df31f67a8.wav,spoof,hi-en,121073,mucs2021,xtts_v2,channel_g711_20db,,eval,0.0010774137917906046
${DATA_ROOT}/clips/199c239b24938066884d.wav,spoof,hi-en,136325,mucs2021,xtts_v2,channel_g711_20db,,eval,0.9873381853103638
${DATA_ROOT}/clips/fa52f7a1c7f3586aac29.wav,spoof,hi-en,146859,mucs2021,xtts_v2,channel_g711_20db,,eval,0.0002702180645428598
${DATA_ROOT}/clips/9cf30635e95dece1b8b3.wav,spoof,hi-en,165325,mucs2021,xtts_v2,channel_g711_20db,,eval,0.00024294431204907596
${DATA_ROOT}/clips/fa4f8a8f2c20289f0224.wav,spoof,hi-en,175522,mucs2021,xtts_v2,channel_g711_20db,,eval,0.0011055582435801625
${DATA_ROOT}/clips/c4384c7c0a6db9bc58cc.wav,spoof,hi-en,232748,mucs2021,xtts_v2,channel_g711_20db,,eval,0.0014492209302261472
${DATA_ROOT}/clips/d914cad267b829856a34.wav,spoof,hi-en,238121,mucs2021,xtts_v2,channel_g711_20db,,eval,0.00021855106751900166
${DATA_ROOT}/clips/69f2b778a2907c94cf88.wav,spoof,hi-en,386410,mucs2021,xtts_v2,channel_g711_20db,,eval,0.00046805854071862996
${DATA_ROOT}/clips/b99f36672460e7cc7882.wav,spoof,hi-en,541916,mucs2021,xtts_v2,channel_g711_20db,,eval,0.0015387478051707149
${DATA_ROOT}/clips/af26001cc31f179f1a15.wav,spoof,hi-en,577537,mucs2021,xtts_v2,channel_g711_20db,,eval,0.001741162734106183
${DATA_ROOT}/clips/975f86c248a93f19a235.wav,spoof,hi-en,581145,mucs2021,xtts_v2,channel_g711_20db,,eval,0.002131558721885085
${DATA_ROOT}/clips/e91c27bf68e6e51a23cc.wav,spoof,hi-en,596505,mucs2021,xtts_v2,channel_g711_20db,,eval,0.0043305521830916405
${DATA_ROOT}/clips/a200eb5cdcb636598010.wav,spoof,hi-en,945728,mucs2021,xtts_v2,channel_g711_20db,,eval,0.00036932388320565224
${DATA_ROOT}/clips/3a9f83ac4216dea86ca6.wav,spoof,hi-en,976811,mucs2021,xtts_v2,channel_g711_20db,,eval,0.3377702832221985
${DATA_ROOT}/clips/d67fde2acb662ae5bf8a.wav,spoof,hi-en,111627,mucs2021,xtts_v2,channel_g711_20db,,eval,0.00022371564409695566
${DATA_ROOT}/clips/853ea171a512277227c9.wav,spoof,hi-en,121073,mucs2021,xtts_v2,channel_g711_20db,,eval,0.001255370327271521
${DATA_ROOT}/clips/0e981cada00d48b60f6f.wav,spoof,hi-en,136325,mucs2021,xtts_v2,channel_g711_20db,,eval,0.00040375301614403725
${DATA_ROOT}/clips/5c6741435561ff5fe6ac.wav,spoof,hi-en,146859,mucs2021,xtts_v2,channel_g711_20db,,eval,0.0007782410830259323
${DATA_ROOT}/clips/e0d198e74fa03066cc49.wav,spoof,hi-en,165325,mucs2021,xtts_v2,channel_g711_20db,,eval,0.0014427263522520661
${DATA_ROOT}/clips/a4683a133b4ae116a249.wav,spoof,hi-en,175522,mucs2021,xtts_v2,channel_g711_20db,,eval,0.0059592039324343204
${DATA_ROOT}/clips/e5b46f0731070ffd1279.wav,spoof,hi-en,232748,mucs2021,xtts_v2,channel_g711_20db,,eval,0.009343254379928112
${DATA_ROOT}/clips/6abfe7ab58822f87119f.wav,spoof,hi-en,238121,mucs2021,xtts_v2,channel_g711_20db,,eval,0.0007200930849649012
${DATA_ROOT}/clips/74b79d71256598e35403.wav,spoof,hi-en,386410,mucs2021,xtts_v2,channel_g711_20db,,eval,0.003814323805272579
${DATA_ROOT}/clips/19d04831f050d35b5485.wav,spoof,hi-en,541916,mucs2021,xtts_v2,channel_g711_20db,,eval,0.0002544422459322959
${DATA_ROOT}/clips/26f0e7517f333788d639.wav,spoof,hi-en,577537,mucs2021,xtts_v2,channel_g711_20db,,eval,0.0002960355777759105
${DATA_ROOT}/clips/812323498ac45da85eae.wav,spoof,hi-en,581145,mucs2021,xtts_v2,channel_g711_20db,,eval,0.005516188219189644
${DATA_ROOT}/clips/5e097a42056ff05ede6c.wav,spoof,hi-en,596505,mucs2021,xtts_v2,channel_g711_20db,,eval,0.0032810422126203775
${DATA_ROOT}/clips/b702a7add349204e3c8d.wav,spoof,hi-en,945728,mucs2021,xtts_v2,channel_g711_20db,,eval,0.000536805484443903
${DATA_ROOT}/clips/5a702c4f619770e2f1fb.wav,spoof,hi-en,976811,mucs2021,xtts_v2,channel_g711_20db,,eval,0.9642850756645203
${DATA_ROOT}/clips/7f473f4bed6869017870.wav,spoof,hi-en,111627,mucs2021,xtts_v2,channel_g711_20db,,eval,0.00023117756063584238
${DATA_ROOT}/clips/de33e5a01717182d1919.wav,spoof,hi-en,121073,mucs2021,xtts_v2,channel_g711_20db,,eval,0.003002423793077469
${DATA_ROOT}/clips/42b294b2e79829429912.wav,spoof,hi-en,136325,mucs2021,xtts_v2,channel_g711_20db,,eval,0.12565216422080994
${DATA_ROOT}/clips/596511e278ad3ec49f49.wav,spoof,hi-en,146859,mucs2021,xtts_v2,channel_g711_20db,,eval,0.5682787299156189
${DATA_ROOT}/clips/facb3672f8c56884842f.wav,spoof,hi-en,165325,mucs2021,xtts_v2,channel_g711_20db,,eval,0.0017682774923741817
${DATA_ROOT}/clips/071520a469182c4b73e9.wav,spoof,hi-en,175522,mucs2021,xtts_v2,channel_g711_20db,,eval,0.0026824523229151964
${DATA_ROOT}/clips/9bcd2ee8a08a84309513.wav,spoof,hi-en,232748,mucs2021,xtts_v2,channel_g711_20db,,eval,0.0006558450986631215
${DATA_ROOT}/clips/8d437a19b1480df22f21.wav,spoof,hi-en,238121,mucs2021,xtts_v2,channel_g711_20db,,eval,0.00029683648608624935
${DATA_ROOT}/clips/daf3ffc16d838a1a84bb.wav,spoof,hi-en,386410,mucs2021,xtts_v2,channel_g711_20db,,eval,0.0002892563061323017
${DATA_ROOT}/clips/4409e704c389c0050f25.wav,spoof,hi-en,541916,mucs2021,xtts_v2,channel_g711_20db,,eval,0.000872114091180265
${DATA_ROOT}/clips/6846be865260741b6b2b.wav,spoof,hi-en,577537,mucs2021,xtts_v2,channel_g711_20db,,eval,0.0006082570180296898
${DATA_ROOT}/clips/e0ec798a71aebbd17262.wav,spoof,hi-en,581145,mucs2021,xtts_v2,channel_g711_20db,,eval,0.001528228516690433
${DATA_ROOT}/clips/8d8ba0f8a4117f0ef3d6.wav,spoof,hi-en,596505,mucs2021,xtts_v2,channel_g711_20db,,eval,0.0009725120035000145
${DATA_ROOT}/clips/a2727a12bb0326e46cfc.wav,spoof,hi-en,945728,mucs2021,xtts_v2,channel_g711_20db,,eval,0.001109806471504271
${DATA_ROOT}/clips/68f422e380075901eb56.wav,spoof,hi-en,976811,mucs2021,xtts_v2,channel_g711_20db,,eval,0.997576892375946
${DATA_ROOT}/clips/91b11d588f8d594096fa.wav,spoof,hi-en,111627,mucs2021,xtts_v2,channel_g711_20db,,eval,0.0015182147035375237
${DATA_ROOT}/clips/5352ff8ad54f9be98312.wav,spoof,hi-en,121073,mucs2021,xtts_v2,channel_g711_20db,,eval,0.002467818558216095
${DATA_ROOT}/clips/7351b79b5b44c5686bfb.wav,spoof,hi-en,136325,mucs2021,xtts_v2,channel_g711_20db,,eval,0.9978572726249695
${DATA_ROOT}/clips/a6a9df28fe6d423d7234.wav,spoof,hi-en,146859,mucs2021,xtts_v2,channel_g711_20db,,eval,0.0002525835589040071
${DATA_ROOT}/clips/b9486621e5e531557306.wav,spoof,hi-en,165325,mucs2021,xtts_v2,channel_g711_20db,,eval,0.0007395697757601738
${DATA_ROOT}/clips/9406274e31e20bd3bb31.wav,spoof,hi-en,175522,mucs2021,xtts_v2,channel_g711_20db,,eval,0.0021104610059410334
${DATA_ROOT}/clips/af218d0e7ff686472330.wav,spoof,hi-en,232748,mucs2021,xtts_v2,channel_g711_20db,,eval,0.0002349964197492227
${DATA_ROOT}/clips/6eb31cccd8dbca027846.wav,spoof,hi-en,238121,mucs2021,xtts_v2,channel_g711_20db,,eval,0.0002806558914016932
${DATA_ROOT}/clips/8a977126f437fb2655de.wav,spoof,hi-en,386410,mucs2021,xtts_v2,channel_g711_20db,,eval,0.00021705712424591184
${DATA_ROOT}/clips/a56ccf3d0da39081f277.wav,spoof,hi-en,541916,mucs2021,xtts_v2,channel_g711_20db,,eval,0.00024633522843942046
${DATA_ROOT}/clips/a1794a1dfa93b6681f1b.wav,spoof,hi-en,577537,mucs2021,xtts_v2,channel_g711_20db,,eval,0.004403294995427132
${DATA_ROOT}/clips/dc0e6b6f0f4bb4b506ad.wav,spoof,hi-en,581145,mucs2021,xtts_v2,channel_g711_20db,,eval,0.006683188956230879
${DATA_ROOT}/clips/6c372ee2f82d4b1f7b25.wav,spoof,hi-en,596505,mucs2021,xtts_v2,channel_g711_20db,,eval,0.0003234275500290096
${DATA_ROOT}/clips/a8a5158e25e44df1903b.wav,spoof,hi-en,945728,mucs2021,xtts_v2,channel_g711_20db,,eval,0.0003999292093794793
${DATA_ROOT}/clips/2a09683295b85114c515.wav,spoof,hi-en,976811,mucs2021,xtts_v2,channel_g711_20db,,eval,0.002904437715187669
${DATA_ROOT}/clips/dbb9dbc97335396602a0.wav,spoof,hi-en,111627,mucs2021,xtts_v2,channel_g711_20db,,eval,0.00026022069505415857
${DATA_ROOT}/clips/69f7d5e8dc6fe6455b76.wav,spoof,hi-en,121073,mucs2021,xtts_v2,channel_g711_20db,,eval,0.009459427557885647
${DATA_ROOT}/clips/a10bf8284c0d41ff307e.wav,spoof,hi-en,136325,mucs2021,xtts_v2,channel_g711_20db,,eval,0.0011226005153730512
${DATA_ROOT}/clips/d0c574836d88f08c8f4e.wav,spoof,hi-en,146859,mucs2021,xtts_v2,channel_g711_20db,,eval,0.00028466852381825447
${DATA_ROOT}/clips/11d46228fd25885777dd.wav,spoof,hi-en,165325,mucs2021,xtts_v2,channel_g711_20db,,eval,0.002929466310888529
${DATA_ROOT}/clips/d9df9e03ed035d4b45ea.wav,spoof,hi-en,175522,mucs2021,xtts_v2,channel_g711_20db,,eval,0.001170071423985064
${DATA_ROOT}/clips/8d3115e148c8b0ccb2d1.wav,spoof,hi-en,232748,mucs2021,xtts_v2,channel_g711_20db,,eval,0.003810285124927759
${DATA_ROOT}/clips/65a12a74d81e939a6d84.wav,spoof,hi-en,238121,mucs2021,xtts_v2,channel_g711_20db,,eval,0.00044354351121000946
${DATA_ROOT}/clips/f79260a1a045c03b2900.wav,spoof,hi-en,386410,mucs2021,xtts_v2,channel_g711_20db,,eval,0.00029850180726498365
${DATA_ROOT}/clips/184f023c36b859375afc.wav,spoof,hi-en,541916,mucs2021,xtts_v2,channel_g711_20db,,eval,0.00024413177743554115
${DATA_ROOT}/clips/7147b42e35a604bef298.wav,spoof,hi-en,577537,mucs2021,xtts_v2,channel_g711_20db,,eval,0.0010757114505395293
${DATA_ROOT}/clips/29ce09f1f14fb901de5f.wav,spoof,hi-en,581145,mucs2021,xtts_v2,channel_g711_20db,,eval,0.0006761166150681674
${DATA_ROOT}/clips/0a6b605c121bbf5a8a65.wav,spoof,hi-en,596505,mucs2021,xtts_v2,channel_g711_20db,,eval,0.0008597292471677065
${DATA_ROOT}/clips/cf02e01e551e6296f5d5.wav,spoof,hi-en,945728,mucs2021,xtts_v2,channel_g711_20db,,eval,0.00037182646337896585
${DATA_ROOT}/clips/359f7dddc06ec2d00e74.wav,spoof,hi-en,976811,mucs2021,xtts_v2,channel_g711_20db,,eval,0.9575219750404358
${DATA_ROOT}/clips/bc34eda7fa573a1fe981.wav,spoof,hi-en,111627,mucs2021,xtts_v2,channel_g711_20db,,eval,0.00026531729963608086
${DATA_ROOT}/clips/cd14f4a038e521bc08f5.wav,spoof,hi-en,121073,mucs2021,xtts_v2,channel_g711_20db,,eval,0.00022008383530192077
${DATA_ROOT}/clips/59e1bcd318f9c1e5a3ab.wav,spoof,hi-en,136325,mucs2021,xtts_v2,channel_g711_20db,,eval,0.002990415319800377
${DATA_ROOT}/clips/fba235c0fc46d3983970.wav,spoof,hi-en,146859,mucs2021,xtts_v2,channel_g711_20db,,eval,0.0002586053451523185
${DATA_ROOT}/clips/b920db49b5c773d2c370.wav,spoof,hi-en,165325,mucs2021,xtts_v2,channel_g711_20db,,eval,0.006171608809381723
${DATA_ROOT}/clips/5f43ec94b999c509d217.wav,spoof,hi-en,175522,mucs2021,xtts_v2,channel_g711_20db,,eval,0.0028176968917250633
${DATA_ROOT}/clips/a131e2c068b006a954aa.wav,spoof,hi-en,232748,mucs2021,xtts_v2,channel_g711_20db,,eval,0.0004566170391626656
${DATA_ROOT}/clips/2c8847b8c2d4d5860509.wav,spoof,hi-en,238121,mucs2021,xtts_v2,channel_g711_20db,,eval,0.00041360047180205584
${DATA_ROOT}/clips/3db0001b9e1fa6000bbd.wav,spoof,hi-en,386410,mucs2021,xtts_v2,channel_g711_20db,,eval,0.0013781615998595953
${DATA_ROOT}/clips/cca2e2e8ea3e046094d5.wav,spoof,hi-en,541916,mucs2021,xtts_v2,channel_g711_20db,,eval,0.0003528161032591015
${DATA_ROOT}/clips/d54c3ac4dc0c6cfbd2cb.wav,spoof,hi-en,577537,mucs2021,xtts_v2,channel_g711_20db,,eval,0.0007775301928631961
${DATA_ROOT}/clips/63c0138b8687a7ea21d3.wav,spoof,hi-en,581145,mucs2021,xtts_v2,channel_g711_20db,,eval,0.009465073235332966
${DATA_ROOT}/clips/2cf500bdf429564fbd8f.wav,spoof,hi-en,596505,mucs2021,xtts_v2,channel_g711_20db,,eval,0.004613656550645828
${DATA_ROOT}/clips/669e4969cb8a6b47f1dc.wav,spoof,hi-en,945728,mucs2021,xtts_v2,channel_g711_20db,,eval,0.0052629560232162476
${DATA_ROOT}/clips/72cbce793026b7d2feba.wav,spoof,hi-en,976811,mucs2021,xtts_v2,channel_g711_20db,,eval,0.639933705329895
${DATA_ROOT}/clips/e13aaba13d7fe7d4e6ef.wav,spoof,hi-en,111627,mucs2021,xtts_v2,channel_g711_20db,,eval,0.0014411995653063059
${DATA_ROOT}/clips/f53fe56d2e880c2f8737.wav,spoof,hi-en,121073,mucs2021,xtts_v2,channel_g711_20db,,eval,0.0004388637316878885
${DATA_ROOT}/clips/dae2fde1990d9a3639df.wav,spoof,hi-en,136325,mucs2021,xtts_v2,channel_g711_20db,,eval,0.9975473284721375
${DATA_ROOT}/clips/08122b5d75ac16fa21a3.wav,spoof,hi-en,146859,mucs2021,xtts_v2,channel_g711_20db,,eval,0.00023190697538666427
${DATA_ROOT}/clips/e64dc0c6f689fc329d71.wav,spoof,hi-en,165325,mucs2021,xtts_v2,channel_g711_20db,,eval,0.0064662741497159
${DATA_ROOT}/clips/4fb670d8a93a3d325e09.wav,spoof,hi-en,175522,mucs2021,xtts_v2,channel_g711_20db,,eval,0.0007955339387990534
${DATA_ROOT}/clips/53c58ffe4d59934cd77c.wav,spoof,hi-en,232748,mucs2021,xtts_v2,channel_g711_20db,,eval,0.0010580613743513823
${DATA_ROOT}/clips/1ceba10727d48917e6b6.wav,spoof,hi-en,238121,mucs2021,xtts_v2,channel_g711_20db,,eval,0.0012349550379440188
${DATA_ROOT}/clips/caabbc0f8a459619ec83.wav,spoof,hi-en,386410,mucs2021,xtts_v2,channel_g711_20db,,eval,0.000250317039899528
${DATA_ROOT}/clips/569a7568f7349e26778e.wav,spoof,hi-en,541916,mucs2021,xtts_v2,channel_g711_20db,,eval,0.0002657134609762579
${DATA_ROOT}/clips/16046d735e6ed18c3b52.wav,spoof,hi-en,577537,mucs2021,xtts_v2,channel_g711_20db,,eval,0.0021631985437124968
${DATA_ROOT}/clips/0a4f741b87a18a21e6be.wav,spoof,hi-en,581145,mucs2021,xtts_v2,channel_g711_20db,,eval,0.000409222295274958
${DATA_ROOT}/clips/db3eb8872c88990ca317.wav,spoof,hi-en,596505,mucs2021,xtts_v2,channel_g711_20db,,eval,0.0014496026560664177
${DATA_ROOT}/clips/0dec0abee8965a5c0377.wav,spoof,hi-en,945728,mucs2021,xtts_v2,channel_g711_20db,,eval,0.00041056799818761647
${DATA_ROOT}/clips/39bca9a17271bfc02101.wav,spoof,hi-en,976811,mucs2021,xtts_v2,channel_g711_20db,,eval,0.692510724067688
${DATA_ROOT}/clips/9e67f90f15fbd1f8913b.wav,spoof,hi-en,111627,mucs2021,xtts_v2,channel_g711_20db,,eval,0.0003456092090345919
${DATA_ROOT}/clips/0ba567d576507589ccaa.wav,spoof,hi-en,121073,mucs2021,xtts_v2,channel_g711_20db,,eval,0.0012121467152610421
${DATA_ROOT}/clips/11f570e1afc54efe26ff.wav,spoof,hi-en,136325,mucs2021,xtts_v2,channel_g711_20db,,eval,0.24954508244991302
${DATA_ROOT}/clips/67aba517a65159901965.wav,spoof,hi-en,146859,mucs2021,xtts_v2,channel_g711_20db,,eval,0.00033515680115669966
${DATA_ROOT}/clips/be65cb918a3159781da0.wav,spoof,hi-en,165325,mucs2021,xtts_v2,channel_g711_20db,,eval,0.0005100731505081058
${DATA_ROOT}/clips/058ee44a02d8f4cea6d7.wav,spoof,hi-en,175522,mucs2021,xtts_v2,channel_g711_20db,,eval,0.0009647769038565457
${DATA_ROOT}/clips/f656092ec7c016543732.wav,spoof,hi-en,232748,mucs2021,xtts_v2,channel_g711_20db,,eval,0.02360318973660469
${DATA_ROOT}/clips/c44750be6ad2ef5da116.wav,spoof,hi-en,238121,mucs2021,xtts_v2,channel_g711_20db,,eval,0.0003110781544819474
${DATA_ROOT}/clips/7cdfabcc811bfd409a37.wav,spoof,hi-en,386410,mucs2021,xtts_v2,channel_g711_20db,,eval,0.0003572453570086509
${DATA_ROOT}/clips/7bae1582223d5daf44ce.wav,spoof,hi-en,541916,mucs2021,xtts_v2,channel_g711_20db,,eval,0.0003187085676472634
${DATA_ROOT}/clips/c9ac2942cfe07506e45f.wav,spoof,hi-en,577537,mucs2021,xtts_v2,channel_g711_20db,,eval,0.0027221953496336937
${DATA_ROOT}/clips/def4e8109b026c29e434.wav,spoof,hi-en,581145,mucs2021,xtts_v2,channel_g711_20db,,eval,0.001428885036148131
${DATA_ROOT}/clips/fd551d37d30db6544acb.wav,spoof,hi-en,596505,mucs2021,xtts_v2,channel_g711_20db,,eval,0.0002790938306134194
${DATA_ROOT}/clips/0a04022305ae8be05395.wav,spoof,hi-en,945728,mucs2021,xtts_v2,channel_g711_20db,,eval,0.0005914957728236914
${DATA_ROOT}/clips/6813ab92afe8ebc85eab.wav,spoof,hi-en,976811,mucs2021,xtts_v2,channel_g711_20db,,eval,0.9268008470535278
${DATA_ROOT}/clips/5fcac1bb5001c1493931.wav,spoof,hi-en,111627,mucs2021,xtts_v2,channel_g711_20db,,eval,0.0006659370847046375
${DATA_ROOT}/clips/968f14f247c4a1b182a2.wav,spoof,hi-en,121073,mucs2021,xtts_v2,channel_g711_20db,,eval,0.010467741638422012
${DATA_ROOT}/clips/742bb5e09f0869114105.wav,spoof,hi-en,136325,mucs2021,xtts_v2,channel_g711_20db,,eval,0.9327540397644043
${DATA_ROOT}/clips/4aae60e0116ccd0a4594.wav,spoof,hi-en,146859,mucs2021,xtts_v2,channel_g711_20db,,eval,0.00028280846890993416
${DATA_ROOT}/clips/0bec02ee3203c9af3db6.wav,spoof,hi-en,165325,mucs2021,xtts_v2,channel_g711_20db,,eval,0.001220409874804318
${DATA_ROOT}/clips/b6c49033976c5d6faeef.wav,spoof,hi-en,175522,mucs2021,xtts_v2,channel_g711_20db,,eval,0.007654945831745863
${DATA_ROOT}/clips/b00509b2553834657cc0.wav,spoof,hi-en,232748,mucs2021,xtts_v2,channel_g711_20db,,eval,0.00026585638988763094
${DATA_ROOT}/clips/f7ce33cc91ccf9a7084e.wav,spoof,hi-en,238121,mucs2021,xtts_v2,channel_g711_20db,,eval,0.002218516543507576
${DATA_ROOT}/clips/6dc72188a2543f9bbf38.wav,spoof,hi-en,386410,mucs2021,xtts_v2,channel_g711_20db,,eval,0.004130002576857805
${DATA_ROOT}/clips/052c31d6609502a19571.wav,spoof,hi-en,541916,mucs2021,xtts_v2,channel_g711_20db,,eval,0.16645146906375885
${DATA_ROOT}/clips/9a803297cb0ae2ed6724.wav,spoof,hi-en,577537,mucs2021,xtts_v2,channel_g711_20db,,eval,0.0062447767704725266
${DATA_ROOT}/clips/8166a6badbe9d896b435.wav,spoof,hi-en,581145,mucs2021,xtts_v2,channel_g711_20db,,eval,0.0014582298463210464
${DATA_ROOT}/clips/d456061aeaa2c9fa9ace.wav,spoof,hi-en,596505,mucs2021,xtts_v2,channel_g711_20db,,eval,0.0003770583716686815
${DATA_ROOT}/clips/742aa73c0e86b83be6ab.wav,spoof,hi-en,945728,mucs2021,xtts_v2,channel_g711_20db,,eval,0.0003206872206646949
${DATA_ROOT}/clips/3e216b0991d3aee8c836.wav,spoof,hi-en,976811,mucs2021,xtts_v2,channel_g711_20db,,eval,0.013899032026529312
${DATA_ROOT}/clips/587acc136565bef46688.wav,spoof,hi-en,111627,mucs2021,xtts_v2,channel_g711_20db,,eval,0.00023429884458892047
${DATA_ROOT}/clips/f10defdbfcd583fe9fe9.wav,spoof,hi-en,121073,mucs2021,xtts_v2,channel_g711_20db,,eval,0.00022414905834011734
${DATA_ROOT}/clips/fcc77635ad6a22501bc0.wav,spoof,hi-en,136325,mucs2021,xtts_v2,channel_g711_20db,,eval,0.08827399462461472
${DATA_ROOT}/clips/c2181756746aa516cf80.wav,spoof,hi-en,146859,mucs2021,xtts_v2,channel_g711_20db,,eval,0.9838212728500366
${DATA_ROOT}/clips/cb4cb28e6ac2d9b5a11d.wav,spoof,hi-en,165325,mucs2021,xtts_v2,channel_g711_20db,,eval,0.0003028099599760026
${DATA_ROOT}/clips/7ec2e408ab5bed496d02.wav,spoof,hi-en,175522,mucs2021,xtts_v2,channel_g711_20db,,eval,0.0012985056964680552
${DATA_ROOT}/clips/4eea7baa831e40a5e092.wav,spoof,hi-en,232748,mucs2021,xtts_v2,channel_g711_20db,,eval,0.0005128710763528943
${DATA_ROOT}/clips/504482ccbc9dfbc3d2b3.wav,spoof,hi-en,238121,mucs2021,xtts_v2,channel_g711_20db,,eval,0.0003487307403702289
${DATA_ROOT}/clips/2281f11b2b49179da577.wav,spoof,hi-en,386410,mucs2021,xtts_v2,channel_g711_20db,,eval,0.0017270540120080113
${DATA_ROOT}/clips/0e9444e1588548742a0a.wav,spoof,hi-en,541916,mucs2021,xtts_v2,channel_g711_20db,,eval,0.00022905047808308154
${DATA_ROOT}/clips/9537e152caa5ada20c37.wav,spoof,hi-en,577537,mucs2021,xtts_v2,channel_g711_20db,,eval,0.0009116129949688911
${DATA_ROOT}/clips/17d2096a1cab439dcf6c.wav,spoof,hi-en,581145,mucs2021,xtts_v2,channel_g711_20db,,eval,0.0035012417938560247
${DATA_ROOT}/clips/2258d377286197f07de0.wav,spoof,hi-en,596505,mucs2021,xtts_v2,channel_g711_20db,,eval,0.0009263189858756959
${DATA_ROOT}/clips/989f031f730a53d207ef.wav,spoof,hi-en,945728,mucs2021,xtts_v2,channel_g711_20db,,eval,0.0014200216392055154
${DATA_ROOT}/clips/78d7bebf4e4208dbf385.wav,spoof,hi-en,976811,mucs2021,xtts_v2,channel_g711_20db,,eval,0.6584675908088684
